grip,time,positions,velocities,currents
1,1791632107.2838366,"[-0.4386869999999874, -4.833236999999997, -1.3175970000000063, -0.17501400000000444, -0.6144689999999855, -4.5695639999999855, 0.0007679999999936626, -0.35079600000000255, 0.44022300000000314, -4.5695639999999855, -0.9660330000000101, 0.44022300000000314, -1.6691610000000026, 178.243716, 40.254846000000015, 25.577048999999988]","[1.0, 0.0, 1.0, 0.0, 1.0, 1.0, 1.0, 0.0, 1.0, 1.0, 1.0, 1.0, 1.0, 1.0, 0.0, 0.0]","[9.0, 32.0, 17.0, 13.0, 12.0, 29.0, -11.0, 10.0, -15.0, 30.0, 11.0, -11.0, 13.0, 16.0, -11.0, -14.0]"
1,1791632107.5048037,"[-0.8781419999999969, -4.481673000000001, -1.1418150000000082, 0.08865900000000693, -0.6144689999999855, -4.481673000000001, 0.44022300000000314, -0.2629049999999893, 0.7917869999999994, -4.5695639999999855, -0.9660330000000101, 0.528113999999988, -1.6691610000000026, 178.155825, 40.342737, 25.66494]","[-1.0, 1.0, 1.0, 1.0, 1.0, 1.0, 1.0, 1.0, 1.0, 1.0, 0.0, 0.0, 1.0, 1.0, 1.0, 1.0]","[-9.0, 47.0, 19.0, 14.0, 13.0, 48.0, 11.0, 12.0, 13.0, 48.0, 14.0, 10.0, 13.0, -11.0, 10.0, 14.0]"
1,1791632107.7317774,"[-1.5812699999999893, -3.0754169999999874, -0.17501400000000444, 0.7038960000000145, -0.6144689999999855, -3.339089999999999, 1.2312420000000088, 0.528113999999988, 1.6706969999999899, -3.60276300000001, -0.6144689999999855, 0.7038960000000145, -1.6691610000000026, 177.804261, 40.518519, 26.368067999999994]","[0.0, 1.0, 2.0, 2.0, 1.0, 0.0, 2.0, 1.0, 1.0, 1.0, 1.0, 1.0, 1.0, 0.0, 1.0, 3.0]","[-9.0, 54.0, 19.0, 15.0, 13.0, 56.0, 11.0, 13.0, 15.0, 60.0, 16.0, 13.0, 12.0, -15.0, 13.0, 14.0]"
1,1791632107.9530752,"[-2.6359620000000064, -0.6144689999999855, 0.8796780000000126, 1.582806000000005, -0.6144689999999855, -1.229705999999993, 1.846478999999988, 1.582806000000005, 2.725389000000007, -2.0207249999999988, 0.6160050000000012, 1.0554600000000107, -1.6691610000000026, 177.71636999999998, 41.39742899999999, 27.159087]","[0.0, 4.0, 1.0, 2.0, 1.0, 8.0, 1.0, 1.0, 3.0, 2.0, 1.0, 1.0, 1.0, 0.0, 3.0, 1.0]","[-9.0, 47.0, 20.0, 16.0, 12.0, 53.0, 12.0, 14.0, 13.0, 63.0, 15.0, 14.0, 12.0, -26.0, 13.0, 15.0]"
1,1791632108.177003,"[-3.60276300000001, 0.8796780000000126, 1.7585880000000031, 2.6374979999999937, -0.6144689999999855, 1.2312420000000088, 2.6374979999999937, 2.2859339999999975, 3.7800809999999956, 0.17654999999999177, 1.4949149999999918, 2.0222610000000145, -1.6691610000000026, 177.364806, 42.452121000000005, 28.125888000000003]","[0.0, 2.0, 3.0, 3.0, 1.0, 4.0, 1.0, 1.0, 1.0, 1.0, 6.0, 6.0, 1.0, 0.0, 2.0, 2.0]","[-9.0, 53.0, 20.0, 16.0, 12.0, 49.0, 12.0, 14.0, 14.0, 64.0, 15.0, 14.0, 13.0, -38.0, 14.0, 15.0]"
1,1791632108.4013045,"[-4.5695639999999855, 2.901171000000005, 2.813279999999992, 3.6042989999999975, -0.6144689999999855, 1.2312420000000088, 3.4285169999999994, 3.5164080000000126, 4.043754000000007, 1.407024000000007, 2.2859339999999975, 3.2527350000000013, -1.6691610000000026, 175.519095, 43.41892200000001, 29.268471000000005]","[0.0, 4.0, 3.0, 1.0, 1.0, 0.0, 1.0, 1.0, 4.0, 1.0, 1.0, 2.0, 1.0, -3.0, 1.0, 1.0]","[-10.0, 52.0, 19.0, 15.0, 12.0, 70.0, 13.0, 13.0, 14.0, 73.0, 17.0, 13.0, 12.0, -39.0, 13.0, 16.0]"
1,1791632108.627739,"[-5.4484740000000045, 4.746881999999999, 3.4285169999999994, 4.746881999999999, -0.6144689999999855, 5.010555000000011, 4.483208999999988, 4.483208999999988, 5.713683000000003, 4.6589910000000145, 3.6042989999999975, 4.30742699999999, -1.6691610000000026, 173.14603799999998, 44.649395999999996, 30.147380999999996]","[0.0, 1.0, 1.0, 4.0, 1.0, 6.0, 1.0, 3.0, 1.0, 9.0, 3.0, 3.0, 1.0, -2.0, 1.0, 1.0]","[-10.0, 55.0, 22.0, 16.0, 12.0, 53.0, 14.0, 13.0, 14.0, 56.0, 15.0, 14.0, 13.0, -35.0, 14.0, 15.0]"
1,1791632108.8517947,"[-6.327383999999995, 4.834773000000013, 4.746881999999999, 5.801573999999988, -0.6144689999999855, 6.768374999999992, 5.362119000000007, 5.274227999999994, 6.416810999999996, 4.746881999999999, 4.6589910000000145, 4.30742699999999, -1.6691610000000026, 170.77298100000002, 45.35252399999999, 31.114182]","[0.0, 2.0, 2.0, 1.0, 1.0, 2.0, 3.0, 1.0, 4.0, 1.0, 3.0, 1.0, 1.0, -7.0, 6.0, 2.0]","[-9.0, 76.0, 19.0, 17.0, 12.0, 55.0, 15.0, 13.0, 14.0, 80.0, 15.0, 17.0, 13.0, -31.0, 13.0, 15.0]"
1,1791632109.0724747,"[-7.469966999999997, 9.317214000000007, 5.889465000000001, 6.592592999999994, -0.6144689999999855, 9.053540999999996, 6.416810999999996, 6.768374999999992, 7.647285000000011, 8.877758999999998, 5.62579199999999, 6.416810999999996, -1.6691610000000026, 169.36672500000003, 46.75878, 32.16887399999999]","[-1.0, 10.0, 2.0, 4.0, 1.0, 6.0, 4.0, 4.0, 2.0, 10.0, 2.0, 5.0, 1.0, 0.0, 1.0, 1.0]","[-10.0, 51.0, 20.0, 16.0, 13.0, 47.0, 13.0, 12.0, 14.0, 53.0, 15.0, 12.0, 13.0, -38.0, 13.0, 14.0]"
1,1791632109.299075,"[-8.524658999999986, 10.371905999999996, 5.889465000000001, 7.823067000000009, -0.6144689999999855, 10.723469999999992, 7.383611999999999, 7.735175999999996, 8.614086000000015, 9.58088699999999, 6.768374999999992, 7.2957210000000146, -1.6691610000000026, 168.57570600000003, 47.725581000000005, 33.223566000000005]","[0.0, 0.0, 1.0, 3.0, 1.0, 6.0, 3.0, 1.0, 1.0, 1.0, 3.0, 1.0, 1.0, 0.0, 3.0, 3.0]","[-10.0, 61.0, 25.0, 16.0, 12.0, 53.0, 14.0, 11.0, 14.0, 70.0, 15.0, 13.0, 13.0, -48.0, 13.0, 15.0]"
1,1791632109.5201974,"[-9.579351000000003, 12.657072, 7.910957999999994, 8.701977, -0.6144689999999855, 10.811361000000005, 8.26252199999999, 8.701977, 9.405104999999992, 9.756668999999988, 7.5593939999999975, 8.350413000000003, -1.6691610000000026, 167.696796, 48.604490999999996, 34.278257999999994]","[-2.0, 1.0, 5.0, 1.0, 1.0, 1.0, 1.0, 1.0, 2.0, 1.0, 3.0, 3.0, 1.0, -10.0, 2.0, 2.0]","[-9.0, 57.0, 19.0, 16.0, 12.0, 76.0, 14.0, 12.0, 15.0, 94.0, 15.0, 13.0, 13.0, -53.0, 13.0, 14.0]"
1,1791632109.747099,"[-10.370370000000008, 13.448091000000005, 8.438303999999988, 9.844560000000001, -0.6144689999999855, 14.85434699999999, 9.405104999999992, 9.668778000000003, 10.635579000000007, 14.23911000000001, 8.701977, 9.317214000000007, -1.6691610000000026, 163.65381000000002, 49.571292, 35.245059]","[0.0, 2.0, 3.0, 2.0, 1.0, 3.0, 2.0, 2.0, 1.0, 13.0, 4.0, 1.0, 1.0, 0.0, 1.0, 2.0]","[-10.0, 70.0, 22.0, 16.0, 12.0, 53.0, 14.0, 13.0, 14.0, 59.0, 15.0, 13.0, 13.0, -40.0, 14.0, 15.0]"
1,1791632109.9709709,"[-11.425061999999997, 16.87584000000001, 9.932451000000015, 10.723469999999992, -0.6144689999999855, 16.963730999999996, 10.28401500000001, 10.723469999999992, 11.690270999999996, 14.327000999999996, 9.317214000000007, 10.28401500000001, -1.6691610000000026, 161.36864400000002, 50.538093, 36.12396899999999]","[-3.0, 12.0, 3.0, 1.0, 1.0, 5.0, 1.0, 3.0, 4.0, 0.0, 1.0, 2.0, 1.0, -5.0, 3.0, 1.0]","[-9.0, 52.0, 20.0, 16.0, 12.0, 53.0, 14.0, 13.0, 14.0, 87.0, 16.0, 13.0, 12.0, -38.0, 13.0, 14.0]"
1,1791632110.1932,"[-12.391863, 18.721551000000005, 10.811361000000005, 11.690270999999996, -0.6144689999999855, 18.985223999999988, 11.338707, 11.60238000000001, 12.657072, 18.633659999999992, 10.547687999999994, 11.162925000000001, -1.6691610000000026, 159.347151, 51.50489400000001, 37.26655199999999]","[-1.0, 3.0, 2.0, 2.0, 1.0, 3.0, 4.0, 1.0, 3.0, 13.0, 2.0, 1.0, 1.0, -3.0, 4.0, 3.0]","[-10.0, 54.0, 19.0, 15.0, 12.0, 52.0, 13.0, 13.0, 13.0, 53.0, 16.0, 14.0, 12.0, -36.0, 14.0, 14.0]"
1,1791632110.4186597,"[-13.44655499999999, 20.83093500000001, 11.690270999999996, 12.744963000000013, -0.6144689999999855, 20.743043999999998, 12.305508000000003, 12.744963000000013, 13.623873000000003, 19.248897, 11.426598000000013, 12.21761699999999, -1.6691610000000026, 157.23776700000002, 52.29591300000001, 38.233352999999994]","[-2.0, 8.0, 1.0, 1.0, 1.0, 3.0, 2.0, 3.0, 1.0, 1.0, 1.0, 1.0, 1.0, -1.0, 1.0, 2.0]","[-9.0, 52.0, 20.0, 16.0, 12.0, 55.0, 14.0, 12.0, 14.0, 74.0, 17.0, 13.0, 12.0, -35.0, 14.0, 14.0]"
1,1791632110.6410537,"[-14.413355999999993, 22.412972999999994, 12.832853999999998, 13.623873000000003, -0.6144689999999855, 23.116101000000015, 13.272309000000007, 13.711763999999988, 14.590674000000007, 22.412972999999994, 12.393398999999988, 13.184417999999994, -1.6691610000000026, 155.39205600000003, 53.350605, 39.375935999999996]","[0.0, 1.0, 1.0, 1.0, 1.0, 9.0, 1.0, 1.0, 2.0, 14.0, 2.0, 1.0, 1.0, -4.0, 2.0, 1.0]","[-10.0, 60.0, 19.0, 16.0, 12.0, 50.0, 13.0, 12.0, 14.0, 48.0, 17.0, 13.0, 13.0, -36.0, 14.0, 14.0]"
1,1791632110.8675776,"[-15.46804800000001, 24.522357, 13.887546000000015, 14.678564999999992, -0.6144689999999855, 25.225484999999992, 14.327000999999996, 14.85434699999999, 15.733257000000009, 24.873920999999996, 13.623873000000003, 14.151218999999998, -1.6691610000000026, 153.370563, 54.317406000000005, 40.342737]","[-2.0, 7.0, 1.0, 3.0, 1.0, 1.0, 1.0, 3.0, 1.0, 3.0, 1.0, 2.0, 1.0, -3.0, 0.0, 2.0]","[-9.0, 51.0, 19.0, 16.0, 13.0, 52.0, 14.0, 12.0, 13.0, 54.0, 16.0, 13.0, 13.0, -35.0, 14.0, 14.0]"
1,1791632111.091029,"[-16.52274, 27.246978000000013, 15.030128999999988, 15.733257000000009, -0.6144689999999855, 27.510650999999996, 15.55747500000001, 16.084821000000005, 16.700058000000013, 27.159087, 14.678564999999992, 14.414892000000009, -1.6691610000000026, 151.436961, 55.10842500000001, 41.309538]","[0.0, 4.0, 3.0, 3.0, 1.0, 3.0, 3.0, 1.0, 2.0, 5.0, 3.0, 3.0, 1.0, -1.0, 7.0, 2.0]","[-9.0, 50.0, 19.0, 16.0, 12.0, 47.0, 13.0, 11.0, 14.0, 46.0, 14.0, 16.0, 13.0, -36.0, 14.0, 15.0]"
1,1791632111.3154635,"[-17.577431999999988, 29.268471000000005, 15.909039000000007, 16.524276000000015, -0.6144689999999855, 29.444253000000003, 16.524276000000015, 16.87584000000001, 17.578968000000003, 28.653233999999998, 15.733257000000009, 16.17271199999999, -1.6691610000000026, 150.20648699999998, 56.42679000000001, 42.27633900000001]","[-1.0, 7.0, 3.0, 3.0, 1.0, 6.0, 0.0, 1.0, 1.0, 1.0, 2.0, 2.0, 1.0, 0.0, 2.0, 1.0]","[-9.0, 47.0, 19.0, 16.0, 12.0, 58.0, 14.0, 13.0, 15.0, 57.0, 15.0, 14.0, 13.0, -44.0, 14.0, 14.0]"
1,1791632111.539398,"[-18.807906000000003, 31.641527999999994, 17.139512999999994, 17.578968000000003, -0.5265780000000007, 30.323162999999994, 17.666858999999988, 18.106313999999998, 18.545769000000007, 28.653233999999998, 16.963730999999996, 17.315294999999992, -1.6691610000000026, 148.009212, 57.3057, 43.331030999999996]","[-2.0, 3.0, 4.0, 3.0, 1.0, 1.0, 3.0, 2.0, 2.0, 1.0, 1.0, 2.0, 1.0, -3.0, 1.0, 2.0]","[-9.0, 48.0, 17.0, 16.0, 12.0, 62.0, 12.0, 12.0, 14.0, 82.0, 14.0, 12.0, 14.0, -43.0, 15.0, 14.0]"
1,1791632111.763419,"[-19.774707000000006, 33.31145699999999, 18.19420500000001, 18.721551000000005, -0.5265780000000007, 33.663021000000015, 18.36998700000001, 18.897333000000003, 19.51257000000001, 33.223566000000005, 18.106313999999998, 18.282095999999996, -1.6691610000000026, 145.98771900000003, 58.448283, 44.297832]","[0.0, 7.0, 3.0, 3.0, 1.0, 7.0, 3.0, 1.0, 1.0, 12.0, 6.0, 1.0, 1.0, -4.0, 3.0, 2.0]","[-9.0, 48.0, 18.0, 16.0, 12.0, 44.0, 13.0, 12.0, 14.0, 46.0, 13.0, 14.0, 13.0, -50.0, 13.0, 14.0]"
1,1791632111.98373,"[-20.91729000000001, 35.77240499999999, 19.248897, 19.51257000000001, -0.5265780000000007, 35.420840999999996, 18.985223999999988, 19.864134000000007, 20.39148, 33.399348, 18.897333000000003, 19.336788000000013, -1.6691610000000026, 145.899828, 59.41508400000001, 45.35252399999999]","[-2.0, 4.0, 1.0, 1.0, 0.0, 4.0, 2.0, 1.0, 1.0, 1.0, 1.0, 4.0, 1.0, -1.0, 1.0, 2.0]","[-2.0, 44.0, 18.0, 16.0, 12.0, 47.0, 15.0, 12.0, 14.0, 70.0, 13.0, 13.0, 13.0, -58.0, 14.0, 15.0]"
1,1791632112.207483,"[-21.971981999999997, 37.79389800000001, 20.39148, 20.743043999999998, -0.5265780000000007, 37.881789, 19.952024999999992, 20.918825999999996, 21.797736000000015, 37.44233399999999, 20.215698000000003, 20.39148, -1.6691610000000026, 141.593169, 59.590866000000005, 46.31932499999999]","[0.0, 5.0, 3.0, 3.0, 1.0, 4.0, 2.0, 1.0, 3.0, 16.0, 3.0, 1.0, 1.0, -2.0, 3.0, 1.0]","[-6.0, 43.0, 18.0, 15.0, 12.0, 43.0, 15.0, 12.0, 14.0, 43.0, 13.0, 12.0, 13.0, -38.0, 16.0, 14.0]"
1,1791632112.4354239,"[-22.938783, 37.79389800000001, 21.358281000000005, 21.709845, -0.5265780000000007, 39.63960900000001, 20.83093500000001, 21.973518000000013, 22.412972999999994, 37.881789, 21.094607999999994, 21.44617199999999, -1.6691610000000026, 140.186913, 61.52446800000001, 47.37401700000001]","[0.0, 1.0, 2.0, 1.0, 1.0, 1.0, 2.0, 1.0, 1.0, 1.0, 1.0, 2.0, 1.0, -6.0, 3.0, 2.0]","[0.0, 65.0, 17.0, 16.0, 11.0, 48.0, 16.0, 11.0, 14.0, 66.0, 14.0, 13.0, 14.0, -40.0, 14.0, 14.0]"
1,1791632112.6559525,"[-23.99347499999999, 42.10055700000001, 22.500864000000007, 22.588754999999992, -0.5265780000000007, 42.452121000000005, 21.885627, 23.116101000000015, 23.731337999999994, 42.012665999999996, 21.885627, 22.412972999999994, -1.6691610000000026, 137.198619, 62.57916, 48.428709]","[0.0, 8.0, 3.0, 1.0, 1.0, 8.0, 4.0, 3.0, 5.0, 14.0, 6.0, 1.0, 1.0, -2.0, 3.0, 1.0]","[0.0, 40.0, 17.0, 16.0, 12.0, 37.0, 16.0, 11.0, 14.0, 37.0, 14.0, 12.0, 13.0, -36.0, 13.0, 14.0]"
1,1791632112.8833091,"[-24.960275999999993, 44.38572300000001, 23.379773999999998, 23.731337999999994, -0.5265780000000007, 44.56150500000001, 22.588754999999992, 23.995011000000005, 24.873920999999996, 44.12205, 23.203992, 23.291883000000013, -1.6691610000000026, 135.08923500000003, 63.545961000000005, 49.30761899999999]","[0.0, 5.0, 3.0, 3.0, 1.0, 6.0, 1.0, 1.0, 1.0, 6.0, 1.0, 1.0, 1.0, -5.0, 1.0, 1.0]","[0.0, 41.0, 17.0, 15.0, 12.0, 34.0, 17.0, 12.0, 12.0, 38.0, 13.0, 13.0, 13.0, -33.0, 13.0, 15.0]"
1,1791632113.1040664,"[-25.927076999999997, 46.49510699999999, 24.170793000000003, 24.698138999999998, -0.5265780000000007, 46.846671000000015, 23.46766500000001, 24.96181200000001, 25.840722, 46.67088899999999, 24.258683999999988, 24.522357, -1.6691610000000026, 132.540396, 64.424871, 50.27441999999999]","[0.0, 4.0, 1.0, 5.0, 1.0, 5.0, 1.0, 1.0, 1.0, 7.0, 3.0, 3.0, 1.0, -3.0, 1.0, 1.0]","[0.0, 37.0, 19.0, 15.0, 12.0, 32.0, 18.0, 12.0, 13.0, 34.0, 13.0, 12.0, 14.0, -31.0, 13.0, 14.0]"
1,1791632113.330322,"[-26.981768999999986, 48.86816400000001, 25.40126699999999, 25.752831000000015, -0.4386869999999874, 48.780272999999994, 24.78603000000001, 26.10439500000001, 26.983305, 48.165036000000015, 25.225484999999992, 25.752831000000015, -1.6691610000000026, 130.51890300000002, 64.51276200000001, 51.32911200000001]","[0.0, 7.0, 4.0, 3.0, 1.0, 1.0, 4.0, 2.0, 1.0, 5.0, 1.0, 2.0, 1.0, -4.0, 2.0, 2.0]","[0.0, 32.0, 18.0, 15.0, 12.0, 37.0, 15.0, 12.0, 0.0, 40.0, 13.0, 11.0, 13.0, -31.0, 17.0, 14.0]"
1,1791632113.5552256,"[-28.036461000000003, 50.538093, 26.28017700000001, 26.807523000000003, -0.35079600000000255, 50.889657, 25.840722, 26.983305, 27.950106000000005, 51.241220999999996, 26.368067999999994, 26.71963199999999, -1.6691610000000026, 128.32162799999998, 66.62214600000001, 52.383804]","[0.0, 1.0, 1.0, 1.0, 1.0, 10.0, 3.0, 1.0, 1.0, 5.0, 1.0, 4.0, 1.0, -2.0, 2.0, 2.0]","[6.0, 37.0, 18.0, 15.0, 12.0, 33.0, 15.0, 11.0, 0.0, 32.0, 12.0, 12.0, 13.0, -30.0, 13.0, 14.0]"
1,1791632113.7767026,"[-28.82748000000001, 53.174823, 27.334868999999998, 27.950106000000005, -0.2629049999999893, 53.438496000000015, 27.071196000000015, 27.774324000000007, 29.092689000000007, 52.383804, 27.334868999999998, 27.862214999999992, -1.6691610000000026, 127.003263, 67.76472900000002, 53.350605]","[0.0, 7.0, 2.0, 3.0, 2.0, 4.0, 3.0, 1.0, 2.0, 3.0, 1.0, 1.0, 1.0, 0.0, 3.0, 1.0]","[-9.0, 29.0, 18.0, 15.0, 11.0, 30.0, 15.0, 12.0, -15.0, 37.0, 13.0, 11.0, 14.0, -34.0, 12.0, 14.0]"
1,1791632114.0032609,"[-29.97006300000001, 55.635771000000005, 28.30167, 28.91690700000001, -0.2629049999999893, 55.635771000000005, 28.125888000000003, 28.829015999999996, 30.05949000000001, 55.196315999999996, 28.565343000000013, 29.004797999999994, -1.6691610000000026, 124.89387900000003, 68.64363900000001, 54.317406000000005]","[0.0, 3.0, 1.0, 2.0, 1.0, 6.0, 1.0, 3.0, 1.0, 9.0, 3.0, 3.0, 1.0, -4.0, 0.0, 1.0]","[0.0, 30.0, 18.0, 15.0, 12.0, 30.0, 15.0, 11.0, -1.0, 30.0, 12.0, 11.0, 13.0, -31.0, 13.0, 14.0]"
1,1791632114.2234752,"[-30.936863999999986, 57.833045999999996, 29.444253000000003, 30.05949000000001, -0.2629049999999893, 57.74515500000001, 29.444253000000003, 29.971598999999998, 31.114182, 56.42679000000001, 29.620035, 29.971598999999998, -1.6691610000000026, 123.31184100000002, 69.43465800000001, 55.372097999999994]","[0.0, 5.0, 4.0, 3.0, 0.0, 3.0, 4.0, 1.0, 1.0, 1.0, 3.0, 1.0, 1.0, 0.0, 1.0, 1.0]","[0.0, 25.0, 17.0, 15.0, 11.0, 28.0, 13.0, 12.0, -14.0, 38.0, 12.0, 12.0, 13.0, -35.0, 13.0, 15.0]"
1,1791632114.448912,"[-31.991556000000003, 59.766648, 30.498944999999992, 31.114182, -0.2629049999999893, 60.118212, 30.586836000000005, 31.114182, 32.16887399999999, 59.23930200000001, 30.411054000000007, 31.026291000000015, -1.6691610000000026, 120.14776499999999, 70.75302300000001, 56.42679000000001]","[0.0, 3.0, 1.0, 3.0, 1.0, 7.0, 2.0, 1.0, 0.0, 11.0, 2.0, 1.0, 1.0, -8.0, 1.0, 3.0]","[0.0, 30.0, 17.0, 15.0, 11.0, 24.0, 13.0, 11.0, -9.0, 27.0, 12.0, 11.0, 12.0, -26.0, 12.0, 14.0]"
1,1791632114.6751735,"[-32.95835700000001, 61.87603200000001, 31.55363700000001, 31.99309199999999, -0.2629049999999893, 62.31548699999999, 31.641527999999994, 31.99309199999999, 33.04778400000001, 61.87603200000001, 31.55363700000001, 31.99309199999999, -1.6691610000000026, 118.38994500000001, 71.89560600000002, 57.393591000000015]","[0.0, 8.0, 3.0, 1.0, 1.0, 4.0, 1.0, 1.0, 1.0, 3.0, 1.0, 1.0, 1.0, 0.0, 1.0, 2.0]","[0.0, 23.0, 17.0, 14.0, 12.0, 23.0, 12.0, 13.0, 0.0, 26.0, 13.0, 12.0, 13.0, -29.0, 12.0, 14.0]"
1,1791632114.8967416,"[-34.013048999999995, 64.33698000000001, 32.69622000000001, 32.959892999999994, -0.2629049999999893, 64.424871, 32.608329, 33.04778400000001, 34.102475999999996, 64.073307, 32.69622000000001, 32.69622000000001, -1.6691610000000026, 115.84110600000002, 72.59873400000001, 58.36039199999999]","[0.0, 2.0, 3.0, 1.0, 1.0, 2.0, 1.0, 1.0, 2.0, 5.0, 1.0, 1.0, 1.0, -4.0, 7.0, 1.0]","[0.0, 23.0, 16.0, 15.0, 12.0, 23.0, 13.0, 12.0, -4.0, 25.0, 11.0, 11.0, 13.0, -26.0, 12.0, 15.0]"
1,1791632115.1231396,"[-35.06774100000001, 66.62214600000001, 33.663021000000015, 34.278257999999994, -0.2629049999999893, 64.600653, 32.69622000000001, 33.48723899999999, 35.069277, 66.09479999999999, 33.663021000000015, 33.926694, -1.6691610000000026, 113.73172199999999, 74.092881, 59.327192999999994]","[0.0, 7.0, 2.0, 4.0, 1.0, 1.0, 1.0, 3.0, 1.0, 1.0, 1.0, 3.0, 1.0, -3.0, 3.0, 1.0]","[0.0, 20.0, 16.0, 15.0, 11.0, 38.0, 16.0, 13.0, 0.0, 24.0, 11.0, 11.0, 13.0, -27.0, 12.0, 14.0]"
1,1791632115.3471038,"[-36.03454199999999, 68.73152999999999, 34.717713, 35.069277, -0.2629049999999893, 65.12799900000002, 32.784110999999996, 34.19036700000001, 36.12396899999999, 68.64363900000001, 34.893495, 34.717713, -1.6691610000000026, 111.35866500000003, 75.05968200000001, 60.469775999999996]","[0.0, 3.0, 2.0, 1.0, 1.0, 1.0, 1.0, 1.0, 0.0, 8.0, 1.0, 1.0, 1.0, -7.0, 3.0, 1.0]","[0.0, 22.0, 16.0, 15.0, 11.0, 52.0, 21.0, 14.0, -3.0, 21.0, 12.0, 11.0, 13.0, -20.0, 11.0, 14.0]"
1,1791632115.5695045,"[-37.00134299999999, 71.016696, 35.94818699999999, 36.12396899999999, -0.2629049999999893, 65.30378100000001, 33.04778400000001, 34.62982199999999, 37.00287900000001, 70.75302300000001, 35.860296000000005, 35.77240499999999, -1.6691610000000026, 109.60084499999999, 76.20226500000001, 61.52446800000001]","[0.0, 8.0, 2.0, 3.0, 1.0, 1.0, 1.0, 1.0, 1.0, 3.0, 1.0, 3.0, 0.0, -1.0, 3.0, 1.0]","[2.0, 17.0, 15.0, 15.0, 11.0, 75.0, 25.0, 16.0, 0.0, 20.0, 10.0, 11.0, 12.0, -23.0, 11.0, 13.0]"
1,1791632115.7961006,"[-37.968143999999995, 73.477644, 37.178661000000005, 36.914987999999994, -0.17501400000000444, 65.919018, 33.04778400000001, 35.069277, 38.057570999999996, 72.950298, 37.00287900000001, 36.82709700000001, -1.5812699999999893, 107.49146100000002, 77.256957, 62.57916]","[0.0, 3.0, 3.0, 1.0, 0.0, 1.0, 1.0, 0.0, 1.0, 6.0, 1.0, 1.0, 1.0, -7.0, 3.0, 3.0]","[-8.0, 17.0, 15.0, 14.0, 11.0, 92.0, 33.0, 18.0, 0.0, 18.0, 11.0, 11.0, 14.0, -22.0, 11.0, 13.0]"
1,1791632116.0193965,"[-38.934945, 75.76281, 38.233352999999994, 37.96968000000001, -0.08712299999999118, 64.68854400000001, 33.04778400000001, 35.069277, 38.936481000000015, 74.971791, 38.32124400000001, 37.706007, -1.6691610000000026, 104.85473100000002, 78.22375799999998, 63.45806999999999]","[1.0, 6.0, 1.0, 1.0, 1.0, 0.0, 1.0, 0.0, 1.0, 3.0, 4.0, 4.0, 1.0, -3.0, 1.0, 1.0]","[-9.0, 16.0, 15.0, 16.0, 0.0, 13.0, 9.0, 0.0, 14.0, 20.0, 10.0, 12.0, 13.0, -19.0, 11.0, 14.0]"
1,1791632116.2430067,"[-40.077528, 78.047976, 39.46382700000001, 38.84859, -0.08712299999999118, 64.68854400000001, 33.04778400000001, 35.069277, 39.991173, 75.05968200000001, 39.11226300000001, 38.76069899999999, -1.6691610000000026, 104.06371200000001, 78.66321299999998, 63.985416000000015]","[0.0, 3.0, 3.0, 1.0, 1.0, 1.0, 1.0, 0.0, 1.0, 2.0, 2.0, 1.0, 0.0, 0.0, 1.0, 1.0]","[0.0, 15.0, 15.0, 16.0, 0.0, 12.0, 9.0, 0.0, 14.0, 32.0, 10.0, 12.0, 13.0, -28.0, 14.0, 15.0]"
1,1791632116.4649165,"[-40.95643799999999, 80.245251, 40.518519, 40.07906399999999, -0.08712299999999118, 64.600653, 33.04778400000001, 35.069277, 39.991173, 79.45423199999999, 40.342737, 39.815391000000005, -1.6691610000000026, 104.06371200000001, 78.66321299999998, 64.424871]","[-3.0, 5.0, 3.0, 5.0, 1.0, 1.0, 1.0, 0.0, 0.0, 10.0, 4.0, 1.0, 0.0, 0.0, 1.0, 1.0]","[-9.0, 14.0, 14.0, 15.0, 0.0, 13.0, 9.0, 0.0, 16.0, 16.0, 9.0, 11.0, 13.0, -29.0, 17.0, 16.0]"
1,1791632116.6912174,"[-42.09902099999999, 82.530417, 41.48532, 40.78219200000001, -0.08712299999999118, 64.600653, 33.04778400000001, 35.069277, 41.661102, 81.65150699999998, 41.309538, 40.95797400000001, -1.6691610000000026, 104.06371200000001, 78.751104, 64.95221699999999]","[0.0, 5.0, 1.0, 1.0, 1.0, 1.0, 1.0, 0.0, 0.0, 5.0, 2.0, 3.0, 0.0, 0.0, 0.0, 1.0]","[7.0, 13.0, 15.0, 15.0, 0.0, 13.0, 9.0, 0.0, 13.0, 16.0, 9.0, 11.0, 13.0, -28.0, 22.0, 18.0]"
1,1791632116.9138324,"[-43.065822, 84.72769199999999, 42.71579399999999, 41.74899300000001, -0.08712299999999118, 64.600653, 33.04778400000001, 35.069277, 42.979467, 83.93667299999998, 42.452121000000005, 42.012665999999996, -1.7570519999999874, 104.06371200000001, 78.83899500000001, 65.47956300000001]","[0.0, 4.0, 3.0, 1.0, 1.0, 0.0, 1.0, 0.0, 2.0, 4.0, 1.0, 3.0, 0.0, 0.0, 1.0, 1.0]","[0.0, 13.0, 13.0, 15.0, 0.0, 13.0, 9.0, 0.0, 14.0, 15.0, 10.0, 11.0, 13.0, -28.0, 29.0, 19.0]"
1,1791632117.139253,"[-44.032623, 86.83707600000002, 43.59470400000001, 42.979467, -0.08712299999999118, 64.600653, 33.04778400000001, 35.069277, 43.85837699999999, 86.13394799999998, 43.59470400000001, 43.155249, -1.7570519999999874, 104.06371200000001, 78.83899500000001, 66.182691]","[0.0, 3.0, 1.0, 3.0, 1.0, 0.0, 1.0, 0.0, 1.0, 5.0, 3.0, 4.0, 0.0, 0.0, 1.0, 2.0]","[0.0, 14.0, 14.0, 16.0, 0.0, 13.0, 10.0, 0.0, 14.0, 15.0, 9.0, 10.0, 13.0, -28.0, 36.0, 23.0]"
1,1791632117.3593252,"[-45.08731499999999, 88.94646, 44.73728700000001, 43.06735800000001, -0.08712299999999118, 64.600653, 33.04778400000001, 35.069277, 44.91306900000001, 88.50700499999999, 44.473614, 44.12205, -1.9328339999999855, 104.23949399999998, 78.83899500000001, 66.182691]","[0.0, 6.0, 2.0, 1.0, 1.0, 0.0, 1.0, 0.0, 1.0, 4.0, 1.0, 3.0, 0.0, 1.0, 1.0, 1.0]","[0.0, 11.0, 14.0, 18.0, 0.0, 14.0, 9.0, 0.0, 0.0, 13.0, 9.0, 10.0, 8.0, -11.0, 10.0, 12.0]"
1,1791632117.5865703,"[-46.05411599999999, 89.21013299999998, 45.616197, 45.17674199999999, -0.08712299999999118, 64.600653, 33.04778400000001, 35.069277, 46.05565200000001, 88.594896, 45.616197, 45.264633, -1.9328339999999855, 104.23949399999998, 78.751104, 66.182691]","[1.0, 1.0, 1.0, 5.0, 1.0, 0.0, 1.0, 0.0, 1.0, 1.0, 3.0, 3.0, 0.0, 1.0, 0.0, 1.0]","[0.0, 11.0, 14.0, 15.0, 0.0, 13.0, 9.0, 0.0, -7.0, 13.0, 9.0, 11.0, 8.0, -10.0, 10.0, 12.0]"
1,1791632117.809678,"[-47.020917, 89.21013299999998, 46.67088899999999, 45.967760999999996, -0.08712299999999118, 64.600653, 33.04778400000001, 35.069277, 47.02245300000001, 88.594896, 46.582998, 46.23143400000001, -1.9328339999999855, 104.23949399999998, 78.83899500000001, 66.182691]","[0.0, 1.0, 3.0, 1.0, 1.0, 0.0, 1.0, 0.0, 1.0, 1.0, 2.0, 1.0, 0.0, 1.0, 0.0, 1.0]","[0.0, 12.0, 14.0, 15.0, 0.0, 13.0, 9.0, 0.0, -14.0, 13.0, 9.0, 11.0, 9.0, -10.0, 11.0, 12.0]"
1,1791632118.0321357,"[-47.811936, 89.21013299999998, 47.63768999999999, 47.461907999999994, -0.08712299999999118, 64.600653, 33.04778400000001, 35.069277, 48.077145, 88.594896, 47.63768999999999, 47.286125999999996, -1.9328339999999855, 104.23949399999998, 78.83899500000001, 66.182691]","[0.0, 1.0, 2.0, 4.0, 1.0, 0.0, 1.0, 0.0, 0.0, 1.0, 1.0, 2.0, 0.0, 1.0, 1.0, 1.0]","[-9.0, 12.0, 14.0, 13.0, 0.0, 13.0, 9.0, 0.0, -7.0, 13.0, 9.0, 10.0, 9.0, -10.0, 10.0, 14.0]"
1,1791632118.2590432,"[-49.04240999999999, 89.21013299999998, 48.51660000000001, 48.428709, -0.08712299999999118, 64.600653, 33.04778400000001, 35.069277, 49.043946000000005, 88.594896, 48.604490999999996, 48.34081800000001, -1.9328339999999855, 104.23949399999998, 78.751104, 66.182691]","[0.0, 1.0, 1.0, 2.0, 1.0, 0.0, 1.0, 0.0, 1.0, 1.0, 2.0, 2.0, 0.0, 1.0, 1.0, 1.0]","[0.0, 12.0, 15.0, 15.0, 0.0, 14.0, 9.0, 0.0, -14.0, 13.0, 10.0, 10.0, 9.0, -10.0, 9.0, 13.0]"
1,1791632118.482661,"[-49.92132000000001, 89.21013299999998, 49.571292, 49.39551, -0.08712299999999118, 64.600653, 33.04778400000001, 35.069277, 50.01074700000001, 88.594896, 49.39551, 49.30761899999999, -1.9328339999999855, 104.23949399999998, 78.751104, 66.182691]","[0.0, 1.0, 2.0, 3.0, 1.0, 0.0, 1.0, 0.0, 1.0, 1.0, 1.0, 2.0, 0.0, 1.0, 0.0, 1.0]","[-9.0, 12.0, 15.0, 13.0, 0.0, 13.0, 9.0, 0.0, -14.0, 13.0, 9.0, 11.0, 9.0, -11.0, 11.0, 13.0]"
1,1791632118.7068148,"[-50.976012, 89.21013299999998, 50.538093, 50.538093, -0.08712299999999118, 64.600653, 33.04778400000001, 35.069277, 51.15333000000001, 88.594896, 50.62598400000002, 50.27441999999999, -1.9328339999999855, 104.23949399999998, 78.83899500000001, 66.182691]","[-2.0, 1.0, 3.0, 1.0, 1.0, 0.0, 1.0, 0.0, 1.0, 1.0, 3.0, 1.0, 0.0, 1.0, 0.0, 1.0]","[-9.0, 11.0, 13.0, 13.0, 0.0, 13.0, 8.0, 0.0, -13.0, 13.0, 9.0, 11.0, 9.0, -11.0, 10.0, 13.0]"
1,1791632118.927339,"[-51.767031, 89.21013299999998, 51.417002999999994, 51.50489400000001, -0.08712299999999118, 64.600653, 33.04778400000001, 35.069277, 52.03224, 88.594896, 51.50489400000001, 51.15333000000001, -1.9328339999999855, 104.23949399999998, 78.83899500000001, 66.182691]","[0.0, 1.0, 2.0, 1.0, 1.0, 0.0, 1.0, 0.0, 1.0, 1.0, 2.0, 1.0, 0.0, 1.0, 1.0, 1.0]","[-10.0, 13.0, 14.0, 14.0, 0.0, 13.0, 10.0, 0.0, -3.0, 13.0, 9.0, 11.0, 10.0, -10.0, 10.0, 13.0]"
1,1791632119.1527889,"[-52.909614000000005, 89.21013299999998, 52.29591300000001, 52.64747700000001, -0.08712299999999118, 64.600653, 33.04778400000001, 35.069277, 53.174823, 88.594896, 52.64747700000001, 52.208022, -1.9328339999999855, 104.23949399999998, 78.83899500000001, 66.182691]","[-2.0, 0.0, 1.0, 2.0, 1.0, 0.0, 1.0, 0.0, 1.0, 1.0, 3.0, 1.0, 0.0, 1.0, 1.0, 1.0]","[-9.0, 12.0, 15.0, 13.0, 0.0, 13.0, 9.0, 0.0, -13.0, 13.0, 9.0, 11.0, 9.0, -10.0, 10.0, 13.0]"
1,1791632119.37741,"[-53.876414999999994, 89.21013299999998, 52.999041000000005, 53.526387, -0.08712299999999118, 64.600653, 33.04778400000001, 35.069277, 54.053732999999994, 88.594896, 53.526387, 53.26271400000002, -1.9328339999999855, 104.23949399999998, 78.83899500000001, 66.182691]","[-1.0, 0.0, 1.0, 3.0, 1.0, 0.0, 1.0, 0.0, 0.0, 1.0, 1.0, 2.0, 0.0, 1.0, 0.0, 1.0]","[-9.0, 13.0, 16.0, 14.0, 0.0, 13.0, 9.0, 0.0, -1.0, 13.0, 10.0, 9.0, 9.0, -11.0, 10.0, 12.0]"
1,1791632119.598868,"[-54.491652, 89.12224200000003, 53.702169, 54.317406000000005, -0.08712299999999118, 64.600653, 33.04778400000001, 35.069277, 55.10842500000001, 88.594896, 54.40529699999999, 54.14162400000001, -1.9328339999999855, 104.23949399999998, 78.83899500000001, 66.182691]","[0.0, 0.0, 1.0, 1.0, 1.0, 0.0, 1.0, 0.0, 1.0, 1.0, 2.0, 3.0, 0.0, 1.0, 1.0, 1.0]","[-9.0, 12.0, 17.0, 14.0, 0.0, 13.0, 9.0, 0.0, -13.0, 13.0, 9.0, 11.0, 10.0, -10.0, 10.0, 13.0]"
1,1791632119.8235085,"[-55.634235000000004, 89.12224200000003, 54.66897, 55.54787999999999, -0.08712299999999118, 64.600653, 33.04778400000001, 35.069277, 56.075226000000015, 88.594896, 55.372097999999994, 55.196315999999996, -1.9328339999999855, 104.23949399999998, 78.83899500000001, 66.182691]","[-1.0, 0.0, 1.0, 1.0, 1.0, 0.0, 1.0, 0.0, 0.0, 1.0, 2.0, 3.0, 0.0, 1.0, 0.0, 1.0]","[-9.0, 13.0, 16.0, 14.0, 0.0, 13.0, 10.0, 0.0, -3.0, 12.0, 9.0, 10.0, 9.0, -10.0, 9.0, 12.0]"
1,1791632120.049663,"[-56.513144999999994, 89.12224200000003, 55.54787999999999, 56.338899, -0.08712299999999118, 64.600653, 33.04778400000001, 35.069277, 56.954136000000005, 88.594896, 56.338899, 56.163117, -1.9328339999999855, 104.23949399999998, 78.83899500000001, 66.182691]","[0.0, 0.0, 1.0, 1.0, 1.0, 0.0, 1.0, 0.0, 1.0, 1.0, 1.0, 2.0, 0.0, 1.0, 1.0, 1.0]","[-9.0, 13.0, 17.0, 13.0, 0.0, 13.0, 9.0, 0.0, 0.0, 12.0, 9.0, 10.0, 9.0, -11.0, 10.0, 13.0]"
1,1791632120.274243,"[-57.304164, 89.12224200000003, 56.60257200000001, 57.393591000000015, -0.08712299999999118, 64.600653, 33.04778400000001, 35.069277, 58.008827999999994, 88.594896, 57.3057, 57.04202699999999, -1.9328339999999855, 104.23949399999998, 78.751104, 66.182691]","[-2.0, 0.0, 4.0, 3.0, 1.0, 0.0, 1.0, 0.0, 1.0, 1.0, 1.0, 1.0, 0.0, 1.0, 0.0, 1.0]","[-10.0, 14.0, 16.0, 14.0, 0.0, 13.0, 9.0, 0.0, -13.0, 13.0, 10.0, 10.0, 10.0, -11.0, 10.0, 12.0]"
1,1791632120.4986188,"[-58.798311, 89.12224200000003, 58.09671900000001, 58.624065, -0.08712299999999118, 64.600653, 33.04778400000001, 35.069277, 58.975629, 88.594896, 58.18460999999999, 58.09671900000001, -1.9328339999999855, 104.23949399999998, 78.83899500000001, 66.182691]","[-1.0, 1.0, 1.0, 2.0, 1.0, 0.0, 1.0, 0.0, 1.0, 1.0, 1.0, 1.0, 0.0, 1.0, 1.0, 0.0]","[-9.0, 14.0, 16.0, 13.0, 0.0, 13.0, 9.0, 0.0, 0.0, 14.0, 10.0, 11.0, 9.0, -11.0, 9.0, 13.0]"
1,1791632120.719129,"[-59.41354799999999, 89.298024, 59.67875699999999, 59.41508400000001, -0.08712299999999118, 64.600653, 33.04778400000001, 35.069277, 59.94243, 88.594896, 59.41508400000001, 59.151410999999996, -1.9328339999999855, 104.23949399999998, 78.83899500000001, 66.182691]","[-1.0, 1.0, 1.0, 2.0, 1.0, 0.0, 1.0, 0.0, 1.0, 1.0, 2.0, 1.0, 1.0, 1.0, 1.0, 0.0]","[-9.0, 11.0, 14.0, 14.0, 0.0, 13.0, 10.0, 0.0, 0.0, 13.0, 10.0, 10.0, 10.0, -10.0, 10.0, 13.0]"
1,1791632120.9465957,"[-60.819804000000005, 89.298024, 60.73344900000001, 59.41508400000001, -0.08712299999999118, 64.600653, 33.04778400000001, 35.069277, 60.99712199999999, 88.594896, 60.469775999999996, 59.151410999999996, -2.0207249999999988, 104.23949399999998, 78.83899500000001, 66.27058199999999]","[-4.0, 1.0, 2.0, 1.0, 1.0, 0.0, 1.0, 0.0, 1.0, 1.0, 2.0, 1.0, 0.0, 1.0, 0.0, 1.0]","[-9.0, 10.0, 14.0, 14.0, 0.0, 14.0, 9.0, 0.0, 0.0, 13.0, 9.0, 11.0, 9.0, -11.0, 10.0, 11.0]"
1,1791632121.1691935,"[-61.698713999999995, 89.298024, 61.788140999999996, 59.41508400000001, -0.08712299999999118, 64.600653, 33.04778400000001, 35.069277, 61.963922999999994, 88.594896, 61.52446800000001, 59.151410999999996, -1.9328339999999855, 104.23949399999998, 78.83899500000001, 66.182691]","[0.0, 1.0, 1.0, 1.0, 1.0, 0.0, 1.0, 0.0, 1.0, 1.0, 1.0, 1.0, 0.0, 1.0, 0.0, 1.0]","[-9.0, 11.0, 14.0, 13.0, 0.0, 13.0, 9.0, 0.0, 0.0, 12.0, 9.0, 11.0, 8.0, -11.0, 9.0, 13.0]"
1,1791632121.3935359,"[-62.665515, 89.298024, 62.754942, 59.41508400000001, -0.08712299999999118, 64.600653, 33.04778400000001, 35.069277, 62.84283300000001, 88.594896, 62.667051000000015, 59.151410999999996, -1.9328339999999855, 104.23949399999998, 78.83899500000001, 66.182691]","[-2.0, 0.0, 2.0, 1.0, 1.0, 0.0, 1.0, 0.0, 2.0, 1.0, 1.0, 1.0, 1.0, 1.0, 1.0, 0.0]","[-9.0, 11.0, 13.0, 14.0, 0.0, 13.0, 10.0, 0.0, 13.0, 13.0, 9.0, 11.0, 9.0, -10.0, 10.0, 13.0]"
1,1791632121.6186469,"[-63.808098, 89.298024, 63.80963400000002, 59.41508400000001, -0.08712299999999118, 64.600653, 33.04778400000001, 35.069277, 63.985416000000015, 88.594896, 63.545961000000005, 59.151410999999996, -1.9328339999999855, 104.23949399999998, 78.83899500000001, 66.182691]","[0.0, 0.0, 1.0, 1.0, 1.0, 0.0, 1.0, 0.0, 1.0, 1.0, 1.0, 1.0, 1.0, 1.0, 0.0, 0.0]","[-9.0, 11.0, 13.0, 14.0, 0.0, 12.0, 9.0, 0.0, 0.0, 12.0, 9.0, 11.0, 9.0, -11.0, 9.0, 13.0]"
1,1791632121.842564,"[-64.86279, 89.298024, 64.68854400000001, 59.41508400000001, -0.08712299999999118, 64.600653, 33.04778400000001, 35.069277, 64.864326, 88.594896, 64.424871, 59.151410999999996, -1.9328339999999855, 104.23949399999998, 78.83899500000001, 66.182691]","[-1.0, 1.0, 1.0, 1.0, 1.0, 0.0, 1.0, 0.0, 0.0, 0.0, 1.0, 1.0, 0.0, 1.0, 1.0, 0.0]","[-9.0, 11.0, 14.0, 13.0, 0.0, 13.0, 9.0, 0.0, 13.0, 13.0, 9.0, 11.0, 9.0, -10.0, 9.0, 13.0]"
1,1791632122.0631688,"[-65.653809, 89.298024, 65.391672, 59.41508400000001, -0.08712299999999118, 64.600653, 33.04778400000001, 35.069277, 65.919018, 88.594896, 65.567454, 59.151410999999996, -2.0207249999999988, 104.23949399999998, 78.83899500000001, 66.182691]","[-2.0, 1.0, 0.0, 1.0, 1.0, 0.0, 1.0, 0.0, 1.0, 1.0, 3.0, 1.0, 0.0, 1.0, 1.0, 1.0]","[-9.0, 11.0, 14.0, 14.0, 0.0, 13.0, 9.0, 0.0, 0.0, 13.0, 9.0, 11.0, 9.0, -11.0, 10.0, 13.0]"
1,1791632122.2873943,"[-66.884283, 89.298024, 66.00690900000001, 59.41508400000001, -0.08712299999999118, 64.600653, 33.04778400000001, 35.069277, 66.97371000000001, 88.85856899999999, 66.44636400000002, 59.151410999999996, -1.9328339999999855, 104.23949399999998, 78.83899500000001, 66.182691]","[-2.0, 1.0, 1.0, 1.0, 1.0, 0.0, 1.0, 0.0, 1.0, 2.0, 1.0, 1.0, 0.0, 1.0, 1.0, 0.0]","[-9.0, 11.0, 16.0, 15.0, 0.0, 13.0, 9.0, 0.0, 0.0, 11.0, 9.0, 11.0, 9.0, -11.0, 10.0, 12.0]"
1,1791632122.514531,"[-67.851084, 89.298024, 66.534255, 59.41508400000001, -0.08712299999999118, 64.600653, 33.04778400000001, 35.069277, 67.94051100000001, 88.94646, 67.237383, 59.151410999999996, -1.9328339999999855, 104.23949399999998, 78.83899500000001, 66.182691]","[-1.0, 1.0, 2.0, 1.0, 1.0, 0.0, 1.0, 0.0, 1.0, 1.0, 1.0, 1.0, 1.0, 1.0, 1.0, 1.0]","[-9.0, 11.0, 17.0, 14.0, 0.0, 13.0, 9.0, 0.0, 2.0, 12.0, 10.0, 11.0, 9.0, -11.0, 10.0, 13.0]"
1,1791632122.7360675,"[-68.729994, 89.298024, 67.061601, 59.41508400000001, -0.08712299999999118, 64.600653, 33.04778400000001, 35.069277, 68.995203, 88.94646, 68.29207500000001, 59.151410999999996, -2.0207249999999988, 104.23949399999998, 78.83899500000001, 66.182691]","[-1.0, 1.0, 1.0, 1.0, 1.0, 0.0, 1.0, 0.0, 2.0, 1.0, 4.0, 1.0, 0.0, 1.0, 1.0, 1.0]","[-9.0, 12.0, 19.0, 13.0, 0.0, 13.0, 9.0, 0.0, 0.0, 11.0, 9.0, 10.0, 9.0, -11.0, 10.0, 13.0]"
1,1791632122.9617462,"[-69.696795, 89.38591500000001, 67.676838, 59.41508400000001, -0.08712299999999118, 64.600653, 33.04778400000001, 35.069277, 69.874113, 88.94646, 69.25887600000001, 59.151410999999996, -1.9328339999999855, 104.23949399999998, 78.83899500000001, 66.182691]","[0.0, 1.0, 1.0, 1.0, 1.0, 0.0, 1.0, 0.0, 1.0, 1.0, 2.0, 1.0, 1.0, 1.0, 0.0, 0.0]","[-9.0, 11.0, 21.0, 13.0, 0.0, 13.0, 9.0, 0.0, 13.0, 12.0, 10.0, 10.0, 9.0, -11.0, 10.0, 12.0]"
1,1791632123.186421,"[-70.751487, 89.56169699999998, 68.11629300000001, 59.41508400000001, -0.08712299999999118, 64.600653, 33.04778400000001, 35.069277, 70.840914, 88.94646, 70.04989499999999, 59.151410999999996, -1.9328339999999855, 104.23949399999998, 78.83899500000001, 66.182691]","[-2.0, 1.0, 1.0, 1.0, 1.0, 0.0, 1.0, 0.0, 2.0, 0.0, 2.0, 1.0, 0.0, 1.0, 1.0, 1.0]","[-9.0, 11.0, 25.0, 14.0, 0.0, 13.0, 9.0, 0.0, 14.0, 12.0, 10.0, 10.0, 9.0, -11.0, 10.0, 13.0]"
1,1791632123.4069097,"[-71.542506, 89.56169699999998, 68.64363900000001, 59.41508400000001, -0.08712299999999118, 64.600653, 33.04778400000001, 35.069277, 71.807715, 88.94646, 71.192478, 59.151410999999996, -1.9328339999999855, 104.23949399999998, 78.83899500000001, 66.182691]","[0.0, 1.0, 1.0, 1.0, 1.0, 0.0, 1.0, 0.0, 1.0, 1.0, 4.0, 1.0, 1.0, 1.0, 1.0, 1.0]","[-10.0, 11.0, 27.0, 14.0, 0.0, 13.0, 9.0, 0.0, 14.0, 12.0, 10.0, 11.0, 9.0, -10.0, 10.0, 13.0]"
1,1791632123.63309,"[-72.597198, 89.649588, 68.995203, 59.327192999999994, -0.08712299999999118, 64.600653, 33.04778400000001, 35.069277, 72.86240699999999, 88.94646, 71.89560600000002, 59.151410999999996, -1.9328339999999855, 104.23949399999998, 78.83899500000001, 66.182691]","[-1.0, 1.0, 0.0, 0.0, 1.0, 0.0, 1.0, 0.0, 3.0, 1.0, 1.0, 1.0, 0.0, 1.0, 0.0, 0.0]","[-9.0, 11.0, 31.0, 13.0, 0.0, 13.0, 9.0, 0.0, 13.0, 12.0, 11.0, 10.0, 9.0, -10.0, 10.0, 13.0]"
1,1791632123.855314,"[-72.685089, 89.649588, 68.995203, 59.23930200000001, -0.08712299999999118, 64.600653, 33.04778400000001, 35.069277, 73.74131700000001, 88.94646, 72.159279, 59.151410999999996, -1.9328339999999855, 104.23949399999998, 78.83899500000001, 66.182691]","[0.0, 2.0, 0.0, 0.0, 1.0, 0.0, 1.0, 0.0, 1.0, 0.0, 0.0, 1.0, 0.0, 1.0, 0.0, 0.0]","[9.0, 11.0, 14.0, 11.0, 0.0, 13.0, 9.0, 0.0, 14.0, 12.0, 14.0, 11.0, 9.0, -10.0, 10.0, 13.0]"
1,1791632124.082356,"[-72.685089, 89.649588, 68.995203, 59.23930200000001, -0.08712299999999118, 64.600653, 33.04778400000001, 35.069277, 74.620227, 89.03435100000002, 72.510843, 59.151410999999996, -2.0207249999999988, 104.23949399999998, 78.83899500000001, 66.182691]","[0.0, 1.0, 1.0, 1.0, 1.0, 0.0, 1.0, 0.0, 1.0, 1.0, 1.0, 1.0, 0.0, 1.0, 0.0, 0.0]","[8.0, 11.0, 9.0, 12.0, 0.0, 13.0, 10.0, 0.0, 14.0, 11.0, 16.0, 11.0, 9.0, -10.0, 9.0, 13.0]"
1,1791632124.3027635,"[-72.685089, 89.649588, 68.995203, 59.23930200000001, -0.08712299999999118, 64.600653, 33.04778400000001, 35.069277, 74.620227, 89.03435100000002, 72.774516, 59.151410999999996, -1.9328339999999855, 104.23949399999998, 78.83899500000001, 66.182691]","[0.0, 1.0, 0.0, 0.0, 1.0, 0.0, 1.0, 0.0, 1.0, 1.0, 1.0, 1.0, 1.0, 1.0, 1.0, 0.0]","[9.0, 11.0, 13.0, 12.0, 0.0, 13.0, 9.0, 0.0, 14.0, 12.0, 20.0, 10.0, 10.0, -11.0, 10.0, 13.0]"
1,1791632124.530383,"[-72.685089, 89.649588, 68.995203, 59.327192999999994, -0.08712299999999118, 64.600653, 33.04778400000001, 35.069277, 74.620227, 89.12224200000003, 72.774516, 59.151410999999996, -1.9328339999999855, 104.23949399999998, 78.83899500000001, 66.182691]","[0.0, 1.0, 0.0, 1.0, 1.0, 0.0, 1.0, 0.0, 1.0, 0.0, 1.0, 1.0, 1.0, 1.0, 1.0, 0.0]","[9.0, 10.0, 13.0, 6.0, 0.0, 13.0, 9.0, 0.0, 13.0, 11.0, 25.0, 10.0, 9.0, -11.0, 10.0, 13.0]"
1,1791632124.7542126,"[-72.685089, 89.649588, 68.995203, 59.23930200000001, -0.08712299999999118, 64.600653, 33.04778400000001, 35.069277, 74.70811800000001, 89.12224200000003, 73.301862, 59.151410999999996, -1.9328339999999855, 104.23949399999998, 78.83899500000001, 66.182691]","[0.0, 1.0, 1.0, 1.0, 1.0, 0.0, 1.0, 0.0, 1.0, 1.0, 1.0, 1.0, 1.0, 1.0, 1.0, 0.0]","[9.0, 10.0, 14.0, 13.0, 0.0, 13.0, 9.0, 0.0, 13.0, 11.0, 30.0, 11.0, 9.0, -11.0, 9.0, 12.0]"
1,1791632124.9787443,"[-72.685089, 89.649588, 68.995203, 59.23930200000001, -0.08712299999999118, 64.600653, 33.04778400000001, 35.069277, 74.70811800000001, 89.12224200000003, 73.301862, 59.06352000000001, -1.9328339999999855, 104.23949399999998, 78.83899500000001, 66.182691]","[0.0, 1.0, 0.0, 0.0, 1.0, 0.0, 1.0, 0.0, 1.0, 1.0, 0.0, 1.0, 0.0, 1.0, 1.0, 0.0]","[9.0, 10.0, 14.0, 12.0, 0.0, 13.0, 9.0, 0.0, 13.0, 11.0, 37.0, 11.0, 9.0, -11.0, 11.0, 13.0]"
1,1791632125.2020695,"[-72.685089, 89.649588, 69.08309400000002, 59.23930200000001, -0.08712299999999118, 64.600653, 33.04778400000001, 35.069277, 74.70811800000001, 89.12224200000003, 73.301862, 59.06352000000001, -1.9328339999999855, 104.23949399999998, 78.83899500000001, 66.182691]","[0.0, 1.0, 1.0, 1.0, 1.0, 0.0, 1.0, 0.0, 1.0, 1.0, 0.0, 0.0, 1.0, 1.0, 1.0, 1.0]","[8.0, 10.0, 6.0, 13.0, 0.0, 13.0, 10.0, 0.0, 14.0, 0.0, 9.0, 0.0, 9.0, -11.0, 10.0, 11.0]"
2,1791632127.218108,"[-0.08712299999999118, -4.92112800000001, -1.053923999999995, -0.08712299999999118, -0.17501400000000444, -4.657454999999999, 0.17654999999999177, -0.08712299999999118, 0.17654999999999177, -4.745346000000012, -0.9660330000000101, 0.44022300000000314, -1.229705999999993, 177.892152, 40.518519, 25.928613000000013]","[0.0, 0.0, 1.0, 0.0, 1.0, 0.0, 0.0, 0.0, 0.0, 1.0, 1.0, 0.0, 0.0, 1.0, 0.0, 0.0]","[2.0, 33.0, 16.0, 0.0, 6.0, 30.0, -10.0, 0.0, -15.0, 31.0, 11.0, -11.0, 12.0, 17.0, -12.0, -16.0]"
2,1791632127.4420419,"[-0.08712299999999118, -4.92112800000001, -0.790251000000012, 0.26444100000000503, -0.17501400000000444, -4.657454999999999, 0.7038960000000145, 0.0007679999999936626, 0.17654999999999177, -4.745346000000012, -0.9660330000000101, 0.528113999999988, -1.229705999999993, 177.71636999999998, 40.60641000000001, 26.016503999999998]","[0.0, 0.0, 1.0, 1.0, 1.0, 0.0, 1.0, 0.0, 0.0, 1.0, 1.0, 1.0, 0.0, 0.0, 1.0, 1.0]","[1.0, 41.0, 19.0, 15.0, 10.0, 44.0, 10.0, 12.0, -15.0, 41.0, 14.0, 11.0, 16.0, -12.0, 10.0, 0.0]"
2,1791632127.6645546,"[-0.08712299999999118, -4.745346000000012, -0.08712299999999118, 0.7038960000000145, -0.08712299999999118, -3.339089999999999, 1.407024000000007, 0.44022300000000314, 0.17654999999999177, -4.5695639999999855, -0.5265780000000007, 0.7917869999999994, -1.229705999999993, 177.364806, 40.694300999999996, 26.368067999999994]","[0.0, 0.0, 3.0, 1.0, 1.0, 1.0, 2.0, 4.0, 0.0, 1.0, 0.0, 1.0, 0.0, 0.0, 2.0, 1.0]","[0.0, 50.0, 18.0, 15.0, 4.0, 56.0, 11.0, 13.0, -14.0, 50.0, 15.0, 12.0, 20.0, -22.0, 12.0, 15.0]"
2,1791632127.8895588,"[-0.08712299999999118, -4.745346000000012, 0.8796780000000126, 1.582806000000005, -0.17501400000000444, -1.3175970000000063, 2.0222610000000145, 1.582806000000005, 0.17654999999999177, -4.5695639999999855, 0.6160050000000012, 1.0554600000000107, -1.1418150000000082, 176.310114, 41.309538, 27.159087]","[1.0, 0.0, 1.0, 1.0, 1.0, 8.0, 1.0, 1.0, 0.0, 1.0, 1.0, 1.0, 1.0, -3.0, 1.0, 1.0]","[0.0, 60.0, 20.0, 16.0, 7.0, 52.0, 12.0, 14.0, -14.0, 60.0, 15.0, 14.0, 27.0, -37.0, 14.0, 15.0]"
2,1791632128.111376,"[-0.08712299999999118, -3.514871999999997, 1.7585880000000031, 2.6374979999999937, -0.17501400000000444, -1.229705999999993, 2.813279999999992, 2.2859339999999975, 0.17654999999999177, -3.60276300000001, 1.7585880000000031, 2.0222610000000145, -1.1418150000000082, 173.14603799999998, 42.188447999999994, 28.125888000000003]","[1.0, 1.0, 1.0, 2.0, 0.0, 1.0, 2.0, 1.0, 0.0, 4.0, 5.0, 1.0, 1.0, -2.0, 1.0, 2.0]","[0.0, 58.0, 20.0, 16.0, 11.0, 76.0, 13.0, 13.0, -14.0, 59.0, 14.0, 13.0, 34.0, -34.0, 13.0, 15.0]"
2,1791632128.3381836,"[-0.08712299999999118, -2.0207249999999988, 2.901171000000005, 3.6921900000000107, -0.17501400000000444, 2.813279999999992, 3.6921900000000107, 3.5164080000000126, 0.17654999999999177, -3.60276300000001, 1.846478999999988, 3.3406260000000145, -1.1418150000000082, 169.71828900000003, 43.155249, 29.268471000000005]","[1.0, 7.0, 3.0, 1.0, 0.0, 5.0, 2.0, 1.0, 0.0, 1.0, 1.0, 3.0, 1.0, -4.0, 3.0, 2.0]","[0.0, 50.0, 19.0, 15.0, 11.0, 54.0, 12.0, 13.0, -14.0, 72.0, 19.0, 13.0, 40.0, -29.0, 14.0, 14.0]"
2,1791632128.559342,"[-0.08712299999999118, -1.8449430000000007, 3.7800809999999956, 4.746881999999999, -0.17501400000000444, 2.901171000000005, 4.483208999999988, 4.395318000000003, 0.17654999999999177, -3.60276300000001, 3.6921900000000107, 4.30742699999999, 0.9675689999999975, 168.487815, 44.56150500000001, 30.147380999999996]","[1.0, 0.0, 3.0, 3.0, 1.0, 1.0, 1.0, 1.0, 0.0, 1.0, 4.0, 1.0, 11.0, 0.0, 4.0, 1.0]","[0.0, 62.0, 20.0, 16.0, 10.0, 78.0, 14.0, 14.0, -14.0, 88.0, 14.0, 14.0, 30.0, -49.0, 13.0, 15.0]"
2,1791632128.7839012,"[-0.08712299999999118, -1.8449430000000007, 4.834773000000013, 5.801573999999988, -0.17501400000000444, 6.856266000000005, 5.362119000000007, 5.274227999999994, 0.17654999999999177, -0.35079600000000255, 4.6589910000000145, 4.571100000000001, 2.2859339999999975, 164.620611, 44.649395999999996, 31.289963999999998]","[0.0, 1.0, 4.0, 2.0, 1.0, 8.0, 1.0, 1.0, 0.0, 11.0, 2.0, 5.0, 1.0, -7.0, 1.0, 2.0]","[1.0, 73.0, 19.0, 16.0, 11.0, 50.0, 13.0, 14.0, -14.0, 52.0, 17.0, 15.0, 31.0, -35.0, 16.0, 14.0]"
2,1791632129.0093448,"[-0.08712299999999118, 0.9675689999999975, 5.889465000000001, 6.768374999999992, -0.17501400000000444, 8.614086000000015, 6.504702000000009, 6.856266000000005, 0.17654999999999177, 0.0007679999999936626, 5.537901000000005, 6.504702000000009, 3.5164080000000126, 161.36864400000002, 46.67088899999999, 32.256765]","[1.0, 5.0, 1.0, 3.0, 1.0, 7.0, 2.0, 4.0, 0.0, 1.0, 1.0, 3.0, 3.0, -6.0, 6.0, 2.0]","[0.0, 49.0, 20.0, 16.0, 11.0, 52.0, 13.0, 12.0, -15.0, 67.0, 16.0, 12.0, 29.0, -37.0, 12.0, 15.0]"
2,1791632129.2340074,"[-0.08712299999999118, 1.0554600000000107, 6.768374999999992, 7.823067000000009, -0.17501400000000444, 10.635579000000007, 7.2957210000000146, 7.735175999999996, 0.17654999999999177, 0.08865900000000693, 6.768374999999992, 7.2957210000000146, 3.6042989999999975, 158.11667699999998, 47.461907999999994, 33.31145699999999]","[0.0, 0.0, 5.0, 3.0, 1.0, 7.0, 2.0, 1.0, 0.0, 1.0, 2.0, 1.0, 1.0, -4.0, 1.0, 3.0]","[2.0, 62.0, 20.0, 15.0, 8.0, 52.0, 13.0, 13.0, -13.0, 77.0, 15.0, 14.0, 35.0, -34.0, 13.0, 14.0]"
2,1791632129.4565034,"[-0.08712299999999118, 1.0554600000000107, 7.823067000000009, 8.701977, -0.17501400000000444, 11.953944000000007, 8.350413000000003, 8.701977, 0.17654999999999177, 0.08865900000000693, 7.5593939999999975, 8.350413000000003, 5.62579199999999, 155.304165, 48.51660000000001, 34.36614900000001]","[0.0, 1.0, 1.0, 1.0, 1.0, 1.0, 3.0, 1.0, 0.0, 1.0, 4.0, 3.0, 6.0, -2.0, 3.0, 1.0]","[2.0, 74.0, 20.0, 15.0, 12.0, 64.0, 13.0, 12.0, -15.0, 91.0, 15.0, 13.0, 26.0, -36.0, 13.0, 14.0]"
2,1791632129.6819274,"[-0.08712299999999118, 1.0554600000000107, 8.789868000000013, 9.844560000000001, -0.17501400000000444, 14.678564999999992, 9.317214000000007, 9.58088699999999, 0.17654999999999177, 3.3406260000000145, 8.438303999999988, 9.317214000000007, 5.801573999999988, 152.31587100000002, 49.571292, 35.33295000000001]","[1.0, 1.0, 2.0, 3.0, 1.0, 8.0, 1.0, 1.0, 0.0, 13.0, 1.0, 1.0, 1.0, -4.0, 1.0, 1.0]","[0.0, 88.0, 21.0, 15.0, 11.0, 50.0, 13.0, 13.0, -14.0, 53.0, 16.0, 14.0, 33.0, -34.0, 13.0, 14.0]"
2,1791632129.9035873,"[-0.08712299999999118, 1.0554600000000107, 9.932451000000015, 10.723469999999992, -0.17501400000000444, 16.524276000000015, 10.28401500000001, 10.723469999999992, 0.17654999999999177, 4.30742699999999, 9.58088699999999, 10.28401500000001, 7.998849000000007, 149.85492299999999, 50.538093, 36.21186]","[1.0, 1.0, 3.0, 1.0, 0.0, 4.0, 1.0, 2.0, 0.0, 1.0, 2.0, 2.0, 5.0, -2.0, 3.0, 1.0]","[0.0, 98.0, 19.0, 17.0, 11.0, 55.0, 14.0, 12.0, -14.0, 59.0, 16.0, 14.0, 25.0, -39.0, 12.0, 14.0]"
2,1791632130.1298368,"[-0.08712299999999118, 5.450009999999992, 10.811361000000005, 11.690270999999996, -0.08712299999999118, 18.633659999999992, 11.338707, 11.60238000000001, 0.17654999999999177, 4.746881999999999, 10.459797000000009, 11.162925000000001, 8.086739999999992, 147.13030200000003, 50.713875, 37.44233399999999]","[1.0, 12.0, 4.0, 3.0, 0.0, 11.0, 3.0, 2.0, 0.0, 1.0, 1.0, 1.0, 1.0, -2.0, 1.0, 2.0]","[0.0, 51.0, 20.0, 16.0, 7.0, 47.0, 13.0, 13.0, -14.0, 66.0, 16.0, 13.0, 32.0, -42.0, 15.0, 14.0]"
2,1791632130.3533652,"[-0.08712299999999118, 5.713683000000003, 11.690270999999996, 12.744963000000013, -0.17501400000000444, 20.567262, 12.393398999999988, 12.744963000000013, 0.17654999999999177, 6.416810999999996, 10.987143000000003, 12.21761699999999, 10.196123999999998, 143.43887999999998, 52.559585999999996, 38.32124400000001]","[0.0, 1.0, 1.0, 1.0, 1.0, 1.0, 3.0, 4.0, 0.0, 5.0, 1.0, 1.0, 6.0, -9.0, 5.0, 2.0]","[0.0, 68.0, 20.0, 15.0, 11.0, 54.0, 13.0, 13.0, -14.0, 58.0, 18.0, 13.0, 24.0, -33.0, 12.0, 14.0]"
2,1791632130.5777833,"[-0.08712299999999118, 5.713683000000003, 12.657072, 13.623873000000003, -0.17501400000000444, 22.676646000000005, 13.272309000000007, 13.711763999999988, 0.17654999999999177, 7.2957210000000146, 12.305508000000003, 13.184417999999994, 10.987143000000003, 140.538477, 53.526387, 39.46382700000001]","[1.0, 1.0, 2.0, 2.0, 1.0, 10.0, 1.0, 1.0, 0.0, 0.0, 1.0, 1.0, 5.0, -2.0, 1.0, 1.0]","[0.0, 79.0, 20.0, 17.0, 10.0, 52.0, 14.0, 12.0, -14.0, 60.0, 17.0, 13.0, 26.0, -40.0, 13.0, 14.0]"
2,1791632130.8017952,"[-0.08712299999999118, 9.053540999999996, 13.799655000000001, 14.678564999999992, -0.17501400000000444, 25.137594000000007, 14.414892000000009, 14.766456000000005, 0.17654999999999177, 7.2957210000000146, 13.53598199999999, 14.063328000000013, 12.21761699999999, 137.02283699999998, 54.756861000000015, 40.518519]","[0.0, 11.0, 3.0, 3.0, 0.0, 1.0, 2.0, 4.0, 0.0, 1.0, 2.0, 3.0, 3.0, -3.0, 3.0, 1.0]","[0.0, 46.0, 19.0, 15.0, 9.0, 52.0, 13.0, 12.0, -14.0, 74.0, 16.0, 14.0, 24.0, -33.0, 12.0, 14.0]"
2,1791632131.0257528,"[-0.08712299999999118, 9.492996000000005, 14.85434699999999, 15.733257000000009, -0.17501400000000444, 25.225484999999992, 15.381693000000013, 16.084821000000005, 0.17654999999999177, 9.405104999999992, 13.53598199999999, 14.85434699999999, 13.096527000000009, 133.682979, 55.89944400000002, 41.48532]","[1.0, 0.0, 3.0, 2.0, 0.0, 1.0, 1.0, 2.0, 0.0, 11.0, 1.0, 1.0, 1.0, -6.0, 3.0, 1.0]","[0.0, 58.0, 20.0, 16.0, 11.0, 74.0, 14.0, 12.0, -13.0, 54.0, 21.0, 14.0, 26.0, -28.0, 12.0, 14.0]"
2,1791632131.249737,"[-0.08712299999999118, 9.58088699999999, 15.733257000000009, 16.524276000000015, -0.17501400000000444, 29.35636199999999, 16.612167, 16.87584000000001, 0.17654999999999177, 9.492996000000005, 15.469583999999998, 16.084821000000005, 14.063328000000013, 130.431012, 56.86624499999999, 42.627903]","[1.0, 1.0, 1.0, 4.0, 1.0, 7.0, 2.0, 1.0, 0.0, 1.0, 5.0, 1.0, 4.0, -5.0, 1.0, 3.0]","[0.0, 66.0, 20.0, 16.0, 11.0, 47.0, 12.0, 12.0, -14.0, 70.0, 15.0, 12.0, 23.0, -27.0, 12.0, 13.0]"
2,1791632131.470784,"[-0.08712299999999118, 11.866052999999994, 16.963730999999996, 17.403186000000005, -0.08712299999999118, 30.23527200000001, 17.666858999999988, 18.018423000000013, 0.17654999999999177, 9.492996000000005, 16.436385, 17.227404000000007, 15.030128999999988, 127.44271800000001, 56.954136000000005, 43.506812999999994]","[1.0, 7.0, 4.0, 1.0, 1.0, 6.0, 2.0, 2.0, 0.0, 1.0, 1.0, 2.0, 8.0, -2.0, 1.0, 1.0]","[0.0, 52.0, 18.0, 17.0, 4.0, 56.0, 13.0, 11.0, -14.0, 84.0, 16.0, 13.0, 22.0, -30.0, 15.0, 14.0]"
2,1791632131.6949708,"[-0.08712299999999118, 11.953944000000007, 17.930532, 18.721551000000005, -0.17501400000000444, 33.399348, 18.36998700000001, 18.897333000000003, 0.17654999999999177, 11.162925000000001, 17.578968000000003, 18.19420500000001, 15.909039000000007, 124.80598800000001, 59.06352000000001, 44.56150500000001]","[0.0, 1.0, 1.0, 4.0, 1.0, 8.0, 1.0, 1.0, 0.0, 8.0, 3.0, 3.0, 2.0, -4.0, 5.0, 4.0]","[1.0, 64.0, 22.0, 15.0, 10.0, 45.0, 14.0, 12.0, -14.0, 65.0, 14.0, 13.0, 24.0, -32.0, 12.0, 14.0]"
2,1791632131.921663,"[-0.08712299999999118, 12.832853999999998, 18.80944199999999, 19.51257000000001, -0.17501400000000444, 35.33295000000001, 18.985223999999988, 19.864134000000007, 0.17654999999999177, 13.799655000000001, 18.545769000000007, 19.161006000000015, 17.49107699999999, 122.16925800000001, 60.293994, 45.616197]","[0.0, 7.0, 1.0, 1.0, 0.0, 3.0, 1.0, 1.0, 0.0, 5.0, 1.0, 2.0, 2.0, -2.0, 3.0, 1.0]","[0.0, 63.0, 19.0, 17.0, 7.0, 49.0, 15.0, 11.0, -13.0, 53.0, 16.0, 13.0, 21.0, -34.0, 11.0, 13.0]"
2,1791632132.1456182,"[-0.08712299999999118, 13.096527000000009, 20.039916000000005, 20.567262, -0.17501400000000444, 37.706007, 20.039916000000005, 20.918825999999996, 0.17654999999999177, 13.799655000000001, 19.68835200000001, 20.303588999999988, 17.842641000000015, 118.38994500000001, 61.260795, 46.582998]","[0.0, 1.0, 2.0, 3.0, 0.0, 5.0, 2.0, 3.0, 0.0, 1.0, 5.0, 2.0, 1.0, -2.0, 3.0, 2.0]","[0.0, 75.0, 18.0, 16.0, 11.0, 43.0, 15.0, 12.0, -14.0, 67.0, 15.0, 13.0, 26.0, -28.0, 11.0, 13.0]"
2,1791632132.3696668,"[-0.08712299999999118, 15.118020000000001, 21.094607999999994, 21.709845, -0.17501400000000444, 39.551717999999994, 20.83093500000001, 21.885627, 0.17654999999999177, 13.799655000000001, 20.655153000000013, 21.270389999999992, 19.600460999999996, 114.78641399999998, 62.403378000000004, 47.725581000000005]","[1.0, 4.0, 2.0, 1.0, 0.0, 3.0, 1.0, 1.0, 0.0, 1.0, 2.0, 1.0, 2.0, -5.0, 4.0, 2.0]","[0.0, 60.0, 18.0, 16.0, 12.0, 44.0, 16.0, 12.0, -13.0, 78.0, 15.0, 13.0, 20.0, -24.0, 10.0, 13.0]"
2,1791632132.591051,"[-0.08712299999999118, 15.821147999999994, 22.061408999999998, 22.588754999999992, -0.17501400000000444, 41.92477500000001, 21.885627, 23.02821, 0.17654999999999177, 16.17271199999999, 20.743043999999998, 22.32508200000001, 20.655153000000013, 111.534447, 63.545961000000005, 48.604490999999996]","[1.0, 5.0, 1.0, 1.0, 0.0, 11.0, 3.0, 1.0, 0.0, 11.0, 2.0, 1.0, 1.0, -7.0, 2.0, 1.0]","[0.0, 61.0, 18.0, 16.0, 11.0, 37.0, 16.0, 12.0, -14.0, 52.0, 17.0, 13.0, 21.0, -21.0, 11.0, 14.0]"
2,1791632132.8147404,"[-0.08712299999999118, 17.666858999999988, 22.852428000000003, 23.46766500000001, -0.17501400000000444, 44.12205, 22.588754999999992, 23.995011000000005, 0.17654999999999177, 18.106313999999998, 22.676646000000005, 23.203992, 21.709845, 108.72193500000003, 64.51276200000001, 49.65918300000001]","[1.0, 1.0, 1.0, 3.0, 0.0, 1.0, 1.0, 1.0, 0.0, 5.0, 1.0, 2.0, 1.0, -2.0, 2.0, 3.0]","[0.0, 57.0, 20.0, 16.0, 6.0, 42.0, 16.0, 11.0, -13.0, 52.0, 15.0, 13.0, 20.0, -26.0, 11.0, 13.0]"
2,1791632133.038687,"[-0.08712299999999118, 17.666858999999988, 23.907119999999992, 24.610248000000013, -0.17501400000000444, 46.582998, 23.64344700000001, 24.96181200000001, 0.17654999999999177, 18.106313999999998, 23.555555999999996, 24.346575, 22.061408999999998, 105.118404, 65.47956300000001, 50.62598400000002]","[0.0, 1.0, 3.0, 1.0, 0.0, 5.0, 3.0, 1.0, 0.0, 1.0, 1.0, 4.0, 6.0, -6.0, 3.0, 1.0]","[0.0, 67.0, 19.0, 16.0, 11.0, 38.0, 16.0, 12.0, -13.0, 64.0, 16.0, 12.0, 20.0, -20.0, 11.0, 14.0]"
2,1791632133.2624097,"[-0.08712299999999118, 19.600460999999996, 24.78603000000001, 25.66494, -0.17501400000000444, 48.34081800000001, 24.78603000000001, 26.016503999999998, 0.17654999999999177, 18.106313999999998, 24.698138999999998, 25.577048999999988, 22.852428000000003, 104.15160300000002, 65.743236, 50.97754800000001]","[1.0, 2.0, 1.0, 4.0, 0.0, 4.0, 4.0, 2.0, 0.0, 1.0, 4.0, 3.0, 1.0, 0.0, 0.0, 2.0]","[0.0, 53.0, 20.0, 16.0, 11.0, 40.0, 16.0, 11.0, -14.0, 77.0, 15.0, 13.0, 26.0, -36.0, 12.0, 15.0]"
2,1791632133.4866822,"[-0.08712299999999118, 19.776242999999994, 25.840722, 26.71963199999999, -0.08712299999999118, 50.538093, 25.840722, 26.983305, 0.17654999999999177, 20.479371000000015, 25.577048999999988, 26.455959000000007, 22.852428000000003, 103.624257, 65.83112700000001, 51.32911200000001]","[1.0, 1.0, 2.0, 1.0, 1.0, 7.0, 2.0, 1.0, 0.0, 5.0, 6.0, 3.0, 1.0, 0.0, 1.0, 1.0]","[0.0, 66.0, 20.0, 15.0, 0.0, 35.0, 16.0, 12.0, -14.0, 55.0, 15.0, 13.0, 33.0, -55.0, 16.0, 17.0]"
2,1791632133.713511,"[-0.08712299999999118, 19.776242999999994, 26.631741000000005, 27.774324000000007, -0.08712299999999118, 52.735367999999994, 27.071196000000015, 27.686432999999994, 0.17654999999999177, 20.743043999999998, 26.631741000000005, 27.686432999999994, 22.852428000000003, 102.74534699999998, 65.919018, 51.50489400000001]","[0.0, 1.0, 1.0, 2.0, 1.0, 3.0, 1.0, 1.0, 0.0, 1.0, 4.0, 3.0, 1.0, 0.0, 1.0, 1.0]","[0.0, 77.0, 21.0, 15.0, 0.0, 34.0, 15.0, 11.0, -14.0, 67.0, 15.0, 12.0, 40.0, -86.0, 21.0, 20.0]"
2,1791632133.9349954,"[-0.08712299999999118, 22.676646000000005, 27.774324000000007, 28.74112500000001, -0.08712299999999118, 54.93264300000001, 28.125888000000003, 28.74112500000001, 0.17654999999999177, 22.32508200000001, 27.686432999999994, 28.74112500000001, 22.76453699999999, 101.95432799999998, 65.83112700000001, 51.680676000000005]","[1.0, 3.0, 2.0, 1.0, 0.0, 6.0, 1.0, 2.0, 0.0, 15.0, 2.0, 1.0, 0.0, 0.0, 0.0, 1.0]","[0.0, 55.0, 19.0, 16.0, 0.0, 31.0, 15.0, 12.0, -14.0, 49.0, 15.0, 12.0, 52.0, -124.0, 27.0, 26.0]"
2,1791632134.1618397,"[-0.08712299999999118, 22.676646000000005, 28.653233999999998, 29.883708000000013, -0.08712299999999118, 57.3057, 29.444253000000003, 29.971598999999998, 0.17654999999999177, 23.995011000000005, 28.74112500000001, 29.795817, 22.32508200000001, 102.56956500000001, 65.83112700000001, 51.59278499999999]","[1.0, 1.0, 2.0, 4.0, 1.0, 3.0, 3.0, 2.0, 0.0, 1.0, 3.0, 1.0, 0.0, 1.0, 0.0, 0.0]","[0.0, 66.0, 20.0, 15.0, 0.0, 31.0, 14.0, 12.0, -15.0, 52.0, 14.0, 11.0, 10.0, -11.0, 10.0, 12.0]"
2,1791632134.3854904,"[-0.08712299999999118, 23.46766500000001, 29.620035, 30.850508999999988, -0.08712299999999118, 59.327192999999994, 30.67472699999999, 31.114182, 0.17654999999999177, 23.995011000000005, 29.795817, 30.850508999999988, 22.32508200000001, 102.56956500000001, 65.83112700000001, 51.59278499999999]","[0.0, 10.0, 1.0, 1.0, 1.0, 5.0, 2.0, 1.0, 0.0, 0.0, 2.0, 2.0, 0.0, 1.0, 0.0, 0.0]","[0.0, 61.0, 19.0, 15.0, 0.0, 32.0, 13.0, 11.0, -14.0, 64.0, 15.0, 12.0, 10.0, -11.0, 10.0, 8.0]"
2,1791632134.6083245,"[-0.08712299999999118, 26.368067999999994, 30.762618000000003, 31.905201000000005, -0.08712299999999118, 61.70025000000001, 31.817309999999992, 31.99309199999999, 0.17654999999999177, 24.08290199999999, 30.586836000000005, 31.817309999999992, 22.32508200000001, 102.56956500000001, 65.83112700000001, 51.680676000000005]","[1.0, 4.0, 2.0, 2.0, 1.0, 5.0, 4.0, 1.0, 0.0, 1.0, 4.0, 1.0, 0.0, 1.0, 0.0, 0.0]","[0.0, 48.0, 20.0, 16.0, 0.0, 28.0, 11.0, 11.0, -14.0, 76.0, 15.0, 12.0, 10.0, -11.0, 10.0, 11.0]"
2,1791632134.831137,"[-0.08712299999999118, 26.368067999999994, 31.729419000000007, 32.959892999999994, -0.08712299999999118, 64.073307, 32.69622000000001, 33.04778400000001, 0.17654999999999177, 27.686432999999994, 31.817309999999992, 32.52043800000001, 22.32508200000001, 102.56956500000001, 65.83112700000001, 51.680676000000005]","[1.0, 0.0, 2.0, 3.0, 1.0, 3.0, 1.0, 3.0, 0.0, 8.0, 5.0, 1.0, 0.0, 1.0, 0.0, 1.0]","[0.0, 59.0, 20.0, 16.0, 0.0, 25.0, 12.0, 12.0, -14.0, 42.0, 14.0, 12.0, 10.0, -11.0, 9.0, 5.0]"
2,1791632135.0570967,"[-0.08712299999999118, 28.30167, 32.959892999999994, 34.102475999999996, -0.08712299999999118, 64.424871, 32.784110999999996, 33.48723899999999, 0.17654999999999177, 27.774324000000007, 32.784110999999996, 33.663021000000015, 22.32508200000001, 102.56956500000001, 65.83112700000001, 51.680676000000005]","[1.0, 6.0, 4.0, 3.0, 1.0, 1.0, 1.0, 1.0, 0.0, 1.0, 1.0, 1.0, 0.0, 1.0, 0.0, 1.0]","[0.0, 45.0, 20.0, 15.0, 0.0, 36.0, 16.0, 11.0, -14.0, 55.0, 15.0, 11.0, 10.0, -12.0, 10.0, 10.0]"
2,1791632135.2810242,"[-0.08712299999999118, 28.565343000000013, 33.926694, 34.981386000000015, -0.08712299999999118, 64.864326, 32.784110999999996, 33.926694, 0.17654999999999177, 28.74112500000001, 33.926694, 34.717713, 22.32508200000001, 102.56956500000001, 65.83112700000001, 51.680676000000005]","[1.0, 0.0, 2.0, 3.0, 1.0, 1.0, 1.0, 1.0, 0.0, 1.0, 3.0, 1.0, 1.0, 1.0, 0.0, 1.0]","[0.0, 57.0, 19.0, 15.0, 0.0, 55.0, 22.0, 16.0, -14.0, 55.0, 13.0, 11.0, 11.0, -11.0, 10.0, 10.0]"
2,1791632135.5048633,"[-0.08712299999999118, 30.762618000000003, 35.069277, 35.860296000000005, -0.08712299999999118, 64.864326, 33.04778400000001, 34.541931000000005, 0.17654999999999177, 29.795817, 34.80560399999999, 35.15716800000001, 22.32508200000001, 102.56956500000001, 65.83112700000001, 51.59278499999999]","[1.0, 7.0, 4.0, 2.0, 1.0, 1.0, 1.0, 4.0, 0.0, 7.0, 1.0, 5.0, 1.0, 1.0, 0.0, 1.0]","[0.0, 43.0, 19.0, 15.0, 0.0, 79.0, 26.0, 16.0, -14.0, 49.0, 15.0, 12.0, 10.0, -12.0, 10.0, 4.0]"
2,1791632135.7295992,"[-0.08712299999999118, 31.026291000000015, 36.21186, 36.82709700000001, -0.08712299999999118, 65.30378100000001, 33.04778400000001, 35.33295000000001, 0.17654999999999177, 31.905201000000005, 35.94818699999999, 36.739205999999996, 22.237190999999996, 102.56956500000001, 65.83112700000001, 51.680676000000005]","[1.0, 1.0, 3.0, 1.0, 1.0, 1.0, 1.0, 1.0, 0.0, 5.0, 5.0, 3.0, 0.0, 1.0, 0.0, 1.0]","[0.0, 52.0, 18.0, 15.0, 0.0, 102.0, 33.0, 18.0, -13.0, 43.0, 15.0, 11.0, 10.0, -12.0, 10.0, 11.0]"
2,1791632135.9515934,"[-0.08712299999999118, 32.256765, 37.178661000000005, 37.881789, -0.08712299999999118, 64.073307, 33.04778400000001, 35.33295000000001, 0.17654999999999177, 31.905201000000005, 36.914987999999994, 37.354443, 22.32508200000001, 102.56956500000001, 65.83112700000001, 51.680676000000005]","[1.0, 1.0, 1.0, 1.0, 1.0, 0.0, 1.0, 1.0, 0.0, 1.0, 1.0, 2.0, 1.0, 1.0, 0.0, 0.0]","[0.0, 49.0, 18.0, 16.0, 0.0, 13.0, 9.0, 0.0, -14.0, 53.0, 14.0, 13.0, 10.0, -11.0, 10.0, 9.0]"
2,1791632136.1772876,"[-0.08712299999999118, 33.57513, 38.497026000000005, 38.76069899999999, -0.08712299999999118, 64.073307, 33.04778400000001, 35.33295000000001, 0.17654999999999177, 33.223566000000005, 38.14546200000001, 38.672808, 22.32508200000001, 102.56956500000001, 65.83112700000001, 51.680676000000005]","[1.0, 2.0, 4.0, 1.0, 1.0, 0.0, 1.0, 1.0, 0.0, 1.0, 5.0, 1.0, 1.0, 1.0, 0.0, 1.0]","[0.0, 48.0, 17.0, 16.0, 0.0, 12.0, 9.0, 0.0, -14.0, 50.0, 13.0, 11.0, 10.0, -12.0, 9.0, 6.0]"
2,1791632136.3998585,"[-0.08712299999999118, 34.981386000000015, 39.46382700000001, 39.815391000000005, -0.08712299999999118, 64.073307, 33.04778400000001, 35.33295000000001, 0.17654999999999177, 33.223566000000005, 39.024372, 39.815391000000005, 22.237190999999996, 102.56956500000001, 65.83112700000001, 51.59278499999999]","[1.0, 5.0, 2.0, 3.0, 1.0, 0.0, 1.0, 1.0, 0.0, 1.0, 1.0, 4.0, 0.0, 1.0, 0.0, 0.0]","[0.0, 40.0, 17.0, 14.0, 0.0, 13.0, 9.0, 0.0, -14.0, 61.0, 15.0, 12.0, 10.0, -12.0, 10.0, 13.0]"
2,1791632136.6220748,"[-0.08712299999999118, 35.420840999999996, 40.518519, 40.694300999999996, -0.08712299999999118, 64.073307, 33.04778400000001, 35.33295000000001, 0.17654999999999177, 35.50873200000001, 39.991173, 40.342737, 22.32508200000001, 102.56956500000001, 65.83112700000001, 51.59278499999999]","[1.0, 1.0, 1.0, 1.0, 1.0, 0.0, 1.0, 1.0, 0.0, 11.0, 2.0, 5.0, 1.0, 1.0, 0.0, 1.0]","[0.0, 45.0, 17.0, 16.0, 0.0, 13.0, 9.0, 0.0, -14.0, 40.0, 13.0, 12.0, 10.0, -11.0, 10.0, 13.0]"
2,1791632136.8492873,"[-0.08712299999999118, 37.00287900000001, 41.74899300000001, 41.74899300000001, -0.08712299999999118, 64.073307, 33.04778400000001, 35.33295000000001, 0.17654999999999177, 37.00287900000001, 41.48532, 42.012665999999996, 22.32508200000001, 102.56956500000001, 65.83112700000001, 51.59278499999999]","[1.0, 4.0, 3.0, 3.0, 1.0, 0.0, 1.0, 1.0, 0.0, 1.0, 4.0, 4.0, 0.0, 1.0, 0.0, 0.0]","[0.0, 42.0, 17.0, 16.0, 0.0, 12.0, 9.0, 0.0, -14.0, 42.0, 11.0, 11.0, 10.0, -11.0, 10.0, 13.0]"
2,1791632137.0725613,"[-0.08712299999999118, 37.00287900000001, 42.71579399999999, 42.891576000000015, -0.08712299999999118, 64.073307, 33.04778400000001, 35.33295000000001, 0.17654999999999177, 37.44233399999999, 42.36422999999999, 42.891576000000015, 22.32508200000001, 102.56956500000001, 65.83112700000001, 51.59278499999999]","[1.0, 1.0, 3.0, 3.0, 1.0, 0.0, 1.0, 1.0, 0.0, 1.0, 1.0, 2.0, 0.0, 1.0, 0.0, 1.0]","[0.0, 50.0, 16.0, 15.0, 0.0, 13.0, 9.0, 0.0, -14.0, 49.0, 13.0, 12.0, 10.0, -11.0, 10.0, 9.0]"
2,1791632137.2962391,"[-0.08712299999999118, 39.11226300000001, 43.770486000000005, 43.770486000000005, -0.08712299999999118, 64.073307, 33.04778400000001, 35.33295000000001, 0.17654999999999177, 37.44233399999999, 43.506812999999994, 44.03415899999999, 22.32508200000001, 102.56956500000001, 65.83112700000001, 51.59278499999999]","[1.0, 4.0, 1.0, 4.0, 1.0, 0.0, 1.0, 1.0, 0.0, 1.0, 3.0, 3.0, 1.0, 1.0, 0.0, 1.0]","[0.0, 38.0, 17.0, 14.0, 0.0, 12.0, 9.0, 0.0, -14.0, 59.0, 11.0, 10.0, 9.0, -12.0, 9.0, 10.0]"
2,1791632137.519363,"[-0.08712299999999118, 39.72749999999999, 44.91306900000001, 45.17674199999999, -0.08712299999999118, 64.073307, 33.04778400000001, 35.33295000000001, 0.17654999999999177, 39.90328199999999, 44.473614, 45.088851000000005, 22.32508200000001, 102.56956500000001, 65.83112700000001, 51.59278499999999]","[1.0, 7.0, 4.0, 6.0, 1.0, 0.0, 1.0, 1.0, 0.0, 11.0, 1.0, 3.0, 0.0, 1.0, 0.0, 1.0]","[0.0, 40.0, 16.0, 15.0, 0.0, 12.0, 9.0, 0.0, -14.0, 40.0, 12.0, 10.0, 9.0, -12.0, 9.0, 12.0]"
2,1791632137.7450879,"[-0.08712299999999118, 40.95797400000001, 45.87987000000001, 45.967760999999996, -0.08712299999999118, 64.073307, 33.04778400000001, 35.33295000000001, 0.17654999999999177, 41.661102, 45.616197, 46.23143400000001, 22.32508200000001, 102.56956500000001, 65.83112700000001, 51.59278499999999]","[1.0, 1.0, 1.0, 1.0, 1.0, 1.0, 1.0, 1.0, 0.0, 1.0, 2.0, 2.0, 1.0, 1.0, 0.0, 1.0]","[0.0, 43.0, 16.0, 15.0, 0.0, 13.0, 10.0, 0.0, -14.0, 36.0, 11.0, 10.0, 12.0, -12.0, 10.0, 13.0]"
2,1791632137.9691198,"[-0.08712299999999118, 40.95797400000001, 46.846671000000015, 47.37401700000001, -0.08712299999999118, 64.073307, 33.04778400000001, 35.33295000000001, 0.17654999999999177, 41.661102, 46.75878, 47.286125999999996, 22.32508200000001, 102.56956500000001, 65.83112700000001, 51.59278499999999]","[1.0, 0.0, 2.0, 3.0, 1.0, 1.0, 1.0, 1.0, 0.0, 1.0, 3.0, 3.0, 1.0, 1.0, 0.0, 1.0]","[0.0, 52.0, 17.0, 14.0, 0.0, 13.0, 9.0, 0.0, -14.0, 46.0, 11.0, 10.0, 10.0, -11.0, 10.0, 12.0]"
2,1791632138.1909397,"[-0.08712299999999118, 43.59470400000001, 47.901363, 48.428709, -0.08712299999999118, 64.073307, 33.04778400000001, 35.33295000000001, 0.17654999999999177, 43.59470400000001, 47.725581000000005, 48.252927, 22.32508200000001, 102.56956500000001, 65.83112700000001, 51.59278499999999]","[1.0, 7.0, 3.0, 3.0, 1.0, 1.0, 1.0, 1.0, 0.0, 3.0, 3.0, 2.0, 1.0, 1.0, 0.0, 1.0]","[0.0, 33.0, 16.0, 14.0, 0.0, 12.0, 9.0, 0.0, -14.0, 34.0, 11.0, 10.0, 10.0, -12.0, 9.0, 12.0]"
2,1791632138.4145763,"[-0.08712299999999118, 44.73728700000001, 48.780272999999994, 49.39551, -0.08712299999999118, 64.073307, 33.04778400000001, 35.33295000000001, 0.17654999999999177, 44.73728700000001, 48.780272999999994, 49.30761899999999, 22.32508200000001, 102.56956500000001, 65.83112700000001, 51.59278499999999]","[1.0, 1.0, 1.0, 3.0, 1.0, 1.0, 1.0, 1.0, 0.0, 3.0, 5.0, 4.0, 1.0, 1.0, 0.0, 0.0]","[0.0, 32.0, 15.0, 14.0, 0.0, 13.0, 9.0, 0.0, -14.0, 33.0, 10.0, 10.0, 9.0, -12.0, 10.0, 12.0]"
2,1791632138.641133,"[-0.08712299999999118, 45.791979, 49.83496500000001, 50.62598400000002, -0.08712299999999118, 64.073307, 33.04778400000001, 35.33295000000001, 0.17654999999999177, 46.31932499999999, 49.747074, 50.27441999999999, 22.237190999999996, 102.56956500000001, 65.83112700000001, 51.59278499999999]","[1.0, 2.0, 1.0, 2.0, 1.0, 1.0, 1.0, 1.0, 0.0, 3.0, 1.0, 1.0, 0.0, 1.0, 0.0, 1.0]","[0.0, 34.0, 16.0, 13.0, 0.0, 13.0, 9.0, 0.0, -13.0, 30.0, 11.0, 10.0, 12.0, -12.0, 9.0, 13.0]"
2,1791632138.862185,"[-0.08712299999999118, 45.87987000000001, 50.889657, 51.50489400000001, -0.08712299999999118, 64.073307, 33.04778400000001, 35.33295000000001, 0.17654999999999177, 46.407216000000005, 50.97754800000001, 51.15333000000001, 22.32508200000001, 102.56956500000001, 65.83112700000001, 51.680676000000005]","[1.0, 1.0, 4.0, 1.0, 1.0, 1.0, 1.0, 1.0, 0.0, 1.0, 3.0, 2.0, 0.0, 1.0, 0.0, 1.0]","[0.0, 40.0, 16.0, 14.0, 0.0, 12.0, 9.0, 0.0, -14.0, 39.0, 12.0, 11.0, 10.0, -12.0, 9.0, 8.0]"
2,1791632139.08919,"[-0.08712299999999118, 48.252927, 52.03224, 52.735367999999994, -0.08712299999999118, 64.073307, 33.04778400000001, 35.33295000000001, 0.17654999999999177, 47.98925399999999, 51.856458, 52.29591300000001, 22.32508200000001, 102.56956500000001, 65.83112700000001, 51.59278499999999]","[1.0, 5.0, 1.0, 4.0, 1.0, 1.0, 1.0, 1.0, 0.0, 3.0, 1.0, 2.0, 0.0, 1.0, 0.0, 1.0]","[0.0, 30.0, 16.0, 13.0, 0.0, 13.0, 9.0, 0.0, -15.0, 34.0, 11.0, 9.0, 9.0, -11.0, 10.0, 12.0]"
2,1791632139.3131125,"[-0.08712299999999118, 49.39551, 53.08693199999999, 53.61427800000001, -0.08712299999999118, 64.073307, 33.04778400000001, 35.33295000000001, 0.17654999999999177, 49.30761899999999, 53.08693199999999, 53.350605, 22.32508200000001, 102.56956500000001, 65.83112700000001, 51.59278499999999]","[1.0, 2.0, 4.0, 1.0, 1.0, 1.0, 1.0, 1.0, 0.0, 7.0, 3.0, 4.0, 0.0, 1.0, 0.0, 0.0]","[0.0, 31.0, 15.0, 14.0, 0.0, 13.0, 9.0, 0.0, -15.0, 28.0, 10.0, 10.0, 10.0, -12.0, 10.0, 13.0]"
2,1791632139.5370133,"[-0.08712299999999118, 49.39551, 54.053732999999994, 54.66897, -0.08712299999999118, 64.073307, 33.04778400000001, 35.33295000000001, 0.17654999999999177, 50.62598400000002, 53.96584200000001, 54.22951499999999, 22.32508200000001, 102.56956500000001, 65.83112700000001, 51.59278499999999]","[1.0, 1.0, 3.0, 3.0, 1.0, 1.0, 1.0, 1.0, 0.0, 1.0, 3.0, 3.0, 1.0, 1.0, 0.0, 0.0]","[0.0, 37.0, 15.0, 13.0, 0.0, 12.0, 9.0, 0.0, -14.0, 29.0, 11.0, 10.0, 9.0, -11.0, 10.0, 13.0]"
2,1791632139.761002,"[-0.08712299999999118, 51.32911200000001, 55.196315999999996, 55.635771000000005, -0.08712299999999118, 64.073307, 33.04778400000001, 35.33295000000001, 0.17654999999999177, 51.680676000000005, 55.10842500000001, 55.28420700000001, 22.32508200000001, 102.56956500000001, 65.83112700000001, 51.59278499999999]","[1.0, 2.0, 3.0, 1.0, 1.0, 1.0, 1.0, 1.0, 1.0, 2.0, 1.0, 3.0, 0.0, 1.0, 0.0, 0.0]","[0.0, 32.0, 16.0, 13.0, 0.0, 13.0, 10.0, 0.0, -14.0, 29.0, 10.0, 10.0, 9.0, -12.0, 10.0, 11.0]"
2,1791632139.9836004,"[-0.08712299999999118, 52.735367999999994, 56.25100800000001, 56.60257200000001, -0.08712299999999118, 64.073307, 33.04778400000001, 35.33295000000001, 0.17654999999999177, 51.680676000000005, 56.075226000000015, 56.25100800000001, 22.32508200000001, 102.56956500000001, 65.83112700000001, 51.59278499999999]","[1.0, 6.0, 2.0, 3.0, 1.0, 1.0, 1.0, 1.0, 1.0, 1.0, 1.0, 4.0, 1.0, 1.0, 0.0, 1.0]","[0.0, 27.0, 14.0, 13.0, 0.0, 12.0, 9.0, 0.0, -14.0, 37.0, 11.0, 11.0, 9.0, -12.0, 10.0, 13.0]"
2,1791632140.206052,"[-0.08712299999999118, 53.79006000000001, 57.3057, 57.481482, -0.08712299999999118, 64.073307, 33.04778400000001, 35.33295000000001, 0.17654999999999177, 51.76856699999999, 56.86624499999999, 57.21780900000002, 22.32508200000001, 102.56956500000001, 65.83112700000001, 51.680676000000005]","[1.0, 1.0, 3.0, 1.0, 1.0, 1.0, 1.0, 1.0, 0.0, 1.0, 0.0, 3.0, 0.0, 1.0, 0.0, 0.0]","[0.0, 25.0, 15.0, 13.0, 0.0, 13.0, 9.0, 0.0, -14.0, 40.0, 11.0, 10.0, 10.0, -12.0, 10.0, 7.0]"
2,1791632140.4330018,"[-0.08712299999999118, 55.10842500000001, 58.448283, 58.448283, -0.08712299999999118, 64.073307, 33.04778400000001, 35.33295000000001, 0.17654999999999177, 54.93264300000001, 58.18460999999999, 58.18460999999999, 22.32508200000001, 102.56956500000001, 65.83112700000001, 51.59278499999999]","[0.0, 3.0, 4.0, 2.0, 1.0, 1.0, 1.0, 1.0, 1.0, 6.0, 3.0, 1.0, 1.0, 1.0, 0.0, 1.0]","[0.0, 26.0, 14.0, 13.0, 0.0, 13.0, 9.0, 0.0, -14.0, 25.0, 10.0, 11.0, 10.0, -11.0, 10.0, 13.0]"
2,1791632140.656891,"[-0.08712299999999118, 55.196315999999996, 59.590866000000005, 59.41508400000001, -0.08712299999999118, 64.073307, 33.04778400000001, 35.33295000000001, 0.26444100000000503, 55.196315999999996, 59.327192999999994, 59.23930200000001, 22.32508200000001, 102.56956500000001, 65.83112700000001, 51.59278499999999]","[0.0, 1.0, 2.0, 2.0, 1.0, 1.0, 1.0, 1.0, 1.0, 1.0, 4.0, 3.0, 1.0, 1.0, 0.0, 1.0]","[0.0, 33.0, 14.0, 13.0, 0.0, 13.0, 9.0, 0.0, -14.0, 31.0, 9.0, 10.0, 10.0, -12.0, 10.0, 12.0]"
2,1791632140.8809183,"[-0.08712299999999118, 57.3057, 59.766648, 60.469775999999996, -0.08712299999999118, 64.073307, 33.04778400000001, 35.33295000000001, 0.17654999999999177, 56.42679000000001, 59.41508400000001, 60.20610300000001, 22.32508200000001, 102.56956500000001, 65.83112700000001, 51.59278499999999]","[1.0, 6.0, 2.0, 1.0, 1.0, 1.0, 1.0, 1.0, 1.0, 1.0, 1.0, 2.0, 0.0, 1.0, 0.0, 1.0]","[0.0, 24.0, 14.0, 13.0, 0.0, 13.0, 10.0, 0.0, -14.0, 30.0, 9.0, 10.0, 10.0, -11.0, 10.0, 11.0]"
2,1791632141.1042943,"[-0.08712299999999118, 58.272501000000005, 59.766648, 61.436577, -0.08712299999999118, 64.073307, 33.04778400000001, 35.33295000000001, 0.17654999999999177, 56.42679000000001, 59.41508400000001, 61.260795, 22.32508200000001, 102.56956500000001, 65.83112700000001, 51.59278499999999]","[0.0, 2.0, 1.0, 2.0, 1.0, 1.0, 1.0, 1.0, 1.0, 1.0, 1.0, 1.0, 0.0, 1.0, 0.0, 0.0]","[0.0, 24.0, 14.0, 14.0, 0.0, 13.0, 10.0, 0.0, -14.0, 38.0, 10.0, 9.0, 12.0, -12.0, 9.0, 13.0]"
2,1791632141.3289125,"[-0.08712299999999118, 59.23930200000001, 59.85453900000002, 62.403378000000004, -0.08712299999999118, 64.073307, 33.04778400000001, 35.33295000000001, 0.26444100000000503, 56.42679000000001, 59.41508400000001, 62.227596000000005, 22.237190999999996, 102.56956500000001, 65.83112700000001, 51.59278499999999]","[0.0, 1.0, 1.0, 3.0, 1.0, 1.0, 1.0, 1.0, 2.0, 1.0, 1.0, 1.0, 1.0, 1.0, 0.0, 1.0]","[0.0, 23.0, 13.0, 13.0, 0.0, 12.0, 10.0, 0.0, -14.0, 48.0, 10.0, 10.0, 9.0, -12.0, 10.0, 9.0]"
2,1791632141.5528233,"[0.0007679999999936626, 60.030321000000015, 59.85453900000002, 63.63385199999999, -0.08712299999999118, 64.073307, 33.04778400000001, 35.33295000000001, 0.26444100000000503, 59.766648, 59.41508400000001, 63.37017900000001, 22.237190999999996, 102.56956500000001, 65.83112700000001, 51.680676000000005]","[1.0, 4.0, 1.0, 3.0, 1.0, 1.0, 1.0, 1.0, 2.0, 15.0, 1.0, 3.0, 0.0, 1.0, 0.0, 1.0]","[-8.0, 25.0, 13.0, 14.0, 0.0, 12.0, 9.0, 0.0, -14.0, 24.0, 9.0, 10.0, 10.0, -11.0, 10.0, 8.0]"
2,1791632141.7738142,"[-0.08712299999999118, 61.436577, 59.85453900000002, 64.51276200000001, -0.08712299999999118, 64.073307, 33.04778400000001, 35.33295000000001, 0.26444100000000503, 61.17290400000002, 59.41508400000001, 64.33698000000001, 22.237190999999996, 102.56956500000001, 65.83112700000001, 51.59278499999999]","[0.0, 5.0, 1.0, 2.0, 1.0, 1.0, 1.0, 1.0, 1.0, 1.0, 1.0, 2.0, 0.0, 1.0, 0.0, 1.0]","[0.0, 21.0, 14.0, 13.0, 0.0, 12.0, 9.0, 0.0, -14.0, 25.0, 10.0, 9.0, 10.0, -12.0, 10.0, 12.0]"
2,1791632142.0008323,"[0.0007679999999936626, 62.667051000000015, 59.85453900000002, 65.47956300000001, -0.08712299999999118, 64.073307, 33.04778400000001, 35.33295000000001, 0.26444100000000503, 62.403378000000004, 59.41508400000001, 65.21589, 22.32508200000001, 102.56956500000001, 65.83112700000001, 51.59278499999999]","[1.0, 1.0, 1.0, 4.0, 1.0, 0.0, 1.0, 1.0, 0.0, 4.0, 1.0, 2.0, 1.0, 1.0, 0.0, 1.0]","[0.0, 20.0, 13.0, 13.0, 0.0, 13.0, 9.0, 0.0, -14.0, 23.0, 9.0, 9.0, 10.0, -12.0, 10.0, 12.0]"
2,1791632142.22294,"[0.0007679999999936626, 63.80963400000002, 59.85453900000002, 66.534255, -0.08712299999999118, 64.073307, 33.04778400000001, 35.33295000000001, 0.26444100000000503, 62.403378000000004, 59.41508400000001, 66.27058199999999, 22.32508200000001, 102.56956500000001, 65.83112700000001, 51.59278499999999]","[0.0, 4.0, 1.0, 3.0, 1.0, 1.0, 1.0, 1.0, 1.0, 1.0, 1.0, 1.0, 1.0, 1.0, 0.0, 0.0]","[-1.0, 20.0, 14.0, 13.0, 0.0, 13.0, 9.0, 0.0, -14.0, 31.0, 9.0, 10.0, 10.0, -12.0, 10.0, 13.0]"
2,1791632142.4448943,"[-0.08712299999999118, 63.897525, 59.85453900000002, 67.501056, -0.08712299999999118, 64.073307, 33.04778400000001, 35.33295000000001, 0.26444100000000503, 64.51276200000001, 59.41508400000001, 67.237383, 22.32508200000001, 102.56956500000001, 65.83112700000001, 51.59278499999999]","[1.0, 1.0, 1.0, 1.0, 1.0, 0.0, 1.0, 1.0, 0.0, 5.0, 1.0, 1.0, 0.0, 1.0, 0.0, 0.0]","[-5.0, 27.0, 14.0, 13.0, 0.0, 13.0, 9.0, 0.0, -14.0, 22.0, 9.0, 10.0, 10.0, -11.0, 9.0, 13.0]"
2,1791632142.6727214,"[-0.08712299999999118, 65.743236, 59.85453900000002, 68.64363900000001, -0.08712299999999118, 64.073307, 33.04778400000001, 35.33295000000001, 0.26444100000000503, 65.567454, 59.41508400000001, 68.379966, 22.32508200000001, 102.56956500000001, 65.83112700000001, 51.59278499999999]","[1.0, 5.0, 1.0, 2.0, 1.0, 1.0, 1.0, 1.0, 1.0, 2.0, 1.0, 3.0, 1.0, 1.0, 0.0, 1.0]","[-3.0, 19.0, 14.0, 13.0, 0.0, 13.0, 9.0, 0.0, -15.0, 23.0, 9.0, 9.0, 10.0, -12.0, 10.0, 8.0]"
2,1791632142.8967166,"[-0.08712299999999118, 67.061601, 59.85453900000002, 69.522549, -0.08712299999999118, 64.073307, 33.04778400000001, 35.33295000000001, 0.26444100000000503, 66.27058199999999, 59.41508400000001, 69.170985, 22.32508200000001, 102.56956500000001, 65.83112700000001, 51.59278499999999]","[0.0, 3.0, 1.0, 1.0, 1.0, 1.0, 1.0, 1.0, 1.0, 1.0, 1.0, 4.0, 0.0, 1.0, 0.0, 1.0]","[-4.0, 20.0, 14.0, 13.0, 0.0, 12.0, 10.0, 0.0, -15.0, 24.0, 9.0, 10.0, 10.0, -12.0, 10.0, 12.0]"
2,1791632143.1173923,"[-0.08712299999999118, 68.028402, 59.85453900000002, 70.48935, -0.08712299999999118, 64.073307, 33.04778400000001, 35.33295000000001, 0.26444100000000503, 67.85262, 59.41508400000001, 70.137786, 22.32508200000001, 102.56956500000001, 65.83112700000001, 51.59278499999999]","[0.0, 1.0, 1.0, 2.0, 1.0, 1.0, 1.0, 1.0, 1.0, 5.0, 0.0, 1.0, 1.0, 1.0, 0.0, 0.0]","[0.0, 18.0, 14.0, 13.0, 0.0, 13.0, 10.0, 0.0, -15.0, 19.0, 9.0, 11.0, 10.0, -11.0, 10.0, 12.0]"
2,1791632143.3447134,"[-0.08712299999999118, 68.995203, 59.85453900000002, 71.54404199999999, -0.08712299999999118, 64.073307, 33.04778400000001, 35.33295000000001, 0.26444100000000503, 69.08309400000002, 59.41508400000001, 71.28036900000001, 22.237190999999996, 102.56956500000001, 65.83112700000001, 51.59278499999999]","[0.0, 1.0, 1.0, 1.0, 1.0, 0.0, 1.0, 1.0, 1.0, 1.0, 0.0, 1.0, 0.0, 1.0, 0.0, 1.0]","[0.0, 20.0, 14.0, 14.0, 0.0, 13.0, 10.0, 0.0, -14.0, 20.0, 9.0, 11.0, 10.0, -11.0, 10.0, 12.0]"
2,1791632143.5687163,"[-0.08712299999999118, 69.874113, 59.85453900000002, 72.59873400000001, -0.08712299999999118, 64.073307, 33.04778400000001, 35.33295000000001, 0.26444100000000503, 70.137786, 59.41508400000001, 72.24717000000001, 22.237190999999996, 102.56956500000001, 65.83112700000001, 51.59278499999999]","[0.0, 3.0, 0.0, 2.0, 1.0, 1.0, 1.0, 1.0, 1.0, 3.0, 0.0, 1.0, 0.0, 1.0, 0.0, 1.0]","[0.0, 19.0, 12.0, 12.0, 0.0, 14.0, 9.0, 0.0, -15.0, 19.0, 10.0, 11.0, 9.0, -12.0, 9.0, 7.0]"
2,1791632143.792637,"[-0.08712299999999118, 71.71982400000002, 59.85453900000002, 73.56553500000001, -0.08712299999999118, 64.073307, 33.04778400000001, 35.33295000000001, 0.26444100000000503, 70.840914, 59.41508400000001, 73.301862, 22.237190999999996, 102.56956500000001, 65.83112700000001, 51.59278499999999]","[0.0, 5.0, 0.0, 1.0, 1.0, 1.0, 1.0, 1.0, 1.0, 2.0, 1.0, 4.0, 1.0, 1.0, 0.0, 1.0]","[0.0, 16.0, 14.0, 13.0, 0.0, 13.0, 9.0, 0.0, -15.0, 19.0, 10.0, 10.0, 10.0, -12.0, 10.0, 12.0]"
2,1791632144.0140648,"[-0.08712299999999118, 72.59873400000001, 59.85453900000002, 74.53233600000002, -0.08712299999999118, 64.073307, 33.04778400000001, 35.33295000000001, 0.26444100000000503, 72.07138800000001, 59.50297499999999, 74.18077199999999, 22.237190999999996, 102.56956500000001, 65.83112700000001, 51.59278499999999]","[0.0, 2.0, 0.0, 2.0, 1.0, 0.0, 1.0, 1.0, 1.0, 1.0, 1.0, 3.0, 0.0, 1.0, 0.0, 1.0]","[0.0, 16.0, 8.0, 14.0, 0.0, 13.0, 9.0, 0.0, -14.0, 20.0, 10.0, 11.0, 9.0, -11.0, 10.0, 12.0]"
2,1791632144.2397604,"[-0.08712299999999118, 73.12608, 59.94243, 75.49913699999999, -0.08712299999999118, 63.985416000000015, 33.04778400000001, 35.33295000000001, 0.26444100000000503, 73.301862, 59.50297499999999, 75.05968200000001, 22.32508200000001, 102.56956500000001, 65.83112700000001, 51.59278499999999]","[0.0, 1.0, 1.0, 2.0, 1.0, 0.0, 1.0, 1.0, 1.0, 1.0, 1.0, 2.0, 1.0, 1.0, 0.0, 1.0]","[0.0, 18.0, 2.0, 13.0, 0.0, 13.0, 9.0, 0.0, -15.0, 18.0, 9.0, 10.0, 10.0, -12.0, 10.0, 11.0]"
2,1791632144.4612045,"[-0.08712299999999118, 74.092881, 59.85453900000002, 76.465938, -0.08712299999999118, 64.073307, 33.04778400000001, 35.33295000000001, 0.26444100000000503, 74.35655400000002, 59.50297499999999, 76.20226500000001, 22.32508200000001, 102.56956500000001, 65.83112700000001, 51.59278499999999]","[0.0, 1.0, 1.0, 1.0, 1.0, 1.0, 1.0, 1.0, 1.0, 1.0, 1.0, 2.0, 1.0, 1.0, 0.0, 0.0]","[0.0, 18.0, 8.0, 13.0, 0.0, 13.0, 9.0, 0.0, -15.0, 18.0, 9.0, 10.0, 10.0, -12.0, 9.0, 12.0]"
2,1791632144.687738,"[-0.08712299999999118, 74.70811800000001, 59.85453900000002, 77.43273900000003, -0.08712299999999118, 64.073307, 33.04778400000001, 35.33295000000001, 0.26444100000000503, 74.53233600000002, 59.50297499999999, 77.256957, 22.32508200000001, 102.56956500000001, 65.83112700000001, 51.59278499999999]","[0.0, 1.0, 1.0, 1.0, 1.0, 0.0, 1.0, 1.0, 1.0, 1.0, 0.0, 3.0, 0.0, 1.0, 0.0, 1.0]","[0.0, 21.0, 13.0, 13.0, 0.0, 12.0, 9.0, 0.0, -14.0, 23.0, 9.0, 11.0, 9.0, -12.0, 10.0, 13.0]"
2,1791632144.9101284,"[-0.08712299999999118, 75.85070100000002, 59.85453900000002, 78.48743100000002, -0.08712299999999118, 64.073307, 33.04778400000001, 35.33295000000001, 0.26444100000000503, 75.76281, 59.50297499999999, 78.047976, 22.32508200000001, 102.56956500000001, 65.83112700000001, 51.59278499999999]","[1.0, 2.0, 0.0, 2.0, 1.0, 0.0, 1.0, 1.0, 1.0, 3.0, 1.0, 1.0, 1.0, 1.0, 0.0, 1.0]","[8.0, 20.0, 14.0, 13.0, 0.0, 13.0, 9.0, 0.0, -15.0, 20.0, 9.0, 11.0, 10.0, -12.0, 10.0, 8.0]"
2,1791632145.1365771,"[-0.08712299999999118, 76.64172000000002, 59.85453900000002, 79.36634099999998, -0.08712299999999118, 64.073307, 33.04778400000001, 35.33295000000001, 0.26444100000000503, 77.43273900000003, 59.50297499999999, 79.01477699999998, 22.32508200000001, 102.56956500000001, 65.83112700000001, 51.59278499999999]","[0.0, 1.0, 1.0, 1.0, 1.0, 1.0, 1.0, 1.0, 1.0, 5.0, 1.0, 2.0, 0.0, 1.0, 0.0, 1.0]","[8.0, 21.0, 13.0, 14.0, 0.0, 13.0, 10.0, 0.0, -15.0, 16.0, 9.0, 12.0, 10.0, -12.0, 10.0, 10.0]"
2,1791632145.3605576,"[-0.08712299999999118, 77.52062999999998, 59.94243, 80.33314200000001, -0.08712299999999118, 64.073307, 33.04778400000001, 35.33295000000001, 0.26444100000000503, 78.751104, 59.50297499999999, 80.15735999999998, 22.237190999999996, 102.56956500000001, 65.83112700000001, 51.680676000000005]","[0.0, 3.0, 1.0, 2.0, 1.0, 1.0, 1.0, 1.0, 1.0, 1.0, 1.0, 4.0, 1.0, 1.0, 0.0, 1.0]","[8.0, 22.0, 10.0, 13.0, 0.0, 12.0, 9.0, 0.0, -15.0, 16.0, 9.0, 11.0, 9.0, -12.0, 10.0, 6.0]"
2,1791632145.5845962,"[-0.08712299999999118, 78.48743100000002, 59.85453900000002, 81.29994299999998, -0.08712299999999118, 64.073307, 33.04778400000001, 35.33295000000001, 0.26444100000000503, 79.27845000000002, 59.50297499999999, 80.94837899999999, 22.32508200000001, 102.56956500000001, 65.83112700000001, 51.680676000000005]","[0.0, 2.0, 0.0, 1.0, 1.0, 1.0, 1.0, 1.0, 1.0, 1.0, 0.0, 1.0, 1.0, 1.0, 0.0, 1.0]","[8.0, 24.0, 10.0, 14.0, 0.0, 13.0, 9.0, 0.0, -14.0, 18.0, 9.0, 11.0, 9.0, -12.0, 9.0, 11.0]"
2,1791632145.8070786,"[-0.08712299999999118, 79.542123, 59.85453900000002, 82.35463500000003, -0.08712299999999118, 64.073307, 33.04778400000001, 35.33295000000001, 0.26444100000000503, 80.684706, 59.50297499999999, 82.09096199999999, 22.32508200000001, 102.56956500000001, 65.83112700000001, 51.59278499999999]","[0.0, 2.0, 0.0, 1.0, 1.0, 1.0, 1.0, 1.0, 1.0, 4.0, 1.0, 2.0, 0.0, 1.0, 0.0, 1.0]","[8.0, 25.0, 13.0, 14.0, 0.0, 12.0, 10.0, 0.0, -15.0, 16.0, 9.0, 10.0, 10.0, -12.0, 9.0, 7.0]"
2,1791632146.032492,"[-0.08712299999999118, 80.50892399999998, 59.85453900000002, 83.23354499999999, -0.08712299999999118, 64.073307, 33.04778400000001, 35.33295000000001, 0.26444100000000503, 81.739398, 59.50297499999999, 83.14565399999998, 22.32508200000001, 102.56956500000001, 65.83112700000001, 51.59278499999999]","[0.0, 1.0, 1.0, 1.0, 1.0, 1.0, 1.0, 1.0, 1.0, 1.0, 1.0, 2.0, 1.0, 1.0, 0.0, 1.0]","[8.0, 22.0, 12.0, 14.0, 0.0, 12.0, 9.0, 0.0, -15.0, 16.0, 9.0, 10.0, 10.0, -12.0, 10.0, 13.0]"
2,1791632146.2564678,"[-0.08712299999999118, 81.47572500000001, 59.94243, 84.28823699999998, -0.08712299999999118, 64.073307, 33.04778400000001, 35.33295000000001, 0.26444100000000503, 82.96987200000001, 59.50297499999999, 84.11245500000001, 22.32508200000001, 102.56956500000001, 65.83112700000001, 51.59278499999999]","[0.0, 1.0, 1.0, 1.0, 1.0, 1.0, 1.0, 1.0, 1.0, 2.0, 1.0, 1.0, 1.0, 1.0, 0.0, 0.0]","[9.0, 23.0, 0.0, 14.0, 0.0, 13.0, 9.0, 0.0, -15.0, 15.0, 9.0, 11.0, 10.0, -11.0, 10.0, 13.0]"
2,1791632146.4804468,"[-0.08712299999999118, 82.35463500000003, 59.94243, 85.34292900000003, -0.08712299999999118, 64.073307, 33.04778400000001, 35.33295000000001, 0.26444100000000503, 84.024564, 59.50297499999999, 84.99136500000003, 22.32508200000001, 102.56956500000001, 65.83112700000001, 51.59278499999999]","[1.0, 1.0, 1.0, 2.0, 1.0, 1.0, 1.0, 1.0, 1.0, 2.0, 1.0, 0.0, 1.0, 1.0, 0.0, 0.0]","[8.0, 21.0, 0.0, 14.0, 0.0, 13.0, 10.0, 0.0, -15.0, 15.0, 9.0, 11.0, 10.0, -12.0, 10.0, 13.0]"
2,1791632146.7016525,"[-0.17501400000000444, 83.14565399999998, 59.85453900000002, 86.13394799999998, -0.08712299999999118, 64.073307, 33.04778400000001, 35.33295000000001, 0.26444100000000503, 84.815583, 59.50297499999999, 86.13394799999998, 22.237190999999996, 102.56956500000001, 65.83112700000001, 51.59278499999999]","[0.0, 1.0, 0.0, 1.0, 1.0, 0.0, 1.0, 1.0, 1.0, 3.0, 1.0, 1.0, -1.0, 1.0, 0.0, 0.0]","[8.0, 25.0, 13.0, 14.0, 0.0, 12.0, 9.0, 0.0, -15.0, 16.0, 9.0, 10.0, 12.0, -11.0, 9.0, 13.0]"
2,1791632146.9280138,"[-0.17501400000000444, 84.20034600000002, 59.85453900000002, 87.18864000000002, -0.08712299999999118, 64.073307, 33.04778400000001, 35.33295000000001, 0.26444100000000503, 86.04605700000002, 59.50297499999999, 87.012858, 22.32508200000001, 102.56956500000001, 65.83112700000001, 51.59278499999999]","[0.0, 1.0, 0.0, 3.0, 1.0, 1.0, 1.0, 1.0, 1.0, 1.0, 1.0, 1.0, 1.0, 1.0, 0.0, 1.0]","[9.0, 25.0, 14.0, 15.0, 0.0, 13.0, 9.0, 0.0, -15.0, 15.0, 9.0, 10.0, 10.0, -12.0, 9.0, 14.0]"
2,1791632147.148287,"[-0.17501400000000444, 84.815583, 59.85453900000002, 87.97965900000003, -0.08712299999999118, 64.073307, 33.04778400000001, 35.33295000000001, 0.26444100000000503, 86.74918500000001, 59.50297499999999, 87.89176800000001, 22.32508200000001, 102.56956500000001, 65.83112700000001, 51.59278499999999]","[0.0, 1.0, 0.0, 1.0, 1.0, 0.0, 1.0, 1.0, 1.0, 0.0, 1.0, 1.0, 1.0, 1.0, 0.0, 1.0]","[9.0, 28.0, 13.0, 15.0, 0.0, 13.0, 10.0, 0.0, -15.0, 17.0, 9.0, 11.0, 10.0, -11.0, 10.0, 13.0]"
2,1791632147.3763766,"[-0.17501400000000444, 85.167147, 59.85453900000002, 88.94646, -0.08712299999999118, 64.073307, 33.04778400000001, 35.33295000000001, 0.26444100000000503, 87.62809500000003, 59.50297499999999, 89.03435100000002, 22.32508200000001, 102.56956500000001, 65.83112700000001, 51.59278499999999]","[0.0, 1.0, 0.0, 3.0, 1.0, 0.0, 1.0, 1.0, 1.0, 1.0, 1.0, 4.0, 1.0, 1.0, 0.0, 0.0]","[9.0, 30.0, 13.0, 15.0, 0.0, 13.0, 10.0, 0.0, -15.0, 17.0, 10.0, 10.0, 11.0, -12.0, 10.0, 13.0]"
2,1791632147.5973678,"[-0.17501400000000444, 85.34292900000003, 59.85453900000002, 89.03435100000002, -0.08712299999999118, 64.073307, 33.04778400000001, 35.33295000000001, 0.3523319999999899, 88.33122300000002, 59.50297499999999, 89.03435100000002, 22.32508200000001, 102.56956500000001, 65.83112700000001, 51.59278499999999]","[0.0, 1.0, 0.0, 1.0, 1.0, 1.0, 1.0, 1.0, 1.0, 1.0, 1.0, 0.0, 1.0, 1.0, 0.0, 1.0]","[8.0, 38.0, 14.0, 15.0, 0.0, 13.0, 9.0, 0.0, -15.0, 17.0, 9.0, 11.0, 11.0, -12.0, 9.0, 10.0]"
2,1791632147.8243155,"[-0.17501400000000444, 85.34292900000003, 59.85453900000002, 89.21013299999998, -0.08712299999999118, 64.073307, 33.04778400000001, 35.33295000000001, 0.3523319999999899, 88.94646, 59.50297499999999, 89.03435100000002, 22.32508200000001, 102.56956500000001, 65.83112700000001, 51.59278499999999]","[1.0, 1.0, 0.0, 1.0, 1.0, 1.0, 1.0, 1.0, 1.0, 1.0, 1.0, 1.0, 0.0, 1.0, 0.0, 0.0]","[8.0, 45.0, 13.0, 15.0, 0.0, 13.0, 10.0, 0.0, -15.0, 19.0, 9.0, 11.0, 10.0, -12.0, 10.0, 12.0]"
2,1791632148.0482702,"[-0.2629049999999893, 86.39762100000002, 59.85453900000002, 89.21013299999998, -0.08712299999999118, 64.073307, 33.04778400000001, 35.33295000000001, 0.3523319999999899, 90.089043, 59.50297499999999, 89.12224200000003, 22.32508200000001, 102.56956500000001, 65.83112700000001, 51.59278499999999]","[0.0, 1.0, 0.0, 1.0, 1.0, 1.0, 1.0, 1.0, 1.0, 3.0, 1.0, 1.0, 1.0, 1.0, 0.0, 1.0]","[8.0, 44.0, 13.0, 13.0, 0.0, 12.0, 9.0, 0.0, -14.0, 19.0, 9.0, 10.0, 10.0, -12.0, 10.0, 5.0]"
2,1791632148.2723453,"[-0.2629049999999893, 86.48551200000003, 59.85453900000002, 89.21013299999998, -0.08712299999999118, 64.073307, 33.04778400000001, 35.33295000000001, 0.3523319999999899, 90.96795300000002, 59.50297499999999, 89.03435100000002, 22.32508200000001, 102.56956500000001, 65.83112700000001, 51.59278499999999]","[0.0, 1.0, 0.0, 1.0, 1.0, 0.0, 1.0, 1.0, 1.0, 3.0, 1.0, 0.0, 0.0, 1.0, 0.0, 1.0]","[8.0, 57.0, 14.0, 14.0, 0.0, 13.0, 9.0, 0.0, -15.0, 19.0, 9.0, 11.0, 10.0, -12.0, 9.0, 13.0]"
2,1791632148.4959884,"[-0.35079600000000255, 87.803877, 59.85453900000002, 89.21013299999998, -0.08712299999999118, 64.073307, 33.04778400000001, 35.33295000000001, 0.3523319999999899, 92.02264500000001, 59.50297499999999, 89.03435100000002, 22.237190999999996, 102.56956500000001, 65.83112700000001, 51.59278499999999]","[0.0, 1.0, 0.0, 1.0, 1.0, 1.0, 1.0, 1.0, 0.0, 3.0, 1.0, 1.0, 0.0, 1.0, 0.0, 0.0]","[9.0, 52.0, 14.0, 14.0, 0.0, 13.0, 10.0, 0.0, -14.0, 19.0, 9.0, 10.0, 10.0, -12.0, 10.0, 13.0]"
3,1791632150.511188,"[-0.08712299999999118, -4.92112800000001, -1.053923999999995, -0.17501400000000444, -0.17501400000000444, -4.5695639999999855, 0.26444100000000503, -0.08712299999999118, 0.08865900000000693, -4.833236999999997, -0.8781419999999969, 0.3523319999999899, -1.8449430000000007, 177.892152, 40.518519, 26.016503999999998]","[0.0, 1.0, 1.0, 0.0, 0.0, 1.0, 1.0, 0.0, 0.0, 1.0, 1.0, 1.0, 0.0, 0.0, 0.0, 0.0]","[0.0, 32.0, 16.0, 14.0, 11.0, 29.0, -11.0, 5.0, -14.0, 32.0, 10.0, -10.0, 13.0, 17.0, -11.0, -16.0]"
3,1791632150.7360394,"[-0.7023599999999988, -4.833236999999997, -0.790251000000012, 0.17654999999999177, -0.17501400000000444, -4.481673000000001, 0.7038960000000145, 0.0007679999999936626, 0.6160050000000012, -4.833236999999997, -0.790251000000012, 0.44022300000000314, -1.8449430000000007, 177.71636999999998, 40.60641000000001, 26.016503999999998]","[0.0, 0.0, 1.0, 1.0, 0.0, 1.0, 1.0, 0.0, 1.0, 1.0, 1.0, 1.0, 0.0, 0.0, 1.0, 0.0]","[-9.0, 45.0, 18.0, 14.0, 12.0, 46.0, 9.0, 12.0, 14.0, 52.0, 14.0, 10.0, 18.0, -13.0, 11.0, 0.0]"
3,1791632150.957417,"[-1.5812699999999893, -3.339089999999999, 0.0007679999999936626, 0.7038960000000145, -0.17501400000000444, -3.339089999999999, 1.407024000000007, 0.17654999999999177, 1.582806000000005, -3.60276300000001, -0.6144689999999855, 0.6160050000000012, -1.7570519999999874, 177.364806, 40.694300999999996, 26.455959000000007]","[0.0, 2.0, 2.0, 1.0, 0.0, 1.0, 1.0, 1.0, 2.0, 1.0, 1.0, 1.0, 0.0, 0.0, 2.0, 1.0]","[-9.0, 53.0, 18.0, 15.0, 11.0, 55.0, 11.0, 14.0, 14.0, 60.0, 17.0, 12.0, 24.0, -23.0, 13.0, 15.0]"
3,1791632151.1804132,"[-2.6359620000000064, -3.1633080000000007, 0.8796780000000126, 1.582806000000005, -0.17501400000000444, -1.229705999999993, 2.0222610000000145, 1.6706969999999899, 2.725389000000007, -3.60276300000001, 0.6160050000000012, 1.0554600000000107, -1.7570519999999874, 176.310114, 41.309538, 27.159087]","[0.0, 2.0, 1.0, 3.0, 0.0, 7.0, 1.0, 1.0, 1.0, 1.0, 4.0, 1.0, -1.0, -2.0, 3.0, 1.0]","[-10.0, 68.0, 19.0, 16.0, 12.0, 54.0, 12.0, 12.0, 14.0, 87.0, 16.0, 14.0, 30.0, -37.0, 14.0, 14.0]"
3,1791632151.4080627,"[-3.60276300000001, 0.7917869999999994, 1.846478999999988, 2.6374979999999937, -0.17501400000000444, 0.08865900000000693, 2.813279999999992, 2.549607000000009, 3.6921900000000107, 0.44022300000000314, 1.2312420000000088, 1.6706969999999899, -1.4933790000000045, 173.14603799999998, 42.188447999999994, 28.125888000000003]","[0.0, 1.0, 3.0, 1.0, 0.0, 14.0, 1.0, 4.0, 3.0, 7.0, 7.0, 7.0, 4.0, -4.0, 1.0, 2.0]","[-10.0, 54.0, 18.0, 16.0, 11.0, 54.0, 12.0, 14.0, 14.0, 58.0, 14.0, 13.0, 35.0, -35.0, 14.0, 14.0]"
3,1791632151.6303494,"[-4.5695639999999855, 2.549607000000009, 2.901171000000005, 3.6921900000000107, -0.17501400000000444, 2.6374979999999937, 3.6921900000000107, 3.5164080000000126, 4.6589910000000145, 0.528113999999988, 2.2859339999999975, 3.2527350000000013, 0.44022300000000314, 169.80617999999998, 42.188447999999994, 29.268471000000005]","[0.0, 8.0, 2.0, 0.0, 0.0, 2.0, 1.0, 1.0, 1.0, 1.0, 1.0, 1.0, 4.0, -4.0, 1.0, 2.0]","[-10.0, 51.0, 19.0, 16.0, 12.0, 56.0, 12.0, 13.0, 14.0, 84.0, 17.0, 13.0, 29.0, -32.0, 18.0, 15.0]"
3,1791632151.855985,"[-5.4484740000000045, 4.30742699999999, 3.7800809999999956, 4.746881999999999, -0.17501400000000444, 4.834773000000013, 4.483208999999988, 4.395318000000003, 5.537901000000005, 4.483208999999988, 3.5164080000000126, 4.30742699999999, 0.44022300000000314, 168.399924, 44.473614, 29.268471000000005]","[0.0, 3.0, 2.0, 3.0, 0.0, 7.0, 1.0, 1.0, 3.0, 14.0, 2.0, 3.0, 1.0, 0.0, 5.0, 1.0]","[-10.0, 58.0, 20.0, 15.0, 11.0, 51.0, 13.0, 14.0, 15.0, 54.0, 16.0, 13.0, 36.0, -45.0, 13.0, 14.0]"
3,1791632152.076835,"[-6.415275000000008, 6.2410289999999975, 4.834773000000013, 5.801573999999988, -0.17501400000000444, 6.592592999999994, 5.362119000000007, 5.274227999999994, 6.504702000000009, 4.6589910000000145, 4.6589910000000145, 4.30742699999999, 2.4617159999999956, 164.620611, 44.649395999999996, 29.268471000000005]","[-1.0, 7.0, 3.0, 1.0, 0.0, 5.0, 1.0, 1.0, 0.0, 1.0, 2.0, 1.0, 4.0, -8.0, 1.0, 0.0]","[-11.0, 57.0, 19.0, 16.0, 11.0, 58.0, 14.0, 14.0, 14.0, 82.0, 15.0, 18.0, 27.0, -34.0, 16.0, 15.0]"
3,1791632152.3017967,"[-7.469966999999997, 8.96565000000001, 5.889465000000001, 6.768374999999992, -0.17501400000000444, 8.877758999999998, 6.504702000000009, 6.768374999999992, 7.207830000000001, 8.701977, 5.62579199999999, 6.416810999999996, 2.98906199999999, 161.45653500000003, 46.582998, 29.268471000000005]","[-1.0, 4.0, 1.0, 3.0, 0.0, 3.0, 3.0, 4.0, 7.0, 10.0, 2.0, 5.0, 7.0, -6.0, 5.0, 0.0]","[-11.0, 50.0, 20.0, 15.0, 11.0, 52.0, 12.0, 13.0, 14.0, 52.0, 15.0, 13.0, 30.0, -39.0, 12.0, 15.0]"
3,1791632152.5260324,"[-8.524658999999986, 10.371905999999996, 6.680484000000007, 7.823067000000009, -0.17501400000000444, 10.723469999999992, 7.383611999999999, 7.735175999999996, 8.614086000000015, 8.877758999999998, 6.680484000000007, 7.2957210000000146, 4.395318000000003, 158.11667699999998, 47.54979900000001, 29.35636199999999]","[0.0, 1.0, 7.0, 3.0, 0.0, 2.0, 3.0, 1.0, 1.0, 1.0, 1.0, 1.0, 1.0, -4.0, 2.0, 1.0]","[-10.0, 57.0, 19.0, 16.0, 11.0, 55.0, 13.0, 13.0, 14.0, 78.0, 16.0, 12.0, 30.0, -34.0, 12.0, 14.0]"
3,1791632152.748835,"[-9.579351000000003, 10.987143000000003, 7.910957999999994, 8.701977, -0.17501400000000444, 10.723469999999992, 8.26252199999999, 8.701977, 9.492996000000005, 11.338707, 7.471503000000013, 8.350413000000003, 4.395318000000003, 155.304165, 48.34081800000001, 29.35636199999999]","[-2.0, 10.0, 1.0, 1.0, 0.0, 0.0, 2.0, 1.0, 3.0, 5.0, 5.0, 3.0, 1.0, -3.0, 1.0, 1.0]","[-9.0, 67.0, 19.0, 16.0, 12.0, 78.0, 14.0, 13.0, 14.0, 67.0, 14.0, 12.0, 38.0, -37.0, 13.0, 15.0]"
3,1791632152.9758768,"[-10.370370000000008, 14.23911000000001, 8.877758999999998, 9.932451000000015, -0.17501400000000444, 14.766456000000005, 9.405104999999992, 9.58088699999999, 10.635579000000007, 11.426598000000013, 8.438303999999988, 9.405104999999992, 6.768374999999992, 152.22798, 49.39551, 29.35636199999999]","[0.0, 2.0, 3.0, 2.0, 0.0, 9.0, 2.0, 0.0, 1.0, 1.0, 1.0, 2.0, 4.0, -5.0, 7.0, 1.0]","[-10.0, 58.0, 20.0, 16.0, 11.0, 52.0, 12.0, 14.0, 13.0, 99.0, 16.0, 13.0, 27.0, -32.0, 13.0, 15.0]"
3,1791632153.199835,"[-11.425061999999997, 16.436385, 9.932451000000015, 10.723469999999992, -0.17501400000000444, 16.700058000000013, 10.28401500000001, 10.723469999999992, 11.60238000000001, 16.524276000000015, 9.668778000000003, 10.28401500000001, 7.647285000000011, 150.030705, 50.45020199999999, 29.35636199999999]","[-3.0, 9.0, 2.0, 1.0, 0.0, 5.0, 1.0, 2.0, 2.0, 10.0, 4.0, 3.0, 9.0, 0.0, 3.0, 1.0]","[-9.0, 53.0, 19.0, 15.0, 11.0, 53.0, 13.0, 13.0, 14.0, 54.0, 15.0, 13.0, 27.0, -40.0, 13.0, 14.0]"
3,1791632153.422618,"[-12.391863, 18.545769000000007, 10.987143000000003, 11.690270999999996, -0.17501400000000444, 18.897333000000003, 11.338707, 11.60238000000001, 12.569181000000015, 17.842641000000015, 10.459797000000009, 11.162925000000001, 8.701977, 147.04241100000002, 51.59278499999999, 29.35636199999999]","[-1.0, 5.0, 3.0, 1.0, 0.0, 5.0, 2.0, 1.0, 1.0, 11.0, 5.0, 1.0, 1.0, -1.0, 3.0, 0.0]","[-11.0, 58.0, 19.0, 16.0, 11.0, 51.0, 13.0, 12.0, 14.0, 58.0, 15.0, 13.0, 28.0, -40.0, 13.0, 14.0]"
3,1791632153.644618,"[-13.44655499999999, 18.633659999999992, 11.778162000000009, 12.744963000000013, -0.17501400000000444, 20.567262, 12.21761699999999, 12.744963000000013, 13.623873000000003, 19.424678999999998, 11.426598000000013, 12.21761699999999, 10.020342, 143.43887999999998, 52.559585999999996, 29.35636199999999]","[-1.0, 1.0, 1.0, 1.0, 0.0, 3.0, 1.0, 5.0, 1.0, 1.0, 0.0, 1.0, 4.0, -8.0, 3.0, 1.0]","[-10.0, 70.0, 20.0, 16.0, 12.0, 57.0, 13.0, 12.0, 14.0, 72.0, 17.0, 13.0, 26.0, -33.0, 13.0, 14.0]"
3,1791632153.8718123,"[-14.413355999999993, 22.500864000000007, 13.008635999999996, 13.623873000000003, -0.17501400000000444, 22.940318999999988, 13.272309000000007, 13.711763999999988, 14.502782999999994, 22.412972999999994, 12.393398999999988, 13.184417999999994, 10.811361000000005, 140.538477, 53.526387, 29.35636199999999]","[-1.0, 3.0, 4.0, 1.0, 0.0, 9.0, 1.0, 1.0, 3.0, 13.0, 2.0, 1.0, 1.0, -2.0, 1.0, 1.0]","[-10.0, 54.0, 18.0, 16.0, 12.0, 47.0, 13.0, 13.0, 15.0, 51.0, 16.0, 13.0, 27.0, -38.0, 14.0, 15.0]"
3,1791632154.095828,"[-15.46804800000001, 22.588754999999992, 13.887546000000015, 14.678564999999992, -0.17501400000000444, 25.137594000000007, 14.327000999999996, 14.766456000000005, 15.733257000000009, 24.78603000000001, 13.623873000000003, 14.151218999999998, 12.041834999999992, 137.02283699999998, 54.58107900000002, 29.35636199999999]","[-1.0, 1.0, 1.0, 3.0, 0.0, 3.0, 1.0, 3.0, 3.0, 5.0, 1.0, 3.0, 3.0, -4.0, 3.0, 0.0]","[-11.0, 80.0, 19.0, 16.0, 11.0, 51.0, 13.0, 13.0, 14.0, 51.0, 15.0, 13.0, 26.0, -33.0, 13.0, 14.0]"
3,1791632154.3169742,"[-16.52274, 26.895413999999988, 15.030128999999988, 15.733257000000009, -0.17501400000000444, 25.225484999999992, 15.55747500000001, 16.084821000000005, 16.612167, 26.895413999999988, 14.590674000000007, 15.118020000000001, 13.008635999999996, 133.682979, 55.635771000000005, 29.35636199999999]","[0.0, 11.0, 3.0, 3.0, 0.0, 1.0, 4.0, 2.0, 2.0, 5.0, 3.0, 4.0, 1.0, -6.0, 1.0, 0.0]","[-9.0, 44.0, 18.0, 16.0, 11.0, 73.0, 12.0, 11.0, 15.0, 53.0, 15.0, 13.0, 26.0, -27.0, 13.0, 15.0]"
3,1791632154.5403929,"[-17.577431999999988, 29.180579999999992, 15.909039000000007, 16.524276000000015, -0.17501400000000444, 29.444253000000003, 16.612167, 16.87584000000001, 17.578968000000003, 28.653233999999998, 15.645365999999996, 16.084821000000005, 13.711763999999988, 130.431012, 56.690462999999994, 29.35636199999999]","[-2.0, 4.0, 1.0, 3.0, 0.0, 8.0, 1.0, 1.0, 1.0, 1.0, 1.0, 1.0, 2.0, -6.0, 4.0, 1.0]","[-9.0, 46.0, 19.0, 16.0, 11.0, 48.0, 13.0, 12.0, 14.0, 57.0, 15.0, 13.0, 28.0, -28.0, 13.0, 14.0]"
3,1791632154.7638347,"[-18.895796999999988, 31.465745999999996, 17.227404000000007, 17.578968000000003, -0.17501400000000444, 29.883708000000013, 17.75475, 18.018423000000013, 18.545769000000007, 28.653233999999998, 16.87584000000001, 17.227404000000007, 15.293802, 127.44271800000001, 57.833045999999996, 29.35636199999999]","[-2.0, 4.0, 4.0, 3.0, 0.0, 0.0, 3.0, 2.0, 1.0, 1.0, 3.0, 1.0, 5.0, -3.0, 4.0, 0.0]","[-9.0, 42.0, 19.0, 16.0, 12.0, 64.0, 12.0, 12.0, 15.0, 82.0, 15.0, 13.0, 22.0, -30.0, 12.0, 14.0]"
3,1791632154.9907353,"[-19.774707000000006, 33.13567499999999, 18.19420500000001, 18.721551000000005, -0.17501400000000444, 33.48723899999999, 18.36998700000001, 18.897333000000003, 19.51257000000001, 33.13567499999999, 17.403186000000005, 18.282095999999996, 15.381693000000013, 124.80598800000001, 58.975629, 29.35636199999999]","[0.0, 7.0, 2.0, 3.0, 0.0, 9.0, 1.0, 1.0, 1.0, 13.0, 7.0, 1.0, 1.0, -4.0, 3.0, 1.0]","[-9.0, 47.0, 18.0, 16.0, 12.0, 45.0, 14.0, 11.0, 14.0, 45.0, 15.0, 13.0, 31.0, -30.0, 12.0, 13.0]"
3,1791632155.2156637,"[-20.829398999999995, 35.420840999999996, 19.248897, 19.51257000000001, -0.17501400000000444, 35.33295000000001, 18.985223999999988, 19.864134000000007, 20.479371000000015, 33.13567499999999, 18.897333000000003, 19.336788000000013, 15.381693000000013, 122.16925800000001, 59.85453900000002, 29.35636199999999]","[-2.0, 9.0, 2.0, 1.0, 0.0, 4.0, 1.0, 2.0, 3.0, 1.0, 1.0, 4.0, 1.0, -1.0, 3.0, 1.0]","[-9.0, 41.0, 18.0, 16.0, 11.0, 47.0, 15.0, 11.0, 14.0, 72.0, 13.0, 13.0, 30.0, -33.0, 12.0, 14.0]"
3,1791632155.437223,"[-21.971981999999997, 37.618116000000015, 20.39148, 20.655153000000013, -0.17501400000000444, 37.706007, 20.039916000000005, 20.83093500000001, 21.797736000000015, 37.44233399999999, 20.12780699999999, 20.39148, 15.381693000000013, 118.38994500000001, 60.909231000000005, 29.35636199999999]","[-1.0, 5.0, 3.0, 3.0, 0.0, 6.0, 3.0, 2.0, 3.0, 12.0, 5.0, 3.0, 1.0, -2.0, 2.0, 1.0]","[-2.0, 46.0, 18.0, 16.0, 11.0, 41.0, 14.0, 12.0, 14.0, 45.0, 12.0, 13.0, 29.0, -28.0, 12.0, 14.0]"
3,1791632155.6636362,"[-22.938783, 39.72749999999999, 21.534063000000003, 21.709845, -0.17501400000000444, 39.551717999999994, 20.83093500000001, 21.885627, 22.412972999999994, 37.881789, 21.00671700000001, 21.44617199999999, 15.55747500000001, 114.78641399999998, 61.963922999999994, 29.35636199999999]","[0.0, 7.0, 4.0, 1.0, 0.0, 1.0, 1.0, 1.0, 1.0, 1.0, 1.0, 3.0, 4.0, -6.0, 1.0, 1.0]","[0.0, 41.0, 17.0, 16.0, 11.0, 46.0, 15.0, 12.0, 14.0, 66.0, 14.0, 12.0, 28.0, -25.0, 12.0, 14.0]"
3,1791632155.8841424,"[-23.99347499999999, 41.661102, 22.500864000000007, 22.588754999999992, -0.17501400000000444, 42.188447999999994, 21.885627, 23.116101000000015, 23.64344700000001, 41.92477500000001, 21.885627, 22.412972999999994, 16.260603000000003, 111.62233800000001, 62.13970499999999, 29.35636199999999]","[0.0, 3.0, 1.0, 1.0, 0.0, 8.0, 1.0, 3.0, 6.0, 13.0, 6.0, 1.0, 1.0, -6.0, 4.0, 1.0]","[0.0, 43.0, 17.0, 16.0, 12.0, 37.0, 16.0, 11.0, 14.0, 38.0, 15.0, 12.0, 24.0, -21.0, 14.0, 14.0]"
3,1791632156.1115906,"[-24.960275999999993, 43.85837699999999, 23.379773999999998, 23.64344700000001, -0.17501400000000444, 44.38572300000001, 22.588754999999992, 23.995011000000005, 24.873920999999996, 43.770486000000005, 23.203992, 23.379773999999998, 16.260603000000003, 108.72193500000003, 64.073307, 29.35636199999999]","[0.0, 11.0, 1.0, 4.0, 1.0, 5.0, 1.0, 1.0, 1.0, 7.0, 1.0, 1.0, 1.0, -2.0, 1.0, 1.0]","[-1.0, 37.0, 18.0, 15.0, 11.0, 37.0, 17.0, 12.0, 14.0, 42.0, 13.0, 13.0, 24.0, -26.0, 12.0, 15.0]"
3,1791632156.333156,"[-25.927076999999997, 46.407216000000005, 24.434466000000015, 24.698138999999998, -0.17501400000000444, 46.67088899999999, 23.64344700000001, 24.96181200000001, 25.840722, 46.67088899999999, 23.995011000000005, 24.434466000000015, 16.260603000000003, 105.118404, 65.040108, 29.35636199999999]","[0.0, 3.0, 4.0, 1.0, 1.0, 3.0, 3.0, 1.0, 1.0, 6.0, 2.0, 5.0, 1.0, -6.0, 2.0, 1.0]","[0.0, 36.0, 17.0, 16.0, 7.0, 37.0, 16.0, 12.0, 13.0, 34.0, 13.0, 12.0, 24.0, -19.0, 11.0, 15.0]"
3,1791632156.5595927,"[-26.981768999999986, 48.604490999999996, 25.40126699999999, 25.752831000000015, -0.17501400000000444, 48.780272999999994, 24.96181200000001, 26.016503999999998, 26.983305, 48.077145, 25.225484999999992, 25.752831000000015, 16.260603000000003, 101.86643700000002, 66.182691, 29.35636199999999]","[0.0, 7.0, 3.0, 3.0, 0.0, 3.0, 5.0, 2.0, 1.0, 6.0, 1.0, 2.0, 1.0, -6.0, 3.0, 1.0]","[0.0, 34.0, 17.0, 16.0, 11.0, 35.0, 15.0, 10.0, 0.0, 41.0, 13.0, 12.0, 25.0, -18.0, 12.0, 14.0]"
3,1791632156.7835572,"[-28.036461000000003, 50.538093, 26.28017700000001, 26.807523000000003, -0.08712299999999118, 50.801766000000015, 25.840722, 26.983305, 27.950106000000005, 51.15333000000001, 26.10439500000001, 26.631741000000005, 16.260603000000003, 98.702361, 67.237383, 29.35636199999999]","[0.0, 2.0, 1.0, 1.0, 1.0, 9.0, 3.0, 1.0, 1.0, 8.0, 1.0, 3.0, 1.0, -4.0, 2.0, 1.0]","[8.0, 37.0, 18.0, 15.0, 2.0, 31.0, 15.0, 12.0, 0.0, 29.0, 14.0, 12.0, 24.0, -17.0, 11.0, 14.0]"
3,1791632157.0045643,"[-28.82748000000001, 52.91114999999999, 27.334868999999998, 27.950106000000005, -0.08712299999999118, 53.26271400000002, 27.159087, 27.774324000000007, 29.092689000000007, 52.47169500000001, 27.334868999999998, 27.862214999999992, 16.260603000000003, 95.714067, 68.29207500000001, 29.35636199999999]","[0.0, 9.0, 2.0, 3.0, 1.0, 5.0, 3.0, 1.0, 1.0, 1.0, 1.0, 1.0, 1.0, 0.0, 0.0, 1.0]","[-9.0, 30.0, 18.0, 14.0, 0.0, 29.0, 14.0, 12.0, -8.0, 36.0, 13.0, 11.0, 24.0, -17.0, 12.0, 14.0]"
3,1791632157.2282867,"[-29.97006300000001, 55.54787999999999, 28.30167, 28.829015999999996, -0.08712299999999118, 55.54787999999999, 28.213778999999988, 28.829015999999996, 30.05949000000001, 55.10842500000001, 28.477452, 29.004797999999994, 16.260603000000003, 92.46210000000002, 69.25887600000001, 29.35636199999999]","[0.0, 3.0, 1.0, 1.0, 0.0, 7.0, 2.0, 3.0, 1.0, 8.0, 4.0, 3.0, 1.0, -4.0, 3.0, 1.0]","[0.0, 31.0, 17.0, 16.0, 0.0, 29.0, 13.0, 12.0, 0.0, 29.0, 12.0, 12.0, 24.0, -17.0, 11.0, 14.0]"
3,1791632157.4516568,"[-30.936863999999986, 57.393591000000015, 29.444253000000003, 29.971598999999998, -0.08712299999999118, 57.657264, 29.444253000000003, 29.971598999999998, 31.026291000000015, 56.42679000000001, 29.444253000000003, 29.971598999999998, 16.260603000000003, 90.00115199999999, 69.78622200000001, 29.35636199999999]","[0.0, 8.0, 4.0, 3.0, 0.0, 6.0, 2.0, 2.0, 0.0, 1.0, 1.0, 2.0, 1.0, -1.0, 1.0, 1.0]","[0.0, 29.0, 17.0, 13.0, 0.0, 27.0, 13.0, 11.0, -3.0, 37.0, 12.0, 11.0, 24.0, -20.0, 13.0, 14.0]"
3,1791632157.676717,"[-31.991556000000003, 59.590866000000005, 30.586836000000005, 31.026291000000015, -0.08712299999999118, 59.94243, 30.67472699999999, 31.114182, 32.16887399999999, 58.799847, 30.323162999999994, 31.026291000000015, 16.17271199999999, 87.62809500000003, 69.698331, 29.35636199999999]","[0.0, 1.0, 1.0, 2.0, 1.0, 7.0, 3.0, 1.0, 2.0, 12.0, 1.0, 3.0, 0.0, -4.0, 0.0, 1.0]","[0.0, 30.0, 17.0, 14.0, 0.0, 26.0, 13.0, 12.0, -13.0, 30.0, 13.0, 12.0, 24.0, -25.0, 17.0, 15.0]"
3,1791632157.90257,"[-32.95835700000001, 61.788140999999996, 31.641527999999994, 31.99309199999999, -0.08712299999999118, 62.227596000000005, 31.817309999999992, 31.99309199999999, 33.04778400000001, 61.87603200000001, 31.55363700000001, 31.99309199999999, 16.084821000000005, 84.99136500000003, 69.61044000000001, 29.268471000000005]","[0.0, 6.0, 3.0, 1.0, 1.0, 4.0, 3.0, 1.0, 0.0, 3.0, 1.0, 2.0, 0.0, -2.0, 0.0, 0.0]","[0.0, 25.0, 16.0, 15.0, 0.0, 24.0, 12.0, 11.0, 0.0, 27.0, 12.0, 12.0, 26.0, -26.0, 21.0, 15.0]"
3,1791632158.1272068,"[-34.013048999999995, 64.249089, 32.69622000000001, 32.959892999999994, -0.08712299999999118, 64.16119800000001, 32.608329, 33.04778400000001, 34.01458500000001, 63.985416000000015, 32.69622000000001, 32.69622000000001, 15.996929999999992, 83.76089100000002, 69.61044000000001, 29.268471000000005]","[0.0, 2.0, 3.0, 1.0, 1.0, 1.0, 1.0, 2.0, 0.0, 5.0, 3.0, 1.0, 0.0, -3.0, 0.0, 1.0]","[0.0, 23.0, 16.0, 15.0, 0.0, 25.0, 14.0, 11.0, -2.0, 24.0, 12.0, 11.0, 25.0, -23.0, 28.0, 15.0]"
3,1791632158.3495247,"[-35.06774100000001, 66.44636400000002, 33.750912, 34.278257999999994, -0.08712299999999118, 64.51276200000001, 32.784110999999996, 33.48723899999999, 35.069277, 66.09479999999999, 33.663021000000015, 33.83880300000001, 15.996929999999992, 83.673, 69.61044000000001, 29.268471000000005]","[0.0, 7.0, 2.0, 4.0, 1.0, 1.0, 1.0, 2.0, 1.0, 3.0, 1.0, 3.0, 1.0, 0.0, 0.0, 0.0]","[0.0, 21.0, 16.0, 14.0, 0.0, 35.0, 17.0, 12.0, 0.0, 25.0, 11.0, 11.0, 26.0, -24.0, 36.0, 15.0]"
3,1791632158.5738778,"[-36.03454199999999, 66.62214600000001, 34.717713, 35.069277, -0.08712299999999118, 64.95221699999999, 32.784110999999996, 33.926694, 36.12396899999999, 66.09479999999999, 34.893495, 34.717713, 15.381693000000013, 83.76089100000002, 69.522549, 29.268471000000005]","[0.0, 1.0, 1.0, 1.0, 1.0, 0.0, 1.0, 1.0, 1.0, 1.0, 3.0, 1.0, 0.0, 1.0, 1.0, 1.0]","[-5.0, 21.0, 16.0, 15.0, 0.0, 53.0, 17.0, 15.0, -8.0, 26.0, 11.0, 11.0, 10.0, 0.0, 10.0, 13.0]"
3,1791632158.796672,"[-37.00134299999999, 66.710037, 35.860296000000005, 36.12396899999999, -0.08712299999999118, 65.21589, 32.69622000000001, 34.541931000000005, 37.00287900000001, 66.09479999999999, 35.68451400000001, 35.68451400000001, 15.381693000000013, 83.76089100000002, 69.522549, 29.268471000000005]","[0.0, 0.0, 2.0, 2.0, 0.0, 1.0, 0.0, 3.0, 1.0, 0.0, 3.0, 4.0, 0.0, 1.0, 1.0, 1.0]","[6.0, 22.0, 15.0, 15.0, 1.0, 74.0, 17.0, 17.0, 0.0, 25.0, 11.0, 11.0, 11.0, 0.0, 10.0, 13.0]"
3,1791632159.0229878,"[-37.968143999999995, 66.710037, 37.00287900000001, 36.914987999999994, -0.08712299999999118, 65.21589, 32.69622000000001, 35.420840999999996, 38.057570999999996, 66.09479999999999, 36.65131500000001, 36.82709700000001, 15.381693000000013, 83.76089100000002, 69.61044000000001, 29.268471000000005]","[0.0, 1.0, 1.0, 1.0, 0.0, 1.0, 0.0, 1.0, 1.0, 0.0, 2.0, 4.0, 0.0, 1.0, 1.0, 1.0]","[-8.0, 21.0, 16.0, 15.0, 0.0, 89.0, 17.0, 16.0, 0.0, 25.0, 12.0, 11.0, 10.0, 0.0, 10.0, 13.0]"
3,1791632159.2477221,"[-38.847053999999986, 66.710037, 38.057570999999996, 37.96968000000001, -0.08712299999999118, 65.21589, 32.69622000000001, 36.21186, 38.936481000000015, 66.09479999999999, 37.881789, 37.44233399999999, 15.381693000000013, 83.76089100000002, 69.61044000000001, 29.268471000000005]","[0.0, 1.0, 3.0, 1.0, 1.0, 1.0, 0.0, 1.0, 1.0, 1.0, 2.0, 1.0, 0.0, 1.0, 1.0, 1.0]","[-9.0, 21.0, 15.0, 15.0, 0.0, 89.0, 17.0, 16.0, 13.0, 25.0, 11.0, 13.0, 11.0, 0.0, 10.0, 13.0]"
3,1791632159.4715714,"[-40.077528, 66.62214600000001, 39.11226300000001, 38.76069899999999, -0.08712299999999118, 65.21589, 32.69622000000001, 36.914987999999994, 39.991173, 66.09479999999999, 38.76069899999999, 38.672808, 15.381693000000013, 83.76089100000002, 69.61044000000001, 29.268471000000005]","[0.0, 1.0, 3.0, 1.0, 1.0, 1.0, 0.0, 1.0, 1.0, 1.0, 1.0, 1.0, 0.0, 1.0, 1.0, 1.0]","[0.0, 22.0, 15.0, 15.0, 0.0, 89.0, 17.0, 17.0, 13.0, 26.0, 11.0, 12.0, 11.0, 0.0, 9.0, 13.0]"
3,1791632159.6955001,"[-40.95643799999999, 66.710037, 40.166955, 39.991173, -0.08712299999999118, 65.21589, 32.69622000000001, 37.79389800000001, 39.991173, 66.09479999999999, 39.815391000000005, 39.815391000000005, 15.381693000000013, 83.76089100000002, 69.61044000000001, 29.268471000000005]","[-1.0, 1.0, 2.0, 5.0, 1.0, 0.0, 0.0, 1.0, 1.0, 1.0, 1.0, 2.0, 0.0, 1.0, 0.0, 1.0]","[-9.0, 21.0, 15.0, 15.0, 0.0, 89.0, 17.0, 17.0, 15.0, 25.0, 10.0, 11.0, 10.0, 0.0, 10.0, 12.0]"
3,1791632159.9166853,"[-42.09902099999999, 66.710037, 41.133756000000005, 40.78219200000001, -0.08712299999999118, 65.12799900000002, 32.69622000000001, 38.497026000000005, 41.661102, 66.182691, 40.78219200000001, 40.870082999999994, 15.381693000000013, 83.76089100000002, 69.522549, 29.268471000000005]","[0.0, 1.0, 1.0, 1.0, 1.0, 1.0, 1.0, 1.0, 1.0, 1.0, 1.0, 3.0, 0.0, 1.0, 1.0, 1.0]","[5.0, 21.0, 14.0, 15.0, 0.0, 90.0, 17.0, 21.0, 14.0, 25.0, 11.0, 11.0, 10.0, 0.0, 10.0, 12.0]"
3,1791632160.1420667,"[-43.065822, 66.710037, 42.27633900000001, 41.74899300000001, -0.08712299999999118, 63.80963400000002, 32.69622000000001, 38.497026000000005, 43.06735800000001, 66.09479999999999, 42.012665999999996, 42.012665999999996, 15.381693000000013, 83.76089100000002, 69.522549, 29.268471000000005]","[0.0, 1.0, 1.0, 1.0, 1.0, 0.0, 1.0, 1.0, 2.0, 0.0, 3.0, 3.0, 0.0, 1.0, 1.0, 1.0]","[0.0, 21.0, 15.0, 16.0, 0.0, 13.0, 10.0, 0.0, 1.0, 26.0, 10.0, 11.0, 11.0, 0.0, 10.0, 13.0]"
3,1791632160.3672118,"[-44.032623, 66.710037, 43.24314000000001, 42.979467, -0.08712299999999118, 63.80963400000002, 32.69622000000001, 38.497026000000005, 43.85837699999999, 66.09479999999999, 42.803685, 42.979467, 15.381693000000013, 83.76089100000002, 69.522549, 29.268471000000005]","[0.0, 1.0, 1.0, 3.0, 0.0, 0.0, 1.0, 1.0, 2.0, 1.0, 3.0, 3.0, 0.0, 1.0, 0.0, 1.0]","[0.0, 21.0, 14.0, 16.0, 0.0, 13.0, 9.0, 0.0, 14.0, 25.0, 11.0, 10.0, 10.0, 0.0, 10.0, 13.0]"
3,1791632160.5902925,"[-45.08731499999999, 66.710037, 44.297832, 43.06735800000001, -0.08712299999999118, 63.80963400000002, 32.69622000000001, 38.497026000000005, 44.91306900000001, 66.182691, 43.946268, 44.03415899999999, 15.381693000000013, 83.76089100000002, 69.61044000000001, 29.268471000000005]","[0.0, 1.0, 1.0, 1.0, 0.0, 0.0, 1.0, 1.0, 0.0, 0.0, 1.0, 1.0, 0.0, 1.0, 2.0, 1.0]","[0.0, 22.0, 15.0, 17.0, 0.0, 13.0, 9.0, 0.0, -12.0, 25.0, 11.0, 10.0, 10.0, 0.0, 10.0, 13.0]"
3,1791632160.8118463,"[-46.05411599999999, 66.710037, 45.17674199999999, 45.17674199999999, -0.08712299999999118, 63.80963400000002, 32.69622000000001, 38.497026000000005, 45.967760999999996, 66.182691, 44.91306900000001, 45.088851000000005, 15.381693000000013, 83.76089100000002, 69.61044000000001, 29.268471000000005]","[0.0, 1.0, 1.0, 5.0, 1.0, 0.0, 1.0, 1.0, 0.0, 1.0, 1.0, 2.0, 0.0, 1.0, 1.0, 1.0]","[0.0, 22.0, 15.0, 14.0, 0.0, 13.0, 10.0, 0.0, 0.0, 24.0, 10.0, 10.0, 11.0, 0.0, 10.0, 13.0]"
3,1791632161.0372922,"[-47.020917, 66.710037, 46.143542999999994, 45.967760999999996, -0.08712299999999118, 63.80963400000002, 32.69622000000001, 38.497026000000005, 47.02245300000001, 66.182691, 45.967760999999996, 46.23143400000001, 15.381693000000013, 83.76089100000002, 69.61044000000001, 29.268471000000005]","[0.0, 1.0, 1.0, 1.0, 1.0, 0.0, 1.0, 1.0, 1.0, 1.0, 4.0, 2.0, 0.0, 1.0, 0.0, 1.0]","[0.0, 20.0, 15.0, 14.0, 0.0, 13.0, 9.0, 0.0, -10.0, 24.0, 10.0, 10.0, 11.0, 0.0, 10.0, 13.0]"
3,1791632161.2632284,"[-47.89982699999999, 66.710037, 47.110344, 47.286125999999996, -0.08712299999999118, 63.80963400000002, 32.69622000000001, 38.497026000000005, 48.077145, 66.182691, 46.934562, 47.286125999999996, 15.381693000000013, 83.76089100000002, 69.522549, 29.268471000000005]","[-2.0, 1.0, 1.0, 2.0, 1.0, 0.0, 1.0, 1.0, 1.0, 1.0, 1.0, 3.0, 0.0, 1.0, 1.0, 1.0]","[-9.0, 21.0, 15.0, 14.0, 0.0, 13.0, 9.0, 0.0, -14.0, 25.0, 11.0, 10.0, 10.0, 0.0, 10.0, 13.0]"
3,1791632161.4863493,"[-49.04240999999999, 66.710037, 48.077145, 48.34081800000001, -0.08712299999999118, 63.80963400000002, 32.69622000000001, 38.497026000000005, 49.043946000000005, 66.182691, 48.077145, 48.252927, 15.381693000000013, 83.76089100000002, 69.61044000000001, 29.268471000000005]","[0.0, 1.0, 1.0, 2.0, 0.0, 0.0, 1.0, 1.0, 1.0, 1.0, 3.0, 3.0, 0.0, 1.0, 0.0, 1.0]","[0.0, 21.0, 15.0, 15.0, 0.0, 14.0, 9.0, 0.0, -14.0, 25.0, 10.0, 9.0, 10.0, 0.0, 10.0, 13.0]"
3,1791632161.7079144,"[-49.92132000000001, 66.710037, 49.13183699999999, 49.39551, -0.08712299999999118, 63.80963400000002, 32.69622000000001, 38.497026000000005, 49.922855999999996, 66.182691, 48.86816400000001, 49.219728, 15.381693000000013, 83.76089100000002, 69.61044000000001, 29.268471000000005]","[0.0, 1.0, 3.0, 4.0, 0.0, 0.0, 1.0, 1.0, 0.0, 1.0, 3.0, 2.0, 0.0, 1.0, 0.0, 1.0]","[-9.0, 21.0, 15.0, 14.0, 0.0, 13.0, 10.0, 0.0, -3.0, 25.0, 11.0, 9.0, 10.0, 0.0, 10.0, 12.0]"
3,1791632161.9351091,"[-51.06390300000001, 66.710037, 50.01074700000001, 50.538093, -0.08712299999999118, 63.80963400000002, 32.69622000000001, 38.497026000000005, 51.15333000000001, 66.182691, 49.83496500000001, 50.27441999999999, 15.381693000000013, 83.76089100000002, 69.522549, 29.268471000000005]","[-2.0, 1.0, 2.0, 3.0, 1.0, 0.0, 1.0, 1.0, 1.0, 1.0, 1.0, 2.0, 0.0, 1.0, 0.0, 1.0]","[0.0, 21.0, 15.0, 13.0, 0.0, 13.0, 10.0, 0.0, -14.0, 26.0, 11.0, 11.0, 9.0, 0.0, 10.0, 13.0]"
3,1791632162.1585329,"[-51.767031, 66.710037, 50.889657, 51.50489400000001, -0.08712299999999118, 63.80963400000002, 32.69622000000001, 38.497026000000005, 52.120131000000015, 66.182691, 51.065439, 51.065439, 15.381693000000013, 83.76089100000002, 69.522549, 29.268471000000005]","[0.0, 1.0, 1.0, 2.0, 0.0, 0.0, 1.0, 1.0, 1.0, 1.0, 3.0, 1.0, 0.0, 1.0, 0.0, 1.0]","[-9.0, 21.0, 16.0, 15.0, 0.0, 13.0, 9.0, 0.0, -4.0, 25.0, 11.0, 11.0, 9.0, 0.0, 9.0, 13.0]"
3,1791632162.3798628,"[-52.909614000000005, 66.710037, 52.03224, 52.559585999999996, -0.08712299999999118, 63.80963400000002, 32.69622000000001, 38.497026000000005, 53.08693199999999, 66.182691, 51.856458, 52.208022, 15.381693000000013, 83.76089100000002, 69.61044000000001, 29.268471000000005]","[-2.0, 1.0, 1.0, 3.0, 0.0, 0.0, 1.0, 1.0, 1.0, 1.0, 1.0, 2.0, 0.0, 1.0, 1.0, 1.0]","[-9.0, 21.0, 16.0, 14.0, 0.0, 13.0, 10.0, 0.0, -2.0, 25.0, 12.0, 11.0, 10.0, 0.0, 10.0, 13.0]"
3,1791632162.6070948,"[-53.96430599999999, 66.710037, 52.999041000000005, 53.526387, -0.08712299999999118, 63.80963400000002, 32.69622000000001, 38.497026000000005, 54.053732999999994, 66.182691, 53.08693199999999, 53.174823, 15.381693000000013, 83.76089100000002, 69.61044000000001, 29.268471000000005]","[-2.0, 1.0, 1.0, 1.0, 0.0, 0.0, 1.0, 1.0, 1.0, 1.0, 2.0, 2.0, 0.0, 1.0, 0.0, 1.0]","[-9.0, 21.0, 16.0, 14.0, 0.0, 13.0, 9.0, 0.0, 0.0, 25.0, 10.0, 10.0, 11.0, 0.0, 9.0, 13.0]"
3,1791632162.831065,"[-54.579543, 66.710037, 54.053732999999994, 54.40529699999999, -0.08712299999999118, 63.80963400000002, 32.69622000000001, 38.497026000000005, 55.020534, 66.182691, 53.79006000000001, 54.14162400000001, 15.381693000000013, 83.76089100000002, 69.61044000000001, 29.268471000000005]","[0.0, 1.0, 3.0, 1.0, 0.0, 0.0, 1.0, 1.0, 1.0, 1.0, 1.0, 1.0, 0.0, 1.0, 0.0, 1.0]","[-9.0, 20.0, 15.0, 15.0, 0.0, 13.0, 9.0, 0.0, 0.0, 25.0, 11.0, 11.0, 10.0, 0.0, 10.0, 13.0]"
3,1791632163.055012,"[-55.722126, 66.710037, 55.10842500000001, 55.635771000000005, -0.08712299999999118, 63.80963400000002, 32.69622000000001, 38.497026000000005, 56.163117, 66.182691, 54.844752, 55.10842500000001, 15.381693000000013, 83.76089100000002, 69.61044000000001, 29.268471000000005]","[-2.0, 1.0, 3.0, 1.0, 0.0, 0.0, 1.0, 1.0, 1.0, 1.0, 2.0, 1.0, 0.0, 1.0, 0.0, 1.0]","[-9.0, 20.0, 16.0, 13.0, 0.0, 13.0, 9.0, 0.0, -14.0, 25.0, 11.0, 11.0, 11.0, 0.0, 10.0, 13.0]"
3,1791632163.2760165,"[-56.513144999999994, 66.710037, 55.987335, 56.338899, 0.0007679999999936626, 63.80963400000002, 32.69622000000001, 38.497026000000005, 56.954136000000005, 66.182691, 55.89944400000002, 56.163117, 15.381693000000013, 83.76089100000002, 69.61044000000001, 29.268471000000005]","[0.0, 1.0, 1.0, 1.0, 1.0, 0.0, 1.0, 1.0, 1.0, 0.0, 4.0, 2.0, 0.0, 1.0, 1.0, 1.0]","[-10.0, 21.0, 16.0, 14.0, -1.0, 13.0, 9.0, 0.0, 0.0, 26.0, 11.0, 10.0, 11.0, 0.0, 10.0, 13.0]"
3,1791632163.5007594,"[-57.479946, 66.710037, 57.04202699999999, 57.393591000000015, -0.08712299999999118, 63.80963400000002, 32.69622000000001, 38.497026000000005, 57.92093700000001, 66.182691, 56.77835400000001, 57.04202699999999, 15.381693000000013, 83.76089100000002, 69.61044000000001, 29.268471000000005]","[-2.0, 1.0, 1.0, 2.0, 0.0, 0.0, 1.0, 1.0, 0.0, 1.0, 1.0, 2.0, 0.0, 1.0, 0.0, 0.0]","[-10.0, 21.0, 16.0, 14.0, 0.0, 13.0, 10.0, 0.0, 0.0, 25.0, 11.0, 11.0, 11.0, 0.0, 11.0, 13.0]"
3,1791632163.724773,"[-58.798311, 67.061601, 58.09671900000001, 58.36039199999999, -0.08712299999999118, 63.80963400000002, 32.69622000000001, 38.497026000000005, 58.975629, 66.182691, 57.74515500000001, 58.09671900000001, 15.381693000000013, 83.76089100000002, 69.522549, 29.268471000000005]","[0.0, 4.0, 2.0, 2.0, 0.0, 0.0, 1.0, 1.0, 1.0, 0.0, 3.0, 3.0, 0.0, 1.0, 0.0, 1.0]","[-8.0, 18.0, 15.0, 14.0, 0.0, 13.0, 9.0, 0.0, 0.0, 25.0, 12.0, 10.0, 11.0, 0.0, 10.0, 13.0]"
3,1791632163.9479842,"[-59.32565699999999, 67.32527400000001, 59.327192999999994, 59.23930200000001, -0.08712299999999118, 63.80963400000002, 32.69622000000001, 38.497026000000005, 59.94243, 66.182691, 58.799847, 59.151410999999996, 15.381693000000013, 83.76089100000002, 69.61044000000001, 29.268471000000005]","[-1.0, 1.0, 2.0, 1.0, 0.0, 0.0, 1.0, 1.0, 1.0, 1.0, 4.0, 3.0, 0.0, 1.0, 0.0, 1.0]","[-11.0, 18.0, 15.0, 14.0, 0.0, 13.0, 9.0, 0.0, 0.0, 25.0, 10.0, 11.0, 11.0, 0.0, 11.0, 13.0]"
3,1791632164.171464,"[-60.73191299999999, 67.32527400000001, 60.469775999999996, 59.23930200000001, -0.08712299999999118, 63.80963400000002, 32.69622000000001, 38.497026000000005, 60.99712199999999, 66.27058199999999, 59.85453900000002, 59.151410999999996, 15.381693000000013, 83.76089100000002, 69.61044000000001, 29.268471000000005]","[-3.0, 1.0, 3.0, 1.0, 1.0, 0.0, 1.0, 1.0, 1.0, 1.0, 1.0, 1.0, 0.0, 1.0, 1.0, 1.0]","[-9.0, 18.0, 15.0, 14.0, -2.0, 13.0, 9.0, 0.0, 0.0, 25.0, 11.0, 11.0, 11.0, 0.0, 10.0, 13.0]"
3,1791632164.398916,"[-61.698713999999995, 67.501056, 61.436577, 59.23930200000001, -0.08712299999999118, 63.80963400000002, 32.69622000000001, 38.497026000000005, 61.963922999999994, 66.182691, 61.085013000000004, 59.151410999999996, 15.381693000000013, 83.76089100000002, 69.61044000000001, 29.268471000000005]","[0.0, 3.0, 2.0, 1.0, 0.0, 0.0, 1.0, 1.0, 2.0, 0.0, 2.0, 1.0, 0.0, 1.0, 0.0, 1.0]","[-9.0, 16.0, 14.0, 15.0, 0.0, 13.0, 9.0, 0.0, 0.0, 25.0, 10.0, 11.0, 10.0, 0.0, 10.0, 13.0]"
3,1791632164.6222267,"[-62.577624, 67.76472900000002, 62.49126900000002, 59.23930200000001, -0.08712299999999118, 63.80963400000002, 32.69622000000001, 38.497026000000005, 62.667051000000015, 66.27058199999999, 62.227596000000005, 59.151410999999996, 15.381693000000013, 83.76089100000002, 69.61044000000001, 29.268471000000005]","[0.0, 2.0, 3.0, 1.0, 0.0, 0.0, 1.0, 1.0, 1.0, 1.0, 4.0, 1.0, 0.0, 1.0, 1.0, 1.0]","[-9.0, 17.0, 14.0, 15.0, 0.0, 13.0, 9.0, 0.0, 14.0, 24.0, 9.0, 11.0, 10.0, 0.0, 10.0, 12.0]"
3,1791632164.8469105,"[-63.808098, 67.676838, 63.45806999999999, 59.23930200000001, -0.08712299999999118, 63.80963400000002, 32.69622000000001, 38.497026000000005, 63.985416000000015, 66.27058199999999, 63.106505999999996, 59.151410999999996, 15.381693000000013, 83.76089100000002, 69.61044000000001, 29.268471000000005]","[-1.0, 1.0, 1.0, 1.0, 1.0, 0.0, 1.0, 1.0, 2.0, 1.0, 1.0, 1.0, 0.0, 1.0, 0.0, 1.0]","[-9.0, 17.0, 15.0, 14.0, -1.0, 14.0, 9.0, 0.0, 0.0, 25.0, 10.0, 11.0, 11.0, 0.0, 10.0, 12.0]"
3,1791632165.0683668,"[-64.86279, 67.76472900000002, 64.600653, 59.23930200000001, -0.08712299999999118, 63.80963400000002, 32.69622000000001, 38.497026000000005, 64.95221699999999, 66.27058199999999, 63.985416000000015, 59.151410999999996, 15.381693000000013, 83.76089100000002, 69.61044000000001, 29.268471000000005]","[-1.0, 0.0, 2.0, 1.0, 0.0, 0.0, 1.0, 1.0, 2.0, 1.0, 1.0, 1.0, 0.0, 1.0, 1.0, 1.0]","[-8.0, 16.0, 15.0, 14.0, 0.0, 13.0, 10.0, 0.0, 0.0, 25.0, 11.0, 10.0, 11.0, 0.0, 10.0, 13.0]"
3,1791632165.2947776,"[-65.565918, 67.76472900000002, 65.391672, 59.23930200000001, -0.08712299999999118, 63.80963400000002, 32.69622000000001, 38.497026000000005, 65.919018, 66.27058199999999, 65.12799900000002, 59.151410999999996, 15.381693000000013, 83.76089100000002, 69.61044000000001, 29.268471000000005]","[-1.0, 0.0, 1.0, 1.0, 1.0, 0.0, 1.0, 1.0, 1.0, 1.0, 3.0, 1.0, 0.0, 1.0, 1.0, 1.0]","[-9.0, 16.0, 15.0, 15.0, 0.0, 13.0, 10.0, 0.0, 0.0, 25.0, 10.0, 11.0, 10.0, 0.0, 10.0, 13.0]"
3,1791632165.5187602,"[-66.708501, 67.76472900000002, 66.62214600000001, 59.23930200000001, -0.08712299999999118, 63.80963400000002, 32.69622000000001, 38.497026000000005, 66.97371000000001, 66.27058199999999, 66.00690900000001, 59.151410999999996, 15.381693000000013, 83.76089100000002, 69.522549, 29.268471000000005]","[-1.0, 1.0, 4.0, 1.0, 0.0, 0.0, 1.0, 1.0, 1.0, 1.0, 1.0, 1.0, 0.0, 1.0, 0.0, 1.0]","[-9.0, 17.0, 14.0, 14.0, 0.0, 13.0, 9.0, 0.0, 0.0, 25.0, 11.0, 11.0, 11.0, 0.0, 10.0, 14.0]"
3,1791632165.7396598,"[-67.675302, 67.76472900000002, 67.41316499999999, 59.23930200000001, -0.08712299999999118, 63.80963400000002, 32.69622000000001, 38.497026000000005, 67.94051100000001, 66.27058199999999, 66.79792800000001, 59.151410999999996, 15.381693000000013, 83.76089100000002, 69.61044000000001, 29.268471000000005]","[0.0, 0.0, 1.0, 1.0, 1.0, 0.0, 1.0, 1.0, 2.0, 1.0, 1.0, 1.0, 0.0, 1.0, 1.0, 1.0]","[-9.0, 16.0, 15.0, 15.0, 0.0, 13.0, 9.0, 0.0, 0.0, 24.0, 11.0, 10.0, 11.0, 0.0, 9.0, 13.0]"
3,1791632165.9642024,"[-68.55421199999999, 67.76472900000002, 68.555748, 59.23930200000001, -0.08712299999999118, 63.80963400000002, 32.69622000000001, 38.497026000000005, 68.90731199999999, 66.27058199999999, 67.76472900000002, 59.151410999999996, 15.381693000000013, 83.76089100000002, 69.522549, 29.268471000000005]","[0.0, 1.0, 2.0, 1.0, 0.0, 0.0, 1.0, 1.0, 1.0, 1.0, 3.0, 1.0, 0.0, 1.0, 0.0, 1.0]","[-9.0, 17.0, 14.0, 15.0, 0.0, 13.0, 9.0, 0.0, 13.0, 25.0, 11.0, 11.0, 10.0, 0.0, 9.0, 13.0]"
3,1791632166.190798,"[-69.521013, 67.76472900000002, 69.522549, 59.23930200000001, -0.08712299999999118, 63.80963400000002, 32.69622000000001, 38.497026000000005, 69.874113, 67.061601, 68.819421, 59.151410999999996, 15.381693000000013, 83.76089100000002, 69.522549, 29.268471000000005]","[0.0, 0.0, 1.0, 1.0, 1.0, 0.0, 1.0, 1.0, 2.0, 6.0, 2.0, 1.0, 0.0, 1.0, 0.0, 1.0]","[-9.0, 17.0, 14.0, 14.0, 0.0, 13.0, 9.0, 0.0, 14.0, 18.0, 11.0, 10.0, 12.0, 0.0, 10.0, 13.0]"
3,1791632166.4138145,"[-69.608904, 67.76472900000002, 70.22567699999999, 59.23930200000001, -0.08712299999999118, 63.80963400000002, 32.69622000000001, 38.497026000000005, 69.96200400000001, 67.41316499999999, 69.698331, 59.151410999999996, 15.381693000000013, 83.76089100000002, 69.61044000000001, 29.268471000000005]","[0.0, 1.0, 1.0, 1.0, 1.0, 0.0, 1.0, 1.0, 1.0, 1.0, 0.0, 1.0, 0.0, 1.0, 1.0, 1.0]","[-9.0, 17.0, 15.0, 13.0, -1.0, 12.0, 9.0, 0.0, 0.0, 17.0, 11.0, 10.0, 10.0, 0.0, 10.0, 13.0]"
3,1791632166.638694,"[-69.608904, 67.76472900000002, 70.57724100000001, 59.23930200000001, -0.08712299999999118, 63.80963400000002, 32.69622000000001, 38.497026000000005, 69.96200400000001, 67.41316499999999, 70.840914, 59.151410999999996, 15.381693000000013, 83.76089100000002, 69.522549, 29.268471000000005]","[0.0, 0.0, 1.0, 1.0, 0.0, 0.0, 1.0, 1.0, 1.0, 1.0, 2.0, 1.0, 0.0, 1.0, 0.0, 1.0]","[-9.0, 17.0, 17.0, 14.0, 0.0, 13.0, 10.0, 0.0, 0.0, 16.0, 11.0, 10.0, 10.0, 0.0, 10.0, 13.0]"
3,1791632166.860892,"[-69.608904, 67.676838, 70.92880500000001, 59.23930200000001, -0.08712299999999118, 63.80963400000002, 32.69622000000001, 38.497026000000005, 69.96200400000001, 67.41316499999999, 71.71982400000002, 59.151410999999996, 15.381693000000013, 83.76089100000002, 69.522549, 29.268471000000005]","[0.0, 0.0, 2.0, 1.0, 1.0, 0.0, 1.0, 1.0, 1.0, 1.0, 1.0, 1.0, 0.0, 1.0, 0.0, 1.0]","[-9.0, 17.0, 20.0, 14.0, 0.0, 13.0, 10.0, 0.0, 0.0, 17.0, 11.0, 10.0, 10.0, 0.0, 10.0, 13.0]"
3,1791632167.0829105,"[-69.696795, 67.676838, 71.36825999999999, 59.23930200000001, -0.08712299999999118, 63.80963400000002, 32.69622000000001, 38.497026000000005, 69.96200400000001, 67.41316499999999, 72.59873400000001, 59.151410999999996, 15.381693000000013, 83.76089100000002, 69.522549, 29.268471000000005]","[-1.0, 0.0, 1.0, 1.0, 1.0, 0.0, 1.0, 1.0, 1.0, 1.0, 1.0, 1.0, 0.0, 1.0, 0.0, 1.0]","[-9.0, 17.0, 22.0, 13.0, 0.0, 13.0, 10.0, 0.0, 0.0, 17.0, 12.0, 10.0, 10.0, 0.0, 10.0, 13.0]"
3,1791632167.308905,"[-69.696795, 67.676838, 71.807715, 59.23930200000001, -0.08712299999999118, 63.80963400000002, 32.69622000000001, 38.497026000000005, 69.96200400000001, 67.41316499999999, 73.74131700000001, 59.151410999999996, 15.381693000000013, 83.76089100000002, 69.61044000000001, 29.268471000000005]","[0.0, 0.0, 1.0, 1.0, 1.0, 0.0, 1.0, 1.0, 1.0, 1.0, 2.0, 1.0, 0.0, 1.0, 0.0, 1.0]","[-9.0, 17.0, 26.0, 14.0, 0.0, 13.0, 9.0, 0.0, 0.0, 17.0, 11.0, 11.0, 12.0, 0.0, 10.0, 13.0]"
3,1791632167.534017,"[-69.87257699999999, 67.676838, 72.59873400000001, 59.23930200000001, -0.08712299999999118, 63.80963400000002, 32.69622000000001, 38.497026000000005, 69.96200400000001, 67.41316499999999, 74.53233600000002, 59.151410999999996, 15.381693000000013, 83.76089100000002, 69.522549, 29.268471000000005]","[-1.0, 0.0, 1.0, 1.0, 0.0, 0.0, 1.0, 1.0, 1.0, 1.0, 3.0, 1.0, 0.0, 1.0, 0.0, 1.0]","[-8.0, 17.0, 27.0, 14.0, 0.0, 13.0, 10.0, 0.0, 0.0, 17.0, 12.0, 10.0, 11.0, 0.0, 9.0, 12.0]"
3,1791632167.7552028,"[-69.87257699999999, 67.676838, 72.59873400000001, 59.23930200000001, -0.08712299999999118, 63.80963400000002, 32.69622000000001, 38.497026000000005, 69.96200400000001, 67.41316499999999, 74.70811800000001, 59.151410999999996, 15.381693000000013, 83.76089100000002, 69.61044000000001, 29.268471000000005]","[0.0, 0.0, 1.0, 1.0, 0.0, 0.0, 1.0, 1.0, 1.0, 1.0, 2.0, 1.0, 0.0, 1.0, 0.0, 1.0]","[-9.0, 17.0, 34.0, 14.0, 0.0, 13.0, 9.0, 0.0, 0.0, 17.0, 15.0, 10.0, 10.0, 0.0, 10.0, 13.0]"
3,1791632167.982686,"[-69.784686, 67.58894699999999, 72.59873400000001, 59.23930200000001, -0.08712299999999118, 63.80963400000002, 32.69622000000001, 38.497026000000005, 69.96200400000001, 67.41316499999999, 74.971791, 59.151410999999996, 15.381693000000013, 83.76089100000002, 69.61044000000001, 29.268471000000005]","[1.0, 0.0, 1.0, 1.0, 0.0, 0.0, 1.0, 1.0, 1.0, 0.0, 1.0, 1.0, 0.0, 1.0, 1.0, 1.0]","[4.0, 10.0, 14.0, 0.0, 0.0, 12.0, 9.0, 0.0, 0.0, 17.0, 19.0, 11.0, 11.0, 0.0, 10.0, 13.0]"
3,1791632168.206589,"[-69.87257699999999, 67.58894699999999, 72.59873400000001, 59.23930200000001, 0.0007679999999936626, 63.80963400000002, 32.69622000000001, 38.497026000000005, 69.96200400000001, 67.41316499999999, 75.32335499999999, 59.151410999999996, 15.381693000000013, 83.76089100000002, 69.522549, 29.268471000000005]","[0.0, 0.0, 1.0, 1.0, 1.0, 0.0, 1.0, 1.0, 1.0, 1.0, 1.0, 1.0, 0.0, 1.0, 0.0, 1.0]","[8.0, 10.0, 14.0, 0.0, -4.0, 13.0, 10.0, 0.0, 0.0, 17.0, 23.0, 11.0, 11.0, 0.0, 10.0, 13.0]"
3,1791632168.4270911,"[-69.87257699999999, 67.58894699999999, 72.59873400000001, 59.23930200000001, -0.08712299999999118, 63.80963400000002, 32.69622000000001, 38.497026000000005, 69.96200400000001, 67.41316499999999, 75.32335499999999, 59.151410999999996, 15.381693000000013, 83.76089100000002, 69.61044000000001, 29.268471000000005]","[0.0, 0.0, 1.0, 1.0, 0.0, 0.0, 1.0, 1.0, 0.0, 0.0, 1.0, 1.0, 0.0, 1.0, 1.0, 1.0]","[6.0, 10.0, 14.0, 0.0, 0.0, 13.0, 10.0, 0.0, 0.0, 17.0, 29.0, 10.0, 10.0, 0.0, 10.0, 13.0]"
3,1791632168.6553373,"[-69.87257699999999, 67.58894699999999, 72.59873400000001, 59.23930200000001, -0.08712299999999118, 63.80963400000002, 32.69622000000001, 38.497026000000005, 69.96200400000001, 67.32527400000001, 75.938592, 59.151410999999996, 15.381693000000013, 83.76089100000002, 69.61044000000001, 29.268471000000005]","[1.0, 0.0, 1.0, 1.0, 0.0, 0.0, 1.0, 1.0, 1.0, 0.0, 1.0, 1.0, 0.0, 1.0, 1.0, 0.0]","[7.0, 10.0, 14.0, 0.0, 0.0, 13.0, 9.0, 0.0, 0.0, 17.0, 32.0, 10.0, 11.0, 0.0, 10.0, 13.0]"
3,1791632168.8762155,"[-69.87257699999999, 67.58894699999999, 72.59873400000001, 59.23930200000001, -0.08712299999999118, 63.80963400000002, 32.69622000000001, 38.497026000000005, 69.96200400000001, 67.14949200000001, 75.938592, 59.151410999999996, 15.381693000000013, 83.76089100000002, 69.522549, 29.268471000000005]","[1.0, 0.0, 1.0, 1.0, 1.0, 0.0, 1.0, 1.0, 0.0, 0.0, 1.0, 1.0, 0.0, 1.0, 0.0, 1.0]","[2.0, 10.0, 13.0, 0.0, 0.0, 13.0, 9.0, 0.0, 0.0, 9.0, 9.0, 0.0, 10.0, 0.0, 10.0, 12.0]"
