grip,time,positions,velocities,currents
1,1791640386.5069282,"[0.0007679999999936626, -5.009018999999995, -1.1418150000000082, -0.08712299999999118, -0.08712299999999118, -5.272692000000006, 0.0007679999999936626, -0.5265780000000007, 0.08865900000000693, -4.833236999999997, -0.9660330000000101, 0.26444100000000503, -1.9328339999999855, 178.507389, 40.07906399999999, 25.928613000000013]","[0.0, 0.0, 0.0, 1.0, 1.0, 1.0, 0.0, 1.0, 0.0, 0.0, 1.0, 0.0, 0.0, 1.0, 1.0, 0.0]","[-9.0, 32.0, 16.0, 0.0, 0.0, 35.0, -10.0, 11.0, -14.0, 32.0, 11.0, -10.0, 15.0, 15.0, -10.0, -16.0]"
1,1791640386.7345557,"[-0.5265780000000007, -5.009018999999995, -0.790251000000012, 0.08865900000000693, -0.08712299999999118, -4.92112800000001, 0.44022300000000314, -0.5265780000000007, 0.7038960000000145, -4.745346000000012, -0.9660330000000101, 0.3523319999999899, -1.9328339999999855, 178.33160700000002, 40.07906399999999, 26.016503999999998]","[0.0, 1.0, 1.0, 1.0, 0.0, 2.0, 0.0, 1.0, 1.0, 1.0, 1.0, 1.0, 0.0, 0.0, 1.0, 1.0]","[-9.0, 46.0, 18.0, 14.0, 0.0, 49.0, 11.0, 13.0, 14.0, 49.0, 15.0, 10.0, 15.0, -11.0, 11.0, 3.0]"
1,1791640386.95857,"[-1.4054879999999912, -4.042217999999991, -0.17501400000000444, 0.7038960000000145, -0.08712299999999118, -3.7785450000000083, 1.0554600000000107, 0.3523319999999899, 1.407024000000007, -4.1301090000000045, -0.6144689999999855, 0.6160050000000012, -1.9328339999999855, 178.06793399999998, 40.07906399999999, 26.28017700000001]","[0.0, 0.0, 2.0, 3.0, 1.0, 4.0, 1.0, 3.0, 5.0, 0.0, 1.0, 1.0, 0.0, 0.0, 0.0, 1.0]","[-9.0, 62.0, 19.0, 16.0, 0.0, 56.0, 11.0, 12.0, 14.0, 64.0, 16.0, 12.0, 15.0, -15.0, 14.0, 14.0]"
1,1791640387.1791704,"[-2.4601800000000082, -1.7570519999999874, 0.8796780000000126, 0.7038960000000145, -0.08712299999999118, -2.8117440000000045, 1.7585880000000031, 1.407024000000007, 2.813279999999992, -2.372288999999995, 0.26444100000000503, 0.6160050000000012, -1.9328339999999855, 177.804261, 41.48532, 27.159087]","[-2.0, 5.0, 1.0, 1.0, 0.0, 7.0, 1.0, 1.0, 2.0, 2.0, 3.0, 1.0, 0.0, 0.0, 4.0, 2.0]","[-9.0, 53.0, 19.0, 18.0, 0.0, 60.0, 12.0, 14.0, 14.0, 69.0, 16.0, 17.0, 15.0, -26.0, 12.0, 15.0]"
1,1791640387.4065635,"[-3.426981000000012, 0.08865900000000693, 1.7585880000000031, 2.6374979999999937, -0.08712299999999118, 0.26444100000000503, 2.6374979999999937, 2.1980430000000126, 2.901171000000005, -2.372288999999995, 1.3191329999999937, 2.0222610000000145, -1.9328339999999855, 177.452697, 42.36422999999999, 28.03799699999999]","[0.0, 0.0, 1.0, 4.0, 1.0, 6.0, 3.0, 0.0, 1.0, 1.0, 2.0, 3.0, 0.0, 0.0, 1.0, 3.0]","[-9.0, 57.0, 20.0, 16.0, 0.0, 54.0, 13.0, 14.0, 16.0, 95.0, 15.0, 14.0, 14.0, -35.0, 15.0, 15.0]"
1,1791640387.6305072,"[-4.305891000000003, 1.846478999999988, 2.725389000000007, 3.6921900000000107, -0.08712299999999118, 1.4949149999999918, 3.2527350000000013, 3.3406260000000145, 4.6589910000000145, 2.1980430000000126, 1.846478999999988, 3.164843999999988, -1.9328339999999855, 175.870659, 43.41892200000001, 29.092689000000007]","[0.0, 6.0, 1.0, 1.0, 1.0, 9.0, 1.0, 3.0, 2.0, 9.0, 1.0, 4.0, 0.0, -3.0, 4.0, 4.0]","[-10.0, 57.0, 20.0, 16.0, 0.0, 57.0, 14.0, 13.0, 14.0, 57.0, 17.0, 13.0, 14.0, -38.0, 12.0, 15.0]"
1,1791640387.853605,"[-5.360582999999991, 3.867972000000009, 3.7800809999999956, 4.746881999999999, -0.08712299999999118, 3.7800809999999956, 4.30742699999999, 4.395318000000003, 5.713683000000003, 4.483208999999988, 3.076953000000003, 4.131644999999992, -1.9328339999999855, 173.40971100000002, 44.649395999999996, 30.05949000000001]","[0.0, 1.0, 3.0, 3.0, 1.0, 2.0, 1.0, 1.0, 2.0, 4.0, 5.0, 1.0, 0.0, -2.0, 3.0, 1.0]","[-10.0, 59.0, 20.0, 16.0, 0.0, 54.0, 14.0, 13.0, 13.0, 58.0, 17.0, 14.0, 14.0, -34.0, 13.0, 15.0]"
1,1791640388.0785055,"[-5.975819999999999, 5.537901000000005, 4.746881999999999, 5.801573999999988, -0.08712299999999118, 6.065246999999999, 5.274227999999994, 5.274227999999994, 6.328920000000011, 5.9773560000000145, 4.219536000000005, 5.010555000000011, -1.9328339999999855, 171.21243600000003, 45.528306000000015, 31.114182]","[0.0, 3.0, 3.0, 1.0, 0.0, 4.0, 3.0, 1.0, 5.0, 3.0, 4.0, 1.0, 0.0, -7.0, 2.0, 1.0]","[-11.0, 64.0, 19.0, 16.0, 0.0, 60.0, 14.0, 14.0, 14.0, 63.0, 17.0, 14.0, 15.0, -31.0, 13.0, 14.0]"
1,1791640388.3025541,"[-7.118403000000001, 8.350413000000003, 5.889465000000001, 5.801573999999988, -0.08712299999999118, 6.065246999999999, 5.362119000000007, 6.592592999999994, 7.735175999999996, 8.438303999999988, 4.30742699999999, 6.328920000000011, -1.9328339999999855, 169.27883400000002, 46.67088899999999, 32.16887399999999]","[0.0, 7.0, 3.0, 1.0, 1.0, 1.0, 1.0, 4.0, 3.0, 5.0, 1.0, 2.0, 0.0, 0.0, 3.0, 3.0]","[-10.0, 52.0, 19.0, 20.0, 0.0, 83.0, 17.0, 13.0, 14.0, 57.0, 20.0, 12.0, 16.0, -35.0, 13.0, 14.0]"
1,1791640388.5256376,"[-8.260986000000003, 10.108233000000013, 5.889465000000001, 7.823067000000009, -0.08712299999999118, 10.020342, 7.207830000000001, 7.471503000000013, 7.735175999999996, 9.668778000000003, 6.153138000000013, 7.207830000000001, -1.9328339999999855, 168.487815, 47.37401700000001, 33.13567499999999]","[-1.0, 1.0, 1.0, 4.0, 1.0, 7.0, 3.0, 2.0, 1.0, 1.0, 4.0, 3.0, 0.0, 0.0, 3.0, 2.0]","[-10.0, 60.0, 24.0, 16.0, 0.0, 52.0, 14.0, 13.0, 16.0, 66.0, 16.0, 14.0, 14.0, -46.0, 13.0, 14.0]"
1,1791640388.7477717,"[-9.227787000000006, 10.108233000000013, 7.823067000000009, 8.701977, -0.08712299999999118, 11.338707, 8.174631000000005, 8.526195000000001, 9.668778000000003, 9.668778000000003, 7.119938999999988, 8.086739999999992, -1.9328339999999855, 167.78468700000002, 48.428709, 34.19036700000001]","[0.0, 1.0, 5.0, 1.0, 1.0, 1.0, 2.0, 1.0, 4.0, 1.0, 4.0, 5.0, 0.0, -9.0, 1.0, 3.0]","[-9.0, 84.0, 20.0, 16.0, 0.0, 65.0, 14.0, 12.0, 13.0, 93.0, 16.0, 13.0, 14.0, -51.0, 13.0, 14.0]"
1,1791640388.9723165,"[-10.19458800000001, 14.063328000000013, 8.877758999999998, 9.844560000000001, -0.08712299999999118, 12.305508000000003, 9.229322999999994, 9.405104999999992, 10.635579000000007, 13.975437, 7.823067000000009, 9.317214000000007, -1.9328339999999855, 163.74170099999998, 49.571292, 35.069277]","[0.0, 6.0, 3.0, 3.0, 0.0, 10.0, 1.0, 1.0, 1.0, 17.0, 6.0, 4.0, 0.0, -2.0, 3.0, 2.0]","[-10.0, 60.0, 19.0, 16.0, 2.0, 67.0, 14.0, 12.0, 14.0, 55.0, 16.0, 13.0, 14.0, -40.0, 14.0, 14.0]"
1,1791640389.1966598,"[-10.897716000000003, 15.55747500000001, 9.756668999999988, 10.723469999999992, -0.08712299999999118, 15.996929999999992, 10.28401500000001, 10.635579000000007, 11.60238000000001, 14.23911000000001, 9.053540999999996, 10.108233000000013, -1.9328339999999855, 161.720208, 50.362311000000005, 36.036078]","[-2.0, 6.0, 1.0, 2.0, 0.0, 3.0, 3.0, 3.0, 2.0, 1.0, 1.0, 1.0, 0.0, -5.0, 1.0, 2.0]","[-11.0, 62.0, 20.0, 16.0, 0.0, 58.0, 12.0, 13.0, 14.0, 85.0, 18.0, 13.0, 14.0, -36.0, 15.0, 14.0]"
1,1791640389.4186997,"[-12.12818999999999, 18.018423000000013, 10.811361000000005, 11.690270999999996, -0.08712299999999118, 15.996929999999992, 10.28401500000001, 11.514488999999998, 12.569181000000015, 14.23911000000001, 9.844560000000001, 11.075033999999988, -1.9328339999999855, 159.698715, 51.241220999999996, 37.09076999999999]","[-1.0, 2.0, 3.0, 3.0, 1.0, 1.0, 1.0, 2.0, 1.0, 1.0, 1.0, 1.0, 0.0, -2.0, 3.0, 1.0]","[-10.0, 59.0, 19.0, 15.0, 0.0, 83.0, 16.0, 13.0, 14.0, 128.0, 17.0, 12.0, 15.0, -38.0, 13.0, 14.0]"
1,1791640389.6433506,"[-13.007100000000008, 20.039916000000005, 11.778162000000009, 12.744963000000013, -0.08712299999999118, 20.039916000000005, 12.21761699999999, 12.393398999999988, 13.623873000000003, 20.215698000000003, 10.987143000000003, 12.129726000000005, -1.9328339999999855, 157.58933100000002, 52.29591300000001, 38.14546200000001]","[0.0, 9.0, 2.0, 2.0, 1.0, 9.0, 3.0, 1.0, 2.0, 4.0, 1.0, 2.0, 0.0, -2.0, 3.0, 3.0]","[-11.0, 52.0, 19.0, 16.0, 0.0, 53.0, 14.0, 13.0, 13.0, 60.0, 16.0, 12.0, 14.0, -37.0, 13.0, 15.0]"
1,1791640389.8676548,"[-14.237573999999995, 22.14930000000001, 12.832853999999998, 13.623873000000003, -0.08712299999999118, 20.918825999999996, 13.272309000000007, 13.623873000000003, 14.678564999999992, 20.215698000000003, 11.866052999999994, 13.184417999999994, -1.9328339999999855, 155.83151099999998, 53.174823, 39.28804500000001]","[0.0, 1.0, 4.0, 1.0, 1.0, 9.0, 3.0, 2.0, 2.0, 1.0, 3.0, 2.0, 0.0, -3.0, 3.0, 3.0]","[-10.0, 57.0, 20.0, 16.0, 0.0, 63.0, 14.0, 13.0, 13.0, 85.0, 18.0, 14.0, 14.0, -38.0, 13.0, 14.0]"
1,1791640390.0915794,"[-15.204374999999999, 23.819229000000007, 13.887546000000015, 14.678564999999992, -0.08712299999999118, 24.346575, 14.327000999999996, 14.502782999999994, 15.645365999999996, 24.610248000000013, 13.008635999999996, 13.887546000000015, -1.9328339999999855, 153.89790900000003, 54.22951499999999, 40.254846000000015]","[-1.0, 7.0, 2.0, 4.0, 1.0, 7.0, 3.0, 1.0, 1.0, 9.0, 7.0, 1.0, 0.0, -2.0, 4.0, 3.0]","[-10.0, 59.0, 20.0, 16.0, 0.0, 64.0, 14.0, 14.0, 14.0, 54.0, 17.0, 15.0, 15.0, -40.0, 13.0, 15.0]"
1,1791640390.315481,"[-16.434848999999986, 26.543849999999992, 14.85434699999999, 15.733257000000009, -0.08712299999999118, 26.016503999999998, 15.381693000000013, 15.909039000000007, 16.787948999999998, 26.895413999999988, 13.975437, 15.030128999999988, -1.9328339999999855, 151.788525, 55.196315999999996, 41.133756000000005]","[-2.0, 8.0, 1.0, 3.0, 1.0, 1.0, 2.0, 3.0, 3.0, 5.0, 1.0, 2.0, 0.0, -3.0, 1.0, 1.0]","[-9.0, 48.0, 19.0, 16.0, 0.0, 62.0, 13.0, 12.0, 14.0, 52.0, 17.0, 12.0, 15.0, -36.0, 15.0, 15.0]"
1,1791640390.5394955,"[-17.313759000000005, 28.653233999999998, 15.909039000000007, 15.733257000000009, -0.08712299999999118, 28.30167, 16.436385, 16.787948999999998, 17.666858999999988, 28.565343000000013, 15.118020000000001, 15.996929999999992, -1.9328339999999855, 150.645942, 56.25100800000001, 42.188447999999994]","[-2.0, 3.0, 2.0, 1.0, 1.0, 5.0, 3.0, 2.0, 2.0, 0.0, 3.0, 1.0, 0.0, 0.0, 3.0, 3.0]","[-9.0, 53.0, 19.0, 18.0, 0.0, 56.0, 13.0, 12.0, 14.0, 56.0, 16.0, 14.0, 15.0, -48.0, 13.0, 14.0]"
1,1791640390.7636533,"[-18.54423299999999, 31.202073000000013, 17.139512999999994, 17.578968000000003, -0.08712299999999118, 29.971598999999998, 17.666858999999988, 17.930532, 18.633659999999992, 28.565343000000013, 16.348493999999988, 17.139512999999994, -1.9328339999999855, 148.62444900000003, 57.3057, 43.24314000000001]","[-2.0, 7.0, 5.0, 3.0, 1.0, 1.0, 3.0, 3.0, 1.0, 1.0, 3.0, 3.0, 0.0, -4.0, 3.0, 2.0]","[-9.0, 45.0, 18.0, 16.0, 0.0, 62.0, 12.0, 12.0, 14.0, 80.0, 15.0, 14.0, 14.0, -46.0, 14.0, 14.0]"
1,1791640390.9902205,"[-19.59892500000001, 32.784110999999996, 18.018423000000013, 18.721551000000005, -0.08712299999999118, 32.344656000000015, 18.36998700000001, 18.80944199999999, 19.600460999999996, 33.04778400000001, 17.315294999999992, 18.106313999999998, -1.9328339999999855, 146.515065, 58.272501000000005, 44.209941000000015]","[-2.0, 5.0, 6.0, 3.0, 1.0, 10.0, 1.0, 3.0, 2.0, 14.0, 1.0, 5.0, 0.0, -3.0, 2.0, 2.0]","[-9.0, 51.0, 18.0, 16.0, 0.0, 53.0, 14.0, 11.0, 14.0, 44.0, 16.0, 12.0, 15.0, -43.0, 14.0, 14.0]"
1,1791640391.2140546,"[-20.565726000000012, 35.245059, 19.248897, 19.51257000000001, -0.08712299999999118, 34.45403999999999, 19.248897, 19.68835200000001, 20.567262, 33.13567499999999, 18.545769000000007, 19.073115, -1.9328339999999855, 144.05411700000002, 59.41508400000001, 45.17674199999999]","[-2.0, 7.0, 1.0, 1.0, 1.0, 3.0, 1.0, 1.0, 3.0, 1.0, 3.0, 1.0, 0.0, -6.0, 3.0, 1.0]","[-9.0, 45.0, 20.0, 15.0, 0.0, 57.0, 14.0, 12.0, 14.0, 71.0, 17.0, 14.0, 15.0, -38.0, 13.0, 15.0]"
1,1791640391.4381874,"[-21.7962, 37.178661000000005, 20.303588999999988, 20.479371000000015, -0.08712299999999118, 36.739205999999996, 20.215698000000003, 20.743043999999998, 21.885627, 35.069277, 19.424678999999998, 20.215698000000003, -1.9328339999999855, 141.85684200000003, 60.20610300000001, 46.05565200000001]","[-2.0, 5.0, 3.0, 5.0, 1.0, 7.0, 1.0, 1.0, 2.0, 22.0, 3.0, 1.0, 0.0, 0.0, 1.0, 1.0]","[-8.0, 48.0, 17.0, 16.0, 0.0, 45.0, 14.0, 12.0, 13.0, 56.0, 16.0, 14.0, 15.0, -40.0, 14.0, 14.0]"
1,1791640391.6621733,"[-22.763001000000003, 39.28804500000001, 21.358281000000005, 21.709845, -0.08712299999999118, 38.672808, 20.83093500000001, 21.885627, 22.500864000000007, 39.200154, 20.655153000000013, 21.270389999999992, -1.9328339999999855, 139.92324000000002, 61.085013000000004, 47.110344]","[-1.0, 4.0, 2.0, 1.0, 1.0, 2.0, 1.0, 2.0, 2.0, 1.0, 1.0, 3.0, 0.0, -4.0, 5.0, 1.0]","[-9.0, 46.0, 17.0, 16.0, 0.0, 52.0, 16.0, 12.0, 14.0, 48.0, 15.0, 13.0, 15.0, -41.0, 13.0, 15.0]"
1,1791640391.8837264,"[-23.905584000000005, 41.39742899999999, 22.500864000000007, 22.588754999999992, -0.08712299999999118, 40.95797400000001, 21.797736000000015, 22.76453699999999, 23.907119999999992, 41.92477500000001, 21.709845, 22.32508200000001, -1.9328339999999855, 137.72596500000003, 62.49126900000002, 48.165036000000015]","[0.0, 3.0, 3.0, 1.0, 1.0, 8.0, 1.0, 1.0, 4.0, 6.0, 3.0, 1.0, 0.0, -4.0, 3.0, 1.0]","[-8.0, 47.0, 18.0, 17.0, 0.0, 45.0, 16.0, 12.0, 13.0, 40.0, 14.0, 12.0, 15.0, -35.0, 12.0, 15.0]"
1,1791640392.1069276,"[-24.87238500000001, 43.68259499999999, 23.379773999999998, 23.64344700000001, -0.08712299999999118, 43.59470400000001, 22.588754999999992, 23.907119999999992, 24.873920999999996, 42.012665999999996, 22.76453699999999, 23.116101000000015, -1.9328339999999855, 135.968145, 63.37017900000001, 49.13183699999999]","[-1.0, 8.0, 3.0, 3.0, 1.0, 5.0, 1.0, 4.0, 1.0, 1.0, 2.0, 3.0, 0.0, -3.0, 3.0, 3.0]","[-9.0, 39.0, 17.0, 15.0, 0.0, 41.0, 15.0, 12.0, 14.0, 61.0, 14.0, 14.0, 14.0, -41.0, 13.0, 15.0]"
1,1791640392.3315892,"[-25.927076999999997, 45.967760999999996, 24.170793000000003, 24.698138999999998, -0.08712299999999118, 45.791979, 23.46766500000001, 24.78603000000001, 25.840722, 46.407216000000005, 23.64344700000001, 24.258683999999988, -1.9328339999999855, 133.24352399999998, 64.424871, 50.01074700000001]","[-3.0, 1.0, 1.0, 1.0, 1.0, 8.0, 5.0, 1.0, 1.0, 10.0, 1.0, 3.0, 0.0, -6.0, 4.0, 3.0]","[0.0, 40.0, 18.0, 16.0, 0.0, 39.0, 16.0, 11.0, 14.0, 35.0, 15.0, 13.0, 14.0, -33.0, 12.0, 14.0]"
1,1791640392.556263,"[-26.981768999999986, 48.252927, 25.313376000000005, 25.66494, -0.08712299999999118, 47.901363, 24.78603000000001, 25.928613000000013, 26.983305, 47.901363, 24.873920999999996, 25.66494, -1.9328339999999855, 131.39781299999999, 64.424871, 51.065439]","[-2.0, 5.0, 2.0, 3.0, 1.0, 2.0, 3.0, 3.0, 1.0, 3.0, 3.0, 4.0, 1.0, 0.0, 1.0, 2.0]","[0.0, 36.0, 17.0, 16.0, 0.0, 42.0, 15.0, 12.0, 0.0, 42.0, 14.0, 12.0, 15.0, -36.0, 16.0, 15.0]"
1,1791640392.7784615,"[-27.94856999999999, 50.362311000000005, 26.28017700000001, 26.807523000000003, -0.08712299999999118, 50.098637999999994, 25.840722, 26.895413999999988, 27.950106000000005, 50.889657, 25.928613000000013, 26.455959000000007, -1.9328339999999855, 128.848974, 66.44636400000002, 52.208022]","[0.0, 1.0, 2.0, 1.0, 1.0, 6.0, 2.0, 1.0, 1.0, 7.0, 3.0, 1.0, 0.0, -2.0, 4.0, 3.0]","[0.0, 37.0, 18.0, 15.0, 0.0, 39.0, 15.0, 12.0, 0.0, 32.0, 13.0, 13.0, 15.0, -31.0, 13.0, 14.0]"
1,1791640393.0060513,"[-28.82748000000001, 52.64747700000001, 27.159087, 27.950106000000005, -0.08712299999999118, 52.383804, 27.071196000000015, 27.59854200000001, 29.092689000000007, 52.29591300000001, 26.895413999999988, 27.774324000000007, -1.8449430000000007, 127.26693599999999, 67.237383, 53.174823]","[0.0, 8.0, 1.0, 3.0, 1.0, 6.0, 4.0, 3.0, 1.0, 1.0, 1.0, 3.0, 0.0, 0.0, 5.0, 2.0]","[-8.0, 32.0, 18.0, 15.0, 0.0, 33.0, 15.0, 13.0, -13.0, 38.0, 14.0, 12.0, 14.0, -33.0, 12.0, 15.0]"
1,1791640393.2265418,"[-29.882171999999997, 55.196315999999996, 28.30167, 28.829015999999996, -0.08712299999999118, 54.58107900000002, 28.125888000000003, 28.565343000000013, 30.05949000000001, 54.93264300000001, 28.125888000000003, 28.74112500000001, -1.9328339999999855, 125.15755200000001, 68.555748, 54.14162400000001]","[-2.0, 2.0, 2.0, 1.0, 1.0, 6.0, 1.0, 1.0, 1.0, 9.0, 4.0, 3.0, 0.0, -4.0, 2.0, 3.0]","[-8.0, 29.0, 18.0, 16.0, 0.0, 31.0, 15.0, 13.0, 0.0, 29.0, 13.0, 12.0, 15.0, -32.0, 13.0, 15.0]"
1,1791640393.4514422,"[-30.936863999999986, 57.21780900000002, 29.180579999999992, 29.971598999999998, -0.08712299999999118, 56.690462999999994, 29.35636199999999, 29.883708000000013, 31.026291000000015, 56.42679000000001, 29.180579999999992, 29.883708000000013, -1.8449430000000007, 123.575514, 69.43465800000001, 55.196315999999996]","[0.0, 6.0, 1.0, 3.0, 1.0, 1.0, 3.0, 2.0, 1.0, 1.0, 4.0, 3.0, 0.0, -1.0, 1.0, 4.0]","[0.0, 32.0, 18.0, 15.0, -1.0, 34.0, 14.0, 12.0, -4.0, 37.0, 13.0, 11.0, 14.0, -35.0, 12.0, 14.0]"
1,1791640393.6759326,"[-31.991556000000003, 59.327192999999994, 30.498944999999992, 30.9384, -0.08712299999999118, 58.88773800000001, 30.586836000000005, 31.026291000000015, 32.080983, 58.624065, 29.883708000000013, 30.850508999999988, -1.9328339999999855, 122.16925800000001, 70.57724100000001, 56.075226000000015]","[-1.0, 1.0, 3.0, 1.0, 1.0, 1.0, 4.0, 4.0, 1.0, 12.0, 0.0, 2.0, 1.0, -8.0, 4.0, 2.0]","[0.0, 30.0, 17.0, 16.0, -4.0, 33.0, 13.0, 11.0, -1.0, 31.0, 14.0, 11.0, 15.0, -39.0, 11.0, 14.0]"
1,1791640393.901988,"[-32.95835700000001, 61.436577, 31.37785500000001, 31.99309199999999, 0.0007679999999936626, 61.348686000000015, 31.641527999999994, 31.905201000000005, 33.04778400000001, 61.52446800000001, 31.114182, 31.905201000000005, -1.9328339999999855, 118.91729099999998, 71.631933, 57.129918]","[0.0, 7.0, 1.0, 2.0, 1.0, 2.0, 2.0, 1.0, 1.0, 1.0, 1.0, 3.0, 0.0, -1.0, 1.0, 2.0]","[0.0, 27.0, 17.0, 16.0, -10.0, 29.0, 13.0, 11.0, 0.0, 29.0, 13.0, 11.0, 14.0, -31.0, 12.0, 15.0]"
1,1791640394.1258714,"[-34.013048999999995, 63.985416000000015, 32.608329, 32.959892999999994, 0.0007679999999936626, 63.80963400000002, 32.69622000000001, 32.87200200000001, 34.01458500000001, 63.721743000000004, 32.432547, 32.69622000000001, -1.9328339999999855, 116.807907, 72.86240699999999, 58.272501000000005]","[-1.0, 5.0, 4.0, 1.0, 1.0, 6.0, 3.0, 1.0, 1.0, 3.0, 4.0, 3.0, 1.0, -3.0, 2.0, 3.0]","[0.0, 22.0, 18.0, 16.0, -11.0, 24.0, 12.0, 11.0, 0.0, 25.0, 12.0, 11.0, 14.0, -32.0, 11.0, 14.0]"
1,1791640394.349589,"[-35.06774100000001, 66.09479999999999, 33.663021000000015, 34.19036700000001, 0.0007679999999936626, 65.919018, 33.926694, 34.102475999999996, 35.069277, 65.919018, 33.48723899999999, 33.663021000000015, -1.9328339999999855, 114.69852300000002, 73.301862, 58.799847]","[0.0, 7.0, 3.0, 3.0, 0.0, 2.0, 5.0, 3.0, 1.0, 2.0, 4.0, 2.0, 0.0, -1.0, 1.0, -1.0]","[0.0, 21.0, 16.0, 16.0, -7.0, 23.0, 11.0, 10.0, 0.0, 26.0, 12.0, 12.0, 15.0, -30.0, 16.0, 16.0]"
1,1791640394.5739448,"[-35.946651, 68.46785700000001, 34.717713, 35.069277, 0.0007679999999936626, 68.204184, 34.981386000000015, 35.15716800000001, 36.12396899999999, 68.29207500000001, 34.541931000000005, 34.717713, -1.9328339999999855, 113.819613, 73.301862, 58.88773800000001]","[-2.0, 4.0, 2.0, 4.0, 1.0, 4.0, 3.0, 4.0, 1.0, 8.0, 3.0, 1.0, 0.0, 0.0, 1.0, 1.0]","[-9.0, 22.0, 17.0, 15.0, -11.0, 20.0, 12.0, 11.0, -8.0, 20.0, 12.0, 12.0, 14.0, -39.0, 18.0, 18.0]"
1,1791640394.797462,"[-37.00134299999999, 70.57724100000001, 35.860296000000005, 36.12396899999999, 0.0007679999999936626, 70.48935, 36.21186, 35.94818699999999, 37.00287900000001, 70.48935, 35.596622999999994, 35.420840999999996, -1.9328339999999855, 111.35866500000003, 73.21397100000002, 59.06352000000001]","[-2.0, 7.0, 3.0, 3.0, 0.0, 2.0, 4.0, 1.0, 1.0, 3.0, 3.0, 3.0, 0.0, -8.0, 0.0, 1.0]","[0.0, 20.0, 16.0, 15.0, -11.0, 22.0, 10.0, 12.0, 0.0, 22.0, 11.0, 12.0, 14.0, -32.0, 24.0, 23.0]"
1,1791640395.0180664,"[-37.968143999999995, 73.03818900000002, 37.09076999999999, 36.914987999999994, 0.0007679999999936626, 72.86240699999999, 37.354443, 37.09076999999999, 38.057570999999996, 72.68662499999999, 36.65131500000001, 36.65131500000001, -2.196506999999997, 111.35866500000003, 73.12608, 58.975629]","[-1.0, 3.0, 2.0, 1.0, 0.0, 5.0, 2.0, 2.0, 1.0, 5.0, 2.0, 2.0, 1.0, 1.0, 0.0, 1.0]","[-8.0, 18.0, 15.0, 15.0, -12.0, 17.0, 11.0, 11.0, 0.0, 19.0, 12.0, 12.0, 10.0, 0.0, 10.0, 13.0]"
1,1791640395.2427697,"[-38.847053999999986, 75.411246, 38.14546200000001, 37.96968000000001, 0.0007679999999936626, 75.147573, 38.32124400000001, 38.057570999999996, 39.024372, 74.796009, 37.881789, 37.530225, -2.196506999999997, 111.35866500000003, 73.12608, 58.975629]","[0.0, 5.0, 3.0, 1.0, 0.0, 5.0, 1.0, 1.0, 1.0, 1.0, 3.0, 2.0, 0.0, 1.0, 0.0, 0.0]","[-9.0, 16.0, 15.0, 16.0, -5.0, 17.0, 11.0, 11.0, 0.0, 21.0, 10.0, 12.0, 10.0, 0.0, 10.0, 13.0]"
1,1791640395.4661565,"[-39.98963699999999, 77.608521, 39.28804500000001, 38.76069899999999, 0.0007679999999936626, 77.34484800000001, 39.551717999999994, 39.200154, 39.991173, 75.587028, 38.76069899999999, 38.672808, -2.196506999999997, 111.35866500000003, 73.12608, 58.975629]","[0.0, 4.0, 3.0, 2.0, 1.0, 4.0, 1.0, 1.0, 1.0, 1.0, 1.0, 1.0, 0.0, 1.0, 0.0, 0.0]","[-9.0, 15.0, 15.0, 15.0, -11.0, 16.0, 10.0, 11.0, 14.0, 28.0, 10.0, 12.0, 10.0, 0.0, 10.0, 13.0]"
1,1791640395.692527,"[-40.34120100000001, 78.31164899999999, 40.07906399999999, 40.07906399999999, 0.0007679999999936626, 77.608521, 40.60641000000001, 40.166955, 41.04586499999999, 76.64172000000002, 39.815391000000005, 39.63960900000001, -2.196506999999997, 111.35866500000003, 73.12608, 58.975629]","[-1.0, 2.0, 2.0, 5.0, 0.0, 0.0, 1.0, 1.0, 2.0, 2.0, 1.0, 1.0, 0.0, 1.0, 0.0, 0.0]","[-10.0, 21.0, 15.0, 15.0, -12.0, 15.0, 10.0, 12.0, 0.0, 33.0, 10.0, 12.0, 11.0, 0.0, 10.0, 13.0]"
1,1791640395.9178028,"[-40.78065599999999, 78.66321299999998, 40.60641000000001, 40.694300999999996, 0.0007679999999936626, 77.69641200000001, 41.661102, 40.870082999999994, 42.012665999999996, 77.608521, 40.870082999999994, 40.870082999999994, -2.196506999999997, 111.35866500000003, 73.12608, 59.06352000000001]","[-1.0, 1.0, 1.0, 1.0, 1.0, 0.0, 2.0, 1.0, 1.0, 1.0, 1.0, 3.0, 0.0, 1.0, 0.0, 1.0]","[-10.0, 36.0, 17.0, 15.0, -12.0, 15.0, 10.0, 12.0, 0.0, 44.0, 11.0, 11.0, 11.0, 0.0, 10.0, 4.0]"
1,1791640396.1417582,"[-41.13221999999999, 78.83899500000001, 41.309538, 41.74899300000001, 0.0007679999999936626, 77.69641200000001, 42.71579399999999, 42.10055700000001, 43.06735800000001, 78.751104, 42.012665999999996, 41.661102, -2.196506999999997, 111.35866500000003, 73.12608, 58.975629]","[0.0, 1.0, 2.0, 1.0, 0.0, 1.0, 3.0, 1.0, 1.0, 1.0, 1.0, 1.0, 0.0, 1.0, 0.0, 0.0]","[-14.0, 52.0, 19.0, 16.0, -12.0, 16.0, 9.0, 11.0, 0.0, 54.0, 10.0, 12.0, 10.0, 0.0, 10.0, 13.0]"
1,1791640396.3657236,"[-41.571675, 78.83899500000001, 41.661102, 42.891576000000015, 0.0007679999999936626, 77.608521, 43.68259499999999, 43.06735800000001, 44.03415899999999, 78.83899500000001, 42.891576000000015, 42.891576000000015, -2.196506999999997, 111.35866500000003, 73.12608, 58.975629]","[-1.0, 1.0, 1.0, 3.0, 1.0, 0.0, 2.0, 1.0, 2.0, 1.0, 1.0, 3.0, 0.0, 1.0, 0.0, 1.0]","[-17.0, 75.0, 21.0, 14.0, -12.0, 16.0, 10.0, 10.0, 0.0, 77.0, 10.0, 11.0, 11.0, 0.0, 9.0, 12.0]"
1,1791640396.5894358,"[-41.747457, 79.71790500000003, 42.012665999999996, 43.06735800000001, 0.0007679999999936626, 77.69641200000001, 44.56150500000001, 44.12205, 44.91306900000001, 79.98157800000001, 44.03415899999999, 43.85837699999999, -2.196506999999997, 111.35866500000003, 73.12608, 58.975629]","[0.0, 1.0, 1.0, 1.0, 0.0, 0.0, 1.0, 1.0, 1.0, 1.0, 1.0, 2.0, 0.0, 1.0, 0.0, 0.0]","[-20.0, 90.0, 25.0, 18.0, -12.0, 15.0, 10.0, 10.0, 13.0, 88.0, 10.0, 12.0, 11.0, 0.0, 10.0, 13.0]"
1,1791640396.810102,"[-41.83534800000001, 79.63001400000002, 42.36422999999999, 45.00095999999999, 0.0007679999999936626, 77.69641200000001, 45.791979, 45.088851000000005, 45.70408800000001, 79.98157800000001, 44.91306900000001, 45.088851000000005, -2.196506999999997, 111.35866500000003, 73.12608, 58.975629]","[1.0, 0.0, 1.0, 5.0, 0.0, 1.0, 2.0, 1.0, 1.0, 1.0, 1.0, 2.0, 0.0, 1.0, 0.0, 0.0]","[-27.0, 89.0, 28.0, 14.0, -10.0, 15.0, 10.0, 11.0, 14.0, 88.0, 10.0, 11.0, 12.0, 0.0, 10.0, 13.0]"
1,1791640397.0367057,"[-41.923238999999995, 78.22375799999998, 42.452121000000005, 45.17674199999999, -0.08712299999999118, 77.69641200000001, 46.67088899999999, 45.87987000000001, 46.75878, 79.98157800000001, 46.05565200000001, 46.05565200000001, -2.196506999999997, 111.35866500000003, 73.12608, 58.975629]","[0.0, 0.0, 1.0, 1.0, 0.0, 1.0, 1.0, 1.0, 2.0, 0.0, 3.0, 3.0, 0.0, 1.0, 0.0, 0.0]","[0.0, 15.0, 0.0, -13.0, -8.0, 15.0, 10.0, 11.0, 13.0, 88.0, 11.0, 10.0, 10.0, 0.0, 10.0, 13.0]"
1,1791640397.2584138,"[-41.923238999999995, 78.22375799999998, 42.452121000000005, 45.17674199999999, 0.0007679999999936626, 77.69641200000001, 47.81347199999999, 47.110344, 47.901363, 79.98157800000001, 47.110344, 47.110344, -2.196506999999997, 111.35866500000003, 73.12608, 58.975629]","[1.0, 0.0, 1.0, 1.0, 0.0, 1.0, 3.0, 1.0, 2.0, 0.0, 4.0, 3.0, 0.0, 1.0, 0.0, 0.0]","[0.0, 14.0, 0.0, -14.0, -5.0, 16.0, 10.0, 11.0, 14.0, 88.0, 10.0, 11.0, 10.0, 0.0, 10.0, 13.0]"
1,1791640397.4845982,"[-41.923238999999995, 78.22375799999998, 42.452121000000005, 45.17674199999999, -0.08712299999999118, 77.69641200000001, 48.077145, 47.461907999999994, 48.86816400000001, 79.98157800000001, 48.077145, 48.165036000000015, -2.196506999999997, 111.35866500000003, 73.12608, 58.975629]","[0.0, 0.0, 1.0, 1.0, 1.0, 0.0, 1.0, 1.0, 2.0, 0.0, 3.0, 4.0, 0.0, 1.0, 0.0, 0.0]","[0.0, 15.0, 0.0, -14.0, 0.0, 16.0, 11.0, 13.0, 14.0, 88.0, 11.0, 10.0, 10.0, 0.0, 10.0, 13.0]"
1,1791640397.7096837,"[-41.923238999999995, 78.22375799999998, 42.452121000000005, 45.17674199999999, -0.08712299999999118, 77.608521, 48.34081800000001, 47.63768999999999, 49.747074, 79.98157800000001, 48.86816400000001, 49.043946000000005, -2.196506999999997, 111.35866500000003, 73.12608, 58.975629]","[1.0, 0.0, 1.0, 1.0, 0.0, 1.0, 1.0, 1.0, 1.0, 0.0, 3.0, 2.0, 0.0, 1.0, 0.0, 0.0]","[0.0, 15.0, 0.0, -13.0, 0.0, 16.0, 13.0, 16.0, 14.0, 88.0, 10.0, 11.0, 11.0, 0.0, 10.0, 14.0]"
1,1791640397.9338143,"[-41.923238999999995, 78.22375799999998, 42.452121000000005, 45.17674199999999, -0.17501400000000444, 77.608521, 48.780272999999994, 48.077145, 50.801766000000015, 79.98157800000001, 49.83496500000001, 50.098637999999994, -2.196506999999997, 111.35866500000003, 73.12608, 58.975629]","[1.0, 0.0, 1.0, 1.0, 0.0, 0.0, 2.0, 1.0, 2.0, 0.0, 1.0, 3.0, 0.0, 1.0, 0.0, 0.0]","[0.0, 14.0, 0.0, -13.0, 11.0, 16.0, 16.0, 19.0, 14.0, 89.0, 11.0, 11.0, 10.0, 0.0, 10.0, 13.0]"
1,1791640398.1575835,"[-41.923238999999995, 78.22375799999998, 42.452121000000005, 45.17674199999999, -0.17501400000000444, 77.608521, 49.043946000000005, 48.604490999999996, 51.680676000000005, 79.98157800000001, 51.065439, 50.97754800000001, -2.196506999999997, 111.35866500000003, 73.12608, 58.975629]","[0.0, 0.0, 1.0, 1.0, 0.0, 0.0, 1.0, 1.0, 2.0, 0.0, 3.0, 2.0, 0.0, 1.0, 0.0, 0.0]","[1.0, 15.0, 0.0, -13.0, 12.0, 16.0, 19.0, 20.0, 13.0, 88.0, 10.0, 10.0, 10.0, 0.0, 10.0, 13.0]"
1,1791640398.3818426,"[-41.923238999999995, 78.22375799999998, 42.452121000000005, 45.17674199999999, -0.17501400000000444, 77.608521, 49.219728, 49.043946000000005, 52.735367999999994, 79.98157800000001, 51.94434900000002, 51.94434900000002, -2.196506999999997, 111.35866500000003, 73.12608, 58.975629]","[1.0, 0.0, 1.0, 1.0, 0.0, 0.0, 1.0, 2.0, 3.0, 0.0, 1.0, 1.0, 0.0, 1.0, 0.0, 0.0]","[0.0, 15.0, 0.0, -14.0, 11.0, 17.0, 25.0, 24.0, 14.0, 87.0, 11.0, 11.0, 11.0, 0.0, 10.0, 13.0]"
1,1791640398.6049378,"[-41.923238999999995, 78.22375799999998, 42.452121000000005, 45.17674199999999, -0.17501400000000444, 77.52062999999998, 49.13183699999999, 48.95605499999999, 53.526387, 79.98157800000001, 52.735367999999994, 52.999041000000005, -2.196506999999997, 111.35866500000003, 73.12608, 58.975629]","[0.0, 0.0, 1.0, 1.0, 0.0, 0.0, 0.0, 0.0, 1.0, 0.0, 1.0, 3.0, 0.0, 1.0, 0.0, 0.0]","[0.0, 15.0, 0.0, -13.0, 12.0, 10.0, 9.0, 10.0, 15.0, 88.0, 10.0, 11.0, 10.0, 0.0, 10.0, 12.0]"
1,1791640398.8279598,"[-41.923238999999995, 78.22375799999998, 42.452121000000005, 45.17674199999999, -0.17501400000000444, 77.52062999999998, 49.13183699999999, 48.95605499999999, 54.053732999999994, 79.98157800000001, 53.08693199999999, 53.79006000000001, -2.196506999999997, 111.35866500000003, 73.12608, 58.975629]","[1.0, 0.0, 1.0, 1.0, 0.0, 0.0, 0.0, 0.0, 1.0, 0.0, 1.0, 1.0, 0.0, 1.0, 0.0, 0.0]","[0.0, 14.0, 0.0, -15.0, 11.0, 10.0, 10.0, 9.0, 16.0, 88.0, 12.0, 11.0, 10.0, 0.0, 10.0, 13.0]"
1,1791640399.0535269,"[-41.923238999999995, 78.22375799999998, 42.452121000000005, 45.17674199999999, -0.17501400000000444, 77.52062999999998, 49.13183699999999, 48.95605499999999, 54.66897, 79.98157800000001, 53.26271400000002, 54.40529699999999, -2.196506999999997, 111.35866500000003, 73.12608, 58.975629]","[1.0, 0.0, 1.0, 1.0, 0.0, 0.0, 0.0, 0.0, 3.0, 0.0, 1.0, 1.0, 0.0, 1.0, 0.0, 0.0]","[0.0, 14.0, 0.0, -14.0, 11.0, 10.0, 9.0, 9.0, 16.0, 88.0, 17.0, 13.0, 11.0, 0.0, 10.0, 13.0]"
1,1791640399.2737246,"[-41.923238999999995, 78.22375799999998, 42.452121000000005, 45.17674199999999, -0.17501400000000444, 77.52062999999998, 49.13183699999999, 48.95605499999999, 55.196315999999996, 79.98157800000001, 53.350605, 54.493188, -2.196506999999997, 111.35866500000003, 73.12608, 58.975629]","[0.0, 0.0, 1.0, 1.0, 0.0, 0.0, 0.0, 0.0, 2.0, 0.0, 1.0, 1.0, 0.0, 1.0, 0.0, 0.0]","[1.0, 15.0, 0.0, -14.0, 11.0, 10.0, 10.0, 10.0, 18.0, 88.0, 22.0, 15.0, 11.0, 0.0, 10.0, 13.0]"
1,1791640399.4990833,"[-41.923238999999995, 78.22375799999998, 42.452121000000005, 45.17674199999999, -0.17501400000000444, 77.52062999999998, 49.13183699999999, 48.95605499999999, 55.635771000000005, 79.98157800000001, 53.350605, 54.844752, -2.196506999999997, 111.35866500000003, 73.12608, 58.975629]","[0.0, 0.0, 1.0, 1.0, 0.0, 0.0, 0.0, 0.0, 4.0, 1.0, 1.0, 1.0, 0.0, 1.0, 0.0, 0.0]","[1.0, 16.0, 0.0, -14.0, 11.0, 9.0, 9.0, 9.0, 20.0, 88.0, 25.0, 20.0, 10.0, 0.0, 10.0, 13.0]"
1,1791640399.7257564,"[-42.01113000000001, 78.22375799999998, 42.452121000000005, 45.17674199999999, -0.17501400000000444, 77.52062999999998, 49.13183699999999, 48.95605499999999, 56.338899, 79.893687, 53.438496000000015, 55.28420700000001, -2.196506999999997, 111.35866500000003, 73.12608, 58.975629]","[0.0, 0.0, 1.0, 1.0, 0.0, 0.0, 0.0, 0.0, 3.0, 0.0, 1.0, 1.0, 0.0, 0.0, 0.0, 0.0]","[1.0, 15.0, 0.0, -14.0, 12.0, 10.0, 9.0, 10.0, 26.0, 88.0, 34.0, 22.0, 10.0, 0.0, 9.0, 13.0]"
1,1791640399.9473505,"[-41.923238999999995, 78.22375799999998, 42.452121000000005, 45.17674199999999, -0.17501400000000444, 77.52062999999998, 49.13183699999999, 48.95605499999999, 56.338899, 78.751104, 53.26271400000002, 55.196315999999996, -2.196506999999997, 111.35866500000003, 73.12608, 58.975629]","[1.0, 0.0, 1.0, 1.0, 0.0, 0.0, 0.0, 0.0, 0.0, 0.0, 1.0, 0.0, 0.0, 0.0, 0.0, 0.0]","[0.0, 15.0, 0.0, -13.0, 11.0, 9.0, 9.0, 9.0, -9.0, 13.0, 9.0, 9.0, 10.0, 0.0, 10.0, 12.0]"
2,1791640401.9655423,"[-0.2629049999999893, -5.184800999999993, -0.8781419999999969, -0.08712299999999118, -0.08712299999999118, -5.800038000000001, -0.08712299999999118, -0.35079600000000255, 0.08865900000000693, -5.096910000000008, -1.1418150000000082, 0.17654999999999177, -1.7570519999999874, 178.243716, 40.166955, 25.752831000000015]","[1.0, 1.0, 1.0, 0.0, 1.0, 1.0, 0.0, 1.0, 0.0, 0.0, 0.0, 0.0, 1.0, 1.0, 0.0, 0.0]","[8.0, 33.0, 16.0, 0.0, 0.0, 36.0, 0.0, 11.0, -14.0, 34.0, 11.0, -11.0, 14.0, 16.0, -11.0, -14.0]"
2,1791640402.187022,"[-0.2629049999999893, -5.009018999999995, -0.790251000000012, 0.26444100000000503, -0.08712299999999118, -5.800038000000001, 0.44022300000000314, -0.35079600000000255, 0.08865900000000693, -4.92112800000001, -0.9660330000000101, 0.3523319999999899, -1.7570519999999874, 178.06793399999998, 40.254846000000015, 25.840722]","[1.0, 0.0, 1.0, 2.0, 1.0, 1.0, 1.0, 1.0, 0.0, 1.0, 0.0, 1.0, 1.0, 0.0, 1.0, 1.0]","[8.0, 40.0, 18.0, 14.0, 0.0, 57.0, 10.0, 12.0, -14.0, 41.0, 14.0, 10.0, 19.0, -12.0, 11.0, 13.0]"
2,1791640402.4132485,"[-0.2629049999999893, -5.009018999999995, 0.0007679999999936626, 0.44022300000000314, -0.08712299999999118, -3.7785450000000083, 1.0554600000000107, 0.44022300000000314, 0.08865900000000693, -4.92112800000001, -0.6144689999999855, 0.44022300000000314, -1.7570519999999874, 177.62847900000003, 40.518519, 26.368067999999994]","[1.0, 1.0, 2.0, 2.0, 1.0, 1.0, 1.0, 2.0, 0.0, 1.0, 1.0, 1.0, 1.0, 0.0, 1.0, 1.0]","[9.0, 48.0, 18.0, 16.0, 0.0, 57.0, 12.0, 13.0, -14.0, 51.0, 15.0, 14.0, 25.0, -24.0, 13.0, 14.0]"
2,1791640402.637211,"[-0.2629049999999893, -4.833236999999997, 0.8796780000000126, 1.582806000000005, -0.08712299999999118, -2.548070999999993, 1.7585880000000031, 1.407024000000007, 0.08865900000000693, -4.92112800000001, 0.26444100000000503, 1.0554600000000107, -1.7570519999999874, 176.92535099999998, 41.22164699999999, 27.159087]","[1.0, 1.0, 1.0, 1.0, 1.0, 8.0, 1.0, 1.0, 0.0, 1.0, 2.0, 3.0, 1.0, 0.0, 2.0, 1.0]","[9.0, 59.0, 19.0, 17.0, 0.0, 62.0, 13.0, 14.0, -14.0, 63.0, 16.0, 13.0, 32.0, -41.0, 13.0, 15.0]"
2,1791640402.8595963,"[-0.2629049999999893, -3.7785450000000083, 1.7585880000000031, 2.6374979999999937, -0.08712299999999118, -0.08712299999999118, 2.6374979999999937, 2.1980430000000126, 0.08865900000000693, -4.92112800000001, 1.3191329999999937, 1.0554600000000107, -1.7570519999999874, 173.49760200000003, 42.36422999999999, 28.03799699999999]","[1.0, 1.0, 1.0, 3.0, 1.0, 2.0, 1.0, 1.0, 0.0, 1.0, 2.0, 1.0, 1.0, -7.0, 2.0, 1.0]","[8.0, 53.0, 20.0, 16.0, 0.0, 59.0, 13.0, 12.0, -14.0, 74.0, 14.0, 17.0, 40.0, -33.0, 14.0, 15.0]"
2,1791640403.0851717,"[-0.2629049999999893, -2.723852999999991, 2.813279999999992, 3.6042989999999975, -0.08712299999999118, 1.9343700000000013, 3.4285169999999994, 3.3406260000000145, 0.08865900000000693, -3.2511989999999855, 1.846478999999988, 3.164843999999988, -1.7570519999999874, 169.981962, 43.06735800000001, 29.180579999999992]","[1.0, 5.0, 2.0, 2.0, 0.0, 4.0, 2.0, 2.0, 0.0, 0.0, 1.0, 5.0, 1.0, -7.0, 1.0, 4.0]","[8.0, 50.0, 18.0, 17.0, 0.0, 54.0, 14.0, 13.0, -15.0, 65.0, 18.0, 12.0, 46.0, -32.0, 14.0, 14.0]"
2,1791640403.309254,"[-0.2629049999999893, -1.9328339999999855, 3.7800809999999956, 4.483208999999988, -0.08712299999999118, 3.6042989999999975, 4.30742699999999, 4.30742699999999, 0.08865900000000693, -2.372288999999995, 3.076953000000003, 4.043754000000007, -1.229705999999993, 168.487815, 44.297832, 30.05949000000001]","[1.0, 1.0, 4.0, 1.0, 1.0, 6.0, 1.0, 1.0, 0.0, 1.0, 5.0, 1.0, 1.0, 0.0, 1.0, 1.0]","[8.0, 58.0, 20.0, 15.0, 0.0, 60.0, 14.0, 14.0, -15.0, 69.0, 17.0, 14.0, 47.0, -44.0, 14.0, 15.0]"
2,1791640403.5299735,"[-0.2629049999999893, -1.9328339999999855, 4.834773000000013, 5.713683000000003, -0.08712299999999118, 5.889465000000001, 5.274227999999994, 5.186337000000009, 0.08865900000000693, -2.372288999999995, 4.131644999999992, 4.9226639999999975, -1.229705999999993, 164.708502, 45.440415, 31.114182]","[1.0, 1.0, 3.0, 3.0, 1.0, 7.0, 3.0, 1.0, 0.0, 1.0, 5.0, 1.0, 1.0, -8.0, 3.0, 1.0]","[8.0, 69.0, 20.0, 16.0, 0.0, 59.0, 13.0, 14.0, -14.0, 81.0, 16.0, 15.0, 58.0, -34.0, 15.0, 15.0]"
2,1791640403.7563446,"[-0.2629049999999893, 0.3523319999999899, 5.889465000000001, 5.801573999999988, -0.08712299999999118, 7.647285000000011, 5.362119000000007, 6.504702000000009, 0.08865900000000693, -2.372288999999995, 5.098445999999996, 6.2410289999999975, -1.6691610000000026, 164.79639300000002, 45.440415, 31.114182]","[1.0, 7.0, 3.0, 1.0, 1.0, 6.0, 1.0, 4.0, 0.0, 1.0, 2.0, 2.0, 1.0, 0.0, 1.0, 1.0]","[8.0, 54.0, 20.0, 18.0, 0.0, 60.0, 17.0, 13.0, -14.0, 95.0, 17.0, 12.0, 10.0, 0.0, 11.0, 13.0]"
2,1791640403.9787347,"[-0.2629049999999893, 0.3523319999999899, 5.889465000000001, 7.647285000000011, -0.08712299999999118, 9.844560000000001, 7.207830000000001, 7.383611999999999, 0.08865900000000693, 0.17654999999999177, 5.9773560000000145, 7.207830000000001, -1.6691610000000026, 164.79639300000002, 45.440415, 31.114182]","[1.0, 1.0, 1.0, 4.0, 1.0, 6.0, 3.0, 1.0, 0.0, 25.0, 2.0, 4.0, 0.0, 1.0, 1.0, 1.0]","[8.0, 66.0, 25.0, 16.0, 0.0, 62.0, 14.0, 13.0, -14.0, 60.0, 17.0, 13.0, 11.0, 0.0, 11.0, 13.0]"
2,1791640404.2032814,"[-0.2629049999999893, 1.7585880000000031, 7.823067000000009, 8.614086000000015, -0.08712299999999118, 11.426598000000013, 8.26252199999999, 8.614086000000015, 0.08865900000000693, 1.3191329999999937, 7.119938999999988, 8.086739999999992, -1.6691610000000026, 164.88428399999998, 45.440415, 31.114182]","[1.0, 9.0, 1.0, 1.0, 1.0, 1.0, 3.0, 2.0, 0.0, 1.0, 3.0, 3.0, 0.0, 1.0, 1.0, 1.0]","[9.0, 60.0, 20.0, 16.0, 0.0, 68.0, 14.0, 12.0, -14.0, 71.0, 18.0, 13.0, 11.0, -2.0, 11.0, 13.0]"
2,1791640404.4269874,"[-0.2629049999999893, 2.98906199999999, 8.789868000000013, 9.668778000000003, -0.08712299999999118, 13.448091000000005, 9.317214000000007, 9.405104999999992, 0.08865900000000693, 1.3191329999999937, 7.998849000000007, 9.317214000000007, -1.6691610000000026, 164.79639300000002, 45.440415, 31.114182]","[1.0, 1.0, 3.0, 3.0, 1.0, 8.0, 2.0, 1.0, 0.0, 1.0, 5.0, 3.0, 1.0, 0.0, 1.0, 1.0]","[8.0, 61.0, 20.0, 16.0, 0.0, 59.0, 14.0, 14.0, -14.0, 84.0, 17.0, 14.0, 10.0, 0.0, 9.0, 13.0]"
2,1791640404.6531475,"[-0.2629049999999893, 2.98906199999999, 9.756668999999988, 10.723469999999992, -0.08712299999999118, 15.645365999999996, 10.28401500000001, 10.371905999999996, 0.08865900000000693, 1.3191329999999937, 9.053540999999996, 10.108233000000013, -1.6691610000000026, 164.79639300000002, 45.440415, 31.114182]","[1.0, 0.0, 1.0, 3.0, 1.0, 3.0, 3.0, 1.0, 0.0, 0.0, 4.0, 1.0, 0.0, 0.0, 1.0, 1.0]","[9.0, 69.0, 20.0, 15.0, 0.0, 61.0, 14.0, 13.0, -14.0, 96.0, 17.0, 14.0, 10.0, 0.0, 10.0, 13.0]"
2,1791640404.8770716,"[-0.2629049999999893, 4.6589910000000145, 10.547687999999994, 10.723469999999992, -0.08712299999999118, 17.666858999999988, 10.371905999999996, 11.514488999999998, 0.08865900000000693, 5.362119000000007, 9.756668999999988, 11.075033999999988, -1.5812699999999893, 164.79639300000002, 45.440415, 31.114182]","[1.0, 6.0, 1.0, 1.0, 1.0, 1.0, 2.0, 3.0, 0.0, 9.0, 3.0, 1.0, 0.0, 0.0, 1.0, 1.0]","[8.0, 58.0, 20.0, 19.0, 0.0, 62.0, 17.0, 12.0, -14.0, 55.0, 17.0, 14.0, 10.0, 0.0, 11.0, 13.0]"
2,1791640405.1010032,"[-0.2629049999999893, 5.098445999999996, 11.690270999999996, 12.657072, -0.08712299999999118, 19.864134000000007, 12.21761699999999, 12.393398999999988, 0.08865900000000693, 5.537901000000005, 10.89925199999999, 12.129726000000005, -1.5812699999999893, 164.79639300000002, 45.440415, 31.114182]","[1.0, 1.0, 1.0, 3.0, 1.0, 2.0, 1.0, 1.0, 0.0, 1.0, 1.0, 2.0, 0.0, 1.0, 1.0, 1.0]","[9.0, 71.0, 20.0, 15.0, 0.0, 59.0, 14.0, 13.0, -14.0, 67.0, 19.0, 13.0, 11.0, 0.0, 10.0, 13.0]"
2,1791640405.3250098,"[-0.2629049999999893, 5.098445999999996, 12.569181000000015, 12.832853999999998, -0.08712299999999118, 21.182499000000007, 13.272309000000007, 13.623873000000003, 0.08865900000000693, 5.537901000000005, 10.89925199999999, 13.096527000000009, -1.6691610000000026, 164.79639300000002, 45.440415, 31.114182]","[1.0, 1.0, 1.0, 2.0, 1.0, 5.0, 2.0, 3.0, 0.0, 1.0, 1.0, 3.0, 0.0, 1.0, 1.0, 1.0]","[8.0, 83.0, 20.0, 17.0, 0.0, 64.0, 14.0, 12.0, -14.0, 80.0, 23.0, 14.0, 10.0, 0.0, 11.0, 13.0]"
2,1791640405.5489461,"[-0.2629049999999893, 8.526195000000001, 13.799655000000001, 14.502782999999994, -0.08712299999999118, 24.08290199999999, 14.327000999999996, 14.414892000000009, 0.08865900000000693, 7.207830000000001, 12.744963000000013, 13.887546000000015, -1.6691610000000026, 164.79639300000002, 45.440415, 31.114182]","[1.0, 9.0, 4.0, 1.0, 1.0, 7.0, 3.0, 1.0, 0.0, 18.0, 3.0, 1.0, 0.0, 1.0, 1.0, 1.0]","[8.0, 52.0, 20.0, 16.0, 0.0, 53.0, 14.0, 13.0, -13.0, 61.0, 18.0, 14.0, 10.0, 0.0, 11.0, 13.0]"
2,1791640405.7723389,"[-0.2629049999999893, 9.053540999999996, 14.766456000000005, 15.55747500000001, -0.08712299999999118, 26.016503999999998, 15.381693000000013, 15.909039000000007, 0.08865900000000693, 9.317214000000007, 13.887546000000015, 14.942238000000003, -1.5812699999999893, 164.79639300000002, 45.440415, 31.114182]","[1.0, 1.0, 2.0, 2.0, 1.0, 1.0, 1.0, 4.0, 0.0, 1.0, 1.0, 3.0, 1.0, 1.0, 1.0, 1.0]","[9.0, 59.0, 19.0, 15.0, 0.0, 59.0, 14.0, 11.0, -14.0, 58.0, 19.0, 13.0, 10.0, 0.0, 11.0, 13.0]"
2,1791640405.9969227,"[-0.2629049999999893, 9.053540999999996, 15.645365999999996, 16.524276000000015, -0.08712299999999118, 28.125888000000003, 16.524276000000015, 16.787948999999998, 0.08865900000000693, 9.405104999999992, 14.766456000000005, 15.996929999999992, -1.5812699999999893, 164.79639300000002, 45.440415, 31.114182]","[1.0, 1.0, 2.0, 3.0, 1.0, 3.0, 3.0, 1.0, 0.0, 1.0, 1.0, 1.0, 0.0, 0.0, 1.0, 1.0]","[9.0, 70.0, 19.0, 16.0, 0.0, 61.0, 14.0, 12.0, -14.0, 69.0, 17.0, 13.0, 10.0, 0.0, 10.0, 13.0]"
2,1791640406.219546,"[-0.2629049999999893, 11.426598000000013, 16.787948999999998, 17.05162200000001, -0.08712299999999118, 29.883708000000013, 17.578968000000003, 17.75475, 0.08865900000000693, 9.405104999999992, 16.084821000000005, 17.05162200000001, -1.5812699999999893, 164.79639300000002, 45.440415, 31.114182]","[1.0, 6.0, 1.0, 5.0, 1.0, 1.0, 4.0, 1.0, 0.0, 1.0, 4.0, 2.0, 1.0, 1.0, 1.0, 1.0]","[9.0, 49.0, 20.0, 17.0, 0.0, 62.0, 13.0, 13.0, -15.0, 82.0, 17.0, 14.0, 11.0, 0.0, 11.0, 12.0]"
2,1791640406.444929,"[-0.2629049999999893, 11.778162000000009, 17.930532, 18.36998700000001, -0.08712299999999118, 32.16887399999999, 18.36998700000001, 18.80944199999999, 0.08865900000000693, 9.756668999999988, 16.87584000000001, 18.19420500000001, -1.5812699999999893, 164.79639300000002, 45.440415, 31.114182]","[1.0, 1.0, 3.0, 2.0, 1.0, 8.0, 1.0, 4.0, 0.0, 2.0, 1.0, 3.0, 0.0, 0.0, 1.0, 1.0]","[8.0, 62.0, 18.0, 16.0, 0.0, 55.0, 14.0, 12.0, -15.0, 89.0, 17.0, 13.0, 11.0, 0.0, 11.0, 13.0]"
2,1791640406.6689682,"[-0.2629049999999893, 11.778162000000009, 18.80944199999999, 19.424678999999998, -0.08712299999999118, 34.36614900000001, 19.248897, 19.68835200000001, 0.08865900000000693, 12.92074500000001, 18.106313999999998, 18.985223999999988, -1.6691610000000026, 164.79639300000002, 45.440415, 31.114182]","[1.0, 1.0, 2.0, 2.0, 1.0, 4.0, 2.0, 1.0, 0.0, 14.0, 3.0, 1.0, 0.0, 0.0, 1.0, 1.0]","[8.0, 72.0, 19.0, 16.0, 0.0, 53.0, 14.0, 12.0, -14.0, 55.0, 17.0, 14.0, 9.0, 0.0, 11.0, 13.0]"
2,1791640406.8912365,"[-0.2629049999999893, 13.887546000000015, 19.952024999999992, 20.39148, -0.08712299999999118, 36.563424, 20.215698000000003, 20.655153000000013, 0.08865900000000693, 14.151218999999998, 19.248897, 20.215698000000003, -1.6691610000000026, 164.79639300000002, 45.440415, 31.114182]","[1.0, 4.0, 2.0, 1.0, 1.0, 7.0, 1.0, 2.0, 0.0, 1.0, 2.0, 2.0, 1.0, 0.0, 1.0, 1.0]","[8.0, 62.0, 18.0, 16.0, 0.0, 52.0, 14.0, 13.0, -14.0, 59.0, 17.0, 13.0, 11.0, 0.0, 10.0, 13.0]"
2,1791640407.1155171,"[-0.2629049999999893, 13.887546000000015, 20.918825999999996, 21.534063000000003, -0.08712299999999118, 38.672808, 21.00671700000001, 21.709845, 0.08865900000000693, 14.151218999999998, 20.215698000000003, 21.182499000000007, -1.5812699999999893, 164.79639300000002, 45.440415, 31.114182]","[1.0, 1.0, 1.0, 3.0, 1.0, 4.0, 2.0, 2.0, 0.0, 1.0, 1.0, 1.0, 0.0, 0.0, 1.0, 1.0]","[8.0, 74.0, 19.0, 15.0, 0.0, 54.0, 15.0, 12.0, -14.0, 71.0, 16.0, 13.0, 11.0, 0.0, 10.0, 13.0]"
2,1791640407.340901,"[-0.2629049999999893, 13.887546000000015, 22.061408999999998, 22.500864000000007, -0.08712299999999118, 40.518519, 21.885627, 22.76453699999999, 0.08865900000000693, 14.151218999999998, 21.00671700000001, 22.32508200000001, -1.5812699999999893, 164.79639300000002, 45.440415, 31.114182]","[1.0, 1.0, 1.0, 1.0, 1.0, 4.0, 2.0, 1.0, 0.0, 1.0, 1.0, 1.0, 0.0, 0.0, 1.0, 1.0]","[8.0, 87.0, 19.0, 16.0, 0.0, 48.0, 16.0, 13.0, -14.0, 86.0, 19.0, 13.0, 11.0, 0.0, 10.0, 12.0]"
2,1791640407.5648172,"[-0.2629049999999893, 17.227404000000007, 22.852428000000003, 22.676646000000005, -0.08712299999999118, 43.155249, 22.588754999999992, 23.731337999999994, 0.08865900000000693, 14.23911000000001, 21.973518000000013, 22.76453699999999, -1.6691610000000026, 164.79639300000002, 45.440415, 31.114182]","[1.0, 11.0, 1.0, 2.0, 1.0, 4.0, 1.0, 1.0, 0.0, 1.0, 3.0, 6.0, 0.0, 1.0, 1.0, 1.0]","[8.0, 54.0, 20.0, 19.0, 0.0, 47.0, 16.0, 13.0, -14.0, 98.0, 15.0, 15.0, 11.0, -1.0, 10.0, 13.0]"
2,1791640407.7857494,"[-0.2629049999999893, 17.930532, 23.819229000000007, 24.522357, -0.08712299999999118, 45.264633, 23.64344700000001, 24.78603000000001, 0.08865900000000693, 16.084821000000005, 23.203992, 24.08290199999999, -1.6691610000000026, 164.79639300000002, 45.440415, 31.114182]","[1.0, 1.0, 2.0, 3.0, 1.0, 6.0, 3.0, 1.0, 0.0, 23.0, 1.0, 2.0, 0.0, 1.0, 1.0, 1.0]","[8.0, 59.0, 19.0, 16.0, 0.0, 46.0, 17.0, 11.0, -14.0, 68.0, 17.0, 14.0, 10.0, 0.0, 10.0, 13.0]"
2,1791640408.0127819,"[-0.2629049999999893, 18.457877999999994, 24.78603000000001, 25.489158000000003, -0.08712299999999118, 47.81347199999999, 24.873920999999996, 25.752831000000015, 0.08865900000000693, 19.248897, 24.346575, 25.577048999999988, -1.5812699999999893, 164.79639300000002, 45.440415, 31.114182]","[1.0, 5.0, 2.0, 1.0, 1.0, 1.0, 4.0, 1.0, 0.0, 1.0, 3.0, 4.0, 0.0, 1.0, 1.0, 1.0]","[8.0, 67.0, 20.0, 16.0, 0.0, 43.0, 16.0, 12.0, -14.0, 59.0, 18.0, 12.0, 12.0, 0.0, 10.0, 13.0]"
2,1791640408.2367547,"[-0.2629049999999893, 20.12780699999999, 25.840722, 26.543849999999992, -0.08712299999999118, 49.39551, 25.840722, 26.895413999999988, 0.08865900000000693, 19.248897, 25.137594000000007, 26.28017700000001, -1.6691610000000026, 164.79639300000002, 45.440415, 31.114182]","[1.0, 4.0, 3.0, 4.0, 1.0, 1.0, 1.0, 1.0, 1.0, 1.0, 1.0, 1.0, 0.0, 0.0, 1.0, 1.0]","[9.0, 59.0, 19.0, 16.0, 0.0, 43.0, 16.0, 12.0, -14.0, 72.0, 17.0, 12.0, 10.0, 0.0, 10.0, 14.0]"
2,1791640408.4573104,"[-0.2629049999999893, 21.44617199999999, 26.631741000000005, 27.59854200000001, -0.08712299999999118, 51.76856699999999, 27.071196000000015, 27.510650999999996, 0.08865900000000693, 19.248897, 26.192285999999996, 27.686432999999994, -1.6691610000000026, 164.79639300000002, 45.440415, 31.114182]","[1.0, 3.0, 1.0, 1.0, 1.0, 5.0, 2.0, 2.0, 0.0, 1.0, 4.0, 4.0, 0.0, 1.0, 1.0, 1.0]","[8.0, 55.0, 21.0, 16.0, 0.0, 38.0, 14.0, 12.0, -13.0, 83.0, 15.0, 12.0, 11.0, 0.0, 11.0, 12.0]"
2,1791640408.6848652,"[-0.2629049999999893, 21.358281000000005, 27.686432999999994, 28.74112500000001, -0.08712299999999118, 54.22951499999999, 28.213778999999988, 28.565343000000013, 0.17654999999999177, 22.676646000000005, 27.246978000000013, 28.653233999999998, -1.6691610000000026, 164.79639300000002, 45.440415, 31.114182]","[1.0, 1.0, 3.0, 3.0, 1.0, 6.0, 3.0, 1.0, 1.0, 15.0, 3.0, 3.0, 1.0, 1.0, 1.0, 1.0]","[8.0, 64.0, 20.0, 16.0, 0.0, 37.0, 14.0, 12.0, -14.0, 47.0, 16.0, 12.0, 11.0, 0.0, 10.0, 12.0]"
2,1791640408.905665,"[-0.2629049999999893, 22.940318999999988, 28.565343000000013, 29.620035, 0.0007679999999936626, 56.42679000000001, 29.444253000000003, 29.795817, 0.17654999999999177, 23.555555999999996, 28.30167, 29.707926000000015, -1.6691610000000026, 164.79639300000002, 45.440415, 31.114182]","[1.0, 3.0, 3.0, 3.0, 1.0, 3.0, 4.0, 1.0, 1.0, 1.0, 4.0, 2.0, 0.0, 0.0, 1.0, 1.0]","[9.0, 59.0, 20.0, 17.0, -10.0, 35.0, 14.0, 11.0, -14.0, 55.0, 15.0, 12.0, 11.0, 0.0, 10.0, 13.0]"
2,1791640409.13065,"[-0.2629049999999893, 23.02821, 29.532143999999988, 30.850508999999988, 0.0007679999999936626, 58.448283, 30.498944999999992, 30.850508999999988, 0.08865900000000693, 25.049702999999994, 29.35636199999999, 30.762618000000003, -1.6691610000000026, 164.79639300000002, 45.440415, 31.114182]","[1.0, 0.0, 1.0, 3.0, 0.0, 3.0, 2.0, 1.0, 0.0, 7.0, 1.0, 5.0, 0.0, 0.0, 1.0, 1.0]","[9.0, 68.0, 20.0, 14.0, -11.0, 37.0, 14.0, 12.0, -15.0, 50.0, 16.0, 12.0, 10.0, 0.0, 10.0, 12.0]"
2,1791640409.356726,"[-0.2629049999999893, 25.577048999999988, 30.67472699999999, 31.37785500000001, 0.0007679999999936626, 60.909231000000005, 31.641527999999994, 31.905201000000005, 0.17654999999999177, 26.28017700000001, 30.23527200000001, 31.729419000000007, -1.6691610000000026, 164.79639300000002, 45.440415, 31.114182]","[1.0, 9.0, 3.0, 7.0, 1.0, 5.0, 1.0, 1.0, 1.0, 1.0, 3.0, 2.0, 0.0, 0.0, 1.0, 1.0]","[7.0, 44.0, 20.0, 16.0, -11.0, 33.0, 13.0, 12.0, -14.0, 49.0, 16.0, 11.0, 11.0, 0.0, 11.0, 13.0]"
2,1791640409.5785913,"[-0.2629049999999893, 26.368067999999994, 31.641527999999994, 32.784110999999996, 0.0007679999999936626, 63.01861500000001, 32.69622000000001, 32.87200200000001, 0.17654999999999177, 27.59854200000001, 31.114182, 32.52043800000001, -1.5812699999999893, 164.79639300000002, 45.440415, 31.114182]","[1.0, 2.0, 1.0, 3.0, 1.0, 2.0, 3.0, 1.0, 1.0, 6.0, 2.0, 2.0, 0.0, 1.0, 1.0, 1.0]","[8.0, 56.0, 20.0, 15.0, -12.0, 29.0, 12.0, 12.0, -15.0, 43.0, 17.0, 12.0, 10.0, 0.0, 11.0, 14.0]"
2,1791640409.8023705,"[-0.2629049999999893, 27.334868999999998, 32.784110999999996, 33.83880300000001, 0.0007679999999936626, 65.47956300000001, 34.01458500000001, 34.102475999999996, 0.17654999999999177, 27.774324000000007, 32.52043800000001, 33.663021000000015, -1.6691610000000026, 164.79639300000002, 45.440415, 31.114182]","[1.0, 9.0, 4.0, 1.0, 1.0, 2.0, 5.0, 4.0, 1.0, 1.0, 3.0, 2.0, -1.0, 1.0, 1.0, 1.0]","[8.0, 49.0, 20.0, 16.0, -12.0, 29.0, 11.0, 12.0, -14.0, 54.0, 14.0, 12.0, 11.0, 0.0, 10.0, 13.0]"
2,1791640410.0285828,"[-0.2629049999999893, 29.092689000000007, 33.83880300000001, 34.80560399999999, 0.0007679999999936626, 67.76472900000002, 34.981386000000015, 35.069277, 0.17654999999999177, 29.092689000000007, 33.57513, 34.541931000000005, -1.6691610000000026, 164.79639300000002, 45.440415, 31.114182]","[1.0, 2.0, 1.0, 1.0, 1.0, 5.0, 3.0, 3.0, 1.0, 3.0, 3.0, 1.0, 1.0, 0.0, 1.0, 1.0]","[8.0, 46.0, 19.0, 15.0, -12.0, 26.0, 12.0, 11.0, -14.0, 50.0, 16.0, 12.0, 12.0, 0.0, 11.0, 13.0]"
2,1791640410.2510774,"[-0.2629049999999893, 29.092689000000007, 34.893495, 35.860296000000005, 0.0007679999999936626, 70.04989499999999, 36.12396899999999, 35.94818699999999, 0.17654999999999177, 29.092689000000007, 34.45403999999999, 35.245059, -1.6691610000000026, 164.79639300000002, 45.440415, 31.114182]","[1.0, 1.0, 3.0, 1.0, 1.0, 5.0, 3.0, 1.0, 1.0, 1.0, 1.0, 1.0, 0.0, 0.0, 1.0, 1.0]","[8.0, 58.0, 18.0, 15.0, -11.0, 23.0, 11.0, 12.0, -14.0, 60.0, 15.0, 12.0, 11.0, 0.0, 10.0, 14.0]"
2,1791640410.4765518,"[-0.2629049999999893, 31.465745999999996, 36.036078, 36.739205999999996, 0.0007679999999936626, 72.42295200000001, 37.354443, 37.09076999999999, 0.17654999999999177, 31.37785500000001, 35.68451400000001, 36.47553300000001, -1.5812699999999893, 164.79639300000002, 45.440415, 31.114182]","[1.0, 6.0, 2.0, 4.0, 1.0, 7.0, 1.0, 4.0, 1.0, 13.0, 2.0, 1.0, 0.0, 0.0, 1.0, 1.0]","[8.0, 40.0, 18.0, 16.0, -12.0, 19.0, 11.0, 12.0, -14.0, 40.0, 15.0, 12.0, 11.0, 0.0, 10.0, 14.0]"
2,1791640410.7005794,"[-0.2629049999999893, 31.55363700000001, 37.178661000000005, 37.881789, 0.0007679999999936626, 74.70811800000001, 38.40913499999999, 38.057570999999996, 0.17654999999999177, 32.69622000000001, 36.739205999999996, 37.354443, -1.6691610000000026, 164.79639300000002, 45.440415, 31.114182]","[0.0, 1.0, 3.0, 3.0, 1.0, 4.0, 2.0, 2.0, 1.0, 1.0, 4.0, 1.0, 0.0, 0.0, 1.0, 1.0]","[8.0, 52.0, 18.0, 15.0, -12.0, 21.0, 10.0, 11.0, -15.0, 44.0, 15.0, 12.0, 11.0, 0.0, 10.0, 13.0]"
2,1791640410.92453,"[-0.2629049999999893, 33.13567499999999, 38.32124400000001, 38.40913499999999, 0.0007679999999936626, 76.72961099999998, 39.551717999999994, 39.200154, 0.17654999999999177, 32.69622000000001, 37.79389800000001, 38.58491699999999, -1.6691610000000026, 164.79639300000002, 45.440415, 31.114182]","[0.0, 7.0, 4.0, 6.0, 1.0, 3.0, 1.0, 3.0, 1.0, 1.0, 3.0, 1.0, 0.0, 0.0, 1.0, 1.0]","[9.0, 43.0, 18.0, 15.0, -12.0, 24.0, 11.0, 12.0, -14.0, 54.0, 14.0, 12.0, 11.0, 0.0, 10.0, 12.0]"
2,1791640411.1470103,"[-0.2629049999999893, 34.45403999999999, 39.28804500000001, 39.63960900000001, 0.0007679999999936626, 79.19055900000001, 40.694300999999996, 40.07906399999999, 0.17654999999999177, 32.69622000000001, 38.84859, 39.63960900000001, -1.6691610000000026, 164.79639300000002, 45.440415, 31.114182]","[1.0, 1.0, 1.0, 3.0, 1.0, 6.0, 3.0, 2.0, 1.0, 1.0, 3.0, 3.0, 1.0, 1.0, 1.0, 1.0]","[8.0, 43.0, 19.0, 16.0, -12.0, 16.0, 9.0, 12.0, -15.0, 64.0, 13.0, 12.0, 11.0, 0.0, 10.0, 13.0]"
2,1791640411.3724816,"[-0.2629049999999893, 35.68451400000001, 40.518519, 40.694300999999996, 0.0007679999999936626, 81.65150699999998, 41.661102, 40.870082999999994, 0.17654999999999177, 35.77240499999999, 39.815391000000005, 40.78219200000001, -1.6691610000000026, 164.79639300000002, 45.440415, 31.114182]","[0.0, 3.0, 3.0, 3.0, 1.0, 7.0, 1.0, 1.0, 1.0, 10.0, 3.0, 5.0, 1.0, 1.0, 1.0, 1.0]","[8.0, 43.0, 17.0, 16.0, -12.0, 13.0, 11.0, 11.0, -14.0, 39.0, 14.0, 10.0, 11.0, -1.0, 10.0, 12.0]"
2,1791640411.594978,"[-0.2629049999999893, 35.77240499999999, 41.573211000000015, 41.573211000000015, 0.0007679999999936626, 83.84878200000003, 42.891576000000015, 42.10055700000001, 0.17654999999999177, 37.178661000000005, 41.133756000000005, 41.661102, -1.6691610000000026, 164.79639300000002, 45.440415, 31.114182]","[0.0, 2.0, 2.0, 3.0, 1.0, 3.0, 3.0, 2.0, 1.0, 1.0, 4.0, 1.0, 1.0, 1.0, 1.0, 1.0]","[8.0, 48.0, 17.0, 16.0, -12.0, 14.0, 9.0, 11.0, -14.0, 40.0, 13.0, 12.0, 11.0, -1.0, 10.0, 13.0]"
2,1791640411.8205755,"[-0.17501400000000444, 37.618116000000015, 42.627903, 42.803685, -0.08712299999999118, 84.90347400000002, 43.331030999999996, 42.803685, 0.17654999999999177, 37.178661000000005, 42.188447999999994, 42.803685, -1.5812699999999893, 164.79639300000002, 45.440415, 31.114182]","[1.0, 2.0, 2.0, 1.0, 0.0, 1.0, 1.0, 1.0, 1.0, 1.0, 4.0, 3.0, 1.0, 0.0, 1.0, 1.0]","[8.0, 40.0, 16.0, 16.0, 0.0, 19.0, 11.0, 13.0, -15.0, 49.0, 12.0, 12.0, 11.0, 0.0, 10.0, 12.0]"
2,1791640412.0430293,"[-0.17501400000000444, 37.79389800000001, 43.68259499999999, 43.506812999999994, -0.08712299999999118, 85.25503800000001, 43.506812999999994, 43.155249, 0.17654999999999177, 38.32124400000001, 43.155249, 43.85837699999999, -1.6691610000000026, 164.79639300000002, 45.440415, 31.114182]","[1.0, 1.0, 3.0, 1.0, 1.0, 1.0, 1.0, 1.0, 1.0, 1.0, 3.0, 2.0, 1.0, 0.0, 1.0, 1.0]","[8.0, 48.0, 17.0, 16.0, 0.0, 30.0, 14.0, 14.0, -15.0, 47.0, 13.0, 12.0, 11.0, 0.0, 10.0, 13.0]"
2,1791640412.268526,"[-0.2629049999999893, 38.84859, 44.649395999999996, 44.825177999999994, -0.17501400000000444, 86.13394799999998, 43.506812999999994, 43.68259499999999, 0.17654999999999177, 38.32124400000001, 44.297832, 45.00095999999999, -1.6691610000000026, 164.79639300000002, 45.440415, 31.114182]","[0.0, 12.0, 1.0, 3.0, 0.0, 1.0, 0.0, 1.0, 1.0, 1.0, 2.0, 2.0, 0.0, 1.0, 1.0, 1.0]","[9.0, 44.0, 17.0, 15.0, 11.0, 36.0, 17.0, 16.0, -15.0, 59.0, 13.0, 12.0, 11.0, -1.0, 10.0, 13.0]"
2,1791640412.4925838,"[-0.17501400000000444, 40.95797400000001, 45.791979, 45.87987000000001, -0.17501400000000444, 86.48551200000003, 43.59470400000001, 43.85837699999999, 0.17654999999999177, 38.84859, 45.17674199999999, 45.87987000000001, -1.6691610000000026, 164.79639300000002, 45.440415, 31.114182]","[1.0, 1.0, 2.0, 2.0, 0.0, 1.0, 1.0, 0.0, 1.0, 9.0, 2.0, 1.0, 1.0, 1.0, 1.0, 1.0]","[9.0, 39.0, 16.0, 14.0, 11.0, 54.0, 21.0, 18.0, -14.0, 53.0, 12.0, 11.0, 11.0, 0.0, 10.0, 13.0]"
2,1791640412.714326,"[-0.2629049999999893, 40.95797400000001, 46.67088899999999, 47.19823500000001, -0.17501400000000444, 86.661294, 43.68259499999999, 44.297832, 0.17654999999999177, 42.54001199999999, 46.407216000000005, 47.110344, -1.6691610000000026, 164.79639300000002, 45.440415, 31.114182]","[0.0, 1.0, 1.0, 5.0, 1.0, 1.0, 1.0, 1.0, 1.0, 1.0, 3.0, 1.0, 0.0, 0.0, 1.0, 1.0]","[8.0, 50.0, 17.0, 14.0, 11.0, 64.0, 28.0, 22.0, -14.0, 37.0, 12.0, 11.0, 11.0, 0.0, 10.0, 13.0]"
2,1791640412.9403574,"[-0.17501400000000444, 43.24314000000001, 47.81347199999999, 48.165036000000015, -0.17501400000000444, 86.13394799999998, 43.506812999999994, 44.209941000000015, 0.17654999999999177, 42.54001199999999, 47.461907999999994, 48.252927, -1.6691610000000026, 164.79639300000002, 45.440415, 31.114182]","[1.0, 7.0, 4.0, 3.0, 0.0, 0.0, 0.0, 0.0, 1.0, 1.0, 3.0, 3.0, 1.0, 1.0, 1.0, 1.0]","[8.0, 33.0, 16.0, 14.0, 12.0, 11.0, 9.0, 10.0, -15.0, 46.0, 11.0, 11.0, 12.0, -3.0, 10.0, 13.0]"
2,1791640413.3858335,"[-0.2629049999999893, 44.56150500000001, 48.780272999999994, 49.571292, -0.17501400000000444, 86.13394799999998, 43.506812999999994, 44.209941000000015, 0.17654999999999177, 42.54001199999999, 48.51660000000001, 49.043946000000005, -1.6691610000000026, 164.79639300000002, 45.440415, 31.114182]","[0.0, 1.0, 1.0, 3.0, 1.0, 0.0, 0.0, 0.0, 1.0, 1.0, 1.0, 1.0, 0.0, 0.0, 1.0, 1.0]","[9.0, 35.0, 17.0, 13.0, 11.0, 10.0, 10.0, 10.0, -15.0, 56.0, 12.0, 11.0, 11.0, 0.0, 11.0, 13.0]"
2,1791640413.6123538,"[-0.17501400000000444, 45.616197, 49.65918300000001, 50.45020199999999, -0.17501400000000444, 86.13394799999998, 43.506812999999994, 44.209941000000015, 0.17654999999999177, 45.967760999999996, 49.39551, 50.18652900000001, -1.6691610000000026, 164.79639300000002, 45.440415, 31.114182]","[1.0, 1.0, 1.0, 1.0, 1.0, 0.0, 0.0, 0.0, 1.0, 8.0, 3.0, 3.0, 1.0, 1.0, 1.0, 1.0]","[8.0, 34.0, 17.0, 14.0, 11.0, 10.0, 10.0, 10.0, -14.0, 33.0, 12.0, 11.0, 11.0, 0.0, 11.0, 13.0]"
2,1791640413.8343172,"[-0.17501400000000444, 45.616197, 50.713875, 51.50489400000001, -0.17501400000000444, 86.13394799999998, 43.506812999999994, 44.209941000000015, 0.17654999999999177, 46.75878, 50.62598400000002, 51.065439, -1.6691610000000026, 164.79639300000002, 45.440415, 31.114182]","[1.0, 1.0, 1.0, 2.0, 0.0, 0.0, 0.0, 0.0, 1.0, 1.0, 2.0, 2.0, 0.0, 0.0, 1.0, 1.0]","[8.0, 42.0, 16.0, 13.0, 11.0, 10.0, 9.0, 10.0, -15.0, 36.0, 12.0, 11.0, 11.0, 0.0, 10.0, 13.0]"
2,1791640414.0570893,"[-0.17501400000000444, 47.98925399999999, 51.94434900000002, 52.383804, -0.17501400000000444, 86.13394799999998, 43.506812999999994, 44.209941000000015, 0.17654999999999177, 46.75878, 51.76856699999999, 52.120131000000015, -1.6691610000000026, 164.79639300000002, 45.440415, 31.114182]","[1.0, 6.0, 3.0, 5.0, 1.0, 0.0, 0.0, 0.0, 1.0, 1.0, 2.0, 3.0, 1.0, 1.0, 1.0, 1.0]","[8.0, 29.0, 16.0, 15.0, 11.0, 10.0, 9.0, 9.0, -14.0, 44.0, 12.0, 11.0, 11.0, -6.0, 10.0, 13.0]"
2,1791640414.2815764,"[-0.17501400000000444, 49.13183699999999, 52.999041000000005, 53.526387, -0.17501400000000444, 86.13394799999998, 43.506812999999994, 44.209941000000015, 0.17654999999999177, 49.219728, 52.735367999999994, 53.08693199999999, -1.6691610000000026, 164.79639300000002, 45.440415, 31.114182]","[1.0, 3.0, 4.0, 3.0, 1.0, 0.0, 0.0, 0.0, 1.0, 8.0, 4.0, 3.0, 1.0, 1.0, 1.0, 1.0]","[9.0, 30.0, 16.0, 14.0, 11.0, 11.0, 9.0, 10.0, -14.0, 30.0, 11.0, 11.0, 12.0, -1.0, 11.0, 13.0]"
2,1791640414.507408,"[-0.17501400000000444, 50.098637999999994, 53.96584200000001, 54.40529699999999, -0.17501400000000444, 86.13394799999998, 43.506812999999994, 44.209941000000015, 0.17654999999999177, 50.538093, 53.79006000000001, 53.877950999999996, -1.6691610000000026, 164.79639300000002, 45.440415, 31.114182]","[1.0, 3.0, 4.0, 2.0, 0.0, 0.0, 0.0, 0.0, 1.0, 3.0, 3.0, 1.0, 0.0, 0.0, 1.0, 1.0]","[9.0, 29.0, 15.0, 14.0, 13.0, 11.0, 10.0, 10.0, -14.0, 29.0, 11.0, 11.0, 11.0, 0.0, 10.0, 13.0]"
2,1791640414.7319393,"[-0.17501400000000444, 50.18652900000001, 55.10842500000001, 55.54787999999999, -0.17501400000000444, 86.13394799999998, 43.506812999999994, 44.209941000000015, 0.17654999999999177, 50.538093, 54.844752, 55.10842500000001, -1.6691610000000026, 164.79639300000002, 45.440415, 31.114182]","[1.0, 1.0, 3.0, 3.0, 0.0, 0.0, 0.0, 0.0, 1.0, 1.0, 3.0, 2.0, 1.0, 0.0, 1.0, 1.0]","[8.0, 38.0, 16.0, 14.0, 11.0, 10.0, 9.0, 10.0, -14.0, 37.0, 12.0, 11.0, 12.0, 0.0, 10.0, 13.0]"
2,1791640414.9552443,"[-0.17501400000000444, 51.50489400000001, 55.987335, 55.987335, -0.17501400000000444, 86.13394799999998, 43.506812999999994, 44.209941000000015, 0.17654999999999177, 52.120131000000015, 55.89944400000002, 55.987335, -1.6691610000000026, 164.79639300000002, 45.440415, 31.114182]","[1.0, 12.0, 1.0, 6.0, 0.0, 0.0, 0.0, 0.0, 1.0, 1.0, 4.0, 2.0, 0.0, 0.0, 1.0, 1.0]","[8.0, 31.0, 16.0, 15.0, 12.0, 10.0, 9.0, 11.0, -15.0, 31.0, 10.0, 11.0, 11.0, 0.0, 10.0, 13.0]"
2,1791640415.1788225,"[-0.17501400000000444, 53.702169, 57.129918, 57.3057, -0.17501400000000444, 86.13394799999998, 43.506812999999994, 44.209941000000015, 0.17654999999999177, 52.91114999999999, 56.86624499999999, 56.86624499999999, -1.6691610000000026, 164.79639300000002, 45.440415, 31.114182]","[1.0, 2.0, 2.0, 2.0, 1.0, 0.0, 0.0, 1.0, 1.0, 1.0, 1.0, 1.0, 1.0, 0.0, 1.0, 1.0]","[8.0, 28.0, 15.0, 14.0, 12.0, 9.0, 9.0, 10.0, -14.0, 33.0, 10.0, 11.0, 11.0, 0.0, 10.0, 13.0]"
2,1791640415.40413,"[-0.17501400000000444, 54.844752, 58.272501000000005, 58.36039199999999, -0.17501400000000444, 86.13394799999998, 43.506812999999994, 44.209941000000015, 0.17654999999999177, 54.66897, 57.74515500000001, 58.008827999999994, -1.6691610000000026, 164.79639300000002, 45.440415, 31.114182]","[1.0, 1.0, 2.0, 3.0, 0.0, 0.0, 0.0, 1.0, 1.0, 8.0, 1.0, 1.0, 1.0, 1.0, 1.0, 1.0]","[8.0, 25.0, 15.0, 14.0, 10.0, 10.0, 9.0, 10.0, -13.0, 26.0, 11.0, 11.0, 11.0, 0.0, 10.0, 13.0]"
2,1791640415.6247587,"[-0.17501400000000444, 55.72366199999999, 59.50297499999999, 59.23930200000001, -0.17501400000000444, 86.13394799999998, 43.506812999999994, 44.209941000000015, 0.17654999999999177, 55.54787999999999, 59.06352000000001, 58.88773800000001, -1.6691610000000026, 164.79639300000002, 45.440415, 31.114182]","[1.0, 2.0, 2.0, 3.0, 0.0, 0.0, 0.0, 0.0, 1.0, 1.0, 3.0, 1.0, 0.0, 0.0, 1.0, 1.0]","[8.0, 27.0, 13.0, 15.0, 12.0, 11.0, 10.0, 10.0, -14.0, 28.0, 10.0, 11.0, 11.0, 0.0, 10.0, 12.0]"
2,1791640415.8490398,"[-0.17501400000000444, 56.86624499999999, 59.590866000000005, 60.293994, -0.17501400000000444, 86.13394799999998, 43.506812999999994, 44.209941000000015, 0.17654999999999177, 55.987335, 59.327192999999994, 60.030321000000015, -1.6691610000000026, 164.79639300000002, 45.440415, 31.114182]","[1.0, 1.0, 1.0, 3.0, 0.0, 0.0, 0.0, 1.0, 1.0, 1.0, 1.0, 3.0, 1.0, 1.0, 1.0, 1.0]","[8.0, 27.0, 14.0, 15.0, 11.0, 10.0, 10.0, 9.0, -14.0, 32.0, 10.0, 11.0, 12.0, 0.0, 10.0, 13.0]"
2,1791640416.0743728,"[-0.17501400000000444, 58.09671900000001, 59.590866000000005, 61.260795, -0.17501400000000444, 86.13394799999998, 43.506812999999994, 44.209941000000015, 0.17654999999999177, 56.42679000000001, 59.41508400000001, 60.99712199999999, -1.6691610000000026, 164.79639300000002, 45.440415, 31.114182]","[1.0, 2.0, 1.0, 1.0, 1.0, 0.0, 0.0, 0.0, 1.0, 0.0, 1.0, 2.0, 1.0, 0.0, 1.0, 1.0]","[8.0, 24.0, 14.0, 14.0, 11.0, 11.0, 10.0, 11.0, -14.0, 37.0, 10.0, 11.0, 10.0, 0.0, 10.0, 14.0]"
2,1791640416.3000588,"[-0.17501400000000444, 58.36039199999999, 59.590866000000005, 62.13970499999999, -0.17501400000000444, 86.13394799999998, 43.506812999999994, 44.209941000000015, 0.17654999999999177, 58.36039199999999, 59.41508400000001, 62.05181400000001, -1.6691610000000026, 164.79639300000002, 45.440415, 31.114182]","[1.0, 4.0, 1.0, 1.0, 0.0, 0.0, 0.0, 0.0, 1.0, 7.0, 1.0, 4.0, 1.0, 0.0, 1.0, 1.0]","[8.0, 27.0, 14.0, 15.0, 11.0, 10.0, 10.0, 11.0, -14.0, 27.0, 10.0, 10.0, 11.0, 0.0, 10.0, 13.0]"
2,1791640416.5212154,"[-0.17501400000000444, 59.94243, 59.590866000000005, 63.37017900000001, -0.17501400000000444, 86.13394799999998, 43.506812999999994, 44.209941000000015, 0.17654999999999177, 60.293994, 59.41508400000001, 63.106505999999996, -1.6691610000000026, 164.79639300000002, 45.440415, 31.114182]","[1.0, 2.0, 1.0, 4.0, 1.0, 0.0, 0.0, 0.0, 1.0, 2.0, 1.0, 2.0, 1.0, 0.0, 1.0, 1.0]","[9.0, 26.0, 14.0, 13.0, 11.0, 10.0, 9.0, 10.0, -15.0, 25.0, 10.0, 10.0, 11.0, 0.0, 10.0, 14.0]"
2,1791640416.7442908,"[-0.17501400000000444, 60.82133999999999, 59.590866000000005, 64.249089, -0.17501400000000444, 86.13394799999998, 43.506812999999994, 44.297832, 0.17654999999999177, 60.99712199999999, 59.41508400000001, 63.897525, -1.6691610000000026, 164.79639300000002, 45.440415, 31.114182]","[1.0, 1.0, 1.0, 1.0, 1.0, 0.0, 0.0, 1.0, 1.0, 3.0, 1.0, 1.0, 1.0, 1.0, 1.0, 1.0]","[8.0, 25.0, 14.0, 14.0, 11.0, 11.0, 9.0, 10.0, -15.0, 24.0, 10.0, 10.0, 11.0, 0.0, 10.0, 13.0]"
2,1791640416.970319,"[-0.17501400000000444, 62.403378000000004, 59.590866000000005, 65.21589, -0.17501400000000444, 86.13394799999998, 43.506812999999994, 44.209941000000015, 0.17654999999999177, 61.085013000000004, 59.41508400000001, 65.040108, -1.6691610000000026, 164.79639300000002, 45.440415, 31.114182]","[1.0, 5.0, 1.0, 2.0, 1.0, 0.0, 0.0, 1.0, 1.0, 0.0, 1.0, 3.0, 1.0, 0.0, 1.0, 1.0]","[8.0, 21.0, 14.0, 14.0, 11.0, 10.0, 10.0, 9.0, -14.0, 31.0, 10.0, 11.0, 11.0, 0.0, 11.0, 13.0]"
2,1791640417.1959717,"[-0.17501400000000444, 63.19439700000001, 59.67875699999999, 66.27058199999999, -0.17501400000000444, 86.13394799999998, 43.506812999999994, 44.209941000000015, 0.17654999999999177, 63.282287999999994, 59.41508400000001, 66.00690900000001, -1.6691610000000026, 164.79639300000002, 45.440415, 31.114182]","[1.0, 1.0, 1.0, 1.0, 1.0, 0.0, 0.0, 0.0, 1.0, 5.0, 1.0, 1.0, 0.0, 0.0, 1.0, 1.0]","[8.0, 23.0, 14.0, 14.0, 11.0, 10.0, 10.0, 10.0, -14.0, 22.0, 10.0, 11.0, 10.0, 0.0, 10.0, 13.0]"
2,1791640417.419977,"[-0.17501400000000444, 63.63385199999999, 59.67875699999999, 66.27058199999999, -0.17501400000000444, 86.13394799999998, 43.506812999999994, 44.209941000000015, 0.17654999999999177, 63.37017900000001, 59.41508400000001, 66.27058199999999, -1.6691610000000026, 164.79639300000002, 45.440415, 31.114182]","[1.0, 4.0, 1.0, 0.0, 0.0, 0.0, 0.0, 0.0, 1.0, 1.0, 1.0, 1.0, 0.0, 1.0, 1.0, 1.0]","[8.0, 28.0, 14.0, 17.0, 12.0, 11.0, 10.0, 9.0, -15.0, 30.0, 10.0, 12.0, 10.0, 0.0, 11.0, 13.0]"
2,1791640417.6439908,"[-0.17501400000000444, 64.073307, 59.590866000000005, 67.237383, -0.17501400000000444, 86.13394799999998, 43.506812999999994, 44.209941000000015, 0.17654999999999177, 63.985416000000015, 59.41508400000001, 66.885819, -1.6691610000000026, 164.79639300000002, 45.440415, 31.114182]","[1.0, 1.0, 0.0, 1.0, 0.0, 0.0, 0.0, 0.0, 1.0, 1.0, 1.0, 1.0, 1.0, 0.0, 1.0, 1.0]","[8.0, 29.0, 13.0, 18.0, 11.0, 10.0, 10.0, 10.0, -15.0, 34.0, 10.0, 16.0, 11.0, 0.0, 10.0, 13.0]"
2,1791640417.8655758,"[-0.17501400000000444, 64.33698000000001, 59.67875699999999, 67.41316499999999, -0.17501400000000444, 86.13394799999998, 43.506812999999994, 44.209941000000015, 0.17654999999999177, 63.985416000000015, 59.41508400000001, 66.97371000000001, -1.6691610000000026, 164.79639300000002, 45.440415, 31.114182]","[1.0, 1.0, 1.0, 1.0, 0.0, 1.0, 0.0, 0.0, 1.0, 1.0, 1.0, 1.0, 0.0, 0.0, 1.0, 1.0]","[8.0, 37.0, 14.0, 20.0, 11.0, 11.0, 10.0, 9.0, -14.0, 41.0, 9.0, 18.0, 10.0, 0.0, 10.0, 13.0]"
2,1791640418.0892007,"[-0.2629049999999893, 64.68854400000001, 59.590866000000005, 68.11629300000001, -0.17501400000000444, 86.13394799999998, 43.506812999999994, 44.209941000000015, 0.17654999999999177, 64.68854400000001, 59.23930200000001, 67.85262, -1.6691610000000026, 164.88428399999998, 45.440415, 31.114182]","[0.0, 3.0, 0.0, 2.0, 1.0, 1.0, 0.0, 0.0, 0.0, 1.0, 0.0, 1.0, 0.0, 1.0, 1.0, 1.0]","[8.0, 40.0, 14.0, 21.0, 12.0, 10.0, 9.0, 9.0, -14.0, 44.0, 11.0, 18.0, 11.0, -2.0, 10.0, 14.0]"
2,1791640418.315425,"[-0.17501400000000444, 64.33698000000001, 59.590866000000005, 68.11629300000001, -0.17501400000000444, 86.13394799999998, 43.506812999999994, 44.209941000000015, 0.17654999999999177, 64.68854400000001, 59.23930200000001, 67.85262, -1.6691610000000026, 164.79639300000002, 45.440415, 31.114182]","[1.0, 0.0, 0.0, 0.0, 1.0, 1.0, 0.0, 0.0, 1.0, 1.0, 0.0, 1.0, 0.0, 0.0, 1.0, 1.0]","[0.0, 11.0, 0.0, 7.0, 12.0, 10.0, 9.0, 10.0, -14.0, 54.0, 11.0, 25.0, 10.0, 0.0, 10.0, 13.0]"
2,1791640418.5383003,"[-0.2629049999999893, 64.33698000000001, 59.590866000000005, 68.11629300000001, -0.17501400000000444, 86.13394799999998, 43.506812999999994, 44.209941000000015, 0.17654999999999177, 64.16119800000001, 59.151410999999996, 67.76472900000002, -1.6691610000000026, 164.79639300000002, 45.440415, 31.114182]","[0.0, 1.0, 0.0, 1.0, 1.0, 1.0, 0.0, 0.0, 1.0, 1.0, -1.0, 0.0, 0.0, 0.0, 1.0, 1.0]","[7.0, 11.0, 0.0, 2.0, 12.0, 12.0, 9.0, 10.0, 13.0, 10.0, 7.0, 9.0, 11.0, 0.0, 10.0, 13.0]"
3,1791640420.5560021,"[-0.17501400000000444, -5.009018999999995, -1.053923999999995, -0.17501400000000444, -0.08712299999999118, -5.4484740000000045, 0.0007679999999936626, -0.4386869999999874, 0.08865900000000693, -4.92112800000001, -0.9660330000000101, 0.17654999999999177, -1.6691610000000026, 177.62847900000003, 40.694300999999996, 26.192285999999996]","[0.0, 1.0, 0.0, 0.0, 1.0, 0.0, 1.0, 0.0, 1.0, 1.0, 1.0, 0.0, 0.0, 1.0, 0.0, 0.0]","[8.0, 33.0, 16.0, 13.0, 0.0, 36.0, -10.0, 10.0, -14.0, 33.0, 10.0, -9.0, 13.0, 18.0, -12.0, -16.0]"
3,1791640420.7783122,"[-0.5265780000000007, -4.92112800000001, -0.790251000000012, 0.08865900000000693, -0.08712299999999118, -5.096910000000008, 0.44022300000000314, -0.4386869999999874, 0.7038960000000145, -4.92112800000001, -0.9660330000000101, 0.3523319999999899, -1.6691610000000026, 177.452697, 40.694300999999996, 26.192285999999996]","[0.0, 2.0, 1.0, 1.0, 1.0, 1.0, 1.0, 0.0, 1.0, 1.0, 1.0, 0.0, 0.0, 0.0, 0.0, 0.0]","[-9.0, 44.0, 18.0, 14.0, 0.0, 49.0, 11.0, 13.0, 14.0, 51.0, 14.0, 10.0, 17.0, -12.0, 9.0, -14.0]"
3,1791640421.2436178,"[-1.4933790000000045, -3.60276300000001, 0.0007679999999936626, 0.528113999999988, -0.08712299999999118, -3.7785450000000083, 1.2312420000000088, 0.3523319999999899, 1.6706969999999899, -4.1301090000000045, -0.6144689999999855, 0.6160050000000012, -1.6691610000000026, 177.18902400000002, 40.95797400000001, 26.455959000000007]","[0.0, 1.0, 1.0, 1.0, 1.0, 1.0, 1.0, 0.0, 1.0, 0.0, 1.0, 1.0, 0.0, 0.0, 1.0, 1.0]","[-9.0, 54.0, 19.0, 16.0, 0.0, 58.0, 11.0, 13.0, 14.0, 64.0, 15.0, 12.0, 24.0, -20.0, 12.0, 14.0]"
3,1791640421.4649518,"[-2.4601800000000082, -3.60276300000001, 0.8796780000000126, 1.582806000000005, -0.08712299999999118, -2.548070999999993, 1.846478999999988, 1.407024000000007, 2.813279999999992, -2.372288999999995, 0.26444100000000503, 0.6160050000000012, -1.6691610000000026, 176.749569, 40.95797400000001, 27.159087]","[-1.0, 1.0, 1.0, 1.0, 1.0, 1.0, 1.0, 2.0, 3.0, 1.0, 1.0, 1.0, 0.0, 0.0, 1.0, 1.0]","[-10.0, 72.0, 19.0, 16.0, 0.0, 64.0, 12.0, 13.0, 14.0, 68.0, 16.0, 16.0, 30.0, -40.0, 14.0, 15.0]"
3,1791640421.6888025,"[-3.426981000000012, 0.3523319999999899, 1.7585880000000031, 2.549607000000009, -0.08712299999999118, 0.3523319999999899, 2.6374979999999937, 2.1101519999999994, 2.901171000000005, -2.372288999999995, 1.3191329999999937, 2.0222610000000145, -1.6691610000000026, 173.58549299999999, 42.188447999999994, 28.03799699999999]","[0.0, 3.0, 1.0, 3.0, 1.0, 5.0, 1.0, 1.0, 1.0, 1.0, 2.0, 5.0, 0.0, -7.0, 2.0, 2.0]","[-9.0, 53.0, 19.0, 17.0, 0.0, 52.0, 12.0, 14.0, 16.0, 95.0, 15.0, 14.0, 37.0, -35.0, 13.0, 15.0]"
3,1791640421.9155972,"[-4.393781999999987, 1.9343700000000013, 2.813279999999992, 3.6042989999999975, -0.08712299999999118, 1.9343700000000013, 3.4285169999999994, 3.164843999999988, 4.746881999999999, 2.1101519999999994, 1.846478999999988, 3.164843999999988, -1.6691610000000026, 169.981962, 43.06735800000001, 29.180579999999992]","[-1.0, 4.0, 2.0, 3.0, 1.0, 7.0, 3.0, 1.0, 3.0, 7.0, 1.0, 4.0, 0.0, -6.0, 1.0, 4.0]","[-9.0, 53.0, 19.0, 16.0, 0.0, 55.0, 13.0, 14.0, 14.0, 56.0, 17.0, 13.0, 44.0, -31.0, 13.0, 14.0]"
3,1791640422.13951,"[-5.360582999999991, 3.867972000000009, 3.7800809999999956, 4.483208999999988, -0.08712299999999118, 3.6921900000000107, 4.395318000000003, 4.30742699999999, 5.713683000000003, 2.1980430000000126, 3.076953000000003, 4.043754000000007, -1.5812699999999893, 168.31203299999999, 44.297832, 29.268471000000005]","[0.0, 1.0, 3.0, 1.0, 1.0, 1.0, 2.0, 1.0, 2.0, 0.0, 5.0, 1.0, 1.0, 0.0, 1.0, 0.0]","[-9.0, 60.0, 20.0, 16.0, 0.0, 65.0, 13.0, 13.0, 14.0, 85.0, 17.0, 14.0, 54.0, -45.0, 14.0, 15.0]"
3,1791640422.3636894,"[-5.975819999999999, 5.537901000000005, 4.746881999999999, 5.713683000000003, -0.08712299999999118, 6.065246999999999, 5.362119000000007, 5.186337000000009, 6.416810999999996, 6.328920000000011, 4.219536000000005, 5.010555000000011, -1.8449430000000007, 168.487815, 44.297832, 29.180579999999992]","[0.0, 6.0, 3.0, 3.0, 1.0, 1.0, 4.0, 2.0, 5.0, 5.0, 4.0, 1.0, 0.0, 1.0, 1.0, 0.0]","[-10.0, 60.0, 20.0, 16.0, 0.0, 59.0, 14.0, 14.0, 13.0, 59.0, 16.0, 15.0, 11.0, -11.0, 0.0, 13.0]"
3,1791640422.5875473,"[-7.2062939999999855, 8.438303999999988, 5.889465000000001, 5.801573999999988, -0.08712299999999118, 7.823067000000009, 5.62579199999999, 6.416810999999996, 7.735175999999996, 8.438303999999988, 5.010555000000011, 6.416810999999996, -1.8449430000000007, 168.487815, 44.297832, 29.268471000000005]","[-1.0, 6.0, 1.0, 0.0, 1.0, 6.0, 7.0, 5.0, 3.0, 4.0, 4.0, 3.0, 0.0, 1.0, 1.0, 0.0]","[-10.0, 56.0, 20.0, 18.0, 0.0, 61.0, 15.0, 13.0, 13.0, 59.0, 17.0, 13.0, 11.0, -10.0, 0.0, 13.0]"
3,1791640422.8114924,"[-8.260986000000003, 10.108233000000013, 5.889465000000001, 7.647285000000011, -0.08712299999999118, 9.932451000000015, 7.207830000000001, 7.2957210000000146, 7.735175999999996, 9.668778000000003, 5.9773560000000145, 7.207830000000001, -1.8449430000000007, 168.487815, 44.297832, 29.268471000000005]","[-2.0, 2.0, 1.0, 4.0, 1.0, 1.0, 1.0, 1.0, 1.0, 8.0, 1.0, 2.0, 0.0, 1.0, 1.0, 1.0]","[-10.0, 60.0, 25.0, 16.0, 0.0, 59.0, 14.0, 13.0, 16.0, 62.0, 18.0, 13.0, 10.0, -11.0, 0.0, 13.0]"
3,1791640423.0325427,"[-9.315677999999991, 10.108233000000013, 7.823067000000009, 8.614086000000015, -0.08712299999999118, 11.426598000000013, 8.26252199999999, 8.526195000000001, 9.668778000000003, 9.668778000000003, 7.119938999999988, 8.174631000000005, -1.8449430000000007, 168.487815, 44.297832, 29.180579999999992]","[-1.0, 1.0, 3.0, 1.0, 1.0, 1.0, 2.0, 2.0, 3.0, 1.0, 3.0, 3.0, 0.0, 1.0, 1.0, 0.0]","[-10.0, 84.0, 19.0, 17.0, 0.0, 67.0, 14.0, 12.0, 13.0, 92.0, 17.0, 14.0, 11.0, -11.0, 0.0, 13.0]"
3,1791640423.2595465,"[-10.19458800000001, 14.063328000000013, 8.614086000000015, 9.668778000000003, -0.08712299999999118, 13.623873000000003, 9.317214000000007, 9.405104999999992, 10.635579000000007, 13.799655000000001, 7.998849000000007, 9.317214000000007, -1.8449430000000007, 168.487815, 44.297832, 29.180579999999992]","[0.0, 6.0, 5.0, 4.0, 1.0, 6.0, 2.0, 1.0, 3.0, 19.0, 3.0, 3.0, 0.0, 1.0, 1.0, 0.0]","[-11.0, 60.0, 20.0, 16.0, 0.0, 55.0, 14.0, 12.0, 14.0, 58.0, 17.0, 13.0, 11.0, -10.0, 0.0, 13.0]"
3,1791640423.4835024,"[-10.897716000000003, 15.55747500000001, 9.844560000000001, 10.723469999999992, -0.08712299999999118, 15.996929999999992, 10.28401500000001, 10.371905999999996, 11.60238000000001, 14.23911000000001, 9.053540999999996, 10.108233000000013, -1.8449430000000007, 168.487815, 44.297832, 29.268471000000005]","[-2.0, 6.0, 2.0, 3.0, 1.0, 4.0, 2.0, 1.0, 2.0, 1.0, 3.0, 1.0, 0.0, 1.0, 1.0, 1.0]","[-11.0, 65.0, 20.0, 16.0, 0.0, 55.0, 14.0, 14.0, 14.0, 85.0, 17.0, 13.0, 11.0, -10.0, 0.0, 13.0]"
3,1791640423.7074974,"[-12.12818999999999, 18.018423000000013, 10.811361000000005, 10.811361000000005, -0.08712299999999118, 17.315294999999992, 11.162925000000001, 11.338707, 12.569181000000015, 14.23911000000001, 9.844560000000001, 11.162925000000001, -1.8449430000000007, 168.487815, 44.297832, 29.180579999999992]","[-1.0, 3.0, 2.0, 2.0, 1.0, 11.0, 3.0, 1.0, 1.0, 1.0, 1.0, 1.0, 0.0, 1.0, 1.0, 0.0]","[-10.0, 61.0, 20.0, 17.0, 0.0, 60.0, 14.0, 12.0, 14.0, 113.0, 17.0, 13.0, 11.0, -11.0, 0.0, 14.0]"
3,1791640423.9313917,"[-13.094990999999993, 20.12780699999999, 11.778162000000009, 12.744963000000013, -0.08712299999999118, 20.039916000000005, 12.21761699999999, 12.393398999999988, 13.623873000000003, 20.039916000000005, 10.987143000000003, 12.21761699999999, -1.8449430000000007, 168.487815, 44.297832, 29.268471000000005]","[-1.0, 4.0, 2.0, 3.0, 1.0, 3.0, 1.0, 1.0, 2.0, 8.0, 2.0, 3.0, 0.0, 1.0, 1.0, 0.0]","[-10.0, 57.0, 21.0, 15.0, 0.0, 58.0, 14.0, 13.0, 14.0, 62.0, 17.0, 12.0, 11.0, -10.0, 0.0, 13.0]"
3,1791640424.1522305,"[-14.237573999999995, 22.14930000000001, 12.832853999999998, 13.448091000000005, -0.08712299999999118, 20.83093500000001, 13.272309000000007, 13.53598199999999, 14.678564999999992, 22.061408999999998, 11.866052999999994, 13.184417999999994, -1.8449430000000007, 168.487815, 44.297832, 29.180579999999992]","[0.0, 3.0, 3.0, 2.0, 1.0, 7.0, 3.0, 2.0, 3.0, 7.0, 3.0, 3.0, 0.0, 1.0, 1.0, 1.0]","[-9.0, 59.0, 19.0, 16.0, 0.0, 62.0, 14.0, 12.0, 14.0, 56.0, 19.0, 14.0, 10.0, -10.0, 0.0, 13.0]"
3,1791640424.3759422,"[-15.204374999999999, 23.819229000000007, 13.887546000000015, 14.502782999999994, -0.08712299999999118, 24.346575, 14.327000999999996, 14.414892000000009, 15.645365999999996, 24.346575, 13.096527000000009, 13.975437, -1.8449430000000007, 168.487815, 44.297832, 29.180579999999992]","[-1.0, 5.0, 3.0, 1.0, 1.0, 5.0, 3.0, 1.0, 1.0, 3.0, 6.0, 1.0, 0.0, 1.0, 1.0, 0.0]","[-10.0, 61.0, 19.0, 17.0, 0.0, 54.0, 14.0, 13.0, 14.0, 56.0, 18.0, 14.0, 11.0, -10.0, 0.0, 13.0]"
3,1791640424.6013775,"[-16.434848999999986, 26.368067999999994, 14.85434699999999, 15.55747500000001, -0.08712299999999118, 26.192285999999996, 15.469583999999998, 15.821147999999994, 16.787948999999998, 26.71963199999999, 13.975437, 15.118020000000001, -1.8449430000000007, 168.487815, 44.297832, 29.180579999999992]","[-2.0, 11.0, 1.0, 3.0, 1.0, 3.0, 2.0, 2.0, 3.0, 6.0, 2.0, 3.0, 0.0, 1.0, 1.0, 1.0]","[-9.0, 46.0, 19.0, 17.0, 0.0, 57.0, 12.0, 12.0, 13.0, 47.0, 17.0, 14.0, 11.0, -11.0, 0.0, 13.0]"
3,1791640424.8263752,"[-17.40164999999999, 28.653233999999998, 15.909039000000007, 16.524276000000015, -0.08712299999999118, 28.30167, 16.524276000000015, 16.787948999999998, 17.666858999999988, 28.565343000000013, 15.118020000000001, 15.996929999999992, -1.8449430000000007, 168.487815, 44.297832, 29.268471000000005]","[-1.0, 1.0, 1.0, 3.0, 1.0, 2.0, 3.0, 1.0, 2.0, 1.0, 4.0, 1.0, 0.0, 1.0, 1.0, 1.0]","[-10.0, 53.0, 19.0, 17.0, 0.0, 55.0, 13.0, 12.0, 14.0, 55.0, 16.0, 12.0, 11.0, -11.0, 0.0, 13.0]"
3,1791640425.0505724,"[-18.54423299999999, 31.114182, 17.139512999999994, 17.403186000000005, -0.08712299999999118, 30.05949000000001, 17.666858999999988, 17.75475, 18.545769000000007, 28.565343000000013, 16.17271199999999, 17.227404000000007, -1.8449430000000007, 168.487815, 44.297832, 29.268471000000005]","[-2.0, 8.0, 5.0, 3.0, 1.0, 1.0, 5.0, 1.0, 1.0, 1.0, 2.0, 4.0, 0.0, 1.0, 1.0, 2.0]","[-9.0, 47.0, 17.0, 17.0, 0.0, 63.0, 13.0, 12.0, 14.0, 80.0, 15.0, 14.0, 11.0, -11.0, 0.0, 13.0]"
3,1791640425.2742774,"[-19.59892500000001, 32.784110999999996, 18.106313999999998, 18.545769000000007, -0.08712299999999118, 32.16887399999999, 18.36998700000001, 18.633659999999992, 19.600460999999996, 33.04778400000001, 17.315294999999992, 18.19420500000001, -1.8449430000000007, 168.487815, 44.297832, 29.180579999999992]","[-2.0, 6.0, 2.0, 4.0, 1.0, 12.0, 1.0, 2.0, 3.0, 14.0, 1.0, 5.0, 0.0, 1.0, 1.0, 1.0]","[-9.0, 54.0, 18.0, 16.0, 0.0, 52.0, 14.0, 13.0, 14.0, 44.0, 16.0, 12.0, 11.0, -11.0, 0.0, 13.0]"
3,1791640425.499241,"[-20.565726000000012, 35.15716800000001, 19.161006000000015, 19.51257000000001, -0.08712299999999118, 34.45403999999999, 19.336788000000013, 19.68835200000001, 20.567262, 33.13567499999999, 18.545769000000007, 19.073115, -1.8449430000000007, 168.487815, 44.297832, 29.268471000000005]","[-2.0, 7.0, 1.0, 2.0, 1.0, 1.0, 3.0, 1.0, 3.0, 1.0, 3.0, 1.0, 0.0, 1.0, 1.0, 1.0]","[-8.0, 41.0, 18.0, 16.0, 0.0, 56.0, 14.0, 12.0, 14.0, 70.0, 15.0, 13.0, 10.0, -11.0, 0.0, 13.0]"
3,1791640425.7208977,"[-21.7962, 37.09076999999999, 20.303588999999988, 20.039916000000005, -0.08712299999999118, 36.739205999999996, 20.215698000000003, 20.655153000000013, 21.885627, 35.420840999999996, 19.424678999999998, 20.215698000000003, -1.8449430000000007, 168.487815, 44.297832, 29.180579999999992]","[-2.0, 5.0, 3.0, 8.0, 1.0, 6.0, 1.0, 1.0, 2.0, 22.0, 5.0, 1.0, 0.0, 1.0, 1.0, 1.0]","[-9.0, 50.0, 18.0, 17.0, 0.0, 45.0, 13.0, 13.0, 14.0, 51.0, 15.0, 13.0, 11.0, -11.0, 0.0, 13.0]"
3,1791640425.946337,"[-22.763001000000003, 39.28804500000001, 21.358281000000005, 21.709845, -0.08712299999999118, 38.672808, 21.00671700000001, 21.709845, 22.412972999999994, 39.200154, 20.655153000000013, 21.270389999999992, -1.8449430000000007, 168.487815, 44.297832, 29.180579999999992]","[-2.0, 5.0, 2.0, 3.0, 1.0, 1.0, 1.0, 3.0, 1.0, 4.0, 1.0, 1.0, 0.0, 1.0, 1.0, 2.0]","[-9.0, 46.0, 17.0, 16.0, 0.0, 53.0, 15.0, 12.0, 14.0, 49.0, 15.0, 12.0, 11.0, -11.0, 0.0, 13.0]"
3,1791640426.1712983,"[-23.905584000000005, 41.39742899999999, 22.500864000000007, 22.500864000000007, -0.08712299999999118, 40.95797400000001, 21.797736000000015, 22.76453699999999, 23.819229000000007, 41.836884, 21.621953999999988, 22.412972999999994, -1.8449430000000007, 168.487815, 44.297832, 29.180579999999992]","[0.0, 2.0, 2.0, 2.0, 1.0, 7.0, 1.0, 1.0, 3.0, 7.0, 3.0, 2.0, 0.0, 1.0, 1.0, 0.0]","[-9.0, 45.0, 17.0, 17.0, 0.0, 46.0, 16.0, 12.0, 14.0, 40.0, 14.0, 12.0, 11.0, -10.0, 0.0, 13.0]"
3,1791640426.3951612,"[-24.784493999999995, 43.41892200000001, 23.379773999999998, 23.379773999999998, -0.08712299999999118, 43.59470400000001, 22.588754999999992, 23.555555999999996, 24.873920999999996, 42.012665999999996, 22.76453699999999, 23.203992, -1.8449430000000007, 168.487815, 44.297832, 29.180579999999992]","[0.0, 10.0, 3.0, 4.0, 1.0, 5.0, 1.0, 1.0, 1.0, 1.0, 2.0, 4.0, 0.0, 1.0, 1.0, 1.0]","[-9.0, 39.0, 17.0, 17.0, 0.0, 43.0, 16.0, 13.0, 14.0, 58.0, 15.0, 12.0, 11.0, -11.0, 0.0, 13.0]"
3,1791640426.6186123,"[-25.927076999999997, 45.967760999999996, 24.258683999999988, 24.698138999999998, -0.08712299999999118, 45.791979, 23.64344700000001, 24.78603000000001, 25.840722, 46.49510699999999, 23.64344700000001, 24.346575, -1.8449430000000007, 168.487815, 44.297832, 29.180579999999992]","[-3.0, 1.0, 2.0, 3.0, 1.0, 9.0, 3.0, 1.0, 3.0, 7.0, 1.0, 4.0, 0.0, 1.0, 1.0, 0.0]","[0.0, 41.0, 19.0, 15.0, 0.0, 39.0, 16.0, 11.0, 14.0, 33.0, 15.0, 11.0, 12.0, -10.0, 0.0, 13.0]"
3,1791640426.8423848,"[-26.981768999999986, 48.252927, 25.40126699999999, 25.489158000000003, -0.08712299999999118, 47.901363, 24.96181200000001, 25.752831000000015, 26.983305, 47.63768999999999, 24.873920999999996, 25.752831000000015, -1.8449430000000007, 168.487815, 44.297832, 29.180579999999992]","[-2.0, 5.0, 4.0, 4.0, 1.0, 2.0, 5.0, 1.0, 1.0, 1.0, 3.0, 4.0, 0.0, 1.0, 1.0, 1.0]","[0.0, 35.0, 17.0, 16.0, 0.0, 42.0, 15.0, 11.0, 0.0, 43.0, 15.0, 11.0, 11.0, -10.0, 0.0, 13.0]"
3,1791640427.0670488,"[-27.94856999999999, 50.362311000000005, 26.28017700000001, 26.807523000000003, -0.08712299999999118, 50.01074700000001, 25.840722, 26.895413999999988, 27.950106000000005, 50.889657, 26.016503999999998, 26.455959000000007, -1.8449430000000007, 168.487815, 44.297832, 29.268471000000005]","[0.0, 1.0, 1.0, 2.0, 1.0, 6.0, 1.0, 1.0, 1.0, 7.0, 4.0, 1.0, 0.0, 1.0, 1.0, 1.0]","[0.0, 38.0, 18.0, 16.0, 0.0, 40.0, 15.0, 12.0, 0.0, 31.0, 14.0, 12.0, 11.0, -11.0, 0.0, 13.0]"
3,1791640427.288261,"[-28.82748000000001, 52.559585999999996, 27.246978000000013, 27.686432999999994, -0.08712299999999118, 52.383804, 27.071196000000015, 27.42276000000001, 29.004797999999994, 52.29591300000001, 26.895413999999988, 27.774324000000007, -1.8449430000000007, 168.487815, 44.297832, 29.180579999999992]","[0.0, 8.0, 2.0, 2.0, 0.0, 6.0, 1.0, 1.0, 1.0, 2.0, 1.0, 3.0, 0.0, 1.0, 1.0, 0.0]","[-8.0, 32.0, 18.0, 15.0, 0.0, 32.0, 15.0, 14.0, 0.0, 38.0, 14.0, 11.0, 10.0, -11.0, 0.0, 13.0]"
3,1791640427.5126297,"[-29.882171999999997, 55.10842500000001, 28.30167, 28.829015999999996, -0.08712299999999118, 54.58107900000002, 28.213778999999988, 28.565343000000013, 30.05949000000001, 54.93264300000001, 28.125888000000003, 28.74112500000001, -1.8449430000000007, 168.487815, 44.297832, 29.180579999999992]","[-2.0, 1.0, 1.0, 1.0, 0.0, 6.0, 2.0, 1.0, 1.0, 9.0, 4.0, 1.0, 0.0, 1.0, 1.0, 0.0]","[-8.0, 31.0, 17.0, 15.0, 0.0, 32.0, 14.0, 12.0, 0.0, 30.0, 14.0, 12.0, 11.0, -10.0, 0.0, 13.0]"
3,1791640427.7362294,"[-30.936863999999986, 57.21780900000002, 29.268471000000005, 29.883708000000013, -0.08712299999999118, 56.690462999999994, 29.444253000000003, 29.883708000000013, 31.026291000000015, 56.42679000000001, 29.180579999999992, 29.883708000000013, -1.8449430000000007, 168.487815, 44.297832, 29.180579999999992]","[0.0, 5.0, 1.0, 4.0, 0.0, 2.0, 3.0, 2.0, 0.0, 1.0, 3.0, 3.0, 0.0, 1.0, 1.0, 0.0]","[0.0, 33.0, 17.0, 15.0, 0.0, 34.0, 14.0, 11.0, 0.0, 36.0, 13.0, 11.0, 11.0, -10.0, 0.0, 12.0]"
3,1791640427.9630842,"[-31.90366499999999, 59.327192999999994, 30.498944999999992, 30.9384, 0.0007679999999936626, 58.88773800000001, 30.586836000000005, 30.850508999999988, 32.16887399999999, 58.88773800000001, 30.05949000000001, 30.850508999999988, -1.8449430000000007, 168.487815, 44.297832, 29.268471000000005]","[-1.0, 3.0, 1.0, 1.0, 1.0, 1.0, 3.0, 2.0, 1.0, 9.0, 3.0, 2.0, 0.0, 1.0, 1.0, 0.0]","[-8.0, 31.0, 17.0, 15.0, -6.0, 30.0, 13.0, 11.0, -6.0, 30.0, 13.0, 11.0, 11.0, -11.0, 0.0, 13.0]"
3,1791640428.1870127,"[-32.95835700000001, 61.348686000000015, 31.37785500000001, 31.817309999999992, -0.08712299999999118, 61.348686000000015, 31.641527999999994, 31.905201000000005, 33.04778400000001, 61.52446800000001, 31.114182, 31.905201000000005, -1.8449430000000007, 168.487815, 44.297832, 29.180579999999992]","[0.0, 8.0, 1.0, 1.0, 0.0, 1.0, 1.0, 1.0, 1.0, 3.0, 1.0, 2.0, 0.0, 1.0, 1.0, 0.0]","[0.0, 26.0, 17.0, 15.0, -10.0, 27.0, 12.0, 12.0, 0.0, 29.0, 13.0, 12.0, 11.0, -9.0, 0.0, 13.0]"
3,1791640428.4082024,"[-34.013048999999995, 63.985416000000015, 32.608329, 32.959892999999994, 0.0007679999999936626, 63.80963400000002, 32.69622000000001, 32.87200200000001, 34.01458500000001, 63.721743000000004, 32.344656000000015, 32.69622000000001, -1.8449430000000007, 168.487815, 44.297832, 29.180579999999992]","[-1.0, 4.0, 4.0, 4.0, 1.0, 5.0, 1.0, 2.0, 1.0, 3.0, 4.0, 3.0, 0.0, 1.0, 1.0, 1.0]","[0.0, 23.0, 16.0, 16.0, -11.0, 26.0, 12.0, 11.0, -6.0, 26.0, 13.0, 12.0, 11.0, -10.0, 0.0, 12.0]"
3,1791640428.6349747,"[-35.06774100000001, 66.09479999999999, 33.663021000000015, 34.01458500000001, 0.0007679999999936626, 66.182691, 34.01458500000001, 34.01458500000001, 35.069277, 66.00690900000001, 33.48723899999999, 33.750912, -1.8449430000000007, 168.487815, 44.297832, 29.268471000000005]","[0.0, 7.0, 3.0, 4.0, 1.0, 6.0, 4.0, 4.0, 1.0, 3.0, 4.0, 2.0, 0.0, 1.0, 1.0, 0.0]","[0.0, 22.0, 16.0, 16.0, -12.0, 21.0, 11.0, 11.0, 0.0, 26.0, 11.0, 12.0, 10.0, -10.0, 0.0, 13.0]"
3,1791640428.8589873,"[-35.946651, 66.358473, 34.717713, 35.069277, 0.0007679999999936626, 68.11629300000001, 34.102475999999996, 34.981386000000015, 36.12396899999999, 66.00690900000001, 34.45403999999999, 34.717713, -1.8449430000000007, 168.487815, 44.297832, 29.180579999999992]","[-1.0, 1.0, 2.0, 3.0, 1.0, 3.0, 1.0, 2.0, 1.0, 1.0, 1.0, 1.0, 0.0, 1.0, 1.0, 1.0]","[-9.0, 23.0, 16.0, 15.0, -11.0, 22.0, 11.0, 11.0, -14.0, 26.0, 12.0, 12.0, 10.0, -11.0, 0.0, 13.0]"
3,1791640429.0830204,"[-37.00134299999999, 66.358473, 35.77240499999999, 35.94818699999999, 0.0007679999999936626, 70.48935, 34.102475999999996, 35.94818699999999, 37.00287900000001, 65.919018, 35.33295000000001, 35.420840999999996, -1.8449430000000007, 168.487815, 44.297832, 29.180579999999992]","[-2.0, 1.0, 2.0, 2.0, 1.0, 3.0, 1.0, 1.0, 1.0, 1.0, 1.0, 3.0, 0.0, 1.0, 1.0, 1.0]","[0.0, 22.0, 16.0, 15.0, -12.0, 22.0, 12.0, 11.0, 0.0, 26.0, 12.0, 12.0, 9.0, -11.0, 0.0, 13.0]"
3,1791640429.3069978,"[-37.88025300000001, 66.358473, 36.82709700000001, 36.82709700000001, 0.0007679999999936626, 71.631933, 34.102475999999996, 37.09076999999999, 38.057570999999996, 65.919018, 36.47553300000001, 36.65131500000001, -1.8449430000000007, 168.487815, 44.297832, 29.268471000000005]","[0.0, 0.0, 1.0, 1.0, 0.0, 2.0, 1.0, 4.0, 1.0, 2.0, 3.0, 2.0, 0.0, 1.0, 1.0, 1.0]","[-9.0, 23.0, 17.0, 16.0, -7.0, 20.0, 11.0, 11.0, 0.0, 25.0, 12.0, 12.0, 10.0, -10.0, 0.0, 13.0]"
3,1791640429.5309992,"[-38.847053999999986, 66.358473, 37.881789, 37.881789, 0.0007679999999936626, 71.71982400000002, 34.102475999999996, 37.96968000000001, 39.024372, 66.00690900000001, 37.44233399999999, 37.44233399999999, -1.8449430000000007, 168.487815, 44.297832, 29.180579999999992]","[0.0, 0.0, 1.0, 3.0, 0.0, 1.0, 1.0, 1.0, 1.0, 0.0, 1.0, 1.0, 0.0, 1.0, 1.0, 1.0]","[-9.0, 23.0, 16.0, 15.0, -9.0, 20.0, 11.0, 12.0, 0.0, 25.0, 12.0, 11.0, 9.0, -11.0, 0.0, 14.0]"
3,1791640429.7549806,"[-39.98963699999999, 66.358473, 38.936481000000015, 38.76069899999999, 0.0007679999999936626, 71.71982400000002, 34.102475999999996, 39.11226300000001, 39.991173, 66.00690900000001, 38.672808, 38.672808, -1.8449430000000007, 168.487815, 44.297832, 29.268471000000005]","[0.0, 0.0, 1.0, 4.0, 1.0, 1.0, 1.0, 2.0, 1.0, 1.0, 3.0, 2.0, 0.0, 1.0, 1.0, 1.0]","[-9.0, 23.0, 16.0, 16.0, -11.0, 20.0, 12.0, 11.0, 13.0, 26.0, 12.0, 11.0, 10.0, -11.0, 0.0, 13.0]"
3,1791640429.97893,"[-40.69276500000001, 66.358473, 40.07906399999999, 39.72749999999999, 0.0007679999999936626, 71.71982400000002, 34.102475999999996, 39.991173, 40.95797400000001, 65.919018, 39.551717999999994, 39.63960900000001, -1.8449430000000007, 168.487815, 44.297832, 29.180579999999992]","[-1.0, 0.0, 2.0, 3.0, 1.0, 1.0, 1.0, 3.0, 2.0, 1.0, 3.0, 1.0, 0.0, 1.0, 1.0, 1.0]","[-9.0, 24.0, 15.0, 15.0, -12.0, 20.0, 11.0, 12.0, 13.0, 26.0, 12.0, 12.0, 10.0, -10.0, 0.0, 13.0]"
3,1791640430.2020133,"[-42.01113000000001, 66.358473, 41.04586499999999, 40.694300999999996, 0.0007679999999936626, 71.71982400000002, 34.102475999999996, 40.870082999999994, 41.661102, 65.919018, 40.43062800000001, 40.78219200000001, -1.8449430000000007, 168.487815, 44.297832, 29.180579999999992]","[0.0, 1.0, 1.0, 1.0, 1.0, 1.0, 1.0, 1.0, 1.0, 0.0, 3.0, 1.0, 0.0, 1.0, 1.0, 0.0]","[0.0, 23.0, 16.0, 16.0, -12.0, 20.0, 12.0, 12.0, 15.0, 26.0, 11.0, 11.0, 10.0, -11.0, 0.0, 14.0]"
3,1791640430.4268277,"[-43.065822, 66.44636400000002, 42.188447999999994, 41.74899300000001, -0.08712299999999118, 71.71982400000002, 34.102475999999996, 42.012665999999996, 43.06735800000001, 66.00690900000001, 41.661102, 41.661102, -1.8449430000000007, 168.487815, 44.297832, 29.268471000000005]","[0.0, 1.0, 3.0, 3.0, 0.0, 1.0, 1.0, 1.0, 1.0, 1.0, 2.0, 1.0, 0.0, 1.0, 1.0, 1.0]","[0.0, 21.0, 15.0, 16.0, -7.0, 21.0, 12.0, 12.0, 0.0, 26.0, 12.0, 12.0, 11.0, -11.0, 0.0, 13.0]"
3,1791640430.6508677,"[-44.032623, 66.358473, 43.06735800000001, 42.803685, 0.0007679999999936626, 71.71982400000002, 34.102475999999996, 42.979467, 44.03415899999999, 66.00690900000001, 42.71579399999999, 42.891576000000015, -1.8449430000000007, 168.487815, 44.297832, 29.268471000000005]","[0.0, 0.0, 1.0, 5.0, 1.0, 1.0, 1.0, 1.0, 2.0, 1.0, 4.0, 2.0, 0.0, 1.0, 1.0, 1.0]","[0.0, 21.0, 16.0, 16.0, -12.0, 22.0, 11.0, 11.0, 0.0, 26.0, 10.0, 11.0, 10.0, -10.0, 0.0, 13.0]"
3,1791640430.874904,"[-45.08731499999999, 66.44636400000002, 44.297832, 43.506812999999994, 0.0007679999999936626, 71.71982400000002, 34.102475999999996, 44.03415899999999, 44.91306900000001, 66.00690900000001, 43.68259499999999, 43.85837699999999, -1.8449430000000007, 168.487815, 44.297832, 29.180579999999992]","[0.0, 1.0, 3.0, 1.0, 1.0, 1.0, 1.0, 2.0, -1.0, 0.0, 3.0, 2.0, 0.0, 1.0, 1.0, 0.0]","[0.0, 21.0, 14.0, 16.0, -12.0, 21.0, 12.0, 11.0, -1.0, 26.0, 11.0, 11.0, 10.0, -10.0, 0.0, 13.0]"
3,1791640431.098792,"[-46.05411599999999, 66.44636400000002, 45.088851000000005, 45.00095999999999, 0.0007679999999936626, 71.71982400000002, 34.102475999999996, 45.088851000000005, 45.967760999999996, 66.00690900000001, 44.73728700000001, 45.00095999999999, -1.8449430000000007, 168.487815, 44.297832, 29.180579999999992]","[0.0, 0.0, 1.0, 4.0, 1.0, 1.0, 1.0, 2.0, 1.0, 0.0, 3.0, 1.0, 0.0, 1.0, 1.0, 1.0]","[0.0, 22.0, 16.0, 16.0, -11.0, 21.0, 11.0, 12.0, 0.0, 26.0, 11.0, 11.0, 10.0, -11.0, 0.0, 13.0]"
3,1791640431.320129,"[-47.020917, 66.44636400000002, 46.05565200000001, 45.791979, 0.0007679999999936626, 71.71982400000002, 34.102475999999996, 45.87987000000001, 46.934562, 65.919018, 45.616197, 45.967760999999996, -1.8449430000000007, 168.487815, 44.297832, 29.180579999999992]","[0.0, 0.0, 2.0, 2.0, 0.0, 1.0, 1.0, 1.0, 1.0, 0.0, 1.0, 2.0, 0.0, 1.0, 1.0, 1.0]","[0.0, 20.0, 16.0, 16.0, -12.0, 21.0, 11.0, 12.0, 0.0, 26.0, 11.0, 10.0, 10.0, -10.0, 0.0, 13.0]"
3,1791640431.5454078,"[-47.636154000000005, 66.44636400000002, 47.110344, 47.19823500000001, 0.0007679999999936626, 71.71982400000002, 34.102475999999996, 47.110344, 48.077145, 66.00690900000001, 46.75878, 47.110344, -1.8449430000000007, 168.487815, 44.297832, 29.180579999999992]","[0.0, 1.0, 1.0, 1.0, 1.0, 1.0, 1.0, 2.0, 1.0, 0.0, 4.0, 2.0, 0.0, 1.0, 1.0, 0.0]","[-9.0, 20.0, 16.0, 16.0, -12.0, 21.0, 12.0, 10.0, -14.0, 26.0, 11.0, 11.0, 10.0, -10.0, 0.0, 13.0]"
3,1791640431.7668326,"[-49.04240999999999, 66.62214600000001, 47.98925399999999, 48.165036000000015, 0.0007679999999936626, 71.71982400000002, 34.102475999999996, 47.901363, 49.043946000000005, 66.00690900000001, 47.725581000000005, 48.165036000000015, -1.8449430000000007, 168.487815, 44.297832, 29.180579999999992]","[-3.0, 1.0, 1.0, 2.0, 0.0, 1.0, 1.0, 1.0, 1.0, 0.0, 2.0, 4.0, 0.0, 1.0, 1.0, 0.0]","[0.0, 20.0, 16.0, 14.0, -7.0, 21.0, 11.0, 12.0, -15.0, 26.0, 11.0, 11.0, 10.0, -11.0, 0.0, 13.0]"
3,1791640431.9947069,"[-49.833428999999995, 66.62214600000001, 49.043946000000005, 49.219728, 0.0007679999999936626, 71.71982400000002, 34.102475999999996, 48.86816400000001, 49.922855999999996, 66.00690900000001, 48.51660000000001, 49.043946000000005, -1.8449430000000007, 168.487815, 44.297832, 29.180579999999992]","[0.0, 1.0, 3.0, 3.0, 0.0, 1.0, 1.0, 1.0, 0.0, 0.0, 1.0, 2.0, 0.0, 1.0, 1.0, 0.0]","[-9.0, 21.0, 15.0, 15.0, -11.0, 22.0, 11.0, 12.0, 0.0, 25.0, 12.0, 11.0, 10.0, -10.0, 0.0, 13.0]"
3,1791640432.216934,"[-50.712338999999986, 66.62214600000001, 49.922855999999996, 50.362311000000005, 0.0007679999999936626, 71.71982400000002, 34.102475999999996, 50.01074700000001, 51.15333000000001, 66.00690900000001, 49.65918300000001, 50.098637999999994, -1.8449430000000007, 168.487815, 44.297832, 29.180579999999992]","[0.0, 1.0, 1.0, 2.0, 0.0, 1.0, 1.0, 3.0, 1.0, 1.0, 3.0, 3.0, 0.0, 1.0, 1.0, 0.0]","[-9.0, 20.0, 16.0, 15.0, -11.0, 21.0, 11.0, 11.0, -1.0, 26.0, 11.0, 11.0, 10.0, -10.0, 0.0, 13.0]"
3,1791640432.442816,"[-51.767031, 66.62214600000001, 50.889657, 51.32911200000001, 0.0007679999999936626, 71.71982400000002, 34.102475999999996, 50.713875, 52.03224, 66.00690900000001, 50.62598400000002, 50.97754800000001, -1.8449430000000007, 168.487815, 44.297832, 29.180579999999992]","[-1.0, 1.0, 2.0, 3.0, 1.0, 1.0, 1.0, 2.0, 1.0, 1.0, 1.0, 2.0, 0.0, 1.0, 1.0, 0.0]","[-9.0, 20.0, 16.0, 14.0, -12.0, 20.0, 11.0, 11.0, 0.0, 26.0, 11.0, 11.0, 9.0, -11.0, 0.0, 13.0]"
3,1791640432.6666603,"[-52.73383199999999, 66.62214600000001, 52.03224, 52.29591300000001, 0.0007679999999936626, 71.71982400000002, 34.102475999999996, 52.03224, 53.08693199999999, 66.00690900000001, 51.856458, 51.94434900000002, -1.8449430000000007, 168.487815, 44.297832, 29.180579999999992]","[-2.0, 1.0, 1.0, 1.0, 1.0, 0.0, 1.0, 3.0, 1.0, 1.0, 2.0, 1.0, 0.0, 1.0, 1.0, 0.0]","[-9.0, 20.0, 16.0, 15.0, -11.0, 21.0, 12.0, 10.0, 0.0, 26.0, 12.0, 10.0, 11.0, -11.0, 0.0, 14.0]"
3,1791640432.8879178,"[-53.788523999999995, 66.62214600000001, 52.999041000000005, 53.438496000000015, 0.0007679999999936626, 71.71982400000002, 34.102475999999996, 52.999041000000005, 54.053732999999994, 66.00690900000001, 52.64747700000001, 52.999041000000005, -1.8449430000000007, 168.487815, 44.297832, 29.268471000000005]","[-3.0, 1.0, 4.0, 3.0, 1.0, 0.0, 1.0, 1.0, 1.0, 1.0, 1.0, 3.0, 0.0, 1.0, 1.0, 1.0]","[-8.0, 20.0, 16.0, 15.0, -11.0, 22.0, 11.0, 11.0, 0.0, 26.0, 12.0, 11.0, 10.0, -11.0, 0.0, 14.0]"
3,1791640433.1123092,"[-54.491652, 66.62214600000001, 53.877950999999996, 54.317406000000005, 0.0007679999999936626, 71.71982400000002, 34.102475999999996, 54.14162400000001, 55.10842500000001, 66.00690900000001, 53.61427800000001, 53.79006000000001, -1.8449430000000007, 168.487815, 44.297832, 29.180579999999992]","[0.0, 1.0, 3.0, 1.0, 0.0, 0.0, 1.0, 3.0, 1.0, 1.0, 2.0, 1.0, 0.0, 1.0, 1.0, -1.0]","[-8.0, 20.0, 16.0, 14.0, -11.0, 20.0, 11.0, 12.0, -14.0, 26.0, 11.0, 10.0, 11.0, -10.0, 0.0, 13.0]"
3,1791640433.3386552,"[-55.28267099999999, 66.62214600000001, 54.756861000000015, 55.372097999999994, 0.0007679999999936626, 71.71982400000002, 34.102475999999996, 55.020534, 56.075226000000015, 66.00690900000001, 54.756861000000015, 54.93264300000001, -1.8449430000000007, 168.487815, 44.297832, 29.180579999999992]","[0.0, 1.0, 1.0, 4.0, 1.0, 0.0, 1.0, 2.0, 0.0, 1.0, 3.0, 2.0, 0.0, 1.0, 1.0, 0.0]","[-10.0, 21.0, 16.0, 14.0, -12.0, 21.0, 11.0, 11.0, 0.0, 26.0, 12.0, 11.0, 10.0, -10.0, 0.0, 13.0]"
3,1791640433.5626228,"[-55.810017, 66.62214600000001, 55.020534, 55.89944400000002, 0.0007679999999936626, 71.71982400000002, 34.102475999999996, 55.72366199999999, 56.954136000000005, 66.00690900000001, 55.635771000000005, 55.89944400000002, -1.8449430000000007, 168.487815, 44.297832, 29.180579999999992]","[-1.0, 1.0, 1.0, 1.0, 1.0, 0.0, 1.0, 1.0, 1.0, 1.0, 3.0, 1.0, 0.0, 1.0, 1.0, 0.0]","[-11.0, 22.0, 18.0, 16.0, -7.0, 21.0, 12.0, 12.0, 0.0, 25.0, 12.0, 11.0, 11.0, -10.0, 0.0, 14.0]"
3,1791640433.7865758,"[-56.161581, 66.534255, 55.372097999999994, 55.89944400000002, 0.0007679999999936626, 71.71982400000002, 34.102475999999996, 56.954136000000005, 57.92093700000001, 66.00690900000001, 56.42679000000001, 56.86624499999999, -1.8449430000000007, 168.487815, 44.297832, 29.180579999999992]","[0.0, 0.0, 1.0, 1.0, 1.0, 0.0, 1.0, 1.0, 1.0, 1.0, 1.0, 2.0, 0.0, 1.0, 1.0, 1.0]","[-14.0, 22.0, 22.0, 17.0, -11.0, 21.0, 11.0, 11.0, 0.0, 26.0, 12.0, 11.0, 11.0, -10.0, 0.0, 14.0]"
3,1791640434.010576,"[-56.337362999999996, 66.534255, 55.372097999999994, 57.04202699999999, 0.0007679999999936626, 71.71982400000002, 34.102475999999996, 57.92093700000001, 58.975629, 66.00690900000001, 57.657264, 57.92093700000001, -1.8449430000000007, 168.487815, 44.297832, 29.180579999999992]","[0.0, 0.0, 1.0, 1.0, 1.0, 0.0, 1.0, 1.0, 1.0, 1.0, 2.0, 5.0, 0.0, 1.0, 1.0, 1.0]","[-16.0, 22.0, 29.0, 18.0, -12.0, 21.0, 11.0, 11.0, 0.0, 26.0, 11.0, 10.0, 10.0, -11.0, 0.0, 13.0]"
3,1791640434.2339911,"[-56.425253999999995, 66.534255, 55.72366199999999, 57.74515500000001, 0.0007679999999936626, 71.71982400000002, 34.102475999999996, 59.06352000000001, 59.85453900000002, 66.00690900000001, 58.272501000000005, 58.711956000000015, -1.8449430000000007, 168.487815, 44.297832, 29.180579999999992]","[0.0, 0.0, 1.0, 1.0, 1.0, 0.0, 1.0, 1.0, 0.0, 1.0, 1.0, 1.0, 0.0, 1.0, 1.0, 0.0]","[-21.0, 21.0, 32.0, 19.0, -11.0, 21.0, 11.0, 11.0, 12.0, 26.0, 12.0, 11.0, 12.0, -10.0, 0.0, 13.0]"
3,1791640434.456992,"[-56.77681799999999, 66.44636400000002, 55.72366199999999, 57.74515500000001, 0.0007679999999936626, 71.71982400000002, 34.102475999999996, 59.94243, 60.645557999999994, 66.00690900000001, 58.448283, 58.711956000000015, -1.8449430000000007, 168.487815, 44.297832, 29.268471000000005]","[0.0, 1.0, 0.0, 0.0, 0.0, 0.0, 1.0, 1.0, 1.0, 1.0, 1.0, 1.0, 0.0, 1.0, 1.0, 1.0]","[-26.0, 23.0, 39.0, 22.0, -13.0, 21.0, 12.0, 11.0, 14.0, 25.0, 16.0, 11.0, 12.0, -11.0, 0.0, 13.0]"
3,1791640434.6825814,"[-56.77681799999999, 65.65534500000001, 55.635771000000005, 57.74515500000001, 0.0007679999999936626, 71.71982400000002, 34.102475999999996, 61.085013000000004, 61.17290400000002, 66.00690900000001, 58.624065, 58.711956000000015, -1.8449430000000007, 168.487815, 44.297832, 29.180579999999992]","[0.0, 0.0, 0.0, 1.0, 0.0, 0.0, 1.0, 4.0, 1.0, 0.0, 1.0, 1.0, 0.0, 1.0, 1.0, 1.0]","[0.0, 11.0, 13.0, 0.0, -12.0, 22.0, 11.0, 11.0, 15.0, 26.0, 19.0, 12.0, 12.0, -10.0, 0.0, 14.0]"
3,1791640434.904576,"[-56.77681799999999, 65.65534500000001, 55.635771000000005, 57.74515500000001, 0.0007679999999936626, 71.71982400000002, 34.102475999999996, 61.963922999999994, 61.70025000000001, 65.919018, 58.799847, 58.711956000000015, -1.8449430000000007, 168.487815, 44.297832, 29.180579999999992]","[1.0, 0.0, 0.0, 0.0, 1.0, 0.0, 1.0, 1.0, 1.0, 0.0, 1.0, 1.0, 0.0, 1.0, 1.0, 0.0]","[0.0, 12.0, 14.0, 0.0, -12.0, 21.0, 11.0, 12.0, 16.0, 26.0, 24.0, 12.0, 10.0, -10.0, 0.0, 14.0]"
3,1791640435.1269062,"[-56.77681799999999, 65.65534500000001, 55.635771000000005, 57.74515500000001, 0.0007679999999936626, 71.71982400000002, 34.102475999999996, 63.106505999999996, 62.227596000000005, 65.919018, 58.975629, 58.711956000000015, -1.8449430000000007, 168.487815, 44.297832, 29.180579999999992]","[1.0, 0.0, 0.0, 0.0, 1.0, 0.0, 1.0, 4.0, 1.0, 0.0, 1.0, 1.0, 0.0, 1.0, 1.0, 1.0]","[0.0, 11.0, 13.0, 0.0, -12.0, 21.0, 11.0, 12.0, 17.0, 26.0, 31.0, 11.0, 10.0, -10.0, 0.0, 14.0]"
3,1791640435.3527944,"[-56.77681799999999, 65.65534500000001, 55.635771000000005, 57.74515500000001, 0.0007679999999936626, 71.71982400000002, 34.102475999999996, 64.073307, 62.31548699999999, 65.919018, 59.06352000000001, 58.711956000000015, -1.8449430000000007, 168.487815, 44.297832, 29.180579999999992]","[1.0, 0.0, 0.0, 1.0, 1.0, 0.0, 1.0, 3.0, 1.0, 0.0, 1.0, 1.0, 0.0, 1.0, 1.0, 1.0]","[0.0, 12.0, 14.0, 0.0, -11.0, 22.0, 11.0, 11.0, 21.0, 27.0, 39.0, 12.0, 10.0, -11.0, 0.0, 14.0]"
3,1791640435.5784335,"[-56.77681799999999, 65.65534500000001, 55.635771000000005, 57.74515500000001, 0.0007679999999936626, 71.71982400000002, 34.102475999999996, 64.95221699999999, 62.31548699999999, 65.65534500000001, 58.975629, 58.711956000000015, -1.8449430000000007, 168.487815, 44.297832, 29.268471000000005]","[0.0, 0.0, 0.0, 0.0, 1.0, 1.0, 1.0, 1.0, 1.0, 1.0, 0.0, 1.0, 0.0, 1.0, 1.0, 1.0]","[0.0, 12.0, 14.0, 0.0, -12.0, 21.0, 11.0, 12.0, 0.0, 10.0, 9.0, 0.0, 9.0, -10.0, 0.0, 13.0]"
3,1791640435.802367,"[-56.77681799999999, 65.65534500000001, 55.635771000000005, 57.74515500000001, 0.0007679999999936626, 71.71982400000002, 34.102475999999996, 65.919018, 62.31548699999999, 65.65534500000001, 58.88773800000001, 58.711956000000015, -1.8449430000000007, 168.487815, 44.297832, 29.180579999999992]","[0.0, 0.0, 0.0, 1.0, 1.0, 0.0, 1.0, 2.0, 1.0, 1.0, 0.0, 1.0, 0.0, 1.0, 1.0, -1.0]","[0.0, 11.0, 14.0, 0.0, -12.0, 20.0, 11.0, 11.0, 0.0, 10.0, 9.0, 0.0, 9.0, -10.0, 0.0, 13.0]"
3,1791640436.0264597,"[-56.77681799999999, 65.65534500000001, 55.635771000000005, 57.74515500000001, 0.0007679999999936626, 71.71982400000002, 34.102475999999996, 66.62214600000001, 62.31548699999999, 65.65534500000001, 58.975629, 58.711956000000015, -1.8449430000000007, 168.487815, 44.297832, 29.180579999999992]","[0.0, 0.0, 0.0, 0.0, 0.0, 0.0, 1.0, 1.0, 1.0, 0.0, 0.0, 1.0, 0.0, 1.0, 1.0, 0.0]","[0.0, 12.0, 14.0, 0.0, -7.0, 22.0, 11.0, 13.0, 0.0, 10.0, 9.0, 0.0, 10.0, -10.0, 0.0, 13.0]"
3,1791640436.250353,"[-56.77681799999999, 65.65534500000001, 55.635771000000005, 57.74515500000001, 0.0007679999999936626, 71.71982400000002, 34.102475999999996, 67.94051100000001, 62.31548699999999, 65.65534500000001, 58.975629, 58.711956000000015, -1.8449430000000007, 168.487815, 44.297832, 29.180579999999992]","[1.0, 0.0, 1.0, 0.0, 1.0, 0.0, 1.0, 2.0, 1.0, 0.0, 1.0, 1.0, 0.0, 1.0, 1.0, 1.0]","[0.0, 12.0, 12.0, 0.0, -12.0, 21.0, 12.0, 11.0, 0.0, 9.0, 9.0, 0.0, 10.0, -11.0, 0.0, 13.0]"
3,1791640436.471904,"[-56.77681799999999, 65.65534500000001, 55.635771000000005, 57.74515500000001, 0.0007679999999936626, 71.71982400000002, 34.102475999999996, 68.819421, 62.31548699999999, 65.65534500000001, 58.975629, 58.711956000000015, -1.8449430000000007, 168.487815, 44.297832, 29.268471000000005]","[1.0, 0.0, 0.0, 1.0, 1.0, 0.0, 1.0, 1.0, 1.0, 1.0, 0.0, 1.0, 0.0, 1.0, 1.0, 1.0]","[0.0, 11.0, 13.0, 0.0, -12.0, 22.0, 12.0, 12.0, 0.0, 10.0, 9.0, 0.0, 9.0, -10.0, 0.0, 14.0]"
3,1791640436.6966555,"[-56.77681799999999, 65.65534500000001, 55.635771000000005, 57.74515500000001, 0.0007679999999936626, 71.71982400000002, 34.102475999999996, 69.61044000000001, 62.31548699999999, 65.65534500000001, 58.975629, 58.711956000000015, -1.8449430000000007, 168.487815, 44.297832, 29.268471000000005]","[0.0, 0.0, 0.0, 0.0, 0.0, 0.0, 1.0, 1.0, 1.0, 0.0, 1.0, 1.0, 0.0, 1.0, 1.0, 1.0]","[0.0, 12.0, 14.0, 0.0, -12.0, 21.0, 12.0, 12.0, 0.0, 10.0, 9.0, 0.0, 9.0, -11.0, 0.0, 13.0]"
3,1791640436.920896,"[-56.77681799999999, 65.65534500000001, 55.635771000000005, 57.74515500000001, 0.0007679999999936626, 71.71982400000002, 34.102475999999996, 70.840914, 62.31548699999999, 65.65534500000001, 58.975629, 58.711956000000015, -1.8449430000000007, 168.487815, 44.297832, 29.268471000000005]","[1.0, 0.0, 0.0, 1.0, 1.0, 0.0, 1.0, 2.0, 1.0, 1.0, 0.0, 1.0, 0.0, 1.0, 1.0, 1.0]","[0.0, 12.0, 14.0, 0.0, -12.0, 21.0, 11.0, 11.0, 0.0, 10.0, 9.0, 0.0, 10.0, -10.0, 0.0, 13.0]"
3,1791640437.1462858,"[-56.77681799999999, 65.65534500000001, 55.635771000000005, 57.74515500000001, 0.0007679999999936626, 71.71982400000002, 34.102475999999996, 71.71982400000002, 62.31548699999999, 65.65534500000001, 58.975629, 58.711956000000015, -1.8449430000000007, 168.487815, 44.297832, 29.268471000000005]","[1.0, 0.0, 0.0, 1.0, 1.0, 0.0, 1.0, 1.0, 1.0, 0.0, 0.0, 1.0, 0.0, 1.0, 1.0, 1.0]","[0.0, 11.0, 14.0, -2.0, -9.0, 20.0, 12.0, 13.0, 0.0, 10.0, 9.0, 0.0, 9.0, -10.0, 0.0, 13.0]"
3,1791640437.370351,"[-56.77681799999999, 65.65534500000001, 55.635771000000005, 57.74515500000001, 0.0007679999999936626, 71.71982400000002, 34.102475999999996, 72.774516, 62.31548699999999, 65.65534500000001, 58.975629, 58.711956000000015, -1.8449430000000007, 168.487815, 44.297832, 29.268471000000005]","[1.0, 0.0, 0.0, 0.0, 1.0, 0.0, 1.0, 1.0, 1.0, 1.0, 1.0, 1.0, 0.0, 1.0, 1.0, 1.0]","[0.0, 11.0, 13.0, 0.0, -12.0, 21.0, 12.0, 10.0, 0.0, 10.0, 9.0, 0.0, 9.0, -10.0, 0.0, 13.0]"
3,1791640437.5933867,"[-56.77681799999999, 65.65534500000001, 55.635771000000005, 57.74515500000001, 0.0007679999999936626, 71.807715, 34.102475999999996, 73.829208, 62.31548699999999, 65.567454, 58.975629, 58.711956000000015, -1.8449430000000007, 168.487815, 44.297832, 29.180579999999992]","[1.0, 0.0, 0.0, 0.0, 1.0, 1.0, 1.0, 1.0, 1.0, 0.0, 1.0, 1.0, 0.0, 1.0, 1.0, 1.0]","[0.0, 11.0, 13.0, 0.0, -12.0, 20.0, 11.0, 12.0, 0.0, 10.0, 9.0, 0.0, 9.0, -11.0, 0.0, 14.0]"
