grip,time,positions,velocities,currents
1,1791640013.496503,"[0.0007679999999936626, -5.009018999999995, -1.1418150000000082, -0.17501400000000444, -0.08712299999999118, -5.096910000000008, 0.08865900000000693, -0.35079600000000255, 0.08865900000000693, -4.833236999999997, -0.9660330000000101, 0.26444100000000503, -1.8449430000000007, 178.41949799999998, 39.991173, 25.928613000000013]","[0.0, 1.0, 0.0, 0.0, 0.0, 1.0, 0.0, 1.0, 0.0, 0.0, 1.0, 0.0, 0.0, 1.0, 0.0, 0.0]","[-8.0, 33.0, 16.0, 14.0, 0.0, 33.0, -10.0, 11.0, -14.0, 32.0, 11.0, -10.0, 14.0, 15.0, 0.0, -15.0]"
1,1791640013.7231312,"[-0.5265780000000007, -4.92112800000001, -0.790251000000012, 0.08865900000000693, -0.08712299999999118, -5.096910000000008, 0.528113999999988, -0.4386869999999874, 0.7038960000000145, -4.745346000000012, -0.9660330000000101, 0.3523319999999899, -1.7570519999999874, 178.33160700000002, 40.07906399999999, 25.928613000000013]","[0.0, 1.0, 2.0, 1.0, 0.0, 0.0, 1.0, 1.0, 1.0, 1.0, 1.0, 1.0, 1.0, 0.0, 1.0, 0.0]","[-9.0, 45.0, 18.0, 15.0, 0.0, 46.0, 11.0, 12.0, 14.0, 50.0, 14.0, 10.0, 14.0, -10.0, 11.0, 14.0]"
1,1791640013.945579,"[-1.4054879999999912, -4.393781999999987, -0.2629049999999893, 0.44022300000000314, -0.08712299999999118, -3.7785450000000083, 1.0554600000000107, 0.17654999999999177, 1.1433509999999956, -4.657454999999999, -0.6144689999999855, 0.528113999999988, -1.7570519999999874, 177.98004300000002, 40.07906399999999, 26.28017700000001]","[0.0, 1.0, 2.0, 1.0, 0.0, 1.0, 1.0, 1.0, 6.0, 1.0, 1.0, 1.0, 1.0, 0.0, 1.0, 2.0]","[-10.0, 60.0, 20.0, 16.0, 0.0, 59.0, 12.0, 14.0, 15.0, 72.0, 16.0, 12.0, 13.0, -16.0, 14.0, 14.0]"
1,1791640014.1681292,"[-2.4601800000000082, -1.5812699999999893, 0.8796780000000126, 1.582806000000005, -0.08712299999999118, -2.548070999999993, 1.846478999999988, 1.407024000000007, 2.813279999999992, -2.372288999999995, 0.26444100000000503, 0.6160050000000012, -1.7570519999999874, 177.804261, 41.39742899999999, 27.159087]","[-1.0, 6.0, 1.0, 4.0, 0.0, 1.0, 1.0, 2.0, 3.0, 1.0, 4.0, 1.0, 1.0, 0.0, 4.0, 2.0]","[-9.0, 54.0, 18.0, 16.0, 0.0, 64.0, 12.0, 13.0, 13.0, 70.0, 17.0, 16.0, 14.0, -25.0, 13.0, 14.0]"
1,1791640014.3932889,"[-3.426981000000012, 0.17654999999999177, 1.7585880000000031, 2.3738250000000107, -0.08712299999999118, 0.26444100000000503, 2.6374979999999937, 2.1101519999999994, 2.901171000000005, -2.372288999999995, 1.3191329999999937, 2.0222610000000145, -1.7570519999999874, 177.540588, 42.188447999999994, 28.03799699999999]","[0.0, 1.0, 1.0, 1.0, 0.0, 6.0, 1.0, 1.0, 1.0, 1.0, 1.0, 4.0, 0.0, 0.0, 1.0, 3.0]","[-9.0, 57.0, 20.0, 17.0, 0.0, 49.0, 13.0, 13.0, 15.0, 96.0, 16.0, 14.0, 13.0, -36.0, 13.0, 15.0]"
1,1791640014.6162379,"[-4.393781999999987, 1.846478999999988, 2.813279999999992, 3.6042989999999975, -0.08712299999999118, 1.7585880000000031, 3.2527350000000013, 3.164843999999988, 4.746881999999999, 2.0222610000000145, 1.846478999999988, 3.2527350000000013, -1.7570519999999874, 175.78276799999998, 43.24314000000001, 29.180579999999992]","[-2.0, 8.0, 3.0, 3.0, 0.0, 8.0, 1.0, 1.0, 2.0, 7.0, 1.0, 3.0, 0.0, -3.0, 3.0, 4.0]","[-9.0, 54.0, 19.0, 16.0, 0.0, 57.0, 14.0, 13.0, 14.0, 59.0, 17.0, 12.0, 13.0, -37.0, 14.0, 14.0]"
1,1791640014.843019,"[-5.360582999999991, 3.867972000000009, 3.7800809999999956, 4.219536000000005, -0.08712299999999118, 3.6921900000000107, 4.395318000000003, 4.30742699999999, 5.713683000000003, 2.1980430000000126, 2.98906199999999, 4.043754000000007, -1.7570519999999874, 173.40971100000002, 44.649395999999996, 30.147380999999996]","[0.0, 1.0, 4.0, 6.0, 0.0, 1.0, 1.0, 1.0, 3.0, 1.0, 4.0, 0.0, 0.0, 0.0, 4.0, 2.0]","[-9.0, 61.0, 20.0, 17.0, 0.0, 66.0, 14.0, 13.0, 13.0, 86.0, 17.0, 13.0, 14.0, -35.0, 13.0, 15.0]"
1,1791640015.0670195,"[-5.975819999999999, 5.537901000000005, 4.6589910000000145, 5.713683000000003, -0.08712299999999118, 6.065246999999999, 5.362119000000007, 5.186337000000009, 6.328920000000011, 6.328920000000011, 4.219536000000005, 5.010555000000011, -1.7570519999999874, 170.94876299999999, 45.440415, 31.114182]","[0.0, 4.0, 5.0, 3.0, 0.0, 3.0, 4.0, 1.0, 5.0, 7.0, 5.0, 1.0, 0.0, -7.0, 1.0, 1.0]","[-12.0, 64.0, 20.0, 16.0, 0.0, 58.0, 14.0, 14.0, 14.0, 58.0, 16.0, 14.0, 16.0, -29.0, 14.0, 15.0]"
1,1791640015.2867434,"[-7.2062939999999855, 8.350413000000003, 5.889465000000001, 5.801573999999988, -0.08712299999999118, 6.94415699999999, 6.2410289999999975, 6.328920000000011, 7.735175999999996, 6.328920000000011, 5.098445999999996, 6.328920000000011, -1.7570519999999874, 169.27883400000002, 46.67088899999999, 32.16887399999999]","[-1.0, 8.0, 3.0, 1.0, 0.0, 11.0, 4.0, 4.0, 3.0, 1.0, 2.0, 2.0, 0.0, 1.0, 4.0, 2.0]","[-10.0, 51.0, 20.0, 19.0, 0.0, 68.0, 14.0, 13.0, 14.0, 84.0, 19.0, 12.0, 13.0, -36.0, 13.0, 14.0]"
1,1791640015.5130696,"[-8.260986000000003, 10.108233000000013, 5.889465000000001, 7.5593939999999975, -0.08712299999999118, 9.932451000000015, 7.207830000000001, 7.2957210000000146, 7.735175999999996, 9.756668999999988, 6.2410289999999975, 7.207830000000001, -1.7570519999999874, 168.487815, 47.286125999999996, 33.13567499999999]","[-2.0, 1.0, 1.0, 3.0, 0.0, 1.0, 1.0, 0.0, 1.0, 1.0, 4.0, 3.0, 0.0, 0.0, 6.0, 3.0]","[-9.0, 60.0, 25.0, 17.0, 0.0, 60.0, 14.0, 13.0, 16.0, 65.0, 16.0, 13.0, 14.0, -45.0, 13.0, 15.0]"
1,1791640015.7361882,"[-9.315677999999991, 10.108233000000013, 7.823067000000009, 8.614086000000015, -0.08712299999999118, 11.426598000000013, 8.26252199999999, 8.526195000000001, 9.668778000000003, 9.932451000000015, 7.119938999999988, 8.174631000000005, -1.8449430000000007, 166.02686699999998, 48.34081800000001, 34.19036700000001]","[-1.0, 1.0, 4.0, 1.0, 0.0, 1.0, 2.0, 3.0, 4.0, 1.0, 3.0, 4.0, 0.0, -8.0, 1.0, 2.0]","[-10.0, 83.0, 20.0, 16.0, 0.0, 65.0, 13.0, 12.0, 13.0, 90.0, 17.0, 14.0, 13.0, -40.0, 13.0, 15.0]"
1,1791640015.9618313,"[-10.19458800000001, 14.063328000000013, 8.877758999999998, 9.492996000000005, -0.08712299999999118, 13.623873000000003, 9.317214000000007, 9.405104999999992, 10.635579000000007, 9.932451000000015, 7.998849000000007, 9.317214000000007, -1.7570519999999874, 163.829592, 49.483401000000015, 35.245059]","[0.0, 7.0, 4.0, 5.0, 0.0, 7.0, 2.0, 2.0, 2.0, 1.0, 6.0, 3.0, 0.0, 0.0, 3.0, 3.0]","[-10.0, 69.0, 20.0, 16.0, 0.0, 62.0, 14.0, 13.0, 13.0, 120.0, 17.0, 13.0, 13.0, -40.0, 13.0, 14.0]"
1,1791640016.1859825,"[-10.985606999999987, 15.55747500000001, 9.756668999999988, 10.723469999999992, -0.08712299999999118, 15.996929999999992, 10.28401500000001, 10.371905999999996, 11.60238000000001, 16.17271199999999, 9.141432000000009, 10.108233000000013, -1.7570519999999874, 161.544426, 50.27441999999999, 36.12396899999999]","[-3.0, 9.0, 1.0, 3.0, 0.0, 5.0, 3.0, 1.0, 2.0, 15.0, 5.0, 1.0, 0.0, -6.0, 2.0, 2.0]","[-9.0, 61.0, 19.0, 16.0, 0.0, 57.0, 15.0, 13.0, 14.0, 54.0, 16.0, 13.0, 14.0, -36.0, 13.0, 14.0]"
1,1791640016.4092736,"[-12.12818999999999, 18.018423000000013, 10.811361000000005, 11.338707, -0.08712299999999118, 17.666858999999988, 10.635579000000007, 11.250816000000015, 12.657072, 18.018423000000013, 10.020342, 11.162925000000001, -1.7570519999999874, 159.61082399999998, 51.32911200000001, 37.178661000000005]","[-1.0, 1.0, 1.0, 4.0, 0.0, 8.0, 6.0, 1.0, 1.0, 6.0, 2.0, 2.0, 1.0, -1.0, 3.0, 2.0]","[-10.0, 59.0, 19.0, 16.0, 0.0, 58.0, 15.0, 14.0, 15.0, 61.0, 16.0, 13.0, 13.0, -35.0, 13.0, 14.0]"
1,1791640016.631957,"[-13.007100000000008, 20.215698000000003, 11.690270999999996, 12.657072, -0.08712299999999118, 20.039916000000005, 12.21761699999999, 12.393398999999988, 13.008635999999996, 18.106313999999998, 10.89925199999999, 12.129726000000005, -1.7570519999999874, 157.58933100000002, 52.29591300000001, 38.14546200000001]","[0.0, 6.0, 1.0, 3.0, 0.0, 3.0, 1.0, 1.0, 5.0, 0.0, 1.0, 1.0, 1.0, 0.0, 3.0, 1.0]","[-11.0, 51.0, 20.0, 15.0, 0.0, 53.0, 14.0, 13.0, 15.0, 88.0, 19.0, 12.0, 13.0, -35.0, 13.0, 14.0]"
1,1791640016.8578982,"[-14.237573999999995, 22.237190999999996, 12.832853999999998, 13.53598199999999, -0.08712299999999118, 21.00671700000001, 13.272309000000007, 13.53598199999999, 14.678564999999992, 22.061408999999998, 11.60238000000001, 13.184417999999994, -1.7570519999999874, 155.919402, 53.08693199999999, 39.375935999999996]","[0.0, 3.0, 4.0, 2.0, 0.0, 9.0, 3.0, 2.0, 1.0, 12.0, 6.0, 3.0, 1.0, -3.0, 1.0, 3.0]","[-10.0, 58.0, 19.0, 16.0, 0.0, 64.0, 14.0, 12.0, 13.0, 54.0, 19.0, 14.0, 14.0, -38.0, 14.0, 14.0]"
1,1791640017.0828547,"[-15.204374999999999, 23.819229000000007, 13.887546000000015, 13.711763999999988, -0.08712299999999118, 24.346575, 14.327000999999996, 14.414892000000009, 15.293802, 24.170793000000003, 13.096527000000009, 13.975437, -1.7570519999999874, 153.98579999999998, 54.22951499999999, 40.254846000000015]","[-1.0, 6.0, 2.0, 2.0, 0.0, 5.0, 4.0, 1.0, 5.0, 1.0, 1.0, 1.0, 1.0, -3.0, 4.0, 2.0]","[-10.0, 61.0, 19.0, 17.0, 0.0, 57.0, 13.0, 14.0, 14.0, 60.0, 17.0, 14.0, 13.0, -39.0, 14.0, 15.0]"
1,1791640017.3068101,"[-16.434848999999986, 26.543849999999992, 14.942238000000003, 15.55747500000001, -0.08712299999999118, 26.016503999999998, 15.381693000000013, 15.733257000000009, 16.87584000000001, 26.71963199999999, 14.063328000000013, 15.030128999999988, -1.7570519999999874, 151.788525, 55.196315999999996, 41.22164699999999]","[-2.0, 11.0, 2.0, 3.0, 0.0, 1.0, 2.0, 1.0, 2.0, 6.0, 2.0, 2.0, 1.0, -5.0, 3.0, 2.0]","[-9.0, 49.0, 19.0, 16.0, 0.0, 61.0, 14.0, 12.0, 14.0, 50.0, 16.0, 13.0, 13.0, -37.0, 14.0, 14.0]"
1,1791640017.5309384,"[-17.40164999999999, 28.653233999999998, 15.909039000000007, 16.524276000000015, -0.08712299999999118, 28.30167, 16.436385, 16.787948999999998, 17.578968000000003, 28.565343000000013, 15.118020000000001, 15.996929999999992, -1.8449430000000007, 150.733833, 56.338899, 42.27633900000001]","[-2.0, 1.0, 2.0, 3.0, 1.0, 2.0, 3.0, 1.0, 1.0, 1.0, 3.0, 1.0, 0.0, 0.0, 3.0, 2.0]","[-10.0, 53.0, 19.0, 16.0, 0.0, 56.0, 13.0, 13.0, 14.0, 55.0, 16.0, 14.0, 13.0, -49.0, 13.0, 14.0]"
1,1791640017.7537794,"[-18.632124000000005, 31.114182, 17.139512999999994, 17.403186000000005, -0.08712299999999118, 29.971598999999998, 17.49107699999999, 17.75475, 18.633659999999992, 28.565343000000013, 16.348493999999988, 17.139512999999994, -1.7570519999999874, 148.62444900000003, 57.3057, 43.24314000000001]","[-3.0, 7.0, 5.0, 3.0, 0.0, 2.0, 3.0, 3.0, 1.0, 1.0, 4.0, 3.0, 1.0, -2.0, 3.0, 3.0]","[-8.0, 47.0, 17.0, 17.0, 0.0, 58.0, 13.0, 12.0, 14.0, 81.0, 15.0, 13.0, 12.0, -43.0, 13.0, 16.0]"
1,1791640017.9760337,"[-19.686815999999993, 32.784110999999996, 18.018423000000013, 18.457877999999994, -0.08712299999999118, 32.344656000000015, 18.36998700000001, 18.545769000000007, 19.600460999999996, 32.959892999999994, 17.315294999999992, 18.19420500000001, -1.7570519999999874, 146.163501, 58.09671900000001, 44.209941000000015]","[-2.0, 5.0, 3.0, 3.0, 0.0, 11.0, 1.0, 2.0, 2.0, 14.0, 2.0, 6.0, 1.0, -4.0, 4.0, 2.0]","[-9.0, 52.0, 18.0, 16.0, 0.0, 53.0, 14.0, 13.0, 15.0, 46.0, 15.0, 12.0, 14.0, -41.0, 14.0, 15.0]"
1,1791640018.202719,"[-20.565726000000012, 35.15716800000001, 19.161006000000015, 19.51257000000001, 0.0007679999999936626, 34.45403999999999, 19.161006000000015, 19.68835200000001, 20.567262, 33.13567499999999, 18.545769000000007, 19.073115, -1.7570519999999874, 144.14200799999998, 59.41508400000001, 45.17674199999999]","[-2.0, 7.0, 1.0, 3.0, 0.0, 3.0, 2.0, 2.0, 3.0, 1.0, 2.0, 1.0, 1.0, -6.0, 4.0, 1.0]","[-9.0, 41.0, 18.0, 15.0, -3.0, 57.0, 14.0, 12.0, 14.0, 71.0, 15.0, 13.0, 13.0, -39.0, 12.0, 16.0]"
1,1791640018.425049,"[-21.7962, 37.09076999999999, 20.303588999999988, 20.39148, -0.08712299999999118, 36.82709700000001, 20.215698000000003, 20.655153000000013, 21.885627, 33.13567499999999, 19.424678999999998, 20.215698000000003, -1.7570519999999874, 141.68106, 60.20610300000001, 46.05565200000001]","[-2.0, 5.0, 4.0, 4.0, 1.0, 7.0, 1.0, 1.0, 2.0, 1.0, 4.0, 1.0, 1.0, -3.0, 3.0, 1.0]","[-9.0, 49.0, 18.0, 16.0, -10.0, 49.0, 15.0, 13.0, 14.0, 99.0, 14.0, 13.0, 13.0, -40.0, 15.0, 15.0]"
1,1791640018.6508293,"[-22.763001000000003, 39.28804500000001, 21.270389999999992, 21.709845, 0.0007679999999936626, 38.672808, 20.83093500000001, 21.709845, 22.412972999999994, 39.375935999999996, 20.655153000000013, 21.270389999999992, -1.7570519999999874, 139.92324000000002, 61.085013000000004, 47.19823500000001]","[-1.0, 6.0, 1.0, 4.0, 1.0, 6.0, 1.0, 3.0, 1.0, 7.0, 1.0, 3.0, 1.0, -4.0, 4.0, 1.0]","[-9.0, 44.0, 18.0, 16.0, -12.0, 51.0, 15.0, 12.0, 15.0, 42.0, 14.0, 13.0, 13.0, -42.0, 13.0, 15.0]"
1,1791640018.8746805,"[-23.905584000000005, 41.309538, 22.500864000000007, 22.588754999999992, 0.0007679999999936626, 40.95797400000001, 21.797736000000015, 22.76453699999999, 23.907119999999992, 41.836884, 21.621953999999988, 22.32508200000001, -1.7570519999999874, 137.72596500000003, 62.403378000000004, 48.165036000000015]","[0.0, 2.0, 3.0, 2.0, 1.0, 8.0, 1.0, 1.0, 4.0, 6.0, 3.0, 1.0, 1.0, -5.0, 3.0, 1.0]","[-9.0, 45.0, 17.0, 16.0, -12.0, 45.0, 16.0, 12.0, 13.0, 41.0, 14.0, 13.0, 13.0, -34.0, 13.0, 14.0]"
1,1791640019.0962107,"[-24.87238500000001, 43.155249, 23.379773999999998, 23.379773999999998, 0.0007679999999936626, 43.59470400000001, 22.588754999999992, 23.555555999999996, 24.873920999999996, 43.41892200000001, 22.76453699999999, 23.116101000000015, -1.7570519999999874, 135.79236300000002, 63.37017900000001, 49.13183699999999]","[-1.0, 12.0, 3.0, 5.0, 1.0, 5.0, 1.0, 1.0, 1.0, 3.0, 3.0, 3.0, 1.0, -2.0, 2.0, 1.0]","[-9.0, 39.0, 18.0, 18.0, -12.0, 44.0, 16.0, 13.0, 13.0, 44.0, 15.0, 13.0, 14.0, -39.0, 14.0, 15.0]"
1,1791640019.322574,"[-25.927076999999997, 46.143542999999994, 24.170793000000003, 24.698138999999998, 0.0007679999999936626, 45.87987000000001, 23.555555999999996, 24.78603000000001, 25.752831000000015, 46.31932499999999, 23.64344700000001, 24.346575, -1.7570519999999874, 133.24352399999998, 64.33698000000001, 50.098637999999994]","[-2.0, 3.0, 1.0, 4.0, 1.0, 8.0, 3.0, 1.0, 5.0, 6.0, 1.0, 4.0, 1.0, -6.0, 3.0, 3.0]","[0.0, 38.0, 18.0, 16.0, -12.0, 37.0, 16.0, 12.0, 14.0, 38.0, 16.0, 12.0, 13.0, -32.0, 13.0, 15.0]"
1,1791640019.5466094,"[-26.981768999999986, 48.165036000000015, 25.313376000000005, 25.577048999999988, 0.0007679999999936626, 47.901363, 24.873920999999996, 25.752831000000015, 26.983305, 47.98925399999999, 24.873920999999996, 25.66494, -1.7570519999999874, 131.39781299999999, 64.51276200000001, 51.065439]","[-2.0, 5.0, 1.0, 1.0, 1.0, 2.0, 4.0, 1.0, 1.0, 2.0, 1.0, 4.0, 1.0, 0.0, 2.0, 1.0]","[0.0, 33.0, 18.0, 16.0, -13.0, 43.0, 15.0, 11.0, 0.0, 41.0, 14.0, 11.0, 13.0, -35.0, 16.0, 15.0]"
1,1791640019.7687936,"[-27.94856999999999, 50.362311000000005, 26.28017700000001, 26.71963199999999, 0.0007679999999936626, 50.098637999999994, 25.840722, 26.895413999999988, 27.950106000000005, 50.889657, 26.016503999999998, 26.455959000000007, -1.7570519999999874, 128.76108299999999, 66.44636400000002, 52.208022]","[0.0, 1.0, 1.0, 3.0, 1.0, 5.0, 2.0, 3.0, 1.0, 7.0, 3.0, 2.0, 1.0, -4.0, 3.0, 2.0]","[0.0, 36.0, 18.0, 15.0, -12.0, 40.0, 15.0, 12.0, 0.0, 32.0, 14.0, 13.0, 13.0, -31.0, 14.0, 15.0]"
1,1791640019.9945865,"[-28.82748000000001, 52.64747700000001, 27.159087, 27.59854200000001, 0.0007679999999936626, 52.47169500000001, 27.071196000000015, 27.42276000000001, 29.092689000000007, 52.29591300000001, 26.895413999999988, 27.774324000000007, -1.7570519999999874, 127.17904500000003, 66.885819, 53.174823]","[0.0, 7.0, 1.0, 1.0, 0.0, 6.0, 3.0, 1.0, 1.0, 3.0, 1.0, 3.0, 1.0, 0.0, 6.0, 1.0]","[-9.0, 32.0, 18.0, 16.0, -11.0, 36.0, 15.0, 13.0, -9.0, 37.0, 14.0, 11.0, 14.0, -33.0, 13.0, 14.0]"
1,1791640020.2149687,"[-29.97006300000001, 55.28420700000001, 28.30167, 28.829015999999996, 0.0007679999999936626, 54.66897, 28.125888000000003, 28.565343000000013, 30.05949000000001, 54.756861000000015, 28.125888000000003, 28.74112500000001, -1.7570519999999874, 125.24544300000002, 68.555748, 54.14162400000001]","[-2.0, 3.0, 1.0, 1.0, 0.0, 6.0, 1.0, 2.0, 1.0, 10.0, 3.0, 1.0, 1.0, -3.0, 2.0, 2.0]","[-5.0, 29.0, 18.0, 16.0, -12.0, 35.0, 15.0, 12.0, 0.0, 31.0, 14.0, 11.0, 12.0, -33.0, 14.0, 15.0]"
1,1791640020.4418817,"[-30.936863999999986, 57.21780900000002, 29.180579999999992, 29.795817, 0.0007679999999936626, 56.954136000000005, 29.35636199999999, 29.795817, 31.114182, 56.42679000000001, 29.180579999999992, 29.883708000000013, -1.7570519999999874, 123.575514, 69.43465800000001, 55.196315999999996]","[0.0, 6.0, 1.0, 3.0, 1.0, 5.0, 3.0, 1.0, 1.0, 0.0, 4.0, 2.0, 1.0, 0.0, 1.0, 3.0]","[0.0, 33.0, 18.0, 15.0, -12.0, 30.0, 13.0, 12.0, -13.0, 36.0, 13.0, 11.0, 13.0, -36.0, 13.0, 14.0]"
1,1791640020.664691,"[-31.991556000000003, 59.327192999999994, 30.498944999999992, 30.9384, 0.0007679999999936626, 59.06352000000001, 30.586836000000005, 30.762618000000003, 32.080983, 56.42679000000001, 30.05949000000001, 30.850508999999988, -1.7570519999999874, 121.290348, 70.665132, 56.25100800000001]","[-2.0, 2.0, 3.0, 2.0, 0.0, 3.0, 3.0, 1.0, 1.0, 1.0, 4.0, 2.0, 1.0, -8.0, 4.0, 4.0]","[0.0, 30.0, 17.0, 15.0, -12.0, 29.0, 13.0, 13.0, 0.0, 58.0, 13.0, 11.0, 14.0, -31.0, 13.0, 14.0]"
1,1791640020.8887372,"[-32.95835700000001, 61.348686000000015, 31.37785500000001, 31.905201000000005, 0.0007679999999936626, 61.52446800000001, 31.641527999999994, 31.905201000000005, 33.04778400000001, 61.348686000000015, 31.114182, 31.905201000000005, -1.7570519999999874, 118.653618, 71.71982400000002, 57.21780900000002]","[0.0, 7.0, 1.0, 1.0, 0.0, 4.0, 1.0, 1.0, 1.0, 11.0, 4.0, 3.0, 1.0, -3.0, 2.0, 2.0]","[0.0, 28.0, 17.0, 15.0, -13.0, 27.0, 13.0, 12.0, -1.0, 27.0, 13.0, 11.0, 13.0, -32.0, 12.0, 15.0]"
1,1791640021.1106954,"[-34.013048999999995, 63.985416000000015, 32.608329, 32.87200200000001, 0.0007679999999936626, 63.897525, 32.69622000000001, 32.87200200000001, 34.102475999999996, 63.63385199999999, 32.432547, 32.69622000000001, -1.7570519999999874, 116.63212500000003, 72.86240699999999, 58.36039199999999]","[-1.0, 4.0, 4.0, 3.0, 1.0, 5.0, 3.0, 2.0, 1.0, 3.0, 4.0, 3.0, 1.0, -4.0, 2.0, 2.0]","[0.0, 23.0, 17.0, 16.0, -13.0, 23.0, 12.0, 12.0, -11.0, 28.0, 12.0, 12.0, 14.0, -29.0, 12.0, 13.0]"
1,1791640021.3370633,"[-35.06774100000001, 66.00690900000001, 33.663021000000015, 34.01458500000001, 0.0007679999999936626, 66.27058199999999, 33.926694, 34.01458500000001, 35.069277, 65.919018, 33.48723899999999, 33.663021000000015, -1.7570519999999874, 114.43484999999998, 73.91709900000001, 59.23930200000001]","[0.0, 7.0, 3.0, 3.0, 1.0, 5.0, 4.0, 5.0, 1.0, 5.0, 5.0, 3.0, 1.0, -1.0, 1.0, 2.0]","[0.0, 21.0, 17.0, 14.0, -12.0, 21.0, 11.0, 11.0, -5.0, 26.0, 12.0, 11.0, 13.0, -29.0, 12.0, 14.0]"
1,1791640021.5613458,"[-35.946651, 68.46785700000001, 34.717713, 35.069277, 0.0007679999999936626, 68.204184, 34.981386000000015, 34.893495, 36.12396899999999, 68.204184, 34.45403999999999, 34.717713, -1.7570519999999874, 112.325466, 74.971791, 60.38188500000001]","[-1.0, 3.0, 1.0, 4.0, 0.0, 4.0, 3.0, 2.0, 1.0, 8.0, 2.0, 1.0, 1.0, -4.0, 2.0, 3.0]","[-9.0, 23.0, 16.0, 15.0, -13.0, 22.0, 12.0, 11.0, -14.0, 23.0, 12.0, 11.0, 13.0, -29.0, 11.0, 14.0]"
1,1791640021.7864106,"[-37.00134299999999, 70.57724100000001, 35.860296000000005, 35.94818699999999, 0.08865900000000693, 70.48935, 36.21186, 35.94818699999999, 37.00287900000001, 70.40145900000002, 35.596622999999994, 35.245059, -1.7570519999999874, 110.0403, 76.114374, 61.348686000000015]","[-1.0, 7.0, 3.0, 3.0, 1.0, 1.0, 4.0, 1.0, 1.0, 2.0, 3.0, 3.0, 1.0, -3.0, 3.0, 1.0]","[1.0, 19.0, 15.0, 15.0, -12.0, 20.0, 11.0, 12.0, 0.0, 20.0, 11.0, 13.0, 13.0, -26.0, 11.0, 14.0]"
1,1791640022.010447,"[-37.968143999999995, 73.03818900000002, 37.09076999999999, 36.82709700000001, 0.0007679999999936626, 72.86240699999999, 37.354443, 37.00287900000001, 38.057570999999996, 72.59873400000001, 36.65131500000001, 36.65131500000001, -1.7570519999999874, 108.37037099999998, 77.16906599999999, 62.227596000000005]","[0.0, 2.0, 2.0, 1.0, 0.0, 5.0, 2.0, 1.0, 1.0, 4.0, 2.0, 2.0, 1.0, -1.0, 3.0, 1.0]","[-8.0, 18.0, 15.0, 15.0, -13.0, 17.0, 11.0, 11.0, 0.0, 20.0, 12.0, 12.0, 13.0, -27.0, 11.0, 14.0]"
1,1791640022.2320654,"[-38.847053999999986, 75.411246, 38.14546200000001, 37.96968000000001, 0.0007679999999936626, 75.05968200000001, 38.32124400000001, 37.96968000000001, 39.024372, 74.70811800000001, 37.881789, 37.44233399999999, -1.7570519999999874, 105.909423, 78.22375799999998, 63.37017900000001]","[0.0, 6.0, 3.0, 3.0, 0.0, 2.0, 1.0, 2.0, 1.0, 2.0, 3.0, 1.0, 1.0, -5.0, 1.0, 1.0]","[-9.0, 15.0, 15.0, 15.0, -13.0, 19.0, 11.0, 12.0, 0.0, 20.0, 10.0, 12.0, 13.0, -23.0, 11.0, 14.0]"
1,1791640022.4583735,"[-40.077528, 77.608521, 39.375935999999996, 38.76069899999999, -0.08712299999999118, 75.32335499999999, 38.497026000000005, 38.32124400000001, 40.07906399999999, 76.64172000000002, 38.84859, 38.58491699999999, -1.7570519999999874, 103.80003900000003, 79.27845000000002, 64.249089]","[-1.0, 4.0, 3.0, 2.0, 0.0, 1.0, 1.0, 1.0, 2.0, 7.0, 2.0, 1.0, 1.0, 0.0, 4.0, 1.0]","[0.0, 16.0, 15.0, 16.0, 0.0, 28.0, 13.0, 13.0, 2.0, 20.0, 10.0, 11.0, 13.0, -24.0, 10.0, 15.0]"
1,1791640022.6806529,"[-40.78065599999999, 79.80579599999999, 40.342737, 39.72749999999999, -0.08712299999999118, 75.32335499999999, 38.497026000000005, 38.76069899999999, 40.95797400000001, 79.102668, 39.991173, 39.63960900000001, -1.7570519999999874, 103.80003900000003, 80.245251, 65.30378100000001]","[-3.0, 5.0, 2.0, 3.0, 0.0, 0.0, 0.0, 1.0, 1.0, 1.0, 4.0, 1.0, 1.0, 0.0, 4.0, 2.0]","[-8.0, 14.0, 15.0, 15.0, 0.0, 27.0, 16.0, 16.0, 13.0, 19.0, 11.0, 12.0, 13.0, -25.0, 11.0, 14.0]"
1,1791640022.903842,"[-42.09902099999999, 82.178853, 41.48532, 40.694300999999996, -0.08712299999999118, 75.32335499999999, 39.11226300000001, 38.76069899999999, 41.661102, 81.29994299999998, 41.04586499999999, 40.78219200000001, -1.7570519999999874, 103.80003900000003, 81.21205200000003, 66.358473]","[0.0, 5.0, 2.0, 1.0, 0.0, 0.0, 1.0, 1.0, 1.0, 7.0, 4.0, 1.0, 0.0, 0.0, 3.0, 2.0]","[4.0, 14.0, 15.0, 16.0, 0.0, 27.0, 18.0, 17.0, 14.0, 17.0, 10.0, 12.0, 13.0, -24.0, 11.0, 14.0]"
1,1791640023.1293278,"[-43.065822, 84.28823699999998, 42.627903, 41.661102, -0.08712299999999118, 75.32335499999999, 39.46382700000001, 39.551717999999994, 43.06735800000001, 83.76089100000002, 42.10055700000001, 41.661102, -1.7570519999999874, 103.80003900000003, 82.26674400000002, 67.237383]","[0.0, 5.0, 3.0, 3.0, 0.0, 0.0, 1.0, 1.0, 1.0, 4.0, 1.0, 1.0, 1.0, 0.0, 3.0, 1.0]","[0.0, 13.0, 14.0, 16.0, 0.0, 28.0, 23.0, 19.0, 0.0, 16.0, 9.0, 12.0, 14.0, -25.0, 12.0, 14.0]"
1,1791640023.352131,"[-44.032623, 86.661294, 43.506812999999994, 42.803685, -0.08712299999999118, 75.32335499999999, 39.551717999999994, 40.254846000000015, 44.03415899999999, 85.78238399999998, 43.24314000000001, 42.803685, -1.7570519999999874, 103.80003900000003, 83.14565399999998, 68.379966]","[0.0, 5.0, 1.0, 3.0, 0.0, 1.0, 1.0, 0.0, 1.0, 5.0, 3.0, 2.0, 0.0, 0.0, 1.0, 3.0]","[0.0, 13.0, 15.0, 15.0, 3.0, 28.0, 29.0, 22.0, 0.0, 15.0, 10.0, 11.0, 13.0, -24.0, 12.0, 14.0]"
1,1791640023.5782843,"[-45.08731499999999, 88.594896, 44.649395999999996, 43.68259499999999, -0.08712299999999118, 74.88390000000001, 39.375935999999996, 40.166955, 45.00095999999999, 88.155441, 44.38572300000001, 43.85837699999999, -1.7570519999999874, 103.80003900000003, 83.58510899999999, 68.819421]","[0.0, 5.0, 3.0, 3.0, 1.0, 0.0, 0.0, 1.0, 1.0, 4.0, 3.0, 2.0, 0.0, 0.0, 1.0, 0.0]","[0.0, 12.0, 14.0, 16.0, 0.0, 11.0, 9.0, 8.0, -14.0, 14.0, 10.0, 11.0, 13.0, -25.0, 13.0, 15.0]"
1,1791640023.801939,"[-46.05411599999999, 88.77067799999998, 45.528306000000015, 45.088851000000005, -0.08712299999999118, 74.88390000000001, 39.375935999999996, 40.166955, 46.05565200000001, 88.33122300000002, 45.264633, 45.088851000000005, -1.7570519999999874, 103.80003900000003, 83.58510899999999, 68.995203]","[0.0, 1.0, 1.0, 5.0, 1.0, 1.0, 0.0, 0.0, 1.0, 1.0, 2.0, 2.0, 0.0, 0.0, 0.0, 1.0]","[0.0, 12.0, 14.0, 14.0, 0.0, 11.0, 9.0, 9.0, -14.0, 14.0, 10.0, 11.0, 14.0, -24.0, 17.0, 18.0]"
1,1791640024.0236838,"[-47.020917, 88.94646, 46.49510699999999, 45.87987000000001, -0.08712299999999118, 74.88390000000001, 39.375935999999996, 40.166955, 47.02245300000001, 88.33122300000002, 46.143542999999994, 46.05565200000001, -1.7570519999999874, 103.80003900000003, 83.58510899999999, 69.346767]","[0.0, 1.0, 2.0, 2.0, 1.0, 0.0, 0.0, 1.0, 1.0, 1.0, 1.0, 3.0, 0.0, 0.0, 0.0, 1.0]","[0.0, 12.0, 13.0, 15.0, 0.0, 10.0, 9.0, 7.0, -14.0, 14.0, 10.0, 10.0, 13.0, -25.0, 21.0, 21.0]"
1,1791640024.2502718,"[-47.72404499999999, 88.94646, 47.54979900000001, 47.19823500000001, -0.08712299999999118, 74.88390000000001, 39.375935999999996, 40.166955, 48.077145, 88.33122300000002, 47.37401700000001, 47.110344, -1.8449430000000007, 103.88792999999998, 83.58510899999999, 69.346767]","[-1.0, 1.0, 1.0, 1.0, 1.0, 1.0, 0.0, 1.0, 0.0, 1.0, 3.0, 2.0, 0.0, 1.0, 0.0, 1.0]","[-9.0, 12.0, 14.0, 15.0, 0.0, 10.0, 9.0, 10.0, -11.0, 13.0, 10.0, 11.0, 9.0, 0.0, 11.0, 13.0]"
1,1791640024.4736228,"[-49.04240999999999, 88.94646, 48.428709, 48.165036000000015, -0.08712299999999118, 74.88390000000001, 39.375935999999996, 40.166955, 49.043946000000005, 88.33122300000002, 48.165036000000015, 48.165036000000015, -1.8449430000000007, 103.88792999999998, 83.58510899999999, 69.346767]","[-2.0, 1.0, 1.0, 2.0, 1.0, 1.0, 0.0, 0.0, 1.0, 1.0, 1.0, 4.0, 0.0, 1.0, 0.0, 1.0]","[0.0, 12.0, 15.0, 15.0, 0.0, 10.0, 10.0, 10.0, -14.0, 14.0, 9.0, 10.0, 9.0, 0.0, 11.0, 13.0]"
1,1791640024.695173,"[-49.833428999999995, 88.94646, 49.39551, 49.219728, -0.08712299999999118, 74.88390000000001, 39.375935999999996, 40.166955, 50.01074700000001, 88.33122300000002, 49.219728, 49.043946000000005, -1.8449430000000007, 103.88792999999998, 83.58510899999999, 69.346767]","[0.0, 1.0, 1.0, 3.0, 0.0, 1.0, 0.0, 0.0, 1.0, 1.0, 4.0, 2.0, 0.0, 1.0, 0.0, 1.0]","[-8.0, 11.0, 15.0, 14.0, 0.0, 10.0, 10.0, 9.0, -14.0, 14.0, 9.0, 11.0, 9.0, 0.0, 11.0, 13.0]"
1,1791640024.9221072,"[-50.80023, 88.94646, 50.45020199999999, 50.45020199999999, -0.08712299999999118, 74.88390000000001, 39.375935999999996, 40.166955, 51.15333000000001, 88.33122300000002, 50.27441999999999, 50.098637999999994, -1.8449430000000007, 103.88792999999998, 83.58510899999999, 69.346767]","[0.0, 0.0, 3.0, 3.0, 0.0, 0.0, 0.0, 1.0, 1.0, 1.0, 2.0, 3.0, 0.0, 1.0, 0.0, 1.0]","[-9.0, 12.0, 15.0, 14.0, 0.0, 10.0, 9.0, 6.0, -14.0, 13.0, 10.0, 11.0, 10.0, 0.0, 11.0, 12.0]"
1,1791640025.1457832,"[-51.767031, 88.94646, 51.417002999999994, 51.32911200000001, -0.08712299999999118, 74.796009, 39.375935999999996, 40.166955, 52.03224, 88.33122300000002, 51.15333000000001, 50.97754800000001, -1.8449430000000007, 103.88792999999998, 83.58510899999999, 69.346767]","[0.0, 1.0, 3.0, 3.0, 0.0, 0.0, 0.0, 1.0, 0.0, 1.0, 1.0, 3.0, 0.0, 1.0, 0.0, 1.0]","[-10.0, 13.0, 15.0, 14.0, 3.0, 11.0, 10.0, 11.0, 0.0, 14.0, 9.0, 11.0, 8.0, 0.0, 11.0, 13.0]"
1,1791640025.3683422,"[-52.73383199999999, 88.94646, 52.208022, 52.29591300000001, -0.08712299999999118, 74.88390000000001, 39.375935999999996, 40.166955, 53.174823, 88.33122300000002, 52.29591300000001, 51.94434900000002, -1.8449430000000007, 103.88792999999998, 83.58510899999999, 69.346767]","[-2.0, 0.0, 1.0, 1.0, 1.0, 1.0, 0.0, 0.0, 1.0, 1.0, 3.0, 1.0, 0.0, 1.0, 0.0, 1.0]","[-9.0, 12.0, 16.0, 15.0, 0.0, 11.0, 10.0, 10.0, -5.0, 14.0, 10.0, 10.0, 11.0, 0.0, 11.0, 12.0]"
1,1791640025.5932503,"[-53.876414999999994, 88.94646, 52.999041000000005, 53.350605, -0.08712299999999118, 74.796009, 39.375935999999996, 40.166955, 54.053732999999994, 88.33122300000002, 53.174823, 52.999041000000005, -1.8449430000000007, 103.88792999999998, 83.58510899999999, 69.346767]","[-2.0, 0.0, 3.0, 3.0, 0.0, 0.0, 0.0, 0.0, 1.0, 1.0, 1.0, 3.0, 0.0, 1.0, 0.0, 0.0]","[-9.0, 12.0, 16.0, 14.0, 3.0, 11.0, 9.0, 10.0, 0.0, 14.0, 11.0, 10.0, 8.0, 0.0, 10.0, 13.0]"
1,1791640025.815169,"[-54.491652, 88.94646, 53.438496000000015, 54.22951499999999, -0.08712299999999118, 74.88390000000001, 39.375935999999996, 40.166955, 55.10842500000001, 88.33122300000002, 54.14162400000001, 53.79006000000001, -1.8449430000000007, 103.88792999999998, 83.58510899999999, 69.346767]","[0.0, 0.0, 1.0, 2.0, 1.0, 0.0, 0.0, 0.0, 1.0, 1.0, 3.0, 1.0, 0.0, 1.0, 0.0, 0.0]","[-9.0, 11.0, 17.0, 15.0, 0.0, 10.0, 9.0, 10.0, -12.0, 13.0, 10.0, 11.0, 9.0, 0.0, 11.0, 14.0]"
1,1791640026.0400531,"[-55.546344000000005, 88.85856899999999, 54.317406000000005, 55.020534, -0.08712299999999118, 74.88390000000001, 39.375935999999996, 40.166955, 56.163117, 88.33122300000002, 55.10842500000001, 54.93264300000001, -1.8449430000000007, 103.88792999999998, 83.58510899999999, 69.43465800000001]","[-1.0, 0.0, 1.0, 4.0, 1.0, 0.0, 0.0, 0.0, 1.0, 1.0, 2.0, 2.0, 0.0, 1.0, 0.0, 1.0]","[-9.0, 12.0, 18.0, 14.0, 0.0, 11.0, 10.0, 10.0, -14.0, 14.0, 10.0, 11.0, 9.0, 0.0, 11.0, 8.0]"
1,1791640026.2635484,"[-56.425253999999995, 88.85856899999999, 55.10842500000001, 55.987335, -0.08712299999999118, 74.88390000000001, 39.375935999999996, 40.166955, 56.954136000000005, 88.33122300000002, 56.075226000000015, 55.89944400000002, -1.8449430000000007, 103.88792999999998, 83.58510899999999, 69.346767]","[1.0, 0.0, 1.0, 1.0, 1.0, 0.0, 0.0, 0.0, 1.0, 1.0, 2.0, 1.0, 0.0, 1.0, 0.0, 0.0]","[-9.0, 13.0, 18.0, 15.0, 0.0, 10.0, 10.0, 8.0, 0.0, 13.0, 10.0, 11.0, 8.0, 0.0, 11.0, 13.0]"
1,1791640026.487229,"[-57.040491, 88.77067799999998, 56.25100800000001, 57.129918, -0.08712299999999118, 74.88390000000001, 39.375935999999996, 40.166955, 57.92093700000001, 88.33122300000002, 56.86624499999999, 56.77835400000001, -1.8449430000000007, 103.88792999999998, 83.58510899999999, 69.346767]","[0.0, 0.0, 3.0, 3.0, 1.0, 1.0, 0.0, 1.0, 1.0, 1.0, 1.0, 1.0, 0.0, 1.0, 1.0, 1.0]","[-10.0, 13.0, 17.0, 14.0, 0.0, 11.0, 10.0, 7.0, 0.0, 14.0, 11.0, 11.0, 9.0, 0.0, 10.0, 8.0]"
1,1791640026.711263,"[-58.534638, 88.77067799999998, 57.21780900000002, 58.09671900000001, -0.08712299999999118, 74.88390000000001, 39.375935999999996, 40.166955, 58.975629, 88.41911399999998, 57.21780900000002, 57.393591000000015, -1.8449430000000007, 103.88792999999998, 83.58510899999999, 69.43465800000001]","[-3.0, 0.0, 1.0, 2.0, 0.0, 0.0, 0.0, 0.0, 1.0, 0.0, -1.0, 1.0, 0.0, 1.0, 0.0, 1.0]","[-9.0, 14.0, 18.0, 15.0, 0.0, 11.0, 10.0, 10.0, 0.0, 14.0, 13.0, 13.0, 9.0, 0.0, 11.0, 7.0]"
1,1791640026.9349027,"[-59.061983999999995, 88.77067799999998, 58.008827999999994, 59.151410999999996, -0.08712299999999118, 74.88390000000001, 39.375935999999996, 40.166955, 60.030321000000015, 88.41911399999998, 57.657264, 57.92093700000001, -1.8449430000000007, 103.88792999999998, 83.58510899999999, 69.346767]","[0.0, 0.0, 2.0, 2.0, 1.0, 0.0, 0.0, 1.0, 1.0, 1.0, 1.0, 1.0, 0.0, 1.0, 0.0, 1.0]","[-11.0, 14.0, 18.0, 15.0, 0.0, 11.0, 10.0, 6.0, -11.0, 13.0, 16.0, 14.0, 8.0, 0.0, 11.0, 12.0]"
1,1791640027.1619787,"[-60.292457999999996, 88.77067799999998, 59.766648, 59.327192999999994, -0.08712299999999118, 74.88390000000001, 39.375935999999996, 40.166955, 61.085013000000004, 88.94646, 58.53617400000002, 57.92093700000001, -1.8449430000000007, 103.88792999999998, 83.58510899999999, 69.346767]","[-2.0, 0.0, 6.0, 1.0, 0.0, 1.0, 0.0, 0.0, 0.0, 2.0, 3.0, 1.0, 0.0, 1.0, 1.0, 0.0]","[-9.0, 14.0, 16.0, 14.0, 0.0, 11.0, 10.0, 10.0, -13.0, 12.0, 15.0, 14.0, 9.0, 0.0, 10.0, 6.0]"
1,1791640027.3859487,"[-61.610822999999996, 88.85856899999999, 61.612359, 59.41508400000001, -0.08712299999999118, 74.796009, 39.375935999999996, 40.166955, 62.05181400000001, 88.94646, 59.23930200000001, 57.92093700000001, -1.8449430000000007, 103.88792999999998, 83.58510899999999, 69.43465800000001]","[-1.0, 2.0, 4.0, 1.0, 1.0, 0.0, 0.0, 0.0, 1.0, 1.0, 1.0, 0.0, 1.0, 1.0, 0.0, 1.0]","[-9.0, 13.0, 14.0, 14.0, 0.0, 10.0, 11.0, 11.0, -14.0, 12.0, 16.0, 14.0, 8.0, 0.0, 11.0, 0.0]"
1,1791640027.6101177,"[-62.577624, 88.94646, 62.754942, 59.327192999999994, -0.08712299999999118, 74.796009, 39.375935999999996, 40.166955, 62.930724, 89.56169699999998, 60.38188500000001, 57.92093700000001, -1.9328339999999855, 103.88792999999998, 83.58510899999999, 69.346767]","[0.0, 1.0, 2.0, 0.0, 0.0, 1.0, 0.0, 0.0, 0.0, 1.0, 1.0, 0.0, 0.0, 1.0, 0.0, 1.0]","[-10.0, 12.0, 13.0, 14.0, 0.0, 11.0, 9.0, 9.0, 0.0, 11.0, 16.0, 14.0, 9.0, 0.0, 11.0, 5.0]"
1,1791640027.8324277,"[-63.720207, 88.94646, 63.80963400000002, 59.327192999999994, -0.08712299999999118, 74.796009, 39.375935999999996, 40.166955, 63.985416000000015, 89.56169699999998, 60.82133999999999, 57.92093700000001, -1.8449430000000007, 103.88792999999998, 83.58510899999999, 69.43465800000001]","[0.0, 1.0, 3.0, 1.0, 0.0, 1.0, 0.0, 1.0, 1.0, 1.0, 1.0, 0.0, 0.0, 1.0, 0.0, 1.0]","[-8.0, 12.0, 14.0, 14.0, 0.0, 11.0, 9.0, 6.0, 0.0, 10.0, 20.0, 14.0, 8.0, 0.0, 11.0, 0.0]"
1,1791640028.0553992,"[-64.86279, 89.03435100000002, 64.600653, 59.327192999999994, -0.08712299999999118, 74.88390000000001, 39.375935999999996, 40.166955, 65.040108, 89.73747900000001, 61.612359, 57.92093700000001, -1.8449430000000007, 103.88792999999998, 83.58510899999999, 69.346767]","[0.0, 1.0, 1.0, 0.0, 1.0, 1.0, 0.0, 0.0, 1.0, 3.0, 7.0, 0.0, 0.0, 1.0, 0.0, 1.0]","[-9.0, 12.0, 14.0, 16.0, 0.0, 11.0, 10.0, 10.0, -13.0, 10.0, 17.0, 13.0, 8.0, 0.0, 11.0, 0.0]"
1,1791640028.2808855,"[-65.478027, 89.03435100000002, 65.47956300000001, 59.327192999999994, -0.17501400000000444, 74.796009, 39.375935999999996, 40.166955, 65.919018, 90.00115199999999, 62.667051000000015, 57.92093700000001, -1.8449430000000007, 103.88792999999998, 83.58510899999999, 69.346767]","[1.0, 1.0, 1.0, 1.0, 0.0, 0.0, 0.0, 1.0, 1.0, 1.0, 2.0, 0.0, 1.0, 1.0, 0.0, 0.0]","[-9.0, 12.0, 14.0, 14.0, 1.0, 10.0, 10.0, 9.0, 0.0, -10.0, 20.0, 14.0, 8.0, 0.0, 11.0, 3.0]"
1,1791640028.5058517,"[-66.62061, 89.03435100000002, 66.710037, 59.327192999999994, -0.08712299999999118, 74.796009, 39.375935999999996, 40.166955, 67.061601, 90.00115199999999, 63.19439700000001, 57.92093700000001, -1.9328339999999855, 103.88792999999998, 83.58510899999999, 69.43465800000001]","[-1.0, 1.0, 3.0, 0.0, 1.0, 1.0, 0.0, 1.0, 1.0, 1.0, 1.0, 0.0, -1.0, 1.0, 0.0, 0.0]","[-9.0, 11.0, 14.0, 14.0, 0.0, 10.0, 10.0, 9.0, -10.0, -11.0, 21.0, 14.0, 8.0, 0.0, 11.0, 0.0]"
1,1791640028.7258914,"[-67.49952, 89.03435100000002, 67.58894699999999, 59.327192999999994, -0.08712299999999118, 74.796009, 39.375935999999996, 40.166955, 67.94051100000001, 90.00115199999999, 63.37017900000001, 57.92093700000001, -1.8449430000000007, 103.88792999999998, 83.58510899999999, 69.43465800000001]","[0.0, 1.0, 2.0, 1.0, 1.0, 0.0, 0.0, 0.0, 1.0, 1.0, 0.0, 0.0, 0.0, 1.0, 0.0, 1.0]","[-9.0, 11.0, 14.0, 15.0, 0.0, 10.0, 10.0, 10.0, 0.0, -11.0, 27.0, 14.0, 8.0, 0.0, 10.0, 4.0]"
1,1791640028.9522555,"[-68.37843, 89.03435100000002, 68.64363900000001, 59.327192999999994, -0.17501400000000444, 74.796009, 39.375935999999996, 40.166955, 68.995203, 90.00115199999999, 63.985416000000015, 57.92093700000001, -1.9328339999999855, 103.88792999999998, 83.58510899999999, 69.43465800000001]","[0.0, 1.0, 2.0, 1.0, 0.0, 1.0, 0.0, 0.0, 1.0, 1.0, 1.0, 0.0, 0.0, 1.0, 0.0, 0.0]","[-9.0, 12.0, 14.0, 14.0, 3.0, 10.0, 10.0, 9.0, 0.0, -10.0, 30.0, 14.0, 9.0, 0.0, 11.0, 5.0]"
1,1791640029.1780777,"[-69.433122, 89.298024, 69.522549, 59.327192999999994, -0.17501400000000444, 74.796009, 39.375935999999996, 40.166955, 69.96200400000001, 90.00115199999999, 64.073307, 57.92093700000001, -1.8449430000000007, 103.88792999999998, 83.58510899999999, 69.43465800000001]","[-1.0, 1.0, 1.0, 0.0, 0.0, 1.0, 0.0, 0.0, 1.0, 1.0, 1.0, 0.0, 0.0, 1.0, 0.0, 0.0]","[-9.0, 11.0, 14.0, 15.0, 5.0, 10.0, 9.0, 10.0, 0.0, -10.0, 36.0, 15.0, 8.0, 0.0, 11.0, 7.0]"
1,1791640029.3999617,"[-70.224141, 89.298024, 70.40145900000002, 59.327192999999994, -0.08712299999999118, 74.796009, 39.375935999999996, 40.166955, 69.96200400000001, 90.00115199999999, 63.985416000000015, 57.833045999999996, -1.9328339999999855, 103.88792999999998, 83.58510899999999, 69.346767]","[0.0, 1.0, 1.0, 0.0, 1.0, 1.0, 0.0, 0.0, 1.0, 1.0, 0.0, 1.0, 1.0, 1.0, 0.0, 1.0]","[-9.0, 10.0, 15.0, 14.0, 1.0, 10.0, 9.0, 9.0, 0.0, 0.0, 9.0, 9.0, 8.0, 0.0, 11.0, 7.0]"
1,1791640029.6218803,"[-71.103051, 89.298024, 71.36825999999999, 59.327192999999994, -0.17501400000000444, 74.796009, 39.375935999999996, 40.166955, 69.96200400000001, 90.00115199999999, 63.985416000000015, 57.833045999999996, -1.8449430000000007, 103.88792999999998, 83.58510899999999, 69.43465800000001]","[0.0, 1.0, 2.0, 0.0, 0.0, 0.0, 0.0, 0.0, 1.0, 1.0, 0.0, 1.0, 1.0, 1.0, 0.0, 1.0]","[-10.0, 11.0, 15.0, 14.0, 6.0, 11.0, 10.0, 10.0, 0.0, 0.0, 9.0, 9.0, 8.0, 0.0, 10.0, 0.0]"
1,1791640029.848002,"[-72.157743, 89.298024, 72.07138800000001, 59.327192999999994, -0.08712299999999118, 74.796009, 39.375935999999996, 40.166955, 69.96200400000001, 90.00115199999999, 63.985416000000015, 57.833045999999996, -1.8449430000000007, 103.88792999999998, 83.58510899999999, 69.43465800000001]","[0.0, 1.0, 1.0, 0.0, 1.0, 0.0, 0.0, 0.0, 1.0, 1.0, 0.0, 0.0, 1.0, 1.0, 0.0, 0.0]","[-10.0, 11.0, 15.0, 14.0, 0.0, 11.0, 10.0, 10.0, 0.0, 0.0, 9.0, 10.0, 9.0, 0.0, 11.0, 1.0]"
1,1791640030.073761,"[-73.212435, 89.298024, 73.03818900000002, 59.327192999999994, -0.08712299999999118, 74.796009, 39.375935999999996, 40.166955, 69.96200400000001, 90.00115199999999, 63.985416000000015, 57.833045999999996, -1.9328339999999855, 103.88792999999998, 83.58510899999999, 69.43465800000001]","[0.0, 1.0, 2.0, 0.0, 1.0, 1.0, 0.0, 0.0, 0.0, 1.0, 0.0, 1.0, 1.0, 1.0, 0.0, 0.0]","[-10.0, 11.0, 16.0, 14.0, 0.0, 11.0, 10.0, 9.0, 0.0, 0.0, 9.0, 8.0, 8.0, 0.0, 11.0, 4.0]"
1,1791640030.2977061,"[-73.563999, 89.298024, 74.00498999999999, 59.327192999999994, -0.17501400000000444, 74.796009, 39.375935999999996, 40.166955, 69.96200400000001, 90.00115199999999, 63.985416000000015, 57.833045999999996, -1.8449430000000007, 103.88792999999998, 83.58510899999999, 69.43465800000001]","[0.0, 1.0, 3.0, 0.0, 0.0, 0.0, 0.0, 0.0, 0.0, 1.0, 0.0, 1.0, 0.0, 1.0, 0.0, 0.0]","[-12.0, 11.0, 16.0, 14.0, 3.0, 11.0, 10.0, 10.0, 0.0, 0.0, 9.0, 7.0, 8.0, 0.0, 10.0, 1.0]"
1,1791640030.5212612,"[-73.563999, 89.298024, 74.444445, 59.327192999999994, -0.08712299999999118, 74.796009, 39.375935999999996, 40.166955, 69.96200400000001, 90.00115199999999, 63.985416000000015, 57.833045999999996, -1.8449430000000007, 103.88792999999998, 83.58510899999999, 69.43465800000001]","[0.0, 1.0, 1.0, 0.0, 1.0, 1.0, 0.0, 0.0, 0.0, 1.0, 0.0, 0.0, 0.0, 1.0, 0.0, 1.0]","[-12.0, 10.0, 17.0, 14.0, 0.0, 10.0, 10.0, 9.0, 0.0, 0.0, 9.0, 8.0, 8.0, 0.0, 11.0, 0.0]"
1,1791640030.7421496,"[-73.563999, 89.38591500000001, 74.796009, 59.327192999999994, -0.08712299999999118, 74.796009, 39.375935999999996, 40.166955, 69.96200400000001, 90.00115199999999, 63.985416000000015, 57.833045999999996, -1.8449430000000007, 103.88792999999998, 83.58510899999999, 69.43465800000001]","[1.0, 1.0, 1.0, 0.0, 1.0, 0.0, 0.0, 0.0, 0.0, 1.0, 0.0, 1.0, 1.0, 1.0, 1.0, 0.0]","[-11.0, 11.0, 20.0, 15.0, 0.0, 10.0, 9.0, 10.0, 0.0, 0.0, 9.0, 7.0, 8.0, 0.0, 10.0, 0.0]"
1,1791640030.9689152,"[-73.739781, 89.82537000000002, 75.411246, 59.327192999999994, -0.08712299999999118, 74.796009, 39.375935999999996, 40.166955, 69.96200400000001, 90.00115199999999, 63.985416000000015, 57.833045999999996, -1.8449430000000007, 103.88792999999998, 83.58510899999999, 69.43465800000001]","[0.0, 1.0, 1.0, 0.0, 0.0, 0.0, 0.0, 0.0, 0.0, 1.0, 0.0, 0.0, 0.0, 1.0, 0.0, 0.0]","[-11.0, 10.0, 22.0, 14.0, 6.0, 10.0, 10.0, 9.0, 0.0, 0.0, 9.0, 9.0, 9.0, 0.0, 11.0, 7.0]"
1,1791640031.193596,"[-73.739781, 89.91326099999998, 75.938592, 59.23930200000001, -0.08712299999999118, 74.796009, 39.375935999999996, 40.166955, 69.96200400000001, 90.00115199999999, 63.985416000000015, 57.833045999999996, -1.9328339999999855, 103.88792999999998, 83.58510899999999, 69.43465800000001]","[0.0, 1.0, 1.0, 0.0, 1.0, 1.0, 0.0, 0.0, 0.0, 1.0, 0.0, 1.0, 0.0, 1.0, 0.0, 1.0]","[-12.0, 0.0, 25.0, 15.0, 0.0, 10.0, 10.0, 9.0, 0.0, 0.0, 9.0, 9.0, 8.0, 0.0, 11.0, 4.0]"
1,1791640031.4141486,"[-73.739781, 89.91326099999998, 76.37804699999998, 59.23930200000001, -0.08712299999999118, 74.796009, 39.375935999999996, 40.166955, 70.04989499999999, 90.00115199999999, 63.985416000000015, 57.833045999999996, -1.8449430000000007, 103.88792999999998, 83.58510899999999, 69.346767]","[0.0, 0.0, 1.0, 0.0, 0.0, 1.0, 0.0, 1.0, 1.0, 1.0, 0.0, 0.0, 0.0, 1.0, 0.0, 0.0]","[-12.0, 0.0, 28.0, 15.0, 2.0, 11.0, 10.0, 10.0, -2.0, 0.0, 9.0, 8.0, 8.0, 0.0, 10.0, 11.0]"
1,1791640031.6400547,"[-73.739781, 90.00115199999999, 76.72961099999998, 59.23930200000001, -0.08712299999999118, 74.796009, 39.375935999999996, 40.166955, 69.96200400000001, 90.00115199999999, 63.985416000000015, 57.833045999999996, -1.8449430000000007, 103.88792999999998, 83.58510899999999, 69.346767]","[0.0, 1.0, 1.0, 0.0, 1.0, 0.0, 0.0, 0.0, 0.0, 1.0, 0.0, 1.0, 1.0, 1.0, 0.0, 0.0]","[-12.0, -10.0, 32.0, 14.0, 0.0, 11.0, 9.0, 10.0, 0.0, 0.0, 8.0, 9.0, 8.0, 0.0, 12.0, 4.0]"
1,1791640031.8651638,"[-73.739781, 90.00115199999999, 76.72961099999998, 59.23930200000001, -0.08712299999999118, 74.796009, 39.375935999999996, 40.166955, 69.96200400000001, 90.00115199999999, 63.985416000000015, 57.833045999999996, -1.8449430000000007, 103.88792999999998, 83.58510899999999, 69.43465800000001]","[0.0, 1.0, 1.0, 0.0, 1.0, 0.0, 0.0, 0.0, 0.0, 1.0, 0.0, 0.0, 0.0, 1.0, 0.0, 2.0]","[-12.0, -11.0, 38.0, 15.0, 0.0, 11.0, 9.0, 10.0, -1.0, 0.0, 9.0, 8.0, 9.0, 0.0, 10.0, 0.0]"
1,1791640032.0881448,"[-73.739781, 90.089043, 76.55382900000001, 59.151410999999996, -0.08712299999999118, 74.796009, 39.375935999999996, 40.166955, 69.96200400000001, 90.00115199999999, 63.985416000000015, 57.833045999999996, -1.9328339999999855, 103.88792999999998, 83.58510899999999, 69.43465800000001]","[0.0, 1.0, 0.0, 1.0, 1.0, 1.0, 0.0, 0.0, 0.0, 1.0, 0.0, 1.0, 1.0, 1.0, 0.0, 1.0]","[0.0, 0.0, 14.0, 8.0, 0.0, 11.0, 10.0, 11.0, 0.0, 0.0, 9.0, 5.0, 9.0, 0.0, 11.0, 0.0]"
2,1791640034.1036606,"[0.0007679999999936626, -4.92112800000001, -1.3175970000000063, -0.17501400000000444, -0.08712299999999118, -5.272692000000006, 0.0007679999999936626, -0.2629049999999893, 0.08865900000000693, -5.360582999999991, -1.053923999999995, 0.17654999999999177, -1.3175970000000063, 178.243716, 39.991173, 25.66494]","[0.0, 0.0, 0.0, 0.0, 0.0, 1.0, 1.0, 1.0, 1.0, 1.0, 0.0, 0.0, 1.0, 1.0, 0.0, 1.0]","[-9.0, 32.0, 17.0, 14.0, 0.0, 35.0, -9.0, 10.0, -14.0, 36.0, 11.0, -9.0, 11.0, 15.0, 0.0, -15.0]"
2,1791640034.3284266,"[0.0007679999999936626, -5.009018999999995, -0.8781419999999969, 0.08865900000000693, -0.08712299999999118, -4.92112800000001, 0.6160050000000012, -0.08712299999999118, 0.0007679999999936626, -5.360582999999991, -1.053923999999995, 0.3523319999999899, -1.3175970000000063, 177.98004300000002, 40.07906399999999, 25.752831000000015]","[0.0, 1.0, 1.0, 1.0, 0.0, 1.0, 1.0, 1.0, 0.0, 0.0, 1.0, 1.0, 1.0, 0.0, 1.0, 1.0]","[-8.0, 39.0, 18.0, 14.0, 0.0, 48.0, 10.0, 12.0, -14.0, 46.0, 12.0, 11.0, 15.0, -13.0, 11.0, 13.0]"
2,1791640034.5499673,"[0.0007679999999936626, -4.833236999999997, -0.08712299999999118, 0.44022300000000314, -0.08712299999999118, -3.7785450000000083, 1.2312420000000088, 0.08865900000000693, 0.08865900000000693, -5.360582999999991, -0.6144689999999855, 0.44022300000000314, -1.3175970000000063, 177.62847900000003, 40.07906399999999, 26.368067999999994]","[0.0, 1.0, 2.0, 1.0, 0.0, 1.0, 3.0, 1.0, 1.0, 1.0, 1.0, 1.0, 1.0, 0.0, 1.0, 2.0]","[-8.0, 48.0, 19.0, 17.0, 0.0, 57.0, 11.0, 14.0, -14.0, 56.0, 16.0, 12.0, 20.0, -25.0, 15.0, 14.0]"
2,1791640034.777307,"[0.0007679999999936626, -4.745346000000012, 0.8796780000000126, 1.582806000000005, -0.08712299999999118, -2.8117440000000045, 1.9343700000000013, 1.407024000000007, 0.08865900000000693, -4.481673000000001, 0.44022300000000314, 0.8796780000000126, -1.3175970000000063, 176.92535099999998, 41.48532, 27.159087]","[0.0, 0.0, 1.0, 3.0, 0.0, 6.0, 2.0, 3.0, 2.0, 2.0, 4.0, 1.0, 1.0, 0.0, 4.0, 1.0]","[-9.0, 55.0, 20.0, 17.0, 0.0, 63.0, 12.0, 13.0, -14.0, 58.0, 16.0, 13.0, 28.0, -42.0, 13.0, 15.0]"
2,1791640035.0000927,"[0.0007679999999936626, -3.514871999999997, 1.7585880000000031, 2.3738250000000107, -0.08712299999999118, 0.17654999999999177, 2.6374979999999937, 2.1101519999999994, 0.08865900000000693, -4.481673000000001, 1.3191329999999937, 2.0222610000000145, -1.3175970000000063, 173.40971100000002, 42.36422999999999, 28.03799699999999]","[0.0, 1.0, 1.0, 1.0, 0.0, 5.0, 1.0, 2.0, 1.0, 1.0, 1.0, 1.0, 1.0, -5.0, 2.0, 1.0]","[-8.0, 54.0, 20.0, 18.0, 0.0, 56.0, 13.0, 14.0, -14.0, 70.0, 16.0, 14.0, 33.0, -34.0, 14.0, 14.0]"
2,1791640035.2219517,"[0.0007679999999936626, -3.514871999999997, 2.813279999999992, 3.5164080000000126, -0.08712299999999118, 1.582806000000005, 3.4285169999999994, 3.164843999999988, 0.08865900000000693, -4.481673000000001, 1.846478999999988, 3.164843999999988, -1.3175970000000063, 169.894071, 43.06735800000001, 29.268471000000005]","[0.0, 1.0, 3.0, 3.0, 0.0, 3.0, 2.0, 1.0, 0.0, 1.0, 1.0, 4.0, 1.0, -6.0, 1.0, 2.0]","[-9.0, 64.0, 19.0, 16.0, 0.0, 66.0, 14.0, 14.0, -14.0, 81.0, 17.0, 13.0, 44.0, -30.0, 14.0, 14.0]"
2,1791640035.447061,"[0.0007679999999936626, -1.229705999999993, 3.4285169999999994, 4.483208999999988, -0.08712299999999118, 3.6921900000000107, 4.395318000000003, 4.30742699999999, 0.08865900000000693, -2.0207249999999988, 3.076953000000003, 4.043754000000007, 0.528113999999988, 168.487815, 44.38572300000001, 30.147380999999996]","[0.0, 3.0, 1.0, 4.0, 0.0, 1.0, 1.0, 1.0, 1.0, 6.0, 3.0, 1.0, 7.0, 0.0, 2.0, 1.0]","[-9.0, 49.0, 23.0, 17.0, 0.0, 65.0, 14.0, 14.0, -14.0, 59.0, 17.0, 13.0, 32.0, -42.0, 13.0, 15.0]"
2,1791640035.6732526,"[0.0007679999999936626, -1.1418150000000082, 4.834773000000013, 5.62579199999999, -0.08712299999999118, 6.065246999999999, 5.274227999999994, 5.186337000000009, 0.0007679999999936626, -1.9328339999999855, 4.219536000000005, 4.9226639999999975, 1.582806000000005, 164.708502, 45.440415, 31.202073000000013]","[0.0, 0.0, 3.0, 2.0, 0.0, 5.0, 3.0, 1.0, 1.0, 1.0, 3.0, 1.0, 7.0, -8.0, 1.0, 2.0]","[-9.0, 60.0, 22.0, 15.0, 0.0, 57.0, 14.0, 14.0, -14.0, 75.0, 16.0, 15.0, 32.0, -36.0, 13.0, 14.0]"
2,1791640035.8952718,"[0.0007679999999936626, -0.08712299999999118, 5.801573999999988, 6.592592999999994, -0.08712299999999118, 6.065246999999999, 6.153138000000013, 6.065246999999999, 0.0007679999999936626, -0.08712299999999118, 5.010555000000011, 6.328920000000011, 2.2859339999999975, 161.632317, 46.582998, 32.16887399999999]","[0.0, 11.0, 1.0, 2.0, 0.0, 1.0, 6.0, 5.0, 0.0, 15.0, 2.0, 2.0, 4.0, -6.0, 4.0, 1.0]","[-9.0, 57.0, 20.0, 17.0, 0.0, 84.0, 14.0, 14.0, -13.0, 59.0, 17.0, 13.0, 33.0, -35.0, 12.0, 15.0]"
2,1791640036.1203291,"[0.0007679999999936626, 0.7917869999999994, 5.889465000000001, 7.471503000000013, -0.08712299999999118, 10.020342, 7.207830000000001, 7.383611999999999, 0.08865900000000693, 0.08865900000000693, 5.9773560000000145, 7.207830000000001, 3.867972000000009, 158.38035000000002, 47.461907999999994, 33.223566000000005]","[0.0, 1.0, 1.0, 1.0, 0.0, 8.0, 1.0, 1.0, 0.0, 1.0, 1.0, 1.0, 4.0, -4.0, 2.0, 3.0]","[-8.0, 58.0, 25.0, 17.0, 0.0, 56.0, 14.0, 14.0, -14.0, 74.0, 17.0, 14.0, 30.0, -37.0, 13.0, 14.0]"
2,1791640036.3452451,"[0.0007679999999936626, 2.2859339999999975, 7.823067000000009, 8.614086000000015, -0.08712299999999118, 11.426598000000013, 8.26252199999999, 8.438303999999988, 0.0007679999999936626, 0.08865900000000693, 7.119938999999988, 8.174631000000005, 4.483208999999988, 155.74362000000002, 48.34081800000001, 34.36614900000001]","[0.0, 6.0, 4.0, 3.0, 0.0, 4.0, 3.0, 3.0, 1.0, 1.0, 3.0, 4.0, 2.0, -2.0, 1.0, 3.0]","[-8.0, 53.0, 19.0, 16.0, 0.0, 65.0, 14.0, 13.0, -14.0, 87.0, 17.0, 12.0, 30.0, -36.0, 13.0, 15.0]"
2,1791640036.566665,"[0.0007679999999936626, 2.6374979999999937, 8.789868000000013, 9.58088699999999, -0.08712299999999118, 12.832853999999998, 9.229322999999994, 9.317214000000007, 0.08865900000000693, 2.813279999999992, 7.998849000000007, 9.317214000000007, 6.153138000000013, 152.75532600000003, 49.571292, 35.33295000000001]","[0.0, 1.0, 3.0, 2.0, 0.0, 11.0, 1.0, 1.0, 0.0, 11.0, 6.0, 4.0, 4.0, -6.0, 4.0, 4.0]","[-8.0, 63.0, 20.0, 15.0, 0.0, 65.0, 14.0, 13.0, -14.0, 59.0, 17.0, 14.0, 27.0, -35.0, 13.0, 14.0]"
2,1791640036.7903967,"[0.0007679999999936626, 2.6374979999999937, 9.756668999999988, 10.635579000000007, -0.08712299999999118, 15.996929999999992, 10.28401500000001, 10.371905999999996, 0.08865900000000693, 4.30742699999999, 9.053540999999996, 10.108233000000013, 6.856266000000005, 150.294378, 50.45020199999999, 36.21186]","[0.0, 1.0, 1.0, 2.0, 0.0, 3.0, 1.0, 3.0, 1.0, 1.0, 2.0, 1.0, 1.0, 0.0, 1.0, 2.0]","[-9.0, 75.0, 19.0, 16.0, 0.0, 57.0, 13.0, 13.0, -14.0, 58.0, 17.0, 15.0, 30.0, -42.0, 12.0, 14.0]"
2,1791640037.0172877,"[0.0007679999999936626, 4.9226639999999975, 10.635579000000007, 11.162925000000001, -0.08712299999999118, 15.996929999999992, 11.162925000000001, 11.162925000000001, 0.08865900000000693, 4.6589910000000145, 9.668778000000003, 11.075033999999988, 8.350413000000003, 147.393975, 51.50489400000001, 37.354443]","[0.0, 5.0, 2.0, 5.0, 0.0, 1.0, 3.0, 4.0, 1.0, 1.0, 1.0, 1.0, 4.0, -4.0, 3.0, 3.0]","[-9.0, 59.0, 20.0, 16.0, 0.0, 83.0, 14.0, 13.0, -14.0, 66.0, 18.0, 14.0, 28.0, -42.0, 13.0, 14.0]"
2,1791640037.2397578,"[0.0007679999999936626, 5.098445999999996, 11.690270999999996, 12.657072, -0.08712299999999118, 20.12780699999999, 12.21761699999999, 12.393398999999988, 0.08865900000000693, 5.537901000000005, 10.89925199999999, 12.129726000000005, 9.141432000000009, 143.878335, 52.559585999999996, 38.32124400000001]","[0.0, 4.0, 1.0, 2.0, 0.0, 6.0, 1.0, 2.0, 0.0, 9.0, 1.0, 3.0, 1.0, -7.0, 4.0, 2.0]","[-8.0, 68.0, 20.0, 14.0, 0.0, 58.0, 14.0, 14.0, -14.0, 64.0, 19.0, 14.0, 27.0, -37.0, 13.0, 14.0]"
2,1791640037.4624712,"[0.0007679999999936626, 7.383611999999999, 12.569181000000015, 13.448091000000005, -0.08712299999999118, 21.182499000000007, 13.272309000000007, 13.448091000000005, 0.0007679999999936626, 7.207830000000001, 10.89925199999999, 13.096527000000009, 10.371905999999996, 140.890041, 53.526387, 39.46382700000001]","[0.0, 9.0, 1.0, 3.0, 0.0, 6.0, 3.0, 2.0, 0.0, 1.0, 1.0, 3.0, 7.0, -2.0, 3.0, 1.0]","[-9.0, 52.0, 20.0, 16.0, 0.0, 61.0, 14.0, 11.0, -15.0, 59.0, 22.0, 13.0, 27.0, -41.0, 13.0, 15.0]"
2,1791640037.689041,"[0.0007679999999936626, 7.998849000000007, 13.799655000000001, 14.502782999999994, -0.08712299999999118, 24.258683999999988, 14.327000999999996, 14.414892000000009, 0.08865900000000693, 7.207830000000001, 13.008635999999996, 13.799655000000001, 11.514488999999998, 137.63807400000002, 54.66897, 40.518519]","[0.0, 1.0, 4.0, 2.0, 0.0, 6.0, 4.0, 1.0, 1.0, 1.0, 5.0, 0.0, 2.0, -6.0, 3.0, 3.0]","[-9.0, 60.0, 20.0, 17.0, 0.0, 59.0, 14.0, 12.0, -14.0, 72.0, 17.0, 14.0, 26.0, -35.0, 11.0, 15.0]"
2,1791640037.911156,"[0.0007679999999936626, 7.998849000000007, 14.678564999999992, 15.469583999999998, -0.08712299999999118, 26.016503999999998, 15.381693000000013, 15.733257000000009, 0.08865900000000693, 7.207830000000001, 13.53598199999999, 14.942238000000003, 11.690270999999996, 134.473998, 55.635771000000005, 41.48532]","[0.0, 2.0, 1.0, 2.0, 0.0, 1.0, 2.0, 2.0, 1.0, 1.0, 5.0, 1.0, 0.0, -4.0, 1.0, 4.0]","[-9.0, 71.0, 20.0, 16.0, 0.0, 60.0, 14.0, 12.0, -14.0, 85.0, 18.0, 15.0, 32.0, -33.0, 13.0, 13.0]"
2,1791640038.136781,"[0.0007679999999936626, 10.371905999999996, 15.733257000000009, 16.348493999999988, -0.08712299999999118, 28.477452, 16.524276000000015, 16.787948999999998, 0.08865900000000693, 9.756668999999988, 14.85434699999999, 16.084821000000005, 13.53598199999999, 131.046249, 56.690462999999994, 42.36422999999999]","[0.0, 2.0, 3.0, 1.0, 0.0, 4.0, 3.0, 3.0, 1.0, 1.0, 2.0, 2.0, 5.0, -4.0, 1.0, 1.0]","[-8.0, 59.0, 19.0, 16.0, 0.0, 53.0, 14.0, 13.0, -14.0, 64.0, 17.0, 13.0, 25.0, -33.0, 12.0, 14.0]"
2,1791640038.361061,"[0.0007679999999936626, 10.28401500000001, 16.787948999999998, 17.403186000000005, -0.08712299999999118, 29.883708000000013, 17.578968000000003, 17.75475, 0.08865900000000693, 9.932451000000015, 16.084821000000005, 17.05162200000001, 14.590674000000007, 127.79428200000001, 57.833045999999996, 43.41892200000001]","[0.0, 0.0, 1.0, 3.0, 0.0, 3.0, 4.0, 3.0, 0.0, 0.0, 2.0, 2.0, 4.0, -3.0, 1.0, 1.0]","[-8.0, 70.0, 20.0, 16.0, 0.0, 65.0, 13.0, 12.0, -14.0, 74.0, 17.0, 12.0, 26.0, -30.0, 12.0, 14.0]"
2,1791640038.5819526,"[0.0007679999999936626, 12.305508000000003, 17.930532, 18.282095999999996, -0.08712299999999118, 32.432547, 18.36998700000001, 18.457877999999994, 0.0007679999999936626, 9.932451000000015, 16.87584000000001, 18.19420500000001, 15.55747500000001, 125.069661, 59.06352000000001, 44.38572300000001]","[0.0, 4.0, 4.0, 4.0, 0.0, 8.0, 1.0, 1.0, 0.0, 1.0, 3.0, 3.0, 1.0, -2.0, 3.0, 1.0]","[-8.0, 59.0, 18.0, 17.0, 0.0, 53.0, 14.0, 13.0, -13.0, 89.0, 18.0, 12.0, 26.0, -31.0, 12.0, 14.0]"
2,1791640038.8090165,"[0.0007679999999936626, 12.305508000000003, 18.80944199999999, 19.336788000000013, -0.08712299999999118, 34.36614900000001, 19.336788000000013, 19.68835200000001, 0.08865900000000693, 9.932451000000015, 18.106313999999998, 18.897333000000003, 15.996929999999992, 122.872386, 60.030321000000015, 45.528306000000015]","[0.0, 1.0, 1.0, 1.0, 0.0, 3.0, 3.0, 2.0, 0.0, 1.0, 3.0, 1.0, 7.0, 0.0, 4.0, 1.0]","[-8.0, 69.0, 19.0, 17.0, 0.0, 54.0, 14.0, 13.0, -14.0, 103.0, 16.0, 14.0, 27.0, -39.0, 12.0, 14.0]"
2,1791640039.0329552,"[0.0007679999999936626, 13.448091000000005, 19.952024999999992, 20.39148, -0.08712299999999118, 36.563424, 20.215698000000003, 20.655153000000013, 0.08865900000000693, 10.811361000000005, 19.073115, 20.215698000000003, 17.842641000000015, 118.91729099999998, 61.17290400000002, 46.49510699999999]","[0.0, 3.0, 2.0, 1.0, 0.0, 8.0, 1.0, 1.0, 0.0, 14.0, 2.0, 3.0, 2.0, -7.0, 3.0, 2.0]","[-9.0, 68.0, 18.0, 17.0, 0.0, 51.0, 14.0, 12.0, -14.0, 91.0, 16.0, 13.0, 22.0, -30.0, 11.0, 14.0]"
2,1791640039.2543457,"[0.0007679999999936626, 13.448091000000005, 21.00671700000001, 21.44617199999999, -0.08712299999999118, 38.936481000000015, 21.00671700000001, 21.709845, 0.08865900000000693, 15.293802, 20.39148, 21.182499000000007, 18.282095999999996, 115.57743299999998, 62.13970499999999, 47.54979900000001]","[0.0, 1.0, 2.0, 2.0, 0.0, 4.0, 3.0, 3.0, 1.0, 1.0, 3.0, 2.0, 6.0, -5.0, 2.0, 3.0]","[-9.0, 79.0, 19.0, 15.0, 0.0, 47.0, 15.0, 11.0, -13.0, 58.0, 16.0, 13.0, 26.0, -28.0, 12.0, 13.0]"
2,1791640039.4805338,"[0.0007679999999936626, 16.17271199999999, 22.061408999999998, 22.500864000000007, -0.08712299999999118, 40.694300999999996, 21.885627, 22.76453699999999, 0.0007679999999936626, 15.469583999999998, 21.094607999999994, 22.237190999999996, 20.215698000000003, 112.41335700000002, 63.45806999999999, 48.51660000000001]","[0.0, 10.0, 1.0, 2.0, 0.0, 8.0, 2.0, 2.0, 1.0, 4.0, 1.0, 1.0, 3.0, -3.0, 3.0, 1.0]","[-9.0, 56.0, 19.0, 17.0, 0.0, 51.0, 16.0, 13.0, -14.0, 67.0, 18.0, 12.0, 20.0, -29.0, 11.0, 14.0]"
2,1791640039.7035584,"[0.0007679999999936626, 16.787948999999998, 22.852428000000003, 22.588754999999992, 0.0007679999999936626, 43.155249, 22.588754999999992, 23.555555999999996, 0.08865900000000693, 15.469583999999998, 21.973518000000013, 22.412972999999994, 20.39148, 109.249281, 64.51276200000001, 49.483401000000015]","[0.0, 1.0, 1.0, 1.0, 0.0, 1.0, 1.0, 1.0, 1.0, 1.0, 4.0, 1.0, 1.0, -2.0, 4.0, 1.0]","[-9.0, 59.0, 20.0, 20.0, -11.0, 49.0, 16.0, 13.0, -14.0, 81.0, 15.0, 14.0, 26.0, -28.0, 11.0, 15.0]"
2,1791640039.9258268,"[0.0007679999999936626, 17.930532, 23.731337999999994, 24.434466000000015, 0.0007679999999936626, 45.088851000000005, 23.64344700000001, 24.78603000000001, 0.08865900000000693, 15.469583999999998, 23.203992, 24.170793000000003, 22.14930000000001, 105.909423, 65.47956300000001, 50.45020199999999]","[0.0, 9.0, 1.0, 3.0, 1.0, 4.0, 3.0, 2.0, 1.0, 1.0, 1.0, 3.0, 4.0, -6.0, 3.0, 3.0]","[-9.0, 53.0, 19.0, 16.0, -12.0, 43.0, 16.0, 12.0, -14.0, 94.0, 17.0, 12.0, 20.0, -24.0, 11.0, 14.0]"
2,1791640040.1529202,"[0.0007679999999936626, 19.248897, 24.698138999999998, 25.489158000000003, 0.0007679999999936626, 48.165036000000015, 24.96181200000001, 25.66494, 0.08865900000000693, 19.248897, 24.258683999999988, 25.489158000000003, 23.203992, 102.56956500000001, 66.79792800000001, 51.50489400000001]","[0.0, 3.0, 1.0, 1.0, 1.0, 6.0, 5.0, 1.0, 1.0, 1.0, 4.0, 2.0, 1.0, -5.0, 3.0, 3.0]","[-9.0, 57.0, 20.0, 17.0, -12.0, 39.0, 15.0, 12.0, -14.0, 59.0, 17.0, 11.0, 20.0, -20.0, 10.0, 14.0]"
2,1791640040.3763683,"[0.0007679999999936626, 19.248897, 25.66494, 26.368067999999994, 0.0007679999999936626, 48.780272999999994, 25.840722, 26.895413999999988, 0.0007679999999936626, 19.248897, 25.225484999999992, 26.368067999999994, 24.434466000000015, 99.31759799999998, 68.028402, 52.559585999999996]","[0.0, -1.0, 2.0, 1.0, 1.0, 2.0, 1.0, 2.0, 0.0, 1.0, 2.0, 2.0, 1.0, -2.0, 4.0, 3.0]","[-8.0, 71.0, 20.0, 17.0, -11.0, 51.0, 16.0, 12.0, -14.0, 71.0, 16.0, 11.0, 18.0, -20.0, 0.0, 14.0]"
2,1791640040.6008558,"[0.0007679999999936626, 19.248897, 26.631741000000005, 27.510650999999996, 0.0007679999999936626, 51.59278499999999, 27.071196000000015, 27.42276000000001, 0.08865900000000693, 19.248897, 26.016503999999998, 27.510650999999996, 25.137594000000007, 96.32930399999998, 68.46785700000001, 53.26271400000002]","[0.0, 0.0, 1.0, 1.0, 1.0, 7.0, 3.0, 1.0, 0.0, 1.0, 1.0, 1.0, 1.0, 0.0, 0.0, 1.0]","[-8.0, 80.0, 20.0, 17.0, -11.0, 44.0, 14.0, 14.0, -14.0, 83.0, 17.0, 12.0, 21.0, -20.0, 11.0, 15.0]"
2,1791640040.8220248,"[0.0007679999999936626, 22.412972999999994, 27.59854200000001, 28.653233999999998, 0.0007679999999936626, 54.493188, 28.213778999999988, 28.565343000000013, 0.08865900000000693, 22.412972999999994, 27.246978000000013, 28.653233999999998, 25.137594000000007, 95.362503, 68.46785700000001, 53.350605]","[0.0, 12.0, 5.0, 3.0, 1.0, 10.0, 3.0, 3.0, 1.0, 14.0, 3.0, 2.0, 1.0, 0.0, 0.0, 1.0]","[-8.0, 49.0, 20.0, 15.0, -12.0, 31.0, 15.0, 12.0, -14.0, 46.0, 17.0, 12.0, 31.0, -38.0, 14.0, 17.0]"
2,1791640041.0488036,"[0.0007679999999936626, 22.588754999999992, 28.565343000000013, 29.620035, 0.0007679999999936626, 56.25100800000001, 29.444253000000003, 29.795817, 0.0007679999999936626, 23.995011000000005, 28.30167, 29.795817, 25.137594000000007, 95.362503, 68.46785700000001, 53.438496000000015]","[0.0, 1.0, 2.0, 3.0, 0.0, 1.0, 4.0, 3.0, 0.0, 1.0, 3.0, 3.0, 1.0, 0.0, 0.0, 1.0]","[-8.0, 63.0, 19.0, 16.0, -12.0, 38.0, 14.0, 12.0, -14.0, 51.0, 15.0, 11.0, 37.0, -38.0, 18.0, 20.0]"
2,1791640041.2730436,"[0.0007679999999936626, 22.588754999999992, 29.532143999999988, 30.67472699999999, 0.0007679999999936626, 58.272501000000005, 30.498944999999992, 30.762618000000003, 0.08865900000000693, 23.995011000000005, 29.35636199999999, 30.67472699999999, 25.313376000000005, 95.362503, 68.46785700000001, 53.526387]","[0.0, 1.0, 1.0, 2.0, 0.0, 4.0, 3.0, 1.0, 1.0, 1.0, 1.0, 5.0, 1.0, 0.0, 0.0, 1.0]","[-8.0, 74.0, 20.0, 15.0, -12.0, 34.0, 14.0, 12.0, -14.0, 62.0, 17.0, 11.0, 43.0, -39.0, 21.0, 26.0]"
2,1791640041.4968002,"[0.0007679999999936626, 25.752831000000015, 30.67472699999999, 31.729419000000007, 0.0007679999999936626, 60.82133999999999, 31.55363700000001, 31.905201000000005, 0.08865900000000693, 23.995011000000005, 30.23527200000001, 31.641527999999994, 24.96181200000001, 95.53828500000003, 68.46785700000001, 53.526387]","[0.0, 10.0, 4.0, 1.0, 0.0, 7.0, 2.0, 1.0, 1.0, 1.0, 1.0, 2.0, 0.0, 1.0, 0.0, 0.0]","[-9.0, 46.0, 20.0, 16.0, -12.0, 32.0, 12.0, 11.0, -15.0, 74.0, 18.0, 12.0, 8.0, -10.0, 10.0, 0.0]"
2,1791640041.7206767,"[0.0007679999999936626, 26.543849999999992, 31.729419000000007, 32.608329, 0.08865900000000693, 63.37017900000001, 32.69622000000001, 32.87200200000001, 0.08865900000000693, 27.510650999999996, 31.202073000000013, 32.52043800000001, 24.96181200000001, 95.53828500000003, 68.46785700000001, 53.438496000000015]","[0.0, 1.0, 1.0, 2.0, 1.0, 7.0, 3.0, 2.0, 1.0, 9.0, 3.0, 2.0, 0.0, 1.0, 0.0, 0.0]","[-9.0, 53.0, 20.0, 16.0, -13.0, 29.0, 12.0, 12.0, -14.0, 44.0, 16.0, 12.0, 9.0, -10.0, 11.0, 13.0]"
2,1791640041.940812,"[0.0007679999999936626, 27.862214999999992, 32.87200200000001, 33.83880300000001, 0.08865900000000693, 65.65534500000001, 34.01458500000001, 33.926694, 0.08865900000000693, 28.213778999999988, 32.52043800000001, 33.663021000000015, 24.96181200000001, 95.53828500000003, 68.46785700000001, 53.438496000000015]","[0.0, 3.0, 4.0, 1.0, 2.0, 3.0, 4.0, 5.0, 1.0, 1.0, 3.0, 3.0, 0.0, 1.0, 0.0, 0.0]","[-9.0, 47.0, 18.0, 16.0, -12.0, 28.0, 11.0, 11.0, -14.0, 49.0, 15.0, 12.0, 9.0, -11.0, 11.0, 13.0]"
2,1791640042.1685505,"[0.0007679999999936626, 28.91690700000001, 33.83880300000001, 34.80560399999999, 0.0007679999999936626, 67.58894699999999, 34.981386000000015, 34.981386000000015, 0.08865900000000693, 28.213778999999988, 33.57513, 34.541931000000005, 24.96181200000001, 95.53828500000003, 68.46785700000001, 53.438496000000015]","[0.0, 1.0, 1.0, 3.0, 1.0, 3.0, 3.0, 2.0, 1.0, 1.0, 3.0, 1.0, 0.0, 1.0, 0.0, 0.0]","[-8.0, 51.0, 20.0, 16.0, -12.0, 24.0, 12.0, 11.0, -15.0, 59.0, 16.0, 11.0, 8.0, -11.0, 10.0, 13.0]"
2,1791640042.3921628,"[0.0007679999999936626, 30.411054000000007, 34.981386000000015, 35.860296000000005, 0.08865900000000693, 70.137786, 36.21186, 35.94818699999999, 0.08865900000000693, 30.323162999999994, 34.541931000000005, 35.245059, 24.96181200000001, 95.53828500000003, 68.46785700000001, 53.438496000000015]","[0.0, 6.0, 4.0, 1.0, 1.0, 7.0, 3.0, 1.0, 1.0, 8.0, 1.0, 1.0, 0.0, 1.0, 0.0, 0.0]","[-9.0, 42.0, 18.0, 14.0, -12.0, 21.0, 11.0, 11.0, -15.0, 45.0, 14.0, 13.0, 10.0, -11.0, 10.0, 12.0]"
2,1791640042.6167192,"[0.0007679999999936626, 31.37785500000001, 36.12396899999999, 36.739205999999996, 0.08865900000000693, 72.42295200000001, 37.354443, 37.09076999999999, 0.08865900000000693, 32.16887399999999, 35.68451400000001, 36.47553300000001, 24.96181200000001, 95.53828500000003, 68.46785700000001, 53.438496000000015]","[0.0, 2.0, 3.0, 3.0, 0.0, 5.0, 2.0, 3.0, 1.0, 3.0, 1.0, 1.0, 0.0, 1.0, 0.0, 0.0]","[-8.0, 46.0, 18.0, 15.0, -11.0, 22.0, 11.0, 11.0, -14.0, 40.0, 16.0, 12.0, 9.0, -10.0, 10.0, 14.0]"
2,1791640042.8406308,"[0.0007679999999936626, 31.37785500000001, 37.178661000000005, 37.79389800000001, 0.08865900000000693, 74.53233600000002, 38.40913499999999, 38.057570999999996, 0.08865900000000693, 32.344656000000015, 36.82709700000001, 37.354443, 24.96181200000001, 95.53828500000003, 68.46785700000001, 53.438496000000015]","[1.0, 1.0, 3.0, 3.0, 1.0, 6.0, 1.0, 1.0, 1.0, 1.0, 4.0, 1.0, 0.0, 1.0, 0.0, 0.0]","[-8.0, 57.0, 18.0, 15.0, -12.0, 19.0, 10.0, 11.0, -14.0, 47.0, 14.0, 12.0, 9.0, -10.0, 10.0, 13.0]"
2,1791640043.062824,"[0.0007679999999936626, 33.31145699999999, 38.32124400000001, 38.58491699999999, 0.0007679999999936626, 75.147573, 38.672808, 38.40913499999999, 0.08865900000000693, 33.13567499999999, 37.79389800000001, 38.497026000000005, 24.96181200000001, 95.53828500000003, 68.46785700000001, 53.438496000000015]","[1.0, 7.0, 4.0, 4.0, 0.0, 1.0, 1.0, 1.0, 1.0, 1.0, 3.0, 1.0, 0.0, 1.0, 0.0, 0.0]","[-9.0, 45.0, 18.0, 17.0, -11.0, 29.0, 13.0, 13.0, -14.0, 48.0, 14.0, 13.0, 8.0, -11.0, 10.0, 12.0]"
2,1791640043.2885683,"[0.0007679999999936626, 34.541931000000005, 39.28804500000001, 39.63960900000001, -0.08712299999999118, 75.587028, 38.84859, 38.936481000000015, 0.08865900000000693, 33.13567499999999, 38.936481000000015, 39.63960900000001, 24.96181200000001, 95.53828500000003, 68.46785700000001, 53.438496000000015]","[1.0, 4.0, 1.0, 4.0, 0.0, 0.0, 1.0, 1.0, 1.0, 1.0, 4.0, 2.0, 0.0, 1.0, 0.0, 0.0]","[-9.0, 42.0, 17.0, 15.0, 0.0, 42.0, 15.0, 14.0, -14.0, 59.0, 13.0, 12.0, 9.0, -9.0, 11.0, 12.0]"
2,1791640043.5124586,"[0.0007679999999936626, 34.717713, 40.43062800000001, 40.60641000000001, -0.08712299999999118, 76.02648299999998, 38.84859, 39.200154, 0.08865900000000693, 33.13567499999999, 39.72749999999999, 40.694300999999996, 24.96181200000001, 95.53828500000003, 68.46785700000001, 53.438496000000015]","[1.0, 1.0, 4.0, 1.0, 0.0, 1.0, 1.0, 1.0, 1.0, 1.0, 4.0, 4.0, 0.0, 1.0, 0.0, 0.0]","[-8.0, 54.0, 18.0, 16.0, 0.0, 61.0, 20.0, 17.0, -14.0, 71.0, 13.0, 11.0, 9.0, -11.0, 10.0, 13.0]"
2,1791640043.7334356,"[0.0007679999999936626, 36.65131500000001, 41.573211000000015, 41.573211000000015, -0.08712299999999118, 76.114374, 38.936481000000015, 39.551717999999994, 0.08865900000000693, 33.223566000000005, 40.95797400000001, 41.573211000000015, 24.96181200000001, 95.53828500000003, 68.46785700000001, 53.438496000000015]","[0.0, 6.0, 3.0, 3.0, 0.0, 1.0, 1.0, 1.0, 1.0, 2.0, 3.0, 1.0, 0.0, 1.0, 0.0, 1.0]","[-8.0, 41.0, 17.0, 16.0, 0.0, 84.0, 27.0, 21.0, -14.0, 84.0, 13.0, 12.0, 9.0, -11.0, 10.0, 12.0]"
2,1791640043.9575856,"[0.0007679999999936626, 36.65131500000001, 42.627903, 42.803685, -0.08712299999999118, 75.49913699999999, 38.84859, 39.46382700000001, 0.08865900000000693, 37.881789, 42.012665999999996, 42.803685, 24.96181200000001, 95.53828500000003, 68.46785700000001, 53.438496000000015]","[0.0, 1.0, 1.0, 3.0, 0.0, 0.0, 0.0, 1.0, 0.0, 11.0, 2.0, 4.0, 0.0, 1.0, 0.0, 1.0]","[-7.0, 52.0, 17.0, 15.0, 0.0, 11.0, 9.0, 10.0, -15.0, 41.0, 13.0, 12.0, 9.0, -12.0, 11.0, 11.0]"
2,1791640044.1845343,"[-0.08712299999999118, 37.26655199999999, 43.59470400000001, 43.506812999999994, -0.08712299999999118, 75.49913699999999, 38.84859, 39.46382700000001, 0.08865900000000693, 37.881789, 43.155249, 43.770486000000005, 24.96181200000001, 95.53828500000003, 68.46785700000001, 53.438496000000015]","[1.0, 10.0, 2.0, 1.0, 0.0, 0.0, 0.0, 0.0, 0.0, 0.0, 3.0, 1.0, 0.0, 1.0, 0.0, 1.0]","[-7.0, 52.0, 17.0, 16.0, 0.0, 11.0, 10.0, 9.0, -14.0, 52.0, 13.0, 11.0, 9.0, -10.0, 11.0, 14.0]"
2,1791640044.4054363,"[-0.08712299999999118, 40.254846000000015, 44.825177999999994, 44.91306900000001, -0.08712299999999118, 75.49913699999999, 38.84859, 39.46382700000001, 0.08865900000000693, 38.32124400000001, 44.297832, 45.00095999999999, 24.96181200000001, 95.53828500000003, 68.46785700000001, 53.438496000000015]","[1.0, 3.0, 2.0, 4.0, 0.0, 0.0, 0.0, 1.0, 0.0, 1.0, 3.0, 2.0, 0.0, 1.0, 0.0, 1.0]","[0.0, 34.0, 17.0, 16.0, 0.0, 11.0, 10.0, 9.0, -14.0, 58.0, 12.0, 11.0, 10.0, -11.0, 10.0, 13.0]"
2,1791640044.629812,"[-0.08712299999999118, 40.254846000000015, 45.70408800000001, 45.791979, -0.08712299999999118, 75.49913699999999, 38.84859, 39.46382700000001, 0.08865900000000693, 38.32124400000001, 45.17674199999999, 45.87987000000001, 24.96181200000001, 95.53828500000003, 68.46785700000001, 53.438496000000015]","[1.0, 1.0, 2.0, 1.0, 0.0, 0.0, 0.0, 0.0, 1.0, 1.0, 2.0, 1.0, 0.0, 1.0, 0.0, 1.0]","[-1.0, 46.0, 15.0, 15.0, 0.0, 11.0, 9.0, 11.0, -14.0, 70.0, 14.0, 11.0, 9.0, -11.0, 11.0, 8.0]"
2,1791640044.8564494,"[-0.08712299999999118, 41.836884, 46.75878, 47.19823500000001, -0.08712299999999118, 75.49913699999999, 38.84859, 39.46382700000001, 0.08865900000000693, 42.012665999999996, 46.31932499999999, 47.110344, 24.96181200000001, 95.53828500000003, 68.46785700000001, 53.438496000000015]","[1.0, 4.0, 2.0, 2.0, 0.0, 0.0, 0.0, 0.0, 1.0, 12.0, 5.0, 3.0, 0.0, 1.0, 0.0, 0.0]","[0.0, 40.0, 16.0, 15.0, 0.0, 11.0, 10.0, 10.0, -14.0, 38.0, 11.0, 11.0, 10.0, -10.0, 10.0, 12.0]"
2,1791640045.0769112,"[-0.08712299999999118, 43.331030999999996, 47.81347199999999, 48.165036000000015, -0.08712299999999118, 75.49913699999999, 38.84859, 39.46382700000001, 0.08865900000000693, 42.36422999999999, 47.54979900000001, 48.165036000000015, 24.96181200000001, 95.53828500000003, 68.46785700000001, 53.438496000000015]","[0.0, 4.0, 4.0, 2.0, 0.0, 0.0, 0.0, 1.0, 0.0, 1.0, 3.0, 3.0, 0.0, 1.0, 0.0, 1.0]","[0.0, 34.0, 16.0, 14.0, 0.0, 11.0, 9.0, 10.0, -15.0, 48.0, 11.0, 10.0, 11.0, -11.0, 11.0, 13.0]"
2,1791640045.304427,"[-0.08712299999999118, 44.56150500000001, 48.780272999999994, 49.219728, -0.08712299999999118, 75.49913699999999, 38.84859, 39.46382700000001, 0.08865900000000693, 44.297832, 48.51660000000001, 49.043946000000005, 24.96181200000001, 95.53828500000003, 68.46785700000001, 53.438496000000015]","[0.0, 1.0, 3.0, 3.0, 0.0, 0.0, 0.0, 0.0, 1.0, 7.0, 3.0, 2.0, 0.0, 1.0, 0.0, 1.0]","[0.0, 33.0, 16.0, 15.0, 0.0, 10.0, 9.0, 10.0, -14.0, 34.0, 12.0, 11.0, 10.0, -10.0, 11.0, 13.0]"
2,1791640045.527591,"[-0.08712299999999118, 45.616197, 49.65918300000001, 50.45020199999999, -0.08712299999999118, 75.49913699999999, 38.84859, 39.46382700000001, 0.08865900000000693, 45.967760999999996, 49.483401000000015, 50.098637999999994, 24.96181200000001, 95.53828500000003, 68.46785700000001, 53.438496000000015]","[0.0, 1.0, 1.0, 3.0, 0.0, 0.0, 0.0, 0.0, 0.0, 3.0, 2.0, 3.0, 0.0, 1.0, 0.0, 1.0]","[0.0, 35.0, 17.0, 14.0, 0.0, 11.0, 9.0, 10.0, -14.0, 33.0, 11.0, 10.0, 9.0, -9.0, 10.0, 13.0]"
2,1791640045.7524,"[-0.08712299999999118, 45.616197, 50.713875, 51.417002999999994, -0.08712299999999118, 75.49913699999999, 38.84859, 39.46382700000001, 0.08865900000000693, 45.967760999999996, 50.62598400000002, 51.065439, 24.96181200000001, 95.53828500000003, 68.46785700000001, 53.438496000000015]","[0.0, 1.0, 1.0, 3.0, 0.0, 0.0, 0.0, 1.0, 1.0, 1.0, 1.0, 2.0, 0.0, 1.0, 0.0, 0.0]","[0.0, 43.0, 16.0, 14.0, 0.0, 11.0, 9.0, 9.0, -14.0, 42.0, 11.0, 11.0, 9.0, -11.0, 10.0, 13.0]"
2,1791640045.9746907,"[-0.08712299999999118, 47.98925399999999, 51.94434900000002, 52.383804, -0.08712299999999118, 75.49913699999999, 38.84859, 39.46382700000001, 0.08865900000000693, 47.63768999999999, 51.76856699999999, 52.120131000000015, 24.96181200000001, 95.53828500000003, 68.46785700000001, 53.438496000000015]","[0.0, 7.0, 3.0, 3.0, 0.0, 0.0, 0.0, 1.0, 0.0, 2.0, 1.0, 3.0, 0.0, 1.0, 0.0, 1.0]","[0.0, 28.0, 16.0, 15.0, 0.0, 11.0, 9.0, 9.0, -14.0, 37.0, 11.0, 11.0, 9.0, -11.0, 11.0, 11.0]"
2,1791640046.1976461,"[-0.08712299999999118, 49.13183699999999, 52.91114999999999, 53.526387, -0.08712299999999118, 75.49913699999999, 38.84859, 39.46382700000001, 0.08865900000000693, 47.63768999999999, 52.735367999999994, 53.08693199999999, 24.96181200000001, 95.53828500000003, 68.46785700000001, 53.438496000000015]","[1.0, 3.0, 3.0, 3.0, 0.0, 0.0, 0.0, 1.0, 0.0, 1.0, 3.0, 3.0, 0.0, 1.0, 0.0, 0.0]","[0.0, 29.0, 16.0, 13.0, 0.0, 11.0, 10.0, 10.0, -14.0, 46.0, 11.0, 10.0, 10.0, -11.0, 10.0, 13.0]"
2,1791640046.4256327,"[-0.08712299999999118, 50.18652900000001, 53.96584200000001, 54.317406000000005, -0.08712299999999118, 75.49913699999999, 38.84859, 39.46382700000001, 0.08865900000000693, 50.18652900000001, 53.877950999999996, 53.96584200000001, 24.96181200000001, 95.53828500000003, 68.46785700000001, 53.438496000000015]","[0.0, 4.0, 4.0, 4.0, 0.0, 0.0, 0.0, 0.0, 0.0, 8.0, 2.0, 2.0, 0.0, 1.0, 0.0, 1.0]","[0.0, 30.0, 16.0, 15.0, 0.0, 11.0, 9.0, 10.0, -14.0, 28.0, 11.0, 11.0, 10.0, -10.0, 10.0, 14.0]"
2,1791640046.6452618,"[-0.08712299999999118, 50.18652900000001, 55.10842500000001, 55.54787999999999, -0.08712299999999118, 75.49913699999999, 38.84859, 39.46382700000001, 0.08865900000000693, 51.417002999999994, 54.844752, 55.10842500000001, 24.96181200000001, 95.53828500000003, 68.46785700000001, 53.438496000000015]","[1.0, 1.0, 3.0, 3.0, 0.0, 0.0, 0.0, 0.0, 0.0, 1.0, 1.0, 2.0, 0.0, 1.0, 0.0, 0.0]","[-1.0, 36.0, 16.0, 13.0, 0.0, 12.0, 9.0, 10.0, -14.0, 31.0, 12.0, 10.0, 10.0, -11.0, 11.0, 13.0]"
2,1791640046.8723428,"[-0.08712299999999118, 52.208022, 56.075226000000015, 55.987335, -0.08712299999999118, 75.49913699999999, 38.84859, 39.46382700000001, 0.08865900000000693, 51.417002999999994, 55.987335, 55.987335, 24.96181200000001, 95.53828500000003, 68.46785700000001, 53.438496000000015]","[0.0, 8.0, 2.0, 6.0, 0.0, 0.0, 0.0, 0.0, 0.0, 1.0, 3.0, 1.0, 0.0, 1.0, 0.0, 0.0]","[0.0, 28.0, 15.0, 14.0, 0.0, 11.0, 9.0, 9.0, -14.0, 38.0, 11.0, 10.0, 10.0, -10.0, 10.0, 14.0]"
2,1791640047.3358629,"[-0.08712299999999118, 53.702169, 57.21780900000002, 57.21780900000002, -0.08712299999999118, 75.49913699999999, 38.84859, 39.46382700000001, 0.08865900000000693, 52.999041000000005, 56.86624499999999, 57.04202699999999, 24.96181200000001, 95.53828500000003, 68.46785700000001, 53.438496000000015]","[0.0, 1.0, 0.0, 1.0, 0.0, 0.0, 0.0, 1.0, 0.0, 0.0, 1.0, 1.0, 0.0, 1.0, 0.0, 0.0]","[0.0, 27.0, 15.0, 15.0, 0.0, 11.0, 9.0, 9.0, -14.0, 32.0, 11.0, 11.0, 10.0, -10.0, 10.0, 13.0]"
2,1791640047.5576525,"[-0.08712299999999118, 54.756861000000015, 58.272501000000005, 58.36039199999999, -0.08712299999999118, 75.49913699999999, 38.84859, 39.46382700000001, 0.08865900000000693, 54.22951499999999, 58.008827999999994, 58.008827999999994, 24.96181200000001, 95.53828500000003, 68.46785700000001, 53.438496000000015]","[-1.0, 1.0, 2.0, 3.0, 0.0, 0.0, 0.0, 1.0, 0.0, 9.0, 3.0, 3.0, 0.0, 1.0, 0.0, 0.0]","[0.0, 27.0, 15.0, 14.0, 0.0, 11.0, 9.0, 10.0, -14.0, 27.0, 10.0, 11.0, 11.0, -11.0, 11.0, 13.0]"
2,1791640047.7840955,"[-0.08712299999999118, 55.811553, 59.50297499999999, 59.23930200000001, -0.08712299999999118, 75.49913699999999, 38.84859, 39.46382700000001, 0.08865900000000693, 55.635771000000005, 59.23930200000001, 58.975629, 24.96181200000001, 95.53828500000003, 68.46785700000001, 53.438496000000015]","[0.0, 1.0, 2.0, 3.0, 0.0, 0.0, 0.0, 0.0, 0.0, 1.0, 3.0, 2.0, 0.0, 1.0, 0.0, 0.0]","[-2.0, 29.0, 14.0, 14.0, 0.0, 10.0, 9.0, 10.0, -14.0, 28.0, 9.0, 10.0, 10.0, -10.0, 10.0, 13.0]"
2,1791640048.0081785,"[0.0007679999999936626, 56.954136000000005, 59.590866000000005, 60.20610300000001, -0.08712299999999118, 75.49913699999999, 38.84859, 39.46382700000001, 0.08865900000000693, 56.25100800000001, 59.41508400000001, 60.118212, 24.96181200000001, 95.53828500000003, 68.46785700000001, 53.438496000000015]","[1.0, 2.0, 1.0, 3.0, 0.0, 0.0, 0.0, 1.0, 0.0, 3.0, 2.0, 1.0, 0.0, 1.0, 0.0, 0.0]","[-5.0, 26.0, 14.0, 15.0, 0.0, 11.0, 9.0, 10.0, -14.0, 31.0, 9.0, 11.0, 10.0, -10.0, 11.0, 13.0]"
2,1791640048.2316346,"[0.0007679999999936626, 58.09671900000001, 59.590866000000005, 61.260795, -0.08712299999999118, 75.49913699999999, 38.84859, 39.46382700000001, 0.08865900000000693, 56.25100800000001, 59.41508400000001, 60.99712199999999, 24.96181200000001, 95.53828500000003, 68.46785700000001, 53.438496000000015]","[1.0, 3.0, 1.0, 1.0, 0.0, 0.0, 0.0, 0.0, 0.0, 1.0, 1.0, 1.0, 0.0, 1.0, 0.0, 0.0]","[-7.0, 27.0, 14.0, 14.0, 0.0, 11.0, 9.0, 10.0, -15.0, 39.0, 10.0, 11.0, 10.0, -10.0, 10.0, 12.0]"
2,1791640048.4561744,"[0.0007679999999936626, 58.09671900000001, 59.590866000000005, 62.13970499999999, -0.08712299999999118, 75.49913699999999, 38.84859, 39.46382700000001, 0.17654999999999177, 58.008827999999994, 59.41508400000001, 62.05181400000001, 24.96181200000001, 95.53828500000003, 68.46785700000001, 53.438496000000015]","[1.0, 1.0, 1.0, 1.0, 0.0, 0.0, 0.0, 0.0, 1.0, 3.0, 1.0, 3.0, 0.0, 1.0, 0.0, 0.0]","[-7.0, 31.0, 14.0, 15.0, 0.0, 10.0, 10.0, 10.0, -15.0, 31.0, 9.0, 10.0, 11.0, -11.0, 11.0, 13.0]"
2,1791640048.6784344,"[-0.08712299999999118, 60.030321000000015, 59.590866000000005, 63.37017900000001, -0.08712299999999118, 75.49913699999999, 38.84859, 39.46382700000001, 0.08865900000000693, 58.88773800000001, 59.41508400000001, 62.57916, 24.96181200000001, 95.53828500000003, 68.46785700000001, 53.438496000000015]","[0.0, 3.0, 1.0, 5.0, 0.0, 0.0, 0.0, 0.0, 0.0, 1.0, 1.0, 2.0, 0.0, 1.0, 0.0, 0.0]","[-1.0, 22.0, 14.0, 15.0, 0.0, 11.0, 10.0, 10.0, -14.0, 33.0, 10.0, 12.0, 10.0, -11.0, 10.0, 13.0]"
2,1791640048.9035556,"[0.0007679999999936626, 60.118212, 59.590866000000005, 64.249089, -0.08712299999999118, 75.49913699999999, 38.84859, 39.46382700000001, 0.08865900000000693, 58.88773800000001, 59.41508400000001, 63.19439700000001, 24.96181200000001, 95.53828500000003, 68.46785700000001, 53.438496000000015]","[1.0, 1.0, 1.0, 1.0, 0.0, 0.0, 0.0, 1.0, 0.0, 1.0, 1.0, 1.0, 0.0, 1.0, 0.0, 0.0]","[-8.0, 32.0, 14.0, 14.0, 0.0, 10.0, 9.0, 10.0, -14.0, 41.0, 9.0, 13.0, 10.0, -10.0, 11.0, 12.0]"
2,1791640049.125845,"[0.0007679999999936626, 62.227596000000005, 59.590866000000005, 65.21589, -0.08712299999999118, 75.49913699999999, 38.84859, 39.46382700000001, 0.08865900000000693, 60.118212, 59.327192999999994, 63.80963400000002, 24.96181200000001, 95.53828500000003, 68.46785700000001, 53.526387]","[1.0, 8.0, 1.0, 2.0, 0.0, 0.0, 0.0, 1.0, 0.0, 1.0, 0.0, 1.0, 0.0, 1.0, 0.0, 1.0]","[-7.0, 22.0, 14.0, 14.0, 0.0, 11.0, 9.0, 10.0, -13.0, 40.0, 10.0, 14.0, 11.0, -10.0, 11.0, 11.0]"
2,1791640049.3493435,"[-0.08712299999999118, 63.545961000000005, 59.67875699999999, 66.358473, -0.08712299999999118, 75.49913699999999, 38.84859, 39.46382700000001, 0.08865900000000693, 60.118212, 59.327192999999994, 64.424871, 24.96181200000001, 95.53828500000003, 68.46785700000001, 53.438496000000015]","[0.0, 1.0, 1.0, 2.0, 0.0, 0.0, 0.0, 0.0, 0.0, 1.0, 0.0, 1.0, 0.0, 0.0, 0.0, 0.0]","[-1.0, 20.0, 14.0, 13.0, 0.0, 11.0, 9.0, 10.0, -14.0, 51.0, 10.0, 16.0, 9.0, -11.0, 11.0, 14.0]"
2,1791640049.573556,"[-0.08712299999999118, 64.33698000000001, 59.67875699999999, 67.41316499999999, -0.08712299999999118, 75.49913699999999, 38.84859, 39.46382700000001, 0.08865900000000693, 60.73344900000001, 59.327192999999994, 65.391672, 24.96181200000001, 95.53828500000003, 68.46785700000001, 53.438496000000015]","[0.0, 1.0, 1.0, 3.0, 0.0, 0.0, 0.0, 0.0, 0.0, 1.0, 1.0, 1.0, 0.0, 0.0, 0.0, 0.0]","[-2.0, 22.0, 14.0, 14.0, 0.0, 11.0, 10.0, 10.0, -14.0, 54.0, 10.0, 16.0, 10.0, -10.0, 10.0, 14.0]"
2,1791640049.8000505,"[-0.08712299999999118, 65.47956300000001, 59.766648, 68.29207500000001, -0.08712299999999118, 75.49913699999999, 38.84859, 39.46382700000001, 0.08865900000000693, 61.17290400000002, 59.23930200000001, 65.83112700000001, 24.96181200000001, 95.53828500000003, 68.46785700000001, 53.438496000000015]","[0.0, 3.0, 1.0, 6.0, 0.0, 0.0, 0.0, 0.0, 0.0, 1.0, 0.0, 1.0, 0.0, 0.0, 0.0, 0.0]","[-1.0, 20.0, 13.0, 14.0, 0.0, 10.0, 9.0, 10.0, -15.0, 60.0, 11.0, 19.0, 9.0, -10.0, 10.0, 13.0]"
2,1791640050.022957,"[0.0007679999999936626, 66.79792800000001, 59.85453900000002, 69.43465800000001, -0.08712299999999118, 75.49913699999999, 38.84859, 39.46382700000001, 0.08865900000000693, 61.87603200000001, 59.23930200000001, 66.710037, 24.96181200000001, 95.53828500000003, 68.46785700000001, 53.438496000000015]","[0.0, 4.0, 1.0, 3.0, 0.0, 0.0, 0.0, 0.0, 0.0, 1.0, 0.0, 1.0, 0.0, 0.0, 0.0, 0.0]","[-4.0, 18.0, 14.0, 14.0, 0.0, 11.0, 10.0, 10.0, -14.0, 66.0, 11.0, 19.0, 11.0, -11.0, 10.0, 13.0]"
2,1791640050.2452672,"[-0.08712299999999118, 67.32527400000001, 59.85453900000002, 70.04989499999999, -0.08712299999999118, 75.49913699999999, 38.84859, 39.46382700000001, 0.08865900000000693, 61.87603200000001, 59.151410999999996, 67.061601, 24.96181200000001, 95.53828500000003, 68.46785700000001, 53.438496000000015]","[1.0, 6.0, 1.0, 5.0, 0.0, 0.0, 0.0, 0.0, 0.0, 0.0, 0.0, 1.0, 0.0, 0.0, 0.0, 0.0]","[-2.0, 20.0, 14.0, 14.0, 0.0, 11.0, 9.0, 9.0, -15.0, 78.0, 12.0, 21.0, 11.0, -10.0, 10.0, 13.0]"
2,1791640050.4713194,"[-0.08712299999999118, 68.90731199999999, 59.85453900000002, 71.456151, -0.08712299999999118, 75.49913699999999, 38.84859, 39.46382700000001, 0.08865900000000693, 61.260795, 59.06352000000001, 66.885819, 24.96181200000001, 95.53828500000003, 68.46785700000001, 53.438496000000015]","[0.0, 1.0, 1.0, 3.0, 0.0, 0.0, 0.0, 0.0, 0.0, 0.0, 0.0, 0.0, 0.0, 0.0, 0.0, 0.0]","[0.0, 19.0, 14.0, 14.0, 0.0, 11.0, 9.0, 9.0, 14.0, 11.0, 9.0, 9.0, 9.0, -11.0, 11.0, 14.0]"
2,1791640050.6932867,"[-0.08712299999999118, 69.78622200000001, 59.85453900000002, 72.24717000000001, -0.08712299999999118, 75.49913699999999, 38.84859, 39.46382700000001, 0.08865900000000693, 61.260795, 59.06352000000001, 66.97371000000001, 24.96181200000001, 95.53828500000003, 68.46785700000001, 53.438496000000015]","[1.0, 4.0, 1.0, 4.0, 0.0, 0.0, 0.0, 0.0, 0.0, 0.0, 0.0, 2.0, 0.0, 0.0, 0.0, 0.0]","[0.0, 20.0, 14.0, 13.0, 0.0, 11.0, 10.0, 11.0, 14.0, 11.0, 9.0, 9.0, 9.0, -10.0, 11.0, 15.0]"
2,1791640050.9178042,"[-0.08712299999999118, 71.36825999999999, 59.85453900000002, 73.301862, -0.08712299999999118, 75.49913699999999, 38.84859, 39.46382700000001, 0.08865900000000693, 61.260795, 59.06352000000001, 66.885819, 24.96181200000001, 95.53828500000003, 68.46785700000001, 53.438496000000015]","[0.0, 6.0, 1.0, 3.0, 0.0, 0.0, 0.0, 0.0, 1.0, 0.0, 0.0, 1.0, 0.0, 0.0, 0.0, 0.0]","[0.0, 16.0, 12.0, 14.0, 0.0, 11.0, 9.0, 10.0, 13.0, 10.0, 9.0, 10.0, 12.0, -10.0, 10.0, 14.0]"
2,1791640051.1436536,"[-0.08712299999999118, 72.42295200000001, 59.94243, 74.35655400000002, -0.08712299999999118, 75.49913699999999, 38.84859, 39.46382700000001, 0.08865900000000693, 61.260795, 59.06352000000001, 66.97371000000001, 24.96181200000001, 95.53828500000003, 68.46785700000001, 53.438496000000015]","[0.0, 1.0, 0.0, 1.0, 0.0, 0.0, 0.0, 0.0, 0.0, 0.0, 0.0, 1.0, 0.0, 0.0, 0.0, 0.0]","[0.0, 17.0, 3.0, 15.0, 0.0, 11.0, 9.0, 9.0, 13.0, 10.0, 9.0, 9.0, 10.0, -11.0, 10.0, 13.0]"
2,1791640051.3654587,"[-0.08712299999999118, 73.477644, 59.94243, 75.23546400000001, -0.08712299999999118, 75.49913699999999, 38.84859, 39.46382700000001, 0.08865900000000693, 61.260795, 59.06352000000001, 66.97371000000001, 24.96181200000001, 95.53828500000003, 68.46785700000001, 53.438496000000015]","[1.0, 1.0, 1.0, 1.0, 0.0, 0.0, 0.0, 0.0, 0.0, 0.0, 0.0, 1.0, 0.0, 0.0, 0.0, 0.0]","[0.0, 17.0, 0.0, 14.0, 0.0, 11.0, 10.0, 9.0, 14.0, 10.0, 9.0, 9.0, 11.0, -10.0, 10.0, 13.0]"
2,1791640051.591873,"[-0.08712299999999118, 74.53233600000002, 59.94243, 76.37804699999998, -0.08712299999999118, 75.49913699999999, 38.84859, 39.551717999999994, 0.08865900000000693, 61.260795, 59.06352000000001, 66.97371000000001, 24.96181200000001, 95.53828500000003, 68.46785700000001, 53.438496000000015]","[1.0, 1.0, 1.0, 3.0, 0.0, 0.0, 0.0, 1.0, 0.0, 1.0, 0.0, 0.0, 0.0, 0.0, 0.0, 0.0]","[0.0, 17.0, 4.0, 14.0, 0.0, 11.0, 9.0, 4.0, 14.0, 11.0, 9.0, 9.0, 10.0, -11.0, 11.0, 13.0]"
2,1791640051.8131173,"[0.0007679999999936626, 75.76281, 59.94243, 77.08117500000003, -0.08712299999999118, 75.49913699999999, 38.84859, 39.46382700000001, 0.08865900000000693, 61.260795, 59.06352000000001, 66.885819, 24.96181200000001, 95.53828500000003, 68.46785700000001, 53.438496000000015]","[1.0, 2.0, 1.0, 5.0, 0.0, 0.0, 0.0, 1.0, 1.0, 1.0, 0.0, 1.0, 0.0, 0.0, 0.0, 0.0]","[-2.0, 16.0, 0.0, 15.0, 0.0, 11.0, 10.0, 10.0, 14.0, 11.0, 9.0, 10.0, 11.0, -10.0, 11.0, 13.0]"
2,1791640052.0397773,"[-0.08712299999999118, 76.81750199999999, 59.94243, 78.13586700000002, -0.08712299999999118, 75.49913699999999, 38.84859, 39.46382700000001, 0.08865900000000693, 61.260795, 59.06352000000001, 66.97371000000001, 24.96181200000001, 95.53828500000003, 68.46785700000001, 53.438496000000015]","[0.0, 1.0, 0.0, 1.0, 0.0, 0.0, 0.0, 1.0, 0.0, 1.0, 0.0, 1.0, 0.0, 0.0, 0.0, 0.0]","[0.0, 15.0, 0.0, 15.0, 0.0, 11.0, 9.0, 10.0, 14.0, 11.0, 9.0, 10.0, 10.0, -11.0, 11.0, 14.0]"
2,1791640052.263844,"[-0.08712299999999118, 77.96008499999999, 59.94243, 79.36634099999998, -0.08712299999999118, 75.49913699999999, 38.84859, 39.46382700000001, 0.08865900000000693, 61.260795, 59.06352000000001, 66.97371000000001, 24.96181200000001, 95.53828500000003, 68.46785700000001, 53.438496000000015]","[1.0, 3.0, 1.0, 4.0, 0.0, 0.0, 0.0, 0.0, 1.0, 1.0, 0.0, 0.0, 0.0, 0.0, 0.0, 0.0]","[0.0, 14.0, 0.0, 14.0, 0.0, 11.0, 10.0, 9.0, 13.0, 11.0, 9.0, 9.0, 10.0, -11.0, 11.0, 13.0]"
2,1791640052.485213,"[-0.08712299999999118, 78.66321299999998, 59.94243, 80.245251, -0.08712299999999118, 75.49913699999999, 38.84859, 39.46382700000001, 0.08865900000000693, 61.260795, 59.06352000000001, 66.97371000000001, 24.96181200000001, 95.53828500000003, 68.46785700000001, 53.438496000000015]","[0.0, 4.0, 1.0, 4.0, 0.0, 0.0, 0.0, 0.0, 0.0, 1.0, 0.0, 1.0, 0.0, 0.0, 0.0, 0.0]","[0.0, 16.0, 0.0, 15.0, 0.0, 10.0, 9.0, 9.0, 13.0, 11.0, 10.0, 9.0, 9.0, -10.0, 10.0, 13.0]"
2,1791640052.7118037,"[-0.08712299999999118, 79.893687, 59.94243, 81.12416100000002, -0.08712299999999118, 75.49913699999999, 38.84859, 39.46382700000001, 0.08865900000000693, 61.260795, 59.06352000000001, 66.885819, 24.96181200000001, 95.53828500000003, 68.46785700000001, 53.438496000000015]","[0.0, 3.0, 0.0, 1.0, 0.0, 0.0, 0.0, 0.0, 0.0, 1.0, 0.0, 0.0, 0.0, 0.0, 0.0, 0.0]","[0.0, 14.0, 0.0, 15.0, 0.0, 10.0, 10.0, 9.0, 14.0, 11.0, 9.0, 9.0, 10.0, -11.0, 11.0, 13.0]"
2,1791640052.935135,"[-0.08712299999999118, 81.12416100000002, 59.94243, 82.178853, -0.08712299999999118, 75.49913699999999, 38.84859, 39.46382700000001, 0.08865900000000693, 61.260795, 59.06352000000001, 66.97371000000001, 24.96181200000001, 95.53828500000003, 68.46785700000001, 53.438496000000015]","[0.0, 3.0, 1.0, 3.0, 0.0, 0.0, 0.0, 1.0, 0.0, 0.0, 0.0, 0.0, 0.0, 0.0, 0.0, 0.0]","[0.0, 15.0, 0.0, 14.0, 0.0, 11.0, 9.0, 5.0, 13.0, 11.0, 9.0, 9.0, 9.0, -10.0, 11.0, 13.0]"
2,1791640053.1591225,"[-0.08712299999999118, 82.09096199999999, 59.94243, 83.14565399999998, -0.08712299999999118, 75.49913699999999, 38.84859, 39.46382700000001, 0.08865900000000693, 61.260795, 59.06352000000001, 66.885819, 24.96181200000001, 95.53828500000003, 68.46785700000001, 53.438496000000015]","[0.0, 2.0, 1.0, 2.0, 0.0, 0.0, 0.0, 0.0, 0.0, 1.0, 0.0, 1.0, 0.0, 0.0, 0.0, 0.0]","[0.0, 14.0, 0.0, 14.0, 0.0, 11.0, 10.0, 8.0, 13.0, 10.0, 9.0, 9.0, 9.0, -11.0, 10.0, 13.0]"
2,1791640053.38373,"[-0.08712299999999118, 83.321436, 59.94243, 84.11245500000001, -0.08712299999999118, 75.49913699999999, 38.84859, 39.46382700000001, 0.08865900000000693, 61.260795, 59.06352000000001, 66.885819, 24.96181200000001, 95.53828500000003, 68.46785700000001, 53.438496000000015]","[0.0, 2.0, 1.0, 2.0, 0.0, 0.0, 0.0, 1.0, 1.0, 1.0, 0.0, 0.0, 0.0, 0.0, 0.0, 0.0]","[0.0, 13.0, 0.0, 15.0, 0.0, 11.0, 10.0, 9.0, 13.0, 11.0, 10.0, 9.0, 10.0, -11.0, 11.0, 13.0]"
2,1791640053.604863,"[-0.08712299999999118, 84.55191000000002, 59.94243, 85.167147, -0.08712299999999118, 75.49913699999999, 38.84859, 39.46382700000001, 0.08865900000000693, 61.260795, 59.06352000000001, 66.885819, 24.96181200000001, 95.53828500000003, 68.46785700000001, 53.438496000000015]","[0.0, 3.0, 1.0, 1.0, 0.0, 0.0, 0.0, 0.0, 0.0, 1.0, 0.0, 1.0, 0.0, 0.0, 0.0, 0.0]","[0.0, 13.0, 0.0, 14.0, 0.0, 12.0, 10.0, 9.0, 13.0, 11.0, 9.0, 9.0, 10.0, -10.0, 10.0, 13.0]"
2,1791640053.8294995,"[-0.08712299999999118, 85.518711, 59.94243, 86.22183899999999, -0.08712299999999118, 75.49913699999999, 38.84859, 39.46382700000001, 0.08865900000000693, 61.260795, 59.06352000000001, 66.885819, 24.96181200000001, 95.53828500000003, 68.46785700000001, 53.438496000000015]","[0.0, 2.0, 0.0, 2.0, 0.0, 0.0, 0.0, 0.0, 0.0, 1.0, 0.0, 0.0, 0.0, 0.0, 0.0, 0.0]","[0.0, 13.0, 0.0, 15.0, 0.0, 11.0, 10.0, 9.0, 13.0, 11.0, 9.0, 9.0, 10.0, -11.0, 10.0, 13.0]"
2,1791640054.0540493,"[-0.08712299999999118, 86.57340299999998, 59.94243, 87.10074900000001, -0.08712299999999118, 75.49913699999999, 38.84859, 39.46382700000001, 0.08865900000000693, 61.260795, 59.06352000000001, 66.97371000000001, 24.96181200000001, 95.53828500000003, 68.46785700000001, 53.438496000000015]","[0.0, 1.0, 1.0, 1.0, 0.0, 0.0, 0.0, 1.0, 1.0, 1.0, 0.0, 1.0, 0.0, 0.0, 0.0, 0.0]","[0.0, 14.0, 0.0, 16.0, 0.0, 11.0, 9.0, 8.0, 13.0, 10.0, 9.0, 8.0, 9.0, -10.0, 10.0, 13.0]"
2,1791640054.278738,"[-0.08712299999999118, 87.452313, 59.94243, 87.97965900000003, -0.08712299999999118, 75.49913699999999, 38.84859, 39.46382700000001, 0.08865900000000693, 61.260795, 59.06352000000001, 66.885819, 24.96181200000001, 95.53828500000003, 68.46785700000001, 53.438496000000015]","[0.0, 3.0, 1.0, 1.0, 0.0, 0.0, 0.0, 0.0, 0.0, 1.0, 0.0, -1.0, 0.0, 0.0, 0.0, 0.0]","[0.0, 14.0, 0.0, 15.0, 0.0, 10.0, 9.0, 10.0, 13.0, 11.0, 10.0, 9.0, 10.0, -11.0, 10.0, 13.0]"
2,1791640054.5023077,"[-0.08712299999999118, 88.594896, 59.94243, 88.94646, -0.08712299999999118, 75.49913699999999, 38.84859, 39.46382700000001, 0.08865900000000693, 61.260795, 59.06352000000001, 66.97371000000001, 24.96181200000001, 95.53828500000003, 68.46785700000001, 53.438496000000015]","[0.0, 2.0, 1.0, 1.0, 0.0, 0.0, 0.0, 0.0, 0.0, 1.0, 0.0, 0.0, 0.0, 0.0, 0.0, 0.0]","[0.0, 13.0, 0.0, 15.0, 0.0, 10.0, 9.0, 10.0, 14.0, 11.0, 9.0, 9.0, 11.0, -11.0, 11.0, 13.0]"
2,1791640054.7276304,"[-0.08712299999999118, 90.089043, 59.94243, 89.03435100000002, -0.08712299999999118, 75.49913699999999, 38.84859, 39.46382700000001, 0.08865900000000693, 61.260795, 59.06352000000001, 66.97371000000001, 24.96181200000001, 95.53828500000003, 68.46785700000001, 53.438496000000015]","[0.0, 4.0, 1.0, 1.0, 0.0, 0.0, 0.0, 0.0, 0.0, 1.0, 0.0, 1.0, 0.0, 0.0, 0.0, 1.0]","[0.0, 12.0, 0.0, 15.0, 0.0, 10.0, 10.0, 11.0, 14.0, 11.0, 9.0, 9.0, 10.0, -10.0, 10.0, 13.0]"
2,1791640054.948574,"[-0.08712299999999118, 90.96795300000002, 59.94243, 89.03435100000002, -0.08712299999999118, 75.49913699999999, 38.84859, 39.46382700000001, 0.08865900000000693, 61.260795, 59.06352000000001, 66.97371000000001, 24.96181200000001, 95.53828500000003, 68.46785700000001, 53.438496000000015]","[0.0, 2.0, 1.0, 1.0, 0.0, 0.0, 0.0, 0.0, 0.0, 1.0, 0.0, 0.0, 0.0, 0.0, 0.0, 0.0]","[0.0, 12.0, 0.0, 14.0, 0.0, 11.0, 9.0, 10.0, 13.0, 11.0, 9.0, 9.0, 9.0, -10.0, 10.0, 13.0]"
2,1791640055.1742635,"[-0.08712299999999118, 92.19842699999998, 59.94243, 89.03435100000002, -0.08712299999999118, 75.49913699999999, 38.84859, 39.46382700000001, 0.08865900000000693, 61.260795, 59.06352000000001, 66.885819, 24.96181200000001, 95.53828500000003, 68.46785700000001, 53.438496000000015]","[0.0, 2.0, 1.0, 1.0, 0.0, 0.0, 0.0, 0.0, 0.0, 1.0, 0.0, 0.0, 0.0, 0.0, 0.0, 0.0]","[0.0, 11.0, 0.0, 15.0, 0.0, 11.0, 9.0, 10.0, 14.0, 11.0, 10.0, 9.0, 9.0, -10.0, 10.0, 12.0]"
2,1791640055.3996353,"[-0.08712299999999118, 92.81366400000002, 59.94243, 89.12224200000003, -0.08712299999999118, 75.49913699999999, 38.84859, 39.46382700000001, 0.08865900000000693, 61.260795, 59.06352000000001, 66.885819, 24.96181200000001, 95.53828500000003, 68.46785700000001, 53.438496000000015]","[0.0, 0.0, 1.0, 2.0, 0.0, 0.0, 0.0, 0.0, 0.0, 1.0, 0.0, 0.0, 0.0, 0.0, 0.0, 0.0]","[0.0, 12.0, 0.0, 15.0, 0.0, 11.0, 9.0, 10.0, 14.0, 10.0, 9.0, 10.0, 10.0, -10.0, 10.0, 13.0]"
2,1791640055.621654,"[-0.08712299999999118, 92.98944599999999, 59.94243, 89.21013299999998, -0.08712299999999118, 75.49913699999999, 38.84859, 39.46382700000001, 0.08865900000000693, 61.260795, 59.06352000000001, 66.885819, 24.96181200000001, 95.53828500000003, 68.46785700000001, 53.438496000000015]","[0.0, 1.0, 1.0, 1.0, 0.0, 0.0, 0.0, 0.0, 0.0, 1.0, 0.0, 0.0, 0.0, 0.0, 0.0, 0.0]","[0.0, 16.0, 0.0, 15.0, 0.0, 11.0, 9.0, 11.0, 13.0, 11.0, 9.0, 9.0, 9.0, -11.0, 9.0, 13.0]"
3,1791640057.6373975,"[-0.08712299999999118, -4.92112800000001, -1.229705999999993, -0.2629049999999893, -0.08712299999999118, -5.096910000000008, 0.0007679999999936626, -0.35079600000000255, 0.08865900000000693, -4.657454999999999, -0.9660330000000101, 0.26444100000000503, -2.196506999999997, 178.33160700000002, 40.07906399999999, 25.840722]","[1.0, 1.0, 0.0, 1.0, 1.0, 0.0, 1.0, 0.0, 1.0, 1.0, 1.0, 0.0, 1.0, 1.0, 0.0, 0.0]","[0.0, 31.0, 16.0, 13.0, 0.0, 33.0, -10.0, 10.0, -15.0, 31.0, 11.0, -10.0, 15.0, 16.0, -10.0, -15.0]"
3,1791640057.8634226,"[-0.5265780000000007, -4.833236999999997, -1.1418150000000082, -0.08712299999999118, -0.08712299999999118, -4.92112800000001, 0.6160050000000012, -0.2629049999999893, 0.7038960000000145, -4.657454999999999, -0.9660330000000101, 0.3523319999999899, -2.196506999999997, 178.06793399999998, 40.166955, 25.928613000000013]","[0.0, 2.0, 2.0, 1.0, 1.0, 1.0, 1.0, 1.0, 1.0, 1.0, 1.0, 1.0, 1.0, 0.0, 1.0, 1.0]","[-9.0, 47.0, 19.0, 16.0, 0.0, 50.0, 10.0, 13.0, 15.0, 49.0, 13.0, 10.0, 20.0, -12.0, 11.0, 13.0]"
3,1791640058.0864599,"[-1.4054879999999912, -3.339089999999999, 0.0007679999999936626, 0.44022300000000314, -0.08712299999999118, -3.60276300000001, 1.2312420000000088, 0.17654999999999177, 1.1433509999999956, -3.866435999999993, -0.6144689999999855, 0.6160050000000012, -2.196506999999997, 177.71636999999998, 40.43062800000001, 26.368067999999994]","[0.0, 2.0, 2.0, 1.0, 1.0, 1.0, 1.0, 0.0, 6.0, 1.0, 1.0, 1.0, 1.0, 1.0, 1.0, 2.0]","[-9.0, 53.0, 19.0, 17.0, 0.0, 55.0, 11.0, 12.0, 14.0, 62.0, 16.0, 12.0, 25.0, -25.0, 13.0, 14.0]"
3,1791640058.3115017,"[-2.4601800000000082, -1.4054879999999912, 0.8796780000000126, 1.582806000000005, -0.08712299999999118, -2.4601800000000082, 1.846478999999988, 1.407024000000007, 2.813279999999992, -2.372288999999995, 0.26444100000000503, 0.6160050000000012, -2.196506999999997, 176.92535099999998, 41.133756000000005, 27.159087]","[-1.0, 10.0, 1.0, 3.0, 1.0, 9.0, 1.0, 3.0, 3.0, 1.0, 1.0, 1.0, 1.0, 0.0, 2.0, 1.0]","[-9.0, 48.0, 19.0, 16.0, 0.0, 61.0, 12.0, 13.0, 13.0, 69.0, 16.0, 16.0, 33.0, -40.0, 14.0, 15.0]"
3,1791640058.5325751,"[-3.426981000000012, 0.3523319999999899, 1.7585880000000031, 2.549607000000009, -0.08712299999999118, 0.3523319999999899, 2.725389000000007, 2.1101519999999994, 2.901171000000005, -2.372288999999995, 1.3191329999999937, 2.0222610000000145, -2.108616000000012, 173.40971100000002, 42.188447999999994, 28.03799699999999]","[0.0, 1.0, 1.0, 3.0, 1.0, 5.0, 2.0, 2.0, 1.0, 1.0, 1.0, 5.0, 0.0, -6.0, 1.0, 1.0]","[-10.0, 57.0, 20.0, 16.0, 0.0, 54.0, 12.0, 14.0, 15.0, 98.0, 16.0, 14.0, 41.0, -33.0, 13.0, 16.0]"
3,1791640058.7556827,"[-4.393781999999987, 2.4617159999999956, 2.813279999999992, 3.6042989999999975, -0.08712299999999118, 2.0222610000000145, 3.4285169999999994, 3.164843999999988, 4.746881999999999, 2.1101519999999994, 1.846478999999988, 3.164843999999988, -1.229705999999993, 169.894071, 42.979467, 29.180579999999992]","[-2.0, 7.0, 2.0, 3.0, 1.0, 6.0, 1.0, 1.0, 3.0, 7.0, 1.0, 4.0, 13.0, -6.0, 2.0, 3.0]","[-9.0, 49.0, 19.0, 17.0, 0.0, 60.0, 14.0, 14.0, 14.0, 56.0, 17.0, 12.0, 33.0, -30.0, 15.0, 15.0]"
3,1791640058.9832897,"[-5.360582999999991, 4.131644999999992, 3.7800809999999956, 4.483208999999988, -0.08712299999999118, 3.6921900000000107, 4.483208999999988, 4.30742699999999, 5.713683000000003, 4.395318000000003, 2.98906199999999, 4.043754000000007, 0.6160050000000012, 168.31203299999999, 44.297832, 29.268471000000005]","[0.0, 2.0, 3.0, 2.0, 1.0, 1.0, 2.0, 1.0, 3.0, 6.0, 6.0, 1.0, 1.0, 0.0, 3.0, 1.0]","[-9.0, 58.0, 19.0, 16.0, 0.0, 65.0, 13.0, 13.0, 14.0, 53.0, 17.0, 14.0, 33.0, -43.0, 14.0, 15.0]"
3,1791640059.2058506,"[-5.975819999999999, 6.2410289999999975, 4.834773000000013, 5.713683000000003, -0.08712299999999118, 6.153138000000013, 5.362119000000007, 5.186337000000009, 6.504702000000009, 5.9773560000000145, 4.131644999999992, 4.9226639999999975, 1.6706969999999899, 164.708502, 45.440415, 29.268471000000005]","[0.0, 5.0, 4.0, 3.0, 1.0, 3.0, 3.0, 1.0, 3.0, 3.0, 3.0, 1.0, 0.0, -9.0, 2.0, 1.0]","[-11.0, 54.0, 19.0, 15.0, 0.0, 60.0, 13.0, 13.0, 14.0, 62.0, 16.0, 15.0, 32.0, -35.0, 14.0, 14.0]"
3,1791640059.4312558,"[-7.2062939999999855, 8.789868000000013, 5.889465000000001, 5.801573999999988, -0.08712299999999118, 7.823067000000009, 6.2410289999999975, 5.9773560000000145, 7.735175999999996, 8.438303999999988, 5.010555000000011, 6.2410289999999975, 2.4617159999999956, 161.544426, 46.49510699999999, 29.268471000000005]","[-1.0, 4.0, 2.0, 0.0, 1.0, 2.0, 5.0, 6.0, 4.0, 6.0, 1.0, 1.0, 6.0, -7.0, 3.0, 1.0]","[-10.0, 50.0, 20.0, 19.0, 0.0, 59.0, 14.0, 13.0, 14.0, 57.0, 17.0, 13.0, 33.0, -34.0, 13.0, 14.0]"
3,1791640059.6552231,"[-8.260986000000003, 10.108233000000013, 5.889465000000001, 7.647285000000011, -0.08712299999999118, 10.108233000000013, 7.207830000000001, 7.2957210000000146, 7.735175999999996, 9.668778000000003, 6.153138000000013, 7.207830000000001, 3.6921900000000107, 158.46824099999998, 47.37401700000001, 29.268471000000005]","[-2.0, 1.0, 1.0, 4.0, 1.0, 4.0, 0.0, 1.0, 1.0, 1.0, 3.0, 2.0, 5.0, -3.0, 2.0, 1.0]","[-9.0, 60.0, 25.0, 16.0, 0.0, 57.0, 14.0, 14.0, 16.0, 65.0, 16.0, 14.0, 32.0, -38.0, 13.0, 15.0]"
3,1791640060.100182,"[-9.315677999999991, 12.393398999999988, 7.998849000000007, 8.614086000000015, -0.08712299999999118, 11.426598000000013, 8.438303999999988, 8.526195000000001, 9.756668999999988, 9.668778000000003, 7.119938999999988, 8.174631000000005, 4.6589910000000145, 155.47994699999998, 48.51660000000001, 29.268471000000005]","[0.0, 1.0, 1.0, 1.0, 1.0, 1.0, 1.0, 2.0, 1.0, 1.0, 1.0, 1.0, 1.0, 0.0, 1.0, 1.0]","[-10.0, 58.0, 20.0, 17.0, 0.0, 67.0, 13.0, 12.0, 14.0, 93.0, 18.0, 14.0, 34.0, -37.0, 13.0, 14.0]"
3,1791640060.3262339,"[-10.19458800000001, 13.448091000000005, 8.614086000000015, 9.668778000000003, -0.08712299999999118, 13.53598199999999, 9.229322999999994, 9.317214000000007, 9.756668999999988, 13.360199999999992, 7.207830000000001, 9.317214000000007, 6.065246999999999, 152.75532600000003, 49.39551, 29.268471000000005]","[0.0, 1.0, 5.0, 4.0, 1.0, 9.0, 1.0, 1.0, 1.0, 21.0, 1.0, 4.0, 5.0, -6.0, 2.0, 1.0]","[-11.0, 68.0, 20.0, 16.0, 0.0, 60.0, 14.0, 13.0, 16.0, 58.0, 20.0, 13.0, 27.0, -36.0, 13.0, 16.0]"
3,1791640060.5497775,"[-10.985606999999987, 16.260603000000003, 9.932451000000015, 10.723469999999992, -0.08712299999999118, 15.996929999999992, 10.28401500000001, 10.371905999999996, 11.690270999999996, 15.733257000000009, 9.141432000000009, 10.108233000000013, 6.856266000000005, 150.47016000000002, 50.362311000000005, 29.268471000000005]","[-2.0, 9.0, 3.0, 4.0, 1.0, 3.0, 2.0, 3.0, 3.0, 3.0, 3.0, 1.0, 4.0, 0.0, 1.0, 1.0]","[-10.0, 53.0, 19.0, 16.0, 0.0, 58.0, 13.0, 13.0, 14.0, 66.0, 16.0, 14.0, 30.0, -45.0, 14.0, 14.0]"
3,1791640060.773339,"[-12.12818999999999, 18.19420500000001, 10.723469999999992, 10.987143000000003, -0.08712299999999118, 17.75475, 10.723469999999992, 11.162925000000001, 12.657072, 18.106313999999998, 9.492996000000005, 11.162925000000001, 8.174631000000005, 147.393975, 51.417002999999994, 29.268471000000005]","[-2.0, 3.0, 2.0, 5.0, 1.0, 6.0, 7.0, 3.0, 2.0, 3.0, 6.0, 2.0, 4.0, -5.0, 4.0, 1.0]","[-10.0, 59.0, 20.0, 16.0, 0.0, 60.0, 15.0, 15.0, 14.0, 61.0, 17.0, 13.0, 27.0, -41.0, 12.0, 14.0]"
3,1791640060.9978445,"[-13.094990999999993, 20.39148, 11.690270999999996, 12.744963000000013, -0.08712299999999118, 20.039916000000005, 12.21761699999999, 12.393398999999988, 13.360199999999992, 19.336788000000013, 10.89925199999999, 12.129726000000005, 9.141432000000009, 144.05411700000002, 52.383804, 29.268471000000005]","[0.0, 5.0, 2.0, 3.0, 1.0, 2.0, 1.0, 2.0, 6.0, 1.0, 1.0, 1.0, 1.0, -7.0, 3.0, 1.0]","[-11.0, 54.0, 20.0, 14.0, 0.0, 59.0, 14.0, 14.0, 14.0, 71.0, 19.0, 12.0, 30.0, -38.0, 12.0, 15.0]"
3,1791640061.2231212,"[-14.237573999999995, 22.237190999999996, 12.832853999999998, 13.53598199999999, -0.08712299999999118, 20.12780699999999, 13.272309000000007, 13.448091000000005, 14.678564999999992, 19.336788000000013, 11.426598000000013, 13.184417999999994, 9.141432000000009, 140.977932, 53.350605, 29.268471000000005]","[0.0, 1.0, 3.0, 2.0, 1.0, 1.0, 1.0, 2.0, 2.0, 1.0, 5.0, 2.0, 1.0, 0.0, 3.0, 1.0]","[-10.0, 58.0, 19.0, 17.0, 0.0, 80.0, 13.0, 13.0, 14.0, 97.0, 18.0, 13.0, 34.0, -42.0, 13.0, 14.0]"
3,1791640061.447054,"[-15.204374999999999, 23.731337999999994, 13.887546000000015, 14.414892000000009, -0.08712299999999118, 24.434466000000015, 14.327000999999996, 14.414892000000009, 15.645365999999996, 22.237190999999996, 12.92074500000001, 13.887546000000015, 11.426598000000013, 137.72596500000003, 54.40529699999999, 29.268471000000005]","[-1.0, 8.0, 2.0, 4.0, 1.0, 7.0, 3.0, 1.0, 3.0, 28.0, 4.0, 2.0, 6.0, -6.0, 1.0, 1.0]","[-10.0, 57.0, 19.0, 16.0, 0.0, 52.0, 14.0, 14.0, 14.0, 63.0, 17.0, 15.0, 29.0, -35.0, 12.0, 15.0]"
3,1791640061.6710236,"[-16.434848999999986, 26.71963199999999, 14.942238000000003, 15.55747500000001, -0.08712299999999118, 25.225484999999992, 15.381693000000013, 15.733257000000009, 16.787948999999998, 26.895413999999988, 14.151218999999998, 15.118020000000001, 11.690270999999996, 134.561889, 55.635771000000005, 29.268471000000005]","[0.0, 8.0, 3.0, 2.0, 1.0, 8.0, 2.0, 3.0, 3.0, 2.0, 3.0, 4.0, 1.0, -6.0, 2.0, 1.0]","[-9.0, 49.0, 19.0, 16.0, 0.0, 62.0, 14.0, 12.0, 13.0, 52.0, 17.0, 13.0, 31.0, -34.0, 13.0, 15.0]"
3,1791640061.8950877,"[-17.40164999999999, 28.829015999999996, 15.909039000000007, 16.524276000000015, -0.08712299999999118, 28.477452, 16.524276000000015, 16.787948999999998, 17.666858999999988, 28.565343000000013, 15.118020000000001, 15.996929999999992, 13.272309000000007, 131.046249, 56.60257200000001, 29.268471000000005]","[-2.0, 4.0, 3.0, 3.0, 1.0, 1.0, 3.0, 1.0, 1.0, 1.0, 4.0, 1.0, 1.0, -3.0, 2.0, 1.0]","[-10.0, 47.0, 19.0, 17.0, 0.0, 53.0, 13.0, 13.0, 14.0, 55.0, 16.0, 13.0, 30.0, -33.0, 12.0, 14.0]"
3,1791640062.119086,"[-18.632124000000005, 31.202073000000013, 17.139512999999994, 17.403186000000005, -0.08712299999999118, 29.971598999999998, 17.578968000000003, 17.75475, 18.545769000000007, 28.565343000000013, 16.260603000000003, 17.227404000000007, 14.327000999999996, 127.79428200000001, 57.74515500000001, 29.35636199999999]","[-2.0, 7.0, 5.0, 2.0, 1.0, 3.0, 5.0, 3.0, 2.0, 1.0, 4.0, 3.0, 1.0, -3.0, 3.0, 1.0]","[-9.0, 45.0, 17.0, 17.0, 0.0, 61.0, 13.0, 12.0, 14.0, 80.0, 16.0, 12.0, 29.0, -30.0, 13.0, 15.0]"
3,1791640062.3420753,"[-19.59892500000001, 32.87200200000001, 18.018423000000013, 18.545769000000007, -0.08712299999999118, 32.256765, 18.36998700000001, 18.545769000000007, 19.600460999999996, 32.959892999999994, 17.315294999999992, 17.842641000000015, 15.381693000000013, 125.15755200000001, 58.88773800000001, 29.35636199999999]","[-2.0, 6.0, 2.0, 3.0, 1.0, 12.0, 1.0, 2.0, 2.0, 14.0, 4.0, 6.0, 1.0, -3.0, 5.0, 1.0]","[-9.0, 49.0, 18.0, 15.0, 0.0, 53.0, 13.0, 14.0, 14.0, 46.0, 15.0, 14.0, 28.0, -31.0, 11.0, 14.0]"
3,1791640062.5641956,"[-20.565726000000012, 35.33295000000001, 19.161006000000015, 19.51257000000001, -0.08712299999999118, 34.62982199999999, 19.336788000000013, 19.68835200000001, 20.567262, 33.399348, 18.545769000000007, 19.161006000000015, 15.381693000000013, 122.69660399999998, 59.85453900000002, 29.35636199999999]","[-2.0, 4.0, 1.0, 3.0, 1.0, 3.0, 3.0, 2.0, 3.0, 1.0, 3.0, 2.0, 1.0, -1.0, 2.0, 1.0]","[-9.0, 48.0, 19.0, 16.0, 0.0, 53.0, 14.0, 11.0, 14.0, 68.0, 15.0, 11.0, 28.0, -37.0, 12.0, 14.0]"
3,1791640062.7909174,"[-21.7962, 37.178661000000005, 20.303588999999988, 20.12780699999999, -0.08712299999999118, 36.739205999999996, 20.215698000000003, 20.655153000000013, 21.885627, 37.26655199999999, 19.424678999999998, 20.303588999999988, 15.381693000000013, 118.91729099999998, 60.82133999999999, 29.35636199999999]","[-1.0, 3.0, 3.0, 5.0, 1.0, 8.0, 1.0, 1.0, 3.0, 10.0, 4.0, 2.0, 1.0, -6.0, 2.0, 1.0]","[-9.0, 45.0, 18.0, 17.0, 0.0, 45.0, 14.0, 13.0, 15.0, 44.0, 15.0, 11.0, 28.0, -29.0, 12.0, 15.0]"
3,1791640063.0122185,"[-22.763001000000003, 39.46382700000001, 21.358281000000005, 21.709845, -0.08712299999999118, 38.84859, 21.00671700000001, 21.709845, 22.412972999999994, 37.354443, 20.655153000000013, 21.270389999999992, 15.381693000000013, 115.57743299999998, 61.963922999999994, 29.35636199999999]","[-2.0, 6.0, 3.0, 3.0, 1.0, 7.0, 1.0, 4.0, 1.0, 0.0, 2.0, 3.0, 1.0, -5.0, 4.0, 1.0]","[-9.0, 41.0, 17.0, 15.0, 0.0, 48.0, 15.0, 12.0, 14.0, 70.0, 15.0, 13.0, 27.0, -28.0, 12.0, 15.0]"
3,1791640063.236479,"[-23.905584000000005, 41.39742899999999, 22.500864000000007, 22.588754999999992, 0.0007679999999936626, 41.04586499999999, 21.885627, 22.76453699999999, 23.819229000000007, 41.661102, 21.534063000000003, 22.32508200000001, 15.381693000000013, 112.41335700000002, 62.754942, 29.35636199999999]","[0.0, 1.0, 1.0, 2.0, 1.0, 8.0, 2.0, 3.0, 4.0, 13.0, 3.0, 1.0, 1.0, -4.0, 1.0, 1.0]","[-8.0, 44.0, 18.0, 16.0, -11.0, 42.0, 16.0, 12.0, 13.0, 40.0, 14.0, 13.0, 27.0, -27.0, 13.0, 14.0]"
3,1791640063.4592583,"[-24.87238500000001, 43.85837699999999, 23.379773999999998, 23.291883000000013, 0.0007679999999936626, 43.59470400000001, 22.676646000000005, 23.555555999999996, 24.873920999999996, 43.59470400000001, 22.76453699999999, 23.291883000000013, 15.469583999999998, 109.249281, 63.985416000000015, 29.35636199999999]","[-1.0, 9.0, 1.0, 4.0, 1.0, 3.0, 2.0, 1.0, 1.0, 4.0, 2.0, 4.0, 1.0, -2.0, 3.0, 1.0]","[-8.0, 39.0, 18.0, 16.0, -12.0, 45.0, 16.0, 12.0, 13.0, 45.0, 15.0, 13.0, 26.0, -26.0, 11.0, 15.0]"
3,1791640063.6870005,"[-25.927076999999997, 46.143542999999994, 24.258683999999988, 24.698138999999998, 0.0007679999999936626, 46.05565200000001, 23.64344700000001, 24.78603000000001, 25.840722, 46.31932499999999, 23.64344700000001, 24.258683999999988, 15.55747500000001, 105.909423, 64.864326, 29.35636199999999]","[-3.0, 4.0, 1.0, 4.0, 1.0, 7.0, 1.0, 1.0, 3.0, 4.0, 1.0, 3.0, 1.0, -7.0, 3.0, 1.0]","[0.0, 45.0, 18.0, 15.0, -12.0, 36.0, 17.0, 12.0, 14.0, 38.0, 15.0, 12.0, 27.0, -22.0, 12.0, 15.0]"
3,1791640063.908215,"[-26.981768999999986, 48.34081800000001, 25.40126699999999, 25.66494, 0.0007679999999936626, 47.901363, 24.96181200000001, 25.66494, 26.983305, 48.077145, 24.873920999999996, 25.752831000000015, 15.55747500000001, 102.56956500000001, 66.00690900000001, 29.35636199999999]","[-2.0, 6.0, 4.0, 3.0, 1.0, 3.0, 5.0, 1.0, 1.0, 4.0, 2.0, 5.0, 0.0, -6.0, 2.0, 1.0]","[0.0, 35.0, 18.0, 16.0, -12.0, 42.0, 15.0, 13.0, 0.0, 38.0, 15.0, 11.0, 27.0, -20.0, 11.0, 14.0]"
3,1791640064.1335335,"[-27.94856999999999, 50.45020199999999, 26.28017700000001, 26.71963199999999, 0.0007679999999936626, 50.098637999999994, 25.840722, 26.895413999999988, 27.950106000000005, 50.889657, 25.928613000000013, 26.455959000000007, 15.55747500000001, 99.31759799999998, 67.14949200000001, 29.35636199999999]","[0.0, 3.0, 1.0, 3.0, 1.0, 4.0, 1.0, 3.0, 1.0, 8.0, 4.0, 2.0, 0.0, -2.0, 2.0, 1.0]","[0.0, 35.0, 18.0, 16.0, -12.0, 40.0, 15.0, 12.0, 0.0, 32.0, 13.0, 12.0, 27.0, -19.0, 11.0, 15.0]"
3,1791640064.3548806,"[-28.82748000000001, 52.735367999999994, 27.246978000000013, 27.774324000000007, 0.0007679999999936626, 52.47169500000001, 27.071196000000015, 27.42276000000001, 29.004797999999994, 52.29591300000001, 26.895413999999988, 27.774324000000007, 15.55747500000001, 95.88984900000003, 68.29207500000001, 29.35636199999999]","[0.0, 8.0, 2.0, 2.0, 1.0, 4.0, 1.0, 1.0, 1.0, 2.0, 2.0, 2.0, 1.0, -3.0, 3.0, 1.0]","[-9.0, 29.0, 19.0, 15.0, -12.0, 37.0, 14.0, 13.0, -6.0, 38.0, 14.0, 11.0, 27.0, -17.0, 11.0, 15.0]"
3,1791640064.5828533,"[-29.882171999999997, 55.28420700000001, 28.30167, 28.829015999999996, 0.0007679999999936626, 54.66897, 28.30167, 28.565343000000013, 30.05949000000001, 54.844752, 28.03799699999999, 28.74112500000001, 15.645365999999996, 92.725773, 69.08309400000002, 29.35636199999999]","[-2.0, 3.0, 1.0, 1.0, 1.0, 4.0, 3.0, 3.0, 1.0, 9.0, 3.0, 2.0, 1.0, -4.0, 2.0, 1.0]","[-8.0, 30.0, 17.0, 16.0, -12.0, 35.0, 13.0, 11.0, 0.0, 29.0, 13.0, 11.0, 26.0, -18.0, 11.0, 14.0]"
3,1791640064.806775,"[-30.936863999999986, 57.3057, 29.268471000000005, 29.883708000000013, 0.0007679999999936626, 57.04202699999999, 29.444253000000003, 29.795817, 31.114182, 56.42679000000001, 29.180579999999992, 29.883708000000013, 15.645365999999996, 90.00115199999999, 70.137786, 29.35636199999999]","[0.0, 6.0, 2.0, 4.0, 0.0, 5.0, 4.0, 3.0, 1.0, 1.0, 3.0, 2.0, 1.0, -3.0, 3.0, 1.0]","[0.0, 31.0, 17.0, 16.0, -11.0, 30.0, 14.0, 11.0, -13.0, 36.0, 12.0, 11.0, 27.0, -19.0, 11.0, 14.0]"
3,1791640065.030805,"[-31.991556000000003, 59.327192999999994, 30.498944999999992, 30.9384, 0.08865900000000693, 59.151410999999996, 30.586836000000005, 30.762618000000003, 32.080983, 56.954136000000005, 30.05949000000001, 30.850508999999988, 15.645365999999996, 86.74918500000001, 71.36825999999999, 29.35636199999999]","[-2.0, 1.0, 1.0, 1.0, 1.0, 6.0, 3.0, 2.0, 0.0, 10.0, 3.0, 1.0, 1.0, -5.0, 3.0, 1.0]","[0.0, 30.0, 17.0, 16.0, -12.0, 28.0, 12.0, 12.0, 0.0, 43.0, 14.0, 11.0, 24.0, -17.0, 11.0, 14.0]"
3,1791640065.2547436,"[-32.95835700000001, 61.612359, 31.465745999999996, 31.905201000000005, 0.0007679999999936626, 61.612359, 31.729419000000007, 31.905201000000005, 33.13567499999999, 61.52446800000001, 31.114182, 31.99309199999999, 16.436385, 83.49721799999998, 72.42295200000001, 29.35636199999999]","[0.0, 7.0, 2.0, 2.0, 0.0, 5.0, 2.0, 1.0, 1.0, 4.0, 2.0, 2.0, 1.0, -5.0, 3.0, 1.0]","[0.0, 26.0, 17.0, 15.0, -12.0, 26.0, 12.0, 11.0, -3.0, 29.0, 13.0, 11.0, 20.0, -16.0, 10.0, 15.0]"
3,1791640065.4788916,"[-34.013048999999995, 64.073307, 32.608329, 32.959892999999994, 0.0007679999999936626, 63.985416000000015, 32.784110999999996, 32.87200200000001, 34.102475999999996, 63.63385199999999, 32.344656000000015, 32.69622000000001, 16.524276000000015, 82.530417, 73.38975300000001, 29.35636199999999]","[-2.0, 4.0, 3.0, 3.0, 1.0, 5.0, 3.0, 2.0, 1.0, 3.0, 5.0, 3.0, 1.0, -1.0, 2.0, 1.0]","[0.0, 23.0, 16.0, 14.0, -12.0, 23.0, 12.0, 12.0, -14.0, 28.0, 12.0, 12.0, 20.0, -17.0, 11.0, 14.0]"
3,1791640065.700066,"[-35.06774100000001, 66.182691, 33.750912, 34.102475999999996, 0.08865900000000693, 66.358473, 34.01458500000001, 34.01458500000001, 35.069277, 65.919018, 33.399348, 33.750912, 16.524276000000015, 82.530417, 74.53233600000002, 29.35636199999999]","[0.0, 7.0, 4.0, 3.0, 0.0, 5.0, 4.0, 5.0, 1.0, 3.0, 4.0, 2.0, 0.0, 0.0, 2.0, 1.0]","[0.0, 21.0, 16.0, 13.0, -12.0, 22.0, 12.0, 11.0, 0.0, 26.0, 11.0, 11.0, 22.0, -17.0, 10.0, 14.0]"
3,1791640065.9239628,"[-35.946651, 66.534255, 34.717713, 35.069277, 0.08865900000000693, 68.379966, 34.102475999999996, 34.893495, 36.036078, 65.919018, 34.45403999999999, 34.717713, 16.524276000000015, 82.530417, 75.411246, 29.35636199999999]","[-2.0, 1.0, 1.0, 2.0, 1.0, 5.0, 1.0, 2.0, 1.0, 1.0, 1.0, 1.0, 0.0, 0.0, 1.0, 1.0]","[-9.0, 20.0, 16.0, 15.0, -12.0, 21.0, 11.0, 12.0, -10.0, 26.0, 12.0, 11.0, 23.0, -17.0, 11.0, 14.0]"
3,1791640066.148538,"[-37.00134299999999, 66.534255, 35.77240499999999, 35.94818699999999, 0.0007679999999936626, 70.665132, 34.102475999999996, 35.94818699999999, 37.00287900000001, 65.919018, 35.420840999999996, 35.245059, 16.700058000000013, 82.530417, 76.64172000000002, 29.35636199999999]","[-1.0, 0.0, 1.0, 4.0, 0.0, 4.0, 1.0, 1.0, 1.0, 0.0, 2.0, 1.0, 1.0, 0.0, 2.0, 1.0]","[1.0, 21.0, 15.0, 15.0, -12.0, 19.0, 11.0, 12.0, 0.0, 27.0, 11.0, 13.0, 21.0, -17.0, 11.0, 14.0]"
3,1791640066.3713803,"[-37.968143999999995, 66.534255, 36.82709700000001, 36.82709700000001, 0.08865900000000693, 71.71982400000002, 34.102475999999996, 36.914987999999994, 38.057570999999996, 65.919018, 36.47553300000001, 36.739205999999996, 16.700058000000013, 82.530417, 77.69641200000001, 29.35636199999999]","[-1.0, 0.0, 0.0, 1.0, 0.0, 3.0, 1.0, 1.0, 1.0, 1.0, 3.0, 3.0, 1.0, 0.0, 2.0, 2.0]","[-9.0, 21.0, 16.0, 16.0, -11.0, 19.0, 11.0, 12.0, 0.0, 26.0, 12.0, 11.0, 22.0, -16.0, 10.0, 14.0]"
3,1791640066.5986288,"[-38.847053999999986, 66.534255, 37.881789, 37.96968000000001, 0.0007679999999936626, 71.71982400000002, 34.102475999999996, 37.96968000000001, 39.024372, 66.00690900000001, 37.44233399999999, 37.44233399999999, 16.700058000000013, 82.530417, 78.66321299999998, 29.707926000000015]","[0.0, 0.0, 2.0, 3.0, 1.0, 1.0, 1.0, 1.0, 1.0, 1.0, 1.0, 1.0, 1.0, 0.0, 2.0, 1.0]","[-8.0, 21.0, 16.0, 15.0, -12.0, 20.0, 12.0, 12.0, 0.0, 26.0, 12.0, 12.0, 21.0, -17.0, 10.0, 14.0]"
3,1791640066.821818,"[-40.077528, 66.534255, 38.936481000000015, 38.76069899999999, 0.0007679999999936626, 71.71982400000002, 34.102475999999996, 39.11226300000001, 39.991173, 65.919018, 38.672808, 38.672808, 16.700058000000013, 82.530417, 79.71790500000003, 29.707926000000015]","[0.0, 0.0, 1.0, 2.0, 0.0, 1.0, 1.0, 3.0, 1.0, 1.0, 3.0, 2.0, 1.0, 0.0, 3.0, 1.0]","[-7.0, 21.0, 16.0, 16.0, -12.0, 24.0, 11.0, 12.0, 13.0, 26.0, 12.0, 12.0, 21.0, -17.0, 9.0, 13.0]"
3,1791640067.0444095,"[-40.78065599999999, 66.62214600000001, 40.07906399999999, 39.815391000000005, 0.08865900000000693, 71.71982400000002, 34.102475999999996, 39.991173, 40.95797400000001, 66.00690900000001, 39.46382700000001, 39.63960900000001, 16.700058000000013, 82.530417, 80.684706, 29.707926000000015]","[-2.0, 1.0, 3.0, 3.0, 0.0, 1.0, 1.0, 3.0, 1.0, 1.0, 2.0, 1.0, 1.0, 0.0, 4.0, 1.0]","[-9.0, 20.0, 16.0, 15.0, -11.0, 21.0, 11.0, 11.0, 8.0, 26.0, 12.0, 12.0, 22.0, -17.0, 10.0, 14.0]"
3,1791640067.267899,"[-42.09902099999999, 66.534255, 41.04586499999999, 40.694300999999996, 0.0007679999999936626, 71.71982400000002, 34.102475999999996, 40.870082999999994, 41.661102, 66.00690900000001, 40.43062800000001, 40.78219200000001, 16.700058000000013, 82.530417, 81.47572500000001, 29.707926000000015]","[0.0, 0.0, 1.0, 1.0, 1.0, 1.0, 1.0, 1.0, 1.0, 1.0, 3.0, 3.0, 1.0, 0.0, 2.0, 1.0]","[2.0, 21.0, 15.0, 16.0, -12.0, 21.0, 11.0, 12.0, 14.0, 26.0, 11.0, 11.0, 21.0, -17.0, 11.0, 14.0]"
3,1791640067.4939933,"[-43.065822, 66.534255, 42.188447999999994, 41.74899300000001, 0.08865900000000693, 71.71982400000002, 34.102475999999996, 42.012665999999996, 43.06735800000001, 66.00690900000001, 41.661102, 41.661102, 16.700058000000013, 82.530417, 82.26674400000002, 29.707926000000015]","[0.0, 1.0, 3.0, 3.0, 1.0, 1.0, 1.0, 3.0, 1.0, 1.0, 3.0, 1.0, 1.0, 0.0, 1.0, 1.0]","[0.0, 21.0, 15.0, 16.0, -12.0, 20.0, 11.0, 12.0, 0.0, 26.0, 11.0, 12.0, 22.0, -17.0, 11.0, 14.0]"
3,1791640067.71848,"[-44.032623, 66.534255, 43.155249, 42.891576000000015, 0.08865900000000693, 71.71982400000002, 34.102475999999996, 42.979467, 44.03415899999999, 66.00690900000001, 42.627903, 42.891576000000015, 16.700058000000013, 82.530417, 82.26674400000002, 29.707926000000015]","[0.0, 0.0, 1.0, 4.0, 0.0, 1.0, 1.0, 1.0, 1.0, 1.0, 4.0, 3.0, 1.0, 0.0, 1.0, 1.0]","[0.0, 21.0, 16.0, 16.0, -11.0, 21.0, 12.0, 11.0, 0.0, 26.0, 11.0, 11.0, 22.0, -17.0, 14.0, 14.0]"
3,1791640067.942122,"[-45.08731499999999, 66.62214600000001, 44.297832, 43.770486000000005, 0.0007679999999936626, 71.71982400000002, 34.102475999999996, 43.946268, 45.00095999999999, 66.00690900000001, 43.68259499999999, 43.85837699999999, 16.700058000000013, 82.530417, 82.61830800000001, 29.707926000000015]","[0.0, 1.0, 4.0, 4.0, 0.0, 0.0, 1.0, 1.0, 1.0, 1.0, 3.0, 2.0, 1.0, 0.0, 1.0, 1.0]","[0.0, 21.0, 15.0, 15.0, -12.0, 22.0, 12.0, 10.0, -6.0, 25.0, 11.0, 10.0, 22.0, -17.0, 16.0, 14.0]"
3,1791640068.1665785,"[-46.05411599999999, 66.62214600000001, 45.088851000000005, 45.00095999999999, 0.0007679999999936626, 71.71982400000002, 34.102475999999996, 45.088851000000005, 45.967760999999996, 66.00690900000001, 44.73728700000001, 45.088851000000005, 16.700058000000013, 82.530417, 82.79408999999998, 29.620035]","[0.0, 0.0, 1.0, 4.0, 0.0, 1.0, 1.0, 3.0, 0.0, 1.0, 4.0, 2.0, 1.0, 0.0, 0.0, 1.0]","[0.0, 21.0, 15.0, 14.0, -12.0, 21.0, 11.0, 11.0, -4.0, 26.0, 11.0, 10.0, 21.0, -17.0, 20.0, 13.0]"
3,1791640068.3905206,"[-47.020917, 66.62214600000001, 46.05565200000001, 45.87987000000001, 0.0007679999999936626, 71.71982400000002, 34.102475999999996, 45.791979, 46.934562, 66.00690900000001, 45.616197, 46.143542999999994, 16.700058000000013, 82.530417, 82.96987200000001, 29.620035]","[0.0, 1.0, 2.0, 2.0, 1.0, 1.0, 1.0, 1.0, 0.0, 1.0, 2.0, 4.0, 1.0, 1.0, 1.0, 0.0]","[0.0, 21.0, 15.0, 15.0, -12.0, 22.0, 11.0, 11.0, 0.0, 25.0, 12.0, 11.0, 21.0, -17.0, 24.0, 13.0]"
3,1791640068.6120462,"[-47.72404499999999, 66.62214600000001, 47.110344, 47.19823500000001, 0.0007679999999936626, 71.71982400000002, 34.102475999999996, 47.02245300000001, 48.077145, 66.00690900000001, 46.75878, 47.110344, 16.700058000000013, 82.44252599999999, 83.23354499999999, 29.620035]","[-1.0, 1.0, 1.0, 2.0, 0.0, 0.0, 1.0, 3.0, 1.0, 0.0, 3.0, 2.0, 1.0, 1.0, 1.0, 0.0]","[-9.0, 21.0, 15.0, 15.0, -12.0, 21.0, 11.0, 10.0, -14.0, 25.0, 10.0, 11.0, 21.0, -17.0, 29.0, 14.0]"
3,1791640068.8384824,"[-49.04240999999999, 66.62214600000001, 47.98925399999999, 48.165036000000015, 0.08865900000000693, 71.71982400000002, 34.102475999999996, 47.901363, 49.043946000000005, 66.00690900000001, 47.725581000000005, 48.252927, 16.612167, 82.44252599999999, 83.40932700000002, 29.532143999999988]","[-2.0, 1.0, 1.0, 1.0, 1.0, 1.0, 1.0, 1.0, 0.0, 1.0, 2.0, 3.0, 0.0, 0.0, 1.0, 0.0]","[0.0, 20.0, 16.0, 14.0, -12.0, 20.0, 11.0, 12.0, -14.0, 27.0, 11.0, 10.0, 22.0, -16.0, 35.0, 15.0]"
3,1791640069.0618744,"[-49.833428999999995, 66.62214600000001, 49.043946000000005, 49.219728, 0.08865900000000693, 71.71982400000002, 34.102475999999996, 48.86816400000001, 49.922855999999996, 66.00690900000001, 48.51660000000001, 49.043946000000005, 16.612167, 82.44252599999999, 83.40932700000002, 29.532143999999988]","[0.0, 1.0, 3.0, 2.0, 1.0, 0.0, 1.0, 1.0, 0.0, 1.0, 1.0, 2.0, 0.0, 0.0, 0.0, 0.0]","[-9.0, 21.0, 15.0, 15.0, -12.0, 21.0, 11.0, 11.0, 0.0, 26.0, 12.0, 11.0, 21.0, -16.0, 44.0, 15.0]"
3,1791640069.283613,"[-50.80023, 66.62214600000001, 49.922855999999996, 50.45020199999999, 0.08865900000000693, 71.71982400000002, 34.102475999999996, 50.01074700000001, 51.065439, 66.00690900000001, 49.65918300000001, 50.18652900000001, 16.436385, 82.44252599999999, 83.321436, 29.532143999999988]","[0.0, 1.0, 1.0, 1.0, 1.0, 1.0, 1.0, 3.0, 0.0, 1.0, 3.0, 3.0, 0.0, 0.0, 0.0, 0.0]","[-9.0, 21.0, 16.0, 13.0, -12.0, 21.0, 11.0, 11.0, -3.0, 25.0, 11.0, 11.0, 10.0, 9.0, 10.0, 14.0]"
3,1791640069.5104065,"[-51.767031, 66.62214600000001, 50.889657, 51.417002999999994, 0.0007679999999936626, 71.71982400000002, 34.102475999999996, 50.713875, 52.03224, 66.00690900000001, 50.62598400000002, 50.97754800000001, 16.436385, 82.44252599999999, 83.321436, 29.532143999999988]","[0.0, 1.0, 1.0, 2.0, 0.0, 0.0, 1.0, 5.0, 1.0, 1.0, 1.0, 2.0, 0.0, 0.0, 0.0, 0.0]","[-10.0, 21.0, 16.0, 14.0, -12.0, 21.0, 11.0, 11.0, 0.0, 26.0, 11.0, 10.0, 11.0, 11.0, 10.0, 13.0]"
3,1791640069.7343545,"[-52.82172299999999, 66.62214600000001, 52.03224, 52.29591300000001, 0.0007679999999936626, 71.71982400000002, 34.102475999999996, 51.59278499999999, 53.08693199999999, 66.00690900000001, 51.76856699999999, 52.03224, 16.348493999999988, 82.44252599999999, 83.321436, 29.532143999999988]","[-3.0, 1.0, 2.0, 1.0, 0.0, 0.0, 1.0, 1.0, 1.0, 1.0, 1.0, 2.0, 1.0, 0.0, 0.0, 0.0]","[-9.0, 21.0, 16.0, 14.0, -12.0, 21.0, 11.0, 13.0, 0.0, 25.0, 11.0, 12.0, 11.0, 9.0, 11.0, 12.0]"
3,1791640069.9577436,"[-53.876414999999994, 66.62214600000001, 52.999041000000005, 53.438496000000015, 0.0007679999999936626, 71.71982400000002, 34.102475999999996, 52.03224, 54.053732999999994, 66.00690900000001, 52.64747700000001, 52.999041000000005, 16.436385, 82.530417, 83.321436, 29.532143999999988]","[-1.0, 1.0, 3.0, 3.0, 0.0, 0.0, 1.0, 1.0, 1.0, 1.0, 2.0, 3.0, 0.0, 1.0, 0.0, 0.0]","[-9.0, 21.0, 15.0, 14.0, -12.0, 21.0, 11.0, 13.0, 0.0, 26.0, 12.0, 11.0, 10.0, 0.0, 11.0, 13.0]"
3,1791640070.1823115,"[-54.491652, 66.62214600000001, 53.96584200000001, 54.14162400000001, -0.08712299999999118, 71.71982400000002, 34.102475999999996, 52.82325900000001, 55.020534, 66.00690900000001, 53.61427800000001, 53.79006000000001, 16.348493999999988, 82.530417, 83.321436, 29.532143999999988]","[0.0, 1.0, 4.0, 6.0, 0.0, 0.0, 1.0, 1.0, 1.0, 1.0, 2.0, 1.0, 0.0, 0.0, 0.0, 0.0]","[-9.0, 21.0, 16.0, 14.0, 0.0, 21.0, 11.0, 15.0, -12.0, 25.0, 11.0, 11.0, 10.0, 5.0, 10.0, 13.0]"
3,1791640070.4044394,"[-55.546344000000005, 66.62214600000001, 55.10842500000001, 55.45998900000001, -0.08712299999999118, 71.71982400000002, 34.01458500000001, 53.61427800000001, 56.163117, 66.00690900000001, 54.756861000000015, 55.020534, 16.348493999999988, 82.44252599999999, 83.321436, 29.532143999999988]","[-1.0, 1.0, 3.0, 2.0, 0.0, 0.0, 1.0, 2.0, 0.0, 1.0, 3.0, 1.0, 1.0, 0.0, 0.0, 0.0]","[-10.0, 21.0, 15.0, 14.0, 0.0, 22.0, 11.0, 15.0, -14.0, 25.0, 11.0, 10.0, 10.0, 9.0, 11.0, 13.0]"
3,1791640070.6302917,"[-56.425253999999995, 66.62214600000001, 55.987335, 56.338899, -0.08712299999999118, 71.71982400000002, 34.01458500000001, 53.61427800000001, 57.04202699999999, 66.00690900000001, 55.54787999999999, 55.89944400000002, 16.348493999999988, 82.530417, 83.321436, 29.532143999999988]","[0.0, 1.0, 1.0, 3.0, 1.0, 0.0, 0.0, 1.0, 1.0, 1.0, 2.0, 1.0, 0.0, 1.0, 0.0, 0.0]","[-10.0, 21.0, 15.0, 14.0, 0.0, 21.0, 11.0, 19.0, -10.0, 26.0, 12.0, 11.0, 11.0, 2.0, 10.0, 14.0]"
3,1791640070.8545709,"[-57.128382, 66.710037, 56.954136000000005, 57.129918, -0.08712299999999118, 71.631933, 34.01458500000001, 54.58107900000002, 57.92093700000001, 66.00690900000001, 56.514680999999996, 56.86624499999999, 16.348493999999988, 82.530417, 83.321436, 29.532143999999988]","[-1.0, 1.0, 2.0, 1.0, 1.0, 0.0, 0.0, 1.0, 1.0, 1.0, 2.0, 1.0, 1.0, 0.0, 0.0, 0.0]","[-10.0, 20.0, 16.0, 15.0, 10.0, 22.0, 12.0, 21.0, 0.0, 26.0, 11.0, 11.0, 10.0, 4.0, 10.0, 13.0]"
3,1791640071.0759437,"[-58.71042, 66.710037, 58.008827999999994, 58.18460999999999, -0.08712299999999118, 71.28036900000001, 33.926694, 54.58107900000002, 58.975629, 66.00690900000001, 57.56937300000001, 58.008827999999994, 16.348493999999988, 82.44252599999999, 83.321436, 29.532143999999988]","[-2.0, 1.0, 2.0, 3.0, 1.0, 1.0, 0.0, 0.0, 1.0, 1.0, 2.0, 3.0, 1.0, 0.0, 0.0, 0.0]","[-9.0, 20.0, 16.0, 14.0, 2.0, 10.0, 10.0, 0.0, 0.0, 25.0, 11.0, 11.0, 10.0, 1.0, 10.0, 13.0]"
3,1791640071.2994645,"[-59.149874999999994, 66.885819, 59.327192999999994, 59.23930200000001, -0.08712299999999118, 71.28036900000001, 33.926694, 54.58107900000002, 59.94243, 66.00690900000001, 58.53617400000002, 58.88773800000001, 16.348493999999988, 82.44252599999999, 83.321436, 29.532143999999988]","[0.0, 1.0, 4.0, 3.0, 1.0, 1.0, 0.0, 0.0, 1.0, 1.0, 3.0, 3.0, 1.0, 0.0, 0.0, 0.0]","[-11.0, 19.0, 14.0, 14.0, 6.0, 10.0, 10.0, 0.0, 0.0, 25.0, 12.0, 11.0, 10.0, 10.0, 10.0, 13.0]"
3,1791640071.5262692,"[-60.468239999999994, 66.885819, 60.293994, 59.23930200000001, -0.17501400000000444, 71.28036900000001, 33.926694, 54.58107900000002, 60.99712199999999, 66.00690900000001, 59.766648, 58.88773800000001, 16.348493999999988, 82.44252599999999, 83.321436, 29.532143999999988]","[-2.0, 1.0, 3.0, 1.0, 1.0, 0.0, 0.0, 1.0, 1.0, 1.0, 4.0, 1.0, 1.0, 1.0, 0.0, 0.0]","[-9.0, 19.0, 15.0, 14.0, 7.0, 10.0, 9.0, 0.0, 0.0, 25.0, 11.0, 11.0, 11.0, 0.0, 9.0, 13.0]"
3,1791640071.7501848,"[-61.698713999999995, 67.501056, 61.348686000000015, 59.23930200000001, -0.17501400000000444, 71.28036900000001, 33.926694, 54.58107900000002, 61.963922999999994, 66.00690900000001, 60.99712199999999, 58.88773800000001, 16.436385, 82.44252599999999, 83.321436, 29.532143999999988]","[0.0, 4.0, 3.0, 1.0, 0.0, 0.0, 1.0, 0.0, 3.0, 0.0, 4.0, 1.0, 1.0, 0.0, 0.0, 0.0]","[-9.0, 16.0, 14.0, 15.0, 6.0, 10.0, 9.0, 0.0, 0.0, 26.0, 10.0, 11.0, 11.0, 12.0, 10.0, 13.0]"
3,1791640071.974185,"[-62.489733, 67.676838, 62.31548699999999, 59.23930200000001, -0.08712299999999118, 71.28036900000001, 33.926694, 54.58107900000002, 62.930724, 66.00690900000001, 61.87603200000001, 58.88773800000001, 16.348493999999988, 82.44252599999999, 83.321436, 29.532143999999988]","[0.0, 1.0, 2.0, 1.0, 0.0, 1.0, 0.0, 0.0, 3.0, 0.0, 1.0, 1.0, 1.0, 0.0, 0.0, 0.0]","[-10.0, 16.0, 13.0, 14.0, 8.0, 9.0, 9.0, 0.0, 0.0, 26.0, 11.0, 11.0, 10.0, 9.0, 10.0, 13.0]"
3,1791640072.1960986,"[-63.720207, 67.676838, 63.37017900000001, 59.23930200000001, -0.17501400000000444, 71.28036900000001, 33.926694, 54.58107900000002, 63.985416000000015, 66.00690900000001, 63.01861500000001, 58.88773800000001, 16.348493999999988, 82.530417, 83.321436, 29.532143999999988]","[0.0, 1.0, 1.0, 1.0, 1.0, 1.0, 1.0, 0.0, 1.0, 0.0, 3.0, 1.0, 0.0, 1.0, 0.0, 0.0]","[-10.0, 16.0, 15.0, 14.0, 8.0, 10.0, 9.0, 0.0, 0.0, 25.0, 11.0, 11.0, 10.0, 0.0, 10.0, 13.0]"
3,1791640072.422126,"[-64.774899, 67.676838, 64.33698000000001, 59.23930200000001, -0.08712299999999118, 71.28036900000001, 33.926694, 54.58107900000002, 64.95221699999999, 66.00690900000001, 63.45806999999999, 58.88773800000001, 16.348493999999988, 82.530417, 83.321436, 29.532143999999988]","[-2.0, 1.0, 2.0, 1.0, 1.0, 0.0, 1.0, 0.0, 1.0, 0.0, 1.0, 1.0, 1.0, 1.0, 0.0, 0.0]","[-9.0, 16.0, 15.0, 15.0, 8.0, 10.0, 9.0, 0.0, 0.0, 25.0, 13.0, 11.0, 10.0, 0.0, 10.0, 13.0]"
3,1791640072.6441252,"[-65.390136, 67.676838, 65.391672, 59.23930200000001, -0.17501400000000444, 71.28036900000001, 33.926694, 54.58107900000002, 65.919018, 66.00690900000001, 63.721743000000004, 58.88773800000001, 16.348493999999988, 82.530417, 83.321436, 29.532143999999988]","[0.0, 1.0, 3.0, 1.0, 1.0, 1.0, 1.0, 0.0, 2.0, 0.0, 1.0, 1.0, 0.0, 1.0, 0.0, 0.0]","[-10.0, 16.0, 14.0, 15.0, 10.0, 10.0, 10.0, 0.0, 0.0, 25.0, 14.0, 11.0, 11.0, 0.0, 11.0, 13.0]"
3,1791640072.8701138,"[-66.532719, 67.676838, 66.358473, 59.23930200000001, -0.17501400000000444, 71.28036900000001, 33.926694, 54.58107900000002, 66.97371000000001, 66.00690900000001, 63.985416000000015, 58.88773800000001, 16.348493999999988, 82.530417, 83.321436, 29.532143999999988]","[0.0, 1.0, 2.0, 1.0, 0.0, 0.0, 0.0, 0.0, 2.0, 0.0, 1.0, 0.0, 1.0, 1.0, 0.0, 0.0]","[-9.0, 16.0, 14.0, 15.0, 12.0, 10.0, 9.0, 0.0, 0.0, 25.0, 18.0, 11.0, 11.0, 0.0, 10.0, 13.0]"
3,1791640073.0902545,"[-67.49952, 67.676838, 67.41316499999999, 59.23930200000001, -0.08712299999999118, 71.28036900000001, 33.926694, 54.58107900000002, 67.676838, 66.00690900000001, 64.16119800000001, 58.799847, 16.436385, 82.44252599999999, 83.321436, 29.532143999999988]","[0.0, 1.0, 3.0, 1.0, 0.0, 0.0, 0.0, 0.0, 1.0, 0.0, 1.0, 0.0, 1.0, 0.0, 0.0, 1.0]","[-9.0, 16.0, 15.0, 15.0, 8.0, 10.0, 9.0, 0.0, 13.0, 25.0, 22.0, 11.0, 10.0, 9.0, 9.0, 11.0]"
3,1791640073.3180819,"[-68.466321, 67.676838, 68.29207500000001, 59.23930200000001, -0.17501400000000444, 71.28036900000001, 33.926694, 54.58107900000002, 68.73152999999999, 66.00690900000001, 64.51276200000001, 58.799847, 16.348493999999988, 82.530417, 83.321436, 29.532143999999988]","[-1.0, 1.0, 1.0, 1.0, 1.0, 1.0, 0.0, 0.0, 3.0, 0.0, 1.0, 0.0, 0.0, 0.0, 0.0, 0.0]","[-9.0, 16.0, 15.0, 16.0, 11.0, 10.0, 9.0, 0.0, 14.0, 26.0, 28.0, 11.0, 11.0, 1.0, 10.0, 13.0]"
3,1791640073.5392501,"[-69.433122, 67.676838, 69.346767, 59.23930200000001, -0.17501400000000444, 71.28036900000001, 33.926694, 54.58107900000002, 69.61044000000001, 66.00690900000001, 64.864326, 58.799847, 16.348493999999988, 82.44252599999999, 83.321436, 29.532143999999988]","[-2.0, 1.0, 3.0, 1.0, 0.0, 0.0, 0.0, 0.0, 2.0, 0.0, 1.0, 0.0, 0.0, 0.0, 0.0, 0.0]","[-9.0, 16.0, 15.0, 15.0, 5.0, 9.0, 9.0, 0.0, 14.0, 26.0, 33.0, 11.0, 10.0, 5.0, 10.0, 13.0]"
3,1791640073.766058,"[-69.433122, 67.676838, 70.313568, 59.23930200000001, -0.08712299999999118, 71.28036900000001, 33.926694, 54.58107900000002, 69.61044000000001, 66.00690900000001, 65.12799900000002, 58.711956000000015, 16.348493999999988, 82.44252599999999, 83.321436, 29.532143999999988]","[0.0, 1.0, 3.0, 1.0, 1.0, 1.0, 1.0, 0.0, 1.0, 0.0, 1.0, 0.0, 0.0, 1.0, 0.0, 1.0]","[-10.0, 16.0, 15.0, 14.0, 6.0, 10.0, 9.0, 0.0, 14.0, 25.0, 37.0, 12.0, 10.0, 0.0, 10.0, 12.0]"
3,1791640073.98977,"[-69.433122, 67.676838, 71.192478, 59.23930200000001, -0.17501400000000444, 71.28036900000001, 33.926694, 54.58107900000002, 69.61044000000001, 65.83112700000001, 65.040108, 58.624065, 16.348493999999988, 82.44252599999999, 83.321436, 29.532143999999988]","[1.0, 1.0, 3.0, 1.0, 0.0, 0.0, 0.0, 0.0, 1.0, 0.0, 0.0, 0.0, 0.0, 1.0, 0.0, 0.0]","[-10.0, 16.0, 15.0, 14.0, 11.0, 10.0, 10.0, 0.0, 0.0, 10.0, 9.0, 10.0, 10.0, 6.0, 10.0, 13.0]"
3,1791640074.2112095,"[-69.433122, 67.676838, 71.983497, 59.23930200000001, -0.17501400000000444, 71.28036900000001, 33.926694, 54.58107900000002, 69.61044000000001, 65.83112700000001, 65.040108, 58.624065, 16.348493999999988, 82.44252599999999, 83.321436, 29.532143999999988]","[1.0, 1.0, 1.0, 1.0, 0.0, 0.0, 1.0, 0.0, 1.0, 0.0, 0.0, 0.0, 0.0, 1.0, 0.0, 0.0]","[-9.0, 16.0, 15.0, 14.0, 11.0, 10.0, 9.0, 0.0, 0.0, 10.0, 9.0, 10.0, 11.0, 2.0, 10.0, 13.0]"
3,1791640074.4359045,"[-69.433122, 67.676838, 72.86240699999999, 59.23930200000001, -0.17501400000000444, 71.28036900000001, 33.926694, 54.58107900000002, 69.61044000000001, 65.83112700000001, 65.040108, 58.624065, 16.348493999999988, 82.530417, 83.321436, 29.532143999999988]","[1.0, 1.0, 1.0, 1.0, 0.0, 1.0, 0.0, 1.0, 1.0, 0.0, 0.0, 0.0, 0.0, 1.0, 0.0, 0.0]","[-10.0, 16.0, 16.0, 15.0, 11.0, 10.0, 10.0, 0.0, 0.0, 10.0, 9.0, 9.0, 10.0, 0.0, 10.0, 13.0]"
3,1791640074.6619186,"[-69.521013, 67.676838, 73.56553500000001, 59.23930200000001, -0.17501400000000444, 71.28036900000001, 33.926694, 54.58107900000002, 69.61044000000001, 65.83112700000001, 65.040108, 58.624065, 16.348493999999988, 82.530417, 83.321436, 29.532143999999988]","[0.0, 1.0, 1.0, 1.0, 1.0, 0.0, 0.0, 0.0, 1.0, 0.0, 0.0, 0.0, 0.0, 0.0, 0.0, 0.0]","[-10.0, 16.0, 18.0, 15.0, 7.0, 10.0, 10.0, 0.0, 0.0, 10.0, 9.0, 10.0, 12.0, 1.0, 10.0, 13.0]"
3,1791640074.8822296,"[-69.521013, 67.676838, 73.91709900000001, 59.23930200000001, -0.17501400000000444, 71.28036900000001, 33.926694, 54.58107900000002, 69.61044000000001, 65.83112700000001, 65.040108, 58.624065, 16.348493999999988, 82.530417, 83.321436, 29.532143999999988]","[0.0, 1.0, 1.0, 1.0, 1.0, 1.0, 1.0, 0.0, 1.0, 0.0, 0.0, 0.0, 0.0, 0.0, 0.0, 0.0]","[-9.0, 16.0, 20.0, 14.0, 11.0, 10.0, 9.0, 0.0, 0.0, 10.0, 9.0, 9.0, 11.0, 8.0, 10.0, 13.0]"
3,1791640075.1078966,"[-69.608904, 67.676838, 74.268663, 59.23930200000001, -0.08712299999999118, 71.28036900000001, 33.926694, 54.58107900000002, 69.61044000000001, 65.83112700000001, 65.040108, 58.624065, 16.348493999999988, 82.44252599999999, 83.321436, 29.532143999999988]","[0.0, 1.0, 1.0, 1.0, 1.0, 1.0, 0.0, 0.0, 1.0, 0.0, 0.0, 0.0, 0.0, 0.0, 0.0, 0.0]","[-10.0, 17.0, 23.0, 14.0, 5.0, 11.0, 10.0, 0.0, 0.0, 9.0, 9.0, 11.0, 10.0, 2.0, 10.0, 14.0]"
3,1791640075.3334687,"[-69.608904, 67.676838, 74.35655400000002, 59.23930200000001, -0.17501400000000444, 71.28036900000001, 33.926694, 54.58107900000002, 69.61044000000001, 65.83112700000001, 65.040108, 58.624065, 16.348493999999988, 82.44252599999999, 83.321436, 29.532143999999988]","[0.0, 1.0, 0.0, 1.0, 0.0, 0.0, 1.0, 0.0, 1.0, 0.0, 0.0, 0.0, 0.0, 0.0, 0.0, 0.0]","[-9.0, 17.0, 28.0, 15.0, 7.0, 10.0, 10.0, 0.0, 0.0, 10.0, 9.0, 11.0, 11.0, 0.0, 10.0, 13.0]"
3,1791640075.5579107,"[-69.608904, 67.676838, 75.23546400000001, 59.23930200000001, -0.17501400000000444, 71.28036900000001, 33.926694, 54.58107900000002, 69.61044000000001, 65.83112700000001, 65.040108, 58.624065, 16.348493999999988, 82.530417, 83.321436, 29.532143999999988]","[0.0, 0.0, 2.0, 0.0, 0.0, 0.0, 0.0, 0.0, 1.0, 0.0, 0.0, 0.0, 0.0, 1.0, 0.0, 1.0]","[-9.0, 17.0, 28.0, 15.0, 11.0, 10.0, 10.0, 0.0, 0.0, 10.0, 9.0, 9.0, 10.0, 2.0, 9.0, 13.0]"
3,1791640075.7818527,"[-69.608904, 67.58894699999999, 75.938592, 59.23930200000001, -0.17501400000000444, 71.28036900000001, 33.926694, 54.58107900000002, 69.61044000000001, 65.83112700000001, 65.040108, 58.624065, 16.348493999999988, 82.530417, 83.321436, 29.532143999999988]","[0.0, 0.0, 1.0, 1.0, 0.0, 0.0, 0.0, 0.0, 1.0, 0.0, 0.0, 0.0, 0.0, 1.0, 0.0, 0.0]","[-9.0, 17.0, 30.0, 15.0, 12.0, 10.0, 9.0, 0.0, 0.0, 10.0, 9.0, 11.0, 10.0, 4.0, 10.0, 13.0]"
3,1791640076.0028133,"[-69.608904, 67.58894699999999, 76.29015600000002, 59.151410999999996, -0.17501400000000444, 71.28036900000001, 33.926694, 54.58107900000002, 69.61044000000001, 65.83112700000001, 65.040108, 58.624065, 16.348493999999988, 82.530417, 83.321436, 29.532143999999988]","[0.0, 0.0, 4.0, 0.0, -1.0, 0.0, 0.0, 1.0, 1.0, 0.0, 0.0, 0.0, 0.0, 0.0, 0.0, 0.0]","[-9.0, 16.0, 35.0, 15.0, 11.0, 10.0, 9.0, 0.0, 0.0, 10.0, 9.0, 10.0, 10.0, 11.0, 10.0, 13.0]"
3,1791640076.2300944,"[-69.696795, 67.58894699999999, 76.64172000000002, 59.151410999999996, -0.17501400000000444, 71.36825999999999, 33.926694, 54.58107900000002, 69.61044000000001, 65.83112700000001, 65.040108, 58.624065, 16.348493999999988, 82.44252599999999, 83.321436, 29.532143999999988]","[0.0, 0.0, 3.0, 0.0, 0.0, 1.0, 0.0, 0.0, 1.0, 1.0, 0.0, 0.0, 0.0, 0.0, 0.0, 0.0]","[-9.0, 19.0, 40.0, 15.0, 11.0, 11.0, 9.0, 0.0, 0.0, 11.0, 9.0, 9.0, 11.0, 1.0, 10.0, 13.0]"
3,1791640076.4499836,"[-69.696795, 67.41316499999999, 76.55382900000001, 59.151410999999996, -0.17501400000000444, 71.28036900000001, 33.926694, 54.58107900000002, 69.61044000000001, 65.83112700000001, 65.040108, 58.624065, 16.348493999999988, 82.44252599999999, 83.321436, 29.532143999999988]","[0.0, 0.0, 1.0, 0.0, 1.0, 1.0, 1.0, 0.0, 1.0, 1.0, 0.0, 0.0, 0.0, 0.0, 0.0, 1.0]","[8.0, 10.0, 14.0, 0.0, 9.0, 9.0, 8.0, 0.0, 0.0, 10.0, 9.0, 9.0, 11.0, 7.0, 10.0, 13.0]"
