grip,time,positions,velocities,currents
1,1791634593.3845153,"[-0.08712299999999118, -4.833236999999997, -1.229705999999993, -0.17501400000000444, -0.17501400000000444, -5.184800999999993, 0.0007679999999936626, -0.4386869999999874, 0.08865900000000693, -4.745346000000012, -0.9660330000000101, 0.44022300000000314, -1.7570519999999874, 178.33160700000002, 40.07906399999999, 25.840722]","[1.0, 1.0, 1.0, 0.0, 0.0, 1.0, 0.0, 1.0, 0.0, 1.0, 1.0, 0.0, 0.0, 0.0, 0.0, 0.0]","[0.0, 32.0, 16.0, 12.0, 11.0, 33.0, -9.0, 11.0, -14.0, 31.0, 10.0, -11.0, 15.0, 16.0, -10.0, -15.0]"
1,1791634593.6084278,"[-0.5265780000000007, -4.745346000000012, -1.229705999999993, 0.08865900000000693, -0.17501400000000444, -4.92112800000001, 0.44022300000000314, -0.4386869999999874, 0.7038960000000145, -4.657454999999999, -0.790251000000012, 0.528113999999988, -1.7570519999999874, 178.243716, 40.166955, 25.840722]","[0.0, 1.0, 1.0, 1.0, 0.0, 1.0, 0.0, 1.0, 1.0, 1.0, 2.0, 1.0, 0.0, 0.0, 1.0, 0.0]","[-9.0, 44.0, 20.0, 14.0, 11.0, 50.0, 10.0, 13.0, 15.0, 49.0, 15.0, 9.0, 16.0, -10.0, 11.0, 13.0]"
1,1791634593.8296597,"[-1.4054879999999912, -3.690653999999995, 0.0007679999999936626, 0.528113999999988, -0.17501400000000444, -3.7785450000000083, 1.0554600000000107, 0.44022300000000314, 1.6706969999999899, -4.393781999999987, -0.790251000000012, 0.6160050000000012, -1.7570519999999874, 177.98004300000002, 40.518519, 26.368067999999994]","[0.0, 1.0, 2.0, 1.0, 0.0, 1.0, 1.0, 1.0, 3.0, 5.0, 1.0, 0.0, 0.0, 0.0, 3.0, 2.0]","[-9.0, 57.0, 18.0, 16.0, 11.0, 59.0, 12.0, 13.0, 14.0, 65.0, 17.0, 11.0, 15.0, -16.0, 13.0, 14.0]"
1,1791634594.0564783,"[-2.548070999999993, -1.4933790000000045, 0.8796780000000126, 1.582806000000005, -0.17501400000000444, -2.108616000000012, 1.846478999999988, 1.4949149999999918, 2.6374979999999937, -2.372288999999995, 0.44022300000000314, 1.0554600000000107, -1.7570519999999874, 177.71636999999998, 41.309538, 27.159087]","[-1.0, 4.0, 1.0, 1.0, 0.0, 4.0, 1.0, 1.0, 3.0, 1.0, 3.0, 1.0, 1.0, 0.0, 3.0, 2.0]","[-8.0, 52.0, 19.0, 16.0, 11.0, 60.0, 12.0, 13.0, 14.0, 70.0, 16.0, 16.0, 15.0, -25.0, 14.0, 14.0]"
1,1791634594.2803543,"[-3.426981000000012, 0.17654999999999177, 1.7585880000000031, 2.549607000000009, -0.17501400000000444, 0.44022300000000314, 2.6374979999999937, 2.1980430000000126, 3.7800809999999956, -2.372288999999995, 1.407024000000007, 1.0554600000000107, -1.7570519999999874, 177.540588, 42.27633900000001, 28.03799699999999]","[-1.0, 1.0, 1.0, 3.0, 0.0, 3.0, 2.0, 1.0, 2.0, 1.0, 1.0, 1.0, 0.0, 0.0, 2.0, 2.0]","[-9.0, 59.0, 20.0, 16.0, 10.0, 58.0, 12.0, 14.0, 14.0, 98.0, 16.0, 18.0, 16.0, -37.0, 13.0, 15.0]"
1,1791634594.5021389,"[-4.481673000000001, 2.0222610000000145, 2.725389000000007, 3.6042989999999975, -0.17501400000000444, 2.1980430000000126, 3.4285169999999994, 3.4285169999999994, 3.7800809999999956, 2.1101519999999994, 1.846478999999988, 3.076953000000003, -1.7570519999999874, 175.34331300000002, 43.41892200000001, 29.180579999999992]","[-2.0, 8.0, 1.0, 3.0, 0.0, 3.0, 3.0, 3.0, 1.0, 8.0, 0.0, 5.0, 0.0, -5.0, 3.0, 3.0]","[-9.0, 56.0, 19.0, 15.0, 11.0, 56.0, 13.0, 13.0, 16.0, 56.0, 19.0, 13.0, 16.0, -34.0, 13.0, 14.0]"
1,1791634594.7264779,"[-5.360582999999991, 3.9558629999999937, 3.7800809999999956, 4.483208999999988, -0.17501400000000444, 4.043754000000007, 4.30742699999999, 4.395318000000003, 5.713683000000003, 4.30742699999999, 3.3406260000000145, 4.131644999999992, -1.7570519999999874, 173.14603799999998, 44.649395999999996, 30.147380999999996]","[0.0, 1.0, 3.0, 3.0, 0.0, 4.0, 1.0, 1.0, 4.0, 8.0, 5.0, 1.0, 0.0, 0.0, 5.0, 2.0]","[-9.0, 61.0, 20.0, 17.0, 11.0, 57.0, 14.0, 14.0, 14.0, 55.0, 14.0, 14.0, 16.0, -34.0, 12.0, 14.0]"
1,1791634594.9492216,"[-6.063711000000012, 5.713683000000003, 4.395318000000003, 5.62579199999999, -0.17501400000000444, 6.153138000000013, 5.362119000000007, 5.186337000000009, 6.2410289999999975, 5.9773560000000145, 4.30742699999999, 4.9226639999999975, -1.7570519999999874, 170.77298100000002, 45.440415, 31.114182]","[0.0, 3.0, 7.0, 2.0, 0.0, 1.0, 3.0, 2.0, 5.0, 3.0, 1.0, 1.0, 1.0, -7.0, 5.0, 1.0]","[-10.0, 62.0, 22.0, 15.0, 11.0, 60.0, 15.0, 13.0, 15.0, 63.0, 17.0, 14.0, 15.0, -31.0, 13.0, 14.0]"
1,1791634595.1743095,"[-7.294184999999999, 8.526195000000001, 5.889465000000001, 6.680484000000007, -0.17501400000000444, 8.174631000000005, 5.362119000000007, 6.592592999999994, 7.647285000000011, 8.174631000000005, 5.362119000000007, 6.328920000000011, -1.7570519999999874, 169.27883400000002, 46.75878, 32.16887399999999]","[-2.0, 7.0, 2.0, 2.0, 0.0, 6.0, 1.0, 3.0, 2.0, 10.0, 4.0, 2.0, 0.0, 0.0, 3.0, 1.0]","[-10.0, 53.0, 19.0, 15.0, 11.0, 55.0, 17.0, 13.0, 13.0, 57.0, 16.0, 12.0, 16.0, -36.0, 13.0, 15.0]"
1,1791634595.3988593,"[-8.260986000000003, 10.108233000000013, 6.416810999999996, 7.647285000000011, -0.17501400000000444, 10.108233000000013, 7.207830000000001, 7.471503000000013, 8.614086000000015, 9.668778000000003, 6.328920000000011, 7.207830000000001, -1.7570519999999874, 168.487815, 47.54979900000001, 33.223566000000005]","[0.0, 1.0, 6.0, 2.0, 0.0, 5.0, 3.0, 2.0, 2.0, 1.0, 1.0, 1.0, 0.0, 0.0, 2.0, 3.0]","[-9.0, 61.0, 20.0, 15.0, 10.0, 54.0, 14.0, 14.0, 14.0, 66.0, 17.0, 14.0, 15.0, -46.0, 13.0, 14.0]"
1,1791634595.6215944,"[-9.315677999999991, 10.108233000000013, 7.823067000000009, 8.614086000000015, -0.17501400000000444, 11.514488999999998, 8.26252199999999, 8.614086000000015, 9.405104999999992, 9.668778000000003, 7.207830000000001, 8.174631000000005, -1.6691610000000026, 165.763194, 48.34081800000001, 34.19036700000001]","[0.0, 1.0, 1.0, 1.0, 0.0, 1.0, 2.0, 2.0, 3.0, 1.0, 1.0, 3.0, 1.0, -10.0, 1.0, 1.0]","[-10.0, 85.0, 20.0, 15.0, 11.0, 67.0, 14.0, 13.0, 14.0, 94.0, 17.0, 14.0, 15.0, -36.0, 14.0, 13.0]"
1,1791634595.8482115,"[-10.19458800000001, 14.063328000000013, 8.877758999999998, 9.492996000000005, -0.17501400000000444, 13.975437, 9.317214000000007, 9.492996000000005, 10.635579000000007, 13.623873000000003, 8.350413000000003, 9.317214000000007, -1.7570519999999874, 163.65381000000002, 49.571292, 35.245059]","[0.0, 5.0, 4.0, 3.0, 0.0, 8.0, 1.0, 1.0, 3.0, 20.0, 3.0, 4.0, 0.0, 0.0, 3.0, 3.0]","[-10.0, 58.0, 20.0, 16.0, 12.0, 59.0, 14.0, 13.0, 14.0, 57.0, 17.0, 14.0, 16.0, -40.0, 13.0, 14.0]"
1,1791634596.0719717,"[-10.985606999999987, 15.469583999999998, 9.844560000000001, 10.723469999999992, -0.17501400000000444, 16.084821000000005, 10.28401500000001, 10.371905999999996, 11.514488999999998, 14.678564999999992, 9.229322999999994, 10.108233000000013, -1.7570519999999874, 161.36864400000002, 50.362311000000005, 36.12396899999999]","[-2.0, 6.0, 2.0, 3.0, 0.0, 1.0, 3.0, 1.0, 2.0, 1.0, 3.0, 3.0, 0.0, -7.0, 4.0, 3.0]","[-10.0, 63.0, 19.0, 16.0, 11.0, 61.0, 13.0, 13.0, 14.0, 79.0, 17.0, 14.0, 16.0, -35.0, 14.0, 15.0]"
1,1791634596.2961762,"[-12.216081000000003, 18.106313999999998, 10.811361000000005, 11.514488999999998, -0.17501400000000444, 18.106313999999998, 10.371905999999996, 11.514488999999998, 12.657072, 18.19420500000001, 10.020342, 11.075033999999988, -1.7570519999999874, 159.52293300000002, 51.32911200000001, 37.178661000000005]","[-2.0, 1.0, 2.0, 3.0, 0.0, 2.0, 1.0, 2.0, 3.0, 11.0, 6.0, 2.0, 0.0, -2.0, 3.0, 1.0]","[-10.0, 58.0, 20.0, 16.0, 11.0, 58.0, 16.0, 12.0, 13.0, 56.0, 16.0, 13.0, 16.0, -38.0, 12.0, 15.0]"
1,1791634596.517055,"[-13.182882000000006, 20.215698000000003, 11.690270999999996, 12.657072, -0.17501400000000444, 20.12780699999999, 12.21761699999999, 12.393398999999988, 13.53598199999999, 19.161006000000015, 11.338707, 12.129726000000005, -1.7570519999999874, 157.413549, 52.29591300000001, 38.14546200000001]","[-2.0, 5.0, 1.0, 3.0, 0.0, 1.0, 3.0, 1.0, 0.0, 1.0, 2.0, 3.0, 0.0, -2.0, 1.0, 1.0]","[-10.0, 56.0, 20.0, 15.0, 11.0, 60.0, 14.0, 14.0, 13.0, 74.0, 16.0, 14.0, 16.0, -39.0, 13.0, 14.0]"
1,1791634596.744174,"[-14.237573999999995, 22.14930000000001, 12.832853999999998, 13.53598199999999, -0.17501400000000444, 22.061408999999998, 13.272309000000007, 13.623873000000003, 14.590674000000007, 19.161006000000015, 11.866052999999994, 13.096527000000009, -1.7570519999999874, 155.47994699999998, 53.08693199999999, 39.375935999999996]","[0.0, 2.0, 3.0, 3.0, 0.0, 6.0, 3.0, 2.0, 3.0, 0.0, 1.0, 3.0, 0.0, -3.0, 0.0, 3.0]","[-11.0, 55.0, 20.0, 16.0, 11.0, 54.0, 13.0, 12.0, 15.0, 102.0, 18.0, 13.0, 15.0, -37.0, 14.0, 15.0]"
1,1791634596.967616,"[-15.292266000000012, 23.731337999999994, 13.887546000000015, 13.623873000000003, -0.17501400000000444, 24.698138999999998, 14.23911000000001, 14.414892000000009, 15.733257000000009, 24.434466000000015, 13.184417999999994, 13.887546000000015, -1.7570519999999874, 153.45845400000002, 54.317406000000005, 40.254846000000015]","[-1.0, 6.0, 2.0, 1.0, 0.0, 5.0, 2.0, 1.0, 3.0, 14.0, 5.0, 1.0, -1.0, -2.0, 3.0, 1.0]","[-9.0, 58.0, 19.0, 19.0, 11.0, 52.0, 13.0, 12.0, 13.0, 51.0, 15.0, 14.0, 16.0, -36.0, 13.0, 15.0]"
1,1791634597.1896818,"[-16.434848999999986, 26.016503999999998, 14.85434699999999, 15.469583999999998, -0.17501400000000444, 26.455959000000007, 15.381693000000013, 15.821147999999994, 16.787948999999998, 26.71963199999999, 14.23911000000001, 14.85434699999999, -1.7570519999999874, 151.524852, 55.28420700000001, 41.22164699999999]","[-1.0, 13.0, 2.0, 3.0, 0.0, 7.0, 3.0, 3.0, 4.0, 3.0, 2.0, 2.0, 0.0, -2.0, 2.0, 1.0]","[-10.0, 51.0, 19.0, 16.0, 12.0, 55.0, 13.0, 12.0, 13.0, 50.0, 16.0, 14.0, 16.0, -34.0, 13.0, 14.0]"
1,1791634597.4158669,"[-17.40164999999999, 28.74112500000001, 15.909039000000007, 16.524276000000015, -0.17501400000000444, 28.565343000000013, 16.524276000000015, 16.787948999999998, 17.578968000000003, 28.477452, 15.205911000000015, 15.996929999999992, -1.7570519999999874, 150.20648699999998, 56.338899, 42.188447999999994]","[-2.0, 3.0, 1.0, 3.0, 0.0, 1.0, 4.0, 3.0, 1.0, 2.0, 3.0, 1.0, 0.0, 0.0, 2.0, 2.0]","[-10.0, 51.0, 19.0, 16.0, 11.0, 57.0, 12.0, 12.0, 14.0, 55.0, 16.0, 13.0, 15.0, -41.0, 12.0, 14.0]"
1,1791634597.638296,"[-18.632124000000005, 31.026291000000015, 17.139512999999994, 17.403186000000005, -0.17501400000000444, 30.23527200000001, 17.578968000000003, 17.75475, 18.633659999999992, 28.653233999999998, 16.436385, 16.963730999999996, -1.7570519999999874, 148.009212, 57.3057, 43.24314000000001]","[-2.0, 7.0, 5.0, 3.0, 0.0, 0.0, 4.0, 1.0, 1.0, 1.0, 1.0, 3.0, 0.0, -4.0, 3.0, 2.0]","[-9.0, 44.0, 17.0, 16.0, 11.0, 59.0, 12.0, 12.0, 13.0, 81.0, 16.0, 13.0, 15.0, -42.0, 14.0, 14.0]"
1,1791634597.860695,"[-19.59892500000001, 32.608329, 18.106313999999998, 18.457877999999994, -0.17501400000000444, 32.784110999999996, 18.19420500000001, 18.80944199999999, 18.721551000000005, 32.784110999999996, 17.49107699999999, 18.19420500000001, -1.7570519999999874, 145.811937, 58.18460999999999, 44.209941000000015]","[-2.0, 5.0, 2.0, 3.0, 0.0, 8.0, 1.0, 3.0, 2.0, 17.0, 4.0, 3.0, 0.0, 0.0, 1.0, 2.0]","[-10.0, 53.0, 18.0, 16.0, 11.0, 50.0, 14.0, 13.0, 16.0, 46.0, 14.0, 13.0, 15.0, -38.0, 14.0, 14.0]"
1,1791634598.0861127,"[-20.565726000000012, 35.069277, 19.161006000000015, 19.424678999999998, -0.17501400000000444, 34.717713, 18.985223999999988, 19.68835200000001, 20.655153000000013, 33.399348, 18.545769000000007, 18.985223999999988, -1.6691610000000026, 143.263098, 59.41508400000001, 45.17674199999999]","[0.0, 7.0, 1.0, 2.0, 0.0, 3.0, 1.0, 1.0, 1.0, 0.0, 1.0, 1.0, 1.0, -6.0, 1.0, 1.0]","[-9.0, 46.0, 18.0, 16.0, 12.0, 49.0, 15.0, 12.0, 14.0, 68.0, 16.0, 13.0, 15.0, -35.0, 14.0, 15.0]"
1,1791634598.31205,"[-21.7962, 36.914987999999994, 20.303588999999988, 20.39148, -0.17501400000000444, 37.00287900000001, 18.985223999999988, 20.743043999999998, 21.885627, 37.26655199999999, 19.776242999999994, 20.215698000000003, -1.7570519999999874, 141.41738700000002, 60.030321000000015, 46.05565200000001]","[-1.0, 5.0, 3.0, 1.0, 0.0, 3.0, 1.0, 1.0, 3.0, 11.0, 5.0, 3.0, 0.0, 0.0, 4.0, 1.0]","[-9.0, 46.0, 18.0, 17.0, 11.0, 51.0, 19.0, 12.0, 14.0, 44.0, 15.0, 12.0, 15.0, -37.0, 14.0, 15.0]"
1,1791634598.5359888,"[-22.763001000000003, 39.28804500000001, 21.44617199999999, 21.621953999999988, -0.17501400000000444, 39.11226300000001, 20.83093500000001, 21.709845, 22.412972999999994, 38.233352999999994, 20.655153000000013, 21.182499000000007, -1.6691610000000026, 139.483785, 61.436577, 47.19823500000001]","[-1.0, 5.0, 3.0, 3.0, 1.0, 6.0, 4.0, 4.0, 1.0, 6.0, 1.0, 1.0, 1.0, -2.0, 3.0, 2.0]","[-9.0, 45.0, 17.0, 15.0, 11.0, 48.0, 17.0, 12.0, 15.0, 56.0, 16.0, 13.0, 15.0, -36.0, 13.0, 15.0]"
1,1791634598.7601094,"[-23.905584000000005, 41.309538, 22.500864000000007, 22.588754999999992, -0.08712299999999118, 41.22164699999999, 21.709845, 22.76453699999999, 23.819229000000007, 41.573211000000015, 21.797736000000015, 22.32508200000001, -1.6691610000000026, 137.198619, 62.403378000000004, 48.165036000000015]","[0.0, 3.0, 3.0, 2.0, 0.0, 9.0, 2.0, 1.0, 4.0, 13.0, 4.0, 1.0, 0.0, 0.0, 2.0, 1.0]","[-9.0, 43.0, 17.0, 16.0, 7.0, 42.0, 16.0, 13.0, 14.0, 40.0, 14.0, 12.0, 16.0, -33.0, 13.0, 13.0]"
1,1791634598.983995,"[-24.87238500000001, 42.27633900000001, 23.291883000000013, 22.676646000000005, -0.08712299999999118, 43.85837699999999, 22.588754999999992, 23.64344700000001, 24.873920999999996, 43.59470400000001, 23.02821, 22.940318999999988, -1.6691610000000026, 135.08923500000003, 63.37017900000001, 49.13183699999999]","[-1.0, 11.0, 1.0, 1.0, 1.0, 4.0, 1.0, 1.0, 1.0, 3.0, 4.0, 3.0, 1.0, -3.0, 1.0, 1.0]","[-9.0, 51.0, 18.0, 18.0, 0.0, 39.0, 17.0, 12.0, 14.0, 44.0, 14.0, 13.0, 15.0, -32.0, 13.0, 14.0]"
1,1791634599.2079706,"[-25.927076999999997, 46.05565200000001, 24.170793000000003, 24.610248000000013, -0.08712299999999118, 46.143542999999994, 23.46766500000001, 24.78603000000001, 25.840722, 46.407216000000005, 23.819229000000007, 24.258683999999988, -1.6691610000000026, 132.540396, 64.424871, 50.18652900000001]","[-2.0, 3.0, 1.0, 4.0, 1.0, 7.0, 1.0, 1.0, 1.0, 4.0, 3.0, 4.0, 1.0, -3.0, 2.0, 4.0]","[0.0, 37.0, 18.0, 16.0, 0.0, 38.0, 17.0, 12.0, 14.0, 36.0, 13.0, 11.0, 14.0, -29.0, 13.0, 14.0]"
1,1791634599.4320312,"[-26.981768999999986, 48.252927, 25.313376000000005, 25.577048999999988, -0.08712299999999118, 48.252927, 24.698138999999998, 25.752831000000015, 26.983305, 47.98925399999999, 24.96181200000001, 25.489158000000003, -1.6691610000000026, 130.60679399999998, 64.424871, 51.065439]","[0.0, 5.0, 2.0, 2.0, 1.0, 6.0, 4.0, 1.0, 1.0, 3.0, 2.0, 3.0, 0.0, -4.0, 1.0, 1.0]","[0.0, 35.0, 17.0, 16.0, 0.0, 35.0, 16.0, 12.0, 0.0, 39.0, 13.0, 11.0, 15.0, -28.0, 17.0, 15.0]"
1,1791634599.656008,"[-27.94856999999999, 50.27441999999999, 26.28017700000001, 26.807523000000003, -0.08712299999999118, 50.098637999999994, 25.752831000000015, 26.895413999999988, 27.950106000000005, 50.889657, 26.016503999999998, 26.455959000000007, -1.6691610000000026, 128.409519, 66.44636400000002, 52.208022]","[0.0, 1.0, 1.0, 3.0, 1.0, 6.0, 1.0, 1.0, 1.0, 7.0, 2.0, 3.0, 0.0, -2.0, 5.0, 2.0]","[0.0, 37.0, 18.0, 15.0, 0.0, 39.0, 16.0, 12.0, 0.0, 31.0, 14.0, 13.0, 16.0, -27.0, 14.0, 14.0]"
1,1791634599.8770218,"[-28.82748000000001, 52.29591300000001, 27.246978000000013, 27.774324000000007, -0.08712299999999118, 52.559585999999996, 27.071196000000015, 27.42276000000001, 29.092689000000007, 52.29591300000001, 26.895413999999988, 27.774324000000007, -1.6691610000000026, 127.003263, 67.58894699999999, 53.174823]","[0.0, 8.0, 2.0, 3.0, 1.0, 2.0, 3.0, 1.0, 0.0, 3.0, 1.0, 4.0, 1.0, 0.0, 3.0, 1.0]","[-9.0, 34.0, 18.0, 15.0, 0.0, 36.0, 14.0, 14.0, -10.0, 38.0, 13.0, 12.0, 14.0, -33.0, 12.0, 15.0]"
1,1791634600.100748,"[-29.97006300000001, 55.10842500000001, 28.30167, 28.829015999999996, -0.08712299999999118, 54.844752, 28.125888000000003, 28.565343000000013, 30.05949000000001, 54.756861000000015, 28.125888000000003, 28.74112500000001, -1.6691610000000026, 124.80598800000001, 68.64363900000001, 54.14162400000001]","[-3.0, 3.0, 1.0, 1.0, 1.0, 4.0, 1.0, 1.0, 1.0, 9.0, 1.0, 2.0, 1.0, -4.0, 2.0, 3.0]","[0.0, 33.0, 17.0, 16.0, 0.0, 31.0, 15.0, 13.0, 0.0, 30.0, 14.0, 11.0, 16.0, -29.0, 13.0, 14.0]"
1,1791634600.3257425,"[-30.936863999999986, 57.04202699999999, 29.268471000000005, 29.883708000000013, -0.08712299999999118, 57.129918, 29.268471000000005, 29.795817, 31.114182, 56.42679000000001, 29.35636199999999, 29.795817, -1.6691610000000026, 123.31184100000002, 69.43465800000001, 55.196315999999996]","[0.0, 5.0, 2.0, 3.0, 1.0, 5.0, 3.0, 1.0, 1.0, 0.0, 4.0, 1.0, 1.0, 0.0, 1.0, 1.0]","[0.0, 30.0, 18.0, 15.0, 0.0, 28.0, 13.0, 11.0, -13.0, 37.0, 13.0, 10.0, 15.0, -33.0, 14.0, 14.0]"
1,1791634600.5518475,"[-31.991556000000003, 59.327192999999994, 30.498944999999992, 30.9384, -0.08712299999999118, 59.151410999999996, 30.498944999999992, 30.762618000000003, 32.080983, 56.42679000000001, 30.147380999999996, 30.850508999999988, -1.6691610000000026, 120.32354700000002, 70.665132, 56.25100800000001]","[-1.0, 4.0, 1.0, 1.0, 1.0, 5.0, 3.0, 1.0, 1.0, 1.0, 3.0, 3.0, 1.0, -8.0, 5.0, 3.0]","[0.0, 30.0, 17.0, 14.0, 0.0, 28.0, 13.0, 12.0, -10.0, 58.0, 12.0, 11.0, 15.0, -26.0, 12.0, 14.0]"
1,1791634600.77496,"[-32.95835700000001, 61.085013000000004, 31.465745999999996, 31.905201000000005, -0.08712299999999118, 61.70025000000001, 31.55363700000001, 31.905201000000005, 33.04778400000001, 61.348686000000015, 31.114182, 31.905201000000005, -1.6691610000000026, 118.38994500000001, 71.807715, 57.21780900000002]","[0.0, 6.0, 2.0, 2.0, 1.0, 5.0, 1.0, 1.0, 1.0, 14.0, 1.0, 4.0, 1.0, 0.0, 3.0, 2.0]","[0.0, 28.0, 16.0, 15.0, 0.0, 25.0, 13.0, 12.0, 0.0, 28.0, 13.0, 11.0, 15.0, -27.0, 12.0, 14.0]"
1,1791634600.9998953,"[-34.013048999999995, 63.897525, 32.608329, 32.959892999999994, -0.08712299999999118, 63.985416000000015, 32.69622000000001, 32.784110999999996, 34.102475999999996, 63.63385199999999, 32.432547, 32.608329, -1.6691610000000026, 116.016888, 72.86240699999999, 58.272501000000005]","[-1.0, 5.0, 3.0, 3.0, 1.0, 6.0, 4.0, 1.0, 2.0, 2.0, 2.0, 2.0, 1.0, -4.0, 4.0, 1.0]","[0.0, 25.0, 16.0, 15.0, 0.0, 21.0, 12.0, 12.0, -12.0, 28.0, 12.0, 12.0, 14.0, -25.0, 12.0, 14.0]"
1,1791634601.2238245,"[-35.06774100000001, 65.919018, 33.750912, 34.01458500000001, -0.08712299999999118, 66.358473, 33.926694, 34.102475999999996, 35.069277, 65.919018, 33.57513, 33.663021000000015, -1.6691610000000026, 113.90750400000002, 74.00498999999999, 59.327192999999994]","[0.0, 6.0, 3.0, 3.0, 1.0, 5.0, 5.0, 3.0, 1.0, 3.0, 3.0, 3.0, 1.0, -3.0, 2.0, 2.0]","[0.0, 23.0, 16.0, 14.0, 0.0, 23.0, 11.0, 11.0, 0.0, 25.0, 12.0, 11.0, 15.0, -25.0, 12.0, 15.0]"
1,1791634601.447655,"[-35.946651, 68.29207500000001, 34.80560399999999, 34.981386000000015, -0.08712299999999118, 68.379966, 34.981386000000015, 35.15716800000001, 36.12396899999999, 68.204184, 34.541931000000005, 34.717713, -1.6691610000000026, 111.44655599999999, 75.05968200000001, 60.293994]","[-1.0, 4.0, 2.0, 4.0, 1.0, 5.0, 3.0, 4.0, 1.0, 8.0, 3.0, 2.0, 1.0, -6.0, 2.0, 2.0]","[-8.0, 22.0, 16.0, 14.0, 0.0, 20.0, 12.0, 11.0, -14.0, 21.0, 12.0, 11.0, 14.0, -21.0, 11.0, 14.0]"
1,1791634601.6717708,"[-37.089234000000005, 70.313568, 35.860296000000005, 35.596622999999994, -0.08712299999999118, 70.75302300000001, 36.12396899999999, 35.94818699999999, 37.00287900000001, 70.40145900000002, 35.68451400000001, 35.245059, -1.6691610000000026, 109.688736, 76.114374, 61.436577]","[-2.0, 6.0, 1.0, 7.0, 1.0, 5.0, 3.0, 1.0, 1.0, 1.0, 4.0, 1.0, 1.0, -1.0, 2.0, 2.0]","[6.0, 19.0, 16.0, 15.0, 0.0, 19.0, 11.0, 11.0, 0.0, 20.0, 11.0, 14.0, 15.0, -24.0, 11.0, 14.0]"
1,1791634601.89555,"[-37.968143999999995, 73.03818900000002, 37.178661000000005, 36.82709700000001, -0.08712299999999118, 72.950298, 37.354443, 37.09076999999999, 38.057570999999996, 72.68662499999999, 36.65131500000001, 36.65131500000001, -1.6691610000000026, 107.57935200000003, 77.16906599999999, 62.31548699999999]","[-1.0, 5.0, 3.0, 1.0, 1.0, 5.0, 3.0, 4.0, 1.0, 4.0, 2.0, 2.0, 1.0, -6.0, 2.0, 2.0]","[-9.0, 18.0, 15.0, 15.0, 0.0, 18.0, 10.0, 12.0, 0.0, 19.0, 11.0, 11.0, 15.0, -20.0, 11.0, 14.0]"
1,1791634602.1169405,"[-38.847053999999986, 75.23546400000001, 38.14546200000001, 37.96968000000001, -0.08712299999999118, 75.32335499999999, 38.32124400000001, 38.057570999999996, 39.024372, 74.620227, 37.881789, 37.44233399999999, -1.6691610000000026, 105.118404, 78.22375799999998, 63.37017900000001]","[0.0, 6.0, 1.0, 3.0, 1.0, 5.0, 1.0, 1.0, 1.0, 1.0, 1.0, 1.0, 1.0, -3.0, 1.0, 1.0]","[-9.0, 18.0, 16.0, 15.0, 0.0, 17.0, 10.0, 11.0, 0.0, 22.0, 11.0, 12.0, 14.0, -20.0, 11.0, 14.0]"
1,1791634602.343797,"[-39.98963699999999, 77.52062999999998, 39.375935999999996, 38.76069899999999, -0.08712299999999118, 76.99328400000002, 39.200154, 38.84859, 39.991173, 76.64172000000002, 38.76069899999999, 38.58491699999999, -1.6691610000000026, 103.36058400000002, 79.36634099999998, 64.249089]","[0.0, 5.0, 3.0, 3.0, 1.0, 3.0, 1.0, 1.0, 1.0, 7.0, 1.0, 2.0, 1.0, -3.0, 4.0, 1.0]","[-4.0, 16.0, 16.0, 15.0, 0.0, 19.0, 11.0, 12.0, 14.0, 19.0, 11.0, 12.0, 15.0, -20.0, 11.0, 14.0]"
1,1791634602.5677266,"[-40.78065599999999, 79.63001400000002, 40.43062800000001, 39.72749999999999, -0.08712299999999118, 76.99328400000002, 39.375935999999996, 39.024372, 40.95797400000001, 79.19055900000001, 39.991173, 39.63960900000001, -1.6691610000000026, 103.09691099999998, 80.245251, 65.30378100000001]","[-3.0, 5.0, 3.0, 4.0, 1.0, 1.0, 1.0, 4.0, 2.0, 1.0, 3.0, 1.0, 1.0, 0.0, 3.0, 2.0]","[-9.0, 16.0, 14.0, 15.0, 0.0, 19.0, 13.0, 14.0, 13.0, 18.0, 11.0, 12.0, 14.0, -20.0, 11.0, 14.0]"
1,1791634602.790506,"[-42.01113000000001, 82.00307099999998, 41.48532, 40.694300999999996, -0.08712299999999118, 76.99328400000002, 39.72749999999999, 39.815391000000005, 41.661102, 81.29994299999998, 41.04586499999999, 40.78219200000001, -1.6691610000000026, 103.09691099999998, 81.21205200000003, 66.44636400000002]","[0.0, 5.0, 1.0, 1.0, 0.0, 1.0, 1.0, 1.0, 1.0, 6.0, 4.0, 3.0, 1.0, 0.0, 2.0, 3.0]","[0.0, 14.0, 14.0, 16.0, 0.0, 19.0, 16.0, 15.0, 14.0, 17.0, 9.0, 12.0, 15.0, -20.0, 11.0, 14.0]"
1,1791634603.01562,"[-43.065822, 84.28823699999998, 42.627903, 41.74899300000001, -0.08712299999999118, 76.905393, 40.07906399999999, 40.166955, 43.06735800000001, 83.76089100000002, 42.188447999999994, 41.661102, -1.6691610000000026, 103.09691099999998, 82.35463500000003, 67.32527400000001]","[0.0, 5.0, 3.0, 2.0, 0.0, 0.0, 1.0, 1.0, 2.0, 4.0, 2.0, 1.0, 1.0, 0.0, 3.0, 1.0]","[0.0, 14.0, 14.0, 16.0, 0.0, 19.0, 19.0, 17.0, 0.0, 16.0, 10.0, 12.0, 16.0, -20.0, 11.0, 14.0]"
1,1791634603.2395942,"[-44.032623, 86.57340299999998, 43.59470400000001, 42.891576000000015, -0.08712299999999118, 76.905393, 40.07906399999999, 40.694300999999996, 44.03415899999999, 85.78238399999998, 43.24314000000001, 42.803685, -1.6691610000000026, 103.09691099999998, 83.14565399999998, 68.29207500000001]","[0.0, 4.0, 2.0, 3.0, 1.0, 0.0, 1.0, 1.0, 1.0, 4.0, 3.0, 2.0, 0.0, 0.0, 1.0, 2.0]","[0.0, 13.0, 14.0, 15.0, 0.0, 20.0, 25.0, 19.0, 0.0, 15.0, 10.0, 11.0, 16.0, -20.0, 12.0, 14.0]"
1,1791634603.4616692,"[-45.08731499999999, 88.41911399999998, 44.73728700000001, 43.68259499999999, -0.08712299999999118, 76.905393, 40.07906399999999, 41.22164699999999, 44.91306900000001, 88.155441, 44.297832, 43.85837699999999, -1.6691610000000026, 103.09691099999998, 83.673, 68.90731199999999]","[0.0, 5.0, 3.0, 3.0, 0.0, 0.0, 1.0, 1.0, 1.0, 5.0, 3.0, 2.0, 0.0, 0.0, 1.0, 1.0]","[0.0, 13.0, 13.0, 15.0, 0.0, 20.0, 29.0, 21.0, 0.0, 14.0, 11.0, 11.0, 15.0, -19.0, 12.0, 15.0]"
1,1791634603.6868792,"[-46.05411599999999, 88.594896, 45.528306000000015, 45.17674199999999, -0.08712299999999118, 76.81750199999999, 39.991173, 41.133756000000005, 46.05565200000001, 88.24333200000001, 45.264633, 45.00095999999999, -1.6691610000000026, 103.09691099999998, 83.673, 69.170985]","[0.0, 1.0, 1.0, 5.0, 0.0, 0.0, 0.0, 0.0, 1.0, 1.0, 2.0, 3.0, 0.0, 0.0, 1.0, 0.0]","[0.0, 13.0, 15.0, 15.0, 0.0, 10.0, 9.0, 10.0, -14.0, 13.0, 10.0, 11.0, 15.0, -19.0, 16.0, 17.0]"
1,1791634603.908625,"[-47.020917, 88.594896, 46.582998, 45.967760999999996, -0.08712299999999118, 76.81750199999999, 39.991173, 41.133756000000005, 47.02245300000001, 88.33122300000002, 46.143542999999994, 46.05565200000001, -1.6691610000000026, 103.09691099999998, 83.84878200000003, 69.43465800000001]","[0.0, 1.0, 3.0, 2.0, 0.0, 0.0, 0.0, 0.0, 1.0, 1.0, 1.0, 3.0, 0.0, 0.0, 1.0, 1.0]","[0.0, 13.0, 15.0, 15.0, 0.0, 10.0, 9.0, 9.0, -14.0, 13.0, 9.0, 11.0, 15.0, -20.0, 20.0, 20.0]"
1,1791634604.134063,"[-47.72404499999999, 88.594896, 47.54979900000001, 47.19823500000001, -0.08712299999999118, 76.81750199999999, 39.991173, 41.133756000000005, 48.077145, 88.33122300000002, 47.37401700000001, 47.110344, -1.6691610000000026, 103.09691099999998, 83.93667299999998, 69.78622200000001]","[-1.0, 1.0, 1.0, 1.0, 0.0, 0.0, 0.0, 0.0, 1.0, 1.0, 3.0, 2.0, 0.0, 0.0, 1.0, 1.0]","[-9.0, 13.0, 15.0, 15.0, 0.0, 10.0, 9.0, 9.0, -14.0, 13.0, 10.0, 10.0, 14.0, -20.0, 28.0, 24.0]"
1,1791634604.3581624,"[-49.04240999999999, 88.594896, 48.51660000000001, 48.165036000000015, -0.08712299999999118, 76.81750199999999, 39.991173, 41.133756000000005, 49.043946000000005, 88.33122300000002, 48.165036000000015, 48.077145, -1.7570519999999874, 103.09691099999998, 83.84878200000003, 69.78622200000001]","[-2.0, 1.0, 1.0, 1.0, 0.0, 0.0, 0.0, 0.0, 1.0, 0.0, 1.0, 3.0, 0.0, 0.0, 1.0, 0.0]","[0.0, 13.0, 15.0, 15.0, 0.0, 10.0, 9.0, 9.0, -14.0, 14.0, 10.0, 9.0, 8.0, 0.0, 10.0, 13.0]"
1,1791634604.5820637,"[-49.833428999999995, 88.594896, 49.483401000000015, 49.30761899999999, -0.08712299999999118, 76.81750199999999, 39.991173, 41.133756000000005, 50.01074700000001, 88.33122300000002, 49.219728, 49.043946000000005, -1.6691610000000026, 103.09691099999998, 83.93667299999998, 69.78622200000001]","[0.0, 1.0, 2.0, 3.0, 0.0, 0.0, 0.0, 0.0, 1.0, 0.0, 4.0, 1.0, 0.0, 0.0, 1.0, 0.0]","[-9.0, 13.0, 15.0, 14.0, 0.0, 10.0, 9.0, 10.0, -14.0, 14.0, 10.0, 10.0, 6.0, 0.0, 10.0, 12.0]"
1,1791634604.8054924,"[-50.80023, 88.594896, 50.538093, 50.538093, -0.08712299999999118, 76.81750199999999, 39.991173, 41.133756000000005, 51.15333000000001, 88.33122300000002, 50.18652900000001, 50.098637999999994, -1.7570519999999874, 103.09691099999998, 83.93667299999998, 69.78622200000001]","[0.0, 1.0, 3.0, 2.0, 0.0, 0.0, 0.0, 0.0, 1.0, 1.0, 1.0, 3.0, 1.0, 0.0, 1.0, 0.0]","[-9.0, 13.0, 15.0, 14.0, 0.0, 10.0, 9.0, 9.0, -14.0, 14.0, 10.0, 10.0, 7.0, 0.0, 9.0, 13.0]"
1,1791634605.0310745,"[-51.767031, 88.594896, 51.417002999999994, 51.50489400000001, -0.08712299999999118, 76.81750199999999, 39.991173, 41.133756000000005, 52.03224, 88.33122300000002, 51.15333000000001, 50.889657, -1.7570519999999874, 103.18480199999999, 83.84878200000003, 69.78622200000001]","[0.0, 1.0, 4.0, 3.0, 0.0, 0.0, 0.0, 1.0, 0.0, 0.0, 1.0, 1.0, 1.0, 1.0, 0.0, 0.0]","[-9.0, 13.0, 14.0, 14.0, 0.0, 9.0, 9.0, 10.0, 0.0, 14.0, 10.0, 12.0, 8.0, -3.0, 10.0, 13.0]"
1,1791634605.2550352,"[-52.82172299999999, 88.68278700000002, 52.208022, 52.383804, -0.08712299999999118, 76.81750199999999, 39.991173, 41.133756000000005, 53.08693199999999, 88.41911399999998, 52.29591300000001, 51.94434900000002, -1.6691610000000026, 103.09691099999998, 83.93667299999998, 69.78622200000001]","[-3.0, 1.0, 1.0, 2.0, 0.0, 0.0, 0.0, 0.0, 0.0, 1.0, 3.0, 1.0, 1.0, 1.0, 1.0, 0.0]","[-9.0, 13.0, 16.0, 14.0, 0.0, 10.0, 9.0, 10.0, 0.0, 14.0, 10.0, 11.0, 5.0, -4.0, 10.0, 12.0]"
1,1791634605.4793577,"[-53.876414999999994, 88.68278700000002, 52.82325900000001, 53.438496000000015, -0.08712299999999118, 76.81750199999999, 39.991173, 41.133756000000005, 54.053732999999994, 88.41911399999998, 53.174823, 52.999041000000005, -1.7570519999999874, 103.09691099999998, 83.93667299999998, 69.78622200000001]","[-2.0, 1.0, 3.0, 3.0, 0.0, 0.0, 0.0, 0.0, 1.0, 1.0, 1.0, 3.0, -1.0, 1.0, 1.0, 0.0]","[-8.0, 12.0, 16.0, 14.0, 0.0, 10.0, 9.0, 10.0, 0.0, 14.0, 11.0, 11.0, 9.0, -1.0, 10.0, 13.0]"
1,1791634605.703347,"[-54.491652, 88.68278700000002, 53.702169, 54.317406000000005, -0.08712299999999118, 76.81750199999999, 39.991173, 41.133756000000005, 55.10842500000001, 88.33122300000002, 54.053732999999994, 53.79006000000001, -1.7570519999999874, 103.18480199999999, 83.84878200000003, 69.78622200000001]","[0.0, 1.0, 3.0, 3.0, 0.0, 0.0, 0.0, 0.0, 0.0, 0.0, 2.0, 1.0, 0.0, 1.0, 1.0, 0.0]","[-9.0, 13.0, 16.0, 14.0, 0.0, 10.0, 10.0, 10.0, -14.0, 14.0, 10.0, 11.0, 7.0, -7.0, 10.0, 13.0]"
1,1791634605.9274457,"[-55.45845299999999, 88.594896, 54.317406000000005, 55.196315999999996, -0.08712299999999118, 76.81750199999999, 39.991173, 41.133756000000005, 56.075226000000015, 88.33122300000002, 55.10842500000001, 55.020534, -1.6691610000000026, 103.09691099999998, 83.93667299999998, 69.78622200000001]","[0.0, 0.0, 1.0, 2.0, 0.0, 0.0, 0.0, 0.0, 0.0, 0.0, 1.0, 3.0, 0.0, 0.0, 0.0, 0.0]","[-10.0, 13.0, 17.0, 15.0, 0.0, 10.0, 9.0, 10.0, 0.0, 14.0, 11.0, 11.0, 3.0, -4.0, 10.0, 13.0]"
1,1791634606.148427,"[-56.337362999999996, 88.594896, 55.10842500000001, 56.075226000000015, -0.08712299999999118, 76.81750199999999, 39.991173, 41.133756000000005, 56.954136000000005, 88.33122300000002, 56.075226000000015, 55.89944400000002, -1.7570519999999874, 103.18480199999999, 83.93667299999998, 69.78622200000001]","[0.0, 0.0, 1.0, 2.0, 0.0, 0.0, 0.0, 1.0, 1.0, 0.0, 2.0, 3.0, -1.0, 1.0, 0.0, 0.0]","[-11.0, 13.0, 18.0, 14.0, 0.0, 10.0, 9.0, 10.0, 0.0, 15.0, 11.0, 11.0, 9.0, -9.0, 10.0, 12.0]"
1,1791634606.3752923,"[-57.040491, 88.50700499999999, 56.25100800000001, 57.21780900000002, -0.08712299999999118, 76.81750199999999, 39.991173, 41.133756000000005, 57.92093700000001, 88.41911399999998, 56.86624499999999, 56.86624499999999, -1.7570519999999874, 103.09691099999998, 83.93667299999998, 69.78622200000001]","[-1.0, 0.0, 3.0, 2.0, 0.0, 0.0, 0.0, 0.0, 1.0, 2.0, 1.0, 3.0, 0.0, 0.0, 1.0, 0.0]","[-11.0, 15.0, 17.0, 14.0, 0.0, 10.0, 9.0, 10.0, -7.0, 13.0, 11.0, 11.0, 8.0, -3.0, 10.0, 13.0]"
1,1791634606.5984478,"[-58.446747, 88.50700499999999, 57.129918, 58.272501000000005, -0.08712299999999118, 76.81750199999999, 39.991173, 41.133756000000005, 58.975629, 88.41911399999998, 57.92093700000001, 57.92093700000001, -1.7570519999999874, 103.09691099999998, 83.93667299999998, 69.78622200000001]","[-4.0, 0.0, 1.0, 3.0, 0.0, 0.0, 0.0, 0.0, 1.0, 0.0, 3.0, 5.0, 1.0, 1.0, 1.0, 0.0]","[-9.0, 13.0, 19.0, 14.0, 0.0, 9.0, 9.0, 10.0, 0.0, 14.0, 10.0, 11.0, 2.0, -4.0, 10.0, 13.0]"
1,1791634606.8218966,"[-59.061983999999995, 88.50700499999999, 58.008827999999994, 59.23930200000001, -0.08712299999999118, 76.81750199999999, 39.991173, 41.133756000000005, 59.94243, 88.41911399999998, 58.975629, 58.799847, -1.7570519999999874, 103.18480199999999, 83.93667299999998, 69.78622200000001]","[0.0, 0.0, 0.0, 3.0, 0.0, 0.0, 0.0, 0.0, 1.0, 1.0, 2.0, 2.0, 0.0, 1.0, 1.0, 0.0]","[-11.0, 13.0, 19.0, 15.0, 0.0, 9.0, 10.0, 9.0, 0.0, 13.0, 10.0, 11.0, 8.0, -10.0, 10.0, 12.0]"
1,1791634607.0473125,"[-60.204567, 88.50700499999999, 59.766648, 59.327192999999994, -0.08712299999999118, 76.81750199999999, 39.991173, 41.133756000000005, 60.99712199999999, 88.41911399999998, 60.20610300000001, 58.799847, -1.7570519999999874, 103.18480199999999, 83.93667299999998, 69.78622200000001]","[0.0, 0.0, 5.0, 1.0, 0.0, 0.0, 0.0, 1.0, 1.0, 1.0, 3.0, 0.0, 0.0, 0.0, 1.0, 1.0]","[-11.0, 14.0, 16.0, 15.0, 0.0, 10.0, 9.0, 10.0, 0.0, 14.0, 10.0, 10.0, 9.0, -10.0, 10.0, 12.0]"
1,1791634607.2711232,"[-61.610822999999996, 88.68278700000002, 61.87603200000001, 59.41508400000001, -0.08712299999999118, 76.81750199999999, 39.991173, 41.133756000000005, 61.963922999999994, 88.41911399999998, 61.348686000000015, 58.88773800000001, -1.7570519999999874, 103.18480199999999, 83.93667299999998, 69.78622200000001]","[0.0, 1.0, 3.0, 1.0, 0.0, 0.0, 0.0, 0.0, 1.0, 1.0, 4.0, 1.0, 0.0, 1.0, 1.0, 0.0]","[-9.0, 12.0, 14.0, 13.0, 0.0, 9.0, 9.0, 9.0, 0.0, 14.0, 10.0, 11.0, 10.0, -10.0, 11.0, 13.0]"
1,1791634607.4922297,"[-62.577624, 88.77067799999998, 62.930724, 59.41508400000001, -0.08712299999999118, 76.81750199999999, 39.991173, 41.133756000000005, 62.84283300000001, 88.41911399999998, 62.31548699999999, 58.88773800000001, -1.7570519999999874, 103.09691099999998, 83.93667299999998, 69.874113]","[-1.0, 1.0, 3.0, 1.0, 0.0, 0.0, 0.0, 0.0, 2.0, 0.0, 1.0, 1.0, 0.0, 0.0, 1.0, 1.0]","[-9.0, 12.0, 0.0, 14.0, 0.0, 10.0, 10.0, 9.0, 13.0, 13.0, 11.0, 11.0, 9.0, -8.0, 10.0, 11.0]"
1,1791634607.7168357,"[-63.720207, 88.85856899999999, 63.80963400000002, 59.41508400000001, -0.08712299999999118, 76.81750199999999, 39.991173, 41.133756000000005, 63.985416000000015, 88.41911399999998, 63.19439700000001, 58.88773800000001, -1.7570519999999874, 103.18480199999999, 83.93667299999998, 69.78622200000001]","[0.0, 1.0, 2.0, 1.0, 0.0, 0.0, 0.0, 0.0, 1.0, 1.0, 1.0, 1.0, 0.0, 1.0, 1.0, 0.0]","[-9.0, 12.0, 14.0, 15.0, 0.0, 9.0, 9.0, 10.0, 0.0, 14.0, 10.0, 12.0, 10.0, -10.0, 10.0, 12.0]"
1,1791634607.9410834,"[-64.86279, 88.85856899999999, 64.68854400000001, 59.41508400000001, -0.08712299999999118, 76.81750199999999, 39.991173, 41.133756000000005, 64.95221699999999, 88.41911399999998, 64.249089, 58.88773800000001, -1.7570519999999874, 103.18480199999999, 83.93667299999998, 69.78622200000001]","[0.0, 1.0, 1.0, 1.0, 0.0, 0.0, 0.0, 0.0, 1.0, 0.0, 3.0, 1.0, 0.0, 1.0, 1.0, 0.0]","[-9.0, 12.0, 15.0, 14.0, 0.0, 9.0, 10.0, 8.0, 0.0, 14.0, 10.0, 11.0, 9.0, -11.0, 9.0, 13.0]"
1,1791634608.1671498,"[-65.390136, 88.85856899999999, 65.65534500000001, 59.41508400000001, -0.08712299999999118, 76.81750199999999, 39.991173, 41.133756000000005, 65.919018, 88.41911399999998, 65.21589, 58.88773800000001, -1.7570519999999874, 103.18480199999999, 83.93667299999998, 69.78622200000001]","[0.0, 1.0, 2.0, 1.0, 0.0, 0.0, 0.0, 1.0, 1.0, 0.0, 2.0, 1.0, 0.0, 0.0, 1.0, 0.0]","[-10.0, 12.0, 13.0, 14.0, 0.0, 10.0, 9.0, 10.0, 0.0, 14.0, 10.0, 11.0, 10.0, -4.0, 11.0, 12.0]"
1,1791634608.3903413,"[-66.62061, 88.85856899999999, 66.710037, 59.41508400000001, -0.08712299999999118, 76.81750199999999, 39.991173, 41.133756000000005, 66.97371000000001, 88.41911399999998, 66.00690900000001, 58.88773800000001, -1.7570519999999874, 103.09691099999998, 83.93667299999998, 69.78622200000001]","[-1.0, 1.0, 1.0, 1.0, 0.0, 0.0, 0.0, 0.0, 1.0, 1.0, 1.0, 1.0, 0.0, 0.0, 1.0, 0.0]","[-10.0, 12.0, 14.0, 15.0, 0.0, 10.0, 10.0, 10.0, 0.0, 13.0, 10.0, 11.0, 9.0, -7.0, 10.0, 13.0]"
1,1791634608.6121187,"[-67.587411, 88.85856899999999, 67.76472900000002, 59.41508400000001, -0.08712299999999118, 76.81750199999999, 39.991173, 41.133756000000005, 67.94051100000001, 88.41911399999998, 66.79792800000001, 58.88773800000001, -1.7570519999999874, 103.09691099999998, 83.93667299999998, 69.78622200000001]","[-1.0, 1.0, 3.0, 1.0, 1.0, 0.0, 0.0, 0.0, 3.0, 0.0, 1.0, 1.0, 0.0, 0.0, 1.0, 1.0]","[-9.0, 12.0, 14.0, 15.0, 0.0, 10.0, 8.0, 9.0, 0.0, 14.0, 11.0, 11.0, 10.0, -3.0, 10.0, 11.0]"
1,1791634608.8386798,"[-68.55421199999999, 88.85856899999999, 68.73152999999999, 59.41508400000001, -0.08712299999999118, 76.81750199999999, 39.991173, 41.133756000000005, 68.90731199999999, 88.41911399999998, 67.76472900000002, 58.88773800000001, -1.7570519999999874, 103.18480199999999, 83.93667299999998, 69.874113]","[-1.0, 1.0, 2.0, 1.0, 1.0, 0.0, 0.0, 0.0, 1.0, 0.0, 4.0, 1.0, 0.0, 1.0, 1.0, 1.0]","[-10.0, 12.0, 14.0, 13.0, -1.0, 10.0, 9.0, 10.0, 14.0, 14.0, 10.0, 11.0, 10.0, -5.0, 10.0, 6.0]"
1,1791634609.06191,"[-69.521013, 89.21013299999998, 69.61044000000001, 59.41508400000001, -0.08712299999999118, 76.81750199999999, 39.991173, 41.133756000000005, 69.874113, 88.41911399999998, 68.73152999999999, 58.88773800000001, -1.7570519999999874, 103.18480199999999, 83.93667299999998, 69.78622200000001]","[-1.0, 1.0, 1.0, 1.0, 0.0, 0.0, 0.0, 0.0, 4.0, 1.0, 3.0, 1.0, 0.0, 1.0, 1.0, 0.0]","[-9.0, 11.0, 14.0, 14.0, 0.0, 10.0, 9.0, 10.0, 13.0, 13.0, 11.0, 12.0, 10.0, -7.0, 10.0, 13.0]"
1,1791634609.2866793,"[-70.399923, 89.21013299999998, 70.48935, 59.41508400000001, -0.08712299999999118, 76.81750199999999, 39.991173, 41.133756000000005, 70.840914, 88.41911399999998, 69.170985, 58.88773800000001, -1.7570519999999874, 103.18480199999999, 83.93667299999998, 69.78622200000001]","[-2.0, 1.0, 1.0, 1.0, 1.0, 0.0, 0.0, 0.0, 2.0, 1.0, 1.0, 1.0, 0.0, 0.0, 1.0, 1.0]","[-9.0, 11.0, 14.0, 14.0, -1.0, 9.0, 9.0, 9.0, 14.0, 14.0, 13.0, 12.0, 9.0, -5.0, 9.0, 12.0]"
1,1791634609.5110364,"[-71.366724, 89.298024, 70.92880500000001, 59.41508400000001, -0.08712299999999118, 76.81750199999999, 39.991173, 41.133756000000005, 71.807715, 88.41911399999998, 69.522549, 58.88773800000001, -1.7570519999999874, 103.09691099999998, 83.93667299999998, 69.78622200000001]","[-1.0, 1.0, 1.0, 1.0, 1.0, 0.0, 0.0, 0.0, 1.0, 1.0, 1.0, 0.0, 0.0, 0.0, 1.0, 0.0]","[-9.0, 11.0, 16.0, 14.0, 0.0, 10.0, 9.0, 9.0, 13.0, 12.0, 16.0, 12.0, 9.0, -11.0, 9.0, 13.0]"
1,1791634609.7329118,"[-72.421416, 89.298024, 71.456151, 59.41508400000001, -0.08712299999999118, 76.81750199999999, 39.991173, 41.133756000000005, 72.86240699999999, 88.77067799999998, 69.874113, 58.88773800000001, -1.7570519999999874, 103.09691099999998, 83.93667299999998, 69.78622200000001]","[-1.0, 1.0, 1.0, 0.0, 0.0, 0.0, 0.0, 0.0, 2.0, 1.0, 1.0, 0.0, 0.0, 0.0, 1.0, 1.0]","[-9.0, 11.0, 17.0, 13.0, 0.0, 10.0, 10.0, 9.0, 13.0, 12.0, 18.0, 11.0, 9.0, -5.0, 10.0, 13.0]"
1,1791634609.9589734,"[-73.036653, 89.56169699999998, 71.807715, 59.327192999999994, -0.08712299999999118, 76.81750199999999, 39.991173, 41.133756000000005, 73.74131700000001, 88.85856899999999, 70.22567699999999, 58.799847, -1.7570519999999874, 103.18480199999999, 83.93667299999998, 69.78622200000001]","[0.0, 1.0, 1.0, 0.0, 0.0, 0.0, 0.0, 0.0, 0.0, 1.0, 1.0, 0.0, 0.0, 1.0, 1.0, 0.0]","[-10.0, 10.0, 20.0, 14.0, 0.0, 10.0, 10.0, 10.0, 14.0, 12.0, 23.0, 12.0, 9.0, -10.0, 9.0, 13.0]"
1,1791634610.1792908,"[-73.65189, 89.73747900000001, 72.335061, 59.327192999999994, -0.08712299999999118, 76.81750199999999, 39.991173, 41.133756000000005, 74.70811800000001, 88.85856899999999, 70.665132, 58.799847, -1.7570519999999874, 103.09691099999998, 83.93667299999998, 69.78622200000001]","[1.0, 1.0, 2.0, 0.0, 0.0, 0.0, 0.0, 0.0, 1.0, 1.0, 1.0, 0.0, 0.0, 0.0, 1.0, 1.0]","[-12.0, 10.0, 22.0, 14.0, 0.0, 10.0, 9.0, 9.0, 14.0, 12.0, 27.0, 12.0, 10.0, -5.0, 9.0, 13.0]"
1,1791634610.4043167,"[-73.739781, 89.82537000000002, 73.03818900000002, 59.23930200000001, -0.08712299999999118, 76.81750199999999, 39.991173, 41.133756000000005, 74.796009, 88.94646, 70.92880500000001, 58.799847, -1.7570519999999874, 103.18480199999999, 83.93667299999998, 69.78622200000001]","[-1.0, 1.0, 1.0, 0.0, 0.0, 0.0, 0.0, 1.0, 1.0, 1.0, 1.0, 0.0, 0.0, 1.0, 0.0, 1.0]","[-12.0, 11.0, 25.0, 14.0, 0.0, 11.0, 9.0, 9.0, 14.0, 12.0, 32.0, 11.0, 10.0, -7.0, 9.0, 13.0]"
1,1791634610.6296115,"[-73.739781, 89.82537000000002, 73.38975300000001, 59.23930200000001, -0.08712299999999118, 76.72961099999998, 39.991173, 41.22164699999999, 74.796009, 88.94646, 71.36825999999999, 58.711956000000015, -1.7570519999999874, 103.18480199999999, 83.93667299999998, 69.78622200000001]","[0.0, 1.0, 1.0, 1.0, 0.0, 0.0, 0.0, 1.0, 1.0, 1.0, 1.0, 0.0, 0.0, 0.0, 1.0, 0.0]","[-11.0, 4.0, 32.0, 14.0, 0.0, 11.0, 9.0, 7.0, 13.0, 12.0, 37.0, 12.0, 10.0, -2.0, 10.0, 13.0]"
1,1791634610.8549573,"[-73.739781, 89.82537000000002, 73.74131700000001, 59.151410999999996, -0.08712299999999118, 76.81750199999999, 39.991173, 41.133756000000005, 74.796009, 88.94646, 71.192478, 58.711956000000015, -1.7570519999999874, 103.09691099999998, 83.93667299999998, 69.78622200000001]","[0.0, 1.0, 1.0, 0.0, 0.0, 0.0, 0.0, 0.0, 1.0, 1.0, 0.0, 0.0, 0.0, 0.0, 1.0, 0.0]","[-11.0, 8.0, 32.0, 16.0, 0.0, 10.0, 9.0, 10.0, 8.0, 0.0, 9.0, 0.0, 10.0, -3.0, 10.0, 14.0]"
1,1791634611.0792496,"[-73.82767199999999, 89.82537000000002, 73.74131700000001, 59.151410999999996, -0.08712299999999118, 76.81750199999999, 39.991173, 41.133756000000005, 74.796009, 88.94646, 71.192478, 58.711956000000015, -1.7570519999999874, 103.18480199999999, 83.93667299999998, 69.78622200000001]","[1.0, 0.0, 1.0, 0.0, 0.0, 1.0, 0.0, 0.0, 1.0, 1.0, 0.0, 0.0, 0.0, 1.0, 1.0, 1.0]","[-11.0, 5.0, 40.0, 14.0, 0.0, 10.0, 10.0, 9.0, 9.0, 0.0, 9.0, 0.0, 10.0, -8.0, 10.0, 11.0]"
1,1791634611.3013387,"[-73.82767199999999, 89.91326099999998, 73.653426, 59.151410999999996, -0.08712299999999118, 76.81750199999999, 39.991173, 41.133756000000005, 74.88390000000001, 88.94646, 71.192478, 58.711956000000015, -1.7570519999999874, 103.18480199999999, 83.93667299999998, 69.78622200000001]","[1.0, 0.0, 0.0, 0.0, 1.0, 0.0, 0.0, 1.0, 1.0, 1.0, 0.0, 0.0, 0.0, 1.0, 1.0, 0.0]","[0.0, 0.0, 13.0, 0.0, 0.0, 9.0, 10.0, 9.0, 0.0, 0.0, 9.0, 0.0, 10.0, -3.0, 10.0, 14.0]"
2,1791634613.3189504,"[0.0007679999999936626, -5.009018999999995, -1.229705999999993, -0.17501400000000444, -0.08712299999999118, -5.272692000000006, -0.08712299999999118, -0.2629049999999893, 0.08865900000000693, -5.536364999999989, -1.1418150000000082, 0.26444100000000503, -1.229705999999993, 178.243716, 40.254846000000015, 25.66494]","[0.0, 0.0, 1.0, 1.0, 1.0, 1.0, 0.0, 0.0, 1.0, 1.0, 1.0, 0.0, 0.0, 1.0, 0.0, 1.0]","[-8.0, 32.0, 16.0, 13.0, 0.0, 33.0, 0.0, 9.0, -14.0, 37.0, 11.0, -10.0, 13.0, 16.0, -11.0, -14.0]"
2,1791634613.5427535,"[0.0007679999999936626, -5.009018999999995, -1.229705999999993, 0.08865900000000693, -0.08712299999999118, -5.009018999999995, 0.528113999999988, -0.08712299999999118, 0.08865900000000693, -5.272692000000006, -1.053923999999995, 0.44022300000000314, -1.229705999999993, 177.892152, 40.342737, 25.752831000000015]","[1.0, 1.0, 1.0, 1.0, 1.0, 1.0, 1.0, 1.0, 1.0, 1.0, 1.0, 1.0, 0.0, 0.0, 1.0, 1.0]","[-5.0, 41.0, 19.0, 14.0, 0.0, 47.0, 10.0, 12.0, -14.0, 45.0, 13.0, 10.0, 16.0, -12.0, 11.0, 13.0]"
2,1791634613.7666492,"[0.0007679999999936626, -4.92112800000001, 0.0007679999999936626, 0.6160050000000012, -0.08712299999999118, -3.7785450000000083, 1.1433509999999956, 0.17654999999999177, 0.08865900000000693, -5.272692000000006, -0.6144689999999855, 0.6160050000000012, -1.229705999999993, 177.62847900000003, 40.60641000000001, 26.368067999999994]","[1.0, 1.0, 2.0, 2.0, 1.0, 1.0, 1.0, 1.0, 1.0, 1.0, 1.0, 1.0, 0.0, 0.0, 1.0, 2.0]","[-9.0, 49.0, 19.0, 16.0, 0.0, 59.0, 11.0, 13.0, -14.0, 56.0, 15.0, 12.0, 20.0, -25.0, 12.0, 14.0]"
2,1791634613.9908657,"[0.0007679999999936626, -4.305891000000003, 0.8796780000000126, 1.582806000000005, -0.08712299999999118, -2.28439800000001, 1.846478999999988, 1.4949149999999918, 0.08865900000000693, -4.657454999999999, 0.3523319999999899, 0.6160050000000012, -1.229705999999993, 176.310114, 41.48532, 27.159087]","[0.0, 1.0, 1.0, 1.0, 1.0, 6.0, 1.0, 2.0, 1.0, 1.0, 3.0, 1.0, 0.0, -2.0, 3.0, 1.0]","[-9.0, 63.0, 19.0, 16.0, 0.0, 56.0, 12.0, 13.0, -14.0, 59.0, 16.0, 15.0, 29.0, -35.0, 14.0, 15.0]"
2,1791634614.2114265,"[0.0007679999999936626, -4.305891000000003, 1.7585880000000031, 2.6374979999999937, -0.08712299999999118, 0.3523319999999899, 2.6374979999999937, 2.2859339999999975, 0.08865900000000693, -4.1301090000000045, 1.407024000000007, 2.0222610000000145, -1.1418150000000082, 173.14603799999998, 42.188447999999994, 28.125888000000003]","[0.0, 0.0, 1.0, 3.0, 1.0, 6.0, 1.0, 2.0, 1.0, 4.0, 1.0, 3.0, 1.0, -1.0, 1.0, 2.0]","[-9.0, 64.0, 20.0, 16.0, 0.0, 56.0, 13.0, 14.0, -14.0, 60.0, 16.0, 14.0, 34.0, -33.0, 14.0, 14.0]"
2,1791634614.43867,"[0.0007679999999936626, -4.305891000000003, 2.813279999999992, 3.6042989999999975, -0.08712299999999118, 2.0222610000000145, 3.4285169999999994, 3.4285169999999994, 0.08865900000000693, -3.60276300000001, 2.1980430000000126, 3.164843999999988, -1.1418150000000082, 169.71828900000003, 43.331030999999996, 29.268471000000005]","[0.0, 1.0, 1.0, 1.0, 1.0, 3.0, 1.0, 3.0, 0.0, 1.0, 1.0, 4.0, 1.0, -4.0, 4.0, 3.0]","[-6.0, 74.0, 19.0, 16.0, 0.0, 59.0, 13.0, 12.0, -14.0, 71.0, 17.0, 13.0, 41.0, -29.0, 14.0, 15.0]"
2,1791634614.6599348,"[0.0007679999999936626, -1.6691610000000026, 3.3406260000000145, 4.483208999999988, -0.08712299999999118, 3.867972000000009, 4.30742699999999, 4.30742699999999, 0.08865900000000693, -3.60276300000001, 3.164843999999988, 4.043754000000007, 0.528113999999988, 168.487815, 43.41892200000001, 30.147380999999996]","[1.0, 12.0, 1.0, 3.0, 1.0, 4.0, 1.0, 1.0, 0.0, 1.0, 2.0, 1.0, 12.0, 0.0, 1.0, 2.0]","[-7.0, 51.0, 22.0, 17.0, 0.0, 57.0, 14.0, 13.0, -14.0, 85.0, 16.0, 15.0, 33.0, -44.0, 17.0, 14.0]"
2,1791634614.8848228,"[-0.08712299999999118, -1.053923999999995, 4.834773000000013, 5.713683000000003, -0.08712299999999118, 6.153138000000013, 5.362119000000007, 5.274227999999994, 0.08865900000000693, -0.790251000000012, 4.30742699999999, 4.9226639999999975, 2.1101519999999994, 164.53271999999998, 45.616197, 31.202073000000013]","[0.0, 1.0, 3.0, 2.0, 1.0, 3.0, 3.0, 2.0, 1.0, 12.0, 1.0, 1.0, 1.0, -6.0, 5.0, 1.0]","[-5.0, 62.0, 20.0, 15.0, 0.0, 60.0, 14.0, 13.0, -14.0, 55.0, 16.0, 15.0, 32.0, -35.0, 13.0, 15.0]"
2,1791634615.1105685,"[0.0007679999999936626, 0.3523319999999899, 5.889465000000001, 6.680484000000007, -0.08712299999999118, 7.823067000000009, 5.362119000000007, 6.504702000000009, 0.08865900000000693, -0.08712299999999118, 5.274227999999994, 6.2410289999999975, 3.164843999999988, 161.280753, 46.75878, 32.256765]","[1.0, 3.0, 2.0, 4.0, 1.0, 7.0, 1.0, 6.0, 1.0, 1.0, 3.0, 3.0, 2.0, -7.0, 2.0, 2.0]","[-8.0, 56.0, 20.0, 15.0, 0.0, 61.0, 17.0, 12.0, -14.0, 66.0, 17.0, 13.0, 30.0, -34.0, 12.0, 15.0]"
2,1791634615.3346007,"[0.0007679999999936626, 0.3523319999999899, 6.768374999999992, 7.647285000000011, -0.08712299999999118, 9.932451000000015, 7.207830000000001, 7.471503000000013, 0.08865900000000693, -0.08712299999999118, 6.328920000000011, 7.207830000000001, 3.164843999999988, 158.292459, 47.54979900000001, 33.31145699999999]","[1.0, 1.0, 5.0, 2.0, 1.0, 2.0, 3.0, 2.0, 0.0, 0.0, 1.0, 1.0, 1.0, -3.0, 3.0, 2.0]","[-6.0, 65.0, 20.0, 16.0, 0.0, 60.0, 14.0, 13.0, -14.0, 77.0, 16.0, 14.0, 37.0, -35.0, 13.0, 14.0]"
2,1791634615.5571802,"[0.0007679999999936626, 0.3523319999999899, 7.823067000000009, 8.701977, -0.08712299999999118, 11.426598000000013, 8.26252199999999, 8.526195000000001, 0.08865900000000693, 1.407024000000007, 7.119938999999988, 7.823067000000009, 5.450009999999992, 155.304165, 48.428709, 34.36614900000001]","[1.0, 1.0, 1.0, 2.0, 1.0, -1.0, 1.0, 1.0, 1.0, 1.0, 1.0, 6.0, 7.0, -4.0, 1.0, 3.0]","[-8.0, 76.0, 20.0, 16.0, 0.0, 68.0, 14.0, 12.0, -13.0, 71.0, 17.0, 15.0, 29.0, -35.0, 13.0, 14.0]"
2,1791634615.7795413,"[0.0007679999999936626, 2.725389000000007, 8.701977, 9.668778000000003, -0.08712299999999118, 13.799655000000001, 9.317214000000007, 9.405104999999992, 0.08865900000000693, 3.4285169999999994, 8.350413000000003, 9.317214000000007, 6.2410289999999975, 152.31587100000002, 49.571292, 35.33295000000001]","[1.0, 16.0, 4.0, 3.0, 1.0, 8.0, 2.0, 1.0, 1.0, 8.0, 3.0, 3.0, 7.0, -5.0, 1.0, 3.0]","[-7.0, 53.0, 21.0, 16.0, 0.0, 55.0, 13.0, 14.0, -14.0, 55.0, 16.0, 14.0, 29.0, -34.0, 13.0, 14.0]"
2,1791634616.0032952,"[0.0007679999999936626, 3.6921900000000107, 9.932451000000015, 10.723469999999992, -0.08712299999999118, 16.084821000000005, 10.28401500000001, 10.371905999999996, 0.08865900000000693, 4.219536000000005, 9.053540999999996, 10.020342, 7.647285000000011, 150.030705, 50.538093, 36.21186]","[2.0, 1.0, 3.0, 3.0, 1.0, 3.0, 3.0, 1.0, 0.0, 3.0, 3.0, 2.0, 5.0, -2.0, 2.0, 3.0]","[-9.0, 62.0, 19.0, 16.0, 0.0, 62.0, 16.0, 13.0, -14.0, 60.0, 18.0, 13.0, 31.0, -41.0, 13.0, 14.0]"
2,1791634616.2287447,"[0.0007679999999936626, 4.746881999999999, 10.547687999999994, 11.514488999999998, -0.08712299999999118, 17.75475, 10.371905999999996, 11.514488999999998, 0.08865900000000693, 4.219536000000005, 10.108233000000013, 11.075033999999988, 8.701977, 146.77873799999998, 51.50489400000001, 37.354443]","[0.0, 4.0, 1.0, 2.0, 1.0, 9.0, 1.0, 3.0, 1.0, 1.0, 3.0, 2.0, 3.0, -5.0, 1.0, 3.0]","[-6.0, 64.0, 20.0, 16.0, 0.0, 56.0, 17.0, 13.0, -14.0, 72.0, 18.0, 13.0, 27.0, -36.0, 14.0, 14.0]"
2,1791634616.4513037,"[0.0007679999999936626, 4.746881999999999, 11.690270999999996, 12.657072, -0.08712299999999118, 20.12780699999999, 12.21761699999999, 12.393398999999988, 0.08865900000000693, 4.219536000000005, 10.89925199999999, 12.129726000000005, 8.701977, 143.263098, 52.559585999999996, 38.32124400000001]","[1.0, 1.0, 1.0, 3.0, 1.0, 3.0, 3.0, 1.0, 1.0, 1.0, 1.0, 4.0, 1.0, -5.0, 3.0, 1.0]","[-6.0, 77.0, 20.0, 15.0, 0.0, 59.0, 13.0, 13.0, -14.0, 84.0, 19.0, 14.0, 34.0, -32.0, 13.0, 14.0]"
2,1791634616.6785328,"[-0.08712299999999118, 5.9773560000000145, 12.569181000000015, 13.448091000000005, -0.08712299999999118, 21.621953999999988, 13.272309000000007, 13.623873000000003, 0.08865900000000693, 7.207830000000001, 11.778162000000009, 12.92074500000001, 10.811361000000005, 140.099022, 53.526387, 39.46382700000001]","[0.0, 12.0, 1.0, 2.0, 1.0, 10.0, 4.0, 2.0, 1.0, 5.0, 5.0, 4.0, 1.0, -3.0, 3.0, 1.0]","[-5.0, 60.0, 20.0, 15.0, 0.0, 58.0, 13.0, 12.0, -14.0, 59.0, 18.0, 14.0, 26.0, -33.0, 13.0, 14.0]"
2,1791634616.9024537,"[0.0007679999999936626, 8.526195000000001, 13.887546000000015, 14.502782999999994, -0.08712299999999118, 24.78603000000001, 14.327000999999996, 14.414892000000009, 0.08865900000000693, 8.438303999999988, 13.096527000000009, 13.887546000000015, 11.778162000000009, 137.02283699999998, 54.756861000000015, 40.518519]","[1.0, 1.0, 2.0, 1.0, 1.0, 4.0, 3.0, 0.0, 1.0, 7.0, 3.0, 1.0, 1.0, -4.0, 3.0, 2.0]","[-7.0, 55.0, 20.0, 17.0, 0.0, 54.0, 14.0, 13.0, -14.0, 57.0, 18.0, 16.0, 28.0, -33.0, 12.0, 14.0]"
2,1791634617.1264093,"[-0.08712299999999118, 9.053540999999996, 14.766456000000005, 15.469583999999998, -0.08712299999999118, 26.192285999999996, 15.381693000000013, 15.821147999999994, 0.08865900000000693, 9.229322999999994, 13.887546000000015, 14.85434699999999, 12.92074500000001, 133.59508799999998, 55.72366199999999, 41.48532]","[0.0, 3.0, 1.0, 2.0, 1.0, 7.0, 3.0, 3.0, 1.0, 0.0, 1.0, 2.0, 1.0, -7.0, 2.0, 3.0]","[-4.0, 59.0, 20.0, 16.0, 0.0, 54.0, 12.0, 12.0, -14.0, 59.0, 19.0, 15.0, 25.0, -27.0, 12.0, 14.0]"
2,1791634617.3476348,"[0.0007679999999936626, 9.141432000000009, 15.733257000000009, 16.436385, -0.08712299999999118, 28.565343000000013, 16.17271199999999, 16.787948999999998, 0.08865900000000693, 9.317214000000007, 15.030128999999988, 15.996929999999992, 13.711763999999988, 130.431012, 56.86624499999999, 42.452121000000005]","[1.0, 1.0, 2.0, 2.0, 1.0, 2.0, 8.0, 2.0, 1.0, 1.0, 4.0, 1.0, 2.0, -6.0, 3.0, 2.0]","[-9.0, 71.0, 20.0, 16.0, 0.0, 57.0, 13.0, 11.0, -14.0, 70.0, 16.0, 14.0, 27.0, -27.0, 12.0, 14.0]"
2,1791634617.571871,"[0.0007679999999936626, 11.338707, 16.787948999999998, 17.403186000000005, -0.08712299999999118, 30.23527200000001, 17.666858999999988, 17.75475, 0.08865900000000693, 9.317214000000007, 16.084821000000005, 16.612167, 15.118020000000001, 127.44271800000001, 57.393591000000015, 43.41892200000001]","[0.0, 7.0, 1.0, 4.0, 1.0, 1.0, 3.0, 1.0, 1.0, 0.0, 2.0, 6.0, 4.0, -3.0, 6.0, 1.0]","[-9.0, 57.0, 20.0, 16.0, 0.0, 60.0, 12.0, 12.0, -14.0, 84.0, 17.0, 14.0, 25.0, -30.0, 13.0, 14.0]"
2,1791634617.7980828,"[0.0007679999999936626, 11.953944000000007, 17.930532, 18.36998700000001, -0.08712299999999118, 32.69622000000001, 17.75475, 18.721551000000005, 0.08865900000000693, 10.196123999999998, 17.227404000000007, 18.19420500000001, 15.996929999999992, 124.80598800000001, 59.06352000000001, 44.38572300000001]","[1.0, 1.0, 2.0, 2.0, 1.0, 7.0, 1.0, 3.0, 1.0, 1.0, 4.0, 3.0, 3.0, -4.0, 2.0, 1.0]","[-8.0, 58.0, 19.0, 16.0, 0.0, 46.0, 14.0, 12.0, -14.0, 86.0, 18.0, 13.0, 26.0, -31.0, 12.0, 13.0]"
2,1791634618.021355,"[-0.08712299999999118, 12.393398999999988, 18.80944199999999, 19.336788000000013, -0.08712299999999118, 34.62982199999999, 18.985223999999988, 19.68835200000001, 0.08865900000000693, 10.196123999999998, 18.106313999999998, 18.897333000000003, 16.787948999999998, 122.16925800000001, 60.118212, 45.528306000000015]","[0.0, 1.0, 1.0, 1.0, 1.0, 4.0, 1.0, 1.0, 1.0, 0.0, 1.0, 1.0, 1.0, -4.0, 3.0, 1.0]","[-2.0, 66.0, 19.0, 16.0, 0.0, 53.0, 13.0, 12.0, -15.0, 101.0, 16.0, 13.0, 23.0, -32.0, 11.0, 14.0]"
2,1791634618.2453833,"[0.0007679999999936626, 13.272309000000007, 19.952024999999992, 20.39148, -0.08712299999999118, 36.914987999999994, 19.952024999999992, 20.743043999999998, 0.08865900000000693, 10.196123999999998, 19.336788000000013, 20.039916000000005, 18.018423000000013, 118.38994500000001, 61.260795, 46.49510699999999]","[1.0, 4.0, 2.0, 1.0, 1.0, 7.0, 4.0, 2.0, 1.0, 1.0, 4.0, 2.0, 1.0, -4.0, 3.0, 3.0]","[-8.0, 67.0, 18.0, 17.0, 0.0, 47.0, 14.0, 12.0, -14.0, 116.0, 16.0, 12.0, 25.0, -27.0, 11.0, 14.0]"
2,1791634618.4699147,"[0.0007679999999936626, 13.448091000000005, 21.00671700000001, 21.534063000000003, -0.08712299999999118, 37.00287900000001, 20.743043999999998, 21.534063000000003, 0.08865900000000693, 10.196123999999998, 20.303588999999988, 21.00671700000001, 19.161006000000015, 114.962196, 62.05181400000001, 47.54979900000001]","[1.0, 1.0, 2.0, 3.0, 1.0, 1.0, 3.0, 1.0, 1.0, 0.0, 2.0, 1.0, 5.0, -6.0, 1.0, 3.0]","[-8.0, 80.0, 19.0, 16.0, 0.0, 73.0, 16.0, 12.0, -14.0, 133.0, 15.0, 14.0, 23.0, -25.0, 12.0, 13.0]"
2,1791634618.6931956,"[0.0007679999999936626, 13.448091000000005, 22.061408999999998, 22.500864000000007, -0.08712299999999118, 40.694300999999996, 21.797736000000015, 22.76453699999999, 0.17654999999999177, 9.58088699999999, 20.303588999999988, 21.00671700000001, 20.39148, 111.71022900000003, 63.45806999999999, 48.51660000000001]","[0.0, 1.0, 1.0, 3.0, 1.0, 7.0, 2.0, 1.0, 1.0, 0.0, 1.0, 0.0, 1.0, -6.0, 3.0, 1.0]","[-5.0, 93.0, 19.0, 16.0, 0.0, 51.0, 16.0, 12.0, 0.0, 10.0, 1.0, 0.0, 24.0, -23.0, 11.0, 14.0]"
2,1791634618.9182007,"[0.0007679999999936626, 17.227404000000007, 22.940318999999988, 22.940318999999988, -0.08712299999999118, 42.803685, 22.588754999999992, 23.64344700000001, 0.17654999999999177, 9.668778000000003, 20.215698000000003, 21.00671700000001, 21.44617199999999, 108.80982599999999, 64.600653, 49.483401000000015]","[0.0, 10.0, 1.0, 6.0, 1.0, 2.0, 1.0, 2.0, 1.0, 2.0, 0.0, 0.0, 1.0, -2.0, 2.0, 1.0]","[-7.0, 56.0, 19.0, 16.0, 0.0, 53.0, 17.0, 13.0, 0.0, 11.0, 2.0, 0.0, 23.0, -25.0, 11.0, 14.0]"
2,1791634619.1413221,"[0.0007679999999936626, 17.403186000000005, 23.907119999999992, 24.522357, -0.08712299999999118, 45.264633, 22.676646000000005, 24.78603000000001, 0.17654999999999177, 9.58088699999999, 20.303588999999988, 21.00671700000001, 22.500864000000007, 105.38207699999998, 65.391672, 50.538093]","[1.0, 1.0, 3.0, 1.0, 1.0, 5.0, 2.0, 1.0, 1.0, 1.0, 1.0, 0.0, 4.0, -6.0, 5.0, 3.0]","[-7.0, 65.0, 19.0, 16.0, 0.0, 47.0, 19.0, 12.0, 0.0, 11.0, 1.0, 0.0, 22.0, -21.0, 11.0, 14.0]"
2,1791634619.3645093,"[0.0007679999999936626, 19.161006000000015, 24.78603000000001, 25.577048999999988, -0.08712299999999118, 47.37401700000001, 24.78603000000001, 25.752831000000015, 0.17654999999999177, 9.58088699999999, 20.303588999999988, 21.00671700000001, 23.291883000000013, 102.04221899999999, 66.79792800000001, 51.50489400000001]","[0.0, 3.0, 2.0, 2.0, 1.0, 4.0, 3.0, 1.0, 1.0, 1.0, 0.0, 0.0, 5.0, -7.0, 2.0, 2.0]","[-4.0, 58.0, 20.0, 15.0, 0.0, 46.0, 15.0, 12.0, 0.0, 11.0, 6.0, 0.0, 21.0, -18.0, 11.0, 14.0]"
2,1791634619.5901847,"[0.0007679999999936626, 19.336788000000013, 25.752831000000015, 26.631741000000005, -0.08712299999999118, 49.13183699999999, 25.840722, 26.895413999999988, 0.17654999999999177, 9.58088699999999, 20.215698000000003, 21.00671700000001, 24.78603000000001, 98.79025200000001, 67.94051100000001, 52.559585999999996]","[1.0, 1.0, 2.0, 3.0, 1.0, 2.0, 3.0, 1.0, 1.0, 0.0, 0.0, 0.0, 2.0, -5.0, 3.0, 3.0]","[-6.0, 68.0, 19.0, 15.0, 0.0, 52.0, 16.0, 11.0, 0.0, 11.0, 4.0, 0.0, 19.0, -17.0, 9.0, 12.0]"
2,1791634619.8122888,"[0.0007679999999936626, 19.336788000000013, 26.631741000000005, 27.59854200000001, -0.08712299999999118, 51.59278499999999, 27.071196000000015, 27.42276000000001, 0.17654999999999177, 9.58088699999999, 20.303588999999988, 21.00671700000001, 25.66494, 95.714067, 68.995203, 53.526387]","[1.0, 1.0, 1.0, 2.0, 0.0, 7.0, 4.0, 1.0, 1.0, 1.0, 1.0, 0.0, 1.0, -1.0, 3.0, 1.0]","[-4.0, 76.0, 21.0, 16.0, 0.0, 44.0, 14.0, 12.0, 0.0, 11.0, 4.0, 0.0, 19.0, -17.0, 9.0, 14.0]"
2,1791634620.0342512,"[0.0007679999999936626, 22.412972999999994, 27.774324000000007, 28.74112500000001, -0.08712299999999118, 53.79006000000001, 28.125888000000003, 28.565343000000013, 0.17654999999999177, 9.668778000000003, 20.303588999999988, 21.00671700000001, 26.455959000000007, 93.077337, 69.346767, 53.96584200000001]","[1.0, 6.0, 4.0, 3.0, 1.0, 2.0, 1.0, 1.0, 1.0, 1.0, 1.0, 0.0, 1.0, 0.0, 1.0, 0.0]","[-8.0, 53.0, 20.0, 16.0, -2.0, 42.0, 15.0, 14.0, 0.0, 11.0, 0.0, 0.0, 23.0, -22.0, 11.0, 15.0]"
2,1791634620.2598307,"[-0.08712299999999118, 22.412972999999994, 28.653233999999998, 29.620035, -0.08712299999999118, 56.42679000000001, 29.35636199999999, 29.883708000000013, 0.17654999999999177, 9.58088699999999, 20.303588999999988, 21.00671700000001, 26.455959000000007, 93.077337, 69.346767, 54.053732999999994]","[0.0, 0.0, 2.0, 2.0, 1.0, 6.0, 4.0, 2.0, 1.0, 0.0, 1.0, 0.0, 1.0, 0.0, 1.0, 1.0]","[-1.0, 66.0, 20.0, 16.0, 0.0, 33.0, 13.0, 11.0, 0.0, 11.0, 0.0, 0.0, 29.0, -21.0, 14.0, 18.0]"
2,1791634620.4860723,"[-0.08712299999999118, 22.676646000000005, 29.532143999999988, 30.850508999999988, -0.08712299999999118, 58.624065, 30.498944999999992, 30.9384, 0.17654999999999177, 9.58088699999999, 20.215698000000003, 21.00671700000001, 26.455959000000007, 93.077337, 69.346767, 54.40529699999999]","[0.0, 6.0, 1.0, 3.0, 0.0, 4.0, 2.0, 4.0, 1.0, 0.0, 1.0, 0.0, 1.0, 0.0, 0.0, 2.0]","[-3.0, 67.0, 20.0, 15.0, -1.0, 34.0, 13.0, 11.0, 0.0, 11.0, 0.0, 0.0, 37.0, -21.0, 17.0, 20.0]"
2,1791634620.70703,"[-0.08712299999999118, 25.752831000000015, 30.67472699999999, 31.729419000000007, -0.08712299999999118, 61.348686000000015, 31.55363700000001, 31.905201000000005, 0.17654999999999177, 9.58088699999999, 20.215698000000003, 21.00671700000001, 27.950106000000005, 93.077337, 69.346767, 55.45998900000001]","[0.0, 8.0, 1.0, 1.0, 1.0, 8.0, 1.0, 1.0, 1.0, 0.0, 0.0, 0.0, 2.0, 0.0, 0.0, 3.0]","[-1.0, 47.0, 20.0, 16.0, 0.0, 29.0, 12.0, 12.0, 0.0, 11.0, 6.0, 0.0, 30.0, -22.0, 21.0, 20.0]"
2,1791634620.9342837,"[-0.08712299999999118, 26.543849999999992, 31.729419000000007, 32.784110999999996, -0.08712299999999118, 63.45806999999999, 32.69622000000001, 32.87200200000001, 0.17654999999999177, 9.58088699999999, 20.303588999999988, 21.00671700000001, 28.74112500000001, 93.077337, 70.48935, 56.163117]","[0.0, 1.0, 2.0, 3.0, 0.0, 6.0, 3.0, 2.0, 1.0, 0.0, 1.0, 0.0, 1.0, 0.0, 1.0, 0.0]","[0.0, 52.0, 20.0, 15.0, -1.0, 28.0, 12.0, 12.0, 0.0, 12.0, 2.0, 0.0, 33.0, -22.0, 22.0, 22.0]"
2,1791634621.1555805,"[-0.08712299999999118, 27.246978000000013, 32.784110999999996, 33.83880300000001, -0.08712299999999118, 66.182691, 34.01458500000001, 34.01458500000001, 0.17654999999999177, 9.58088699999999, 20.215698000000003, 21.00671700000001, 28.477452, 93.16522800000001, 70.48935, 56.163117]","[0.0, 8.0, 3.0, 1.0, 0.0, 5.0, 4.0, 4.0, 1.0, 0.0, 0.0, 0.0, 0.0, 1.0, 0.0, 0.0]","[0.0, 52.0, 19.0, 17.0, 0.0, 25.0, 11.0, 11.0, 0.0, 11.0, 2.0, 0.0, 11.0, 0.0, 4.0, 0.0]"
2,1791634621.3820405,"[-0.08712299999999118, 28.91690700000001, 33.83880300000001, 34.893495, -0.08712299999999118, 68.028402, 34.981386000000015, 35.15716800000001, 0.17654999999999177, 9.58088699999999, 20.303588999999988, 21.00671700000001, 28.477452, 93.16522800000001, 70.57724100000001, 56.163117]","[1.0, 1.0, 1.0, 2.0, 0.0, 2.0, 2.0, 4.0, 1.0, 0.0, 1.0, 0.0, 0.0, 1.0, 1.0, 0.0]","[-4.0, 52.0, 19.0, 15.0, 0.0, 24.0, 11.0, 11.0, 0.0, 11.0, 0.0, 0.0, 11.0, -2.0, 0.0, 0.0]"
2,1791634621.6034908,"[-0.08712299999999118, 29.004797999999994, 34.981386000000015, 35.860296000000005, -0.08712299999999118, 70.57724100000001, 36.21186, 35.94818699999999, 0.17654999999999177, 9.58088699999999, 20.303588999999988, 21.00671700000001, 28.477452, 93.25311900000003, 70.665132, 56.163117]","[1.0, 1.0, 3.0, 1.0, 1.0, 4.0, 3.0, 1.0, 1.0, 0.0, 0.0, 0.0, 0.0, 1.0, 2.0, 1.0]","[0.0, 64.0, 18.0, 15.0, 0.0, 20.0, 11.0, 12.0, 0.0, 11.0, 5.0, 0.0, 10.0, -6.0, -11.0, 0.0]"
2,1791634621.8260102,"[-0.08712299999999118, 31.37785500000001, 36.12396899999999, 36.82709700000001, -0.08712299999999118, 72.950298, 37.354443, 37.09076999999999, 0.17654999999999177, 9.58088699999999, 20.303588999999988, 21.00671700000001, 28.477452, 93.25311900000003, 70.57724100000001, 56.163117]","[0.0, 9.0, 3.0, 2.0, 1.0, 5.0, 2.0, 3.0, 1.0, 0.0, 0.0, 0.0, 0.0, 1.0, 0.0, 1.0]","[0.0, 44.0, 18.0, 16.0, 0.0, 18.0, 11.0, 12.0, 0.0, 11.0, 3.0, 0.0, 10.0, -4.0, 0.0, 0.0]"
2,1791634622.051334,"[-0.08712299999999118, 31.55363700000001, 37.178661000000005, 37.881789, -0.08712299999999118, 74.88390000000001, 38.233352999999994, 37.96968000000001, 0.17654999999999177, 9.58088699999999, 20.303588999999988, 21.00671700000001, 28.477452, 93.16522800000001, 70.57724100000001, 56.25100800000001]","[0.0, 1.0, 1.0, 4.0, 0.0, 1.0, 1.0, 1.0, 1.0, 0.0, 1.0, 0.0, 0.0, 0.0, 0.0, 2.0]","[0.0, 53.0, 17.0, 15.0, 0.0, 20.0, 11.0, 11.0, 0.0, 10.0, 0.0, 0.0, 11.0, 0.0, 0.0, -12.0]"
2,1791634622.2779164,"[-0.08712299999999118, 33.13567499999999, 38.32124400000001, 38.58491699999999, -0.08712299999999118, 75.32335499999999, 38.32124400000001, 38.672808, 0.17654999999999177, 9.58088699999999, 20.303588999999988, 21.00671700000001, 28.477452, 93.16522800000001, 70.57724100000001, 56.25100800000001]","[1.0, 7.0, 3.0, 1.0, 0.0, 1.0, 0.0, 3.0, 1.0, 0.0, 0.0, 0.0, 0.0, 1.0, 1.0, 1.0]","[0.0, 42.0, 17.0, 16.0, 0.0, 28.0, 13.0, 13.0, 0.0, 11.0, 5.0, 0.0, 10.0, 0.0, -6.0, -5.0]"
2,1791634622.4982643,"[-0.08712299999999118, 33.31145699999999, 39.28804500000001, 39.63960900000001, -0.08712299999999118, 75.938592, 38.497026000000005, 38.76069899999999, 0.17654999999999177, 9.58088699999999, 20.303588999999988, 21.00671700000001, 28.477452, 93.16522800000001, 70.57724100000001, 56.163117]","[1.0, 1.0, 1.0, 2.0, 0.0, 1.0, 1.0, 0.0, 1.0, 0.0, 1.0, 0.0, 0.0, 1.0, 0.0, 0.0]","[0.0, 55.0, 18.0, 16.0, 0.0, 41.0, 17.0, 14.0, 0.0, 11.0, 0.0, 0.0, 11.0, 0.0, 0.0, 0.0]"
2,1791634622.7258923,"[-0.08712299999999118, 35.68451400000001, 40.518519, 40.694300999999996, -0.08712299999999118, 76.37804699999998, 38.58491699999999, 39.200154, 0.17654999999999177, 9.58088699999999, 20.303588999999988, 21.00671700000001, 28.477452, 93.16522800000001, 70.57724100000001, 56.163117]","[0.0, 6.0, 4.0, 1.0, 0.0, 1.0, 1.0, 1.0, 1.0, 0.0, 1.0, 0.0, 0.0, 1.0, 0.0, 0.0]","[0.0, 39.0, 17.0, 17.0, 0.0, 55.0, 22.0, 17.0, 0.0, 12.0, 0.0, 0.0, 10.0, -2.0, 0.0, 0.0]"
2,1791634622.9494505,"[-0.08712299999999118, 35.77240499999999, 41.661102, 41.661102, -0.08712299999999118, 76.37804699999998, 38.76069899999999, 39.72749999999999, 0.17654999999999177, 9.58088699999999, 20.215698000000003, 21.00671700000001, 28.477452, 93.16522800000001, 70.57724100000001, 56.163117]","[0.0, 1.0, 3.0, 3.0, 0.0, 1.0, 1.0, 1.0, 1.0, 0.0, 1.0, 0.0, 0.0, 1.0, 0.0, 0.0]","[0.0, 53.0, 16.0, 15.0, 0.0, 76.0, 27.0, 21.0, 0.0, 10.0, 5.0, 0.0, 10.0, -3.0, 0.0, 0.0]"
2,1791634623.171343,"[-0.08712299999999118, 37.618116000000015, 42.627903, 42.891576000000015, -0.08712299999999118, 75.587028, 38.672808, 39.72749999999999, 0.17654999999999177, 9.58088699999999, 20.303588999999988, 21.00671700000001, 28.477452, 93.16522800000001, 70.57724100000001, 56.163117]","[0.0, 6.0, 1.0, 3.0, 0.0, 0.0, 1.0, 1.0, 1.0, 0.0, 0.0, 0.0, 0.0, 1.0, 0.0, 0.0]","[0.0, 43.0, 17.0, 15.0, 0.0, 12.0, 10.0, 0.0, 0.0, 11.0, 3.0, 0.0, 10.0, -1.0, 0.0, 0.0]"
2,1791634623.394133,"[-0.08712299999999118, 37.79389800000001, 43.68259499999999, 43.59470400000001, -0.08712299999999118, 75.587028, 38.672808, 39.72749999999999, 0.17654999999999177, 9.58088699999999, 20.303588999999988, 21.00671700000001, 28.477452, 93.16522800000001, 70.57724100000001, 56.163117]","[0.0, 1.0, 1.0, 3.0, 0.0, 0.0, 0.0, 1.0, 1.0, 0.0, 1.0, 0.0, 0.0, 0.0, 0.0, 0.0]","[0.0, 49.0, 16.0, 15.0, 0.0, 11.0, 10.0, 0.0, 0.0, 11.0, 0.0, 0.0, 10.0, 0.0, 0.0, 0.0]"
2,1791634623.621806,"[-0.08712299999999118, 39.28804500000001, 44.649395999999996, 45.088851000000005, -0.08712299999999118, 75.587028, 38.672808, 39.72749999999999, 0.17654999999999177, 9.58088699999999, 20.215698000000003, 21.00671700000001, 28.477452, 93.16522800000001, 70.57724100000001, 56.163117]","[0.0, 12.0, 1.0, 5.0, 0.0, 0.0, 1.0, 1.0, 1.0, 0.0, 1.0, 0.0, 0.0, 0.0, 1.0, 1.0]","[0.0, 38.0, 16.0, 14.0, 0.0, 12.0, 10.0, 0.0, 0.0, 11.0, 5.0, 0.0, 10.0, -1.0, 0.0, -8.0]"
2,1791634623.845872,"[-0.08712299999999118, 40.78219200000001, 45.791979, 45.87987000000001, -0.08712299999999118, 75.587028, 38.672808, 39.72749999999999, 0.17654999999999177, 9.58088699999999, 20.303588999999988, 21.00671700000001, 28.477452, 93.16522800000001, 70.57724100000001, 56.163117]","[0.0, 1.0, 3.0, 2.0, 0.0, 0.0, 0.0, 1.0, 1.0, 0.0, 1.0, 0.0, 0.0, 0.0, 0.0, 0.0]","[0.0, 43.0, 16.0, 16.0, 0.0, 11.0, 10.0, 0.0, 0.0, 11.0, 5.0, 0.0, 10.0, 0.0, 0.0, 0.0]"
2,1791634624.0666513,"[-0.08712299999999118, 41.04586499999999, 46.75878, 47.19823500000001, -0.08712299999999118, 75.587028, 38.672808, 39.72749999999999, 0.17654999999999177, 9.58088699999999, 20.303588999999988, 21.00671700000001, 28.477452, 93.25311900000003, 70.57724100000001, 56.163117]","[0.0, 4.0, 2.0, 1.0, 0.0, 0.0, 0.0, 1.0, 1.0, 0.0, 1.0, 0.0, 0.0, 1.0, 1.0, 0.0]","[0.0, 47.0, 16.0, 15.0, 0.0, 11.0, 10.0, 0.0, 0.0, 10.0, 2.0, 0.0, 11.0, -3.0, 0.0, 0.0]"
2,1791634624.2937477,"[-0.08712299999999118, 43.155249, 47.901363, 48.165036000000015, -0.08712299999999118, 75.587028, 38.58491699999999, 39.72749999999999, 0.17654999999999177, 9.58088699999999, 20.215698000000003, 21.00671700000001, 28.477452, 93.16522800000001, 70.57724100000001, 56.163117]","[0.0, 4.0, 3.0, 1.0, 0.0, 0.0, -1.0, 1.0, 1.0, 0.0, 1.0, 0.0, 0.0, 0.0, 1.0, 0.0]","[0.0, 33.0, 16.0, 15.0, 0.0, 11.0, 9.0, 0.0, 0.0, 11.0, 2.0, 0.0, 10.0, 0.0, 0.0, 0.0]"
2,1791634624.516904,"[-0.08712299999999118, 44.38572300000001, 48.780272999999994, 49.30761899999999, -0.08712299999999118, 75.587028, 38.58491699999999, 39.72749999999999, 0.17654999999999177, 9.58088699999999, 20.215698000000003, 21.00671700000001, 28.477452, 93.16522800000001, 70.57724100000001, 56.163117]","[0.0, 2.0, 3.0, 3.0, 0.0, 0.0, 0.0, 1.0, 1.0, 0.0, 0.0, 0.0, 0.0, 0.0, 0.0, 0.0]","[0.0, 37.0, 16.0, 15.0, 0.0, 11.0, 9.0, 0.0, 0.0, 11.0, 4.0, 0.0, 11.0, 0.0, 0.0, 0.0]"
2,1791634624.7417674,"[-0.08712299999999118, 45.616197, 49.747074, 50.538093, -0.08712299999999118, 75.587028, 38.58491699999999, 39.72749999999999, 0.17654999999999177, 9.58088699999999, 20.215698000000003, 21.00671700000001, 28.477452, 93.16522800000001, 70.57724100000001, 56.163117]","[0.0, 3.0, 2.0, 2.0, 0.0, 0.0, -1.0, 1.0, 1.0, 0.0, 1.0, 0.0, 0.0, 0.0, 1.0, 0.0]","[0.0, 34.0, 16.0, 14.0, 0.0, 11.0, 10.0, 0.0, 0.0, 11.0, 2.0, 0.0, 11.0, 0.0, 0.0, 0.0]"
2,1791634624.9656758,"[-0.08712299999999118, 45.616197, 50.801766000000015, 51.50489400000001, -0.08712299999999118, 75.587028, 38.672808, 39.72749999999999, 0.17654999999999177, 9.58088699999999, 20.303588999999988, 21.00671700000001, 28.477452, 93.16522800000001, 70.57724100000001, 56.163117]","[0.0, 1.0, 2.0, 3.0, 0.0, 0.0, 1.0, 1.0, 1.0, 0.0, 1.0, 0.0, 0.0, 0.0, 0.0, 0.0]","[0.0, 44.0, 15.0, 14.0, 0.0, 11.0, 9.0, 0.0, 0.0, 11.0, 0.0, 0.0, 10.0, 0.0, 0.0, 0.0]"
2,1791634625.18973,"[-0.08712299999999118, 47.81347199999999, 51.94434900000002, 52.559585999999996, -0.08712299999999118, 75.587028, 38.58491699999999, 39.72749999999999, 0.17654999999999177, 9.58088699999999, 20.303588999999988, 21.00671700000001, 28.477452, 93.16522800000001, 70.57724100000001, 56.163117]","[0.0, 8.0, 3.0, 3.0, 0.0, 0.0, 0.0, 1.0, 0.0, 0.0, 1.0, 0.0, 0.0, 0.0, 1.0, 1.0]","[0.0, 29.0, 15.0, 13.0, 0.0, 11.0, 10.0, 0.0, 0.0, 10.0, 0.0, 0.0, 10.0, 0.0, 0.0, 0.0]"
2,1791634625.4111834,"[-0.08712299999999118, 49.043946000000005, 52.999041000000005, 53.526387, -0.08712299999999118, 75.587028, 38.58491699999999, 39.72749999999999, 0.17654999999999177, 9.58088699999999, 20.303588999999988, 21.00671700000001, 28.477452, 93.16522800000001, 70.57724100000001, 56.163117]","[0.0, 3.0, 4.0, 1.0, 0.0, 0.0, -1.0, 1.0, 1.0, 0.0, 1.0, 0.0, 0.0, 1.0, 1.0, 0.0]","[0.0, 27.0, 16.0, 15.0, 0.0, 11.0, 9.0, 0.0, 0.0, 11.0, 1.0, 0.0, 10.0, -4.0, -3.0, 0.0]"
2,1791634625.635142,"[-0.08712299999999118, 50.01074700000001, 53.96584200000001, 54.40529699999999, -0.08712299999999118, 75.587028, 38.58491699999999, 39.72749999999999, 0.17654999999999177, 9.58088699999999, 20.303588999999988, 21.00671700000001, 28.477452, 93.16522800000001, 70.57724100000001, 56.163117]","[0.0, 3.0, 3.0, 1.0, 0.0, 0.0, 0.0, 1.0, 1.0, 0.0, 1.0, 0.0, 0.0, 0.0, 1.0, 0.0]","[0.0, 32.0, 15.0, 14.0, 0.0, 12.0, 9.0, 0.0, 0.0, 11.0, 0.0, 0.0, 11.0, 0.0, 0.0, 0.0]"
2,1791634625.8615859,"[-0.08712299999999118, 50.362311000000005, 55.196315999999996, 55.635771000000005, -0.08712299999999118, 75.587028, 38.672808, 39.72749999999999, 0.17654999999999177, 9.58088699999999, 20.303588999999988, 21.00671700000001, 28.477452, 93.16522800000001, 70.57724100000001, 56.163117]","[0.0, 1.0, 4.0, 3.0, 0.0, 0.0, 0.0, 1.0, 1.0, 0.0, 1.0, 0.0, 1.0, 0.0, 0.0, 0.0]","[0.0, 35.0, 16.0, 13.0, 0.0, 11.0, 9.0, 0.0, 0.0, 10.0, 1.0, 0.0, 10.0, 0.0, -1.0, 0.0]"
2,1791634626.0854783,"[-0.08712299999999118, 52.03224, 56.075226000000015, 56.42679000000001, -0.08712299999999118, 75.587028, 38.672808, 39.72749999999999, 0.17654999999999177, 9.58088699999999, 20.303588999999988, 21.00671700000001, 28.477452, 93.16522800000001, 70.57724100000001, 56.163117]","[0.0, 7.0, 1.0, 2.0, 0.0, 0.0, 0.0, 1.0, 1.0, 0.0, 1.0, 0.0, 0.0, 0.0, 0.0, 0.0]","[0.0, 30.0, 16.0, 13.0, 0.0, 11.0, 10.0, 0.0, 0.0, 11.0, 0.0, 0.0, 11.0, 0.0, 0.0, 0.0]"
2,1791634626.3094697,"[-0.08712299999999118, 53.526387, 57.129918, 57.393591000000015, -0.08712299999999118, 75.587028, 38.672808, 39.72749999999999, 0.17654999999999177, 9.58088699999999, 20.303588999999988, 21.00671700000001, 28.477452, 93.16522800000001, 70.57724100000001, 56.163117]","[0.0, 2.0, 1.0, 2.0, 0.0, 0.0, 1.0, 1.0, 1.0, 0.0, 0.0, 0.0, 1.0, 0.0, 0.0, 0.0]","[0.0, 29.0, 15.0, 14.0, 0.0, 11.0, 9.0, 0.0, 0.0, 11.0, 5.0, 0.0, 10.0, 0.0, 0.0, 0.0]"
2,1791634626.5305035,"[-0.08712299999999118, 54.756861000000015, 58.448283, 58.448283, -0.08712299999999118, 75.587028, 38.672808, 39.72749999999999, 0.17654999999999177, 9.58088699999999, 20.303588999999988, 21.00671700000001, 28.477452, 93.16522800000001, 70.57724100000001, 56.163117]","[0.0, 3.0, 4.0, 3.0, 0.0, 0.0, 0.0, 1.0, 1.0, 0.0, 1.0, 0.0, 0.0, 0.0, 1.0, 0.0]","[0.0, 28.0, 14.0, 14.0, 0.0, 11.0, 10.0, 0.0, 0.0, 11.0, 4.0, 0.0, 11.0, 0.0, 0.0, 0.0]"
2,1791634626.7537198,"[-0.08712299999999118, 55.635771000000005, 59.590866000000005, 59.23930200000001, -0.08712299999999118, 75.587028, 38.58491699999999, 39.72749999999999, 0.17654999999999177, 9.58088699999999, 20.303588999999988, 21.00671700000001, 28.477452, 93.16522800000001, 70.57724100000001, 56.163117]","[0.0, 1.0, 3.0, 1.0, 0.0, 0.0, 0.0, 1.0, 1.0, 0.0, 1.0, 0.0, 0.0, 1.0, 0.0, 0.0]","[0.0, 28.0, 14.0, 14.0, 0.0, 11.0, 9.0, 0.0, 0.0, 11.0, 0.0, 0.0, 10.0, 0.0, 0.0, 0.0]"
2,1791634626.981609,"[-0.08712299999999118, 56.86624499999999, 59.766648, 60.293994, -0.08712299999999118, 75.587028, 38.672808, 39.72749999999999, 0.17654999999999177, 9.58088699999999, 20.303588999999988, 21.00671700000001, 28.477452, 93.16522800000001, 70.57724100000001, 56.163117]","[0.0, 3.0, 1.0, 1.0, 0.0, 0.0, 1.0, 1.0, 1.0, 0.0, 1.0, 0.0, 0.0, 1.0, 1.0, 0.0]","[0.0, 30.0, 14.0, 14.0, 0.0, 11.0, 9.0, 0.0, 0.0, 11.0, 0.0, 0.0, 10.0, 0.0, -3.0, 0.0]"
2,1791634627.2034523,"[-0.08712299999999118, 57.92093700000001, 59.766648, 61.436577, -0.08712299999999118, 75.587028, 38.58491699999999, 39.72749999999999, 0.17654999999999177, 9.58088699999999, 20.303588999999988, 21.00671700000001, 28.477452, 93.16522800000001, 70.665132, 56.25100800000001]","[1.0, 1.0, 1.0, 2.0, 0.0, 0.0, 0.0, 1.0, 1.0, 0.0, 0.0, 0.0, 1.0, 0.0, 1.0, 1.0]","[0.0, 27.0, 14.0, 14.0, 0.0, 11.0, 10.0, 0.0, 0.0, 11.0, 1.0, 0.0, 10.0, 0.0, -2.0, -3.0]"
2,1791634627.4282057,"[-0.08712299999999118, 58.88773800000001, 59.766648, 62.227596000000005, -0.08712299999999118, 75.587028, 38.672808, 39.72749999999999, 0.17654999999999177, 9.58088699999999, 20.303588999999988, 21.00671700000001, 28.477452, 93.16522800000001, 70.57724100000001, 56.25100800000001]","[0.0, 3.0, 1.0, 2.0, 0.0, 0.0, 1.0, 1.0, 1.0, 0.0, 0.0, 0.0, 0.0, 1.0, 1.0, 1.0]","[0.0, 27.0, 13.0, 13.0, 0.0, 11.0, 9.0, 0.0, 0.0, 11.0, 3.0, 0.0, 10.0, -3.0, 0.0, -3.0]"
2,1791634627.6517763,"[0.0007679999999936626, 59.590866000000005, 59.766648, 63.37017900000001, -0.08712299999999118, 75.587028, 38.672808, 39.72749999999999, 0.17654999999999177, 9.58088699999999, 20.215698000000003, 21.00671700000001, 28.477452, 93.16522800000001, 70.57724100000001, 56.163117]","[1.0, 1.0, 1.0, 1.0, 0.0, 0.0, 1.0, 1.0, 1.0, 0.0, 0.0, 0.0, 0.0, 1.0, 0.0, 0.0]","[-2.0, 28.0, 14.0, 14.0, 0.0, 12.0, 10.0, 0.0, 0.0, 11.0, 2.0, 0.0, 10.0, 0.0, 0.0, 0.0]"
2,1791634627.8774626,"[-0.08712299999999118, 60.82133999999999, 59.85453900000002, 64.33698000000001, -0.08712299999999118, 75.587028, 38.672808, 39.72749999999999, 0.17654999999999177, 9.58088699999999, 20.215698000000003, 21.00671700000001, 28.477452, 93.16522800000001, 70.57724100000001, 56.163117]","[0.0, 3.0, 1.0, 2.0, 0.0, 0.0, 0.0, 1.0, 1.0, 0.0, 0.0, 0.0, 0.0, 1.0, 0.0, 0.0]","[0.0, 26.0, 14.0, 14.0, 0.0, 11.0, 9.0, 0.0, 0.0, 11.0, 2.0, 0.0, 11.0, -1.0, 0.0, 0.0]"
2,1791634628.0999355,"[-0.08712299999999118, 62.227596000000005, 59.85453900000002, 65.391672, -0.08712299999999118, 75.587028, 38.672808, 39.72749999999999, 0.17654999999999177, 9.58088699999999, 20.303588999999988, 21.00671700000001, 28.477452, 93.16522800000001, 70.57724100000001, 56.163117]","[1.0, 4.0, 1.0, 2.0, 0.0, 0.0, 2.0, 1.0, 1.0, 0.0, 0.0, 1.0, 0.0, 1.0, 1.0, 0.0]","[0.0, 22.0, 13.0, 14.0, 0.0, 12.0, 10.0, 0.0, 0.0, 11.0, 6.0, 0.0, 11.0, -2.0, 0.0, 0.0]"
2,1791634628.3253984,"[-0.08712299999999118, 63.45806999999999, 59.85453900000002, 66.44636400000002, -0.08712299999999118, 75.587028, 38.58491699999999, 39.72749999999999, 0.17654999999999177, 9.58088699999999, 20.303588999999988, 21.00671700000001, 28.477452, 93.16522800000001, 70.57724100000001, 56.163117]","[0.0, 3.0, 1.0, 2.0, 0.0, 0.0, 0.0, 1.0, 1.0, 0.0, 1.0, 0.0, 1.0, 0.0, 0.0, 0.0]","[0.0, 22.0, 14.0, 13.0, 0.0, 11.0, 9.0, 0.0, 0.0, 11.0, 0.0, 0.0, 11.0, 0.0, 0.0, 0.0]"
2,1791634628.545967,"[-0.08712299999999118, 64.33698000000001, 59.85453900000002, 67.501056, -0.08712299999999118, 75.587028, 38.58491699999999, 39.72749999999999, 0.17654999999999177, 9.58088699999999, 20.303588999999988, 21.00671700000001, 28.477452, 93.16522800000001, 70.57724100000001, 56.163117]","[0.0, 1.0, 1.0, 3.0, 0.0, 0.0, -1.0, 1.0, 1.0, 0.0, 2.0, 1.0, 0.0, 1.0, 1.0, 0.0]","[0.0, 22.0, 14.0, 13.0, 0.0, 11.0, 10.0, 0.0, 0.0, 11.0, 0.0, 0.0, 10.0, 0.0, 0.0, 0.0]"
2,1791634628.772117,"[-0.08712299999999118, 64.68854400000001, 59.85453900000002, 68.46785700000001, -0.08712299999999118, 75.587028, 38.672808, 39.72749999999999, 0.17654999999999177, 9.58088699999999, 20.303588999999988, 21.00671700000001, 28.477452, 93.16522800000001, 70.57724100000001, 56.163117]","[1.0, 5.0, 1.0, 3.0, 0.0, 0.0, 1.0, 1.0, 1.0, 0.0, 2.0, 0.0, 0.0, 0.0, 1.0, 0.0]","[0.0, 25.0, 13.0, 13.0, 0.0, 11.0, 9.0, 0.0, 0.0, 11.0, 0.0, 0.0, 10.0, 0.0, -1.0, 0.0]"
2,1791634628.9974556,"[-0.08712299999999118, 66.710037, 59.85453900000002, 69.522549, -0.08712299999999118, 75.587028, 38.58491699999999, 39.72749999999999, 0.17654999999999177, 9.58088699999999, 20.303588999999988, 21.00671700000001, 28.477452, 93.16522800000001, 70.57724100000001, 56.163117]","[1.0, 1.0, 1.0, 2.0, 0.0, 0.0, 0.0, 1.0, 1.0, 0.0, 1.0, 0.0, 1.0, 0.0, 1.0, 0.0]","[0.0, 19.0, 13.0, 15.0, 0.0, 11.0, 9.0, 0.0, 0.0, 11.0, 0.0, 0.0, 11.0, 0.0, 0.0, 0.0]"
2,1791634629.2214231,"[-0.08712299999999118, 67.58894699999999, 59.85453900000002, 70.313568, -0.08712299999999118, 75.587028, 38.672808, 39.72749999999999, 0.17654999999999177, 9.58088699999999, 20.303588999999988, 21.00671700000001, 28.477452, 93.16522800000001, 70.57724100000001, 56.163117]","[0.0, 6.0, 1.0, 2.0, 0.0, 0.0, 1.0, 1.0, 1.0, 0.0, 1.0, 0.0, 1.0, 1.0, 0.0, 0.0]","[0.0, 20.0, 14.0, 13.0, 0.0, 11.0, 10.0, 0.0, 0.0, 11.0, 0.0, 0.0, 11.0, 0.0, 0.0, 0.0]"
2,1791634629.444381,"[-0.08712299999999118, 68.73152999999999, 59.85453900000002, 71.456151, -0.08712299999999118, 75.587028, 38.672808, 39.72749999999999, 0.17654999999999177, 9.58088699999999, 20.303588999999988, 21.00671700000001, 28.477452, 93.16522800000001, 70.57724100000001, 56.163117]","[1.0, 2.0, 1.0, 3.0, 0.0, 0.0, 1.0, 1.0, 1.0, 0.0, 1.0, 0.0, 0.0, 0.0, 0.0, 0.0]","[0.0, 20.0, 13.0, 14.0, 0.0, 12.0, 10.0, 0.0, 0.0, 10.0, 0.0, 0.0, 10.0, 0.0, 0.0, 0.0]"
2,1791634629.6694484,"[0.0007679999999936626, 69.61044000000001, 59.85453900000002, 72.42295200000001, -0.08712299999999118, 75.587028, 38.58491699999999, 39.72749999999999, 0.17654999999999177, 9.58088699999999, 20.303588999999988, 21.00671700000001, 28.477452, 93.16522800000001, 70.57724100000001, 56.163117]","[1.0, 3.0, 1.0, 2.0, 0.0, 0.0, 1.0, 1.0, 1.0, 0.0, 2.0, 1.0, 0.0, 1.0, 0.0, 1.0]","[-2.0, 20.0, 14.0, 14.0, 0.0, 11.0, 10.0, 0.0, 0.0, 11.0, 0.0, 0.0, 12.0, -3.0, 0.0, 0.0]"
2,1791634629.8933594,"[-0.08712299999999118, 71.192478, 59.85453900000002, 73.477644, -0.08712299999999118, 75.587028, 38.672808, 39.72749999999999, 0.17654999999999177, 9.58088699999999, 20.303588999999988, 21.00671700000001, 28.477452, 93.16522800000001, 70.57724100000001, 56.163117]","[0.0, 6.0, 1.0, 3.0, 0.0, 0.0, 0.0, 1.0, 1.0, 0.0, 1.0, 0.0, 0.0, 1.0, 0.0, 0.0]","[-1.0, 17.0, 13.0, 13.0, 0.0, 11.0, 9.0, 0.0, 0.0, 11.0, 1.0, 0.0, 11.0, 0.0, 0.0, 0.0]"
2,1791634630.1172683,"[-0.08712299999999118, 72.24717000000001, 59.85453900000002, 74.35655400000002, -0.08712299999999118, 75.587028, 38.672808, 39.72749999999999, 0.17654999999999177, 9.58088699999999, 20.303588999999988, 21.00671700000001, 28.477452, 93.16522800000001, 70.57724100000001, 56.163117]","[1.0, 1.0, 0.0, 1.0, 0.0, 0.0, 1.0, 1.0, 1.0, 0.0, 0.0, 0.0, 1.0, 0.0, 0.0, 0.0]","[0.0, 18.0, 13.0, 14.0, 0.0, 11.0, 9.0, 0.0, 0.0, 10.0, 0.0, 0.0, 11.0, 0.0, 0.0, 0.0]"
2,1791634630.3410366,"[-0.08712299999999118, 73.301862, 59.94243, 75.411246, -0.08712299999999118, 75.587028, 38.672808, 39.72749999999999, 0.17654999999999177, 9.58088699999999, 20.303588999999988, 21.00671700000001, 28.477452, 93.16522800000001, 70.57724100000001, 56.163117]","[0.0, 1.0, 1.0, 2.0, 0.0, 0.0, 0.0, 1.0, 1.0, 0.0, 1.0, 0.0, 1.0, 1.0, 1.0, 1.0]","[0.0, 17.0, 9.0, 14.0, 0.0, 11.0, 10.0, 0.0, 0.0, 11.0, 2.0, 0.0, 11.0, -2.0, 0.0, 0.0]"
2,1791634630.564818,"[-0.08712299999999118, 74.35655400000002, 59.94243, 76.465938, -0.08712299999999118, 75.587028, 38.58491699999999, 39.72749999999999, 0.17654999999999177, 9.58088699999999, 20.215698000000003, 21.00671700000001, 28.477452, 93.16522800000001, 70.57724100000001, 56.163117]","[0.0, 1.0, 0.0, 3.0, 0.0, 0.0, 0.0, 1.0, 1.0, 0.0, 0.0, 0.0, 0.0, 1.0, 0.0, 0.0]","[0.0, 16.0, 9.0, 14.0, 0.0, 11.0, 9.0, 0.0, 0.0, 10.0, 4.0, 0.0, 10.0, 0.0, 0.0, 0.0]"
2,1791634630.7861812,"[-0.08712299999999118, 75.587028, 59.94243, 77.34484800000001, -0.08712299999999118, 75.587028, 38.672808, 39.72749999999999, 0.17654999999999177, 9.58088699999999, 20.215698000000003, 21.00671700000001, 28.477452, 93.16522800000001, 70.665132, 56.163117]","[0.0, 1.0, 1.0, 1.0, 0.0, 0.0, 1.0, 1.0, 1.0, 0.0, 0.0, 0.0, 0.0, 1.0, 1.0, 0.0]","[-2.0, 16.0, 0.0, 15.0, 0.0, 11.0, 10.0, 0.0, 0.0, 11.0, 7.0, 0.0, 11.0, -2.0, -6.0, 0.0]"
2,1791634631.0131578,"[0.0007679999999936626, 76.72961099999998, 59.94243, 78.31164899999999, -0.08712299999999118, 75.587028, 38.58491699999999, 39.72749999999999, 0.17654999999999177, 9.58088699999999, 20.303588999999988, 21.00671700000001, 28.477452, 93.16522800000001, 70.57724100000001, 56.163117]","[1.0, 3.0, 1.0, 3.0, 0.0, 0.0, 0.0, 1.0, 1.0, 0.0, 1.0, 1.0, 0.0, 1.0, 0.0, 0.0]","[-6.0, 16.0, 1.0, 13.0, 0.0, 12.0, 9.0, 0.0, 0.0, 11.0, 5.0, 0.0, 12.0, -1.0, 0.0, 0.0]"
2,1791634631.4751916,"[-0.08712299999999118, 77.87219399999998, 59.85453900000002, 79.36634099999998, -0.08712299999999118, 75.587028, 38.672808, 39.72749999999999, 0.17654999999999177, 9.58088699999999, 20.215698000000003, 21.00671700000001, 28.477452, 93.16522800000001, 70.57724100000001, 56.163117]","[1.0, 1.0, 1.0, 1.0, 0.0, 0.0, 1.0, 1.0, 1.0, 0.0, 0.0, 0.0, 0.0, 0.0, 0.0, 0.0]","[0.0, 16.0, 3.0, 14.0, 0.0, 11.0, 9.0, 0.0, 0.0, 11.0, 4.0, 0.0, 10.0, 0.0, 0.0, 0.0]"
2,1791634631.6988392,"[0.0007679999999936626, 78.66321299999998, 59.94243, 80.245251, -0.08712299999999118, 75.587028, 38.58491699999999, 39.72749999999999, 0.17654999999999177, 9.58088699999999, 20.303588999999988, 21.00671700000001, 28.477452, 93.16522800000001, 70.57724100000001, 56.163117]","[1.0, 3.0, 1.0, 1.0, 0.0, 0.0, 0.0, 1.0, 1.0, 0.0, 1.0, 0.0, 0.0, 1.0, 0.0, 0.0]","[-2.0, 16.0, 0.0, 15.0, 0.0, 10.0, 9.0, 0.0, 0.0, 10.0, 0.0, 0.0, 11.0, -4.0, 0.0, 0.0]"
2,1791634631.920992,"[0.0007679999999936626, 80.06946900000003, 59.94243, 81.21205200000003, -0.08712299999999118, 75.587028, 38.672808, 39.72749999999999, 0.17654999999999177, 9.58088699999999, 20.303588999999988, 21.00671700000001, 28.477452, 93.16522800000001, 70.57724100000001, 56.163117]","[1.0, 5.0, 1.0, 2.0, 0.0, 0.0, 0.0, 1.0, 1.0, 0.0, 1.0, 0.0, 0.0, 0.0, 0.0, 1.0]","[-6.0, 14.0, 0.0, 14.0, 0.0, 10.0, 10.0, 0.0, 0.0, 11.0, 2.0, 0.0, 9.0, 0.0, 0.0, 0.0]"
2,1791634632.147189,"[-0.08712299999999118, 81.21205200000003, 59.94243, 82.35463500000003, -0.08712299999999118, 75.587028, 38.672808, 39.72749999999999, 0.17654999999999177, 9.58088699999999, 20.303588999999988, 21.00671700000001, 28.477452, 93.16522800000001, 70.57724100000001, 56.163117]","[-1.0, 2.0, 0.0, 3.0, 0.0, 0.0, 1.0, 1.0, 0.0, 0.0, 1.0, 0.0, 0.0, 0.0, 0.0, 0.0]","[0.0, 16.0, 0.0, 14.0, 0.0, 11.0, 10.0, 0.0, 0.0, 11.0, 0.0, 0.0, 10.0, 0.0, 0.0, 0.0]"
2,1791634632.3728876,"[0.0007679999999936626, 82.178853, 59.94243, 83.23354499999999, -0.08712299999999118, 75.587028, 38.672808, 39.72749999999999, 0.17654999999999177, 9.58088699999999, 20.303588999999988, 21.00671700000001, 28.477452, 93.16522800000001, 70.57724100000001, 56.163117]","[1.0, 3.0, 0.0, 3.0, 0.0, 0.0, 1.0, 1.0, 1.0, 0.0, 0.0, 0.0, 1.0, 0.0, 1.0, 0.0]","[-8.0, 14.0, 0.0, 14.0, 0.0, 11.0, 9.0, 0.0, 0.0, 11.0, 1.0, 0.0, 10.0, 0.0, -1.0, 0.0]"
2,1791634632.5971577,"[0.0007679999999936626, 83.321436, 59.94243, 84.20034600000002, -0.08712299999999118, 75.587028, 38.58491699999999, 39.72749999999999, 0.17654999999999177, 9.58088699999999, 20.303588999999988, 21.00671700000001, 28.477452, 93.16522800000001, 70.57724100000001, 56.163117]","[0.0, 1.0, 1.0, 2.0, 0.0, 0.0, 0.0, 1.0, 1.0, 0.0, 1.0, 0.0, 0.0, 0.0, 1.0, 0.0]","[-1.0, 14.0, 0.0, 14.0, 0.0, 11.0, 10.0, 0.0, 0.0, 11.0, 0.0, 0.0, 11.0, 0.0, 0.0, 0.0]"
2,1791634632.8172202,"[0.0007679999999936626, 84.46401900000001, 59.94243, 85.25503800000001, -0.08712299999999118, 75.587028, 38.672808, 39.72749999999999, 0.17654999999999177, 9.58088699999999, 20.215698000000003, 21.00671700000001, 28.477452, 93.16522800000001, 70.57724100000001, 56.163117]","[2.0, 2.0, 1.0, 1.0, 0.0, 0.0, 0.0, 1.0, 1.0, 0.0, 0.0, 0.0, 0.0, 0.0, 1.0, 0.0]","[-6.0, 12.0, 0.0, 15.0, 0.0, 12.0, 10.0, 0.0, 0.0, 11.0, 1.0, 0.0, 11.0, 0.0, 0.0, 0.0]"
2,1791634633.0423527,"[0.0007679999999936626, 85.60660200000001, 59.94243, 86.30973, -0.08712299999999118, 75.587028, 38.58491699999999, 39.72749999999999, 0.17654999999999177, 9.58088699999999, 20.303588999999988, 21.00671700000001, 28.477452, 93.16522800000001, 70.57724100000001, 56.163117]","[1.0, 3.0, 1.0, 1.0, 0.0, 0.0, 1.0, 1.0, 1.0, 0.0, 1.0, 0.0, 0.0, 1.0, 1.0, 0.0]","[-8.0, 13.0, 0.0, 14.0, 0.0, 11.0, 9.0, 0.0, 0.0, 11.0, 3.0, 0.0, 10.0, 0.0, -1.0, 0.0]"
2,1791634633.266086,"[-0.08712299999999118, 86.661294, 59.94243, 87.27653099999998, -0.08712299999999118, 75.587028, 38.58491699999999, 39.72749999999999, 0.17654999999999177, 9.58088699999999, 20.303588999999988, 21.00671700000001, 28.477452, 93.16522800000001, 70.57724100000001, 56.163117]","[0.0, 3.0, 1.0, 2.0, 0.0, 0.0, 1.0, 1.0, 1.0, 0.0, 1.0, 0.0, 0.0, 1.0, 1.0, 0.0]","[-6.0, 13.0, 0.0, 15.0, 0.0, 12.0, 10.0, 0.0, 0.0, 11.0, 2.0, 0.0, 10.0, 0.0, 0.0, 0.0]"
2,1791634633.4915133,"[-0.08712299999999118, 87.36442199999999, 59.94243, 88.155441, -0.08712299999999118, 75.587028, 38.58491699999999, 39.72749999999999, 0.17654999999999177, 9.58088699999999, 20.215698000000003, 21.00671700000001, 28.477452, 93.16522800000001, 70.57724100000001, 56.163117]","[0.0, 3.0, 1.0, 2.0, 0.0, 0.0, 0.0, 1.0, 1.0, 0.0, 0.0, 0.0, 0.0, 0.0, 0.0, 0.0]","[-1.0, 14.0, 0.0, 14.0, 0.0, 10.0, 9.0, 0.0, 0.0, 11.0, 4.0, 0.0, 10.0, -3.0, 0.0, 0.0]"
2,1791634633.7150297,"[-0.08712299999999118, 88.50700499999999, 59.94243, 89.03435100000002, -0.08712299999999118, 75.587028, 38.672808, 39.72749999999999, 0.17654999999999177, 9.58088699999999, 20.303588999999988, 21.00671700000001, 28.477452, 93.16522800000001, 70.57724100000001, 56.163117]","[0.0, 2.0, 1.0, 1.0, 0.0, 0.0, 0.0, 1.0, 1.0, 0.0, 1.0, 0.0, 0.0, 0.0, 0.0, 0.0]","[-1.0, 13.0, 0.0, 15.0, 0.0, 12.0, 10.0, 0.0, 0.0, 11.0, 0.0, 0.0, 11.0, -1.0, 0.0, 0.0]"
2,1791634633.9410095,"[0.0007679999999936626, 90.089043, 59.94243, 89.03435100000002, -0.08712299999999118, 75.587028, 38.58491699999999, 39.72749999999999, 0.17654999999999177, 9.58088699999999, 20.303588999999988, 21.00671700000001, 28.477452, 93.16522800000001, 70.57724100000001, 56.163117]","[1.0, 4.0, 1.0, 1.0, 0.0, 0.0, 0.0, 1.0, 1.0, 0.0, 1.0, 0.0, 0.0, 1.0, 0.0, 0.0]","[-8.0, 12.0, 0.0, 14.0, 0.0, 11.0, 10.0, 0.0, 0.0, 12.0, 0.0, 0.0, 11.0, -4.0, 0.0, 0.0]"
2,1791634634.1648984,"[-0.08712299999999118, 90.96795300000002, 59.94243, 89.21013299999998, -0.08712299999999118, 75.587028, 38.672808, 39.72749999999999, 0.17654999999999177, 9.58088699999999, 20.215698000000003, 21.00671700000001, 28.477452, 93.16522800000001, 70.57724100000001, 56.163117]","[0.0, 2.0, 1.0, 1.0, 0.0, 0.0, 0.0, 1.0, 1.0, 0.0, 0.0, 0.0, 1.0, 1.0, 1.0, 1.0]","[-1.0, 12.0, 0.0, 15.0, 0.0, 12.0, 9.0, 0.0, 0.0, 11.0, 4.0, 0.0, 11.0, -5.0, 0.0, -1.0]"
2,1791634634.386498,"[-0.08712299999999118, 92.286318, 59.94243, 89.21013299999998, -0.08712299999999118, 75.587028, 38.58491699999999, 39.72749999999999, 0.17654999999999177, 9.58088699999999, 20.303588999999988, 21.00671700000001, 28.477452, 93.16522800000001, 70.57724100000001, 56.163117]","[0.0, 2.0, 1.0, 1.0, 0.0, 0.0, 0.0, 1.0, 1.0, 0.0, 1.0, 1.0, 0.0, 1.0, 0.0, 0.0]","[0.0, 12.0, 0.0, 14.0, 0.0, 12.0, 10.0, 0.0, 0.0, 11.0, 5.0, -2.0, 11.0, 0.0, 0.0, 0.0]"
2,1791634634.612861,"[-0.08712299999999118, 93.16522800000001, 59.94243, 89.21013299999998, -0.08712299999999118, 75.587028, 38.672808, 39.72749999999999, 0.17654999999999177, 9.58088699999999, 20.303588999999988, 21.00671700000001, 28.477452, 93.16522800000001, 70.57724100000001, 56.163117]","[0.0, 1.0, 1.0, 1.0, 0.0, 0.0, 1.0, 1.0, 1.0, 0.0, -1.0, 0.0, 0.0, 1.0, 1.0, 0.0]","[0.0, 11.0, 0.0, 15.0, 0.0, 11.0, 9.0, 0.0, 0.0, 11.0, 6.0, 0.0, 10.0, -3.0, 0.0, 0.0]"
2,1791634634.835585,"[-0.08712299999999118, 94.04413799999998, 59.94243, 89.21013299999998, -0.08712299999999118, 75.587028, 38.58491699999999, 39.72749999999999, 0.17654999999999177, 9.58088699999999, 20.303588999999988, 21.00671700000001, 28.477452, 93.25311900000003, 70.57724100000001, 56.163117]","[0.0, 3.0, 1.0, 1.0, 0.0, 0.0, 1.0, 1.0, 1.0, 0.0, 0.0, 0.0, 0.0, 1.0, 1.0, 0.0]","[0.0, 11.0, 0.0, 15.0, 0.0, 11.0, 9.0, 0.0, 0.0, 11.0, 0.0, 0.0, 11.0, -8.0, 0.0, 0.0]"
3,1791634636.8529265,"[-0.08712299999999118, -4.92112800000001, -1.229705999999993, -0.2629049999999893, -0.08712299999999118, -5.184800999999993, 0.0007679999999936626, -0.2629049999999893, 0.08865900000000693, -2.196506999999997, -0.35079600000000255, 0.8796780000000126, -2.196506999999997, 178.33160700000002, 40.254846000000015, 25.840722]","[0.0, 1.0, 0.0, 1.0, 1.0, 1.0, 1.0, 0.0, 0.0, 1.0, 0.0, 0.0, 1.0, 1.0, 0.0, 0.0]","[0.0, 32.0, 16.0, 13.0, 2.0, 33.0, -10.0, 11.0, -14.0, 16.0, 9.0, -12.0, 16.0, 16.0, -11.0, -15.0]"
3,1791634637.0739276,"[-0.5265780000000007, -4.745346000000012, -0.790251000000012, -0.08712299999999118, -0.08712299999999118, -4.833236999999997, 0.6160050000000012, -0.08712299999999118, 0.7038960000000145, -2.196506999999997, -0.35079600000000255, 0.8796780000000126, -2.196506999999997, 177.98004300000002, 40.342737, 25.928613000000013]","[0.0, 1.0, 1.0, 1.0, 1.0, 1.0, 1.0, 1.0, 2.0, 1.0, 0.0, 0.0, 1.0, 0.0, 1.0, 1.0]","[-9.0, 48.0, 18.0, 15.0, 0.0, 49.0, 9.0, 12.0, 14.0, 28.0, 12.0, 9.0, 21.0, -12.0, 11.0, 13.0]"
3,1791634637.3006406,"[-1.4054879999999912, -3.514871999999997, -0.08712299999999118, 0.528113999999988, -0.17501400000000444, -3.60276300000001, 1.2312420000000088, 0.17654999999999177, 1.6706969999999899, -2.196506999999997, -0.2629049999999893, 1.0554600000000107, -2.196506999999997, 177.62847900000003, 40.518519, 26.368067999999994]","[0.0, 1.0, 3.0, 1.0, 0.0, 2.0, 1.0, 1.0, 2.0, 1.0, 1.0, 0.0, 1.0, 1.0, 1.0, 1.0]","[-9.0, 55.0, 18.0, 16.0, 3.0, 55.0, 11.0, 13.0, 13.0, 44.0, 15.0, 11.0, 28.0, -25.0, 12.0, 14.0]"
3,1791634637.5228086,"[-2.548070999999993, -1.3175970000000063, 0.8796780000000126, 1.582806000000005, -0.08712299999999118, -3.0754169999999874, 1.846478999999988, 1.407024000000007, 2.725389000000007, -1.3175970000000063, 0.17654999999999177, 1.1433509999999956, -2.196506999999997, 176.310114, 41.48532, 27.159087]","[-1.0, 4.0, 1.0, 1.0, 0.0, 8.0, 1.0, 1.0, 2.0, 0.0, 1.0, 0.0, 1.0, -3.0, 3.0, 1.0]","[-9.0, 52.0, 20.0, 17.0, 5.0, 62.0, 13.0, 14.0, 13.0, 58.0, 18.0, 15.0, 33.0, -34.0, 12.0, 15.0]"
3,1791634637.7486503,"[-3.426981000000012, 0.3523319999999899, 1.7585880000000031, 2.6374979999999937, -0.08712299999999118, 0.44022300000000314, 2.6374979999999937, 2.2859339999999975, 3.7800809999999956, 0.08865900000000693, 1.407024000000007, 2.0222610000000145, -2.196506999999997, 173.14603799999998, 42.188447999999994, 28.125888000000003]","[0.0, 1.0, 1.0, 3.0, 1.0, 4.0, 1.0, 2.0, 2.0, 1.0, 3.0, 1.0, 0.0, -3.0, 1.0, 2.0]","[-9.0, 54.0, 20.0, 16.0, 2.0, 58.0, 13.0, 14.0, 15.0, 64.0, 17.0, 14.0, 43.0, -34.0, 14.0, 15.0]"
3,1791634637.9726167,"[-4.481673000000001, 0.3523319999999899, 2.813279999999992, 3.6921900000000107, -0.08712299999999118, 2.0222610000000145, 3.4285169999999994, 3.4285169999999994, 3.7800809999999956, 0.08865900000000693, 2.1980430000000126, 3.076953000000003, -0.4386869999999874, 169.80617999999998, 43.155249, 29.268471000000005]","[-2.0, 1.0, 1.0, 2.0, 0.0, 3.0, 1.0, 3.0, 1.0, 1.0, 1.0, 4.0, 13.0, -6.0, 1.0, 3.0]","[-9.0, 76.0, 18.0, 16.0, 0.0, 60.0, 14.0, 13.0, 16.0, 90.0, 16.0, 13.0, 30.0, -31.0, 13.0, 14.0]"
3,1791634638.194317,"[-5.360582999999991, 4.30742699999999, 3.7800809999999956, 4.571100000000001, -0.17501400000000444, 4.043754000000007, 4.395318000000003, 4.395318000000003, 5.713683000000003, 4.395318000000003, 3.2527350000000013, 4.043754000000007, 1.0554600000000107, 168.399924, 44.649395999999996, 29.268471000000005]","[0.0, 7.0, 3.0, 2.0, 0.0, 6.0, 2.0, 1.0, 3.0, 14.0, 3.0, 0.0, 1.0, 0.0, 4.0, 1.0]","[-10.0, 51.0, 23.0, 15.0, 1.0, 54.0, 13.0, 13.0, 14.0, 53.0, 17.0, 14.0, 32.0, -42.0, 12.0, 14.0]"
3,1791634638.4177732,"[-6.063711000000012, 5.186337000000009, 4.834773000000013, 5.713683000000003, -0.08712299999999118, 6.153138000000013, 5.362119000000007, 5.186337000000009, 6.416810999999996, 5.713683000000003, 4.30742699999999, 4.9226639999999975, 1.846478999999988, 164.620611, 44.649395999999996, 29.268471000000005]","[0.0, 8.0, 4.0, 3.0, 0.0, 3.0, 3.0, 1.0, 3.0, 9.0, 1.0, 1.0, 1.0, -6.0, 1.0, 1.0]","[-11.0, 60.0, 19.0, 15.0, 0.0, 60.0, 15.0, 14.0, 14.0, 62.0, 16.0, 15.0, 33.0, -34.0, 17.0, 14.0]"
3,1791634638.6406205,"[-7.382076000000012, 8.614086000000015, 5.889465000000001, 6.680484000000007, -0.08712299999999118, 8.086739999999992, 5.362119000000007, 6.504702000000009, 7.5593939999999975, 8.701977, 5.186337000000009, 6.2410289999999975, 3.076953000000003, 161.36864400000002, 46.67088899999999, 29.268471000000005]","[-2.0, 6.0, 1.0, 4.0, 1.0, 7.0, 1.0, 3.0, 2.0, 5.0, 4.0, 3.0, 2.0, -6.0, 5.0, 1.0]","[-9.0, 51.0, 20.0, 16.0, 0.0, 53.0, 17.0, 13.0, 14.0, 52.0, 16.0, 14.0, 31.0, -34.0, 12.0, 14.0]"
3,1791634638.865609,"[-8.260986000000003, 10.108233000000013, 6.592592999999994, 7.647285000000011, -0.17501400000000444, 10.108233000000013, 7.207830000000001, 7.471503000000013, 8.614086000000015, 8.789868000000013, 6.328920000000011, 7.207830000000001, 3.164843999999988, 158.292459, 47.54979900000001, 29.268471000000005]","[0.0, 1.0, 6.0, 1.0, 0.0, 4.0, 2.0, 2.0, 1.0, 1.0, 1.0, 2.0, 1.0, -3.0, 3.0, 1.0]","[-10.0, 60.0, 20.0, 16.0, 1.0, 54.0, 14.0, 12.0, 14.0, 78.0, 16.0, 13.0, 37.0, -34.0, 14.0, 15.0]"
3,1791634639.0925398,"[-9.315677999999991, 10.196123999999998, 7.910957999999994, 8.701977, -0.08712299999999118, 11.426598000000013, 8.26252199999999, 8.614086000000015, 9.492996000000005, 11.338707, 7.207830000000001, 8.174631000000005, 5.362119000000007, 155.39205600000003, 48.34081800000001, 29.268471000000005]","[0.0, 1.0, 2.0, 1.0, 1.0, 0.0, 2.0, 2.0, 3.0, 6.0, 1.0, 4.0, 7.0, -4.0, 1.0, 1.0]","[-10.0, 85.0, 18.0, 16.0, 0.0, 67.0, 13.0, 12.0, 13.0, 65.0, 17.0, 13.0, 28.0, -34.0, 14.0, 14.0]"
3,1791634639.3145945,"[-10.282478999999995, 14.063328000000013, 8.614086000000015, 9.668778000000003, -0.08712299999999118, 13.887546000000015, 9.229322999999994, 9.405104999999992, 10.635579000000007, 14.23911000000001, 8.350413000000003, 9.317214000000007, 6.153138000000013, 152.40376200000003, 49.571292, 29.268471000000005]","[-1.0, 4.0, 5.0, 4.0, 1.0, 8.0, 1.0, 1.0, 1.0, 4.0, 3.0, 4.0, 5.0, -4.0, 3.0, 1.0]","[-10.0, 60.0, 20.0, 16.0, 0.0, 53.0, 14.0, 12.0, 14.0, 60.0, 16.0, 14.0, 31.0, -33.0, 13.0, 14.0]"
3,1791634639.5404491,"[-10.985606999999987, 15.733257000000009, 9.932451000000015, 10.723469999999992, -0.17501400000000444, 16.084821000000005, 10.28401500000001, 10.371905999999996, 11.514488999999998, 14.23911000000001, 9.229322999999994, 10.108233000000013, 7.647285000000011, 150.20648699999998, 50.538093, 29.268471000000005]","[-2.0, 6.0, 3.0, 3.0, 0.0, 3.0, 3.0, 1.0, 1.0, 1.0, 3.0, 3.0, 4.0, 0.0, 3.0, 1.0]","[-11.0, 57.0, 19.0, 16.0, 3.0, 60.0, 14.0, 14.0, 14.0, 85.0, 16.0, 15.0, 28.0, -40.0, 13.0, 15.0]"
3,1791634639.7609744,"[-12.216081000000003, 18.106313999999998, 10.89925199999999, 11.60238000000001, -0.08712299999999118, 18.106313999999998, 10.28401500000001, 11.514488999999998, 12.569181000000015, 14.23911000000001, 10.108233000000013, 11.075033999999988, 8.26252199999999, 146.95452, 51.59278499999999, 29.268471000000005]","[-2.0, 1.0, 3.0, 3.0, 0.0, 8.0, 0.0, 3.0, 1.0, 1.0, 3.0, 1.0, 0.0, -3.0, 2.0, 1.0]","[-10.0, 58.0, 19.0, 15.0, 0.0, 54.0, 16.0, 13.0, 14.0, 116.0, 17.0, 13.0, 31.0, -38.0, 12.0, 15.0]"
3,1791634639.9847794,"[-13.182882000000006, 20.215698000000003, 11.778162000000009, 12.744963000000013, -0.08712299999999118, 20.12780699999999, 12.21761699999999, 12.393398999999988, 13.623873000000003, 20.215698000000003, 10.987143000000003, 12.129726000000005, 9.317214000000007, 143.263098, 52.559585999999996, 29.268471000000005]","[-2.0, 5.0, 2.0, 3.0, 1.0, 2.0, 2.0, 1.0, 3.0, 9.0, 1.0, 3.0, 1.0, -7.0, 3.0, 1.0]","[-10.0, 59.0, 20.0, 16.0, 0.0, 59.0, 14.0, 13.0, 14.0, 57.0, 17.0, 13.0, 31.0, -34.0, 12.0, 15.0]"
3,1791634640.2124462,"[-14.237573999999995, 22.237190999999996, 12.832853999999998, 13.53598199999999, -0.08712299999999118, 21.885627, 13.272309000000007, 13.623873000000003, 14.590674000000007, 20.303588999999988, 11.866052999999994, 13.184417999999994, 10.723469999999992, 140.099022, 53.526387, 29.268471000000005]","[0.0, 3.0, 2.0, 3.0, 0.0, 7.0, 3.0, 3.0, 2.0, 1.0, 1.0, 2.0, 4.0, -4.0, 3.0, 1.0]","[-10.0, 59.0, 19.0, 16.0, 0.0, 53.0, 13.0, 13.0, 14.0, 85.0, 17.0, 14.0, 28.0, -34.0, 13.0, 15.0]"
3,1791634640.4329026,"[-15.292266000000012, 23.819229000000007, 13.887546000000015, 14.151218999999998, -0.08712299999999118, 24.698138999999998, 14.327000999999996, 14.414892000000009, 15.733257000000009, 24.698138999999998, 13.360199999999992, 13.887546000000015, 11.514488999999998, 137.110728, 54.493188, 29.268471000000005]","[-1.0, 6.0, 2.0, 7.0, 1.0, 5.0, 3.0, 1.0, 2.0, 9.0, 5.0, 1.0, 6.0, -3.0, 2.0, 1.0]","[-10.0, 57.0, 19.0, 16.0, 0.0, 53.0, 14.0, 14.0, 14.0, 52.0, 14.0, 14.0, 27.0, -31.0, 13.0, 14.0]"
3,1791634640.6580334,"[-16.434848999999986, 26.543849999999992, 14.942238000000003, 15.55747500000001, -0.08712299999999118, 26.455959000000007, 15.381693000000013, 15.909039000000007, 16.700058000000013, 26.895413999999988, 14.23911000000001, 14.942238000000003, 12.21761699999999, 133.682979, 55.635771000000005, 29.268471000000005]","[0.0, 10.0, 3.0, 2.0, 1.0, 7.0, 3.0, 3.0, 3.0, 6.0, 2.0, 2.0, 7.0, -6.0, 2.0, 1.0]","[-10.0, 51.0, 18.0, 15.0, 0.0, 55.0, 12.0, 12.0, 14.0, 52.0, 16.0, 13.0, 29.0, -30.0, 14.0, 14.0]"
3,1791634640.8827574,"[-17.40164999999999, 28.74112500000001, 15.909039000000007, 16.524276000000015, -0.08712299999999118, 28.565343000000013, 16.524276000000015, 16.787948999999998, 17.578968000000003, 28.565343000000013, 15.293802, 15.996929999999992, 13.711763999999988, 130.431012, 56.690462999999994, 29.268471000000005]","[-1.0, 4.0, 2.0, 3.0, 1.0, 1.0, 3.0, 3.0, 1.0, 1.0, 3.0, 1.0, 4.0, -5.0, 3.0, 1.0]","[-10.0, 52.0, 19.0, 16.0, 0.0, 56.0, 15.0, 12.0, 14.0, 56.0, 15.0, 15.0, 30.0, -28.0, 13.0, 15.0]"
3,1791634641.1066203,"[-18.632124000000005, 31.114182, 17.139512999999994, 17.403186000000005, -0.08712299999999118, 30.23527200000001, 16.963730999999996, 17.75475, 18.633659999999992, 28.653233999999998, 16.436385, 17.05162200000001, 13.711763999999988, 127.53060900000003, 57.74515500000001, 29.268471000000005]","[-2.0, 8.0, 5.0, 2.0, 1.0, 1.0, 6.0, 1.0, 1.0, 0.0, 2.0, 3.0, 1.0, -1.0, 0.0, 1.0]","[-9.0, 50.0, 18.0, 17.0, 0.0, 58.0, 14.0, 13.0, 14.0, 81.0, 16.0, 13.0, 33.0, -28.0, 13.0, 14.0]"
3,1791634641.3284948,"[-19.686815999999993, 32.69622000000001, 18.19420500000001, 18.545769000000007, -0.08712299999999118, 32.784110999999996, 18.36998700000001, 18.80944199999999, 18.633659999999992, 32.959892999999994, 17.578968000000003, 18.19420500000001, 15.821147999999994, 124.80598800000001, 58.88773800000001, 29.35636199999999]","[-3.0, 5.0, 4.0, 4.0, 1.0, 8.0, 1.0, 4.0, 1.0, 14.0, 5.0, 3.0, 5.0, -4.0, 4.0, 1.0]","[-9.0, 50.0, 19.0, 15.0, 0.0, 48.0, 14.0, 13.0, 17.0, 48.0, 13.0, 13.0, 26.0, -31.0, 12.0, 15.0]"
3,1791634641.5530915,"[-20.565726000000012, 35.15716800000001, 19.161006000000015, 19.51257000000001, -0.08712299999999118, 34.717713, 18.985223999999988, 19.68835200000001, 20.655153000000013, 33.13567499999999, 18.545769000000007, 18.985223999999988, 15.909039000000007, 122.16925800000001, 59.94243, 29.35636199999999]","[0.0, 8.0, 1.0, 2.0, 1.0, 3.0, 1.0, 1.0, 3.0, 1.0, 1.0, 1.0, 2.0, -4.0, 2.0, 1.0]","[-9.0, 46.0, 18.0, 15.0, 0.0, 48.0, 14.0, 12.0, 14.0, 71.0, 16.0, 13.0, 24.0, -33.0, 13.0, 15.0]"
3,1791634641.7802808,"[-21.7962, 36.914987999999994, 20.39148, 20.479371000000015, -0.08712299999999118, 37.00287900000001, 19.952024999999992, 20.743043999999998, 21.797736000000015, 33.13567499999999, 19.68835200000001, 20.215698000000003, 15.996929999999992, 118.38994500000001, 60.909231000000005, 29.35636199999999]","[-2.0, 5.0, 4.0, 3.0, 1.0, 4.0, 1.0, 1.0, 2.0, 1.0, 4.0, 3.0, 1.0, -4.0, 1.0, 1.0]","[-8.0, 47.0, 17.0, 15.0, 0.0, 50.0, 15.0, 13.0, 14.0, 100.0, 14.0, 13.0, 26.0, -28.0, 11.0, 15.0]"
3,1791634642.001519,"[-22.850891999999988, 39.28804500000001, 21.44617199999999, 21.709845, -0.08712299999999118, 39.11226300000001, 20.83093500000001, 21.709845, 22.412972999999994, 39.375935999999996, 20.655153000000013, 21.182499000000007, 15.996929999999992, 114.962196, 61.963922999999994, 29.35636199999999]","[-2.0, 5.0, 2.0, 3.0, 1.0, 6.0, 1.0, 4.0, 1.0, 11.0, 1.0, 1.0, 1.0, -6.0, 1.0, 1.0]","[-8.0, 46.0, 16.0, 16.0, 0.0, 45.0, 15.0, 13.0, 15.0, 42.0, 14.0, 14.0, 26.0, -25.0, 12.0, 14.0]"
3,1791634642.2282348,"[-23.905584000000005, 41.39742899999999, 22.500864000000007, 22.588754999999992, -0.08712299999999118, 41.22164699999999, 21.797736000000015, 22.76453699999999, 23.819229000000007, 41.92477500000001, 21.885627, 22.32508200000001, 15.996929999999992, 111.79811999999998, 62.930724, 29.35636199999999]","[0.0, 4.0, 1.0, 2.0, 1.0, 9.0, 1.0, 1.0, 4.0, 5.0, 3.0, 1.0, 1.0, -5.0, 3.0, 1.0]","[-8.0, 47.0, 17.0, 16.0, 0.0, 42.0, 16.0, 13.0, 14.0, 40.0, 14.0, 13.0, 26.0, -23.0, 11.0, 15.0]"
3,1791634642.4522774,"[-24.87238500000001, 43.41892200000001, 23.379773999999998, 23.46766500000001, -0.08712299999999118, 43.68259499999999, 22.588754999999992, 23.819229000000007, 24.873920999999996, 42.012665999999996, 22.852428000000003, 22.940318999999988, 15.996929999999992, 108.80982599999999, 64.073307, 29.35636199999999]","[-1.0, 9.0, 2.0, 4.0, 1.0, 3.0, 1.0, 4.0, 1.0, 0.0, 2.0, 1.0, 1.0, -2.0, 1.0, 1.0]","[-9.0, 40.0, 17.0, 16.0, 0.0, 42.0, 17.0, 11.0, 13.0, 62.0, 13.0, 14.0, 26.0, -23.0, 12.0, 14.0]"
3,1791634642.9161065,"[-25.927076999999997, 45.967760999999996, 24.434466000000015, 24.698138999999998, -0.08712299999999118, 46.143542999999994, 23.64344700000001, 24.873920999999996, 25.840722, 46.67088899999999, 23.64344700000001, 24.522357, 15.996929999999992, 105.118404, 65.21589, 29.35636199999999]","[0.0, 1.0, 0.0, 1.0, 1.0, 1.0, 1.0, 1.0, 1.0, 0.0, 1.0, 1.0, 1.0, 0.0, 1.0, 1.0]","[0.0, 42.0, 17.0, 15.0, 0.0, 41.0, 16.0, 12.0, 13.0, 36.0, 15.0, 12.0, 25.0, -20.0, 12.0, 15.0]"
3,1791634643.1376197,"[-26.981768999999986, 48.165036000000015, 25.40126699999999, 25.577048999999988, -0.08712299999999118, 47.901363, 24.78603000000001, 25.752831000000015, 26.983305, 47.725581000000005, 24.78603000000001, 25.40126699999999, 16.260603000000003, 102.13011, 66.09479999999999, 29.35636199999999]","[0.0, 7.0, 4.0, 3.0, 1.0, 4.0, 4.0, 1.0, 2.0, 3.0, 2.0, 1.0, 1.0, -6.0, 3.0, 1.0]","[0.0, 35.0, 18.0, 15.0, 0.0, 42.0, 15.0, 11.0, 0.0, 42.0, 14.0, 13.0, 26.0, -19.0, 11.0, 14.0]"
3,1791634643.3631313,"[-27.94856999999999, 50.362311000000005, 26.28017700000001, 26.807523000000003, -0.08712299999999118, 50.098637999999994, 25.840722, 26.895413999999988, 27.950106000000005, 50.97754800000001, 26.016503999999998, 26.455959000000007, 16.260603000000003, 98.87814300000002, 67.14949200000001, 29.35636199999999]","[0.0, 2.0, 1.0, 4.0, 1.0, 4.0, 1.0, 1.0, 1.0, 7.0, 3.0, 1.0, 1.0, -3.0, 3.0, 1.0]","[0.0, 38.0, 18.0, 15.0, 0.0, 39.0, 15.0, 12.0, 0.0, 32.0, 14.0, 12.0, 25.0, -18.0, 11.0, 14.0]"
3,1791634643.5853083,"[-28.82748000000001, 52.383804, 27.246978000000013, 27.774324000000007, -0.08712299999999118, 52.559585999999996, 27.071196000000015, 27.59854200000001, 29.004797999999994, 52.29591300000001, 26.895413999999988, 27.774324000000007, 16.260603000000003, 95.80195800000001, 68.29207500000001, 29.35636199999999]","[0.0, 9.0, 1.0, 3.0, 1.0, 5.0, 1.0, 1.0, 1.0, 1.0, 1.0, 4.0, 1.0, 0.0, 1.0, 1.0]","[-8.0, 32.0, 18.0, 17.0, 0.0, 35.0, 15.0, 13.0, 0.0, 39.0, 14.0, 12.0, 25.0, -17.0, 11.0, 14.0]"
3,1791634643.8121617,"[-29.97006300000001, 55.10842500000001, 28.30167, 28.829015999999996, -0.08712299999999118, 54.66897, 28.125888000000003, 28.565343000000013, 30.05949000000001, 54.844752, 28.125888000000003, 28.74112500000001, 16.260603000000003, 92.63788199999999, 69.170985, 29.35636199999999]","[-3.0, 1.0, 1.0, 1.0, 1.0, 3.0, 1.0, 1.0, 1.0, 9.0, 1.0, 2.0, 1.0, -4.0, 2.0, 1.0]","[0.0, 33.0, 17.0, 16.0, 0.0, 34.0, 15.0, 14.0, 0.0, 29.0, 13.0, 12.0, 25.0, -17.0, 11.0, 14.0]"
3,1791634644.03315,"[-30.936863999999986, 57.129918, 29.35636199999999, 29.883708000000013, -0.08712299999999118, 57.04202699999999, 29.444253000000003, 29.795817, 31.026291000000015, 56.42679000000001, 29.268471000000005, 29.795817, 16.260603000000003, 89.91326099999998, 70.313568, 29.35636199999999]","[0.0, 5.0, 2.0, 3.0, 1.0, 5.0, 4.0, 2.0, 1.0, 1.0, 3.0, 1.0, 1.0, -3.0, 4.0, 1.0]","[0.0, 30.0, 17.0, 15.0, 0.0, 31.0, 13.0, 12.0, -4.0, 37.0, 13.0, 12.0, 25.0, -19.0, 11.0, 15.0]"
3,1791634644.2572653,"[-31.991556000000003, 59.327192999999994, 30.498944999999992, 30.9384, -0.08712299999999118, 59.06352000000001, 30.586836000000005, 31.026291000000015, 32.16887399999999, 56.42679000000001, 30.147380999999996, 30.850508999999988, 16.260603000000003, 86.48551200000003, 71.456151, 29.35636199999999]","[-1.0, 5.0, 1.0, 1.0, 1.0, 4.0, 2.0, 3.0, 1.0, 1.0, 3.0, 3.0, 1.0, -6.0, 4.0, 1.0]","[0.0, 30.0, 17.0, 16.0, 0.0, 29.0, 12.0, 12.0, -8.0, 58.0, 12.0, 12.0, 25.0, -17.0, 11.0, 14.0]"
3,1791634644.4841716,"[-32.95835700000001, 61.260795, 31.55363700000001, 31.905201000000005, -0.08712299999999118, 61.612359, 31.641527999999994, 31.905201000000005, 33.04778400000001, 61.436577, 31.114182, 31.905201000000005, 16.260603000000003, 83.40932700000002, 72.42295200000001, 29.35636199999999]","[0.0, 7.0, 4.0, 1.0, 1.0, 5.0, 1.0, 1.0, 1.0, 13.0, 3.0, 5.0, 1.0, -4.0, 2.0, 1.0]","[0.0, 28.0, 17.0, 15.0, 0.0, 25.0, 12.0, 12.0, 0.0, 26.0, 13.0, 11.0, 25.0, -17.0, 11.0, 14.0]"
3,1791634644.7055387,"[-34.013048999999995, 63.897525, 32.69622000000001, 32.959892999999994, -0.08712299999999118, 63.985416000000015, 32.784110999999996, 32.87200200000001, 34.102475999999996, 63.80963400000002, 32.344656000000015, 32.608329, 16.260603000000003, 82.530417, 73.38975300000001, 29.35636199999999]","[-1.0, 5.0, 3.0, 3.0, 0.0, 6.0, 1.0, 2.0, 1.0, 3.0, 2.0, 2.0, 1.0, 0.0, 3.0, 1.0]","[0.0, 26.0, 16.0, 15.0, 0.0, 22.0, 12.0, 12.0, -12.0, 24.0, 12.0, 12.0, 25.0, -17.0, 11.0, 14.0]"
3,1791634644.9318395,"[-35.06774100000001, 65.919018, 33.750912, 34.01458500000001, -0.08712299999999118, 66.27058199999999, 34.01458500000001, 34.01458500000001, 35.069277, 66.00690900000001, 33.57513, 33.663021000000015, 16.260603000000003, 82.35463500000003, 74.444445, 29.444253000000003]","[0.0, 6.0, 3.0, 3.0, 0.0, 5.0, 4.0, 4.0, 1.0, 4.0, 3.0, 3.0, 1.0, 1.0, 1.0, 1.0]","[0.0, 23.0, 16.0, 15.0, 0.0, 23.0, 11.0, 11.0, 0.0, 26.0, 12.0, 12.0, 25.0, -16.0, 10.0, 14.0]"
3,1791634645.1545165,"[-35.946651, 66.182691, 34.717713, 35.069277, -0.08712299999999118, 68.204184, 34.102475999999996, 35.15716800000001, 36.036078, 66.00690900000001, 34.45403999999999, 34.717713, 16.260603000000003, 82.26674400000002, 75.49913699999999, 29.707926000000015]","[-1.0, 1.0, 1.0, 3.0, 1.0, 4.0, 1.0, 4.0, 1.0, 1.0, 1.0, 3.0, 1.0, 0.0, 2.0, 1.0]","[-8.0, 23.0, 16.0, 15.0, 0.0, 22.0, 12.0, 11.0, 0.0, 26.0, 12.0, 11.0, 25.0, -16.0, 11.0, 13.0]"
3,1791634645.3800087,"[-37.089234000000005, 66.182691, 35.860296000000005, 35.94818699999999, -0.08712299999999118, 70.57724100000001, 34.102475999999996, 36.036078, 37.00287900000001, 66.00690900000001, 35.50873200000001, 35.245059, 16.260603000000003, 82.26674400000002, 76.64172000000002, 29.707926000000015]","[-2.0, 1.0, 2.0, 2.0, 0.0, 2.0, 1.0, 1.0, 1.0, 0.0, 4.0, 1.0, 1.0, 0.0, 2.0, 1.0]","[3.0, 23.0, 15.0, 16.0, 0.0, 19.0, 11.0, 11.0, 0.0, 26.0, 11.0, 13.0, 25.0, -16.0, 10.0, 14.0]"
3,1791634645.602005,"[-37.968143999999995, 66.182691, 36.914987999999994, 36.82709700000001, -0.08712299999999118, 71.631933, 34.102475999999996, 37.09076999999999, 38.057570999999996, 66.00690900000001, 36.47553300000001, 36.563424, 16.260603000000003, 82.09096199999999, 77.69641200000001, 29.707926000000015]","[-1.0, 1.0, 1.0, 1.0, 0.0, 3.0, 1.0, 3.0, 1.0, 1.0, 1.0, 1.0, 1.0, 0.0, 3.0, 1.0]","[-9.0, 25.0, 16.0, 16.0, 0.0, 20.0, 12.0, 11.0, 0.0, 26.0, 11.0, 12.0, 25.0, -15.0, 10.0, 14.0]"
3,1791634645.8243046,"[-38.847053999999986, 66.182691, 37.96968000000001, 37.96968000000001, -0.08712299999999118, 71.71982400000002, 34.102475999999996, 38.057570999999996, 39.024372, 66.00690900000001, 37.44233399999999, 37.44233399999999, 16.260603000000003, 82.09096199999999, 78.66321299999998, 29.707926000000015]","[0.0, 1.0, 3.0, 3.0, 1.0, 1.0, 1.0, 2.0, 1.0, 1.0, 1.0, 1.0, 1.0, 0.0, 2.0, 1.0]","[-9.0, 25.0, 15.0, 15.0, 0.0, 19.0, 12.0, 12.0, 0.0, 25.0, 12.0, 12.0, 25.0, -15.0, 11.0, 13.0]"
3,1791634646.0492492,"[-39.98963699999999, 66.182691, 39.024372, 38.76069899999999, -0.08712299999999118, 71.71982400000002, 34.102475999999996, 39.200154, 39.991173, 66.00690900000001, 38.672808, 38.58491699999999, 16.260603000000003, 82.09096199999999, 79.63001400000002, 29.707926000000015]","[0.0, 1.0, 2.0, 2.0, 0.0, 1.0, 1.0, 3.0, 1.0, 1.0, 3.0, 1.0, 1.0, 0.0, 2.0, 1.0]","[-9.0, 24.0, 15.0, 16.0, 0.0, 19.0, 11.0, 10.0, 13.0, 26.0, 12.0, 12.0, 24.0, -16.0, 10.0, 13.0]"
3,1791634646.2758963,"[-40.78065599999999, 66.182691, 40.166955, 39.72749999999999, -0.08712299999999118, 71.71982400000002, 34.102475999999996, 39.991173, 40.95797400000001, 66.00690900000001, 39.551717999999994, 39.63960900000001, 16.260603000000003, 82.09096199999999, 80.684706, 29.707926000000015]","[-3.0, 1.0, 3.0, 3.0, 0.0, 1.0, 1.0, 2.0, 2.0, 1.0, 3.0, 3.0, 1.0, 0.0, 3.0, 1.0]","[-9.0, 23.0, 15.0, 17.0, 0.0, 19.0, 11.0, 11.0, 13.0, 26.0, 12.0, 12.0, 23.0, -16.0, 10.0, 14.0]"
3,1791634646.4969757,"[-42.01113000000001, 66.182691, 41.04586499999999, 40.694300999999996, -0.08712299999999118, 71.71982400000002, 34.102475999999996, 40.95797400000001, 41.661102, 66.00690900000001, 40.518519, 40.78219200000001, 16.260603000000003, 82.09096199999999, 81.21205200000003, 29.707926000000015]","[-1.0, 1.0, 1.0, 1.0, 0.0, 1.0, 1.0, 2.0, 1.0, 1.0, 4.0, 3.0, 1.0, 0.0, 5.0, 1.0]","[4.0, 25.0, 16.0, 15.0, 0.0, 19.0, 12.0, 12.0, 15.0, 26.0, 11.0, 11.0, 25.0, -15.0, 11.0, 13.0]"
3,1791634646.720005,"[-43.065822, 66.182691, 42.188447999999994, 41.661102, -0.08712299999999118, 71.71982400000002, 34.102475999999996, 42.10055700000001, 43.06735800000001, 66.00690900000001, 41.74899300000001, 41.661102, 16.787948999999998, 82.09096199999999, 82.61830800000001, 29.707926000000015]","[0.0, 1.0, 2.0, 3.0, 0.0, 1.0, 1.0, 1.0, 3.0, 1.0, 2.0, 2.0, 6.0, 0.0, 3.0, 1.0]","[0.0, 23.0, 16.0, 16.0, 0.0, 20.0, 12.0, 12.0, 0.0, 26.0, 11.0, 12.0, 19.0, -16.0, 11.0, 14.0]"
3,1791634646.945627,"[-44.032623, 66.182691, 43.155249, 42.891576000000015, -0.08712299999999118, 71.71982400000002, 34.102475999999996, 43.06735800000001, 43.946268, 66.00690900000001, 42.71579399999999, 42.803685, 17.227404000000007, 82.09096199999999, 83.673, 29.707926000000015]","[0.0, 0.0, 1.0, 3.0, 1.0, 1.0, 1.0, 2.0, 1.0, 1.0, 3.0, 3.0, 1.0, 0.0, 4.0, 1.0]","[0.0, 23.0, 15.0, 15.0, 0.0, 19.0, 11.0, 11.0, 13.0, 26.0, 10.0, 12.0, 18.0, -15.0, 10.0, 14.0]"
3,1791634647.1698575,"[-45.08731499999999, 66.27058199999999, 44.297832, 43.68259499999999, -0.08712299999999118, 71.71982400000002, 34.102475999999996, 44.03415899999999, 45.00095999999999, 66.00690900000001, 43.68259499999999, 43.85837699999999, 17.227404000000007, 82.09096199999999, 84.376128, 29.707926000000015]","[0.0, 1.0, 3.0, 4.0, 0.0, 1.0, 1.0, 2.0, 1.0, 1.0, 1.0, 2.0, 1.0, 0.0, 1.0, 1.0]","[0.0, 23.0, 15.0, 16.0, 0.0, 20.0, 11.0, 11.0, -7.0, 26.0, 11.0, 11.0, 19.0, -16.0, 11.0, 14.0]"
3,1791634647.3943405,"[-46.05411599999999, 66.44636400000002, 45.088851000000005, 45.088851000000005, -0.08712299999999118, 71.71982400000002, 34.102475999999996, 45.00095999999999, 45.967760999999996, 66.00690900000001, 44.73728700000001, 45.00095999999999, 17.227404000000007, 82.09096199999999, 85.34292900000003, 29.707926000000015]","[0.0, 1.0, 1.0, 4.0, 0.0, 1.0, 1.0, 1.0, 1.0, 1.0, 3.0, 2.0, 1.0, 0.0, 2.0, 1.0]","[0.0, 21.0, 15.0, 15.0, 0.0, 19.0, 11.0, 12.0, 0.0, 26.0, 10.0, 11.0, 18.0, -16.0, 10.0, 14.0]"
3,1791634647.6169527,"[-47.020917, 66.44636400000002, 46.143542999999994, 45.87987000000001, -0.08712299999999118, 71.71982400000002, 34.102475999999996, 46.05565200000001, 46.934562, 66.00690900000001, 45.616197, 46.05565200000001, 17.227404000000007, 82.09096199999999, 86.39762100000002, 29.707926000000015]","[0.0, 1.0, 3.0, 1.0, 0.0, 1.0, 1.0, 2.0, 1.0, 1.0, 1.0, 3.0, 1.0, 0.0, 3.0, 1.0]","[0.0, 21.0, 15.0, 16.0, 0.0, 20.0, 11.0, 11.0, 0.0, 25.0, 12.0, 10.0, 18.0, -15.0, 10.0, 13.0]"
3,1791634647.8435497,"[-47.72404499999999, 66.44636400000002, 47.110344, 47.19823500000001, -0.08712299999999118, 71.71982400000002, 34.102475999999996, 47.02245300000001, 48.077145, 66.00690900000001, 46.75878, 47.110344, 17.227404000000007, 82.09096199999999, 87.36442199999999, 29.707926000000015]","[0.0, 1.0, 1.0, 1.0, 0.0, 1.0, 1.0, 3.0, 1.0, 1.0, 3.0, 3.0, 1.0, 0.0, 3.0, 1.0]","[-9.0, 21.0, 16.0, 15.0, 0.0, 19.0, 12.0, 11.0, -14.0, 26.0, 11.0, 11.0, 19.0, -16.0, 11.0, 14.0]"
3,1791634648.0646446,"[-49.04240999999999, 66.44636400000002, 48.077145, 48.165036000000015, -0.08712299999999118, 71.71982400000002, 34.102475999999996, 47.98925399999999, 49.043946000000005, 66.00690900000001, 47.725581000000005, 48.165036000000015, 17.227404000000007, 82.09096199999999, 88.155441, 29.707926000000015]","[-1.0, 1.0, 2.0, 2.0, 0.0, 1.0, 1.0, 1.0, 1.0, 1.0, 1.0, 4.0, 0.0, 0.0, 1.0, 1.0]","[0.0, 21.0, 16.0, 15.0, 0.0, 20.0, 12.0, 12.0, -14.0, 26.0, 11.0, 11.0, 19.0, -16.0, 11.0, 14.0]"
3,1791634648.2917545,"[-49.833428999999995, 66.44636400000002, 49.13183699999999, 49.219728, -0.08712299999999118, 71.71982400000002, 34.102475999999996, 48.86816400000001, 50.01074700000001, 66.00690900000001, 48.51660000000001, 49.043946000000005, 17.227404000000007, 82.09096199999999, 88.594896, 29.707926000000015]","[0.0, 1.0, 3.0, 2.0, 0.0, 1.0, 1.0, 1.0, 0.0, 1.0, 1.0, 2.0, 0.0, 0.0, 1.0, 1.0]","[-9.0, 20.0, 15.0, 13.0, 0.0, 19.0, 11.0, 12.0, -5.0, 26.0, 12.0, 10.0, 18.0, -16.0, 12.0, 13.0]"
3,1791634648.5157568,"[-50.976012, 66.62214600000001, 49.922855999999996, 50.538093, -0.08712299999999118, 71.71982400000002, 34.102475999999996, 50.01074700000001, 51.15333000000001, 66.00690900000001, 49.65918300000001, 50.098637999999994, 17.227404000000007, 82.09096199999999, 88.85856899999999, 29.707926000000015]","[-2.0, 1.0, 1.0, 2.0, 0.0, 1.0, 1.0, 1.0, 1.0, 1.0, 3.0, 3.0, 0.0, 0.0, 1.0, 1.0]","[-9.0, 20.0, 16.0, 13.0, 0.0, 20.0, 11.0, 11.0, -14.0, 26.0, 11.0, 11.0, 18.0, -16.0, 16.0, 14.0]"
3,1791634648.7397058,"[-51.767031, 66.62214600000001, 50.889657, 51.417002999999994, -0.08712299999999118, 71.71982400000002, 34.102475999999996, 50.801766000000015, 52.03224, 66.00690900000001, 50.62598400000002, 50.97754800000001, 17.227404000000007, 82.09096199999999, 89.21013299999998, 29.707926000000015]","[0.0, 1.0, 1.0, 3.0, 0.0, 1.0, 1.0, 2.0, 1.0, 1.0, 1.0, 3.0, 0.0, 0.0, 1.0, 1.0]","[-9.0, 22.0, 16.0, 14.0, 0.0, 20.0, 12.0, 10.0, 0.0, 26.0, 11.0, 11.0, 18.0, -15.0, 18.0, 14.0]"
3,1791634648.9613135,"[-52.82172299999999, 66.62214600000001, 52.03224, 52.383804, -0.08712299999999118, 71.71982400000002, 34.102475999999996, 51.76856699999999, 53.08693199999999, 66.00690900000001, 51.76856699999999, 51.94434900000002, 17.227404000000007, 82.09096199999999, 89.73747900000001, 29.620035]","[-2.0, 1.0, 2.0, 2.0, 1.0, 1.0, 1.0, 1.0, 1.0, 1.0, 1.0, 1.0, 0.0, 0.0, 1.0, 0.0]","[-8.0, 20.0, 16.0, 13.0, 0.0, 20.0, 11.0, 12.0, 0.0, 26.0, 11.0, 11.0, 18.0, -15.0, 21.0, 14.0]"
3,1791634649.183892,"[-53.876414999999994, 66.62214600000001, 52.999041000000005, 53.526387, -0.08712299999999118, 71.71982400000002, 34.102475999999996, 52.383804, 54.053732999999994, 66.00690900000001, 52.64747700000001, 52.999041000000005, 17.227404000000007, 82.09096199999999, 89.91326099999998, 29.620035]","[-2.0, 0.0, 3.0, 4.0, 1.0, 1.0, 1.0, 1.0, 1.0, 1.0, 2.0, 3.0, 0.0, 0.0, 1.0, 0.0]","[-8.0, 20.0, 16.0, 14.0, -1.0, 20.0, 12.0, 13.0, 0.0, 26.0, 11.0, 11.0, 18.0, -16.0, 26.0, 14.0]"
3,1791634649.4116747,"[-54.491652, 66.62214600000001, 53.96584200000001, 54.22951499999999, -0.08712299999999118, 71.71982400000002, 34.102475999999996, 52.91114999999999, 55.020534, 66.00690900000001, 53.526387, 53.877950999999996, 17.227404000000007, 82.09096199999999, 90.089043, 29.620035]","[0.0, 0.0, 3.0, 4.0, 0.0, 1.0, 1.0, 1.0, 1.0, 1.0, 1.0, 2.0, 0.0, 0.0, 2.0, 0.0]","[-10.0, 21.0, 16.0, 15.0, 0.0, 19.0, 11.0, 15.0, -2.0, 26.0, 11.0, 11.0, 18.0, -16.0, 32.0, 14.0]"
3,1791634649.6357877,"[-55.546344000000005, 66.62214600000001, 55.10842500000001, 55.45998900000001, -0.08712299999999118, 71.71982400000002, 34.01458500000001, 53.61427800000001, 56.163117, 66.00690900000001, 54.66897, 55.020534, 17.139512999999994, 82.09096199999999, 90.440607, 29.532143999999988]","[-1.0, 1.0, 3.0, 2.0, 0.0, 1.0, 0.0, 0.0, 1.0, 1.0, 3.0, 3.0, 0.0, 1.0, 1.0, 0.0]","[-9.0, 20.0, 15.0, 14.0, 0.0, 20.0, 12.0, 16.0, -14.0, 25.0, 11.0, 11.0, 19.0, -15.0, 38.0, 14.0]"
3,1791634649.859549,"[-56.425253999999995, 66.710037, 55.987335, 56.338899, -0.08712299999999118, 71.631933, 34.01458500000001, 54.053732999999994, 56.954136000000005, 66.00690900000001, 55.54787999999999, 55.89944400000002, 17.05162200000001, 82.178853, 90.35271599999999, 29.532143999999988]","[0.0, 1.0, 1.0, 1.0, 0.0, 1.0, 0.0, 1.0, 1.0, 1.0, 3.0, 1.0, 1.0, 1.0, 1.0, 1.0]","[-10.0, 21.0, 15.0, 14.0, 0.0, 21.0, 11.0, 18.0, 0.0, 25.0, 11.0, 12.0, 10.0, 0.0, 10.0, 12.0]"
3,1791634650.0830297,"[-57.216273, 66.62214600000001, 56.954136000000005, 57.129918, -0.08712299999999118, 71.631933, 34.01458500000001, 54.66897, 57.92093700000001, 66.00690900000001, 56.42679000000001, 56.86624499999999, 17.05162200000001, 82.178853, 90.35271599999999, 29.532143999999988]","[-1.0, 1.0, 1.0, 1.0, 0.0, 0.0, 0.0, 1.0, 1.0, 1.0, 1.0, 1.0, 0.0, 1.0, 1.0, 1.0]","[-10.0, 20.0, 16.0, 13.0, 0.0, 20.0, 12.0, 20.0, 0.0, 26.0, 12.0, 11.0, 12.0, 0.0, 9.0, 3.0]"
3,1791634650.3055005,"[-58.71042, 66.62214600000001, 58.09671900000001, 58.18460999999999, -0.08712299999999118, 71.631933, 33.926694, 55.196315999999996, 58.975629, 66.00690900000001, 57.56937300000001, 58.008827999999994, 17.05162200000001, 82.178853, 90.35271599999999, 29.620035]","[-2.0, 0.0, 1.0, 3.0, 0.0, 0.0, 0.0, 1.0, 1.0, 1.0, 1.0, 3.0, 1.0, 1.0, 1.0, 1.0]","[-9.0, 21.0, 16.0, 14.0, 0.0, 21.0, 12.0, 25.0, 0.0, 26.0, 11.0, 11.0, 11.0, 0.0, 10.0, 9.0]"
3,1791634650.5293906,"[-59.149874999999994, 66.62214600000001, 59.327192999999994, 59.23930200000001, -0.08712299999999118, 71.28036900000001, 33.83880300000001, 55.196315999999996, 59.94243, 66.00690900000001, 58.53617400000002, 58.88773800000001, 17.05162200000001, 82.178853, 90.35271599999999, 29.620035]","[0.0, 0.0, 3.0, 3.0, 0.0, 1.0, 0.0, 1.0, 1.0, 1.0, 3.0, 1.0, 0.0, 0.0, 1.0, 1.0]","[-11.0, 20.0, 15.0, 15.0, 0.0, 10.0, 10.0, 0.0, 0.0, 25.0, 11.0, 11.0, 10.0, 1.0, 10.0, 0.0]"
3,1791634650.7554808,"[-60.55613099999999, 66.62214600000001, 60.469775999999996, 59.23930200000001, -0.08712299999999118, 71.28036900000001, 33.83880300000001, 55.196315999999996, 60.99712199999999, 66.00690900000001, 59.766648, 58.88773800000001, 17.05162200000001, 82.178853, 90.35271599999999, 29.532143999999988]","[-3.0, 1.0, 4.0, 1.0, 0.0, 0.0, 0.0, 1.0, 1.0, 1.0, 4.0, 1.0, 1.0, 1.0, 1.0, 0.0]","[-9.0, 21.0, 14.0, 14.0, 0.0, 9.0, 9.0, 0.0, 0.0, 26.0, 11.0, 11.0, 10.0, 0.0, 10.0, 5.0]"
3,1791634650.9761882,"[-61.610822999999996, 66.710037, 61.348686000000015, 59.23930200000001, -0.08712299999999118, 71.28036900000001, 33.83880300000001, 55.196315999999996, 61.87603200000001, 66.00690900000001, 60.909231000000005, 58.88773800000001, 17.05162200000001, 82.178853, 90.35271599999999, 29.620035]","[0.0, 2.0, 1.0, 1.0, 0.0, 0.0, 0.0, 1.0, 2.0, 1.0, 4.0, 1.0, 0.0, 1.0, 1.0, 1.0]","[-9.0, 20.0, 14.0, 14.0, 0.0, 10.0, 9.0, 0.0, 4.0, 26.0, 10.0, 11.0, 11.0, 0.0, 9.0, 0.0]"
3,1791634651.2008383,"[-62.577624, 66.710037, 62.403378000000004, 59.23930200000001, -0.08712299999999118, 71.28036900000001, 33.83880300000001, 55.196315999999996, 62.667051000000015, 66.00690900000001, 61.87603200000001, 58.88773800000001, 17.05162200000001, 82.178853, 90.35271599999999, 29.620035]","[-1.0, 1.0, 2.0, 1.0, 0.0, 1.0, 0.0, 1.0, 1.0, 1.0, 1.0, 1.0, 1.0, 0.0, 1.0, 1.0]","[-9.0, 19.0, 15.0, 14.0, 0.0, 10.0, 10.0, 0.0, 14.0, 25.0, 11.0, 12.0, 11.0, 0.0, 10.0, 0.0]"
3,1791634651.4240515,"[-63.720207, 66.79792800000001, 63.37017900000001, 59.23930200000001, -0.08712299999999118, 71.28036900000001, 33.83880300000001, 55.196315999999996, 63.985416000000015, 66.00690900000001, 62.227596000000005, 58.975629, 17.05162200000001, 82.178853, 90.35271599999999, 29.620035]","[0.0, 2.0, 1.0, 1.0, 0.0, 1.0, 0.0, 1.0, 2.0, 1.0, 1.0, 1.0, 1.0, 1.0, 1.0, 0.0]","[-9.0, 19.0, 14.0, 14.0, 0.0, 10.0, 9.0, 0.0, 0.0, 25.0, 13.0, 11.0, 10.0, 0.0, 10.0, 2.0]"
3,1791634651.6486902,"[-64.774899, 66.885819, 64.51276200000001, 59.23930200000001, -0.08712299999999118, 71.28036900000001, 33.83880300000001, 55.196315999999996, 64.95221699999999, 66.00690900000001, 62.57916, 58.975629, 17.05162200000001, 82.178853, 90.35271599999999, 29.620035]","[-1.0, 1.0, 3.0, 1.0, 0.0, 1.0, 0.0, 1.0, 1.0, 1.0, 1.0, 1.0, 1.0, 0.0, 1.0, 1.0]","[-9.0, 19.0, 14.0, 14.0, 0.0, 10.0, 10.0, 0.0, 0.0, 27.0, 16.0, 11.0, 11.0, 0.0, 10.0, 0.0]"
3,1791634651.8725555,"[-65.390136, 67.32527400000001, 65.391672, 59.23930200000001, -0.08712299999999118, 71.28036900000001, 33.83880300000001, 55.196315999999996, 65.919018, 66.00690900000001, 62.930724, 58.88773800000001, 17.05162200000001, 82.178853, 90.35271599999999, 29.620035]","[0.0, 1.0, 1.0, 1.0, 0.0, 0.0, 0.0, 1.0, 1.0, 1.0, 1.0, 0.0, 1.0, 1.0, 1.0, 1.0]","[-10.0, 17.0, 14.0, 14.0, 0.0, 11.0, 9.0, 0.0, 0.0, 26.0, 19.0, 11.0, 9.0, 0.0, 10.0, 3.0]"
3,1791634652.0963352,"[-66.62061, 67.32527400000001, 66.44636400000002, 59.23930200000001, -0.08712299999999118, 71.28036900000001, 33.83880300000001, 55.196315999999996, 66.97371000000001, 66.00690900000001, 63.282287999999994, 58.88773800000001, 17.05162200000001, 82.178853, 90.35271599999999, 29.620035]","[-1.0, 1.0, 3.0, 1.0, 0.0, 0.0, 0.0, 1.0, 1.0, 1.0, 1.0, 1.0, 0.0, 1.0, 1.0, 1.0]","[-10.0, 18.0, 14.0, 14.0, 0.0, 10.0, 9.0, 0.0, 0.0, 25.0, 23.0, 11.0, 9.0, 0.0, 10.0, 0.0]"
3,1791634652.3233583,"[-67.587411, 67.32527400000001, 67.41316499999999, 59.23930200000001, -0.08712299999999118, 71.28036900000001, 33.83880300000001, 55.196315999999996, 67.94051100000001, 66.00690900000001, 63.37017900000001, 58.88773800000001, 17.05162200000001, 82.178853, 90.35271599999999, 29.620035]","[-1.0, 1.0, 1.0, 1.0, 0.0, 0.0, 0.0, 1.0, 1.0, 1.0, 2.0, 0.0, 1.0, 1.0, 1.0, 1.0]","[-10.0, 18.0, 14.0, 15.0, 0.0, 10.0, 10.0, 0.0, 0.0, 26.0, 27.0, 11.0, 10.0, 0.0, 10.0, 0.0]"
3,1791634652.547384,"[-68.55421199999999, 67.32527400000001, 68.46785700000001, 59.23930200000001, -0.08712299999999118, 71.28036900000001, 33.83880300000001, 55.196315999999996, 68.90731199999999, 66.00690900000001, 63.985416000000015, 58.88773800000001, 17.05162200000001, 82.178853, 90.35271599999999, 29.620035]","[-1.0, 1.0, 2.0, 1.0, 0.0, 0.0, 0.0, 1.0, 1.0, 1.0, 1.0, 0.0, 0.0, 1.0, 1.0, 0.0]","[-9.0, 17.0, 14.0, 14.0, 0.0, 9.0, 9.0, 0.0, 7.0, 26.0, 32.0, 12.0, 11.0, 0.0, 10.0, 1.0]"
3,1791634652.771624,"[-69.433122, 67.32527400000001, 69.522549, 59.23930200000001, -0.08712299999999118, 71.28036900000001, 33.83880300000001, 55.196315999999996, 69.96200400000001, 66.00690900000001, 64.073307, 58.88773800000001, 17.05162200000001, 82.178853, 90.35271599999999, 29.620035]","[0.0, 1.0, 3.0, 1.0, 0.0, 0.0, 0.0, 1.0, 1.0, 1.0, 1.0, 0.0, 0.0, 1.0, 1.0, 0.0]","[-9.0, 18.0, 14.0, 14.0, 0.0, 10.0, 9.0, 0.0, 0.0, 25.0, 40.0, 11.0, 10.0, 0.0, 10.0, 1.0]"
3,1791634652.9939024,"[-69.433122, 67.32527400000001, 70.40145900000002, 59.23930200000001, -0.08712299999999118, 71.28036900000001, 33.83880300000001, 55.196315999999996, 69.96200400000001, 65.83112700000001, 63.985416000000015, 58.88773800000001, 17.05162200000001, 82.178853, 90.35271599999999, 29.620035]","[0.0, 1.0, 1.0, 1.0, 0.0, 0.0, 0.0, 1.0, 1.0, 0.0, 0.0, 0.0, 1.0, 0.0, 1.0, 0.0]","[-9.0, 18.0, 15.0, 14.0, 0.0, 11.0, 10.0, 0.0, 0.0, 9.0, 8.0, 0.0, 10.0, 0.0, 10.0, 2.0]"
3,1791634653.2169905,"[-69.433122, 67.32527400000001, 71.28036900000001, 59.23930200000001, -0.08712299999999118, 71.28036900000001, 33.83880300000001, 55.196315999999996, 69.96200400000001, 65.83112700000001, 63.985416000000015, 58.88773800000001, 17.05162200000001, 82.178853, 90.35271599999999, 29.620035]","[0.0, 1.0, 2.0, 1.0, 0.0, 0.0, 0.0, 1.0, 1.0, 0.0, 0.0, 0.0, 1.0, 1.0, 1.0, 0.0]","[-10.0, 18.0, 16.0, 14.0, 0.0, 10.0, 9.0, 0.0, 0.0, 10.0, 9.0, 0.0, 10.0, 0.0, 10.0, 0.0]"
3,1791634653.440405,"[-69.433122, 67.32527400000001, 72.07138800000001, 59.23930200000001, -0.08712299999999118, 71.28036900000001, 33.83880300000001, 55.196315999999996, 69.96200400000001, 65.83112700000001, 63.985416000000015, 58.88773800000001, 17.05162200000001, 82.178853, 90.35271599999999, 29.620035]","[1.0, 1.0, 1.0, 1.0, 0.0, 0.0, 0.0, 1.0, 1.0, 0.0, 0.0, 0.0, 0.0, 1.0, 1.0, 0.0]","[-10.0, 19.0, 16.0, 13.0, 0.0, 9.0, 9.0, 0.0, 0.0, 9.0, 9.0, 0.0, 11.0, 0.0, 10.0, 0.0]"
3,1791634653.6674006,"[-69.433122, 67.32527400000001, 73.12608, 59.23930200000001, -0.08712299999999118, 71.28036900000001, 33.83880300000001, 55.196315999999996, 69.96200400000001, 65.83112700000001, 63.985416000000015, 58.88773800000001, 16.963730999999996, 82.178853, 90.35271599999999, 29.620035]","[1.0, 1.0, 3.0, 1.0, 0.0, 0.0, 0.0, 1.0, 1.0, 0.0, 0.0, 0.0, 0.0, 1.0, 1.0, 0.0]","[-9.0, 18.0, 15.0, 15.0, 0.0, 10.0, 9.0, 0.0, 0.0, 10.0, 9.0, 0.0, 10.0, 0.0, 10.0, 3.0]"
3,1791634653.8876638,"[-69.433122, 67.32527400000001, 74.00498999999999, 59.23930200000001, -0.08712299999999118, 71.28036900000001, 33.83880300000001, 55.196315999999996, 69.96200400000001, 65.83112700000001, 63.985416000000015, 58.88773800000001, 17.05162200000001, 82.178853, 90.35271599999999, 29.620035]","[0.0, 1.0, 1.0, 1.0, 0.0, 0.0, 0.0, 1.0, 1.0, 0.0, 0.0, 0.0, 1.0, 1.0, 1.0, 0.0]","[-10.0, 18.0, 16.0, 15.0, 0.0, 10.0, 9.0, 0.0, 0.0, 10.0, 9.0, 0.0, 9.0, 0.0, 10.0, 8.0]"
3,1791634654.1141365,"[-69.433122, 67.32527400000001, 74.88390000000001, 59.23930200000001, -0.08712299999999118, 71.28036900000001, 33.83880300000001, 55.196315999999996, 69.96200400000001, 65.83112700000001, 63.985416000000015, 58.88773800000001, 17.05162200000001, 82.178853, 90.35271599999999, 29.532143999999988]","[1.0, 1.0, 1.0, 1.0, 0.0, 0.0, 0.0, 1.0, 1.0, 0.0, 0.0, 0.0, 1.0, 1.0, 1.0, 0.0]","[-9.0, 17.0, 16.0, 14.0, 0.0, 10.0, 10.0, 0.0, 0.0, 10.0, 9.0, 0.0, 10.0, 0.0, 10.0, 10.0]"
3,1791634654.3381863,"[-69.433122, 67.501056, 75.938592, 59.23930200000001, -0.08712299999999118, 71.28036900000001, 33.83880300000001, 55.196315999999996, 69.96200400000001, 65.83112700000001, 63.985416000000015, 58.88773800000001, 17.05162200000001, 82.178853, 90.35271599999999, 29.532143999999988]","[1.0, 1.0, 2.0, 1.0, 0.0, 0.0, 0.0, 1.0, 1.0, 0.0, 0.0, 0.0, 1.0, 1.0, 1.0, 1.0]","[-10.0, 17.0, 16.0, 15.0, 0.0, 10.0, 9.0, 0.0, 0.0, 10.0, 8.0, 0.0, 10.0, 0.0, 9.0, 3.0]"
3,1791634654.5590742,"[-69.433122, 67.501056, 76.905393, 59.23930200000001, -0.08712299999999118, 71.28036900000001, 33.83880300000001, 55.196315999999996, 69.96200400000001, 65.83112700000001, 63.985416000000015, 58.88773800000001, 17.05162200000001, 82.178853, 90.35271599999999, 29.620035]","[1.0, 1.0, 3.0, 1.0, 0.0, 0.0, 0.0, 1.0, 1.0, 0.0, 0.0, 0.0, 1.0, 1.0, 1.0, 1.0]","[-10.0, 17.0, 16.0, 14.0, 0.0, 9.0, 10.0, 0.0, 0.0, 10.0, 9.0, 0.0, 11.0, 0.0, 10.0, 0.0]"
3,1791634654.7865617,"[-69.433122, 67.501056, 77.52062999999998, 59.23930200000001, -0.08712299999999118, 71.28036900000001, 33.83880300000001, 55.196315999999996, 69.96200400000001, 65.83112700000001, 63.985416000000015, 58.88773800000001, 17.05162200000001, 82.178853, 90.35271599999999, 29.620035]","[1.0, 1.0, 1.0, 1.0, 0.0, 0.0, 0.0, 1.0, 1.0, 0.0, 0.0, 0.0, 1.0, 1.0, 1.0, 0.0]","[-9.0, 16.0, 17.0, 14.0, 0.0, 10.0, 9.0, 0.0, 0.0, 10.0, 9.0, 0.0, 10.0, 0.0, 9.0, 2.0]"
3,1791634655.0077424,"[-69.433122, 67.501056, 78.047976, 59.23930200000001, -0.08712299999999118, 71.28036900000001, 33.83880300000001, 55.196315999999996, 69.96200400000001, 65.83112700000001, 63.985416000000015, 58.88773800000001, 17.05162200000001, 82.178853, 90.35271599999999, 29.620035]","[0.0, 1.0, 2.0, 1.0, 0.0, 0.0, 0.0, 1.0, 0.0, 0.0, 0.0, 0.0, 0.0, 1.0, 1.0, 1.0]","[-9.0, 16.0, 18.0, 13.0, 0.0, 10.0, 9.0, 0.0, 0.0, 10.0, 9.0, 0.0, 10.0, 0.0, 10.0, 0.0]"
3,1791634655.2350707,"[-69.521013, 67.501056, 78.13586700000002, 59.23930200000001, -0.08712299999999118, 71.28036900000001, 33.83880300000001, 55.196315999999996, 69.96200400000001, 65.83112700000001, 63.985416000000015, 58.88773800000001, 17.05162200000001, 82.178853, 90.35271599999999, 29.620035]","[0.0, 1.0, 1.0, 1.0, 0.0, 0.0, 0.0, 1.0, 0.0, 0.0, 0.0, 0.0, 1.0, 1.0, 1.0, 1.0]","[-9.0, 16.0, 23.0, 14.0, 0.0, 9.0, 9.0, 0.0, 0.0, 10.0, 9.0, 0.0, 11.0, 0.0, 9.0, 0.0]"
3,1791634655.4581861,"[-69.521013, 67.501056, 78.92688600000002, 59.23930200000001, -0.08712299999999118, 71.28036900000001, 33.83880300000001, 55.196315999999996, 69.96200400000001, 65.83112700000001, 63.985416000000015, 58.88773800000001, 17.05162200000001, 82.178853, 90.35271599999999, 29.620035]","[1.0, 1.0, 1.0, 1.0, 0.0, 0.0, 0.0, 1.0, 0.0, 0.0, 0.0, 0.0, 1.0, 1.0, 1.0, 1.0]","[-9.0, 16.0, 25.0, 14.0, 0.0, 9.0, 9.0, 0.0, 0.0, 10.0, 9.0, 0.0, 10.0, 0.0, 10.0, 0.0]"
3,1791634655.683019,"[-69.608904, 67.501056, 79.71790500000003, 59.23930200000001, -0.08712299999999118, 71.28036900000001, 33.83880300000001, 55.196315999999996, 69.96200400000001, 65.83112700000001, 63.985416000000015, 58.88773800000001, 17.05162200000001, 82.178853, 90.35271599999999, 29.620035]","[0.0, 1.0, 1.0, 1.0, 0.0, 0.0, 0.0, 1.0, 0.0, 0.0, 0.0, 0.0, 1.0, 1.0, 1.0, 1.0]","[-9.0, 16.0, 29.0, 14.0, 0.0, 9.0, 9.0, 0.0, 0.0, 10.0, 9.0, 0.0, 9.0, 0.0, 9.0, 0.0]"
3,1791634655.9043229,"[-69.521013, 67.501056, 80.50892399999998, 59.23930200000001, -0.08712299999999118, 71.28036900000001, 33.83880300000001, 55.196315999999996, 69.96200400000001, 65.83112700000001, 63.985416000000015, 58.88773800000001, 17.05162200000001, 82.178853, 90.35271599999999, 29.620035]","[1.0, 1.0, 1.0, 1.0, 0.0, 0.0, 0.0, 1.0, 1.0, 0.0, 0.0, 0.0, 0.0, 1.0, 1.0, 0.0]","[-9.0, 16.0, 27.0, 15.0, 0.0, 10.0, 9.0, 0.0, 0.0, 9.0, 9.0, 0.0, 11.0, 0.0, 10.0, 0.0]"
3,1791634656.1282384,"[-69.521013, 67.58894699999999, 81.29994299999998, 59.23930200000001, -0.08712299999999118, 71.28036900000001, 33.83880300000001, 55.196315999999996, 69.96200400000001, 65.83112700000001, 63.985416000000015, 58.88773800000001, 16.963730999999996, 82.178853, 90.35271599999999, 29.620035]","[0.0, 1.0, 1.0, 1.0, 0.0, 0.0, 0.0, 1.0, 1.0, 0.0, 0.0, 0.0, 0.0, 1.0, 1.0, 0.0]","[-9.0, 17.0, 29.0, 14.0, 0.0, 10.0, 10.0, 0.0, 0.0, 10.0, 10.0, 0.0, 10.0, 0.0, 10.0, 3.0]"
3,1791634656.3517306,"[-69.608904, 67.58894699999999, 81.29994299999998, 59.23930200000001, -0.08712299999999118, 71.28036900000001, 33.83880300000001, 55.196315999999996, 69.96200400000001, 65.83112700000001, 63.985416000000015, 58.88773800000001, 17.05162200000001, 82.178853, 90.35271599999999, 29.620035]","[0.0, 1.0, 1.0, 1.0, 0.0, 0.0, 0.0, 1.0, 1.0, 0.0, 0.0, 0.0, 1.0, 1.0, 1.0, 0.0]","[-9.0, 16.0, 35.0, 15.0, 0.0, 10.0, 9.0, 0.0, -2.0, 10.0, 9.0, 0.0, 11.0, 0.0, 10.0, 12.0]"
3,1791634656.578389,"[-69.608904, 67.58894699999999, 82.09096199999999, 59.23930200000001, -0.08712299999999118, 71.28036900000001, 33.83880300000001, 55.196315999999996, 69.96200400000001, 65.83112700000001, 63.985416000000015, 58.88773800000001, 17.05162200000001, 82.178853, 90.35271599999999, 29.620035]","[0.0, 1.0, 1.0, 1.0, 0.0, 0.0, 0.0, 1.0, 1.0, 0.0, 0.0, 0.0, 1.0, 1.0, 1.0, 1.0]","[-9.0, 16.0, 37.0, 14.0, 0.0, 10.0, 9.0, 0.0, -6.0, 10.0, 9.0, 0.0, 11.0, 0.0, 10.0, 8.0]"
3,1791634656.801908,"[-69.608904, 67.501056, 82.00307099999998, 59.151410999999996, -0.08712299999999118, 71.28036900000001, 33.83880300000001, 55.196315999999996, 69.96200400000001, 65.83112700000001, 63.985416000000015, 58.88773800000001, 17.05162200000001, 82.178853, 90.35271599999999, 29.620035]","[1.0, 0.0, 0.0, 0.0, 0.0, 0.0, 0.0, 1.0, 1.0, 0.0, 0.0, 0.0, 1.0, 1.0, 1.0, 0.0]","[9.0, 12.0, 14.0, 14.0, 0.0, 10.0, 9.0, 0.0, 0.0, 10.0, 8.0, 0.0, 10.0, 0.0, 10.0, 0.0]"
