grip,time,positions,velocities,currents
1,1791633019.5855734,"[-0.08712299999999118, -4.92112800000001, -1.1418150000000082, -0.17501400000000444, -0.17501400000000444, -5.009018999999995, 0.17654999999999177, -0.5265780000000007, 0.08865900000000693, -4.745346000000012, -0.9660330000000101, 0.3523319999999899, -1.6691610000000026, 178.33160700000002, 40.254846000000015, 25.928613000000013]","[0.0, 1.0, 1.0, 0.0, 0.0, 1.0, 0.0, 1.0, 0.0, 1.0, 1.0, 1.0, 0.0, 1.0, 0.0, 0.0]","[0.0, 32.0, 15.0, 13.0, 12.0, 32.0, -10.0, 10.0, -14.0, 32.0, 11.0, -11.0, 13.0, 15.0, -10.0, -15.0]"
1,1791633019.810008,"[-0.5265780000000007, -4.92112800000001, -0.9660330000000101, 0.08865900000000693, -0.17501400000000444, -5.009018999999995, 0.6160050000000012, -0.4386869999999874, 0.7038960000000145, -4.745346000000012, -0.9660330000000101, 0.44022300000000314, -1.6691610000000026, 178.155825, 40.254846000000015, 25.928613000000013]","[0.0, 1.0, 1.0, 1.0, 0.0, 1.0, 1.0, 1.0, 1.0, 1.0, 1.0, 1.0, 0.0, 0.0, 1.0, 1.0]","[-10.0, 45.0, 19.0, 15.0, 12.0, 48.0, 10.0, 13.0, 14.0, 51.0, 14.0, 9.0, 15.0, -11.0, 11.0, 13.0]"
1,1791633020.0325098,"[-1.4054879999999912, -3.7785450000000083, -0.08712299999999118, 0.6160050000000012, -0.17501400000000444, -3.60276300000001, 1.2312420000000088, 0.44022300000000314, 1.6706969999999899, -3.7785450000000083, -0.6144689999999855, 0.6160050000000012, -1.6691610000000026, 177.892152, 40.518519, 26.192285999999996]","[0.0, 1.0, 1.0, 2.0, 0.0, 1.0, 1.0, 1.0, 2.0, 1.0, 1.0, 1.0, 0.0, 0.0, 1.0, 1.0]","[-9.0, 59.0, 19.0, 15.0, 11.0, 56.0, 11.0, 14.0, 14.0, 62.0, 16.0, 12.0, 15.0, -14.0, 13.0, 14.0]"
1,1791633020.2551994,"[-2.548070999999993, -1.4933790000000045, 0.8796780000000126, 1.582806000000005, -0.17501400000000444, -3.60276300000001, 1.846478999999988, 1.407024000000007, 2.6374979999999937, -3.0754169999999874, 0.17654999999999177, 0.6160050000000012, -1.6691610000000026, 177.62847900000003, 41.133756000000005, 27.159087]","[-1.0, 6.0, 1.0, 2.0, 0.0, 0.0, 1.0, 1.0, 3.0, 9.0, 3.0, 1.0, 0.0, 1.0, 1.0, 2.0]","[-9.0, 59.0, 19.0, 16.0, 11.0, 76.0, 12.0, 13.0, 14.0, 68.0, 18.0, 15.0, 13.0, -24.0, 14.0, 14.0]"
1,1791633020.480203,"[-3.426981000000012, 0.3523319999999899, 1.7585880000000031, 2.4617159999999956, -0.17501400000000444, 0.7038960000000145, 2.725389000000007, 2.2859339999999975, 3.6921900000000107, 0.08865900000000693, 1.4949149999999918, 2.0222610000000145, -1.6691610000000026, 177.27691500000003, 42.27633900000001, 28.03799699999999]","[0.0, 3.0, 1.0, 1.0, 0.0, 10.0, 2.0, 2.0, 2.0, 1.0, 3.0, 3.0, 0.0, 0.0, 2.0, 3.0]","[-10.0, 58.0, 20.0, 16.0, 11.0, 46.0, 13.0, 12.0, 14.0, 64.0, 15.0, 14.0, 13.0, -36.0, 14.0, 14.0]"
1,1791633020.705994,"[-4.481673000000001, 0.3523319999999899, 2.725389000000007, 3.6042989999999975, -0.17501400000000444, 2.0222610000000145, 3.5164080000000126, 3.4285169999999994, 3.7800809999999956, 1.1433509999999956, 1.846478999999988, 3.076953000000003, -1.6691610000000026, 175.34331300000002, 43.41892200000001, 29.180579999999992]","[-1.0, 1.0, 1.0, 3.0, 0.0, 1.0, 3.0, 2.0, 1.0, 3.0, 1.0, 3.0, 0.0, -4.0, 4.0, 4.0]","[-9.0, 77.0, 20.0, 16.0, 11.0, 61.0, 13.0, 12.0, 16.0, 74.0, 19.0, 13.0, 14.0, -33.0, 14.0, 14.0]"
1,1791633020.929293,"[-5.360582999999991, 4.131644999999992, 3.7800809999999956, 4.483208999999988, -0.17501400000000444, 4.131644999999992, 4.395318000000003, 4.395318000000003, 5.62579199999999, 4.219536000000005, 3.2527350000000013, 4.043754000000007, -1.6691610000000026, 173.14603799999998, 44.56150500000001, 30.147380999999996]","[0.0, 8.0, 4.0, 2.0, 1.0, 4.0, 1.0, 1.0, 3.0, 12.0, 4.0, 1.0, 0.0, -1.0, 4.0, 2.0]","[-10.0, 55.0, 19.0, 17.0, 11.0, 61.0, 13.0, 13.0, 14.0, 55.0, 16.0, 14.0, 14.0, -35.0, 13.0, 14.0]"
1,1791633021.1521099,"[-6.23949300000001, 5.274227999999994, 4.6589910000000145, 5.62579199999999, -0.17501400000000444, 6.153138000000013, 5.362119000000007, 5.274227999999994, 6.416810999999996, 5.9773560000000145, 4.30742699999999, 4.9226639999999975, -1.6691610000000026, 170.77298100000002, 44.649395999999996, 31.114182]","[-2.0, 8.0, 1.0, 3.0, 1.0, 1.0, 3.0, 2.0, 4.0, 1.0, 1.0, 1.0, 0.0, -7.0, 1.0, 1.0]","[-10.0, 57.0, 20.0, 16.0, 11.0, 61.0, 14.0, 14.0, 14.0, 62.0, 16.0, 15.0, 13.0, -30.0, 16.0, 14.0]"
1,1791633021.3778987,"[-7.382076000000012, 8.614086000000015, 5.889465000000001, 6.680484000000007, -0.17501400000000444, 8.26252199999999, 5.450009999999992, 6.592592999999994, 7.5593939999999975, 8.526195000000001, 5.186337000000009, 6.153138000000013, -1.6691610000000026, 169.27883400000002, 46.582998, 32.16887399999999]","[-2.0, 6.0, 1.0, 2.0, 0.0, 4.0, 2.0, 3.0, 1.0, 6.0, 2.0, 2.0, 0.0, 0.0, 5.0, 2.0]","[-9.0, 51.0, 21.0, 16.0, 11.0, 58.0, 16.0, 13.0, 14.0, 56.0, 16.0, 14.0, 13.0, -36.0, 12.0, 14.0]"
1,1791633021.6019194,"[-8.348876999999987, 10.108233000000013, 5.889465000000001, 7.471503000000013, -0.08712299999999118, 10.28401500000001, 7.207830000000001, 7.647285000000011, 8.614086000000015, 9.668778000000003, 6.328920000000011, 7.119938999999988, -1.6691610000000026, 168.487815, 47.54979900000001, 33.13567499999999]","[-1.0, 1.0, 1.0, 1.0, 1.0, 7.0, 1.0, 3.0, 1.0, 1.0, 1.0, 2.0, 0.0, 0.0, 3.0, 2.0]","[-9.0, 62.0, 25.0, 17.0, 5.0, 55.0, 14.0, 12.0, 14.0, 66.0, 16.0, 13.0, 13.0, -54.0, 13.0, 14.0]"
1,1791633021.8259377,"[-9.315677999999991, 10.635579000000007, 7.823067000000009, 8.614086000000015, -0.17501400000000444, 11.690270999999996, 8.26252199999999, 8.614086000000015, 9.405104999999992, 9.756668999999988, 7.119938999999988, 7.735175999999996, -1.6691610000000026, 166.817886, 48.34081800000001, 34.19036700000001]","[0.0, 5.0, 3.0, 1.0, 0.0, 3.0, 3.0, 1.0, 1.0, 1.0, 2.0, 4.0, 0.0, -13.0, 1.0, 1.0]","[-9.0, 68.0, 19.0, 16.0, 12.0, 65.0, 14.0, 13.0, 15.0, 93.0, 17.0, 16.0, 13.0, -44.0, 14.0, 14.0]"
1,1791633022.0498104,"[-10.282478999999995, 13.887546000000015, 8.877758999999998, 9.58088699999999, -0.17501400000000444, 14.151218999999998, 9.317214000000007, 9.492996000000005, 10.635579000000007, 13.887546000000015, 8.350413000000003, 9.229322999999994, -1.6691610000000026, 163.65381000000002, 49.571292, 35.245059]","[0.0, 1.0, 3.0, 2.0, 1.0, 7.0, 1.0, 1.0, 2.0, 17.0, 5.0, 2.0, 0.0, 0.0, 4.0, 3.0]","[-10.0, 62.0, 20.0, 15.0, 11.0, 53.0, 13.0, 12.0, 13.0, 54.0, 15.0, 12.0, 13.0, -40.0, 13.0, 13.0]"
1,1791633022.2713664,"[-11.073498, 15.381693000000013, 9.844560000000001, 10.723469999999992, -0.17501400000000444, 16.084821000000005, 10.28401500000001, 10.371905999999996, 11.514488999999998, 14.23911000000001, 9.229322999999994, 9.317214000000007, -1.6691610000000026, 161.544426, 50.18652900000001, 36.12396899999999]","[-2.0, 9.0, 2.0, 2.0, 1.0, 1.0, 1.0, 1.0, 1.0, 1.0, 2.0, 1.0, 0.0, -7.0, 1.0, 3.0]","[-11.0, 65.0, 19.0, 16.0, 12.0, 59.0, 14.0, 13.0, 15.0, 86.0, 17.0, 17.0, 13.0, -33.0, 13.0, 14.0]"
1,1791633022.49783,"[-12.216081000000003, 18.106313999999998, 10.89925199999999, 11.338707, -0.17501400000000444, 18.36998700000001, 10.371905999999996, 11.514488999999998, 12.569181000000015, 14.23911000000001, 9.756668999999988, 11.075033999999988, -1.6691610000000026, 159.435042, 51.32911200000001, 37.178661000000005]","[0.0, 1.0, 2.0, 4.0, 1.0, 5.0, 1.0, 1.0, 1.0, 1.0, 5.0, 3.0, 0.0, -1.0, 3.0, 1.0]","[-10.0, 53.0, 19.0, 15.0, 12.0, 52.0, 17.0, 14.0, 14.0, 115.0, 18.0, 13.0, 13.0, -38.0, 13.0, 14.0]"
1,1791633022.7201874,"[-13.270772999999991, 20.12780699999999, 11.690270999999996, 12.657072, -0.17501400000000444, 19.776242999999994, 12.21761699999999, 12.393398999999988, 13.623873000000003, 20.215698000000003, 10.987143000000003, 12.129726000000005, -1.6691610000000026, 157.413549, 52.29591300000001, 38.14546200000001]","[-1.0, 4.0, 1.0, 3.0, 1.0, 12.0, 3.0, 1.0, 3.0, 8.0, 1.0, 3.0, 0.0, -1.0, 3.0, 1.0]","[-10.0, 55.0, 20.0, 15.0, 11.0, 54.0, 14.0, 13.0, 14.0, 57.0, 17.0, 13.0, 13.0, -37.0, 14.0, 14.0]"
1,1791633022.9458573,"[-14.237573999999995, 22.237190999999996, 12.832853999999998, 13.448091000000005, -0.17501400000000444, 22.412972999999994, 13.272309000000007, 13.623873000000003, 14.590674000000007, 20.303588999999988, 11.866052999999994, 12.832853999999998, -1.6691610000000026, 155.47994699999998, 53.08693199999999, 39.375935999999996]","[0.0, 1.0, 2.0, 3.0, 0.0, 6.0, 1.0, 1.0, 3.0, 1.0, 1.0, 4.0, 0.0, -4.0, 1.0, 3.0]","[-10.0, 60.0, 19.0, 15.0, 12.0, 53.0, 13.0, 14.0, 14.0, 85.0, 19.0, 14.0, 13.0, -37.0, 14.0, 15.0]"
1,1791633023.1698294,"[-15.292266000000012, 23.907119999999992, 13.887546000000015, 14.414892000000009, -0.17501400000000444, 24.78603000000001, 14.327000999999996, 14.502782999999994, 15.733257000000009, 24.698138999999998, 13.360199999999992, 13.799655000000001, -1.6691610000000026, 153.54634500000003, 54.22951499999999, 40.254846000000015]","[0.0, 6.0, 2.0, 1.0, 1.0, 5.0, 2.0, 1.0, 2.0, 8.0, 4.0, 0.0, 0.0, -3.0, 4.0, 1.0]","[-10.0, 60.0, 19.0, 16.0, 1.0, 54.0, 13.0, 14.0, 14.0, 52.0, 15.0, 15.0, 13.0, -41.0, 13.0, 14.0]"
1,1791633023.393713,"[-16.434848999999986, 26.543849999999992, 14.942238000000003, 15.469583999999998, -0.17501400000000444, 26.631741000000005, 15.381693000000013, 15.996929999999992, 16.700058000000013, 26.71963199999999, 14.151218999999998, 14.85434699999999, -1.6691610000000026, 151.524852, 55.196315999999996, 41.22164699999999]","[0.0, 10.0, 3.0, 4.0, 1.0, 6.0, 1.0, 4.0, 3.0, 5.0, 3.0, 2.0, 0.0, -4.0, 4.0, 1.0]","[-9.0, 51.0, 18.0, 16.0, 7.0, 51.0, 14.0, 12.0, 14.0, 53.0, 17.0, 14.0, 13.0, -35.0, 14.0, 14.0]"
1,1791633023.6161356,"[-17.665323, 29.180579999999992, 16.084821000000005, 16.524276000000015, -0.17501400000000444, 29.268471000000005, 16.87584000000001, 16.87584000000001, 17.930532, 29.532143999999988, 15.55747500000001, 15.996929999999992, -1.5812699999999893, 150.030705, 56.514680999999996, 42.36422999999999]","[-3.0, 15.0, 5.0, 4.0, -2.0, 17.0, 9.0, 2.0, 5.0, 19.0, 8.0, 3.0, 2.0, -4.0, 6.0, 2.0]","[-9.0, 37.0, 18.0, 15.0, 11.0, 34.0, 11.0, 12.0, 14.0, 33.0, 13.0, 13.0, 13.0, -38.0, 13.0, 14.0]"
1,1791633023.8416266,"[-18.983688, 31.641527999999994, 17.315294999999992, 17.403186000000005, -0.2629049999999893, 31.37785500000001, 17.842641000000015, 17.930532, 18.985223999999988, 31.99309199999999, 16.963730999999996, 16.963730999999996, -1.4933790000000045, 147.657648, 57.56937300000001, 43.24314000000001]","[-3.0, 1.0, 2.0, 1.0, -7.0, 3.0, 1.0, 3.0, 1.0, 4.0, 1.0, 4.0, 2.0, -3.0, 1.0, 1.0]","[0.0, 42.0, 17.0, 16.0, 12.0, 45.0, 12.0, 12.0, 14.0, 39.0, 14.0, 14.0, 12.0, -36.0, 14.0, 14.0]"
1,1791633024.0656557,"[-19.86259799999999, 32.608329, 18.36998700000001, 18.36998700000001, -0.17501400000000444, 32.87200200000001, 18.36998700000001, 18.80944199999999, 19.776242999999994, 32.69622000000001, 17.75475, 18.018423000000013, -1.4933790000000045, 145.811937, 58.53617400000002, 44.209941000000015]","[-2.0, 3.0, 3.0, 2.0, -1.0, 1.0, 1.0, 3.0, 1.0, 0.0, 1.0, 3.0, -1.0, 0.0, 2.0, 2.0]","[-9.0, 55.0, 18.0, 16.0, 8.0, 55.0, 14.0, 13.0, 14.0, 54.0, 15.0, 13.0, 13.0, -40.0, 13.0, 14.0]"
1,1791633024.28867,"[-20.74150800000001, 35.245059, 19.161006000000015, 19.424678999999998, -0.08712299999999118, 34.893495, 18.985223999999988, 19.68835200000001, 20.567262, 33.83880300000001, 18.633659999999992, 18.897333000000003, -1.4933790000000045, 143.263098, 59.41508400000001, 45.264633]","[-1.0, 7.0, 1.0, 1.0, 0.0, 3.0, 1.0, 1.0, 3.0, 4.0, 2.0, 1.0, 1.0, -6.0, 1.0, 2.0]","[-8.0, 43.0, 18.0, 17.0, 0.0, 51.0, 15.0, 13.0, 14.0, 58.0, 16.0, 14.0, 14.0, -34.0, 13.0, 15.0]"
1,1791633024.5129147,"[-21.7962, 37.178661000000005, 20.39148, 20.303588999999988, -0.08712299999999118, 37.09076999999999, 20.039916000000005, 20.743043999999998, 21.885627, 37.354443, 19.864134000000007, 20.039916000000005, -1.4933790000000045, 141.41738700000002, 60.118212, 46.23143400000001]","[0.0, 4.0, 4.0, 5.0, 0.0, 4.0, 2.0, 1.0, 3.0, 6.0, 4.0, 2.0, 1.0, 0.0, 2.0, 3.0]","[-9.0, 49.0, 17.0, 15.0, 0.0, 51.0, 15.0, 13.0, 13.0, 47.0, 14.0, 13.0, 13.0, -36.0, 14.0, 15.0]"
1,1791633024.7369716,"[-22.938783, 39.28804500000001, 21.44617199999999, 21.709845, -0.08712299999999118, 39.11226300000001, 20.83093500000001, 21.885627, 22.412972999999994, 37.44233399999999, 20.655153000000013, 21.00671700000001, -1.4933790000000045, 139.483785, 61.348686000000015, 47.19823500000001]","[-2.0, 6.0, 3.0, 4.0, 0.0, 1.0, 1.0, 4.0, 1.0, 1.0, 1.0, 1.0, 1.0, -2.0, 3.0, 2.0]","[-3.0, 43.0, 17.0, 15.0, 0.0, 51.0, 16.0, 12.0, 14.0, 69.0, 16.0, 12.0, 12.0, -38.0, 13.0, 15.0]"
1,1791633024.9615688,"[-23.99347499999999, 41.39742899999999, 22.500864000000007, 22.588754999999992, -0.08712299999999118, 41.573211000000015, 21.885627, 22.76453699999999, 23.819229000000007, 41.661102, 21.797736000000015, 22.237190999999996, -1.4933790000000045, 137.198619, 62.31548699999999, 48.252927]","[-1.0, 3.0, 1.0, 2.0, 0.0, 10.0, 3.0, 1.0, 4.0, 14.0, 4.0, 2.0, 1.0, -1.0, 1.0, 2.0]","[0.0, 48.0, 17.0, 15.0, 0.0, 38.0, 16.0, 12.0, 13.0, 39.0, 14.0, 13.0, 12.0, -34.0, 14.0, 14.0]"
1,1791633025.1856043,"[-24.87238500000001, 43.506812999999994, 23.379773999999998, 23.116101000000015, -0.08712299999999118, 43.946268, 22.588754999999992, 23.731337999999994, 24.873920999999996, 43.68259499999999, 23.02821, 22.32508200000001, -1.4933790000000045, 135.08923500000003, 63.37017900000001, 49.219728]","[0.0, 9.0, 3.0, 7.0, 0.0, 4.0, 1.0, 2.0, 1.0, 4.0, 4.0, 1.0, 1.0, -4.0, 3.0, 1.0]","[-9.0, 40.0, 17.0, 16.0, 0.0, 38.0, 17.0, 12.0, 13.0, 41.0, 14.0, 15.0, 12.0, -32.0, 14.0, 14.0]"
1,1791633025.409544,"[-25.927076999999997, 46.05565200000001, 24.258683999999988, 24.698138999999998, -0.08712299999999118, 46.23143400000001, 23.46766500000001, 24.78603000000001, 25.840722, 46.407216000000005, 23.907119999999992, 24.08290199999999, -1.4933790000000045, 132.540396, 64.424871, 50.18652900000001]","[0.0, 3.0, 2.0, 3.0, 0.0, 6.0, 6.0, 1.0, 1.0, 6.0, 3.0, 4.0, 1.0, -4.0, 3.0, 4.0]","[0.0, 39.0, 18.0, 16.0, 0.0, 40.0, 17.0, 12.0, 14.0, 36.0, 14.0, 12.0, 12.0, -30.0, 13.0, 14.0]"
1,1791633025.6316512,"[-26.981768999999986, 48.34081800000001, 25.40126699999999, 25.489158000000003, -0.08712299999999118, 48.34081800000001, 24.78603000000001, 25.752831000000015, 26.983305, 47.901363, 24.873920999999996, 25.40126699999999, -1.4933790000000045, 130.431012, 64.424871, 51.065439]","[0.0, 5.0, 4.0, 4.0, 0.0, 6.0, 2.0, 1.0, 1.0, 4.0, 1.0, 2.0, 1.0, -4.0, 1.0, 2.0]","[0.0, 35.0, 17.0, 15.0, 0.0, 37.0, 15.0, 13.0, 0.0, 42.0, 14.0, 12.0, 12.0, -29.0, 17.0, 15.0]"
1,1791633025.8575225,"[-28.036461000000003, 50.362311000000005, 26.28017700000001, 26.71963199999999, -0.08712299999999118, 50.27441999999999, 25.840722, 26.895413999999988, 27.950106000000005, 50.97754800000001, 26.016503999999998, 26.368067999999994, -1.4933790000000045, 128.32162799999998, 66.44636400000002, 52.208022]","[0.0, 2.0, 1.0, 2.0, 0.0, 6.0, 3.0, 1.0, 0.0, 7.0, 1.0, 2.0, 1.0, -2.0, 5.0, 3.0]","[3.0, 38.0, 18.0, 16.0, 0.0, 33.0, 15.0, 11.0, 0.0, 34.0, 14.0, 11.0, 14.0, -29.0, 13.0, 14.0]"
1,1791633026.0814633,"[-28.82748000000001, 51.417002999999994, 27.159087, 27.686432999999994, -0.08712299999999118, 52.559585999999996, 27.071196000000015, 27.42276000000001, 29.092689000000007, 52.120131000000015, 26.895413999999988, 27.510650999999996, -1.4933790000000045, 127.003263, 67.58894699999999, 53.174823]","[0.0, 12.0, 1.0, 2.0, 1.0, 2.0, 2.0, 1.0, 1.0, 1.0, 1.0, 4.0, 1.0, 0.0, 3.0, 1.0]","[-8.0, 39.0, 18.0, 15.0, -3.0, 35.0, 13.0, 13.0, -12.0, 40.0, 14.0, 12.0, 12.0, -33.0, 13.0, 14.0]"
1,1791633026.3055446,"[-29.97006300000001, 55.28420700000001, 28.30167, 28.829015999999996, -0.08712299999999118, 55.020534, 28.125888000000003, 28.565343000000013, 30.05949000000001, 54.844752, 28.125888000000003, 28.653233999999998, -1.4933790000000045, 124.80598800000001, 68.555748, 54.14162400000001]","[-1.0, 4.0, 1.0, 1.0, 1.0, 7.0, 1.0, 1.0, 1.0, 10.0, 1.0, 1.0, 1.0, -2.0, 1.0, 2.0]","[0.0, 30.0, 18.0, 15.0, 0.0, 29.0, 15.0, 13.0, 0.0, 29.0, 13.0, 12.0, 12.0, -31.0, 13.0, 14.0]"
1,1791633026.5292351,"[-30.936863999999986, 57.129918, 29.35636199999999, 29.795817, -0.08712299999999118, 57.129918, 29.35636199999999, 29.795817, 31.114182, 56.42679000000001, 29.35636199999999, 29.795817, -1.4933790000000045, 123.22395, 69.43465800000001, 55.196315999999996]","[0.0, 6.0, 2.0, 2.0, 0.0, 5.0, 3.0, 2.0, 0.0, 1.0, 4.0, 4.0, 1.0, 0.0, 1.0, 2.0]","[0.0, 30.0, 17.0, 15.0, 0.0, 29.0, 13.0, 12.0, -6.0, 37.0, 13.0, 11.0, 13.0, -33.0, 13.0, 14.0]"
1,1791633026.7534318,"[-31.991556000000003, 59.327192999999994, 30.498944999999992, 30.850508999999988, 0.0007679999999936626, 59.327192999999994, 30.498944999999992, 31.026291000000015, 32.16887399999999, 56.42679000000001, 30.147380999999996, 30.67472699999999, -1.4933790000000045, 120.235656, 70.665132, 56.25100800000001]","[0.0, 3.0, 1.0, 1.0, 1.0, 6.0, 1.0, 4.0, 1.0, 1.0, 3.0, 5.0, 1.0, -8.0, 3.0, 2.0]","[0.0, 31.0, 16.0, 14.0, -7.0, 30.0, 13.0, 12.0, -14.0, 58.0, 13.0, 11.0, 12.0, -25.0, 12.0, 14.0]"
1,1791633026.97751,"[-32.95835700000001, 61.348686000000015, 31.55363700000001, 31.905201000000005, -0.08712299999999118, 61.788140999999996, 31.641527999999994, 31.99309199999999, 33.04778400000001, 61.436577, 31.202073000000013, 31.729419000000007, -1.4933790000000045, 118.38994500000001, 71.807715, 57.21780900000002]","[0.0, 8.0, 3.0, 2.0, 1.0, 5.0, 1.0, 1.0, 1.0, 13.0, 2.0, 2.0, 1.0, 0.0, 4.0, 2.0]","[0.0, 27.0, 16.0, 15.0, 0.0, 26.0, 13.0, 12.0, 0.0, 27.0, 13.0, 11.0, 13.0, -29.0, 12.0, 14.0]"
1,1791633027.201458,"[-34.013048999999995, 63.897525, 32.608329, 32.959892999999994, 0.0007679999999936626, 64.16119800000001, 32.784110999999996, 32.87200200000001, 34.01458500000001, 63.721743000000004, 32.432547, 31.905201000000005, -1.4933790000000045, 116.016888, 72.86240699999999, 58.272501000000005]","[0.0, 3.0, 1.0, 3.0, 1.0, 7.0, 3.0, 2.0, 0.0, 2.0, 2.0, 1.0, 1.0, -3.0, 2.0, 1.0]","[0.0, 23.0, 16.0, 15.0, -7.0, 21.0, 12.0, 12.0, 0.0, 27.0, 12.0, 15.0, 12.0, -27.0, 12.0, 15.0]"
1,1791633027.4254067,"[-35.06774100000001, 66.182691, 33.750912, 34.01458500000001, -0.08712299999999118, 66.358473, 34.01458500000001, 34.102475999999996, 35.069277, 66.00690900000001, 33.57513, 33.663021000000015, -1.4933790000000045, 113.90750400000002, 73.91709900000001, 59.327192999999994]","[0.0, 6.0, 3.0, 3.0, 1.0, 4.0, 4.0, 3.0, 1.0, 3.0, 3.0, 3.0, 1.0, -1.0, 1.0, 2.0]","[0.0, 20.0, 16.0, 14.0, -2.0, 23.0, 11.0, 12.0, 0.0, 26.0, 12.0, 12.0, 13.0, -24.0, 12.0, 14.0]"
1,1791633027.649346,"[-36.03454199999999, 68.46785700000001, 34.80560399999999, 35.069277, -0.08712299999999118, 68.46785700000001, 34.981386000000015, 35.15716800000001, 36.12396899999999, 68.379966, 34.541931000000005, 34.62982199999999, -1.4933790000000045, 111.534447, 74.971791, 60.38188500000001]","[-1.0, 4.0, 2.0, 4.0, 0.0, 5.0, 3.0, 3.0, 0.0, 8.0, 2.0, 2.0, 1.0, -6.0, 3.0, 3.0]","[-2.0, 23.0, 16.0, 15.0, 0.0, 21.0, 12.0, 11.0, -7.0, 20.0, 12.0, 11.0, 12.0, -21.0, 12.0, 14.0]"
1,1791633027.8701453,"[-37.00134299999999, 70.48935, 35.860296000000005, 35.77240499999999, -0.08712299999999118, 70.840914, 36.21186, 36.036078, 37.00287900000001, 70.57724100000001, 35.68451400000001, 34.717713, -1.4933790000000045, 109.60084499999999, 76.114374, 61.436577]","[0.0, 7.0, 2.0, 6.0, 0.0, 4.0, 4.0, 1.0, 1.0, 4.0, 4.0, 1.0, 1.0, -1.0, 2.0, 2.0]","[0.0, 19.0, 15.0, 15.0, -4.0, 18.0, 11.0, 11.0, 0.0, 22.0, 12.0, 14.0, 12.0, -23.0, 12.0, 14.0]"
1,1791633028.097329,"[-37.968143999999995, 73.12608, 37.178661000000005, 36.82709700000001, -0.08712299999999118, 73.03818900000002, 37.354443, 37.09076999999999, 38.057570999999996, 72.68662499999999, 36.65131500000001, 36.47553300000001, -1.4933790000000045, 107.57935200000003, 77.08117500000003, 62.31548699999999]","[0.0, 3.0, 3.0, 1.0, 1.0, 5.0, 3.0, 2.0, 1.0, 5.0, 1.0, 4.0, 1.0, -6.0, 1.0, 3.0]","[-9.0, 19.0, 15.0, 14.0, -1.0, 19.0, 10.0, 12.0, 0.0, 18.0, 12.0, 11.0, 12.0, -21.0, 11.0, 14.0]"
1,1791633028.318641,"[-38.847053999999986, 75.32335499999999, 38.14546200000001, 37.96968000000001, -0.08712299999999118, 75.32335499999999, 38.40913499999999, 38.057570999999996, 39.024372, 74.796009, 37.881789, 37.354443, -1.4933790000000045, 105.118404, 78.22375799999998, 63.37017900000001]","[0.0, 5.0, 1.0, 2.0, 0.0, 4.0, 2.0, 1.0, 1.0, 2.0, 3.0, 1.0, 1.0, 0.0, 1.0, 1.0]","[-9.0, 17.0, 16.0, 16.0, 0.0, 16.0, 9.0, 11.0, 0.0, 20.0, 11.0, 12.0, 13.0, -20.0, 11.0, 15.0]"
1,1791633028.5452683,"[-40.077528, 77.608521, 39.375935999999996, 38.76069899999999, -0.08712299999999118, 77.69641200000001, 39.63960900000001, 39.28804500000001, 40.07906399999999, 76.72961099999998, 39.024372, 38.497026000000005, -1.4933790000000045, 104.50316700000002, 78.22375799999998, 63.45806999999999]","[0.0, 4.0, 3.0, 3.0, 0.0, 6.0, 2.0, 3.0, 2.0, 6.0, 3.0, 1.0, 1.0, 0.0, 1.0, 1.0]","[0.0, 16.0, 15.0, 16.0, 0.0, 15.0, 11.0, 10.0, 0.0, 19.0, 10.0, 12.0, 13.0, -30.0, 15.0, 17.0]"
1,1791633028.765504,"[-40.95643799999999, 79.80579599999999, 40.43062800000001, 39.72749999999999, -0.08712299999999118, 77.78430300000002, 40.694300999999996, 40.07906399999999, 40.95797400000001, 79.19055900000001, 39.991173, 39.551717999999994, -1.4933790000000045, 104.50316700000002, 78.31164899999999, 63.45806999999999]","[-2.0, 5.0, 3.0, 4.0, 0.0, 1.0, 2.0, 1.0, 1.0, 1.0, 3.0, 3.0, 1.0, 0.0, 1.0, 1.0]","[-9.0, 15.0, 15.0, 16.0, 0.0, 16.0, 9.0, 12.0, 13.0, 19.0, 10.0, 12.0, 12.0, -30.0, 18.0, 21.0]"
1,1791633028.9932923,"[-42.01113000000001, 82.178853, 41.48532, 40.694300999999996, -0.08712299999999118, 77.78430300000002, 41.661102, 40.95797400000001, 41.661102, 81.387834, 41.04586499999999, 40.694300999999996, -1.5812699999999893, 104.59105799999998, 78.31164899999999, 63.45806999999999]","[0.0, 4.0, 1.0, 1.0, 1.0, 1.0, 2.0, 1.0, 0.0, 5.0, 4.0, 4.0, 0.0, 1.0, 1.0, 1.0]","[1.0, 14.0, 15.0, 16.0, 0.0, 17.0, 10.0, 11.0, 14.0, 16.0, 10.0, 11.0, 8.0, 0.0, 9.0, 13.0]"
1,1791633029.214354,"[-43.065822, 84.28823699999998, 42.71579399999999, 41.74899300000001, -0.08712299999999118, 77.78430300000002, 42.71579399999999, 42.10055700000001, 43.06735800000001, 83.76089100000002, 42.10055700000001, 41.573211000000015, -1.5812699999999893, 104.59105799999998, 78.31164899999999, 63.45806999999999]","[0.0, 5.0, 3.0, 3.0, 0.0, 1.0, 2.0, 1.0, 2.0, 4.0, 1.0, 1.0, 1.0, 1.0, 1.0, 1.0]","[0.0, 13.0, 15.0, 16.0, 0.0, 16.0, 11.0, 11.0, 0.0, 16.0, 10.0, 12.0, 9.0, 0.0, 10.0, 14.0]"
1,1791633029.441198,"[-44.032623, 86.661294, 43.59470400000001, 42.891576000000015, -0.08712299999999118, 77.78430300000002, 43.68259499999999, 43.06735800000001, 44.03415899999999, 85.87027499999999, 43.24314000000001, 42.803685, -1.5812699999999893, 104.59105799999998, 78.31164899999999, 63.45806999999999]","[0.0, 5.0, 1.0, 4.0, 0.0, 1.0, 1.0, 1.0, 2.0, 4.0, 1.0, 4.0, 1.0, 1.0, 1.0, 0.0]","[0.0, 13.0, 14.0, 15.0, 0.0, 16.0, 9.0, 11.0, 0.0, 16.0, 10.0, 11.0, 10.0, 0.0, 10.0, 13.0]"
1,1791633029.6652367,"[-45.08731499999999, 88.594896, 44.73728700000001, 43.59470400000001, -0.08712299999999118, 77.78430300000002, 44.56150500000001, 44.209941000000015, 45.00095999999999, 88.24333200000001, 44.297832, 43.770486000000005, -1.5812699999999893, 104.59105799999998, 78.31164899999999, 63.45806999999999]","[0.0, 4.0, 3.0, 2.0, 0.0, 1.0, 1.0, 2.0, 1.0, 3.0, 3.0, 3.0, 0.0, 1.0, 1.0, 0.0]","[0.0, 13.0, 13.0, 15.0, -1.0, 16.0, 9.0, 11.0, -14.0, 14.0, 9.0, 11.0, 9.0, 0.0, 10.0, 13.0]"
1,1791633029.8882153,"[-46.05411599999999, 88.77067799999998, 45.528306000000015, 45.088851000000005, -0.08712299999999118, 77.78430300000002, 45.616197, 45.00095999999999, 45.967760999999996, 88.41911399999998, 45.35252399999999, 45.00095999999999, -1.5812699999999893, 104.59105799999998, 78.31164899999999, 63.45806999999999]","[0.0, 1.0, 1.0, 5.0, 0.0, 1.0, 1.0, 1.0, 1.0, 1.0, 2.0, 2.0, 1.0, 1.0, 1.0, 0.0]","[0.0, 12.0, 15.0, 15.0, -1.0, 16.0, 10.0, 12.0, -12.0, 15.0, 10.0, 10.0, 9.0, 0.0, 10.0, 13.0]"
1,1791633030.1092443,"[-47.020917, 88.77067799999998, 46.67088899999999, 45.967760999999996, -0.08712299999999118, 77.78430300000002, 45.87987000000001, 45.440415, 47.02245300000001, 88.41911399999998, 46.143542999999994, 45.87987000000001, -1.5812699999999893, 104.59105799999998, 78.31164899999999, 63.45806999999999]","[0.0, 0.0, 3.0, 2.0, 0.0, 0.0, 1.0, 1.0, 0.0, 1.0, 1.0, 1.0, 0.0, 1.0, 1.0, 0.0]","[0.0, 12.0, 14.0, 15.0, 0.0, 16.0, 12.0, 12.0, -14.0, 15.0, 9.0, 11.0, 9.0, 0.0, 10.0, 12.0]"
1,1791633030.3369946,"[-47.72404499999999, 88.77067799999998, 47.63768999999999, 47.19823500000001, -0.17501400000000444, 77.69641200000001, 46.407216000000005, 46.05565200000001, 48.077145, 88.41911399999998, 47.37401700000001, 47.110344, -1.5812699999999893, 104.59105799999998, 78.31164899999999, 63.45806999999999]","[0.0, 0.0, 2.0, 1.0, 0.0, 0.0, 1.0, 1.0, 1.0, 0.0, 3.0, 3.0, 0.0, 1.0, 1.0, 0.0]","[-9.0, 13.0, 15.0, 15.0, 9.0, 16.0, 13.0, 14.0, -14.0, 14.0, 9.0, 11.0, 9.0, 0.0, 9.0, 13.0]"
1,1791633030.5580435,"[-49.04240999999999, 88.77067799999998, 48.51660000000001, 48.165036000000015, -0.17501400000000444, 77.69641200000001, 46.407216000000005, 46.582998, 49.043946000000005, 88.41911399999998, 48.165036000000015, 47.901363, -1.5812699999999893, 104.59105799999998, 78.31164899999999, 63.45806999999999]","[0.0, 1.0, 2.0, 1.0, 0.0, 0.0, 1.0, 1.0, 1.0, 0.0, 1.0, 2.0, 0.0, 1.0, 1.0, 0.0]","[0.0, 12.0, 14.0, 15.0, 12.0, 16.0, 17.0, 15.0, -14.0, 14.0, 10.0, 11.0, 9.0, 0.0, 10.0, 13.0]"
1,1791633030.7850666,"[-49.92132000000001, 88.77067799999998, 49.483401000000015, 49.30761899999999, -0.17501400000000444, 77.69641200000001, 46.934562, 47.02245300000001, 50.01074700000001, 88.41911399999998, 49.219728, 48.95605499999999, -1.5812699999999893, 104.59105799999998, 78.31164899999999, 63.45806999999999]","[0.0, 0.0, 2.0, 2.0, 0.0, 0.0, 1.0, 1.0, 1.0, 1.0, 3.0, 1.0, 0.0, 1.0, 1.0, 0.0]","[-8.0, 13.0, 14.0, 14.0, 11.0, 16.0, 20.0, 19.0, -14.0, 13.0, 9.0, 11.0, 9.0, 0.0, 10.0, 12.0]"
1,1791633031.007737,"[-50.88812100000001, 88.85856899999999, 50.538093, 50.538093, -0.17501400000000444, 77.69641200000001, 47.286125999999996, 47.37401700000001, 51.15333000000001, 88.33122300000002, 50.27441999999999, 50.01074700000001, -1.5812699999999893, 104.59105799999998, 78.31164899999999, 63.545961000000005]","[-1.0, 0.0, 3.0, 2.0, 0.0, 0.0, 1.0, 1.0, 1.0, 1.0, 2.0, 2.0, 0.0, 1.0, 1.0, 1.0]","[-9.0, 12.0, 15.0, 13.0, 11.0, 17.0, 24.0, 22.0, -13.0, 13.0, 10.0, 11.0, 6.0, 0.0, 9.0, 6.0]"
1,1791633031.2330556,"[-51.767031, 88.85856899999999, 51.417002999999994, 51.417002999999994, -0.17501400000000444, 77.69641200000001, 47.19823500000001, 47.286125999999996, 52.03224, 88.41911399999998, 51.15333000000001, 50.801766000000015, -1.5812699999999893, 104.59105799999998, 78.31164899999999, 63.45806999999999]","[0.0, 1.0, 3.0, 3.0, 0.0, 1.0, 0.0, 0.0, 0.0, 1.0, 1.0, 3.0, 1.0, 1.0, 1.0, 1.0]","[-9.0, 12.0, 15.0, 13.0, 11.0, 9.0, 10.0, 2.0, 0.0, 14.0, 10.0, 11.0, 9.0, 0.0, 10.0, 7.0]"
1,1791633031.4570155,"[-52.909614000000005, 88.85856899999999, 52.29591300000001, 52.383804, -0.17501400000000444, 77.69641200000001, 47.19823500000001, 47.286125999999996, 53.174823, 88.41911399999998, 52.29591300000001, 51.94434900000002, -1.5812699999999893, 104.59105799999998, 78.31164899999999, 63.45806999999999]","[-3.0, 1.0, 1.0, 1.0, 0.0, 1.0, 0.0, 1.0, 1.0, 0.0, 3.0, 3.0, 0.0, 1.0, 1.0, 1.0]","[-8.0, 12.0, 15.0, 14.0, 12.0, 9.0, 9.0, 5.0, -13.0, 14.0, 10.0, 10.0, 9.0, 0.0, 10.0, 12.0]"
1,1791633031.6782873,"[-53.96430599999999, 88.85856899999999, 53.350605, 53.526387, -0.17501400000000444, 77.69641200000001, 47.19823500000001, 47.37401700000001, 54.053732999999994, 88.41911399999998, 53.174823, 52.999041000000005, -1.5812699999999893, 104.59105799999998, 78.31164899999999, 63.45806999999999]","[-3.0, 1.0, 3.0, 3.0, 1.0, 0.0, 0.0, 0.0, 1.0, 0.0, 1.0, 3.0, 0.0, 1.0, 1.0, 0.0]","[-8.0, 12.0, 14.0, 12.0, 11.0, 9.0, 9.0, 2.0, 0.0, 15.0, 11.0, 11.0, 10.0, 0.0, 10.0, 13.0]"
1,1791633031.9011173,"[-54.491652, 88.85856899999999, 54.317406000000005, 54.22951499999999, -0.17501400000000444, 77.608521, 47.19823500000001, 47.37401700000001, 55.10842500000001, 88.41911399999998, 54.053732999999994, 53.79006000000001, -1.5812699999999893, 104.59105799999998, 78.31164899999999, 63.545961000000005]","[0.0, 0.0, 3.0, 4.0, 1.0, 0.0, 0.0, 0.0, 1.0, 1.0, 2.0, 1.0, 1.0, 1.0, 1.0, 1.0]","[-9.0, 13.0, 15.0, 14.0, 11.0, 10.0, 9.0, 2.0, -12.0, 13.0, 10.0, 11.0, 8.0, 0.0, 10.0, 4.0]"
1,1791633032.125234,"[-55.634235000000004, 88.77067799999998, 55.10842500000001, 55.45998900000001, -0.17501400000000444, 77.608521, 47.19823500000001, 47.286125999999996, 56.075226000000015, 88.41911399999998, 55.196315999999996, 54.93264300000001, -1.5812699999999893, 104.59105799999998, 78.31164899999999, 63.45806999999999]","[-1.0, 0.0, 2.0, 2.0, 1.0, 0.0, 0.0, 0.0, 0.0, 0.0, 2.0, 3.0, 1.0, 1.0, 1.0, 0.0]","[-9.0, 12.0, 15.0, 13.0, 12.0, 10.0, 9.0, 7.0, 0.0, 14.0, 10.0, 11.0, 10.0, 0.0, 10.0, 13.0]"
1,1791633032.3529809,"[-56.425253999999995, 88.77067799999998, 55.89944400000002, 56.338899, -0.17501400000000444, 77.608521, 47.19823500000001, 47.286125999999996, 56.954136000000005, 88.41911399999998, 56.075226000000015, 55.89944400000002, -1.5812699999999893, 104.59105799999998, 78.31164899999999, 63.545961000000005]","[0.0, 0.0, 1.0, 3.0, 1.0, 1.0, 0.0, 0.0, 1.0, 1.0, 2.0, 2.0, 0.0, 1.0, 1.0, 1.0]","[-10.0, 12.0, 16.0, 14.0, 11.0, 9.0, 9.0, 10.0, 0.0, 13.0, 11.0, 11.0, 12.0, 0.0, 9.0, 4.0]"
1,1791633032.574083,"[-57.304164, 88.77067799999998, 56.954136000000005, 57.129918, -0.17501400000000444, 77.608521, 47.19823500000001, 47.286125999999996, 57.92093700000001, 88.41911399999998, 56.86624499999999, 56.86624499999999, -1.5812699999999893, 104.59105799999998, 78.31164899999999, 63.545961000000005]","[-3.0, 0.0, 1.0, 1.0, 1.0, -1.0, 0.0, 0.0, 1.0, 1.0, 1.0, 3.0, 0.0, 1.0, 1.0, 1.0]","[-10.0, 13.0, 16.0, 14.0, 12.0, 10.0, 10.0, 9.0, 0.0, 14.0, 11.0, 12.0, 9.0, 0.0, 10.0, 0.0]"
1,1791633032.799939,"[-58.798311, 88.77067799999998, 58.18460999999999, 58.272501000000005, -0.17501400000000444, 77.69641200000001, 47.19823500000001, 47.286125999999996, 58.975629, 88.41911399999998, 58.008827999999994, 57.92093700000001, -1.5812699999999893, 104.59105799999998, 78.31164899999999, 63.545961000000005]","[-2.0, 0.0, 3.0, 3.0, 1.0, 1.0, 0.0, 1.0, 1.0, 1.0, 2.0, 5.0, 0.0, 1.0, 1.0, 1.0]","[-9.0, 13.0, 15.0, 14.0, 12.0, 10.0, 9.0, 3.0, 0.0, 14.0, 10.0, 11.0, 10.0, 0.0, 10.0, 0.0]"
1,1791633033.0221715,"[-59.32565699999999, 88.85856899999999, 59.67875699999999, 59.23930200000001, -0.17501400000000444, 77.608521, 47.19823500000001, 47.286125999999996, 59.94243, 88.41911399999998, 58.975629, 58.799847, -1.5812699999999893, 104.59105799999998, 78.31164899999999, 63.545961000000005]","[-1.0, 1.0, 2.0, 3.0, 1.0, 0.0, 0.0, 0.0, 1.0, 1.0, 1.0, 1.0, 0.0, 1.0, 1.0, 1.0]","[-11.0, 12.0, 14.0, 14.0, 11.0, 10.0, 9.0, 6.0, 0.0, 14.0, 10.0, 10.0, 10.0, 0.0, 9.0, 0.0]"
1,1791633033.2488267,"[-60.64402199999999, 88.85856899999999, 60.645557999999994, 59.23930200000001, -0.17501400000000444, 77.608521, 47.19823500000001, 47.286125999999996, 60.99712199999999, 88.41911399999998, 60.20610300000001, 58.88773800000001, -1.5812699999999893, 104.59105799999998, 78.31164899999999, 63.545961000000005]","[-2.0, 1.0, 1.0, 1.0, 1.0, 1.0, 0.0, 0.0, 1.0, 1.0, 4.0, 1.0, 0.0, 1.0, 1.0, 1.0]","[-9.0, 13.0, 14.0, 14.0, 12.0, 10.0, 10.0, 9.0, 0.0, 13.0, 11.0, 11.0, 12.0, 0.0, 10.0, 2.0]"
1,1791633033.4699953,"[-61.698713999999995, 88.85856899999999, 61.788140999999996, 59.23930200000001, -0.17501400000000444, 77.608521, 47.19823500000001, 47.37401700000001, 61.963922999999994, 88.41911399999998, 61.348686000000015, 58.88773800000001, -1.5812699999999893, 104.59105799999998, 78.31164899999999, 63.545961000000005]","[0.0, 1.0, 1.0, 1.0, 1.0, 1.0, 0.0, 1.0, 1.0, 1.0, 4.0, 1.0, 1.0, 1.0, 1.0, 0.0]","[-9.0, 12.0, 14.0, 14.0, 11.0, 10.0, 10.0, 1.0, 0.0, 13.0, 9.0, 11.0, 9.0, 0.0, 10.0, 0.0]"
1,1791633033.6933694,"[-62.665515, 88.85856899999999, 62.667051000000015, 59.23930200000001, -0.17501400000000444, 77.608521, 47.19823500000001, 47.286125999999996, 62.84283300000001, 88.41911399999998, 62.31548699999999, 58.88773800000001, -1.5812699999999893, 104.59105799999998, 78.31164899999999, 63.545961000000005]","[-1.0, 1.0, 2.0, 1.0, 1.0, 1.0, 0.0, 0.0, 1.0, 1.0, 1.0, 1.0, 1.0, 1.0, 1.0, 1.0]","[-9.0, 12.0, 14.0, 14.0, 11.0, 11.0, 10.0, 6.0, 14.0, 13.0, 10.0, 11.0, 10.0, 0.0, 10.0, 1.0]"
1,1791633033.9179683,"[-63.720207, 89.21013299999998, 63.80963400000002, 59.23930200000001, -0.17501400000000444, 77.608521, 47.19823500000001, 47.37401700000001, 63.985416000000015, 88.41911399999998, 63.19439700000001, 58.88773800000001, -1.5812699999999893, 104.59105799999998, 78.31164899999999, 63.545961000000005]","[0.0, 3.0, 3.0, 1.0, 1.0, 1.0, 0.0, 1.0, 1.0, 1.0, 1.0, 1.0, 0.0, 1.0, 1.0, 0.0]","[-9.0, 11.0, 14.0, 15.0, 11.0, 9.0, 9.0, 0.0, 0.0, 13.0, 10.0, 11.0, 10.0, 0.0, 10.0, 11.0]"
1,1791633034.1421363,"[-64.86279, 89.21013299999998, 64.68854400000001, 59.23930200000001, -0.17501400000000444, 77.608521, 47.19823500000001, 47.286125999999996, 64.95221699999999, 88.41911399999998, 64.249089, 58.88773800000001, -1.5812699999999893, 104.59105799999998, 78.31164899999999, 63.545961000000005]","[-1.0, 0.0, 1.0, 1.0, 1.0, 0.0, 0.0, 0.0, 1.0, 1.0, 3.0, 1.0, 1.0, 1.0, 1.0, 0.0]","[-8.0, 11.0, 15.0, 14.0, 11.0, 10.0, 9.0, 7.0, 0.0, 14.0, 10.0, 12.0, 10.0, 0.0, 9.0, 11.0]"
1,1791633034.3688383,"[-65.478027, 89.21013299999998, 65.743236, 59.23930200000001, -0.17501400000000444, 77.608521, 47.19823500000001, 47.286125999999996, 65.919018, 88.41911399999998, 65.21589, 58.88773800000001, -1.5812699999999893, 104.59105799999998, 78.31164899999999, 63.45806999999999]","[0.0, 0.0, 3.0, 1.0, 1.0, 0.0, 0.0, 1.0, 1.0, 1.0, 3.0, 1.0, 0.0, 1.0, 1.0, 1.0]","[-9.0, 12.0, 14.0, 15.0, 11.0, 10.0, 10.0, 6.0, 0.0, 14.0, 10.0, 11.0, 9.0, 0.0, 10.0, 10.0]"
1,1791633034.5927646,"[-66.62061, 89.298024, 66.710037, 59.23930200000001, -0.17501400000000444, 77.608521, 47.19823500000001, 47.37401700000001, 66.97371000000001, 88.41911399999998, 66.00690900000001, 58.88773800000001, -1.5812699999999893, 104.59105799999998, 78.31164899999999, 63.545961000000005]","[-1.0, 1.0, 1.0, 1.0, 1.0, 1.0, 0.0, 1.0, 1.0, 1.0, 1.0, 0.0, 0.0, 1.0, 1.0, 1.0]","[-9.0, 10.0, 14.0, 14.0, 12.0, 11.0, 9.0, 1.0, 0.0, 14.0, 10.0, 11.0, 10.0, 0.0, 9.0, 0.0]"
1,1791633034.813215,"[-67.675302, 89.21013299999998, 67.85262, 59.23930200000001, -0.17501400000000444, 77.608521, 47.19823500000001, 47.286125999999996, 67.94051100000001, 88.41911399999998, 66.885819, 58.88773800000001, -1.5812699999999893, 104.59105799999998, 78.31164899999999, 63.45806999999999]","[0.0, 1.0, 3.0, 1.0, 1.0, 0.0, 0.0, 1.0, 2.0, 1.0, 1.0, 0.0, 0.0, 1.0, 1.0, 0.0]","[-9.0, 11.0, 13.0, 15.0, 11.0, 10.0, 9.0, 5.0, 0.0, 13.0, 11.0, 10.0, 10.0, 0.0, 9.0, 5.0]"
1,1791633035.040844,"[-68.55421199999999, 89.298024, 68.73152999999999, 59.23930200000001, -0.17501400000000444, 77.608521, 47.19823500000001, 47.37401700000001, 68.995203, 88.41911399999998, 67.85262, 58.88773800000001, -1.5812699999999893, 104.59105799999998, 78.31164899999999, 63.545961000000005]","[-1.0, 0.0, 1.0, 1.0, 1.0, 0.0, 0.0, 1.0, 2.0, 1.0, 3.0, 1.0, 1.0, 1.0, 1.0, 1.0]","[-10.0, 11.0, 14.0, 14.0, 12.0, 10.0, 10.0, 3.0, 0.0, 13.0, 11.0, 11.0, 10.0, 0.0, 9.0, 0.0]"
1,1791633035.264697,"[-69.521013, 89.298024, 69.61044000000001, 59.23930200000001, -0.17501400000000444, 77.608521, 47.19823500000001, 47.37401700000001, 69.874113, 88.41911399999998, 68.819421, 58.88773800000001, -1.5812699999999893, 104.59105799999998, 78.31164899999999, 63.45806999999999]","[0.0, 0.0, 1.0, 1.0, 1.0, 0.0, 0.0, 0.0, 3.0, 1.0, 2.0, 0.0, 0.0, 1.0, 1.0, 0.0]","[-10.0, 11.0, 14.0, 14.0, 12.0, 10.0, 9.0, 8.0, 14.0, 13.0, 11.0, 10.0, 9.0, 0.0, 10.0, 4.0]"
1,1791633035.48867,"[-70.399923, 89.298024, 70.48935, 59.23930200000001, -0.17501400000000444, 77.608521, 47.19823500000001, 47.286125999999996, 70.75302300000001, 88.41911399999998, 69.61044000000001, 58.975629, -1.5812699999999893, 104.59105799999998, 78.31164899999999, 63.545961000000005]","[0.0, 1.0, 1.0, 1.0, 1.0, 0.0, 0.0, 0.0, 1.0, 1.0, 1.0, 1.0, 0.0, 1.0, 1.0, 1.0]","[-9.0, 11.0, 14.0, 14.0, 12.0, 10.0, 9.0, 7.0, 14.0, 14.0, 12.0, 11.0, 10.0, 0.0, 9.0, 1.0]"
1,1791633035.7119029,"[-71.19094199999999, 89.298024, 71.54404199999999, 59.23930200000001, -0.17501400000000444, 77.608521, 47.19823500000001, 47.37401700000001, 71.807715, 88.41911399999998, 70.57724100000001, 59.151410999999996, -1.5812699999999893, 104.59105799999998, 78.31164899999999, 63.545961000000005]","[0.0, 0.0, 2.0, 1.0, 1.0, 0.0, 0.0, 1.0, 1.0, 1.0, 2.0, 1.0, 0.0, 1.0, 1.0, 1.0]","[-11.0, 11.0, 14.0, 13.0, 11.0, 10.0, 9.0, 1.0, 14.0, 14.0, 11.0, 11.0, 8.0, 0.0, 10.0, 0.0]"
1,1791633035.9366474,"[-72.421416, 89.298024, 72.335061, 59.23930200000001, -0.17501400000000444, 77.608521, 47.19823500000001, 47.37401700000001, 72.68662499999999, 88.41911399999998, 71.71982400000002, 59.151410999999996, -1.5812699999999893, 104.59105799999998, 78.31164899999999, 63.545961000000005]","[-2.0, 1.0, 2.0, 1.0, 1.0, 1.0, 0.0, 1.0, 2.0, 1.0, 2.0, 0.0, 1.0, 1.0, 1.0, 0.0]","[-9.0, 11.0, 15.0, 14.0, 12.0, 10.0, 10.0, 5.0, 13.0, 15.0, 11.0, 11.0, 9.0, 0.0, 11.0, 0.0]"
1,1791633036.16022,"[-73.212435, 89.298024, 73.21397100000002, 59.23930200000001, -0.17501400000000444, 77.608521, 47.19823500000001, 47.37401700000001, 73.74131700000001, 88.41911399999998, 72.07138800000001, 59.151410999999996, -1.5812699999999893, 104.59105799999998, 78.31164899999999, 63.545961000000005]","[0.0, 1.0, 2.0, 1.0, 1.0, 0.0, 0.0, 0.0, 1.0, 1.0, 1.0, 0.0, 0.0, 1.0, 1.0, 1.0]","[-10.0, 11.0, 14.0, 14.0, 11.0, 9.0, 10.0, 0.0, 13.0, 14.0, 14.0, 11.0, 10.0, 0.0, 10.0, 0.0]"
1,1791633036.3833418,"[-73.563999, 89.298024, 74.00498999999999, 59.23930200000001, -0.17501400000000444, 77.608521, 47.19823500000001, 47.286125999999996, 74.53233600000002, 88.41911399999998, 72.42295200000001, 59.06352000000001, -1.5812699999999893, 104.59105799999998, 78.31164899999999, 63.45806999999999]","[0.0, 1.0, 1.0, 1.0, 1.0, 1.0, 0.0, 0.0, 3.0, 1.0, 1.0, 1.0, 1.0, 1.0, 1.0, 1.0]","[-12.0, 11.0, 16.0, 14.0, 11.0, 9.0, 10.0, 9.0, 14.0, 13.0, 16.0, 11.0, 9.0, 0.0, 10.0, 7.0]"
1,1791633036.6086323,"[-73.563999, 89.298024, 74.796009, 59.23930200000001, -0.17501400000000444, 77.608521, 47.19823500000001, 47.37401700000001, 74.620227, 88.41911399999998, 72.774516, 59.06352000000001, -1.5812699999999893, 104.59105799999998, 78.31164899999999, 63.45806999999999]","[0.0, 0.0, 1.0, 1.0, 1.0, 1.0, 0.0, 1.0, 1.0, 1.0, 1.0, 1.0, 0.0, 1.0, 1.0, 0.0]","[-12.0, 11.0, 16.0, 14.0, 11.0, 10.0, 10.0, 0.0, 14.0, 14.0, 19.0, 11.0, 9.0, 0.0, 10.0, 7.0]"
1,1791633036.8325913,"[-73.65189, 89.298024, 75.147573, 59.23930200000001, -0.17501400000000444, 77.608521, 47.19823500000001, 47.37401700000001, 74.620227, 88.41911399999998, 72.774516, 59.06352000000001, -1.5812699999999893, 104.59105799999998, 78.31164899999999, 63.545961000000005]","[0.0, 1.0, 1.0, 1.0, 1.0, 0.0, 0.0, 0.0, 1.0, 1.0, 1.0, 0.0, 0.0, 1.0, 1.0, 1.0]","[-12.0, 10.0, 18.0, 14.0, 12.0, 11.0, 10.0, 3.0, 14.0, 14.0, 26.0, 10.0, 10.0, 0.0, 9.0, 0.0]"
1,1791633037.0536816,"[-73.739781, 89.298024, 75.411246, 59.23930200000001, -0.17501400000000444, 77.608521, 47.19823500000001, 47.37401700000001, 74.620227, 88.50700499999999, 73.21397100000002, 59.06352000000001, -1.5812699999999893, 104.59105799999998, 78.31164899999999, 63.545961000000005]","[0.0, 1.0, 1.0, 1.0, 1.0, 0.0, 0.0, 0.0, 1.0, 1.0, 1.0, 0.0, 1.0, 1.0, 1.0, 1.0]","[-12.0, 11.0, 21.0, 14.0, 11.0, 10.0, 9.0, 6.0, 14.0, 14.0, 28.0, 10.0, 5.0, 0.0, 9.0, 0.0]"
1,1791633037.277557,"[-73.82767199999999, 89.38591500000001, 75.938592, 59.23930200000001, -0.17501400000000444, 77.608521, 47.19823500000001, 47.37401700000001, 74.620227, 88.594896, 73.56553500000001, 59.06352000000001, -1.5812699999999893, 104.59105799999998, 78.31164899999999, 63.545961000000005]","[0.0, 1.0, 1.0, 1.0, 1.0, 1.0, 0.0, 0.0, 1.0, 0.0, 1.0, 0.0, 0.0, 1.0, 1.0, 0.0]","[-11.0, 11.0, 25.0, 14.0, 11.0, 10.0, 9.0, 6.0, 15.0, 13.0, 35.0, 11.0, 9.0, 0.0, 9.0, 2.0]"
1,1791633037.501118,"[-73.915563, 89.47380600000002, 76.37804699999998, 59.23930200000001, -0.17501400000000444, 77.69641200000001, 47.19823500000001, 47.286125999999996, 74.620227, 88.594896, 73.38975300000001, 59.06352000000001, -1.5812699999999893, 104.59105799999998, 78.31164899999999, 63.545961000000005]","[0.0, 1.0, 4.0, 1.0, 1.0, 1.0, 0.0, 0.0, 1.0, 1.0, 0.0, 0.0, 0.0, 1.0, 1.0, 1.0]","[-11.0, 11.0, 29.0, 14.0, 11.0, 10.0, 9.0, 5.0, 13.0, 0.0, 9.0, 0.0, 9.0, 0.0, 10.0, 0.0]"
1,1791633037.7288272,"[-74.003454, 89.47380600000002, 76.64172000000002, 59.151410999999996, -0.17501400000000444, 77.608521, 47.19823500000001, 47.37401700000001, 74.620227, 88.594896, 73.38975300000001, 59.06352000000001, -1.5812699999999893, 104.59105799999998, 78.31164899999999, 63.545961000000005]","[0.0, 1.0, 1.0, 0.0, 1.0, 0.0, 0.0, 1.0, 1.0, 1.0, 0.0, 0.0, 0.0, 1.0, 1.0, 1.0]","[-11.0, 11.0, 32.0, 14.0, 11.0, 9.0, 9.0, 0.0, 14.0, 0.0, 10.0, 0.0, 10.0, 0.0, 10.0, 0.0]"
1,1791633037.9520323,"[-74.003454, 89.47380600000002, 76.55382900000001, 59.151410999999996, -0.17501400000000444, 77.608521, 47.19823500000001, 47.286125999999996, 74.620227, 88.594896, 73.38975300000001, 59.06352000000001, -1.5812699999999893, 104.59105799999998, 78.31164899999999, 63.45806999999999]","[0.0, 0.0, 0.0, 0.0, 1.0, 1.0, 0.0, 1.0, 0.0, 0.0, 0.0, 0.0, 1.0, 1.0, 1.0, 0.0]","[0.0, 10.0, 13.0, 0.0, 12.0, 10.0, 10.0, 5.0, 14.0, 6.0, 9.0, 0.0, 9.0, 0.0, 10.0, 2.0]"
2,1791633039.9685478,"[-0.08712299999999118, -5.096910000000008, -1.229705999999993, -0.17501400000000444, -0.17501400000000444, -5.360582999999991, -0.08712299999999118, -0.2629049999999893, 0.17654999999999177, -5.184800999999993, -1.1418150000000082, 0.26444100000000503, -1.229705999999993, 178.155825, 40.342737, 25.840722]","[0.0, 0.0, 0.0, 1.0, 0.0, 1.0, 1.0, 0.0, 1.0, 1.0, 1.0, 0.0, 1.0, 1.0, 1.0, 0.0]","[0.0, 32.0, 17.0, 13.0, 11.0, 33.0, -2.0, 10.0, -14.0, 34.0, 11.0, -10.0, 12.0, 16.0, -11.0, -15.0]"
2,1791633040.1890647,"[-0.08712299999999118, -5.009018999999995, -1.1418150000000082, 0.08865900000000693, -0.17501400000000444, -4.92112800000001, 0.6160050000000012, -0.08712299999999118, 0.17654999999999177, -5.184800999999993, -1.053923999999995, 0.3523319999999899, -1.229705999999993, 177.892152, 40.518519, 25.928613000000013]","[0.0, 1.0, 1.0, 1.0, 0.0, 1.0, 1.0, 1.0, 1.0, 1.0, 1.0, 1.0, 1.0, 0.0, 1.0, 1.0]","[0.0, 40.0, 19.0, 14.0, 11.0, 44.0, 11.0, 12.0, -14.0, 44.0, 14.0, 10.0, 16.0, -12.0, 11.0, 13.0]"
2,1791633040.4162512,"[-0.08712299999999118, -4.92112800000001, 0.0007679999999936626, 0.528113999999988, -0.17501400000000444, -3.7785450000000083, 1.2312420000000088, 0.3523319999999899, 0.17654999999999177, -4.833236999999997, -0.6144689999999855, 0.6160050000000012, -1.229705999999993, 177.540588, 40.518519, 26.28017700000001]","[0.0, 0.0, 2.0, 1.0, 1.0, 1.0, 1.0, 3.0, 0.0, 1.0, 1.0, 1.0, 1.0, 0.0, 1.0, 2.0]","[0.0, 51.0, 19.0, 16.0, 10.0, 59.0, 11.0, 13.0, -14.0, 51.0, 16.0, 12.0, 19.0, -23.0, 13.0, 15.0]"
2,1791633040.639141,"[-0.08712299999999118, -4.481673000000001, 0.8796780000000126, 1.582806000000005, -0.17501400000000444, -2.108616000000012, 1.846478999999988, 1.4949149999999918, 0.17654999999999177, -4.833236999999997, 0.26444100000000503, 0.6160050000000012, -1.229705999999993, 176.310114, 41.309538, 27.159087]","[0.0, 2.0, 1.0, 1.0, 0.0, 6.0, 1.0, 1.0, 1.0, 1.0, 1.0, 1.0, 1.0, -2.0, 1.0, 1.0]","[0.0, 53.0, 20.0, 16.0, 11.0, 65.0, 12.0, 12.0, -14.0, 63.0, 17.0, 16.0, 28.0, -36.0, 14.0, 15.0]"
2,1791633040.861357,"[-0.08712299999999118, -3.514871999999997, 1.7585880000000031, 2.4617159999999956, -0.17501400000000444, 0.44022300000000314, 2.725389000000007, 2.1980430000000126, 0.17654999999999177, -4.833236999999997, 1.407024000000007, 1.9343700000000013, -1.1418150000000082, 173.14603799999998, 42.188447999999994, 28.125888000000003]","[0.0, 3.0, 1.0, 1.0, 0.0, 6.0, 2.0, 1.0, 1.0, 1.0, 1.0, 5.0, 0.0, -4.0, 1.0, 2.0]","[0.0, 55.0, 19.0, 16.0, 11.0, 58.0, 12.0, 13.0, -14.0, 75.0, 16.0, 14.0, 33.0, -34.0, 14.0, 14.0]"
2,1791633041.0882044,"[-0.08712299999999118, -3.514871999999997, 2.813279999999992, 3.6042989999999975, -0.17501400000000444, 2.0222610000000145, 3.5164080000000126, 3.4285169999999994, 0.17654999999999177, -3.1633080000000007, 2.1980430000000126, 2.98906199999999, -1.1418150000000082, 169.80617999999998, 43.331030999999996, 29.268471000000005]","[0.0, 1.0, 1.0, 4.0, 1.0, 1.0, 1.0, 1.0, 0.0, 1.0, 3.0, 3.0, 1.0, -6.0, 4.0, 3.0]","[0.0, 67.0, 18.0, 16.0, 12.0, 62.0, 13.0, 12.0, -14.0, 65.0, 16.0, 13.0, 37.0, -31.0, 12.0, 14.0]"
2,1791633041.3121312,"[-0.08712299999999118, -1.229705999999993, 3.7800809999999956, 4.483208999999988, -0.17501400000000444, 3.7800809999999956, 4.395318000000003, 4.395318000000003, 0.17654999999999177, -3.1633080000000007, 3.3406260000000145, 4.043754000000007, 0.9675689999999975, 168.487815, 43.41892200000001, 30.147380999999996]","[0.0, 7.0, 4.0, 2.0, 1.0, 1.0, 1.0, 1.0, 0.0, 1.0, 4.0, 1.0, 7.0, 0.0, 1.0, 2.0]","[0.0, 49.0, 20.0, 17.0, 11.0, 65.0, 14.0, 14.0, -14.0, 81.0, 16.0, 13.0, 30.0, -46.0, 17.0, 15.0]"
2,1791633041.5327756,"[-0.08712299999999118, -1.053923999999995, 4.834773000000013, 5.62579199999999, -0.08712299999999118, 6.153138000000013, 5.362119000000007, 5.274227999999994, 0.17654999999999177, -3.1633080000000007, 4.30742699999999, 4.9226639999999975, 2.1101519999999994, 164.620611, 45.528306000000015, 31.202073000000013]","[0.0, 1.0, 3.0, 3.0, 1.0, 2.0, 3.0, 1.0, 0.0, 1.0, 1.0, 2.0, 3.0, -7.0, 5.0, 2.0]","[0.0, 61.0, 19.0, 15.0, 6.0, 59.0, 13.0, 14.0, -14.0, 93.0, 16.0, 14.0, 32.0, -35.0, 13.0, 14.0]"
2,1791633041.7587812,"[-0.08712299999999118, -1.053923999999995, 5.889465000000001, 6.592592999999994, -0.08712299999999118, 7.471503000000013, 5.889465000000001, 6.592592999999994, 0.17654999999999177, 0.3523319999999899, 5.186337000000009, 6.153138000000013, 3.076953000000003, 161.36864400000002, 46.67088899999999, 32.16887399999999]","[0.0, 1.0, 1.0, 1.0, 1.0, 13.0, 6.0, 4.0, 0.0, 8.0, 1.0, 3.0, 1.0, -7.0, 2.0, 1.0]","[0.0, 69.0, 19.0, 15.0, 8.0, 60.0, 14.0, 13.0, -14.0, 57.0, 16.0, 13.0, 33.0, -36.0, 13.0, 15.0]"
2,1791633041.9842227,"[-0.08712299999999118, 1.2312420000000088, 6.153138000000013, 7.471503000000013, -0.17501400000000444, 10.28401500000001, 7.383611999999999, 7.647285000000011, 0.17654999999999177, 0.528113999999988, 6.328920000000011, 7.032048000000003, 4.219536000000005, 158.204568, 47.54979900000001, 33.223566000000005]","[0.0, 1.0, 5.0, 1.0, 1.0, 3.0, 3.0, 4.0, 1.0, 1.0, 1.0, 1.0, 1.0, -3.0, 3.0, 2.0]","[0.0, 56.0, 21.0, 17.0, 9.0, 58.0, 14.0, 12.0, -14.0, 69.0, 16.0, 14.0, 28.0, -32.0, 13.0, 14.0]"
2,1791633042.2068706,"[-0.08712299999999118, 2.2859339999999975, 7.910957999999994, 8.614086000000015, -0.17501400000000444, 11.426598000000013, 8.26252199999999, 8.614086000000015, 0.17654999999999177, 0.528113999999988, 7.207830000000001, 7.998849000000007, 5.450009999999992, 155.304165, 48.428709, 34.36614900000001]","[0.0, 5.0, 2.0, 2.0, 0.0, 1.0, 5.0, 1.0, 1.0, 1.0, 1.0, 3.0, 6.0, -5.0, 2.0, 3.0]","[0.0, 57.0, 19.0, 16.0, 11.0, 66.0, 13.0, 12.0, -14.0, 82.0, 17.0, 14.0, 27.0, -36.0, 13.0, 14.0]"
2,1791633042.4321344,"[-0.08712299999999118, 2.98906199999999, 8.438303999999988, 9.492996000000005, -0.17501400000000444, 13.711763999999988, 9.317214000000007, 9.492996000000005, 0.17654999999999177, 0.528113999999988, 8.350413000000003, 9.053540999999996, 6.416810999999996, 152.40376200000003, 49.571292, 35.33295000000001]","[0.0, 6.0, 1.0, 1.0, 0.0, 8.0, 1.0, 1.0, 1.0, 1.0, 3.0, 1.0, 5.0, -5.0, 1.0, 3.0]","[0.0, 56.0, 22.0, 17.0, 11.0, 57.0, 13.0, 13.0, -14.0, 96.0, 17.0, 14.0, 26.0, -34.0, 12.0, 14.0]"
2,1791633042.656078,"[-0.08712299999999118, 3.076953000000003, 9.844560000000001, 10.635579000000007, -0.17501400000000444, 16.084821000000005, 10.28401500000001, 10.371905999999996, 0.17654999999999177, 3.867972000000009, 8.877758999999998, 9.932451000000015, 6.592592999999994, 150.20648699999998, 50.45020199999999, 36.21186]","[0.0, 1.0, 2.0, 2.0, 1.0, 2.0, 1.0, 1.0, 1.0, 16.0, 5.0, 1.0, 1.0, 0.0, 3.0, 2.0]","[0.0, 71.0, 20.0, 16.0, 8.0, 61.0, 14.0, 14.0, -14.0, 55.0, 17.0, 13.0, 31.0, -43.0, 14.0, 14.0]"
2,1791633042.8798776,"[-0.08712299999999118, 4.9226639999999975, 10.723469999999992, 11.514488999999998, -0.17501400000000444, 18.282095999999996, 10.28401500000001, 11.514488999999998, 0.17654999999999177, 4.746881999999999, 10.108233000000013, 10.89925199999999, 8.701977, 147.04241100000002, 51.59278499999999, 37.354443]","[0.0, 6.0, 4.0, 4.0, 1.0, 4.0, 1.0, 1.0, 1.0, 1.0, 1.0, 1.0, 4.0, -2.0, 3.0, 3.0]","[0.0, 59.0, 20.0, 16.0, 11.0, 55.0, 17.0, 12.0, -14.0, 66.0, 17.0, 14.0, 27.0, -39.0, 12.0, 14.0]"
2,1791633043.1035826,"[-0.08712299999999118, 5.010555000000011, 11.690270999999996, 12.657072, -0.17501400000000444, 20.12780699999999, 12.393398999999988, 12.481290000000001, 0.17654999999999177, 5.9773560000000145, 10.987143000000003, 11.953944000000007, 9.317214000000007, 143.263098, 52.64747700000001, 38.32124400000001]","[0.0, 1.0, 1.0, 3.0, 0.0, 1.0, 4.0, 2.0, 1.0, 1.0, 1.0, 3.0, 1.0, -7.0, 2.0, 1.0]","[0.0, 72.0, 22.0, 15.0, 10.0, 59.0, 12.0, 13.0, -14.0, 61.0, 18.0, 13.0, 29.0, -33.0, 12.0, 14.0]"
2,1791633043.3240788,"[-0.08712299999999118, 7.032048000000003, 12.569181000000015, 13.360199999999992, -0.17501400000000444, 22.237190999999996, 13.272309000000007, 13.623873000000003, 0.17654999999999177, 7.207830000000001, 11.866052999999994, 12.92074500000001, 10.811361000000005, 140.099022, 53.526387, 39.46382700000001]","[0.0, 12.0, 1.0, 3.0, 0.0, 8.0, 1.0, 1.0, 0.0, 1.0, 3.0, 1.0, 1.0, -4.0, 3.0, 1.0]","[0.0, 54.0, 21.0, 16.0, 6.0, 55.0, 13.0, 13.0, -14.0, 60.0, 19.0, 14.0, 25.0, -34.0, 13.0, 15.0]"
2,1791633043.5499532,"[-0.08712299999999118, 8.438303999999988, 13.799655000000001, 14.502782999999994, -0.08712299999999118, 24.78603000000001, 14.327000999999996, 14.502782999999994, 0.17654999999999177, 7.207830000000001, 13.096527000000009, 13.799655000000001, 11.778162000000009, 136.93494600000002, 54.756861000000015, 40.518519]","[0.0, 1.0, 2.0, 2.0, 0.0, 4.0, 1.0, 1.0, 0.0, 0.0, 5.0, 1.0, 1.0, -4.0, 3.0, 3.0]","[0.0, 55.0, 20.0, 17.0, 4.0, 52.0, 14.0, 14.0, -14.0, 74.0, 18.0, 15.0, 27.0, -33.0, 12.0, 13.0]"
2,1791633043.776099,"[-0.08712299999999118, 8.438303999999988, 14.766456000000005, 15.469583999999998, -0.17501400000000444, 25.928613000000013, 15.381693000000013, 15.909039000000007, 0.17654999999999177, 7.2957210000000146, 13.887546000000015, 14.502782999999994, 12.92074500000001, 133.682979, 55.72366199999999, 41.48532]","[0.0, 0.0, 2.0, 3.0, 1.0, 10.0, 0.0, 3.0, 0.0, 2.0, 4.0, 6.0, 2.0, -7.0, 3.0, 3.0]","[0.0, 68.0, 19.0, 17.0, 8.0, 58.0, 14.0, 12.0, -14.0, 77.0, 19.0, 14.0, 23.0, -27.0, 12.0, 14.0]"
2,1791633043.9990716,"[-0.08712299999999118, 10.28401500000001, 15.733257000000009, 16.436385, -0.17501400000000444, 28.829015999999996, 16.524276000000015, 16.787948999999998, 0.17654999999999177, 9.756668999999988, 15.118020000000001, 15.909039000000007, 13.799655000000001, 130.343121, 56.86624499999999, 42.452121000000005]","[0.0, 1.0, 1.0, 2.0, 0.0, 2.0, 3.0, 1.0, 1.0, 1.0, 5.0, 3.0, 2.0, -6.0, 3.0, 2.0]","[0.0, 58.0, 19.0, 16.0, 3.0, 48.0, 13.0, 13.0, -15.0, 65.0, 16.0, 14.0, 25.0, -26.0, 12.0, 13.0]"
2,1791633044.2213614,"[-0.08712299999999118, 10.28401500000001, 16.787948999999998, 17.403186000000005, -0.08712299999999118, 30.23527200000001, 17.666858999999988, 17.930532, 0.17654999999999177, 9.756668999999988, 16.084821000000005, 16.436385, 15.205911000000015, 127.44271800000001, 57.92093700000001, 43.41892200000001]","[0.0, 0.0, 1.0, 4.0, 1.0, 1.0, 4.0, 3.0, 1.0, 1.0, 1.0, 6.0, 4.0, -3.0, 4.0, 1.0]","[0.0, 71.0, 19.0, 17.0, 0.0, 60.0, 13.0, 12.0, -15.0, 79.0, 18.0, 14.0, 23.0, -29.0, 12.0, 14.0]"
2,1791633044.447925,"[-0.08712299999999118, 10.371905999999996, 17.930532, 18.282095999999996, -0.08712299999999118, 32.87200200000001, 18.36998700000001, 18.80944199999999, 0.17654999999999177, 9.756668999999988, 17.227404000000007, 18.018423000000013, 15.733257000000009, 124.718097, 59.06352000000001, 44.38572300000001]","[0.0, 1.0, 1.0, 3.0, 1.0, 8.0, 1.0, 3.0, 0.0, 1.0, 3.0, 4.0, 4.0, -3.0, 1.0, 1.0]","[0.0, 82.0, 19.0, 17.0, 0.0, 53.0, 14.0, 12.0, -15.0, 92.0, 16.0, 14.0, 26.0, -31.0, 12.0, 14.0]"
2,1791633044.670554,"[-0.08712299999999118, 13.008635999999996, 18.897333000000003, 19.336788000000013, -0.08712299999999118, 34.80560399999999, 18.985223999999988, 19.68835200000001, 0.17654999999999177, 10.196123999999998, 18.106313999999998, 18.721551000000005, 17.139512999999994, 122.16925800000001, 60.118212, 45.528306000000015]","[0.0, 4.0, 3.0, 1.0, 1.0, 3.0, 1.0, 1.0, 1.0, 9.0, 1.0, 3.0, 5.0, -1.0, 3.0, 1.0]","[0.0, 61.0, 18.0, 17.0, 0.0, 50.0, 15.0, 12.0, -14.0, 87.0, 17.0, 14.0, 23.0, -33.0, 11.0, 14.0]"
2,1791633044.8958154,"[-0.08712299999999118, 13.096527000000009, 19.952024999999992, 20.39148, -0.08712299999999118, 37.178661000000005, 20.039916000000005, 20.743043999999998, 0.17654999999999177, 14.23911000000001, 19.424678999999998, 20.039916000000005, 18.018423000000013, 118.302054, 61.260795, 46.49510699999999]","[0.0, 2.0, 1.0, 1.0, 1.0, 6.0, 3.0, 1.0, 1.0, 1.0, 2.0, 2.0, 1.0, -4.0, 3.0, 2.0]","[0.0, 72.0, 19.0, 16.0, 0.0, 43.0, 15.0, 12.0, -14.0, 58.0, 15.0, 12.0, 26.0, -26.0, 11.0, 14.0]"
2,1791633045.1169665,"[-0.08712299999999118, 13.096527000000009, 21.00671700000001, 21.534063000000003, -0.08712299999999118, 39.11226300000001, 20.83093500000001, 21.885627, 0.08865900000000693, 14.23911000000001, 20.479371000000015, 21.00671700000001, 19.248897, 114.78641399999998, 62.31548699999999, 47.63768999999999]","[0.0, 1.0, 2.0, 2.0, 1.0, 2.0, 1.0, 4.0, 0.0, 0.0, 1.0, 2.0, 2.0, -6.0, 4.0, 3.0]","[0.0, 84.0, 19.0, 15.0, 0.0, 48.0, 16.0, 11.0, -14.0, 71.0, 16.0, 13.0, 23.0, -25.0, 10.0, 14.0]"
2,1791633045.342587,"[-0.08712299999999118, 15.996929999999992, 22.14930000000001, 22.500864000000007, -0.08712299999999118, 41.309538, 21.885627, 22.852428000000003, 0.17654999999999177, 14.23911000000001, 21.00671700000001, 22.14930000000001, 20.039916000000005, 111.62233800000001, 63.282287999999994, 48.51660000000001]","[0.0, 10.0, 1.0, 3.0, 1.0, 9.0, 1.0, 1.0, 1.0, 0.0, 1.0, 4.0, 10.0, -6.0, 1.0, 2.0]","[0.0, 58.0, 19.0, 16.0, 0.0, 41.0, 16.0, 12.0, -15.0, 86.0, 18.0, 12.0, 21.0, -21.0, 11.0, 14.0]"
2,1791633045.5678384,"[-0.08712299999999118, 16.963730999999996, 22.940318999999988, 22.588754999999992, -0.08712299999999118, 43.24314000000001, 22.588754999999992, 23.819229000000007, 0.17654999999999177, 14.23911000000001, 22.237190999999996, 22.76453699999999, 21.44617199999999, 108.72193500000003, 64.51276200000001, 49.39551]","[0.0, 2.0, 2.0, 1.0, 1.0, 3.0, 1.0, 3.0, 1.0, 1.0, 3.0, 1.0, 1.0, -2.0, 3.0, 1.0]","[0.0, 60.0, 20.0, 18.0, 0.0, 48.0, 15.0, 11.0, -14.0, 101.0, 17.0, 14.0, 20.0, -26.0, 11.0, 14.0]"
2,1791633045.7888727,"[-0.08712299999999118, 16.963730999999996, 23.731337999999994, 24.434466000000015, -0.08712299999999118, 46.23143400000001, 23.555555999999996, 24.78603000000001, 0.17654999999999177, 18.19420500000001, 23.203992, 23.907119999999992, 22.500864000000007, 105.20629500000001, 65.47956300000001, 50.538093]","[0.0, 1.0, 1.0, 2.0, 1.0, 12.0, 3.0, 1.0, 1.0, 17.0, 1.0, 3.0, 3.0, -6.0, 3.0, 3.0]","[0.0, 71.0, 20.0, 16.0, 0.0, 36.0, 16.0, 11.0, -14.0, 53.0, 16.0, 13.0, 21.0, -19.0, 11.0, 14.0]"
2,1791633046.015772,"[-0.08712299999999118, 19.248897, 24.78603000000001, 25.489158000000003, -0.08712299999999118, 47.81347199999999, 24.873920999999996, 25.752831000000015, 0.17654999999999177, 18.985223999999988, 24.346575, 25.313376000000005, 23.291883000000013, 101.95432799999998, 66.710037, 51.50489400000001]","[0.0, 8.0, 1.0, 1.0, 1.0, 3.0, 4.0, 1.0, 1.0, 1.0, 1.0, 4.0, 6.0, -6.0, 2.0, 3.0]","[0.0, 56.0, 20.0, 16.0, 0.0, 42.0, 15.0, 12.0, -14.0, 65.0, 17.0, 12.0, 21.0, -19.0, 11.0, 14.0]"
2,1791633046.2397704,"[-0.08712299999999118, 19.336788000000013, 25.840722, 26.543849999999992, -0.08712299999999118, 49.219728, 25.840722, 26.895413999999988, 0.17654999999999177, 18.985223999999988, 25.489158000000003, 26.192285999999996, 23.907119999999992, 99.58127100000002, 66.79792800000001, 51.76856699999999]","[0.0, 1.0, 1.0, 4.0, 1.0, 1.0, 1.0, 1.0, 1.0, 1.0, 3.0, 1.0, 1.0, 0.0, 0.0, 1.0]","[0.0, 69.0, 20.0, 16.0, 0.0, 51.0, 16.0, 11.0, -14.0, 76.0, 15.0, 13.0, 26.0, -23.0, 12.0, 16.0]"
2,1791633046.4636903,"[-0.08712299999999118, 19.336788000000013, 26.631741000000005, 27.59854200000001, -0.08712299999999118, 52.120131000000015, 27.071196000000015, 27.42276000000001, 0.17654999999999177, 21.182499000000007, 26.10439500000001, 27.42276000000001, 23.907119999999992, 96.32930399999998, 66.79792800000001, 51.856458]","[0.0, 1.0, 1.0, 2.0, 1.0, 9.0, 3.0, 1.0, 1.0, 10.0, 4.0, 3.0, 1.0, -3.0, 0.0, 0.0]","[0.0, 82.0, 21.0, 16.0, 0.0, 37.0, 14.0, 12.0, -14.0, 55.0, 16.0, 12.0, 30.0, -21.0, 16.0, 18.0]"
2,1791633046.6858065,"[-0.08712299999999118, 19.51257000000001, 27.686432999999994, 28.74112500000001, -0.08712299999999118, 54.40529699999999, 28.213778999999988, 28.565343000000013, 0.17654999999999177, 23.203992, 27.510650999999996, 28.477452, 23.995011000000005, 93.428901, 66.710037, 52.208022]","[0.0, 3.0, 2.0, 3.0, 1.0, 4.0, 2.0, 1.0, 1.0, 1.0, 2.0, 1.0, 1.0, -5.0, 0.0, 2.0]","[0.0, 82.0, 20.0, 15.0, 0.0, 37.0, 15.0, 13.0, -15.0, 50.0, 15.0, 13.0, 40.0, -22.0, 25.0, 20.0]"
2,1791633046.907987,"[-0.08712299999999118, 23.46766500000001, 28.653233999999998, 29.620035, -0.08712299999999118, 56.514680999999996, 29.444253000000003, 29.795817, 0.17654999999999177, 23.995011000000005, 28.477452, 29.532143999999988, 23.995011000000005, 93.34100999999998, 66.710037, 52.47169500000001]","[0.0, 4.0, 1.0, 4.0, 1.0, 5.0, 3.0, 2.0, 1.0, 1.0, 2.0, 2.0, 1.0, 1.0, 0.0, 1.0]","[0.0, 54.0, 20.0, 16.0, 0.0, 31.0, 13.0, 11.0, -14.0, 51.0, 17.0, 12.0, 50.0, -23.0, 27.0, 25.0]"
2,1791633047.1356552,"[-0.08712299999999118, 23.46766500000001, 29.707926000000015, 30.762618000000003, -0.08712299999999118, 58.711956000000015, 30.586836000000005, 31.026291000000015, 0.17654999999999177, 23.995011000000005, 29.444253000000003, 30.586836000000005, 23.64344700000001, 93.428901, 66.710037, 52.383804]","[0.0, 1.0, 1.0, 3.0, 1.0, 5.0, 3.0, 4.0, 1.0, 1.0, 2.0, 3.0, 1.0, 1.0, 1.0, 0.0]","[0.0, 67.0, 19.0, 14.0, 0.0, 33.0, 13.0, 12.0, -14.0, 62.0, 15.0, 13.0, 11.0, -9.0, 10.0, 13.0]"
2,1791633047.3595326,"[-0.08712299999999118, 23.46766500000001, 30.67472699999999, 31.729419000000007, 0.0007679999999936626, 61.17290400000002, 31.641527999999994, 31.905201000000005, 0.17654999999999177, 23.995011000000005, 30.23527200000001, 31.465745999999996, 23.64344700000001, 93.428901, 66.710037, 52.383804]","[0.0, 1.0, 1.0, 2.0, 1.0, 5.0, 1.0, 1.0, 1.0, 1.0, 1.0, 1.0, 0.0, 0.0, 1.0, 0.0]","[0.0, 78.0, 21.0, 15.0, -5.0, 28.0, 13.0, 12.0, -14.0, 75.0, 17.0, 13.0, 10.0, -9.0, 9.0, 13.0]"
2,1791633047.583658,"[-0.08712299999999118, 26.807523000000003, 31.729419000000007, 32.784110999999996, -0.08712299999999118, 63.721743000000004, 32.69622000000001, 32.87200200000001, 0.17654999999999177, 27.42276000000001, 31.465745999999996, 32.344656000000015, 23.64344700000001, 93.428901, 66.710037, 52.383804]","[0.0, 11.0, 3.0, 3.0, 1.0, 9.0, 3.0, 2.0, 1.0, 11.0, 3.0, 2.0, 0.0, 0.0, 1.0, 0.0]","[0.0, 44.0, 19.0, 16.0, -3.0, 23.0, 12.0, 11.0, -14.0, 41.0, 16.0, 12.0, 10.0, -10.0, 10.0, 13.0]"
2,1791633047.8076093,"[-0.08712299999999118, 27.774324000000007, 32.959892999999994, 33.83880300000001, -0.08712299999999118, 65.919018, 34.01458500000001, 34.102475999999996, 0.17654999999999177, 28.213778999999988, 32.69622000000001, 33.48723899999999, 23.64344700000001, 93.428901, 66.710037, 52.383804]","[0.0, 3.0, 4.0, 1.0, 0.0, 3.0, 4.0, 4.0, 1.0, 1.0, 3.0, 3.0, 1.0, 1.0, 1.0, 0.0]","[0.0, 50.0, 19.0, 16.0, 0.0, 26.0, 12.0, 12.0, -14.0, 50.0, 16.0, 12.0, 10.0, -8.0, 10.0, 13.0]"
2,1791633048.0285838,"[-0.08712299999999118, 27.862214999999992, 33.83880300000001, 34.893495, 0.0007679999999936626, 67.85262, 34.893495, 35.15716800000001, 0.17654999999999177, 28.653233999999998, 33.57513, 34.45403999999999, 23.64344700000001, 93.428901, 66.710037, 52.383804]","[0.0, 1.0, 1.0, 2.0, 1.0, 3.0, 4.0, 3.0, 1.0, 1.0, 3.0, 3.0, 1.0, 1.0, 1.0, 0.0]","[0.0, 58.0, 19.0, 15.0, -4.0, 22.0, 11.0, 11.0, -14.0, 56.0, 16.0, 12.0, 10.0, -9.0, 10.0, 14.0]"
2,1791633048.2541423,"[-0.08712299999999118, 30.23527200000001, 34.981386000000015, 35.860296000000005, -0.08712299999999118, 70.137786, 36.21186, 36.036078, 0.17654999999999177, 28.653233999999998, 34.717713, 35.15716800000001, 23.64344700000001, 93.428901, 66.710037, 52.383804]","[0.0, 9.0, 3.0, 1.0, 0.0, 4.0, 4.0, 1.0, 1.0, 1.0, 3.0, 1.0, 0.0, 1.0, 1.0, 0.0]","[0.0, 41.0, 17.0, 15.0, 0.0, 23.0, 11.0, 10.0, -14.0, 67.0, 14.0, 13.0, 10.0, -11.0, 10.0, 13.0]"
2,1791633048.476333,"[-0.08712299999999118, 31.202073000000013, 36.21186, 36.739205999999996, 0.0007679999999936626, 72.774516, 37.354443, 37.09076999999999, 0.17654999999999177, 31.114182, 35.596622999999994, 36.387642, 23.64344700000001, 93.428901, 66.710037, 52.383804]","[0.0, 1.0, 4.0, 1.0, 0.0, 9.0, 2.0, 1.0, 1.0, 14.0, 3.0, 3.0, 0.0, 0.0, 1.0, 0.0]","[0.0, 46.0, 18.0, 16.0, -4.0, 18.0, 11.0, 12.0, -14.0, 43.0, 15.0, 13.0, 10.0, -9.0, 9.0, 14.0]"
2,1791633048.7021005,"[-0.08712299999999118, 31.465745999999996, 37.178661000000005, 37.881789, -0.08712299999999118, 75.05968200000001, 38.497026000000005, 38.057570999999996, 0.17654999999999177, 32.69622000000001, 36.739205999999996, 37.26655199999999, 23.64344700000001, 93.428901, 66.710037, 52.383804]","[0.0, 2.0, 1.0, 4.0, 1.0, 3.0, 4.0, 1.0, 1.0, 1.0, 4.0, 1.0, 0.0, 1.0, 1.0, 0.0]","[0.0, 55.0, 18.0, 14.0, 0.0, 18.0, 10.0, 12.0, -14.0, 44.0, 14.0, 12.0, 9.0, -11.0, 10.0, 13.0]"
2,1791633048.9275496,"[-0.08712299999999118, 33.223566000000005, 38.40913499999999, 38.58491699999999, -0.08712299999999118, 76.81750199999999, 39.551717999999994, 39.28804500000001, 0.17654999999999177, 32.784110999999996, 37.79389800000001, 38.497026000000005, 23.64344700000001, 93.428901, 66.710037, 52.383804]","[0.0, 6.0, 2.0, 1.0, 1.0, 3.0, 1.0, 3.0, 1.0, 1.0, 1.0, 4.0, 0.0, 1.0, 1.0, 0.0]","[0.0, 45.0, 17.0, 15.0, -5.0, 20.0, 10.0, 12.0, -14.0, 54.0, 14.0, 12.0, 10.0, -11.0, 9.0, 13.0]"
2,1791633049.1494057,"[-0.08712299999999118, 34.278257999999994, 39.28804500000001, 39.63960900000001, -0.08712299999999118, 79.19055900000001, 40.694300999999996, 40.07906399999999, 0.17654999999999177, 32.784110999999996, 38.936481000000015, 38.936481000000015, 23.64344700000001, 93.428901, 66.710037, 52.383804]","[0.0, 7.0, 1.0, 2.0, 1.0, 7.0, 2.0, 1.0, 1.0, 1.0, 1.0, 5.0, 1.0, 1.0, 1.0, 0.0]","[0.0, 47.0, 18.0, 16.0, 0.0, 16.0, 10.0, 12.0, -14.0, 65.0, 12.0, 12.0, 9.0, -10.0, 10.0, 13.0]"
2,1791633049.375459,"[-0.08712299999999118, 35.596622999999994, 40.518519, 40.694300999999996, -0.08712299999999118, 81.91518000000002, 41.661102, 41.133756000000005, 0.17654999999999177, 35.860296000000005, 39.90328199999999, 40.518519, 23.64344700000001, 93.428901, 66.710037, 52.383804]","[0.0, 2.0, 3.0, 1.0, 1.0, 7.0, 1.0, 4.0, 1.0, 11.0, 2.0, 3.0, 0.0, 0.0, 1.0, 0.0]","[0.0, 44.0, 17.0, 16.0, -2.0, 14.0, 10.0, 11.0, -14.0, 38.0, 13.0, 12.0, 9.0, -9.0, 10.0, 12.0]"
2,1791633049.5994356,"[-0.08712299999999118, 36.387642, 41.74899300000001, 41.661102, -0.17501400000000444, 82.79408999999998, 42.012665999999996, 41.74899300000001, 0.17654999999999177, 37.00287900000001, 41.133756000000005, 41.573211000000015, 23.64344700000001, 93.428901, 66.710037, 52.383804]","[0.0, 1.0, 4.0, 3.0, 0.0, 0.0, 1.0, 1.0, 1.0, 1.0, 3.0, 1.0, 1.0, 1.0, 1.0, 0.0]","[0.0, 47.0, 16.0, 16.0, 11.0, 18.0, 12.0, 13.0, -14.0, 42.0, 13.0, 13.0, 10.0, -9.0, 10.0, 13.0]"
2,1791633049.8228748,"[-0.08712299999999118, 36.914987999999994, 42.627903, 42.803685, -0.2629049999999893, 83.58510899999999, 42.188447999999994, 42.452121000000005, 0.17654999999999177, 37.26655199999999, 42.27633900000001, 42.54001199999999, 23.64344700000001, 93.428901, 66.710037, 52.383804]","[0.0, 4.0, 1.0, 2.0, 0.0, 1.0, 1.0, 1.0, 1.0, 5.0, 3.0, 3.0, 0.0, 1.0, 1.0, 0.0]","[0.0, 46.0, 17.0, 16.0, 11.0, 27.0, 14.0, 13.0, -14.0, 46.0, 12.0, 12.0, 9.0, -5.0, 10.0, 13.0]"
2,1791633050.0462656,"[-0.08712299999999118, 38.497026000000005, 43.770486000000005, 43.506812999999994, -0.35079600000000255, 83.93667299999998, 42.188447999999994, 42.979467, 0.17654999999999177, 37.96968000000001, 43.155249, 43.770486000000005, 23.64344700000001, 93.428901, 66.710037, 52.383804]","[0.0, 3.0, 3.0, 1.0, 1.0, 0.0, 1.0, 1.0, 1.0, 1.0, 1.0, 2.0, 0.0, 0.0, 1.0, 0.0]","[0.0, 46.0, 16.0, 17.0, 12.0, 40.0, 18.0, 14.0, -15.0, 52.0, 13.0, 11.0, 10.0, -10.0, 10.0, 13.0]"
2,1791633050.2706463,"[-0.08712299999999118, 39.991173, 44.91306900000001, 45.00095999999999, -0.35079600000000255, 84.63980099999998, 42.452121000000005, 43.770486000000005, 0.17654999999999177, 37.881789, 44.38572300000001, 44.91306900000001, 23.64344700000001, 93.428901, 66.710037, 52.383804]","[0.0, 5.0, 3.0, 4.0, 0.0, 1.0, 1.0, 1.0, 1.0, 0.0, 3.0, 2.0, 1.0, 1.0, 1.0, 0.0]","[0.0, 39.0, 16.0, 14.0, 12.0, 53.0, 22.0, 16.0, -14.0, 64.0, 12.0, 11.0, 10.0, -10.0, 9.0, 13.0]"
2,1791633050.4953885,"[-0.08712299999999118, 40.342737, 45.791979, 45.87987000000001, -0.35079600000000255, 84.72769199999999, 42.452121000000005, 44.12205, 0.17654999999999177, 41.133756000000005, 45.264633, 45.87987000000001, 23.731337999999994, 93.428901, 66.710037, 52.383804]","[0.0, 1.0, 2.0, 2.0, 0.0, 1.0, 1.0, 1.0, 1.0, 15.0, 3.0, 3.0, 1.0, 1.0, 1.0, 0.0]","[0.0, 45.0, 16.0, 14.0, 12.0, 77.0, 29.0, 18.0, -14.0, 35.0, 12.0, 11.0, 9.0, -8.0, 10.0, 12.0]"
2,1791633050.718736,"[-0.08712299999999118, 41.661102, 46.846671000000015, 47.19823500000001, -0.4386869999999874, 85.43081999999998, 42.452121000000005, 45.17674199999999, 0.17654999999999177, 42.10055700000001, 46.49510699999999, 47.110344, 23.64344700000001, 93.428901, 66.710037, 52.383804]","[0.0, 2.0, 1.0, 1.0, 0.0, 1.0, 1.0, 1.0, 1.0, 1.0, 3.0, 3.0, 1.0, 0.0, 1.0, 0.0]","[0.0, 41.0, 16.0, 15.0, 12.0, 81.0, 36.0, 19.0, -14.0, 41.0, 12.0, 11.0, 11.0, -10.0, 10.0, 13.0]"
2,1791633050.9433784,"[-0.08712299999999118, 43.155249, 47.901363, 48.165036000000015, -0.35079600000000255, 84.46401900000001, 42.27633900000001, 45.17674199999999, 0.17654999999999177, 42.10055700000001, 47.54979900000001, 47.98925399999999, 23.731337999999994, 93.428901, 66.710037, 52.383804]","[0.0, 6.0, 3.0, 1.0, 1.0, 0.0, 0.0, 1.0, 1.0, 1.0, 4.0, 3.0, 1.0, 1.0, 1.0, 0.0]","[0.0, 37.0, 16.0, 14.0, 8.0, 12.0, 10.0, 0.0, -14.0, 52.0, 11.0, 11.0, 9.0, -10.0, 10.0, 13.0]"
2,1791633051.1662242,"[-0.08712299999999118, 44.38572300000001, 48.780272999999994, 49.30761899999999, -0.35079600000000255, 84.46401900000001, 42.27633900000001, 45.17674199999999, 0.17654999999999177, 44.56150500000001, 48.428709, 49.043946000000005, 23.731337999999994, 93.428901, 66.710037, 52.383804]","[0.0, 1.0, 2.0, 2.0, 1.0, 0.0, 0.0, 1.0, 1.0, 7.0, 3.0, 1.0, 1.0, 1.0, 1.0, 0.0]","[0.0, 36.0, 16.0, 14.0, 1.0, 11.0, 10.0, 0.0, -14.0, 33.0, 13.0, 11.0, 10.0, -9.0, 10.0, 12.0]"
2,1791633051.3881357,"[-0.08712299999999118, 45.616197, 49.747074, 50.538093, -0.4386869999999874, 84.46401900000001, 42.27633900000001, 45.17674199999999, 0.26444100000000503, 46.143542999999994, 49.571292, 50.098637999999994, 23.64344700000001, 93.428901, 66.710037, 52.383804]","[0.0, 3.0, 1.0, 3.0, 1.0, 0.0, 0.0, 1.0, 1.0, 2.0, 4.0, 4.0, 0.0, 0.0, 1.0, 0.0]","[0.0, 35.0, 16.0, 14.0, 8.0, 11.0, 9.0, 0.0, -15.0, 31.0, 11.0, 10.0, 11.0, -10.0, 10.0, 13.0]"
2,1791633051.6152515,"[-0.08712299999999118, 45.616197, 50.801766000000015, 51.50489400000001, -0.4386869999999874, 84.46401900000001, 42.27633900000001, 45.17674199999999, 0.17654999999999177, 46.846671000000015, 50.62598400000002, 50.889657, 23.64344700000001, 93.428901, 66.710037, 52.383804]","[0.0, 1.0, 2.0, 3.0, 1.0, 0.0, 0.0, 0.0, 1.0, 0.0, 1.0, 2.0, 0.0, 0.0, 1.0, 0.0]","[0.0, 41.0, 16.0, 13.0, 4.0, 12.0, 9.0, 0.0, -15.0, 34.0, 11.0, 10.0, 10.0, -6.0, 10.0, 14.0]"
2,1791633051.8393013,"[-0.08712299999999118, 47.901363, 51.94434900000002, 52.559585999999996, -0.4386869999999874, 84.46401900000001, 42.27633900000001, 45.17674199999999, 0.17654999999999177, 47.110344, 51.856458, 51.94434900000002, 23.64344700000001, 93.34100999999998, 66.710037, 52.383804]","[0.0, 6.0, 1.0, 3.0, 1.0, 0.0, 0.0, 1.0, 1.0, 3.0, 2.0, 1.0, 0.0, 1.0, 1.0, 0.0]","[0.0, 31.0, 16.0, 14.0, 4.0, 11.0, 10.0, 0.0, -14.0, 41.0, 11.0, 10.0, 10.0, -8.0, 10.0, 12.0]"
2,1791633052.0606842,"[-0.08712299999999118, 48.86816400000001, 52.999041000000005, 53.526387, -0.35079600000000255, 84.46401900000001, 42.27633900000001, 45.17674199999999, 0.17654999999999177, 48.780272999999994, 52.735367999999994, 53.08693199999999, 23.64344700000001, 93.428901, 66.710037, 52.383804]","[0.0, 6.0, 3.0, 1.0, 1.0, 0.0, 0.0, 1.0, 0.0, 5.0, 3.0, 4.0, 0.0, 1.0, 1.0, 0.0]","[0.0, 31.0, 15.0, 14.0, 3.0, 11.0, 9.0, 0.0, -15.0, 32.0, 11.0, 10.0, 10.0, -10.0, 9.0, 13.0]"
2,1791633052.283574,"[-0.08712299999999118, 50.01074700000001, 54.053732999999994, 54.40529699999999, -0.35079600000000255, 84.46401900000001, 42.27633900000001, 45.17674199999999, 0.17654999999999177, 50.62598400000002, 53.877950999999996, 53.877950999999996, 23.64344700000001, 93.428901, 66.710037, 52.383804]","[0.0, 1.0, 4.0, 2.0, 1.0, 0.0, 0.0, 1.0, 0.0, 4.0, 3.0, 2.0, 1.0, 1.0, 1.0, 0.0]","[0.0, 32.0, 15.0, 14.0, 1.0, 11.0, 10.0, 0.0, -14.0, 29.0, 11.0, 11.0, 10.0, -11.0, 10.0, 13.0]"
2,1791633052.511193,"[-0.08712299999999118, 50.27441999999999, 55.196315999999996, 55.635771000000005, -0.4386869999999874, 84.46401900000001, 42.27633900000001, 45.17674199999999, 0.17654999999999177, 51.417002999999994, 54.844752, 55.020534, 23.64344700000001, 93.428901, 66.710037, 52.383804]","[0.0, 1.0, 3.0, 3.0, 0.0, 0.0, 0.0, 1.0, 0.0, 5.0, 2.0, 1.0, 1.0, 1.0, 1.0, 0.0]","[0.0, 37.0, 15.0, 13.0, 11.0, 11.0, 10.0, 0.0, -14.0, 31.0, 11.0, 12.0, 10.0, -11.0, 10.0, 13.0]"
2,1791633052.7351432,"[-0.08712299999999118, 52.120131000000015, 56.163117, 56.42679000000001, -0.35079600000000255, 84.46401900000001, 42.27633900000001, 45.17674199999999, 0.17654999999999177, 51.417002999999994, 55.89944400000002, 55.89944400000002, 23.64344700000001, 93.428901, 66.710037, 52.383804]","[0.0, 8.0, 1.0, 2.0, 1.0, 0.0, 0.0, 1.0, 0.0, 0.0, 3.0, 1.0, 1.0, 0.0, 1.0, 0.0]","[0.0, 29.0, 16.0, 13.0, 1.0, 12.0, 10.0, 0.0, -14.0, 37.0, 10.0, 11.0, 9.0, -10.0, 9.0, 13.0]"
2,1791633052.9567473,"[-0.08712299999999118, 53.526387, 57.21780900000002, 57.393591000000015, -0.4386869999999874, 84.46401900000001, 42.27633900000001, 45.17674199999999, 0.17654999999999177, 52.64747700000001, 56.86624499999999, 56.86624499999999, 23.731337999999994, 93.428901, 66.710037, 52.383804]","[0.0, 1.0, 2.0, 2.0, 1.0, 0.0, 0.0, 1.0, 0.0, 1.0, 1.0, 1.0, 1.0, 0.0, 1.0, 0.0]","[0.0, 29.0, 16.0, 14.0, 2.0, 12.0, 9.0, 0.0, -14.0, 35.0, 11.0, 11.0, 10.0, -9.0, 9.0, 12.0]"
2,1791633053.1831086,"[-0.08712299999999118, 54.756861000000015, 58.448283, 58.448283, -0.35079600000000255, 84.46401900000001, 42.27633900000001, 45.17674199999999, 0.17654999999999177, 52.735367999999994, 57.74515500000001, 58.09671900000001, 23.64344700000001, 93.34100999999998, 66.710037, 52.383804]","[1.0, 1.0, 4.0, 2.0, 0.0, 0.0, 0.0, 1.0, 0.0, 1.0, 1.0, 2.0, 0.0, 1.0, 1.0, 0.0]","[-1.0, 28.0, 14.0, 14.0, 2.0, 12.0, 10.0, 0.0, -14.0, 44.0, 11.0, 12.0, 10.0, -4.0, 10.0, 13.0]"
2,1791633053.406207,"[-0.08712299999999118, 55.635771000000005, 59.590866000000005, 59.23930200000001, -0.4386869999999874, 84.46401900000001, 42.27633900000001, 45.17674199999999, 0.17654999999999177, 55.372097999999994, 58.975629, 58.88773800000001, 23.64344700000001, 93.428901, 66.710037, 52.383804]","[1.0, 1.0, 3.0, 1.0, 0.0, 0.0, 0.0, 1.0, 0.0, 10.0, 3.0, 1.0, 0.0, 1.0, 1.0, 0.0]","[-5.0, 27.0, 14.0, 14.0, 6.0, 11.0, 9.0, 0.0, -15.0, 28.0, 10.0, 11.0, 10.0, -11.0, 10.0, 13.0]"
2,1791633053.6310701,"[0.0007679999999936626, 56.954136000000005, 59.766648, 60.38188500000001, -0.35079600000000255, 84.46401900000001, 42.27633900000001, 45.17674199999999, 0.17654999999999177, 55.987335, 59.151410999999996, 60.030321000000015, 23.64344700000001, 93.428901, 66.710037, 52.383804]","[1.0, 3.0, 1.0, 2.0, 1.0, 0.0, 0.0, 1.0, 0.0, 1.0, 2.0, 1.0, 0.0, 0.0, 1.0, 0.0]","[-2.0, 27.0, 14.0, 13.0, 4.0, 11.0, 9.0, 0.0, -15.0, 32.0, 10.0, 10.0, 10.0, -11.0, 10.0, 13.0]"
2,1791633053.8541086,"[-0.08712299999999118, 57.92093700000001, 59.766648, 61.436577, -0.4386869999999874, 84.46401900000001, 42.27633900000001, 45.17674199999999, 0.17654999999999177, 55.987335, 59.327192999999994, 60.99712199999999, 23.64344700000001, 93.428901, 66.710037, 52.383804]","[0.0, 2.0, 1.0, 2.0, 0.0, 0.0, 0.0, 1.0, 0.0, 1.0, 1.0, 2.0, 1.0, 1.0, 1.0, 0.0]","[0.0, 27.0, 14.0, 13.0, 10.0, 11.0, 10.0, 0.0, -14.0, 41.0, 9.0, 12.0, 10.0, -10.0, 9.0, 13.0]"
2,1791633054.079038,"[-0.08712299999999118, 58.975629, 59.766648, 62.13970499999999, -0.4386869999999874, 84.46401900000001, 42.27633900000001, 45.17674199999999, 0.17654999999999177, 58.18460999999999, 59.41508400000001, 62.05181400000001, 23.64344700000001, 93.428901, 66.710037, 52.383804]","[0.0, 3.0, 1.0, 1.0, 1.0, 0.0, 0.0, 1.0, 0.0, 7.0, 1.0, 3.0, 1.0, 1.0, 1.0, 0.0]","[-2.0, 25.0, 14.0, 14.0, 7.0, 11.0, 10.0, 0.0, -14.0, 30.0, 10.0, 10.0, 10.0, -10.0, 10.0, 13.0]"
2,1791633054.3023655,"[0.0007679999999936626, 59.766648, 59.85453900000002, 63.37017900000001, -0.4386869999999874, 84.46401900000001, 42.27633900000001, 45.17674199999999, 0.17654999999999177, 60.293994, 59.41508400000001, 63.106505999999996, 23.64344700000001, 93.428901, 66.710037, 52.383804]","[1.0, 1.0, 1.0, 2.0, 1.0, 0.0, 0.0, 1.0, 0.0, 3.0, 1.0, 3.0, 1.0, 1.0, 1.0, 0.0]","[-2.0, 26.0, 13.0, 14.0, 8.0, 11.0, 10.0, 0.0, -14.0, 25.0, 10.0, 9.0, 11.0, -10.0, 10.0, 13.0]"
2,1791633054.527017,"[-0.08712299999999118, 60.82133999999999, 59.85453900000002, 64.33698000000001, -0.35079600000000255, 84.46401900000001, 42.27633900000001, 45.17674199999999, 0.17654999999999177, 60.293994, 59.41508400000001, 63.897525, 23.64344700000001, 93.428901, 66.710037, 52.383804]","[0.0, 4.0, 1.0, 2.0, 1.0, 0.0, 0.0, 1.0, 0.0, 1.0, 1.0, 1.0, 0.0, 0.0, 1.0, 0.0]","[0.0, 27.0, 13.0, 13.0, 5.0, 12.0, 9.0, 0.0, -14.0, 32.0, 10.0, 11.0, 10.0, -6.0, 10.0, 13.0]"
2,1791633054.7483742,"[-0.08712299999999118, 62.31548699999999, 59.85453900000002, 65.391672, -0.35079600000000255, 84.46401900000001, 42.27633900000001, 45.17674199999999, 0.17654999999999177, 62.13970499999999, 59.41508400000001, 65.040108, 23.731337999999994, 93.428901, 66.710037, 52.383804]","[1.0, 4.0, 1.0, 2.0, 1.0, 0.0, 0.0, 1.0, 0.0, 4.0, 1.0, 3.0, 0.0, 0.0, 1.0, 0.0]","[-2.0, 22.0, 14.0, 14.0, 2.0, 10.0, 10.0, 0.0, -14.0, 22.0, 9.0, 11.0, 10.0, -10.0, 10.0, 13.0]"
2,1791633054.9725738,"[0.0007679999999936626, 63.282287999999994, 59.85453900000002, 66.358473, -0.4386869999999874, 84.46401900000001, 42.27633900000001, 45.17674199999999, 0.17654999999999177, 63.106505999999996, 59.41508400000001, 66.00690900000001, 23.64344700000001, 93.428901, 66.710037, 52.383804]","[0.0, 1.0, 1.0, 3.0, 1.0, 0.0, 0.0, 1.0, 0.0, 3.0, 1.0, 1.0, 0.0, 0.0, 1.0, 0.0]","[-6.0, 21.0, 15.0, 13.0, 5.0, 12.0, 10.0, 0.0, -15.0, 24.0, 10.0, 10.0, 10.0, -9.0, 10.0, 13.0]"
2,1791633055.198991,"[0.0007679999999936626, 64.33698000000001, 59.85453900000002, 67.501056, -0.4386869999999874, 84.46401900000001, 42.27633900000001, 45.17674199999999, 0.17654999999999177, 64.424871, 59.41508400000001, 67.061601, 23.64344700000001, 93.428901, 66.710037, 52.383804]","[1.0, 1.0, 1.0, 3.0, 1.0, 0.0, 0.0, 1.0, 0.0, 3.0, 1.0, 2.0, 1.0, 0.0, 1.0, 0.0]","[-6.0, 24.0, 14.0, 13.0, 5.0, 12.0, 10.0, 0.0, -14.0, 21.0, 10.0, 10.0, 10.0, -7.0, 10.0, 13.0]"
2,1791633055.421713,"[0.0007679999999936626, 65.30378100000001, 59.85453900000002, 68.46785700000001, -0.4386869999999874, 84.46401900000001, 42.27633900000001, 45.17674199999999, 0.17654999999999177, 65.391672, 59.41508400000001, 68.11629300000001, 23.64344700000001, 93.428901, 66.710037, 52.383804]","[1.0, 6.0, 1.0, 3.0, 1.0, 0.0, 0.0, 1.0, 0.0, 1.0, 1.0, 3.0, 1.0, 0.0, 1.0, 0.0]","[-6.0, 20.0, 13.0, 14.0, 7.0, 12.0, 10.0, 0.0, -14.0, 24.0, 9.0, 11.0, 9.0, -9.0, 10.0, 13.0]"
2,1791633055.6439352,"[-0.08712299999999118, 66.710037, 59.85453900000002, 69.522549, -0.35079600000000255, 84.46401900000001, 42.27633900000001, 45.17674199999999, 0.17654999999999177, 66.182691, 59.41508400000001, 68.819421, 23.64344700000001, 93.428901, 66.710037, 52.383804]","[0.0, 3.0, 1.0, 2.0, 1.0, 0.0, 0.0, 1.0, 0.0, 1.0, 1.0, 1.0, 1.0, 1.0, 1.0, 0.0]","[0.0, 20.0, 14.0, 14.0, 7.0, 11.0, 9.0, 0.0, -15.0, 25.0, 9.0, 11.0, 11.0, -10.0, 10.0, 13.0]"
2,1791633055.8709557,"[-0.08712299999999118, 67.85262, 59.85453900000002, 70.22567699999999, -0.4386869999999874, 84.46401900000001, 42.27633900000001, 45.17674199999999, 0.17654999999999177, 67.501056, 59.41508400000001, 70.04989499999999, 23.64344700000001, 93.428901, 66.710037, 52.383804]","[1.0, 4.0, 1.0, 4.0, 1.0, 0.0, 0.0, 0.0, 0.0, 5.0, 1.0, 4.0, 0.0, 1.0, 1.0, 0.0]","[-2.0, 18.0, 13.0, 13.0, 7.0, 11.0, 9.0, 0.0, -14.0, 21.0, 10.0, 11.0, 9.0, -4.0, 9.0, 12.0]"
2,1791633056.0920198,"[-0.08712299999999118, 68.555748, 59.85453900000002, 71.54404199999999, -0.4386869999999874, 84.46401900000001, 42.27633900000001, 45.17674199999999, 0.17654999999999177, 69.08309400000002, 59.41508400000001, 71.016696, 23.64344700000001, 93.428901, 66.710037, 52.383804]","[1.0, 1.0, 1.0, 3.0, 1.0, 0.0, 0.0, 1.0, 0.0, 3.0, 1.0, 3.0, 0.0, 1.0, 1.0, 0.0]","[-8.0, 20.0, 13.0, 14.0, 5.0, 11.0, 9.0, 0.0, -15.0, 19.0, 9.0, 12.0, 9.0, -11.0, 10.0, 13.0]"
2,1791633056.3188667,"[0.0007679999999936626, 69.78622200000001, 59.85453900000002, 72.42295200000001, -0.4386869999999874, 84.46401900000001, 42.27633900000001, 45.17674199999999, 0.17654999999999177, 69.874113, 59.41508400000001, 72.07138800000001, 23.64344700000001, 93.428901, 66.710037, 52.383804]","[1.0, 4.0, 0.0, 2.0, 0.0, 0.0, 0.0, 1.0, 0.0, 1.0, 1.0, 1.0, 1.0, 0.0, 1.0, 0.0]","[-4.0, 19.0, 13.0, 14.0, 11.0, 12.0, 10.0, 0.0, -14.0, 20.0, 9.0, 10.0, 10.0, -6.0, 10.0, 13.0]"
2,1791633056.5395663,"[0.0007679999999936626, 71.28036900000001, 59.85453900000002, 73.477644, -0.4386869999999874, 84.46401900000001, 42.27633900000001, 45.17674199999999, 0.17654999999999177, 70.75302300000001, 59.41508400000001, 73.03818900000002, 23.64344700000001, 93.428901, 66.710037, 52.383804]","[1.0, 5.0, 1.0, 3.0, 1.0, 0.0, 0.0, 1.0, 0.0, 1.0, 1.0, 2.0, 0.0, 1.0, 1.0, 0.0]","[-7.0, 16.0, 14.0, 13.0, 11.0, 12.0, 9.0, 0.0, -15.0, 20.0, 9.0, 10.0, 10.0, -10.0, 9.0, 13.0]"
2,1791633056.7634714,"[0.0007679999999936626, 72.24717000000001, 59.85453900000002, 74.35655400000002, -0.4386869999999874, 84.46401900000001, 42.27633900000001, 45.17674199999999, 0.17654999999999177, 71.983497, 59.41508400000001, 73.91709900000001, 23.64344700000001, 93.428901, 66.710037, 52.383804]","[1.0, 1.0, 0.0, 1.0, 0.0, 0.0, 0.0, 1.0, 0.0, 3.0, 0.0, 2.0, 1.0, 0.0, 1.0, 0.0]","[-5.0, 17.0, 6.0, 14.0, 8.0, 12.0, 10.0, 0.0, -14.0, 18.0, 10.0, 11.0, 9.0, -10.0, 9.0, 13.0]"
2,1791633056.9881127,"[-0.08712299999999118, 73.38975300000001, 59.94243, 75.411246, -0.4386869999999874, 84.46401900000001, 42.27633900000001, 45.17674199999999, 0.17654999999999177, 73.21397100000002, 59.41508400000001, 74.971791, 23.64344700000001, 93.428901, 66.710037, 52.383804]","[0.0, 3.0, 1.0, 3.0, 1.0, 0.0, 0.0, 1.0, 0.0, 4.0, 1.0, 1.0, 1.0, 1.0, 1.0, 0.0]","[-1.0, 15.0, 0.0, 14.0, 11.0, 11.0, 10.0, 0.0, -14.0, 17.0, 9.0, 11.0, 10.0, -11.0, 10.0, 13.0]"
2,1791633057.211647,"[-0.08712299999999118, 74.35655400000002, 59.94243, 76.465938, -0.4386869999999874, 84.46401900000001, 42.27633900000001, 45.17674199999999, 0.17654999999999177, 74.18077199999999, 59.41508400000001, 75.938592, 23.64344700000001, 93.428901, 66.710037, 52.383804]","[1.0, 1.0, 0.0, 2.0, 1.0, 0.0, 0.0, 0.0, 0.0, 1.0, 0.0, 3.0, 0.0, 0.0, 1.0, 0.0]","[0.0, 16.0, 6.0, 13.0, 11.0, 12.0, 9.0, 0.0, -14.0, 19.0, 10.0, 11.0, 11.0, -11.0, 10.0, 13.0]"
2,1791633057.4360352,"[-0.08712299999999118, 75.587028, 59.94243, 77.34484800000001, -0.4386869999999874, 84.46401900000001, 42.27633900000001, 45.17674199999999, 0.17654999999999177, 74.796009, 59.41508400000001, 76.905393, 23.64344700000001, 93.428901, 66.710037, 52.383804]","[0.0, 1.0, 1.0, 1.0, 0.0, 0.0, 0.0, 1.0, 0.0, 3.0, 1.0, 1.0, 0.0, 1.0, 1.0, 0.0]","[0.0, 15.0, 0.0, 14.0, 10.0, 12.0, 10.0, 0.0, -14.0, 20.0, 9.0, 10.0, 10.0, -10.0, 10.0, 13.0]"
2,1791633057.6616015,"[0.0007679999999936626, 76.72961099999998, 59.94243, 78.39954, -0.4386869999999874, 84.46401900000001, 42.27633900000001, 45.17674199999999, 0.17654999999999177, 74.796009, 59.41508400000001, 77.96008499999999, 23.64344700000001, 93.428901, 66.710037, 52.383804]","[1.0, 3.0, 0.0, 2.0, 0.0, 0.0, 0.0, 1.0, 0.0, 1.0, 0.0, 4.0, 1.0, 0.0, 1.0, 0.0]","[-6.0, 17.0, 1.0, 14.0, 10.0, 12.0, 9.0, 0.0, -15.0, 27.0, 10.0, 10.0, 10.0, -11.0, 10.0, 14.0]"
2,1791633057.8867075,"[-0.08712299999999118, 77.69641200000001, 59.94243, 79.36634099999998, -0.4386869999999874, 84.46401900000001, 42.27633900000001, 45.17674199999999, 0.26444100000000503, 75.49913699999999, 59.41508400000001, 78.48743100000002, 23.64344700000001, 93.428901, 66.710037, 52.383804]","[1.0, 1.0, 1.0, 1.0, 0.0, 0.0, 0.0, 1.0, 1.0, 1.0, 1.0, 5.0, 1.0, 1.0, 1.0, 0.0]","[0.0, 16.0, 0.0, 15.0, 11.0, 12.0, 9.0, 0.0, -15.0, 29.0, 10.0, 12.0, 11.0, -11.0, 10.0, 13.0]"
2,1791633058.10792,"[-0.08712299999999118, 78.83899500000001, 59.94243, 80.245251, -0.4386869999999874, 84.46401900000001, 42.27633900000001, 45.17674199999999, 0.26444100000000503, 76.81750199999999, 59.41508400000001, 79.80579599999999, 23.64344700000001, 93.428901, 66.710037, 52.383804]","[0.0, 2.0, 0.0, 1.0, 1.0, 0.0, 0.0, 1.0, 1.0, 8.0, 0.0, 3.0, 0.0, 0.0, 1.0, 0.0]","[0.0, 15.0, 0.0, 14.0, 10.0, 11.0, 10.0, 0.0, -14.0, 24.0, 10.0, 11.0, 10.0, -7.0, 10.0, 13.0]"
2,1791633058.332456,"[-0.08712299999999118, 80.15735999999998, 59.94243, 81.29994299999998, -0.4386869999999874, 84.46401900000001, 42.27633900000001, 45.17674199999999, 0.26444100000000503, 79.102668, 59.50297499999999, 80.77259700000002, 23.64344700000001, 93.428901, 66.710037, 52.383804]","[0.0, 3.0, 1.0, 3.0, 0.0, 0.0, 0.0, 1.0, 1.0, 2.0, 0.0, 2.0, 1.0, 0.0, 1.0, 0.0]","[-2.0, 14.0, 0.0, 14.0, 7.0, 10.0, 10.0, 0.0, -15.0, 19.0, 9.0, 11.0, 10.0, -10.0, 10.0, 13.0]"
2,1791633058.5586567,"[-0.08712299999999118, 81.29994299999998, 59.94243, 82.35463500000003, -0.4386869999999874, 84.46401900000001, 42.27633900000001, 45.17674199999999, 0.26444100000000503, 79.19055900000001, 59.50297499999999, 81.65150699999998, 23.64344700000001, 93.428901, 66.710037, 52.383804]","[0.0, 3.0, 1.0, 3.0, 0.0, 0.0, 0.0, 1.0, 0.0, 1.0, 0.0, 2.0, 0.0, 0.0, 1.0, 0.0]","[-7.0, 14.0, 0.0, 14.0, 11.0, 11.0, 9.0, 0.0, -15.0, 25.0, 10.0, 11.0, 10.0, -11.0, 10.0, 12.0]"
2,1791633058.7791655,"[-0.08712299999999118, 82.26674400000002, 59.94243, 83.23354499999999, -0.4386869999999874, 84.46401900000001, 42.27633900000001, 45.17674199999999, 0.26444100000000503, 80.77259700000002, 59.50297499999999, 82.79408999999998, 23.64344700000001, 93.428901, 66.710037, 52.383804]","[0.0, 3.0, 1.0, 1.0, 1.0, 0.0, 0.0, 1.0, 0.0, 6.0, 0.0, 2.0, 1.0, 0.0, 1.0, 0.0]","[-1.0, 13.0, 0.0, 14.0, 9.0, 11.0, 10.0, 0.0, -15.0, 19.0, 10.0, 10.0, 10.0, -10.0, 10.0, 12.0]"
2,1791633059.0036633,"[0.0007679999999936626, 83.40932700000002, 59.94243, 84.11245500000001, -0.4386869999999874, 84.46401900000001, 42.27633900000001, 45.17674199999999, 0.3523319999999899, 82.178853, 59.50297499999999, 83.93667299999998, 23.64344700000001, 93.428901, 66.710037, 52.383804]","[1.0, 2.0, 1.0, 1.0, 1.0, 0.0, 0.0, 0.0, 0.0, 3.0, 1.0, 4.0, 0.0, 1.0, 1.0, 0.0]","[-4.0, 14.0, 0.0, 15.0, 11.0, 12.0, 9.0, 0.0, -15.0, 18.0, 9.0, 11.0, 10.0, -11.0, 9.0, 13.0]"
2,1791633059.230423,"[-0.08712299999999118, 84.55191000000002, 59.94243, 85.34292900000003, -0.4386869999999874, 84.46401900000001, 42.27633900000001, 45.17674199999999, 0.26444100000000503, 82.96987200000001, 59.50297499999999, 84.815583, 23.64344700000001, 93.428901, 66.710037, 52.383804]","[0.0, 3.0, 1.0, 2.0, 0.0, 0.0, 0.0, 1.0, 0.0, 1.0, 1.0, 3.0, 1.0, 1.0, 1.0, 0.0]","[0.0, 13.0, 0.0, 14.0, 6.0, 11.0, 9.0, 0.0, -15.0, 19.0, 9.0, 11.0, 10.0, -10.0, 10.0, 13.0]"
2,1791633059.453631,"[-0.08712299999999118, 85.60660200000001, 59.94243, 86.30973, -0.4386869999999874, 84.46401900000001, 42.27633900000001, 45.17674199999999, 0.3523319999999899, 84.024564, 59.50297499999999, 85.78238399999998, 23.64344700000001, 93.428901, 66.710037, 52.383804]","[1.0, 3.0, 1.0, 4.0, 1.0, 0.0, 0.0, 1.0, 1.0, 1.0, 1.0, 4.0, 0.0, 1.0, 1.0, 0.0]","[-3.0, 13.0, 0.0, 14.0, 1.0, 11.0, 10.0, 0.0, -15.0, 19.0, 10.0, 11.0, 11.0, -10.0, 10.0, 12.0]"
2,1791633059.6773486,"[0.0007679999999936626, 86.661294, 59.94243, 87.36442199999999, -0.4386869999999874, 84.46401900000001, 42.27633900000001, 45.17674199999999, 0.3523319999999899, 84.99136500000003, 59.50297499999999, 86.661294, 23.64344700000001, 93.428901, 66.710037, 52.383804]","[1.0, 1.0, 1.0, 2.0, 1.0, 0.0, 0.0, 1.0, 1.0, 4.0, 1.0, 1.0, 1.0, 0.0, 1.0, 0.0]","[-2.0, 13.0, 0.0, 13.0, 12.0, 12.0, 9.0, 0.0, -14.0, 21.0, 10.0, 14.0, 10.0, -7.0, 10.0, 13.0]"
2,1791633059.9025464,"[-0.08712299999999118, 87.54020400000002, 59.94243, 88.24333200000001, -0.4386869999999874, 84.46401900000001, 42.27633900000001, 45.17674199999999, 0.3523319999999899, 86.39762100000002, 59.50297499999999, 87.54020400000002, 23.64344700000001, 93.428901, 66.710037, 52.383804]","[0.0, 4.0, 1.0, 3.0, 1.0, 0.0, 0.0, 1.0, 1.0, 5.0, 1.0, 2.0, 0.0, 0.0, 1.0, 0.0]","[0.0, 13.0, 0.0, 13.0, 12.0, 11.0, 9.0, 0.0, -15.0, 18.0, 9.0, 13.0, 11.0, -10.0, 10.0, 13.0]"
2,1791633060.1265144,"[-0.08712299999999118, 88.41911399999998, 59.94243, 88.94646, -0.4386869999999874, 84.46401900000001, 42.27633900000001, 45.17674199999999, 0.3523319999999899, 87.54020400000002, 59.50297499999999, 88.594896, 23.64344700000001, 93.428901, 66.710037, 52.383804]","[0.0, 3.0, 1.0, 3.0, 0.0, 0.0, 0.0, 1.0, 1.0, 4.0, 1.0, 3.0, 1.0, 0.0, 1.0, 0.0]","[0.0, 13.0, 0.0, 14.0, 11.0, 11.0, 10.0, 0.0, -15.0, 16.0, 9.0, 13.0, 10.0, -3.0, 10.0, 13.0]"
2,1791633060.3506505,"[-0.08712299999999118, 89.91326099999998, 59.94243, 89.21013299999998, -0.35079600000000255, 84.46401900000001, 42.27633900000001, 45.17674199999999, 0.3523319999999899, 88.594896, 59.50297499999999, 88.594896, 23.64344700000001, 93.428901, 66.710037, 52.383804]","[0.0, 4.0, 1.0, 1.0, 0.0, 0.0, 0.0, 1.0, 1.0, 3.0, 1.0, 1.0, 0.0, 1.0, 1.0, 0.0]","[0.0, 12.0, 0.0, 14.0, 8.0, 12.0, 10.0, 0.0, -14.0, 16.0, 10.0, 11.0, 9.0, -10.0, 10.0, 12.0]"
2,1791633060.5745971,"[-0.08712299999999118, 90.70427999999998, 59.94243, 89.21013299999998, -0.4386869999999874, 84.46401900000001, 42.27633900000001, 45.17674199999999, 0.3523319999999899, 89.38591500000001, 59.50297499999999, 88.594896, 23.64344700000001, 93.428901, 66.710037, 52.383804]","[0.0, 1.0, 1.0, 1.0, 0.0, 0.0, 0.0, 1.0, 0.0, 1.0, 1.0, 1.0, 0.0, 1.0, 1.0, 0.0]","[0.0, 12.0, 0.0, 14.0, 11.0, 12.0, 10.0, 0.0, -15.0, 18.0, 9.0, 11.0, 11.0, -11.0, 9.0, 13.0]"
2,1791633060.7961748,"[-0.08712299999999118, 92.11053600000002, 59.94243, 89.21013299999998, -0.4386869999999874, 84.46401900000001, 42.27633900000001, 45.17674199999999, 0.3523319999999899, 90.52849800000001, 59.50297499999999, 88.594896, 23.64344700000001, 93.428901, 66.710037, 52.383804]","[0.0, 4.0, 1.0, 1.0, 0.0, 0.0, 0.0, 1.0, 1.0, 2.0, 1.0, 1.0, 0.0, 1.0, 1.0, 0.0]","[0.0, 12.0, 0.0, 15.0, 9.0, 11.0, 9.0, 0.0, -14.0, 17.0, 9.0, 13.0, 9.0, -10.0, 9.0, 13.0]"
2,1791633061.0192573,"[-0.08712299999999118, 93.16522800000001, 59.94243, 89.21013299999998, -0.35079600000000255, 84.46401900000001, 42.27633900000001, 45.17674199999999, 0.3523319999999899, 91.31951700000002, 59.50297499999999, 88.594896, 23.64344700000001, 93.34100999999998, 66.710037, 52.383804]","[0.0, 3.0, 1.0, 1.0, 1.0, 0.0, 0.0, 1.0, 1.0, 1.0, 1.0, 1.0, 0.0, 0.0, 1.0, 0.0]","[0.0, 11.0, 0.0, 14.0, 8.0, 12.0, 10.0, 0.0, -15.0, 18.0, 8.0, 12.0, 10.0, -8.0, 10.0, 13.0]"
2,1791633061.2427125,"[-0.08712299999999118, 94.30781100000002, 59.94243, 89.21013299999998, -0.4386869999999874, 84.46401900000001, 42.27633900000001, 45.17674199999999, 0.3523319999999899, 92.286318, 59.50297499999999, 88.594896, 23.64344700000001, 93.428901, 66.710037, 52.383804]","[0.0, 4.0, 1.0, 1.0, 1.0, 0.0, 0.0, 1.0, 1.0, 2.0, 1.0, 1.0, 0.0, 1.0, 1.0, 0.0]","[0.0, 11.0, 0.0, 15.0, 11.0, 11.0, 10.0, 0.0, -14.0, 17.0, 9.0, 12.0, 10.0, -10.0, 9.0, 13.0]"
3,1791633063.262524,"[-0.08712299999999118, -5.096910000000008, -1.1418150000000082, -0.2629049999999893, -0.17501400000000444, -5.4484740000000045, 0.0007679999999936626, -0.2629049999999893, 0.08865900000000693, -5.272692000000006, -1.1418150000000082, 0.08865900000000693, -2.0207249999999988, 178.243716, 40.254846000000015, 25.928613000000013]","[0.0, 1.0, 0.0, 0.0, 1.0, 1.0, 0.0, 1.0, 1.0, 1.0, 1.0, 0.0, 0.0, 1.0, 0.0, 0.0]","[0.0, 33.0, 16.0, 13.0, 11.0, 35.0, -10.0, 11.0, -14.0, 36.0, 11.0, -10.0, 15.0, 17.0, -11.0, -15.0]"
3,1791633063.484091,"[-0.6144689999999855, -4.833236999999997, -0.790251000000012, -0.08712299999999118, -0.17501400000000444, -4.92112800000001, 0.7038960000000145, -0.08712299999999118, 0.7038960000000145, -4.92112800000001, -1.053923999999995, 0.26444100000000503, -2.0207249999999988, 177.892152, 40.43062800000001, 25.928613000000013]","[-1.0, 1.0, 1.0, 1.0, 1.0, 1.0, 1.0, 1.0, 1.0, 0.0, 1.0, 1.0, 0.0, 0.0, 1.0, 1.0]","[-9.0, 48.0, 18.0, 15.0, 11.0, 50.0, 10.0, 12.0, 13.0, 52.0, 16.0, 11.0, 19.0, -13.0, 11.0, 13.0]"
3,1791633063.710243,"[-1.4054879999999912, -3.514871999999997, 0.0007679999999936626, 0.6160050000000012, -0.17501400000000444, -3.690653999999995, 1.2312420000000088, 0.08865900000000693, 1.6706969999999899, -4.833236999999997, -0.6144689999999855, 0.26444100000000503, -2.0207249999999988, 177.62847900000003, 40.60641000000001, 26.368067999999994]","[0.0, 2.0, 2.0, 3.0, 1.0, 1.0, 1.0, 0.0, 1.0, 1.0, 3.0, 1.0, 0.0, 0.0, 1.0, 1.0]","[-10.0, 55.0, 19.0, 15.0, 11.0, 56.0, 11.0, 14.0, 14.0, 75.0, 16.0, 13.0, 26.0, -23.0, 12.0, 14.0]"
3,1791633063.9324381,"[-2.548070999999993, -2.108616000000012, 0.8796780000000126, 1.582806000000005, -0.17501400000000444, -1.6691610000000026, 2.0222610000000145, 1.582806000000005, 2.725389000000007, -2.108616000000012, 0.17654999999999177, 1.0554600000000107, -2.0207249999999988, 176.310114, 41.309538, 27.159087]","[-1.0, 13.0, 1.0, 3.0, 1.0, 6.0, 2.0, 3.0, 3.0, 4.0, 7.0, 1.0, 0.0, -3.0, 3.0, 1.0]","[-9.0, 53.0, 19.0, 16.0, 12.0, 55.0, 12.0, 12.0, 14.0, 64.0, 17.0, 14.0, 32.0, -35.0, 15.0, 15.0]"
3,1791633064.1581593,"[-3.514871999999997, 0.44022300000000314, 1.846478999999988, 2.6374979999999937, -0.17501400000000444, 0.8796780000000126, 2.813279999999992, 2.1980430000000126, 3.7800809999999956, 0.08865900000000693, 1.407024000000007, 1.0554600000000107, -1.1418150000000082, 173.233929, 42.188447999999994, 28.125888000000003]","[-1.0, 1.0, 2.0, 3.0, 1.0, 5.0, 2.0, 1.0, 2.0, 1.0, 3.0, 1.0, 6.0, -3.0, 1.0, 1.0]","[-9.0, 56.0, 20.0, 16.0, 11.0, 54.0, 13.0, 13.0, 13.0, 64.0, 16.0, 17.0, 31.0, -35.0, 14.0, 15.0]"
3,1791633064.3808742,"[-4.481673000000001, 2.3738250000000107, 2.813279999999992, 3.6042989999999975, -0.17501400000000444, 2.4617159999999956, 3.5164080000000126, 3.4285169999999994, 3.7800809999999956, 1.2312420000000088, 1.846478999999988, 3.076953000000003, -0.4386869999999874, 169.80617999999998, 43.24314000000001, 29.268471000000005]","[-2.0, 6.0, 1.0, 1.0, 1.0, 4.0, 3.0, 3.0, 1.0, 1.0, 1.0, 4.0, 1.0, -6.0, 4.0, 3.0]","[-10.0, 52.0, 18.0, 16.0, 11.0, 56.0, 13.0, 12.0, 16.0, 73.0, 17.0, 12.0, 33.0, -30.0, 13.0, 15.0]"
3,1791633064.6062033,"[-5.360582999999991, 3.867972000000009, 3.7800809999999956, 4.483208999999988, -0.17501400000000444, 2.4617159999999956, 4.483208999999988, 4.395318000000003, 5.713683000000003, 4.395318000000003, 3.2527350000000013, 4.043754000000007, 1.2312420000000088, 168.487815, 44.38572300000001, 29.268471000000005]","[0.0, 3.0, 4.0, 1.0, 1.0, 1.0, 2.0, 1.0, 3.0, 9.0, 3.0, 1.0, 4.0, 0.0, 4.0, 0.0]","[-10.0, 61.0, 20.0, 17.0, 11.0, 83.0, 13.0, 14.0, 14.0, 56.0, 15.0, 14.0, 29.0, -46.0, 14.0, 14.0]"
3,1791633064.8279989,"[-6.151601999999997, 5.889465000000001, 4.834773000000013, 5.713683000000003, -0.17501400000000444, 6.504702000000009, 5.362119000000007, 5.274227999999994, 6.504702000000009, 4.746881999999999, 4.30742699999999, 4.834773000000013, 1.7585880000000031, 164.708502, 45.616197, 29.268471000000005]","[-1.0, 4.0, 3.0, 3.0, 1.0, 7.0, 3.0, 2.0, 4.0, 1.0, 1.0, 1.0, 2.0, -9.0, 3.0, 1.0]","[-10.0, 61.0, 20.0, 16.0, 12.0, 50.0, 12.0, 14.0, 14.0, 79.0, 16.0, 15.0, 32.0, -37.0, 13.0, 14.0]"
3,1791633065.053027,"[-7.382076000000012, 8.526195000000001, 5.889465000000001, 6.504702000000009, -0.17501400000000444, 6.592592999999994, 6.328920000000011, 6.592592999999994, 7.5593939999999975, 8.526195000000001, 5.098445999999996, 6.153138000000013, 3.164843999999988, 161.45653500000003, 46.75878, 29.268471000000005]","[-2.0, 3.0, 1.0, 5.0, 1.0, 1.0, 4.0, 4.0, 2.0, 9.0, 5.0, 2.0, 3.0, -8.0, 3.0, -1.0]","[-9.0, 54.0, 19.0, 17.0, 11.0, 78.0, 13.0, 12.0, 14.0, 53.0, 16.0, 13.0, 29.0, -34.0, 12.0, 15.0]"
3,1791633065.2753444,"[-8.348876999999987, 10.196123999999998, 6.592592999999994, 7.735175999999996, -0.17501400000000444, 10.459797000000009, 7.2957210000000146, 7.5593939999999975, 8.614086000000015, 9.668778000000003, 6.328920000000011, 7.119938999999988, 4.219536000000005, 158.204568, 47.54979900000001, 29.35636199999999]","[-1.0, 1.0, 7.0, 1.0, 1.0, 7.0, 2.0, 3.0, 1.0, 1.0, 1.0, 2.0, 1.0, -3.0, 3.0, 0.0]","[-9.0, 61.0, 20.0, 16.0, 11.0, 53.0, 13.0, 13.0, 14.0, 66.0, 16.0, 13.0, 29.0, -37.0, 13.0, 15.0]"
3,1791633065.5021942,"[-9.315677999999991, 12.21761699999999, 7.998849000000007, 8.701977, -0.17501400000000444, 11.338707, 8.174631000000005, 8.614086000000015, 9.492996000000005, 9.668778000000003, 7.207830000000001, 7.910957999999994, 4.219536000000005, 155.47994699999998, 48.34081800000001, 29.268471000000005]","[0.0, 6.0, 3.0, 1.0, 1.0, 7.0, 2.0, 2.0, 2.0, 1.0, 1.0, 4.0, 1.0, -4.0, 1.0, 0.0]","[-10.0, 58.0, 19.0, 17.0, 10.0, 58.0, 14.0, 11.0, 14.0, 95.0, 17.0, 12.0, 36.0, -37.0, 13.0, 15.0]"
3,1791633065.7227404,"[-10.282478999999995, 13.448091000000005, 8.877758999999998, 9.668778000000003, -0.17501400000000444, 14.151218999999998, 9.317214000000007, 9.492996000000005, 10.635579000000007, 12.481290000000001, 8.086739999999992, 9.053540999999996, 6.416810999999996, 152.40376200000003, 49.571292, 29.35636199999999]","[0.0, 5.0, 4.0, 4.0, 1.0, 6.0, 1.0, 1.0, 3.0, 23.0, 1.0, 1.0, 5.0, -5.0, 4.0, 0.0]","[-10.0, 68.0, 22.0, 16.0, 11.0, 54.0, 13.0, 13.0, 14.0, 65.0, 16.0, 14.0, 29.0, -33.0, 12.0, 15.0]"
3,1791633065.9461772,"[-11.073498, 15.733257000000009, 9.932451000000015, 10.723469999999992, -0.17501400000000444, 16.084821000000005, 10.28401500000001, 10.547687999999994, 11.514488999999998, 16.17271199999999, 9.229322999999994, 10.108233000000013, 6.592592999999994, 150.20648699999998, 50.538093, 29.35636199999999]","[-2.0, 8.0, 3.0, 3.0, 1.0, 1.0, 1.0, 3.0, 1.0, 4.0, 1.0, 3.0, 1.0, 0.0, 3.0, 1.0]","[-11.0, 57.0, 19.0, 16.0, 11.0, 60.0, 12.0, 13.0, 14.0, 59.0, 16.0, 14.0, 33.0, -43.0, 13.0, 14.0]"
3,1791633066.1707945,"[-12.216081000000003, 18.106313999999998, 10.89925199999999, 11.514488999999998, -0.17501400000000444, 18.36998700000001, 10.89925199999999, 11.514488999999998, 12.657072, 18.36998700000001, 10.108233000000013, 10.987143000000003, 8.614086000000015, 147.13030200000003, 51.50489400000001, 29.35636199999999]","[0.0, 3.0, 2.0, 5.0, 1.0, 5.0, 7.0, 3.0, 3.0, 6.0, 1.0, 2.0, 5.0, -4.0, 3.0, 1.0]","[-10.0, 59.0, 18.0, 15.0, 11.0, 51.0, 14.0, 13.0, 14.0, 56.0, 16.0, 14.0, 27.0, -42.0, 13.0, 15.0]"
3,1791633066.3940337,"[-13.270772999999991, 20.215698000000003, 11.778162000000009, 12.744963000000013, -0.17501400000000444, 19.952024999999992, 12.21761699999999, 12.393398999999988, 13.623873000000003, 18.457877999999994, 10.987143000000003, 12.041834999999992, 9.229322999999994, 143.35098900000003, 52.559585999999996, 29.35636199999999]","[-2.0, 5.0, 2.0, 2.0, 1.0, 11.0, 1.0, 1.0, 1.0, 1.0, 1.0, 2.0, 5.0, -9.0, 3.0, 1.0]","[-10.0, 58.0, 20.0, 15.0, 11.0, 52.0, 14.0, 13.0, 14.0, 84.0, 19.0, 14.0, 28.0, -33.0, 13.0, 14.0]"
3,1791633066.618509,"[-14.237573999999995, 22.237190999999996, 12.832853999999998, 13.53598199999999, -0.17501400000000444, 22.32508200000001, 13.272309000000007, 13.623873000000003, 14.590674000000007, 22.14930000000001, 11.866052999999994, 12.92074500000001, 10.723469999999992, 140.186913, 53.526387, 29.35636199999999]","[0.0, 2.0, 1.0, 3.0, 1.0, 7.0, 1.0, 1.0, 3.0, 14.0, 1.0, 3.0, 3.0, -4.0, 3.0, 0.0]","[-9.0, 60.0, 20.0, 15.0, 11.0, 50.0, 13.0, 13.0, 14.0, 55.0, 17.0, 13.0, 26.0, -33.0, 12.0, 15.0]"
3,1791633066.846025,"[-15.292266000000012, 23.819229000000007, 13.887546000000015, 14.502782999999994, -0.17501400000000444, 24.78603000000001, 14.327000999999996, 14.502782999999994, 15.733257000000009, 24.434466000000015, 13.448091000000005, 13.799655000000001, 11.690270999999996, 137.198619, 54.58107900000002, 29.35636199999999]","[0.0, 5.0, 1.0, 3.0, 1.0, 4.0, 1.0, 1.0, 2.0, 1.0, 5.0, 0.0, 4.0, -1.0, 3.0, 1.0]","[-10.0, 63.0, 20.0, 17.0, 11.0, 53.0, 13.0, 15.0, 14.0, 58.0, 15.0, 16.0, 27.0, -33.0, 12.0, 15.0]"
3,1791633067.0685697,"[-16.434848999999986, 26.543849999999992, 15.030128999999988, 15.55747500000001, -0.17501400000000444, 26.543849999999992, 15.381693000000013, 15.909039000000007, 16.787948999999998, 26.895413999999988, 13.53598199999999, 14.766456000000005, 12.129726000000005, 133.682979, 55.635771000000005, 29.35636199999999]","[0.0, 10.0, 3.0, 3.0, 1.0, 8.0, 1.0, 3.0, 3.0, 6.0, 1.0, 1.0, 6.0, -6.0, 1.0, 1.0]","[-10.0, 48.0, 19.0, 16.0, 11.0, 52.0, 14.0, 11.0, 13.0, 51.0, 20.0, 15.0, 28.0, -31.0, 13.0, 13.0]"
3,1791633067.2911963,"[-17.40164999999999, 28.74112500000001, 15.909039000000007, 16.524276000000015, -0.17501400000000444, 28.74112500000001, 16.524276000000015, 16.787948999999998, 17.578968000000003, 28.565343000000013, 15.293802, 15.996929999999992, 13.711763999999988, 130.343121, 56.690462999999994, 29.35636199999999]","[0.0, 4.0, 1.0, 3.0, 1.0, 2.0, 1.0, 1.0, 1.0, 0.0, 2.0, 3.0, 2.0, -5.0, 3.0, 1.0]","[-9.0, 53.0, 19.0, 16.0, 11.0, 52.0, 13.0, 12.0, 14.0, 57.0, 15.0, 14.0, 28.0, -26.0, 12.0, 14.0]"
3,1791633067.5179007,"[-18.72001499999999, 31.114182, 17.139512999999994, 17.403186000000005, -0.17501400000000444, 30.323162999999994, 17.315294999999992, 17.75475, 18.633659999999992, 28.653233999999998, 16.524276000000015, 16.787948999999998, 14.85434699999999, 127.44271800000001, 57.833045999999996, 29.35636199999999]","[-2.0, 8.0, 5.0, 2.0, 1.0, 1.0, 7.0, 1.0, 1.0, 0.0, 2.0, 5.0, 5.0, -3.0, 3.0, 1.0]","[-9.0, 44.0, 18.0, 16.0, 11.0, 60.0, 12.0, 12.0, 14.0, 80.0, 16.0, 14.0, 24.0, -31.0, 13.0, 14.0]"
3,1791633067.7418911,"[-19.686815999999993, 32.69622000000001, 18.19420500000001, 18.457877999999994, -0.17501400000000444, 33.04778400000001, 18.36998700000001, 18.80944199999999, 18.80944199999999, 32.959892999999994, 17.49107699999999, 18.018423000000013, 15.381693000000013, 124.80598800000001, 58.975629, 29.35636199999999]","[-2.0, 5.0, 3.0, 3.0, 1.0, 6.0, 1.0, 3.0, 3.0, 14.0, 4.0, 4.0, 1.0, -3.0, 2.0, 1.0]","[-9.0, 51.0, 17.0, 16.0, 11.0, 48.0, 14.0, 12.0, 16.0, 46.0, 15.0, 15.0, 27.0, -31.0, 12.0, 15.0]"
3,1791633067.963354,"[-20.653616999999997, 35.15716800000001, 19.248897, 19.51257000000001, -0.17501400000000444, 34.893495, 18.985223999999988, 19.68835200000001, 20.655153000000013, 33.13567499999999, 18.545769000000007, 18.897333000000003, 15.55747500000001, 122.16925800000001, 59.85453900000002, 29.35636199999999]","[-1.0, 7.0, 2.0, 2.0, 1.0, 3.0, 1.0, 1.0, 1.0, 1.0, 1.0, 1.0, 1.0, -2.0, 1.0, 1.0]","[-9.0, 43.0, 18.0, 16.0, 12.0, 53.0, 15.0, 12.0, 14.0, 71.0, 16.0, 15.0, 26.0, -34.0, 13.0, 14.0]"
3,1791633068.1885211,"[-21.7962, 36.82709700000001, 20.39148, 20.39148, -0.17501400000000444, 37.26655199999999, 20.039916000000005, 20.743043999999998, 21.709845, 35.68451400000001, 19.424678999999998, 20.039916000000005, 15.55747500000001, 118.38994500000001, 60.909231000000005, 29.35636199999999]","[0.0, 4.0, 4.0, 1.0, 1.0, 6.0, 3.0, 1.0, 1.0, 23.0, 1.0, 2.0, 1.0, -4.0, 2.0, 1.0]","[-9.0, 45.0, 17.0, 16.0, 11.0, 42.0, 15.0, 13.0, 14.0, 52.0, 16.0, 13.0, 27.0, -28.0, 12.0, 15.0]"
3,1791633068.4138572,"[-22.850891999999988, 39.28804500000001, 21.534063000000003, 21.709845, -0.17501400000000444, 39.11226300000001, 20.83093500000001, 21.797736000000015, 22.412972999999994, 39.11226300000001, 20.918825999999996, 21.182499000000007, 15.55747500000001, 114.78641399999998, 61.963922999999994, 29.35636199999999]","[-2.0, 4.0, 3.0, 3.0, 0.0, 3.0, 1.0, 4.0, 1.0, 2.0, 3.0, 3.0, 1.0, -5.0, 3.0, 1.0]","[-9.0, 47.0, 17.0, 15.0, 11.0, 50.0, 15.0, 12.0, 14.0, 46.0, 13.0, 13.0, 28.0, -25.0, 12.0, 14.0]"
3,1791633068.6375093,"[-23.905584000000005, 41.39742899999999, 22.500864000000007, 22.588754999999992, -0.08712299999999118, 41.573211000000015, 21.885627, 22.76453699999999, 23.819229000000007, 41.92477500000001, 21.621953999999988, 22.32508200000001, 15.55747500000001, 111.62233800000001, 62.754942, 29.35636199999999]","[0.0, 4.0, 1.0, 1.0, 1.0, 9.0, 2.0, 1.0, 5.0, 8.0, 4.0, 3.0, 1.0, -6.0, 6.0, 1.0]","[-9.0, 46.0, 17.0, 16.0, 1.0, 41.0, 16.0, 12.0, 13.0, 39.0, 15.0, 13.0, 27.0, -23.0, 13.0, 14.0]"
3,1791633068.8618062,"[-24.87238500000001, 43.41892200000001, 23.379773999999998, 23.379773999999998, -0.08712299999999118, 43.85837699999999, 22.588754999999992, 23.819229000000007, 24.873920999999996, 42.10055700000001, 23.02821, 22.32508200000001, 15.55747500000001, 108.72193500000003, 64.073307, 29.35636199999999]","[-1.0, 9.0, 1.0, 3.0, 1.0, 4.0, 1.0, 3.0, 1.0, 1.0, 3.0, 1.0, 1.0, -2.0, 3.0, 1.0]","[-9.0, 38.0, 17.0, 17.0, 3.0, 39.0, 16.0, 12.0, 13.0, 62.0, 14.0, 16.0, 27.0, -24.0, 12.0, 15.0]"
3,1791633069.3059118,"[-25.927076999999997, 45.967760999999996, 24.522357, 24.698138999999998, -0.08712299999999118, 46.23143400000001, 23.819229000000007, 24.78603000000001, 25.840722, 46.75878, 23.995011000000005, 24.434466000000015, 15.645365999999996, 105.118404, 64.864326, 29.35636199999999]","[0.0, 0.0, 0.0, 1.0, 1.0, 1.0, 1.0, 1.0, 1.0, 1.0, 1.0, 1.0, 1.0, 1.0, 1.0, 1.0]","[0.0, 41.0, 17.0, 15.0, 0.0, 39.0, 15.0, 12.0, 13.0, 35.0, 15.0, 13.0, 26.0, -21.0, 12.0, 15.0]"
3,1791633069.5311635,"[-26.981768999999986, 48.165036000000015, 25.225484999999992, 25.40126699999999, -0.08712299999999118, 48.252927, 24.522357, 25.752831000000015, 26.983305, 47.19823500000001, 24.873920999999996, 25.313376000000005, 16.348493999999988, 102.04221899999999, 66.09479999999999, 29.35636199999999]","[0.0, 6.0, 3.0, 5.0, 1.0, 3.0, 6.0, 1.0, 1.0, 1.0, 2.0, 5.0, 2.0, -6.0, 3.0, 1.0]","[0.0, 36.0, 18.0, 15.0, 0.0, 38.0, 16.0, 12.0, 0.0, 51.0, 14.0, 12.0, 22.0, -17.0, 12.0, 14.0]"
3,1791633069.7577422,"[-27.94856999999999, 50.362311000000005, 26.28017700000001, 26.71963199999999, -0.08712299999999118, 50.18652900000001, 25.928613000000013, 26.895413999999988, 27.950106000000005, 50.801766000000015, 26.016503999999998, 26.368067999999994, 16.436385, 98.87814300000002, 67.237383, 29.35636199999999]","[0.0, 2.0, 1.0, 2.0, 1.0, 6.0, 2.0, 1.0, 1.0, 11.0, 3.0, 2.0, 1.0, -4.0, 2.0, 1.0]","[0.0, 38.0, 18.0, 15.0, 0.0, 37.0, 14.0, 12.0, 0.0, 32.0, 15.0, 13.0, 23.0, -17.0, 11.0, 15.0]"
3,1791633069.9791865,"[-28.82748000000001, 52.208022, 27.334868999999998, 27.774324000000007, -0.08712299999999118, 52.64747700000001, 27.071196000000015, 27.42276000000001, 29.092689000000007, 52.29591300000001, 26.895413999999988, 27.510650999999996, 16.436385, 95.714067, 68.29207500000001, 29.35636199999999]","[0.0, 9.0, 1.0, 3.0, 1.0, 3.0, 1.0, 1.0, 1.0, 1.0, 1.0, 3.0, 1.0, -1.0, 1.0, 1.0]","[-9.0, 36.0, 18.0, 14.0, 0.0, 32.0, 15.0, 13.0, -12.0, 39.0, 13.0, 12.0, 21.0, -18.0, 11.0, 14.0]"
3,1791633070.2027254,"[-29.97006300000001, 55.10842500000001, 28.30167, 28.829015999999996, -0.08712299999999118, 55.020534, 28.125888000000003, 28.565343000000013, 30.05949000000001, 54.844752, 28.125888000000003, 28.653233999999998, 16.436385, 92.54999099999998, 69.170985, 29.35636199999999]","[-2.0, 2.0, 1.0, 1.0, 1.0, 6.0, 2.0, 1.0, 1.0, 8.0, 1.0, 3.0, 1.0, -4.0, 1.0, 1.0]","[0.0, 33.0, 17.0, 15.0, 0.0, 30.0, 14.0, 12.0, 0.0, 30.0, 13.0, 11.0, 21.0, -17.0, 12.0, 14.0]"
3,1791633070.4295743,"[-30.936863999999986, 57.129918, 29.444253000000003, 29.883708000000013, -0.08712299999999118, 57.129918, 29.444253000000003, 29.795817, 31.026291000000015, 56.42679000000001, 29.35636199999999, 29.795817, 16.436385, 89.82537000000002, 70.313568, 29.35636199999999]","[0.0, 5.0, 4.0, 3.0, 1.0, 5.0, 4.0, 1.0, 1.0, 1.0, 4.0, 4.0, 1.0, -3.0, 4.0, 1.0]","[0.0, 29.0, 17.0, 15.0, 0.0, 34.0, 13.0, 13.0, 0.0, 37.0, 13.0, 11.0, 22.0, -18.0, 11.0, 15.0]"
3,1791633070.6503143,"[-31.991556000000003, 59.23930200000001, 30.498944999999992, 30.850508999999988, -0.08712299999999118, 59.327192999999994, 30.586836000000005, 31.026291000000015, 32.080983, 56.42679000000001, 30.147380999999996, 30.67472699999999, 16.700058000000013, 86.39762100000002, 71.456151, 29.35636199999999]","[-2.0, 3.0, 1.0, 1.0, 1.0, 6.0, 2.0, 4.0, 1.0, 1.0, 3.0, 4.0, 2.0, -6.0, 4.0, 1.0]","[0.0, 29.0, 17.0, 15.0, 0.0, 30.0, 13.0, 11.0, -2.0, 59.0, 13.0, 12.0, 20.0, -16.0, 10.0, 15.0]"
3,1791633070.8743882,"[-32.95835700000001, 61.17290400000002, 31.55363700000001, 31.905201000000005, -0.08712299999999118, 61.788140999999996, 31.817309999999992, 31.905201000000005, 33.04778400000001, 61.436577, 31.114182, 31.729419000000007, 16.700058000000013, 83.321436, 72.42295200000001, 29.444253000000003]","[0.0, 7.0, 3.0, 2.0, 1.0, 5.0, 3.0, 1.0, 1.0, 13.0, 2.0, 2.0, 1.0, -5.0, 1.0, 2.0]","[0.0, 27.0, 16.0, 15.0, 0.0, 27.0, 12.0, 12.0, 0.0, 27.0, 13.0, 11.0, 20.0, -15.0, 11.0, 14.0]"
3,1791633071.0999181,"[-34.013048999999995, 63.897525, 32.69622000000001, 32.959892999999994, -0.08712299999999118, 64.16119800000001, 32.784110999999996, 32.87200200000001, 34.102475999999996, 63.721743000000004, 32.432547, 32.344656000000015, 16.700058000000013, 82.35463500000003, 73.477644, 29.707926000000015]","[0.0, 5.0, 1.0, 3.0, 1.0, 7.0, 3.0, 2.0, 1.0, 3.0, 2.0, 4.0, 1.0, -2.0, 3.0, 1.0]","[0.0, 24.0, 15.0, 15.0, 0.0, 20.0, 12.0, 12.0, -12.0, 27.0, 12.0, 12.0, 21.0, -17.0, 11.0, 14.0]"
3,1791633071.322699,"[-35.06774100000001, 65.919018, 33.750912, 34.01458500000001, -0.08712299999999118, 66.358473, 34.01458500000001, 34.102475999999996, 35.069277, 66.00690900000001, 33.57513, 33.663021000000015, 16.700058000000013, 82.26674400000002, 74.53233600000002, 29.707926000000015]","[0.0, 6.0, 3.0, 3.0, 1.0, 4.0, 4.0, 4.0, 1.0, 3.0, 3.0, 3.0, 1.0, 0.0, 2.0, 1.0]","[0.0, 22.0, 17.0, 13.0, 0.0, 24.0, 11.0, 11.0, 0.0, 25.0, 12.0, 11.0, 21.0, -16.0, 10.0, 14.0]"
3,1791633071.545992,"[-35.946651, 66.182691, 34.717713, 34.981386000000015, -0.08712299999999118, 68.46785700000001, 34.102475999999996, 35.15716800000001, 36.12396899999999, 66.00690900000001, 34.45403999999999, 34.62982199999999, 16.700058000000013, 82.09096199999999, 75.67491900000002, 29.707926000000015]","[0.0, 1.0, 1.0, 2.0, 1.0, 5.0, 1.0, 4.0, 1.0, 1.0, 0.0, 2.0, 1.0, 0.0, 4.0, 1.0]","[-8.0, 23.0, 17.0, 15.0, 0.0, 22.0, 11.0, 11.0, -11.0, 25.0, 12.0, 11.0, 22.0, -15.0, 10.0, 14.0]"
3,1791633071.7707827,"[-37.089234000000005, 66.182691, 35.860296000000005, 35.860296000000005, -0.08712299999999118, 70.75302300000001, 34.102475999999996, 35.94818699999999, 37.00287900000001, 66.00690900000001, 35.33295000000001, 34.717713, 16.700058000000013, 82.09096199999999, 76.55382900000001, 29.707926000000015]","[-1.0, 1.0, 3.0, 0.0, 1.0, 4.0, 1.0, 1.0, 1.0, 1.0, 1.0, 1.0, 1.0, 0.0, 3.0, 1.0]","[8.0, 24.0, 16.0, 15.0, 0.0, 17.0, 11.0, 11.0, 0.0, 26.0, 12.0, 15.0, 20.0, -16.0, 11.0, 14.0]"
3,1791633071.9974816,"[-37.968143999999995, 66.182691, 36.914987999999994, 36.82709700000001, -0.08712299999999118, 71.71982400000002, 34.102475999999996, 37.09076999999999, 38.057570999999996, 66.00690900000001, 36.563424, 36.47553300000001, 16.700058000000013, 82.09096199999999, 77.69641200000001, 29.707926000000015]","[0.0, 1.0, 1.0, 1.0, 1.0, 1.0, 1.0, 2.0, 1.0, 1.0, 1.0, 3.0, 1.0, 0.0, 3.0, 1.0]","[-9.0, 23.0, 16.0, 15.0, 0.0, 17.0, 11.0, 12.0, 0.0, 26.0, 12.0, 12.0, 20.0, -16.0, 10.0, 13.0]"
3,1791633072.2216115,"[-38.847053999999986, 66.27058199999999, 37.96968000000001, 37.881789, -0.08712299999999118, 71.807715, 34.102475999999996, 38.057570999999996, 39.024372, 66.00690900000001, 37.44233399999999, 37.354443, 16.700058000000013, 82.09096199999999, 78.66321299999998, 29.707926000000015]","[0.0, 0.0, 3.0, 2.0, 1.0, 1.0, 1.0, 1.0, 1.0, 1.0, 1.0, 1.0, 1.0, 0.0, 1.0, 1.0]","[-9.0, 23.0, 15.0, 16.0, 0.0, 20.0, 11.0, 12.0, 0.0, 26.0, 12.0, 12.0, 20.0, -16.0, 11.0, 13.0]"
3,1791633072.4419215,"[-39.98963699999999, 66.27058199999999, 39.024372, 38.76069899999999, -0.08712299999999118, 71.807715, 34.102475999999996, 39.200154, 39.991173, 66.00690900000001, 38.672808, 38.497026000000005, 16.700058000000013, 82.09096199999999, 79.63001400000002, 29.707926000000015]","[0.0, 1.0, 2.0, 3.0, 1.0, 1.0, 1.0, 2.0, 1.0, 1.0, 1.0, 2.0, 1.0, 0.0, 2.0, 1.0]","[-6.0, 23.0, 15.0, 16.0, 0.0, 21.0, 11.0, 11.0, 14.0, 26.0, 12.0, 12.0, 20.0, -16.0, 10.0, 13.0]"
3,1791633072.6666222,"[-40.86854700000001, 66.27058199999999, 40.166955, 39.72749999999999, -0.08712299999999118, 71.807715, 34.102475999999996, 40.07906399999999, 40.95797400000001, 66.00690900000001, 39.551717999999994, 39.551717999999994, 16.700058000000013, 82.09096199999999, 80.684706, 29.707926000000015]","[-3.0, 0.0, 3.0, 2.0, 0.0, 1.0, 1.0, 3.0, 2.0, 1.0, 1.0, 4.0, 1.0, 0.0, 4.0, 1.0]","[-8.0, 22.0, 16.0, 16.0, 0.0, 21.0, 11.0, 11.0, 13.0, 26.0, 12.0, 12.0, 20.0, -16.0, 10.0, 13.0]"
3,1791633072.8934991,"[-42.01113000000001, 66.27058199999999, 41.133756000000005, 40.694300999999996, -0.08712299999999118, 71.807715, 34.102475999999996, 40.95797400000001, 41.661102, 66.00690900000001, 40.60641000000001, 40.60641000000001, 16.700058000000013, 82.09096199999999, 81.29994299999998, 29.707926000000015]","[0.0, 1.0, 2.0, 1.0, 0.0, 1.0, 1.0, 2.0, 1.0, 1.0, 4.0, 3.0, 1.0, 0.0, 4.0, 1.0]","[0.0, 22.0, 14.0, 16.0, 0.0, 20.0, 12.0, 12.0, 14.0, 26.0, 11.0, 11.0, 21.0, -16.0, 11.0, 13.0]"
3,1791633073.1174362,"[-43.065822, 66.44636400000002, 42.188447999999994, 41.74899300000001, -0.08712299999999118, 71.807715, 34.102475999999996, 42.10055700000001, 43.06735800000001, 66.00690900000001, 41.661102, 41.573211000000015, 16.700058000000013, 82.09096199999999, 82.530417, 29.707926000000015]","[0.0, 1.0, 1.0, 3.0, 0.0, 1.0, 1.0, 1.0, 3.0, 1.0, 1.0, 1.0, 1.0, 0.0, 2.0, 1.0]","[0.0, 22.0, 15.0, 16.0, 0.0, 21.0, 11.0, 11.0, 0.0, 26.0, 11.0, 12.0, 19.0, -15.0, 11.0, 14.0]"
3,1791633073.3399124,"[-44.032623, 66.44636400000002, 43.24314000000001, 42.891576000000015, -0.08712299999999118, 71.807715, 34.102475999999996, 43.06735800000001, 43.946268, 66.00690900000001, 42.71579399999999, 42.627903, 16.700058000000013, 82.09096199999999, 83.14565399999998, 29.707926000000015]","[0.0, 1.0, 1.0, 4.0, 0.0, 1.0, 1.0, 1.0, 1.0, 1.0, 1.0, 3.0, 1.0, 0.0, 1.0, 1.0]","[0.0, 23.0, 16.0, 15.0, 0.0, 20.0, 11.0, 12.0, 13.0, 26.0, 11.0, 11.0, 20.0, -16.0, 12.0, 13.0]"
3,1791633073.5654283,"[-45.08731499999999, 66.44636400000002, 44.297832, 43.506812999999994, -0.08712299999999118, 71.807715, 34.102475999999996, 44.12205, 45.00095999999999, 66.00690900000001, 43.68259499999999, 43.770486000000005, 16.700058000000013, 82.09096199999999, 83.49721799999998, 29.707926000000015]","[0.0, 1.0, 3.0, 1.0, 0.0, 1.0, 1.0, 3.0, 1.0, 1.0, 3.0, 2.0, 0.0, 0.0, 1.0, 1.0]","[0.0, 22.0, 14.0, 16.0, 0.0, 20.0, 11.0, 11.0, -7.0, 26.0, 11.0, 10.0, 19.0, -16.0, 13.0, 13.0]"
3,1791633073.7873473,"[-46.05411599999999, 66.44636400000002, 45.088851000000005, 45.00095999999999, -0.08712299999999118, 71.807715, 34.102475999999996, 45.00095999999999, 45.967760999999996, 66.00690900000001, 44.73728700000001, 44.825177999999994, 16.700058000000013, 82.09096199999999, 83.76089100000002, 29.707926000000015]","[0.0, 1.0, 1.0, 4.0, 0.0, 1.0, 1.0, 1.0, 1.0, 1.0, 2.0, 2.0, 0.0, 0.0, 1.0, 1.0]","[0.0, 23.0, 15.0, 15.0, 0.0, 20.0, 11.0, 11.0, 0.0, 25.0, 11.0, 10.0, 20.0, -16.0, 16.0, 14.0]"
3,1791633074.0108256,"[-47.020917, 66.44636400000002, 46.143542999999994, 45.87987000000001, -0.08712299999999118, 71.807715, 34.102475999999996, 46.143542999999994, 46.934562, 66.00690900000001, 45.616197, 45.87987000000001, 16.700058000000013, 82.09096199999999, 83.84878200000003, 29.707926000000015]","[0.0, 1.0, 3.0, 2.0, 0.0, 1.0, 1.0, 4.0, 1.0, 1.0, 1.0, 3.0, 0.0, 0.0, 1.0, 1.0]","[0.0, 23.0, 14.0, 15.0, 0.0, 20.0, 11.0, 12.0, -4.0, 26.0, 12.0, 12.0, 20.0, -16.0, 21.0, 14.0]"
3,1791633074.237319,"[-47.811936, 66.44636400000002, 47.110344, 47.19823500000001, -0.08712299999999118, 71.807715, 34.102475999999996, 47.110344, 48.077145, 66.00690900000001, 46.846671000000015, 47.110344, 16.700058000000013, 82.09096199999999, 84.11245500000001, 29.620035]","[-1.0, 1.0, 1.0, 1.0, 0.0, 1.0, 1.0, 2.0, 1.0, 1.0, 4.0, 2.0, 0.0, 0.0, 1.0, 0.0]","[-9.0, 24.0, 15.0, 15.0, 0.0, 21.0, 11.0, 11.0, -14.0, 26.0, 11.0, 11.0, 21.0, -16.0, 25.0, 14.0]"
3,1791633074.4592307,"[-49.04240999999999, 66.44636400000002, 48.077145, 48.165036000000015, -0.08712299999999118, 71.807715, 34.102475999999996, 48.077145, 49.043946000000005, 66.00690900000001, 47.725581000000005, 47.901363, 16.700058000000013, 82.09096199999999, 84.20034600000002, 29.620035]","[0.0, 1.0, 1.0, 1.0, 0.0, 1.0, 1.0, 1.0, 1.0, 1.0, 1.0, 2.0, 0.0, 0.0, 1.0, 0.0]","[0.0, 23.0, 15.0, 14.0, 0.0, 21.0, 11.0, 12.0, -14.0, 25.0, 11.0, 11.0, 20.0, -16.0, 30.0, 14.0]"
3,1791633074.6849613,"[-49.92132000000001, 66.44636400000002, 49.13183699999999, 49.219728, -0.08712299999999118, 71.807715, 34.102475999999996, 48.95605499999999, 49.922855999999996, 66.00690900000001, 48.51660000000001, 48.95605499999999, 16.700058000000013, 82.09096199999999, 84.20034600000002, 29.620035]","[0.0, 1.0, 3.0, 2.0, 0.0, 1.0, 1.0, 1.0, 1.0, 1.0, 1.0, 1.0, 0.0, 0.0, 1.0, 0.0]","[-9.0, 23.0, 14.0, 14.0, 0.0, 20.0, 11.0, 12.0, -3.0, 26.0, 12.0, 10.0, 20.0, -16.0, 39.0, 13.0]"
3,1791633074.909344,"[-50.976012, 66.44636400000002, 50.01074700000001, 50.45020199999999, -0.08712299999999118, 71.807715, 34.102475999999996, 50.098637999999994, 51.15333000000001, 66.00690900000001, 49.65918300000001, 50.01074700000001, 16.700058000000013, 82.178853, 84.20034600000002, 29.620035]","[-2.0, 1.0, 2.0, 2.0, 0.0, 1.0, 1.0, 2.0, 0.0, 1.0, 1.0, 2.0, 0.0, 1.0, 1.0, 0.0]","[-9.0, 23.0, 16.0, 14.0, 0.0, 21.0, 11.0, 11.0, -6.0, 26.0, 11.0, 10.0, 10.0, 0.0, 10.0, 13.0]"
3,1791633075.1320505,"[-51.767031, 66.44636400000002, 50.889657, 51.417002999999994, -0.08712299999999118, 71.807715, 34.102475999999996, 50.801766000000015, 52.120131000000015, 66.00690900000001, 50.62598400000002, 50.889657, 16.700058000000013, 82.178853, 84.20034600000002, 29.620035]","[0.0, 1.0, 1.0, 3.0, 0.0, 1.0, 1.0, 2.0, 1.0, 1.0, 1.0, 3.0, 0.0, 1.0, 1.0, 0.0]","[-10.0, 23.0, 16.0, 14.0, 0.0, 21.0, 12.0, 12.0, -1.0, 27.0, 11.0, 11.0, 9.0, 0.0, 10.0, 13.0]"
3,1791633075.3534474,"[-52.909614000000005, 66.44636400000002, 52.03224, 52.47169500000001, -0.08712299999999118, 71.807715, 34.102475999999996, 52.120131000000015, 53.174823, 66.00690900000001, 51.856458, 51.94434900000002, 16.700058000000013, 82.178853, 84.20034600000002, 29.620035]","[-3.0, 1.0, 2.0, 2.0, 0.0, 1.0, 1.0, 2.0, 1.0, 1.0, 3.0, 3.0, 0.0, 1.0, 1.0, 0.0]","[-9.0, 23.0, 16.0, 14.0, 0.0, 21.0, 12.0, 11.0, -10.0, 26.0, 11.0, 10.0, 11.0, 0.0, 10.0, 12.0]"
3,1791633075.5812085,"[-53.876414999999994, 66.44636400000002, 52.999041000000005, 53.526387, -0.08712299999999118, 71.807715, 34.102475999999996, 53.174823, 54.053732999999994, 66.00690900000001, 52.735367999999994, 52.999041000000005, 16.700058000000013, 82.178853, 84.20034600000002, 29.620035]","[-2.0, 1.0, 2.0, 3.0, 0.0, 1.0, 1.0, 3.0, 1.0, 1.0, 3.0, 3.0, 0.0, 1.0, 1.0, 0.0]","[-9.0, 22.0, 15.0, 14.0, 0.0, 21.0, 11.0, 9.0, 0.0, 26.0, 11.0, 11.0, 10.0, 0.0, 10.0, 13.0]"
3,1791633075.801653,"[-54.491652, 66.44636400000002, 53.96584200000001, 54.317406000000005, -0.08712299999999118, 71.807715, 34.102475999999996, 54.14162400000001, 55.020534, 66.00690900000001, 53.526387, 53.79006000000001, 16.700058000000013, 82.178853, 84.20034600000002, 29.620035]","[1.0, 1.0, 3.0, 1.0, 0.0, 1.0, 1.0, 1.0, 0.0, 1.0, 1.0, 1.0, 0.0, 1.0, 1.0, 0.0]","[-9.0, 21.0, 15.0, 14.0, 0.0, 20.0, 12.0, 11.0, 0.0, 26.0, 11.0, 11.0, 9.0, 0.0, 10.0, 12.0]"
3,1791633076.028978,"[-55.634235000000004, 66.534255, 55.10842500000001, 55.45998900000001, -0.08712299999999118, 71.807715, 34.102475999999996, 54.93264300000001, 56.163117, 66.00690900000001, 54.756861000000015, 55.020534, 16.700058000000013, 82.178853, 84.20034600000002, 29.620035]","[-2.0, 2.0, 3.0, 3.0, 0.0, 1.0, 1.0, 1.0, 1.0, 1.0, 2.0, 3.0, 0.0, 1.0, 1.0, 0.0]","[-9.0, 19.0, 15.0, 14.0, 0.0, 21.0, 11.0, 12.0, -14.0, 26.0, 11.0, 10.0, 10.0, 0.0, 10.0, 13.0]"
3,1791633076.2529705,"[-56.513144999999994, 66.62214600000001, 55.987335, 56.338899, -0.08712299999999118, 71.807715, 34.102475999999996, 55.987335, 56.954136000000005, 66.00690900000001, 55.635771000000005, 55.89944400000002, 16.700058000000013, 82.178853, 84.20034600000002, 29.620035]","[0.0, 0.0, 1.0, 1.0, 0.0, 1.0, 1.0, 3.0, 1.0, 1.0, 3.0, 2.0, 0.0, 1.0, 1.0, 0.0]","[-9.0, 19.0, 16.0, 14.0, 0.0, 20.0, 11.0, 11.0, 0.0, 25.0, 11.0, 11.0, 10.0, 0.0, 11.0, 13.0]"
3,1791633076.4771163,"[-57.304164, 66.710037, 57.04202699999999, 57.129918, -0.08712299999999118, 71.807715, 34.102475999999996, 56.954136000000005, 57.92093700000001, 66.00690900000001, 56.42679000000001, 56.86624499999999, 16.700058000000013, 82.178853, 84.20034600000002, 29.620035]","[-3.0, 1.0, 1.0, 1.0, 0.0, 1.0, 1.0, 1.0, 1.0, 1.0, 1.0, 3.0, 0.0, 1.0, 1.0, 0.0]","[-9.0, 20.0, 15.0, 14.0, 0.0, 21.0, 11.0, 11.0, 0.0, 25.0, 12.0, 10.0, 10.0, 0.0, 10.0, 14.0]"
3,1791633076.6987202,"[-58.71042, 66.710037, 58.09671900000001, 58.272501000000005, -0.08712299999999118, 71.807715, 34.102475999999996, 58.18460999999999, 58.975629, 66.00690900000001, 57.657264, 57.92093700000001, 16.700058000000013, 82.178853, 84.20034600000002, 29.620035]","[-1.0, 1.0, 2.0, 4.0, 0.0, 1.0, 1.0, 3.0, 1.0, 1.0, 3.0, 4.0, 0.0, 1.0, 1.0, 0.0]","[-9.0, 20.0, 15.0, 14.0, 0.0, 21.0, 12.0, 10.0, 0.0, 26.0, 11.0, 11.0, 9.0, 0.0, 10.0, 13.0]"
3,1791633076.9250846,"[-59.149874999999994, 66.710037, 59.327192999999994, 59.23930200000001, -0.08712299999999118, 71.807715, 34.102475999999996, 59.06352000000001, 59.94243, 66.00690900000001, 58.448283, 58.88773800000001, 16.700058000000013, 82.178853, 84.20034600000002, 29.620035]","[0.0, 1.0, 2.0, 1.0, 0.0, 1.0, 1.0, 1.0, 1.0, 1.0, 3.0, 2.0, 0.0, 1.0, 1.0, 0.0]","[-11.0, 20.0, 14.0, 14.0, 0.0, 21.0, 11.0, 12.0, 0.0, 26.0, 12.0, 11.0, 10.0, 0.0, 10.0, 13.0]"
3,1791633077.1476154,"[-60.64402199999999, 66.885819, 60.469775999999996, 59.23930200000001, -0.08712299999999118, 71.807715, 34.102475999999996, 60.20610300000001, 60.99712199999999, 66.00690900000001, 59.766648, 58.88773800000001, 16.700058000000013, 82.178853, 84.20034600000002, 29.620035]","[-2.0, 1.0, 3.0, 1.0, 0.0, 1.0, 1.0, 4.0, 1.0, 1.0, 3.0, 1.0, 0.0, 1.0, 1.0, 0.0]","[-9.0, 20.0, 14.0, 13.0, 0.0, 21.0, 11.0, 10.0, 0.0, 26.0, 11.0, 10.0, 10.0, 0.0, 10.0, 13.0]"
3,1791633077.3710613,"[-61.698713999999995, 66.885819, 61.436577, 59.23930200000001, -0.08712299999999118, 71.807715, 34.102475999999996, 61.17290400000002, 61.963922999999994, 66.00690900000001, 60.909231000000005, 58.88773800000001, 16.700058000000013, 82.178853, 84.20034600000002, 29.620035]","[0.0, 1.0, 2.0, 1.0, 0.0, 1.0, 1.0, 1.0, 2.0, 1.0, 4.0, 1.0, 0.0, 1.0, 1.0, 0.0]","[-9.0, 20.0, 14.0, 15.0, 0.0, 21.0, 12.0, 11.0, 1.0, 26.0, 10.0, 11.0, 11.0, 0.0, 10.0, 13.0]"
3,1791633077.594155,"[-62.577624, 66.885819, 62.403378000000004, 59.23930200000001, -0.08712299999999118, 71.807715, 34.102475999999996, 61.963922999999994, 62.667051000000015, 66.00690900000001, 61.87603200000001, 58.88773800000001, 16.700058000000013, 82.178853, 84.20034600000002, 29.620035]","[-1.0, 1.0, 2.0, 1.0, 0.0, 1.0, 1.0, 1.0, 1.0, 1.0, 1.0, 1.0, 0.0, 1.0, 1.0, 0.0]","[-10.0, 20.0, 15.0, 15.0, 0.0, 21.0, 12.0, 11.0, 14.0, 26.0, 12.0, 11.0, 10.0, 0.0, 10.0, 13.0]"
3,1791633077.820982,"[-63.720207, 66.885819, 63.37017900000001, 59.23930200000001, -0.08712299999999118, 71.807715, 34.102475999999996, 63.19439700000001, 63.985416000000015, 66.00690900000001, 63.01861500000001, 58.88773800000001, 16.700058000000013, 82.178853, 84.20034600000002, 29.620035]","[0.0, 1.0, 1.0, 1.0, 0.0, 1.0, 1.0, 3.0, 2.0, 1.0, 3.0, 1.0, 0.0, 1.0, 1.0, 0.0]","[-9.0, 19.0, 14.0, 14.0, 0.0, 20.0, 12.0, 11.0, 1.0, 26.0, 11.0, 11.0, 10.0, 0.0, 10.0, 13.0]"
3,1791633078.04132,"[-64.86279, 66.885819, 64.51276200000001, 59.23930200000001, -0.08712299999999118, 71.807715, 34.102475999999996, 64.073307, 64.95221699999999, 66.00690900000001, 63.897525, 58.88773800000001, 16.700058000000013, 82.178853, 84.20034600000002, 29.620035]","[-1.0, 1.0, 3.0, 1.0, 0.0, 1.0, 1.0, 1.0, 3.0, 1.0, 5.0, 1.0, 0.0, 1.0, 1.0, 0.0]","[-9.0, 19.0, 14.0, 15.0, 0.0, 21.0, 11.0, 11.0, 0.0, 27.0, 11.0, 11.0, 10.0, 0.0, 10.0, 13.0]"
3,1791633078.2652218,"[-65.390136, 66.885819, 65.391672, 59.23930200000001, -0.08712299999999118, 71.807715, 34.102475999999996, 65.040108, 65.919018, 66.00690900000001, 64.77643499999999, 58.975629, 16.700058000000013, 82.178853, 84.20034600000002, 29.620035]","[0.0, 1.0, 1.0, 1.0, 0.0, 1.0, 1.0, 2.0, 1.0, 1.0, 2.0, 1.0, 0.0, 1.0, 1.0, 0.0]","[-9.0, 19.0, 14.0, 15.0, 0.0, 21.0, 11.0, 11.0, 0.0, 26.0, 11.0, 11.0, 11.0, 0.0, 9.0, 13.0]"
3,1791633078.4890113,"[-66.62061, 66.885819, 66.534255, 59.23930200000001, -0.08712299999999118, 71.807715, 34.102475999999996, 66.182691, 66.97371000000001, 66.00690900000001, 65.919018, 59.151410999999996, 16.700058000000013, 82.178853, 84.20034600000002, 29.620035]","[-2.0, 1.0, 3.0, 1.0, 0.0, 1.0, 1.0, 4.0, 1.0, 1.0, 2.0, 1.0, 0.0, 1.0, 1.0, 0.0]","[-9.0, 19.0, 14.0, 14.0, 0.0, 21.0, 11.0, 11.0, 0.0, 26.0, 11.0, 11.0, 11.0, 0.0, 9.0, 13.0]"
3,1791633078.717079,"[-67.587411, 67.14949200000001, 67.41316499999999, 59.23930200000001, -0.08712299999999118, 71.807715, 34.102475999999996, 66.710037, 67.85262, 66.00690900000001, 66.710037, 59.151410999999996, 16.700058000000013, 82.178853, 84.20034600000002, 29.620035]","[-1.0, 3.0, 1.0, 1.0, 0.0, 1.0, 1.0, 1.0, 1.0, 1.0, 1.0, 1.0, 0.0, 1.0, 1.0, 0.0]","[-9.0, 17.0, 16.0, 14.0, 0.0, 20.0, 11.0, 12.0, 13.0, 25.0, 12.0, 11.0, 10.0, 0.0, 11.0, 13.0]"
3,1791633078.9371355,"[-68.55421199999999, 67.32527400000001, 68.555748, 59.23930200000001, -0.08712299999999118, 71.807715, 34.102475999999996, 67.94051100000001, 68.90731199999999, 66.00690900000001, 67.41316499999999, 59.151410999999996, 16.700058000000013, 82.178853, 84.20034600000002, 29.620035]","[-1.0, 1.0, 2.0, 1.0, 0.0, 1.0, 1.0, 1.0, 1.0, 1.0, 5.0, 1.0, 0.0, 1.0, 1.0, 0.0]","[-10.0, 18.0, 14.0, 14.0, 0.0, 21.0, 11.0, 12.0, 13.0, 26.0, 11.0, 11.0, 10.0, 0.0, 10.0, 14.0]"
3,1791633079.1623516,"[-69.433122, 67.32527400000001, 69.522549, 59.23930200000001, -0.08712299999999118, 71.807715, 34.102475999999996, 68.819421, 69.78622200000001, 66.00690900000001, 68.379966, 59.151410999999996, 16.700058000000013, 82.178853, 84.20034600000002, 29.620035]","[0.0, 1.0, 3.0, 1.0, 0.0, 1.0, 1.0, 1.0, 3.0, 1.0, 1.0, 1.0, 0.0, 1.0, 1.0, 0.0]","[-10.0, 19.0, 14.0, 14.0, 0.0, 20.0, 11.0, 12.0, 13.0, 26.0, 12.0, 11.0, 10.0, 0.0, 10.0, 13.0]"
3,1791633079.385973,"[-69.433122, 67.32527400000001, 70.313568, 59.23930200000001, -0.08712299999999118, 71.807715, 34.102475999999996, 69.61044000000001, 69.78622200000001, 66.00690900000001, 69.522549, 59.151410999999996, 16.700058000000013, 82.178853, 84.20034600000002, 29.620035]","[0.0, 1.0, 1.0, 1.0, 0.0, 1.0, 1.0, 1.0, 1.0, 0.0, 3.0, 1.0, 0.0, 1.0, 1.0, 0.0]","[-9.0, 18.0, 15.0, 14.0, 0.0, 21.0, 12.0, 11.0, 13.0, 26.0, 12.0, 10.0, 11.0, 0.0, 10.0, 13.0]"
3,1791633079.6128936,"[-69.433122, 67.32527400000001, 71.36825999999999, 59.23930200000001, -0.08712299999999118, 71.807715, 34.102475999999996, 70.840914, 69.874113, 66.09479999999999, 70.40145900000002, 59.151410999999996, 16.700058000000013, 82.178853, 84.20034600000002, 29.620035]","[1.0, 1.0, 2.0, 1.0, 0.0, 1.0, 1.0, 1.0, 1.0, 1.0, 1.0, 1.0, 0.0, 1.0, 1.0, 0.0]","[-10.0, 18.0, 15.0, 14.0, 0.0, 21.0, 11.0, 11.0, 13.0, 26.0, 12.0, 11.0, 10.0, 0.0, 9.0, 12.0]"
3,1791633079.8344965,"[-69.433122, 67.32527400000001, 72.159279, 59.23930200000001, -0.08712299999999118, 71.807715, 34.102475999999996, 71.983497, 69.874113, 66.00690900000001, 71.456151, 59.151410999999996, 16.700058000000013, 82.178853, 84.20034600000002, 29.620035]","[1.0, 1.0, 1.0, 1.0, 0.0, 1.0, 1.0, 4.0, 1.0, 1.0, 3.0, 1.0, 0.0, 1.0, 1.0, 0.0]","[-10.0, 19.0, 15.0, 15.0, 0.0, 21.0, 11.0, 11.0, 13.0, 25.0, 12.0, 11.0, 10.0, 0.0, 10.0, 13.0]"
3,1791633080.0580862,"[-69.433122, 67.32527400000001, 73.21397100000002, 59.23930200000001, -0.08712299999999118, 71.807715, 34.102475999999996, 72.68662499999999, 69.874113, 66.00690900000001, 72.510843, 59.151410999999996, 16.700058000000013, 82.178853, 84.20034600000002, 29.620035]","[1.0, 1.0, 4.0, 1.0, 0.0, 1.0, 1.0, 2.0, 0.0, 0.0, 2.0, 1.0, 0.0, 1.0, 1.0, 0.0]","[-9.0, 18.0, 15.0, 14.0, 0.0, 20.0, 11.0, 13.0, 13.0, 26.0, 12.0, 11.0, 10.0, 0.0, 9.0, 14.0]"
3,1791633080.2820115,"[-69.433122, 67.32527400000001, 74.00498999999999, 59.23930200000001, -0.08712299999999118, 71.807715, 34.102475999999996, 72.950298, 69.874113, 66.00690900000001, 73.21397100000002, 59.151410999999996, 16.700058000000013, 82.178853, 84.20034600000002, 29.620035]","[1.0, 1.0, 1.0, 1.0, 0.0, 1.0, 1.0, 1.0, 0.0, 1.0, 1.0, 1.0, 0.0, 1.0, 1.0, 0.0]","[-9.0, 18.0, 16.0, 14.0, 0.0, 21.0, 11.0, 15.0, 14.0, 27.0, 12.0, 11.0, 11.0, 0.0, 10.0, 13.0]"
3,1791633080.5087757,"[-69.521013, 67.32527400000001, 74.88390000000001, 59.23930200000001, -0.08712299999999118, 71.807715, 34.102475999999996, 72.950298, 69.96200400000001, 66.00690900000001, 73.56553500000001, 59.151410999999996, 16.700058000000013, 82.178853, 84.20034600000002, 29.620035]","[0.0, 1.0, 1.0, 1.0, 0.0, 1.0, 1.0, 1.0, 1.0, 1.0, 1.0, 1.0, 0.0, 1.0, 1.0, 0.0]","[-10.0, 18.0, 16.0, 14.0, 0.0, 21.0, 11.0, 16.0, 0.0, 26.0, 15.0, 10.0, 10.0, 0.0, 10.0, 13.0]"
3,1791633080.7299836,"[-69.521013, 67.32527400000001, 75.49913699999999, 59.23930200000001, -0.08712299999999118, 71.807715, 34.102475999999996, 72.950298, 69.96200400000001, 66.00690900000001, 73.74131700000001, 59.151410999999996, 16.700058000000013, 82.178853, 84.20034600000002, 29.620035]","[0.0, 1.0, 1.0, 1.0, 0.0, 1.0, 1.0, 1.0, 1.0, 0.0, 1.0, 1.0, 0.0, 1.0, 1.0, 0.0]","[-9.0, 18.0, 17.0, 14.0, 0.0, 21.0, 12.0, 16.0, 0.0, 25.0, 19.0, 11.0, 10.0, 0.0, 9.0, 12.0]"
3,1791633080.9532418,"[-69.521013, 67.32527400000001, 75.85070100000002, 59.23930200000001, -0.08712299999999118, 71.807715, 34.102475999999996, 72.950298, 69.96200400000001, 66.09479999999999, 74.092881, 59.151410999999996, 16.700058000000013, 82.178853, 84.20034600000002, 29.620035]","[0.0, 1.0, 1.0, 1.0, 0.0, 1.0, 1.0, 1.0, 1.0, 0.0, 1.0, 0.0, 0.0, 1.0, 1.0, 0.0]","[-10.0, 18.0, 19.0, 15.0, 0.0, 21.0, 11.0, 15.0, 0.0, 25.0, 22.0, 11.0, 9.0, 0.0, 10.0, 12.0]"
3,1791633081.1781108,"[-69.608904, 67.32527400000001, 76.20226500000001, 59.23930200000001, -0.08712299999999118, 71.807715, 34.102475999999996, 72.950298, 69.96200400000001, 66.09479999999999, 74.444445, 59.151410999999996, 16.700058000000013, 82.178853, 84.20034600000002, 29.620035]","[0.0, 1.0, 1.0, 1.0, 0.0, 1.0, 1.0, 1.0, 1.0, 1.0, 1.0, 1.0, 0.0, 1.0, 1.0, 0.0]","[-10.0, 18.0, 23.0, 15.0, 0.0, 21.0, 11.0, 15.0, 0.0, 26.0, 29.0, 10.0, 9.0, 0.0, 10.0, 13.0]"
3,1791633081.4015923,"[-69.608904, 67.32527400000001, 76.81750199999999, 59.23930200000001, -0.08712299999999118, 71.807715, 34.102475999999996, 72.950298, 69.96200400000001, 66.09479999999999, 74.70811800000001, 59.06352000000001, 16.700058000000013, 82.178853, 84.20034600000002, 29.620035]","[0.0, 1.0, 1.0, 1.0, 0.0, 1.0, 1.0, 1.0, 1.0, 1.0, 5.0, -1.0, 0.0, 1.0, 1.0, 0.0]","[-9.0, 18.0, 25.0, 14.0, 0.0, 21.0, 11.0, 15.0, 0.0, 25.0, 30.0, 10.0, 10.0, 0.0, 10.0, 13.0]"
3,1791633081.625497,"[-69.608904, 67.32527400000001, 77.52062999999998, 59.23930200000001, -0.08712299999999118, 71.807715, 34.102475999999996, 72.950298, 69.96200400000001, 66.09479999999999, 74.796009, 59.06352000000001, 16.700058000000013, 82.178853, 84.20034600000002, 29.620035]","[0.0, 1.0, 2.0, 1.0, 0.0, 1.0, 1.0, 1.0, 1.0, 1.0, 1.0, 1.0, 0.0, 1.0, 1.0, 0.0]","[-10.0, 17.0, 25.0, 14.0, 0.0, 22.0, 12.0, 15.0, 0.0, 25.0, 40.0, 11.0, 10.0, 0.0, 10.0, 12.0]"
3,1791633081.8525922,"[-69.608904, 67.32527400000001, 77.608521, 59.23930200000001, -0.08712299999999118, 71.807715, 34.102475999999996, 72.950298, 69.96200400000001, 66.00690900000001, 74.70811800000001, 59.06352000000001, 16.700058000000013, 82.178853, 84.20034600000002, 29.620035]","[0.0, 1.0, 0.0, 1.0, 0.0, 1.0, 1.0, 1.0, 1.0, 0.0, 0.0, 0.0, 0.0, 1.0, 1.0, 0.0]","[-9.0, 17.0, 33.0, 14.0, 0.0, 21.0, 11.0, 15.0, 0.0, 0.0, 8.0, 0.0, 10.0, 0.0, 10.0, 13.0]"
3,1791633082.074968,"[-69.608904, 67.32527400000001, 77.52062999999998, 59.23930200000001, -0.08712299999999118, 71.807715, 34.102475999999996, 72.950298, 69.96200400000001, 66.00690900000001, 74.70811800000001, 59.06352000000001, 16.700058000000013, 82.178853, 84.20034600000002, 29.620035]","[0.0, 1.0, 0.0, 1.0, 0.0, 1.0, 1.0, 1.0, 1.0, 0.0, 0.0, 0.0, 0.0, 1.0, 1.0, 0.0]","[8.0, 0.0, 13.0, 0.0, 0.0, 21.0, 11.0, 15.0, 0.0, 0.0, 9.0, 0.0, 10.0, 0.0, 10.0, 13.0]"
