grip,time,positions,velocities,currents
1,1791636265.8440316,"[0.0007679999999936626, -5.096910000000008, -1.229705999999993, -0.17501400000000444, -0.08712299999999118, -5.272692000000006, 0.17654999999999177, -0.35079600000000255, 0.08865900000000693, -4.833236999999997, -1.053923999999995, 0.44022300000000314, -1.7570519999999874, 178.41949799999998, 40.07906399999999, 25.928613000000013]","[1.0, 1.0, 0.0, 1.0, 0.0, 1.0, 0.0, 0.0, 1.0, 0.0, 1.0, 0.0, 1.0, 1.0, 0.0, 0.0]","[-9.0, 33.0, 16.0, 13.0, 2.0, 34.0, -10.0, 11.0, -14.0, 32.0, 11.0, -11.0, 13.0, 15.0, -10.0, -16.0]"
1,1791636266.0677972,"[-0.5265780000000007, -4.833236999999997, -1.1418150000000082, -0.08712299999999118, -0.17501400000000444, -4.92112800000001, 0.6160050000000012, -0.35079600000000255, 0.7038960000000145, -4.833236999999997, -0.9660330000000101, 0.528113999999988, -1.7570519999999874, 178.243716, 40.07906399999999, 26.016503999999998]","[0.0, 1.0, 1.0, 1.0, 0.0, 1.0, 1.0, 0.0, 1.0, 1.0, 1.0, 1.0, 1.0, 0.0, 1.0, 0.0]","[-9.0, 48.0, 19.0, 15.0, 6.0, 49.0, 10.0, 12.0, 14.0, 50.0, 14.0, 9.0, 13.0, -11.0, 12.0, 5.0]"
1,1791636266.2888947,"[-1.4054879999999912, -4.393781999999987, -0.08712299999999118, 0.44022300000000314, -0.08712299999999118, -3.7785450000000083, 1.1433509999999956, 0.3523319999999899, 1.6706969999999899, -3.866435999999993, -0.7023599999999988, 0.7917869999999994, -1.7570519999999874, 177.98004300000002, 40.166955, 26.28017700000001]","[0.0, 0.0, 1.0, 1.0, 1.0, 1.0, 1.0, 1.0, 2.0, 1.0, 1.0, 1.0, 1.0, 0.0, 1.0, 1.0]","[-10.0, 63.0, 18.0, 17.0, 0.0, 57.0, 11.0, 13.0, 13.0, 62.0, 17.0, 11.0, 12.0, -16.0, 14.0, 15.0]"
1,1791636266.512663,"[-2.548070999999993, -1.7570519999999874, 0.8796780000000126, 1.407024000000007, -0.08712299999999118, -2.4601800000000082, 1.846478999999988, 1.407024000000007, 2.725389000000007, -2.372288999999995, -0.6144689999999855, 1.0554600000000107, -1.7570519999999874, 177.71636999999998, 41.48532, 27.071196000000015]","[-1.0, 7.0, 1.0, 3.0, 1.0, 5.0, 1.0, 1.0, 3.0, 3.0, 1.0, 1.0, 1.0, 0.0, 4.0, 1.0]","[-9.0, 55.0, 18.0, 16.0, 2.0, 62.0, 12.0, 13.0, 13.0, 69.0, 19.0, 13.0, 13.0, -25.0, 13.0, 15.0]"
1,1791636266.7397747,"[-3.426981000000012, 0.17654999999999177, 1.7585880000000031, 2.3738250000000107, -0.08712299999999118, 0.44022300000000314, 2.6374979999999937, 2.1980430000000126, 3.7800809999999956, -2.372288999999995, 1.3191329999999937, 1.0554600000000107, -1.7570519999999874, 177.452697, 42.27633900000001, 28.03799699999999]","[0.0, 1.0, 1.0, 1.0, 1.0, 6.0, 1.0, 2.0, 2.0, 1.0, 3.0, 1.0, 1.0, 0.0, 1.0, 3.0]","[-9.0, 59.0, 20.0, 18.0, 0.0, 56.0, 13.0, 13.0, 14.0, 97.0, 16.0, 17.0, 14.0, -38.0, 13.0, 15.0]"
1,1791636266.959766,"[-4.481673000000001, 0.17654999999999177, 2.813279999999992, 3.2527350000000013, -0.08712299999999118, 2.0222610000000145, 3.4285169999999994, 3.3406260000000145, 3.7800809999999956, 2.1101519999999994, 1.846478999999988, 2.901171000000005, -1.7570519999999874, 175.43120399999998, 43.41892200000001, 29.180579999999992]","[-2.0, 1.0, 3.0, 5.0, 0.0, 6.0, 1.0, 4.0, 1.0, 10.0, 1.0, 4.0, 1.0, -4.0, 4.0, 4.0]","[-9.0, 82.0, 19.0, 17.0, 3.0, 59.0, 14.0, 14.0, 16.0, 57.0, 18.0, 12.0, 13.0, -34.0, 13.0, 15.0]"
1,1791636267.184992,"[-5.360582999999991, 4.043754000000007, 3.6921900000000107, 4.483208999999988, -0.08712299999999118, 3.867972000000009, 4.395318000000003, 4.30742699999999, 5.713683000000003, 4.30742699999999, 2.98906199999999, 4.043754000000007, -1.7570519999999874, 173.233929, 44.56150500000001, 30.147380999999996]","[0.0, 6.0, 3.0, 2.0, 2.0, 3.0, 1.0, 1.0, 3.0, 6.0, 5.0, 1.0, 1.0, -2.0, 4.0, 2.0]","[-9.0, 57.0, 19.0, 16.0, 0.0, 59.0, 13.0, 14.0, 13.0, 56.0, 17.0, 14.0, 14.0, -35.0, 13.0, 15.0]"
1,1791636267.4086874,"[-5.975819999999999, 5.537901000000005, 4.834773000000013, 5.450009999999992, -0.08712299999999118, 6.153138000000013, 5.098445999999996, 5.186337000000009, 6.504702000000009, 5.9773560000000145, 4.219536000000005, 4.834773000000013, -1.7570519999999874, 170.77298100000002, 44.649395999999996, 31.114182]","[0.0, 4.0, 3.0, 1.0, 1.0, 3.0, 3.0, 1.0, 3.0, 3.0, 4.0, 1.0, 1.0, -6.0, 1.0, 2.0]","[-11.0, 64.0, 19.0, 15.0, 6.0, 60.0, 14.0, 14.0, 13.0, 63.0, 16.0, 13.0, 13.0, -31.0, 16.0, 15.0]"
1,1791636267.6356938,"[-7.294184999999999, 5.537901000000005, 5.801573999999988, 6.592592999999994, -0.08712299999999118, 7.823067000000009, 6.328920000000011, 6.504702000000009, 7.647285000000011, 8.438303999999988, 4.30742699999999, 6.153138000000013, -1.7570519999999874, 169.36672500000003, 46.67088899999999, 32.16887399999999]","[-3.0, 1.0, 1.0, 3.0, 0.0, 3.0, 2.0, 6.0, 3.0, 7.0, 1.0, 4.0, 1.0, 0.0, 4.0, 3.0]","[-10.0, 88.0, 20.0, 17.0, 3.0, 63.0, 13.0, 13.0, 13.0, 58.0, 20.0, 13.0, 13.0, -37.0, 13.0, 15.0]"
1,1791636267.8566666,"[-8.260986000000003, 10.371905999999996, 6.328920000000011, 7.383611999999999, -0.08712299999999118, 10.108233000000013, 7.207830000000001, 7.383611999999999, 8.614086000000015, 9.756668999999988, 6.153138000000013, 7.032048000000003, -1.7570519999999874, 168.487815, 47.54979900000001, 33.13567499999999]","[-2.0, 7.0, 7.0, 1.0, 1.0, 5.0, 1.0, 1.0, 1.0, 1.0, 4.0, 1.0, 1.0, 0.0, 4.0, 2.0]","[-10.0, 54.0, 20.0, 17.0, 0.0, 56.0, 14.0, 12.0, 14.0, 66.0, 16.0, 14.0, 13.0, -45.0, 13.0, 15.0]"
1,1791636268.0821617,"[-9.315677999999991, 10.547687999999994, 7.823067000000009, 8.438303999999988, -0.17501400000000444, 11.426598000000013, 8.26252199999999, 8.526195000000001, 9.58088699999999, 9.668778000000003, 7.119938999999988, 7.998849000000007, -1.7570519999999874, 165.851085, 48.34081800000001, 34.19036700000001]","[0.0, 1.0, 1.0, 3.0, 0.0, 1.0, 3.0, 3.0, 2.0, 1.0, 3.0, 4.0, 1.0, -9.0, 1.0, 2.0]","[-10.0, 78.0, 19.0, 16.0, 9.0, 67.0, 13.0, 13.0, 14.0, 94.0, 17.0, 14.0, 13.0, -35.0, 13.0, 14.0]"
1,1791636268.3041933,"[-10.19458800000001, 13.887546000000015, 8.877758999999998, 9.492996000000005, -0.08712299999999118, 13.799655000000001, 9.317214000000007, 9.405104999999992, 10.635579000000007, 13.623873000000003, 7.823067000000009, 8.96565000000001, -1.7570519999999874, 163.829592, 49.483401000000015, 35.245059]","[0.0, 6.0, 4.0, 1.0, 1.0, 7.0, 3.0, 2.0, 1.0, 20.0, 6.0, 1.0, 1.0, 0.0, 3.0, 3.0]","[-10.0, 63.0, 18.0, 17.0, 1.0, 57.0, 14.0, 12.0, 14.0, 56.0, 17.0, 14.0, 14.0, -38.0, 12.0, 15.0]"
1,1791636268.5293026,"[-10.985606999999987, 13.887546000000015, 9.932451000000015, 10.547687999999994, -0.08712299999999118, 15.996929999999992, 10.28401500000001, 10.371905999999996, 11.60238000000001, 14.502782999999994, 9.053540999999996, 9.932451000000015, -1.7570519999999874, 161.36864400000002, 50.18652900000001, 36.12396899999999]","[-2.0, 1.0, 4.0, 3.0, 0.0, 3.0, 3.0, 3.0, 2.0, 1.0, 1.0, 1.0, 1.0, -7.0, 3.0, 3.0]","[-10.0, 85.0, 18.0, 16.0, 3.0, 61.0, 14.0, 13.0, 13.0, 82.0, 18.0, 14.0, 14.0, -34.0, 13.0, 14.0]"
1,1791636268.7525198,"[-12.216081000000003, 18.106313999999998, 10.811361000000005, 11.426598000000013, -0.08712299999999118, 18.106313999999998, 11.162925000000001, 11.338707, 12.657072, 18.282095999999996, 9.932451000000015, 10.89925199999999, -1.7570519999999874, 159.52293300000002, 51.32911200000001, 37.178661000000005]","[-2.0, 11.0, 4.0, 3.0, 0.0, 5.0, 3.0, 3.0, 3.0, 8.0, 4.0, 1.0, 1.0, 0.0, 3.0, 2.0]","[-10.0, 54.0, 19.0, 17.0, 0.0, 59.0, 14.0, 13.0, 13.0, 59.0, 16.0, 15.0, 13.0, -38.0, 12.0, 15.0]"
1,1791636268.9761324,"[-13.182882000000006, 20.12780699999999, 11.778162000000009, 12.305508000000003, -0.08712299999999118, 20.039916000000005, 12.21761699999999, 12.393398999999988, 13.623873000000003, 19.336788000000013, 10.89925199999999, 11.953944000000007, -1.7570519999999874, 157.50144, 52.29591300000001, 38.14546200000001]","[-2.0, 3.0, 2.0, 1.0, 0.0, 2.0, 1.0, 1.0, 1.0, 1.0, 1.0, 2.0, 1.0, 0.0, 3.0, 1.0]","[-10.0, 61.0, 20.0, 17.0, 0.0, 58.0, 13.0, 13.0, 14.0, 71.0, 19.0, 13.0, 14.0, -37.0, 14.0, 15.0]"
1,1791636269.2005575,"[-14.237573999999995, 22.061408999999998, 12.832853999999998, 13.360199999999992, -0.08712299999999118, 20.567262, 13.184417999999994, 13.448091000000005, 14.590674000000007, 19.424678999999998, 11.426598000000013, 13.008635999999996, -1.7570519999999874, 155.655729, 53.08693199999999, 39.375935999999996]","[0.0, 4.0, 4.0, 4.0, 0.0, 8.0, 2.0, 3.0, 1.0, 2.0, 6.0, 4.0, 1.0, -2.0, 1.0, 3.0]","[-10.0, 57.0, 19.0, 16.0, 2.0, 67.0, 14.0, 13.0, 14.0, 97.0, 19.0, 13.0, 14.0, -36.0, 14.0, 14.0]"
1,1791636269.424887,"[-15.292266000000012, 23.907119999999992, 13.887546000000015, 14.414892000000009, -0.08712299999999118, 24.522357, 14.327000999999996, 14.414892000000009, 15.645365999999996, 19.776242999999994, 13.008635999999996, 13.799655000000001, -1.7570519999999874, 153.634236, 54.22951499999999, 40.254846000000015]","[-1.0, 5.0, 2.0, 2.0, 1.0, 5.0, 4.0, 1.0, 1.0, 6.0, 3.0, 3.0, 1.0, -2.0, 4.0, 3.0]","[-10.0, 60.0, 18.0, 16.0, 0.0, 51.0, 13.0, 13.0, 14.0, 105.0, 17.0, 14.0, 14.0, -38.0, 13.0, 14.0]"
1,1791636269.6515698,"[-16.434848999999986, 25.752831000000015, 14.85434699999999, 15.293802, -0.08712299999999118, 25.489158000000003, 15.293802, 15.733257000000009, 16.787948999999998, 26.983305, 13.623873000000003, 13.887546000000015, -1.7570519999999874, 151.61274300000002, 55.10842500000001, 41.22164699999999]","[-2.0, 14.0, 2.0, 5.0, 1.0, 10.0, 2.0, 3.0, 3.0, 6.0, 7.0, 2.0, 1.0, -4.0, 4.0, 2.0]","[-10.0, 54.0, 20.0, 16.0, 0.0, 57.0, 14.0, 13.0, 13.0, 49.0, 17.0, 16.0, 13.0, -34.0, 13.0, 15.0]"
1,1791636269.8721378,"[-17.40164999999999, 28.74112500000001, 15.909039000000007, 16.348493999999988, -0.08712299999999118, 28.565343000000013, 16.436385, 16.787948999999998, 17.666858999999988, 28.565343000000013, 15.118020000000001, 15.909039000000007, -1.7570519999999874, 150.294378, 56.25100800000001, 42.188447999999994]","[-2.0, 2.0, 1.0, 1.0, 1.0, 3.0, 4.0, 3.0, 1.0, 2.0, 3.0, 2.0, 1.0, 0.0, 4.0, 2.0]","[-10.0, 51.0, 19.0, 16.0, 0.0, 57.0, 13.0, 13.0, 14.0, 55.0, 16.0, 14.0, 13.0, -41.0, 14.0, 15.0]"
1,1791636270.099484,"[-18.632124000000005, 31.114182, 17.139512999999994, 17.315294999999992, -0.08712299999999118, 30.05949000000001, 17.578968000000003, 17.75475, 18.633659999999992, 28.565343000000013, 16.084821000000005, 15.909039000000007, -1.7570519999999874, 148.97601300000002, 57.3057, 43.24314000000001]","[-2.0, 7.0, 5.0, 3.0, 0.0, 1.0, 4.0, 3.0, 1.0, 0.0, 1.0, 1.0, 1.0, -12.0, 3.0, 2.0]","[-9.0, 45.0, 18.0, 16.0, 0.0, 59.0, 12.0, 13.0, 13.0, 81.0, 17.0, 17.0, 13.0, -42.0, 14.0, 15.0]"
1,1791636270.3234425,"[-19.686815999999993, 32.69622000000001, 18.106313999999998, 18.282095999999996, -0.08712299999999118, 32.608329, 18.36998700000001, 18.545769000000007, 19.51257000000001, 32.87200200000001, 17.315294999999992, 17.930532, -1.7570519999999874, 145.899828, 58.18460999999999, 44.209941000000015]","[-3.0, 6.0, 2.0, 3.0, 1.0, 7.0, 1.0, 2.0, 6.0, 17.0, 1.0, 4.0, 1.0, 0.0, 1.0, 2.0]","[-9.0, 50.0, 18.0, 17.0, 0.0, 50.0, 13.0, 13.0, 14.0, 45.0, 16.0, 12.0, 13.0, -38.0, 14.0, 14.0]"
1,1791636270.544318,"[-20.565726000000012, 35.069277, 19.161006000000015, 19.336788000000013, -0.08712299999999118, 34.45403999999999, 19.248897, 19.68835200000001, 20.655153000000013, 33.399348, 18.545769000000007, 18.897333000000003, -1.7570519999999874, 143.526771, 59.41508400000001, 45.17674199999999]","[-2.0, 7.0, 1.0, 1.0, 1.0, 1.0, 2.0, 3.0, 2.0, 1.0, 2.0, 1.0, 1.0, -6.0, 4.0, 1.0]","[-9.0, 47.0, 17.0, 17.0, 0.0, 56.0, 13.0, 11.0, 14.0, 68.0, 16.0, 14.0, 14.0, -34.0, 13.0, 14.0]"
1,1791636270.7713447,"[-21.7962, 36.914987999999994, 20.39148, 20.39148, -0.08712299999999118, 37.00287900000001, 20.215698000000003, 20.655153000000013, 21.885627, 37.26655199999999, 19.424678999999998, 19.952024999999992, -1.7570519999999874, 141.50527799999998, 59.41508400000001, 46.05565200000001]","[-2.0, 5.0, 3.0, 3.0, 1.0, 8.0, 1.0, 1.0, 3.0, 10.0, 6.0, 1.0, 1.0, 0.0, 1.0, 1.0]","[-9.0, 48.0, 17.0, 17.0, 0.0, 53.0, 14.0, 12.0, 13.0, 45.0, 15.0, 14.0, 14.0, -36.0, 16.0, 15.0]"
1,1791636270.9929147,"[-22.850891999999988, 39.28804500000001, 21.358281000000005, 21.534063000000003, -0.08712299999999118, 38.84859, 20.918825999999996, 21.534063000000003, 22.412972999999994, 37.354443, 20.655153000000013, 21.094607999999994, -1.7570519999999874, 139.747458, 61.260795, 47.19823500000001]","[-2.0, 5.0, 3.0, 4.0, 1.0, 8.0, 2.0, 1.0, 1.0, 1.0, 1.0, 2.0, 1.0, -7.0, 5.0, 2.0]","[-9.0, 46.0, 16.0, 16.0, 0.0, 43.0, 15.0, 13.0, 14.0, 69.0, 16.0, 12.0, 13.0, -35.0, 14.0, 14.0]"
1,1791636271.2162137,"[-23.905584000000005, 41.39742899999999, 22.500864000000007, 22.500864000000007, -0.08712299999999118, 41.133756000000005, 21.797736000000015, 22.76453699999999, 23.819229000000007, 41.48532, 21.358281000000005, 22.14930000000001, -1.7570519999999874, 137.198619, 62.403378000000004, 48.165036000000015]","[0.0, 3.0, 2.0, 3.0, 1.0, 7.0, 4.0, 3.0, 4.0, 13.0, 6.0, 1.0, 1.0, -4.0, 3.0, 1.0]","[-9.0, 46.0, 17.0, 16.0, 0.0, 44.0, 16.0, 12.0, 14.0, 39.0, 14.0, 12.0, 13.0, -34.0, 13.0, 14.0]"
1,1791636271.4407418,"[-24.87238500000001, 43.24314000000001, 23.379773999999998, 22.588754999999992, -0.08712299999999118, 43.68259499999999, 22.588754999999992, 23.555555999999996, 24.873920999999996, 43.506812999999994, 22.76453699999999, 22.852428000000003, -1.7570519999999874, 135.265017, 63.19439700000001, 49.13183699999999]","[-1.0, 10.0, 3.0, 1.0, 1.0, 5.0, 1.0, 1.0, 1.0, 2.0, 2.0, 1.0, 1.0, -5.0, 1.0, 1.0]","[-9.0, 41.0, 17.0, 19.0, 0.0, 44.0, 16.0, 12.0, 13.0, 42.0, 14.0, 14.0, 15.0, -32.0, 14.0, 15.0]"
1,1791636271.665497,"[-25.927076999999997, 45.967760999999996, 24.170793000000003, 24.346575, -0.08712299999999118, 46.05565200000001, 23.46766500000001, 24.78603000000001, 25.840722, 46.31932499999999, 23.64344700000001, 23.995011000000005, -1.7570519999999874, 132.80406900000003, 64.33698000000001, 50.098637999999994]","[-2.0, 2.0, 1.0, 3.0, 1.0, 6.0, 1.0, 3.0, 1.0, 7.0, 2.0, 4.0, 1.0, -6.0, 3.0, 3.0]","[0.0, 40.0, 18.0, 16.0, 0.0, 36.0, 16.0, 12.0, 13.0, 37.0, 15.0, 14.0, 13.0, -28.0, 13.0, 15.0]"
1,1791636271.8912919,"[-26.981768999999986, 48.165036000000015, 25.313376000000005, 25.489158000000003, -0.08712299999999118, 47.901363, 24.873920999999996, 25.66494, 26.983305, 47.901363, 24.78603000000001, 25.313376000000005, -1.7570519999999874, 130.87046700000002, 64.424871, 51.065439]","[0.0, 6.0, 1.0, 1.0, 1.0, 3.0, 4.0, 1.0, 1.0, 3.0, 2.0, 1.0, 1.0, -4.0, 1.0, 2.0]","[0.0, 34.0, 17.0, 17.0, 0.0, 42.0, 14.0, 13.0, 0.0, 43.0, 15.0, 13.0, 13.0, -31.0, 16.0, 15.0]"
1,1791636272.1153076,"[-27.94856999999999, 50.362311000000005, 26.28017700000001, 26.455959000000007, -0.08712299999999118, 50.098637999999994, 25.840722, 26.895413999999988, 27.950106000000005, 50.801766000000015, 25.928613000000013, 26.192285999999996, -1.7570519999999874, 128.49741, 66.358473, 52.208022]","[0.0, 2.0, 1.0, 2.0, 1.0, 6.0, 1.0, 3.0, 1.0, 7.0, 4.0, 1.0, 1.0, -2.0, 4.0, 3.0]","[0.0, 37.0, 18.0, 16.0, 0.0, 40.0, 15.0, 12.0, 0.0, 33.0, 13.0, 13.0, 13.0, -28.0, 13.0, 14.0]"
1,1791636272.3392494,"[-28.82748000000001, 52.383804, 27.246978000000013, 27.59854200000001, -0.08712299999999118, 52.559585999999996, 27.071196000000015, 27.42276000000001, 29.092689000000007, 52.120131000000015, 26.895413999999988, 27.510650999999996, -1.7570519999999874, 127.003263, 67.501056, 53.174823]","[0.0, 8.0, 2.0, 2.0, 1.0, 6.0, 1.0, 1.0, 0.0, 1.0, 1.0, 3.0, 1.0, 0.0, 3.0, 1.0]","[-9.0, 34.0, 17.0, 16.0, 0.0, 35.0, 14.0, 13.0, -8.0, 40.0, 14.0, 12.0, 13.0, -33.0, 14.0, 14.0]"
1,1791636272.563387,"[-29.97006300000001, 55.10842500000001, 28.30167, 28.74112500000001, -0.08712299999999118, 54.66897, 28.125888000000003, 28.565343000000013, 30.05949000000001, 54.756861000000015, 28.03799699999999, 28.565343000000013, -1.7570519999999874, 124.89387900000003, 68.555748, 54.14162400000001]","[-2.0, 2.0, 1.0, 3.0, 0.0, 4.0, 1.0, 4.0, 1.0, 9.0, 4.0, 2.0, 1.0, -4.0, 2.0, 2.0]","[0.0, 32.0, 17.0, 14.0, 0.0, 35.0, 15.0, 11.0, 0.0, 32.0, 13.0, 11.0, 12.0, -30.0, 12.0, 14.0]"
1,1791636272.7846136,"[-30.936863999999986, 57.129918, 29.268471000000005, 29.444253000000003, 0.0007679999999936626, 56.954136000000005, 29.35636199999999, 29.795817, 31.114182, 56.42679000000001, 29.004797999999994, 29.620035, -1.7570519999999874, 123.39973200000003, 69.43465800000001, 55.196315999999996]","[0.0, 6.0, 1.0, 4.0, 1.0, 4.0, 3.0, 4.0, 0.0, 1.0, 2.0, 3.0, 1.0, -2.0, 1.0, 3.0]","[0.0, 30.0, 18.0, 16.0, -1.0, 31.0, 13.0, 11.0, -12.0, 37.0, 13.0, 12.0, 14.0, -37.0, 13.0, 14.0]"
1,1791636273.0080948,"[-31.991556000000003, 59.327192999999994, 30.498944999999992, 30.850508999999988, 0.0007679999999936626, 59.06352000000001, 30.498944999999992, 30.762618000000003, 32.080983, 56.42679000000001, 29.883708000000013, 30.67472699999999, -1.7570519999999874, 120.58722, 70.57724100000001, 56.25100800000001]","[-2.0, 4.0, 1.0, 4.0, 1.0, 4.0, 2.0, 2.0, 0.0, 1.0, 1.0, 4.0, 0.0, -8.0, 4.0, 4.0]","[0.0, 30.0, 17.0, 15.0, -7.0, 28.0, 13.0, 12.0, -1.0, 58.0, 14.0, 12.0, 14.0, -28.0, 12.0, 14.0]"
1,1791636273.2352057,"[-32.95835700000001, 61.260795, 31.465745999999996, 31.729419000000007, 0.0007679999999936626, 61.612359, 31.641527999999994, 31.905201000000005, 33.04778400000001, 61.260795, 31.114182, 31.55363700000001, -1.7570519999999874, 118.47783600000002, 71.631933, 57.21780900000002]","[0.0, 8.0, 2.0, 3.0, 1.0, 5.0, 1.0, 2.0, 1.0, 14.0, 4.0, 1.0, 1.0, -2.0, 1.0, 2.0]","[0.0, 27.0, 17.0, 16.0, -3.0, 26.0, 12.0, 11.0, 0.0, 27.0, 12.0, 12.0, 13.0, -28.0, 12.0, 13.0]"
1,1791636273.455784,"[-34.013048999999995, 63.897525, 32.608329, 32.69622000000001, -0.08712299999999118, 63.897525, 32.69622000000001, 32.784110999999996, 34.01458500000001, 63.63385199999999, 32.344656000000015, 32.432547, -1.7570519999999874, 116.28056099999998, 72.86240699999999, 58.272501000000005]","[0.0, 5.0, 3.0, 2.0, 1.0, 5.0, 3.0, 1.0, 0.0, 3.0, 4.0, 1.0, 0.0, -3.0, 1.0, 2.0]","[0.0, 25.0, 16.0, 17.0, -3.0, 24.0, 12.0, 12.0, -1.0, 28.0, 13.0, 12.0, 14.0, -28.0, 12.0, 14.0]"
1,1791636273.680241,"[-35.06774100000001, 65.919018, 33.750912, 33.83880300000001, 0.0007679999999936626, 66.27058199999999, 34.01458500000001, 34.01458500000001, 35.069277, 65.83112700000001, 33.31145699999999, 33.57513, -1.7570519999999874, 114.08328599999999, 73.91709900000001, 59.151410999999996]","[0.0, 7.0, 4.0, 1.0, 1.0, 5.0, 4.0, 4.0, 1.0, 3.0, 2.0, 4.0, 0.0, -3.0, 1.0, 1.0]","[0.0, 23.0, 16.0, 15.0, -2.0, 21.0, 11.0, 12.0, 0.0, 25.0, 11.0, 12.0, 13.0, -26.0, 12.0, 14.0]"
1,1791636273.9044,"[-35.946651, 68.379966, 34.80560399999999, 34.62982199999999, -0.08712299999999118, 68.204184, 34.981386000000015, 34.893495, 36.12396899999999, 68.204184, 34.541931000000005, 34.541931000000005, -1.6691610000000026, 111.97390200000001, 74.971791, 60.293994]","[0.0, 4.0, 3.0, 1.0, 0.0, 4.0, 3.0, 2.0, 1.0, 7.0, 3.0, 2.0, 0.0, -4.0, 3.0, 2.0]","[-8.0, 21.0, 15.0, 15.0, 0.0, 22.0, 11.0, 12.0, -14.0, 22.0, 12.0, 11.0, 13.0, -24.0, 12.0, 14.0]"
1,1791636274.131169,"[-37.00134299999999, 70.40145900000002, 35.860296000000005, 35.860296000000005, -0.08712299999999118, 70.57724100000001, 36.21186, 35.94818699999999, 37.00287900000001, 70.313568, 35.50873200000001, 35.245059, -1.6691610000000026, 109.77662700000002, 76.114374, 61.436577]","[0.0, 6.0, 1.0, 1.0, 1.0, 2.0, 4.0, 1.0, 1.0, 1.0, 3.0, 1.0, 1.0, -2.0, 2.0, 2.0]","[0.0, 20.0, 15.0, 16.0, 0.0, 19.0, 10.0, 12.0, 0.0, 23.0, 11.0, 12.0, 13.0, -26.0, 12.0, 13.0]"
1,1791636274.3551354,"[-37.968143999999995, 73.03818900000002, 37.178661000000005, 36.739205999999996, 0.0007679999999936626, 72.950298, 37.354443, 36.914987999999994, 38.057570999999996, 72.59873400000001, 36.563424, 36.387642, -1.6691610000000026, 107.93091600000002, 77.16906599999999, 62.227596000000005]","[0.0, 5.0, 2.0, 4.0, 1.0, 6.0, 2.0, 2.0, 1.0, 5.0, 3.0, 1.0, 1.0, -3.0, 2.0, 1.0]","[-9.0, 18.0, 14.0, 16.0, -8.0, 17.0, 10.0, 13.0, 0.0, 19.0, 11.0, 12.0, 13.0, -25.0, 11.0, 15.0]"
1,1791636274.5790856,"[-38.847053999999986, 75.23546400000001, 38.14546200000001, 37.79389800000001, -0.08712299999999118, 74.00498999999999, 37.79389800000001, 37.618116000000015, 39.024372, 74.620227, 37.79389800000001, 37.354443, -1.6691610000000026, 105.29418600000002, 78.22375799999998, 63.37017900000001]","[0.0, 5.0, 1.0, 4.0, 0.0, 1.0, 1.0, 1.0, 1.0, 1.0, 4.0, 2.0, 1.0, -5.0, 1.0, 3.0]","[-9.0, 16.0, 16.0, 15.0, 0.0, 24.0, 13.0, 12.0, 0.0, 22.0, 10.0, 12.0, 13.0, -20.0, 11.0, 15.0]"
1,1791636274.8015788,"[-40.077528, 77.608521, 39.375935999999996, 38.40913499999999, 0.0007679999999936626, 74.53233600000002, 38.057570999999996, 38.233352999999994, 40.07906399999999, 76.55382900000001, 38.76069899999999, 38.497026000000005, -1.6691610000000026, 104.32738499999999, 78.57532200000003, 63.897525]","[-1.0, 5.0, 4.0, 1.0, 1.0, 1.0, 0.0, 1.0, 1.0, 6.0, 2.0, 4.0, 1.0, 0.0, 1.0, 1.0]","[-1.0, 16.0, 14.0, 16.0, -12.0, 35.0, 15.0, 12.0, 6.0, 20.0, 11.0, 11.0, 13.0, -29.0, 14.0, 15.0]"
1,1791636275.0270598,"[-40.78065599999999, 79.63001400000002, 40.43062800000001, 39.551717999999994, 0.0007679999999936626, 74.53233600000002, 38.057570999999996, 38.672808, 40.95797400000001, 79.19055900000001, 39.815391000000005, 38.936481000000015, -1.7570519999999874, 104.32738499999999, 78.57532200000003, 64.249089]","[-2.0, 5.0, 3.0, 2.0, 0.0, 0.0, 1.0, 1.0, 1.0, 2.0, 3.0, 4.0, 0.0, 0.0, 1.0, 1.0]","[-9.0, 16.0, 14.0, 16.0, -11.0, 35.0, 19.0, 14.0, 13.0, 18.0, 11.0, 12.0, 12.0, -29.0, 17.0, 17.0]"
1,1791636275.247925,"[-42.01113000000001, 82.00307099999998, 41.48532, 40.60641000000001, 0.0007679999999936626, 74.444445, 38.32124400000001, 39.11226300000001, 41.661102, 81.21205200000003, 40.870082999999994, 40.43062800000001, -1.7570519999999874, 104.32738499999999, 78.66321299999998, 64.95221699999999]","[0.0, 4.0, 1.0, 1.0, 0.0, 0.0, 1.0, 1.0, 1.0, 7.0, 2.0, 2.0, 0.0, 0.0, 1.0, 1.0]","[0.0, 13.0, 14.0, 16.0, -12.0, 37.0, 22.0, 17.0, 14.0, 16.0, 11.0, 13.0, 15.0, -29.0, 20.0, 18.0]"
1,1791636275.475022,"[-43.065822, 84.28823699999998, 42.627903, 41.48532, 0.0007679999999936626, 74.444445, 38.497026000000005, 39.815391000000005, 43.06735800000001, 83.673, 42.10055700000001, 41.573211000000015, -1.7570519999999874, 104.32738499999999, 78.83899500000001, 65.47956300000001]","[0.0, 5.0, 3.0, 3.0, 1.0, 0.0, 1.0, 1.0, 1.0, 5.0, 2.0, 4.0, 0.0, 0.0, 1.0, 1.0]","[0.0, 14.0, 14.0, 17.0, -12.0, 36.0, 29.0, 19.0, 0.0, 15.0, 10.0, 12.0, 13.0, -29.0, 28.0, 20.0]"
1,1791636275.6953778,"[-44.032623, 86.57340299999998, 43.506812999999994, 42.803685, 0.0007679999999936626, 74.444445, 38.672808, 40.254846000000015, 44.03415899999999, 85.69449300000002, 43.06735800000001, 42.54001199999999, -1.7570519999999874, 104.415276, 78.83899500000001, 66.358473]","[0.0, 5.0, 1.0, 4.0, 1.0, 0.0, 1.0, 1.0, 2.0, 4.0, 3.0, 3.0, 0.0, 1.0, 1.0, 3.0]","[0.0, 13.0, 14.0, 16.0, -11.0, 37.0, 33.0, 21.0, 0.0, 16.0, 9.0, 12.0, 14.0, -30.0, 34.0, 22.0]"
1,1791636275.923008,"[-45.08731499999999, 88.41911399999998, 44.649395999999996, 43.41892200000001, 0.0007679999999936626, 73.829208, 38.497026000000005, 40.166955, 44.91306900000001, 88.155441, 44.12205, 43.68259499999999, -1.9328339999999855, 104.59105799999998, 78.83899500000001, 66.358473]","[0.0, 5.0, 3.0, 1.0, 1.0, 1.0, 0.0, 0.0, 1.0, 5.0, 1.0, 2.0, 0.0, 1.0, 1.0, 0.0]","[0.0, 12.0, 14.0, 16.0, 11.0, 11.0, 9.0, 10.0, 0.0, 14.0, 9.0, 10.0, 10.0, -11.0, 10.0, 12.0]"
1,1791636276.1433864,"[-46.05411599999999, 88.594896, 45.528306000000015, 44.73728700000001, 0.0007679999999936626, 73.829208, 38.497026000000005, 40.166955, 46.05565200000001, 88.24333200000001, 45.17674199999999, 44.825177999999994, -1.9328339999999855, 104.59105799999998, 78.83899500000001, 66.358473]","[0.0, 1.0, 1.0, 4.0, 1.0, 0.0, 0.0, 0.0, 1.0, 1.0, 3.0, 3.0, 0.0, 1.0, 0.0, 0.0]","[0.0, 13.0, 14.0, 16.0, 11.0, 11.0, 9.0, 11.0, -14.0, 14.0, 10.0, 11.0, 9.0, -11.0, 10.0, 10.0]"
1,1791636276.3677144,"[-47.020917, 88.77067799999998, 46.582998, 45.791979, 0.0007679999999936626, 73.829208, 38.497026000000005, 40.166955, 47.02245300000001, 88.33122300000002, 46.143542999999994, 45.616197, -1.9328339999999855, 104.59105799999998, 78.83899500000001, 66.358473]","[0.0, 1.0, 3.0, 1.0, 1.0, 1.0, 0.0, 0.0, 1.0, 1.0, 2.0, 4.0, 0.0, 1.0, 0.0, 1.0]","[0.0, 12.0, 14.0, 15.0, 11.0, 11.0, 10.0, 10.0, -14.0, 14.0, 10.0, 11.0, 10.0, -11.0, 10.0, 8.0]"
1,1791636276.5913198,"[-47.72404499999999, 88.77067799999998, 47.54979900000001, 47.19823500000001, 0.0007679999999936626, 73.829208, 38.497026000000005, 40.166955, 48.077145, 88.33122300000002, 47.286125999999996, 47.02245300000001, -1.9328339999999855, 104.59105799999998, 78.83899500000001, 66.358473]","[0.0, 0.0, 1.0, 3.0, 1.0, 1.0, 0.0, 0.0, 1.0, 1.0, 4.0, 4.0, 0.0, 1.0, 0.0, 1.0]","[-9.0, 12.0, 13.0, 16.0, 11.0, 11.0, 10.0, 10.0, -14.0, 13.0, 10.0, 11.0, 9.0, -12.0, 10.0, 12.0]"
1,1791636276.8188515,"[-49.04240999999999, 88.77067799999998, 48.51660000000001, 48.077145, 0.0007679999999936626, 73.829208, 38.497026000000005, 40.166955, 49.043946000000005, 88.33122300000002, 48.165036000000015, 47.81347199999999, -1.9328339999999855, 104.59105799999998, 78.83899500000001, 66.358473]","[-2.0, 0.0, 2.0, 2.0, 1.0, 0.0, 0.0, 0.0, 1.0, 1.0, 3.0, 1.0, 0.0, 1.0, 0.0, 1.0]","[0.0, 13.0, 13.0, 14.0, 11.0, 11.0, 9.0, 9.0, -14.0, 14.0, 10.0, 11.0, 10.0, -11.0, 10.0, 13.0]"
1,1791636277.0429459,"[-49.833428999999995, 88.77067799999998, 49.483401000000015, 49.219728, 0.0007679999999936626, 73.829208, 38.497026000000005, 40.166955, 50.01074700000001, 88.33122300000002, 48.95605499999999, 48.86816400000001, -1.9328339999999855, 104.59105799999998, 78.83899500000001, 66.358473]","[0.0, 0.0, 2.0, 4.0, 1.0, 0.0, 0.0, 0.0, 0.0, 1.0, 1.0, 2.0, 0.0, 1.0, 1.0, 1.0]","[-8.0, 12.0, 14.0, 14.0, 12.0, 11.0, 10.0, 10.0, -14.0, 14.0, 11.0, 11.0, 9.0, -11.0, 11.0, 11.0]"
1,1791636277.2660167,"[-50.80023, 88.77067799999998, 50.45020199999999, 50.362311000000005, 0.0007679999999936626, 73.829208, 38.497026000000005, 40.166955, 51.15333000000001, 88.33122300000002, 50.098637999999994, 49.83496500000001, -1.9328339999999855, 104.59105799999998, 78.83899500000001, 66.358473]","[0.0, 1.0, 3.0, 3.0, 1.0, 0.0, 0.0, 0.0, 1.0, 1.0, 4.0, 1.0, 0.0, 1.0, 0.0, 1.0]","[-9.0, 12.0, 14.0, 15.0, 11.0, 10.0, 9.0, 11.0, -14.0, 14.0, 9.0, 11.0, 10.0, -11.0, 10.0, 11.0]"
1,1791636277.4874053,"[-51.767031, 88.77067799999998, 51.417002999999994, 51.241220999999996, 0.0007679999999936626, 73.829208, 38.497026000000005, 40.166955, 52.03224, 88.33122300000002, 51.065439, 50.801766000000015, -1.9328339999999855, 104.59105799999998, 78.83899500000001, 66.358473]","[0.0, 0.0, 3.0, 2.0, 1.0, 1.0, 0.0, 0.0, 0.0, 1.0, 1.0, 2.0, 0.0, 1.0, 1.0, 0.0]","[-9.0, 12.0, 14.0, 14.0, 11.0, 11.0, 10.0, 9.0, -1.0, 14.0, 10.0, 11.0, 9.0, -11.0, 9.0, 13.0]"
1,1791636277.712898,"[-52.82172299999999, 88.77067799999998, 52.29591300000001, 52.29591300000001, 0.0007679999999936626, 73.829208, 38.497026000000005, 40.166955, 53.174823, 88.33122300000002, 52.208022, 51.76856699999999, -1.9328339999999855, 104.59105799999998, 78.83899500000001, 66.358473]","[-2.0, 0.0, 1.0, 1.0, 1.0, 0.0, 0.0, 0.0, 1.0, 1.0, 3.0, 5.0, 0.0, 1.0, 1.0, 1.0]","[-8.0, 12.0, 15.0, 15.0, 10.0, 10.0, 10.0, 9.0, -14.0, 13.0, 10.0, 10.0, 9.0, -11.0, 10.0, 13.0]"
1,1791636277.936689,"[-53.876414999999994, 88.85856899999999, 53.26271400000002, 53.174823, 0.0007679999999936626, 73.829208, 38.497026000000005, 40.166955, 54.053732999999994, 88.33122300000002, 53.174823, 52.735367999999994, -1.9328339999999855, 104.59105799999998, 78.83899500000001, 66.358473]","[-2.0, 0.0, 3.0, 1.0, 1.0, 1.0, 0.0, 0.0, 0.0, 1.0, 3.0, 2.0, 0.0, 1.0, 1.0, 0.0]","[-9.0, 13.0, 14.0, 14.0, 11.0, 11.0, 10.0, 10.0, 0.0, 14.0, 10.0, 11.0, 9.0, -11.0, 10.0, 11.0]"
1,1791636278.1627634,"[-54.491652, 88.85856899999999, 54.40529699999999, 54.317406000000005, 0.0007679999999936626, 73.829208, 38.497026000000005, 40.166955, 55.10842500000001, 88.33122300000002, 53.96584200000001, 53.79006000000001, -1.9328339999999855, 104.59105799999998, 78.83899500000001, 66.358473]","[0.0, 1.0, 1.0, 3.0, 1.0, 1.0, 0.0, 0.0, 1.0, 1.0, 1.0, 2.0, 0.0, 1.0, 1.0, 0.0]","[-9.0, 12.0, 15.0, 15.0, 11.0, 11.0, 10.0, 9.0, -14.0, 13.0, 11.0, 11.0, 9.0, -12.0, 10.0, 13.0]"
1,1791636278.3867319,"[-55.546344000000005, 88.85856899999999, 55.372097999999994, 55.28420700000001, 0.0007679999999936626, 73.829208, 38.497026000000005, 40.166955, 56.163117, 88.33122300000002, 54.844752, 54.756861000000015, -1.9328339999999855, 104.59105799999998, 78.83899500000001, 66.358473]","[-1.0, 1.0, 2.0, 2.0, 1.0, 0.0, 0.0, 0.0, 1.0, 1.0, 1.0, 2.0, 0.0, 1.0, 0.0, 0.0]","[-9.0, 12.0, 14.0, 14.0, 12.0, 11.0, 10.0, 10.0, -14.0, 14.0, 10.0, 11.0, 10.0, -11.0, 10.0, 12.0]"
1,1791636278.6078522,"[-56.425253999999995, 88.85856899999999, 56.42679000000001, 56.163117, 0.0007679999999936626, 73.829208, 38.497026000000005, 40.166955, 56.954136000000005, 88.33122300000002, 55.987335, 55.811553, -1.9328339999999855, 104.59105799999998, 78.83899500000001, 66.358473]","[0.0, 1.0, 4.0, 3.0, 1.0, 0.0, 0.0, 0.0, 1.0, 1.0, 3.0, 2.0, 0.0, 1.0, 1.0, 0.0]","[-10.0, 13.0, 14.0, 13.0, 11.0, 11.0, 10.0, 11.0, 0.0, 14.0, 10.0, 11.0, 9.0, -11.0, 10.0, 7.0]"
1,1791636278.8321457,"[-57.128382, 88.85856899999999, 57.3057, 57.129918, 0.0007679999999936626, 73.829208, 38.497026000000005, 40.166955, 57.92093700000001, 88.33122300000002, 56.86624499999999, 56.77835400000001, -1.9328339999999855, 104.59105799999998, 78.83899500000001, 66.358473]","[-2.0, 1.0, 1.0, 3.0, 1.0, 1.0, 0.0, 0.0, 1.0, 0.0, 1.0, 4.0, 0.0, 1.0, 1.0, 1.0]","[-10.0, 12.0, 14.0, 16.0, 11.0, 11.0, 10.0, 10.0, 0.0, 15.0, 11.0, 11.0, 9.0, -11.0, 10.0, 9.0]"
1,1791636279.0584207,"[-58.622529, 88.85856899999999, 58.53617400000002, 58.008827999999994, 0.0007679999999936626, 73.829208, 38.497026000000005, 40.166955, 58.975629, 88.33122300000002, 57.74515500000001, 57.56937300000001, -1.9328339999999855, 104.59105799999998, 78.83899500000001, 66.358473]","[-2.0, 1.0, 5.0, 2.0, 1.0, 0.0, 0.0, 0.0, 1.0, 0.0, 1.0, 1.0, 0.0, 1.0, 1.0, 1.0]","[-9.0, 12.0, 13.0, 15.0, 11.0, 11.0, 10.0, 10.0, 0.0, 14.0, 11.0, 12.0, 10.0, -11.0, 10.0, 12.0]"
1,1791636279.2800572,"[-59.149874999999994, 88.85856899999999, 59.590866000000005, 58.975629, 0.0007679999999936626, 73.829208, 38.497026000000005, 40.166955, 59.94243, 88.33122300000002, 58.799847, 58.711956000000015, -1.9328339999999855, 104.59105799999998, 78.83899500000001, 66.358473]","[0.0, 1.0, 1.0, 3.0, 1.0, 1.0, 0.0, 0.0, 1.0, 0.0, 4.0, 3.0, 0.0, 1.0, 1.0, 1.0]","[-9.0, 12.0, 13.0, 14.0, 11.0, 11.0, 10.0, 10.0, 0.0, 14.0, 10.0, 12.0, 10.0, -11.0, 10.0, 12.0]"
1,1791636279.5040092,"[-60.468239999999994, 88.85856899999999, 60.645557999999994, 59.23930200000001, 0.0007679999999936626, 73.829208, 38.497026000000005, 40.166955, 60.99712199999999, 88.33122300000002, 59.85453900000002, 58.711956000000015, -1.9328339999999855, 104.59105799999998, 78.83899500000001, 66.44636400000002]","[-2.0, 1.0, 1.0, 1.0, 1.0, 1.0, 0.0, 0.0, 1.0, 0.0, 1.0, 1.0, 0.0, 1.0, 1.0, 1.0]","[-10.0, 11.0, 14.0, 14.0, 11.0, 10.0, 9.0, 9.0, 0.0, 14.0, 11.0, 12.0, 10.0, -11.0, 9.0, 10.0]"
1,1791636279.7306519,"[-61.698713999999995, 88.85856899999999, 61.788140999999996, 59.23930200000001, 0.0007679999999936626, 73.829208, 38.497026000000005, 40.166955, 61.963922999999994, 88.33122300000002, 61.085013000000004, 58.711956000000015, -1.9328339999999855, 104.59105799999998, 78.83899500000001, 66.358473]","[0.0, 1.0, 2.0, 1.0, 1.0, 0.0, 0.0, 0.0, 1.0, 0.0, 1.0, 1.0, 0.0, 1.0, 1.0, 0.0]","[-9.0, 12.0, 14.0, 14.0, 11.0, 12.0, 9.0, 10.0, 0.0, 14.0, 11.0, 12.0, 9.0, -11.0, 10.0, 12.0]"
1,1791636279.9517043,"[-62.577624, 89.03435100000002, 62.667051000000015, 59.23930200000001, 0.0007679999999936626, 73.829208, 38.497026000000005, 40.166955, 62.930724, 88.33122300000002, 62.227596000000005, 58.711956000000015, -1.9328339999999855, 104.59105799999998, 78.83899500000001, 66.44636400000002]","[-1.0, 2.0, 2.0, 1.0, 1.0, 0.0, 0.0, 1.0, 2.0, 0.0, 5.0, 1.0, 0.0, 1.0, 1.0, 1.0]","[-9.0, 12.0, 14.0, 15.0, 11.0, 11.0, 9.0, 9.0, 0.0, 14.0, 9.0, 11.0, 10.0, -11.0, 10.0, 3.0]"
1,1791636280.178561,"[-63.720207, 89.21013299999998, 63.80963400000002, 59.23930200000001, 0.0007679999999936626, 73.829208, 38.497026000000005, 40.166955, 63.985416000000015, 88.33122300000002, 63.19439700000001, 58.711956000000015, -1.9328339999999855, 104.59105799999998, 78.83899500000001, 66.358473]","[0.0, 1.0, 4.0, 1.0, 1.0, 0.0, 0.0, 0.0, 1.0, 0.0, 2.0, 1.0, 0.0, 1.0, 1.0, 0.0]","[-9.0, 12.0, 14.0, 15.0, 12.0, 10.0, 10.0, 10.0, 0.0, 13.0, 10.0, 12.0, 9.0, -11.0, 10.0, 12.0]"
1,1791636280.3999639,"[-64.774899, 89.21013299999998, 64.68854400000001, 59.23930200000001, 0.0007679999999936626, 73.829208, 38.497026000000005, 40.166955, 64.95221699999999, 88.33122300000002, 63.985416000000015, 58.711956000000015, -1.9328339999999855, 104.59105799999998, 78.83899500000001, 66.358473]","[0.0, 1.0, 1.0, 1.0, 1.0, 0.0, 0.0, 0.0, 1.0, 0.0, 2.0, 1.0, 0.0, 1.0, 1.0, 0.0]","[-9.0, 11.0, 13.0, 14.0, 12.0, 11.0, 9.0, 8.0, 1.0, 14.0, 10.0, 12.0, 9.0, -11.0, 9.0, 12.0]"
1,1791636280.6244009,"[-65.390136, 89.21013299999998, 65.65534500000001, 59.23930200000001, 0.0007679999999936626, 73.829208, 38.497026000000005, 40.166955, 65.919018, 88.33122300000002, 64.864326, 58.711956000000015, -1.9328339999999855, 104.59105799999998, 78.83899500000001, 66.358473]","[0.0, 0.0, 2.0, 1.0, 1.0, 0.0, 0.0, 0.0, 1.0, 0.0, 1.0, 1.0, 0.0, 1.0, 1.0, 0.0]","[-9.0, 11.0, 13.0, 14.0, 11.0, 11.0, 10.0, 9.0, 0.0, 14.0, 10.0, 11.0, 9.0, -11.0, 10.0, 13.0]"
1,1791636280.849353,"[-66.62061, 89.298024, 66.182691, 59.23930200000001, 0.0007679999999936626, 73.829208, 38.497026000000005, 40.166955, 66.97371000000001, 88.33122300000002, 66.00690900000001, 58.711956000000015, -1.9328339999999855, 104.59105799999998, 78.83899500000001, 66.358473]","[-1.0, 0.0, 1.0, 1.0, 1.0, 0.0, 0.0, 0.0, 1.0, 0.0, 2.0, 1.0, 0.0, 1.0, 1.0, 1.0]","[-9.0, 11.0, 15.0, 15.0, 12.0, 11.0, 9.0, 10.0, 0.0, 14.0, 11.0, 11.0, 9.0, -11.0, 10.0, 6.0]"
1,1791636281.0745058,"[-67.675302, 89.298024, 66.710037, 59.23930200000001, 0.0007679999999936626, 73.829208, 38.497026000000005, 40.166955, 67.94051100000001, 88.33122300000002, 66.79792800000001, 58.711956000000015, -1.9328339999999855, 104.59105799999998, 78.83899500000001, 66.358473]","[0.0, 0.0, 1.0, 1.0, 1.0, 1.0, 0.0, 0.0, 2.0, 0.0, 3.0, 1.0, 0.0, 1.0, 1.0, 0.0]","[-9.0, 12.0, 16.0, 15.0, 11.0, 11.0, 10.0, 9.0, 0.0, 14.0, 11.0, 12.0, 9.0, -12.0, 10.0, 13.0]"
1,1791636281.295726,"[-68.55421199999999, 89.298024, 67.14949200000001, 59.23930200000001, 0.0007679999999936626, 73.829208, 38.497026000000005, 40.166955, 68.995203, 88.33122300000002, 67.58894699999999, 58.711956000000015, -1.9328339999999855, 104.59105799999998, 78.83899500000001, 66.44636400000002]","[0.0, 1.0, 1.0, 1.0, 1.0, 1.0, 0.0, 0.0, 2.0, 0.0, 3.0, 1.0, 0.0, 1.0, 1.0, 0.0]","[-9.0, 11.0, 18.0, 15.0, 11.0, 11.0, 9.0, 10.0, 0.0, 14.0, 12.0, 12.0, 10.0, -11.0, 9.0, 11.0]"
1,1791636281.5199144,"[-69.608904, 89.298024, 67.676838, 59.151410999999996, 0.0007679999999936626, 73.829208, 38.497026000000005, 40.166955, 69.874113, 88.33122300000002, 68.379966, 58.711956000000015, -1.9328339999999855, 104.59105799999998, 78.83899500000001, 66.358473]","[-1.0, 1.0, 1.0, 0.0, 1.0, 0.0, 0.0, 0.0, 1.0, 1.0, 1.0, 1.0, 0.0, 1.0, 1.0, 1.0]","[-9.0, 11.0, 21.0, 15.0, 11.0, 11.0, 9.0, 11.0, 14.0, 14.0, 12.0, 11.0, 9.0, -12.0, 9.0, 9.0]"
1,1791636281.743893,"[-70.487814, 89.38591500000001, 67.76472900000002, 59.151410999999996, 0.0007679999999936626, 73.829208, 38.497026000000005, 40.166955, 70.840914, 88.33122300000002, 69.522549, 58.711956000000015, -1.9328339999999855, 104.59105799999998, 78.83899500000001, 66.358473]","[0.0, 1.0, 2.0, 0.0, 1.0, 0.0, 0.0, 0.0, 2.0, 1.0, 3.0, 1.0, 0.0, 1.0, 1.0, 0.0]","[-9.0, 11.0, 24.0, 15.0, 11.0, 10.0, 9.0, 10.0, 14.0, 13.0, 11.0, 12.0, 9.0, -11.0, 9.0, 12.0]"
1,1791636281.970443,"[-71.542506, 89.56169699999998, 68.64363900000001, 59.151410999999996, 0.0007679999999936626, 73.829208, 38.497026000000005, 40.166955, 71.807715, 88.33122300000002, 70.40145900000002, 58.711956000000015, -1.9328339999999855, 104.59105799999998, 78.83899500000001, 66.44636400000002]","[-2.0, 1.0, 1.0, 0.0, 1.0, 0.0, 0.0, 0.0, 1.0, 1.0, 1.0, 1.0, 0.0, 1.0, 1.0, 1.0]","[-9.0, 11.0, 26.0, 15.0, 11.0, 11.0, 9.0, 10.0, 13.0, 14.0, 12.0, 10.0, 8.0, -12.0, 10.0, 5.0]"
1,1791636282.1916487,"[-72.50930699999999, 89.56169699999998, 68.64363900000001, 59.151410999999996, 0.0007679999999936626, 73.829208, 38.497026000000005, 40.166955, 72.59873400000001, 88.41911399999998, 71.28036900000001, 58.799847, -1.9328339999999855, 104.59105799999998, 78.83899500000001, 66.44636400000002]","[0.0, 1.0, 1.0, 0.0, 1.0, 0.0, 1.0, 0.0, 1.0, 1.0, 3.0, 1.0, 0.0, 1.0, 1.0, 1.0]","[-9.0, 11.0, 33.0, 15.0, 11.0, 11.0, 10.0, 10.0, 14.0, 14.0, 12.0, 11.0, 9.0, -11.0, 10.0, 4.0]"
1,1791636282.4183438,"[-73.388217, 89.56169699999998, 69.170985, 59.151410999999996, 0.0007679999999936626, 73.829208, 38.497026000000005, 40.166955, 73.74131700000001, 88.33122300000002, 72.335061, 58.799847, -1.9328339999999855, 104.59105799999998, 78.83899500000001, 66.358473]","[0.0, 0.0, 1.0, 1.0, 1.0, 0.0, 0.0, 0.0, 2.0, 0.0, 2.0, 1.0, 0.0, 1.0, 1.0, 1.0]","[-9.0, 10.0, 35.0, 16.0, 11.0, 10.0, 9.0, 9.0, 14.0, 13.0, 11.0, 12.0, 9.0, -11.0, 10.0, 7.0]"
1,1791636282.642669,"[-73.82767199999999, 89.649588, 69.25887600000001, 59.06352000000001, 0.0007679999999936626, 73.829208, 38.497026000000005, 40.166955, 73.829208, 88.33122300000002, 73.21397100000002, 58.799847, -1.9328339999999855, 104.59105799999998, 78.83899500000001, 66.358473]","[0.0, 1.0, 1.0, 0.0, 1.0, 0.0, 0.0, 0.0, 2.0, 0.0, 4.0, 1.0, 0.0, 1.0, 1.0, 1.0]","[-12.0, 10.0, 43.0, 16.0, 11.0, 11.0, 10.0, 11.0, 15.0, 14.0, 12.0, 11.0, 9.0, -11.0, 9.0, 5.0]"
1,1791636282.865344,"[-73.82767199999999, 89.649588, 69.170985, 59.06352000000001, 0.0007679999999936626, 73.829208, 38.497026000000005, 40.166955, 74.620227, 88.33122300000002, 74.18077199999999, 58.799847, -1.9328339999999855, 104.59105799999998, 78.83899500000001, 66.44636400000002]","[0.0, 1.0, 0.0, 0.0, 0.0, 0.0, 0.0, 0.0, 1.0, 1.0, 2.0, 1.0, 0.0, 1.0, 1.0, 1.0]","[0.0, 10.0, 13.0, 0.0, 12.0, 10.0, 9.0, 10.0, 15.0, 14.0, 14.0, 10.0, 9.0, -11.0, 10.0, 12.0]"
1,1791636283.0876365,"[-73.82767199999999, 89.649588, 69.170985, 59.06352000000001, 0.0007679999999936626, 73.829208, 38.497026000000005, 40.166955, 74.620227, 88.41911399999998, 74.53233600000002, 58.799847, -1.9328339999999855, 104.59105799999998, 78.83899500000001, 66.44636400000002]","[1.0, 1.0, 0.0, 0.0, 0.0, 0.0, 0.0, 0.0, 1.0, 1.0, 1.0, 1.0, 0.0, 1.0, 1.0, 1.0]","[0.0, 10.0, 12.0, 0.0, 11.0, 11.0, 10.0, 9.0, 15.0, 14.0, 16.0, 11.0, 9.0, -11.0, 10.0, 2.0]"
1,1791636283.3121572,"[-73.82767199999999, 89.649588, 69.170985, 59.06352000000001, 0.0007679999999936626, 73.829208, 38.497026000000005, 40.166955, 74.620227, 88.33122300000002, 74.70811800000001, 58.799847, -1.9328339999999855, 104.59105799999998, 78.83899500000001, 66.358473]","[0.0, 1.0, 0.0, 0.0, 0.0, 0.0, 0.0, 0.0, 1.0, 1.0, 4.0, 1.0, 0.0, 1.0, 1.0, 0.0]","[0.0, 10.0, 14.0, 0.0, 12.0, 11.0, 9.0, 10.0, 15.0, 14.0, 17.0, 11.0, 10.0, -12.0, 10.0, 7.0]"
1,1791636283.534998,"[-73.82767199999999, 89.649588, 69.170985, 59.06352000000001, 0.0007679999999936626, 73.829208, 38.497026000000005, 40.166955, 74.620227, 88.41911399999998, 74.88390000000001, 58.799847, -1.9328339999999855, 104.59105799999998, 78.83899500000001, 66.44636400000002]","[0.0, 1.0, 0.0, 0.0, 0.0, 0.0, 0.0, 0.0, 1.0, 1.0, 1.0, 1.0, 0.0, 1.0, 1.0, 1.0]","[0.0, 10.0, 13.0, 0.0, 11.0, 11.0, 10.0, 10.0, 15.0, 14.0, 25.0, 10.0, 10.0, -11.0, 10.0, 0.0]"
1,1791636283.7595897,"[-73.82767199999999, 89.649588, 69.170985, 59.06352000000001, 0.0007679999999936626, 73.829208, 38.497026000000005, 40.166955, 74.620227, 88.41911399999998, 75.23546400000001, 58.799847, -1.9328339999999855, 104.59105799999998, 78.83899500000001, 66.358473]","[0.0, 1.0, 0.0, 0.0, 0.0, 0.0, 0.0, 0.0, 1.0, 1.0, 1.0, 1.0, 0.0, 1.0, 1.0, 0.0]","[0.0, 11.0, 14.0, 0.0, 11.0, 12.0, 9.0, 10.0, 15.0, 14.0, 31.0, 11.0, 10.0, -11.0, 9.0, 8.0]"
1,1791636283.9834545,"[-73.82767199999999, 89.649588, 69.170985, 59.06352000000001, 0.0007679999999936626, 73.829208, 38.497026000000005, 40.166955, 74.620227, 88.41911399999998, 75.23546400000001, 58.799847, -1.9328339999999855, 104.59105799999998, 78.83899500000001, 66.44636400000002]","[1.0, 1.0, 0.0, 0.0, 0.0, 0.0, 0.0, 0.0, 1.0, 1.0, 1.0, 1.0, 0.0, 1.0, 1.0, 1.0]","[0.0, 10.0, 13.0, 0.0, 11.0, 11.0, 10.0, 10.0, 15.0, 13.0, 35.0, 11.0, 10.0, -11.0, 11.0, 3.0]"
1,1791636284.2105541,"[-73.82767199999999, 89.649588, 69.170985, 59.06352000000001, 0.0007679999999936626, 73.829208, 38.497026000000005, 40.166955, 74.620227, 88.41911399999998, 75.67491900000002, 58.799847, -1.9328339999999855, 104.59105799999998, 78.83899500000001, 66.44636400000002]","[1.0, 1.0, 0.0, 0.0, 0.0, 0.0, 0.0, 0.0, 1.0, 1.0, 1.0, 2.0, 0.0, 1.0, 1.0, 1.0]","[0.0, 10.0, 13.0, 0.0, 11.0, 11.0, 9.0, 10.0, 14.0, 13.0, 41.0, 11.0, 9.0, -11.0, 10.0, 2.0]"
1,1791636284.4331136,"[-73.82767199999999, 89.649588, 69.170985, 59.06352000000001, 0.0007679999999936626, 73.829208, 38.497026000000005, 40.166955, 74.620227, 88.41911399999998, 75.587028, 58.711956000000015, -1.9328339999999855, 104.59105799999998, 78.83899500000001, 66.44636400000002]","[0.0, 1.0, 0.0, 0.0, 0.0, 0.0, 0.0, 0.0, 1.0, 1.0, 0.0, 0.0, 0.0, 1.0, 1.0, 0.0]","[3.0, 11.0, 13.0, 0.0, 12.0, 11.0, 9.0, 10.0, 14.0, -10.0, 9.0, 9.0, 10.0, -11.0, 10.0, 0.0]"
2,1791636286.4497743,"[0.0007679999999936626, -5.096910000000008, -1.229705999999993, -0.2629049999999893, -0.08712299999999118, -5.360582999999991, 0.0007679999999936626, -0.2629049999999893, 0.0007679999999936626, -5.360582999999991, -1.3175970000000063, 0.3523319999999899, -1.4933790000000045, 178.243716, 40.166955, 25.752831000000015]","[0.0, 1.0, 1.0, 0.0, 0.0, 0.0, 0.0, 0.0, 0.0, 1.0, 0.0, 0.0, 0.0, 1.0, 0.0, 0.0]","[-9.0, 33.0, 16.0, 13.0, 0.0, 32.0, -10.0, 10.0, -14.0, 36.0, 12.0, -9.0, 13.0, 16.0, -10.0, -15.0]"
2,1791636286.671395,"[0.0007679999999936626, -5.096910000000008, -1.229705999999993, 0.08865900000000693, -0.08712299999999118, -5.096910000000008, 0.6160050000000012, -0.08712299999999118, 0.08865900000000693, -5.272692000000006, -1.1418150000000082, 0.44022300000000314, -1.4933790000000045, 177.98004300000002, 40.254846000000015, 25.840722]","[0.0, 1.0, 0.0, 2.0, 0.0, 1.0, 1.0, 1.0, 1.0, 0.0, 1.0, 1.0, 0.0, 0.0, 1.0, 1.0]","[-10.0, 39.0, 19.0, 15.0, 0.0, 49.0, 10.0, 12.0, -14.0, 45.0, 14.0, 10.0, 17.0, -12.0, 11.0, 14.0]"
2,1791636286.8947034,"[0.0007679999999936626, -4.92112800000001, 0.0007679999999936626, 0.44022300000000314, -0.08712299999999118, -3.7785450000000083, 1.2312420000000088, 0.08865900000000693, 0.08865900000000693, -5.272692000000006, -0.6144689999999855, 0.7038960000000145, -1.4933790000000045, 177.62847900000003, 40.518519, 26.368067999999994]","[0.0, 0.0, 1.0, 1.0, 0.0, 2.0, 1.0, 1.0, 1.0, 1.0, 1.0, 0.0, 0.0, 0.0, 1.0, 2.0]","[-9.0, 49.0, 18.0, 18.0, 0.0, 57.0, 11.0, 14.0, -14.0, 56.0, 16.0, 12.0, 23.0, -24.0, 13.0, 14.0]"
2,1791636287.1193192,"[0.0007679999999936626, -4.5695639999999855, 0.8796780000000126, 1.407024000000007, -0.08712299999999118, -3.2511989999999855, 1.9343700000000013, 1.407024000000007, 0.08865900000000693, -4.657454999999999, 0.17654999999999177, 1.0554600000000107, -1.4054879999999912, 176.48589600000003, 41.48532, 27.159087]","[0.0, 1.0, 1.0, 3.0, 0.0, 6.0, 2.0, 3.0, 0.0, 1.0, 3.0, 1.0, 1.0, -2.0, 4.0, 1.0]","[-9.0, 54.0, 19.0, 16.0, 0.0, 65.0, 12.0, 13.0, -14.0, 59.0, 19.0, 13.0, 26.0, -34.0, 12.0, 15.0]"
2,1791636287.3460045,"[0.0007679999999936626, -4.305891000000003, 1.7585880000000031, 2.3738250000000107, -0.08712299999999118, 0.26444100000000503, 2.813279999999992, 2.1980430000000126, 0.08865900000000693, -4.042217999999991, 1.3191329999999937, 1.0554600000000107, -1.3175970000000063, 173.233929, 42.188447999999994, 28.03799699999999]","[0.0, 1.0, 1.0, 1.0, 0.0, 5.0, 2.0, 2.0, 1.0, 3.0, 3.0, 1.0, 1.0, -4.0, 1.0, 1.0]","[-9.0, 60.0, 19.0, 16.0, 0.0, 53.0, 12.0, 14.0, -14.0, 64.0, 15.0, 17.0, 34.0, -34.0, 14.0, 15.0]"
2,1791636287.566866,"[0.0007679999999936626, -2.4601800000000082, 2.813279999999992, 3.2527350000000013, -0.08712299999999118, 0.528113999999988, 3.4285169999999994, 3.3406260000000145, 0.08865900000000693, -4.042217999999991, 1.846478999999988, 2.813279999999992, -1.3175970000000063, 169.80617999999998, 43.155249, 29.180579999999992]","[0.0, 6.0, 2.0, 1.0, 0.0, 1.0, 1.0, 4.0, 1.0, 1.0, 1.0, 3.0, 1.0, -5.0, 2.0, 3.0]","[-9.0, 50.0, 18.0, 17.0, 0.0, 71.0, 13.0, 13.0, -15.0, 77.0, 17.0, 13.0, 40.0, -29.0, 13.0, 15.0]"
2,1791636287.7910593,"[0.0007679999999936626, -2.28439800000001, 3.7800809999999956, 4.483208999999988, -0.08712299999999118, 3.7800809999999956, 4.483208999999988, 4.30742699999999, 0.08865900000000693, -2.28439800000001, 3.164843999999988, 3.9558629999999937, 0.7038960000000145, 168.487815, 44.56150500000001, 30.147380999999996]","[0.0, 1.0, 3.0, 2.0, 0.0, 1.0, 2.0, 1.0, 1.0, 1.0, 3.0, 1.0, 5.0, 0.0, 4.0, 2.0]","[-9.0, 64.0, 20.0, 17.0, 0.0, 58.0, 13.0, 13.0, -13.0, 62.0, 15.0, 14.0, 30.0, -45.0, 13.0, 15.0]"
2,1791636288.0176551,"[0.0007679999999936626, -0.5265780000000007, 4.834773000000013, 5.450009999999992, -0.08712299999999118, 6.065246999999999, 5.362119000000007, 5.186337000000009, 0.08865900000000693, -1.053923999999995, 4.219536000000005, 4.746881999999999, 1.6706969999999899, 164.620611, 44.649395999999996, 31.114182]","[0.0, 7.0, 4.0, 3.0, 0.0, 3.0, 3.0, 1.0, 1.0, 11.0, 2.0, 1.0, 1.0, -7.0, 1.0, 1.0]","[-9.0, 49.0, 19.0, 16.0, 0.0, 59.0, 13.0, 14.0, -14.0, 60.0, 16.0, 15.0, 33.0, -34.0, 16.0, 15.0]"
2,1791636288.2395866,"[0.0007679999999936626, 0.0007679999999936626, 5.889465000000001, 6.592592999999994, -0.08712299999999118, 6.153138000000013, 5.537901000000005, 6.416810999999996, 0.0007679999999936626, 0.08865900000000693, 5.098445999999996, 6.065246999999999, 2.901171000000005, 161.36864400000002, 46.582998, 32.16887399999999]","[0.0, 3.0, 2.0, 3.0, 0.0, 0.0, 6.0, 4.0, 0.0, 0.0, 2.0, 3.0, 5.0, -7.0, 5.0, 1.0]","[-8.0, 60.0, 20.0, 17.0, 0.0, 84.0, 15.0, 12.0, -14.0, 63.0, 19.0, 13.0, 31.0, -35.0, 12.0, 15.0]"
2,1791636288.465792,"[0.0007679999999936626, 0.0007679999999936626, 6.504702000000009, 7.383611999999999, -0.08712299999999118, 10.020342, 7.2957210000000146, 7.383611999999999, 0.08865900000000693, 0.08865900000000693, 6.153138000000013, 6.94415699999999, 3.164843999999988, 158.292459, 47.54979900000001, 33.223566000000005]","[0.0, 1.0, 6.0, 1.0, 0.0, 4.0, 2.0, 1.0, 1.0, 1.0, 4.0, 1.0, 4.0, -2.0, 3.0, 4.0]","[-9.0, 70.0, 20.0, 17.0, 0.0, 57.0, 13.0, 12.0, -14.0, 74.0, 15.0, 14.0, 38.0, -33.0, 14.0, 15.0]"
2,1791636288.686975,"[0.0007679999999936626, 2.1101519999999994, 7.910957999999994, 8.438303999999988, -0.08712299999999118, 11.426598000000013, 7.910957999999994, 8.526195000000001, 0.08865900000000693, 0.08865900000000693, 7.119938999999988, 7.910957999999994, 5.186337000000009, 155.47994699999998, 48.34081800000001, 34.278257999999994]","[0.0, 7.0, 1.0, 3.0, 0.0, 4.0, 6.0, 4.0, 0.0, 1.0, 3.0, 2.0, 5.0, -4.0, 1.0, 2.0]","[-8.0, 51.0, 19.0, 16.0, 0.0, 63.0, 15.0, 12.0, -14.0, 88.0, 18.0, 14.0, 28.0, -36.0, 13.0, 14.0]"
2,1791636289.1503153,"[0.0007679999999936626, 2.6374979999999937, 8.877758999999998, 9.492996000000005, -0.08712299999999118, 13.623873000000003, 9.317214000000007, 9.405104999999992, 0.0007679999999936626, 0.08865900000000693, 8.174631000000005, 9.053540999999996, 6.328920000000011, 152.31587100000002, 49.571292, 35.33295000000001]","[0.0, 0.0, 0.0, 1.0, 0.0, 1.0, 0.0, 1.0, 1.0, 1.0, 1.0, 1.0, 1.0, 0.0, 1.0, 1.0]","[-8.0, 66.0, 19.0, 17.0, 0.0, 65.0, 14.0, 13.0, -14.0, 104.0, 16.0, 15.0, 29.0, -34.0, 12.0, 14.0]"
2,1791636289.3777866,"[0.0007679999999936626, 2.6374979999999937, 9.756668999999988, 10.459797000000009, -0.08712299999999118, 15.996929999999992, 10.28401500000001, 10.371905999999996, 0.08865900000000693, 4.219536000000005, 8.438303999999988, 9.844560000000001, 6.416810999999996, 150.20648699999998, 50.362311000000005, 36.12396899999999]","[0.0, 0.0, 1.0, 3.0, 0.0, 4.0, 3.0, 3.0, 1.0, 14.0, 1.0, 1.0, 1.0, 0.0, 2.0, 1.0]","[-9.0, 71.0, 19.0, 17.0, 0.0, 57.0, 13.0, 13.0, -14.0, 55.0, 19.0, 14.0, 32.0, -41.0, 12.0, 14.0]"
2,1791636289.6017714,"[0.0007679999999936626, 4.9226639999999975, 10.811361000000005, 11.426598000000013, -0.08712299999999118, 17.930532, 10.28401500000001, 11.250816000000015, 0.0007679999999936626, 4.6589910000000145, 9.844560000000001, 10.89925199999999, 8.438303999999988, 147.13030200000003, 51.50489400000001, 37.26655199999999]","[0.0, 1.0, 3.0, 3.0, 0.0, 7.0, 1.0, 3.0, 0.0, 0.0, 4.0, 2.0, 3.0, -5.0, 4.0, 2.0]","[-8.0, 59.0, 19.0, 16.0, 0.0, 56.0, 16.0, 14.0, -14.0, 66.0, 17.0, 14.0, 29.0, -40.0, 12.0, 13.0]"
2,1791636289.8247027,"[0.0007679999999936626, 4.9226639999999975, 11.690270999999996, 12.305508000000003, -0.08712299999999118, 20.039916000000005, 12.21761699999999, 12.393398999999988, 0.08865900000000693, 5.62579199999999, 10.89925199999999, 11.778162000000009, 9.141432000000009, 143.526771, 52.559585999999996, 38.233352999999994]","[0.0, 1.0, 1.0, 1.0, 0.0, 4.0, 1.0, 1.0, 0.0, 7.0, 1.0, 5.0, 1.0, -7.0, 2.0, 1.0]","[-9.0, 73.0, 19.0, 17.0, 0.0, 57.0, 13.0, 13.0, -14.0, 60.0, 20.0, 14.0, 31.0, -33.0, 13.0, 15.0]"
2,1791636290.0496879,"[0.0007679999999936626, 6.504702000000009, 12.569181000000015, 13.184417999999994, -0.08712299999999118, 21.44617199999999, 13.272309000000007, 13.53598199999999, 0.08865900000000693, 7.032048000000003, 10.89925199999999, 12.92074500000001, 9.844560000000001, 140.450586, 53.526387, 39.375935999999996]","[0.0, 12.0, 1.0, 1.0, 0.0, 7.0, 3.0, 4.0, 0.0, 1.0, 1.0, 4.0, 9.0, -3.0, 3.0, 1.0]","[-9.0, 58.0, 20.0, 17.0, 0.0, 65.0, 14.0, 12.0, -14.0, 62.0, 23.0, 12.0, 28.0, -38.0, 12.0, 14.0]"
2,1791636290.2736971,"[0.0007679999999936626, 8.438303999999988, 13.799655000000001, 14.327000999999996, -0.08712299999999118, 24.346575, 14.327000999999996, 14.414892000000009, 0.08865900000000693, 8.350413000000003, 12.832853999999998, 13.711763999999988, 11.60238000000001, 137.198619, 54.66897, 40.43062800000001]","[0.0, 1.0, 2.0, 3.0, 0.0, 2.0, 2.0, 1.0, 1.0, 7.0, 4.0, 2.0, 0.0, -2.0, 4.0, 3.0]","[-9.0, 58.0, 19.0, 17.0, 0.0, 54.0, 14.0, 14.0, -14.0, 56.0, 17.0, 15.0, 26.0, -33.0, 12.0, 14.0]"
2,1791636290.4976864,"[0.0007679999999936626, 8.438303999999988, 14.766456000000005, 15.293802, -0.08712299999999118, 26.016503999999998, 15.381693000000013, 15.733257000000009, 0.08865900000000693, 8.438303999999988, 13.887546000000015, 13.799655000000001, 11.953944000000007, 133.85876100000002, 55.635771000000005, 41.48532]","[0.0, 0.0, 2.0, 1.0, 0.0, 1.0, 1.0, 4.0, 1.0, 1.0, 2.0, 1.0, 5.0, -7.0, 1.0, 4.0]","[-8.0, 67.0, 19.0, 18.0, 0.0, 62.0, 14.0, 13.0, -15.0, 69.0, 18.0, 19.0, 28.0, -30.0, 13.0, 14.0]"
2,1791636290.7216995,"[0.0007679999999936626, 10.108233000000013, 15.733257000000009, 16.260603000000003, -0.08712299999999118, 28.477452, 16.524276000000015, 16.787948999999998, 0.08865900000000693, 9.668778000000003, 14.766456000000005, 15.821147999999994, 13.623873000000003, 130.694685, 56.690462999999994, 42.36422999999999]","[0.0, 1.0, 3.0, 2.0, 0.0, 3.0, 3.0, 4.0, 0.0, 1.0, 4.0, 3.0, 2.0, -3.0, 2.0, 1.0]","[-9.0, 61.0, 20.0, 16.0, 0.0, 57.0, 15.0, 12.0, -14.0, 65.0, 18.0, 15.0, 28.0, -29.0, 12.0, 15.0]"
2,1791636290.9429147,"[0.0007679999999936626, 10.108233000000013, 16.787948999999998, 16.963730999999996, -0.08712299999999118, 29.971598999999998, 17.578968000000003, 17.75475, 0.08865900000000693, 9.756668999999988, 15.996929999999992, 16.524276000000015, 13.711763999999988, 127.61849999999998, 57.833045999999996, 43.41892200000001]","[0.0, 1.0, 1.0, 1.0, 0.0, 2.0, 4.0, 2.0, 1.0, 2.0, 3.0, 3.0, 1.0, 0.0, 1.0, 1.0]","[-9.0, 73.0, 19.0, 18.0, 0.0, 57.0, 13.0, 12.0, -13.0, 78.0, 17.0, 15.0, 32.0, -30.0, 12.0, 14.0]"
2,1791636291.1665714,"[0.0007679999999936626, 11.514488999999998, 17.930532, 18.19420500000001, -0.08712299999999118, 32.432547, 18.36998700000001, 18.545769000000007, 0.08865900000000693, 9.756668999999988, 16.87584000000001, 17.75475, 15.733257000000009, 124.89387900000003, 59.06352000000001, 44.38572300000001]","[0.0, 13.0, 3.0, 2.0, 0.0, 9.0, 1.0, 2.0, 1.0, 1.0, 4.0, 1.0, 4.0, -4.0, 4.0, 2.0]","[-8.0, 56.0, 19.0, 16.0, 0.0, 52.0, 14.0, 13.0, -14.0, 93.0, 17.0, 15.0, 26.0, -31.0, 12.0, 13.0]"
2,1791636291.3911633,"[0.0007679999999936626, 12.569181000000015, 18.80944199999999, 19.248897, -0.08712299999999118, 34.45403999999999, 19.248897, 19.600460999999996, 0.08865900000000693, 9.756668999999988, 18.106313999999998, 18.721551000000005, 16.700058000000013, 122.432931, 60.118212, 45.528306000000015]","[0.0, 1.0, 1.0, 2.0, 0.0, 2.0, 2.0, 2.0, 1.0, 0.0, 2.0, 1.0, 1.0, -2.0, 3.0, 3.0]","[-9.0, 67.0, 19.0, 16.0, 0.0, 57.0, 14.0, 13.0, -14.0, 107.0, 17.0, 14.0, 25.0, -37.0, 12.0, 13.0]"
2,1791636291.6169226,"[0.0007679999999936626, 12.569181000000015, 19.952024999999992, 20.215698000000003, -0.08712299999999118, 36.82709700000001, 20.215698000000003, 20.655153000000013, 0.08865900000000693, 12.305508000000003, 18.985223999999988, 19.952024999999992, 17.842641000000015, 118.56572699999998, 61.17290400000002, 46.49510699999999]","[0.0, 1.0, 2.0, 3.0, 0.0, 9.0, 1.0, 1.0, 1.0, 23.0, 2.0, 2.0, 1.0, -4.0, 2.0, 3.0]","[-9.0, 79.0, 18.0, 16.0, 0.0, 45.0, 14.0, 12.0, -14.0, 64.0, 17.0, 14.0, 24.0, -27.0, 11.0, 13.0]"
2,1791636291.838788,"[0.0007679999999936626, 14.502782999999994, 21.00671700000001, 21.270389999999992, -0.08712299999999118, 38.936481000000015, 21.00671700000001, 21.534063000000003, 0.08865900000000693, 14.678564999999992, 20.215698000000003, 20.83093500000001, 18.282095999999996, 115.05008700000002, 62.13970499999999, 47.54979900000001]","[0.0, 6.0, 2.0, 1.0, 0.0, 5.0, 3.0, 3.0, 1.0, 1.0, 1.0, 1.0, 6.0, -7.0, 1.0, 4.0]","[-9.0, 65.0, 19.0, 17.0, 0.0, 51.0, 15.0, 13.0, -14.0, 65.0, 16.0, 13.0, 24.0, -23.0, 11.0, 14.0]"
2,1791636292.065585,"[0.0007679999999936626, 14.942238000000003, 22.061408999999998, 22.32508200000001, -0.08712299999999118, 40.95797400000001, 21.797736000000015, 22.676646000000005, 0.08865900000000693, 14.678564999999992, 21.094607999999994, 22.061408999999998, 20.39148, 112.14968399999998, 63.45806999999999, 48.428709]","[0.0, 1.0, 1.0, 2.0, 0.0, 7.0, 1.0, 1.0, 1.0, 1.0, 1.0, 1.0, 4.0, -4.0, 3.0, 1.0]","[-9.0, 74.0, 19.0, 17.0, 0.0, 44.0, 16.0, 13.0, -14.0, 79.0, 18.0, 13.0, 23.0, -25.0, 10.0, 14.0]"
2,1791636292.2858455,"[0.0007679999999936626, 15.909039000000007, 22.852428000000003, 23.203992, -0.08712299999999118, 43.59470400000001, 22.588754999999992, 23.555555999999996, 0.08865900000000693, 17.403186000000005, 21.797736000000015, 22.76453699999999, 20.39148, 108.98560800000001, 64.51276200000001, 49.39551]","[0.0, 11.0, 1.0, 2.0, 1.0, 4.0, 1.0, 1.0, 0.0, 7.0, 6.0, 1.0, 1.0, -4.0, 3.0, 1.0]","[-8.0, 61.0, 19.0, 17.0, -2.0, 44.0, 15.0, 12.0, -14.0, 54.0, 17.0, 16.0, 27.0, -26.0, 11.0, 14.0]"
2,1791636292.513537,"[0.0007679999999936626, 18.282095999999996, 23.907119999999992, 24.258683999999988, 0.0007679999999936626, 45.791979, 23.64344700000001, 24.78603000000001, 0.08865900000000693, 18.282095999999996, 23.203992, 23.819229000000007, 22.14930000000001, 105.55785900000001, 65.12799900000002, 50.45020199999999]","[0.0, 2.0, 3.0, 1.0, 1.0, 7.0, 3.0, 2.0, 1.0, 3.0, 1.0, 3.0, 4.0, -6.0, 7.0, 2.0]","[-9.0, 58.0, 19.0, 17.0, -11.0, 42.0, 16.0, 12.0, -14.0, 68.0, 17.0, 13.0, 20.0, -21.0, 11.0, 14.0]"
2,1791636292.7362368,"[0.0007679999999936626, 18.897333000000003, 24.78603000000001, 25.313376000000005, 0.0007679999999936626, 47.461907999999994, 24.873920999999996, 25.66494, 0.08865900000000693, 19.161006000000015, 24.170793000000003, 25.225484999999992, 22.676646000000005, 103.975821, 65.743236, 50.801766000000015]","[0.0, 2.0, 3.0, 2.0, -1.0, 1.0, 4.0, 1.0, 1.0, 0.0, 3.0, 3.0, 1.0, 0.0, 1.0, 1.0]","[-9.0, 63.0, 22.0, 16.0, -4.0, 46.0, 15.0, 11.0, -15.0, 61.0, 16.0, 12.0, 25.0, -32.0, 12.0, 16.0]"
2,1791636292.9614782,"[0.0007679999999936626, 18.897333000000003, 25.752831000000015, 26.28017700000001, -0.08712299999999118, 49.219728, 25.840722, 26.895413999999988, 0.08865900000000693, 19.248897, 25.137594000000007, 26.10439500000001, 22.676646000000005, 103.18480199999999, 65.743236, 50.889657]","[0.0, 1.0, 2.0, 1.0, 0.0, 1.0, 1.0, 4.0, 0.0, 1.0, 1.0, 2.0, 1.0, 0.0, 0.0, 1.0]","[-9.0, 73.0, 19.0, 16.0, 0.0, 49.0, 16.0, 12.0, -14.0, 72.0, 17.0, 12.0, 32.0, -53.0, 16.0, 19.0]"
2,1791636293.185741,"[0.0007679999999936626, 21.358281000000005, 26.631741000000005, 27.510650999999996, -0.08712299999999118, 51.680676000000005, 27.071196000000015, 27.334868999999998, 0.08865900000000693, 19.248897, 26.016503999999998, 27.334868999999998, 22.76453699999999, 100.28439900000001, 65.743236, 51.065439]","[0.0, 10.0, 1.0, 4.0, 0.0, 5.0, 2.0, 1.0, 0.0, 1.0, 1.0, 2.0, 1.0, -7.0, 0.0, 1.0]","[-9.0, 53.0, 20.0, 16.0, 0.0, 40.0, 15.0, 12.0, -15.0, 84.0, 17.0, 12.0, 39.0, -47.0, 20.0, 23.0]"
2,1791636293.4094613,"[0.0007679999999936626, 21.621953999999988, 27.774324000000007, 28.389561000000015, -0.08712299999999118, 54.493188, 28.213778999999988, 28.565343000000013, 0.08865900000000693, 22.412972999999994, 27.246978000000013, 28.477452, 22.588754999999992, 100.54807199999999, 65.743236, 51.065439]","[0.0, 1.0, 2.0, 1.0, 0.0, 8.0, 2.0, 3.0, 1.0, 14.0, 4.0, 3.0, 0.0, 1.0, 0.0, 1.0]","[-9.0, 65.0, 20.0, 16.0, 0.0, 31.0, 15.0, 12.0, -14.0, 46.0, 16.0, 12.0, 9.0, -11.0, 10.0, 0.0]"
2,1791636293.6334174,"[0.0007679999999936626, 22.852428000000003, 28.653233999999998, 29.532143999999988, 0.0007679999999936626, 56.338899, 29.444253000000003, 29.795817, 0.08865900000000693, 23.995011000000005, 28.125888000000003, 29.35636199999999, 22.588754999999992, 100.54807199999999, 65.743236, 51.065439]","[0.0, 3.0, 3.0, 3.0, 1.0, 0.0, 3.0, 4.0, 1.0, 1.0, 1.0, 5.0, 0.0, 0.0, 0.0, 1.0]","[-9.0, 62.0, 19.0, 16.0, -6.0, 35.0, 14.0, 11.0, -14.0, 51.0, 16.0, 11.0, 10.0, -11.0, 10.0, 0.0]"
2,1791636293.8540275,"[0.0007679999999936626, 22.852428000000003, 29.620035, 30.67472699999999, -0.08712299999999118, 58.448283, 30.586836000000005, 30.762618000000003, 0.08865900000000693, 23.995011000000005, 29.35636199999999, 30.586836000000005, 22.588754999999992, 100.54807199999999, 65.743236, 51.065439]","[0.0, 1.0, 1.0, 2.0, 1.0, 3.0, 3.0, 2.0, 1.0, 1.0, 1.0, 3.0, 1.0, 1.0, 0.0, 1.0]","[-8.0, 72.0, 20.0, 16.0, -2.0, 38.0, 13.0, 13.0, -14.0, 62.0, 17.0, 12.0, 12.0, -10.0, 10.0, 0.0]"
2,1791636294.0786583,"[0.0007679999999936626, 25.577048999999988, 30.67472699999999, 31.729419000000007, 0.0007679999999936626, 60.909231000000005, 31.641527999999994, 31.905201000000005, 0.08865900000000693, 23.995011000000005, 30.147380999999996, 31.465745999999996, 22.588754999999992, 100.54807199999999, 65.743236, 51.065439]","[0.0, 11.0, 1.0, 3.0, 1.0, 6.0, 1.0, 3.0, 1.0, 1.0, 1.0, 1.0, 0.0, 1.0, 0.0, 1.0]","[-8.0, 48.0, 19.0, 16.0, -6.0, 32.0, 13.0, 12.0, -14.0, 74.0, 18.0, 11.0, 10.0, -11.0, 9.0, 0.0]"
2,1791636294.3051922,"[0.0007679999999936626, 26.543849999999992, 31.729419000000007, 32.52043800000001, 0.0007679999999936626, 63.45806999999999, 32.69622000000001, 32.784110999999996, 0.08865900000000693, 26.895413999999988, 31.026291000000015, 32.256765, 22.588754999999992, 100.54807199999999, 65.743236, 51.065439]","[0.0, 1.0, 1.0, 1.0, 1.0, 8.0, 3.0, 3.0, 1.0, 15.0, 2.0, 1.0, 1.0, 0.0, 0.0, 1.0]","[-8.0, 53.0, 19.0, 17.0, -4.0, 27.0, 12.0, 11.0, -14.0, 45.0, 17.0, 13.0, 9.0, -11.0, 10.0, 0.0]"
2,1791636294.5258527,"[0.0007679999999936626, 27.774324000000007, 32.87200200000001, 33.750912, 0.0007679999999936626, 65.83112700000001, 34.01458500000001, 34.01458500000001, 0.08865900000000693, 28.389561000000015, 32.344656000000015, 33.31145699999999, 22.588754999999992, 100.54807199999999, 65.743236, 51.065439]","[0.0, 5.0, 3.0, 4.0, 1.0, 4.0, 4.0, 4.0, 1.0, 3.0, 1.0, 3.0, 1.0, 0.0, 0.0, 1.0]","[-9.0, 51.0, 18.0, 15.0, -10.0, 24.0, 12.0, 12.0, -14.0, 46.0, 16.0, 12.0, 10.0, -10.0, 10.0, 0.0]"
2,1791636294.7528996,"[0.0007679999999936626, 28.91690700000001, 33.83880300000001, 34.62982199999999, -0.08712299999999118, 67.58894699999999, 34.981386000000015, 34.981386000000015, 0.08865900000000693, 28.389561000000015, 33.48723899999999, 34.45403999999999, 22.588754999999992, 100.54807199999999, 65.743236, 51.065439]","[0.0, 2.0, 1.0, 1.0, -1.0, 2.0, 4.0, 2.0, 1.0, 1.0, 3.0, 3.0, 1.0, 0.0, 0.0, 0.0]","[-9.0, 51.0, 19.0, 16.0, 0.0, 28.0, 12.0, 12.0, -14.0, 58.0, 15.0, 13.0, 9.0, -11.0, 10.0, 0.0]"
2,1791636294.9765744,"[0.0007679999999936626, 28.91690700000001, 34.981386000000015, 35.77240499999999, 0.0007679999999936626, 70.04989499999999, 36.21186, 35.94818699999999, 0.08865900000000693, 29.092689000000007, 34.45403999999999, 35.15716800000001, 22.588754999999992, 100.54807199999999, 65.743236, 51.065439]","[1.0, 0.0, 3.0, 2.0, 0.0, 5.0, 4.0, 1.0, 1.0, 8.0, 2.0, 1.0, 1.0, 1.0, 0.0, 1.0]","[-9.0, 63.0, 18.0, 14.0, -6.0, 24.0, 11.0, 11.0, -14.0, 54.0, 16.0, 13.0, 9.0, -10.0, 11.0, 0.0]"
2,1791636295.197344,"[0.0007679999999936626, 31.289963999999998, 36.12396899999999, 36.65131500000001, 0.0007679999999936626, 72.510843, 37.354443, 36.914987999999994, 0.08865900000000693, 31.99309199999999, 35.596622999999994, 36.387642, 22.588754999999992, 100.54807199999999, 65.743236, 51.065439]","[1.0, 12.0, 3.0, 1.0, 0.0, 5.0, 2.0, 2.0, 1.0, 5.0, 3.0, 4.0, 0.0, 1.0, 0.0, 1.0]","[-8.0, 42.0, 18.0, 15.0, -8.0, 20.0, 11.0, 11.0, -15.0, 40.0, 15.0, 12.0, 12.0, -11.0, 9.0, 0.0]"
2,1791636295.4249594,"[0.0007679999999936626, 31.641527999999994, 37.178661000000005, 37.530225, 0.0007679999999936626, 73.74131700000001, 37.96968000000001, 37.618116000000015, 0.08865900000000693, 32.344656000000015, 36.47553300000001, 37.26655199999999, 22.588754999999992, 100.635963, 65.743236, 51.065439]","[0.0, 1.0, 1.0, 1.0, 0.0, 1.0, 1.0, 1.0, 1.0, 1.0, 1.0, 2.0, 1.0, 1.0, 0.0, 1.0]","[-9.0, 52.0, 18.0, 16.0, -12.0, 28.0, 12.0, 13.0, -14.0, 48.0, 16.0, 13.0, 10.0, -10.0, 10.0, 0.0]"
2,1791636295.6489687,"[0.0007679999999936626, 33.223566000000005, 38.32124400000001, 38.40913499999999, 0.0007679999999936626, 74.18077199999999, 38.14546200000001, 38.32124400000001, 0.08865900000000693, 33.13567499999999, 37.618116000000015, 38.32124400000001, 22.588754999999992, 100.54807199999999, 65.743236, 51.065439]","[0.0, 3.0, 3.0, 0.0, 1.0, 1.0, 1.0, 1.0, 1.0, 1.0, 3.0, 1.0, 1.0, 0.0, 0.0, 1.0]","[-9.0, 48.0, 17.0, 17.0, -11.0, 38.0, 15.0, 12.0, -14.0, 50.0, 13.0, 12.0, 9.0, -11.0, 10.0, 0.0]"
2,1791636295.8722956,"[-0.08712299999999118, 33.57513, 39.28804500000001, 39.28804500000001, -0.08712299999999118, 74.796009, 38.233352999999994, 38.672808, 0.08865900000000693, 33.13567499999999, 38.672808, 39.024372, 22.588754999999992, 100.635963, 65.743236, 51.065439]","[0.0, 2.0, 1.0, 2.0, 1.0, 1.0, 1.0, 1.0, 1.0, 1.0, 1.0, 1.0, 1.0, 1.0, 0.0, 1.0]","[-1.0, 47.0, 18.0, 17.0, -3.0, 50.0, 17.0, 15.0, -15.0, 59.0, 15.0, 13.0, 9.0, -11.0, 10.0, 0.0]"
2,1791636296.0955966,"[-0.08712299999999118, 35.68451400000001, 40.518519, 40.518519, 0.0007679999999936626, 74.88390000000001, 38.233352999999994, 38.76069899999999, 0.08865900000000693, 33.13567499999999, 39.63960900000001, 40.342737, 22.588754999999992, 100.54807199999999, 65.743236, 51.065439]","[1.0, 3.0, 4.0, 1.0, 1.0, 2.0, 0.0, 1.0, 1.0, 0.0, 2.0, 1.0, 0.0, 0.0, 0.0, 1.0]","[0.0, 44.0, 17.0, 16.0, -10.0, 70.0, 24.0, 18.0, -13.0, 71.0, 14.0, 12.0, 9.0, -11.0, 10.0, 0.0]"
2,1791636296.3195884,"[-0.08712299999999118, 35.77240499999999, 41.661102, 41.39742899999999, -0.08712299999999118, 75.67491900000002, 38.32124400000001, 39.72749999999999, 0.08865900000000693, 33.48723899999999, 40.870082999999994, 41.39742899999999, 22.588754999999992, 100.635963, 65.743236, 51.065439]","[1.0, 1.0, 4.0, 2.0, 0.0, 1.0, 1.0, 2.0, 1.0, 4.0, 3.0, 1.0, 1.0, 1.0, 0.0, 1.0]","[-4.0, 52.0, 16.0, 17.0, 0.0, 93.0, 31.0, 19.0, -14.0, 69.0, 14.0, 12.0, 9.0, -10.0, 10.0, 0.0]"
2,1791636296.5450518,"[-0.08712299999999118, 37.618116000000015, 42.627903, 42.71579399999999, -0.08712299999999118, 75.67491900000002, 38.32124400000001, 40.07906399999999, 0.08865900000000693, 37.881789, 42.012665999999996, 42.54001199999999, 22.500864000000007, 100.635963, 65.743236, 51.065439]","[0.0, 5.0, 2.0, 4.0, 0.0, 1.0, 1.0, 2.0, 1.0, 1.0, 2.0, 3.0, 0.0, 1.0, 0.0, 1.0]","[0.0, 40.0, 17.0, 16.0, -4.0, 119.0, 38.0, 23.0, -14.0, 43.0, 13.0, 12.0, 10.0, -11.0, 10.0, 0.0]"
2,1791636296.7678964,"[-0.08712299999999118, 37.79389800000001, 43.68259499999999, 43.41892200000001, -0.08712299999999118, 74.53233600000002, 38.14546200000001, 40.07906399999999, 0.08865900000000693, 37.881789, 43.155249, 43.68259499999999, 22.500864000000007, 100.635963, 65.743236, 51.065439]","[1.0, 1.0, 1.0, 2.0, 0.0, 0.0, 1.0, 0.0, 1.0, 1.0, 3.0, 3.0, 0.0, 1.0, 0.0, 1.0]","[-1.0, 51.0, 16.0, 16.0, 0.0, 12.0, 10.0, 0.0, -14.0, 52.0, 13.0, 11.0, 9.0, -11.0, 10.0, 0.0]"
2,1791636296.9907491,"[-0.08712299999999118, 37.79389800000001, 44.649395999999996, 44.73728700000001, -0.08712299999999118, 74.53233600000002, 38.14546200000001, 40.07906399999999, 0.08865900000000693, 37.881789, 44.12205, 44.73728700000001, 22.500864000000007, 100.635963, 65.743236, 51.065439]","[1.0, 1.0, 1.0, 4.0, 0.0, 0.0, 1.0, 0.0, 1.0, 1.0, 1.0, 2.0, 1.0, 1.0, 0.0, 1.0]","[0.0, 69.0, 17.0, 15.0, 0.0, 12.0, 10.0, 0.0, -14.0, 65.0, 12.0, 11.0, 9.0, -11.0, 11.0, 0.0]"
2,1791636297.2169316,"[-0.08712299999999118, 40.95797400000001, 45.791979, 45.791979, -0.08712299999999118, 74.53233600000002, 38.14546200000001, 40.07906399999999, 0.08865900000000693, 37.881789, 45.00095999999999, 45.528306000000015, 22.500864000000007, 100.635963, 65.743236, 51.065439]","[0.0, 5.0, 3.0, 3.0, 0.0, 0.0, 1.0, 0.0, 1.0, 1.0, 3.0, 4.0, 0.0, 1.0, 0.0, 1.0]","[0.0, 40.0, 16.0, 15.0, 0.0, 12.0, 10.0, 0.0, -15.0, 71.0, 13.0, 11.0, 9.0, -10.0, 10.0, 0.0]"
2,1791636297.4398685,"[-0.08712299999999118, 41.573211000000015, 46.75878, 47.110344, -0.08712299999999118, 74.53233600000002, 38.14546200000001, 40.07906399999999, 0.08865900000000693, 42.27633900000001, 46.31932499999999, 47.02245300000001, 22.500864000000007, 100.635963, 65.743236, 51.065439]","[0.0, 3.0, 1.0, 3.0, 0.0, 0.0, 1.0, 0.0, 1.0, 6.0, 5.0, 4.0, 1.0, 1.0, 1.0, 1.0]","[0.0, 40.0, 16.0, 15.0, 0.0, 12.0, 11.0, 0.0, -14.0, 39.0, 12.0, 11.0, 10.0, -10.0, 9.0, 0.0]"
2,1791636297.662871,"[-0.08712299999999118, 42.627903, 47.81347199999999, 47.98925399999999, -0.08712299999999118, 74.53233600000002, 38.14546200000001, 40.07906399999999, 0.08865900000000693, 42.36422999999999, 47.286125999999996, 47.81347199999999, 22.500864000000007, 100.635963, 65.743236, 51.065439]","[0.0, 8.0, 3.0, 1.0, 0.0, 0.0, 1.0, 0.0, 1.0, 1.0, 1.0, 1.0, 1.0, 1.0, 1.0, 1.0]","[0.0, 40.0, 16.0, 15.0, 0.0, 12.0, 10.0, 0.0, -15.0, 47.0, 12.0, 11.0, 10.0, -11.0, 10.0, 0.0]"
2,1791636297.888931,"[-0.08712299999999118, 44.56150500000001, 48.780272999999994, 49.219728, -0.08712299999999118, 74.53233600000002, 38.14546200000001, 40.07906399999999, 0.08865900000000693, 44.297832, 48.34081800000001, 48.95605499999999, 22.500864000000007, 100.635963, 65.743236, 51.065439]","[0.0, 1.0, 3.0, 4.0, 0.0, 0.0, 1.0, 0.0, 1.0, 8.0, 3.0, 3.0, 1.0, 1.0, 1.0, 1.0]","[0.0, 33.0, 16.0, 15.0, 0.0, 12.0, 10.0, 0.0, -14.0, 34.0, 12.0, 11.0, 10.0, -12.0, 10.0, 0.0]"
2,1791636298.1115427,"[-0.08712299999999118, 45.616197, 49.83496500000001, 50.45020199999999, -0.08712299999999118, 74.53233600000002, 38.14546200000001, 40.07906399999999, 0.08865900000000693, 45.967760999999996, 49.39551, 49.922855999999996, 22.500864000000007, 100.635963, 65.743236, 51.065439]","[0.0, 1.0, 1.0, 4.0, 0.0, 0.0, 1.0, 0.0, 1.0, 2.0, 2.0, 2.0, 0.0, 1.0, 1.0, 1.0]","[0.0, 36.0, 15.0, 14.0, 0.0, 11.0, 10.0, 0.0, -14.0, 33.0, 12.0, 11.0, 9.0, -11.0, 10.0, 0.0]"
2,1791636298.3358152,"[-0.08712299999999118, 45.616197, 50.801766000000015, 51.32911200000001, -0.08712299999999118, 74.53233600000002, 38.14546200000001, 40.07906399999999, 0.08865900000000693, 45.967760999999996, 50.45020199999999, 50.889657, 22.588754999999992, 100.635963, 65.743236, 51.065439]","[0.0, 1.0, 2.0, 3.0, 0.0, 0.0, 1.0, 0.0, 1.0, 1.0, 3.0, 3.0, 1.0, 1.0, 1.0, 0.0]","[0.0, 43.0, 16.0, 15.0, 0.0, 12.0, 9.0, 0.0, -15.0, 43.0, 12.0, 10.0, 10.0, -10.0, 10.0, 3.0]"
2,1791636298.5605323,"[-0.08712299999999118, 47.901363, 51.94434900000002, 52.383804, -0.08712299999999118, 74.53233600000002, 38.14546200000001, 40.07906399999999, 0.08865900000000693, 47.725581000000005, 51.59278499999999, 51.94434900000002, 22.588754999999992, 100.635963, 65.743236, 51.065439]","[0.0, 8.0, 1.0, 1.0, 0.0, 0.0, 1.0, 0.0, 1.0, 3.0, 3.0, 1.0, 1.0, 1.0, 1.0, 1.0]","[0.0, 29.0, 16.0, 15.0, 0.0, 12.0, 10.0, 0.0, -14.0, 36.0, 11.0, 11.0, 11.0, -11.0, 10.0, 0.0]"
2,1791636298.7822866,"[-0.08712299999999118, 49.13183699999999, 52.999041000000005, 53.438496000000015, -0.08712299999999118, 74.53233600000002, 38.14546200000001, 40.07906399999999, 0.08865900000000693, 47.725581000000005, 52.64747700000001, 52.91114999999999, 22.500864000000007, 100.635963, 65.743236, 51.065439]","[0.0, 3.0, 3.0, 4.0, 0.0, 0.0, 1.0, 0.0, 1.0, 1.0, 1.0, 4.0, 1.0, 1.0, 1.0, 1.0]","[0.0, 33.0, 16.0, 14.0, 0.0, 13.0, 9.0, 0.0, -14.0, 43.0, 11.0, 11.0, 10.0, -10.0, 10.0, 0.0]"
2,1791636299.0074487,"[-0.08712299999999118, 50.01074700000001, 54.053732999999994, 54.22951499999999, -0.08712299999999118, 74.53233600000002, 38.14546200000001, 40.07906399999999, 0.08865900000000693, 50.538093, 53.526387, 53.79006000000001, 22.500864000000007, 100.635963, 65.743236, 51.065439]","[0.0, 1.0, 4.0, 5.0, 0.0, 0.0, 1.0, 0.0, 1.0, 7.0, 1.0, 1.0, 0.0, 1.0, 1.0, 1.0]","[0.0, 32.0, 14.0, 14.0, 0.0, 12.0, 10.0, 0.0, -14.0, 27.0, 11.0, 11.0, 9.0, -11.0, 10.0, 0.0]"
2,1791636299.2328243,"[-0.08712299999999118, 50.45020199999999, 55.196315999999996, 55.45998900000001, -0.08712299999999118, 74.53233600000002, 38.14546200000001, 40.07906399999999, 0.08865900000000693, 51.32911200000001, 54.756861000000015, 54.93264300000001, 22.500864000000007, 100.635963, 65.743236, 51.065439]","[0.0, 1.0, 3.0, 3.0, 0.0, 0.0, 1.0, 0.0, 1.0, 5.0, 2.0, 3.0, 1.0, 1.0, 1.0, 1.0]","[0.0, 36.0, 14.0, 14.0, 0.0, 12.0, 10.0, 0.0, -14.0, 29.0, 11.0, 11.0, 10.0, -12.0, 9.0, 0.0]"
2,1791636299.4534602,"[-0.08712299999999118, 52.29591300000001, 56.163117, 56.338899, -0.08712299999999118, 74.53233600000002, 38.14546200000001, 40.07906399999999, 0.08865900000000693, 51.417002999999994, 55.635771000000005, 55.811553, 22.500864000000007, 100.635963, 65.743236, 51.065439]","[1.0, 5.0, 2.0, 1.0, 0.0, 0.0, 1.0, 0.0, 1.0, 1.0, 1.0, 3.0, 0.0, 1.0, 1.0, 1.0]","[0.0, 28.0, 14.0, 15.0, 0.0, 12.0, 10.0, 0.0, -14.0, 38.0, 12.0, 10.0, 9.0, -11.0, 9.0, 0.0]"
2,1791636299.6794817,"[-0.08712299999999118, 53.526387, 57.21780900000002, 57.129918, -0.08712299999999118, 74.53233600000002, 38.14546200000001, 40.07906399999999, 0.08865900000000693, 52.91114999999999, 56.77835400000001, 56.86624499999999, 22.500864000000007, 100.635963, 65.743236, 51.065439]","[0.0, 2.0, 2.0, 1.0, 0.0, 0.0, 1.0, 0.0, 1.0, 3.0, 4.0, 3.0, 1.0, 1.0, 1.0, 1.0]","[0.0, 29.0, 14.0, 14.0, 0.0, 12.0, 9.0, 0.0, -15.0, 33.0, 11.0, 11.0, 9.0, -11.0, 9.0, 0.0]"
2,1791636299.9043279,"[-0.08712299999999118, 54.756861000000015, 58.448283, 58.18460999999999, -0.08712299999999118, 74.53233600000002, 38.14546200000001, 40.07906399999999, 0.08865900000000693, 52.999041000000005, 57.74515500000001, 57.833045999999996, 22.500864000000007, 100.635963, 65.743236, 51.065439]","[0.0, 1.0, 4.0, 3.0, 0.0, 0.0, 1.0, 0.0, 1.0, 1.0, 2.0, 4.0, 0.0, 1.0, 1.0, 1.0]","[0.0, 28.0, 13.0, 14.0, 0.0, 12.0, 10.0, 0.0, -14.0, 42.0, 11.0, 10.0, 9.0, -10.0, 10.0, 0.0]"
2,1791636300.128199,"[-0.08712299999999118, 55.811553, 59.590866000000005, 59.23930200000001, -0.08712299999999118, 74.53233600000002, 38.14546200000001, 40.07906399999999, 0.08865900000000693, 55.372097999999994, 58.799847, 58.799847, 22.500864000000007, 100.635963, 65.743236, 51.065439]","[0.0, 2.0, 2.0, 1.0, 0.0, 0.0, 1.0, 0.0, 1.0, 12.0, 4.0, 2.0, 0.0, 1.0, 1.0, 1.0]","[0.0, 28.0, 14.0, 14.0, 0.0, 12.0, 10.0, 0.0, -14.0, 26.0, 10.0, 11.0, 9.0, -11.0, 9.0, 0.0]"
2,1791636300.3527462,"[-0.08712299999999118, 56.86624499999999, 59.766648, 60.20610300000001, -0.08712299999999118, 74.53233600000002, 38.14546200000001, 40.07906399999999, 0.08865900000000693, 55.987335, 58.975629, 59.766648, 22.588754999999992, 100.635963, 65.743236, 51.065439]","[0.0, 4.0, 1.0, 3.0, 1.0, 0.0, 1.0, 0.0, 1.0, 1.0, 1.0, 1.0, 1.0, 1.0, 1.0, 0.0]","[0.0, 27.0, 13.0, 14.0, -1.0, 12.0, 10.0, 0.0, -15.0, 32.0, 11.0, 11.0, 9.0, -11.0, 10.0, 0.0]"
2,1791636300.5735383,"[-0.08712299999999118, 58.008827999999994, 59.766648, 61.260795, -0.08712299999999118, 74.53233600000002, 38.14546200000001, 40.07906399999999, 0.08865900000000693, 56.42679000000001, 59.06352000000001, 60.909231000000005, 22.500864000000007, 100.635963, 65.743236, 51.065439]","[0.0, 1.0, 1.0, 3.0, 0.0, 0.0, 1.0, 0.0, 1.0, 1.0, 1.0, 3.0, 0.0, 1.0, 1.0, 1.0]","[0.0, 25.0, 14.0, 15.0, 0.0, 13.0, 10.0, 0.0, -14.0, 37.0, 11.0, 10.0, 10.0, -11.0, 11.0, 0.0]"
2,1791636300.7998443,"[-0.08712299999999118, 58.975629, 59.766648, 62.13970499999999, -0.08712299999999118, 74.53233600000002, 38.14546200000001, 40.07906399999999, 0.08865900000000693, 57.74515500000001, 59.06352000000001, 61.87603200000001, 22.588754999999992, 100.635963, 65.743236, 51.065439]","[0.0, 3.0, 1.0, 2.0, 0.0, 0.0, 1.0, 0.0, 1.0, 7.0, 1.0, 3.0, 1.0, 1.0, 1.0, 1.0]","[-1.0, 26.0, 13.0, 15.0, 0.0, 13.0, 9.0, 0.0, -15.0, 31.0, 10.0, 11.0, 9.0, -11.0, 10.0, 0.0]"
2,1791636301.0243926,"[0.0007679999999936626, 59.766648, 59.85453900000002, 63.19439700000001, -0.08712299999999118, 74.53233600000002, 38.14546200000001, 40.07906399999999, 0.08865900000000693, 60.20610300000001, 59.06352000000001, 63.01861500000001, 22.500864000000007, 100.635963, 65.743236, 51.065439]","[1.0, 1.0, 1.0, 3.0, 1.0, 0.0, 1.0, 0.0, 1.0, 3.0, 1.0, 3.0, 1.0, 1.0, 1.0, 1.0]","[-1.0, 28.0, 13.0, 14.0, 0.0, 13.0, 10.0, 0.0, -14.0, 23.0, 10.0, 10.0, 9.0, -10.0, 9.0, 0.0]"
2,1791636301.2485094,"[-0.08712299999999118, 60.73344900000001, 59.85453900000002, 64.16119800000001, -0.08712299999999118, 74.53233600000002, 38.14546200000001, 40.07906399999999, 0.08865900000000693, 60.293994, 59.327192999999994, 63.80963400000002, 22.500864000000007, 100.635963, 65.743236, 51.065439]","[0.0, 4.0, 1.0, 1.0, 0.0, 0.0, 1.0, 0.0, 1.0, 1.0, 1.0, 1.0, 1.0, 1.0, 1.0, 1.0]","[0.0, 28.0, 14.0, 14.0, 0.0, 13.0, 9.0, 0.0, -14.0, 31.0, 10.0, 12.0, 10.0, -11.0, 9.0, 0.0]"
2,1791636301.4714265,"[-0.08712299999999118, 62.31548699999999, 59.85453900000002, 65.12799900000002, -0.08712299999999118, 74.53233600000002, 38.14546200000001, 40.07906399999999, 0.08865900000000693, 62.05181400000001, 59.41508400000001, 64.77643499999999, 22.588754999999992, 100.635963, 65.743236, 51.065439]","[1.0, 3.0, 1.0, 1.0, 0.0, 0.0, 1.0, 0.0, 1.0, 4.0, 1.0, 1.0, 1.0, 1.0, 1.0, 1.0]","[-6.0, 22.0, 13.0, 15.0, 0.0, 13.0, 9.0, 0.0, -15.0, 24.0, 10.0, 11.0, 9.0, -11.0, 10.0, 0.0]"
2,1791636301.6931834,"[0.0007679999999936626, 63.45806999999999, 59.85453900000002, 66.27058199999999, -0.08712299999999118, 74.53233600000002, 38.14546200000001, 40.07906399999999, 0.08865900000000693, 63.106505999999996, 59.41508400000001, 65.919018, 22.500864000000007, 100.635963, 65.743236, 51.065439]","[1.0, 4.0, 1.0, 1.0, 0.0, 0.0, 1.0, 0.0, 1.0, 2.0, 1.0, 3.0, 0.0, 1.0, 1.0, 1.0]","[-3.0, 22.0, 14.0, 15.0, 0.0, 12.0, 10.0, 0.0, -14.0, 23.0, 10.0, 10.0, 9.0, -11.0, 10.0, 0.0]"
2,1791636301.9183931,"[-0.08712299999999118, 64.33698000000001, 59.85453900000002, 67.32527400000001, -0.08712299999999118, 74.53233600000002, 38.14546200000001, 40.07906399999999, 0.08865900000000693, 64.33698000000001, 59.41508400000001, 66.885819, 22.500864000000007, 100.635963, 65.743236, 51.065439]","[1.0, 1.0, 1.0, 3.0, 0.0, 0.0, 1.0, 0.0, 0.0, 4.0, 1.0, 3.0, 1.0, 1.0, 1.0, 1.0]","[0.0, 23.0, 13.0, 14.0, 0.0, 12.0, 10.0, 0.0, -14.0, 23.0, 10.0, 11.0, 9.0, -12.0, 11.0, 0.0]"
2,1791636302.1432967,"[0.0007679999999936626, 65.12799900000002, 59.85453900000002, 68.29207500000001, -0.08712299999999118, 74.53233600000002, 38.14546200000001, 40.07906399999999, 0.08865900000000693, 65.391672, 59.41508400000001, 68.028402, 22.500864000000007, 100.635963, 65.743236, 51.065439]","[1.0, 8.0, 1.0, 1.0, 0.0, 0.0, 1.0, 0.0, 0.0, 1.0, 1.0, 4.0, 1.0, 1.0, 1.0, 0.0]","[-3.0, 22.0, 13.0, 14.0, 0.0, 12.0, 9.0, 0.0, -14.0, 23.0, 10.0, 10.0, 9.0, -11.0, 10.0, 0.0]"
2,1791636302.3683786,"[-0.08712299999999118, 66.79792800000001, 59.85453900000002, 69.346767, -0.08712299999999118, 74.53233600000002, 38.14546200000001, 40.07906399999999, 0.08865900000000693, 66.182691, 59.41508400000001, 68.819421, 22.588754999999992, 100.635963, 65.743236, 51.065439]","[1.0, 2.0, 1.0, 4.0, 0.0, 0.0, 1.0, 0.0, 0.0, 1.0, 1.0, 2.0, 1.0, 1.0, 1.0, 1.0]","[-2.0, 21.0, 13.0, 13.0, 0.0, 12.0, 10.0, 0.0, -15.0, 25.0, 10.0, 11.0, 10.0, -11.0, 10.0, 0.0]"
2,1791636302.5903263,"[-0.08712299999999118, 66.79792800000001, 59.85453900000002, 70.313568, -0.08712299999999118, 74.53233600000002, 38.14546200000001, 40.07906399999999, 0.08865900000000693, 67.32527400000001, 59.41508400000001, 69.78622200000001, 22.500864000000007, 100.635963, 65.743236, 51.065439]","[0.0, 0.0, 0.0, 3.0, 0.0, 0.0, 1.0, 0.0, 1.0, 5.0, 1.0, 3.0, 0.0, 1.0, 1.0, 1.0]","[0.0, 25.0, 13.0, 13.0, 0.0, 12.0, 10.0, 0.0, -14.0, 21.0, 9.0, 11.0, 10.0, -11.0, 9.0, 0.0]"
2,1791636302.8126907,"[0.0007679999999936626, 68.90731199999999, 59.85453900000002, 71.28036900000001, -0.08712299999999118, 74.53233600000002, 38.14546200000001, 40.07906399999999, 0.08865900000000693, 68.46785700000001, 59.41508400000001, 70.92880500000001, 22.500864000000007, 100.635963, 65.743236, 51.065439]","[1.0, 4.0, 0.0, 2.0, 0.0, 0.0, 1.0, 0.0, 0.0, 1.0, 1.0, 1.0, 0.0, 1.0, 1.0, 1.0]","[-6.0, 19.0, 13.0, 15.0, 0.0, 12.0, 9.0, 0.0, -14.0, 23.0, 9.0, 10.0, 9.0, -11.0, 9.0, 0.0]"
2,1791636303.0397694,"[0.0007679999999936626, 69.61044000000001, 59.85453900000002, 72.335061, -0.08712299999999118, 74.53233600000002, 38.14546200000001, 40.07906399999999, 0.08865900000000693, 69.25887600000001, 59.41508400000001, 71.983497, 22.500864000000007, 100.635963, 65.743236, 51.065439]","[1.0, 3.0, 0.0, 2.0, 0.0, 0.0, 1.0, 0.0, 0.0, 1.0, 1.0, 3.0, 1.0, 1.0, 1.0, 1.0]","[-1.0, 20.0, 13.0, 15.0, 0.0, 13.0, 9.0, 0.0, -14.0, 24.0, 10.0, 12.0, 10.0, -11.0, 10.0, 0.0]"
2,1791636303.2633362,"[-0.08712299999999118, 71.28036900000001, 59.85453900000002, 73.12608, -0.08712299999999118, 74.53233600000002, 38.14546200000001, 40.07906399999999, 0.08865900000000693, 69.874113, 59.41508400000001, 72.774516, 22.588754999999992, 100.635963, 65.743236, 51.065439]","[0.0, 5.0, 0.0, 1.0, 0.0, 0.0, 1.0, 0.0, 1.0, 1.0, 1.0, 4.0, 1.0, 1.0, 1.0, 0.0]","[0.0, 16.0, 12.0, 15.0, 0.0, 12.0, 10.0, 0.0, -14.0, 26.0, 10.0, 10.0, 9.0, -11.0, 10.0, 0.0]"
2,1791636303.4855745,"[-0.08712299999999118, 71.807715, 59.85453900000002, 74.18077199999999, -0.08712299999999118, 74.53233600000002, 38.14546200000001, 40.07906399999999, 0.08865900000000693, 70.665132, 59.41508400000001, 73.829208, 22.500864000000007, 100.635963, 65.743236, 51.065439]","[0.0, 0.0, 1.0, 3.0, 1.0, 0.0, 1.0, 0.0, 0.0, 1.0, 1.0, 1.0, 0.0, 1.0, 1.0, 1.0]","[0.0, 20.0, 3.0, 14.0, 0.0, 12.0, 10.0, 0.0, -14.0, 28.0, 10.0, 11.0, 9.0, -11.0, 9.0, 0.0]"
2,1791636303.7107928,"[-0.08712299999999118, 72.59873400000001, 59.85453900000002, 75.147573, -0.08712299999999118, 74.53233600000002, 38.14546200000001, 40.07906399999999, 0.08865900000000693, 70.92880500000001, 59.41508400000001, 74.796009, 22.588754999999992, 100.635963, 65.743236, 51.065439]","[0.0, 1.0, 1.0, 3.0, 0.0, 0.0, 1.0, 0.0, 1.0, 4.0, 0.0, 1.0, 1.0, 1.0, 1.0, 1.0]","[0.0, 21.0, 4.0, 14.0, 0.0, 12.0, 10.0, 0.0, -14.0, 29.0, 9.0, 10.0, 10.0, -10.0, 10.0, 0.0]"
2,1791636303.9332976,"[-0.08712299999999118, 73.56553500000001, 59.85453900000002, 76.20226500000001, -0.08712299999999118, 74.53233600000002, 38.14546200000001, 40.07906399999999, 0.17654999999999177, 73.38975300000001, 59.41508400000001, 75.938592, 22.500864000000007, 100.635963, 65.743236, 50.97754800000001]","[0.0, 1.0, 1.0, 2.0, 1.0, 0.0, 1.0, 0.0, 1.0, 4.0, 0.0, 3.0, 0.0, 1.0, 1.0, 0.0]","[0.0, 20.0, 3.0, 15.0, 0.0, 12.0, 9.0, 0.0, -14.0, 21.0, 10.0, 11.0, 10.0, -11.0, 10.0, 5.0]"
2,1791636304.1588488,"[-0.08712299999999118, 74.268663, 59.85453900000002, 77.16906599999999, -0.08712299999999118, 74.53233600000002, 38.14546200000001, 40.07906399999999, 0.08865900000000693, 74.796009, 59.41508400000001, 76.905393, 22.588754999999992, 100.635963, 65.743236, 51.065439]","[0.0, 1.0, 0.0, 3.0, 0.0, 0.0, 1.0, 0.0, 0.0, 4.0, 0.0, 3.0, 1.0, 1.0, 1.0, 1.0]","[0.0, 22.0, 15.0, 15.0, 0.0, 12.0, 10.0, 0.0, -14.0, 22.0, 10.0, 12.0, 9.0, -11.0, 10.0, 0.0]"
2,1791636304.3823926,"[-0.08712299999999118, 75.411246, 59.85453900000002, 78.13586700000002, -0.08712299999999118, 74.53233600000002, 38.14546200000001, 40.07906399999999, 0.17654999999999177, 74.796009, 59.41508400000001, 77.608521, 22.500864000000007, 100.635963, 65.743236, 51.065439]","[0.0, 3.0, 1.0, 3.0, 0.0, 0.0, 1.0, 0.0, 0.0, 1.0, 0.0, 1.0, 0.0, 1.0, 1.0, 0.0]","[0.0, 22.0, 14.0, 15.0, 0.0, 12.0, 11.0, 0.0, -15.0, 28.0, 9.0, 11.0, 10.0, -11.0, 10.0, 0.0]"
2,1791636304.6075714,"[-0.08712299999999118, 76.29015600000002, 59.85453900000002, 79.01477699999998, -0.08712299999999118, 74.53233600000002, 38.14546200000001, 40.07906399999999, 0.08865900000000693, 76.99328400000002, 59.41508400000001, 78.66321299999998, 22.500864000000007, 100.635963, 65.743236, 51.065439]","[0.0, 3.0, 1.0, 1.0, 0.0, 0.0, 1.0, 0.0, 1.0, 5.0, 0.0, 1.0, 0.0, 1.0, 1.0, 1.0]","[8.0, 20.0, 13.0, 15.0, 0.0, 13.0, 9.0, 0.0, -14.0, 18.0, 10.0, 11.0, 9.0, -10.0, 10.0, 0.0]"
2,1791636304.828542,"[-0.08712299999999118, 76.81750199999999, 59.85453900000002, 79.80579599999999, -0.08712299999999118, 74.53233600000002, 38.14546200000001, 40.07906399999999, 0.08865900000000693, 78.48743100000002, 59.41508400000001, 79.71790500000003, 22.500864000000007, 100.635963, 65.743236, 51.065439]","[1.0, 2.0, 0.0, 1.0, 0.0, 0.0, 1.0, 0.0, 0.0, 4.0, 1.0, 1.0, 1.0, 1.0, 1.0, 1.0]","[4.0, 26.0, 14.0, 15.0, 0.0, 12.0, 10.0, 0.0, -15.0, 17.0, 9.0, 11.0, 10.0, -11.0, 10.0, 0.0]"
2,1791636305.0527096,"[-0.08712299999999118, 77.52062999999998, 59.85453900000002, 80.684706, -0.08712299999999118, 74.53233600000002, 38.14546200000001, 40.07906399999999, 0.17654999999999177, 79.19055900000001, 59.41508400000001, 80.684706, 22.500864000000007, 100.635963, 65.743236, 51.065439]","[1.0, 1.0, 0.0, 1.0, 0.0, 0.0, 1.0, 0.0, 1.0, 1.0, 1.0, 3.0, 0.0, 1.0, 1.0, 1.0]","[8.0, 30.0, 13.0, 16.0, 0.0, 12.0, 10.0, 0.0, -15.0, 18.0, 10.0, 11.0, 9.0, -11.0, 10.0, 0.0]"
2,1791636305.276862,"[-0.08712299999999118, 79.102668, 59.85453900000002, 82.00307099999998, -0.08712299999999118, 74.53233600000002, 38.14546200000001, 40.07906399999999, 0.08865900000000693, 80.245251, 59.50297499999999, 81.56361600000002, 22.500864000000007, 100.635963, 65.743236, 51.065439]","[0.0, 6.0, 0.0, 4.0, 0.0, 0.0, 1.0, 0.0, 1.0, 4.0, 1.0, 2.0, 0.0, 1.0, 1.0, 1.0]","[9.0, 24.0, 12.0, 15.0, 0.0, 12.0, 10.0, 0.0, -15.0, 18.0, 9.0, 12.0, 10.0, -11.0, 10.0, 0.0]"
2,1791636305.500999,"[-0.08712299999999118, 80.50892399999998, 59.94243, 83.14565399999998, -0.08712299999999118, 74.53233600000002, 38.14546200000001, 40.07906399999999, 0.17654999999999177, 81.65150699999998, 59.41508400000001, 82.70619900000003, 22.500864000000007, 100.635963, 65.743236, 51.065439]","[0.0, 1.0, 1.0, 3.0, 0.0, 0.0, 1.0, 0.0, 1.0, 3.0, 0.0, 1.0, 1.0, 1.0, 1.0, 1.0]","[8.0, 22.0, 1.0, 14.0, 0.0, 13.0, 10.0, 0.0, -14.0, 16.0, 9.0, 11.0, 10.0, -11.0, 10.0, 0.0]"
2,1791636305.725972,"[-0.08712299999999118, 81.47572500000001, 59.94243, 84.024564, -0.08712299999999118, 74.53233600000002, 38.14546200000001, 40.07906399999999, 0.08865900000000693, 82.70619900000003, 59.50297499999999, 83.76089100000002, 22.588754999999992, 100.635963, 65.743236, 51.065439]","[0.0, 1.0, 1.0, 3.0, 0.0, 0.0, 1.0, 0.0, 0.0, 3.0, 1.0, 1.0, 1.0, 1.0, 1.0, 0.0]","[8.0, 21.0, 9.0, 15.0, 0.0, 13.0, 9.0, 0.0, -14.0, 16.0, 10.0, 11.0, 10.0, -10.0, 9.0, 0.0]"
2,1791636305.9493165,"[-0.08712299999999118, 81.82728900000001, 59.85453900000002, 84.99136500000003, -0.08712299999999118, 74.53233600000002, 38.14546200000001, 40.07906399999999, 0.08865900000000693, 83.76089100000002, 59.50297499999999, 84.815583, 22.500864000000007, 100.635963, 65.743236, 51.065439]","[0.0, 1.0, 0.0, 2.0, 0.0, 0.0, 1.0, 0.0, 0.0, 1.0, 1.0, 1.0, 0.0, 1.0, 1.0, 1.0]","[8.0, 27.0, 7.0, 15.0, 0.0, 13.0, 9.0, 0.0, -14.0, 16.0, 9.0, 11.0, 11.0, -11.0, 10.0, 0.0]"
2,1791636306.1754496,"[-0.08712299999999118, 82.61830800000001, 59.85453900000002, 86.22183899999999, -0.08712299999999118, 74.53233600000002, 38.14546200000001, 40.07906399999999, 0.17654999999999177, 84.46401900000001, 59.50297499999999, 85.78238399999998, 22.588754999999992, 100.635963, 65.743236, 51.065439]","[1.0, 1.0, 1.0, 4.0, 0.0, 0.0, 1.0, 0.0, 1.0, 2.0, 1.0, 2.0, 1.0, 1.0, 1.0, 1.0]","[8.0, 29.0, 13.0, 14.0, 0.0, 13.0, 10.0, 0.0, -14.0, 17.0, 9.0, 12.0, 10.0, -11.0, 10.0, 0.0]"
2,1791636306.3990605,"[-0.08712299999999118, 82.881981, 59.85453900000002, 87.10074900000001, -0.08712299999999118, 74.53233600000002, 38.14546200000001, 40.07906399999999, 0.17654999999999177, 84.99136500000003, 59.41508400000001, 86.74918500000001, 22.500864000000007, 100.635963, 65.743236, 51.065439]","[1.0, 1.0, 0.0, 1.0, 0.0, 0.0, 1.0, 0.0, 1.0, 1.0, 0.0, 2.0, 0.0, 1.0, 1.0, 1.0]","[8.0, 30.0, 13.0, 15.0, 0.0, 12.0, 10.0, 0.0, -14.0, 20.0, 10.0, 11.0, 9.0, -11.0, 10.0, 0.0]"
2,1791636306.622517,"[-0.17501400000000444, 83.58510899999999, 59.85453900000002, 88.06754999999998, -0.08712299999999118, 74.53233600000002, 38.14546200000001, 40.07906399999999, 0.17654999999999177, 86.04605700000002, 59.50297499999999, 87.62809500000003, 22.588754999999992, 100.635963, 65.743236, 51.065439]","[0.0, 2.0, 1.0, 2.0, 0.0, 0.0, 1.0, 0.0, 1.0, 3.0, 1.0, 2.0, 1.0, 1.0, 1.0, 1.0]","[8.0, 34.0, 13.0, 15.0, 0.0, 12.0, 10.0, 0.0, -14.0, 20.0, 9.0, 12.0, 10.0, -11.0, 10.0, 0.0]"
2,1791636306.8449707,"[-0.17501400000000444, 84.11245500000001, 59.85453900000002, 89.03435100000002, -0.08712299999999118, 74.53233600000002, 38.14546200000001, 40.07906399999999, 0.17654999999999177, 86.83707600000002, 59.50297499999999, 88.77067799999998, 22.500864000000007, 100.635963, 65.743236, 51.065439]","[0.0, 4.0, 0.0, 2.0, 0.0, 0.0, 1.0, 0.0, 1.0, 1.0, 1.0, 3.0, -1.0, 1.0, 1.0, 1.0]","[9.0, 37.0, 14.0, 15.0, 0.0, 12.0, 9.0, 0.0, -14.0, 19.0, 9.0, 11.0, 9.0, -11.0, 10.0, 0.0]"
2,1791636307.0696118,"[-0.2629049999999893, 84.90347400000002, 59.85453900000002, 89.21013299999998, -0.08712299999999118, 74.53233600000002, 38.14546200000001, 40.07906399999999, 0.17654999999999177, 87.803877, 59.50297499999999, 88.85856899999999, 22.588754999999992, 100.635963, 65.743236, 51.065439]","[-1.0, 7.0, 0.0, 1.0, 0.0, 0.0, 1.0, 0.0, 1.0, 1.0, 1.0, 1.0, 1.0, 1.0, 1.0, 1.0]","[8.0, 37.0, 13.0, 15.0, 0.0, 12.0, 10.0, 0.0, -14.0, 21.0, 9.0, 11.0, 10.0, -11.0, 10.0, 0.0]"
2,1791636307.2954292,"[-0.2629049999999893, 85.25503800000001, 59.85453900000002, 89.21013299999998, -0.08712299999999118, 74.53233600000002, 38.14546200000001, 40.07906399999999, 0.26444100000000503, 88.594896, 59.50297499999999, 89.03435100000002, 22.500864000000007, 100.635963, 65.743236, 51.065439]","[0.0, 1.0, 1.0, 0.0, 0.0, 0.0, 1.0, 0.0, 1.0, 3.0, 1.0, 2.0, 1.0, 1.0, 1.0, 1.0]","[8.0, 44.0, 12.0, 14.0, 0.0, 13.0, 10.0, 0.0, -14.0, 20.0, 9.0, 10.0, 10.0, -11.0, 10.0, 0.0]"
2,1791636307.5182178,"[-0.2629049999999893, 86.30973, 59.85453900000002, 89.21013299999998, -0.08712299999999118, 74.53233600000002, 38.14546200000001, 40.07906399999999, 0.26444100000000503, 88.94646, 59.50297499999999, 89.03435100000002, 22.588754999999992, 100.635963, 65.743236, 51.065439]","[0.0, 1.0, 0.0, 0.0, 0.0, 0.0, 1.0, 0.0, 1.0, 1.0, 1.0, 1.0, 0.0, 1.0, 1.0, 1.0]","[9.0, 46.0, 13.0, 15.0, 0.0, 12.0, 10.0, 0.0, -14.0, 26.0, 10.0, 10.0, 10.0, -11.0, 10.0, 0.0]"
2,1791636307.7401865,"[-0.2629049999999893, 86.48551200000003, 59.85453900000002, 89.21013299999998, -0.08712299999999118, 74.53233600000002, 38.14546200000001, 40.07906399999999, 0.26444100000000503, 90.52849800000001, 59.50297499999999, 89.03435100000002, 22.588754999999992, 100.635963, 65.743236, 51.065439]","[0.0, 0.0, 0.0, 0.0, 0.0, 0.0, 1.0, 0.0, 1.0, 3.0, 1.0, 1.0, 0.0, 1.0, 1.0, 1.0]","[9.0, 52.0, 13.0, 14.0, 0.0, 12.0, 10.0, 0.0, -15.0, 20.0, 9.0, 11.0, 10.0, -11.0, 9.0, 0.0]"
2,1791636307.9649196,"[-0.35079600000000255, 88.155441, 59.85453900000002, 89.21013299999998, -0.08712299999999118, 74.53233600000002, 38.14546200000001, 40.07906399999999, 0.26444100000000503, 91.84686299999998, 59.50297499999999, 89.03435100000002, 22.500864000000007, 100.635963, 65.743236, 51.065439]","[0.0, 3.0, 0.0, 1.0, 0.0, 0.0, 1.0, 0.0, 1.0, 3.0, 1.0, 1.0, 1.0, 1.0, 1.0, 1.0]","[9.0, 45.0, 13.0, 15.0, 0.0, 12.0, 10.0, 0.0, -14.0, 19.0, 9.0, 11.0, 9.0, -11.0, 10.0, 0.0]"
3,1791636309.981379,"[-0.08712299999999118, -5.184800999999993, -1.1418150000000082, -0.35079600000000255, -0.08712299999999118, -5.360582999999991, 0.08865900000000693, -0.2629049999999893, -0.08712299999999118, -5.360582999999991, -1.1418150000000082, 0.08865900000000693, -2.108616000000012, 178.33160700000002, 40.254846000000015, 25.928613000000013]","[0.0, 1.0, 0.0, 0.0, 1.0, 0.0, 1.0, 0.0, 0.0, 1.0, 1.0, 0.0, 0.0, 1.0, 0.0, 0.0]","[0.0, 34.0, 15.0, 13.0, 0.0, 32.0, -10.0, 11.0, 0.0, 35.0, 11.0, -11.0, 14.0, 15.0, -11.0, -15.0]"
3,1791636310.2047434,"[-0.5265780000000007, -4.92112800000001, -0.790251000000012, -0.08712299999999118, -0.08712299999999118, -5.009018999999995, 0.7038960000000145, -0.08712299999999118, 0.7038960000000145, -5.272692000000006, -1.1418150000000082, 0.26444100000000503, -2.108616000000012, 177.98004300000002, 40.342737, 25.928613000000013]","[0.0, 1.0, 2.0, 1.0, 1.0, 0.0, 1.0, 1.0, 1.0, 1.0, 1.0, 1.0, 1.0, 0.0, 1.0, 0.0]","[-9.0, 46.0, 17.0, 16.0, 0.0, 45.0, 10.0, 11.0, 14.0, 56.0, 13.0, 10.0, 19.0, -13.0, 10.0, 13.0]"
3,1791636310.4320498,"[-1.4933790000000045, -3.690653999999995, -0.08712299999999118, 0.44022300000000314, -0.08712299999999118, -3.7785450000000083, 1.2312420000000088, 0.08865900000000693, 1.6706969999999899, -4.042217999999991, -0.790251000000012, 0.26444100000000503, -2.108616000000012, 177.62847900000003, 40.518519, 26.368067999999994]","[-1.0, 2.0, 2.0, 0.0, 1.0, 1.0, 1.0, 1.0, 2.0, 1.0, 3.0, 1.0, 0.0, 0.0, 1.0, 1.0]","[-10.0, 56.0, 18.0, 17.0, 0.0, 59.0, 11.0, 15.0, 14.0, 64.0, 17.0, 13.0, 25.0, -25.0, 13.0, 15.0]"
3,1791636310.6532145,"[-2.548070999999993, -1.4933790000000045, 0.8796780000000126, 1.582806000000005, -0.08712299999999118, -2.28439800000001, 2.0222610000000145, 1.407024000000007, 2.725389000000007, -2.28439800000001, 0.17654999999999177, 1.0554600000000107, -1.9328339999999855, 176.398005, 41.22164699999999, 27.159087]","[-1.0, 5.0, 1.0, 4.0, 1.0, 4.0, 2.0, 3.0, 3.0, 0.0, 2.0, 2.0, 1.0, -4.0, 2.0, 1.0]","[-9.0, 53.0, 19.0, 16.0, 0.0, 54.0, 11.0, 14.0, 14.0, 69.0, 17.0, 16.0, 32.0, -34.0, 13.0, 15.0]"
3,1791636310.879982,"[-3.426981000000012, 0.3523319999999899, 1.7585880000000031, 2.3738250000000107, -0.08712299999999118, 0.3523319999999899, 2.813279999999992, 2.1980430000000126, 3.7800809999999956, 0.26444100000000503, 1.2312420000000088, 1.0554600000000107, -1.5812699999999893, 173.233929, 42.188447999999994, 28.03799699999999]","[0.0, 4.0, 1.0, 1.0, 1.0, 7.0, 3.0, 2.0, 3.0, 3.0, 3.0, 1.0, 6.0, -3.0, 1.0, 1.0]","[-9.0, 53.0, 19.0, 17.0, 0.0, 51.0, 12.0, 13.0, 14.0, 61.0, 15.0, 18.0, 34.0, -34.0, 14.0, 15.0]"
3,1791636311.1039248,"[-4.481673000000001, 0.3523319999999899, 2.813279999999992, 3.5164080000000126, -0.08712299999999118, 1.1433509999999956, 3.4285169999999994, 3.164843999999988, 3.7800809999999956, 0.528113999999988, 2.0222610000000145, 2.901171000000005, -0.790251000000012, 169.80617999999998, 42.979467, 29.180579999999992]","[-2.0, 1.0, 1.0, 3.0, 1.0, 11.0, 1.0, 1.0, 1.0, 1.0, 2.0, 4.0, 2.0, -5.0, 1.0, 3.0]","[-9.0, 79.0, 19.0, 15.0, 0.0, 61.0, 13.0, 14.0, 16.0, 82.0, 17.0, 14.0, 36.0, -30.0, 14.0, 15.0]"
3,1791636311.324838,"[-5.360582999999991, 4.219536000000005, 3.7800809999999956, 4.219536000000005, -0.08712299999999118, 4.043754000000007, 4.483208999999988, 4.30742699999999, 5.713683000000003, 4.30742699999999, 2.2859339999999975, 4.043754000000007, 0.7917869999999994, 168.31203299999999, 44.38572300000001, 29.268471000000005]","[0.0, 6.0, 2.0, 6.0, 1.0, 4.0, 2.0, 1.0, 3.0, 12.0, 1.0, 1.0, 4.0, 0.0, 2.0, 1.0]","[-9.0, 53.0, 19.0, 16.0, 0.0, 56.0, 13.0, 14.0, 14.0, 54.0, 19.0, 12.0, 32.0, -41.0, 14.0, 15.0]"
3,1791636311.5501862,"[-6.063711000000012, 4.30742699999999, 4.834773000000013, 5.62579199999999, -0.08712299999999118, 6.065246999999999, 5.362119000000007, 5.186337000000009, 6.416810999999996, 5.9773560000000145, 4.219536000000005, 4.834773000000013, 1.6706969999999899, 164.620611, 45.440415, 29.268471000000005]","[0.0, 1.0, 2.0, 2.0, 1.0, 3.0, 3.0, 2.0, 4.0, 1.0, 4.0, 1.0, 1.0, -6.0, 1.0, 1.0]","[-11.0, 77.0, 19.0, 15.0, 0.0, 62.0, 13.0, 14.0, 14.0, 62.0, 16.0, 15.0, 32.0, -34.0, 13.0, 14.0]"
3,1791636311.774215,"[-7.382076000000012, 8.350413000000003, 5.889465000000001, 6.680484000000007, -0.08712299999999118, 7.032048000000003, 5.801573999999988, 6.416810999999996, 7.647285000000011, 8.438303999999988, 4.30742699999999, 6.065246999999999, 2.98906199999999, 161.36864400000002, 46.582998, 29.268471000000005]","[-3.0, 7.0, 1.0, 3.0, 1.0, 11.0, 6.0, 4.0, 3.0, 5.0, 1.0, 2.0, 5.0, -7.0, 3.0, 1.0]","[-9.0, 53.0, 20.0, 16.0, 0.0, 61.0, 14.0, 13.0, 14.0, 58.0, 19.0, 13.0, 31.0, -35.0, 13.0, 15.0]"
3,1791636311.9983418,"[-8.260986000000003, 10.108233000000013, 6.768374999999992, 7.471503000000013, -0.08712299999999118, 10.28401500000001, 7.383611999999999, 7.2957210000000146, 8.614086000000015, 9.668778000000003, 6.153138000000013, 7.032048000000003, 3.5164080000000126, 158.292459, 47.461907999999994, 29.268471000000005]","[-1.0, 1.0, 7.0, 1.0, 1.0, 4.0, 3.0, 1.0, 1.0, 0.0, 2.0, 1.0, 7.0, -2.0, 2.0, 1.0]","[-10.0, 60.0, 19.0, 17.0, 0.0, 57.0, 13.0, 13.0, 14.0, 66.0, 15.0, 13.0, 33.0, -34.0, 13.0, 14.0]"
3,1791636312.2203426,"[-9.315677999999991, 10.108233000000013, 7.910957999999994, 8.614086000000015, -0.08712299999999118, 11.426598000000013, 7.998849000000007, 8.526195000000001, 9.58088699999999, 9.668778000000003, 7.032048000000003, 7.910957999999994, 4.395318000000003, 155.39205600000003, 48.34081800000001, 29.268471000000005]","[0.0, 1.0, 2.0, 3.0, 1.0, 3.0, 5.0, 3.0, 3.0, 0.0, 3.0, 3.0, 1.0, -4.0, 1.0, 1.0]","[-9.0, 84.0, 19.0, 15.0, 0.0, 64.0, 14.0, 13.0, 14.0, 93.0, 16.0, 13.0, 33.0, -35.0, 13.0, 14.0]"
3,1791636312.4447267,"[-10.282478999999995, 13.887546000000015, 8.789868000000013, 9.405104999999992, -0.08712299999999118, 13.448091000000005, 9.229322999999994, 9.405104999999992, 10.635579000000007, 13.623873000000003, 7.735175999999996, 8.96565000000001, 6.065246999999999, 152.40376200000003, 49.483401000000015, 29.268471000000005]","[-1.0, 6.0, 5.0, 5.0, 1.0, 11.0, 1.0, 2.0, 1.0, 19.0, 5.0, 1.0, 6.0, -5.0, 4.0, 1.0]","[-10.0, 62.0, 19.0, 16.0, 0.0, 56.0, 14.0, 14.0, 14.0, 54.0, 18.0, 14.0, 28.0, -33.0, 13.0, 15.0]"
3,1791636312.6704202,"[-11.073498, 15.55747500000001, 9.932451000000015, 10.635579000000007, -0.08712299999999118, 16.084821000000005, 10.28401500000001, 10.371905999999996, 11.514488999999998, 14.678564999999992, 9.053540999999996, 9.932451000000015, 7.383611999999999, 150.20648699999998, 50.362311000000005, 29.268471000000005]","[-2.0, 5.0, 3.0, 2.0, 1.0, 1.0, 2.0, 2.0, 1.0, 1.0, 1.0, 2.0, 4.0, 0.0, 1.0, 0.0]","[-10.0, 70.0, 19.0, 16.0, 0.0, 62.0, 14.0, 13.0, 14.0, 79.0, 17.0, 14.0, 26.0, -43.0, 14.0, 15.0]"
3,1791636312.8958185,"[-12.216081000000003, 18.018423000000013, 10.89925199999999, 11.514488999999998, -0.08712299999999118, 17.930532, 10.28401500000001, 11.250816000000015, 12.657072, 18.282095999999996, 9.844560000000001, 10.89925199999999, 7.910957999999994, 147.13030200000003, 51.50489400000001, 29.268471000000005]","[-2.0, 3.0, 3.0, 3.0, 1.0, 8.0, 1.0, 1.0, 2.0, 10.0, 3.0, 1.0, 1.0, -3.0, 4.0, 1.0]","[-11.0, 59.0, 18.0, 15.0, 0.0, 53.0, 17.0, 13.0, 14.0, 58.0, 17.0, 14.0, 29.0, -40.0, 12.0, 14.0]"
3,1791636313.1197727,"[-13.182882000000006, 20.12780699999999, 11.778162000000009, 12.569181000000015, -0.08712299999999118, 20.12780699999999, 12.21761699999999, 12.393398999999988, 13.623873000000003, 19.248897, 10.89925199999999, 11.953944000000007, 9.141432000000009, 143.43887999999998, 52.47169500000001, 29.268471000000005]","[-1.0, 6.0, 1.0, 3.0, 1.0, 3.0, 1.0, 1.0, 1.0, 1.0, 0.0, 3.0, 1.0, -8.0, 4.0, 1.0]","[-10.0, 56.0, 19.0, 16.0, 0.0, 59.0, 14.0, 13.0, 14.0, 71.0, 19.0, 12.0, 29.0, -33.0, 12.0, 15.0]"
3,1791636313.343745,"[-14.237573999999995, 21.973518000000013, 12.832853999999998, 13.448091000000005, -0.08712299999999118, 21.621953999999988, 13.272309000000007, 13.448091000000005, 14.678564999999992, 19.161006000000015, 11.162925000000001, 12.92074500000001, 10.196123999999998, 140.450586, 53.350605, 29.268471000000005]","[0.0, 1.0, 2.0, 1.0, 1.0, 8.0, 3.0, 2.0, 2.0, 0.0, 4.0, 3.0, 8.0, -3.0, 3.0, 1.0]","[-10.0, 58.0, 19.0, 15.0, 0.0, 57.0, 13.0, 14.0, 14.0, 100.0, 18.0, 13.0, 28.0, -37.0, 12.0, 15.0]"
3,1791636313.5659878,"[-15.292266000000012, 23.907119999999992, 13.887546000000015, 14.502782999999994, -0.08712299999999118, 24.610248000000013, 14.327000999999996, 14.414892000000009, 15.733257000000009, 24.522357, 13.096527000000009, 13.799655000000001, 11.426598000000013, 137.198619, 54.58107900000002, 29.268471000000005]","[0.0, 6.0, 1.0, 3.0, 1.0, 5.0, 3.0, 1.0, 2.0, 12.0, 6.0, 3.0, 1.0, -2.0, 2.0, 1.0]","[-10.0, 60.0, 20.0, 16.0, 0.0, 52.0, 13.0, 14.0, 14.0, 50.0, 16.0, 15.0, 27.0, -33.0, 13.0, 15.0]"
3,1791636313.7916348,"[-16.434848999999986, 26.455959000000007, 14.942238000000003, 15.469583999999998, -0.08712299999999118, 26.192285999999996, 15.381693000000013, 15.733257000000009, 16.787948999999998, 26.71963199999999, 13.975437, 14.414892000000009, 12.569181000000015, 133.85876100000002, 55.635771000000005, 29.268471000000005]","[0.0, 11.0, 3.0, 3.0, 1.0, 7.0, 1.0, 3.0, 3.0, 4.0, 1.0, 6.0, 5.0, -7.0, 3.0, 1.0]","[-9.0, 44.0, 18.0, 16.0, 0.0, 51.0, 13.0, 12.0, 14.0, 53.0, 16.0, 16.0, 26.0, -31.0, 13.0, 14.0]"
3,1791636314.012828,"[-17.40164999999999, 28.74112500000001, 15.909039000000007, 16.348493999999988, -0.08712299999999118, 28.477452, 16.524276000000015, 16.787948999999998, 17.666858999999988, 28.565343000000013, 15.118020000000001, 15.909039000000007, 12.657072, 130.694685, 56.514680999999996, 29.268471000000005]","[0.0, 3.0, 1.0, 1.0, 1.0, 3.0, 3.0, 3.0, 1.0, 1.0, 3.0, 1.0, 1.0, -2.0, 1.0, 1.0]","[-10.0, 52.0, 18.0, 17.0, 0.0, 55.0, 12.0, 13.0, 13.0, 54.0, 16.0, 15.0, 33.0, -30.0, 13.0, 15.0]"
3,1791636314.2397165,"[-18.632124000000005, 31.114182, 17.139512999999994, 17.403186000000005, -0.08712299999999118, 30.23527200000001, 17.578968000000003, 17.666858999999988, 18.633659999999992, 28.653233999999998, 16.260603000000003, 16.524276000000015, 14.590674000000007, 127.53060900000003, 57.74515500000001, 29.268471000000005]","[-2.0, 8.0, 5.0, 4.0, 1.0, 3.0, 5.0, 1.0, 1.0, 2.0, 3.0, 6.0, 6.0, -1.0, 5.0, 1.0]","[-9.0, 45.0, 17.0, 16.0, 0.0, 58.0, 13.0, 13.0, 14.0, 80.0, 16.0, 15.0, 25.0, -26.0, 12.0, 15.0]"
3,1791636314.46181,"[-19.686815999999993, 32.69622000000001, 18.19420500000001, 18.282095999999996, -0.08712299999999118, 32.608329, 18.36998700000001, 18.545769000000007, 19.51257000000001, 32.87200200000001, 17.315294999999992, 18.106313999999998, 15.55747500000001, 124.80598800000001, 58.88773800000001, 29.268471000000005]","[-2.0, 5.0, 3.0, 3.0, 1.0, 8.0, 1.0, 2.0, 6.0, 15.0, 2.0, 5.0, 1.0, -4.0, 3.0, 1.0]","[-9.0, 46.0, 18.0, 17.0, 0.0, 50.0, 14.0, 13.0, 14.0, 45.0, 16.0, 14.0, 29.0, -33.0, 12.0, 15.0]"
3,1791636314.6865482,"[-20.653616999999997, 35.069277, 19.248897, 19.424678999999998, -0.08712299999999118, 34.62982199999999, 19.248897, 19.600460999999996, 20.655153000000013, 34.102475999999996, 18.545769000000007, 18.897333000000003, 15.55747500000001, 122.34503999999998, 59.85453900000002, 29.35636199999999]","[0.0, 7.0, 2.0, 2.0, 1.0, 4.0, 1.0, 3.0, 2.0, 2.0, 4.0, 1.0, 1.0, -2.0, 1.0, 1.0]","[-9.0, 46.0, 17.0, 16.0, 0.0, 54.0, 14.0, 13.0, 14.0, 58.0, 14.0, 15.0, 28.0, -36.0, 12.0, 14.0]"
3,1791636314.9101534,"[-21.7962, 36.914987999999994, 20.39148, 20.39148, -0.08712299999999118, 37.00287900000001, 20.215698000000003, 20.655153000000013, 21.885627, 37.26655199999999, 19.424678999999998, 19.952024999999992, 15.55747500000001, 118.56572699999998, 60.909231000000005, 29.35636199999999]","[-1.0, 4.0, 4.0, 2.0, 1.0, 8.0, 1.0, 1.0, 2.0, 6.0, 6.0, 2.0, 1.0, -4.0, 3.0, 1.0]","[-9.0, 47.0, 17.0, 16.0, 0.0, 47.0, 14.0, 13.0, 14.0, 45.0, 14.0, 13.0, 27.0, -27.0, 12.0, 15.0]"
3,1791636315.1341774,"[-22.850891999999988, 39.28804500000001, 21.44617199999999, 21.621953999999988, -0.08712299999999118, 39.024372, 21.00671700000001, 21.534063000000003, 22.412972999999994, 37.354443, 20.655153000000013, 21.094607999999994, 15.55747500000001, 115.13797799999998, 61.963922999999994, 29.35636199999999]","[-2.0, 5.0, 2.0, 3.0, 1.0, 6.0, 1.0, 1.0, 1.0, 1.0, 2.0, 2.0, 1.0, -6.0, 4.0, 1.0]","[-9.0, 46.0, 16.0, 15.0, 0.0, 45.0, 15.0, 13.0, 14.0, 70.0, 15.0, 12.0, 27.0, -25.0, 11.0, 14.0]"
3,1791636315.3596349,"[-23.905584000000005, 41.309538, 22.500864000000007, 22.588754999999992, -0.08712299999999118, 40.95797400000001, 21.885627, 22.676646000000005, 23.819229000000007, 41.573211000000015, 21.534063000000003, 22.237190999999996, 15.55747500000001, 111.97390200000001, 62.84283300000001, 29.35636199999999]","[0.0, 4.0, 1.0, 4.0, 1.0, 10.0, 2.0, 1.0, 4.0, 13.0, 4.0, 3.0, 1.0, -5.0, 2.0, 1.0]","[-6.0, 46.0, 18.0, 16.0, 0.0, 44.0, 16.0, 13.0, 13.0, 40.0, 14.0, 13.0, 27.0, -24.0, 12.0, 15.0]"
3,1791636315.5816128,"[-24.87238500000001, 43.41892200000001, 23.379773999999998, 22.588754999999992, -0.08712299999999118, 43.68259499999999, 22.676646000000005, 23.555555999999996, 24.873920999999996, 43.59470400000001, 22.76453699999999, 22.32508200000001, 15.55747500000001, 108.98560800000001, 64.073307, 29.35636199999999]","[-1.0, 8.0, 3.0, 1.0, 1.0, 3.0, 1.0, 1.0, 1.0, 3.0, 3.0, 1.0, 1.0, -2.0, 4.0, 1.0]","[-9.0, 39.0, 18.0, 19.0, 0.0, 43.0, 16.0, 12.0, 13.0, 45.0, 15.0, 16.0, 27.0, -28.0, 11.0, 14.0]"
3,1791636315.8046372,"[-25.927076999999997, 45.967760999999996, 24.258683999999988, 24.522357, -0.08712299999999118, 46.05565200000001, 23.64344700000001, 24.78603000000001, 25.840722, 46.407216000000005, 23.64344700000001, 24.08290199999999, 15.55747500000001, 105.55785900000001, 64.864326, 29.35636199999999]","[-2.0, 3.0, 2.0, 3.0, 1.0, 7.0, 2.0, 1.0, 1.0, 6.0, 1.0, 4.0, 1.0, -6.0, 1.0, 1.0]","[0.0, 41.0, 18.0, 16.0, 0.0, 37.0, 16.0, 12.0, 12.0, 36.0, 16.0, 13.0, 27.0, -21.0, 12.0, 14.0]"
3,1791636316.0314975,"[-26.981768999999986, 48.165036000000015, 25.40126699999999, 25.577048999999988, -0.08712299999999118, 47.901363, 24.96181200000001, 25.66494, 26.983305, 47.901363, 24.78603000000001, 25.313376000000005, 15.55747500000001, 102.21800100000002, 66.09479999999999, 29.35636199999999]","[0.0, 6.0, 3.0, 2.0, 1.0, 2.0, 5.0, 1.0, 1.0, 2.0, 2.0, 1.0, 1.0, -6.0, 4.0, 1.0]","[0.0, 34.0, 17.0, 16.0, 0.0, 41.0, 15.0, 12.0, 0.0, 43.0, 15.0, 12.0, 27.0, -18.0, 11.0, 15.0]"
3,1791636316.2524438,"[-27.94856999999999, 50.27441999999999, 26.28017700000001, 26.631741000000005, -0.08712299999999118, 50.098637999999994, 25.840722, 26.895413999999988, 27.950106000000005, 50.889657, 25.928613000000013, 26.28017700000001, 15.55747500000001, 99.05392499999999, 67.061601, 29.35636199999999]","[0.0, 1.0, 1.0, 3.0, 1.0, 5.0, 1.0, 3.0, 1.0, 7.0, 4.0, 1.0, 1.0, -2.0, 1.0, 1.0]","[0.0, 38.0, 18.0, 15.0, 0.0, 41.0, 15.0, 12.0, 0.0, 31.0, 13.0, 11.0, 27.0, -19.0, 11.0, 14.0]"
3,1791636316.4779015,"[-28.82748000000001, 52.29591300000001, 27.246978000000013, 27.59854200000001, -0.08712299999999118, 52.559585999999996, 27.071196000000015, 27.42276000000001, 29.092689000000007, 52.29591300000001, 26.895413999999988, 27.510650999999996, 15.55747500000001, 95.714067, 68.29207500000001, 29.35636199999999]","[0.0, 8.0, 1.0, 1.0, 1.0, 5.0, 1.0, 1.0, 1.0, 3.0, 2.0, 1.0, 1.0, -2.0, 1.0, 1.0]","[-8.0, 32.0, 17.0, 15.0, 0.0, 35.0, 15.0, 14.0, -6.0, 38.0, 14.0, 12.0, 27.0, -17.0, 11.0, 15.0]"
3,1791636316.701042,"[-29.97006300000001, 55.10842500000001, 28.30167, 28.829015999999996, -0.08712299999999118, 54.66897, 28.213778999999988, 28.565343000000013, 30.05949000000001, 54.756861000000015, 28.03799699999999, 28.653233999999998, 15.645365999999996, 92.54999099999998, 69.08309400000002, 29.35636199999999]","[-2.0, 1.0, 1.0, 3.0, 1.0, 4.0, 2.0, 4.0, 1.0, 9.0, 3.0, 2.0, 2.0, -4.0, 2.0, 1.0]","[0.0, 33.0, 17.0, 16.0, 0.0, 34.0, 14.0, 12.0, 0.0, 32.0, 13.0, 12.0, 26.0, -17.0, 12.0, 14.0]"
3,1791636316.925007,"[-30.936863999999986, 57.129918, 29.35636199999999, 29.707926000000015, -0.08712299999999118, 57.04202699999999, 29.444253000000003, 29.795817, 31.114182, 56.42679000000001, 29.004797999999994, 29.620035, 16.260603000000003, 89.649588, 70.04989499999999, 29.35636199999999]","[0.0, 5.0, 3.0, 2.0, 0.0, 6.0, 4.0, 4.0, 2.0, 0.0, 2.0, 1.0, 6.0, -3.0, 3.0, 1.0]","[0.0, 29.0, 17.0, 16.0, 0.0, 30.0, 14.0, 12.0, -13.0, 37.0, 13.0, 12.0, 24.0, -17.0, 11.0, 14.0]"
3,1791636317.1482909,"[-31.991556000000003, 59.327192999999994, 30.498944999999992, 30.850508999999988, -0.08712299999999118, 59.151410999999996, 30.586836000000005, 30.762618000000003, 32.16887399999999, 56.42679000000001, 29.883708000000013, 30.762618000000003, 16.260603000000003, 86.39762100000002, 71.456151, 29.35636199999999]","[-2.0, 4.0, 1.0, 3.0, 1.0, 6.0, 3.0, 2.0, 2.0, 1.0, 1.0, 3.0, 1.0, -6.0, 3.0, 1.0]","[0.0, 30.0, 17.0, 14.0, 0.0, 29.0, 13.0, 13.0, -12.0, 57.0, 14.0, 11.0, 23.0, -17.0, 11.0, 14.0]"
3,1791636317.3741348,"[-32.95835700000001, 61.260795, 31.55363700000001, 31.817309999999992, -0.08712299999999118, 61.612359, 31.729419000000007, 31.905201000000005, 33.04778400000001, 61.348686000000015, 31.114182, 31.55363700000001, 16.436385, 83.321436, 72.42295200000001, 29.35636199999999]","[0.0, 7.0, 4.0, 1.0, 1.0, 5.0, 2.0, 2.0, 1.0, 13.0, 4.0, 1.0, 1.0, -6.0, 4.0, 1.0]","[0.0, 28.0, 16.0, 15.0, 0.0, 24.0, 12.0, 12.0, 0.0, 28.0, 13.0, 12.0, 20.0, -15.0, 11.0, 14.0]"
3,1791636317.599533,"[-34.013048999999995, 63.897525, 32.69622000000001, 32.784110999999996, -0.08712299999999118, 63.985416000000015, 32.784110999999996, 32.784110999999996, 34.102475999999996, 63.63385199999999, 32.256765, 32.52043800000001, 16.436385, 82.35463500000003, 72.774516, 29.532143999999988]","[0.0, 5.0, 2.0, 3.0, 0.0, 5.0, 4.0, 3.0, 2.0, 2.0, 4.0, 2.0, 1.0, -1.0, 1.0, 1.0]","[0.0, 25.0, 16.0, 15.0, 0.0, 23.0, 12.0, 12.0, -9.0, 28.0, 11.0, 12.0, 21.0, -17.0, 12.0, 13.0]"
3,1791636317.8233879,"[-35.06774100000001, 65.919018, 33.750912, 33.83880300000001, -0.08712299999999118, 66.27058199999999, 34.01458500000001, 34.01458500000001, 35.069277, 65.919018, 33.223566000000005, 33.663021000000015, 16.436385, 82.35463500000003, 73.03818900000002, 29.532143999999988]","[0.0, 6.0, 3.0, 1.0, 1.0, 5.0, 4.0, 5.0, 1.0, 3.0, 1.0, 4.0, 1.0, 0.0, 1.0, 1.0]","[0.0, 23.0, 16.0, 15.0, -4.0, 22.0, 12.0, 11.0, 0.0, 25.0, 11.0, 12.0, 21.0, -17.0, 16.0, 14.0]"
3,1791636318.0474644,"[-35.946651, 66.182691, 34.717713, 34.893495, 0.0007679999999936626, 68.29207500000001, 34.102475999999996, 34.80560399999999, 36.036078, 65.919018, 34.45403999999999, 34.541931000000005, 16.436385, 82.35463500000003, 73.03818900000002, 29.532143999999988]","[0.0, 1.0, 1.0, 2.0, 1.0, 4.0, 1.0, 1.0, 1.0, 2.0, 4.0, 3.0, 1.0, 1.0, 1.0, 1.0]","[-8.0, 24.0, 16.0, 15.0, -10.0, 21.0, 11.0, 12.0, -4.0, 26.0, 12.0, 12.0, 21.0, -17.0, 18.0, 15.0]"
3,1791636318.2713275,"[-37.00134299999999, 66.182691, 35.77240499999999, 35.860296000000005, -0.08712299999999118, 70.48935, 34.102475999999996, 35.94818699999999, 37.00287900000001, 66.00690900000001, 35.245059, 35.245059, 16.436385, 82.35463500000003, 73.21397100000002, 29.444253000000003]","[0.0, 1.0, 2.0, 1.0, 1.0, 1.0, 1.0, 1.0, 1.0, 0.0, 2.0, 1.0, 1.0, 1.0, 2.0, -1.0]","[0.0, 23.0, 16.0, 16.0, 0.0, 21.0, 11.0, 11.0, 0.0, 26.0, 13.0, 12.0, 21.0, -17.0, 25.0, 15.0]"
3,1791636318.4952672,"[-37.968143999999995, 66.358473, 36.914987999999994, 36.739205999999996, -0.08712299999999118, 71.71982400000002, 34.102475999999996, 36.82709700000001, 38.057570999999996, 66.00690900000001, 36.12396899999999, 36.47553300000001, 16.348493999999988, 82.35463500000003, 73.21397100000002, 29.444253000000003]","[0.0, 1.0, 1.0, 2.0, 1.0, 1.0, 1.0, 1.0, 1.0, 1.0, 1.0, 3.0, 0.0, 0.0, 1.0, 0.0]","[-9.0, 23.0, 15.0, 15.0, 0.0, 19.0, 11.0, 11.0, 0.0, 26.0, 13.0, 11.0, 22.0, -16.0, 30.0, 14.0]"
3,1791636318.7162018,"[-38.847053999999986, 66.358473, 37.96968000000001, 37.79389800000001, -0.08712299999999118, 71.71982400000002, 34.102475999999996, 37.96968000000001, 39.024372, 66.00690900000001, 37.44233399999999, 37.354443, 16.348493999999988, 82.26674400000002, 73.829208, 29.444253000000003]","[0.0, 1.0, 3.0, 4.0, 1.0, 1.0, 1.0, 1.0, 1.0, 0.0, 2.0, 1.0, 0.0, 0.0, 1.0, 0.0]","[-8.0, 23.0, 15.0, 15.0, -2.0, 20.0, 11.0, 11.0, 0.0, 26.0, 12.0, 12.0, 21.0, -16.0, 36.0, 14.0]"
3,1791636318.9400237,"[-39.98963699999999, 66.358473, 38.936481000000015, 38.40913499999999, -0.08712299999999118, 71.71982400000002, 34.102475999999996, 39.11226300000001, 39.991173, 66.00690900000001, 38.497026000000005, 38.497026000000005, 15.996929999999992, 82.35463500000003, 73.74131700000001, 29.444253000000003]","[0.0, 1.0, 1.0, 1.0, 0.0, 1.0, 1.0, 3.0, 1.0, 1.0, 4.0, 3.0, 0.0, 1.0, 1.0, 0.0]","[-6.0, 24.0, 16.0, 17.0, 0.0, 20.0, 11.0, 11.0, 13.0, 26.0, 12.0, 12.0, 9.0, 0.0, 11.0, 12.0]"
3,1791636319.1671848,"[-40.86854700000001, 66.358473, 40.166955, 39.63960900000001, -0.08712299999999118, 71.71982400000002, 34.102475999999996, 39.991173, 40.95797400000001, 65.919018, 39.46382700000001, 39.024372, 15.996929999999992, 82.35463500000003, 73.74131700000001, 29.444253000000003]","[-3.0, 1.0, 3.0, 3.0, 0.0, 1.0, 1.0, 3.0, 1.0, 0.0, 3.0, 3.0, 0.0, 1.0, 1.0, 0.0]","[-9.0, 23.0, 14.0, 16.0, 0.0, 20.0, 12.0, 12.0, 13.0, 26.0, 11.0, 13.0, 11.0, 0.0, 10.0, 12.0]"
3,1791636319.3912532,"[-42.01113000000001, 66.358473, 41.04586499999999, 40.694300999999996, -0.08712299999999118, 71.807715, 34.102475999999996, 40.870082999999994, 41.661102, 66.00690900000001, 40.342737, 40.518519, 15.996929999999992, 82.35463500000003, 73.829208, 29.444253000000003]","[0.0, 1.0, 1.0, 2.0, 0.0, 1.0, 1.0, 1.0, 1.0, 1.0, 3.0, 3.0, 0.0, 1.0, 1.0, 0.0]","[0.0, 24.0, 16.0, 16.0, 0.0, 21.0, 11.0, 12.0, 14.0, 26.0, 13.0, 12.0, 10.0, 0.0, 10.0, 13.0]"
3,1791636319.6128523,"[-43.065822, 66.358473, 42.188447999999994, 41.573211000000015, -0.08712299999999118, 71.71982400000002, 34.102475999999996, 42.012665999999996, 43.06735800000001, 66.00690900000001, 41.573211000000015, 41.573211000000015, 15.996929999999992, 82.35463500000003, 73.74131700000001, 29.444253000000003]","[0.0, 0.0, 1.0, 3.0, 0.0, 1.0, 1.0, 3.0, 1.0, 0.0, 2.0, 3.0, 0.0, 1.0, 1.0, 0.0]","[0.0, 23.0, 14.0, 16.0, -4.0, 21.0, 11.0, 11.0, 0.0, 26.0, 12.0, 12.0, 10.0, 0.0, 10.0, 13.0]"
3,1791636319.836368,"[-44.032623, 66.358473, 43.155249, 42.803685, -0.08712299999999118, 71.807715, 34.102475999999996, 42.979467, 43.946268, 66.00690900000001, 42.36422999999999, 42.54001199999999, 15.996929999999992, 82.35463500000003, 73.829208, 29.444253000000003]","[0.0, 0.0, 1.0, 3.0, 0.0, 1.0, 1.0, 1.0, 1.0, 1.0, 2.0, 3.0, 0.0, 1.0, 1.0, 0.0]","[0.0, 23.0, 15.0, 16.0, -1.0, 21.0, 12.0, 11.0, 14.0, 25.0, 11.0, 12.0, 10.0, 0.0, 10.0, 13.0]"
3,1791636320.0631156,"[-45.08731499999999, 66.358473, 44.297832, 43.506812999999994, -0.08712299999999118, 71.71982400000002, 34.102475999999996, 43.85837699999999, 44.91306900000001, 66.00690900000001, 43.59470400000001, 43.770486000000005, 15.996929999999992, 82.35463500000003, 73.74131700000001, 29.444253000000003]","[0.0, 0.0, 3.0, 1.0, 1.0, 1.0, 1.0, 1.0, 1.0, 0.0, 2.0, 3.0, 0.0, 1.0, 1.0, 0.0]","[0.0, 23.0, 15.0, 16.0, 0.0, 20.0, 11.0, 12.0, -5.0, 26.0, 11.0, 11.0, 10.0, 0.0, 11.0, 13.0]"
3,1791636320.2836068,"[-46.05411599999999, 66.358473, 45.088851000000005, 44.825177999999994, -0.08712299999999118, 71.807715, 34.102475999999996, 45.00095999999999, 46.05565200000001, 66.00690900000001, 44.473614, 44.825177999999994, 15.996929999999992, 82.35463500000003, 73.829208, 29.444253000000003]","[0.0, 1.0, 1.0, 4.0, 0.0, 1.0, 1.0, 3.0, 1.0, 1.0, 1.0, 3.0, 0.0, 1.0, 1.0, 0.0]","[0.0, 23.0, 16.0, 15.0, 0.0, 21.0, 11.0, 12.0, -9.0, 25.0, 11.0, 11.0, 11.0, 0.0, 10.0, 12.0]"
3,1791636320.5110579,"[-47.020917, 66.358473, 46.05565200000001, 45.791979, -0.08712299999999118, 71.807715, 34.102475999999996, 45.87987000000001, 47.02245300000001, 66.00690900000001, 45.616197, 45.70408800000001, 15.996929999999992, 82.35463500000003, 73.74131700000001, 29.444253000000003]","[0.0, 0.0, 2.0, 1.0, 1.0, 2.0, 1.0, 1.0, 1.0, 1.0, 3.0, 5.0, 0.0, 1.0, 1.0, 0.0]","[0.0, 24.0, 15.0, 14.0, 0.0, 20.0, 11.0, 11.0, -5.0, 25.0, 12.0, 11.0, 10.0, 0.0, 11.0, 13.0]"
3,1791636320.7350323,"[-47.72404499999999, 66.44636400000002, 47.110344, 47.19823500000001, -0.08712299999999118, 71.71982400000002, 34.102475999999996, 47.02245300000001, 48.077145, 66.00690900000001, 46.67088899999999, 47.02245300000001, 15.996929999999992, 82.35463500000003, 73.74131700000001, 29.444253000000003]","[0.0, 1.0, 1.0, 3.0, 0.0, 0.0, 1.0, 4.0, 1.0, 1.0, 3.0, 4.0, 0.0, 1.0, 0.0, 0.0]","[-9.0, 23.0, 15.0, 15.0, 0.0, 20.0, 11.0, 11.0, -14.0, 25.0, 11.0, 11.0, 9.0, 0.0, 10.0, 14.0]"
3,1791636320.9590964,"[-49.04240999999999, 66.44636400000002, 47.98925399999999, 48.077145, -0.08712299999999118, 71.71982400000002, 34.102475999999996, 47.901363, 49.043946000000005, 66.00690900000001, 47.63768999999999, 47.81347199999999, 15.996929999999992, 82.35463500000003, 73.829208, 29.444253000000003]","[0.0, 0.0, 1.0, 3.0, 0.0, 1.0, 1.0, 1.0, 1.0, 1.0, 1.0, 1.0, 0.0, 1.0, 0.0, 0.0]","[0.0, 23.0, 16.0, 15.0, 0.0, 21.0, 11.0, 11.0, -14.0, 25.0, 12.0, 11.0, 10.0, 0.0, 11.0, 13.0]"
3,1791636321.179933,"[-49.92132000000001, 66.44636400000002, 49.043946000000005, 49.219728, -0.08712299999999118, 71.71982400000002, 34.102475999999996, 48.86816400000001, 49.922855999999996, 66.00690900000001, 48.51660000000001, 48.95605499999999, 15.996929999999992, 82.35463500000003, 73.829208, 29.444253000000003]","[-1.0, 0.0, 3.0, 3.0, 0.0, 1.0, 1.0, 3.0, 0.0, 1.0, 1.0, 4.0, 0.0, 1.0, 0.0, 0.0]","[-9.0, 23.0, 15.0, 15.0, 0.0, 21.0, 12.0, 11.0, 0.0, 25.0, 12.0, 12.0, 10.0, 0.0, 10.0, 13.0]"
3,1791636321.4070234,"[-50.88812100000001, 66.44636400000002, 49.922855999999996, 50.45020199999999, -0.08712299999999118, 71.71982400000002, 34.102475999999996, 49.83496500000001, 51.15333000000001, 66.00690900000001, 49.39551, 49.922855999999996, 15.996929999999992, 82.35463500000003, 73.74131700000001, 29.444253000000003]","[-2.0, 1.0, 1.0, 4.0, 0.0, 0.0, 1.0, 2.0, 1.0, 1.0, 1.0, 2.0, 0.0, 1.0, 1.0, 0.0]","[-9.0, 23.0, 15.0, 15.0, 0.0, 21.0, 12.0, 11.0, -9.0, 26.0, 11.0, 11.0, 10.0, 0.0, 10.0, 13.0]"
3,1791636321.6292589,"[-51.767031, 66.44636400000002, 50.889657, 51.32911200000001, -0.08712299999999118, 71.71982400000002, 34.102475999999996, 50.27441999999999, 52.03224, 66.00690900000001, 50.62598400000002, 50.889657, 15.996929999999992, 82.35463500000003, 73.74131700000001, 29.444253000000003]","[0.0, 1.0, 1.0, 2.0, 1.0, 0.0, 1.0, 1.0, 0.0, 1.0, 3.0, 3.0, 0.0, 1.0, 0.0, 0.0]","[-9.0, 23.0, 16.0, 14.0, 0.0, 21.0, 12.0, 13.0, 0.0, 25.0, 11.0, 10.0, 10.0, 0.0, 10.0, 13.0]"
3,1791636321.8550675,"[-52.82172299999999, 66.44636400000002, 52.03224, 52.383804, -0.08712299999999118, 71.71982400000002, 34.102475999999996, 51.065439, 53.08693199999999, 66.00690900000001, 51.680676000000005, 51.856458, 15.996929999999992, 82.35463500000003, 73.74131700000001, 29.444253000000003]","[-2.0, 1.0, 2.0, 1.0, 1.0, 0.0, 1.0, 4.0, 1.0, 1.0, 3.0, 4.0, 0.0, 1.0, 0.0, 0.0]","[-9.0, 23.0, 15.0, 14.0, -7.0, 21.0, 11.0, 14.0, 0.0, 26.0, 11.0, 12.0, 10.0, 0.0, 10.0, 13.0]"
3,1791636322.077613,"[-53.876414999999994, 66.44636400000002, 52.999041000000005, 53.350605, -0.08712299999999118, 71.71982400000002, 34.102475999999996, 51.856458, 54.053732999999994, 66.00690900000001, 52.64747700000001, 52.82325900000001, 15.996929999999992, 82.35463500000003, 73.829208, 29.444253000000003]","[-2.0, 1.0, 3.0, 3.0, 0.0, 0.0, 1.0, 3.0, 1.0, 1.0, 2.0, 4.0, 0.0, 1.0, 0.0, 0.0]","[-9.0, 22.0, 16.0, 15.0, 0.0, 21.0, 11.0, 16.0, 0.0, 25.0, 11.0, 11.0, 9.0, 0.0, 11.0, 13.0]"
3,1791636322.2989852,"[-54.491652, 66.44636400000002, 53.96584200000001, 54.317406000000005, -0.08712299999999118, 71.71982400000002, 34.01458500000001, 52.47169500000001, 55.10842500000001, 66.00690900000001, 53.526387, 53.79006000000001, 15.996929999999992, 82.35463500000003, 73.829208, 29.444253000000003]","[0.0, 1.0, 4.0, 2.0, 0.0, 0.0, 0.0, 1.0, 1.0, 1.0, 1.0, 1.0, 0.0, 1.0, 0.0, 0.0]","[-10.0, 21.0, 16.0, 14.0, 0.0, 21.0, 11.0, 17.0, -11.0, 25.0, 11.0, 10.0, 10.0, 0.0, 10.0, 14.0]"
3,1791636322.5268865,"[-55.634235000000004, 66.710037, 55.10842500000001, 55.372097999999994, -0.08712299999999118, 71.71982400000002, 34.01458500000001, 53.26271400000002, 56.163117, 66.00690900000001, 54.317406000000005, 54.844752, 15.996929999999992, 82.35463500000003, 73.829208, 29.444253000000003]","[0.0, 0.0, 3.0, 3.0, 0.0, 0.0, 0.0, 1.0, 1.0, 1.0, 1.0, 2.0, 0.0, 1.0, 1.0, 0.0]","[-9.0, 20.0, 15.0, 14.0, 0.0, 22.0, 11.0, 18.0, -14.0, 26.0, 12.0, 10.0, 9.0, 0.0, 10.0, 13.0]"
3,1791636322.7508595,"[-56.425253999999995, 66.710037, 55.987335, 56.25100800000001, -0.08712299999999118, 71.71982400000002, 34.01458500000001, 53.96584200000001, 56.954136000000005, 66.00690900000001, 55.54787999999999, 55.811553, 15.996929999999992, 82.35463500000003, 73.829208, 29.444253000000003]","[0.0, 1.0, 1.0, 3.0, 0.0, 2.0, 0.0, 1.0, 1.0, 1.0, 2.0, 3.0, 0.0, 1.0, 1.0, 0.0]","[-10.0, 20.0, 15.0, 14.0, 0.0, 22.0, 11.0, 17.0, 0.0, 25.0, 12.0, 12.0, 10.0, 0.0, 9.0, 13.0]"
3,1791636322.973398,"[-57.216273, 66.710037, 56.954136000000005, 57.129918, -0.08712299999999118, 71.631933, 34.01458500000001, 54.22951499999999, 57.92093700000001, 66.00690900000001, 56.42679000000001, 56.77835400000001, 15.996929999999992, 82.35463500000003, 73.829208, 29.444253000000003]","[-1.0, 1.0, 1.0, 1.0, 0.0, 0.0, 1.0, 1.0, 1.0, 1.0, 2.0, 3.0, 0.0, 1.0, 1.0, 0.0]","[-11.0, 20.0, 16.0, 16.0, 0.0, 21.0, 12.0, 22.0, 0.0, 25.0, 12.0, 11.0, 9.0, 0.0, 10.0, 13.0]"
3,1791636323.1975331,"[-58.798311, 66.885819, 58.09671900000001, 58.008827999999994, -0.08712299999999118, 71.36825999999999, 33.926694, 54.22951499999999, 58.975629, 66.00690900000001, 57.3057, 57.74515500000001, 15.996929999999992, 82.35463500000003, 73.829208, 29.444253000000003]","[-2.0, 1.0, 2.0, 1.0, 0.0, 1.0, 1.0, 1.0, 1.0, 1.0, 1.0, 4.0, 0.0, 1.0, 1.0, 0.0]","[-9.0, 19.0, 15.0, 14.0, 0.0, 9.0, 9.0, 0.0, 0.0, 26.0, 11.0, 11.0, 10.0, 0.0, 10.0, 14.0]"
3,1791636323.4211786,"[-59.149874999999994, 66.885819, 59.327192999999994, 59.06352000000001, -0.08712299999999118, 71.36825999999999, 33.926694, 54.22951499999999, 59.94243, 66.00690900000001, 58.448283, 58.711956000000015, 15.996929999999992, 82.35463500000003, 73.74131700000001, 29.444253000000003]","[0.0, 1.0, 3.0, 1.0, 0.0, 1.0, 0.0, 1.0, 1.0, 1.0, 4.0, 1.0, 0.0, 1.0, 0.0, 0.0]","[-10.0, 19.0, 15.0, 13.0, 0.0, 9.0, 9.0, 0.0, 0.0, 26.0, 11.0, 11.0, 10.0, 0.0, 10.0, 13.0]"
3,1791636323.64433,"[-60.55613099999999, 66.885819, 60.38188500000001, 59.23930200000001, -0.08712299999999118, 71.36825999999999, 33.926694, 54.22951499999999, 60.99712199999999, 66.00690900000001, 59.590866000000005, 58.88773800000001, 15.996929999999992, 82.35463500000003, 73.74131700000001, 29.444253000000003]","[-3.0, 1.0, 3.0, 1.0, 0.0, 1.0, 0.0, 0.0, 1.0, 1.0, 4.0, 0.0, 0.0, 1.0, 0.0, 0.0]","[-10.0, 20.0, 14.0, 14.0, 0.0, 10.0, 10.0, 0.0, 0.0, 26.0, 11.0, 10.0, 10.0, 0.0, 10.0, 12.0]"
3,1791636323.8707192,"[-61.610822999999996, 66.885819, 61.348686000000015, 59.23930200000001, -0.08712299999999118, 71.28036900000001, 33.926694, 54.22951499999999, 61.963922999999994, 66.00690900000001, 60.645557999999994, 58.88773800000001, 15.996929999999992, 82.35463500000003, 73.74131700000001, 29.444253000000003]","[1.0, 1.0, 1.0, 1.0, 0.0, 0.0, 1.0, 1.0, 2.0, 1.0, 1.0, 1.0, 0.0, 1.0, 1.0, 0.0]","[-10.0, 20.0, 14.0, 14.0, 0.0, 10.0, 7.0, 0.0, 0.0, 26.0, 11.0, 10.0, 10.0, 0.0, 11.0, 12.0]"
3,1791636324.0947084,"[-62.577624, 66.885819, 62.31548699999999, 59.23930200000001, -0.08712299999999118, 71.36825999999999, 33.926694, 54.22951499999999, 62.667051000000015, 66.00690900000001, 61.87603200000001, 58.799847, 15.996929999999992, 82.35463500000003, 73.74131700000001, 29.444253000000003]","[-1.0, 1.0, 1.0, 1.0, 0.0, 0.0, 0.0, 1.0, 1.0, 1.0, 3.0, 0.0, 0.0, 1.0, 0.0, 0.0]","[-9.0, 19.0, 14.0, 14.0, 0.0, 10.0, 9.0, 0.0, 14.0, 25.0, 10.0, 10.0, 10.0, 0.0, 10.0, 13.0]"
3,1791636324.3188126,"[-63.720207, 66.885819, 63.37017900000001, 59.23930200000001, -0.08712299999999118, 71.36825999999999, 33.926694, 54.22951499999999, 63.985416000000015, 66.00690900000001, 62.84283300000001, 58.88773800000001, 15.996929999999992, 82.35463500000003, 73.829208, 29.444253000000003]","[0.0, 1.0, 1.0, 1.0, 0.0, 1.0, 1.0, 0.0, 1.0, 1.0, 2.0, 0.0, 0.0, 1.0, 1.0, 0.0]","[-9.0, 19.0, 14.0, 14.0, 0.0, 10.0, 7.0, 0.0, 0.0, 26.0, 11.0, 11.0, 9.0, 0.0, 10.0, 13.0]"
3,1791636324.5397542,"[-64.774899, 66.885819, 64.424871, 59.23930200000001, -0.08712299999999118, 71.36825999999999, 33.926694, 54.22951499999999, 64.95221699999999, 66.00690900000001, 63.721743000000004, 58.88773800000001, 15.996929999999992, 82.35463500000003, 73.829208, 29.444253000000003]","[0.0, 1.0, 2.0, 1.0, 0.0, 0.0, 0.0, 1.0, 1.0, 1.0, 3.0, 0.0, 0.0, 1.0, 0.0, 0.0]","[-9.0, 20.0, 15.0, 14.0, 0.0, 10.0, 10.0, 0.0, 0.0, 26.0, 11.0, 11.0, 10.0, 0.0, 10.0, 13.0]"
3,1791636324.7667105,"[-65.390136, 66.885819, 65.391672, 59.23930200000001, -0.08712299999999118, 71.36825999999999, 33.926694, 54.22951499999999, 65.919018, 66.00690900000001, 64.68854400000001, 58.88773800000001, 15.996929999999992, 82.35463500000003, 73.829208, 29.444253000000003]","[0.0, 1.0, 1.0, 1.0, 0.0, 1.0, 0.0, 1.0, 1.0, 1.0, 3.0, 1.0, 0.0, 1.0, 0.0, 0.0]","[-10.0, 19.0, 15.0, 14.0, 0.0, 10.0, 9.0, 0.0, 0.0, 26.0, 11.0, 12.0, 9.0, 0.0, 10.0, 13.0]"
3,1791636324.9906723,"[-66.62061, 66.885819, 66.44636400000002, 59.23930200000001, -0.08712299999999118, 71.36825999999999, 33.926694, 54.22951499999999, 66.97371000000001, 66.00690900000001, 65.567454, 58.88773800000001, 15.996929999999992, 82.35463500000003, 73.74131700000001, 29.444253000000003]","[-1.0, 1.0, 3.0, 1.0, 0.0, 1.0, 1.0, 1.0, 1.0, 1.0, 1.0, 1.0, 0.0, 1.0, 0.0, 0.0]","[-9.0, 19.0, 14.0, 15.0, 0.0, 9.0, 9.0, 0.0, 0.0, 27.0, 12.0, 11.0, 10.0, 0.0, 10.0, 12.0]"
3,1791636325.2146754,"[-67.587411, 66.885819, 67.41316499999999, 59.23930200000001, -0.08712299999999118, 71.36825999999999, 33.926694, 54.22951499999999, 67.94051100000001, 66.00690900000001, 66.62214600000001, 58.88773800000001, 15.996929999999992, 82.35463500000003, 73.74131700000001, 29.444253000000003]","[-1.0, 1.0, 1.0, 1.0, 0.0, 1.0, 0.0, 1.0, 1.0, 1.0, 3.0, 0.0, 0.0, 0.0, 0.0, 0.0]","[-9.0, 19.0, 14.0, 15.0, 0.0, 10.0, 9.0, 0.0, 6.0, 26.0, 12.0, 11.0, 10.0, 0.0, 9.0, 13.0]"
3,1791636325.4357717,"[-68.466321, 66.885819, 68.379966, 59.23930200000001, -0.08712299999999118, 71.36825999999999, 33.926694, 54.22951499999999, 68.90731199999999, 66.00690900000001, 67.237383, 58.88773800000001, 15.996929999999992, 82.35463500000003, 73.829208, 29.444253000000003]","[-1.0, 1.0, 1.0, 1.0, 0.0, 0.0, 0.0, 0.0, 1.0, 1.0, 1.0, 0.0, 0.0, 1.0, 1.0, 0.0]","[-10.0, 19.0, 14.0, 15.0, 0.0, 10.0, 9.0, 0.0, 13.0, 26.0, 13.0, 11.0, 10.0, 0.0, 10.0, 13.0]"
3,1791636325.6626556,"[-69.433122, 66.885819, 69.43465800000001, 59.23930200000001, -0.08712299999999118, 71.36825999999999, 33.926694, 54.22951499999999, 69.874113, 66.00690900000001, 68.29207500000001, 58.88773800000001, 15.996929999999992, 82.35463500000003, 73.829208, 29.444253000000003]","[0.0, 1.0, 2.0, 1.0, 0.0, 1.0, 0.0, 0.0, 2.0, 1.0, 1.0, 1.0, 0.0, 1.0, 0.0, 0.0]","[-9.0, 19.0, 14.0, 14.0, 0.0, 11.0, 9.0, 0.0, 13.0, 26.0, 13.0, 11.0, 10.0, 0.0, 11.0, 13.0]"
3,1791636325.8827298,"[-69.433122, 66.885819, 70.313568, 59.23930200000001, -0.08712299999999118, 71.36825999999999, 33.926694, 54.22951499999999, 69.96200400000001, 66.00690900000001, 69.170985, 58.88773800000001, 15.996929999999992, 82.35463500000003, 73.74131700000001, 29.444253000000003]","[0.0, 1.0, 2.0, 1.0, 0.0, 0.0, 1.0, 1.0, 1.0, 1.0, 1.0, 1.0, 0.0, 1.0, 1.0, 0.0]","[-9.0, 19.0, 15.0, 15.0, 0.0, 11.0, 10.0, 0.0, 1.0, 25.0, 13.0, 11.0, 10.0, 0.0, 10.0, 12.0]"
3,1791636326.1107183,"[-69.521013, 66.885819, 70.665132, 59.23930200000001, -0.08712299999999118, 71.36825999999999, 33.926694, 54.22951499999999, 69.874113, 66.00690900000001, 70.313568, 58.88773800000001, 15.996929999999992, 82.35463500000003, 73.829208, 29.444253000000003]","[-1.0, 1.0, 1.0, 1.0, 0.0, 1.0, 1.0, 1.0, 0.0, 1.0, 3.0, 0.0, 0.0, 1.0, 0.0, 0.0]","[-9.0, 20.0, 17.0, 13.0, 0.0, 10.0, 9.0, 0.0, 5.0, 25.0, 12.0, 11.0, 10.0, 0.0, 11.0, 13.0]"
3,1791636326.3329904,"[-69.608904, 66.885819, 71.016696, 59.23930200000001, -0.08712299999999118, 71.36825999999999, 33.926694, 54.22951499999999, 69.874113, 66.00690900000001, 71.28036900000001, 58.88773800000001, 15.996929999999992, 82.35463500000003, 73.829208, 29.444253000000003]","[0.0, 1.0, 1.0, 1.0, 0.0, 0.0, 0.0, 1.0, -1.0, 1.0, 3.0, 0.0, 0.0, 1.0, 0.0, 0.0]","[-9.0, 19.0, 18.0, 15.0, 0.0, 9.0, 9.0, 0.0, 9.0, 26.0, 13.0, 11.0, 10.0, 0.0, 10.0, 13.0]"
3,1791636326.5585904,"[-69.608904, 66.885819, 71.456151, 59.23930200000001, -0.08712299999999118, 71.36825999999999, 33.926694, 54.22951499999999, 69.96200400000001, 66.00690900000001, 72.159279, 58.88773800000001, 15.996929999999992, 82.35463500000003, 73.829208, 29.444253000000003]","[0.0, 1.0, 1.0, 1.0, 0.0, 0.0, 0.0, 1.0, 0.0, 1.0, 1.0, 1.0, 0.0, 1.0, 1.0, 0.0]","[-9.0, 20.0, 21.0, 14.0, 0.0, 10.0, 10.0, 0.0, 3.0, 26.0, 12.0, 11.0, 10.0, 0.0, 10.0, 13.0]"
3,1791636326.7798002,"[-69.608904, 66.885819, 71.807715, 59.23930200000001, -0.08712299999999118, 71.36825999999999, 33.926694, 54.22951499999999, 69.96200400000001, 66.00690900000001, 73.21397100000002, 58.88773800000001, 15.996929999999992, 82.35463500000003, 73.74131700000001, 29.444253000000003]","[0.0, 0.0, 1.0, 1.0, 0.0, 1.0, 1.0, 1.0, 0.0, 1.0, 3.0, 1.0, 0.0, 1.0, 0.0, 0.0]","[-9.0, 20.0, 25.0, 14.0, 0.0, 10.0, 10.0, 0.0, 6.0, 26.0, 13.0, 11.0, 10.0, 0.0, 10.0, 13.0]"
3,1791636327.0027552,"[-69.608904, 66.79792800000001, 72.68662499999999, 59.23930200000001, -0.08712299999999118, 71.28036900000001, 33.926694, 54.22951499999999, 69.96200400000001, 66.00690900000001, 74.092881, 58.88773800000001, 15.996929999999992, 82.35463500000003, 73.829208, 29.444253000000003]","[0.0, 0.0, 3.0, 1.0, 0.0, 0.0, 1.0, 1.0, 1.0, 1.0, 1.0, 1.0, 0.0, 1.0, 1.0, 0.0]","[-10.0, 20.0, 27.0, 15.0, 0.0, 10.0, 10.0, 0.0, 0.0, 25.0, 14.0, 12.0, 11.0, 0.0, 10.0, 13.0]"
3,1791636327.230539,"[-69.608904, 66.885819, 72.68662499999999, 59.23930200000001, -0.08712299999999118, 71.36825999999999, 33.926694, 54.22951499999999, 69.96200400000001, 66.00690900000001, 75.05968200000001, 58.88773800000001, 15.996929999999992, 82.35463500000003, 73.829208, 29.444253000000003]","[0.0, 1.0, 1.0, 0.0, 0.0, 0.0, 0.0, 1.0, 1.0, 1.0, 2.0, 1.0, 0.0, 1.0, 0.0, 0.0]","[-9.0, 20.0, 33.0, 14.0, 0.0, 10.0, 10.0, 0.0, 0.0, 26.0, 15.0, 11.0, 9.0, 0.0, 10.0, 13.0]"
3,1791636327.4532022,"[-69.608904, 66.79792800000001, 73.56553500000001, 59.151410999999996, -0.08712299999999118, 71.36825999999999, 33.926694, 54.22951499999999, 69.96200400000001, 66.00690900000001, 75.49913699999999, 58.88773800000001, 15.996929999999992, 82.35463500000003, 73.829208, 29.444253000000003]","[0.0, 0.0, 1.0, 1.0, 0.0, 0.0, 0.0, 1.0, 1.0, 1.0, 1.0, 1.0, 0.0, 1.0, 1.0, 0.0]","[-9.0, 21.0, 33.0, 14.0, 0.0, 10.0, 9.0, 0.0, 0.0, 26.0, 14.0, 11.0, 10.0, 0.0, 10.0, 13.0]"
3,1791636327.6786427,"[-69.696795, 66.79792800000001, 73.74131700000001, 59.23930200000001, -0.08712299999999118, 71.28036900000001, 33.926694, 54.22951499999999, 69.874113, 66.00690900000001, 76.55382900000001, 58.88773800000001, 15.996929999999992, 82.35463500000003, 73.829208, 29.444253000000003]","[0.0, 0.0, 1.0, 1.0, 0.0, 0.0, 1.0, 1.0, 0.0, 1.0, 4.0, 1.0, 0.0, 1.0, 1.0, 0.0]","[-8.0, 21.0, 39.0, 14.0, 0.0, 10.0, 9.0, 0.0, 6.0, 26.0, 15.0, 11.0, 10.0, 0.0, 10.0, 13.0]"
3,1791636327.9024549,"[-69.696795, 66.62214600000001, 73.653426, 59.151410999999996, -0.08712299999999118, 71.28036900000001, 33.926694, 54.22951499999999, 69.874113, 66.00690900000001, 77.608521, 58.88773800000001, 15.996929999999992, 82.35463500000003, 73.829208, 29.444253000000003]","[0.0, 0.0, 0.0, 1.0, 0.0, -1.0, 0.0, 1.0, 1.0, 1.0, 2.0, 0.0, 0.0, 1.0, 1.0, 0.0]","[9.0, 11.0, 13.0, 10.0, 0.0, 10.0, 10.0, 0.0, 3.0, 26.0, 15.0, 11.0, 10.0, 0.0, 10.0, 13.0]"
3,1791636328.126462,"[-69.696795, 66.62214600000001, 73.653426, 59.23930200000001, -0.08712299999999118, 71.28036900000001, 33.926694, 54.22951499999999, 69.96200400000001, 66.00690900000001, 78.22375799999998, 58.88773800000001, 15.996929999999992, 82.35463500000003, 73.829208, 29.444253000000003]","[0.0, 0.0, 1.0, 0.0, 1.0, 0.0, 0.0, 1.0, 1.0, 1.0, 1.0, 0.0, 0.0, 1.0, 1.0, 0.0]","[8.0, 11.0, 13.0, 9.0, -1.0, 10.0, 10.0, 0.0, 0.0, 25.0, 16.0, 11.0, 10.0, 0.0, 10.0, 13.0]"
3,1791636328.3504026,"[-69.696795, 66.62214600000001, 73.653426, 59.151410999999996, -0.08712299999999118, 71.36825999999999, 33.926694, 54.22951499999999, 69.96200400000001, 66.00690900000001, 78.48743100000002, 58.88773800000001, 15.996929999999992, 82.35463500000003, 73.829208, 29.444253000000003]","[0.0, 0.0, 1.0, 1.0, 0.0, 1.0, 0.0, 1.0, 1.0, 1.0, 2.0, 1.0, 0.0, 1.0, 1.0, 0.0]","[9.0, 11.0, 13.0, 4.0, 0.0, 10.0, 10.0, 0.0, 0.0, 26.0, 19.0, 11.0, 9.0, 0.0, 10.0, 13.0]"
3,1791636328.574455,"[-69.696795, 66.62214600000001, 73.653426, 59.151410999999996, -0.08712299999999118, 71.36825999999999, 33.926694, 54.22951499999999, 69.96200400000001, 66.00690900000001, 78.83899500000001, 58.88773800000001, 15.996929999999992, 82.35463500000003, 73.829208, 29.444253000000003]","[0.0, 0.0, 1.0, 1.0, 0.0, 1.0, 0.0, 1.0, 1.0, 1.0, 3.0, 1.0, 0.0, 1.0, 1.0, 0.0]","[8.0, 11.0, 13.0, 8.0, 0.0, 10.0, 9.0, 0.0, 0.0, 26.0, 25.0, 12.0, 10.0, 0.0, 10.0, 13.0]"
3,1791636328.7984293,"[-69.696795, 66.62214600000001, 73.653426, 59.151410999999996, -0.08712299999999118, 71.36825999999999, 33.926694, 54.22951499999999, 69.96200400000001, 66.00690900000001, 79.01477699999998, 58.88773800000001, 15.996929999999992, 82.35463500000003, 73.829208, 29.444253000000003]","[0.0, 0.0, 1.0, 1.0, 0.0, 1.0, 0.0, 1.0, 1.0, 1.0, 1.0, 0.0, 0.0, 1.0, 1.0, 0.0]","[9.0, 11.0, 13.0, 14.0, 0.0, 10.0, 9.0, 0.0, 0.0, 26.0, 26.0, 12.0, 10.0, 0.0, 9.0, 12.0]"
3,1791636329.0223434,"[-69.696795, 66.62214600000001, 73.653426, 59.151410999999996, -0.08712299999999118, 71.28036900000001, 33.926694, 54.22951499999999, 69.96200400000001, 66.00690900000001, 79.63001400000002, 58.88773800000001, 15.996929999999992, 82.35463500000003, 73.829208, 29.444253000000003]","[0.0, 0.0, 1.0, 1.0, 0.0, 0.0, 0.0, 1.0, 1.0, 1.0, 1.0, 0.0, 0.0, 1.0, 1.0, 0.0]","[8.0, 12.0, 13.0, 8.0, 0.0, 10.0, 8.0, 0.0, 0.0, 26.0, 32.0, 11.0, 9.0, 0.0, 9.0, 13.0]"
3,1791636329.2453868,"[-69.696795, 66.62214600000001, 73.653426, 59.151410999999996, -0.08712299999999118, 71.36825999999999, 33.926694, 54.22951499999999, 69.96200400000001, 66.00690900000001, 79.98157800000001, 58.799847, 15.996929999999992, 82.35463500000003, 73.829208, 29.444253000000003]","[0.0, 0.0, 0.0, 1.0, 0.0, 0.0, 0.0, 1.0, 1.0, 1.0, 1.0, 0.0, 0.0, 1.0, 1.0, 0.0]","[8.0, 11.0, 13.0, 8.0, 0.0, 10.0, 9.0, 0.0, 0.0, 26.0, 39.0, 11.0, 10.0, 0.0, 10.0, 13.0]"
3,1791636329.4697373,"[-69.696795, 66.62214600000001, 73.653426, 59.151410999999996, -0.08712299999999118, 71.36825999999999, 33.926694, 54.22951499999999, 69.96200400000001, 65.83112700000001, 79.80579599999999, 58.799847, 15.996929999999992, 82.35463500000003, 73.829208, 29.444253000000003]","[0.0, 0.0, 1.0, 0.0, 0.0, 1.0, 0.0, 1.0, 1.0, 0.0, 0.0, 0.0, 0.0, 1.0, 1.0, 0.0]","[8.0, 11.0, 13.0, 12.0, 0.0, 10.0, 10.0, 0.0, 0.0, 9.0, 9.0, 0.0, 9.0, 0.0, 10.0, 13.0]"
