grip,time,positions,velocities,currents
1,1791640533.8080316,"[-0.08712299999999118, -5.184800999999993, -0.9660330000000101, -0.17501400000000444, -0.08712299999999118, -5.536364999999989, 0.0007679999999936626, -0.5265780000000007, 0.08865900000000693, -4.745346000000012, -0.9660330000000101, 0.26444100000000503, -1.8449430000000007, 177.62847900000003, 40.694300999999996, 26.192285999999996]","[0.0, 1.0, 0.0, 0.0, 0.0, 1.0, 1.0, 1.0, 0.0, 1.0, 1.0, 0.0, 1.0, 1.0, 0.0, 0.0]","[0.0, 34.0, 15.0, 13.0, 0.0, 36.0, -9.0, 11.0, -14.0, 31.0, 11.0, -10.0, 14.0, 18.0, -12.0, -16.0]"
1,1791640534.0312293,"[-0.5265780000000007, -4.833236999999997, -0.9660330000000101, 0.08865900000000693, -0.08712299999999118, -5.536364999999989, 0.44022300000000314, -0.5265780000000007, 0.7038960000000145, -4.745346000000012, -0.9660330000000101, 0.3523319999999899, -1.8449430000000007, 177.62847900000003, 40.694300999999996, 26.192285999999996]","[-1.0, 1.0, 0.0, 1.0, 1.0, 1.0, 1.0, 1.0, 1.0, 1.0, 1.0, 1.0, 1.0, 1.0, 0.0, 0.0]","[-9.0, 47.0, 19.0, 14.0, 0.0, 55.0, 11.0, 13.0, 15.0, 50.0, 14.0, 10.0, 14.0, 13.0, 11.0, -13.0]"
1,1791640534.257652,"[-1.4054879999999912, -4.393781999999987, -0.08712299999999118, 0.44022300000000314, -0.08712299999999118, -4.1301090000000045, 1.0554600000000107, 0.3523319999999899, 1.0554600000000107, -4.745346000000012, -0.6144689999999855, 0.528113999999988, -1.8449430000000007, 177.452697, 40.95797400000001, 26.455959000000007]","[0.0, 1.0, 1.0, -1.0, 1.0, 1.0, 0.0, 2.0, 5.0, 1.0, 1.0, 1.0, 1.0, 1.0, 1.0, 1.0]","[-10.0, 64.0, 18.0, 16.0, 0.0, 59.0, 11.0, 14.0, 15.0, 73.0, 17.0, 12.0, 15.0, -14.0, 12.0, 14.0]"
1,1791640534.4789784,"[-2.4601800000000082, -1.8449430000000007, 0.8796780000000126, 1.582806000000005, -0.08712299999999118, -2.372288999999995, 1.846478999999988, 1.4949149999999918, 2.813279999999992, -2.372288999999995, 0.17654999999999177, 0.8796780000000126, -1.8449430000000007, 177.18902400000002, 40.95797400000001, 27.159087]","[-1.0, 4.0, 2.0, 3.0, 1.0, 3.0, 1.0, 1.0, 3.0, 1.0, 3.0, 1.0, 1.0, 0.0, 1.0, 2.0]","[-9.0, 54.0, 19.0, 17.0, 0.0, 61.0, 12.0, 12.0, 14.0, 69.0, 16.0, 13.0, 14.0, -20.0, 15.0, 14.0]"
1,1791640534.704459,"[-3.426981000000012, 0.08865900000000693, 1.7585880000000031, 2.4617159999999956, -0.08712299999999118, 0.17654999999999177, 2.6374979999999937, 2.1101519999999994, 2.901171000000005, 0.08865900000000693, 1.3191329999999937, 2.0222610000000145, -1.8449430000000007, 176.92535099999998, 42.188447999999994, 28.03799699999999]","[-2.0, 1.0, 1.0, 1.0, 1.0, 4.0, 1.0, 1.0, 1.0, 1.0, 4.0, 3.0, 1.0, 0.0, 3.0, 3.0]","[-9.0, 57.0, 19.0, 16.0, 0.0, 57.0, 13.0, 13.0, 16.0, 63.0, 15.0, 14.0, 15.0, -33.0, 13.0, 15.0]"
1,1791640534.9288018,"[-4.305891000000003, 1.1433509999999956, 2.813279999999992, 3.6042989999999975, -0.08712299999999118, 1.6706969999999899, 3.4285169999999994, 3.4285169999999994, 4.6589910000000145, 0.528113999999988, 2.0222610000000145, 3.164843999999988, -1.8449430000000007, 176.48589600000003, 43.24314000000001, 29.092689000000007]","[0.0, 9.0, 2.0, 3.0, 1.0, 2.0, 2.0, 2.0, 2.0, 1.0, 3.0, 3.0, 1.0, -3.0, 2.0, 3.0]","[-9.0, 64.0, 19.0, 16.0, 0.0, 60.0, 14.0, 13.0, 15.0, 82.0, 17.0, 13.0, 14.0, -43.0, 12.0, 16.0]"
1,1791640535.1518898,"[-5.360582999999991, 3.867972000000009, 3.7800809999999956, 4.483208999999988, -0.08712299999999118, 3.6921900000000107, 4.30742699999999, 4.395318000000003, 5.713683000000003, 4.395318000000003, 2.813279999999992, 4.043754000000007, -1.8449430000000007, 173.40971100000002, 44.56150500000001, 30.05949000000001]","[-1.0, 1.0, 3.0, 1.0, 1.0, 1.0, 1.0, 1.0, 2.0, 11.0, 3.0, 1.0, 1.0, -4.0, 4.0, 1.0]","[-9.0, 56.0, 20.0, 16.0, 0.0, 66.0, 14.0, 14.0, 15.0, 53.0, 17.0, 14.0, 13.0, -37.0, 13.0, 14.0]"
1,1791640535.3766909,"[-5.975819999999999, 5.537901000000005, 4.746881999999999, 5.62579199999999, -0.08712299999999118, 5.9773560000000145, 5.362119000000007, 5.186337000000009, 6.153138000000013, 4.6589910000000145, 4.131644999999992, 5.010555000000011, -1.8449430000000007, 171.036654, 45.440415, 31.114182]","[0.0, 5.0, 5.0, 3.0, 0.0, 6.0, 4.0, 1.0, 6.0, 1.0, 4.0, 1.0, 1.0, -7.0, 4.0, 1.0]","[-10.0, 63.0, 19.0, 16.0, 0.0, 56.0, 13.0, 14.0, 14.0, 80.0, 16.0, 13.0, 14.0, -29.0, 13.0, 14.0]"
1,1791640535.6000292,"[-7.118403000000001, 5.537901000000005, 5.801573999999988, 5.801573999999988, -0.08712299999999118, 6.153138000000013, 6.2410289999999975, 6.592592999999994, 7.735175999999996, 8.438303999999988, 5.010555000000011, 6.416810999999996, -1.8449430000000007, 169.27883400000002, 46.582998, 32.16887399999999]","[-1.0, 1.0, 1.0, 1.0, 1.0, 1.0, 5.0, 3.0, 3.0, 10.0, 1.0, 3.0, 1.0, 0.0, 3.0, 3.0]","[-9.0, 86.0, 20.0, 19.0, 0.0, 83.0, 14.0, 13.0, 15.0, 55.0, 18.0, 12.0, 14.0, -36.0, 12.0, 14.0]"
1,1791640535.8238754,"[-8.17309499999999, 10.371905999999996, 6.416810999999996, 7.647285000000011, -0.08712299999999118, 9.932451000000015, 7.207830000000001, 7.5593939999999975, 7.735175999999996, 9.58088699999999, 6.065246999999999, 7.207830000000001, -1.8449430000000007, 168.487815, 47.37401700000001, 33.13567499999999]","[-2.0, 7.0, 7.0, 4.0, 0.0, 6.0, 1.0, 3.0, 1.0, 0.0, 2.0, 3.0, 1.0, 0.0, 1.0, 2.0]","[-9.0, 54.0, 20.0, 16.0, 0.0, 61.0, 14.0, 13.0, 16.0, 66.0, 16.0, 13.0, 13.0, -46.0, 13.0, 15.0]"
1,1791640536.0461953,"[-9.227787000000006, 12.041834999999992, 7.910957999999994, 8.614086000000015, -0.08712299999999118, 11.426598000000013, 8.26252199999999, 8.614086000000015, 9.668778000000003, 9.668778000000003, 7.119938999999988, 8.174631000000005, -1.8449430000000007, 166.02686699999998, 48.428709, 34.19036700000001]","[0.0, 2.0, 3.0, 1.0, 1.0, 1.0, 2.0, 2.0, 4.0, 1.0, 3.0, 3.0, 1.0, -7.0, 3.0, 3.0]","[-9.0, 54.0, 19.0, 16.0, 0.0, 63.0, 14.0, 12.0, 13.0, 92.0, 17.0, 13.0, 14.0, -39.0, 13.0, 14.0]"
1,1791640536.4977734,"[-10.19458800000001, 13.360199999999992, 8.877758999999998, 9.844560000000001, -0.08712299999999118, 13.53598199999999, 9.229322999999994, 9.492996000000005, 10.635579000000007, 14.151218999999998, 8.350413000000003, 9.405104999999992, -1.8449430000000007, 163.829592, 49.571292, 35.33295000000001]","[0.0, 1.0, 0.0, 0.0, 1.0, 1.0, 1.0, 1.0, 1.0, 0.0, 2.0, 1.0, 1.0, 0.0, 1.0, 0.0]","[-10.0, 70.0, 20.0, 16.0, 0.0, 65.0, 14.0, 14.0, 14.0, 60.0, 16.0, 12.0, 15.0, -39.0, 14.0, 14.0]"
1,1791640536.7200165,"[-10.80982499999999, 14.414892000000009, 9.756668999999988, 9.932451000000015, -0.08712299999999118, 15.55747500000001, 10.28401500000001, 10.371905999999996, 11.514488999999998, 14.23911000000001, 8.789868000000013, 10.108233000000013, -1.8449430000000007, 161.89598999999998, 50.18652900000001, 36.036078]","[-2.0, 12.0, 2.0, 0.0, 0.0, 2.0, 3.0, 1.0, 1.0, 0.0, 1.0, 1.0, 1.0, -4.0, 1.0, 2.0]","[-10.0, 70.0, 20.0, 19.0, 0.0, 66.0, 14.0, 14.0, 14.0, 85.0, 17.0, 14.0, 14.0, -38.0, 14.0, 15.0]"
1,1791640536.944505,"[-12.040299000000005, 18.018423000000013, 10.811361000000005, 11.60238000000001, -0.08712299999999118, 17.666858999999988, 11.162925000000001, 11.514488999999998, 12.569181000000015, 14.23911000000001, 9.668778000000003, 11.162925000000001, -1.8449430000000007, 159.87449700000002, 51.32911200000001, 37.178661000000005]","[0.0, 1.0, 2.0, 3.0, 1.0, 6.0, 3.0, 3.0, 1.0, 1.0, 1.0, 2.0, 1.0, 0.0, 3.0, 2.0]","[-10.0, 58.0, 19.0, 16.0, 0.0, 63.0, 14.0, 13.0, 14.0, 115.0, 18.0, 13.0, 13.0, -40.0, 13.0, 15.0]"
1,1791640537.1697624,"[-13.007100000000008, 20.12780699999999, 11.690270999999996, 12.657072, -0.08712299999999118, 19.864134000000007, 12.21761699999999, 12.393398999999988, 13.53598199999999, 20.12780699999999, 10.987143000000003, 12.21761699999999, -1.8449430000000007, 157.58933100000002, 52.29591300000001, 38.14546200000001]","[0.0, 5.0, 1.0, 4.0, 1.0, 4.0, 1.0, 1.0, 2.0, 10.0, 1.0, 3.0, 1.0, -2.0, 3.0, 2.0]","[-11.0, 56.0, 20.0, 16.0, 0.0, 52.0, 13.0, 14.0, 14.0, 58.0, 18.0, 13.0, 13.0, -35.0, 13.0, 15.0]"
1,1791640537.3933227,"[-14.237573999999995, 22.14930000000001, 12.832853999999998, 13.53598199999999, -0.08712299999999118, 21.358281000000005, 13.272309000000007, 13.623873000000003, 14.678564999999992, 20.303588999999988, 11.866052999999994, 13.184417999999994, -1.8449430000000007, 155.83151099999998, 53.174823, 39.28804500000001]","[-1.0, 3.0, 3.0, 2.0, 0.0, 4.0, 3.0, 1.0, 3.0, 1.0, 2.0, 3.0, 1.0, -2.0, 2.0, 3.0]","[-10.0, 59.0, 19.0, 15.0, 0.0, 66.0, 14.0, 13.0, 13.0, 84.0, 19.0, 13.0, 14.0, -38.0, 13.0, 15.0]"
1,1791640537.6167436,"[-15.116483999999986, 23.731337999999994, 13.799655000000001, 14.502782999999994, -0.08712299999999118, 24.08290199999999, 14.327000999999996, 14.502782999999994, 15.645365999999996, 24.610248000000013, 12.832853999999998, 13.975437, -1.8449430000000007, 153.89790900000003, 54.22951499999999, 40.254846000000015]","[0.0, 7.0, 2.0, 3.0, 1.0, 7.0, 3.0, 1.0, 1.0, 9.0, 6.0, 1.0, 1.0, -2.0, 4.0, 3.0]","[-10.0, 57.0, 19.0, 16.0, 0.0, 52.0, 14.0, 14.0, 14.0, 53.0, 17.0, 14.0, 13.0, -40.0, 12.0, 14.0]"
1,1791640537.841267,"[-16.434848999999986, 26.455959000000007, 14.85434699999999, 15.55747500000001, -0.08712299999999118, 26.016503999999998, 15.381693000000013, 15.996929999999992, 16.787948999999998, 26.895413999999988, 13.975437, 15.118020000000001, -1.8449430000000007, 151.876416, 55.196315999999996, 41.133756000000005]","[-2.0, 10.0, 2.0, 4.0, 1.0, 3.0, 3.0, 4.0, 3.0, 4.0, 1.0, 3.0, 1.0, -4.0, 1.0, 1.0]","[-9.0, 47.0, 19.0, 16.0, 0.0, 60.0, 14.0, 11.0, 14.0, 52.0, 18.0, 14.0, 14.0, -36.0, 15.0, 15.0]"
1,1791640538.0632217,"[-17.313759000000005, 28.653233999999998, 15.909039000000007, 16.524276000000015, -0.08712299999999118, 28.125888000000003, 16.524276000000015, 16.787948999999998, 17.578968000000003, 28.565343000000013, 15.118020000000001, 16.084821000000005, -1.8449430000000007, 150.733833, 56.25100800000001, 42.188447999999994]","[-2.0, 3.0, 1.0, 3.0, 1.0, 3.0, 3.0, 1.0, 2.0, 1.0, 4.0, 2.0, 1.0, 1.0, 3.0, 2.0]","[-9.0, 52.0, 19.0, 16.0, 0.0, 60.0, 13.0, 12.0, 14.0, 56.0, 17.0, 12.0, 14.0, -47.0, 14.0, 14.0]"
1,1791640538.2893794,"[-18.54423299999999, 31.026291000000015, 17.139512999999994, 17.403186000000005, -0.08712299999999118, 29.883708000000013, 17.578968000000003, 17.930532, 18.545769000000007, 28.565343000000013, 16.084821000000005, 17.227404000000007, -1.8449430000000007, 148.62444900000003, 57.3057, 43.24314000000001]","[-2.0, 10.0, 5.0, 3.0, 1.0, 1.0, 4.0, 4.0, 1.0, 1.0, 1.0, 4.0, 1.0, -3.0, 3.0, 2.0]","[-9.0, 45.0, 17.0, 17.0, 0.0, 62.0, 13.0, 12.0, 15.0, 81.0, 16.0, 13.0, 13.0, -45.0, 14.0, 13.0]"
1,1791640538.510088,"[-19.511033999999995, 32.784110999999996, 18.018423000000013, 18.457877999999994, -0.08712299999999118, 32.256765, 18.36998700000001, 18.80944199999999, 19.51257000000001, 32.959892999999994, 17.315294999999992, 18.19420500000001, -1.8449430000000007, 146.515065, 58.18460999999999, 44.209941000000015]","[-1.0, 6.0, 1.0, 4.0, 1.0, 10.0, 1.0, 3.0, 2.0, 14.0, 3.0, 4.0, 1.0, -2.0, 1.0, 3.0]","[-10.0, 54.0, 18.0, 15.0, 0.0, 53.0, 14.0, 12.0, 14.0, 45.0, 16.0, 13.0, 13.0, -45.0, 15.0, 14.0]"
1,1791640538.737262,"[-20.565726000000012, 35.15716800000001, 19.161006000000015, 19.51257000000001, -0.08712299999999118, 34.36614900000001, 19.161006000000015, 19.68835200000001, 20.567262, 33.13567499999999, 18.457877999999994, 19.073115, -1.8449430000000007, 144.31779, 59.41508400000001, 45.17674199999999]","[-2.0, 7.0, 1.0, 2.0, 1.0, 5.0, 1.0, 1.0, 2.0, 1.0, 3.0, 1.0, 1.0, -4.0, 4.0, 1.0]","[-9.0, 42.0, 19.0, 16.0, 0.0, 53.0, 14.0, 12.0, 13.0, 70.0, 15.0, 13.0, 13.0, -41.0, 12.0, 15.0]"
1,1791640538.960362,"[-21.7962, 37.09076999999999, 20.303588999999988, 19.600460999999996, -0.08712299999999118, 36.563424, 20.215698000000003, 20.743043999999998, 21.797736000000015, 35.069277, 19.424678999999998, 20.303588999999988, -1.8449430000000007, 141.85684200000003, 60.20610300000001, 46.05565200000001]","[-1.0, 4.0, 4.0, 2.0, 1.0, 8.0, 1.0, 1.0, 2.0, 22.0, 3.0, 2.0, 1.0, 0.0, 1.0, 1.0]","[-9.0, 46.0, 17.0, 18.0, 0.0, 52.0, 14.0, 12.0, 14.0, 56.0, 16.0, 12.0, 13.0, -40.0, 14.0, 15.0]"
1,1791640539.1857626,"[-22.763001000000003, 39.28804500000001, 21.270389999999992, 21.709845, -0.08712299999999118, 38.672808, 21.00671700000001, 21.885627, 22.500864000000007, 39.11226300000001, 20.655153000000013, 21.358281000000005, -1.8449430000000007, 139.92324000000002, 61.17290400000002, 47.19823500000001]","[-2.0, 6.0, 1.0, 4.0, 1.0, 3.0, 3.0, 2.0, 2.0, 2.0, 2.0, 2.0, 1.0, -4.0, 4.0, 3.0]","[-8.0, 45.0, 18.0, 16.0, 0.0, 53.0, 15.0, 12.0, 14.0, 49.0, 15.0, 12.0, 13.0, -40.0, 14.0, 15.0]"
1,1791640539.4060347,"[-23.905584000000005, 41.39742899999999, 22.500864000000007, 22.588754999999992, -0.08712299999999118, 40.78219200000001, 21.709845, 22.76453699999999, 23.907119999999992, 41.74899300000001, 21.534063000000003, 22.412972999999994, -1.8449430000000007, 137.72596500000003, 62.403378000000004, 48.165036000000015]","[0.0, 3.0, 3.0, 3.0, 1.0, 8.0, 3.0, 1.0, 4.0, 10.0, 3.0, 1.0, 1.0, -4.0, 3.0, 1.0]","[-8.0, 46.0, 17.0, 16.0, 0.0, 52.0, 17.0, 12.0, 14.0, 39.0, 15.0, 12.0, 14.0, -34.0, 13.0, 14.0]"
1,1791640539.6302571,"[-24.784493999999995, 43.331030999999996, 23.379773999999998, 23.291883000000013, -0.08712299999999118, 43.506812999999994, 22.588754999999992, 23.907119999999992, 24.873920999999996, 42.012665999999996, 22.76453699999999, 23.291883000000013, -1.8449430000000007, 135.968145, 63.282287999999994, 49.13183699999999]","[0.0, 11.0, 3.0, 5.0, 1.0, 5.0, 1.0, 3.0, 1.0, 1.0, 2.0, 4.0, 1.0, -4.0, 2.0, 3.0]","[-8.0, 40.0, 18.0, 17.0, 0.0, 42.0, 16.0, 12.0, 13.0, 62.0, 16.0, 13.0, 14.0, -37.0, 13.0, 15.0]"
1,1791640539.8575575,"[-25.927076999999997, 45.967760999999996, 24.170793000000003, 24.610248000000013, -0.08712299999999118, 45.616197, 23.46766500000001, 24.78603000000001, 25.840722, 46.407216000000005, 23.64344700000001, 24.346575, -1.8449430000000007, 133.331415, 64.424871, 50.01074700000001]","[-3.0, 1.0, 1.0, 3.0, 1.0, 7.0, 1.0, 1.0, 1.0, 10.0, 3.0, 4.0, 1.0, -5.0, 4.0, 3.0]","[0.0, 39.0, 18.0, 16.0, 0.0, 39.0, 16.0, 12.0, 14.0, 36.0, 15.0, 12.0, 14.0, -32.0, 13.0, 15.0]"
1,1791640540.0810833,"[-26.981768999999986, 48.252927, 25.313376000000005, 25.313376000000005, -0.08712299999999118, 47.81347199999999, 24.78603000000001, 25.928613000000013, 26.983305, 47.110344, 24.78603000000001, 25.752831000000015, -1.8449430000000007, 131.39781299999999, 64.424871, 51.065439]","[-2.0, 5.0, 2.0, 6.0, 1.0, 1.0, 3.0, 3.0, 1.0, 1.0, 2.0, 4.0, 1.0, 0.0, 1.0, 2.0]","[0.0, 34.0, 18.0, 16.0, 0.0, 44.0, 16.0, 12.0, 0.0, 51.0, 15.0, 12.0, 13.0, -34.0, 17.0, 15.0]"
1,1791640540.3047776,"[-27.94856999999999, 50.362311000000005, 26.28017700000001, 26.807523000000003, -0.08712299999999118, 49.747074, 25.752831000000015, 26.895413999999988, 27.950106000000005, 47.98925399999999, 25.66494, 26.455959000000007, -1.8449430000000007, 128.936865, 66.358473, 52.208022]","[0.0, 1.0, 1.0, 3.0, 1.0, 3.0, 2.0, 1.0, 1.0, 10.0, 1.0, 1.0, 1.0, -1.0, 5.0, 2.0]","[0.0, 36.0, 18.0, 15.0, 0.0, 41.0, 14.0, 12.0, 0.0, 58.0, 14.0, 12.0, 12.0, -33.0, 13.0, 15.0]"
1,1791640540.5263586,"[-28.82748000000001, 52.559585999999996, 27.159087, 27.686432999999994, -0.08712299999999118, 52.208022, 27.071196000000015, 27.59854200000001, 29.004797999999994, 51.76856699999999, 26.895413999999988, 27.774324000000007, -1.8449430000000007, 127.26693599999999, 67.58894699999999, 53.174823]","[0.0, 9.0, 1.0, 2.0, 1.0, 3.0, 3.0, 3.0, 0.0, 5.0, 3.0, 3.0, 1.0, 0.0, 3.0, 1.0]","[-9.0, 33.0, 18.0, 16.0, 0.0, 36.0, 14.0, 13.0, -2.0, 42.0, 14.0, 11.0, 13.0, -33.0, 13.0, 15.0]"
1,1791640540.7533758,"[-29.882171999999997, 54.844752, 28.30167, 28.829015999999996, -0.08712299999999118, 54.493188, 28.125888000000003, 28.565343000000013, 30.05949000000001, 51.76856699999999, 28.03799699999999, 28.74112500000001, -1.8449430000000007, 125.24544300000002, 68.555748, 54.14162400000001]","[-2.0, 2.0, 1.0, 1.0, 0.0, 5.0, 1.0, 1.0, 1.0, 1.0, 3.0, 1.0, 1.0, -4.0, 3.0, 3.0]","[-9.0, 34.0, 17.0, 16.0, 0.0, 32.0, 15.0, 13.0, 0.0, 64.0, 14.0, 12.0, 13.0, -31.0, 12.0, 15.0]"
1,1791640540.975203,"[-30.936863999999986, 56.514680999999996, 29.180579999999992, 29.707926000000015, -0.08712299999999118, 56.690462999999994, 29.35636199999999, 29.795817, 31.114182, 55.987335, 29.004797999999994, 29.883708000000013, -1.8449430000000007, 123.575514, 69.43465800000001, 55.196315999999996]","[0.0, 7.0, 1.0, 1.0, 0.0, 3.0, 4.0, 1.0, 1.0, 7.0, 3.0, 3.0, 0.0, 0.0, 1.0, 4.0]","[0.0, 32.0, 17.0, 15.0, 0.0, 34.0, 13.0, 13.0, -14.0, 41.0, 13.0, 11.0, 14.0, -38.0, 13.0, 16.0]"
1,1791640541.2002676,"[-31.90366499999999, 58.008827999999994, 30.411054000000007, 30.9384, 0.0007679999999936626, 58.88773800000001, 30.498944999999992, 31.026291000000015, 32.16887399999999, 57.129918, 30.05949000000001, 30.850508999999988, -1.8449430000000007, 121.99347599999999, 70.665132, 56.075226000000015]","[-1.0, 1.0, 1.0, 2.0, 0.0, 4.0, 2.0, 3.0, 2.0, 8.0, 2.0, 2.0, 0.0, -5.0, 3.0, 2.0]","[-8.0, 42.0, 19.0, 15.0, -1.0, 34.0, 14.0, 12.0, -13.0, 42.0, 14.0, 12.0, 14.0, -37.0, 13.0, 14.0]"
1,1791640541.4231286,"[-32.95835700000001, 59.50297499999999, 31.37785500000001, 31.817309999999992, 0.0007679999999936626, 61.348686000000015, 31.55363700000001, 31.99309199999999, 33.04778400000001, 61.085013000000004, 31.114182, 31.99309199999999, -1.7570519999999874, 118.82940000000002, 71.631933, 57.129918]","[-1.0, 1.0, 3.0, 5.0, 0.0, 6.0, 1.0, 1.0, 1.0, 5.0, 3.0, 3.0, 0.0, -2.0, 1.0, 1.0]","[0.0, 44.0, 17.0, 15.0, -4.0, 31.0, 13.0, 12.0, 0.0, 31.0, 13.0, 11.0, 13.0, -30.0, 13.0, 15.0]"
1,1791640541.649464,"[-34.013048999999995, 60.38188500000001, 32.432547, 32.959892999999994, 0.0007679999999936626, 63.721743000000004, 32.69622000000001, 32.87200200000001, 34.102475999999996, 63.545961000000005, 32.256765, 32.69622000000001, -1.7570519999999874, 116.807907, 72.86240699999999, 58.272501000000005]","[0.0, 1.0, 3.0, 4.0, 1.0, 6.0, 4.0, 1.0, 1.0, 7.0, 4.0, 3.0, 0.0, -2.0, 2.0, 3.0]","[-5.0, 54.0, 17.0, 15.0, -12.0, 24.0, 12.0, 11.0, -11.0, 27.0, 13.0, 11.0, 14.0, -32.0, 12.0, 14.0]"
1,1791640541.8703127,"[-35.06774100000001, 62.57916, 33.48723899999999, 33.926694, 0.0007679999999936626, 65.919018, 33.926694, 34.102475999999996, 35.069277, 65.65534500000001, 33.399348, 33.750912, -1.7570519999999874, 114.43484999999998, 73.91709900000001, 59.23930200000001]","[-2.0, 6.0, 1.0, 2.0, 1.0, 3.0, 5.0, 2.0, 1.0, 1.0, 4.0, 3.0, 0.0, -1.0, 1.0, 2.0]","[0.0, 51.0, 17.0, 15.0, -11.0, 25.0, 11.0, 11.0, -7.0, 28.0, 13.0, 11.0, 14.0, -30.0, 12.0, 14.0]"
1,1791640542.0956264,"[-35.946651, 65.30378100000001, 34.62982199999999, 34.981386000000015, 0.0007679999999936626, 68.028402, 34.981386000000015, 35.15716800000001, 36.036078, 67.237383, 34.45403999999999, 34.717713, -1.7570519999999874, 112.50124799999998, 74.971791, 60.293994]","[-1.0, 10.0, 3.0, 2.0, 1.0, 3.0, 4.0, 3.0, 1.0, 11.0, 2.0, 1.0, 1.0, -5.0, 4.0, 4.0]","[-9.0, 41.0, 16.0, 15.0, -12.0, 23.0, 12.0, 12.0, 0.0, 27.0, 12.0, 11.0, 13.0, -28.0, 11.0, 14.0]"
1,1791640542.3200202,"[-37.00134299999999, 68.379966, 35.77240499999999, 35.94818699999999, 0.0007679999999936626, 70.48935, 36.21186, 35.94818699999999, 37.00287900000001, 68.46785700000001, 35.420840999999996, 35.50873200000001, -1.7570519999999874, 110.12819100000002, 76.02648299999998, 61.348686000000015]","[-2.0, 8.0, 2.0, 3.0, 1.0, 3.0, 3.0, 1.0, 1.0, 1.0, 2.0, 4.0, 0.0, -4.0, 3.0, 2.0]","[0.0, 33.0, 16.0, 15.0, -12.0, 22.0, 11.0, 11.0, 0.0, 36.0, 11.0, 12.0, 13.0, -26.0, 12.0, 14.0]"
1,1791640542.5438175,"[-37.88025300000001, 70.92880500000001, 36.914987999999994, 36.82709700000001, 0.0007679999999936626, 72.68662499999999, 37.354443, 37.09076999999999, 38.057570999999996, 68.46785700000001, 36.47553300000001, 36.65131500000001, -1.8449430000000007, 108.98560800000001, 76.29015600000002, 62.13970499999999]","[0.0, 7.0, 1.0, 3.0, 0.0, 4.0, 2.0, 1.0, 1.0, 1.0, 3.0, 2.0, 0.0, 0.0, 1.0, 1.0]","[-9.0, 29.0, 16.0, 16.0, -12.0, 19.0, 10.0, 12.0, 0.0, 57.0, 12.0, 12.0, 13.0, -33.0, 14.0, 15.0]"
1,1791640542.7687473,"[-38.759163, 73.477644, 37.96968000000001, 37.96968000000001, 0.0007679999999936626, 75.05968200000001, 38.32124400000001, 38.057570999999996, 38.936481000000015, 70.22567699999999, 37.530225, 37.530225, -1.9328339999999855, 106.87622399999998, 76.20226500000001, 63.282287999999994]","[0.0, 1.0, 3.0, 4.0, 0.0, 6.0, 1.0, 1.0, 2.0, 1.0, 2.0, 1.0, 0.0, -4.0, -1.0, 3.0]","[-8.0, 28.0, 15.0, 15.0, -11.0, 17.0, 11.0, 11.0, 13.0, 59.0, 11.0, 11.0, 14.0, -30.0, 19.0, 14.0]"
1,1791640542.9915721,"[-39.19861800000001, 74.00498999999999, 38.76069899999999, 38.76069899999999, 0.0007679999999936626, 77.256957, 39.551717999999994, 39.200154, 39.90328199999999, 70.75302300000001, 38.672808, 38.672808, -1.9328339999999855, 105.99731400000002, 76.20226500000001, 63.63385199999999]","[0.0, 1.0, 1.0, 3.0, 1.0, 6.0, 2.0, 1.0, 2.0, 1.0, 1.0, 1.0, 0.0, 1.0, 1.0, 1.0]","[-9.0, 40.0, 16.0, 15.0, -12.0, 17.0, 11.0, 11.0, 15.0, 74.0, 12.0, 12.0, 13.0, -41.0, 25.0, 16.0]"
1,1791640543.2165642,"[-39.81385499999999, 74.796009, 39.551717999999994, 39.63960900000001, 0.0007679999999936626, 77.43273900000003, 40.60641000000001, 40.166955, 39.90328199999999, 70.840914, 39.551717999999994, 39.63960900000001, -1.9328339999999855, 105.909423, 76.114374, 63.63385199999999]","[1.0, 1.0, 2.0, 1.0, 1.0, 0.0, 3.0, 2.0, 1.0, 1.0, 1.0, 1.0, 0.0, 0.0, 0.0, 0.0]","[-11.0, 49.0, 17.0, 16.0, -12.0, 17.0, 10.0, 11.0, 16.0, 102.0, 12.0, 12.0, 14.0, -41.0, 32.0, 20.0]"
1,1791640543.4386628,"[-40.34120100000001, 76.29015600000002, 40.166955, 40.694300999999996, -0.08712299999999118, 77.52062999999998, 41.661102, 40.870082999999994, 41.74899300000001, 73.91709900000001, 40.694300999999996, 40.78219200000001, -1.9328339999999855, 105.99731400000002, 76.20226500000001, 63.80963400000002]","[-3.0, 7.0, 1.0, 1.0, 0.0, 1.0, 4.0, 1.0, 2.0, 8.0, 4.0, 2.0, 1.0, 0.0, 1.0, 1.0]","[-12.0, 53.0, 18.0, 16.0, -4.0, 16.0, 10.0, 11.0, 14.0, 88.0, 11.0, 11.0, 14.0, -41.0, 35.0, 25.0]"
1,1791640543.6635132,"[-41.220111, 77.256957, 40.870082999999994, 41.661102, 0.0007679999999936626, 77.52062999999998, 42.71579399999999, 42.10055700000001, 42.979467, 74.18077199999999, 41.133756000000005, 41.661102, -2.196506999999997, 106.43676900000003, 76.02648299999998, 63.80963400000002]","[0.0, 1.0, 1.0, 3.0, 1.0, 1.0, 3.0, 1.0, 2.0, 1.0, 1.0, 1.0, 0.0, 1.0, 0.0, 1.0]","[-14.0, 68.0, 20.0, 15.0, -12.0, 16.0, 10.0, 11.0, 13.0, 114.0, 14.0, 12.0, 9.0, -11.0, 11.0, 13.0]"
1,1791640543.8876615,"[-41.571675, 77.608521, 41.48532, 42.803685, 0.0007679999999936626, 77.608521, 43.68259499999999, 43.06735800000001, 43.506812999999994, 74.796009, 41.39742899999999, 42.891576000000015, -2.28439800000001, 106.43676900000003, 76.02648299999998, 63.80963400000002]","[0.0, 1.0, 1.0, 5.0, 1.0, 1.0, 3.0, 1.0, 1.0, 1.0, 1.0, 2.0, 0.0, 1.0, 0.0, 1.0]","[-16.0, 89.0, 22.0, 16.0, -12.0, 17.0, 10.0, 11.0, 14.0, 139.0, 16.0, 12.0, 10.0, -11.0, 11.0, 13.0]"
1,1791640544.109648,"[-41.923238999999995, 77.608521, 42.012665999999996, 43.506812999999994, 0.0007679999999936626, 77.69641200000001, 44.56150500000001, 44.12205, 43.68259499999999, 73.477644, 41.39742899999999, 42.891576000000015, -2.28439800000001, 106.43676900000003, 76.02648299999998, 63.80963400000002]","[0.0, 1.0, 2.0, 1.0, 0.0, 0.0, 1.0, 1.0, 1.0, 0.0, 1.0, 1.0, 0.0, 1.0, 0.0, 1.0]","[-19.0, 118.0, 24.0, 15.0, -11.0, 16.0, 9.0, 11.0, -14.0, 12.0, 0.0, 9.0, 9.0, -11.0, 10.0, 13.0]"
1,1791640544.3357425,"[-42.18691200000001, 77.608521, 42.452121000000005, 44.91306900000001, 0.0007679999999936626, 77.69641200000001, 45.791979, 45.088851000000005, 43.68259499999999, 73.477644, 41.39742899999999, 42.891576000000015, -2.196506999999997, 106.43676900000003, 76.02648299999998, 63.80963400000002]","[0.0, 0.0, 1.0, 4.0, 1.0, 1.0, 2.0, 1.0, 1.0, 1.0, 1.0, 1.0, 0.0, 1.0, 0.0, 1.0]","[-24.0, 119.0, 28.0, 14.0, -11.0, 15.0, 10.0, 11.0, -14.0, 12.0, 0.0, 9.0, 9.0, -11.0, 10.0, 13.0]"
1,1791640544.5597284,"[-42.18691200000001, 76.114374, 42.452121000000005, 45.088851000000005, -0.08712299999999118, 77.69641200000001, 46.31932499999999, 45.70408800000001, 43.68259499999999, 73.38975300000001, 41.39742899999999, 42.891576000000015, -2.28439800000001, 106.43676900000003, 76.02648299999998, 63.80963400000002]","[0.0, 0.0, 1.0, 1.0, 0.0, 0.0, 1.0, 2.0, 1.0, 1.0, 1.0, 1.0, 0.0, 1.0, 0.0, 1.0]","[0.0, 15.0, 14.0, -14.0, 0.0, 16.0, 11.0, 11.0, -14.0, 12.0, 0.0, 9.0, 9.0, -11.0, 10.0, 13.0]"
1,1791640544.784665,"[-42.18691200000001, 76.114374, 42.452121000000005, 45.088851000000005, -0.08712299999999118, 77.608521, 46.49510699999999, 46.05565200000001, 43.68259499999999, 73.38975300000001, 41.39742899999999, 42.891576000000015, -2.28439800000001, 106.43676900000003, 76.02648299999998, 63.80963400000002]","[0.0, 0.0, 1.0, 1.0, 0.0, 0.0, 1.0, 1.0, 1.0, 0.0, 1.0, 1.0, 0.0, 1.0, 0.0, 1.0]","[0.0, 16.0, 13.0, -14.0, 0.0, 16.0, 14.0, 15.0, -14.0, 12.0, 0.0, 9.0, 10.0, -12.0, 10.0, 13.0]"
1,1791640545.0057728,"[-42.18691200000001, 76.114374, 42.452121000000005, 45.088851000000005, -0.17501400000000444, 77.608521, 46.934562, 46.407216000000005, 43.68259499999999, 73.38975300000001, 41.39742899999999, 42.891576000000015, -2.196506999999997, 106.43676900000003, 76.02648299999998, 63.80963400000002]","[0.0, 0.0, 0.0, 1.0, 0.0, 0.0, 1.0, 1.0, 1.0, 1.0, 1.0, 1.0, 1.0, 1.0, 0.0, 1.0]","[0.0, 15.0, 13.0, -13.0, 12.0, 16.0, 15.0, 16.0, -14.0, 12.0, 0.0, 9.0, 10.0, -11.0, 10.0, 12.0]"
1,1791640545.229024,"[-42.18691200000001, 76.114374, 42.452121000000005, 45.088851000000005, -0.17501400000000444, 77.608521, 47.19823500000001, 46.75878, 43.68259499999999, 73.38975300000001, 41.39742899999999, 42.891576000000015, -2.28439800000001, 106.43676900000003, 76.02648299999998, 63.80963400000002]","[0.0, 0.0, 0.0, 1.0, 0.0, 0.0, 1.0, 1.0, 1.0, 0.0, 1.0, 1.0, 0.0, 1.0, 0.0, 1.0]","[2.0, 15.0, 14.0, -13.0, 12.0, 17.0, 18.0, 20.0, -14.0, 13.0, 0.0, 9.0, 10.0, -11.0, 10.0, 13.0]"
1,1791640545.4559221,"[-42.18691200000001, 76.114374, 42.452121000000005, 45.088851000000005, -0.17501400000000444, 77.608521, 47.54979900000001, 47.286125999999996, 43.68259499999999, 73.38975300000001, 41.39742899999999, 42.891576000000015, -2.28439800000001, 106.43676900000003, 76.02648299999998, 63.80963400000002]","[0.0, 0.0, 1.0, 1.0, 0.0, 0.0, 2.0, 1.0, 1.0, 0.0, 1.0, 1.0, 1.0, 1.0, 0.0, 1.0]","[0.0, 15.0, 13.0, -13.0, 12.0, 17.0, 23.0, 22.0, -14.0, 13.0, 0.0, 9.0, 9.0, -11.0, 11.0, 13.0]"
1,1791640545.6797657,"[-42.18691200000001, 76.114374, 42.452121000000005, 45.088851000000005, -0.17501400000000444, 77.52062999999998, 47.461907999999994, 47.19823500000001, 43.68259499999999, 73.38975300000001, 41.39742899999999, 42.891576000000015, -2.196506999999997, 106.43676900000003, 76.02648299999998, 63.80963400000002]","[0.0, 0.0, 1.0, 1.0, 1.0, 0.0, 0.0, 0.0, 1.0, 1.0, 1.0, 1.0, 1.0, 1.0, 0.0, 1.0]","[0.0, 15.0, 13.0, -13.0, 10.0, 9.0, 10.0, 10.0, -14.0, 13.0, 0.0, 9.0, 9.0, -11.0, 10.0, 13.0]"
2,1791640547.694108,"[-0.2629049999999893, -5.184800999999993, -0.8781419999999969, -0.08712299999999118, -0.08712299999999118, -5.800038000000001, -0.08712299999999118, -0.35079600000000255, 0.26444100000000503, -5.009018999999995, -0.9660330000000101, 0.44022300000000314, -1.7570519999999874, 178.33160700000002, 40.166955, 25.66494]","[1.0, 0.0, 1.0, 0.0, 0.0, 1.0, 1.0, 1.0, 0.0, 0.0, 1.0, 1.0, 0.0, 1.0, 0.0, 0.0]","[8.0, 34.0, 15.0, 0.0, 0.0, 35.0, 0.0, 9.0, -15.0, 33.0, 10.0, -11.0, 14.0, 17.0, -10.0, -15.0]"
2,1791640547.9209664,"[-0.2629049999999893, -5.009018999999995, -0.790251000000012, 0.17654999999999177, -0.08712299999999118, -5.800038000000001, 0.44022300000000314, -0.35079600000000255, 0.26444100000000503, -5.009018999999995, -0.9660330000000101, 0.44022300000000314, -1.7570519999999874, 178.06793399999998, 40.254846000000015, 25.752831000000015]","[1.0, 1.0, 1.0, 1.0, 1.0, 1.0, 1.0, 1.0, 0.0, 0.0, 1.0, 1.0, 0.0, 0.0, 1.0, 1.0]","[9.0, 41.0, 18.0, 14.0, 0.0, 57.0, 11.0, 13.0, -14.0, 41.0, 13.0, 10.0, 18.0, -12.0, 11.0, 14.0]"
2,1791640548.1412067,"[-0.2629049999999893, -5.009018999999995, -0.08712299999999118, 0.528113999999988, -0.08712299999999118, -3.866435999999993, 0.9675689999999975, 0.44022300000000314, 0.26444100000000503, -4.92112800000001, -0.6144689999999855, 0.7038960000000145, -1.7570519999999874, 177.62847900000003, 40.518519, 26.28017700000001]","[1.0, 0.0, 1.0, 1.0, 1.0, 3.0, 1.0, 1.0, 0.0, 1.0, 1.0, 0.0, 0.0, 1.0, 1.0, 2.0]","[9.0, 49.0, 18.0, 15.0, 0.0, 57.0, 12.0, 12.0, -14.0, 52.0, 16.0, 12.0, 23.0, -24.0, 15.0, 15.0]"
2,1791640548.3653975,"[-0.2629049999999893, -4.92112800000001, 0.8796780000000126, 1.582806000000005, -0.08712299999999118, -3.1633080000000007, 1.6706969999999899, 1.407024000000007, 0.26444100000000503, -4.92112800000001, 0.26444100000000503, 1.0554600000000107, -1.7570519999999874, 176.92535099999998, 41.133756000000005, 27.159087]","[1.0, 1.0, 1.0, 3.0, 1.0, 6.0, 1.0, 1.0, 0.0, 1.0, 1.0, 1.0, 0.0, 0.0, 3.0, 1.0]","[9.0, 57.0, 19.0, 17.0, 0.0, 62.0, 12.0, 14.0, -15.0, 62.0, 16.0, 14.0, 30.0, -38.0, 14.0, 14.0]"
2,1791640548.589658,"[-0.2629049999999893, -4.833236999999997, 1.7585880000000031, 2.3738250000000107, -0.08712299999999118, -0.17501400000000444, 2.3738250000000107, 2.1101519999999994, 0.26444100000000503, -4.92112800000001, 1.3191329999999937, 1.0554600000000107, -1.7570519999999874, 173.40971100000002, 42.27633900000001, 28.03799699999999]","[1.0, 1.0, 2.0, 1.0, 1.0, 6.0, 0.0, 1.0, 0.0, 1.0, 3.0, 1.0, 0.0, -5.0, 1.0, 1.0]","[9.0, 71.0, 19.0, 17.0, 0.0, 57.0, 14.0, 14.0, -14.0, 74.0, 15.0, 18.0, 37.0, -33.0, 13.0, 16.0]"
2,1791640548.8165107,"[-0.2629049999999893, -3.1633080000000007, 2.901171000000005, 3.5164080000000126, -0.08712299999999118, 1.3191329999999937, 3.2527350000000013, 3.164843999999988, 0.26444100000000503, -3.2511989999999855, 1.846478999999988, 3.076953000000003, -0.7023599999999988, 169.894071, 43.06735800000001, 29.180579999999992]","[1.0, 4.0, 2.0, 3.0, 1.0, 2.0, 3.0, 1.0, 0.0, 2.0, 1.0, 5.0, 3.0, -6.0, 1.0, 4.0]","[7.0, 56.0, 18.0, 16.0, 0.0, 61.0, 14.0, 15.0, -14.0, 65.0, 18.0, 13.0, 36.0, -30.0, 13.0, 14.0]"
2,1791640549.0371208,"[-0.2629049999999893, -1.7570519999999874, 3.7800809999999956, 4.483208999999988, -0.08712299999999118, 3.4285169999999994, 4.30742699999999, 4.395318000000003, 0.26444100000000503, -3.2511989999999855, 2.98906199999999, 4.043754000000007, 0.08865900000000693, 168.31203299999999, 44.297832, 30.05949000000001]","[1.0, 2.0, 4.0, 1.0, 1.0, 4.0, 1.0, 1.0, 0.0, 1.0, 4.0, 1.0, 8.0, 0.0, 1.0, 1.0]","[8.0, 54.0, 20.0, 17.0, 0.0, 68.0, 14.0, 14.0, -14.0, 79.0, 17.0, 13.0, 33.0, -44.0, 13.0, 15.0]"
2,1791640549.2609653,"[-0.2629049999999893, -0.790251000000012, 4.834773000000013, 5.62579199999999, -0.08712299999999118, 5.62579199999999, 4.9226639999999975, 5.186337000000009, 0.26444100000000503, -3.2511989999999855, 3.867972000000009, 5.010555000000011, 0.8796780000000126, 165.41163, 45.528306000000015, 31.114182]","[1.0, 2.0, 4.0, 3.0, 1.0, 9.0, 1.0, 1.0, 0.0, 1.0, 6.0, 1.0, 1.0, -4.0, 2.0, 1.0]","[9.0, 51.0, 19.0, 16.0, 0.0, 58.0, 16.0, 14.0, -14.0, 93.0, 19.0, 14.0, 39.0, -41.0, 13.0, 14.0]"
2,1791640549.4868915,"[-0.2629049999999893, -0.7023599999999988, 5.889465000000001, 6.680484000000007, -0.08712299999999118, 7.119938999999988, 6.2410289999999975, 6.504702000000009, 0.26444100000000503, 0.08865900000000693, 5.010555000000011, 6.2410289999999975, 0.7917869999999994, 163.39013699999998, 46.582998, 32.16887399999999]","[1.0, 1.0, 2.0, 2.0, 1.0, 7.0, 4.0, 6.0, 0.0, 15.0, 3.0, 3.0, 0.0, 0.0, 3.0, 3.0]","[9.0, 65.0, 20.0, 15.0, 0.0, 65.0, 14.0, 12.0, -14.0, 60.0, 16.0, 12.0, 52.0, -57.0, 12.0, 15.0]"
2,1791640549.7101598,"[-0.2629049999999893, 0.9675689999999975, 6.504702000000009, 7.383611999999999, -0.08712299999999118, 9.844560000000001, 7.207830000000001, 7.5593939999999975, 0.26444100000000503, 0.26444100000000503, 5.889465000000001, 7.207830000000001, -0.8781419999999969, 163.565919, 46.67088899999999, 32.16887399999999]","[1.0, 4.0, 6.0, 1.0, 1.0, 6.0, 1.0, 3.0, 0.0, 0.0, 1.0, 1.0, 0.0, 1.0, 1.0, 1.0]","[8.0, 61.0, 20.0, 17.0, 0.0, 58.0, 15.0, 13.0, -15.0, 71.0, 18.0, 14.0, 13.0, -11.0, 0.0, 13.0]"
2,1791640549.9367094,"[-0.2629049999999893, 0.9675689999999975, 7.910957999999994, 8.614086000000015, -0.08712299999999118, 11.426598000000013, 8.26252199999999, 8.526195000000001, 0.26444100000000503, 0.528113999999988, 7.119938999999988, 8.174631000000005, -0.8781419999999969, 163.478028, 46.67088899999999, 32.16887399999999]","[1.0, 1.0, 2.0, 2.0, 1.0, 4.0, 4.0, 1.0, 0.0, 1.0, 4.0, 3.0, 0.0, 0.0, 1.0, 1.0]","[8.0, 72.0, 18.0, 17.0, 0.0, 61.0, 14.0, 12.0, -14.0, 82.0, 17.0, 14.0, 14.0, -10.0, 0.0, 13.0]"
2,1791640550.159265,"[-0.2629049999999893, 0.9675689999999975, 8.789868000000013, 9.492996000000005, -0.08712299999999118, 11.426598000000013, 9.229322999999994, 9.492996000000005, 0.26444100000000503, 0.528113999999988, 7.823067000000009, 9.317214000000007, -0.8781419999999969, 163.478028, 46.67088899999999, 32.16887399999999]","[1.0, 1.0, 3.0, 1.0, 1.0, 1.0, 1.0, 1.0, 0.0, 1.0, 5.0, 3.0, 0.0, 0.0, 1.0, 1.0]","[8.0, 87.0, 20.0, 17.0, 0.0, 92.0, 14.0, 13.0, -15.0, 96.0, 17.0, 13.0, 13.0, -11.0, 0.0, 14.0]"
2,1791640550.3848107,"[-0.2629049999999893, 4.043754000000007, 9.756668999999988, 10.635579000000007, -0.08712299999999118, 15.733257000000009, 10.28401500000001, 10.547687999999994, 0.26444100000000503, 4.219536000000005, 8.789868000000013, 10.108233000000013, -0.790251000000012, 163.478028, 46.67088899999999, 32.16887399999999]","[1.0, 11.0, 1.0, 2.0, 1.0, 10.0, 3.0, 4.0, 0.0, 16.0, 1.0, 1.0, 1.0, 0.0, 1.0, 1.0]","[8.0, 53.0, 19.0, 16.0, 0.0, 58.0, 14.0, 13.0, -14.0, 54.0, 17.0, 14.0, 12.0, -10.0, 0.0, 13.0]"
2,1791640550.6057303,"[-0.2629049999999893, 4.219536000000005, 10.547687999999994, 10.723469999999992, -0.08712299999999118, 17.578968000000003, 11.250816000000015, 11.514488999999998, 0.26444100000000503, 4.6589910000000145, 9.756668999999988, 11.162925000000001, -0.790251000000012, 163.478028, 46.67088899999999, 32.16887399999999]","[1.0, 1.0, 1.0, 1.0, 1.0, 4.0, 2.0, 3.0, 0.0, 0.0, 2.0, 2.0, 1.0, 0.0, 1.0, 1.0]","[8.0, 69.0, 21.0, 18.0, 0.0, 63.0, 13.0, 13.0, -14.0, 65.0, 17.0, 14.0, 12.0, -10.0, 0.0, 13.0]"
2,1791640550.8294418,"[-0.2629049999999893, 4.30742699999999, 11.690270999999996, 12.569181000000015, -0.08712299999999118, 19.68835200000001, 12.21761699999999, 12.393398999999988, 0.26444100000000503, 6.2410289999999975, 10.89925199999999, 12.21761699999999, -0.790251000000012, 163.478028, 46.67088899999999, 32.16887399999999]","[1.0, 1.0, 1.0, 4.0, 1.0, 7.0, 1.0, 1.0, 0.0, 3.0, 2.0, 3.0, 1.0, 0.0, 1.0, 1.0]","[8.0, 78.0, 20.0, 16.0, 0.0, 60.0, 15.0, 13.0, -14.0, 58.0, 19.0, 13.0, 13.0, -10.0, 0.0, 13.0]"
2,1791640551.0535114,"[-0.2629049999999893, 7.032048000000003, 12.569181000000015, 13.184417999999994, -0.08712299999999118, 21.358281000000005, 13.272309000000007, 13.623873000000003, 0.26444100000000503, 6.328920000000011, 10.89925199999999, 13.184417999999994, -0.790251000000012, 163.478028, 46.67088899999999, 32.16887399999999]","[1.0, 11.0, 1.0, 1.0, 1.0, 3.0, 2.0, 2.0, 0.0, 1.0, 0.0, 3.0, 1.0, 0.0, 1.0, 1.0]","[8.0, 53.0, 19.0, 16.0, 0.0, 66.0, 14.0, 12.0, -14.0, 70.0, 22.0, 14.0, 13.0, -9.0, 0.0, 13.0]"
2,1791640551.2765508,"[-0.2629049999999893, 7.998849000000007, 13.799655000000001, 14.502782999999994, -0.08712299999999118, 23.995011000000005, 14.327000999999996, 14.502782999999994, 0.26444100000000503, 6.328920000000011, 13.008635999999996, 13.975437, -0.790251000000012, 163.478028, 46.67088899999999, 32.16887399999999]","[1.0, 1.0, 3.0, 2.0, 1.0, 7.0, 3.0, 1.0, 0.0, 1.0, 5.0, 2.0, 1.0, 0.0, 1.0, 1.0]","[8.0, 58.0, 20.0, 16.0, 0.0, 55.0, 14.0, 13.0, -15.0, 84.0, 17.0, 13.0, 13.0, -9.0, 0.0, 13.0]"
2,1791640551.502219,"[-0.2629049999999893, 7.998849000000007, 14.678564999999992, 15.381693000000013, -0.08712299999999118, 26.016503999999998, 15.381693000000013, 15.996929999999992, 0.26444100000000503, 9.405104999999992, 13.448091000000005, 15.030128999999988, -0.790251000000012, 163.478028, 46.67088899999999, 32.16887399999999]","[1.0, 1.0, 1.0, 4.0, 1.0, 1.0, 1.0, 4.0, 0.0, 11.0, 7.0, 2.0, 1.0, 0.0, 1.0, 1.0]","[8.0, 70.0, 20.0, 16.0, 0.0, 57.0, 13.0, 12.0, -14.0, 53.0, 19.0, 12.0, 13.0, -10.0, 0.0, 13.0]"
2,1791640551.7249823,"[-0.2629049999999893, 10.108233000000013, 15.733257000000009, 16.436385, -0.08712299999999118, 28.125888000000003, 16.524276000000015, 16.787948999999998, 0.26444100000000503, 9.405104999999992, 14.766456000000005, 15.996929999999992, -0.790251000000012, 163.478028, 46.67088899999999, 32.16887399999999]","[1.0, 3.0, 3.0, 1.0, 1.0, 3.0, 3.0, 2.0, 0.0, 1.0, 1.0, 1.0, 1.0, 0.0, 1.0, 1.0]","[8.0, 59.0, 19.0, 16.0, 0.0, 60.0, 13.0, 13.0, -14.0, 69.0, 19.0, 15.0, 13.0, -10.0, 0.0, 13.0]"
2,1791640551.9527338,"[-0.2629049999999893, 10.28401500000001, 16.787948999999998, 17.403186000000005, -0.08712299999999118, 29.795817, 17.578968000000003, 17.842641000000015, 0.26444100000000503, 9.405104999999992, 15.996929999999992, 17.05162200000001, -0.790251000000012, 163.478028, 46.67088899999999, 32.16887399999999]","[1.0, 1.0, 1.0, 3.0, 1.0, 1.0, 4.0, 2.0, 0.0, 0.0, 3.0, 3.0, 1.0, 0.0, 1.0, 1.0]","[8.0, 67.0, 20.0, 17.0, 0.0, 64.0, 12.0, 12.0, -15.0, 83.0, 17.0, 13.0, 13.0, -10.0, 0.0, 13.0]"
2,1791640552.1737897,"[-0.2629049999999893, 12.21761699999999, 17.930532, 18.282095999999996, -0.08712299999999118, 30.05949000000001, 18.36998700000001, 18.80944199999999, 0.26444100000000503, 9.756668999999988, 16.87584000000001, 18.19420500000001, -0.790251000000012, 163.478028, 46.67088899999999, 32.16887399999999]","[1.0, 6.0, 5.0, 3.0, 1.0, 3.0, 1.0, 3.0, 0.0, 1.0, 2.0, 2.0, 1.0, 0.0, 1.0, 1.0]","[8.0, 54.0, 18.0, 16.0, 0.0, 74.0, 14.0, 12.0, -14.0, 92.0, 17.0, 13.0, 13.0, -10.0, 0.0, 13.0]"
2,1791640552.3967128,"[-0.2629049999999893, 12.305508000000003, 18.80944199999999, 19.336788000000013, -0.08712299999999118, 34.45403999999999, 19.336788000000013, 19.68835200000001, 0.26444100000000503, 12.92074500000001, 18.018423000000013, 19.073115, -0.790251000000012, 163.478028, 46.67088899999999, 32.16887399999999]","[1.0, 1.0, 1.0, 1.0, 1.0, 4.0, 2.0, 1.0, 0.0, 15.0, 3.0, 2.0, 1.0, 0.0, 1.0, 1.0]","[8.0, 68.0, 19.0, 16.0, 0.0, 56.0, 14.0, 12.0, -14.0, 53.0, 18.0, 13.0, 13.0, -10.0, 0.0, 13.0]"
2,1791640552.6223228,"[-0.2629049999999893, 13.360199999999992, 19.952024999999992, 20.39148, -0.08712299999999118, 36.563424, 20.215698000000003, 20.743043999999998, 0.26444100000000503, 14.151218999999998, 19.073115, 20.215698000000003, -0.790251000000012, 163.478028, 46.67088899999999, 32.16887399999999]","[1.0, 2.0, 2.0, 2.0, 1.0, 7.0, 1.0, 1.0, 0.0, 1.0, 2.0, 2.0, 1.0, 0.0, 1.0, 0.0]","[8.0, 68.0, 18.0, 17.0, 0.0, 49.0, 14.0, 12.0, -14.0, 60.0, 16.0, 13.0, 13.0, -10.0, 0.0, 13.0]"
2,1791640552.8458433,"[-0.2629049999999893, 13.360199999999992, 20.918825999999996, 21.44617199999999, -0.08712299999999118, 38.672808, 21.00671700000001, 21.797736000000015, 0.26444100000000503, 14.151218999999998, 20.215698000000003, 21.270389999999992, -0.790251000000012, 163.478028, 46.67088899999999, 32.16887399999999]","[1.0, 1.0, 1.0, 3.0, 1.0, 5.0, 3.0, 3.0, 0.0, 1.0, 1.0, 2.0, 1.0, 0.0, 1.0, 1.0]","[8.0, 79.0, 19.0, 16.0, 0.0, 52.0, 14.0, 11.0, -14.0, 71.0, 16.0, 13.0, 13.0, -10.0, 0.0, 13.0]"
2,1791640553.0699325,"[-0.2629049999999893, 15.909039000000007, 22.061408999999998, 22.500864000000007, -0.08712299999999118, 40.43062800000001, 21.797736000000015, 22.76453699999999, 0.26444100000000503, 14.151218999999998, 21.00671700000001, 22.32508200000001, -0.790251000000012, 163.478028, 46.67088899999999, 32.16887399999999]","[1.0, 8.0, 1.0, 2.0, 1.0, 3.0, 2.0, 1.0, 0.0, 1.0, 1.0, 1.0, 1.0, 0.0, 1.0, 1.0]","[8.0, 59.0, 19.0, 17.0, 0.0, 50.0, 16.0, 12.0, -14.0, 85.0, 18.0, 13.0, 13.0, -10.0, 0.0, 13.0]"
2,1791640553.2964318,"[-0.2629049999999893, 16.787948999999998, 22.852428000000003, 22.588754999999992, -0.08712299999999118, 43.06735800000001, 22.588754999999992, 23.819229000000007, 0.26444100000000503, 14.23911000000001, 21.885627, 22.852428000000003, -0.790251000000012, 163.478028, 46.67088899999999, 32.16887399999999]","[1.0, 1.0, 1.0, 1.0, 1.0, 3.0, 1.0, 4.0, 0.0, 2.0, 3.0, 3.0, 1.0, 0.0, 1.0, 0.0]","[8.0, 61.0, 20.0, 18.0, 0.0, 45.0, 16.0, 13.0, -15.0, 99.0, 17.0, 13.0, 13.0, -10.0, 0.0, 12.0]"
2,1791640553.519181,"[-0.2629049999999893, 18.018423000000013, 23.731337999999994, 24.434466000000015, -0.08712299999999118, 45.17674199999999, 23.64344700000001, 24.78603000000001, 0.26444100000000503, 14.23911000000001, 23.116101000000015, 24.170793000000003, -0.790251000000012, 163.478028, 46.67088899999999, 32.16887399999999]","[1.0, 3.0, 1.0, 3.0, 1.0, 6.0, 3.0, 1.0, 0.0, 1.0, 1.0, 2.0, 1.0, 0.0, 1.0, 1.0]","[8.0, 59.0, 20.0, 16.0, 0.0, 43.0, 17.0, 12.0, -14.0, 113.0, 17.0, 13.0, 13.0, -10.0, 0.0, 13.0]"
2,1791640553.7415066,"[-0.2629049999999893, 18.018423000000013, 24.78603000000001, 25.489158000000003, -0.08712299999999118, 47.81347199999999, 24.873920999999996, 25.928613000000013, 0.26444100000000503, 19.424678999999998, 24.258683999999988, 25.577048999999988, -0.790251000000012, 163.478028, 46.67088899999999, 32.16887399999999]","[1.0, 1.0, 2.0, 2.0, 1.0, 5.0, 4.0, 4.0, 0.0, 4.0, 5.0, 4.0, 1.0, 0.0, 1.0, 1.0]","[8.0, 67.0, 19.0, 17.0, 0.0, 42.0, 14.0, 12.0, -14.0, 59.0, 16.0, 11.0, 13.0, -10.0, 0.0, 12.0]"
2,1791640553.9684124,"[-0.2629049999999893, 20.39148, 25.752831000000015, 26.368067999999994, -0.08712299999999118, 49.39551, 25.840722, 26.895413999999988, 0.26444100000000503, 19.424678999999998, 25.137594000000007, 26.455959000000007, -0.790251000000012, 163.478028, 46.67088899999999, 32.16887399999999]","[1.0, 5.0, 3.0, 1.0, 0.0, 1.0, 1.0, 1.0, 0.0, 1.0, 2.0, 4.0, 1.0, 0.0, 1.0, 1.0]","[8.0, 54.0, 20.0, 15.0, 0.0, 43.0, 14.0, 12.0, -14.0, 69.0, 16.0, 12.0, 13.0, -10.0, 0.0, 12.0]"
2,1791640554.1902077,"[-0.2629049999999893, 21.44617199999999, 26.631741000000005, 27.59854200000001, -0.08712299999999118, 51.680676000000005, 27.071196000000015, 27.59854200000001, 0.26444100000000503, 19.424678999999998, 26.016503999999998, 27.59854200000001, -0.790251000000012, 163.478028, 46.67088899999999, 32.16887399999999]","[1.0, 5.0, 1.0, 1.0, 0.0, 3.0, 2.0, 1.0, 0.0, 1.0, 1.0, 2.0, 1.0, 0.0, 1.0, 0.0]","[9.0, 52.0, 20.0, 15.0, -1.0, 40.0, 15.0, 13.0, -15.0, 81.0, 18.0, 11.0, 13.0, -10.0, 0.0, 13.0]"
2,1791640554.416439,"[-0.2629049999999893, 21.534063000000003, 27.686432999999994, 28.653233999999998, 0.0007679999999936626, 53.79006000000001, 28.213778999999988, 28.565343000000013, 0.26444100000000503, 19.424678999999998, 27.246978000000013, 28.653233999999998, -0.790251000000012, 163.478028, 46.67088899999999, 32.16887399999999]","[1.0, 1.0, 3.0, 3.0, 1.0, 1.0, 3.0, 1.0, 0.0, 1.0, 2.0, 2.0, 1.0, 1.0, 1.0, 1.0]","[8.0, 63.0, 20.0, 15.0, -10.0, 41.0, 14.0, 12.0, -14.0, 95.0, 17.0, 12.0, 13.0, -11.0, 0.0, 13.0]"
2,1791640554.637625,"[-0.2629049999999893, 22.76453699999999, 28.477452, 29.620035, 0.0007679999999936626, 56.163117, 29.35636199999999, 29.883708000000013, 0.26444100000000503, 19.424678999999998, 28.125888000000003, 29.707926000000015, -0.790251000000012, 163.478028, 46.67088899999999, 32.16887399999999]","[1.0, 6.0, 4.0, 3.0, 0.0, 5.0, 3.0, 2.0, 0.0, 1.0, 1.0, 1.0, 1.0, 0.0, 1.0, 1.0]","[8.0, 59.0, 21.0, 16.0, -9.0, 37.0, 13.0, 12.0, -14.0, 111.0, 17.0, 12.0, 13.0, -10.0, 0.0, 13.0]"
2,1791640554.861443,"[-0.2629049999999893, 24.170793000000003, 29.620035, 30.762618000000003, 0.0007679999999936626, 58.624065, 30.498944999999992, 31.026291000000015, 0.26444100000000503, 25.137594000000007, 29.35636199999999, 30.762618000000003, -0.790251000000012, 163.478028, 46.67088899999999, 32.16887399999999]","[1.0, 2.0, 1.0, 3.0, 0.0, 6.0, 3.0, 4.0, 0.0, 13.0, 5.0, 3.0, 1.0, 0.0, 1.0, 1.0]","[8.0, 53.0, 21.0, 15.0, -11.0, 31.0, 13.0, 12.0, -15.0, 43.0, 16.0, 12.0, 13.0, -9.0, 0.0, 12.0]"
2,1791640555.0859292,"[-0.2629049999999893, 24.258683999999988, 30.67472699999999, 31.729419000000007, 0.0007679999999936626, 60.909231000000005, 31.641527999999994, 31.905201000000005, 0.26444100000000503, 25.66494, 30.23527200000001, 31.729419000000007, -0.790251000000012, 163.478028, 46.67088899999999, 32.16887399999999]","[1.0, 1.0, 2.0, 1.0, 1.0, 3.0, 1.0, 1.0, 0.0, 1.0, 2.0, 2.0, 1.0, 0.0, 1.0, 1.0]","[8.0, 66.0, 20.0, 16.0, -12.0, 32.0, 13.0, 12.0, -15.0, 54.0, 17.0, 12.0, 12.0, -11.0, 0.0, 13.0]"
2,1791640555.3098302,"[-0.2629049999999893, 24.610248000000013, 31.641527999999994, 32.608329, 0.0007679999999936626, 63.282287999999994, 32.69622000000001, 32.87200200000001, 0.26444100000000503, 27.59854200000001, 31.114182, 32.52043800000001, -0.790251000000012, 163.478028, 46.67088899999999, 32.16887399999999]","[1.0, 6.0, 3.0, 2.0, 1.0, 5.0, 3.0, 1.0, 0.0, 6.0, 3.0, 2.0, 1.0, 0.0, 1.0, 1.0]","[8.0, 67.0, 19.0, 16.0, -12.0, 27.0, 12.0, 12.0, -14.0, 41.0, 16.0, 12.0, 13.0, -10.0, 0.0, 13.0]"
2,1791640555.5362298,"[-0.2629049999999893, 28.213778999999988, 32.784110999999996, 33.83880300000001, 0.0007679999999936626, 65.47956300000001, 34.01458500000001, 34.102475999999996, 0.26444100000000503, 27.686432999999994, 32.52043800000001, 33.663021000000015, -0.790251000000012, 163.478028, 46.67088899999999, 32.16887399999999]","[1.0, 3.0, 4.0, 3.0, 1.0, 3.0, 5.0, 3.0, 0.0, 0.0, 4.0, 3.0, 1.0, 0.0, 1.0, 1.0]","[8.0, 46.0, 18.0, 15.0, -11.0, 28.0, 12.0, 12.0, -14.0, 55.0, 16.0, 12.0, 13.0, -10.0, 0.0, 12.0]"
2,1791640555.7574024,"[-0.2629049999999893, 28.213778999999988, 33.83880300000001, 34.80560399999999, 0.0007679999999936626, 67.501056, 34.981386000000015, 35.15716800000001, 0.3523319999999899, 28.653233999999998, 33.48723899999999, 34.717713, -0.790251000000012, 163.478028, 46.67088899999999, 32.16887399999999]","[1.0, 1.0, 3.0, 3.0, 1.0, 3.0, 3.0, 4.0, 1.0, 9.0, 3.0, 4.0, 1.0, 0.0, 1.0, 1.0]","[9.0, 55.0, 19.0, 15.0, -12.0, 27.0, 12.0, 11.0, -15.0, 53.0, 15.0, 12.0, 13.0, -10.0, 0.0, 13.0]"
2,1791640555.9803593,"[-0.2629049999999893, 30.23527200000001, 34.893495, 35.860296000000005, 0.0007679999999936626, 70.04989499999999, 36.12396899999999, 35.94818699999999, 0.26444100000000503, 28.91690700000001, 34.45403999999999, 34.893495, -0.790251000000012, 163.478028, 46.67088899999999, 32.16887399999999]","[1.0, 8.0, 4.0, 1.0, 1.0, 5.0, 3.0, 1.0, 0.0, 1.0, 1.0, 3.0, 1.0, 0.0, 1.0, 1.0]","[9.0, 41.0, 18.0, 15.0, -11.0, 25.0, 11.0, 12.0, -14.0, 63.0, 15.0, 15.0, 12.0, -10.0, 0.0, 12.0]"
2,1791640556.2051644,"[-0.2629049999999893, 31.289963999999998, 36.12396899999999, 36.47553300000001, 0.0007679999999936626, 72.42295200000001, 37.354443, 37.09076999999999, 0.26444100000000503, 31.817309999999992, 35.68451400000001, 36.563424, -0.790251000000012, 163.478028, 46.67088899999999, 32.16887399999999]","[1.0, 1.0, 3.0, 7.0, 1.0, 7.0, 2.0, 2.0, 0.0, 10.0, 3.0, 1.0, 1.0, 0.0, 1.0, 1.0]","[9.0, 48.0, 18.0, 16.0, -11.0, 19.0, 11.0, 11.0, -14.0, 38.0, 15.0, 12.0, 13.0, -10.0, 0.0, 12.0]"
2,1791640556.4287212,"[-0.2629049999999893, 31.37785500000001, 37.178661000000005, 37.79389800000001, 0.0007679999999936626, 74.620227, 38.32124400000001, 38.057570999999996, 0.26444100000000503, 32.344656000000015, 36.739205999999996, 37.44233399999999, -0.790251000000012, 163.478028, 46.67088899999999, 32.16887399999999]","[1.0, 1.0, 3.0, 4.0, 1.0, 5.0, 1.0, 1.0, 1.0, 1.0, 3.0, 1.0, 1.0, 0.0, 1.0, 1.0]","[9.0, 56.0, 18.0, 14.0, -12.0, 19.0, 10.0, 12.0, -15.0, 46.0, 15.0, 12.0, 12.0, -10.0, 0.0, 13.0]"
2,1791640556.6561358,"[-0.2629049999999893, 33.13567499999999, 38.32124400000001, 38.40913499999999, 0.0007679999999936626, 76.72961099999998, 39.551717999999994, 39.200154, 0.26444100000000503, 33.223566000000005, 37.706007, 38.672808, -0.790251000000012, 163.478028, 46.67088899999999, 32.16887399999999]","[1.0, 8.0, 4.0, 1.0, 1.0, 4.0, 1.0, 3.0, 0.0, 1.0, 4.0, 2.0, 1.0, 0.0, 1.0, 1.0]","[8.0, 42.0, 18.0, 17.0, -12.0, 19.0, 10.0, 12.0, -15.0, 48.0, 14.0, 12.0, 13.0, -11.0, 0.0, 13.0]"
2,1791640556.8772445,"[-0.2629049999999893, 34.45403999999999, 39.28804500000001, 39.63960900000001, 0.0007679999999936626, 79.102668, 40.694300999999996, 40.07906399999999, 0.3523319999999899, 33.750912, 38.672808, 39.63960900000001, -0.790251000000012, 163.478028, 46.67088899999999, 32.16887399999999]","[1.0, 1.0, 1.0, 3.0, 1.0, 8.0, 3.0, 2.0, 1.0, 1.0, 1.0, 2.0, 1.0, 0.0, 1.0, 1.0]","[8.0, 43.0, 18.0, 16.0, -12.0, 16.0, 11.0, 12.0, -14.0, 53.0, 13.0, 11.0, 13.0, -10.0, 0.0, 13.0]"
2,1791640557.1020641,"[-0.2629049999999893, 35.68451400000001, 40.518519, 40.694300999999996, 0.0007679999999936626, 81.56361600000002, 41.661102, 40.870082999999994, 0.3523319999999899, 36.12396899999999, 39.815391000000005, 40.78219200000001, -0.790251000000012, 163.478028, 46.67088899999999, 32.16887399999999]","[1.0, 3.0, 3.0, 2.0, 1.0, 7.0, 1.0, 1.0, 1.0, 6.0, 3.0, 3.0, 1.0, 0.0, 1.0, 1.0]","[8.0, 41.0, 17.0, 15.0, -12.0, 15.0, 10.0, 11.0, -15.0, 37.0, 14.0, 11.0, 13.0, -11.0, 0.0, 14.0]"
2,1791640557.3282852,"[-0.2629049999999893, 35.68451400000001, 41.573211000000015, 41.48532, 0.0007679999999936626, 83.76089100000002, 42.803685, 42.10055700000001, 0.3523319999999899, 36.21186, 41.04586499999999, 41.661102, -0.790251000000012, 163.478028, 46.67088899999999, 32.16887399999999]","[1.0, 1.0, 3.0, 3.0, 1.0, 5.0, 3.0, 1.0, 1.0, 0.0, 3.0, 1.0, 1.0, 0.0, 1.0, 1.0]","[9.0, 53.0, 17.0, 17.0, -12.0, 15.0, 10.0, 11.0, -15.0, 50.0, 13.0, 12.0, 13.0, -10.0, 0.0, 13.0]"
2,1791640557.548573,"[-0.2629049999999893, 37.706007, 42.627903, 42.803685, -0.08712299999999118, 85.518711, 43.59470400000001, 42.979467, 0.3523319999999899, 37.881789, 42.012665999999996, 42.891576000000015, -0.790251000000012, 163.478028, 46.67088899999999, 32.16887399999999]","[1.0, 6.0, 3.0, 3.0, 0.0, 1.0, 1.0, 1.0, 1.0, 1.0, 1.0, 3.0, 1.0, 0.0, 1.0, 1.0]","[9.0, 38.0, 17.0, 15.0, 0.0, 16.0, 10.0, 12.0, -14.0, 42.0, 13.0, 11.0, 13.0, -9.0, 0.0, 13.0]"
2,1791640557.7732995,"[-0.2629049999999893, 37.79389800000001, 43.68259499999999, 43.506812999999994, -0.17501400000000444, 85.87027499999999, 43.770486000000005, 43.68259499999999, 0.3523319999999899, 37.881789, 43.155249, 43.85837699999999, -0.790251000000012, 163.478028, 46.67088899999999, 32.16887399999999]","[1.0, 1.0, 3.0, 1.0, 0.0, 1.0, 1.0, 2.0, 1.0, 1.0, 2.0, 2.0, 1.0, 0.0, 1.0, 1.0]","[9.0, 51.0, 17.0, 15.0, 11.0, 23.0, 12.0, 13.0, -15.0, 51.0, 13.0, 12.0, 14.0, -10.0, 0.0, 13.0]"
2,1791640557.998594,"[-0.2629049999999893, 39.63960900000001, 44.649395999999996, 44.825177999999994, -0.2629049999999893, 86.48551200000003, 43.85837699999999, 44.38572300000001, 0.3523319999999899, 37.881789, 44.297832, 45.00095999999999, -0.790251000000012, 163.478028, 46.67088899999999, 32.16887399999999]","[1.0, 12.0, 1.0, 5.0, 0.0, 1.0, 1.0, 1.0, 1.0, 1.0, 3.0, 2.0, 1.0, 0.0, 1.0, 1.0]","[9.0, 38.0, 17.0, 15.0, 11.0, 37.0, 15.0, 13.0, -14.0, 64.0, 12.0, 11.0, 13.0, -10.0, 0.0, 13.0]"
2,1791640558.2223191,"[-0.2629049999999893, 40.518519, 45.70408800000001, 45.791979, -0.2629049999999893, 87.10074900000001, 44.03415899999999, 45.00095999999999, 0.3523319999999899, 41.133756000000005, 45.17674199999999, 46.05565200000001, -0.790251000000012, 163.478028, 46.67088899999999, 32.16887399999999]","[1.0, 1.0, 2.0, 1.0, 0.0, 1.0, 1.0, 1.0, 1.0, 14.0, 3.0, 3.0, 1.0, 0.0, 1.0, 1.0]","[8.0, 43.0, 16.0, 15.0, 11.0, 45.0, 20.0, 14.0, -14.0, 35.0, 12.0, 11.0, 14.0, -10.0, 0.0, 13.0]"
2,1791640558.444913,"[-0.2629049999999893, 41.74899300000001, 46.67088899999999, 47.19823500000001, -0.2629049999999893, 87.10074900000001, 44.38572300000001, 45.967760999999996, 0.3523319999999899, 42.10055700000001, 46.49510699999999, 47.110344, -0.790251000000012, 163.478028, 46.75878, 32.16887399999999]","[1.0, 2.0, 1.0, 3.0, 0.0, 1.0, 1.0, 4.0, 1.0, 1.0, 3.0, 2.0, 0.0, 0.0, 1.0, 1.0]","[8.0, 40.0, 16.0, 14.0, 11.0, 58.0, 22.0, 13.0, -14.0, 40.0, 12.0, 10.0, 14.0, -10.0, -10.0, 12.0]"
2,1791640558.6692972,"[-0.2629049999999893, 41.836884, 47.725581000000005, 48.077145, -0.2629049999999893, 87.10074900000001, 45.791979, 47.19823500000001, 0.3523319999999899, 42.10055700000001, 47.461907999999994, 48.252927, -0.8781419999999969, 162.95068200000003, 46.846671000000015, 32.16887399999999]","[0.0, 1.0, 3.0, 2.0, 0.0, 1.0, 6.0, 4.0, 1.0, 1.0, 3.0, 3.0, 0.0, -1.0, 1.0, 1.0]","[9.0, 52.0, 16.0, 15.0, 11.0, 57.0, 19.0, 12.0, -14.0, 50.0, 11.0, 9.0, 14.0, 14.0, -10.0, 13.0]"
2,1791640558.8959482,"[-0.2629049999999893, 43.770486000000005, 48.604490999999996, 49.219728, -0.2629049999999893, 87.10074900000001, 47.37401700000001, 48.34081800000001, 0.3523319999999899, 44.56150500000001, 48.428709, 49.043946000000005, -0.8781419999999969, 162.7749, 46.846671000000015, 32.16887399999999]","[0.0, 14.0, 3.0, 4.0, 0.0, 1.0, 5.0, 1.0, 1.0, 7.0, 3.0, 1.0, 1.0, 0.0, -1.0, 1.0]","[9.0, 34.0, 16.0, 15.0, 11.0, 58.0, 17.0, 13.0, -15.0, 33.0, 11.0, 11.0, 14.0, 13.0, -10.0, 13.0]"
2,1791640559.1193736,"[-0.2629049999999893, 45.791979, 49.747074, 50.45020199999999, -0.2629049999999893, 87.18864000000002, 48.69238200000001, 49.922855999999996, 0.26444100000000503, 44.649395999999996, 49.39551, 50.18652900000001, -0.8781419999999969, 163.03857299999999, 46.67088899999999, 32.16887399999999]","[1.0, 2.0, 1.0, 3.0, 0.0, 0.0, 4.0, 3.0, -1.0, 1.0, 2.0, 3.0, 1.0, 1.0, 0.0, 1.0]","[8.0, 32.0, 16.0, 15.0, 12.0, 55.0, 16.0, 11.0, -15.0, 44.0, 11.0, 10.0, 14.0, 12.0, 0.0, 13.0]"
2,1791640559.340067,"[-0.17501400000000444, 45.791979, 50.713875, 51.417002999999994, -0.2629049999999893, 87.18864000000002, 49.483401000000015, 50.62598400000002, 0.17654999999999177, 46.934562, 50.62598400000002, 51.065439, -0.8781419999999969, 163.214355, 46.67088899999999, 32.16887399999999]","[1.0, 1.0, 1.0, 2.0, 0.0, 0.0, 1.0, 1.0, 0.0, 3.0, 4.0, 2.0, 0.0, 1.0, 0.0, 1.0]","[9.0, 39.0, 16.0, 13.0, 11.0, 58.0, 17.0, 12.0, -15.0, 33.0, 11.0, 10.0, 14.0, 12.0, 0.0, 12.0]"
2,1791640559.5653076,"[-0.17501400000000444, 47.98925399999999, 51.94434900000002, 52.383804, -0.2629049999999893, 87.18864000000002, 49.483401000000015, 50.713875, 0.17654999999999177, 46.934562, 51.76856699999999, 52.120131000000015, -0.8781419999999969, 163.214355, 46.67088899999999, 32.16887399999999]","[0.0, 6.0, 3.0, 1.0, 0.0, 1.0, 1.0, 1.0, 0.0, 1.0, 3.0, 3.0, 0.0, 1.0, 0.0, 1.0]","[8.0, 30.0, 16.0, 14.0, 12.0, 58.0, 21.0, 14.0, -14.0, 43.0, 12.0, 10.0, 14.0, 12.0, 0.0, 12.0]"
2,1791640559.7902226,"[-0.17501400000000444, 49.043946000000005, 52.91114999999999, 53.526387, -0.2629049999999893, 87.18864000000002, 49.922855999999996, 51.065439, 0.17654999999999177, 47.02245300000001, 52.64747700000001, 53.08693199999999, -0.8781419999999969, 163.214355, 46.67088899999999, 32.16887399999999]","[1.0, 5.0, 4.0, 4.0, 0.0, 0.0, 1.0, 1.0, 0.0, 1.0, 2.0, 3.0, 1.0, 1.0, 0.0, 1.0]","[8.0, 29.0, 15.0, 14.0, 11.0, 59.0, 26.0, 18.0, -14.0, 52.0, 11.0, 10.0, 15.0, 12.0, 0.0, 13.0]"
2,1791640560.015457,"[-0.17501400000000444, 50.01074700000001, 53.96584200000001, 54.317406000000005, -0.2629049999999893, 87.18864000000002, 49.922855999999996, 51.15333000000001, 0.17654999999999177, 47.98925399999999, 53.702169, 53.877950999999996, -0.8781419999999969, 163.214355, 46.67088899999999, 32.16887399999999]","[1.0, 1.0, 3.0, 3.0, 0.0, 1.0, 1.0, 1.0, 0.0, 1.0, 3.0, 1.0, 0.0, 1.0, 0.0, 1.0]","[8.0, 32.0, 15.0, 15.0, 10.0, 58.0, 34.0, 24.0, -14.0, 52.0, 11.0, 12.0, 14.0, 12.0, 0.0, 13.0]"
2,1791640560.239874,"[-0.17501400000000444, 50.098637999999994, 55.10842500000001, 55.45998900000001, -0.2629049999999893, 86.74918500000001, 49.83496500000001, 51.065439, 0.17654999999999177, 47.98925399999999, 54.756861000000015, 55.10842500000001, -0.8781419999999969, 163.30224600000003, 46.67088899999999, 32.16887399999999]","[1.0, 1.0, 3.0, 3.0, 0.0, 0.0, 0.0, 1.0, 0.0, 1.0, 1.0, 2.0, 0.0, 1.0, 0.0, 1.0]","[8.0, 40.0, 15.0, 14.0, 11.0, 10.0, 10.0, 8.0, -15.0, 64.0, 12.0, 11.0, 14.0, 12.0, 0.0, 13.0]"
2,1791640560.4611535,"[-0.17501400000000444, 50.18652900000001, 55.987335, 56.338899, -0.2629049999999893, 86.74918500000001, 49.83496500000001, 51.065439, 0.17654999999999177, 47.98925399999999, 55.635771000000005, 55.987335, -0.8781419999999969, 163.30224600000003, 46.67088899999999, 32.16887399999999]","[1.0, 1.0, 1.0, 3.0, 0.0, 0.0, 0.0, 1.0, 0.0, 0.0, 1.0, 1.0, 1.0, 1.0, 0.0, 1.0]","[8.0, 47.0, 16.0, 14.0, 12.0, 9.0, 10.0, 5.0, -14.0, 75.0, 11.0, 11.0, 14.0, 12.0, 0.0, 13.0]"
2,1791640560.6879277,"[-0.17501400000000444, 51.76856699999999, 57.04202699999999, 57.21780900000002, -0.2629049999999893, 86.74918500000001, 49.83496500000001, 51.065439, 0.17654999999999177, 50.889657, 56.77835400000001, 57.04202699999999, -0.8781419999999969, 163.30224600000003, 46.67088899999999, 32.16887399999999]","[1.0, 2.0, 2.0, 1.0, 0.0, 0.0, 0.0, 0.0, 0.0, 9.0, 4.0, 4.0, 0.0, 1.0, 0.0, 1.0]","[8.0, 39.0, 15.0, 14.0, 11.0, 10.0, 10.0, 9.0, -14.0, 52.0, 11.0, 11.0, 14.0, 12.0, 0.0, 13.0]"
2,1791640560.9118772,"[-0.17501400000000444, 52.91114999999999, 58.18460999999999, 58.272501000000005, -0.2629049999999893, 86.74918500000001, 49.83496500000001, 51.065439, 0.17654999999999177, 51.241220999999996, 57.74515500000001, 58.008827999999994, -0.8781419999999969, 163.39013699999998, 46.67088899999999, 32.16887399999999]","[1.0, 1.0, 2.0, 4.0, 0.0, 0.0, 1.0, 0.0, 0.0, 1.0, 1.0, 3.0, 0.0, 1.0, 0.0, 1.0]","[8.0, 42.0, 15.0, 14.0, 11.0, 11.0, 10.0, 9.0, -14.0, 59.0, 11.0, 11.0, 15.0, 0.0, 0.0, 12.0]"
2,1791640561.131824,"[-0.17501400000000444, 53.08693199999999, 59.41508400000001, 59.23930200000001, -0.2629049999999893, 86.74918500000001, 49.83496500000001, 51.065439, 0.17654999999999177, 51.94434900000002, 58.975629, 58.88773800000001, -0.8781419999999969, 163.39013699999998, 46.67088899999999, 32.16887399999999]","[1.0, 2.0, 1.0, 1.0, 0.0, 0.0, 1.0, 0.0, 0.0, 1.0, 2.0, 1.0, 0.0, 1.0, 0.0, 1.0]","[8.0, 42.0, 15.0, 14.0, 10.0, 10.0, 9.0, 10.0, -14.0, 61.0, 11.0, 11.0, 14.0, 0.0, 0.0, 13.0]"
2,1791640561.3568363,"[-0.17501400000000444, 55.45998900000001, 59.41508400000001, 59.94243, -0.2629049999999893, 86.74918500000001, 49.83496500000001, 51.065439, 0.17654999999999177, 53.96584200000001, 59.06352000000001, 60.118212, -0.8781419999999969, 163.39013699999998, 46.67088899999999, 32.16887399999999]","[1.0, 6.0, 1.0, 6.0, 0.0, 0.0, 1.0, 0.0, 0.0, 7.0, 0.0, 2.0, 0.0, 1.0, 0.0, 1.0]","[8.0, 34.0, 14.0, 14.0, 12.0, 10.0, 9.0, 10.0, -14.0, 47.0, 10.0, 10.0, 14.0, 0.0, 0.0, 13.0]"
2,1791640561.5837836,"[-0.17501400000000444, 56.163117, 59.41508400000001, 61.260795, -0.2629049999999893, 86.74918500000001, 49.747074, 51.065439, 0.17654999999999177, 54.14162400000001, 59.06352000000001, 60.99712199999999, -0.8781419999999969, 163.39013699999998, 46.67088899999999, 32.16887399999999]","[1.0, 1.0, 1.0, 1.0, 0.0, 0.0, 0.0, 0.0, 0.0, 0.0, 0.0, 1.0, 0.0, 1.0, 0.0, 1.0]","[9.0, 40.0, 15.0, 14.0, 11.0, 9.0, 10.0, 10.0, -14.0, 59.0, 11.0, 11.0, 13.0, 0.0, 0.0, 13.0]"
2,1791640561.8069453,"[-0.17501400000000444, 57.393591000000015, 59.41508400000001, 62.13970499999999, -0.2629049999999893, 86.74918500000001, 49.747074, 51.065439, 0.17654999999999177, 55.020534, 59.06352000000001, 62.13970499999999, -0.8781419999999969, 163.39013699999998, 46.67088899999999, 32.16887399999999]","[1.0, 3.0, 1.0, 1.0, 0.0, 0.0, 0.0, 0.0, 0.0, 1.0, 1.0, 3.0, 0.0, 0.0, 0.0, 1.0]","[8.0, 37.0, 15.0, 15.0, 12.0, 11.0, 9.0, 9.0, -14.0, 58.0, 10.0, 10.0, 14.0, 0.0, 0.0, 13.0]"
2,1791640562.0317142,"[-0.17501400000000444, 57.657264, 59.590866000000005, 63.282287999999994, -0.2629049999999893, 86.74918500000001, 49.83496500000001, 51.065439, 0.17654999999999177, 55.54787999999999, 59.327192999999994, 63.106505999999996, -0.8781419999999969, 163.39013699999998, 46.67088899999999, 32.16887399999999]","[1.0, 1.0, 1.0, 4.0, 0.0, 1.0, 1.0, 0.0, 0.0, 3.0, 2.0, 1.0, 0.0, 0.0, 0.0, 1.0]","[8.0, 45.0, 14.0, 12.0, 11.0, 10.0, 10.0, 9.0, -14.0, 66.0, 10.0, 11.0, 14.0, 0.0, 0.0, 13.0]"
2,1791640562.2557502,"[-0.17501400000000444, 58.18460999999999, 59.590866000000005, 64.249089, -0.2629049999999893, 86.83707600000002, 49.747074, 51.065439, 0.17654999999999177, 55.54787999999999, 59.327192999999994, 63.897525, -0.8781419999999969, 163.39013699999998, 46.67088899999999, 32.16887399999999]","[1.0, 1.0, 1.0, 1.0, 0.0, 1.0, 0.0, 0.0, 0.0, 1.0, 1.0, 1.0, 0.0, 0.0, 0.0, 1.0]","[8.0, 46.0, 14.0, 14.0, 12.0, 10.0, 9.0, 10.0, -15.0, 79.0, 10.0, 12.0, 14.0, 0.0, 0.0, 14.0]"
2,1791640562.4796913,"[-0.17501400000000444, 59.41508400000001, 59.590866000000005, 65.21589, -0.2629049999999893, 86.74918500000001, 49.747074, 51.065439, 0.17654999999999177, 56.25100800000001, 59.327192999999994, 65.040108, -0.8781419999999969, 163.39013699999998, 46.67088899999999, 32.16887399999999]","[1.0, 1.0, 1.0, 2.0, 0.0, 1.0, 0.0, 0.0, 0.0, 1.0, 1.0, 3.0, 0.0, 0.0, 0.0, 1.0]","[8.0, 45.0, 13.0, 14.0, 12.0, 10.0, 10.0, 9.0, -14.0, 82.0, 9.0, 11.0, 14.0, 0.0, 0.0, 14.0]"
2,1791640562.7034066,"[-0.17501400000000444, 59.85453900000002, 59.590866000000005, 66.358473, -0.2629049999999893, 86.74918500000001, 49.747074, 51.065439, 0.17654999999999177, 56.25100800000001, 59.41508400000001, 66.00690900000001, -0.8781419999999969, 163.39013699999998, 46.67088899999999, 32.16887399999999]","[1.0, 3.0, 1.0, 2.0, 1.0, 1.0, 0.0, 0.0, 0.0, 1.0, 1.0, 1.0, 0.0, 1.0, 0.0, 1.0]","[8.0, 49.0, 14.0, 14.0, 11.0, 11.0, 10.0, 9.0, -14.0, 97.0, 10.0, 11.0, 14.0, 0.0, 0.0, 12.0]"
2,1791640562.9252963,"[-0.17501400000000444, 62.31548699999999, 59.590866000000005, 67.32527400000001, -0.2629049999999893, 86.74918500000001, 49.747074, 51.065439, 0.17654999999999177, 59.151410999999996, 59.41508400000001, 67.061601, -0.8781419999999969, 163.39013699999998, 46.67088899999999, 32.16887399999999]","[1.0, 12.0, 1.0, 2.0, 1.0, 0.0, 0.0, 0.0, 0.0, 13.0, 1.0, 3.0, 0.0, 0.0, 0.0, 1.0]","[9.0, 31.0, 15.0, 14.0, 12.0, 10.0, 10.0, 10.0, -15.0, 61.0, 10.0, 10.0, 14.0, 0.0, 0.0, 13.0]"
2,1791640563.148981,"[-0.17501400000000444, 63.106505999999996, 59.590866000000005, 67.76472900000002, -0.2629049999999893, 86.74918500000001, 49.747074, 51.065439, 0.17654999999999177, 60.469775999999996, 59.41508400000001, 67.501056, -0.8781419999999969, 163.39013699999998, 46.67088899999999, 32.16887399999999]","[1.0, 1.0, 1.0, 1.0, 1.0, 0.0, 0.0, 0.0, 0.0, 0.0, 1.0, 0.0, 0.0, 0.0, 0.0, 1.0]","[8.0, 38.0, 13.0, 17.0, 12.0, 10.0, 10.0, 10.0, -14.0, 70.0, 10.0, 12.0, 14.0, 0.0, 0.0, 13.0]"
2,1791640563.3752563,"[-0.17501400000000444, 63.63385199999999, 59.590866000000005, 67.85262, -0.2629049999999893, 86.74918500000001, 49.747074, 51.065439, 0.17654999999999177, 60.469775999999996, 59.41508400000001, 68.028402, -0.8781419999999969, 163.39013699999998, 46.67088899999999, 32.16887399999999]","[1.0, 1.0, 1.0, 1.0, 0.0, 0.0, 0.0, 0.0, 0.0, 1.0, 1.0, 1.0, 0.0, 0.0, 0.0, 1.0]","[8.0, 43.0, 14.0, 18.0, 11.0, 10.0, 10.0, 9.0, -14.0, 82.0, 10.0, 13.0, 14.0, 0.0, 0.0, 13.0]"
2,1791640563.5965943,"[-0.17501400000000444, 63.63385199999999, 59.590866000000005, 68.819421, -0.2629049999999893, 86.74918500000001, 49.747074, 51.065439, 0.17654999999999177, 60.469775999999996, 59.41508400000001, 68.204184, -0.8781419999999969, 163.39013699999998, 46.67088899999999, 32.16887399999999]","[1.0, 1.0, 1.0, 1.0, 0.0, 0.0, 0.0, 0.0, 0.0, 0.0, 1.0, 1.0, 0.0, 1.0, 0.0, 1.0]","[8.0, 52.0, 14.0, 17.0, 11.0, 10.0, 11.0, 10.0, -14.0, 95.0, 10.0, 17.0, 14.0, -2.0, 0.0, 13.0]"
2,1791640563.8204951,"[-0.2629049999999893, 64.073307, 59.50297499999999, 69.346767, -0.2629049999999893, 86.74918500000001, 49.747074, 51.065439, 0.08865900000000693, 61.17290400000002, 59.327192999999994, 68.995203, -0.8781419999999969, 163.39013699999998, 46.67088899999999, 32.16887399999999]","[0.0, 1.0, 0.0, 1.0, 1.0, 0.0, 0.0, 0.0, 0.0, 1.0, 0.0, 1.0, 0.0, 1.0, 0.0, 1.0]","[9.0, 59.0, 15.0, 21.0, 11.0, 11.0, 10.0, 10.0, -14.0, 96.0, 10.0, 17.0, 14.0, 0.0, 0.0, 14.0]"
2,1791640564.0451653,"[-0.2629049999999893, 63.282287999999994, 59.50297499999999, 69.346767, -0.2629049999999893, 86.74918500000001, 49.747074, 51.065439, 0.17654999999999177, 61.348686000000015, 59.23930200000001, 69.346767, -0.8781419999999969, 163.39013699999998, 46.67088899999999, 32.16887399999999]","[0.0, 0.0, 0.0, 1.0, 1.0, 0.0, 0.0, 0.0, 1.0, 1.0, 0.0, 1.0, 0.0, 1.0, 0.0, 1.0]","[8.0, 11.0, 0.0, 0.0, 11.0, 10.0, 10.0, 10.0, -15.0, 112.0, 11.0, 22.0, 14.0, 0.0, 0.0, 12.0]"
2,1791640564.2693403,"[-0.17501400000000444, 63.19439700000001, 59.50297499999999, 69.346767, -0.2629049999999893, 86.74918500000001, 49.747074, 51.065439, 0.17654999999999177, 59.85453900000002, 59.23930200000001, 69.346767, -0.8781419999999969, 163.39013699999998, 46.67088899999999, 32.16887399999999]","[1.0, 0.0, 0.0, 1.0, 0.0, 0.0, 0.0, 0.0, 1.0, 0.0, 0.0, 1.0, 0.0, 0.0, 0.0, 1.0]","[1.0, 12.0, 0.0, 0.0, 12.0, 10.0, 9.0, 10.0, 14.0, 13.0, 0.0, 0.0, 15.0, 0.0, 0.0, 13.0]"
3,1791640566.2876062,"[-0.17501400000000444, -5.009018999999995, -1.053923999999995, -0.17501400000000444, -0.08712299999999118, -5.712146999999987, -0.08712299999999118, -0.4386869999999874, 0.08865900000000693, -4.833236999999997, -0.9660330000000101, 0.17654999999999177, -0.790251000000012, 177.71636999999998, 40.95797400000001, 26.192285999999996]","[0.0, 1.0, 0.0, 0.0, 1.0, 1.0, 1.0, 0.0, 1.0, 1.0, 1.0, 0.0, 1.0, 1.0, 0.0, 0.0]","[8.0, 32.0, 15.0, 13.0, 4.0, 36.0, 0.0, 10.0, -14.0, 32.0, 11.0, -10.0, 10.0, 17.0, -12.0, -16.0]"
3,1791640566.5078642,"[-0.5265780000000007, -4.833236999999997, -0.790251000000012, 0.08865900000000693, -0.17501400000000444, -5.360582999999991, 0.44022300000000314, -0.4386869999999874, 0.7038960000000145, -4.745346000000012, -0.9660330000000101, 0.3523319999999899, -0.790251000000012, 177.62847900000003, 40.95797400000001, 26.192285999999996]","[0.0, 1.0, 1.0, 1.0, 0.0, 1.0, 1.0, 1.0, 1.0, 1.0, 1.0, 1.0, 1.0, 0.0, 1.0, 0.0]","[-9.0, 45.0, 17.0, 14.0, 12.0, 54.0, 11.0, 13.0, 15.0, 49.0, 14.0, 10.0, 14.0, -11.0, 0.0, -14.0]"
3,1791640566.7323513,"[-1.4054879999999912, -3.9543270000000064, -0.08712299999999118, 0.528113999999988, -0.17501400000000444, -3.7785450000000083, 1.0554600000000107, 0.44022300000000314, 1.4949149999999918, -4.745346000000012, -0.6144689999999855, 0.528113999999988, -0.790251000000012, 177.27691500000003, 41.04586499999999, 26.455959000000007]","[0.0, 5.0, 3.0, 1.0, 0.0, 1.0, 1.0, 3.0, 5.0, 1.0, 1.0, 1.0, 1.0, 0.0, 1.0, 1.0]","[-8.0, 53.0, 19.0, 16.0, 11.0, 57.0, 12.0, 14.0, 14.0, 72.0, 16.0, 12.0, 18.0, -20.0, 11.0, 14.0]"
3,1791640566.9581945,"[-2.4601800000000082, -1.5812699999999893, 0.8796780000000126, 1.582806000000005, -0.17501400000000444, -2.196506999999997, 1.7585880000000031, 1.407024000000007, 2.813279999999992, -2.108616000000012, 0.26444100000000503, 0.6160050000000012, -0.790251000000012, 176.92535099999998, 41.48532, 27.159087]","[0.0, 6.0, 1.0, 1.0, 0.0, 6.0, 1.0, 1.0, 2.0, 4.0, 3.0, 1.0, 1.0, 0.0, 2.0, 1.0]","[-9.0, 52.0, 19.0, 16.0, 8.0, 56.0, 13.0, 13.0, 14.0, 64.0, 16.0, 16.0, 23.0, -41.0, 12.0, 15.0]"
3,1791640567.183329,"[-3.426981000000012, 0.08865900000000693, 1.7585880000000031, 2.4617159999999956, -0.17501400000000444, 0.26444100000000503, 2.6374979999999937, 2.1101519999999994, 2.901171000000005, 0.17654999999999177, 1.3191329999999937, 2.0222610000000145, -0.7023599999999988, 173.40971100000002, 42.188447999999994, 28.03799699999999]","[0.0, 1.0, 2.0, 3.0, 1.0, 5.0, 1.0, 0.0, 0.0, 3.0, 2.0, 3.0, 1.0, -6.0, 2.0, 2.0]","[-9.0, 59.0, 20.0, 16.0, 9.0, 52.0, 13.0, 13.0, 16.0, 61.0, 15.0, 14.0, 29.0, -33.0, 14.0, 15.0]"
3,1791640567.403788,"[-4.393781999999987, 1.4949149999999918, 2.725389000000007, 3.6042989999999975, -0.17501400000000444, 1.9343700000000013, 3.4285169999999994, 3.3406260000000145, 4.6589910000000145, 0.528113999999988, 2.0222610000000145, 3.2527350000000013, -0.7023599999999988, 169.894071, 43.06735800000001, 29.180579999999992]","[-1.0, 9.0, 1.0, 3.0, 1.0, 5.0, 3.0, 3.0, 2.0, 1.0, 3.0, 4.0, 1.0, -5.0, 1.0, 4.0]","[-9.0, 55.0, 19.0, 14.0, 11.0, 56.0, 13.0, 13.0, 14.0, 81.0, 18.0, 13.0, 36.0, -29.0, 13.0, 13.0]"
3,1791640567.6289134,"[-5.360582999999991, 3.867972000000009, 3.7800809999999956, 4.483208999999988, -0.08712299999999118, 3.6921900000000107, 4.30742699999999, 4.395318000000003, 5.713683000000003, 4.395318000000003, 2.2859339999999975, 4.131644999999992, -0.7023599999999988, 168.31203299999999, 44.297832, 29.268471000000005]","[0.0, 1.0, 1.0, 1.0, 1.0, 1.0, 1.0, 1.0, 2.0, 12.0, 1.0, 2.0, 1.0, 0.0, 1.0, 1.0]","[-9.0, 60.0, 19.0, 16.0, 4.0, 65.0, 14.0, 14.0, 14.0, 53.0, 20.0, 14.0, 44.0, -44.0, 14.0, 14.0]"
3,1791640567.8523753,"[-5.975819999999999, 5.537901000000005, 4.746881999999999, 5.62579199999999, -0.08712299999999118, 6.065246999999999, 5.362119000000007, 5.274227999999994, 6.416810999999996, 4.6589910000000145, 4.131644999999992, 5.010555000000011, 0.9675689999999975, 164.708502, 45.440415, 29.268471000000005]","[0.0, 5.0, 5.0, 3.0, 0.0, 2.0, 4.0, 2.0, 4.0, 1.0, 4.0, 1.0, 2.0, -8.0, 2.0, 0.0]","[-11.0, 64.0, 19.0, 15.0, 5.0, 57.0, 16.0, 14.0, 14.0, 78.0, 17.0, 14.0, 40.0, -35.0, 13.0, 15.0]"
3,1791640568.0759745,"[-7.118403000000001, 8.086739999999992, 5.889465000000001, 5.801573999999988, -0.17501400000000444, 7.383611999999999, 5.362119000000007, 6.504702000000009, 7.647285000000011, 8.26252199999999, 5.010555000000011, 6.2410289999999975, 0.9675689999999975, 161.45653500000003, 46.49510699999999, 29.268471000000005]","[-1.0, 11.0, 4.0, 1.0, 1.0, 11.0, 1.0, 4.0, 2.0, 6.0, 3.0, 1.0, 1.0, -6.0, 3.0, 0.0]","[-10.0, 51.0, 20.0, 19.0, 11.0, 60.0, 18.0, 14.0, 14.0, 55.0, 17.0, 12.0, 52.0, -33.0, 13.0, 15.0]"
3,1791640568.3032308,"[-8.260986000000003, 10.108233000000013, 5.889465000000001, 7.647285000000011, -0.17501400000000444, 10.020342, 7.207830000000001, 7.383611999999999, 7.735175999999996, 8.438303999999988, 5.9773560000000145, 7.207830000000001, 0.8796780000000126, 161.544426, 46.582998, 29.268471000000005]","[-2.0, 0.0, 1.0, 3.0, 1.0, 3.0, 1.0, 1.0, 1.0, 1.0, 2.0, 2.0, 0.0, 1.0, 0.0, 1.0]","[-9.0, 59.0, 25.0, 15.0, 8.0, 58.0, 13.0, 14.0, 16.0, 81.0, 17.0, 14.0, 10.0, -10.0, 0.0, 13.0]"
3,1791640568.525866,"[-9.227787000000006, 10.635579000000007, 7.823067000000009, 8.614086000000015, -0.17501400000000444, 11.426598000000013, 8.26252199999999, 8.614086000000015, 9.668778000000003, 11.514488999999998, 7.119938999999988, 8.174631000000005, 0.8796780000000126, 161.544426, 46.582998, 29.180579999999992]","[0.0, 8.0, 2.0, 1.0, 0.0, 1.0, 3.0, 2.0, 4.0, 5.0, 4.0, 3.0, 0.0, 0.0, 0.0, 0.0]","[-10.0, 66.0, 20.0, 16.0, 11.0, 66.0, 14.0, 12.0, 14.0, 62.0, 17.0, 14.0, 9.0, -9.0, 0.0, 13.0]"
3,1791640568.7483356,"[-10.19458800000001, 13.887546000000015, 8.877758999999998, 9.668778000000003, -0.17501400000000444, 13.799655000000001, 9.317214000000007, 9.492996000000005, 10.635579000000007, 14.151218999999998, 7.998849000000007, 9.405104999999992, 0.8796780000000126, 161.544426, 46.582998, 29.268471000000005]","[0.0, 1.0, 2.0, 4.0, 1.0, 6.0, 1.0, 2.0, 1.0, 4.0, 1.0, 3.0, 0.0, 1.0, 0.0, 0.0]","[-10.0, 61.0, 19.0, 16.0, 5.0, 53.0, 15.0, 13.0, 13.0, 60.0, 17.0, 13.0, 10.0, -10.0, 0.0, 13.0]"
3,1791640568.9731863,"[-10.897716000000003, 13.887546000000015, 9.844560000000001, 10.723469999999992, -0.17501400000000444, 15.733257000000009, 10.28401500000001, 10.547687999999994, 11.60238000000001, 14.151218999999998, 9.053540999999996, 10.196123999999998, 0.8796780000000126, 161.544426, 46.582998, 29.268471000000005]","[-2.0, 1.0, 2.0, 3.0, -1.0, 3.0, 3.0, 4.0, 2.0, 1.0, 3.0, 1.0, 0.0, 1.0, 0.0, 0.0]","[-10.0, 84.0, 19.0, 15.0, 4.0, 59.0, 13.0, 12.0, 14.0, 86.0, 17.0, 13.0, 9.0, -10.0, 0.0, 13.0]"
3,1791640569.1991234,"[-12.12818999999999, 18.106313999999998, 10.811361000000005, 10.723469999999992, -0.08712299999999118, 17.930532, 11.162925000000001, 11.514488999999998, 12.569181000000015, 14.23911000000001, 9.844560000000001, 11.162925000000001, 0.8796780000000126, 161.544426, 46.582998, 29.268471000000005]","[-1.0, 11.0, 4.0, 1.0, 1.0, 5.0, 2.0, 2.0, 1.0, 1.0, 2.0, 2.0, 0.0, 1.0, 0.0, 0.0]","[-10.0, 51.0, 19.0, 17.0, 7.0, 53.0, 15.0, 14.0, 14.0, 113.0, 17.0, 14.0, 9.0, -11.0, 0.0, 13.0]"
3,1791640569.4218678,"[-13.094990999999993, 20.12780699999999, 11.778162000000009, 12.657072, -0.08712299999999118, 20.039916000000005, 12.21761699999999, 12.393398999999988, 13.623873000000003, 20.12780699999999, 10.987143000000003, 12.21761699999999, 0.8796780000000126, 161.544426, 46.582998, 29.268471000000005]","[0.0, 5.0, 1.0, 4.0, 1.0, 3.0, 1.0, 1.0, 2.0, 8.0, 2.0, 3.0, 0.0, 1.0, 0.0, 1.0]","[-10.0, 58.0, 19.0, 15.0, 0.0, 56.0, 14.0, 13.0, 14.0, 61.0, 17.0, 14.0, 9.0, -10.0, 0.0, 13.0]"
3,1791640569.6470854,"[-14.237573999999995, 22.14930000000001, 12.832853999999998, 12.744963000000013, -0.08712299999999118, 21.44617199999999, 13.272309000000007, 13.623873000000003, 14.678564999999992, 22.237190999999996, 11.866052999999994, 13.184417999999994, 0.8796780000000126, 161.544426, 46.582998, 29.268471000000005]","[0.0, 3.0, 4.0, 1.0, 0.0, 8.0, 3.0, 2.0, 3.0, 9.0, 3.0, 1.0, 0.0, 0.0, 1.0, 1.0]","[-9.0, 59.0, 19.0, 19.0, 3.0, 62.0, 14.0, 12.0, 14.0, 52.0, 18.0, 13.0, 9.0, -8.0, 0.0, 13.0]"
3,1791640569.8685596,"[-15.204374999999999, 23.819229000000007, 13.887546000000015, 14.502782999999994, -0.08712299999999118, 24.346575, 14.327000999999996, 14.502782999999994, 15.645365999999996, 24.170793000000003, 12.92074500000001, 13.975437, 0.8796780000000126, 161.544426, 46.582998, 29.268471000000005]","[-1.0, 7.0, 3.0, 1.0, 0.0, 4.0, 2.0, 1.0, 1.0, 1.0, 6.0, 1.0, 0.0, 1.0, 0.0, 1.0]","[-10.0, 60.0, 20.0, 16.0, 0.0, 58.0, 14.0, 14.0, 14.0, 60.0, 17.0, 13.0, 10.0, -10.0, 0.0, 13.0]"
3,1791640570.091582,"[-16.434848999999986, 26.368067999999994, 14.85434699999999, 15.55747500000001, -0.08712299999999118, 26.016503999999998, 15.381693000000013, 15.909039000000007, 16.787948999999998, 26.807523000000003, 13.975437, 15.118020000000001, 0.8796780000000126, 161.544426, 46.582998, 29.268471000000005]","[-2.0, 11.0, 2.0, 2.0, 1.0, 1.0, 1.0, 4.0, 3.0, 7.0, 3.0, 3.0, 0.0, 0.0, 0.0, 1.0]","[-9.0, 46.0, 20.0, 16.0, 0.0, 58.0, 14.0, 12.0, 14.0, 50.0, 18.0, 12.0, 9.0, -11.0, 0.0, 12.0]"
3,1791640570.315922,"[-17.40164999999999, 28.653233999999998, 15.909039000000007, 16.524276000000015, -0.08712299999999118, 28.30167, 16.612167, 16.787948999999998, 17.666858999999988, 28.565343000000013, 15.118020000000001, 16.084821000000005, 0.8796780000000126, 161.544426, 46.582998, 29.268471000000005]","[-2.0, 3.0, 1.0, 2.0, 1.0, 1.0, 3.0, 2.0, 1.0, 1.0, 3.0, 1.0, 0.0, 1.0, 0.0, 1.0]","[-9.0, 53.0, 19.0, 17.0, 0.0, 57.0, 13.0, 11.0, 14.0, 57.0, 16.0, 14.0, 9.0, -10.0, 0.0, 12.0]"
3,1791640570.542987,"[-18.54423299999999, 31.114182, 17.139512999999994, 17.315294999999992, -0.08712299999999118, 29.883708000000013, 17.578968000000003, 17.75475, 18.545769000000007, 28.565343000000013, 16.084821000000005, 17.227404000000007, 0.8796780000000126, 161.544426, 46.582998, 29.268471000000005]","[-2.0, 8.0, 5.0, 5.0, 1.0, 1.0, 4.0, 1.0, 1.0, 1.0, 1.0, 4.0, 0.0, 0.0, 0.0, 1.0]","[-9.0, 49.0, 17.0, 16.0, 0.0, 62.0, 12.0, 13.0, 14.0, 80.0, 16.0, 14.0, 9.0, -10.0, 0.0, 13.0]"
3,1791640570.7670522,"[-19.59892500000001, 32.784110999999996, 18.106313999999998, 18.545769000000007, -0.08712299999999118, 32.432547, 18.36998700000001, 18.80944199999999, 19.600460999999996, 33.04778400000001, 17.315294999999992, 18.282095999999996, 0.8796780000000126, 161.544426, 46.582998, 29.268471000000005]","[-2.0, 5.0, 2.0, 4.0, 1.0, 9.0, 1.0, 4.0, 3.0, 12.0, 3.0, 4.0, 0.0, 1.0, 0.0, 0.0]","[-8.0, 53.0, 18.0, 15.0, 0.0, 56.0, 13.0, 11.0, 14.0, 44.0, 15.0, 14.0, 9.0, -11.0, 0.0, 13.0]"
3,1791640570.9883611,"[-20.565726000000012, 35.15716800000001, 19.161006000000015, 19.51257000000001, -0.08712299999999118, 34.36614900000001, 19.336788000000013, 19.68835200000001, 20.567262, 33.13567499999999, 18.457877999999994, 19.073115, 0.8796780000000126, 161.544426, 46.582998, 29.268471000000005]","[-2.0, 7.0, 1.0, 2.0, 1.0, 2.0, 2.0, 1.0, 3.0, 1.0, 3.0, 1.0, 0.0, 0.0, 1.0, 1.0]","[-9.0, 41.0, 19.0, 17.0, 0.0, 56.0, 13.0, 12.0, 13.0, 71.0, 15.0, 13.0, 9.0, -8.0, 0.0, 13.0]"
3,1791640571.2126496,"[-21.7962, 37.09076999999999, 20.303588999999988, 19.51257000000001, -0.08712299999999118, 36.739205999999996, 20.215698000000003, 20.743043999999998, 21.885627, 36.65131500000001, 19.424678999999998, 20.303588999999988, 0.8796780000000126, 161.544426, 46.582998, 29.268471000000005]","[-2.0, 5.0, 3.0, 1.0, 1.0, 9.0, 1.0, 1.0, 2.0, 21.0, 3.0, 2.0, 0.0, 1.0, 0.0, 1.0]","[-9.0, 48.0, 17.0, 20.0, 0.0, 48.0, 14.0, 12.0, 13.0, 44.0, 14.0, 13.0, 9.0, -10.0, 0.0, 12.0]"
3,1791640571.436554,"[-22.763001000000003, 39.200154, 21.358281000000005, 21.709845, -0.08712299999999118, 38.672808, 21.00671700000001, 21.797736000000015, 22.500864000000007, 38.32124400000001, 20.655153000000013, 21.358281000000005, 0.8796780000000126, 161.544426, 46.582998, 29.268471000000005]","[-1.0, 5.0, 2.0, 5.0, 1.0, 2.0, 2.0, 2.0, 2.0, 1.0, 1.0, 3.0, 0.0, 1.0, 0.0, 1.0]","[-9.0, 45.0, 18.0, 14.0, 0.0, 51.0, 15.0, 12.0, 14.0, 59.0, 15.0, 12.0, 9.0, -10.0, 0.0, 12.0]"
3,1791640571.6629026,"[-23.905584000000005, 41.39742899999999, 22.500864000000007, 22.500864000000007, -0.08712299999999118, 40.870082999999994, 21.885627, 22.76453699999999, 23.907119999999992, 41.836884, 21.534063000000003, 22.32508200000001, 0.8796780000000126, 161.544426, 46.582998, 29.268471000000005]","[0.0, 2.0, 1.0, 3.0, 1.0, 7.0, 2.0, 1.0, 4.0, 11.0, 3.0, 1.0, 0.0, 0.0, 1.0, 1.0]","[-9.0, 45.0, 18.0, 16.0, 0.0, 45.0, 16.0, 12.0, 14.0, 39.0, 14.0, 13.0, 9.0, -10.0, 0.0, 13.0]"
3,1791640571.883526,"[-24.784493999999995, 43.24314000000001, 23.379773999999998, 23.291883000000013, -0.08712299999999118, 43.59470400000001, 22.588754999999992, 23.819229000000007, 24.873920999999996, 42.012665999999996, 22.76453699999999, 23.291883000000013, 0.8796780000000126, 161.544426, 46.582998, 29.268471000000005]","[0.0, 11.0, 3.0, 5.0, 1.0, 5.0, 1.0, 3.0, 1.0, 1.0, 2.0, 3.0, 0.0, 0.0, 0.0, 1.0]","[-9.0, 41.0, 18.0, 15.0, 0.0, 41.0, 16.0, 11.0, 14.0, 61.0, 15.0, 13.0, 9.0, -7.0, 0.0, 13.0]"
3,1791640572.1080964,"[-25.927076999999997, 45.967760999999996, 24.258683999999988, 24.698138999999998, -0.08712299999999118, 45.791979, 23.64344700000001, 24.78603000000001, 25.840722, 46.407216000000005, 23.64344700000001, 24.346575, 0.8796780000000126, 161.544426, 46.582998, 29.268471000000005]","[-3.0, 1.0, 1.0, 4.0, 1.0, 9.0, 3.0, 1.0, 5.0, 10.0, 1.0, 4.0, 0.0, 0.0, 0.0, 0.0]","[0.0, 39.0, 18.0, 15.0, 0.0, 40.0, 17.0, 11.0, 13.0, 35.0, 15.0, 12.0, 9.0, -8.0, 0.0, 12.0]"
3,1791640572.3349075,"[-26.981768999999986, 48.252927, 25.313376000000005, 25.137594000000007, -0.08712299999999118, 47.901363, 24.96181200000001, 25.928613000000013, 26.983305, 47.19823500000001, 24.78603000000001, 25.752831000000015, 0.8796780000000126, 161.544426, 46.582998, 29.268471000000005]","[-2.0, 5.0, 2.0, 6.0, 1.0, 2.0, 5.0, 3.0, 1.0, 1.0, 1.0, 3.0, 0.0, 0.0, 1.0, 1.0]","[0.0, 34.0, 17.0, 17.0, 0.0, 43.0, 15.0, 12.0, 0.0, 50.0, 14.0, 11.0, 9.0, -6.0, 0.0, 13.0]"
3,1791640572.5571346,"[-27.94856999999999, 50.362311000000005, 26.28017700000001, 26.807523000000003, -0.08712299999999118, 50.01074700000001, 25.840722, 26.895413999999988, 27.950106000000005, 50.801766000000015, 25.928613000000013, 26.455959000000007, 0.8796780000000126, 161.544426, 46.582998, 29.268471000000005]","[0.0, 1.0, 1.0, 3.0, 1.0, 6.0, 1.0, 1.0, 1.0, 10.0, 4.0, 1.0, 0.0, 1.0, 0.0, 0.0]","[0.0, 36.0, 18.0, 15.0, 0.0, 37.0, 15.0, 12.0, 0.0, 32.0, 13.0, 12.0, 9.0, -11.0, 0.0, 13.0]"
3,1791640572.7800918,"[-28.82748000000001, 52.64747700000001, 27.246978000000013, 27.686432999999994, -0.08712299999999118, 52.29591300000001, 27.071196000000015, 27.42276000000001, 29.092689000000007, 52.29591300000001, 26.895413999999988, 27.862214999999992, 0.8796780000000126, 161.544426, 46.582998, 29.268471000000005]","[0.0, 8.0, 2.0, 2.0, 1.0, 5.0, 1.0, 1.0, 1.0, 2.0, 1.0, 2.0, 0.0, 1.0, 0.0, 1.0]","[-8.0, 33.0, 18.0, 16.0, 0.0, 35.0, 14.0, 14.0, -14.0, 38.0, 14.0, 11.0, 9.0, -10.0, 0.0, 13.0]"
3,1791640573.0067663,"[-29.882171999999997, 55.10842500000001, 28.30167, 28.829015999999996, -0.08712299999999118, 54.493188, 28.213778999999988, 28.565343000000013, 30.05949000000001, 53.438496000000015, 28.03799699999999, 28.829015999999996, 0.8796780000000126, 161.544426, 46.582998, 29.268471000000005]","[-2.0, 1.0, 1.0, 1.0, 1.0, 6.0, 2.0, 1.0, 1.0, 2.0, 4.0, 3.0, 0.0, 1.0, 0.0, 1.0]","[-8.0, 30.0, 17.0, 16.0, 0.0, 32.0, 15.0, 13.0, 0.0, 46.0, 14.0, 11.0, 11.0, -10.0, 0.0, 13.0]"
3,1791640573.2274926,"[-30.936863999999986, 57.129918, 29.180579999999992, 29.707926000000015, -0.08712299999999118, 56.690462999999994, 29.444253000000003, 29.795817, 31.114182, 54.93264300000001, 29.004797999999994, 29.795817, 0.8796780000000126, 161.544426, 46.582998, 29.268471000000005]","[0.0, 6.0, 1.0, 1.0, 1.0, 2.0, 4.0, 2.0, 1.0, 3.0, 4.0, 1.0, 0.0, 0.0, 0.0, 0.0]","[0.0, 32.0, 18.0, 15.0, 0.0, 34.0, 13.0, 11.0, -14.0, 51.0, 14.0, 12.0, 8.0, -9.0, 0.0, 13.0]"
3,1791640573.4547853,"[-31.90366499999999, 59.327192999999994, 30.498944999999992, 30.9384, -0.08712299999999118, 58.88773800000001, 30.586836000000005, 31.026291000000015, 32.16887399999999, 56.25100800000001, 29.971598999999998, 30.850508999999988, 0.26444100000000503, 161.544426, 46.582998, 29.268471000000005]","[-1.0, 3.0, 3.0, 3.0, 1.0, 3.0, 3.0, 3.0, 1.0, 1.0, 2.0, 1.0, 0.0, 0.0, 0.0, 0.0]","[-9.0, 30.0, 17.0, 15.0, 0.0, 32.0, 13.0, 12.0, -11.0, 58.0, 13.0, 11.0, 12.0, -10.0, 0.0, 13.0]"
3,1791640573.6786408,"[-32.95835700000001, 61.348686000000015, 31.37785500000001, 31.905201000000005, -0.08712299999999118, 61.348686000000015, 31.641527999999994, 31.99309199999999, 33.04778400000001, 56.338899, 31.026291000000015, 31.905201000000005, 0.26444100000000503, 161.544426, 46.582998, 29.268471000000005]","[0.0, 6.0, 1.0, 2.0, 0.0, 4.0, 1.0, 2.0, 1.0, 2.0, 4.0, 1.0, 1.0, 0.0, 1.0, 1.0]","[0.0, 28.0, 17.0, 15.0, 0.0, 28.0, 13.0, 11.0, 0.0, 82.0, 13.0, 12.0, 11.0, -6.0, 0.0, 12.0]"
3,1791640573.8992658,"[-34.013048999999995, 62.930724, 32.608329, 32.959892999999994, -0.08712299999999118, 63.721743000000004, 32.69622000000001, 32.87200200000001, 34.01458500000001, 60.20610300000001, 31.99309199999999, 32.69622000000001, -0.2629049999999893, 161.544426, 46.582998, 29.268471000000005]","[-1.0, 4.0, 4.0, 4.0, 1.0, 6.0, 1.0, 2.0, 1.0, 5.0, 1.0, 3.0, -4.0, 1.0, 0.0, 0.0]","[0.0, 35.0, 17.0, 15.0, -3.0, 24.0, 12.0, 11.0, -2.0, 54.0, 13.0, 12.0, 12.0, -10.0, 0.0, 13.0]"
3,1791640574.123624,"[-35.06774100000001, 64.77643499999999, 33.663021000000015, 33.926694, -0.08712299999999118, 65.919018, 34.01458500000001, 34.102475999999996, 35.069277, 62.57916, 33.223566000000005, 33.750912, -0.5265780000000007, 161.544426, 46.582998, 29.268471000000005]","[0.0, 5.0, 3.0, 3.0, 0.0, 1.0, 5.0, 3.0, 1.0, 5.0, 1.0, 2.0, 0.0, 1.0, 1.0, 0.0]","[0.0, 29.0, 16.0, 14.0, -1.0, 24.0, 11.0, 12.0, 0.0, 53.0, 12.0, 11.0, 13.0, -11.0, 0.0, 13.0]"
3,1791640574.347239,"[-35.946651, 65.47956300000001, 34.717713, 34.981386000000015, -0.08712299999999118, 68.028402, 34.102475999999996, 35.15716800000001, 36.12396899999999, 62.667051000000015, 34.45403999999999, 34.717713, -0.5265780000000007, 161.544426, 46.582998, 29.268471000000005]","[-2.0, 1.0, 3.0, 2.0, 1.0, 1.0, 1.0, 3.0, 1.0, 1.0, 3.0, 1.0, 0.0, 1.0, 0.0, 1.0]","[-8.0, 28.0, 16.0, 15.0, -2.0, 25.0, 11.0, 11.0, -8.0, 55.0, 12.0, 12.0, 13.0, -10.0, 0.0, 13.0]"
3,1791640574.5716484,"[-37.00134299999999, 65.47956300000001, 35.68451400000001, 35.94818699999999, 0.0007679999999936626, 70.48935, 34.102475999999996, 35.94818699999999, 37.00287900000001, 62.667051000000015, 35.245059, 35.420840999999996, -0.5265780000000007, 161.544426, 46.582998, 29.268471000000005]","[-3.0, 1.0, 1.0, 3.0, 1.0, 3.0, 1.0, 1.0, 1.0, 1.0, 2.0, 2.0, 0.0, 1.0, 0.0, 0.0]","[0.0, 28.0, 16.0, 15.0, -11.0, 22.0, 11.0, 12.0, 0.0, 55.0, 12.0, 11.0, 13.0, -10.0, 0.0, 13.0]"
3,1791640574.7958798,"[-37.88025300000001, 65.47956300000001, 36.82709700000001, 36.82709700000001, -0.08712299999999118, 71.36825999999999, 34.102475999999996, 37.09076999999999, 38.057570999999996, 62.667051000000015, 36.12396899999999, 36.65131500000001, -0.5265780000000007, 161.544426, 46.582998, 29.268471000000005]","[0.0, 1.0, 1.0, 2.0, 1.0, 1.0, 1.0, 2.0, 1.0, 1.0, 1.0, 2.0, 0.0, 1.0, 0.0, 0.0]","[-8.0, 28.0, 16.0, 15.0, -2.0, 21.0, 12.0, 10.0, 0.0, 55.0, 13.0, 12.0, 13.0, -10.0, 0.0, 13.0]"
3,1791640575.02213,"[-38.847053999999986, 65.47956300000001, 37.79389800000001, 37.881789, 0.0007679999999936626, 71.54404199999999, 34.102475999999996, 38.057570999999996, 39.024372, 62.667051000000015, 37.44233399999999, 37.530225, -0.5265780000000007, 161.544426, 46.582998, 29.268471000000005]","[-1.0, 1.0, 2.0, 3.0, 1.0, 1.0, 1.0, 2.0, 1.0, 1.0, 3.0, 1.0, 0.0, 1.0, 0.0, 0.0]","[-9.0, 28.0, 16.0, 14.0, -11.0, 22.0, 11.0, 11.0, 0.0, 55.0, 13.0, 11.0, 12.0, -10.0, 0.0, 13.0]"
3,1791640575.2466273,"[-39.98963699999999, 65.47956300000001, 38.936481000000015, 38.58491699999999, -0.08712299999999118, 71.54404199999999, 34.102475999999996, 39.200154, 39.991173, 62.667051000000015, 38.497026000000005, 38.672808, -0.5265780000000007, 161.544426, 46.582998, 29.268471000000005]","[0.0, 1.0, 1.0, 3.0, 1.0, 1.0, 1.0, 2.0, 1.0, 1.0, 4.0, 1.0, 0.0, 1.0, 0.0, 1.0]","[-9.0, 28.0, 16.0, 15.0, -3.0, 22.0, 12.0, 11.0, 13.0, 55.0, 11.0, 12.0, 15.0, -11.0, 0.0, 12.0]"
3,1791640575.470603,"[-40.604873999999995, 65.47956300000001, 39.991173, 39.72749999999999, -0.08712299999999118, 71.54404199999999, 34.102475999999996, 40.07906399999999, 40.95797400000001, 62.667051000000015, 39.46382700000001, 39.63960900000001, -0.5265780000000007, 161.544426, 46.582998, 29.268471000000005]","[-1.0, 1.0, 2.0, 2.0, 1.0, 1.0, 1.0, 2.0, 2.0, 1.0, 3.0, 1.0, 0.0, 1.0, 0.0, 0.0]","[-9.0, 28.0, 15.0, 16.0, -1.0, 21.0, 11.0, 11.0, 13.0, 55.0, 11.0, 12.0, 13.0, -10.0, 0.0, 14.0]"
3,1791640575.6930485,"[-42.01113000000001, 65.47956300000001, 41.04586499999999, 40.694300999999996, -0.08712299999999118, 71.54404199999999, 34.102475999999996, 40.870082999999994, 41.661102, 62.667051000000015, 40.342737, 40.870082999999994, -0.5265780000000007, 161.544426, 46.582998, 29.268471000000005]","[-2.0, 1.0, 1.0, 1.0, 0.0, 1.0, 1.0, 1.0, 1.0, 1.0, 3.0, 2.0, 0.0, 1.0, 0.0, 1.0]","[0.0, 28.0, 16.0, 15.0, 0.0, 21.0, 11.0, 11.0, 13.0, 55.0, 12.0, 11.0, 12.0, -10.0, 0.0, 12.0]"
3,1791640575.9186509,"[-43.065822, 65.47956300000001, 42.188447999999994, 41.661102, -0.08712299999999118, 71.54404199999999, 34.102475999999996, 42.10055700000001, 43.06735800000001, 62.667051000000015, 41.573211000000015, 41.661102, -0.5265780000000007, 161.544426, 46.582998, 29.268471000000005]","[0.0, 1.0, 4.0, 3.0, 1.0, 1.0, 1.0, 1.0, 2.0, 1.0, 2.0, 1.0, 0.0, 1.0, 0.0, 1.0]","[0.0, 30.0, 15.0, 16.0, -4.0, 21.0, 12.0, 11.0, 0.0, 55.0, 11.0, 12.0, 12.0, -10.0, 0.0, 13.0]"
3,1791640576.1425343,"[-44.032623, 65.47956300000001, 43.06735800000001, 42.803685, -0.08712299999999118, 71.54404199999999, 34.102475999999996, 43.06735800000001, 44.03415899999999, 62.667051000000015, 42.36422999999999, 42.891576000000015, -0.5265780000000007, 161.544426, 46.582998, 29.268471000000005]","[0.0, 1.0, 1.0, 3.0, 0.0, 1.0, 1.0, 2.0, 2.0, 1.0, 1.0, 2.0, 0.0, 1.0, 1.0, 1.0]","[0.0, 29.0, 15.0, 15.0, -5.0, 21.0, 11.0, 12.0, 0.0, 56.0, 12.0, 11.0, 14.0, -10.0, 0.0, 13.0]"
3,1791640576.3638504,"[-45.08731499999999, 65.47956300000001, 44.209941000000015, 43.506812999999994, -0.08712299999999118, 71.54404199999999, 34.102475999999996, 44.12205, 44.91306900000001, 62.667051000000015, 43.59470400000001, 43.85837699999999, -0.5265780000000007, 161.544426, 46.582998, 29.268471000000005]","[0.0, 1.0, 4.0, 1.0, -1.0, 1.0, 1.0, 3.0, 0.0, 1.0, 3.0, 2.0, 0.0, 1.0, 0.0, 1.0]","[0.0, 29.0, 15.0, 16.0, 0.0, 21.0, 11.0, 11.0, 0.0, 55.0, 11.0, 11.0, 14.0, -10.0, 0.0, 13.0]"
3,1791640576.5881326,"[-46.05411599999999, 65.47956300000001, 45.088851000000005, 44.91306900000001, -0.08712299999999118, 71.54404199999999, 34.102475999999996, 45.088851000000005, 45.967760999999996, 62.667051000000015, 44.473614, 45.088851000000005, -0.5265780000000007, 161.544426, 46.582998, 29.268471000000005]","[0.0, 1.0, 2.0, 3.0, 1.0, 1.0, 1.0, 1.0, 1.0, 1.0, 1.0, 2.0, 0.0, 1.0, 0.0, 1.0]","[0.0, 29.0, 15.0, 15.0, -2.0, 21.0, 11.0, 10.0, -2.0, 56.0, 12.0, 10.0, 13.0, -11.0, 0.0, 13.0]"
3,1791640576.811368,"[-47.020917, 65.47956300000001, 45.967760999999996, 45.87987000000001, -0.08712299999999118, 71.54404199999999, 34.102475999999996, 45.87987000000001, 46.934562, 63.545961000000005, 45.616197, 45.967760999999996, -0.5265780000000007, 161.544426, 46.582998, 29.268471000000005]","[0.0, 1.0, 2.0, 1.0, 0.0, 1.0, 1.0, 1.0, 1.0, 5.0, 3.0, 2.0, 0.0, 1.0, 0.0, 1.0]","[0.0, 29.0, 15.0, 16.0, 0.0, 20.0, 11.0, 11.0, 0.0, 46.0, 11.0, 10.0, 12.0, -9.0, 0.0, 13.0]"
3,1791640577.0385108,"[-47.636154000000005, 65.567454, 47.110344, 47.19823500000001, -0.08712299999999118, 71.54404199999999, 34.102475999999996, 47.110344, 48.077145, 63.721743000000004, 46.67088899999999, 47.110344, -0.5265780000000007, 161.544426, 46.582998, 29.268471000000005]","[-1.0, 2.0, 1.0, 3.0, 1.0, 1.0, 1.0, 2.0, 1.0, 1.0, 3.0, 2.0, 0.0, 1.0, 0.0, 1.0]","[-9.0, 28.0, 15.0, 15.0, -1.0, 21.0, 12.0, 12.0, -14.0, 44.0, 11.0, 10.0, 13.0, -10.0, 0.0, 13.0]"
3,1791640577.2624264,"[-49.04240999999999, 65.47956300000001, 47.98925399999999, 48.165036000000015, -0.08712299999999118, 71.54404199999999, 34.102475999999996, 47.98925399999999, 49.043946000000005, 63.721743000000004, 47.63768999999999, 48.165036000000015, -0.5265780000000007, 161.544426, 46.582998, 29.268471000000005]","[-2.0, 0.0, 1.0, 2.0, 0.0, 1.0, 1.0, 1.0, 1.0, 0.0, 1.0, 4.0, 0.0, 1.0, 0.0, 1.0]","[-2.0, 27.0, 15.0, 14.0, -2.0, 20.0, 12.0, 12.0, -14.0, 44.0, 12.0, 11.0, 13.0, -10.0, 0.0, 13.0]"
3,1791640577.486421,"[-49.833428999999995, 65.567454, 48.95605499999999, 49.219728, -0.08712299999999118, 71.54404199999999, 34.102475999999996, 49.043946000000005, 49.922855999999996, 63.721743000000004, 48.51660000000001, 49.043946000000005, -0.5265780000000007, 161.544426, 46.582998, 29.268471000000005]","[0.0, 0.0, 2.0, 3.0, 0.0, 1.0, 1.0, 3.0, 1.0, 1.0, 1.0, 2.0, 0.0, 1.0, 0.0, 1.0]","[-9.0, 28.0, 15.0, 15.0, 0.0, 20.0, 12.0, 11.0, 0.0, 44.0, 12.0, 11.0, 13.0, -10.0, 0.0, 13.0]"
3,1791640577.7078497,"[-50.712338999999986, 65.567454, 49.922855999999996, 50.45020199999999, -0.08712299999999118, 71.54404199999999, 34.102475999999996, 50.098637999999994, 51.065439, 63.721743000000004, 49.483401000000015, 50.098637999999994, -0.5265780000000007, 161.544426, 46.582998, 29.268471000000005]","[0.0, 1.0, 1.0, 3.0, 1.0, 1.0, 1.0, 2.0, 0.0, 1.0, 2.0, 3.0, 0.0, 1.0, 0.0, 0.0]","[-9.0, 27.0, 16.0, 14.0, -2.0, 22.0, 12.0, 12.0, 0.0, 43.0, 12.0, 11.0, 13.0, -10.0, 0.0, 13.0]"
3,1791640577.9322863,"[-51.67913999999999, 65.567454, 50.889657, 51.32911200000001, -0.08712299999999118, 71.631933, 34.102475999999996, 50.889657, 52.03224, 63.721743000000004, 50.62598400000002, 50.97754800000001, -0.5265780000000007, 161.544426, 46.582998, 29.268471000000005]","[0.0, 1.0, 3.0, 2.0, 1.0, 0.0, 1.0, 2.0, 1.0, 1.0, 1.0, 2.0, 0.0, 1.0, 0.0, 1.0]","[-8.0, 28.0, 15.0, 13.0, -3.0, 19.0, 11.0, 11.0, 0.0, 44.0, 12.0, 11.0, 14.0, -10.0, 0.0, 13.0]"
3,1791640578.396768,"[-52.470158999999995, 65.567454, 51.76856699999999, 52.559585999999996, 0.0007679999999936626, 71.71982400000002, 34.102475999999996, 52.120131000000015, 53.08693199999999, 63.721743000000004, 51.76856699999999, 52.03224, -0.5265780000000007, 161.544426, 46.582998, 29.268471000000005]","[0.0, 0.0, 1.0, 1.0, 1.0, 0.0, 1.0, 1.0, 1.0, 1.0, 1.0, 1.0, 0.0, 1.0, 0.0, 0.0]","[-10.0, 28.0, 17.0, 13.0, -3.0, 18.0, 12.0, 11.0, 0.0, 44.0, 11.0, 12.0, 13.0, -10.0, 0.0, 12.0]"
3,1791640578.6195705,"[-52.82172299999999, 65.47956300000001, 52.383804, 53.26271400000002, 0.0007679999999936626, 71.71982400000002, 34.102475999999996, 53.174823, 53.877950999999996, 63.721743000000004, 52.208022, 52.999041000000005, -0.5265780000000007, 161.544426, 46.582998, 29.268471000000005]","[0.0, 1.0, 1.0, 2.0, 2.0, 1.0, 1.0, 3.0, 1.0, 1.0, 2.0, 5.0, 0.0, 1.0, 0.0, 0.0]","[-12.0, 28.0, 17.0, 14.0, -11.0, 18.0, 11.0, 11.0, 14.0, 44.0, 13.0, 10.0, 14.0, -11.0, 0.0, 13.0]"
3,1791640578.8462884,"[-53.612742, 65.47956300000001, 52.999041000000005, 54.317406000000005, -0.08712299999999118, 71.71982400000002, 34.102475999999996, 54.14162400000001, 54.493188, 63.721743000000004, 52.64747700000001, 53.79006000000001, -0.5265780000000007, 161.544426, 46.582998, 29.268471000000005]","[0.0, 0.0, 1.0, 1.0, 0.0, 1.0, 1.0, 2.0, 1.0, 1.0, 1.0, 1.0, 0.0, 1.0, 0.0, 1.0]","[-11.0, 29.0, 18.0, 14.0, 0.0, 19.0, 12.0, 11.0, 15.0, 44.0, 15.0, 12.0, 13.0, -11.0, 0.0, 13.0]"
3,1791640579.0668914,"[-53.876414999999994, 65.47956300000001, 53.79006000000001, 55.28420700000001, -0.08712299999999118, 71.71982400000002, 34.102475999999996, 55.020534, 54.58107900000002, 63.63385199999999, 53.438496000000015, 55.020534, -0.5265780000000007, 161.544426, 46.582998, 29.268471000000005]","[0.0, 0.0, 2.0, 3.0, 1.0, 0.0, 1.0, 1.0, 1.0, 1.0, 1.0, 3.0, 0.0, 1.0, 0.0, 1.0]","[-16.0, 29.0, 20.0, 14.0, -5.0, 19.0, 11.0, 11.0, 17.0, 44.0, 15.0, 11.0, 13.0, -10.0, 0.0, 12.0]"
3,1791640579.2912774,"[-54.227979000000005, 65.391672, 54.40529699999999, 56.338899, -0.08712299999999118, 71.71982400000002, 34.102475999999996, 55.811553, 55.635771000000005, 63.63385199999999, 53.96584200000001, 55.89944400000002, -0.5265780000000007, 161.544426, 46.582998, 29.268471000000005]","[0.0, 0.0, 1.0, 3.0, 1.0, 1.0, 1.0, 1.0, 2.0, 0.0, 1.0, 1.0, 0.0, 1.0, 0.0, 1.0]","[-17.0, 29.0, 21.0, 14.0, -3.0, 20.0, 11.0, 12.0, 16.0, 44.0, 19.0, 11.0, 13.0, -10.0, 0.0, 12.0]"
3,1791640579.5184124,"[-54.579543, 65.391672, 55.196315999999996, 57.129918, -0.08712299999999118, 71.71982400000002, 34.102475999999996, 56.954136000000005, 55.635771000000005, 63.63385199999999, 54.14162400000001, 56.86624499999999, -0.5265780000000007, 161.544426, 46.582998, 29.180579999999992]","[0.0, 0.0, 1.0, 3.0, 0.0, 1.0, 1.0, 1.0, 0.0, 0.0, 1.0, 2.0, 0.0, 1.0, 0.0, 1.0]","[-20.0, 30.0, 22.0, 15.0, 0.0, 19.0, 11.0, 11.0, 20.0, 45.0, 22.0, 11.0, 13.0, -10.0, 0.0, 14.0]"
3,1791640579.740097,"[-55.018997999999996, 65.30378100000001, 55.811553, 58.008827999999994, -0.08712299999999118, 71.71982400000002, 34.102475999999996, 58.18460999999999, 56.338899, 63.545961000000005, 54.93264300000001, 58.008827999999994, -0.4386869999999874, 161.544426, 46.582998, 29.268471000000005]","[0.0, 0.0, 1.0, 1.0, 1.0, 1.0, 1.0, 3.0, 1.0, 0.0, 1.0, 4.0, 1.0, 1.0, 0.0, 0.0]","[-25.0, 35.0, 25.0, 16.0, -1.0, 19.0, 11.0, 11.0, 22.0, 45.0, 25.0, 11.0, 13.0, -11.0, 0.0, 13.0]"
3,1791640579.9656007,"[-55.018997999999996, 64.249089, 55.811553, 58.008827999999994, -0.08712299999999118, 71.71982400000002, 34.102475999999996, 59.06352000000001, 56.338899, 63.545961000000005, 55.72366199999999, 58.88773800000001, -0.4386869999999874, 161.544426, 46.582998, 29.268471000000005]","[0.0, 0.0, 1.0, 1.0, 0.0, 1.0, 1.0, 1.0, 1.0, 0.0, 2.0, 4.0, 1.0, 1.0, 0.0, 1.0]","[0.0, 12.0, 0.0, 0.0, -2.0, 18.0, 12.0, 11.0, 29.0, 45.0, 23.0, 11.0, 14.0, -10.0, 0.0, 13.0]"
3,1791640580.1861668,"[-55.018997999999996, 64.249089, 55.811553, 58.008827999999994, -0.08712299999999118, 71.71982400000002, 34.102475999999996, 60.20610300000001, 56.338899, 62.13970499999999, 55.72366199999999, 58.88773800000001, -0.4386869999999874, 161.544426, 46.582998, 29.180579999999992]","[0.0, 0.0, 1.0, 1.0, 0.0, 1.0, 1.0, 1.0, 0.0, 0.0, 0.0, 0.0, 1.0, 1.0, 1.0, 0.0]","[0.0, 13.0, 0.0, 0.0, -6.0, 19.0, 12.0, 11.0, 0.0, 13.0, 0.0, 4.0, 13.0, -10.0, 0.0, 13.0]"
3,1791640580.4114087,"[-55.018997999999996, 64.249089, 55.811553, 58.008827999999994, 0.0007679999999936626, 71.71982400000002, 34.102475999999996, 61.17290400000002, 56.338899, 62.13970499999999, 55.72366199999999, 58.799847, -0.4386869999999874, 161.544426, 46.582998, 29.268471000000005]","[0.0, 0.0, 1.0, 1.0, 0.0, 0.0, 1.0, 2.0, 0.0, 0.0, 0.0, 0.0, 1.0, 1.0, 0.0, 0.0]","[0.0, 12.0, 0.0, 0.0, -3.0, 19.0, 12.0, 12.0, 0.0, 13.0, 0.0, 3.0, 13.0, -10.0, 0.0, 13.0]"
3,1791640580.6382334,"[-55.018997999999996, 64.249089, 55.811553, 58.008827999999994, -0.08712299999999118, 71.71982400000002, 34.102475999999996, 61.963922999999994, 56.338899, 62.13970499999999, 55.72366199999999, 58.88773800000001, -0.4386869999999874, 161.544426, 46.582998, 29.268471000000005]","[0.0, 0.0, 1.0, 1.0, 1.0, 1.0, 1.0, 1.0, 0.0, 0.0, 0.0, 1.0, 1.0, 1.0, 0.0, 1.0]","[0.0, 12.0, 0.0, 0.0, -5.0, 20.0, 11.0, 11.0, 0.0, 12.0, 0.0, 0.0, 14.0, -11.0, 0.0, 13.0]"
3,1791640580.860171,"[-55.018997999999996, 64.249089, 55.811553, 58.008827999999994, -0.08712299999999118, 71.71982400000002, 34.102475999999996, 63.19439700000001, 56.338899, 62.13970499999999, 55.72366199999999, 58.88773800000001, -0.4386869999999874, 161.544426, 46.582998, 29.268471000000005]","[0.0, 0.0, 1.0, 1.0, 0.0, 1.0, 1.0, 3.0, 0.0, 0.0, 1.0, 1.0, 1.0, 1.0, 0.0, 1.0]","[0.0, 12.0, 0.0, 0.0, -5.0, 20.0, 11.0, 12.0, 0.0, 13.0, 0.0, 0.0, 12.0, -10.0, 0.0, 13.0]"
3,1791640581.0861092,"[-55.018997999999996, 64.249089, 55.811553, 58.008827999999994, 0.0007679999999936626, 71.71982400000002, 34.102475999999996, 64.073307, 56.338899, 62.13970499999999, 55.72366199999999, 58.88773800000001, -0.4386869999999874, 161.544426, 46.582998, 29.268471000000005]","[0.0, 0.0, 1.0, 1.0, 1.0, 1.0, 1.0, 1.0, 0.0, 0.0, 1.0, 1.0, 1.0, 0.0, 0.0, 1.0]","[0.0, 12.0, 0.0, 0.0, -5.0, 19.0, 11.0, 11.0, 0.0, 13.0, 0.0, 1.0, 12.0, -11.0, 0.0, 13.0]"
3,1791640581.310094,"[-55.018997999999996, 64.249089, 55.811553, 58.008827999999994, 0.0007679999999936626, 71.631933, 34.102475999999996, 65.040108, 56.338899, 62.13970499999999, 55.72366199999999, 58.88773800000001, -0.4386869999999874, 161.544426, 46.582998, 29.268471000000005]","[0.0, 0.0, 1.0, 1.0, 1.0, 0.0, 1.0, 1.0, 0.0, 0.0, 0.0, 1.0, 1.0, 1.0, 0.0, 1.0]","[0.0, 13.0, 0.0, 0.0, -4.0, 19.0, 11.0, 11.0, 0.0, 12.0, 1.0, 0.0, 13.0, -10.0, 0.0, 13.0]"
3,1791640581.534059,"[-55.018997999999996, 64.249089, 55.811553, 58.008827999999994, 0.0007679999999936626, 71.71982400000002, 34.102475999999996, 66.182691, 56.338899, 62.13970499999999, 55.72366199999999, 58.88773800000001, -0.4386869999999874, 161.544426, 46.582998, 29.268471000000005]","[0.0, 0.0, 1.0, 1.0, 1.0, 1.0, 1.0, 3.0, 0.0, 0.0, 1.0, 1.0, 1.0, 1.0, 0.0, 1.0]","[0.0, 12.0, 0.0, 0.0, -7.0, 20.0, 12.0, 12.0, 0.0, 14.0, 0.0, 0.0, 13.0, -10.0, 0.0, 13.0]"
3,1791640581.7557445,"[-55.018997999999996, 64.249089, 55.811553, 58.008827999999994, -0.08712299999999118, 71.71982400000002, 34.102475999999996, 66.97371000000001, 56.338899, 62.13970499999999, 55.72366199999999, 58.88773800000001, -0.4386869999999874, 161.544426, 46.582998, 29.268471000000005]","[0.0, 0.0, 1.0, 1.0, 0.0, 1.0, 1.0, 3.0, 0.0, 0.0, 1.0, 0.0, 1.0, 1.0, 0.0, 0.0]","[0.0, 13.0, 0.0, 0.0, -1.0, 18.0, 12.0, 11.0, 0.0, 13.0, 0.0, 1.0, 13.0, -11.0, 0.0, 13.0]"
3,1791640581.9792874,"[-55.018997999999996, 64.249089, 55.811553, 58.008827999999994, 0.0007679999999936626, 71.71982400000002, 34.102475999999996, 67.94051100000001, 56.338899, 62.13970499999999, 55.72366199999999, 58.799847, -0.4386869999999874, 161.544426, 46.582998, 29.268471000000005]","[0.0, 0.0, 1.0, 1.0, 1.0, 1.0, 1.0, 1.0, 0.0, 0.0, 0.0, 0.0, 1.0, 1.0, 0.0, 1.0]","[0.0, 12.0, 0.0, 0.0, -3.0, 19.0, 12.0, 11.0, 0.0, 13.0, 0.0, 0.0, 12.0, -10.0, 0.0, 13.0]"
3,1791640582.2029943,"[-55.018997999999996, 64.249089, 55.811553, 58.008827999999994, -0.08712299999999118, 71.71982400000002, 34.102475999999996, 68.819421, 56.338899, 62.13970499999999, 55.72366199999999, 58.88773800000001, -0.4386869999999874, 161.544426, 46.582998, 29.268471000000005]","[0.0, 1.0, 1.0, 1.0, 0.0, 1.0, 1.0, 1.0, 0.0, 0.0, 0.0, 1.0, 1.0, 1.0, 0.0, 1.0]","[0.0, 12.0, 0.0, 0.0, 0.0, 19.0, 11.0, 11.0, 0.0, 13.0, 2.0, 0.0, 13.0, -11.0, 0.0, 12.0]"
3,1791640582.43004,"[-55.018997999999996, 64.249089, 55.811553, 58.008827999999994, -0.08712299999999118, 71.71982400000002, 34.102475999999996, 69.61044000000001, 56.338899, 62.13970499999999, 55.72366199999999, 58.88773800000001, -0.4386869999999874, 161.544426, 46.582998, 29.180579999999992]","[0.0, 1.0, 1.0, 1.0, 1.0, 1.0, 1.0, 1.0, 0.0, 0.0, 0.0, 0.0, 1.0, 1.0, 0.0, 0.0]","[0.0, 12.0, 0.0, 0.0, -3.0, 19.0, 11.0, 11.0, 0.0, 14.0, 0.0, 0.0, 13.0, -11.0, 0.0, 13.0]"
3,1791640582.6531405,"[-55.018997999999996, 64.249089, 55.811553, 58.008827999999994, 0.0007679999999936626, 71.71982400000002, 34.102475999999996, 70.840914, 56.338899, 62.13970499999999, 55.72366199999999, 58.799847, -0.4386869999999874, 161.544426, 46.582998, 29.268471000000005]","[0.0, 1.0, 1.0, 1.0, 1.0, 1.0, 1.0, 1.0, 0.0, 1.0, 1.0, 0.0, 1.0, 1.0, 0.0, 1.0]","[0.0, 12.0, 0.0, 0.0, -6.0, 19.0, 11.0, 12.0, 0.0, 13.0, 0.0, 5.0, 13.0, -10.0, 0.0, 13.0]"
3,1791640582.8741188,"[-55.018997999999996, 64.249089, 55.811553, 58.008827999999994, 0.0007679999999936626, 71.71982400000002, 34.102475999999996, 71.89560600000002, 56.338899, 62.13970499999999, 55.72366199999999, 58.88773800000001, -0.4386869999999874, 161.544426, 46.67088899999999, 29.268471000000005]","[0.0, 1.0, 1.0, 1.0, 1.0, 1.0, 1.0, 2.0, 0.0, 0.0, 1.0, 0.0, 1.0, 1.0, 1.0, 0.0]","[0.0, 12.0, 0.0, 0.0, -9.0, 20.0, 11.0, 11.0, 0.0, 13.0, 0.0, 1.0, 13.0, -11.0, -1.0, 13.0]"
3,1791640583.1019533,"[-55.018997999999996, 64.249089, 55.811553, 58.008827999999994, 0.0007679999999936626, 71.71982400000002, 34.102475999999996, 72.86240699999999, 56.338899, 62.13970499999999, 55.72366199999999, 58.88773800000001, -0.4386869999999874, 161.544426, 46.582998, 29.268471000000005]","[0.0, 1.0, 1.0, 1.0, 1.0, 1.0, 1.0, 2.0, 0.0, 0.0, 1.0, 0.0, 1.0, 1.0, 0.0, 1.0]","[0.0, 12.0, 0.0, 0.0, -5.0, 20.0, 11.0, 12.0, 0.0, 12.0, 0.0, 0.0, 13.0, -10.0, 0.0, 13.0]"
3,1791640583.3224018,"[-55.018997999999996, 64.249089, 55.811553, 58.008827999999994, 0.0007679999999936626, 71.71982400000002, 34.102475999999996, 73.91709900000001, 56.338899, 62.13970499999999, 55.72366199999999, 58.88773800000001, -0.4386869999999874, 161.544426, 46.582998, 29.268471000000005]","[0.0, 1.0, 1.0, 1.0, 1.0, 1.0, 1.0, 2.0, 0.0, 0.0, 1.0, 1.0, 1.0, 1.0, 0.0, 0.0]","[0.0, 12.0, 0.0, 0.0, -9.0, 20.0, 11.0, 11.0, 0.0, 14.0, 0.0, 0.0, 15.0, -11.0, 0.0, 13.0]"
