class,size_name,size_m,scale_percent,step,joint_0,joint_1,joint_2,joint_3,joint_4,joint_5,joint_6,joint_7,joint_8,joint_9,joint_10,joint_11,joint_12,joint_13,joint_14,joint_15,finger_0_stop,finger_1_stop,finger_2_stop,finger_3_stop
cube,side_length,0.075,150,0,0.0,0.0,0.0,0.0,0.0,0.0,0.0,0.0,0.0,0.0,0.0,0.0,0.0,180.0,40.0,25.0,,,,
cube,side_length,0.075,150,1,-1.0,1.0,1.0,1.0,0.0,1.0,1.0,1.0,1.0,1.0,1.0,1.0,0.0,179.0,41.0,26.0,,,,
cube,side_length,0.075,150,2,-2.0,2.0,2.0,2.0,0.0,2.0,2.0,2.0,2.0,2.0,2.0,2.0,0.0,178.0,42.0,27.0,,,,
cube,side_length,0.075,150,3,-3.0,3.0,3.0,3.0,0.0,3.0,3.0,3.0,3.0,3.0,3.0,3.0,0.0,177.0,43.0,28.0,,,,
cube,side_length,0.075,150,4,-4.0,4.0,4.0,4.0,0.0,4.0,4.0,4.0,4.0,4.0,4.0,4.0,0.0,176.0,44.0,29.0,,,,
cube,side_length,0.075,150,5,-5.0,5.0,5.0,5.0,0.0,5.0,5.0,5.0,5.0,5.0,5.0,5.0,0.0,175.0,45.0,30.0,,,,
cube,side_length,0.075,150,6,-6.0,6.0,6.0,6.0,0.0,6.0,6.0,6.0,6.0,6.0,6.0,6.0,0.0,174.0,46.0,31.0,,,,
cube,side_length,0.075,150,7,-7.0,7.0,7.0,7.0,0.0,7.0,7.0,7.0,7.0,7.0,7.0,7.0,0.0,173.0,47.0,32.0,,,,
cube,side_length,0.075,150,8,-8.0,8.0,8.0,8.0,0.0,8.0,8.0,8.0,8.0,8.0,8.0,8.0,0.0,172.0,48.0,33.0,,,,
cube,side_length,0.075,150,9,-9.0,9.0,9.0,9.0,0.0,9.0,9.0,9.0,9.0,9.0,9.0,9.0,0.0,171.0,49.0,34.0,,,,
cube,side_length,0.075,150,10,-10.0,10.0,10.0,10.0,0.0,10.0,10.0,10.0,10.0,10.0,10.0,10.0,0.0,170.0,50.0,35.0,,,,
cube,side_length,0.075,150,11,-11.0,11.0,11.0,11.0,0.0,11.0,11.0,11.0,11.0,11.0,11.0,11.0,0.0,169.0,51.0,36.0,,,,
cube,side_length,0.075,150,12,-12.0,12.0,12.0,12.0,0.0,12.0,12.0,12.0,12.0,12.0,12.0,12.0,0.0,168.0,52.0,37.0,,,,
cube,side_length,0.075,150,13,-13.0,13.0,13.0,13.0,0.0,13.0,13.0,13.0,13.0,13.0,13.0,13.0,0.0,167.0,53.0,38.0,,,,
cube,side_length,0.075,150,14,-14.0,14.0,14.0,14.0,0.0,14.0,14.0,14.0,14.0,14.0,14.0,14.0,0.0,166.0,54.0,39.0,,,,
cube,side_length,0.075,150,15,-15.0,15.0,15.0,15.0,0.0,15.0,15.0,15.0,15.0,15.0,15.0,15.0,0.0,165.0,55.0,40.0,,,,
cube,side_length,0.075,150,16,-16.0,16.0,16.0,16.0,0.0,16.0,16.0,16.0,16.0,16.0,16.0,16.0,0.0,164.0,56.0,41.0,,,,
cube,side_length,0.075,150,17,-17.0,17.0,17.0,17.0,0.0,17.0,17.0,17.0,17.0,17.0,17.0,17.0,0.0,163.0,57.0,42.0,,,,
cube,side_length,0.075,150,18,-18.0,18.0,18.0,18.0,0.0,18.0,18.0,18.0,18.0,18.0,18.0,18.0,0.0,162.0,58.0,43.0,,,,
cube,side_length,0.075,150,19,-19.0,19.0,19.0,19.0,0.0,19.0,19.0,19.0,19.0,19.0,19.0,19.0,0.0,161.0,59.0,44.0,,,,
cube,side_length,0.075,150,20,-20.0,20.0,20.0,20.0,0.0,20.0,20.0,20.0,20.0,20.0,20.0,20.0,0.0,160.0,60.0,45.0,,,,
cube,side_length,0.075,150,21,-21.0,21.0,21.0,21.0,0.0,21.0,21.0,21.0,21.0,21.0,21.0,21.0,0.0,159.0,61.0,46.0,,,,
cube,side_length,0.075,150,22,-22.0,22.0,22.0,22.0,0.0,22.0,22.0,22.0,22.0,22.0,22.0,22.0,0.0,158.0,62.0,47.0,,,,
cube,side_length,0.075,150,23,-23.0,23.0,23.0,23.0,0.0,23.0,23.0,23.0,23.0,23.0,23.0,23.0,0.0,157.0,63.0,48.0,,,,
cube,side_length,0.075,150,24,-24.0,24.0,24.0,24.0,0.0,24.0,24.0,24.0,24.0,24.0,24.0,24.0,0.0,156.0,64.0,49.0,,,,
cube,side_length,0.075,150,25,-25.0,25.0,25.0,25.0,0.0,25.0,25.0,25.0,25.0,25.0,25.0,25.0,0.0,155.0,65.0,50.0,,,,
cube,side_length,0.075,150,26,-26.0,26.0,26.0,26.0,0.0,26.0,26.0,26.0,26.0,26.0,26.0,26.0,0.0,154.0,66.0,51.0,,,,
cube,side_length,0.075,150,27,-27.0,27.0,27.0,27.0,0.0,27.0,27.0,27.0,27.0,27.0,27.0,27.0,0.0,153.0,67.0,52.0,,,,
cube,side_length,0.075,150,28,-28.0,28.0,28.0,28.0,0.0,28.0,28.0,28.0,28.0,28.0,28.0,28.0,0.0,152.0,68.0,53.0,,,,
cube,side_length,0.075,150,29,-29.0,29.0,29.0,29.0,0.0,29.0,29.0,29.0,29.0,29.0,29.0,29.0,0.0,151.0,69.0,54.0,,,,
cube,side_length,0.075,150,30,-30.0,30.0,30.0,30.0,0.0,30.0,30.0,30.0,30.0,30.0,30.0,30.0,0.0,150.0,70.0,55.0,,,,
cube,side_length,0.075,150,31,-31.0,31.0,31.0,31.0,0.0,31.0,31.0,31.0,31.0,31.0,31.0,31.0,0.0,149.0,71.0,56.0,,,,
cube,side_length,0.075,150,32,-32.0,32.0,32.0,32.0,0.0,32.0,32.0,32.0,32.0,32.0,32.0,32.0,0.0,148.0,72.0,57.0,,,,
cube,side_length,0.075,150,33,-33.0,33.0,33.0,33.0,0.0,33.0,33.0,33.0,33.0,33.0,33.0,33.0,0.0,147.0,73.0,58.0,,,,
cube,side_length,0.075,150,34,-34.0,34.0,34.0,34.0,0.0,34.0,34.0,34.0,34.0,34.0,34.0,34.0,0.0,146.0,74.0,59.0,,,,
cube,side_length,0.075,150,35,-35.0,35.0,35.0,35.0,0.0,35.0,35.0,35.0,35.0,35.0,35.0,35.0,0.0,145.0,75.0,60.0,,,,
cube,side_length,0.075,150,36,-36.0,36.0,36.0,36.0,0.0,36.0,36.0,36.0,36.0,36.0,36.0,36.0,0.0,144.0,76.0,61.0,,,,
cube,side_length,0.075,150,37,-37.0,37.0,37.0,37.0,0.0,37.0,37.0,37.0,37.0,37.0,37.0,37.0,0.0,143.0,77.0,62.0,,,,
cube,side_length,0.075,150,38,-38.0,38.0,38.0,38.0,0.0,38.0,38.0,38.0,38.0,38.0,38.0,38.0,0.0,142.0,78.0,63.0,,,,
cube,side_length,0.075,150,39,-39.0,39.0,39.0,39.0,0.0,39.0,39.0,39.0,39.0,39.0,39.0,39.0,0.0,141.0,79.0,64.0,,,,
cube,side_length,0.075,150,40,-40.0,40.0,40.0,40.0,0.0,40.0,40.0,40.0,40.0,40.0,40.0,40.0,0.0,140.0,80.0,65.0,,,,
cube,side_length,0.075,150,41,-41.0,41.0,41.0,41.0,0.0,41.0,41.0,41.0,41.0,41.0,41.0,41.0,0.0,139.0,81.0,66.0,,,,
cube,side_length,0.075,150,42,-42.0,42.0,42.0,42.0,0.0,42.0,42.0,42.0,42.0,42.0,42.0,42.0,0.0,138.0,82.0,67.0,,,,
cube,side_length,0.075,150,43,-43.0,43.0,43.0,43.0,0.0,43.0,43.0,43.0,43.0,43.0,43.0,43.0,0.0,137.0,83.0,68.0,,,,
cube,side_length,0.075,150,44,-44.0,44.0,44.0,44.0,0.0,44.0,44.0,44.0,44.0,44.0,44.0,44.0,0.0,136.0,84.0,69.0,,,,
cube,side_length,0.075,150,45,-45.0,45.0,45.0,45.0,0.0,45.0,45.0,45.0,45.0,45.0,45.0,45.0,0.0,135.0,85.0,70.0,,,,
cube,side_length,0.075,150,46,-46.0,46.0,46.0,46.0,0.0,46.0,46.0,46.0,46.0,46.0,46.0,46.0,0.0,134.0,86.0,71.0,,,,
cube,side_length,0.075,150,47,-47.0,47.0,47.0,47.0,0.0,47.0,47.0,47.0,47.0,47.0,47.0,47.0,0.0,133.0,87.0,72.0,,,,
cube,side_length,0.075,150,48,-48.0,48.0,48.0,48.0,0.0,48.0,48.0,48.0,48.0,48.0,48.0,48.0,0.0,132.0,88.0,73.0,,,,
cube,side_length,0.075,150,49,-49.0,49.0,49.0,49.0,0.0,49.0,49.0,49.0,49.0,49.0,49.0,49.0,0.0,131.0,89.0,74.0,,,,
cube,side_length,0.075,150,50,-50.0,50.0,50.0,50.0,0.0,49.21875,49.21875,49.21875,50.0,50.0,50.0,50.0,0.0,130.0,90.0,75.0,,contact,,
cube,side_length,0.075,150,51,-51.0,51.0,51.0,51.0,0.0,49.21875,49.21875,49.21875,51.0,51.0,51.0,51.0,0.0,129.45703125,90.54296875,75.54296875,,contact,,contact
cube,side_length,0.075,150,52,-52.0,52.0,52.0,52.0,0.0,49.21875,49.21875,49.21875,52.0,52.0,52.0,52.0,0.0,129.45703125,90.54296875,75.54296875,,contact,,contact
cube,side_length,0.075,150,53,-53.0,53.0,53.0,53.0,0.0,49.21875,49.21875,49.21875,53.0,53.0,53.0,53.0,0.0,129.45703125,90.54296875,75.54296875,,contact,,contact
cube,side_length,0.075,150,54,-54.0,54.0,54.0,54.0,0.0,49.21875,49.21875,49.21875,54.0,54.0,54.0,54.0,0.0,129.45703125,90.54296875,75.54296875,,contact,,contact
cube,side_length,0.075,150,55,-55.0,55.0,55.0,55.0,0.0,49.21875,49.21875,49.21875,55.0,55.0,55.0,55.0,0.0,129.45703125,90.54296875,75.54296875,,contact,,contact
cube,side_length,0.075,150,56,-56.0,56.0,56.0,56.0,0.0,49.21875,49.21875,49.21875,56.0,56.0,56.0,56.0,0.0,129.45703125,90.54296875,75.54296875,,contact,,contact
cube,side_length,0.075,150,57,-57.0,57.0,57.0,57.0,0.0,49.21875,49.21875,49.21875,57.0,57.0,57.0,57.0,0.0,129.45703125,90.54296875,75.54296875,,contact,,contact
cube,side_length,0.075,150,58,-58.0,58.0,58.0,58.0,0.0,49.21875,49.21875,49.21875,58.0,58.0,58.0,58.0,0.0,129.45703125,90.54296875,75.54296875,,contact,,contact
cube,side_length,0.075,150,59,-59.0,59.0,59.0,59.0,0.0,49.21875,49.21875,49.21875,59.0,59.0,59.0,59.0,0.0,129.45703125,90.54296875,75.54296875,,contact,,contact
cube,side_length,0.075,150,60,-60.0,60.0,60.0,60.0,0.0,49.21875,49.21875,49.21875,60.0,60.0,60.0,60.0,0.0,129.45703125,90.54296875,75.54296875,,contact,,contact
cube,side_length,0.075,150,61,-61.0,61.0,61.0,60.0,0.0,49.21875,49.21875,49.21875,61.0,61.0,61.0,60.0,0.0,129.45703125,90.54296875,75.54296875,,contact,,contact
cube,side_length,0.075,150,62,-62.0,62.0,62.0,60.0,0.0,49.21875,49.21875,49.21875,62.0,62.0,62.0,60.0,0.0,129.45703125,90.54296875,75.54296875,,contact,,contact
cube,side_length,0.075,150,63,-63.0,63.0,63.0,60.0,0.0,49.21875,49.21875,49.21875,63.0,63.0,63.0,60.0,0.0,129.45703125,90.54296875,75.54296875,,contact,,contact
cube,side_length,0.075,150,64,-64.0,64.0,64.0,60.0,0.0,49.21875,49.21875,49.21875,64.0,64.0,64.0,60.0,0.0,129.45703125,90.54296875,75.54296875,,contact,,contact
cube,side_length,0.075,150,65,-64.80859375,64.80859375,64.80859375,60.0,0.0,49.21875,49.21875,49.21875,64.9375,64.9375,64.9375,60.0,0.0,129.45703125,90.54296875,75.54296875,contact,contact,contact,contact
cube,side_length,0.0725,145,0,0.0,0.0,0.0,0.0,0.0,0.0,0.0,0.0,0.0,0.0,0.0,0.0,0.0,180.0,40.0,25.0,,,,
cube,side_length,0.0725,145,1,-1.0,1.0,1.0,1.0,0.0,1.0,1.0,1.0,1.0,1.0,1.0,1.0,0.0,179.0,41.0,26.0,,,,
cube,side_length,0.0725,145,2,-2.0,2.0,2.0,2.0,0.0,2.0,2.0,2.0,2.0,2.0,2.0,2.0,0.0,178.0,42.0,27.0,,,,
cube,side_length,0.0725,145,3,-3.0,3.0,3.0,3.0,0.0,3.0,3.0,3.0,3.0,3.0,3.0,3.0,0.0,177.0,43.0,28.0,,,,
cube,side_length,0.0725,145,4,-4.0,4.0,4.0,4.0,0.0,4.0,4.0,4.0,4.0,4.0,4.0,4.0,0.0,176.0,44.0,29.0,,,,
cube,side_length,0.0725,145,5,-5.0,5.0,5.0,5.0,0.0,5.0,5.0,5.0,5.0,5.0,5.0,5.0,0.0,175.0,45.0,30.0,,,,
cube,side_length,0.0725,145,6,-6.0,6.0,6.0,6.0,0.0,6.0,6.0,6.0,6.0,6.0,6.0,6.0,0.0,174.0,46.0,31.0,,,,
cube,side_length,0.0725,145,7,-7.0,7.0,7.0,7.0,0.0,7.0,7.0,7.0,7.0,7.0,7.0,7.0,0.0,173.0,47.0,32.0,,,,
cube,side_length,0.0725,145,8,-8.0,8.0,8.0,8.0,0.0,8.0,8.0,8.0,8.0,8.0,8.0,8.0,0.0,172.0,48.0,33.0,,,,
cube,side_length,0.0725,145,9,-9.0,9.0,9.0,9.0,0.0,9.0,9.0,9.0,9.0,9.0,9.0,9.0,0.0,171.0,49.0,34.0,,,,
cube,side_length,0.0725,145,10,-10.0,10.0,10.0,10.0,0.0,10.0,10.0,10.0,10.0,10.0,10.0,10.0,0.0,170.0,50.0,35.0,,,,
cube,side_length,0.0725,145,11,-11.0,11.0,11.0,11.0,0.0,11.0,11.0,11.0,11.0,11.0,11.0,11.0,0.0,169.0,51.0,36.0,,,,
cube,side_length,0.0725,145,12,-12.0,12.0,12.0,12.0,0.0,12.0,12.0,12.0,12.0,12.0,12.0,12.0,0.0,168.0,52.0,37.0,,,,
cube,side_length,0.0725,145,13,-13.0,13.0,13.0,13.0,0.0,13.0,13.0,13.0,13.0,13.0,13.0,13.0,0.0,167.0,53.0,38.0,,,,
cube,side_length,0.0725,145,14,-14.0,14.0,14.0,14.0,0.0,14.0,14.0,14.0,14.0,14.0,14.0,14.0,0.0,166.0,54.0,39.0,,,,
cube,side_length,0.0725,145,15,-15.0,15.0,15.0,15.0,0.0,15.0,15.0,15.0,15.0,15.0,15.0,15.0,0.0,165.0,55.0,40.0,,,,
cube,side_length,0.0725,145,16,-16.0,16.0,16.0,16.0,0.0,16.0,16.0,16.0,16.0,16.0,16.0,16.0,0.0,164.0,56.0,41.0,,,,
cube,side_length,0.0725,145,17,-17.0,17.0,17.0,17.0,0.0,17.0,17.0,17.0,17.0,17.0,17.0,17.0,0.0,163.0,57.0,42.0,,,,
cube,side_length,0.0725,145,18,-18.0,18.0,18.0,18.0,0.0,18.0,18.0,18.0,18.0,18.0,18.0,18.0,0.0,162.0,58.0,43.0,,,,
cube,side_length,0.0725,145,19,-19.0,19.0,19.0,19.0,0.0,19.0,19.0,19.0,19.0,19.0,19.0,19.0,0.0,161.0,59.0,44.0,,,,
cube,side_length,0.0725,145,20,-20.0,20.0,20.0,20.0,0.0,20.0,20.0,20.0,20.0,20.0,20.0,20.0,0.0,160.0,60.0,45.0,,,,
cube,side_length,0.0725,145,21,-21.0,21.0,21.0,21.0,0.0,21.0,21.0,21.0,21.0,21.0,21.0,21.0,0.0,159.0,61.0,46.0,,,,
cube,side_length,0.0725,145,22,-22.0,22.0,22.0,22.0,0.0,22.0,22.0,22.0,22.0,22.0,22.0,22.0,0.0,158.0,62.0,47.0,,,,
cube,side_length,0.0725,145,23,-23.0,23.0,23.0,23.0,0.0,23.0,23.0,23.0,23.0,23.0,23.0,23.0,0.0,157.0,63.0,48.0,,,,
cube,side_length,0.0725,145,24,-24.0,24.0,24.0,24.0,0.0,24.0,24.0,24.0,24.0,24.0,24.0,24.0,0.0,156.0,64.0,49.0,,,,
cube,side_length,0.0725,145,25,-25.0,25.0,25.0,25.0,0.0,25.0,25.0,25.0,25.0,25.0,25.0,25.0,0.0,155.0,65.0,50.0,,,,
cube,side_length,0.0725,145,26,-26.0,26.0,26.0,26.0,0.0,26.0,26.0,26.0,26.0,26.0,26.0,26.0,0.0,154.0,66.0,51.0,,,,
cube,side_length,0.0725,145,27,-27.0,27.0,27.0,27.0,0.0,27.0,27.0,27.0,27.0,27.0,27.0,27.0,0.0,153.0,67.0,52.0,,,,
cube,side_length,0.0725,145,28,-28.0,28.0,28.0,28.0,0.0,28.0,28.0,28.0,28.0,28.0,28.0,28.0,0.0,152.0,68.0,53.0,,,,
cube,side_length,0.0725,145,29,-29.0,29.0,29.0,29.0,0.0,29.0,29.0,29.0,29.0,29.0,29.0,29.0,0.0,151.0,69.0,54.0,,,,
cube,side_length,0.0725,145,30,-30.0,30.0,30.0,30.0,0.0,30.0,30.0,30.0,30.0,30.0,30.0,30.0,0.0,150.0,70.0,55.0,,,,
cube,side_length,0.0725,145,31,-31.0,31.0,31.0,31.0,0.0,31.0,31.0,31.0,31.0,31.0,31.0,31.0,0.0,149.0,71.0,56.0,,,,
cube,side_length,0.0725,145,32,-32.0,32.0,32.0,32.0,0.0,32.0,32.0,32.0,32.0,32.0,32.0,32.0,0.0,148.0,72.0,57.0,,,,
cube,side_length,0.0725,145,33,-33.0,33.0,33.0,33.0,0.0,33.0,33.0,33.0,33.0,33.0,33.0,33.0,0.0,147.0,73.0,58.0,,,,
cube,side_length,0.0725,145,34,-34.0,34.0,34.0,34.0,0.0,34.0,34.0,34.0,34.0,34.0,34.0,34.0,0.0,146.0,74.0,59.0,,,,
cube,side_length,0.0725,145,35,-35.0,35.0,35.0,35.0,0.0,35.0,35.0,35.0,35.0,35.0,35.0,35.0,0.0,145.0,75.0,60.0,,,,
cube,side_length,0.0725,145,36,-36.0,36.0,36.0,36.0,0.0,36.0,36.0,36.0,36.0,36.0,36.0,36.0,0.0,144.0,76.0,61.0,,,,
cube,side_length,0.0725,145,37,-37.0,37.0,37.0,37.0,0.0,37.0,37.0,37.0,37.0,37.0,37.0,37.0,0.0,143.0,77.0,62.0,,,,
cube,side_length,0.0725,145,38,-38.0,38.0,38.0,38.0,0.0,38.0,38.0,38.0,38.0,38.0,38.0,38.0,0.0,142.0,78.0,63.0,,,,
cube,side_length,0.0725,145,39,-39.0,39.0,39.0,39.0,0.0,39.0,39.0,39.0,39.0,39.0,39.0,39.0,0.0,141.0,79.0,64.0,,,,
cube,side_length,0.0725,145,40,-40.0,40.0,40.0,40.0,0.0,40.0,40.0,40.0,40.0,40.0,40.0,40.0,0.0,140.0,80.0,65.0,,,,
cube,side_length,0.0725,145,41,-41.0,41.0,41.0,41.0,0.0,41.0,41.0,41.0,41.0,41.0,41.0,41.0,0.0,139.0,81.0,66.0,,,,
cube,side_length,0.0725,145,42,-42.0,42.0,42.0,42.0,0.0,42.0,42.0,42.0,42.0,42.0,42.0,42.0,0.0,138.0,82.0,67.0,,,,
cube,side_length,0.0725,145,43,-43.0,43.0,43.0,43.0,0.0,43.0,43.0,43.0,43.0,43.0,43.0,43.0,0.0,137.0,83.0,68.0,,,,
cube,side_length,0.0725,145,44,-44.0,44.0,44.0,44.0,0.0,44.0,44.0,44.0,44.0,44.0,44.0,44.0,0.0,136.0,84.0,69.0,,,,
cube,side_length,0.0725,145,45,-45.0,45.0,45.0,45.0,0.0,45.0,45.0,45.0,45.0,45.0,45.0,45.0,0.0,135.0,85.0,70.0,,,,
cube,side_length,0.0725,145,46,-46.0,46.0,46.0,46.0,0.0,46.0,46.0,46.0,46.0,46.0,46.0,46.0,0.0,134.0,86.0,71.0,,,,
cube,side_length,0.0725,145,47,-47.0,47.0,47.0,47.0,0.0,47.0,47.0,47.0,47.0,47.0,47.0,47.0,0.0,133.0,87.0,72.0,,,,
cube,side_length,0.0725,145,48,-48.0,48.0,48.0,48.0,0.0,48.0,48.0,48.0,48.0,48.0,48.0,48.0,0.0,132.0,88.0,73.0,,,,
cube,side_length,0.0725,145,49,-49.0,49.0,49.0,49.0,0.0,49.0,49.0,49.0,49.0,49.0,49.0,49.0,0.0,131.0,89.0,74.0,,,,
cube,side_length,0.0725,145,50,-50.0,50.0,50.0,50.0,0.0,50.0,50.0,50.0,50.0,50.0,50.0,50.0,0.0,130.0,90.0,75.0,,,,
cube,side_length,0.0725,145,51,-51.0,51.0,51.0,51.0,0.0,50.14453125,50.14453125,50.14453125,51.0,51.0,51.0,51.0,0.0,129.0,91.0,76.0,,contact,,
cube,side_length,0.0725,145,52,-52.0,52.0,52.0,52.0,0.0,50.14453125,50.14453125,50.14453125,52.0,52.0,52.0,52.0,0.0,128.55859375,91.44140625,76.44140625,,contact,,contact
cube,side_length,0.0725,145,53,-53.0,53.0,53.0,53.0,0.0,50.14453125,50.14453125,50.14453125,53.0,53.0,53.0,53.0,0.0,128.55859375,91.44140625,76.44140625,,contact,,contact
cube,side_length,0.0725,145,54,-54.0,54.0,54.0,54.0,0.0,50.14453125,50.14453125,50.14453125,54.0,54.0,54.0,54.0,0.0,128.55859375,91.44140625,76.44140625,,contact,,contact
cube,side_length,0.0725,145,55,-55.0,55.0,55.0,55.0,0.0,50.14453125,50.14453125,50.14453125,55.0,55.0,55.0,55.0,0.0,128.55859375,91.44140625,76.44140625,,contact,,contact
cube,side_length,0.0725,145,56,-56.0,56.0,56.0,56.0,0.0,50.14453125,50.14453125,50.14453125,56.0,56.0,56.0,56.0,0.0,128.55859375,91.44140625,76.44140625,,contact,,contact
cube,side_length,0.0725,145,57,-57.0,57.0,57.0,57.0,0.0,50.14453125,50.14453125,50.14453125,57.0,57.0,57.0,57.0,0.0,128.55859375,91.44140625,76.44140625,,contact,,contact
cube,side_length,0.0725,145,58,-58.0,58.0,58.0,58.0,0.0,50.14453125,50.14453125,50.14453125,58.0,58.0,58.0,58.0,0.0,128.55859375,91.44140625,76.44140625,,contact,,contact
cube,side_length,0.0725,145,59,-59.0,59.0,59.0,59.0,0.0,50.14453125,50.14453125,50.14453125,59.0,59.0,59.0,59.0,0.0,128.55859375,91.44140625,76.44140625,,contact,,contact
cube,side_length,0.0725,145,60,-60.0,60.0,60.0,60.0,0.0,50.14453125,50.14453125,50.14453125,60.0,60.0,60.0,60.0,0.0,128.55859375,91.44140625,76.44140625,,contact,,contact
cube,side_length,0.0725,145,61,-61.0,61.0,61.0,60.0,0.0,50.14453125,50.14453125,50.14453125,61.0,61.0,61.0,60.0,0.0,128.55859375,91.44140625,76.44140625,,contact,,contact
cube,side_length,0.0725,145,62,-62.0,62.0,62.0,60.0,0.0,50.14453125,50.14453125,50.14453125,62.0,62.0,62.0,60.0,0.0,128.55859375,91.44140625,76.44140625,,contact,,contact
cube,side_length,0.0725,145,63,-63.0,63.0,63.0,60.0,0.0,50.14453125,50.14453125,50.14453125,63.0,63.0,63.0,60.0,0.0,128.55859375,91.44140625,76.44140625,,contact,,contact
cube,side_length,0.0725,145,64,-64.0,64.0,64.0,60.0,0.0,50.14453125,50.14453125,50.14453125,64.0,64.0,64.0,60.0,0.0,128.55859375,91.44140625,76.44140625,,contact,,contact
cube,side_length,0.0725,145,65,-65.0,65.0,65.0,60.0,0.0,50.14453125,50.14453125,50.14453125,65.0,65.0,65.0,60.0,0.0,128.55859375,91.44140625,76.44140625,,contact,,contact
cube,side_length,0.0725,145,66,-66.0,66.0,66.0,60.0,0.0,50.14453125,50.14453125,50.14453125,66.0,66.0,66.0,60.0,0.0,128.55859375,91.44140625,76.44140625,,contact,,contact
cube,side_length,0.0725,145,67,-66.1328125,66.1328125,66.1328125,60.0,0.0,50.14453125,50.14453125,50.14453125,66.24609375,66.24609375,66.24609375,60.0,0.0,128.55859375,91.44140625,76.44140625,contact,contact,contact,contact
cube,side_length,0.07,140,0,0.0,0.0,0.0,0.0,0.0,0.0,0.0,0.0,0.0,0.0,0.0,0.0,0.0,180.0,40.0,25.0,,,,
cube,side_length,0.07,140,1,-1.0,1.0,1.0,1.0,0.0,1.0,1.0,1.0,1.0,1.0,1.0,1.0,0.0,179.0,41.0,26.0,,,,
cube,side_length,0.07,140,2,-2.0,2.0,2.0,2.0,0.0,2.0,2.0,2.0,2.0,2.0,2.0,2.0,0.0,178.0,42.0,27.0,,,,
cube,side_length,0.07,140,3,-3.0,3.0,3.0,3.0,0.0,3.0,3.0,3.0,3.0,3.0,3.0,3.0,0.0,177.0,43.0,28.0,,,,
cube,side_length,0.07,140,4,-4.0,4.0,4.0,4.0,0.0,4.0,4.0,4.0,4.0,4.0,4.0,4.0,0.0,176.0,44.0,29.0,,,,
cube,side_length,0.07,140,5,-5.0,5.0,5.0,5.0,0.0,5.0,5.0,5.0,5.0,5.0,5.0,5.0,0.0,175.0,45.0,30.0,,,,
cube,side_length,0.07,140,6,-6.0,6.0,6.0,6.0,0.0,6.0,6.0,6.0,6.0,6.0,6.0,6.0,0.0,174.0,46.0,31.0,,,,
cube,side_length,0.07,140,7,-7.0,7.0,7.0,7.0,0.0,7.0,7.0,7.0,7.0,7.0,7.0,7.0,0.0,173.0,47.0,32.0,,,,
cube,side_length,0.07,140,8,-8.0,8.0,8.0,8.0,0.0,8.0,8.0,8.0,8.0,8.0,8.0,8.0,0.0,172.0,48.0,33.0,,,,
cube,side_length,0.07,140,9,-9.0,9.0,9.0,9.0,0.0,9.0,9.0,9.0,9.0,9.0,9.0,9.0,0.0,171.0,49.0,34.0,,,,
cube,side_length,0.07,140,10,-10.0,10.0,10.0,10.0,0.0,10.0,10.0,10.0,10.0,10.0,10.0,10.0,0.0,170.0,50.0,35.0,,,,
cube,side_length,0.07,140,11,-11.0,11.0,11.0,11.0,0.0,11.0,11.0,11.0,11.0,11.0,11.0,11.0,0.0,169.0,51.0,36.0,,,,
cube,side_length,0.07,140,12,-12.0,12.0,12.0,12.0,0.0,12.0,12.0,12.0,12.0,12.0,12.0,12.0,0.0,168.0,52.0,37.0,,,,
cube,side_length,0.07,140,13,-13.0,13.0,13.0,13.0,0.0,13.0,13.0,13.0,13.0,13.0,13.0,13.0,0.0,167.0,53.0,38.0,,,,
cube,side_length,0.07,140,14,-14.0,14.0,14.0,14.0,0.0,14.0,14.0,14.0,14.0,14.0,14.0,14.0,0.0,166.0,54.0,39.0,,,,
cube,side_length,0.07,140,15,-15.0,15.0,15.0,15.0,0.0,15.0,15.0,15.0,15.0,15.0,15.0,15.0,0.0,165.0,55.0,40.0,,,,
cube,side_length,0.07,140,16,-16.0,16.0,16.0,16.0,0.0,16.0,16.0,16.0,16.0,16.0,16.0,16.0,0.0,164.0,56.0,41.0,,,,
cube,side_length,0.07,140,17,-17.0,17.0,17.0,17.0,0.0,17.0,17.0,17.0,17.0,17.0,17.0,17.0,0.0,163.0,57.0,42.0,,,,
cube,side_length,0.07,140,18,-18.0,18.0,18.0,18.0,0.0,18.0,18.0,18.0,18.0,18.0,18.0,18.0,0.0,162.0,58.0,43.0,,,,
cube,side_length,0.07,140,19,-19.0,19.0,19.0,19.0,0.0,19.0,19.0,19.0,19.0,19.0,19.0,19.0,0.0,161.0,59.0,44.0,,,,
cube,side_length,0.07,140,20,-20.0,20.0,20.0,20.0,0.0,20.0,20.0,20.0,20.0,20.0,20.0,20.0,0.0,160.0,60.0,45.0,,,,
cube,side_length,0.07,140,21,-21.0,21.0,21.0,21.0,0.0,21.0,21.0,21.0,21.0,21.0,21.0,21.0,0.0,159.0,61.0,46.0,,,,
cube,side_length,0.07,140,22,-22.0,22.0,22.0,22.0,0.0,22.0,22.0,22.0,22.0,22.0,22.0,22.0,0.0,158.0,62.0,47.0,,,,
cube,side_length,0.07,140,23,-23.0,23.0,23.0,23.0,0.0,23.0,23.0,23.0,23.0,23.0,23.0,23.0,0.0,157.0,63.0,48.0,,,,
cube,side_length,0.07,140,24,-24.0,24.0,24.0,24.0,0.0,24.0,24.0,24.0,24.0,24.0,24.0,24.0,0.0,156.0,64.0,49.0,,,,
cube,side_length,0.07,140,25,-25.0,25.0,25.0,25.0,0.0,25.0,25.0,25.0,25.0,25.0,25.0,25.0,0.0,155.0,65.0,50.0,,,,
cube,side_length,0.07,140,26,-26.0,26.0,26.0,26.0,0.0,26.0,26.0,26.0,26.0,26.0,26.0,26.0,0.0,154.0,66.0,51.0,,,,
cube,side_length,0.07,140,27,-27.0,27.0,27.0,27.0,0.0,27.0,27.0,27.0,27.0,27.0,27.0,27.0,0.0,153.0,67.0,52.0,,,,
cube,side_length,0.07,140,28,-28.0,28.0,28.0,28.0,0.0,28.0,28.0,28.0,28.0,28.0,28.0,28.0,0.0,152.0,68.0,53.0,,,,
cube,side_length,0.07,140,29,-29.0,29.0,29.0,29.0,0.0,29.0,29.0,29.0,29.0,29.0,29.0,29.0,0.0,151.0,69.0,54.0,,,,
cube,side_length,0.07,140,30,-30.0,30.0,30.0,30.0,0.0,30.0,30.0,30.0,30.0,30.0,30.0,30.0,0.0,150.0,70.0,55.0,,,,
cube,side_length,0.07,140,31,-31.0,31.0,31.0,31.0,0.0,31.0,31.0,31.0,31.0,31.0,31.0,31.0,0.0,149.0,71.0,56.0,,,,
cube,side_length,0.07,140,32,-32.0,32.0,32.0,32.0,0.0,32.0,32.0,32.0,32.0,32.0,32.0,32.0,0.0,148.0,72.0,57.0,,,,
cube,side_length,0.07,140,33,-33.0,33.0,33.0,33.0,0.0,33.0,33.0,33.0,33.0,33.0,33.0,33.0,0.0,147.0,73.0,58.0,,,,
cube,side_length,0.07,140,34,-34.0,34.0,34.0,34.0,0.0,34.0,34.0,34.0,34.0,34.0,34.0,34.0,0.0,146.0,74.0,59.0,,,,
cube,side_length,0.07,140,35,-35.0,35.0,35.0,35.0,0.0,35.0,35.0,35.0,35.0,35.0,35.0,35.0,0.0,145.0,75.0,60.0,,,,
cube,side_length,0.07,140,36,-36.0,36.0,36.0,36.0,0.0,36.0,36.0,36.0,36.0,36.0,36.0,36.0,0.0,144.0,76.0,61.0,,,,
cube,side_length,0.07,140,37,-37.0,37.0,37.0,37.0,0.0,37.0,37.0,37.0,37.0,37.0,37.0,37.0,0.0,143.0,77.0,62.0,,,,
cube,side_length,0.07,140,38,-38.0,38.0,38.0,38.0,0.0,38.0,38.0,38.0,38.0,38.0,38.0,38.0,0.0,142.0,78.0,63.0,,,,
cube,side_length,0.07,140,39,-39.0,39.0,39.0,39.0,0.0,39.0,39.0,39.0,39.0,39.0,39.0,39.0,0.0,141.0,79.0,64.0,,,,
cube,side_length,0.07,140,40,-40.0,40.0,40.0,40.0,0.0,40.0,40.0,40.0,40.0,40.0,40.0,40.0,0.0,140.0,80.0,65.0,,,,
cube,side_length,0.07,140,41,-41.0,41.0,41.0,41.0,0.0,41.0,41.0,41.0,41.0,41.0,41.0,41.0,0.0,139.0,81.0,66.0,,,,
cube,side_length,0.07,140,42,-42.0,42.0,42.0,42.0,0.0,42.0,42.0,42.0,42.0,42.0,42.0,42.0,0.0,138.0,82.0,67.0,,,,
cube,side_length,0.07,140,43,-43.0,43.0,43.0,43.0,0.0,43.0,43.0,43.0,43.0,43.0,43.0,43.0,0.0,137.0,83.0,68.0,,,,
cube,side_length,0.07,140,44,-44.0,44.0,44.0,44.0,0.0,44.0,44.0,44.0,44.0,44.0,44.0,44.0,0.0,136.0,84.0,69.0,,,,
cube,side_length,0.07,140,45,-45.0,45.0,45.0,45.0,0.0,45.0,45.0,45.0,45.0,45.0,45.0,45.0,0.0,135.0,85.0,70.0,,,,
cube,side_length,0.07,140,46,-46.0,46.0,46.0,46.0,0.0,46.0,46.0,46.0,46.0,46.0,46.0,46.0,0.0,134.0,86.0,71.0,,,,
cube,side_length,0.07,140,47,-47.0,47.0,47.0,47.0,0.0,47.0,47.0,47.0,47.0,47.0,47.0,47.0,0.0,133.0,87.0,72.0,,,,
cube,side_length,0.07,140,48,-48.0,48.0,48.0,48.0,0.0,48.0,48.0,48.0,48.0,48.0,48.0,48.0,0.0,132.0,88.0,73.0,,,,
cube,side_length,0.07,140,49,-49.0,49.0,49.0,49.0,0.0,49.0,49.0,49.0,49.0,49.0,49.0,49.0,0.0,131.0,89.0,74.0,,,,
cube,side_length,0.07,140,50,-50.0,50.0,50.0,50.0,0.0,50.0,50.0,50.0,50.0,50.0,50.0,50.0,0.0,130.0,90.0,75.0,,,,
cube,side_length,0.07,140,51,-51.0,51.0,51.0,51.0,0.0,51.0,51.0,51.0,51.0,51.0,51.0,51.0,0.0,129.0,91.0,76.0,,,,
cube,side_length,0.07,140,52,-52.0,52.0,52.0,52.0,0.0,51.109375,51.109375,51.109375,52.0,52.0,52.0,52.0,0.0,128.0,92.0,77.0,,contact,,
cube,side_length,0.07,140,53,-53.0,53.0,53.0,53.0,0.0,51.109375,51.109375,51.109375,53.0,53.0,53.0,53.0,0.0,127.67578125,92.32421875,77.32421875,,contact,,contact
cube,side_length,0.07,140,54,-54.0,54.0,54.0,54.0,0.0,51.109375,51.109375,51.109375,54.0,54.0,54.0,54.0,0.0,127.67578125,92.32421875,77.32421875,,contact,,contact
cube,side_length,0.07,140,55,-55.0,55.0,55.0,55.0,0.0,51.109375,51.109375,51.109375,55.0,55.0,55.0,55.0,0.0,127.67578125,92.32421875,77.32421875,,contact,,contact
cube,side_length,0.07,140,56,-56.0,56.0,56.0,56.0,0.0,51.109375,51.109375,51.109375,56.0,56.0,56.0,56.0,0.0,127.67578125,92.32421875,77.32421875,,contact,,contact
cube,side_length,0.07,140,57,-57.0,57.0,57.0,57.0,0.0,51.109375,51.109375,51.109375,57.0,57.0,57.0,57.0,0.0,127.67578125,92.32421875,77.32421875,,contact,,contact
cube,side_length,0.07,140,58,-58.0,58.0,58.0,58.0,0.0,51.109375,51.109375,51.109375,58.0,58.0,58.0,58.0,0.0,127.67578125,92.32421875,77.32421875,,contact,,contact
cube,side_length,0.07,140,59,-59.0,59.0,59.0,59.0,0.0,51.109375,51.109375,51.109375,59.0,59.0,59.0,59.0,0.0,127.67578125,92.32421875,77.32421875,,contact,,contact
cube,side_length,0.07,140,60,-60.0,60.0,60.0,60.0,0.0,51.109375,51.109375,51.109375,60.0,60.0,60.0,60.0,0.0,127.67578125,92.32421875,77.32421875,,contact,,contact
cube,side_length,0.07,140,61,-61.0,61.0,61.0,60.0,0.0,51.109375,51.109375,51.109375,61.0,61.0,61.0,60.0,0.0,127.67578125,92.32421875,77.32421875,,contact,,contact
cube,side_length,0.07,140,62,-62.0,62.0,62.0,60.0,0.0,51.109375,51.109375,51.109375,62.0,62.0,62.0,60.0,0.0,127.67578125,92.32421875,77.32421875,,contact,,contact
cube,side_length,0.07,140,63,-63.0,63.0,63.0,60.0,0.0,51.109375,51.109375,51.109375,63.0,63.0,63.0,60.0,0.0,127.67578125,92.32421875,77.32421875,,contact,,contact
cube,side_length,0.07,140,64,-64.0,64.0,64.0,60.0,0.0,51.109375,51.109375,51.109375,64.0,64.0,64.0,60.0,0.0,127.67578125,92.32421875,77.32421875,,contact,,contact
cube,side_length,0.07,140,65,-65.0,65.0,65.0,60.0,0.0,51.109375,51.109375,51.109375,65.0,65.0,65.0,60.0,0.0,127.67578125,92.32421875,77.32421875,,contact,,contact
cube,side_length,0.07,140,66,-66.0,66.0,66.0,60.0,0.0,51.109375,51.109375,51.109375,66.0,66.0,66.0,60.0,0.0,127.67578125,92.32421875,77.32421875,,contact,,contact
cube,side_length,0.07,140,67,-67.0,67.0,67.0,60.0,0.0,51.109375,51.109375,51.109375,67.0,67.0,67.0,60.0,0.0,127.67578125,92.32421875,77.32421875,,contact,,contact
cube,side_length,0.07,140,68,-67.4453125,67.4453125,67.4453125,60.0,0.0,51.109375,51.109375,51.109375,67.5390625,67.5390625,67.5390625,60.0,0.0,127.67578125,92.32421875,77.32421875,contact,contact,contact,contact
cube,side_length,0.0675,135,0,0.0,0.0,0.0,0.0,0.0,0.0,0.0,0.0,0.0,0.0,0.0,0.0,0.0,180.0,40.0,25.0,,,,
cube,side_length,0.0675,135,1,-1.0,1.0,1.0,1.0,0.0,1.0,1.0,1.0,1.0,1.0,1.0,1.0,0.0,179.0,41.0,26.0,,,,
cube,side_length,0.0675,135,2,-2.0,2.0,2.0,2.0,0.0,2.0,2.0,2.0,2.0,2.0,2.0,2.0,0.0,178.0,42.0,27.0,,,,
cube,side_length,0.0675,135,3,-3.0,3.0,3.0,3.0,0.0,3.0,3.0,3.0,3.0,3.0,3.0,3.0,0.0,177.0,43.0,28.0,,,,
cube,side_length,0.0675,135,4,-4.0,4.0,4.0,4.0,0.0,4.0,4.0,4.0,4.0,4.0,4.0,4.0,0.0,176.0,44.0,29.0,,,,
cube,side_length,0.0675,135,5,-5.0,5.0,5.0,5.0,0.0,5.0,5.0,5.0,5.0,5.0,5.0,5.0,0.0,175.0,45.0,30.0,,,,
cube,side_length,0.0675,135,6,-6.0,6.0,6.0,6.0,0.0,6.0,6.0,6.0,6.0,6.0,6.0,6.0,0.0,174.0,46.0,31.0,,,,
cube,side_length,0.0675,135,7,-7.0,7.0,7.0,7.0,0.0,7.0,7.0,7.0,7.0,7.0,7.0,7.0,0.0,173.0,47.0,32.0,,,,
cube,side_length,0.0675,135,8,-8.0,8.0,8.0,8.0,0.0,8.0,8.0,8.0,8.0,8.0,8.0,8.0,0.0,172.0,48.0,33.0,,,,
cube,side_length,0.0675,135,9,-9.0,9.0,9.0,9.0,0.0,9.0,9.0,9.0,9.0,9.0,9.0,9.0,0.0,171.0,49.0,34.0,,,,
cube,side_length,0.0675,135,10,-10.0,10.0,10.0,10.0,0.0,10.0,10.0,10.0,10.0,10.0,10.0,10.0,0.0,170.0,50.0,35.0,,,,
cube,side_length,0.0675,135,11,-11.0,11.0,11.0,11.0,0.0,11.0,11.0,11.0,11.0,11.0,11.0,11.0,0.0,169.0,51.0,36.0,,,,
cube,side_length,0.0675,135,12,-12.0,12.0,12.0,12.0,0.0,12.0,12.0,12.0,12.0,12.0,12.0,12.0,0.0,168.0,52.0,37.0,,,,
cube,side_length,0.0675,135,13,-13.0,13.0,13.0,13.0,0.0,13.0,13.0,13.0,13.0,13.0,13.0,13.0,0.0,167.0,53.0,38.0,,,,
cube,side_length,0.0675,135,14,-14.0,14.0,14.0,14.0,0.0,14.0,14.0,14.0,14.0,14.0,14.0,14.0,0.0,166.0,54.0,39.0,,,,
cube,side_length,0.0675,135,15,-15.0,15.0,15.0,15.0,0.0,15.0,15.0,15.0,15.0,15.0,15.0,15.0,0.0,165.0,55.0,40.0,,,,
cube,side_length,0.0675,135,16,-16.0,16.0,16.0,16.0,0.0,16.0,16.0,16.0,16.0,16.0,16.0,16.0,0.0,164.0,56.0,41.0,,,,
cube,side_length,0.0675,135,17,-17.0,17.0,17.0,17.0,0.0,17.0,17.0,17.0,17.0,17.0,17.0,17.0,0.0,163.0,57.0,42.0,,,,
cube,side_length,0.0675,135,18,-18.0,18.0,18.0,18.0,0.0,18.0,18.0,18.0,18.0,18.0,18.0,18.0,0.0,162.0,58.0,43.0,,,,
cube,side_length,0.0675,135,19,-19.0,19.0,19.0,19.0,0.0,19.0,19.0,19.0,19.0,19.0,19.0,19.0,0.0,161.0,59.0,44.0,,,,
cube,side_length,0.0675,135,20,-20.0,20.0,20.0,20.0,0.0,20.0,20.0,20.0,20.0,20.0,20.0,20.0,0.0,160.0,60.0,45.0,,,,
cube,side_length,0.0675,135,21,-21.0,21.0,21.0,21.0,0.0,21.0,21.0,21.0,21.0,21.0,21.0,21.0,0.0,159.0,61.0,46.0,,,,
cube,side_length,0.0675,135,22,-22.0,22.0,22.0,22.0,0.0,22.0,22.0,22.0,22.0,22.0,22.0,22.0,0.0,158.0,62.0,47.0,,,,
cube,side_length,0.0675,135,23,-23.0,23.0,23.0,23.0,0.0,23.0,23.0,23.0,23.0,23.0,23.0,23.0,0.0,157.0,63.0,48.0,,,,
cube,side_length,0.0675,135,24,-24.0,24.0,24.0,24.0,0.0,24.0,24.0,24.0,24.0,24.0,24.0,24.0,0.0,156.0,64.0,49.0,,,,
cube,side_length,0.0675,135,25,-25.0,25.0,25.0,25.0,0.0,25.0,25.0,25.0,25.0,25.0,25.0,25.0,0.0,155.0,65.0,50.0,,,,
cube,side_length,0.0675,135,26,-26.0,26.0,26.0,26.0,0.0,26.0,26.0,26.0,26.0,26.0,26.0,26.0,0.0,154.0,66.0,51.0,,,,
cube,side_length,0.0675,135,27,-27.0,27.0,27.0,27.0,0.0,27.0,27.0,27.0,27.0,27.0,27.0,27.0,0.0,153.0,67.0,52.0,,,,
cube,side_length,0.0675,135,28,-28.0,28.0,28.0,28.0,0.0,28.0,28.0,28.0,28.0,28.0,28.0,28.0,0.0,152.0,68.0,53.0,,,,
cube,side_length,0.0675,135,29,-29.0,29.0,29.0,29.0,0.0,29.0,29.0,29.0,29.0,29.0,29.0,29.0,0.0,151.0,69.0,54.0,,,,
cube,side_length,0.0675,135,30,-30.0,30.0,30.0,30.0,0.0,30.0,30.0,30.0,30.0,30.0,30.0,30.0,0.0,150.0,70.0,55.0,,,,
cube,side_length,0.0675,135,31,-31.0,31.0,31.0,31.0,0.0,31.0,31.0,31.0,31.0,31.0,31.0,31.0,0.0,149.0,71.0,56.0,,,,
cube,side_length,0.0675,135,32,-32.0,32.0,32.0,32.0,0.0,32.0,32.0,32.0,32.0,32.0,32.0,32.0,0.0,148.0,72.0,57.0,,,,
cube,side_length,0.0675,135,33,-33.0,33.0,33.0,33.0,0.0,33.0,33.0,33.0,33.0,33.0,33.0,33.0,0.0,147.0,73.0,58.0,,,,
cube,side_length,0.0675,135,34,-34.0,34.0,34.0,34.0,0.0,34.0,34.0,34.0,34.0,34.0,34.0,34.0,0.0,146.0,74.0,59.0,,,,
cube,side_length,0.0675,135,35,-35.0,35.0,35.0,35.0,0.0,35.0,35.0,35.0,35.0,35.0,35.0,35.0,0.0,145.0,75.0,60.0,,,,
cube,side_length,0.0675,135,36,-36.0,36.0,36.0,36.0,0.0,36.0,36.0,36.0,36.0,36.0,36.0,36.0,0.0,144.0,76.0,61.0,,,,
cube,side_length,0.0675,135,37,-37.0,37.0,37.0,37.0,0.0,37.0,37.0,37.0,37.0,37.0,37.0,37.0,0.0,143.0,77.0,62.0,,,,
cube,side_length,0.0675,135,38,-38.0,38.0,38.0,38.0,0.0,38.0,38.0,38.0,38.0,38.0,38.0,38.0,0.0,142.0,78.0,63.0,,,,
cube,side_length,0.0675,135,39,-39.0,39.0,39.0,39.0,0.0,39.0,39.0,39.0,39.0,39.0,39.0,39.0,0.0,141.0,79.0,64.0,,,,
cube,side_length,0.0675,135,40,-40.0,40.0,40.0,40.0,0.0,40.0,40.0,40.0,40.0,40.0,40.0,40.0,0.0,140.0,80.0,65.0,,,,
cube,side_length,0.0675,135,41,-41.0,41.0,41.0,41.0,0.0,41.0,41.0,41.0,41.0,41.0,41.0,41.0,0.0,139.0,81.0,66.0,,,,
cube,side_length,0.0675,135,42,-42.0,42.0,42.0,42.0,0.0,42.0,42.0,42.0,42.0,42.0,42.0,42.0,0.0,138.0,82.0,67.0,,,,
cube,side_length,0.0675,135,43,-43.0,43.0,43.0,43.0,0.0,43.0,43.0,43.0,43.0,43.0,43.0,43.0,0.0,137.0,83.0,68.0,,,,
cube,side_length,0.0675,135,44,-44.0,44.0,44.0,44.0,0.0,44.0,44.0,44.0,44.0,44.0,44.0,44.0,0.0,136.0,84.0,69.0,,,,
cube,side_length,0.0675,135,45,-45.0,45.0,45.0,45.0,0.0,45.0,45.0,45.0,45.0,45.0,45.0,45.0,0.0,135.0,85.0,70.0,,,,
cube,side_length,0.0675,135,46,-46.0,46.0,46.0,46.0,0.0,46.0,46.0,46.0,46.0,46.0,46.0,46.0,0.0,134.0,86.0,71.0,,,,
cube,side_length,0.0675,135,47,-47.0,47.0,47.0,47.0,0.0,47.0,47.0,47.0,47.0,47.0,47.0,47.0,0.0,133.0,87.0,72.0,,,,
cube,side_length,0.0675,135,48,-48.0,48.0,48.0,48.0,0.0,48.0,48.0,48.0,48.0,48.0,48.0,48.0,0.0,132.0,88.0,73.0,,,,
cube,side_length,0.0675,135,49,-49.0,49.0,49.0,49.0,0.0,49.0,49.0,49.0,49.0,49.0,49.0,49.0,0.0,131.0,89.0,74.0,,,,
cube,side_length,0.0675,135,50,-50.0,50.0,50.0,50.0,0.0,50.0,50.0,50.0,50.0,50.0,50.0,50.0,0.0,130.0,90.0,75.0,,,,
cube,side_length,0.0675,135,51,-51.0,51.0,51.0,51.0,0.0,51.0,51.0,51.0,51.0,51.0,51.0,51.0,0.0,129.0,91.0,76.0,,,,
cube,side_length,0.0675,135,52,-52.0,52.0,52.0,52.0,0.0,52.0,52.0,52.0,52.0,52.0,52.0,52.0,0.0,128.0,92.0,77.0,,,,
cube,side_length,0.0675,135,53,-53.0,53.0,53.0,53.0,0.0,52.1171875,52.1171875,52.1171875,53.0,53.0,53.0,53.0,0.0,127.0,93.0,78.0,,contact,,
cube,side_length,0.0675,135,54,-54.0,54.0,54.0,54.0,0.0,52.1171875,52.1171875,52.1171875,54.0,54.0,54.0,54.0,0.0,126.79296875,93.20703125,78.20703125,,contact,,contact
cube,side_length,0.0675,135,55,-55.0,55.0,55.0,55.0,0.0,52.1171875,52.1171875,52.1171875,55.0,55.0,55.0,55.0,0.0,126.79296875,93.20703125,78.20703125,,contact,,contact
cube,side_length,0.0675,135,56,-56.0,56.0,56.0,56.0,0.0,52.1171875,52.1171875,52.1171875,56.0,56.0,56.0,56.0,0.0,126.79296875,93.20703125,78.20703125,,contact,,contact
cube,side_length,0.0675,135,57,-57.0,57.0,57.0,57.0,0.0,52.1171875,52.1171875,52.1171875,57.0,57.0,57.0,57.0,0.0,126.79296875,93.20703125,78.20703125,,contact,,contact
cube,side_length,0.0675,135,58,-58.0,58.0,58.0,58.0,0.0,52.1171875,52.1171875,52.1171875,58.0,58.0,58.0,58.0,0.0,126.79296875,93.20703125,78.20703125,,contact,,contact
cube,side_length,0.0675,135,59,-59.0,59.0,59.0,59.0,0.0,52.1171875,52.1171875,52.1171875,59.0,59.0,59.0,59.0,0.0,126.79296875,93.20703125,78.20703125,,contact,,contact
cube,side_length,0.0675,135,60,-60.0,60.0,60.0,60.0,0.0,52.1171875,52.1171875,52.1171875,60.0,60.0,60.0,60.0,0.0,126.79296875,93.20703125,78.20703125,,contact,,contact
cube,side_length,0.0675,135,61,-61.0,61.0,61.0,60.0,0.0,52.1171875,52.1171875,52.1171875,61.0,61.0,61.0,60.0,0.0,126.79296875,93.20703125,78.20703125,,contact,,contact
cube,side_length,0.0675,135,62,-62.0,62.0,62.0,60.0,0.0,52.1171875,52.1171875,52.1171875,62.0,62.0,62.0,60.0,0.0,126.79296875,93.20703125,78.20703125,,contact,,contact
cube,side_length,0.0675,135,63,-63.0,63.0,63.0,60.0,0.0,52.1171875,52.1171875,52.1171875,63.0,63.0,63.0,60.0,0.0,126.79296875,93.20703125,78.20703125,,contact,,contact
cube,side_length,0.0675,135,64,-64.0,64.0,64.0,60.0,0.0,52.1171875,52.1171875,52.1171875,64.0,64.0,64.0,60.0,0.0,126.79296875,93.20703125,78.20703125,,contact,,contact
cube,side_length,0.0675,135,65,-65.0,65.0,65.0,60.0,0.0,52.1171875,52.1171875,52.1171875,65.0,65.0,65.0,60.0,0.0,126.79296875,93.20703125,78.20703125,,contact,,contact
cube,side_length,0.0675,135,66,-66.0,66.0,66.0,60.0,0.0,52.1171875,52.1171875,52.1171875,66.0,66.0,66.0,60.0,0.0,126.79296875,93.20703125,78.20703125,,contact,,contact
cube,side_length,0.0675,135,67,-67.0,67.0,67.0,60.0,0.0,52.1171875,52.1171875,52.1171875,67.0,67.0,67.0,60.0,0.0,126.79296875,93.20703125,78.20703125,,contact,,contact
cube,side_length,0.0675,135,68,-68.0,68.0,68.0,60.0,0.0,52.1171875,52.1171875,52.1171875,68.0,68.0,68.0,60.0,0.0,126.79296875,93.20703125,78.20703125,,contact,,contact
cube,side_length,0.0675,135,69,-68.75,68.75,68.75,60.0,0.0,52.1171875,52.1171875,52.1171875,68.82421875,68.82421875,68.82421875,60.0,0.0,126.79296875,93.20703125,78.20703125,contact,contact,contact,contact
cube,side_length,0.065,130,0,0.0,0.0,0.0,0.0,0.0,0.0,0.0,0.0,0.0,0.0,0.0,0.0,0.0,180.0,40.0,25.0,,,,
cube,side_length,0.065,130,1,-1.0,1.0,1.0,1.0,0.0,1.0,1.0,1.0,1.0,1.0,1.0,1.0,0.0,179.0,41.0,26.0,,,,
cube,side_length,0.065,130,2,-2.0,2.0,2.0,2.0,0.0,2.0,2.0,2.0,2.0,2.0,2.0,2.0,0.0,178.0,42.0,27.0,,,,
cube,side_length,0.065,130,3,-3.0,3.0,3.0,3.0,0.0,3.0,3.0,3.0,3.0,3.0,3.0,3.0,0.0,177.0,43.0,28.0,,,,
cube,side_length,0.065,130,4,-4.0,4.0,4.0,4.0,0.0,4.0,4.0,4.0,4.0,4.0,4.0,4.0,0.0,176.0,44.0,29.0,,,,
cube,side_length,0.065,130,5,-5.0,5.0,5.0,5.0,0.0,5.0,5.0,5.0,5.0,5.0,5.0,5.0,0.0,175.0,45.0,30.0,,,,
cube,side_length,0.065,130,6,-6.0,6.0,6.0,6.0,0.0,6.0,6.0,6.0,6.0,6.0,6.0,6.0,0.0,174.0,46.0,31.0,,,,
cube,side_length,0.065,130,7,-7.0,7.0,7.0,7.0,0.0,7.0,7.0,7.0,7.0,7.0,7.0,7.0,0.0,173.0,47.0,32.0,,,,
cube,side_length,0.065,130,8,-8.0,8.0,8.0,8.0,0.0,8.0,8.0,8.0,8.0,8.0,8.0,8.0,0.0,172.0,48.0,33.0,,,,
cube,side_length,0.065,130,9,-9.0,9.0,9.0,9.0,0.0,9.0,9.0,9.0,9.0,9.0,9.0,9.0,0.0,171.0,49.0,34.0,,,,
cube,side_length,0.065,130,10,-10.0,10.0,10.0,10.0,0.0,10.0,10.0,10.0,10.0,10.0,10.0,10.0,0.0,170.0,50.0,35.0,,,,
cube,side_length,0.065,130,11,-11.0,11.0,11.0,11.0,0.0,11.0,11.0,11.0,11.0,11.0,11.0,11.0,0.0,169.0,51.0,36.0,,,,
cube,side_length,0.065,130,12,-12.0,12.0,12.0,12.0,0.0,12.0,12.0,12.0,12.0,12.0,12.0,12.0,0.0,168.0,52.0,37.0,,,,
cube,side_length,0.065,130,13,-13.0,13.0,13.0,13.0,0.0,13.0,13.0,13.0,13.0,13.0,13.0,13.0,0.0,167.0,53.0,38.0,,,,
cube,side_length,0.065,130,14,-14.0,14.0,14.0,14.0,0.0,14.0,14.0,14.0,14.0,14.0,14.0,14.0,0.0,166.0,54.0,39.0,,,,
cube,side_length,0.065,130,15,-15.0,15.0,15.0,15.0,0.0,15.0,15.0,15.0,15.0,15.0,15.0,15.0,0.0,165.0,55.0,40.0,,,,
cube,side_length,0.065,130,16,-16.0,16.0,16.0,16.0,0.0,16.0,16.0,16.0,16.0,16.0,16.0,16.0,0.0,164.0,56.0,41.0,,,,
cube,side_length,0.065,130,17,-17.0,17.0,17.0,17.0,0.0,17.0,17.0,17.0,17.0,17.0,17.0,17.0,0.0,163.0,57.0,42.0,,,,
cube,side_length,0.065,130,18,-18.0,18.0,18.0,18.0,0.0,18.0,18.0,18.0,18.0,18.0,18.0,18.0,0.0,162.0,58.0,43.0,,,,
cube,side_length,0.065,130,19,-19.0,19.0,19.0,19.0,0.0,19.0,19.0,19.0,19.0,19.0,19.0,19.0,0.0,161.0,59.0,44.0,,,,
cube,side_length,0.065,130,20,-20.0,20.0,20.0,20.0,0.0,20.0,20.0,20.0,20.0,20.0,20.0,20.0,0.0,160.0,60.0,45.0,,,,
cube,side_length,0.065,130,21,-21.0,21.0,21.0,21.0,0.0,21.0,21.0,21.0,21.0,21.0,21.0,21.0,0.0,159.0,61.0,46.0,,,,
cube,side_length,0.065,130,22,-22.0,22.0,22.0,22.0,0.0,22.0,22.0,22.0,22.0,22.0,22.0,22.0,0.0,158.0,62.0,47.0,,,,
cube,side_length,0.065,130,23,-23.0,23.0,23.0,23.0,0.0,23.0,23.0,23.0,23.0,23.0,23.0,23.0,0.0,157.0,63.0,48.0,,,,
cube,side_length,0.065,130,24,-24.0,24.0,24.0,24.0,0.0,24.0,24.0,24.0,24.0,24.0,24.0,24.0,0.0,156.0,64.0,49.0,,,,
cube,side_length,0.065,130,25,-25.0,25.0,25.0,25.0,0.0,25.0,25.0,25.0,25.0,25.0,25.0,25.0,0.0,155.0,65.0,50.0,,,,
cube,side_length,0.065,130,26,-26.0,26.0,26.0,26.0,0.0,26.0,26.0,26.0,26.0,26.0,26.0,26.0,0.0,154.0,66.0,51.0,,,,
cube,side_length,0.065,130,27,-27.0,27.0,27.0,27.0,0.0,27.0,27.0,27.0,27.0,27.0,27.0,27.0,0.0,153.0,67.0,52.0,,,,
cube,side_length,0.065,130,28,-28.0,28.0,28.0,28.0,0.0,28.0,28.0,28.0,28.0,28.0,28.0,28.0,0.0,152.0,68.0,53.0,,,,
cube,side_length,0.065,130,29,-29.0,29.0,29.0,29.0,0.0,29.0,29.0,29.0,29.0,29.0,29.0,29.0,0.0,151.0,69.0,54.0,,,,
cube,side_length,0.065,130,30,-30.0,30.0,30.0,30.0,0.0,30.0,30.0,30.0,30.0,30.0,30.0,30.0,0.0,150.0,70.0,55.0,,,,
cube,side_length,0.065,130,31,-31.0,31.0,31.0,31.0,0.0,31.0,31.0,31.0,31.0,31.0,31.0,31.0,0.0,149.0,71.0,56.0,,,,
cube,side_length,0.065,130,32,-32.0,32.0,32.0,32.0,0.0,32.0,32.0,32.0,32.0,32.0,32.0,32.0,0.0,148.0,72.0,57.0,,,,
cube,side_length,0.065,130,33,-33.0,33.0,33.0,33.0,0.0,33.0,33.0,33.0,33.0,33.0,33.0,33.0,0.0,147.0,73.0,58.0,,,,
cube,side_length,0.065,130,34,-34.0,34.0,34.0,34.0,0.0,34.0,34.0,34.0,34.0,34.0,34.0,34.0,0.0,146.0,74.0,59.0,,,,
cube,side_length,0.065,130,35,-35.0,35.0,35.0,35.0,0.0,35.0,35.0,35.0,35.0,35.0,35.0,35.0,0.0,145.0,75.0,60.0,,,,
cube,side_length,0.065,130,36,-36.0,36.0,36.0,36.0,0.0,36.0,36.0,36.0,36.0,36.0,36.0,36.0,0.0,144.0,76.0,61.0,,,,
cube,side_length,0.065,130,37,-37.0,37.0,37.0,37.0,0.0,37.0,37.0,37.0,37.0,37.0,37.0,37.0,0.0,143.0,77.0,62.0,,,,
cube,side_length,0.065,130,38,-38.0,38.0,38.0,38.0,0.0,38.0,38.0,38.0,38.0,38.0,38.0,38.0,0.0,142.0,78.0,63.0,,,,
cube,side_length,0.065,130,39,-39.0,39.0,39.0,39.0,0.0,39.0,39.0,39.0,39.0,39.0,39.0,39.0,0.0,141.0,79.0,64.0,,,,
cube,side_length,0.065,130,40,-40.0,40.0,40.0,40.0,0.0,40.0,40.0,40.0,40.0,40.0,40.0,40.0,0.0,140.0,80.0,65.0,,,,
cube,side_length,0.065,130,41,-41.0,41.0,41.0,41.0,0.0,41.0,41.0,41.0,41.0,41.0,41.0,41.0,0.0,139.0,81.0,66.0,,,,
cube,side_length,0.065,130,42,-42.0,42.0,42.0,42.0,0.0,42.0,42.0,42.0,42.0,42.0,42.0,42.0,0.0,138.0,82.0,67.0,,,,
cube,side_length,0.065,130,43,-43.0,43.0,43.0,43.0,0.0,43.0,43.0,43.0,43.0,43.0,43.0,43.0,0.0,137.0,83.0,68.0,,,,
cube,side_length,0.065,130,44,-44.0,44.0,44.0,44.0,0.0,44.0,44.0,44.0,44.0,44.0,44.0,44.0,0.0,136.0,84.0,69.0,,,,
cube,side_length,0.065,130,45,-45.0,45.0,45.0,45.0,0.0,45.0,45.0,45.0,45.0,45.0,45.0,45.0,0.0,135.0,85.0,70.0,,,,
cube,side_length,0.065,130,46,-46.0,46.0,46.0,46.0,0.0,46.0,46.0,46.0,46.0,46.0,46.0,46.0,0.0,134.0,86.0,71.0,,,,
cube,side_length,0.065,130,47,-47.0,47.0,47.0,47.0,0.0,47.0,47.0,47.0,47.0,47.0,47.0,47.0,0.0,133.0,87.0,72.0,,,,
cube,side_length,0.065,130,48,-48.0,48.0,48.0,48.0,0.0,48.0,48.0,48.0,48.0,48.0,48.0,48.0,0.0,132.0,88.0,73.0,,,,
cube,side_length,0.065,130,49,-49.0,49.0,49.0,49.0,0.0,49.0,49.0,49.0,49.0,49.0,49.0,49.0,0.0,131.0,89.0,74.0,,,,
cube,side_length,0.065,130,50,-50.0,50.0,50.0,50.0,0.0,50.0,50.0,50.0,50.0,50.0,50.0,50.0,0.0,130.0,90.0,75.0,,,,
cube,side_length,0.065,130,51,-51.0,51.0,51.0,51.0,0.0,51.0,51.0,51.0,51.0,51.0,51.0,51.0,0.0,129.0,91.0,76.0,,,,
cube,side_length,0.065,130,52,-52.0,52.0,52.0,52.0,0.0,52.0,52.0,52.0,52.0,52.0,52.0,52.0,0.0,128.0,92.0,77.0,,,,
cube,side_length,0.065,130,53,-53.0,53.0,53.0,53.0,0.0,53.0,53.0,53.0,53.0,53.0,53.0,53.0,0.0,127.0,93.0,78.0,,,,
cube,side_length,0.065,130,54,-54.0,54.0,54.0,54.0,0.0,53.16015625,53.16015625,53.16015625,54.0,54.0,54.0,54.0,0.0,126.0,94.0,79.0,,contact,,
cube,side_length,0.065,130,55,-55.0,55.0,55.0,55.0,0.0,53.16015625,53.16015625,53.16015625,55.0,55.0,55.0,55.0,0.0,125.796875,94.203125,79.203125,,contact,,contact
cube,side_length,0.065,130,56,-56.0,56.0,56.0,56.0,0.0,53.16015625,53.16015625,53.16015625,56.0,56.0,56.0,56.0,0.0,125.796875,94.203125,79.203125,,contact,,contact
cube,side_length,0.065,130,57,-57.0,57.0,57.0,57.0,0.0,53.16015625,53.16015625,53.16015625,57.0,57.0,57.0,57.0,0.0,125.796875,94.203125,79.203125,,contact,,contact
cube,side_length,0.065,130,58,-58.0,58.0,58.0,58.0,0.0,53.16015625,53.16015625,53.16015625,58.0,58.0,58.0,58.0,0.0,125.796875,94.203125,79.203125,,contact,,contact
cube,side_length,0.065,130,59,-59.0,59.0,59.0,59.0,0.0,53.16015625,53.16015625,53.16015625,59.0,59.0,59.0,59.0,0.0,125.796875,94.203125,79.203125,,contact,,contact
cube,side_length,0.065,130,60,-60.0,60.0,60.0,60.0,0.0,53.16015625,53.16015625,53.16015625,60.0,60.0,60.0,60.0,0.0,125.796875,94.203125,79.203125,,contact,,contact
cube,side_length,0.065,130,61,-61.0,61.0,61.0,60.0,0.0,53.16015625,53.16015625,53.16015625,61.0,61.0,61.0,60.0,0.0,125.796875,94.203125,79.203125,,contact,,contact
cube,side_length,0.065,130,62,-62.0,62.0,62.0,60.0,0.0,53.16015625,53.16015625,53.16015625,62.0,62.0,62.0,60.0,0.0,125.796875,94.203125,79.203125,,contact,,contact
cube,side_length,0.065,130,63,-63.0,63.0,63.0,60.0,0.0,53.16015625,53.16015625,53.16015625,63.0,63.0,63.0,60.0,0.0,125.796875,94.203125,79.203125,,contact,,contact
cube,side_length,0.065,130,64,-64.0,64.0,64.0,60.0,0.0,53.16015625,53.16015625,53.16015625,64.0,64.0,64.0,60.0,0.0,125.796875,94.203125,79.203125,,contact,,contact
cube,side_length,0.065,130,65,-65.0,65.0,65.0,60.0,0.0,53.16015625,53.16015625,53.16015625,65.0,65.0,65.0,60.0,0.0,125.796875,94.203125,79.203125,,contact,,contact
cube,side_length,0.065,130,66,-66.0,66.0,66.0,60.0,0.0,53.16015625,53.16015625,53.16015625,66.0,66.0,66.0,60.0,0.0,125.796875,94.203125,79.203125,,contact,,contact
cube,side_length,0.065,130,67,-67.0,67.0,67.0,60.0,0.0,53.16015625,53.16015625,53.16015625,67.0,67.0,67.0,60.0,0.0,125.796875,94.203125,79.203125,,contact,,contact
cube,side_length,0.065,130,68,-68.0,68.0,68.0,60.0,0.0,53.16015625,53.16015625,53.16015625,68.0,68.0,68.0,60.0,0.0,125.796875,94.203125,79.203125,,contact,,contact
cube,side_length,0.065,130,69,-69.0,69.0,69.0,60.0,0.0,53.16015625,53.16015625,53.16015625,69.0,69.0,69.0,60.0,0.0,125.796875,94.203125,79.203125,,contact,,contact
cube,side_length,0.065,130,70,-69.99609375,69.99609375,69.99609375,60.0,0.0,53.16015625,53.16015625,53.16015625,70.0,70.0,70.0,60.0,0.0,125.796875,94.203125,79.203125,contact,contact,,contact
cube,side_length,0.065,130,71,-69.99609375,69.99609375,69.99609375,60.0,0.0,53.16015625,53.16015625,53.16015625,70.05078125,70.05078125,70.05078125,60.0,0.0,125.796875,94.203125,79.203125,contact,contact,contact,contact
cube,side_length,0.0625,125,0,0.0,0.0,0.0,0.0,0.0,0.0,0.0,0.0,0.0,0.0,0.0,0.0,0.0,180.0,40.0,25.0,,,,
cube,side_length,0.0625,125,1,-1.0,1.0,1.0,1.0,0.0,1.0,1.0,1.0,1.0,1.0,1.0,1.0,0.0,179.0,41.0,26.0,,,,
cube,side_length,0.0625,125,2,-2.0,2.0,2.0,2.0,0.0,2.0,2.0,2.0,2.0,2.0,2.0,2.0,0.0,178.0,42.0,27.0,,,,
cube,side_length,0.0625,125,3,-3.0,3.0,3.0,3.0,0.0,3.0,3.0,3.0,3.0,3.0,3.0,3.0,0.0,177.0,43.0,28.0,,,,
cube,side_length,0.0625,125,4,-4.0,4.0,4.0,4.0,0.0,4.0,4.0,4.0,4.0,4.0,4.0,4.0,0.0,176.0,44.0,29.0,,,,
cube,side_length,0.0625,125,5,-5.0,5.0,5.0,5.0,0.0,5.0,5.0,5.0,5.0,5.0,5.0,5.0,0.0,175.0,45.0,30.0,,,,
cube,side_length,0.0625,125,6,-6.0,6.0,6.0,6.0,0.0,6.0,6.0,6.0,6.0,6.0,6.0,6.0,0.0,174.0,46.0,31.0,,,,
cube,side_length,0.0625,125,7,-7.0,7.0,7.0,7.0,0.0,7.0,7.0,7.0,7.0,7.0,7.0,7.0,0.0,173.0,47.0,32.0,,,,
cube,side_length,0.0625,125,8,-8.0,8.0,8.0,8.0,0.0,8.0,8.0,8.0,8.0,8.0,8.0,8.0,0.0,172.0,48.0,33.0,,,,
cube,side_length,0.0625,125,9,-9.0,9.0,9.0,9.0,0.0,9.0,9.0,9.0,9.0,9.0,9.0,9.0,0.0,171.0,49.0,34.0,,,,
cube,side_length,0.0625,125,10,-10.0,10.0,10.0,10.0,0.0,10.0,10.0,10.0,10.0,10.0,10.0,10.0,0.0,170.0,50.0,35.0,,,,
cube,side_length,0.0625,125,11,-11.0,11.0,11.0,11.0,0.0,11.0,11.0,11.0,11.0,11.0,11.0,11.0,0.0,169.0,51.0,36.0,,,,
cube,side_length,0.0625,125,12,-12.0,12.0,12.0,12.0,0.0,12.0,12.0,12.0,12.0,12.0,12.0,12.0,0.0,168.0,52.0,37.0,,,,
cube,side_length,0.0625,125,13,-13.0,13.0,13.0,13.0,0.0,13.0,13.0,13.0,13.0,13.0,13.0,13.0,0.0,167.0,53.0,38.0,,,,
cube,side_length,0.0625,125,14,-14.0,14.0,14.0,14.0,0.0,14.0,14.0,14.0,14.0,14.0,14.0,14.0,0.0,166.0,54.0,39.0,,,,
cube,side_length,0.0625,125,15,-15.0,15.0,15.0,15.0,0.0,15.0,15.0,15.0,15.0,15.0,15.0,15.0,0.0,165.0,55.0,40.0,,,,
cube,side_length,0.0625,125,16,-16.0,16.0,16.0,16.0,0.0,16.0,16.0,16.0,16.0,16.0,16.0,16.0,0.0,164.0,56.0,41.0,,,,
cube,side_length,0.0625,125,17,-17.0,17.0,17.0,17.0,0.0,17.0,17.0,17.0,17.0,17.0,17.0,17.0,0.0,163.0,57.0,42.0,,,,
cube,side_length,0.0625,125,18,-18.0,18.0,18.0,18.0,0.0,18.0,18.0,18.0,18.0,18.0,18.0,18.0,0.0,162.0,58.0,43.0,,,,
cube,side_length,0.0625,125,19,-19.0,19.0,19.0,19.0,0.0,19.0,19.0,19.0,19.0,19.0,19.0,19.0,0.0,161.0,59.0,44.0,,,,
cube,side_length,0.0625,125,20,-20.0,20.0,20.0,20.0,0.0,20.0,20.0,20.0,20.0,20.0,20.0,20.0,0.0,160.0,60.0,45.0,,,,
cube,side_length,0.0625,125,21,-21.0,21.0,21.0,21.0,0.0,21.0,21.0,21.0,21.0,21.0,21.0,21.0,0.0,159.0,61.0,46.0,,,,
cube,side_length,0.0625,125,22,-22.0,22.0,22.0,22.0,0.0,22.0,22.0,22.0,22.0,22.0,22.0,22.0,0.0,158.0,62.0,47.0,,,,
cube,side_length,0.0625,125,23,-23.0,23.0,23.0,23.0,0.0,23.0,23.0,23.0,23.0,23.0,23.0,23.0,0.0,157.0,63.0,48.0,,,,
cube,side_length,0.0625,125,24,-24.0,24.0,24.0,24.0,0.0,24.0,24.0,24.0,24.0,24.0,24.0,24.0,0.0,156.0,64.0,49.0,,,,
cube,side_length,0.0625,125,25,-25.0,25.0,25.0,25.0,0.0,25.0,25.0,25.0,25.0,25.0,25.0,25.0,0.0,155.0,65.0,50.0,,,,
cube,side_length,0.0625,125,26,-26.0,26.0,26.0,26.0,0.0,26.0,26.0,26.0,26.0,26.0,26.0,26.0,0.0,154.0,66.0,51.0,,,,
cube,side_length,0.0625,125,27,-27.0,27.0,27.0,27.0,0.0,27.0,27.0,27.0,27.0,27.0,27.0,27.0,0.0,153.0,67.0,52.0,,,,
cube,side_length,0.0625,125,28,-28.0,28.0,28.0,28.0,0.0,28.0,28.0,28.0,28.0,28.0,28.0,28.0,0.0,152.0,68.0,53.0,,,,
cube,side_length,0.0625,125,29,-29.0,29.0,29.0,29.0,0.0,29.0,29.0,29.0,29.0,29.0,29.0,29.0,0.0,151.0,69.0,54.0,,,,
cube,side_length,0.0625,125,30,-30.0,30.0,30.0,30.0,0.0,30.0,30.0,30.0,30.0,30.0,30.0,30.0,0.0,150.0,70.0,55.0,,,,
cube,side_length,0.0625,125,31,-31.0,31.0,31.0,31.0,0.0,31.0,31.0,31.0,31.0,31.0,31.0,31.0,0.0,149.0,71.0,56.0,,,,
cube,side_length,0.0625,125,32,-32.0,32.0,32.0,32.0,0.0,32.0,32.0,32.0,32.0,32.0,32.0,32.0,0.0,148.0,72.0,57.0,,,,
cube,side_length,0.0625,125,33,-33.0,33.0,33.0,33.0,0.0,33.0,33.0,33.0,33.0,33.0,33.0,33.0,0.0,147.0,73.0,58.0,,,,
cube,side_length,0.0625,125,34,-34.0,34.0,34.0,34.0,0.0,34.0,34.0,34.0,34.0,34.0,34.0,34.0,0.0,146.0,74.0,59.0,,,,
cube,side_length,0.0625,125,35,-35.0,35.0,35.0,35.0,0.0,35.0,35.0,35.0,35.0,35.0,35.0,35.0,0.0,145.0,75.0,60.0,,,,
cube,side_length,0.0625,125,36,-36.0,36.0,36.0,36.0,0.0,36.0,36.0,36.0,36.0,36.0,36.0,36.0,0.0,144.0,76.0,61.0,,,,
cube,side_length,0.0625,125,37,-37.0,37.0,37.0,37.0,0.0,37.0,37.0,37.0,37.0,37.0,37.0,37.0,0.0,143.0,77.0,62.0,,,,
cube,side_length,0.0625,125,38,-38.0,38.0,38.0,38.0,0.0,38.0,38.0,38.0,38.0,38.0,38.0,38.0,0.0,142.0,78.0,63.0,,,,
cube,side_length,0.0625,125,39,-39.0,39.0,39.0,39.0,0.0,39.0,39.0,39.0,39.0,39.0,39.0,39.0,0.0,141.0,79.0,64.0,,,,
cube,side_length,0.0625,125,40,-40.0,40.0,40.0,40.0,0.0,40.0,40.0,40.0,40.0,40.0,40.0,40.0,0.0,140.0,80.0,65.0,,,,
cube,side_length,0.0625,125,41,-41.0,41.0,41.0,41.0,0.0,41.0,41.0,41.0,41.0,41.0,41.0,41.0,0.0,139.0,81.0,66.0,,,,
cube,side_length,0.0625,125,42,-42.0,42.0,42.0,42.0,0.0,42.0,42.0,42.0,42.0,42.0,42.0,42.0,0.0,138.0,82.0,67.0,,,,
cube,side_length,0.0625,125,43,-43.0,43.0,43.0,43.0,0.0,43.0,43.0,43.0,43.0,43.0,43.0,43.0,0.0,137.0,83.0,68.0,,,,
cube,side_length,0.0625,125,44,-44.0,44.0,44.0,44.0,0.0,44.0,44.0,44.0,44.0,44.0,44.0,44.0,0.0,136.0,84.0,69.0,,,,
cube,side_length,0.0625,125,45,-45.0,45.0,45.0,45.0,0.0,45.0,45.0,45.0,45.0,45.0,45.0,45.0,0.0,135.0,85.0,70.0,,,,
cube,side_length,0.0625,125,46,-46.0,46.0,46.0,46.0,0.0,46.0,46.0,46.0,46.0,46.0,46.0,46.0,0.0,134.0,86.0,71.0,,,,
cube,side_length,0.0625,125,47,-47.0,47.0,47.0,47.0,0.0,47.0,47.0,47.0,47.0,47.0,47.0,47.0,0.0,133.0,87.0,72.0,,,,
cube,side_length,0.0625,125,48,-48.0,48.0,48.0,48.0,0.0,48.0,48.0,48.0,48.0,48.0,48.0,48.0,0.0,132.0,88.0,73.0,,,,
cube,side_length,0.0625,125,49,-49.0,49.0,49.0,49.0,0.0,49.0,49.0,49.0,49.0,49.0,49.0,49.0,0.0,131.0,89.0,74.0,,,,
cube,side_length,0.0625,125,50,-50.0,50.0,50.0,50.0,0.0,50.0,50.0,50.0,50.0,50.0,50.0,50.0,0.0,130.0,90.0,75.0,,,,
cube,side_length,0.0625,125,51,-51.0,51.0,51.0,51.0,0.0,51.0,51.0,51.0,51.0,51.0,51.0,51.0,0.0,129.0,91.0,76.0,,,,
cube,side_length,0.0625,125,52,-52.0,52.0,52.0,52.0,0.0,52.0,52.0,52.0,52.0,52.0,52.0,52.0,0.0,128.0,92.0,77.0,,,,
cube,side_length,0.0625,125,53,-53.0,53.0,53.0,53.0,0.0,53.0,53.0,53.0,53.0,53.0,53.0,53.0,0.0,127.0,93.0,78.0,,,,
cube,side_length,0.0625,125,54,-54.0,54.0,54.0,54.0,0.0,54.0,54.0,54.0,54.0,54.0,54.0,54.0,0.0,126.0,94.0,79.0,,,,
cube,side_length,0.0625,125,55,-55.0,55.0,55.0,55.0,0.0,54.24609375,54.24609375,54.24609375,55.0,55.0,55.0,55.0,0.0,125.0,95.0,80.0,,contact,,
cube,side_length,0.0625,125,56,-56.0,56.0,56.0,56.0,0.0,54.24609375,54.24609375,54.24609375,56.0,56.0,56.0,56.0,0.0,124.75,95.25,80.0,,contact,,contact
cube,side_length,0.0625,125,57,-57.0,57.0,57.0,57.0,0.0,54.24609375,54.24609375,54.24609375,57.0,57.0,57.0,57.0,0.0,124.75,95.25,80.0,,contact,,contact
cube,side_length,0.0625,125,58,-58.0,58.0,58.0,58.0,0.0,54.24609375,54.24609375,54.24609375,58.0,58.0,58.0,58.0,0.0,124.75,95.25,80.0,,contact,,contact
cube,side_length,0.0625,125,59,-59.0,59.0,59.0,59.0,0.0,54.24609375,54.24609375,54.24609375,59.0,59.0,59.0,59.0,0.0,124.75,95.25,80.0,,contact,,contact
cube,side_length,0.0625,125,60,-60.0,60.0,60.0,60.0,0.0,54.24609375,54.24609375,54.24609375,60.0,60.0,60.0,60.0,0.0,124.75,95.25,80.0,,contact,,contact
cube,side_length,0.0625,125,61,-61.0,61.0,61.0,60.0,0.0,54.24609375,54.24609375,54.24609375,61.0,61.0,61.0,60.0,0.0,124.75,95.25,80.0,,contact,,contact
cube,side_length,0.0625,125,62,-62.0,62.0,62.0,60.0,0.0,54.24609375,54.24609375,54.24609375,62.0,62.0,62.0,60.0,0.0,124.75,95.25,80.0,,contact,,contact
cube,side_length,0.0625,125,63,-63.0,63.0,63.0,60.0,0.0,54.24609375,54.24609375,54.24609375,63.0,63.0,63.0,60.0,0.0,124.75,95.25,80.0,,contact,,contact
cube,side_length,0.0625,125,64,-64.0,64.0,64.0,60.0,0.0,54.24609375,54.24609375,54.24609375,64.0,64.0,64.0,60.0,0.0,124.75,95.25,80.0,,contact,,contact
cube,side_length,0.0625,125,65,-65.0,65.0,65.0,60.0,0.0,54.24609375,54.24609375,54.24609375,65.0,65.0,65.0,60.0,0.0,124.75,95.25,80.0,,contact,,contact
cube,side_length,0.0625,125,66,-66.0,66.0,66.0,60.0,0.0,54.24609375,54.24609375,54.24609375,66.0,66.0,66.0,60.0,0.0,124.75,95.25,80.0,,contact,,contact
cube,side_length,0.0625,125,67,-67.0,67.0,67.0,60.0,0.0,54.24609375,54.24609375,54.24609375,67.0,67.0,67.0,60.0,0.0,124.75,95.25,80.0,,contact,,contact
cube,side_length,0.0625,125,68,-68.0,68.0,68.0,60.0,0.0,54.24609375,54.24609375,54.24609375,68.0,68.0,68.0,60.0,0.0,124.75,95.25,80.0,,contact,,contact
cube,side_length,0.0625,125,69,-69.0,69.0,69.0,60.0,0.0,54.24609375,54.24609375,54.24609375,69.0,69.0,69.0,60.0,0.0,124.75,95.25,80.0,,contact,,contact
cube,side_length,0.0625,125,70,-70.0,70.0,70.0,60.0,0.0,54.24609375,54.24609375,54.24609375,70.0,70.0,70.0,60.0,0.0,124.75,95.25,80.0,,contact,,contact
cube,side_length,0.0625,125,71,-71.0,71.0,71.0,60.0,0.0,54.24609375,54.24609375,54.24609375,71.0,71.0,71.0,60.0,0.0,124.75,95.25,80.0,,contact,,contact
cube,side_length,0.0625,125,72,-71.234375,71.234375,71.234375,60.0,0.0,54.24609375,54.24609375,54.24609375,71.2734375,71.2734375,71.2734375,60.0,0.0,124.75,95.25,80.0,contact,contact,contact,contact
cube,side_length,0.06,120,0,0.0,0.0,0.0,0.0,0.0,0.0,0.0,0.0,0.0,0.0,0.0,0.0,0.0,180.0,40.0,25.0,,,,
cube,side_length,0.06,120,1,-1.0,1.0,1.0,1.0,0.0,1.0,1.0,1.0,1.0,1.0,1.0,1.0,0.0,179.0,41.0,26.0,,,,
cube,side_length,0.06,120,2,-2.0,2.0,2.0,2.0,0.0,2.0,2.0,2.0,2.0,2.0,2.0,2.0,0.0,178.0,42.0,27.0,,,,
cube,side_length,0.06,120,3,-3.0,3.0,3.0,3.0,0.0,3.0,3.0,3.0,3.0,3.0,3.0,3.0,0.0,177.0,43.0,28.0,,,,
cube,side_length,0.06,120,4,-4.0,4.0,4.0,4.0,0.0,4.0,4.0,4.0,4.0,4.0,4.0,4.0,0.0,176.0,44.0,29.0,,,,
cube,side_length,0.06,120,5,-5.0,5.0,5.0,5.0,0.0,5.0,5.0,5.0,5.0,5.0,5.0,5.0,0.0,175.0,45.0,30.0,,,,
cube,side_length,0.06,120,6,-6.0,6.0,6.0,6.0,0.0,6.0,6.0,6.0,6.0,6.0,6.0,6.0,0.0,174.0,46.0,31.0,,,,
cube,side_length,0.06,120,7,-7.0,7.0,7.0,7.0,0.0,7.0,7.0,7.0,7.0,7.0,7.0,7.0,0.0,173.0,47.0,32.0,,,,
cube,side_length,0.06,120,8,-8.0,8.0,8.0,8.0,0.0,8.0,8.0,8.0,8.0,8.0,8.0,8.0,0.0,172.0,48.0,33.0,,,,
cube,side_length,0.06,120,9,-9.0,9.0,9.0,9.0,0.0,9.0,9.0,9.0,9.0,9.0,9.0,9.0,0.0,171.0,49.0,34.0,,,,
cube,side_length,0.06,120,10,-10.0,10.0,10.0,10.0,0.0,10.0,10.0,10.0,10.0,10.0,10.0,10.0,0.0,170.0,50.0,35.0,,,,
cube,side_length,0.06,120,11,-11.0,11.0,11.0,11.0,0.0,11.0,11.0,11.0,11.0,11.0,11.0,11.0,0.0,169.0,51.0,36.0,,,,
cube,side_length,0.06,120,12,-12.0,12.0,12.0,12.0,0.0,12.0,12.0,12.0,12.0,12.0,12.0,12.0,0.0,168.0,52.0,37.0,,,,
cube,side_length,0.06,120,13,-13.0,13.0,13.0,13.0,0.0,13.0,13.0,13.0,13.0,13.0,13.0,13.0,0.0,167.0,53.0,38.0,,,,
cube,side_length,0.06,120,14,-14.0,14.0,14.0,14.0,0.0,14.0,14.0,14.0,14.0,14.0,14.0,14.0,0.0,166.0,54.0,39.0,,,,
cube,side_length,0.06,120,15,-15.0,15.0,15.0,15.0,0.0,15.0,15.0,15.0,15.0,15.0,15.0,15.0,0.0,165.0,55.0,40.0,,,,
cube,side_length,0.06,120,16,-16.0,16.0,16.0,16.0,0.0,16.0,16.0,16.0,16.0,16.0,16.0,16.0,0.0,164.0,56.0,41.0,,,,
cube,side_length,0.06,120,17,-17.0,17.0,17.0,17.0,0.0,17.0,17.0,17.0,17.0,17.0,17.0,17.0,0.0,163.0,57.0,42.0,,,,
cube,side_length,0.06,120,18,-18.0,18.0,18.0,18.0,0.0,18.0,18.0,18.0,18.0,18.0,18.0,18.0,0.0,162.0,58.0,43.0,,,,
cube,side_length,0.06,120,19,-19.0,19.0,19.0,19.0,0.0,19.0,19.0,19.0,19.0,19.0,19.0,19.0,0.0,161.0,59.0,44.0,,,,
cube,side_length,0.06,120,20,-20.0,20.0,20.0,20.0,0.0,20.0,20.0,20.0,20.0,20.0,20.0,20.0,0.0,160.0,60.0,45.0,,,,
cube,side_length,0.06,120,21,-21.0,21.0,21.0,21.0,0.0,21.0,21.0,21.0,21.0,21.0,21.0,21.0,0.0,159.0,61.0,46.0,,,,
cube,side_length,0.06,120,22,-22.0,22.0,22.0,22.0,0.0,22.0,22.0,22.0,22.0,22.0,22.0,22.0,0.0,158.0,62.0,47.0,,,,
cube,side_length,0.06,120,23,-23.0,23.0,23.0,23.0,0.0,23.0,23.0,23.0,23.0,23.0,23.0,23.0,0.0,157.0,63.0,48.0,,,,
cube,side_length,0.06,120,24,-24.0,24.0,24.0,24.0,0.0,24.0,24.0,24.0,24.0,24.0,24.0,24.0,0.0,156.0,64.0,49.0,,,,
cube,side_length,0.06,120,25,-25.0,25.0,25.0,25.0,0.0,25.0,25.0,25.0,25.0,25.0,25.0,25.0,0.0,155.0,65.0,50.0,,,,
cube,side_length,0.06,120,26,-26.0,26.0,26.0,26.0,0.0,26.0,26.0,26.0,26.0,26.0,26.0,26.0,0.0,154.0,66.0,51.0,,,,
cube,side_length,0.06,120,27,-27.0,27.0,27.0,27.0,0.0,27.0,27.0,27.0,27.0,27.0,27.0,27.0,0.0,153.0,67.0,52.0,,,,
cube,side_length,0.06,120,28,-28.0,28.0,28.0,28.0,0.0,28.0,28.0,28.0,28.0,28.0,28.0,28.0,0.0,152.0,68.0,53.0,,,,
cube,side_length,0.06,120,29,-29.0,29.0,29.0,29.0,0.0,29.0,29.0,29.0,29.0,29.0,29.0,29.0,0.0,151.0,69.0,54.0,,,,
cube,side_length,0.06,120,30,-30.0,30.0,30.0,30.0,0.0,30.0,30.0,30.0,30.0,30.0,30.0,30.0,0.0,150.0,70.0,55.0,,,,
cube,side_length,0.06,120,31,-31.0,31.0,31.0,31.0,0.0,31.0,31.0,31.0,31.0,31.0,31.0,31.0,0.0,149.0,71.0,56.0,,,,
cube,side_length,0.06,120,32,-32.0,32.0,32.0,32.0,0.0,32.0,32.0,32.0,32.0,32.0,32.0,32.0,0.0,148.0,72.0,57.0,,,,
cube,side_length,0.06,120,33,-33.0,33.0,33.0,33.0,0.0,33.0,33.0,33.0,33.0,33.0,33.0,33.0,0.0,147.0,73.0,58.0,,,,
cube,side_length,0.06,120,34,-34.0,34.0,34.0,34.0,0.0,34.0,34.0,34.0,34.0,34.0,34.0,34.0,0.0,146.0,74.0,59.0,,,,
cube,side_length,0.06,120,35,-35.0,35.0,35.0,35.0,0.0,35.0,35.0,35.0,35.0,35.0,35.0,35.0,0.0,145.0,75.0,60.0,,,,
cube,side_length,0.06,120,36,-36.0,36.0,36.0,36.0,0.0,36.0,36.0,36.0,36.0,36.0,36.0,36.0,0.0,144.0,76.0,61.0,,,,
cube,side_length,0.06,120,37,-37.0,37.0,37.0,37.0,0.0,37.0,37.0,37.0,37.0,37.0,37.0,37.0,0.0,143.0,77.0,62.0,,,,
cube,side_length,0.06,120,38,-38.0,38.0,38.0,38.0,0.0,38.0,38.0,38.0,38.0,38.0,38.0,38.0,0.0,142.0,78.0,63.0,,,,
cube,side_length,0.06,120,39,-39.0,39.0,39.0,39.0,0.0,39.0,39.0,39.0,39.0,39.0,39.0,39.0,0.0,141.0,79.0,64.0,,,,
cube,side_length,0.06,120,40,-40.0,40.0,40.0,40.0,0.0,40.0,40.0,40.0,40.0,40.0,40.0,40.0,0.0,140.0,80.0,65.0,,,,
cube,side_length,0.06,120,41,-41.0,41.0,41.0,41.0,0.0,41.0,41.0,41.0,41.0,41.0,41.0,41.0,0.0,139.0,81.0,66.0,,,,
cube,side_length,0.06,120,42,-42.0,42.0,42.0,42.0,0.0,42.0,42.0,42.0,42.0,42.0,42.0,42.0,0.0,138.0,82.0,67.0,,,,
cube,side_length,0.06,120,43,-43.0,43.0,43.0,43.0,0.0,43.0,43.0,43.0,43.0,43.0,43.0,43.0,0.0,137.0,83.0,68.0,,,,
cube,side_length,0.06,120,44,-44.0,44.0,44.0,44.0,0.0,44.0,44.0,44.0,44.0,44.0,44.0,44.0,0.0,136.0,84.0,69.0,,,,
cube,side_length,0.06,120,45,-45.0,45.0,45.0,45.0,0.0,45.0,45.0,45.0,45.0,45.0,45.0,45.0,0.0,135.0,85.0,70.0,,,,
cube,side_length,0.06,120,46,-46.0,46.0,46.0,46.0,0.0,46.0,46.0,46.0,46.0,46.0,46.0,46.0,0.0,134.0,86.0,71.0,,,,
cube,side_length,0.06,120,47,-47.0,47.0,47.0,47.0,0.0,47.0,47.0,47.0,47.0,47.0,47.0,47.0,0.0,133.0,87.0,72.0,,,,
cube,side_length,0.06,120,48,-48.0,48.0,48.0,48.0,0.0,48.0,48.0,48.0,48.0,48.0,48.0,48.0,0.0,132.0,88.0,73.0,,,,
cube,side_length,0.06,120,49,-49.0,49.0,49.0,49.0,0.0,49.0,49.0,49.0,49.0,49.0,49.0,49.0,0.0,131.0,89.0,74.0,,,,
cube,side_length,0.06,120,50,-50.0,50.0,50.0,50.0,0.0,50.0,50.0,50.0,50.0,50.0,50.0,50.0,0.0,130.0,90.0,75.0,,,,
cube,side_length,0.06,120,51,-51.0,51.0,51.0,51.0,0.0,51.0,51.0,51.0,51.0,51.0,51.0,51.0,0.0,129.0,91.0,76.0,,,,
cube,side_length,0.06,120,52,-52.0,52.0,52.0,52.0,0.0,52.0,52.0,52.0,52.0,52.0,52.0,52.0,0.0,128.0,92.0,77.0,,,,
cube,side_length,0.06,120,53,-53.0,53.0,53.0,53.0,0.0,53.0,53.0,53.0,53.0,53.0,53.0,53.0,0.0,127.0,93.0,78.0,,,,
cube,side_length,0.06,120,54,-54.0,54.0,54.0,54.0,0.0,54.0,54.0,54.0,54.0,54.0,54.0,54.0,0.0,126.0,94.0,79.0,,,,
cube,side_length,0.06,120,55,-55.0,55.0,55.0,55.0,0.0,55.0,55.0,55.0,55.0,55.0,55.0,55.0,0.0,125.0,95.0,80.0,,,,
cube,side_length,0.06,120,56,-56.0,56.0,56.0,56.0,0.0,55.3671875,55.3671875,55.3671875,56.0,56.0,56.0,56.0,0.0,124.0,96.0,80.0,,contact,,
cube,side_length,0.06,120,57,-57.0,57.0,57.0,57.0,0.0,55.3671875,55.3671875,55.3671875,57.0,57.0,57.0,57.0,0.0,123.51171875,96.48828125,80.0,,contact,,contact
cube,side_length,0.06,120,58,-58.0,58.0,58.0,58.0,0.0,55.3671875,55.3671875,55.3671875,58.0,58.0,58.0,58.0,0.0,123.51171875,96.48828125,80.0,,contact,,contact
cube,side_length,0.06,120,59,-59.0,59.0,59.0,59.0,0.0,55.3671875,55.3671875,55.3671875,59.0,59.0,59.0,59.0,0.0,123.51171875,96.48828125,80.0,,contact,,contact
cube,side_length,0.06,120,60,-60.0,60.0,60.0,60.0,0.0,55.3671875,55.3671875,55.3671875,60.0,60.0,60.0,60.0,0.0,123.51171875,96.48828125,80.0,,contact,,contact
cube,side_length,0.06,120,61,-61.0,61.0,61.0,60.0,0.0,55.3671875,55.3671875,55.3671875,61.0,61.0,61.0,60.0,0.0,123.51171875,96.48828125,80.0,,contact,,contact
cube,side_length,0.06,120,62,-62.0,62.0,62.0,60.0,0.0,55.3671875,55.3671875,55.3671875,62.0,62.0,62.0,60.0,0.0,123.51171875,96.48828125,80.0,,contact,,contact
cube,side_length,0.06,120,63,-63.0,63.0,63.0,60.0,0.0,55.3671875,55.3671875,55.3671875,63.0,63.0,63.0,60.0,0.0,123.51171875,96.48828125,80.0,,contact,,contact
cube,side_length,0.06,120,64,-64.0,64.0,64.0,60.0,0.0,55.3671875,55.3671875,55.3671875,64.0,64.0,64.0,60.0,0.0,123.51171875,96.48828125,80.0,,contact,,contact
cube,side_length,0.06,120,65,-65.0,65.0,65.0,60.0,0.0,55.3671875,55.3671875,55.3671875,65.0,65.0,65.0,60.0,0.0,123.51171875,96.48828125,80.0,,contact,,contact
cube,side_length,0.06,120,66,-66.0,66.0,66.0,60.0,0.0,55.3671875,55.3671875,55.3671875,66.0,66.0,66.0,60.0,0.0,123.51171875,96.48828125,80.0,,contact,,contact
cube,side_length,0.06,120,67,-67.0,67.0,67.0,60.0,0.0,55.3671875,55.3671875,55.3671875,67.0,67.0,67.0,60.0,0.0,123.51171875,96.48828125,80.0,,contact,,contact
cube,side_length,0.06,120,68,-68.0,68.0,68.0,60.0,0.0,55.3671875,55.3671875,55.3671875,68.0,68.0,68.0,60.0,0.0,123.51171875,96.48828125,80.0,,contact,,contact
cube,side_length,0.06,120,69,-69.0,69.0,69.0,60.0,0.0,55.3671875,55.3671875,55.3671875,69.0,69.0,69.0,60.0,0.0,123.51171875,96.48828125,80.0,,contact,,contact
cube,side_length,0.06,120,70,-70.0,70.0,70.0,60.0,0.0,55.3671875,55.3671875,55.3671875,70.0,70.0,70.0,60.0,0.0,123.51171875,96.48828125,80.0,,contact,,contact
cube,side_length,0.06,120,71,-71.0,71.0,71.0,60.0,0.0,55.3671875,55.3671875,55.3671875,71.0,71.0,71.0,60.0,0.0,123.51171875,96.48828125,80.0,,contact,,contact
cube,side_length,0.06,120,72,-72.0,72.0,72.0,60.0,0.0,55.3671875,55.3671875,55.3671875,72.0,72.0,72.0,60.0,0.0,123.51171875,96.48828125,80.0,,contact,,contact
cube,side_length,0.06,120,73,-72.47265625,72.47265625,72.47265625,60.0,0.0,55.3671875,55.3671875,55.3671875,72.49609375,72.49609375,72.49609375,60.0,0.0,123.51171875,96.48828125,80.0,contact,contact,contact,contact
cube,side_length,0.0575,115,0,0.0,0.0,0.0,0.0,0.0,0.0,0.0,0.0,0.0,0.0,0.0,0.0,0.0,180.0,40.0,25.0,,,,
cube,side_length,0.0575,115,1,-1.0,1.0,1.0,1.0,0.0,1.0,1.0,1.0,1.0,1.0,1.0,1.0,0.0,179.0,41.0,26.0,,,,
cube,side_length,0.0575,115,2,-2.0,2.0,2.0,2.0,0.0,2.0,2.0,2.0,2.0,2.0,2.0,2.0,0.0,178.0,42.0,27.0,,,,
cube,side_length,0.0575,115,3,-3.0,3.0,3.0,3.0,0.0,3.0,3.0,3.0,3.0,3.0,3.0,3.0,0.0,177.0,43.0,28.0,,,,
cube,side_length,0.0575,115,4,-4.0,4.0,4.0,4.0,0.0,4.0,4.0,4.0,4.0,4.0,4.0,4.0,0.0,176.0,44.0,29.0,,,,
cube,side_length,0.0575,115,5,-5.0,5.0,5.0,5.0,0.0,5.0,5.0,5.0,5.0,5.0,5.0,5.0,0.0,175.0,45.0,30.0,,,,
cube,side_length,0.0575,115,6,-6.0,6.0,6.0,6.0,0.0,6.0,6.0,6.0,6.0,6.0,6.0,6.0,0.0,174.0,46.0,31.0,,,,
cube,side_length,0.0575,115,7,-7.0,7.0,7.0,7.0,0.0,7.0,7.0,7.0,7.0,7.0,7.0,7.0,0.0,173.0,47.0,32.0,,,,
cube,side_length,0.0575,115,8,-8.0,8.0,8.0,8.0,0.0,8.0,8.0,8.0,8.0,8.0,8.0,8.0,0.0,172.0,48.0,33.0,,,,
cube,side_length,0.0575,115,9,-9.0,9.0,9.0,9.0,0.0,9.0,9.0,9.0,9.0,9.0,9.0,9.0,0.0,171.0,49.0,34.0,,,,
cube,side_length,0.0575,115,10,-10.0,10.0,10.0,10.0,0.0,10.0,10.0,10.0,10.0,10.0,10.0,10.0,0.0,170.0,50.0,35.0,,,,
cube,side_length,0.0575,115,11,-11.0,11.0,11.0,11.0,0.0,11.0,11.0,11.0,11.0,11.0,11.0,11.0,0.0,169.0,51.0,36.0,,,,
cube,side_length,0.0575,115,12,-12.0,12.0,12.0,12.0,0.0,12.0,12.0,12.0,12.0,12.0,12.0,12.0,0.0,168.0,52.0,37.0,,,,
cube,side_length,0.0575,115,13,-13.0,13.0,13.0,13.0,0.0,13.0,13.0,13.0,13.0,13.0,13.0,13.0,0.0,167.0,53.0,38.0,,,,
cube,side_length,0.0575,115,14,-14.0,14.0,14.0,14.0,0.0,14.0,14.0,14.0,14.0,14.0,14.0,14.0,0.0,166.0,54.0,39.0,,,,
cube,side_length,0.0575,115,15,-15.0,15.0,15.0,15.0,0.0,15.0,15.0,15.0,15.0,15.0,15.0,15.0,0.0,165.0,55.0,40.0,,,,
cube,side_length,0.0575,115,16,-16.0,16.0,16.0,16.0,0.0,16.0,16.0,16.0,16.0,16.0,16.0,16.0,0.0,164.0,56.0,41.0,,,,
cube,side_length,0.0575,115,17,-17.0,17.0,17.0,17.0,0.0,17.0,17.0,17.0,17.0,17.0,17.0,17.0,0.0,163.0,57.0,42.0,,,,
cube,side_length,0.0575,115,18,-18.0,18.0,18.0,18.0,0.0,18.0,18.0,18.0,18.0,18.0,18.0,18.0,0.0,162.0,58.0,43.0,,,,
cube,side_length,0.0575,115,19,-19.0,19.0,19.0,19.0,0.0,19.0,19.0,19.0,19.0,19.0,19.0,19.0,0.0,161.0,59.0,44.0,,,,
cube,side_length,0.0575,115,20,-20.0,20.0,20.0,20.0,0.0,20.0,20.0,20.0,20.0,20.0,20.0,20.0,0.0,160.0,60.0,45.0,,,,
cube,side_length,0.0575,115,21,-21.0,21.0,21.0,21.0,0.0,21.0,21.0,21.0,21.0,21.0,21.0,21.0,0.0,159.0,61.0,46.0,,,,
cube,side_length,0.0575,115,22,-22.0,22.0,22.0,22.0,0.0,22.0,22.0,22.0,22.0,22.0,22.0,22.0,0.0,158.0,62.0,47.0,,,,
cube,side_length,0.0575,115,23,-23.0,23.0,23.0,23.0,0.0,23.0,23.0,23.0,23.0,23.0,23.0,23.0,0.0,157.0,63.0,48.0,,,,
cube,side_length,0.0575,115,24,-24.0,24.0,24.0,24.0,0.0,24.0,24.0,24.0,24.0,24.0,24.0,24.0,0.0,156.0,64.0,49.0,,,,
cube,side_length,0.0575,115,25,-25.0,25.0,25.0,25.0,0.0,25.0,25.0,25.0,25.0,25.0,25.0,25.0,0.0,155.0,65.0,50.0,,,,
cube,side_length,0.0575,115,26,-26.0,26.0,26.0,26.0,0.0,26.0,26.0,26.0,26.0,26.0,26.0,26.0,0.0,154.0,66.0,51.0,,,,
cube,side_length,0.0575,115,27,-27.0,27.0,27.0,27.0,0.0,27.0,27.0,27.0,27.0,27.0,27.0,27.0,0.0,153.0,67.0,52.0,,,,
cube,side_length,0.0575,115,28,-28.0,28.0,28.0,28.0,0.0,28.0,28.0,28.0,28.0,28.0,28.0,28.0,0.0,152.0,68.0,53.0,,,,
cube,side_length,0.0575,115,29,-29.0,29.0,29.0,29.0,0.0,29.0,29.0,29.0,29.0,29.0,29.0,29.0,0.0,151.0,69.0,54.0,,,,
cube,side_length,0.0575,115,30,-30.0,30.0,30.0,30.0,0.0,30.0,30.0,30.0,30.0,30.0,30.0,30.0,0.0,150.0,70.0,55.0,,,,
cube,side_length,0.0575,115,31,-31.0,31.0,31.0,31.0,0.0,31.0,31.0,31.0,31.0,31.0,31.0,31.0,0.0,149.0,71.0,56.0,,,,
cube,side_length,0.0575,115,32,-32.0,32.0,32.0,32.0,0.0,32.0,32.0,32.0,32.0,32.0,32.0,32.0,0.0,148.0,72.0,57.0,,,,
cube,side_length,0.0575,115,33,-33.0,33.0,33.0,33.0,0.0,33.0,33.0,33.0,33.0,33.0,33.0,33.0,0.0,147.0,73.0,58.0,,,,
cube,side_length,0.0575,115,34,-34.0,34.0,34.0,34.0,0.0,34.0,34.0,34.0,34.0,34.0,34.0,34.0,0.0,146.0,74.0,59.0,,,,
cube,side_length,0.0575,115,35,-35.0,35.0,35.0,35.0,0.0,35.0,35.0,35.0,35.0,35.0,35.0,35.0,0.0,145.0,75.0,60.0,,,,
cube,side_length,0.0575,115,36,-36.0,36.0,36.0,36.0,0.0,36.0,36.0,36.0,36.0,36.0,36.0,36.0,0.0,144.0,76.0,61.0,,,,
cube,side_length,0.0575,115,37,-37.0,37.0,37.0,37.0,0.0,37.0,37.0,37.0,37.0,37.0,37.0,37.0,0.0,143.0,77.0,62.0,,,,
cube,side_length,0.0575,115,38,-38.0,38.0,38.0,38.0,0.0,38.0,38.0,38.0,38.0,38.0,38.0,38.0,0.0,142.0,78.0,63.0,,,,
cube,side_length,0.0575,115,39,-39.0,39.0,39.0,39.0,0.0,39.0,39.0,39.0,39.0,39.0,39.0,39.0,0.0,141.0,79.0,64.0,,,,
cube,side_length,0.0575,115,40,-40.0,40.0,40.0,40.0,0.0,40.0,40.0,40.0,40.0,40.0,40.0,40.0,0.0,140.0,80.0,65.0,,,,
cube,side_length,0.0575,115,41,-41.0,41.0,41.0,41.0,0.0,41.0,41.0,41.0,41.0,41.0,41.0,41.0,0.0,139.0,81.0,66.0,,,,
cube,side_length,0.0575,115,42,-42.0,42.0,42.0,42.0,0.0,42.0,42.0,42.0,42.0,42.0,42.0,42.0,0.0,138.0,82.0,67.0,,,,
cube,side_length,0.0575,115,43,-43.0,43.0,43.0,43.0,0.0,43.0,43.0,43.0,43.0,43.0,43.0,43.0,0.0,137.0,83.0,68.0,,,,
cube,side_length,0.0575,115,44,-44.0,44.0,44.0,44.0,0.0,44.0,44.0,44.0,44.0,44.0,44.0,44.0,0.0,136.0,84.0,69.0,,,,
cube,side_length,0.0575,115,45,-45.0,45.0,45.0,45.0,0.0,45.0,45.0,45.0,45.0,45.0,45.0,45.0,0.0,135.0,85.0,70.0,,,,
cube,side_length,0.0575,115,46,-46.0,46.0,46.0,46.0,0.0,46.0,46.0,46.0,46.0,46.0,46.0,46.0,0.0,134.0,86.0,71.0,,,,
cube,side_length,0.0575,115,47,-47.0,47.0,47.0,47.0,0.0,47.0,47.0,47.0,47.0,47.0,47.0,47.0,0.0,133.0,87.0,72.0,,,,
cube,side_length,0.0575,115,48,-48.0,48.0,48.0,48.0,0.0,48.0,48.0,48.0,48.0,48.0,48.0,48.0,0.0,132.0,88.0,73.0,,,,
cube,side_length,0.0575,115,49,-49.0,49.0,49.0,49.0,0.0,49.0,49.0,49.0,49.0,49.0,49.0,49.0,0.0,131.0,89.0,74.0,,,,
cube,side_length,0.0575,115,50,-50.0,50.0,50.0,50.0,0.0,50.0,50.0,50.0,50.0,50.0,50.0,50.0,0.0,130.0,90.0,75.0,,,,
cube,side_length,0.0575,115,51,-51.0,51.0,51.0,51.0,0.0,51.0,51.0,51.0,51.0,51.0,51.0,51.0,0.0,129.0,91.0,76.0,,,,
cube,side_length,0.0575,115,52,-52.0,52.0,52.0,52.0,0.0,52.0,52.0,52.0,52.0,52.0,52.0,52.0,0.0,128.0,92.0,77.0,,,,
cube,side_length,0.0575,115,53,-53.0,53.0,53.0,53.0,0.0,53.0,53.0,53.0,53.0,53.0,53.0,53.0,0.0,127.0,93.0,78.0,,,,
cube,side_length,0.0575,115,54,-54.0,54.0,54.0,54.0,0.0,54.0,54.0,54.0,54.0,54.0,54.0,54.0,0.0,126.0,94.0,79.0,,,,
cube,side_length,0.0575,115,55,-55.0,55.0,55.0,55.0,0.0,55.0,55.0,55.0,55.0,55.0,55.0,55.0,0.0,125.0,95.0,80.0,,,,
cube,side_length,0.0575,115,56,-56.0,56.0,56.0,56.0,0.0,56.0,56.0,56.0,56.0,56.0,56.0,56.0,0.0,124.0,96.0,80.0,,,,
cube,side_length,0.0575,115,57,-57.0,57.0,57.0,57.0,0.0,56.5234375,56.5234375,56.5234375,57.0,57.0,57.0,57.0,0.0,123.0,97.0,80.0,,contact,,
cube,side_length,0.0575,115,58,-58.0,58.0,58.0,58.0,0.0,56.5234375,56.5234375,56.5234375,58.0,58.0,58.0,58.0,0.0,122.26953125,97.73046875,80.0,,contact,,contact
cube,side_length,0.0575,115,59,-59.0,59.0,59.0,59.0,0.0,56.5234375,56.5234375,56.5234375,59.0,59.0,59.0,59.0,0.0,122.26953125,97.73046875,80.0,,contact,,contact
cube,side_length,0.0575,115,60,-60.0,60.0,60.0,60.0,0.0,56.5234375,56.5234375,56.5234375,60.0,60.0,60.0,60.0,0.0,122.26953125,97.73046875,80.0,,contact,,contact
cube,side_length,0.0575,115,61,-61.0,61.0,61.0,60.0,0.0,56.5234375,56.5234375,56.5234375,61.0,61.0,61.0,60.0,0.0,122.26953125,97.73046875,80.0,,contact,,contact
cube,side_length,0.0575,115,62,-62.0,62.0,62.0,60.0,0.0,56.5234375,56.5234375,56.5234375,62.0,62.0,62.0,60.0,0.0,122.26953125,97.73046875,80.0,,contact,,contact
cube,side_length,0.0575,115,63,-63.0,63.0,63.0,60.0,0.0,56.5234375,56.5234375,56.5234375,63.0,63.0,63.0,60.0,0.0,122.26953125,97.73046875,80.0,,contact,,contact
cube,side_length,0.0575,115,64,-64.0,64.0,64.0,60.0,0.0,56.5234375,56.5234375,56.5234375,64.0,64.0,64.0,60.0,0.0,122.26953125,97.73046875,80.0,,contact,,contact
cube,side_length,0.0575,115,65,-65.0,65.0,65.0,60.0,0.0,56.5234375,56.5234375,56.5234375,65.0,65.0,65.0,60.0,0.0,122.26953125,97.73046875,80.0,,contact,,contact
cube,side_length,0.0575,115,66,-66.0,66.0,66.0,60.0,0.0,56.5234375,56.5234375,56.5234375,66.0,66.0,66.0,60.0,0.0,122.26953125,97.73046875,80.0,,contact,,contact
cube,side_length,0.0575,115,67,-67.0,67.0,67.0,60.0,0.0,56.5234375,56.5234375,56.5234375,67.0,67.0,67.0,60.0,0.0,122.26953125,97.73046875,80.0,,contact,,contact
cube,side_length,0.0575,115,68,-68.0,68.0,68.0,60.0,0.0,56.5234375,56.5234375,56.5234375,68.0,68.0,68.0,60.0,0.0,122.26953125,97.73046875,80.0,,contact,,contact
cube,side_length,0.0575,115,69,-69.0,69.0,69.0,60.0,0.0,56.5234375,56.5234375,56.5234375,69.0,69.0,69.0,60.0,0.0,122.26953125,97.73046875,80.0,,contact,,contact
cube,side_length,0.0575,115,70,-70.0,70.0,70.0,60.0,0.0,56.5234375,56.5234375,56.5234375,70.0,70.0,70.0,60.0,0.0,122.26953125,97.73046875,80.0,,contact,,contact
cube,side_length,0.0575,115,71,-71.0,71.0,71.0,60.0,0.0,56.5234375,56.5234375,56.5234375,71.0,71.0,71.0,60.0,0.0,122.26953125,97.73046875,80.0,,contact,,contact
cube,side_length,0.0575,115,72,-72.0,72.0,72.0,60.0,0.0,56.5234375,56.5234375,56.5234375,72.0,72.0,72.0,60.0,0.0,122.26953125,97.73046875,80.0,,contact,,contact
cube,side_length,0.0575,115,73,-73.0,73.0,73.0,60.0,0.0,56.5234375,56.5234375,56.5234375,73.0,73.0,73.0,60.0,0.0,122.26953125,97.73046875,80.0,,contact,,contact
cube,side_length,0.0575,115,74,-73.70703125,73.70703125,73.70703125,60.0,0.0,56.5234375,56.5234375,56.5234375,73.71484375,73.71484375,73.71484375,60.0,0.0,122.26953125,97.73046875,80.0,contact,contact,contact,contact
cube,side_length,0.055,110,0,0.0,0.0,0.0,0.0,0.0,0.0,0.0,0.0,0.0,0.0,0.0,0.0,0.0,180.0,40.0,25.0,,,,
cube,side_length,0.055,110,1,-1.0,1.0,1.0,1.0,0.0,1.0,1.0,1.0,1.0,1.0,1.0,1.0,0.0,179.0,41.0,26.0,,,,
cube,side_length,0.055,110,2,-2.0,2.0,2.0,2.0,0.0,2.0,2.0,2.0,2.0,2.0,2.0,2.0,0.0,178.0,42.0,27.0,,,,
cube,side_length,0.055,110,3,-3.0,3.0,3.0,3.0,0.0,3.0,3.0,3.0,3.0,3.0,3.0,3.0,0.0,177.0,43.0,28.0,,,,
cube,side_length,0.055,110,4,-4.0,4.0,4.0,4.0,0.0,4.0,4.0,4.0,4.0,4.0,4.0,4.0,0.0,176.0,44.0,29.0,,,,
cube,side_length,0.055,110,5,-5.0,5.0,5.0,5.0,0.0,5.0,5.0,5.0,5.0,5.0,5.0,5.0,0.0,175.0,45.0,30.0,,,,
cube,side_length,0.055,110,6,-6.0,6.0,6.0,6.0,0.0,6.0,6.0,6.0,6.0,6.0,6.0,6.0,0.0,174.0,46.0,31.0,,,,
cube,side_length,0.055,110,7,-7.0,7.0,7.0,7.0,0.0,7.0,7.0,7.0,7.0,7.0,7.0,7.0,0.0,173.0,47.0,32.0,,,,
cube,side_length,0.055,110,8,-8.0,8.0,8.0,8.0,0.0,8.0,8.0,8.0,8.0,8.0,8.0,8.0,0.0,172.0,48.0,33.0,,,,
cube,side_length,0.055,110,9,-9.0,9.0,9.0,9.0,0.0,9.0,9.0,9.0,9.0,9.0,9.0,9.0,0.0,171.0,49.0,34.0,,,,
cube,side_length,0.055,110,10,-10.0,10.0,10.0,10.0,0.0,10.0,10.0,10.0,10.0,10.0,10.0,10.0,0.0,170.0,50.0,35.0,,,,
cube,side_length,0.055,110,11,-11.0,11.0,11.0,11.0,0.0,11.0,11.0,11.0,11.0,11.0,11.0,11.0,0.0,169.0,51.0,36.0,,,,
cube,side_length,0.055,110,12,-12.0,12.0,12.0,12.0,0.0,12.0,12.0,12.0,12.0,12.0,12.0,12.0,0.0,168.0,52.0,37.0,,,,
cube,side_length,0.055,110,13,-13.0,13.0,13.0,13.0,0.0,13.0,13.0,13.0,13.0,13.0,13.0,13.0,0.0,167.0,53.0,38.0,,,,
cube,side_length,0.055,110,14,-14.0,14.0,14.0,14.0,0.0,14.0,14.0,14.0,14.0,14.0,14.0,14.0,0.0,166.0,54.0,39.0,,,,
cube,side_length,0.055,110,15,-15.0,15.0,15.0,15.0,0.0,15.0,15.0,15.0,15.0,15.0,15.0,15.0,0.0,165.0,55.0,40.0,,,,
cube,side_length,0.055,110,16,-16.0,16.0,16.0,16.0,0.0,16.0,16.0,16.0,16.0,16.0,16.0,16.0,0.0,164.0,56.0,41.0,,,,
cube,side_length,0.055,110,17,-17.0,17.0,17.0,17.0,0.0,17.0,17.0,17.0,17.0,17.0,17.0,17.0,0.0,163.0,57.0,42.0,,,,
cube,side_length,0.055,110,18,-18.0,18.0,18.0,18.0,0.0,18.0,18.0,18.0,18.0,18.0,18.0,18.0,0.0,162.0,58.0,43.0,,,,
cube,side_length,0.055,110,19,-19.0,19.0,19.0,19.0,0.0,19.0,19.0,19.0,19.0,19.0,19.0,19.0,0.0,161.0,59.0,44.0,,,,
cube,side_length,0.055,110,20,-20.0,20.0,20.0,20.0,0.0,20.0,20.0,20.0,20.0,20.0,20.0,20.0,0.0,160.0,60.0,45.0,,,,
cube,side_length,0.055,110,21,-21.0,21.0,21.0,21.0,0.0,21.0,21.0,21.0,21.0,21.0,21.0,21.0,0.0,159.0,61.0,46.0,,,,
cube,side_length,0.055,110,22,-22.0,22.0,22.0,22.0,0.0,22.0,22.0,22.0,22.0,22.0,22.0,22.0,0.0,158.0,62.0,47.0,,,,
cube,side_length,0.055,110,23,-23.0,23.0,23.0,23.0,0.0,23.0,23.0,23.0,23.0,23.0,23.0,23.0,0.0,157.0,63.0,48.0,,,,
cube,side_length,0.055,110,24,-24.0,24.0,24.0,24.0,0.0,24.0,24.0,24.0,24.0,24.0,24.0,24.0,0.0,156.0,64.0,49.0,,,,
cube,side_length,0.055,110,25,-25.0,25.0,25.0,25.0,0.0,25.0,25.0,25.0,25.0,25.0,25.0,25.0,0.0,155.0,65.0,50.0,,,,
cube,side_length,0.055,110,26,-26.0,26.0,26.0,26.0,0.0,26.0,26.0,26.0,26.0,26.0,26.0,26.0,0.0,154.0,66.0,51.0,,,,
cube,side_length,0.055,110,27,-27.0,27.0,27.0,27.0,0.0,27.0,27.0,27.0,27.0,27.0,27.0,27.0,0.0,153.0,67.0,52.0,,,,
cube,side_length,0.055,110,28,-28.0,28.0,28.0,28.0,0.0,28.0,28.0,28.0,28.0,28.0,28.0,28.0,0.0,152.0,68.0,53.0,,,,
cube,side_length,0.055,110,29,-29.0,29.0,29.0,29.0,0.0,29.0,29.0,29.0,29.0,29.0,29.0,29.0,0.0,151.0,69.0,54.0,,,,
cube,side_length,0.055,110,30,-30.0,30.0,30.0,30.0,0.0,30.0,30.0,30.0,30.0,30.0,30.0,30.0,0.0,150.0,70.0,55.0,,,,
cube,side_length,0.055,110,31,-31.0,31.0,31.0,31.0,0.0,31.0,31.0,31.0,31.0,31.0,31.0,31.0,0.0,149.0,71.0,56.0,,,,
cube,side_length,0.055,110,32,-32.0,32.0,32.0,32.0,0.0,32.0,32.0,32.0,32.0,32.0,32.0,32.0,0.0,148.0,72.0,57.0,,,,
cube,side_length,0.055,110,33,-33.0,33.0,33.0,33.0,0.0,33.0,33.0,33.0,33.0,33.0,33.0,33.0,0.0,147.0,73.0,58.0,,,,
cube,side_length,0.055,110,34,-34.0,34.0,34.0,34.0,0.0,34.0,34.0,34.0,34.0,34.0,34.0,34.0,0.0,146.0,74.0,59.0,,,,
cube,side_length,0.055,110,35,-35.0,35.0,35.0,35.0,0.0,35.0,35.0,35.0,35.0,35.0,35.0,35.0,0.0,145.0,75.0,60.0,,,,
cube,side_length,0.055,110,36,-36.0,36.0,36.0,36.0,0.0,36.0,36.0,36.0,36.0,36.0,36.0,36.0,0.0,144.0,76.0,61.0,,,,
cube,side_length,0.055,110,37,-37.0,37.0,37.0,37.0,0.0,37.0,37.0,37.0,37.0,37.0,37.0,37.0,0.0,143.0,77.0,62.0,,,,
cube,side_length,0.055,110,38,-38.0,38.0,38.0,38.0,0.0,38.0,38.0,38.0,38.0,38.0,38.0,38.0,0.0,142.0,78.0,63.0,,,,
cube,side_length,0.055,110,39,-39.0,39.0,39.0,39.0,0.0,39.0,39.0,39.0,39.0,39.0,39.0,39.0,0.0,141.0,79.0,64.0,,,,
cube,side_length,0.055,110,40,-40.0,40.0,40.0,40.0,0.0,40.0,40.0,40.0,40.0,40.0,40.0,40.0,0.0,140.0,80.0,65.0,,,,
cube,side_length,0.055,110,41,-41.0,41.0,41.0,41.0,0.0,41.0,41.0,41.0,41.0,41.0,41.0,41.0,0.0,139.0,81.0,66.0,,,,
cube,side_length,0.055,110,42,-42.0,42.0,42.0,42.0,0.0,42.0,42.0,42.0,42.0,42.0,42.0,42.0,0.0,138.0,82.0,67.0,,,,
cube,side_length,0.055,110,43,-43.0,43.0,43.0,43.0,0.0,43.0,43.0,43.0,43.0,43.0,43.0,43.0,0.0,137.0,83.0,68.0,,,,
cube,side_length,0.055,110,44,-44.0,44.0,44.0,44.0,0.0,44.0,44.0,44.0,44.0,44.0,44.0,44.0,0.0,136.0,84.0,69.0,,,,
cube,side_length,0.055,110,45,-45.0,45.0,45.0,45.0,0.0,45.0,45.0,45.0,45.0,45.0,45.0,45.0,0.0,135.0,85.0,70.0,,,,
cube,side_length,0.055,110,46,-46.0,46.0,46.0,46.0,0.0,46.0,46.0,46.0,46.0,46.0,46.0,46.0,0.0,134.0,86.0,71.0,,,,
cube,side_length,0.055,110,47,-47.0,47.0,47.0,47.0,0.0,47.0,47.0,47.0,47.0,47.0,47.0,47.0,0.0,133.0,87.0,72.0,,,,
cube,side_length,0.055,110,48,-48.0,48.0,48.0,48.0,0.0,48.0,48.0,48.0,48.0,48.0,48.0,48.0,0.0,132.0,88.0,73.0,,,,
cube,side_length,0.055,110,49,-49.0,49.0,49.0,49.0,0.0,49.0,49.0,49.0,49.0,49.0,49.0,49.0,0.0,131.0,89.0,74.0,,,,
cube,side_length,0.055,110,50,-50.0,50.0,50.0,50.0,0.0,50.0,50.0,50.0,50.0,50.0,50.0,50.0,0.0,130.0,90.0,75.0,,,,
cube,side_length,0.055,110,51,-51.0,51.0,51.0,51.0,0.0,51.0,51.0,51.0,51.0,51.0,51.0,51.0,0.0,129.0,91.0,76.0,,,,
cube,side_length,0.055,110,52,-52.0,52.0,52.0,52.0,0.0,52.0,52.0,52.0,52.0,52.0,52.0,52.0,0.0,128.0,92.0,77.0,,,,
cube,side_length,0.055,110,53,-53.0,53.0,53.0,53.0,0.0,53.0,53.0,53.0,53.0,53.0,53.0,53.0,0.0,127.0,93.0,78.0,,,,
cube,side_length,0.055,110,54,-54.0,54.0,54.0,54.0,0.0,54.0,54.0,54.0,54.0,54.0,54.0,54.0,0.0,126.0,94.0,79.0,,,,
cube,side_length,0.055,110,55,-55.0,55.0,55.0,55.0,0.0,55.0,55.0,55.0,55.0,55.0,55.0,55.0,0.0,125.0,95.0,80.0,,,,
cube,side_length,0.055,110,56,-56.0,56.0,56.0,56.0,0.0,56.0,56.0,56.0,56.0,56.0,56.0,56.0,0.0,124.0,96.0,80.0,,,,
cube,side_length,0.055,110,57,-57.0,57.0,57.0,57.0,0.0,57.0,57.0,57.0,57.0,57.0,57.0,57.0,0.0,123.0,97.0,80.0,,,,
cube,side_length,0.055,110,58,-58.0,58.0,58.0,58.0,0.0,57.70703125,57.70703125,57.70703125,58.0,58.0,58.0,58.0,0.0,122.0,98.0,80.0,,contact,,
cube,side_length,0.055,110,59,-59.0,59.0,59.0,59.0,0.0,57.70703125,57.70703125,57.70703125,59.0,59.0,59.0,59.0,0.0,121.01171875,98.98828125,80.0,,contact,,contact
cube,side_length,0.055,110,60,-60.0,60.0,60.0,60.0,0.0,57.70703125,57.70703125,57.70703125,60.0,60.0,60.0,60.0,0.0,121.01171875,98.98828125,80.0,,contact,,contact
cube,side_length,0.055,110,61,-61.0,61.0,61.0,60.0,0.0,57.70703125,57.70703125,57.70703125,61.0,61.0,61.0,60.0,0.0,121.01171875,98.98828125,80.0,,contact,,contact
cube,side_length,0.055,110,62,-62.0,62.0,62.0,60.0,0.0,57.70703125,57.70703125,57.70703125,62.0,62.0,62.0,60.0,0.0,121.01171875,98.98828125,80.0,,contact,,contact
cube,side_length,0.055,110,63,-63.0,63.0,63.0,60.0,0.0,57.70703125,57.70703125,57.70703125,63.0,63.0,63.0,60.0,0.0,121.01171875,98.98828125,80.0,,contact,,contact
cube,side_length,0.055,110,64,-64.0,64.0,64.0,60.0,0.0,57.70703125,57.70703125,57.70703125,64.0,64.0,64.0,60.0,0.0,121.01171875,98.98828125,80.0,,contact,,contact
cube,side_length,0.055,110,65,-65.0,65.0,65.0,60.0,0.0,57.70703125,57.70703125,57.70703125,65.0,65.0,65.0,60.0,0.0,121.01171875,98.98828125,80.0,,contact,,contact
cube,side_length,0.055,110,66,-66.0,66.0,66.0,60.0,0.0,57.70703125,57.70703125,57.70703125,66.0,66.0,66.0,60.0,0.0,121.01171875,98.98828125,80.0,,contact,,contact
cube,side_length,0.055,110,67,-67.0,67.0,67.0,60.0,0.0,57.70703125,57.70703125,57.70703125,67.0,67.0,67.0,60.0,0.0,121.01171875,98.98828125,80.0,,contact,,contact
cube,side_length,0.055,110,68,-68.0,68.0,68.0,60.0,0.0,57.70703125,57.70703125,57.70703125,68.0,68.0,68.0,60.0,0.0,121.01171875,98.98828125,80.0,,contact,,contact
cube,side_length,0.055,110,69,-69.0,69.0,69.0,60.0,0.0,57.70703125,57.70703125,57.70703125,69.0,69.0,69.0,60.0,0.0,121.01171875,98.98828125,80.0,,contact,,contact
cube,side_length,0.055,110,70,-70.0,70.0,70.0,60.0,0.0,57.70703125,57.70703125,57.70703125,70.0,70.0,70.0,60.0,0.0,121.01171875,98.98828125,80.0,,contact,,contact
cube,side_length,0.055,110,71,-71.0,71.0,71.0,60.0,0.0,57.70703125,57.70703125,57.70703125,71.0,71.0,71.0,60.0,0.0,121.01171875,98.98828125,80.0,,contact,,contact
cube,side_length,0.055,110,72,-72.0,72.0,72.0,60.0,0.0,57.70703125,57.70703125,57.70703125,72.0,72.0,72.0,60.0,0.0,121.01171875,98.98828125,80.0,,contact,,contact
cube,side_length,0.055,110,73,-73.0,73.0,73.0,60.0,0.0,57.70703125,57.70703125,57.70703125,73.0,73.0,73.0,60.0,0.0,121.01171875,98.98828125,80.0,,contact,,contact
cube,side_length,0.055,110,74,-74.0,74.0,74.0,60.0,0.0,57.70703125,57.70703125,57.70703125,74.0,74.0,74.0,60.0,0.0,121.01171875,98.98828125,80.0,,contact,,contact
cube,side_length,0.055,110,75,-74.94921875,74.94921875,74.94921875,60.0,0.0,57.70703125,57.70703125,57.70703125,74.94140625,74.94140625,74.94140625,60.0,0.0,121.01171875,98.98828125,80.0,contact,contact,contact,contact
cube,side_length,0.0525,105,0,0.0,0.0,0.0,0.0,0.0,0.0,0.0,0.0,0.0,0.0,0.0,0.0,0.0,180.0,40.0,25.0,,,,
cube,side_length,0.0525,105,1,-1.0,1.0,1.0,1.0,0.0,1.0,1.0,1.0,1.0,1.0,1.0,1.0,0.0,179.0,41.0,26.0,,,,
cube,side_length,0.0525,105,2,-2.0,2.0,2.0,2.0,0.0,2.0,2.0,2.0,2.0,2.0,2.0,2.0,0.0,178.0,42.0,27.0,,,,
cube,side_length,0.0525,105,3,-3.0,3.0,3.0,3.0,0.0,3.0,3.0,3.0,3.0,3.0,3.0,3.0,0.0,177.0,43.0,28.0,,,,
cube,side_length,0.0525,105,4,-4.0,4.0,4.0,4.0,0.0,4.0,4.0,4.0,4.0,4.0,4.0,4.0,0.0,176.0,44.0,29.0,,,,
cube,side_length,0.0525,105,5,-5.0,5.0,5.0,5.0,0.0,5.0,5.0,5.0,5.0,5.0,5.0,5.0,0.0,175.0,45.0,30.0,,,,
cube,side_length,0.0525,105,6,-6.0,6.0,6.0,6.0,0.0,6.0,6.0,6.0,6.0,6.0,6.0,6.0,0.0,174.0,46.0,31.0,,,,
cube,side_length,0.0525,105,7,-7.0,7.0,7.0,7.0,0.0,7.0,7.0,7.0,7.0,7.0,7.0,7.0,0.0,173.0,47.0,32.0,,,,
cube,side_length,0.0525,105,8,-8.0,8.0,8.0,8.0,0.0,8.0,8.0,8.0,8.0,8.0,8.0,8.0,0.0,172.0,48.0,33.0,,,,
cube,side_length,0.0525,105,9,-9.0,9.0,9.0,9.0,0.0,9.0,9.0,9.0,9.0,9.0,9.0,9.0,0.0,171.0,49.0,34.0,,,,
cube,side_length,0.0525,105,10,-10.0,10.0,10.0,10.0,0.0,10.0,10.0,10.0,10.0,10.0,10.0,10.0,0.0,170.0,50.0,35.0,,,,
cube,side_length,0.0525,105,11,-11.0,11.0,11.0,11.0,0.0,11.0,11.0,11.0,11.0,11.0,11.0,11.0,0.0,169.0,51.0,36.0,,,,
cube,side_length,0.0525,105,12,-12.0,12.0,12.0,12.0,0.0,12.0,12.0,12.0,12.0,12.0,12.0,12.0,0.0,168.0,52.0,37.0,,,,
cube,side_length,0.0525,105,13,-13.0,13.0,13.0,13.0,0.0,13.0,13.0,13.0,13.0,13.0,13.0,13.0,0.0,167.0,53.0,38.0,,,,
cube,side_length,0.0525,105,14,-14.0,14.0,14.0,14.0,0.0,14.0,14.0,14.0,14.0,14.0,14.0,14.0,0.0,166.0,54.0,39.0,,,,
cube,side_length,0.0525,105,15,-15.0,15.0,15.0,15.0,0.0,15.0,15.0,15.0,15.0,15.0,15.0,15.0,0.0,165.0,55.0,40.0,,,,
cube,side_length,0.0525,105,16,-16.0,16.0,16.0,16.0,0.0,16.0,16.0,16.0,16.0,16.0,16.0,16.0,0.0,164.0,56.0,41.0,,,,
cube,side_length,0.0525,105,17,-17.0,17.0,17.0,17.0,0.0,17.0,17.0,17.0,17.0,17.0,17.0,17.0,0.0,163.0,57.0,42.0,,,,
cube,side_length,0.0525,105,18,-18.0,18.0,18.0,18.0,0.0,18.0,18.0,18.0,18.0,18.0,18.0,18.0,0.0,162.0,58.0,43.0,,,,
cube,side_length,0.0525,105,19,-19.0,19.0,19.0,19.0,0.0,19.0,19.0,19.0,19.0,19.0,19.0,19.0,0.0,161.0,59.0,44.0,,,,
cube,side_length,0.0525,105,20,-20.0,20.0,20.0,20.0,0.0,20.0,20.0,20.0,20.0,20.0,20.0,20.0,0.0,160.0,60.0,45.0,,,,
cube,side_length,0.0525,105,21,-21.0,21.0,21.0,21.0,0.0,21.0,21.0,21.0,21.0,21.0,21.0,21.0,0.0,159.0,61.0,46.0,,,,
cube,side_length,0.0525,105,22,-22.0,22.0,22.0,22.0,0.0,22.0,22.0,22.0,22.0,22.0,22.0,22.0,0.0,158.0,62.0,47.0,,,,
cube,side_length,0.0525,105,23,-23.0,23.0,23.0,23.0,0.0,23.0,23.0,23.0,23.0,23.0,23.0,23.0,0.0,157.0,63.0,48.0,,,,
cube,side_length,0.0525,105,24,-24.0,24.0,24.0,24.0,0.0,24.0,24.0,24.0,24.0,24.0,24.0,24.0,0.0,156.0,64.0,49.0,,,,
cube,side_length,0.0525,105,25,-25.0,25.0,25.0,25.0,0.0,25.0,25.0,25.0,25.0,25.0,25.0,25.0,0.0,155.0,65.0,50.0,,,,
cube,side_length,0.0525,105,26,-26.0,26.0,26.0,26.0,0.0,26.0,26.0,26.0,26.0,26.0,26.0,26.0,0.0,154.0,66.0,51.0,,,,
cube,side_length,0.0525,105,27,-27.0,27.0,27.0,27.0,0.0,27.0,27.0,27.0,27.0,27.0,27.0,27.0,0.0,153.0,67.0,52.0,,,,
cube,side_length,0.0525,105,28,-28.0,28.0,28.0,28.0,0.0,28.0,28.0,28.0,28.0,28.0,28.0,28.0,0.0,152.0,68.0,53.0,,,,
cube,side_length,0.0525,105,29,-29.0,29.0,29.0,29.0,0.0,29.0,29.0,29.0,29.0,29.0,29.0,29.0,0.0,151.0,69.0,54.0,,,,
cube,side_length,0.0525,105,30,-30.0,30.0,30.0,30.0,0.0,30.0,30.0,30.0,30.0,30.0,30.0,30.0,0.0,150.0,70.0,55.0,,,,
cube,side_length,0.0525,105,31,-31.0,31.0,31.0,31.0,0.0,31.0,31.0,31.0,31.0,31.0,31.0,31.0,0.0,149.0,71.0,56.0,,,,
cube,side_length,0.0525,105,32,-32.0,32.0,32.0,32.0,0.0,32.0,32.0,32.0,32.0,32.0,32.0,32.0,0.0,148.0,72.0,57.0,,,,
cube,side_length,0.0525,105,33,-33.0,33.0,33.0,33.0,0.0,33.0,33.0,33.0,33.0,33.0,33.0,33.0,0.0,147.0,73.0,58.0,,,,
cube,side_length,0.0525,105,34,-34.0,34.0,34.0,34.0,0.0,34.0,34.0,34.0,34.0,34.0,34.0,34.0,0.0,146.0,74.0,59.0,,,,
cube,side_length,0.0525,105,35,-35.0,35.0,35.0,35.0,0.0,35.0,35.0,35.0,35.0,35.0,35.0,35.0,0.0,145.0,75.0,60.0,,,,
cube,side_length,0.0525,105,36,-36.0,36.0,36.0,36.0,0.0,36.0,36.0,36.0,36.0,36.0,36.0,36.0,0.0,144.0,76.0,61.0,,,,
cube,side_length,0.0525,105,37,-37.0,37.0,37.0,37.0,0.0,37.0,37.0,37.0,37.0,37.0,37.0,37.0,0.0,143.0,77.0,62.0,,,,
cube,side_length,0.0525,105,38,-38.0,38.0,38.0,38.0,0.0,38.0,38.0,38.0,38.0,38.0,38.0,38.0,0.0,142.0,78.0,63.0,,,,
cube,side_length,0.0525,105,39,-39.0,39.0,39.0,39.0,0.0,39.0,39.0,39.0,39.0,39.0,39.0,39.0,0.0,141.0,79.0,64.0,,,,
cube,side_length,0.0525,105,40,-40.0,40.0,40.0,40.0,0.0,40.0,40.0,40.0,40.0,40.0,40.0,40.0,0.0,140.0,80.0,65.0,,,,
cube,side_length,0.0525,105,41,-41.0,41.0,41.0,41.0,0.0,41.0,41.0,41.0,41.0,41.0,41.0,41.0,0.0,139.0,81.0,66.0,,,,
cube,side_length,0.0525,105,42,-42.0,42.0,42.0,42.0,0.0,42.0,42.0,42.0,42.0,42.0,42.0,42.0,0.0,138.0,82.0,67.0,,,,
cube,side_length,0.0525,105,43,-43.0,43.0,43.0,43.0,0.0,43.0,43.0,43.0,43.0,43.0,43.0,43.0,0.0,137.0,83.0,68.0,,,,
cube,side_length,0.0525,105,44,-44.0,44.0,44.0,44.0,0.0,44.0,44.0,44.0,44.0,44.0,44.0,44.0,0.0,136.0,84.0,69.0,,,,
cube,side_length,0.0525,105,45,-45.0,45.0,45.0,45.0,0.0,45.0,45.0,45.0,45.0,45.0,45.0,45.0,0.0,135.0,85.0,70.0,,,,
cube,side_length,0.0525,105,46,-46.0,46.0,46.0,46.0,0.0,46.0,46.0,46.0,46.0,46.0,46.0,46.0,0.0,134.0,86.0,71.0,,,,
cube,side_length,0.0525,105,47,-47.0,47.0,47.0,47.0,0.0,47.0,47.0,47.0,47.0,47.0,47.0,47.0,0.0,133.0,87.0,72.0,,,,
cube,side_length,0.0525,105,48,-48.0,48.0,48.0,48.0,0.0,48.0,48.0,48.0,48.0,48.0,48.0,48.0,0.0,132.0,88.0,73.0,,,,
cube,side_length,0.0525,105,49,-49.0,49.0,49.0,49.0,0.0,49.0,49.0,49.0,49.0,49.0,49.0,49.0,0.0,131.0,89.0,74.0,,,,
cube,side_length,0.0525,105,50,-50.0,50.0,50.0,50.0,0.0,50.0,50.0,50.0,50.0,50.0,50.0,50.0,0.0,130.0,90.0,75.0,,,,
cube,side_length,0.0525,105,51,-51.0,51.0,51.0,51.0,0.0,51.0,51.0,51.0,51.0,51.0,51.0,51.0,0.0,129.0,91.0,76.0,,,,
cube,side_length,0.0525,105,52,-52.0,52.0,52.0,52.0,0.0,52.0,52.0,52.0,52.0,52.0,52.0,52.0,0.0,128.0,92.0,77.0,,,,
cube,side_length,0.0525,105,53,-53.0,53.0,53.0,53.0,0.0,53.0,53.0,53.0,53.0,53.0,53.0,53.0,0.0,127.0,93.0,78.0,,,,
cube,side_length,0.0525,105,54,-54.0,54.0,54.0,54.0,0.0,54.0,54.0,54.0,54.0,54.0,54.0,54.0,0.0,126.0,94.0,79.0,,,,
cube,side_length,0.0525,105,55,-55.0,55.0,55.0,55.0,0.0,55.0,55.0,55.0,55.0,55.0,55.0,55.0,0.0,125.0,95.0,80.0,,,,
cube,side_length,0.0525,105,56,-56.0,56.0,56.0,56.0,0.0,56.0,56.0,56.0,56.0,56.0,56.0,56.0,0.0,124.0,96.0,80.0,,,,
cube,side_length,0.0525,105,57,-57.0,57.0,57.0,57.0,0.0,57.0,57.0,57.0,57.0,57.0,57.0,57.0,0.0,123.0,97.0,80.0,,,,
cube,side_length,0.0525,105,58,-58.0,58.0,58.0,58.0,0.0,58.0,58.0,58.0,58.0,58.0,58.0,58.0,0.0,122.0,98.0,80.0,,,,
cube,side_length,0.0525,105,59,-59.0,59.0,59.0,59.0,0.0,58.91015625,58.91015625,58.91015625,59.0,59.0,59.0,59.0,0.0,121.0,99.0,80.0,,contact,,
cube,side_length,0.0525,105,60,-60.0,60.0,60.0,60.0,0.0,58.91015625,58.91015625,58.91015625,60.0,60.0,60.0,60.0,0.0,120.0,100.0,80.0,,contact,,
cube,side_length,0.0525,105,61,-61.0,61.0,61.0,60.0,0.0,58.91015625,58.91015625,58.91015625,61.0,61.0,61.0,60.0,0.0,119.73828125,100.26171875,80.0,,contact,,contact
cube,side_length,0.0525,105,62,-62.0,62.0,62.0,60.0,0.0,58.91015625,58.91015625,58.91015625,62.0,62.0,62.0,60.0,0.0,119.73828125,100.26171875,80.0,,contact,,contact
cube,side_length,0.0525,105,63,-63.0,63.0,63.0,60.0,0.0,58.91015625,58.91015625,58.91015625,63.0,63.0,63.0,60.0,0.0,119.73828125,100.26171875,80.0,,contact,,contact
cube,side_length,0.0525,105,64,-64.0,64.0,64.0,60.0,0.0,58.91015625,58.91015625,58.91015625,64.0,64.0,64.0,60.0,0.0,119.73828125,100.26171875,80.0,,contact,,contact
cube,side_length,0.0525,105,65,-65.0,65.0,65.0,60.0,0.0,58.91015625,58.91015625,58.91015625,65.0,65.0,65.0,60.0,0.0,119.73828125,100.26171875,80.0,,contact,,contact
cube,side_length,0.0525,105,66,-66.0,66.0,66.0,60.0,0.0,58.91015625,58.91015625,58.91015625,66.0,66.0,66.0,60.0,0.0,119.73828125,100.26171875,80.0,,contact,,contact
cube,side_length,0.0525,105,67,-67.0,67.0,67.0,60.0,0.0,58.91015625,58.91015625,58.91015625,67.0,67.0,67.0,60.0,0.0,119.73828125,100.26171875,80.0,,contact,,contact
cube,side_length,0.0525,105,68,-68.0,68.0,68.0,60.0,0.0,58.91015625,58.91015625,58.91015625,68.0,68.0,68.0,60.0,0.0,119.73828125,100.26171875,80.0,,contact,,contact
cube,side_length,0.0525,105,69,-69.0,69.0,69.0,60.0,0.0,58.91015625,58.91015625,58.91015625,69.0,69.0,69.0,60.0,0.0,119.73828125,100.26171875,80.0,,contact,,contact
cube,side_length,0.0525,105,70,-70.0,70.0,70.0,60.0,0.0,58.91015625,58.91015625,58.91015625,70.0,70.0,70.0,60.0,0.0,119.73828125,100.26171875,80.0,,contact,,contact
cube,side_length,0.0525,105,71,-71.0,71.0,71.0,60.0,0.0,58.91015625,58.91015625,58.91015625,71.0,71.0,71.0,60.0,0.0,119.73828125,100.26171875,80.0,,contact,,contact
cube,side_length,0.0525,105,72,-72.0,72.0,72.0,60.0,0.0,58.91015625,58.91015625,58.91015625,72.0,72.0,72.0,60.0,0.0,119.73828125,100.26171875,80.0,,contact,,contact
cube,side_length,0.0525,105,73,-73.0,73.0,73.0,60.0,0.0,58.91015625,58.91015625,58.91015625,73.0,73.0,73.0,60.0,0.0,119.73828125,100.26171875,80.0,,contact,,contact
cube,side_length,0.0525,105,74,-74.0,74.0,74.0,60.0,0.0,58.91015625,58.91015625,58.91015625,74.0,74.0,74.0,60.0,0.0,119.73828125,100.26171875,80.0,,contact,,contact
cube,side_length,0.0525,105,75,-75.0,75.0,75.0,60.0,0.0,58.91015625,58.91015625,58.91015625,75.0,75.0,75.0,60.0,0.0,119.73828125,100.26171875,80.0,,contact,,contact
cube,side_length,0.0525,105,76,-75.0,76.0,76.0,60.0,0.0,58.91015625,58.91015625,58.91015625,75.0,76.0,76.0,60.0,0.0,119.73828125,100.26171875,80.0,,contact,,contact
cube,side_length,0.0525,105,77,-75.0,76.16015625,76.16015625,60.0,0.0,58.91015625,58.91015625,58.91015625,75.0,76.15234375,76.15234375,60.0,0.0,119.73828125,100.26171875,80.0,contact,contact,contact,contact
cube,side_length,0.05,100,0,0.0,0.0,0.0,0.0,0.0,0.0,0.0,0.0,0.0,0.0,0.0,0.0,0.0,180.0,40.0,25.0,,,,
cube,side_length,0.05,100,1,-1.0,1.0,1.0,1.0,0.0,1.0,1.0,1.0,1.0,1.0,1.0,1.0,0.0,179.0,41.0,26.0,,,,
cube,side_length,0.05,100,2,-2.0,2.0,2.0,2.0,0.0,2.0,2.0,2.0,2.0,2.0,2.0,2.0,0.0,178.0,42.0,27.0,,,,
cube,side_length,0.05,100,3,-3.0,3.0,3.0,3.0,0.0,3.0,3.0,3.0,3.0,3.0,3.0,3.0,0.0,177.0,43.0,28.0,,,,
cube,side_length,0.05,100,4,-4.0,4.0,4.0,4.0,0.0,4.0,4.0,4.0,4.0,4.0,4.0,4.0,0.0,176.0,44.0,29.0,,,,
cube,side_length,0.05,100,5,-5.0,5.0,5.0,5.0,0.0,5.0,5.0,5.0,5.0,5.0,5.0,5.0,0.0,175.0,45.0,30.0,,,,
cube,side_length,0.05,100,6,-6.0,6.0,6.0,6.0,0.0,6.0,6.0,6.0,6.0,6.0,6.0,6.0,0.0,174.0,46.0,31.0,,,,
cube,side_length,0.05,100,7,-7.0,7.0,7.0,7.0,0.0,7.0,7.0,7.0,7.0,7.0,7.0,7.0,0.0,173.0,47.0,32.0,,,,
cube,side_length,0.05,100,8,-8.0,8.0,8.0,8.0,0.0,8.0,8.0,8.0,8.0,8.0,8.0,8.0,0.0,172.0,48.0,33.0,,,,
cube,side_length,0.05,100,9,-9.0,9.0,9.0,9.0,0.0,9.0,9.0,9.0,9.0,9.0,9.0,9.0,0.0,171.0,49.0,34.0,,,,
cube,side_length,0.05,100,10,-10.0,10.0,10.0,10.0,0.0,10.0,10.0,10.0,10.0,10.0,10.0,10.0,0.0,170.0,50.0,35.0,,,,
cube,side_length,0.05,100,11,-11.0,11.0,11.0,11.0,0.0,11.0,11.0,11.0,11.0,11.0,11.0,11.0,0.0,169.0,51.0,36.0,,,,
cube,side_length,0.05,100,12,-12.0,12.0,12.0,12.0,0.0,12.0,12.0,12.0,12.0,12.0,12.0,12.0,0.0,168.0,52.0,37.0,,,,
cube,side_length,0.05,100,13,-13.0,13.0,13.0,13.0,0.0,13.0,13.0,13.0,13.0,13.0,13.0,13.0,0.0,167.0,53.0,38.0,,,,
cube,side_length,0.05,100,14,-14.0,14.0,14.0,14.0,0.0,14.0,14.0,14.0,14.0,14.0,14.0,14.0,0.0,166.0,54.0,39.0,,,,
cube,side_length,0.05,100,15,-15.0,15.0,15.0,15.0,0.0,15.0,15.0,15.0,15.0,15.0,15.0,15.0,0.0,165.0,55.0,40.0,,,,
cube,side_length,0.05,100,16,-16.0,16.0,16.0,16.0,0.0,16.0,16.0,16.0,16.0,16.0,16.0,16.0,0.0,164.0,56.0,41.0,,,,
cube,side_length,0.05,100,17,-17.0,17.0,17.0,17.0,0.0,17.0,17.0,17.0,17.0,17.0,17.0,17.0,0.0,163.0,57.0,42.0,,,,
cube,side_length,0.05,100,18,-18.0,18.0,18.0,18.0,0.0,18.0,18.0,18.0,18.0,18.0,18.0,18.0,0.0,162.0,58.0,43.0,,,,
cube,side_length,0.05,100,19,-19.0,19.0,19.0,19.0,0.0,19.0,19.0,19.0,19.0,19.0,19.0,19.0,0.0,161.0,59.0,44.0,,,,
cube,side_length,0.05,100,20,-20.0,20.0,20.0,20.0,0.0,20.0,20.0,20.0,20.0,20.0,20.0,20.0,0.0,160.0,60.0,45.0,,,,
cube,side_length,0.05,100,21,-21.0,21.0,21.0,21.0,0.0,21.0,21.0,21.0,21.0,21.0,21.0,21.0,0.0,159.0,61.0,46.0,,,,
cube,side_length,0.05,100,22,-22.0,22.0,22.0,22.0,0.0,22.0,22.0,22.0,22.0,22.0,22.0,22.0,0.0,158.0,62.0,47.0,,,,
cube,side_length,0.05,100,23,-23.0,23.0,23.0,23.0,0.0,23.0,23.0,23.0,23.0,23.0,23.0,23.0,0.0,157.0,63.0,48.0,,,,
cube,side_length,0.05,100,24,-24.0,24.0,24.0,24.0,0.0,24.0,24.0,24.0,24.0,24.0,24.0,24.0,0.0,156.0,64.0,49.0,,,,
cube,side_length,0.05,100,25,-25.0,25.0,25.0,25.0,0.0,25.0,25.0,25.0,25.0,25.0,25.0,25.0,0.0,155.0,65.0,50.0,,,,
cube,side_length,0.05,100,26,-26.0,26.0,26.0,26.0,0.0,26.0,26.0,26.0,26.0,26.0,26.0,26.0,0.0,154.0,66.0,51.0,,,,
cube,side_length,0.05,100,27,-27.0,27.0,27.0,27.0,0.0,27.0,27.0,27.0,27.0,27.0,27.0,27.0,0.0,153.0,67.0,52.0,,,,
cube,side_length,0.05,100,28,-28.0,28.0,28.0,28.0,0.0,28.0,28.0,28.0,28.0,28.0,28.0,28.0,0.0,152.0,68.0,53.0,,,,
cube,side_length,0.05,100,29,-29.0,29.0,29.0,29.0,0.0,29.0,29.0,29.0,29.0,29.0,29.0,29.0,0.0,151.0,69.0,54.0,,,,
cube,side_length,0.05,100,30,-30.0,30.0,30.0,30.0,0.0,30.0,30.0,30.0,30.0,30.0,30.0,30.0,0.0,150.0,70.0,55.0,,,,
cube,side_length,0.05,100,31,-31.0,31.0,31.0,31.0,0.0,31.0,31.0,31.0,31.0,31.0,31.0,31.0,0.0,149.0,71.0,56.0,,,,
cube,side_length,0.05,100,32,-32.0,32.0,32.0,32.0,0.0,32.0,32.0,32.0,32.0,32.0,32.0,32.0,0.0,148.0,72.0,57.0,,,,
cube,side_length,0.05,100,33,-33.0,33.0,33.0,33.0,0.0,33.0,33.0,33.0,33.0,33.0,33.0,33.0,0.0,147.0,73.0,58.0,,,,
cube,side_length,0.05,100,34,-34.0,34.0,34.0,34.0,0.0,34.0,34.0,34.0,34.0,34.0,34.0,34.0,0.0,146.0,74.0,59.0,,,,
cube,side_length,0.05,100,35,-35.0,35.0,35.0,35.0,0.0,35.0,35.0,35.0,35.0,35.0,35.0,35.0,0.0,145.0,75.0,60.0,,,,
cube,side_length,0.05,100,36,-36.0,36.0,36.0,36.0,0.0,36.0,36.0,36.0,36.0,36.0,36.0,36.0,0.0,144.0,76.0,61.0,,,,
cube,side_length,0.05,100,37,-37.0,37.0,37.0,37.0,0.0,37.0,37.0,37.0,37.0,37.0,37.0,37.0,0.0,143.0,77.0,62.0,,,,
cube,side_length,0.05,100,38,-38.0,38.0,38.0,38.0,0.0,38.0,38.0,38.0,38.0,38.0,38.0,38.0,0.0,142.0,78.0,63.0,,,,
cube,side_length,0.05,100,39,-39.0,39.0,39.0,39.0,0.0,39.0,39.0,39.0,39.0,39.0,39.0,39.0,0.0,141.0,79.0,64.0,,,,
cube,side_length,0.05,100,40,-40.0,40.0,40.0,40.0,0.0,40.0,40.0,40.0,40.0,40.0,40.0,40.0,0.0,140.0,80.0,65.0,,,,
cube,side_length,0.05,100,41,-41.0,41.0,41.0,41.0,0.0,41.0,41.0,41.0,41.0,41.0,41.0,41.0,0.0,139.0,81.0,66.0,,,,
cube,side_length,0.05,100,42,-42.0,42.0,42.0,42.0,0.0,42.0,42.0,42.0,42.0,42.0,42.0,42.0,0.0,138.0,82.0,67.0,,,,
cube,side_length,0.05,100,43,-43.0,43.0,43.0,43.0,0.0,43.0,43.0,43.0,43.0,43.0,43.0,43.0,0.0,137.0,83.0,68.0,,,,
cube,side_length,0.05,100,44,-44.0,44.0,44.0,44.0,0.0,44.0,44.0,44.0,44.0,44.0,44.0,44.0,0.0,136.0,84.0,69.0,,,,
cube,side_length,0.05,100,45,-45.0,45.0,45.0,45.0,0.0,45.0,45.0,45.0,45.0,45.0,45.0,45.0,0.0,135.0,85.0,70.0,,,,
cube,side_length,0.05,100,46,-46.0,46.0,46.0,46.0,0.0,46.0,46.0,46.0,46.0,46.0,46.0,46.0,0.0,134.0,86.0,71.0,,,,
cube,side_length,0.05,100,47,-47.0,47.0,47.0,47.0,0.0,47.0,47.0,47.0,47.0,47.0,47.0,47.0,0.0,133.0,87.0,72.0,,,,
cube,side_length,0.05,100,48,-48.0,48.0,48.0,48.0,0.0,48.0,48.0,48.0,48.0,48.0,48.0,48.0,0.0,132.0,88.0,73.0,,,,
cube,side_length,0.05,100,49,-49.0,49.0,49.0,49.0,0.0,49.0,49.0,49.0,49.0,49.0,49.0,49.0,0.0,131.0,89.0,74.0,,,,
cube,side_length,0.05,100,50,-50.0,50.0,50.0,50.0,0.0,50.0,50.0,50.0,50.0,50.0,50.0,50.0,0.0,130.0,90.0,75.0,,,,
cube,side_length,0.05,100,51,-51.0,51.0,51.0,51.0,0.0,51.0,51.0,51.0,51.0,51.0,51.0,51.0,0.0,129.0,91.0,76.0,,,,
cube,side_length,0.05,100,52,-52.0,52.0,52.0,52.0,0.0,52.0,52.0,52.0,52.0,52.0,52.0,52.0,0.0,128.0,92.0,77.0,,,,
cube,side_length,0.05,100,53,-53.0,53.0,53.0,53.0,0.0,53.0,53.0,53.0,53.0,53.0,53.0,53.0,0.0,127.0,93.0,78.0,,,,
cube,side_length,0.05,100,54,-54.0,54.0,54.0,54.0,0.0,54.0,54.0,54.0,54.0,54.0,54.0,54.0,0.0,126.0,94.0,79.0,,,,
cube,side_length,0.05,100,55,-55.0,55.0,55.0,55.0,0.0,55.0,55.0,55.0,55.0,55.0,55.0,55.0,0.0,125.0,95.0,80.0,,,,
cube,side_length,0.05,100,56,-56.0,56.0,56.0,56.0,0.0,56.0,56.0,56.0,56.0,56.0,56.0,56.0,0.0,124.0,96.0,80.0,,,,
cube,side_length,0.05,100,57,-57.0,57.0,57.0,57.0,0.0,57.0,57.0,57.0,57.0,57.0,57.0,57.0,0.0,123.0,97.0,80.0,,,,
cube,side_length,0.05,100,58,-58.0,58.0,58.0,58.0,0.0,58.0,58.0,58.0,58.0,58.0,58.0,58.0,0.0,122.0,98.0,80.0,,,,
cube,side_length,0.05,100,59,-59.0,59.0,59.0,59.0,0.0,59.0,59.0,59.0,59.0,59.0,59.0,59.0,0.0,121.0,99.0,80.0,,,,
cube,side_length,0.05,100,60,-60.0,60.0,60.0,60.0,0.0,60.0,60.0,60.0,60.0,60.0,60.0,60.0,0.0,120.0,100.0,80.0,,,,
cube,side_length,0.05,100,61,-61.0,61.0,61.0,60.0,0.0,60.1015625,60.1015625,60.1015625,61.0,61.0,61.0,60.0,0.0,119.0,101.0,80.0,,contact,,
cube,side_length,0.05,100,62,-62.0,62.0,62.0,60.0,0.0,60.1015625,60.1015625,60.1015625,62.0,62.0,62.0,60.0,0.0,118.453125,101.546875,80.0,,contact,,contact
cube,side_length,0.05,100,63,-63.0,63.0,63.0,60.0,0.0,60.1015625,60.1015625,60.1015625,63.0,63.0,63.0,60.0,0.0,118.453125,101.546875,80.0,,contact,,contact
cube,side_length,0.05,100,64,-64.0,64.0,64.0,60.0,0.0,60.1015625,60.1015625,60.1015625,64.0,64.0,64.0,60.0,0.0,118.453125,101.546875,80.0,,contact,,contact
cube,side_length,0.05,100,65,-65.0,65.0,65.0,60.0,0.0,60.1015625,60.1015625,60.1015625,65.0,65.0,65.0,60.0,0.0,118.453125,101.546875,80.0,,contact,,contact
cube,side_length,0.05,100,66,-66.0,66.0,66.0,60.0,0.0,60.1015625,60.1015625,60.1015625,66.0,66.0,66.0,60.0,0.0,118.453125,101.546875,80.0,,contact,,contact
cube,side_length,0.05,100,67,-67.0,67.0,67.0,60.0,0.0,60.1015625,60.1015625,60.1015625,67.0,67.0,67.0,60.0,0.0,118.453125,101.546875,80.0,,contact,,contact
cube,side_length,0.05,100,68,-68.0,68.0,68.0,60.0,0.0,60.1015625,60.1015625,60.1015625,68.0,68.0,68.0,60.0,0.0,118.453125,101.546875,80.0,,contact,,contact
cube,side_length,0.05,100,69,-69.0,69.0,69.0,60.0,0.0,60.1015625,60.1015625,60.1015625,69.0,69.0,69.0,60.0,0.0,118.453125,101.546875,80.0,,contact,,contact
cube,side_length,0.05,100,70,-70.0,70.0,70.0,60.0,0.0,60.1015625,60.1015625,60.1015625,70.0,70.0,70.0,60.0,0.0,118.453125,101.546875,80.0,,contact,,contact
cube,side_length,0.05,100,71,-71.0,71.0,71.0,60.0,0.0,60.1015625,60.1015625,60.1015625,71.0,71.0,71.0,60.0,0.0,118.453125,101.546875,80.0,,contact,,contact
cube,side_length,0.05,100,72,-72.0,72.0,72.0,60.0,0.0,60.1015625,60.1015625,60.1015625,72.0,72.0,72.0,60.0,0.0,118.453125,101.546875,80.0,,contact,,contact
cube,side_length,0.05,100,73,-73.0,73.0,73.0,60.0,0.0,60.1015625,60.1015625,60.1015625,73.0,73.0,73.0,60.0,0.0,118.453125,101.546875,80.0,,contact,,contact
cube,side_length,0.05,100,74,-74.0,74.0,74.0,60.0,0.0,60.1015625,60.1015625,60.1015625,74.0,74.0,74.0,60.0,0.0,118.453125,101.546875,80.0,,contact,,contact
cube,side_length,0.05,100,75,-75.0,75.0,75.0,60.0,0.0,60.1015625,60.1015625,60.1015625,75.0,75.0,75.0,60.0,0.0,118.453125,101.546875,80.0,,contact,,contact
cube,side_length,0.05,100,76,-75.0,76.0,76.0,60.0,0.0,60.1015625,60.1015625,60.1015625,75.0,76.0,76.0,60.0,0.0,118.453125,101.546875,80.0,,contact,,contact
cube,side_length,0.05,100,77,-75.0,77.0,77.0,60.0,0.0,60.1015625,60.1015625,60.1015625,75.0,77.0,77.0,60.0,0.0,118.453125,101.546875,80.0,,contact,,contact
cube,side_length,0.05,100,78,-75.0,77.38671875,77.38671875,60.0,0.0,60.1015625,60.1015625,60.1015625,75.0,77.37890625,77.37890625,60.0,0.0,118.453125,101.546875,80.0,contact,contact,contact,contact
cube,side_length,0.0475,95,0,0.0,0.0,0.0,0.0,0.0,0.0,0.0,0.0,0.0,0.0,0.0,0.0,0.0,180.0,40.0,25.0,,,,
cube,side_length,0.0475,95,1,-1.0,1.0,1.0,1.0,0.0,1.0,1.0,1.0,1.0,1.0,1.0,1.0,0.0,179.0,41.0,26.0,,,,
cube,side_length,0.0475,95,2,-2.0,2.0,2.0,2.0,0.0,2.0,2.0,2.0,2.0,2.0,2.0,2.0,0.0,178.0,42.0,27.0,,,,
cube,side_length,0.0475,95,3,-3.0,3.0,3.0,3.0,0.0,3.0,3.0,3.0,3.0,3.0,3.0,3.0,0.0,177.0,43.0,28.0,,,,
cube,side_length,0.0475,95,4,-4.0,4.0,4.0,4.0,0.0,4.0,4.0,4.0,4.0,4.0,4.0,4.0,0.0,176.0,44.0,29.0,,,,
cube,side_length,0.0475,95,5,-5.0,5.0,5.0,5.0,0.0,5.0,5.0,5.0,5.0,5.0,5.0,5.0,0.0,175.0,45.0,30.0,,,,
cube,side_length,0.0475,95,6,-6.0,6.0,6.0,6.0,0.0,6.0,6.0,6.0,6.0,6.0,6.0,6.0,0.0,174.0,46.0,31.0,,,,
cube,side_length,0.0475,95,7,-7.0,7.0,7.0,7.0,0.0,7.0,7.0,7.0,7.0,7.0,7.0,7.0,0.0,173.0,47.0,32.0,,,,
cube,side_length,0.0475,95,8,-8.0,8.0,8.0,8.0,0.0,8.0,8.0,8.0,8.0,8.0,8.0,8.0,0.0,172.0,48.0,33.0,,,,
cube,side_length,0.0475,95,9,-9.0,9.0,9.0,9.0,0.0,9.0,9.0,9.0,9.0,9.0,9.0,9.0,0.0,171.0,49.0,34.0,,,,
cube,side_length,0.0475,95,10,-10.0,10.0,10.0,10.0,0.0,10.0,10.0,10.0,10.0,10.0,10.0,10.0,0.0,170.0,50.0,35.0,,,,
cube,side_length,0.0475,95,11,-11.0,11.0,11.0,11.0,0.0,11.0,11.0,11.0,11.0,11.0,11.0,11.0,0.0,169.0,51.0,36.0,,,,
cube,side_length,0.0475,95,12,-12.0,12.0,12.0,12.0,0.0,12.0,12.0,12.0,12.0,12.0,12.0,12.0,0.0,168.0,52.0,37.0,,,,
cube,side_length,0.0475,95,13,-13.0,13.0,13.0,13.0,0.0,13.0,13.0,13.0,13.0,13.0,13.0,13.0,0.0,167.0,53.0,38.0,,,,
cube,side_length,0.0475,95,14,-14.0,14.0,14.0,14.0,0.0,14.0,14.0,14.0,14.0,14.0,14.0,14.0,0.0,166.0,54.0,39.0,,,,
cube,side_length,0.0475,95,15,-15.0,15.0,15.0,15.0,0.0,15.0,15.0,15.0,15.0,15.0,15.0,15.0,0.0,165.0,55.0,40.0,,,,
cube,side_length,0.0475,95,16,-16.0,16.0,16.0,16.0,0.0,16.0,16.0,16.0,16.0,16.0,16.0,16.0,0.0,164.0,56.0,41.0,,,,
cube,side_length,0.0475,95,17,-17.0,17.0,17.0,17.0,0.0,17.0,17.0,17.0,17.0,17.0,17.0,17.0,0.0,163.0,57.0,42.0,,,,
cube,side_length,0.0475,95,18,-18.0,18.0,18.0,18.0,0.0,18.0,18.0,18.0,18.0,18.0,18.0,18.0,0.0,162.0,58.0,43.0,,,,
cube,side_length,0.0475,95,19,-19.0,19.0,19.0,19.0,0.0,19.0,19.0,19.0,19.0,19.0,19.0,19.0,0.0,161.0,59.0,44.0,,,,
cube,side_length,0.0475,95,20,-20.0,20.0,20.0,20.0,0.0,20.0,20.0,20.0,20.0,20.0,20.0,20.0,0.0,160.0,60.0,45.0,,,,
cube,side_length,0.0475,95,21,-21.0,21.0,21.0,21.0,0.0,21.0,21.0,21.0,21.0,21.0,21.0,21.0,0.0,159.0,61.0,46.0,,,,
cube,side_length,0.0475,95,22,-22.0,22.0,22.0,22.0,0.0,22.0,22.0,22.0,22.0,22.0,22.0,22.0,0.0,158.0,62.0,47.0,,,,
cube,side_length,0.0475,95,23,-23.0,23.0,23.0,23.0,0.0,23.0,23.0,23.0,23.0,23.0,23.0,23.0,0.0,157.0,63.0,48.0,,,,
cube,side_length,0.0475,95,24,-24.0,24.0,24.0,24.0,0.0,24.0,24.0,24.0,24.0,24.0,24.0,24.0,0.0,156.0,64.0,49.0,,,,
cube,side_length,0.0475,95,25,-25.0,25.0,25.0,25.0,0.0,25.0,25.0,25.0,25.0,25.0,25.0,25.0,0.0,155.0,65.0,50.0,,,,
cube,side_length,0.0475,95,26,-26.0,26.0,26.0,26.0,0.0,26.0,26.0,26.0,26.0,26.0,26.0,26.0,0.0,154.0,66.0,51.0,,,,
cube,side_length,0.0475,95,27,-27.0,27.0,27.0,27.0,0.0,27.0,27.0,27.0,27.0,27.0,27.0,27.0,0.0,153.0,67.0,52.0,,,,
cube,side_length,0.0475,95,28,-28.0,28.0,28.0,28.0,0.0,28.0,28.0,28.0,28.0,28.0,28.0,28.0,0.0,152.0,68.0,53.0,,,,
cube,side_length,0.0475,95,29,-29.0,29.0,29.0,29.0,0.0,29.0,29.0,29.0,29.0,29.0,29.0,29.0,0.0,151.0,69.0,54.0,,,,
cube,side_length,0.0475,95,30,-30.0,30.0,30.0,30.0,0.0,30.0,30.0,30.0,30.0,30.0,30.0,30.0,0.0,150.0,70.0,55.0,,,,
cube,side_length,0.0475,95,31,-31.0,31.0,31.0,31.0,0.0,31.0,31.0,31.0,31.0,31.0,31.0,31.0,0.0,149.0,71.0,56.0,,,,
cube,side_length,0.0475,95,32,-32.0,32.0,32.0,32.0,0.0,32.0,32.0,32.0,32.0,32.0,32.0,32.0,0.0,148.0,72.0,57.0,,,,
cube,side_length,0.0475,95,33,-33.0,33.0,33.0,33.0,0.0,33.0,33.0,33.0,33.0,33.0,33.0,33.0,0.0,147.0,73.0,58.0,,,,
cube,side_length,0.0475,95,34,-34.0,34.0,34.0,34.0,0.0,34.0,34.0,34.0,34.0,34.0,34.0,34.0,0.0,146.0,74.0,59.0,,,,
cube,side_length,0.0475,95,35,-35.0,35.0,35.0,35.0,0.0,35.0,35.0,35.0,35.0,35.0,35.0,35.0,0.0,145.0,75.0,60.0,,,,
cube,side_length,0.0475,95,36,-36.0,36.0,36.0,36.0,0.0,36.0,36.0,36.0,36.0,36.0,36.0,36.0,0.0,144.0,76.0,61.0,,,,
cube,side_length,0.0475,95,37,-37.0,37.0,37.0,37.0,0.0,37.0,37.0,37.0,37.0,37.0,37.0,37.0,0.0,143.0,77.0,62.0,,,,
cube,side_length,0.0475,95,38,-38.0,38.0,38.0,38.0,0.0,38.0,38.0,38.0,38.0,38.0,38.0,38.0,0.0,142.0,78.0,63.0,,,,
cube,side_length,0.0475,95,39,-39.0,39.0,39.0,39.0,0.0,39.0,39.0,39.0,39.0,39.0,39.0,39.0,0.0,141.0,79.0,64.0,,,,
cube,side_length,0.0475,95,40,-40.0,40.0,40.0,40.0,0.0,40.0,40.0,40.0,40.0,40.0,40.0,40.0,0.0,140.0,80.0,65.0,,,,
cube,side_length,0.0475,95,41,-41.0,41.0,41.0,41.0,0.0,41.0,41.0,41.0,41.0,41.0,41.0,41.0,0.0,139.0,81.0,66.0,,,,
cube,side_length,0.0475,95,42,-42.0,42.0,42.0,42.0,0.0,42.0,42.0,42.0,42.0,42.0,42.0,42.0,0.0,138.0,82.0,67.0,,,,
cube,side_length,0.0475,95,43,-43.0,43.0,43.0,43.0,0.0,43.0,43.0,43.0,43.0,43.0,43.0,43.0,0.0,137.0,83.0,68.0,,,,
cube,side_length,0.0475,95,44,-44.0,44.0,44.0,44.0,0.0,44.0,44.0,44.0,44.0,44.0,44.0,44.0,0.0,136.0,84.0,69.0,,,,
cube,side_length,0.0475,95,45,-45.0,45.0,45.0,45.0,0.0,45.0,45.0,45.0,45.0,45.0,45.0,45.0,0.0,135.0,85.0,70.0,,,,
cube,side_length,0.0475,95,46,-46.0,46.0,46.0,46.0,0.0,46.0,46.0,46.0,46.0,46.0,46.0,46.0,0.0,134.0,86.0,71.0,,,,
cube,side_length,0.0475,95,47,-47.0,47.0,47.0,47.0,0.0,47.0,47.0,47.0,47.0,47.0,47.0,47.0,0.0,133.0,87.0,72.0,,,,
cube,side_length,0.0475,95,48,-48.0,48.0,48.0,48.0,0.0,48.0,48.0,48.0,48.0,48.0,48.0,48.0,0.0,132.0,88.0,73.0,,,,
cube,side_length,0.0475,95,49,-49.0,49.0,49.0,49.0,0.0,49.0,49.0,49.0,49.0,49.0,49.0,49.0,0.0,131.0,89.0,74.0,,,,
cube,side_length,0.0475,95,50,-50.0,50.0,50.0,50.0,0.0,50.0,50.0,50.0,50.0,50.0,50.0,50.0,0.0,130.0,90.0,75.0,,,,
cube,side_length,0.0475,95,51,-51.0,51.0,51.0,51.0,0.0,51.0,51.0,51.0,51.0,51.0,51.0,51.0,0.0,129.0,91.0,76.0,,,,
cube,side_length,0.0475,95,52,-52.0,52.0,52.0,52.0,0.0,52.0,52.0,52.0,52.0,52.0,52.0,52.0,0.0,128.0,92.0,77.0,,,,
cube,side_length,0.0475,95,53,-53.0,53.0,53.0,53.0,0.0,53.0,53.0,53.0,53.0,53.0,53.0,53.0,0.0,127.0,93.0,78.0,,,,
cube,side_length,0.0475,95,54,-54.0,54.0,54.0,54.0,0.0,54.0,54.0,54.0,54.0,54.0,54.0,54.0,0.0,126.0,94.0,79.0,,,,
cube,side_length,0.0475,95,55,-55.0,55.0,55.0,55.0,0.0,55.0,55.0,55.0,55.0,55.0,55.0,55.0,0.0,125.0,95.0,80.0,,,,
cube,side_length,0.0475,95,56,-56.0,56.0,56.0,56.0,0.0,56.0,56.0,56.0,56.0,56.0,56.0,56.0,0.0,124.0,96.0,80.0,,,,
cube,side_length,0.0475,95,57,-57.0,57.0,57.0,57.0,0.0,57.0,57.0,57.0,57.0,57.0,57.0,57.0,0.0,123.0,97.0,80.0,,,,
cube,side_length,0.0475,95,58,-58.0,58.0,58.0,58.0,0.0,58.0,58.0,58.0,58.0,58.0,58.0,58.0,0.0,122.0,98.0,80.0,,,,
cube,side_length,0.0475,95,59,-59.0,59.0,59.0,59.0,0.0,59.0,59.0,59.0,59.0,59.0,59.0,59.0,0.0,121.0,99.0,80.0,,,,
cube,side_length,0.0475,95,60,-60.0,60.0,60.0,60.0,0.0,60.0,60.0,60.0,60.0,60.0,60.0,60.0,0.0,120.0,100.0,80.0,,,,
cube,side_length,0.0475,95,61,-61.0,61.0,61.0,60.0,0.0,61.0,61.0,61.0,61.0,61.0,61.0,60.0,0.0,119.0,101.0,80.0,,,,
cube,side_length,0.0475,95,62,-62.0,62.0,62.0,60.0,0.0,61.03515625,61.03515625,61.03515625,62.0,62.0,62.0,60.0,0.0,118.0,102.0,80.0,,contact,,
cube,side_length,0.0475,95,63,-63.0,63.0,63.0,60.0,0.0,61.03515625,61.03515625,61.03515625,63.0,63.0,63.0,60.0,0.0,117.14453125,102.85546875,80.0,,contact,,contact
cube,side_length,0.0475,95,64,-64.0,64.0,64.0,60.0,0.0,61.03515625,61.03515625,61.03515625,64.0,64.0,64.0,60.0,0.0,117.14453125,102.85546875,80.0,,contact,,contact
cube,side_length,0.0475,95,65,-65.0,65.0,65.0,60.0,0.0,61.03515625,61.03515625,61.03515625,65.0,65.0,65.0,60.0,0.0,117.14453125,102.85546875,80.0,,contact,,contact
cube,side_length,0.0475,95,66,-66.0,66.0,66.0,60.0,0.0,61.03515625,61.03515625,61.03515625,66.0,66.0,66.0,60.0,0.0,117.14453125,102.85546875,80.0,,contact,,contact
cube,side_length,0.0475,95,67,-67.0,67.0,67.0,60.0,0.0,61.03515625,61.03515625,61.03515625,67.0,67.0,67.0,60.0,0.0,117.14453125,102.85546875,80.0,,contact,,contact
cube,side_length,0.0475,95,68,-68.0,68.0,68.0,60.0,0.0,61.03515625,61.03515625,61.03515625,68.0,68.0,68.0,60.0,0.0,117.14453125,102.85546875,80.0,,contact,,contact
cube,side_length,0.0475,95,69,-69.0,69.0,69.0,60.0,0.0,61.03515625,61.03515625,61.03515625,69.0,69.0,69.0,60.0,0.0,117.14453125,102.85546875,80.0,,contact,,contact
cube,side_length,0.0475,95,70,-70.0,70.0,70.0,60.0,0.0,61.03515625,61.03515625,61.03515625,70.0,70.0,70.0,60.0,0.0,117.14453125,102.85546875,80.0,,contact,,contact
cube,side_length,0.0475,95,71,-71.0,71.0,71.0,60.0,0.0,61.03515625,61.03515625,61.03515625,71.0,71.0,71.0,60.0,0.0,117.14453125,102.85546875,80.0,,contact,,contact
cube,side_length,0.0475,95,72,-72.0,72.0,72.0,60.0,0.0,61.03515625,61.03515625,61.03515625,72.0,72.0,72.0,60.0,0.0,117.14453125,102.85546875,80.0,,contact,,contact
cube,side_length,0.0475,95,73,-73.0,73.0,73.0,60.0,0.0,61.03515625,61.03515625,61.03515625,73.0,73.0,73.0,60.0,0.0,117.14453125,102.85546875,80.0,,contact,,contact
cube,side_length,0.0475,95,74,-74.0,74.0,74.0,60.0,0.0,61.03515625,61.03515625,61.03515625,74.0,74.0,74.0,60.0,0.0,117.14453125,102.85546875,80.0,,contact,,contact
cube,side_length,0.0475,95,75,-75.0,75.0,75.0,60.0,0.0,61.03515625,61.03515625,61.03515625,75.0,75.0,75.0,60.0,0.0,117.14453125,102.85546875,80.0,,contact,,contact
cube,side_length,0.0475,95,76,-75.0,76.0,76.0,60.0,0.0,61.03515625,61.03515625,61.03515625,75.0,76.0,76.0,60.0,0.0,117.14453125,102.85546875,80.0,,contact,,contact
cube,side_length,0.0475,95,77,-75.0,77.0,77.0,60.0,0.0,61.03515625,61.03515625,61.03515625,75.0,77.0,77.0,60.0,0.0,117.14453125,102.85546875,80.0,,contact,,contact
cube,side_length,0.0475,95,78,-75.0,78.0,78.0,60.0,0.0,61.03515625,61.03515625,61.03515625,75.0,78.0,78.0,60.0,0.0,117.14453125,102.85546875,80.0,,contact,,contact
cube,side_length,0.0475,95,79,-75.0,78.625,78.625,60.0,0.0,61.03515625,61.03515625,61.03515625,75.0,78.6171875,78.6171875,60.0,0.0,117.14453125,102.85546875,80.0,contact,contact,contact,contact
cube,side_length,0.045,90,0,0.0,0.0,0.0,0.0,0.0,0.0,0.0,0.0,0.0,0.0,0.0,0.0,0.0,180.0,40.0,25.0,,,,
cube,side_length,0.045,90,1,-1.0,1.0,1.0,1.0,0.0,1.0,1.0,1.0,1.0,1.0,1.0,1.0,0.0,179.0,41.0,26.0,,,,
cube,side_length,0.045,90,2,-2.0,2.0,2.0,2.0,0.0,2.0,2.0,2.0,2.0,2.0,2.0,2.0,0.0,178.0,42.0,27.0,,,,
cube,side_length,0.045,90,3,-3.0,3.0,3.0,3.0,0.0,3.0,3.0,3.0,3.0,3.0,3.0,3.0,0.0,177.0,43.0,28.0,,,,
cube,side_length,0.045,90,4,-4.0,4.0,4.0,4.0,0.0,4.0,4.0,4.0,4.0,4.0,4.0,4.0,0.0,176.0,44.0,29.0,,,,
cube,side_length,0.045,90,5,-5.0,5.0,5.0,5.0,0.0,5.0,5.0,5.0,5.0,5.0,5.0,5.0,0.0,175.0,45.0,30.0,,,,
cube,side_length,0.045,90,6,-6.0,6.0,6.0,6.0,0.0,6.0,6.0,6.0,6.0,6.0,6.0,6.0,0.0,174.0,46.0,31.0,,,,
cube,side_length,0.045,90,7,-7.0,7.0,7.0,7.0,0.0,7.0,7.0,7.0,7.0,7.0,7.0,7.0,0.0,173.0,47.0,32.0,,,,
cube,side_length,0.045,90,8,-8.0,8.0,8.0,8.0,0.0,8.0,8.0,8.0,8.0,8.0,8.0,8.0,0.0,172.0,48.0,33.0,,,,
cube,side_length,0.045,90,9,-9.0,9.0,9.0,9.0,0.0,9.0,9.0,9.0,9.0,9.0,9.0,9.0,0.0,171.0,49.0,34.0,,,,
cube,side_length,0.045,90,10,-10.0,10.0,10.0,10.0,0.0,10.0,10.0,10.0,10.0,10.0,10.0,10.0,0.0,170.0,50.0,35.0,,,,
cube,side_length,0.045,90,11,-11.0,11.0,11.0,11.0,0.0,11.0,11.0,11.0,11.0,11.0,11.0,11.0,0.0,169.0,51.0,36.0,,,,
cube,side_length,0.045,90,12,-12.0,12.0,12.0,12.0,0.0,12.0,12.0,12.0,12.0,12.0,12.0,12.0,0.0,168.0,52.0,37.0,,,,
cube,side_length,0.045,90,13,-13.0,13.0,13.0,13.0,0.0,13.0,13.0,13.0,13.0,13.0,13.0,13.0,0.0,167.0,53.0,38.0,,,,
cube,side_length,0.045,90,14,-14.0,14.0,14.0,14.0,0.0,14.0,14.0,14.0,14.0,14.0,14.0,14.0,0.0,166.0,54.0,39.0,,,,
cube,side_length,0.045,90,15,-15.0,15.0,15.0,15.0,0.0,15.0,15.0,15.0,15.0,15.0,15.0,15.0,0.0,165.0,55.0,40.0,,,,
cube,side_length,0.045,90,16,-16.0,16.0,16.0,16.0,0.0,16.0,16.0,16.0,16.0,16.0,16.0,16.0,0.0,164.0,56.0,41.0,,,,
cube,side_length,0.045,90,17,-17.0,17.0,17.0,17.0,0.0,17.0,17.0,17.0,17.0,17.0,17.0,17.0,0.0,163.0,57.0,42.0,,,,
cube,side_length,0.045,90,18,-18.0,18.0,18.0,18.0,0.0,18.0,18.0,18.0,18.0,18.0,18.0,18.0,0.0,162.0,58.0,43.0,,,,
cube,side_length,0.045,90,19,-19.0,19.0,19.0,19.0,0.0,19.0,19.0,19.0,19.0,19.0,19.0,19.0,0.0,161.0,59.0,44.0,,,,
cube,side_length,0.045,90,20,-20.0,20.0,20.0,20.0,0.0,20.0,20.0,20.0,20.0,20.0,20.0,20.0,0.0,160.0,60.0,45.0,,,,
cube,side_length,0.045,90,21,-21.0,21.0,21.0,21.0,0.0,21.0,21.0,21.0,21.0,21.0,21.0,21.0,0.0,159.0,61.0,46.0,,,,
cube,side_length,0.045,90,22,-22.0,22.0,22.0,22.0,0.0,22.0,22.0,22.0,22.0,22.0,22.0,22.0,0.0,158.0,62.0,47.0,,,,
cube,side_length,0.045,90,23,-23.0,23.0,23.0,23.0,0.0,23.0,23.0,23.0,23.0,23.0,23.0,23.0,0.0,157.0,63.0,48.0,,,,
cube,side_length,0.045,90,24,-24.0,24.0,24.0,24.0,0.0,24.0,24.0,24.0,24.0,24.0,24.0,24.0,0.0,156.0,64.0,49.0,,,,
cube,side_length,0.045,90,25,-25.0,25.0,25.0,25.0,0.0,25.0,25.0,25.0,25.0,25.0,25.0,25.0,0.0,155.0,65.0,50.0,,,,
cube,side_length,0.045,90,26,-26.0,26.0,26.0,26.0,0.0,26.0,26.0,26.0,26.0,26.0,26.0,26.0,0.0,154.0,66.0,51.0,,,,
cube,side_length,0.045,90,27,-27.0,27.0,27.0,27.0,0.0,27.0,27.0,27.0,27.0,27.0,27.0,27.0,0.0,153.0,67.0,52.0,,,,
cube,side_length,0.045,90,28,-28.0,28.0,28.0,28.0,0.0,28.0,28.0,28.0,28.0,28.0,28.0,28.0,0.0,152.0,68.0,53.0,,,,
cube,side_length,0.045,90,29,-29.0,29.0,29.0,29.0,0.0,29.0,29.0,29.0,29.0,29.0,29.0,29.0,0.0,151.0,69.0,54.0,,,,
cube,side_length,0.045,90,30,-30.0,30.0,30.0,30.0,0.0,30.0,30.0,30.0,30.0,30.0,30.0,30.0,0.0,150.0,70.0,55.0,,,,
cube,side_length,0.045,90,31,-31.0,31.0,31.0,31.0,0.0,31.0,31.0,31.0,31.0,31.0,31.0,31.0,0.0,149.0,71.0,56.0,,,,
cube,side_length,0.045,90,32,-32.0,32.0,32.0,32.0,0.0,32.0,32.0,32.0,32.0,32.0,32.0,32.0,0.0,148.0,72.0,57.0,,,,
cube,side_length,0.045,90,33,-33.0,33.0,33.0,33.0,0.0,33.0,33.0,33.0,33.0,33.0,33.0,33.0,0.0,147.0,73.0,58.0,,,,
cube,side_length,0.045,90,34,-34.0,34.0,34.0,34.0,0.0,34.0,34.0,34.0,34.0,34.0,34.0,34.0,0.0,146.0,74.0,59.0,,,,
cube,side_length,0.045,90,35,-35.0,35.0,35.0,35.0,0.0,35.0,35.0,35.0,35.0,35.0,35.0,35.0,0.0,145.0,75.0,60.0,,,,
cube,side_length,0.045,90,36,-36.0,36.0,36.0,36.0,0.0,36.0,36.0,36.0,36.0,36.0,36.0,36.0,0.0,144.0,76.0,61.0,,,,
cube,side_length,0.045,90,37,-37.0,37.0,37.0,37.0,0.0,37.0,37.0,37.0,37.0,37.0,37.0,37.0,0.0,143.0,77.0,62.0,,,,
cube,side_length,0.045,90,38,-38.0,38.0,38.0,38.0,0.0,38.0,38.0,38.0,38.0,38.0,38.0,38.0,0.0,142.0,78.0,63.0,,,,
cube,side_length,0.045,90,39,-39.0,39.0,39.0,39.0,0.0,39.0,39.0,39.0,39.0,39.0,39.0,39.0,0.0,141.0,79.0,64.0,,,,
cube,side_length,0.045,90,40,-40.0,40.0,40.0,40.0,0.0,40.0,40.0,40.0,40.0,40.0,40.0,40.0,0.0,140.0,80.0,65.0,,,,
cube,side_length,0.045,90,41,-41.0,41.0,41.0,41.0,0.0,41.0,41.0,41.0,41.0,41.0,41.0,41.0,0.0,139.0,81.0,66.0,,,,
cube,side_length,0.045,90,42,-42.0,42.0,42.0,42.0,0.0,42.0,42.0,42.0,42.0,42.0,42.0,42.0,0.0,138.0,82.0,67.0,,,,
cube,side_length,0.045,90,43,-43.0,43.0,43.0,43.0,0.0,43.0,43.0,43.0,43.0,43.0,43.0,43.0,0.0,137.0,83.0,68.0,,,,
cube,side_length,0.045,90,44,-44.0,44.0,44.0,44.0,0.0,44.0,44.0,44.0,44.0,44.0,44.0,44.0,0.0,136.0,84.0,69.0,,,,
cube,side_length,0.045,90,45,-45.0,45.0,45.0,45.0,0.0,45.0,45.0,45.0,45.0,45.0,45.0,45.0,0.0,135.0,85.0,70.0,,,,
cube,side_length,0.045,90,46,-46.0,46.0,46.0,46.0,0.0,46.0,46.0,46.0,46.0,46.0,46.0,46.0,0.0,134.0,86.0,71.0,,,,
cube,side_length,0.045,90,47,-47.0,47.0,47.0,47.0,0.0,47.0,47.0,47.0,47.0,47.0,47.0,47.0,0.0,133.0,87.0,72.0,,,,
cube,side_length,0.045,90,48,-48.0,48.0,48.0,48.0,0.0,48.0,48.0,48.0,48.0,48.0,48.0,48.0,0.0,132.0,88.0,73.0,,,,
cube,side_length,0.045,90,49,-49.0,49.0,49.0,49.0,0.0,49.0,49.0,49.0,49.0,49.0,49.0,49.0,0.0,131.0,89.0,74.0,,,,
cube,side_length,0.045,90,50,-50.0,50.0,50.0,50.0,0.0,50.0,50.0,50.0,50.0,50.0,50.0,50.0,0.0,130.0,90.0,75.0,,,,
cube,side_length,0.045,90,51,-51.0,51.0,51.0,51.0,0.0,51.0,51.0,51.0,51.0,51.0,51.0,51.0,0.0,129.0,91.0,76.0,,,,
cube,side_length,0.045,90,52,-52.0,52.0,52.0,52.0,0.0,52.0,52.0,52.0,52.0,52.0,52.0,52.0,0.0,128.0,92.0,77.0,,,,
cube,side_length,0.045,90,53,-53.0,53.0,53.0,53.0,0.0,53.0,53.0,53.0,53.0,53.0,53.0,53.0,0.0,127.0,93.0,78.0,,,,
cube,side_length,0.045,90,54,-54.0,54.0,54.0,54.0,0.0,54.0,54.0,54.0,54.0,54.0,54.0,54.0,0.0,126.0,94.0,79.0,,,,
cube,side_length,0.045,90,55,-55.0,55.0,55.0,55.0,0.0,55.0,55.0,55.0,55.0,55.0,55.0,55.0,0.0,125.0,95.0,80.0,,,,
cube,side_length,0.045,90,56,-56.0,56.0,56.0,56.0,0.0,56.0,56.0,56.0,56.0,56.0,56.0,56.0,0.0,124.0,96.0,80.0,,,,
cube,side_length,0.045,90,57,-57.0,57.0,57.0,57.0,0.0,57.0,57.0,57.0,57.0,57.0,57.0,57.0,0.0,123.0,97.0,80.0,,,,
cube,side_length,0.045,90,58,-58.0,58.0,58.0,58.0,0.0,58.0,58.0,58.0,58.0,58.0,58.0,58.0,0.0,122.0,98.0,80.0,,,,
cube,side_length,0.045,90,59,-59.0,59.0,59.0,59.0,0.0,59.0,59.0,59.0,59.0,59.0,59.0,59.0,0.0,121.0,99.0,80.0,,,,
cube,side_length,0.045,90,60,-60.0,60.0,60.0,60.0,0.0,60.0,60.0,60.0,60.0,60.0,60.0,60.0,0.0,120.0,100.0,80.0,,,,
cube,side_length,0.045,90,61,-61.0,61.0,61.0,60.0,0.0,61.0,61.0,61.0,61.0,61.0,61.0,60.0,0.0,119.0,101.0,80.0,,,,
cube,side_length,0.045,90,62,-62.0,62.0,62.0,60.0,0.0,61.9609375,61.9609375,61.9609375,62.0,62.0,62.0,60.0,0.0,118.0,102.0,80.0,,contact,,
cube,side_length,0.045,90,63,-63.0,63.0,63.0,60.0,0.0,61.9609375,61.9609375,61.9609375,63.0,63.0,63.0,60.0,0.0,117.0,103.0,80.0,,contact,,
cube,side_length,0.045,90,64,-64.0,64.0,64.0,60.0,0.0,61.9609375,61.9609375,61.9609375,64.0,64.0,64.0,60.0,0.0,116.0,104.0,80.0,,contact,,
cube,side_length,0.045,90,65,-65.0,65.0,65.0,60.0,0.0,61.9609375,61.9609375,61.9609375,65.0,65.0,65.0,60.0,0.0,115.80859375,104.19140625,80.0,,contact,,contact
cube,side_length,0.045,90,66,-66.0,66.0,66.0,60.0,0.0,61.9609375,61.9609375,61.9609375,66.0,66.0,66.0,60.0,0.0,115.80859375,104.19140625,80.0,,contact,,contact
cube,side_length,0.045,90,67,-67.0,67.0,67.0,60.0,0.0,61.9609375,61.9609375,61.9609375,67.0,67.0,67.0,60.0,0.0,115.80859375,104.19140625,80.0,,contact,,contact
cube,side_length,0.045,90,68,-68.0,68.0,68.0,60.0,0.0,61.9609375,61.9609375,61.9609375,68.0,68.0,68.0,60.0,0.0,115.80859375,104.19140625,80.0,,contact,,contact
cube,side_length,0.045,90,69,-69.0,69.0,69.0,60.0,0.0,61.9609375,61.9609375,61.9609375,69.0,69.0,69.0,60.0,0.0,115.80859375,104.19140625,80.0,,contact,,contact
cube,side_length,0.045,90,70,-70.0,70.0,70.0,60.0,0.0,61.9609375,61.9609375,61.9609375,70.0,70.0,70.0,60.0,0.0,115.80859375,104.19140625,80.0,,contact,,contact
cube,side_length,0.045,90,71,-71.0,71.0,71.0,60.0,0.0,61.9609375,61.9609375,61.9609375,71.0,71.0,71.0,60.0,0.0,115.80859375,104.19140625,80.0,,contact,,contact
cube,side_length,0.045,90,72,-72.0,72.0,72.0,60.0,0.0,61.9609375,61.9609375,61.9609375,72.0,72.0,72.0,60.0,0.0,115.80859375,104.19140625,80.0,,contact,,contact
cube,side_length,0.045,90,73,-73.0,73.0,73.0,60.0,0.0,61.9609375,61.9609375,61.9609375,73.0,73.0,73.0,60.0,0.0,115.80859375,104.19140625,80.0,,contact,,contact
cube,side_length,0.045,90,74,-74.0,74.0,74.0,60.0,0.0,61.9609375,61.9609375,61.9609375,74.0,74.0,74.0,60.0,0.0,115.80859375,104.19140625,80.0,,contact,,contact
cube,side_length,0.045,90,75,-75.0,75.0,75.0,60.0,0.0,61.9609375,61.9609375,61.9609375,75.0,75.0,75.0,60.0,0.0,115.80859375,104.19140625,80.0,,contact,,contact
cube,side_length,0.045,90,76,-75.0,76.0,76.0,60.0,0.0,61.9609375,61.9609375,61.9609375,75.0,76.0,76.0,60.0,0.0,115.80859375,104.19140625,80.0,,contact,,contact
cube,side_length,0.045,90,77,-75.0,77.0,77.0,60.0,0.0,61.9609375,61.9609375,61.9609375,75.0,77.0,77.0,60.0,0.0,115.80859375,104.19140625,80.0,,contact,,contact
cube,side_length,0.045,90,78,-75.0,78.0,78.0,60.0,0.0,61.9609375,61.9609375,61.9609375,75.0,78.0,78.0,60.0,0.0,115.80859375,104.19140625,80.0,,contact,,contact
cube,side_length,0.045,90,79,-75.0,79.0,79.0,60.0,0.0,61.9609375,61.9609375,61.9609375,75.0,79.0,79.0,60.0,0.0,115.80859375,104.19140625,80.0,,contact,,contact
cube,side_length,0.045,90,80,-75.0,79.8828125,79.8828125,60.0,0.0,61.9609375,61.9609375,61.9609375,75.0,79.87109375,79.87109375,60.0,0.0,115.80859375,104.19140625,80.0,contact,contact,contact,contact
cube,side_length,0.0425,85,0,0.0,0.0,0.0,0.0,0.0,0.0,0.0,0.0,0.0,0.0,0.0,0.0,0.0,180.0,40.0,25.0,,,,
cube,side_length,0.0425,85,1,-1.0,1.0,1.0,1.0,0.0,1.0,1.0,1.0,1.0,1.0,1.0,1.0,0.0,179.0,41.0,26.0,,,,
cube,side_length,0.0425,85,2,-2.0,2.0,2.0,2.0,0.0,2.0,2.0,2.0,2.0,2.0,2.0,2.0,0.0,178.0,42.0,27.0,,,,
cube,side_length,0.0425,85,3,-3.0,3.0,3.0,3.0,0.0,3.0,3.0,3.0,3.0,3.0,3.0,3.0,0.0,177.0,43.0,28.0,,,,
cube,side_length,0.0425,85,4,-4.0,4.0,4.0,4.0,0.0,4.0,4.0,4.0,4.0,4.0,4.0,4.0,0.0,176.0,44.0,29.0,,,,
cube,side_length,0.0425,85,5,-5.0,5.0,5.0,5.0,0.0,5.0,5.0,5.0,5.0,5.0,5.0,5.0,0.0,175.0,45.0,30.0,,,,
cube,side_length,0.0425,85,6,-6.0,6.0,6.0,6.0,0.0,6.0,6.0,6.0,6.0,6.0,6.0,6.0,0.0,174.0,46.0,31.0,,,,
cube,side_length,0.0425,85,7,-7.0,7.0,7.0,7.0,0.0,7.0,7.0,7.0,7.0,7.0,7.0,7.0,0.0,173.0,47.0,32.0,,,,
cube,side_length,0.0425,85,8,-8.0,8.0,8.0,8.0,0.0,8.0,8.0,8.0,8.0,8.0,8.0,8.0,0.0,172.0,48.0,33.0,,,,
cube,side_length,0.0425,85,9,-9.0,9.0,9.0,9.0,0.0,9.0,9.0,9.0,9.0,9.0,9.0,9.0,0.0,171.0,49.0,34.0,,,,
cube,side_length,0.0425,85,10,-10.0,10.0,10.0,10.0,0.0,10.0,10.0,10.0,10.0,10.0,10.0,10.0,0.0,170.0,50.0,35.0,,,,
cube,side_length,0.0425,85,11,-11.0,11.0,11.0,11.0,0.0,11.0,11.0,11.0,11.0,11.0,11.0,11.0,0.0,169.0,51.0,36.0,,,,
cube,side_length,0.0425,85,12,-12.0,12.0,12.0,12.0,0.0,12.0,12.0,12.0,12.0,12.0,12.0,12.0,0.0,168.0,52.0,37.0,,,,
cube,side_length,0.0425,85,13,-13.0,13.0,13.0,13.0,0.0,13.0,13.0,13.0,13.0,13.0,13.0,13.0,0.0,167.0,53.0,38.0,,,,
cube,side_length,0.0425,85,14,-14.0,14.0,14.0,14.0,0.0,14.0,14.0,14.0,14.0,14.0,14.0,14.0,0.0,166.0,54.0,39.0,,,,
cube,side_length,0.0425,85,15,-15.0,15.0,15.0,15.0,0.0,15.0,15.0,15.0,15.0,15.0,15.0,15.0,0.0,165.0,55.0,40.0,,,,
cube,side_length,0.0425,85,16,-16.0,16.0,16.0,16.0,0.0,16.0,16.0,16.0,16.0,16.0,16.0,16.0,0.0,164.0,56.0,41.0,,,,
cube,side_length,0.0425,85,17,-17.0,17.0,17.0,17.0,0.0,17.0,17.0,17.0,17.0,17.0,17.0,17.0,0.0,163.0,57.0,42.0,,,,
cube,side_length,0.0425,85,18,-18.0,18.0,18.0,18.0,0.0,18.0,18.0,18.0,18.0,18.0,18.0,18.0,0.0,162.0,58.0,43.0,,,,
cube,side_length,0.0425,85,19,-19.0,19.0,19.0,19.0,0.0,19.0,19.0,19.0,19.0,19.0,19.0,19.0,0.0,161.0,59.0,44.0,,,,
cube,side_length,0.0425,85,20,-20.0,20.0,20.0,20.0,0.0,20.0,20.0,20.0,20.0,20.0,20.0,20.0,0.0,160.0,60.0,45.0,,,,
cube,side_length,0.0425,85,21,-21.0,21.0,21.0,21.0,0.0,21.0,21.0,21.0,21.0,21.0,21.0,21.0,0.0,159.0,61.0,46.0,,,,
cube,side_length,0.0425,85,22,-22.0,22.0,22.0,22.0,0.0,22.0,22.0,22.0,22.0,22.0,22.0,22.0,0.0,158.0,62.0,47.0,,,,
cube,side_length,0.0425,85,23,-23.0,23.0,23.0,23.0,0.0,23.0,23.0,23.0,23.0,23.0,23.0,23.0,0.0,157.0,63.0,48.0,,,,
cube,side_length,0.0425,85,24,-24.0,24.0,24.0,24.0,0.0,24.0,24.0,24.0,24.0,24.0,24.0,24.0,0.0,156.0,64.0,49.0,,,,
cube,side_length,0.0425,85,25,-25.0,25.0,25.0,25.0,0.0,25.0,25.0,25.0,25.0,25.0,25.0,25.0,0.0,155.0,65.0,50.0,,,,
cube,side_length,0.0425,85,26,-26.0,26.0,26.0,26.0,0.0,26.0,26.0,26.0,26.0,26.0,26.0,26.0,0.0,154.0,66.0,51.0,,,,
cube,side_length,0.0425,85,27,-27.0,27.0,27.0,27.0,0.0,27.0,27.0,27.0,27.0,27.0,27.0,27.0,0.0,153.0,67.0,52.0,,,,
cube,side_length,0.0425,85,28,-28.0,28.0,28.0,28.0,0.0,28.0,28.0,28.0,28.0,28.0,28.0,28.0,0.0,152.0,68.0,53.0,,,,
cube,side_length,0.0425,85,29,-29.0,29.0,29.0,29.0,0.0,29.0,29.0,29.0,29.0,29.0,29.0,29.0,0.0,151.0,69.0,54.0,,,,
cube,side_length,0.0425,85,30,-30.0,30.0,30.0,30.0,0.0,30.0,30.0,30.0,30.0,30.0,30.0,30.0,0.0,150.0,70.0,55.0,,,,
cube,side_length,0.0425,85,31,-31.0,31.0,31.0,31.0,0.0,31.0,31.0,31.0,31.0,31.0,31.0,31.0,0.0,149.0,71.0,56.0,,,,
cube,side_length,0.0425,85,32,-32.0,32.0,32.0,32.0,0.0,32.0,32.0,32.0,32.0,32.0,32.0,32.0,0.0,148.0,72.0,57.0,,,,
cube,side_length,0.0425,85,33,-33.0,33.0,33.0,33.0,0.0,33.0,33.0,33.0,33.0,33.0,33.0,33.0,0.0,147.0,73.0,58.0,,,,
cube,side_length,0.0425,85,34,-34.0,34.0,34.0,34.0,0.0,34.0,34.0,34.0,34.0,34.0,34.0,34.0,0.0,146.0,74.0,59.0,,,,
cube,side_length,0.0425,85,35,-35.0,35.0,35.0,35.0,0.0,35.0,35.0,35.0,35.0,35.0,35.0,35.0,0.0,145.0,75.0,60.0,,,,
cube,side_length,0.0425,85,36,-36.0,36.0,36.0,36.0,0.0,36.0,36.0,36.0,36.0,36.0,36.0,36.0,0.0,144.0,76.0,61.0,,,,
cube,side_length,0.0425,85,37,-37.0,37.0,37.0,37.0,0.0,37.0,37.0,37.0,37.0,37.0,37.0,37.0,0.0,143.0,77.0,62.0,,,,
cube,side_length,0.0425,85,38,-38.0,38.0,38.0,38.0,0.0,38.0,38.0,38.0,38.0,38.0,38.0,38.0,0.0,142.0,78.0,63.0,,,,
cube,side_length,0.0425,85,39,-39.0,39.0,39.0,39.0,0.0,39.0,39.0,39.0,39.0,39.0,39.0,39.0,0.0,141.0,79.0,64.0,,,,
cube,side_length,0.0425,85,40,-40.0,40.0,40.0,40.0,0.0,40.0,40.0,40.0,40.0,40.0,40.0,40.0,0.0,140.0,80.0,65.0,,,,
cube,side_length,0.0425,85,41,-41.0,41.0,41.0,41.0,0.0,41.0,41.0,41.0,41.0,41.0,41.0,41.0,0.0,139.0,81.0,66.0,,,,
cube,side_length,0.0425,85,42,-42.0,42.0,42.0,42.0,0.0,42.0,42.0,42.0,42.0,42.0,42.0,42.0,0.0,138.0,82.0,67.0,,,,
cube,side_length,0.0425,85,43,-43.0,43.0,43.0,43.0,0.0,43.0,43.0,43.0,43.0,43.0,43.0,43.0,0.0,137.0,83.0,68.0,,,,
cube,side_length,0.0425,85,44,-44.0,44.0,44.0,44.0,0.0,44.0,44.0,44.0,44.0,44.0,44.0,44.0,0.0,136.0,84.0,69.0,,,,
cube,side_length,0.0425,85,45,-45.0,45.0,45.0,45.0,0.0,45.0,45.0,45.0,45.0,45.0,45.0,45.0,0.0,135.0,85.0,70.0,,,,
cube,side_length,0.0425,85,46,-46.0,46.0,46.0,46.0,0.0,46.0,46.0,46.0,46.0,46.0,46.0,46.0,0.0,134.0,86.0,71.0,,,,
cube,side_length,0.0425,85,47,-47.0,47.0,47.0,47.0,0.0,47.0,47.0,47.0,47.0,47.0,47.0,47.0,0.0,133.0,87.0,72.0,,,,
cube,side_length,0.0425,85,48,-48.0,48.0,48.0,48.0,0.0,48.0,48.0,48.0,48.0,48.0,48.0,48.0,0.0,132.0,88.0,73.0,,,,
cube,side_length,0.0425,85,49,-49.0,49.0,49.0,49.0,0.0,49.0,49.0,49.0,49.0,49.0,49.0,49.0,0.0,131.0,89.0,74.0,,,,
cube,side_length,0.0425,85,50,-50.0,50.0,50.0,50.0,0.0,50.0,50.0,50.0,50.0,50.0,50.0,50.0,0.0,130.0,90.0,75.0,,,,
cube,side_length,0.0425,85,51,-51.0,51.0,51.0,51.0,0.0,51.0,51.0,51.0,51.0,51.0,51.0,51.0,0.0,129.0,91.0,76.0,,,,
cube,side_length,0.0425,85,52,-52.0,52.0,52.0,52.0,0.0,52.0,52.0,52.0,52.0,52.0,52.0,52.0,0.0,128.0,92.0,77.0,,,,
cube,side_length,0.0425,85,53,-53.0,53.0,53.0,53.0,0.0,53.0,53.0,53.0,53.0,53.0,53.0,53.0,0.0,127.0,93.0,78.0,,,,
cube,side_length,0.0425,85,54,-54.0,54.0,54.0,54.0,0.0,54.0,54.0,54.0,54.0,54.0,54.0,54.0,0.0,126.0,94.0,79.0,,,,
cube,side_length,0.0425,85,55,-55.0,55.0,55.0,55.0,0.0,55.0,55.0,55.0,55.0,55.0,55.0,55.0,0.0,125.0,95.0,80.0,,,,
cube,side_length,0.0425,85,56,-56.0,56.0,56.0,56.0,0.0,56.0,56.0,56.0,56.0,56.0,56.0,56.0,0.0,124.0,96.0,80.0,,,,
cube,side_length,0.0425,85,57,-57.0,57.0,57.0,57.0,0.0,57.0,57.0,57.0,57.0,57.0,57.0,57.0,0.0,123.0,97.0,80.0,,,,
cube,side_length,0.0425,85,58,-58.0,58.0,58.0,58.0,0.0,58.0,58.0,58.0,58.0,58.0,58.0,58.0,0.0,122.0,98.0,80.0,,,,
cube,side_length,0.0425,85,59,-59.0,59.0,59.0,59.0,0.0,59.0,59.0,59.0,59.0,59.0,59.0,59.0,0.0,121.0,99.0,80.0,,,,
cube,side_length,0.0425,85,60,-60.0,60.0,60.0,60.0,0.0,60.0,60.0,60.0,60.0,60.0,60.0,60.0,0.0,120.0,100.0,80.0,,,,
cube,side_length,0.0425,85,61,-61.0,61.0,61.0,60.0,0.0,61.0,61.0,61.0,61.0,61.0,61.0,60.0,0.0,119.0,101.0,80.0,,,,
cube,side_length,0.0425,85,62,-62.0,62.0,62.0,60.0,0.0,62.0,62.0,62.0,62.0,62.0,62.0,60.0,0.0,118.0,102.0,80.0,,,,
cube,side_length,0.0425,85,63,-63.0,63.0,63.0,60.0,0.0,62.8828125,62.8828125,62.8828125,63.0,63.0,63.0,60.0,0.0,117.0,103.0,80.0,,contact,,
cube,side_length,0.0425,85,64,-64.0,64.0,64.0,60.0,0.0,62.8828125,62.8828125,62.8828125,64.0,64.0,64.0,60.0,0.0,116.0,104.0,80.0,,contact,,
cube,side_length,0.0425,85,65,-65.0,65.0,65.0,60.0,0.0,62.8828125,62.8828125,62.8828125,65.0,65.0,65.0,60.0,0.0,115.0,105.0,80.0,,contact,,
cube,side_length,0.0425,85,66,-66.0,66.0,66.0,60.0,0.0,62.8828125,62.8828125,62.8828125,66.0,66.0,66.0,60.0,0.0,114.44140625,105.55859375,80.0,,contact,,contact
cube,side_length,0.0425,85,67,-67.0,67.0,67.0,60.0,0.0,62.8828125,62.8828125,62.8828125,67.0,67.0,67.0,60.0,0.0,114.44140625,105.55859375,80.0,,contact,,contact
cube,side_length,0.0425,85,68,-68.0,68.0,68.0,60.0,0.0,62.8828125,62.8828125,62.8828125,68.0,68.0,68.0,60.0,0.0,114.44140625,105.55859375,80.0,,contact,,contact
cube,side_length,0.0425,85,69,-69.0,69.0,69.0,60.0,0.0,62.8828125,62.8828125,62.8828125,69.0,69.0,69.0,60.0,0.0,114.44140625,105.55859375,80.0,,contact,,contact
cube,side_length,0.0425,85,70,-70.0,70.0,70.0,60.0,0.0,62.8828125,62.8828125,62.8828125,70.0,70.0,70.0,60.0,0.0,114.44140625,105.55859375,80.0,,contact,,contact
cube,side_length,0.0425,85,71,-71.0,71.0,71.0,60.0,0.0,62.8828125,62.8828125,62.8828125,71.0,71.0,71.0,60.0,0.0,114.44140625,105.55859375,80.0,,contact,,contact
cube,side_length,0.0425,85,72,-72.0,72.0,72.0,60.0,0.0,62.8828125,62.8828125,62.8828125,72.0,72.0,72.0,60.0,0.0,114.44140625,105.55859375,80.0,,contact,,contact
cube,side_length,0.0425,85,73,-73.0,73.0,73.0,60.0,0.0,62.8828125,62.8828125,62.8828125,73.0,73.0,73.0,60.0,0.0,114.44140625,105.55859375,80.0,,contact,,contact
cube,side_length,0.0425,85,74,-74.0,74.0,74.0,60.0,0.0,62.8828125,62.8828125,62.8828125,74.0,74.0,74.0,60.0,0.0,114.44140625,105.55859375,80.0,,contact,,contact
cube,side_length,0.0425,85,75,-75.0,75.0,75.0,60.0,0.0,62.8828125,62.8828125,62.8828125,75.0,75.0,75.0,60.0,0.0,114.44140625,105.55859375,80.0,,contact,,contact
cube,side_length,0.0425,85,76,-75.0,76.0,76.0,60.0,0.0,62.8828125,62.8828125,62.8828125,75.0,76.0,76.0,60.0,0.0,114.44140625,105.55859375,80.0,,contact,,contact
cube,side_length,0.0425,85,77,-75.0,77.0,77.0,60.0,0.0,62.8828125,62.8828125,62.8828125,75.0,77.0,77.0,60.0,0.0,114.44140625,105.55859375,80.0,,contact,,contact
cube,side_length,0.0425,85,78,-75.0,78.0,78.0,60.0,0.0,62.8828125,62.8828125,62.8828125,75.0,78.0,78.0,60.0,0.0,114.44140625,105.55859375,80.0,,contact,,contact
cube,side_length,0.0425,85,79,-75.0,79.0,79.0,60.0,0.0,62.8828125,62.8828125,62.8828125,75.0,79.0,79.0,60.0,0.0,114.44140625,105.55859375,80.0,,contact,,contact
cube,side_length,0.0425,85,80,-75.0,80.0,80.0,60.0,0.0,62.8828125,62.8828125,62.8828125,75.0,80.0,80.0,60.0,0.0,114.44140625,105.55859375,80.0,,contact,,contact
cube,side_length,0.0425,85,81,-75.0,81.0,81.0,60.0,0.0,62.8828125,62.8828125,62.8828125,75.0,81.0,81.0,60.0,0.0,114.44140625,105.55859375,80.0,,contact,,contact
cube,side_length,0.0425,85,82,-75.0,81.15234375,81.15234375,60.0,0.0,62.8828125,62.8828125,62.8828125,75.0,81.14453125,81.14453125,60.0,0.0,114.44140625,105.55859375,80.0,contact,contact,contact,contact
cube,side_length,0.04,80,0,0.0,0.0,0.0,0.0,0.0,0.0,0.0,0.0,0.0,0.0,0.0,0.0,0.0,180.0,40.0,25.0,,,,
cube,side_length,0.04,80,1,-1.0,1.0,1.0,1.0,0.0,1.0,1.0,1.0,1.0,1.0,1.0,1.0,0.0,179.0,41.0,26.0,,,,
cube,side_length,0.04,80,2,-2.0,2.0,2.0,2.0,0.0,2.0,2.0,2.0,2.0,2.0,2.0,2.0,0.0,178.0,42.0,27.0,,,,
cube,side_length,0.04,80,3,-3.0,3.0,3.0,3.0,0.0,3.0,3.0,3.0,3.0,3.0,3.0,3.0,0.0,177.0,43.0,28.0,,,,
cube,side_length,0.04,80,4,-4.0,4.0,4.0,4.0,0.0,4.0,4.0,4.0,4.0,4.0,4.0,4.0,0.0,176.0,44.0,29.0,,,,
cube,side_length,0.04,80,5,-5.0,5.0,5.0,5.0,0.0,5.0,5.0,5.0,5.0,5.0,5.0,5.0,0.0,175.0,45.0,30.0,,,,
cube,side_length,0.04,80,6,-6.0,6.0,6.0,6.0,0.0,6.0,6.0,6.0,6.0,6.0,6.0,6.0,0.0,174.0,46.0,31.0,,,,
cube,side_length,0.04,80,7,-7.0,7.0,7.0,7.0,0.0,7.0,7.0,7.0,7.0,7.0,7.0,7.0,0.0,173.0,47.0,32.0,,,,
cube,side_length,0.04,80,8,-8.0,8.0,8.0,8.0,0.0,8.0,8.0,8.0,8.0,8.0,8.0,8.0,0.0,172.0,48.0,33.0,,,,
cube,side_length,0.04,80,9,-9.0,9.0,9.0,9.0,0.0,9.0,9.0,9.0,9.0,9.0,9.0,9.0,0.0,171.0,49.0,34.0,,,,
cube,side_length,0.04,80,10,-10.0,10.0,10.0,10.0,0.0,10.0,10.0,10.0,10.0,10.0,10.0,10.0,0.0,170.0,50.0,35.0,,,,
cube,side_length,0.04,80,11,-11.0,11.0,11.0,11.0,0.0,11.0,11.0,11.0,11.0,11.0,11.0,11.0,0.0,169.0,51.0,36.0,,,,
cube,side_length,0.04,80,12,-12.0,12.0,12.0,12.0,0.0,12.0,12.0,12.0,12.0,12.0,12.0,12.0,0.0,168.0,52.0,37.0,,,,
cube,side_length,0.04,80,13,-13.0,13.0,13.0,13.0,0.0,13.0,13.0,13.0,13.0,13.0,13.0,13.0,0.0,167.0,53.0,38.0,,,,
cube,side_length,0.04,80,14,-14.0,14.0,14.0,14.0,0.0,14.0,14.0,14.0,14.0,14.0,14.0,14.0,0.0,166.0,54.0,39.0,,,,
cube,side_length,0.04,80,15,-15.0,15.0,15.0,15.0,0.0,15.0,15.0,15.0,15.0,15.0,15.0,15.0,0.0,165.0,55.0,40.0,,,,
cube,side_length,0.04,80,16,-16.0,16.0,16.0,16.0,0.0,16.0,16.0,16.0,16.0,16.0,16.0,16.0,0.0,164.0,56.0,41.0,,,,
cube,side_length,0.04,80,17,-17.0,17.0,17.0,17.0,0.0,17.0,17.0,17.0,17.0,17.0,17.0,17.0,0.0,163.0,57.0,42.0,,,,
cube,side_length,0.04,80,18,-18.0,18.0,18.0,18.0,0.0,18.0,18.0,18.0,18.0,18.0,18.0,18.0,0.0,162.0,58.0,43.0,,,,
cube,side_length,0.04,80,19,-19.0,19.0,19.0,19.0,0.0,19.0,19.0,19.0,19.0,19.0,19.0,19.0,0.0,161.0,59.0,44.0,,,,
cube,side_length,0.04,80,20,-20.0,20.0,20.0,20.0,0.0,20.0,20.0,20.0,20.0,20.0,20.0,20.0,0.0,160.0,60.0,45.0,,,,
cube,side_length,0.04,80,21,-21.0,21.0,21.0,21.0,0.0,21.0,21.0,21.0,21.0,21.0,21.0,21.0,0.0,159.0,61.0,46.0,,,,
cube,side_length,0.04,80,22,-22.0,22.0,22.0,22.0,0.0,22.0,22.0,22.0,22.0,22.0,22.0,22.0,0.0,158.0,62.0,47.0,,,,
cube,side_length,0.04,80,23,-23.0,23.0,23.0,23.0,0.0,23.0,23.0,23.0,23.0,23.0,23.0,23.0,0.0,157.0,63.0,48.0,,,,
cube,side_length,0.04,80,24,-24.0,24.0,24.0,24.0,0.0,24.0,24.0,24.0,24.0,24.0,24.0,24.0,0.0,156.0,64.0,49.0,,,,
cube,side_length,0.04,80,25,-25.0,25.0,25.0,25.0,0.0,25.0,25.0,25.0,25.0,25.0,25.0,25.0,0.0,155.0,65.0,50.0,,,,
cube,side_length,0.04,80,26,-26.0,26.0,26.0,26.0,0.0,26.0,26.0,26.0,26.0,26.0,26.0,26.0,0.0,154.0,66.0,51.0,,,,
cube,side_length,0.04,80,27,-27.0,27.0,27.0,27.0,0.0,27.0,27.0,27.0,27.0,27.0,27.0,27.0,0.0,153.0,67.0,52.0,,,,
cube,side_length,0.04,80,28,-28.0,28.0,28.0,28.0,0.0,28.0,28.0,28.0,28.0,28.0,28.0,28.0,0.0,152.0,68.0,53.0,,,,
cube,side_length,0.04,80,29,-29.0,29.0,29.0,29.0,0.0,29.0,29.0,29.0,29.0,29.0,29.0,29.0,0.0,151.0,69.0,54.0,,,,
cube,side_length,0.04,80,30,-30.0,30.0,30.0,30.0,0.0,30.0,30.0,30.0,30.0,30.0,30.0,30.0,0.0,150.0,70.0,55.0,,,,
cube,side_length,0.04,80,31,-31.0,31.0,31.0,31.0,0.0,31.0,31.0,31.0,31.0,31.0,31.0,31.0,0.0,149.0,71.0,56.0,,,,
cube,side_length,0.04,80,32,-32.0,32.0,32.0,32.0,0.0,32.0,32.0,32.0,32.0,32.0,32.0,32.0,0.0,148.0,72.0,57.0,,,,
cube,side_length,0.04,80,33,-33.0,33.0,33.0,33.0,0.0,33.0,33.0,33.0,33.0,33.0,33.0,33.0,0.0,147.0,73.0,58.0,,,,
cube,side_length,0.04,80,34,-34.0,34.0,34.0,34.0,0.0,34.0,34.0,34.0,34.0,34.0,34.0,34.0,0.0,146.0,74.0,59.0,,,,
cube,side_length,0.04,80,35,-35.0,35.0,35.0,35.0,0.0,35.0,35.0,35.0,35.0,35.0,35.0,35.0,0.0,145.0,75.0,60.0,,,,
cube,side_length,0.04,80,36,-36.0,36.0,36.0,36.0,0.0,36.0,36.0,36.0,36.0,36.0,36.0,36.0,0.0,144.0,76.0,61.0,,,,
cube,side_length,0.04,80,37,-37.0,37.0,37.0,37.0,0.0,37.0,37.0,37.0,37.0,37.0,37.0,37.0,0.0,143.0,77.0,62.0,,,,
cube,side_length,0.04,80,38,-38.0,38.0,38.0,38.0,0.0,38.0,38.0,38.0,38.0,38.0,38.0,38.0,0.0,142.0,78.0,63.0,,,,
cube,side_length,0.04,80,39,-39.0,39.0,39.0,39.0,0.0,39.0,39.0,39.0,39.0,39.0,39.0,39.0,0.0,141.0,79.0,64.0,,,,
cube,side_length,0.04,80,40,-40.0,40.0,40.0,40.0,0.0,40.0,40.0,40.0,40.0,40.0,40.0,40.0,0.0,140.0,80.0,65.0,,,,
cube,side_length,0.04,80,41,-41.0,41.0,41.0,41.0,0.0,41.0,41.0,41.0,41.0,41.0,41.0,41.0,0.0,139.0,81.0,66.0,,,,
cube,side_length,0.04,80,42,-42.0,42.0,42.0,42.0,0.0,42.0,42.0,42.0,42.0,42.0,42.0,42.0,0.0,138.0,82.0,67.0,,,,
cube,side_length,0.04,80,43,-43.0,43.0,43.0,43.0,0.0,43.0,43.0,43.0,43.0,43.0,43.0,43.0,0.0,137.0,83.0,68.0,,,,
cube,side_length,0.04,80,44,-44.0,44.0,44.0,44.0,0.0,44.0,44.0,44.0,44.0,44.0,44.0,44.0,0.0,136.0,84.0,69.0,,,,
cube,side_length,0.04,80,45,-45.0,45.0,45.0,45.0,0.0,45.0,45.0,45.0,45.0,45.0,45.0,45.0,0.0,135.0,85.0,70.0,,,,
cube,side_length,0.04,80,46,-46.0,46.0,46.0,46.0,0.0,46.0,46.0,46.0,46.0,46.0,46.0,46.0,0.0,134.0,86.0,71.0,,,,
cube,side_length,0.04,80,47,-47.0,47.0,47.0,47.0,0.0,47.0,47.0,47.0,47.0,47.0,47.0,47.0,0.0,133.0,87.0,72.0,,,,
cube,side_length,0.04,80,48,-48.0,48.0,48.0,48.0,0.0,48.0,48.0,48.0,48.0,48.0,48.0,48.0,0.0,132.0,88.0,73.0,,,,
cube,side_length,0.04,80,49,-49.0,49.0,49.0,49.0,0.0,49.0,49.0,49.0,49.0,49.0,49.0,49.0,0.0,131.0,89.0,74.0,,,,
cube,side_length,0.04,80,50,-50.0,50.0,50.0,50.0,0.0,50.0,50.0,50.0,50.0,50.0,50.0,50.0,0.0,130.0,90.0,75.0,,,,
cube,side_length,0.04,80,51,-51.0,51.0,51.0,51.0,0.0,51.0,51.0,51.0,51.0,51.0,51.0,51.0,0.0,129.0,91.0,76.0,,,,
cube,side_length,0.04,80,52,-52.0,52.0,52.0,52.0,0.0,52.0,52.0,52.0,52.0,52.0,52.0,52.0,0.0,128.0,92.0,77.0,,,,
cube,side_length,0.04,80,53,-53.0,53.0,53.0,53.0,0.0,53.0,53.0,53.0,53.0,53.0,53.0,53.0,0.0,127.0,93.0,78.0,,,,
cube,side_length,0.04,80,54,-54.0,54.0,54.0,54.0,0.0,54.0,54.0,54.0,54.0,54.0,54.0,54.0,0.0,126.0,94.0,79.0,,,,
cube,side_length,0.04,80,55,-55.0,55.0,55.0,55.0,0.0,55.0,55.0,55.0,55.0,55.0,55.0,55.0,0.0,125.0,95.0,80.0,,,,
cube,side_length,0.04,80,56,-56.0,56.0,56.0,56.0,0.0,56.0,56.0,56.0,56.0,56.0,56.0,56.0,0.0,124.0,96.0,80.0,,,,
cube,side_length,0.04,80,57,-57.0,57.0,57.0,57.0,0.0,57.0,57.0,57.0,57.0,57.0,57.0,57.0,0.0,123.0,97.0,80.0,,,,
cube,side_length,0.04,80,58,-58.0,58.0,58.0,58.0,0.0,58.0,58.0,58.0,58.0,58.0,58.0,58.0,0.0,122.0,98.0,80.0,,,,
cube,side_length,0.04,80,59,-59.0,59.0,59.0,59.0,0.0,59.0,59.0,59.0,59.0,59.0,59.0,59.0,0.0,121.0,99.0,80.0,,,,
cube,side_length,0.04,80,60,-60.0,60.0,60.0,60.0,0.0,60.0,60.0,60.0,60.0,60.0,60.0,60.0,0.0,120.0,100.0,80.0,,,,
cube,side_length,0.04,80,61,-61.0,61.0,61.0,60.0,0.0,61.0,61.0,61.0,61.0,61.0,61.0,60.0,0.0,119.0,101.0,80.0,,,,
cube,side_length,0.04,80,62,-62.0,62.0,62.0,60.0,0.0,62.0,62.0,62.0,62.0,62.0,62.0,60.0,0.0,118.0,102.0,80.0,,,,
cube,side_length,0.04,80,63,-63.0,63.0,63.0,60.0,0.0,63.0,63.0,63.0,63.0,63.0,63.0,60.0,0.0,117.0,103.0,80.0,,,,
cube,side_length,0.04,80,64,-64.0,64.0,64.0,60.0,0.0,63.8046875,63.8046875,63.8046875,64.0,64.0,64.0,60.0,0.0,116.0,104.0,80.0,,contact,,
cube,side_length,0.04,80,65,-65.0,65.0,65.0,60.0,0.0,63.8046875,63.8046875,63.8046875,65.0,65.0,65.0,60.0,0.0,115.0,105.0,80.0,,contact,,
cube,side_length,0.04,80,66,-66.0,66.0,66.0,60.0,0.0,63.8046875,63.8046875,63.8046875,66.0,66.0,66.0,60.0,0.0,114.0,106.0,80.0,,contact,,
cube,side_length,0.04,80,67,-67.0,67.0,67.0,60.0,0.0,63.8046875,63.8046875,63.8046875,67.0,67.0,67.0,60.0,0.0,113.0390625,106.9609375,80.0,,contact,,contact
cube,side_length,0.04,80,68,-68.0,68.0,68.0,60.0,0.0,63.8046875,63.8046875,63.8046875,68.0,68.0,68.0,60.0,0.0,113.0390625,106.9609375,80.0,,contact,,contact
cube,side_length,0.04,80,69,-69.0,69.0,69.0,60.0,0.0,63.8046875,63.8046875,63.8046875,69.0,69.0,69.0,60.0,0.0,113.0390625,106.9609375,80.0,,contact,,contact
cube,side_length,0.04,80,70,-70.0,70.0,70.0,60.0,0.0,63.8046875,63.8046875,63.8046875,70.0,70.0,70.0,60.0,0.0,113.0390625,106.9609375,80.0,,contact,,contact
cube,side_length,0.04,80,71,-71.0,71.0,71.0,60.0,0.0,63.8046875,63.8046875,63.8046875,71.0,71.0,71.0,60.0,0.0,113.0390625,106.9609375,80.0,,contact,,contact
cube,side_length,0.04,80,72,-72.0,72.0,72.0,60.0,0.0,63.8046875,63.8046875,63.8046875,72.0,72.0,72.0,60.0,0.0,113.0390625,106.9609375,80.0,,contact,,contact
cube,side_length,0.04,80,73,-73.0,73.0,73.0,60.0,0.0,63.8046875,63.8046875,63.8046875,73.0,73.0,73.0,60.0,0.0,113.0390625,106.9609375,80.0,,contact,,contact
cube,side_length,0.04,80,74,-74.0,74.0,74.0,60.0,0.0,63.8046875,63.8046875,63.8046875,74.0,74.0,74.0,60.0,0.0,113.0390625,106.9609375,80.0,,contact,,contact
cube,side_length,0.04,80,75,-75.0,75.0,75.0,60.0,0.0,63.8046875,63.8046875,63.8046875,75.0,75.0,75.0,60.0,0.0,113.0390625,106.9609375,80.0,,contact,,contact
cube,side_length,0.04,80,76,-75.0,76.0,76.0,60.0,0.0,63.8046875,63.8046875,63.8046875,75.0,76.0,76.0,60.0,0.0,113.0390625,106.9609375,80.0,,contact,,contact
cube,side_length,0.04,80,77,-75.0,77.0,77.0,60.0,0.0,63.8046875,63.8046875,63.8046875,75.0,77.0,77.0,60.0,0.0,113.0390625,106.9609375,80.0,,contact,,contact
cube,side_length,0.04,80,78,-75.0,78.0,78.0,60.0,0.0,63.8046875,63.8046875,63.8046875,75.0,78.0,78.0,60.0,0.0,113.0390625,106.9609375,80.0,,contact,,contact
cube,side_length,0.04,80,79,-75.0,79.0,79.0,60.0,0.0,63.8046875,63.8046875,63.8046875,75.0,79.0,79.0,60.0,0.0,113.0390625,106.9609375,80.0,,contact,,contact
cube,side_length,0.04,80,80,-75.0,80.0,80.0,60.0,0.0,63.8046875,63.8046875,63.8046875,75.0,80.0,80.0,60.0,0.0,113.0390625,106.9609375,80.0,,contact,,contact
cube,side_length,0.04,80,81,-75.0,81.0,81.0,60.0,0.0,63.8046875,63.8046875,63.8046875,75.0,81.0,81.0,60.0,0.0,113.0390625,106.9609375,80.0,,contact,,contact
cube,side_length,0.04,80,82,-75.0,82.0,82.0,60.0,0.0,63.8046875,63.8046875,63.8046875,75.0,82.0,82.0,60.0,0.0,113.0390625,106.9609375,80.0,,contact,,contact
cube,side_length,0.04,80,83,-75.0,82.43359375,82.43359375,60.0,0.0,63.8046875,63.8046875,63.8046875,75.0,82.42578125,82.42578125,60.0,0.0,113.0390625,106.9609375,80.0,contact,contact,contact,contact
cube,side_length,0.0375,75,0,0.0,0.0,0.0,0.0,0.0,0.0,0.0,0.0,0.0,0.0,0.0,0.0,0.0,180.0,40.0,25.0,,,,
cube,side_length,0.0375,75,1,-1.0,1.0,1.0,1.0,0.0,1.0,1.0,1.0,1.0,1.0,1.0,1.0,0.0,179.0,41.0,26.0,,,,
cube,side_length,0.0375,75,2,-2.0,2.0,2.0,2.0,0.0,2.0,2.0,2.0,2.0,2.0,2.0,2.0,0.0,178.0,42.0,27.0,,,,
cube,side_length,0.0375,75,3,-3.0,3.0,3.0,3.0,0.0,3.0,3.0,3.0,3.0,3.0,3.0,3.0,0.0,177.0,43.0,28.0,,,,
cube,side_length,0.0375,75,4,-4.0,4.0,4.0,4.0,0.0,4.0,4.0,4.0,4.0,4.0,4.0,4.0,0.0,176.0,44.0,29.0,,,,
cube,side_length,0.0375,75,5,-5.0,5.0,5.0,5.0,0.0,5.0,5.0,5.0,5.0,5.0,5.0,5.0,0.0,175.0,45.0,30.0,,,,
cube,side_length,0.0375,75,6,-6.0,6.0,6.0,6.0,0.0,6.0,6.0,6.0,6.0,6.0,6.0,6.0,0.0,174.0,46.0,31.0,,,,
cube,side_length,0.0375,75,7,-7.0,7.0,7.0,7.0,0.0,7.0,7.0,7.0,7.0,7.0,7.0,7.0,0.0,173.0,47.0,32.0,,,,
cube,side_length,0.0375,75,8,-8.0,8.0,8.0,8.0,0.0,8.0,8.0,8.0,8.0,8.0,8.0,8.0,0.0,172.0,48.0,33.0,,,,
cube,side_length,0.0375,75,9,-9.0,9.0,9.0,9.0,0.0,9.0,9.0,9.0,9.0,9.0,9.0,9.0,0.0,171.0,49.0,34.0,,,,
cube,side_length,0.0375,75,10,-10.0,10.0,10.0,10.0,0.0,10.0,10.0,10.0,10.0,10.0,10.0,10.0,0.0,170.0,50.0,35.0,,,,
cube,side_length,0.0375,75,11,-11.0,11.0,11.0,11.0,0.0,11.0,11.0,11.0,11.0,11.0,11.0,11.0,0.0,169.0,51.0,36.0,,,,
cube,side_length,0.0375,75,12,-12.0,12.0,12.0,12.0,0.0,12.0,12.0,12.0,12.0,12.0,12.0,12.0,0.0,168.0,52.0,37.0,,,,
cube,side_length,0.0375,75,13,-13.0,13.0,13.0,13.0,0.0,13.0,13.0,13.0,13.0,13.0,13.0,13.0,0.0,167.0,53.0,38.0,,,,
cube,side_length,0.0375,75,14,-14.0,14.0,14.0,14.0,0.0,14.0,14.0,14.0,14.0,14.0,14.0,14.0,0.0,166.0,54.0,39.0,,,,
cube,side_length,0.0375,75,15,-15.0,15.0,15.0,15.0,0.0,15.0,15.0,15.0,15.0,15.0,15.0,15.0,0.0,165.0,55.0,40.0,,,,
cube,side_length,0.0375,75,16,-16.0,16.0,16.0,16.0,0.0,16.0,16.0,16.0,16.0,16.0,16.0,16.0,0.0,164.0,56.0,41.0,,,,
cube,side_length,0.0375,75,17,-17.0,17.0,17.0,17.0,0.0,17.0,17.0,17.0,17.0,17.0,17.0,17.0,0.0,163.0,57.0,42.0,,,,
cube,side_length,0.0375,75,18,-18.0,18.0,18.0,18.0,0.0,18.0,18.0,18.0,18.0,18.0,18.0,18.0,0.0,162.0,58.0,43.0,,,,
cube,side_length,0.0375,75,19,-19.0,19.0,19.0,19.0,0.0,19.0,19.0,19.0,19.0,19.0,19.0,19.0,0.0,161.0,59.0,44.0,,,,
cube,side_length,0.0375,75,20,-20.0,20.0,20.0,20.0,0.0,20.0,20.0,20.0,20.0,20.0,20.0,20.0,0.0,160.0,60.0,45.0,,,,
cube,side_length,0.0375,75,21,-21.0,21.0,21.0,21.0,0.0,21.0,21.0,21.0,21.0,21.0,21.0,21.0,0.0,159.0,61.0,46.0,,,,
cube,side_length,0.0375,75,22,-22.0,22.0,22.0,22.0,0.0,22.0,22.0,22.0,22.0,22.0,22.0,22.0,0.0,158.0,62.0,47.0,,,,
cube,side_length,0.0375,75,23,-23.0,23.0,23.0,23.0,0.0,23.0,23.0,23.0,23.0,23.0,23.0,23.0,0.0,157.0,63.0,48.0,,,,
cube,side_length,0.0375,75,24,-24.0,24.0,24.0,24.0,0.0,24.0,24.0,24.0,24.0,24.0,24.0,24.0,0.0,156.0,64.0,49.0,,,,
cube,side_length,0.0375,75,25,-25.0,25.0,25.0,25.0,0.0,25.0,25.0,25.0,25.0,25.0,25.0,25.0,0.0,155.0,65.0,50.0,,,,
cube,side_length,0.0375,75,26,-26.0,26.0,26.0,26.0,0.0,26.0,26.0,26.0,26.0,26.0,26.0,26.0,0.0,154.0,66.0,51.0,,,,
cube,side_length,0.0375,75,27,-27.0,27.0,27.0,27.0,0.0,27.0,27.0,27.0,27.0,27.0,27.0,27.0,0.0,153.0,67.0,52.0,,,,
cube,side_length,0.0375,75,28,-28.0,28.0,28.0,28.0,0.0,28.0,28.0,28.0,28.0,28.0,28.0,28.0,0.0,152.0,68.0,53.0,,,,
cube,side_length,0.0375,75,29,-29.0,29.0,29.0,29.0,0.0,29.0,29.0,29.0,29.0,29.0,29.0,29.0,0.0,151.0,69.0,54.0,,,,
cube,side_length,0.0375,75,30,-30.0,30.0,30.0,30.0,0.0,30.0,30.0,30.0,30.0,30.0,30.0,30.0,0.0,150.0,70.0,55.0,,,,
cube,side_length,0.0375,75,31,-31.0,31.0,31.0,31.0,0.0,31.0,31.0,31.0,31.0,31.0,31.0,31.0,0.0,149.0,71.0,56.0,,,,
cube,side_length,0.0375,75,32,-32.0,32.0,32.0,32.0,0.0,32.0,32.0,32.0,32.0,32.0,32.0,32.0,0.0,148.0,72.0,57.0,,,,
cube,side_length,0.0375,75,33,-33.0,33.0,33.0,33.0,0.0,33.0,33.0,33.0,33.0,33.0,33.0,33.0,0.0,147.0,73.0,58.0,,,,
cube,side_length,0.0375,75,34,-34.0,34.0,34.0,34.0,0.0,34.0,34.0,34.0,34.0,34.0,34.0,34.0,0.0,146.0,74.0,59.0,,,,
cube,side_length,0.0375,75,35,-35.0,35.0,35.0,35.0,0.0,35.0,35.0,35.0,35.0,35.0,35.0,35.0,0.0,145.0,75.0,60.0,,,,
cube,side_length,0.0375,75,36,-36.0,36.0,36.0,36.0,0.0,36.0,36.0,36.0,36.0,36.0,36.0,36.0,0.0,144.0,76.0,61.0,,,,
cube,side_length,0.0375,75,37,-37.0,37.0,37.0,37.0,0.0,37.0,37.0,37.0,37.0,37.0,37.0,37.0,0.0,143.0,77.0,62.0,,,,
cube,side_length,0.0375,75,38,-38.0,38.0,38.0,38.0,0.0,38.0,38.0,38.0,38.0,38.0,38.0,38.0,0.0,142.0,78.0,63.0,,,,
cube,side_length,0.0375,75,39,-39.0,39.0,39.0,39.0,0.0,39.0,39.0,39.0,39.0,39.0,39.0,39.0,0.0,141.0,79.0,64.0,,,,
cube,side_length,0.0375,75,40,-40.0,40.0,40.0,40.0,0.0,40.0,40.0,40.0,40.0,40.0,40.0,40.0,0.0,140.0,80.0,65.0,,,,
cube,side_length,0.0375,75,41,-41.0,41.0,41.0,41.0,0.0,41.0,41.0,41.0,41.0,41.0,41.0,41.0,0.0,139.0,81.0,66.0,,,,
cube,side_length,0.0375,75,42,-42.0,42.0,42.0,42.0,0.0,42.0,42.0,42.0,42.0,42.0,42.0,42.0,0.0,138.0,82.0,67.0,,,,
cube,side_length,0.0375,75,43,-43.0,43.0,43.0,43.0,0.0,43.0,43.0,43.0,43.0,43.0,43.0,43.0,0.0,137.0,83.0,68.0,,,,
cube,side_length,0.0375,75,44,-44.0,44.0,44.0,44.0,0.0,44.0,44.0,44.0,44.0,44.0,44.0,44.0,0.0,136.0,84.0,69.0,,,,
cube,side_length,0.0375,75,45,-45.0,45.0,45.0,45.0,0.0,45.0,45.0,45.0,45.0,45.0,45.0,45.0,0.0,135.0,85.0,70.0,,,,
cube,side_length,0.0375,75,46,-46.0,46.0,46.0,46.0,0.0,46.0,46.0,46.0,46.0,46.0,46.0,46.0,0.0,134.0,86.0,71.0,,,,
cube,side_length,0.0375,75,47,-47.0,47.0,47.0,47.0,0.0,47.0,47.0,47.0,47.0,47.0,47.0,47.0,0.0,133.0,87.0,72.0,,,,
cube,side_length,0.0375,75,48,-48.0,48.0,48.0,48.0,0.0,48.0,48.0,48.0,48.0,48.0,48.0,48.0,0.0,132.0,88.0,73.0,,,,
cube,side_length,0.0375,75,49,-49.0,49.0,49.0,49.0,0.0,49.0,49.0,49.0,49.0,49.0,49.0,49.0,0.0,131.0,89.0,74.0,,,,
cube,side_length,0.0375,75,50,-50.0,50.0,50.0,50.0,0.0,50.0,50.0,50.0,50.0,50.0,50.0,50.0,0.0,130.0,90.0,75.0,,,,
cube,side_length,0.0375,75,51,-51.0,51.0,51.0,51.0,0.0,51.0,51.0,51.0,51.0,51.0,51.0,51.0,0.0,129.0,91.0,76.0,,,,
cube,side_length,0.0375,75,52,-52.0,52.0,52.0,52.0,0.0,52.0,52.0,52.0,52.0,52.0,52.0,52.0,0.0,128.0,92.0,77.0,,,,
cube,side_length,0.0375,75,53,-53.0,53.0,53.0,53.0,0.0,53.0,53.0,53.0,53.0,53.0,53.0,53.0,0.0,127.0,93.0,78.0,,,,
cube,side_length,0.0375,75,54,-54.0,54.0,54.0,54.0,0.0,54.0,54.0,54.0,54.0,54.0,54.0,54.0,0.0,126.0,94.0,79.0,,,,
cube,side_length,0.0375,75,55,-55.0,55.0,55.0,55.0,0.0,55.0,55.0,55.0,55.0,55.0,55.0,55.0,0.0,125.0,95.0,80.0,,,,
cube,side_length,0.0375,75,56,-56.0,56.0,56.0,56.0,0.0,56.0,56.0,56.0,56.0,56.0,56.0,56.0,0.0,124.0,96.0,80.0,,,,
cube,side_length,0.0375,75,57,-57.0,57.0,57.0,57.0,0.0,57.0,57.0,57.0,57.0,57.0,57.0,57.0,0.0,123.0,97.0,80.0,,,,
cube,side_length,0.0375,75,58,-58.0,58.0,58.0,58.0,0.0,58.0,58.0,58.0,58.0,58.0,58.0,58.0,0.0,122.0,98.0,80.0,,,,
cube,side_length,0.0375,75,59,-59.0,59.0,59.0,59.0,0.0,59.0,59.0,59.0,59.0,59.0,59.0,59.0,0.0,121.0,99.0,80.0,,,,
cube,side_length,0.0375,75,60,-60.0,60.0,60.0,60.0,0.0,60.0,60.0,60.0,60.0,60.0,60.0,60.0,0.0,120.0,100.0,80.0,,,,
cube,side_length,0.0375,75,61,-61.0,61.0,61.0,60.0,0.0,61.0,61.0,61.0,61.0,61.0,61.0,60.0,0.0,119.0,101.0,80.0,,,,
cube,side_length,0.0375,75,62,-62.0,62.0,62.0,60.0,0.0,62.0,62.0,62.0,62.0,62.0,62.0,60.0,0.0,118.0,102.0,80.0,,,,
cube,side_length,0.0375,75,63,-63.0,63.0,63.0,60.0,0.0,63.0,63.0,63.0,63.0,63.0,63.0,60.0,0.0,117.0,103.0,80.0,,,,
cube,side_length,0.0375,75,64,-64.0,64.0,64.0,60.0,0.0,64.0,64.0,64.0,64.0,64.0,64.0,60.0,0.0,116.0,104.0,80.0,,,,
cube,side_length,0.0375,75,65,-65.0,65.0,65.0,60.0,0.0,64.72265625,64.72265625,64.72265625,65.0,65.0,65.0,60.0,0.0,115.0,105.0,80.0,,contact,,
cube,side_length,0.0375,75,66,-66.0,66.0,66.0,60.0,0.0,64.72265625,64.72265625,64.72265625,66.0,66.0,66.0,60.0,0.0,114.0,106.0,80.0,,contact,,
cube,side_length,0.0375,75,67,-67.0,67.0,67.0,60.0,0.0,64.72265625,64.72265625,64.72265625,67.0,67.0,67.0,60.0,0.0,113.0,107.0,80.0,,contact,,
cube,side_length,0.0375,75,68,-68.0,68.0,68.0,60.0,0.0,64.72265625,64.72265625,64.72265625,68.0,68.0,68.0,60.0,0.0,112.0,108.0,80.0,,contact,,
cube,side_length,0.0375,75,69,-69.0,69.0,69.0,60.0,0.0,64.72265625,64.72265625,64.72265625,69.0,69.0,69.0,60.0,0.0,111.5859375,108.4140625,80.0,,contact,,contact
cube,side_length,0.0375,75,70,-70.0,70.0,70.0,60.0,0.0,64.72265625,64.72265625,64.72265625,70.0,70.0,70.0,60.0,0.0,111.5859375,108.4140625,80.0,,contact,,contact
cube,side_length,0.0375,75,71,-71.0,71.0,71.0,60.0,0.0,64.72265625,64.72265625,64.72265625,71.0,71.0,71.0,60.0,0.0,111.5859375,108.4140625,80.0,,contact,,contact
cube,side_length,0.0375,75,72,-72.0,72.0,72.0,60.0,0.0,64.72265625,64.72265625,64.72265625,72.0,72.0,72.0,60.0,0.0,111.5859375,108.4140625,80.0,,contact,,contact
cube,side_length,0.0375,75,73,-73.0,73.0,73.0,60.0,0.0,64.72265625,64.72265625,64.72265625,73.0,73.0,73.0,60.0,0.0,111.5859375,108.4140625,80.0,,contact,,contact
cube,side_length,0.0375,75,74,-74.0,74.0,74.0,60.0,0.0,64.72265625,64.72265625,64.72265625,74.0,74.0,74.0,60.0,0.0,111.5859375,108.4140625,80.0,,contact,,contact
cube,side_length,0.0375,75,75,-75.0,75.0,75.0,60.0,0.0,64.72265625,64.72265625,64.72265625,75.0,75.0,75.0,60.0,0.0,111.5859375,108.4140625,80.0,,contact,,contact
cube,side_length,0.0375,75,76,-75.0,76.0,76.0,60.0,0.0,64.72265625,64.72265625,64.72265625,75.0,76.0,76.0,60.0,0.0,111.5859375,108.4140625,80.0,,contact,,contact
cube,side_length,0.0375,75,77,-75.0,77.0,77.0,60.0,0.0,64.72265625,64.72265625,64.72265625,75.0,77.0,77.0,60.0,0.0,111.5859375,108.4140625,80.0,,contact,,contact
cube,side_length,0.0375,75,78,-75.0,78.0,78.0,60.0,0.0,64.72265625,64.72265625,64.72265625,75.0,78.0,78.0,60.0,0.0,111.5859375,108.4140625,80.0,,contact,,contact
cube,side_length,0.0375,75,79,-75.0,79.0,79.0,60.0,0.0,64.72265625,64.72265625,64.72265625,75.0,79.0,79.0,60.0,0.0,111.5859375,108.4140625,80.0,,contact,,contact
cube,side_length,0.0375,75,80,-75.0,80.0,80.0,60.0,0.0,64.72265625,64.72265625,64.72265625,75.0,80.0,80.0,60.0,0.0,111.5859375,108.4140625,80.0,,contact,,contact
cube,side_length,0.0375,75,81,-75.0,81.0,81.0,60.0,0.0,64.72265625,64.72265625,64.72265625,75.0,81.0,81.0,60.0,0.0,111.5859375,108.4140625,80.0,,contact,,contact
cube,side_length,0.0375,75,82,-75.0,82.0,82.0,60.0,0.0,64.72265625,64.72265625,64.72265625,75.0,82.0,82.0,60.0,0.0,111.5859375,108.4140625,80.0,,contact,,contact
cube,side_length,0.0375,75,83,-75.0,83.0,83.0,60.0,0.0,64.72265625,64.72265625,64.72265625,75.0,83.0,83.0,60.0,0.0,111.5859375,108.4140625,80.0,,contact,,contact
cube,side_length,0.0375,75,84,-75.0,83.73828125,83.73828125,60.0,0.0,64.72265625,64.72265625,64.72265625,75.0,83.73046875,83.73046875,60.0,0.0,111.5859375,108.4140625,80.0,contact,contact,contact,contact
cube,side_length,0.035,70,0,0.0,0.0,0.0,0.0,0.0,0.0,0.0,0.0,0.0,0.0,0.0,0.0,0.0,180.0,40.0,25.0,,,,
cube,side_length,0.035,70,1,-1.0,1.0,1.0,1.0,0.0,1.0,1.0,1.0,1.0,1.0,1.0,1.0,0.0,179.0,41.0,26.0,,,,
cube,side_length,0.035,70,2,-2.0,2.0,2.0,2.0,0.0,2.0,2.0,2.0,2.0,2.0,2.0,2.0,0.0,178.0,42.0,27.0,,,,
cube,side_length,0.035,70,3,-3.0,3.0,3.0,3.0,0.0,3.0,3.0,3.0,3.0,3.0,3.0,3.0,0.0,177.0,43.0,28.0,,,,
cube,side_length,0.035,70,4,-4.0,4.0,4.0,4.0,0.0,4.0,4.0,4.0,4.0,4.0,4.0,4.0,0.0,176.0,44.0,29.0,,,,
cube,side_length,0.035,70,5,-5.0,5.0,5.0,5.0,0.0,5.0,5.0,5.0,5.0,5.0,5.0,5.0,0.0,175.0,45.0,30.0,,,,
cube,side_length,0.035,70,6,-6.0,6.0,6.0,6.0,0.0,6.0,6.0,6.0,6.0,6.0,6.0,6.0,0.0,174.0,46.0,31.0,,,,
cube,side_length,0.035,70,7,-7.0,7.0,7.0,7.0,0.0,7.0,7.0,7.0,7.0,7.0,7.0,7.0,0.0,173.0,47.0,32.0,,,,
cube,side_length,0.035,70,8,-8.0,8.0,8.0,8.0,0.0,8.0,8.0,8.0,8.0,8.0,8.0,8.0,0.0,172.0,48.0,33.0,,,,
cube,side_length,0.035,70,9,-9.0,9.0,9.0,9.0,0.0,9.0,9.0,9.0,9.0,9.0,9.0,9.0,0.0,171.0,49.0,34.0,,,,
cube,side_length,0.035,70,10,-10.0,10.0,10.0,10.0,0.0,10.0,10.0,10.0,10.0,10.0,10.0,10.0,0.0,170.0,50.0,35.0,,,,
cube,side_length,0.035,70,11,-11.0,11.0,11.0,11.0,0.0,11.0,11.0,11.0,11.0,11.0,11.0,11.0,0.0,169.0,51.0,36.0,,,,
cube,side_length,0.035,70,12,-12.0,12.0,12.0,12.0,0.0,12.0,12.0,12.0,12.0,12.0,12.0,12.0,0.0,168.0,52.0,37.0,,,,
cube,side_length,0.035,70,13,-13.0,13.0,13.0,13.0,0.0,13.0,13.0,13.0,13.0,13.0,13.0,13.0,0.0,167.0,53.0,38.0,,,,
cube,side_length,0.035,70,14,-14.0,14.0,14.0,14.0,0.0,14.0,14.0,14.0,14.0,14.0,14.0,14.0,0.0,166.0,54.0,39.0,,,,
cube,side_length,0.035,70,15,-15.0,15.0,15.0,15.0,0.0,15.0,15.0,15.0,15.0,15.0,15.0,15.0,0.0,165.0,55.0,40.0,,,,
cube,side_length,0.035,70,16,-16.0,16.0,16.0,16.0,0.0,16.0,16.0,16.0,16.0,16.0,16.0,16.0,0.0,164.0,56.0,41.0,,,,
cube,side_length,0.035,70,17,-17.0,17.0,17.0,17.0,0.0,17.0,17.0,17.0,17.0,17.0,17.0,17.0,0.0,163.0,57.0,42.0,,,,
cube,side_length,0.035,70,18,-18.0,18.0,18.0,18.0,0.0,18.0,18.0,18.0,18.0,18.0,18.0,18.0,0.0,162.0,58.0,43.0,,,,
cube,side_length,0.035,70,19,-19.0,19.0,19.0,19.0,0.0,19.0,19.0,19.0,19.0,19.0,19.0,19.0,0.0,161.0,59.0,44.0,,,,
cube,side_length,0.035,70,20,-20.0,20.0,20.0,20.0,0.0,20.0,20.0,20.0,20.0,20.0,20.0,20.0,0.0,160.0,60.0,45.0,,,,
cube,side_length,0.035,70,21,-21.0,21.0,21.0,21.0,0.0,21.0,21.0,21.0,21.0,21.0,21.0,21.0,0.0,159.0,61.0,46.0,,,,
cube,side_length,0.035,70,22,-22.0,22.0,22.0,22.0,0.0,22.0,22.0,22.0,22.0,22.0,22.0,22.0,0.0,158.0,62.0,47.0,,,,
cube,side_length,0.035,70,23,-23.0,23.0,23.0,23.0,0.0,23.0,23.0,23.0,23.0,23.0,23.0,23.0,0.0,157.0,63.0,48.0,,,,
cube,side_length,0.035,70,24,-24.0,24.0,24.0,24.0,0.0,24.0,24.0,24.0,24.0,24.0,24.0,24.0,0.0,156.0,64.0,49.0,,,,
cube,side_length,0.035,70,25,-25.0,25.0,25.0,25.0,0.0,25.0,25.0,25.0,25.0,25.0,25.0,25.0,0.0,155.0,65.0,50.0,,,,
cube,side_length,0.035,70,26,-26.0,26.0,26.0,26.0,0.0,26.0,26.0,26.0,26.0,26.0,26.0,26.0,0.0,154.0,66.0,51.0,,,,
cube,side_length,0.035,70,27,-27.0,27.0,27.0,27.0,0.0,27.0,27.0,27.0,27.0,27.0,27.0,27.0,0.0,153.0,67.0,52.0,,,,
cube,side_length,0.035,70,28,-28.0,28.0,28.0,28.0,0.0,28.0,28.0,28.0,28.0,28.0,28.0,28.0,0.0,152.0,68.0,53.0,,,,
cube,side_length,0.035,70,29,-29.0,29.0,29.0,29.0,0.0,29.0,29.0,29.0,29.0,29.0,29.0,29.0,0.0,151.0,69.0,54.0,,,,
cube,side_length,0.035,70,30,-30.0,30.0,30.0,30.0,0.0,30.0,30.0,30.0,30.0,30.0,30.0,30.0,0.0,150.0,70.0,55.0,,,,
cube,side_length,0.035,70,31,-31.0,31.0,31.0,31.0,0.0,31.0,31.0,31.0,31.0,31.0,31.0,31.0,0.0,149.0,71.0,56.0,,,,
cube,side_length,0.035,70,32,-32.0,32.0,32.0,32.0,0.0,32.0,32.0,32.0,32.0,32.0,32.0,32.0,0.0,148.0,72.0,57.0,,,,
cube,side_length,0.035,70,33,-33.0,33.0,33.0,33.0,0.0,33.0,33.0,33.0,33.0,33.0,33.0,33.0,0.0,147.0,73.0,58.0,,,,
cube,side_length,0.035,70,34,-34.0,34.0,34.0,34.0,0.0,34.0,34.0,34.0,34.0,34.0,34.0,34.0,0.0,146.0,74.0,59.0,,,,
cube,side_length,0.035,70,35,-35.0,35.0,35.0,35.0,0.0,35.0,35.0,35.0,35.0,35.0,35.0,35.0,0.0,145.0,75.0,60.0,,,,
cube,side_length,0.035,70,36,-36.0,36.0,36.0,36.0,0.0,36.0,36.0,36.0,36.0,36.0,36.0,36.0,0.0,144.0,76.0,61.0,,,,
cube,side_length,0.035,70,37,-37.0,37.0,37.0,37.0,0.0,37.0,37.0,37.0,37.0,37.0,37.0,37.0,0.0,143.0,77.0,62.0,,,,
cube,side_length,0.035,70,38,-38.0,38.0,38.0,38.0,0.0,38.0,38.0,38.0,38.0,38.0,38.0,38.0,0.0,142.0,78.0,63.0,,,,
cube,side_length,0.035,70,39,-39.0,39.0,39.0,39.0,0.0,39.0,39.0,39.0,39.0,39.0,39.0,39.0,0.0,141.0,79.0,64.0,,,,
cube,side_length,0.035,70,40,-40.0,40.0,40.0,40.0,0.0,40.0,40.0,40.0,40.0,40.0,40.0,40.0,0.0,140.0,80.0,65.0,,,,
cube,side_length,0.035,70,41,-41.0,41.0,41.0,41.0,0.0,41.0,41.0,41.0,41.0,41.0,41.0,41.0,0.0,139.0,81.0,66.0,,,,
cube,side_length,0.035,70,42,-42.0,42.0,42.0,42.0,0.0,42.0,42.0,42.0,42.0,42.0,42.0,42.0,0.0,138.0,82.0,67.0,,,,
cube,side_length,0.035,70,43,-43.0,43.0,43.0,43.0,0.0,43.0,43.0,43.0,43.0,43.0,43.0,43.0,0.0,137.0,83.0,68.0,,,,
cube,side_length,0.035,70,44,-44.0,44.0,44.0,44.0,0.0,44.0,44.0,44.0,44.0,44.0,44.0,44.0,0.0,136.0,84.0,69.0,,,,
cube,side_length,0.035,70,45,-45.0,45.0,45.0,45.0,0.0,45.0,45.0,45.0,45.0,45.0,45.0,45.0,0.0,135.0,85.0,70.0,,,,
cube,side_length,0.035,70,46,-46.0,46.0,46.0,46.0,0.0,46.0,46.0,46.0,46.0,46.0,46.0,46.0,0.0,134.0,86.0,71.0,,,,
cube,side_length,0.035,70,47,-47.0,47.0,47.0,47.0,0.0,47.0,47.0,47.0,47.0,47.0,47.0,47.0,0.0,133.0,87.0,72.0,,,,
cube,side_length,0.035,70,48,-48.0,48.0,48.0,48.0,0.0,48.0,48.0,48.0,48.0,48.0,48.0,48.0,0.0,132.0,88.0,73.0,,,,
cube,side_length,0.035,70,49,-49.0,49.0,49.0,49.0,0.0,49.0,49.0,49.0,49.0,49.0,49.0,49.0,0.0,131.0,89.0,74.0,,,,
cube,side_length,0.035,70,50,-50.0,50.0,50.0,50.0,0.0,50.0,50.0,50.0,50.0,50.0,50.0,50.0,0.0,130.0,90.0,75.0,,,,
cube,side_length,0.035,70,51,-51.0,51.0,51.0,51.0,0.0,51.0,51.0,51.0,51.0,51.0,51.0,51.0,0.0,129.0,91.0,76.0,,,,
cube,side_length,0.035,70,52,-52.0,52.0,52.0,52.0,0.0,52.0,52.0,52.0,52.0,52.0,52.0,52.0,0.0,128.0,92.0,77.0,,,,
cube,side_length,0.035,70,53,-53.0,53.0,53.0,53.0,0.0,53.0,53.0,53.0,53.0,53.0,53.0,53.0,0.0,127.0,93.0,78.0,,,,
cube,side_length,0.035,70,54,-54.0,54.0,54.0,54.0,0.0,54.0,54.0,54.0,54.0,54.0,54.0,54.0,0.0,126.0,94.0,79.0,,,,
cube,side_length,0.035,70,55,-55.0,55.0,55.0,55.0,0.0,55.0,55.0,55.0,55.0,55.0,55.0,55.0,0.0,125.0,95.0,80.0,,,,
cube,side_length,0.035,70,56,-56.0,56.0,56.0,56.0,0.0,56.0,56.0,56.0,56.0,56.0,56.0,56.0,0.0,124.0,96.0,80.0,,,,
cube,side_length,0.035,70,57,-57.0,57.0,57.0,57.0,0.0,57.0,57.0,57.0,57.0,57.0,57.0,57.0,0.0,123.0,97.0,80.0,,,,
cube,side_length,0.035,70,58,-58.0,58.0,58.0,58.0,0.0,58.0,58.0,58.0,58.0,58.0,58.0,58.0,0.0,122.0,98.0,80.0,,,,
cube,side_length,0.035,70,59,-59.0,59.0,59.0,59.0,0.0,59.0,59.0,59.0,59.0,59.0,59.0,59.0,0.0,121.0,99.0,80.0,,,,
cube,side_length,0.035,70,60,-60.0,60.0,60.0,60.0,0.0,60.0,60.0,60.0,60.0,60.0,60.0,60.0,0.0,120.0,100.0,80.0,,,,
cube,side_length,0.035,70,61,-61.0,61.0,61.0,60.0,0.0,61.0,61.0,61.0,61.0,61.0,61.0,60.0,0.0,119.0,101.0,80.0,,,,
cube,side_length,0.035,70,62,-62.0,62.0,62.0,60.0,0.0,62.0,62.0,62.0,62.0,62.0,62.0,60.0,0.0,118.0,102.0,80.0,,,,
cube,side_length,0.035,70,63,-63.0,63.0,63.0,60.0,0.0,63.0,63.0,63.0,63.0,63.0,63.0,60.0,0.0,117.0,103.0,80.0,,,,
cube,side_length,0.035,70,64,-64.0,64.0,64.0,60.0,0.0,64.0,64.0,64.0,64.0,64.0,64.0,60.0,0.0,116.0,104.0,80.0,,,,
cube,side_length,0.035,70,65,-65.0,65.0,65.0,60.0,0.0,65.0,65.0,65.0,65.0,65.0,65.0,60.0,0.0,115.0,105.0,80.0,,,,
cube,side_length,0.035,70,66,-66.0,66.0,66.0,60.0,0.0,65.89453125,65.89453125,65.0,66.0,66.0,66.0,60.0,0.0,114.0,106.0,80.0,,contact,,
cube,side_length,0.035,70,67,-67.0,67.0,67.0,60.0,0.0,65.89453125,65.89453125,65.0,67.0,67.0,67.0,60.0,0.0,113.0,107.0,80.0,,contact,,
cube,side_length,0.035,70,68,-68.0,68.0,68.0,60.0,0.0,65.89453125,65.89453125,65.0,68.0,68.0,68.0,60.0,0.0,112.0,108.0,80.0,,contact,,
cube,side_length,0.035,70,69,-69.0,69.0,69.0,60.0,0.0,65.89453125,65.89453125,65.0,69.0,69.0,69.0,60.0,0.0,111.0,109.0,80.0,,contact,,
cube,side_length,0.035,70,70,-70.0,70.0,70.0,60.0,0.0,65.89453125,65.89453125,65.0,70.0,70.0,70.0,60.0,0.0,110.08203125,109.91796875,80.0,,contact,,contact
cube,side_length,0.035,70,71,-71.0,71.0,71.0,60.0,0.0,65.89453125,65.89453125,65.0,71.0,71.0,71.0,60.0,0.0,110.08203125,109.91796875,80.0,,contact,,contact
cube,side_length,0.035,70,72,-72.0,72.0,72.0,60.0,0.0,65.89453125,65.89453125,65.0,72.0,72.0,72.0,60.0,0.0,110.08203125,109.91796875,80.0,,contact,,contact
cube,side_length,0.035,70,73,-73.0,73.0,73.0,60.0,0.0,65.89453125,65.89453125,65.0,73.0,73.0,73.0,60.0,0.0,110.08203125,109.91796875,80.0,,contact,,contact
cube,side_length,0.035,70,74,-74.0,74.0,74.0,60.0,0.0,65.89453125,65.89453125,65.0,74.0,74.0,74.0,60.0,0.0,110.08203125,109.91796875,80.0,,contact,,contact
cube,side_length,0.035,70,75,-75.0,75.0,75.0,60.0,0.0,65.89453125,65.89453125,65.0,75.0,75.0,75.0,60.0,0.0,110.08203125,109.91796875,80.0,,contact,,contact
cube,side_length,0.035,70,76,-75.0,76.0,76.0,60.0,0.0,65.89453125,65.89453125,65.0,75.0,76.0,76.0,60.0,0.0,110.08203125,109.91796875,80.0,,contact,,contact
cube,side_length,0.035,70,77,-75.0,77.0,77.0,60.0,0.0,65.89453125,65.89453125,65.0,75.0,77.0,77.0,60.0,0.0,110.08203125,109.91796875,80.0,,contact,,contact
cube,side_length,0.035,70,78,-75.0,78.0,78.0,60.0,0.0,65.89453125,65.89453125,65.0,75.0,78.0,78.0,60.0,0.0,110.08203125,109.91796875,80.0,,contact,,contact
cube,side_length,0.035,70,79,-75.0,79.0,79.0,60.0,0.0,65.89453125,65.89453125,65.0,75.0,79.0,79.0,60.0,0.0,110.08203125,109.91796875,80.0,,contact,,contact
cube,side_length,0.035,70,80,-75.0,80.0,80.0,60.0,0.0,65.89453125,65.89453125,65.0,75.0,80.0,80.0,60.0,0.0,110.08203125,109.91796875,80.0,,contact,,contact
cube,side_length,0.035,70,81,-75.0,81.0,81.0,60.0,0.0,65.89453125,65.89453125,65.0,75.0,81.0,81.0,60.0,0.0,110.08203125,109.91796875,80.0,,contact,,contact
cube,side_length,0.035,70,82,-75.0,82.0,82.0,60.0,0.0,65.89453125,65.89453125,65.0,75.0,82.0,82.0,60.0,0.0,110.08203125,109.91796875,80.0,,contact,,contact
cube,side_length,0.035,70,83,-75.0,83.0,83.0,60.0,0.0,65.89453125,65.89453125,65.0,75.0,83.0,83.0,60.0,0.0,110.08203125,109.91796875,80.0,,contact,,contact
cube,side_length,0.035,70,84,-75.0,84.0,84.0,60.0,0.0,65.89453125,65.89453125,65.0,75.0,84.0,84.0,60.0,0.0,110.08203125,109.91796875,80.0,,contact,,contact
cube,side_length,0.035,70,85,-75.0,85.0,85.0,60.0,0.0,65.89453125,65.89453125,65.0,75.0,85.0,85.0,60.0,0.0,110.08203125,109.91796875,80.0,,contact,,contact
cube,side_length,0.035,70,86,-75.0,85.0625,85.0625,60.0,0.0,65.89453125,65.89453125,65.0,75.0,85.0546875,85.0546875,60.0,0.0,110.08203125,109.91796875,80.0,contact,contact,contact,contact
cube,side_length,0.0325,65,0,0.0,0.0,0.0,0.0,0.0,0.0,0.0,0.0,0.0,0.0,0.0,0.0,0.0,180.0,40.0,25.0,,,,
cube,side_length,0.0325,65,1,-1.0,1.0,1.0,1.0,0.0,1.0,1.0,1.0,1.0,1.0,1.0,1.0,0.0,179.0,41.0,26.0,,,,
cube,side_length,0.0325,65,2,-2.0,2.0,2.0,2.0,0.0,2.0,2.0,2.0,2.0,2.0,2.0,2.0,0.0,178.0,42.0,27.0,,,,
cube,side_length,0.0325,65,3,-3.0,3.0,3.0,3.0,0.0,3.0,3.0,3.0,3.0,3.0,3.0,3.0,0.0,177.0,43.0,28.0,,,,
cube,side_length,0.0325,65,4,-4.0,4.0,4.0,4.0,0.0,4.0,4.0,4.0,4.0,4.0,4.0,4.0,0.0,176.0,44.0,29.0,,,,
cube,side_length,0.0325,65,5,-5.0,5.0,5.0,5.0,0.0,5.0,5.0,5.0,5.0,5.0,5.0,5.0,0.0,175.0,45.0,30.0,,,,
cube,side_length,0.0325,65,6,-6.0,6.0,6.0,6.0,0.0,6.0,6.0,6.0,6.0,6.0,6.0,6.0,0.0,174.0,46.0,31.0,,,,
cube,side_length,0.0325,65,7,-7.0,7.0,7.0,7.0,0.0,7.0,7.0,7.0,7.0,7.0,7.0,7.0,0.0,173.0,47.0,32.0,,,,
cube,side_length,0.0325,65,8,-8.0,8.0,8.0,8.0,0.0,8.0,8.0,8.0,8.0,8.0,8.0,8.0,0.0,172.0,48.0,33.0,,,,
cube,side_length,0.0325,65,9,-9.0,9.0,9.0,9.0,0.0,9.0,9.0,9.0,9.0,9.0,9.0,9.0,0.0,171.0,49.0,34.0,,,,
cube,side_length,0.0325,65,10,-10.0,10.0,10.0,10.0,0.0,10.0,10.0,10.0,10.0,10.0,10.0,10.0,0.0,170.0,50.0,35.0,,,,
cube,side_length,0.0325,65,11,-11.0,11.0,11.0,11.0,0.0,11.0,11.0,11.0,11.0,11.0,11.0,11.0,0.0,169.0,51.0,36.0,,,,
cube,side_length,0.0325,65,12,-12.0,12.0,12.0,12.0,0.0,12.0,12.0,12.0,12.0,12.0,12.0,12.0,0.0,168.0,52.0,37.0,,,,
cube,side_length,0.0325,65,13,-13.0,13.0,13.0,13.0,0.0,13.0,13.0,13.0,13.0,13.0,13.0,13.0,0.0,167.0,53.0,38.0,,,,
cube,side_length,0.0325,65,14,-14.0,14.0,14.0,14.0,0.0,14.0,14.0,14.0,14.0,14.0,14.0,14.0,0.0,166.0,54.0,39.0,,,,
cube,side_length,0.0325,65,15,-15.0,15.0,15.0,15.0,0.0,15.0,15.0,15.0,15.0,15.0,15.0,15.0,0.0,165.0,55.0,40.0,,,,
cube,side_length,0.0325,65,16,-16.0,16.0,16.0,16.0,0.0,16.0,16.0,16.0,16.0,16.0,16.0,16.0,0.0,164.0,56.0,41.0,,,,
cube,side_length,0.0325,65,17,-17.0,17.0,17.0,17.0,0.0,17.0,17.0,17.0,17.0,17.0,17.0,17.0,0.0,163.0,57.0,42.0,,,,
cube,side_length,0.0325,65,18,-18.0,18.0,18.0,18.0,0.0,18.0,18.0,18.0,18.0,18.0,18.0,18.0,0.0,162.0,58.0,43.0,,,,
cube,side_length,0.0325,65,19,-19.0,19.0,19.0,19.0,0.0,19.0,19.0,19.0,19.0,19.0,19.0,19.0,0.0,161.0,59.0,44.0,,,,
cube,side_length,0.0325,65,20,-20.0,20.0,20.0,20.0,0.0,20.0,20.0,20.0,20.0,20.0,20.0,20.0,0.0,160.0,60.0,45.0,,,,
cube,side_length,0.0325,65,21,-21.0,21.0,21.0,21.0,0.0,21.0,21.0,21.0,21.0,21.0,21.0,21.0,0.0,159.0,61.0,46.0,,,,
cube,side_length,0.0325,65,22,-22.0,22.0,22.0,22.0,0.0,22.0,22.0,22.0,22.0,22.0,22.0,22.0,0.0,158.0,62.0,47.0,,,,
cube,side_length,0.0325,65,23,-23.0,23.0,23.0,23.0,0.0,23.0,23.0,23.0,23.0,23.0,23.0,23.0,0.0,157.0,63.0,48.0,,,,
cube,side_length,0.0325,65,24,-24.0,24.0,24.0,24.0,0.0,24.0,24.0,24.0,24.0,24.0,24.0,24.0,0.0,156.0,64.0,49.0,,,,
cube,side_length,0.0325,65,25,-25.0,25.0,25.0,25.0,0.0,25.0,25.0,25.0,25.0,25.0,25.0,25.0,0.0,155.0,65.0,50.0,,,,
cube,side_length,0.0325,65,26,-26.0,26.0,26.0,26.0,0.0,26.0,26.0,26.0,26.0,26.0,26.0,26.0,0.0,154.0,66.0,51.0,,,,
cube,side_length,0.0325,65,27,-27.0,27.0,27.0,27.0,0.0,27.0,27.0,27.0,27.0,27.0,27.0,27.0,0.0,153.0,67.0,52.0,,,,
cube,side_length,0.0325,65,28,-28.0,28.0,28.0,28.0,0.0,28.0,28.0,28.0,28.0,28.0,28.0,28.0,0.0,152.0,68.0,53.0,,,,
cube,side_length,0.0325,65,29,-29.0,29.0,29.0,29.0,0.0,29.0,29.0,29.0,29.0,29.0,29.0,29.0,0.0,151.0,69.0,54.0,,,,
cube,side_length,0.0325,65,30,-30.0,30.0,30.0,30.0,0.0,30.0,30.0,30.0,30.0,30.0,30.0,30.0,0.0,150.0,70.0,55.0,,,,
cube,side_length,0.0325,65,31,-31.0,31.0,31.0,31.0,0.0,31.0,31.0,31.0,31.0,31.0,31.0,31.0,0.0,149.0,71.0,56.0,,,,
cube,side_length,0.0325,65,32,-32.0,32.0,32.0,32.0,0.0,32.0,32.0,32.0,32.0,32.0,32.0,32.0,0.0,148.0,72.0,57.0,,,,
cube,side_length,0.0325,65,33,-33.0,33.0,33.0,33.0,0.0,33.0,33.0,33.0,33.0,33.0,33.0,33.0,0.0,147.0,73.0,58.0,,,,
cube,side_length,0.0325,65,34,-34.0,34.0,34.0,34.0,0.0,34.0,34.0,34.0,34.0,34.0,34.0,34.0,0.0,146.0,74.0,59.0,,,,
cube,side_length,0.0325,65,35,-35.0,35.0,35.0,35.0,0.0,35.0,35.0,35.0,35.0,35.0,35.0,35.0,0.0,145.0,75.0,60.0,,,,
cube,side_length,0.0325,65,36,-36.0,36.0,36.0,36.0,0.0,36.0,36.0,36.0,36.0,36.0,36.0,36.0,0.0,144.0,76.0,61.0,,,,
cube,side_length,0.0325,65,37,-37.0,37.0,37.0,37.0,0.0,37.0,37.0,37.0,37.0,37.0,37.0,37.0,0.0,143.0,77.0,62.0,,,,
cube,side_length,0.0325,65,38,-38.0,38.0,38.0,38.0,0.0,38.0,38.0,38.0,38.0,38.0,38.0,38.0,0.0,142.0,78.0,63.0,,,,
cube,side_length,0.0325,65,39,-39.0,39.0,39.0,39.0,0.0,39.0,39.0,39.0,39.0,39.0,39.0,39.0,0.0,141.0,79.0,64.0,,,,
cube,side_length,0.0325,65,40,-40.0,40.0,40.0,40.0,0.0,40.0,40.0,40.0,40.0,40.0,40.0,40.0,0.0,140.0,80.0,65.0,,,,
cube,side_length,0.0325,65,41,-41.0,41.0,41.0,41.0,0.0,41.0,41.0,41.0,41.0,41.0,41.0,41.0,0.0,139.0,81.0,66.0,,,,
cube,side_length,0.0325,65,42,-42.0,42.0,42.0,42.0,0.0,42.0,42.0,42.0,42.0,42.0,42.0,42.0,0.0,138.0,82.0,67.0,,,,
cube,side_length,0.0325,65,43,-43.0,43.0,43.0,43.0,0.0,43.0,43.0,43.0,43.0,43.0,43.0,43.0,0.0,137.0,83.0,68.0,,,,
cube,side_length,0.0325,65,44,-44.0,44.0,44.0,44.0,0.0,44.0,44.0,44.0,44.0,44.0,44.0,44.0,0.0,136.0,84.0,69.0,,,,
cube,side_length,0.0325,65,45,-45.0,45.0,45.0,45.0,0.0,45.0,45.0,45.0,45.0,45.0,45.0,45.0,0.0,135.0,85.0,70.0,,,,
cube,side_length,0.0325,65,46,-46.0,46.0,46.0,46.0,0.0,46.0,46.0,46.0,46.0,46.0,46.0,46.0,0.0,134.0,86.0,71.0,,,,
cube,side_length,0.0325,65,47,-47.0,47.0,47.0,47.0,0.0,47.0,47.0,47.0,47.0,47.0,47.0,47.0,0.0,133.0,87.0,72.0,,,,
cube,side_length,0.0325,65,48,-48.0,48.0,48.0,48.0,0.0,48.0,48.0,48.0,48.0,48.0,48.0,48.0,0.0,132.0,88.0,73.0,,,,
cube,side_length,0.0325,65,49,-49.0,49.0,49.0,49.0,0.0,49.0,49.0,49.0,49.0,49.0,49.0,49.0,0.0,131.0,89.0,74.0,,,,
cube,side_length,0.0325,65,50,-50.0,50.0,50.0,50.0,0.0,50.0,50.0,50.0,50.0,50.0,50.0,50.0,0.0,130.0,90.0,75.0,,,,
cube,side_length,0.0325,65,51,-51.0,51.0,51.0,51.0,0.0,51.0,51.0,51.0,51.0,51.0,51.0,51.0,0.0,129.0,91.0,76.0,,,,
cube,side_length,0.0325,65,52,-52.0,52.0,52.0,52.0,0.0,52.0,52.0,52.0,52.0,52.0,52.0,52.0,0.0,128.0,92.0,77.0,,,,
cube,side_length,0.0325,65,53,-53.0,53.0,53.0,53.0,0.0,53.0,53.0,53.0,53.0,53.0,53.0,53.0,0.0,127.0,93.0,78.0,,,,
cube,side_length,0.0325,65,54,-54.0,54.0,54.0,54.0,0.0,54.0,54.0,54.0,54.0,54.0,54.0,54.0,0.0,126.0,94.0,79.0,,,,
cube,side_length,0.0325,65,55,-55.0,55.0,55.0,55.0,0.0,55.0,55.0,55.0,55.0,55.0,55.0,55.0,0.0,125.0,95.0,80.0,,,,
cube,side_length,0.0325,65,56,-56.0,56.0,56.0,56.0,0.0,56.0,56.0,56.0,56.0,56.0,56.0,56.0,0.0,124.0,96.0,80.0,,,,
cube,side_length,0.0325,65,57,-57.0,57.0,57.0,57.0,0.0,57.0,57.0,57.0,57.0,57.0,57.0,57.0,0.0,123.0,97.0,80.0,,,,
cube,side_length,0.0325,65,58,-58.0,58.0,58.0,58.0,0.0,58.0,58.0,58.0,58.0,58.0,58.0,58.0,0.0,122.0,98.0,80.0,,,,
cube,side_length,0.0325,65,59,-59.0,59.0,59.0,59.0,0.0,59.0,59.0,59.0,59.0,59.0,59.0,59.0,0.0,121.0,99.0,80.0,,,,
cube,side_length,0.0325,65,60,-60.0,60.0,60.0,60.0,0.0,60.0,60.0,60.0,60.0,60.0,60.0,60.0,0.0,120.0,100.0,80.0,,,,
cube,side_length,0.0325,65,61,-61.0,61.0,61.0,60.0,0.0,61.0,61.0,61.0,61.0,61.0,61.0,60.0,0.0,119.0,101.0,80.0,,,,
cube,side_length,0.0325,65,62,-62.0,62.0,62.0,60.0,0.0,62.0,62.0,62.0,62.0,62.0,62.0,60.0,0.0,118.0,102.0,80.0,,,,
cube,side_length,0.0325,65,63,-63.0,63.0,63.0,60.0,0.0,63.0,63.0,63.0,63.0,63.0,63.0,60.0,0.0,117.0,103.0,80.0,,,,
cube,side_length,0.0325,65,64,-64.0,64.0,64.0,60.0,0.0,64.0,64.0,64.0,64.0,64.0,64.0,60.0,0.0,116.0,104.0,80.0,,,,
cube,side_length,0.0325,65,65,-65.0,65.0,65.0,60.0,0.0,65.0,65.0,65.0,65.0,65.0,65.0,60.0,0.0,115.0,105.0,80.0,,,,
cube,side_length,0.0325,65,66,-66.0,66.0,66.0,60.0,0.0,66.0,66.0,65.0,66.0,66.0,66.0,60.0,0.0,114.0,106.0,80.0,,,,
cube,side_length,0.0325,65,67,-67.0,67.0,67.0,60.0,0.0,67.0,67.0,65.0,67.0,67.0,67.0,60.0,0.0,113.0,107.0,80.0,,,,
cube,side_length,0.0325,65,68,-68.0,68.0,68.0,60.0,0.0,67.16015625,67.16015625,65.0,68.0,68.0,68.0,60.0,0.0,112.0,108.0,80.0,,contact,,
cube,side_length,0.0325,65,69,-69.0,69.0,69.0,60.0,0.0,67.16015625,67.16015625,65.0,69.0,69.0,69.0,60.0,0.0,111.0,109.0,80.0,,contact,,
cube,side_length,0.0325,65,70,-70.0,70.0,70.0,60.0,0.0,67.16015625,67.16015625,65.0,70.0,70.0,70.0,60.0,0.0,110.0,110.0,80.0,,contact,,
cube,side_length,0.0325,65,71,-71.0,71.0,71.0,60.0,0.0,67.16015625,67.16015625,65.0,71.0,71.0,71.0,60.0,0.0,109.0,110.0,80.0,,contact,,
cube,side_length,0.0325,65,72,-72.0,72.0,72.0,60.0,0.0,67.16015625,67.16015625,65.0,72.0,72.0,72.0,60.0,0.0,108.0,110.0,80.0,,contact,,
cube,side_length,0.0325,65,73,-73.0,73.0,73.0,60.0,0.0,67.16015625,67.16015625,65.0,73.0,73.0,73.0,60.0,0.0,107.55859375,110.0,80.0,,contact,,contact
cube,side_length,0.0325,65,74,-74.0,74.0,74.0,60.0,0.0,67.16015625,67.16015625,65.0,74.0,74.0,74.0,60.0,0.0,107.55859375,110.0,80.0,,contact,,contact
cube,side_length,0.0325,65,75,-75.0,75.0,75.0,60.0,0.0,67.16015625,67.16015625,65.0,75.0,75.0,75.0,60.0,0.0,107.55859375,110.0,80.0,,contact,,contact
cube,side_length,0.0325,65,76,-75.0,76.0,76.0,60.0,0.0,67.16015625,67.16015625,65.0,75.0,76.0,76.0,60.0,0.0,107.55859375,110.0,80.0,,contact,,contact
cube,side_length,0.0325,65,77,-75.0,77.0,77.0,60.0,0.0,67.16015625,67.16015625,65.0,75.0,77.0,77.0,60.0,0.0,107.55859375,110.0,80.0,,contact,,contact
cube,side_length,0.0325,65,78,-75.0,78.0,78.0,60.0,0.0,67.16015625,67.16015625,65.0,75.0,78.0,78.0,60.0,0.0,107.55859375,110.0,80.0,,contact,,contact
cube,side_length,0.0325,65,79,-75.0,79.0,79.0,60.0,0.0,67.16015625,67.16015625,65.0,75.0,79.0,79.0,60.0,0.0,107.55859375,110.0,80.0,,contact,,contact
cube,side_length,0.0325,65,80,-75.0,80.0,80.0,60.0,0.0,67.16015625,67.16015625,65.0,75.0,80.0,80.0,60.0,0.0,107.55859375,110.0,80.0,,contact,,contact
cube,side_length,0.0325,65,81,-75.0,81.0,81.0,60.0,0.0,67.16015625,67.16015625,65.0,75.0,81.0,81.0,60.0,0.0,107.55859375,110.0,80.0,,contact,,contact
cube,side_length,0.0325,65,82,-75.0,82.0,82.0,60.0,0.0,67.16015625,67.16015625,65.0,75.0,82.0,82.0,60.0,0.0,107.55859375,110.0,80.0,,contact,,contact
cube,side_length,0.0325,65,83,-75.0,83.0,83.0,60.0,0.0,67.16015625,67.16015625,65.0,75.0,83.0,83.0,60.0,0.0,107.55859375,110.0,80.0,,contact,,contact
cube,side_length,0.0325,65,84,-75.0,84.0,84.0,60.0,0.0,67.16015625,67.16015625,65.0,75.0,84.0,84.0,60.0,0.0,107.55859375,110.0,80.0,,contact,,contact
cube,side_length,0.0325,65,85,-75.0,85.0,85.0,60.0,0.0,67.16015625,67.16015625,65.0,75.0,85.0,85.0,60.0,0.0,107.55859375,110.0,80.0,,contact,,contact
cube,side_length,0.0325,65,86,-75.0,86.0,86.0,60.0,0.0,67.16015625,67.16015625,65.0,75.0,86.0,86.0,60.0,0.0,107.55859375,110.0,80.0,,contact,,contact
cube,side_length,0.0325,65,87,-75.0,86.41015625,86.41015625,60.0,0.0,67.16015625,67.16015625,65.0,75.0,86.40234375,86.40234375,60.0,0.0,107.55859375,110.0,80.0,contact,contact,contact,contact
cube,side_length,0.03,60,0,0.0,0.0,0.0,0.0,0.0,0.0,0.0,0.0,0.0,0.0,0.0,0.0,0.0,180.0,40.0,25.0,,,,
cube,side_length,0.03,60,1,-1.0,1.0,1.0,1.0,0.0,1.0,1.0,1.0,1.0,1.0,1.0,1.0,0.0,179.0,41.0,26.0,,,,
cube,side_length,0.03,60,2,-2.0,2.0,2.0,2.0,0.0,2.0,2.0,2.0,2.0,2.0,2.0,2.0,0.0,178.0,42.0,27.0,,,,
cube,side_length,0.03,60,3,-3.0,3.0,3.0,3.0,0.0,3.0,3.0,3.0,3.0,3.0,3.0,3.0,0.0,177.0,43.0,28.0,,,,
cube,side_length,0.03,60,4,-4.0,4.0,4.0,4.0,0.0,4.0,4.0,4.0,4.0,4.0,4.0,4.0,0.0,176.0,44.0,29.0,,,,
cube,side_length,0.03,60,5,-5.0,5.0,5.0,5.0,0.0,5.0,5.0,5.0,5.0,5.0,5.0,5.0,0.0,175.0,45.0,30.0,,,,
cube,side_length,0.03,60,6,-6.0,6.0,6.0,6.0,0.0,6.0,6.0,6.0,6.0,6.0,6.0,6.0,0.0,174.0,46.0,31.0,,,,
cube,side_length,0.03,60,7,-7.0,7.0,7.0,7.0,0.0,7.0,7.0,7.0,7.0,7.0,7.0,7.0,0.0,173.0,47.0,32.0,,,,
cube,side_length,0.03,60,8,-8.0,8.0,8.0,8.0,0.0,8.0,8.0,8.0,8.0,8.0,8.0,8.0,0.0,172.0,48.0,33.0,,,,
cube,side_length,0.03,60,9,-9.0,9.0,9.0,9.0,0.0,9.0,9.0,9.0,9.0,9.0,9.0,9.0,0.0,171.0,49.0,34.0,,,,
cube,side_length,0.03,60,10,-10.0,10.0,10.0,10.0,0.0,10.0,10.0,10.0,10.0,10.0,10.0,10.0,0.0,170.0,50.0,35.0,,,,
cube,side_length,0.03,60,11,-11.0,11.0,11.0,11.0,0.0,11.0,11.0,11.0,11.0,11.0,11.0,11.0,0.0,169.0,51.0,36.0,,,,
cube,side_length,0.03,60,12,-12.0,12.0,12.0,12.0,0.0,12.0,12.0,12.0,12.0,12.0,12.0,12.0,0.0,168.0,52.0,37.0,,,,
cube,side_length,0.03,60,13,-13.0,13.0,13.0,13.0,0.0,13.0,13.0,13.0,13.0,13.0,13.0,13.0,0.0,167.0,53.0,38.0,,,,
cube,side_length,0.03,60,14,-14.0,14.0,14.0,14.0,0.0,14.0,14.0,14.0,14.0,14.0,14.0,14.0,0.0,166.0,54.0,39.0,,,,
cube,side_length,0.03,60,15,-15.0,15.0,15.0,15.0,0.0,15.0,15.0,15.0,15.0,15.0,15.0,15.0,0.0,165.0,55.0,40.0,,,,
cube,side_length,0.03,60,16,-16.0,16.0,16.0,16.0,0.0,16.0,16.0,16.0,16.0,16.0,16.0,16.0,0.0,164.0,56.0,41.0,,,,
cube,side_length,0.03,60,17,-17.0,17.0,17.0,17.0,0.0,17.0,17.0,17.0,17.0,17.0,17.0,17.0,0.0,163.0,57.0,42.0,,,,
cube,side_length,0.03,60,18,-18.0,18.0,18.0,18.0,0.0,18.0,18.0,18.0,18.0,18.0,18.0,18.0,0.0,162.0,58.0,43.0,,,,
cube,side_length,0.03,60,19,-19.0,19.0,19.0,19.0,0.0,19.0,19.0,19.0,19.0,19.0,19.0,19.0,0.0,161.0,59.0,44.0,,,,
cube,side_length,0.03,60,20,-20.0,20.0,20.0,20.0,0.0,20.0,20.0,20.0,20.0,20.0,20.0,20.0,0.0,160.0,60.0,45.0,,,,
cube,side_length,0.03,60,21,-21.0,21.0,21.0,21.0,0.0,21.0,21.0,21.0,21.0,21.0,21.0,21.0,0.0,159.0,61.0,46.0,,,,
cube,side_length,0.03,60,22,-22.0,22.0,22.0,22.0,0.0,22.0,22.0,22.0,22.0,22.0,22.0,22.0,0.0,158.0,62.0,47.0,,,,
cube,side_length,0.03,60,23,-23.0,23.0,23.0,23.0,0.0,23.0,23.0,23.0,23.0,23.0,23.0,23.0,0.0,157.0,63.0,48.0,,,,
cube,side_length,0.03,60,24,-24.0,24.0,24.0,24.0,0.0,24.0,24.0,24.0,24.0,24.0,24.0,24.0,0.0,156.0,64.0,49.0,,,,
cube,side_length,0.03,60,25,-25.0,25.0,25.0,25.0,0.0,25.0,25.0,25.0,25.0,25.0,25.0,25.0,0.0,155.0,65.0,50.0,,,,
cube,side_length,0.03,60,26,-26.0,26.0,26.0,26.0,0.0,26.0,26.0,26.0,26.0,26.0,26.0,26.0,0.0,154.0,66.0,51.0,,,,
cube,side_length,0.03,60,27,-27.0,27.0,27.0,27.0,0.0,27.0,27.0,27.0,27.0,27.0,27.0,27.0,0.0,153.0,67.0,52.0,,,,
cube,side_length,0.03,60,28,-28.0,28.0,28.0,28.0,0.0,28.0,28.0,28.0,28.0,28.0,28.0,28.0,0.0,152.0,68.0,53.0,,,,
cube,side_length,0.03,60,29,-29.0,29.0,29.0,29.0,0.0,29.0,29.0,29.0,29.0,29.0,29.0,29.0,0.0,151.0,69.0,54.0,,,,
cube,side_length,0.03,60,30,-30.0,30.0,30.0,30.0,0.0,30.0,30.0,30.0,30.0,30.0,30.0,30.0,0.0,150.0,70.0,55.0,,,,
cube,side_length,0.03,60,31,-31.0,31.0,31.0,31.0,0.0,31.0,31.0,31.0,31.0,31.0,31.0,31.0,0.0,149.0,71.0,56.0,,,,
cube,side_length,0.03,60,32,-32.0,32.0,32.0,32.0,0.0,32.0,32.0,32.0,32.0,32.0,32.0,32.0,0.0,148.0,72.0,57.0,,,,
cube,side_length,0.03,60,33,-33.0,33.0,33.0,33.0,0.0,33.0,33.0,33.0,33.0,33.0,33.0,33.0,0.0,147.0,73.0,58.0,,,,
cube,side_length,0.03,60,34,-34.0,34.0,34.0,34.0,0.0,34.0,34.0,34.0,34.0,34.0,34.0,34.0,0.0,146.0,74.0,59.0,,,,
cube,side_length,0.03,60,35,-35.0,35.0,35.0,35.0,0.0,35.0,35.0,35.0,35.0,35.0,35.0,35.0,0.0,145.0,75.0,60.0,,,,
cube,side_length,0.03,60,36,-36.0,36.0,36.0,36.0,0.0,36.0,36.0,36.0,36.0,36.0,36.0,36.0,0.0,144.0,76.0,61.0,,,,
cube,side_length,0.03,60,37,-37.0,37.0,37.0,37.0,0.0,37.0,37.0,37.0,37.0,37.0,37.0,37.0,0.0,143.0,77.0,62.0,,,,
cube,side_length,0.03,60,38,-38.0,38.0,38.0,38.0,0.0,38.0,38.0,38.0,38.0,38.0,38.0,38.0,0.0,142.0,78.0,63.0,,,,
cube,side_length,0.03,60,39,-39.0,39.0,39.0,39.0,0.0,39.0,39.0,39.0,39.0,39.0,39.0,39.0,0.0,141.0,79.0,64.0,,,,
cube,side_length,0.03,60,40,-40.0,40.0,40.0,40.0,0.0,40.0,40.0,40.0,40.0,40.0,40.0,40.0,0.0,140.0,80.0,65.0,,,,
cube,side_length,0.03,60,41,-41.0,41.0,41.0,41.0,0.0,41.0,41.0,41.0,41.0,41.0,41.0,41.0,0.0,139.0,81.0,66.0,,,,
cube,side_length,0.03,60,42,-42.0,42.0,42.0,42.0,0.0,42.0,42.0,42.0,42.0,42.0,42.0,42.0,0.0,138.0,82.0,67.0,,,,
cube,side_length,0.03,60,43,-43.0,43.0,43.0,43.0,0.0,43.0,43.0,43.0,43.0,43.0,43.0,43.0,0.0,137.0,83.0,68.0,,,,
cube,side_length,0.03,60,44,-44.0,44.0,44.0,44.0,0.0,44.0,44.0,44.0,44.0,44.0,44.0,44.0,0.0,136.0,84.0,69.0,,,,
cube,side_length,0.03,60,45,-45.0,45.0,45.0,45.0,0.0,45.0,45.0,45.0,45.0,45.0,45.0,45.0,0.0,135.0,85.0,70.0,,,,
cube,side_length,0.03,60,46,-46.0,46.0,46.0,46.0,0.0,46.0,46.0,46.0,46.0,46.0,46.0,46.0,0.0,134.0,86.0,71.0,,,,
cube,side_length,0.03,60,47,-47.0,47.0,47.0,47.0,0.0,47.0,47.0,47.0,47.0,47.0,47.0,47.0,0.0,133.0,87.0,72.0,,,,
cube,side_length,0.03,60,48,-48.0,48.0,48.0,48.0,0.0,48.0,48.0,48.0,48.0,48.0,48.0,48.0,0.0,132.0,88.0,73.0,,,,
cube,side_length,0.03,60,49,-49.0,49.0,49.0,49.0,0.0,49.0,49.0,49.0,49.0,49.0,49.0,49.0,0.0,131.0,89.0,74.0,,,,
cube,side_length,0.03,60,50,-50.0,50.0,50.0,50.0,0.0,50.0,50.0,50.0,50.0,50.0,50.0,50.0,0.0,130.0,90.0,75.0,,,,
cube,side_length,0.03,60,51,-51.0,51.0,51.0,51.0,0.0,51.0,51.0,51.0,51.0,51.0,51.0,51.0,0.0,129.0,91.0,76.0,,,,
cube,side_length,0.03,60,52,-52.0,52.0,52.0,52.0,0.0,52.0,52.0,52.0,52.0,52.0,52.0,52.0,0.0,128.0,92.0,77.0,,,,
cube,side_length,0.03,60,53,-53.0,53.0,53.0,53.0,0.0,53.0,53.0,53.0,53.0,53.0,53.0,53.0,0.0,127.0,93.0,78.0,,,,
cube,side_length,0.03,60,54,-54.0,54.0,54.0,54.0,0.0,54.0,54.0,54.0,54.0,54.0,54.0,54.0,0.0,126.0,94.0,79.0,,,,
cube,side_length,0.03,60,55,-55.0,55.0,55.0,55.0,0.0,55.0,55.0,55.0,55.0,55.0,55.0,55.0,0.0,125.0,95.0,80.0,,,,
cube,side_length,0.03,60,56,-56.0,56.0,56.0,56.0,0.0,56.0,56.0,56.0,56.0,56.0,56.0,56.0,0.0,124.0,96.0,80.0,,,,
cube,side_length,0.03,60,57,-57.0,57.0,57.0,57.0,0.0,57.0,57.0,57.0,57.0,57.0,57.0,57.0,0.0,123.0,97.0,80.0,,,,
cube,side_length,0.03,60,58,-58.0,58.0,58.0,58.0,0.0,58.0,58.0,58.0,58.0,58.0,58.0,58.0,0.0,122.0,98.0,80.0,,,,
cube,side_length,0.03,60,59,-59.0,59.0,59.0,59.0,0.0,59.0,59.0,59.0,59.0,59.0,59.0,59.0,0.0,121.0,99.0,80.0,,,,
cube,side_length,0.03,60,60,-60.0,60.0,60.0,60.0,0.0,60.0,60.0,60.0,60.0,60.0,60.0,60.0,0.0,120.0,100.0,80.0,,,,
cube,side_length,0.03,60,61,-61.0,61.0,61.0,60.0,0.0,61.0,61.0,61.0,61.0,61.0,61.0,60.0,0.0,119.0,101.0,80.0,,,,
cube,side_length,0.03,60,62,-62.0,62.0,62.0,60.0,0.0,62.0,62.0,62.0,62.0,62.0,62.0,60.0,0.0,118.0,102.0,80.0,,,,
cube,side_length,0.03,60,63,-63.0,63.0,63.0,60.0,0.0,63.0,63.0,63.0,63.0,63.0,63.0,60.0,0.0,117.0,103.0,80.0,,,,
cube,side_length,0.03,60,64,-64.0,64.0,64.0,60.0,0.0,64.0,64.0,64.0,64.0,64.0,64.0,60.0,0.0,116.0,104.0,80.0,,,,
cube,side_length,0.03,60,65,-65.0,65.0,65.0,60.0,0.0,65.0,65.0,65.0,65.0,65.0,65.0,60.0,0.0,115.0,105.0,80.0,,,,
cube,side_length,0.03,60,66,-66.0,66.0,66.0,60.0,0.0,66.0,66.0,65.0,66.0,66.0,66.0,60.0,0.0,114.0,106.0,80.0,,,,
cube,side_length,0.03,60,67,-67.0,67.0,67.0,60.0,0.0,67.0,67.0,65.0,67.0,67.0,67.0,60.0,0.0,113.0,107.0,80.0,,,,
cube,side_length,0.03,60,68,-68.0,68.0,68.0,60.0,0.0,68.0,68.0,65.0,68.0,68.0,68.0,60.0,0.0,112.0,108.0,80.0,,,,
cube,side_length,0.03,60,69,-69.0,69.0,69.0,60.0,0.0,68.40625,68.40625,65.0,69.0,69.0,69.0,60.0,0.0,111.0,109.0,80.0,,contact,,
cube,side_length,0.03,60,70,-70.0,70.0,70.0,60.0,0.0,68.40625,68.40625,65.0,70.0,70.0,70.0,60.0,0.0,110.0,110.0,80.0,,contact,,
cube,side_length,0.03,60,71,-71.0,71.0,71.0,60.0,0.0,68.40625,68.40625,65.0,71.0,71.0,71.0,60.0,0.0,109.0,110.0,80.0,,contact,,
cube,side_length,0.03,60,72,-72.0,72.0,72.0,60.0,0.0,68.40625,68.40625,65.0,72.0,72.0,72.0,60.0,0.0,108.0,110.0,80.0,,contact,,
cube,side_length,0.03,60,73,-73.0,73.0,73.0,60.0,0.0,68.40625,68.40625,65.0,73.0,73.0,73.0,60.0,0.0,107.0,110.0,80.0,,contact,,
cube,side_length,0.03,60,74,-74.0,74.0,74.0,60.0,0.0,68.40625,68.40625,65.0,74.0,74.0,74.0,60.0,0.0,106.0,110.0,80.0,,contact,,
cube,side_length,0.03,60,75,-75.0,75.0,75.0,60.0,0.0,68.40625,68.40625,65.0,75.0,75.0,75.0,60.0,0.0,105.0,110.0,80.0,,contact,,
cube,side_length,0.03,60,76,-75.0,76.0,76.0,60.0,0.0,68.40625,68.40625,65.0,75.0,76.0,76.0,60.0,0.0,104.921875,110.0,80.0,,contact,,contact
cube,side_length,0.03,60,77,-75.0,77.0,77.0,60.0,0.0,68.40625,68.40625,65.0,75.0,77.0,77.0,60.0,0.0,104.921875,110.0,80.0,,contact,,contact
cube,side_length,0.03,60,78,-75.0,78.0,78.0,60.0,0.0,68.40625,68.40625,65.0,75.0,78.0,78.0,60.0,0.0,104.921875,110.0,80.0,,contact,,contact
cube,side_length,0.03,60,79,-75.0,79.0,79.0,60.0,0.0,68.40625,68.40625,65.0,75.0,79.0,79.0,60.0,0.0,104.921875,110.0,80.0,,contact,,contact
cube,side_length,0.03,60,80,-75.0,80.0,80.0,60.0,0.0,68.40625,68.40625,65.0,75.0,80.0,80.0,60.0,0.0,104.921875,110.0,80.0,,contact,,contact
cube,side_length,0.03,60,81,-75.0,81.0,81.0,60.0,0.0,68.40625,68.40625,65.0,75.0,81.0,81.0,60.0,0.0,104.921875,110.0,80.0,,contact,,contact
cube,side_length,0.03,60,82,-75.0,82.0,82.0,60.0,0.0,68.40625,68.40625,65.0,75.0,82.0,82.0,60.0,0.0,104.921875,110.0,80.0,,contact,,contact
cube,side_length,0.03,60,83,-75.0,83.0,83.0,60.0,0.0,68.40625,68.40625,65.0,75.0,83.0,83.0,60.0,0.0,104.921875,110.0,80.0,,contact,,contact
cube,side_length,0.03,60,84,-75.0,84.0,84.0,60.0,0.0,68.40625,68.40625,65.0,75.0,84.0,84.0,60.0,0.0,104.921875,110.0,80.0,,contact,,contact
cube,side_length,0.03,60,85,-75.0,85.0,85.0,60.0,0.0,68.40625,68.40625,65.0,75.0,85.0,85.0,60.0,0.0,104.921875,110.0,80.0,,contact,,contact
cube,side_length,0.03,60,86,-75.0,86.0,86.0,60.0,0.0,68.40625,68.40625,65.0,75.0,86.0,86.0,60.0,0.0,104.921875,110.0,80.0,,contact,,contact
cube,side_length,0.03,60,87,-75.0,87.0,87.0,60.0,0.0,68.40625,68.40625,65.0,75.0,87.0,87.0,60.0,0.0,104.921875,110.0,80.0,,contact,,contact
cube,side_length,0.03,60,88,-75.0,87.78515625,87.78515625,60.0,0.0,68.40625,68.40625,65.0,75.0,87.77734375,87.77734375,60.0,0.0,104.921875,110.0,80.0,contact,contact,contact,contact
cube,side_length,0.0275,55,0,0.0,0.0,0.0,0.0,0.0,0.0,0.0,0.0,0.0,0.0,0.0,0.0,0.0,180.0,40.0,25.0,,,,
cube,side_length,0.0275,55,1,-1.0,1.0,1.0,1.0,0.0,1.0,1.0,1.0,1.0,1.0,1.0,1.0,0.0,179.0,41.0,26.0,,,,
cube,side_length,0.0275,55,2,-2.0,2.0,2.0,2.0,0.0,2.0,2.0,2.0,2.0,2.0,2.0,2.0,0.0,178.0,42.0,27.0,,,,
cube,side_length,0.0275,55,3,-3.0,3.0,3.0,3.0,0.0,3.0,3.0,3.0,3.0,3.0,3.0,3.0,0.0,177.0,43.0,28.0,,,,
cube,side_length,0.0275,55,4,-4.0,4.0,4.0,4.0,0.0,4.0,4.0,4.0,4.0,4.0,4.0,4.0,0.0,176.0,44.0,29.0,,,,
cube,side_length,0.0275,55,5,-5.0,5.0,5.0,5.0,0.0,5.0,5.0,5.0,5.0,5.0,5.0,5.0,0.0,175.0,45.0,30.0,,,,
cube,side_length,0.0275,55,6,-6.0,6.0,6.0,6.0,0.0,6.0,6.0,6.0,6.0,6.0,6.0,6.0,0.0,174.0,46.0,31.0,,,,
cube,side_length,0.0275,55,7,-7.0,7.0,7.0,7.0,0.0,7.0,7.0,7.0,7.0,7.0,7.0,7.0,0.0,173.0,47.0,32.0,,,,
cube,side_length,0.0275,55,8,-8.0,8.0,8.0,8.0,0.0,8.0,8.0,8.0,8.0,8.0,8.0,8.0,0.0,172.0,48.0,33.0,,,,
cube,side_length,0.0275,55,9,-9.0,9.0,9.0,9.0,0.0,9.0,9.0,9.0,9.0,9.0,9.0,9.0,0.0,171.0,49.0,34.0,,,,
cube,side_length,0.0275,55,10,-10.0,10.0,10.0,10.0,0.0,10.0,10.0,10.0,10.0,10.0,10.0,10.0,0.0,170.0,50.0,35.0,,,,
cube,side_length,0.0275,55,11,-11.0,11.0,11.0,11.0,0.0,11.0,11.0,11.0,11.0,11.0,11.0,11.0,0.0,169.0,51.0,36.0,,,,
cube,side_length,0.0275,55,12,-12.0,12.0,12.0,12.0,0.0,12.0,12.0,12.0,12.0,12.0,12.0,12.0,0.0,168.0,52.0,37.0,,,,
cube,side_length,0.0275,55,13,-13.0,13.0,13.0,13.0,0.0,13.0,13.0,13.0,13.0,13.0,13.0,13.0,0.0,167.0,53.0,38.0,,,,
cube,side_length,0.0275,55,14,-14.0,14.0,14.0,14.0,0.0,14.0,14.0,14.0,14.0,14.0,14.0,14.0,0.0,166.0,54.0,39.0,,,,
cube,side_length,0.0275,55,15,-15.0,15.0,15.0,15.0,0.0,15.0,15.0,15.0,15.0,15.0,15.0,15.0,0.0,165.0,55.0,40.0,,,,
cube,side_length,0.0275,55,16,-16.0,16.0,16.0,16.0,0.0,16.0,16.0,16.0,16.0,16.0,16.0,16.0,0.0,164.0,56.0,41.0,,,,
cube,side_length,0.0275,55,17,-17.0,17.0,17.0,17.0,0.0,17.0,17.0,17.0,17.0,17.0,17.0,17.0,0.0,163.0,57.0,42.0,,,,
cube,side_length,0.0275,55,18,-18.0,18.0,18.0,18.0,0.0,18.0,18.0,18.0,18.0,18.0,18.0,18.0,0.0,162.0,58.0,43.0,,,,
cube,side_length,0.0275,55,19,-19.0,19.0,19.0,19.0,0.0,19.0,19.0,19.0,19.0,19.0,19.0,19.0,0.0,161.0,59.0,44.0,,,,
cube,side_length,0.0275,55,20,-20.0,20.0,20.0,20.0,0.0,20.0,20.0,20.0,20.0,20.0,20.0,20.0,0.0,160.0,60.0,45.0,,,,
cube,side_length,0.0275,55,21,-21.0,21.0,21.0,21.0,0.0,21.0,21.0,21.0,21.0,21.0,21.0,21.0,0.0,159.0,61.0,46.0,,,,
cube,side_length,0.0275,55,22,-22.0,22.0,22.0,22.0,0.0,22.0,22.0,22.0,22.0,22.0,22.0,22.0,0.0,158.0,62.0,47.0,,,,
cube,side_length,0.0275,55,23,-23.0,23.0,23.0,23.0,0.0,23.0,23.0,23.0,23.0,23.0,23.0,23.0,0.0,157.0,63.0,48.0,,,,
cube,side_length,0.0275,55,24,-24.0,24.0,24.0,24.0,0.0,24.0,24.0,24.0,24.0,24.0,24.0,24.0,0.0,156.0,64.0,49.0,,,,
cube,side_length,0.0275,55,25,-25.0,25.0,25.0,25.0,0.0,25.0,25.0,25.0,25.0,25.0,25.0,25.0,0.0,155.0,65.0,50.0,,,,
cube,side_length,0.0275,55,26,-26.0,26.0,26.0,26.0,0.0,26.0,26.0,26.0,26.0,26.0,26.0,26.0,0.0,154.0,66.0,51.0,,,,
cube,side_length,0.0275,55,27,-27.0,27.0,27.0,27.0,0.0,27.0,27.0,27.0,27.0,27.0,27.0,27.0,0.0,153.0,67.0,52.0,,,,
cube,side_length,0.0275,55,28,-28.0,28.0,28.0,28.0,0.0,28.0,28.0,28.0,28.0,28.0,28.0,28.0,0.0,152.0,68.0,53.0,,,,
cube,side_length,0.0275,55,29,-29.0,29.0,29.0,29.0,0.0,29.0,29.0,29.0,29.0,29.0,29.0,29.0,0.0,151.0,69.0,54.0,,,,
cube,side_length,0.0275,55,30,-30.0,30.0,30.0,30.0,0.0,30.0,30.0,30.0,30.0,30.0,30.0,30.0,0.0,150.0,70.0,55.0,,,,
cube,side_length,0.0275,55,31,-31.0,31.0,31.0,31.0,0.0,31.0,31.0,31.0,31.0,31.0,31.0,31.0,0.0,149.0,71.0,56.0,,,,
cube,side_length,0.0275,55,32,-32.0,32.0,32.0,32.0,0.0,32.0,32.0,32.0,32.0,32.0,32.0,32.0,0.0,148.0,72.0,57.0,,,,
cube,side_length,0.0275,55,33,-33.0,33.0,33.0,33.0,0.0,33.0,33.0,33.0,33.0,33.0,33.0,33.0,0.0,147.0,73.0,58.0,,,,
cube,side_length,0.0275,55,34,-34.0,34.0,34.0,34.0,0.0,34.0,34.0,34.0,34.0,34.0,34.0,34.0,0.0,146.0,74.0,59.0,,,,
cube,side_length,0.0275,55,35,-35.0,35.0,35.0,35.0,0.0,35.0,35.0,35.0,35.0,35.0,35.0,35.0,0.0,145.0,75.0,60.0,,,,
cube,side_length,0.0275,55,36,-36.0,36.0,36.0,36.0,0.0,36.0,36.0,36.0,36.0,36.0,36.0,36.0,0.0,144.0,76.0,61.0,,,,
cube,side_length,0.0275,55,37,-37.0,37.0,37.0,37.0,0.0,37.0,37.0,37.0,37.0,37.0,37.0,37.0,0.0,143.0,77.0,62.0,,,,
cube,side_length,0.0275,55,38,-38.0,38.0,38.0,38.0,0.0,38.0,38.0,38.0,38.0,38.0,38.0,38.0,0.0,142.0,78.0,63.0,,,,
cube,side_length,0.0275,55,39,-39.0,39.0,39.0,39.0,0.0,39.0,39.0,39.0,39.0,39.0,39.0,39.0,0.0,141.0,79.0,64.0,,,,
cube,side_length,0.0275,55,40,-40.0,40.0,40.0,40.0,0.0,40.0,40.0,40.0,40.0,40.0,40.0,40.0,0.0,140.0,80.0,65.0,,,,
cube,side_length,0.0275,55,41,-41.0,41.0,41.0,41.0,0.0,41.0,41.0,41.0,41.0,41.0,41.0,41.0,0.0,139.0,81.0,66.0,,,,
cube,side_length,0.0275,55,42,-42.0,42.0,42.0,42.0,0.0,42.0,42.0,42.0,42.0,42.0,42.0,42.0,0.0,138.0,82.0,67.0,,,,
cube,side_length,0.0275,55,43,-43.0,43.0,43.0,43.0,0.0,43.0,43.0,43.0,43.0,43.0,43.0,43.0,0.0,137.0,83.0,68.0,,,,
cube,side_length,0.0275,55,44,-44.0,44.0,44.0,44.0,0.0,44.0,44.0,44.0,44.0,44.0,44.0,44.0,0.0,136.0,84.0,69.0,,,,
cube,side_length,0.0275,55,45,-45.0,45.0,45.0,45.0,0.0,45.0,45.0,45.0,45.0,45.0,45.0,45.0,0.0,135.0,85.0,70.0,,,,
cube,side_length,0.0275,55,46,-46.0,46.0,46.0,46.0,0.0,46.0,46.0,46.0,46.0,46.0,46.0,46.0,0.0,134.0,86.0,71.0,,,,
cube,side_length,0.0275,55,47,-47.0,47.0,47.0,47.0,0.0,47.0,47.0,47.0,47.0,47.0,47.0,47.0,0.0,133.0,87.0,72.0,,,,
cube,side_length,0.0275,55,48,-48.0,48.0,48.0,48.0,0.0,48.0,48.0,48.0,48.0,48.0,48.0,48.0,0.0,132.0,88.0,73.0,,,,
cube,side_length,0.0275,55,49,-49.0,49.0,49.0,49.0,0.0,49.0,49.0,49.0,49.0,49.0,49.0,49.0,0.0,131.0,89.0,74.0,,,,
cube,side_length,0.0275,55,50,-50.0,50.0,50.0,50.0,0.0,50.0,50.0,50.0,50.0,50.0,50.0,50.0,0.0,130.0,90.0,75.0,,,,
cube,side_length,0.0275,55,51,-51.0,51.0,51.0,51.0,0.0,51.0,51.0,51.0,51.0,51.0,51.0,51.0,0.0,129.0,91.0,76.0,,,,
cube,side_length,0.0275,55,52,-52.0,52.0,52.0,52.0,0.0,52.0,52.0,52.0,52.0,52.0,52.0,52.0,0.0,128.0,92.0,77.0,,,,
cube,side_length,0.0275,55,53,-53.0,53.0,53.0,53.0,0.0,53.0,53.0,53.0,53.0,53.0,53.0,53.0,0.0,127.0,93.0,78.0,,,,
cube,side_length,0.0275,55,54,-54.0,54.0,54.0,54.0,0.0,54.0,54.0,54.0,54.0,54.0,54.0,54.0,0.0,126.0,94.0,79.0,,,,
cube,side_length,0.0275,55,55,-55.0,55.0,55.0,55.0,0.0,55.0,55.0,55.0,55.0,55.0,55.0,55.0,0.0,125.0,95.0,80.0,,,,
cube,side_length,0.0275,55,56,-56.0,56.0,56.0,56.0,0.0,56.0,56.0,56.0,56.0,56.0,56.0,56.0,0.0,124.0,96.0,80.0,,,,
cube,side_length,0.0275,55,57,-57.0,57.0,57.0,57.0,0.0,57.0,57.0,57.0,57.0,57.0,57.0,57.0,0.0,123.0,97.0,80.0,,,,
cube,side_length,0.0275,55,58,-58.0,58.0,58.0,58.0,0.0,58.0,58.0,58.0,58.0,58.0,58.0,58.0,0.0,122.0,98.0,80.0,,,,
cube,side_length,0.0275,55,59,-59.0,59.0,59.0,59.0,0.0,59.0,59.0,59.0,59.0,59.0,59.0,59.0,0.0,121.0,99.0,80.0,,,,
cube,side_length,0.0275,55,60,-60.0,60.0,60.0,60.0,0.0,60.0,60.0,60.0,60.0,60.0,60.0,60.0,0.0,120.0,100.0,80.0,,,,
cube,side_length,0.0275,55,61,-61.0,61.0,61.0,60.0,0.0,61.0,61.0,61.0,61.0,61.0,61.0,60.0,0.0,119.0,101.0,80.0,,,,
cube,side_length,0.0275,55,62,-62.0,62.0,62.0,60.0,0.0,62.0,62.0,62.0,62.0,62.0,62.0,60.0,0.0,118.0,102.0,80.0,,,,
cube,side_length,0.0275,55,63,-63.0,63.0,63.0,60.0,0.0,63.0,63.0,63.0,63.0,63.0,63.0,60.0,0.0,117.0,103.0,80.0,,,,
cube,side_length,0.0275,55,64,-64.0,64.0,64.0,60.0,0.0,64.0,64.0,64.0,64.0,64.0,64.0,60.0,0.0,116.0,104.0,80.0,,,,
cube,side_length,0.0275,55,65,-65.0,65.0,65.0,60.0,0.0,65.0,65.0,65.0,65.0,65.0,65.0,60.0,0.0,115.0,105.0,80.0,,,,
cube,side_length,0.0275,55,66,-66.0,66.0,66.0,60.0,0.0,66.0,66.0,65.0,66.0,66.0,66.0,60.0,0.0,114.0,106.0,80.0,,,,
cube,side_length,0.0275,55,67,-67.0,67.0,67.0,60.0,0.0,67.0,67.0,65.0,67.0,67.0,67.0,60.0,0.0,113.0,107.0,80.0,,,,
cube,side_length,0.0275,55,68,-68.0,68.0,68.0,60.0,0.0,68.0,68.0,65.0,68.0,68.0,68.0,60.0,0.0,112.0,108.0,80.0,,,,
cube,side_length,0.0275,55,69,-69.0,69.0,69.0,60.0,0.0,69.0,69.0,65.0,69.0,69.0,69.0,60.0,0.0,111.0,109.0,80.0,,,,
cube,side_length,0.0275,55,70,-70.0,70.0,70.0,60.0,0.0,69.640625,69.640625,65.0,70.0,70.0,70.0,60.0,0.0,110.0,110.0,80.0,,contact,,
cube,side_length,0.0275,55,71,-71.0,71.0,71.0,60.0,0.0,69.640625,69.640625,65.0,71.0,71.0,71.0,60.0,0.0,109.0,110.0,80.0,,contact,,
cube,side_length,0.0275,55,72,-72.0,72.0,72.0,60.0,0.0,69.640625,69.640625,65.0,72.0,72.0,72.0,60.0,0.0,108.0,110.0,80.0,,contact,,
cube,side_length,0.0275,55,73,-73.0,73.0,73.0,60.0,0.0,69.640625,69.640625,65.0,73.0,73.0,73.0,60.0,0.0,107.0,110.0,80.0,,contact,,
cube,side_length,0.0275,55,74,-74.0,74.0,74.0,60.0,0.0,69.640625,69.640625,65.0,74.0,74.0,74.0,60.0,0.0,106.0,110.0,80.0,,contact,,
cube,side_length,0.0275,55,75,-75.0,75.0,75.0,60.0,0.0,69.640625,69.640625,65.0,75.0,75.0,75.0,60.0,0.0,105.0,110.0,80.0,,contact,,
cube,side_length,0.0275,55,76,-75.0,76.0,76.0,60.0,0.0,69.640625,69.640625,65.0,75.0,76.0,76.0,60.0,0.0,104.0,110.0,80.0,,contact,,
cube,side_length,0.0275,55,77,-75.0,77.0,77.0,60.0,0.0,69.640625,69.640625,65.0,75.0,77.0,77.0,60.0,0.0,103.0,110.0,80.0,,contact,,
cube,side_length,0.0275,55,78,-75.0,78.0,78.0,60.0,0.0,69.640625,69.640625,65.0,75.0,78.0,78.0,60.0,0.0,102.22265625,110.0,80.0,,contact,,contact
cube,side_length,0.0275,55,79,-75.0,79.0,79.0,60.0,0.0,69.640625,69.640625,65.0,75.0,79.0,79.0,60.0,0.0,102.22265625,110.0,80.0,,contact,,contact
cube,side_length,0.0275,55,80,-75.0,80.0,80.0,60.0,0.0,69.640625,69.640625,65.0,75.0,80.0,80.0,60.0,0.0,102.22265625,110.0,80.0,,contact,,contact
cube,side_length,0.0275,55,81,-75.0,81.0,81.0,60.0,0.0,69.640625,69.640625,65.0,75.0,81.0,81.0,60.0,0.0,102.22265625,110.0,80.0,,contact,,contact
cube,side_length,0.0275,55,82,-75.0,82.0,82.0,60.0,0.0,69.640625,69.640625,65.0,75.0,82.0,82.0,60.0,0.0,102.22265625,110.0,80.0,,contact,,contact
cube,side_length,0.0275,55,83,-75.0,83.0,83.0,60.0,0.0,69.640625,69.640625,65.0,75.0,83.0,83.0,60.0,0.0,102.22265625,110.0,80.0,,contact,,contact
cube,side_length,0.0275,55,84,-75.0,84.0,84.0,60.0,0.0,69.640625,69.640625,65.0,75.0,84.0,84.0,60.0,0.0,102.22265625,110.0,80.0,,contact,,contact
cube,side_length,0.0275,55,85,-75.0,85.0,85.0,60.0,0.0,69.640625,69.640625,65.0,75.0,85.0,85.0,60.0,0.0,102.22265625,110.0,80.0,,contact,,contact
cube,side_length,0.0275,55,86,-75.0,86.0,86.0,60.0,0.0,69.640625,69.640625,65.0,75.0,86.0,86.0,60.0,0.0,102.22265625,110.0,80.0,,contact,,contact
cube,side_length,0.0275,55,87,-75.0,87.0,87.0,60.0,0.0,69.640625,69.640625,65.0,75.0,87.0,87.0,60.0,0.0,102.22265625,110.0,80.0,,contact,,contact
cube,side_length,0.0275,55,88,-75.0,88.0,88.0,60.0,0.0,69.640625,69.640625,65.0,75.0,88.0,88.0,60.0,0.0,102.22265625,110.0,80.0,,contact,,contact
cube,side_length,0.0275,55,89,-75.0,89.0,89.0,60.0,0.0,69.640625,69.640625,65.0,75.0,89.0,89.0,60.0,0.0,102.22265625,110.0,80.0,,contact,,contact
cube,side_length,0.0275,55,90,-75.0,89.1796875,89.1796875,60.0,0.0,69.640625,69.640625,65.0,75.0,89.16796875,89.16796875,60.0,0.0,102.22265625,110.0,80.0,contact,contact,contact,contact
cube,side_length,0.025,50,0,0.0,0.0,0.0,0.0,0.0,0.0,0.0,0.0,0.0,0.0,0.0,0.0,0.0,180.0,40.0,25.0,,,,
cube,side_length,0.025,50,1,-1.0,1.0,1.0,1.0,0.0,1.0,1.0,1.0,1.0,1.0,1.0,1.0,0.0,179.0,41.0,26.0,,,,
cube,side_length,0.025,50,2,-2.0,2.0,2.0,2.0,0.0,2.0,2.0,2.0,2.0,2.0,2.0,2.0,0.0,178.0,42.0,27.0,,,,
cube,side_length,0.025,50,3,-3.0,3.0,3.0,3.0,0.0,3.0,3.0,3.0,3.0,3.0,3.0,3.0,0.0,177.0,43.0,28.0,,,,
cube,side_length,0.025,50,4,-4.0,4.0,4.0,4.0,0.0,4.0,4.0,4.0,4.0,4.0,4.0,4.0,0.0,176.0,44.0,29.0,,,,
cube,side_length,0.025,50,5,-5.0,5.0,5.0,5.0,0.0,5.0,5.0,5.0,5.0,5.0,5.0,5.0,0.0,175.0,45.0,30.0,,,,
cube,side_length,0.025,50,6,-6.0,6.0,6.0,6.0,0.0,6.0,6.0,6.0,6.0,6.0,6.0,6.0,0.0,174.0,46.0,31.0,,,,
cube,side_length,0.025,50,7,-7.0,7.0,7.0,7.0,0.0,7.0,7.0,7.0,7.0,7.0,7.0,7.0,0.0,173.0,47.0,32.0,,,,
cube,side_length,0.025,50,8,-8.0,8.0,8.0,8.0,0.0,8.0,8.0,8.0,8.0,8.0,8.0,8.0,0.0,172.0,48.0,33.0,,,,
cube,side_length,0.025,50,9,-9.0,9.0,9.0,9.0,0.0,9.0,9.0,9.0,9.0,9.0,9.0,9.0,0.0,171.0,49.0,34.0,,,,
cube,side_length,0.025,50,10,-10.0,10.0,10.0,10.0,0.0,10.0,10.0,10.0,10.0,10.0,10.0,10.0,0.0,170.0,50.0,35.0,,,,
cube,side_length,0.025,50,11,-11.0,11.0,11.0,11.0,0.0,11.0,11.0,11.0,11.0,11.0,11.0,11.0,0.0,169.0,51.0,36.0,,,,
cube,side_length,0.025,50,12,-12.0,12.0,12.0,12.0,0.0,12.0,12.0,12.0,12.0,12.0,12.0,12.0,0.0,168.0,52.0,37.0,,,,
cube,side_length,0.025,50,13,-13.0,13.0,13.0,13.0,0.0,13.0,13.0,13.0,13.0,13.0,13.0,13.0,0.0,167.0,53.0,38.0,,,,
cube,side_length,0.025,50,14,-14.0,14.0,14.0,14.0,0.0,14.0,14.0,14.0,14.0,14.0,14.0,14.0,0.0,166.0,54.0,39.0,,,,
cube,side_length,0.025,50,15,-15.0,15.0,15.0,15.0,0.0,15.0,15.0,15.0,15.0,15.0,15.0,15.0,0.0,165.0,55.0,40.0,,,,
cube,side_length,0.025,50,16,-16.0,16.0,16.0,16.0,0.0,16.0,16.0,16.0,16.0,16.0,16.0,16.0,0.0,164.0,56.0,41.0,,,,
cube,side_length,0.025,50,17,-17.0,17.0,17.0,17.0,0.0,17.0,17.0,17.0,17.0,17.0,17.0,17.0,0.0,163.0,57.0,42.0,,,,
cube,side_length,0.025,50,18,-18.0,18.0,18.0,18.0,0.0,18.0,18.0,18.0,18.0,18.0,18.0,18.0,0.0,162.0,58.0,43.0,,,,
cube,side_length,0.025,50,19,-19.0,19.0,19.0,19.0,0.0,19.0,19.0,19.0,19.0,19.0,19.0,19.0,0.0,161.0,59.0,44.0,,,,
cube,side_length,0.025,50,20,-20.0,20.0,20.0,20.0,0.0,20.0,20.0,20.0,20.0,20.0,20.0,20.0,0.0,160.0,60.0,45.0,,,,
cube,side_length,0.025,50,21,-21.0,21.0,21.0,21.0,0.0,21.0,21.0,21.0,21.0,21.0,21.0,21.0,0.0,159.0,61.0,46.0,,,,
cube,side_length,0.025,50,22,-22.0,22.0,22.0,22.0,0.0,22.0,22.0,22.0,22.0,22.0,22.0,22.0,0.0,158.0,62.0,47.0,,,,
cube,side_length,0.025,50,23,-23.0,23.0,23.0,23.0,0.0,23.0,23.0,23.0,23.0,23.0,23.0,23.0,0.0,157.0,63.0,48.0,,,,
cube,side_length,0.025,50,24,-24.0,24.0,24.0,24.0,0.0,24.0,24.0,24.0,24.0,24.0,24.0,24.0,0.0,156.0,64.0,49.0,,,,
cube,side_length,0.025,50,25,-25.0,25.0,25.0,25.0,0.0,25.0,25.0,25.0,25.0,25.0,25.0,25.0,0.0,155.0,65.0,50.0,,,,
cube,side_length,0.025,50,26,-26.0,26.0,26.0,26.0,0.0,26.0,26.0,26.0,26.0,26.0,26.0,26.0,0.0,154.0,66.0,51.0,,,,
cube,side_length,0.025,50,27,-27.0,27.0,27.0,27.0,0.0,27.0,27.0,27.0,27.0,27.0,27.0,27.0,0.0,153.0,67.0,52.0,,,,
cube,side_length,0.025,50,28,-28.0,28.0,28.0,28.0,0.0,28.0,28.0,28.0,28.0,28.0,28.0,28.0,0.0,152.0,68.0,53.0,,,,
cube,side_length,0.025,50,29,-29.0,29.0,29.0,29.0,0.0,29.0,29.0,29.0,29.0,29.0,29.0,29.0,0.0,151.0,69.0,54.0,,,,
cube,side_length,0.025,50,30,-30.0,30.0,30.0,30.0,0.0,30.0,30.0,30.0,30.0,30.0,30.0,30.0,0.0,150.0,70.0,55.0,,,,
cube,side_length,0.025,50,31,-31.0,31.0,31.0,31.0,0.0,31.0,31.0,31.0,31.0,31.0,31.0,31.0,0.0,149.0,71.0,56.0,,,,
cube,side_length,0.025,50,32,-32.0,32.0,32.0,32.0,0.0,32.0,32.0,32.0,32.0,32.0,32.0,32.0,0.0,148.0,72.0,57.0,,,,
cube,side_length,0.025,50,33,-33.0,33.0,33.0,33.0,0.0,33.0,33.0,33.0,33.0,33.0,33.0,33.0,0.0,147.0,73.0,58.0,,,,
cube,side_length,0.025,50,34,-34.0,34.0,34.0,34.0,0.0,34.0,34.0,34.0,34.0,34.0,34.0,34.0,0.0,146.0,74.0,59.0,,,,
cube,side_length,0.025,50,35,-35.0,35.0,35.0,35.0,0.0,35.0,35.0,35.0,35.0,35.0,35.0,35.0,0.0,145.0,75.0,60.0,,,,
cube,side_length,0.025,50,36,-36.0,36.0,36.0,36.0,0.0,36.0,36.0,36.0,36.0,36.0,36.0,36.0,0.0,144.0,76.0,61.0,,,,
cube,side_length,0.025,50,37,-37.0,37.0,37.0,37.0,0.0,37.0,37.0,37.0,37.0,37.0,37.0,37.0,0.0,143.0,77.0,62.0,,,,
cube,side_length,0.025,50,38,-38.0,38.0,38.0,38.0,0.0,38.0,38.0,38.0,38.0,38.0,38.0,38.0,0.0,142.0,78.0,63.0,,,,
cube,side_length,0.025,50,39,-39.0,39.0,39.0,39.0,0.0,39.0,39.0,39.0,39.0,39.0,39.0,39.0,0.0,141.0,79.0,64.0,,,,
cube,side_length,0.025,50,40,-40.0,40.0,40.0,40.0,0.0,40.0,40.0,40.0,40.0,40.0,40.0,40.0,0.0,140.0,80.0,65.0,,,,
cube,side_length,0.025,50,41,-41.0,41.0,41.0,41.0,0.0,41.0,41.0,41.0,41.0,41.0,41.0,41.0,0.0,139.0,81.0,66.0,,,,
cube,side_length,0.025,50,42,-42.0,42.0,42.0,42.0,0.0,42.0,42.0,42.0,42.0,42.0,42.0,42.0,0.0,138.0,82.0,67.0,,,,
cube,side_length,0.025,50,43,-43.0,43.0,43.0,43.0,0.0,43.0,43.0,43.0,43.0,43.0,43.0,43.0,0.0,137.0,83.0,68.0,,,,
cube,side_length,0.025,50,44,-44.0,44.0,44.0,44.0,0.0,44.0,44.0,44.0,44.0,44.0,44.0,44.0,0.0,136.0,84.0,69.0,,,,
cube,side_length,0.025,50,45,-45.0,45.0,45.0,45.0,0.0,45.0,45.0,45.0,45.0,45.0,45.0,45.0,0.0,135.0,85.0,70.0,,,,
cube,side_length,0.025,50,46,-46.0,46.0,46.0,46.0,0.0,46.0,46.0,46.0,46.0,46.0,46.0,46.0,0.0,134.0,86.0,71.0,,,,
cube,side_length,0.025,50,47,-47.0,47.0,47.0,47.0,0.0,47.0,47.0,47.0,47.0,47.0,47.0,47.0,0.0,133.0,87.0,72.0,,,,
cube,side_length,0.025,50,48,-48.0,48.0,48.0,48.0,0.0,48.0,48.0,48.0,48.0,48.0,48.0,48.0,0.0,132.0,88.0,73.0,,,,
cube,side_length,0.025,50,49,-49.0,49.0,49.0,49.0,0.0,49.0,49.0,49.0,49.0,49.0,49.0,49.0,0.0,131.0,89.0,74.0,,,,
cube,side_length,0.025,50,50,-50.0,50.0,50.0,50.0,0.0,50.0,50.0,50.0,50.0,50.0,50.0,50.0,0.0,130.0,90.0,75.0,,,,
cube,side_length,0.025,50,51,-51.0,51.0,51.0,51.0,0.0,51.0,51.0,51.0,51.0,51.0,51.0,51.0,0.0,129.0,91.0,76.0,,,,
cube,side_length,0.025,50,52,-52.0,52.0,52.0,52.0,0.0,52.0,52.0,52.0,52.0,52.0,52.0,52.0,0.0,128.0,92.0,77.0,,,,
cube,side_length,0.025,50,53,-53.0,53.0,53.0,53.0,0.0,53.0,53.0,53.0,53.0,53.0,53.0,53.0,0.0,127.0,93.0,78.0,,,,
cube,side_length,0.025,50,54,-54.0,54.0,54.0,54.0,0.0,54.0,54.0,54.0,54.0,54.0,54.0,54.0,0.0,126.0,94.0,79.0,,,,
cube,side_length,0.025,50,55,-55.0,55.0,55.0,55.0,0.0,55.0,55.0,55.0,55.0,55.0,55.0,55.0,0.0,125.0,95.0,80.0,,,,
cube,side_length,0.025,50,56,-56.0,56.0,56.0,56.0,0.0,56.0,56.0,56.0,56.0,56.0,56.0,56.0,0.0,124.0,96.0,80.0,,,,
cube,side_length,0.025,50,57,-57.0,57.0,57.0,57.0,0.0,57.0,57.0,57.0,57.0,57.0,57.0,57.0,0.0,123.0,97.0,80.0,,,,
cube,side_length,0.025,50,58,-58.0,58.0,58.0,58.0,0.0,58.0,58.0,58.0,58.0,58.0,58.0,58.0,0.0,122.0,98.0,80.0,,,,
cube,side_length,0.025,50,59,-59.0,59.0,59.0,59.0,0.0,59.0,59.0,59.0,59.0,59.0,59.0,59.0,0.0,121.0,99.0,80.0,,,,
cube,side_length,0.025,50,60,-60.0,60.0,60.0,60.0,0.0,60.0,60.0,60.0,60.0,60.0,60.0,60.0,0.0,120.0,100.0,80.0,,,,
cube,side_length,0.025,50,61,-61.0,61.0,61.0,60.0,0.0,61.0,61.0,61.0,61.0,61.0,61.0,60.0,0.0,119.0,101.0,80.0,,,,
cube,side_length,0.025,50,62,-62.0,62.0,62.0,60.0,0.0,62.0,62.0,62.0,62.0,62.0,62.0,60.0,0.0,118.0,102.0,80.0,,,,
cube,side_length,0.025,50,63,-63.0,63.0,63.0,60.0,0.0,63.0,63.0,63.0,63.0,63.0,63.0,60.0,0.0,117.0,103.0,80.0,,,,
cube,side_length,0.025,50,64,-64.0,64.0,64.0,60.0,0.0,64.0,64.0,64.0,64.0,64.0,64.0,60.0,0.0,116.0,104.0,80.0,,,,
cube,side_length,0.025,50,65,-65.0,65.0,65.0,60.0,0.0,65.0,65.0,65.0,65.0,65.0,65.0,60.0,0.0,115.0,105.0,80.0,,,,
cube,side_length,0.025,50,66,-66.0,66.0,66.0,60.0,0.0,66.0,66.0,65.0,66.0,66.0,66.0,60.0,0.0,114.0,106.0,80.0,,,,
cube,side_length,0.025,50,67,-67.0,67.0,67.0,60.0,0.0,67.0,67.0,65.0,67.0,67.0,67.0,60.0,0.0,113.0,107.0,80.0,,,,
cube,side_length,0.025,50,68,-68.0,68.0,68.0,60.0,0.0,68.0,68.0,65.0,68.0,68.0,68.0,60.0,0.0,112.0,108.0,80.0,,,,
cube,side_length,0.025,50,69,-69.0,69.0,69.0,60.0,0.0,69.0,69.0,65.0,69.0,69.0,69.0,60.0,0.0,111.0,109.0,80.0,,,,
cube,side_length,0.025,50,70,-70.0,70.0,70.0,60.0,0.0,70.0,70.0,65.0,70.0,70.0,70.0,60.0,0.0,110.0,110.0,80.0,,,,
cube,side_length,0.025,50,71,-71.0,71.0,71.0,60.0,0.0,70.875,70.875,65.0,71.0,71.0,71.0,60.0,0.0,109.0,110.0,80.0,,contact,,
cube,side_length,0.025,50,72,-72.0,72.0,72.0,60.0,0.0,70.875,70.875,65.0,72.0,72.0,72.0,60.0,0.0,108.0,110.0,80.0,,contact,,
cube,side_length,0.025,50,73,-73.0,73.0,73.0,60.0,0.0,70.875,70.875,65.0,73.0,73.0,73.0,60.0,0.0,107.0,110.0,80.0,,contact,,
cube,side_length,0.025,50,74,-74.0,74.0,74.0,60.0,0.0,70.875,70.875,65.0,74.0,74.0,74.0,60.0,0.0,106.0,110.0,80.0,,contact,,
cube,side_length,0.025,50,75,-75.0,75.0,75.0,60.0,0.0,70.875,70.875,65.0,75.0,75.0,75.0,60.0,0.0,105.0,110.0,80.0,,contact,,
cube,side_length,0.025,50,76,-75.0,76.0,76.0,60.0,0.0,70.875,70.875,65.0,75.0,76.0,76.0,60.0,0.0,104.0,110.0,80.0,,contact,,
cube,side_length,0.025,50,77,-75.0,77.0,77.0,60.0,0.0,70.875,70.875,65.0,75.0,77.0,77.0,60.0,0.0,103.0,110.0,80.0,,contact,,
cube,side_length,0.025,50,78,-75.0,78.0,78.0,60.0,0.0,70.875,70.875,65.0,75.0,78.0,78.0,60.0,0.0,102.0,110.0,80.0,,contact,,
cube,side_length,0.025,50,79,-75.0,79.0,79.0,60.0,0.0,70.875,70.875,65.0,75.0,79.0,79.0,60.0,0.0,101.0,110.0,80.0,,contact,,
cube,side_length,0.025,50,80,-75.0,80.0,80.0,60.0,0.0,70.875,70.875,65.0,75.0,80.0,80.0,60.0,0.0,100.0,110.0,80.0,,contact,,angle_limit
cube,side_length,0.025,50,81,-75.0,81.0,81.0,60.0,0.0,70.875,70.875,65.0,75.0,81.0,81.0,60.0,0.0,100.0,110.0,80.0,,contact,,angle_limit
cube,side_length,0.025,50,82,-75.0,82.0,82.0,60.0,0.0,70.875,70.875,65.0,75.0,82.0,82.0,60.0,0.0,100.0,110.0,80.0,,contact,,angle_limit
cube,side_length,0.025,50,83,-75.0,83.0,83.0,60.0,0.0,70.875,70.875,65.0,75.0,83.0,83.0,60.0,0.0,100.0,110.0,80.0,,contact,,angle_limit
cube,side_length,0.025,50,84,-75.0,84.0,84.0,60.0,0.0,70.875,70.875,65.0,75.0,84.0,84.0,60.0,0.0,100.0,110.0,80.0,,contact,,angle_limit
cube,side_length,0.025,50,85,-75.0,85.0,85.0,60.0,0.0,70.875,70.875,65.0,75.0,85.0,85.0,60.0,0.0,100.0,110.0,80.0,,contact,,angle_limit
cube,side_length,0.025,50,86,-75.0,86.0,86.0,60.0,0.0,70.875,70.875,65.0,75.0,86.0,86.0,60.0,0.0,100.0,110.0,80.0,,contact,,angle_limit
cube,side_length,0.025,50,87,-75.0,87.0,87.0,60.0,0.0,70.875,70.875,65.0,75.0,87.0,87.0,60.0,0.0,100.0,110.0,80.0,,contact,,angle_limit
cube,side_length,0.025,50,88,-75.0,88.0,88.0,60.0,0.0,70.875,70.875,65.0,75.0,88.0,88.0,60.0,0.0,100.0,110.0,80.0,,contact,,angle_limit
cube,side_length,0.025,50,89,-75.0,89.0,89.0,60.0,0.0,70.875,70.875,65.0,75.0,89.0,89.0,60.0,0.0,100.0,110.0,80.0,,contact,,angle_limit
cube,side_length,0.025,50,90,-75.0,90.0,90.0,60.0,0.0,70.875,70.875,65.0,75.0,90.0,90.0,60.0,0.0,100.0,110.0,80.0,angle_limit,contact,angle_limit,angle_limit
sphere,diameter,0.075,150,0,0.0,0.0,0.0,0.0,0.0,0.0,0.0,0.0,0.0,0.0,0.0,0.0,0.0,180.0,40.0,25.0,,,,
sphere,diameter,0.075,150,1,-1.0,1.0,1.0,1.0,0.0,1.0,1.0,1.0,1.0,1.0,1.0,1.0,0.0,179.0,41.0,26.0,,,,
sphere,diameter,0.075,150,2,-2.0,2.0,2.0,2.0,0.0,2.0,2.0,2.0,2.0,2.0,2.0,2.0,0.0,178.0,42.0,27.0,,,,
sphere,diameter,0.075,150,3,-3.0,3.0,3.0,3.0,0.0,3.0,3.0,3.0,3.0,3.0,3.0,3.0,0.0,177.0,43.0,28.0,,,,
sphere,diameter,0.075,150,4,-4.0,4.0,4.0,4.0,0.0,4.0,4.0,4.0,4.0,4.0,4.0,4.0,0.0,176.0,44.0,29.0,,,,
sphere,diameter,0.075,150,5,-5.0,5.0,5.0,5.0,0.0,5.0,5.0,5.0,5.0,5.0,5.0,5.0,0.0,175.0,45.0,30.0,,,,
sphere,diameter,0.075,150,6,-6.0,6.0,6.0,6.0,0.0,6.0,6.0,6.0,6.0,6.0,6.0,6.0,0.0,174.0,46.0,31.0,,,,
sphere,diameter,0.075,150,7,-7.0,7.0,7.0,7.0,0.0,7.0,7.0,7.0,7.0,7.0,7.0,7.0,0.0,173.0,47.0,32.0,,,,
sphere,diameter,0.075,150,8,-8.0,8.0,8.0,8.0,0.0,8.0,8.0,8.0,8.0,8.0,8.0,8.0,0.0,172.0,48.0,33.0,,,,
sphere,diameter,0.075,150,9,-9.0,9.0,9.0,9.0,0.0,9.0,9.0,9.0,9.0,9.0,9.0,9.0,0.0,171.0,49.0,34.0,,,,
sphere,diameter,0.075,150,10,-10.0,10.0,10.0,10.0,0.0,10.0,10.0,10.0,10.0,10.0,10.0,10.0,0.0,170.0,50.0,35.0,,,,
sphere,diameter,0.075,150,11,-11.0,11.0,11.0,11.0,0.0,11.0,11.0,11.0,11.0,11.0,11.0,11.0,0.0,169.0,51.0,36.0,,,,
sphere,diameter,0.075,150,12,-12.0,12.0,12.0,12.0,0.0,12.0,12.0,12.0,12.0,12.0,12.0,12.0,0.0,168.0,52.0,37.0,,,,
sphere,diameter,0.075,150,13,-13.0,13.0,13.0,13.0,0.0,13.0,13.0,13.0,13.0,13.0,13.0,13.0,0.0,167.0,53.0,38.0,,,,
sphere,diameter,0.075,150,14,-14.0,14.0,14.0,14.0,0.0,14.0,14.0,14.0,14.0,14.0,14.0,14.0,0.0,166.0,54.0,39.0,,,,
sphere,diameter,0.075,150,15,-15.0,15.0,15.0,15.0,0.0,15.0,15.0,15.0,15.0,15.0,15.0,15.0,0.0,165.0,55.0,40.0,,,,
sphere,diameter,0.075,150,16,-16.0,16.0,16.0,16.0,0.0,16.0,16.0,16.0,16.0,16.0,16.0,16.0,0.0,164.0,56.0,41.0,,,,
sphere,diameter,0.075,150,17,-17.0,17.0,17.0,17.0,0.0,17.0,17.0,17.0,17.0,17.0,17.0,17.0,0.0,163.0,57.0,42.0,,,,
sphere,diameter,0.075,150,18,-18.0,18.0,18.0,18.0,0.0,18.0,18.0,18.0,18.0,18.0,18.0,18.0,0.0,162.0,58.0,43.0,,,,
sphere,diameter,0.075,150,19,-19.0,19.0,19.0,19.0,0.0,19.0,19.0,19.0,19.0,19.0,19.0,19.0,0.0,161.0,59.0,44.0,,,,
sphere,diameter,0.075,150,20,-20.0,20.0,20.0,20.0,0.0,20.0,20.0,20.0,20.0,20.0,20.0,20.0,0.0,160.0,60.0,45.0,,,,
sphere,diameter,0.075,150,21,-21.0,21.0,21.0,21.0,0.0,21.0,21.0,21.0,21.0,21.0,21.0,21.0,0.0,159.0,61.0,46.0,,,,
sphere,diameter,0.075,150,22,-22.0,22.0,22.0,22.0,0.0,22.0,22.0,22.0,22.0,22.0,22.0,22.0,0.0,158.0,62.0,47.0,,,,
sphere,diameter,0.075,150,23,-23.0,23.0,23.0,23.0,0.0,23.0,23.0,23.0,23.0,23.0,23.0,23.0,0.0,157.0,63.0,48.0,,,,
sphere,diameter,0.075,150,24,-24.0,24.0,24.0,24.0,0.0,24.0,24.0,24.0,24.0,24.0,24.0,24.0,0.0,156.0,64.0,49.0,,,,
sphere,diameter,0.075,150,25,-25.0,25.0,25.0,25.0,0.0,25.0,25.0,25.0,25.0,25.0,25.0,25.0,0.0,155.0,65.0,50.0,,,,
sphere,diameter,0.075,150,26,-26.0,26.0,26.0,26.0,0.0,26.0,26.0,26.0,26.0,26.0,26.0,26.0,0.0,154.0,66.0,51.0,,,,
sphere,diameter,0.075,150,27,-27.0,27.0,27.0,27.0,0.0,27.0,27.0,27.0,27.0,27.0,27.0,27.0,0.0,153.0,67.0,52.0,,,,
sphere,diameter,0.075,150,28,-28.0,28.0,28.0,28.0,0.0,28.0,28.0,28.0,28.0,28.0,28.0,28.0,0.0,152.0,68.0,53.0,,,,
sphere,diameter,0.075,150,29,-29.0,29.0,29.0,29.0,0.0,29.0,29.0,29.0,29.0,29.0,29.0,29.0,0.0,151.0,69.0,54.0,,,,
sphere,diameter,0.075,150,30,-30.0,30.0,30.0,30.0,0.0,30.0,30.0,30.0,30.0,30.0,30.0,30.0,0.0,150.0,70.0,55.0,,,,
sphere,diameter,0.075,150,31,-31.0,31.0,31.0,31.0,0.0,31.0,31.0,31.0,31.0,31.0,31.0,31.0,0.0,149.0,71.0,56.0,,,,
sphere,diameter,0.075,150,32,-32.0,32.0,32.0,32.0,0.0,32.0,32.0,32.0,32.0,32.0,32.0,32.0,0.0,148.0,72.0,57.0,,,,
sphere,diameter,0.075,150,33,-33.0,33.0,33.0,33.0,0.0,33.0,33.0,33.0,33.0,33.0,33.0,33.0,0.0,147.0,73.0,58.0,,,,
sphere,diameter,0.075,150,34,-34.0,34.0,34.0,34.0,0.0,34.0,34.0,34.0,34.0,34.0,34.0,34.0,0.0,146.0,74.0,59.0,,,,
sphere,diameter,0.075,150,35,-35.0,35.0,35.0,35.0,0.0,35.0,35.0,35.0,35.0,35.0,35.0,35.0,0.0,145.0,75.0,60.0,,,,
sphere,diameter,0.075,150,36,-36.0,36.0,36.0,36.0,0.0,36.0,36.0,36.0,36.0,36.0,36.0,36.0,0.0,144.0,76.0,61.0,,,,
sphere,diameter,0.075,150,37,-37.0,37.0,37.0,37.0,0.0,37.0,37.0,37.0,37.0,37.0,37.0,37.0,0.0,143.0,77.0,62.0,,,,
sphere,diameter,0.075,150,38,-38.0,38.0,38.0,38.0,0.0,38.0,38.0,38.0,38.0,38.0,38.0,38.0,0.0,142.0,78.0,63.0,,,,
sphere,diameter,0.075,150,39,-39.0,39.0,39.0,39.0,0.0,39.0,39.0,39.0,39.0,39.0,39.0,39.0,0.0,141.0,79.0,64.0,,,,
sphere,diameter,0.075,150,40,-40.0,40.0,40.0,40.0,0.0,40.0,40.0,40.0,40.0,40.0,40.0,40.0,0.0,140.0,80.0,65.0,,,,
sphere,diameter,0.075,150,41,-41.0,41.0,41.0,41.0,0.0,41.0,41.0,41.0,41.0,41.0,41.0,41.0,0.0,139.0,81.0,66.0,,,,
sphere,diameter,0.075,150,42,-42.0,42.0,42.0,42.0,0.0,42.0,42.0,42.0,42.0,42.0,42.0,42.0,0.0,138.0,82.0,67.0,,,,
sphere,diameter,0.075,150,43,-43.0,43.0,43.0,43.0,0.0,43.0,43.0,43.0,43.0,43.0,43.0,43.0,0.0,137.0,83.0,68.0,,,,
sphere,diameter,0.075,150,44,-44.0,44.0,44.0,44.0,0.0,44.0,44.0,44.0,44.0,44.0,44.0,44.0,0.0,136.0,84.0,69.0,,,,
sphere,diameter,0.075,150,45,-45.0,45.0,45.0,45.0,0.0,45.0,45.0,45.0,45.0,45.0,45.0,45.0,0.0,135.0,85.0,70.0,,,,
sphere,diameter,0.075,150,46,-46.0,46.0,46.0,46.0,0.0,46.0,46.0,46.0,46.0,46.0,46.0,46.0,0.0,134.0,86.0,71.0,,,,
sphere,diameter,0.075,150,47,-47.0,47.0,47.0,47.0,0.0,47.0,47.0,47.0,47.0,47.0,47.0,47.0,0.0,133.0,87.0,72.0,,,,
sphere,diameter,0.075,150,48,-48.0,48.0,48.0,48.0,0.0,48.0,48.0,48.0,48.0,48.0,48.0,48.0,0.0,132.0,88.0,73.0,,,,
sphere,diameter,0.075,150,49,-49.0,49.0,49.0,49.0,0.0,49.0,49.0,49.0,49.0,49.0,49.0,49.0,0.0,131.0,89.0,74.0,,,,
sphere,diameter,0.075,150,50,-50.0,50.0,50.0,50.0,0.0,50.0,50.0,50.0,50.0,50.0,50.0,50.0,0.0,130.0,90.0,75.0,,,,
sphere,diameter,0.075,150,51,-51.0,51.0,51.0,51.0,0.0,51.0,51.0,51.0,51.0,51.0,51.0,51.0,0.0,129.0,91.0,76.0,,,,
sphere,diameter,0.075,150,52,-52.0,52.0,52.0,52.0,0.0,52.0,52.0,52.0,52.0,52.0,52.0,52.0,0.0,128.0,92.0,77.0,,,,
sphere,diameter,0.075,150,53,-53.0,53.0,53.0,53.0,0.0,53.0,53.0,53.0,53.0,53.0,53.0,53.0,0.0,127.0,93.0,78.0,,,,
sphere,diameter,0.075,150,54,-54.0,54.0,54.0,54.0,0.0,53.7421875,53.7421875,53.7421875,54.0,54.0,54.0,54.0,0.0,126.0,94.0,79.0,,contact,,
sphere,diameter,0.075,150,55,-55.0,55.0,55.0,55.0,0.0,53.7421875,53.7421875,53.7421875,55.0,55.0,55.0,55.0,0.0,125.0,95.0,80.0,,contact,,
sphere,diameter,0.075,150,56,-56.0,56.0,56.0,56.0,0.0,53.7421875,53.7421875,53.7421875,56.0,56.0,56.0,56.0,0.0,124.0,96.0,80.0,,contact,,
sphere,diameter,0.075,150,57,-57.0,57.0,57.0,57.0,0.0,53.7421875,53.7421875,53.7421875,57.0,57.0,57.0,57.0,0.0,123.70703125,96.29296875,80.0,,contact,,contact
sphere,diameter,0.075,150,58,-58.0,58.0,58.0,58.0,0.0,53.7421875,53.7421875,53.7421875,58.0,58.0,58.0,58.0,0.0,123.70703125,96.29296875,80.0,,contact,,contact
sphere,diameter,0.075,150,59,-59.0,59.0,59.0,59.0,0.0,53.7421875,53.7421875,53.7421875,59.0,59.0,59.0,59.0,0.0,123.70703125,96.29296875,80.0,,contact,,contact
sphere,diameter,0.075,150,60,-60.0,60.0,60.0,60.0,0.0,53.7421875,53.7421875,53.7421875,60.0,60.0,60.0,60.0,0.0,123.70703125,96.29296875,80.0,,contact,,contact
sphere,diameter,0.075,150,61,-61.0,61.0,61.0,60.0,0.0,53.7421875,53.7421875,53.7421875,61.0,61.0,61.0,60.0,0.0,123.70703125,96.29296875,80.0,,contact,,contact
sphere,diameter,0.075,150,62,-62.0,62.0,62.0,60.0,0.0,53.7421875,53.7421875,53.7421875,62.0,62.0,62.0,60.0,0.0,123.70703125,96.29296875,80.0,,contact,,contact
sphere,diameter,0.075,150,63,-63.0,63.0,63.0,60.0,0.0,53.7421875,53.7421875,53.7421875,63.0,63.0,63.0,60.0,0.0,123.70703125,96.29296875,80.0,,contact,,contact
sphere,diameter,0.075,150,64,-64.0,64.0,64.0,60.0,0.0,53.7421875,53.7421875,53.7421875,64.0,64.0,64.0,60.0,0.0,123.70703125,96.29296875,80.0,,contact,,contact
sphere,diameter,0.075,150,65,-65.0,65.0,65.0,60.0,0.0,53.7421875,53.7421875,53.7421875,65.0,65.0,65.0,60.0,0.0,123.70703125,96.29296875,80.0,,contact,,contact
sphere,diameter,0.075,150,66,-66.0,66.0,66.0,60.0,0.0,53.7421875,53.7421875,53.7421875,66.0,66.0,66.0,60.0,0.0,123.70703125,96.29296875,80.0,,contact,,contact
sphere,diameter,0.075,150,67,-66.95703125,66.95703125,66.95703125,60.0,0.0,53.7421875,53.7421875,53.7421875,66.890625,66.890625,66.890625,60.0,0.0,123.70703125,96.29296875,80.0,contact,contact,contact,contact
sphere,diameter,0.0725,145,0,0.0,0.0,0.0,0.0,0.0,0.0,0.0,0.0,0.0,0.0,0.0,0.0,0.0,180.0,40.0,25.0,,,,
sphere,diameter,0.0725,145,1,-1.0,1.0,1.0,1.0,0.0,1.0,1.0,1.0,1.0,1.0,1.0,1.0,0.0,179.0,41.0,26.0,,,,
sphere,diameter,0.0725,145,2,-2.0,2.0,2.0,2.0,0.0,2.0,2.0,2.0,2.0,2.0,2.0,2.0,0.0,178.0,42.0,27.0,,,,
sphere,diameter,0.0725,145,3,-3.0,3.0,3.0,3.0,0.0,3.0,3.0,3.0,3.0,3.0,3.0,3.0,0.0,177.0,43.0,28.0,,,,
sphere,diameter,0.0725,145,4,-4.0,4.0,4.0,4.0,0.0,4.0,4.0,4.0,4.0,4.0,4.0,4.0,0.0,176.0,44.0,29.0,,,,
sphere,diameter,0.0725,145,5,-5.0,5.0,5.0,5.0,0.0,5.0,5.0,5.0,5.0,5.0,5.0,5.0,0.0,175.0,45.0,30.0,,,,
sphere,diameter,0.0725,145,6,-6.0,6.0,6.0,6.0,0.0,6.0,6.0,6.0,6.0,6.0,6.0,6.0,0.0,174.0,46.0,31.0,,,,
sphere,diameter,0.0725,145,7,-7.0,7.0,7.0,7.0,0.0,7.0,7.0,7.0,7.0,7.0,7.0,7.0,0.0,173.0,47.0,32.0,,,,
sphere,diameter,0.0725,145,8,-8.0,8.0,8.0,8.0,0.0,8.0,8.0,8.0,8.0,8.0,8.0,8.0,0.0,172.0,48.0,33.0,,,,
sphere,diameter,0.0725,145,9,-9.0,9.0,9.0,9.0,0.0,9.0,9.0,9.0,9.0,9.0,9.0,9.0,0.0,171.0,49.0,34.0,,,,
sphere,diameter,0.0725,145,10,-10.0,10.0,10.0,10.0,0.0,10.0,10.0,10.0,10.0,10.0,10.0,10.0,0.0,170.0,50.0,35.0,,,,
sphere,diameter,0.0725,145,11,-11.0,11.0,11.0,11.0,0.0,11.0,11.0,11.0,11.0,11.0,11.0,11.0,0.0,169.0,51.0,36.0,,,,
sphere,diameter,0.0725,145,12,-12.0,12.0,12.0,12.0,0.0,12.0,12.0,12.0,12.0,12.0,12.0,12.0,0.0,168.0,52.0,37.0,,,,
sphere,diameter,0.0725,145,13,-13.0,13.0,13.0,13.0,0.0,13.0,13.0,13.0,13.0,13.0,13.0,13.0,0.0,167.0,53.0,38.0,,,,
sphere,diameter,0.0725,145,14,-14.0,14.0,14.0,14.0,0.0,14.0,14.0,14.0,14.0,14.0,14.0,14.0,0.0,166.0,54.0,39.0,,,,
sphere,diameter,0.0725,145,15,-15.0,15.0,15.0,15.0,0.0,15.0,15.0,15.0,15.0,15.0,15.0,15.0,0.0,165.0,55.0,40.0,,,,
sphere,diameter,0.0725,145,16,-16.0,16.0,16.0,16.0,0.0,16.0,16.0,16.0,16.0,16.0,16.0,16.0,0.0,164.0,56.0,41.0,,,,
sphere,diameter,0.0725,145,17,-17.0,17.0,17.0,17.0,0.0,17.0,17.0,17.0,17.0,17.0,17.0,17.0,0.0,163.0,57.0,42.0,,,,
sphere,diameter,0.0725,145,18,-18.0,18.0,18.0,18.0,0.0,18.0,18.0,18.0,18.0,18.0,18.0,18.0,0.0,162.0,58.0,43.0,,,,
sphere,diameter,0.0725,145,19,-19.0,19.0,19.0,19.0,0.0,19.0,19.0,19.0,19.0,19.0,19.0,19.0,0.0,161.0,59.0,44.0,,,,
sphere,diameter,0.0725,145,20,-20.0,20.0,20.0,20.0,0.0,20.0,20.0,20.0,20.0,20.0,20.0,20.0,0.0,160.0,60.0,45.0,,,,
sphere,diameter,0.0725,145,21,-21.0,21.0,21.0,21.0,0.0,21.0,21.0,21.0,21.0,21.0,21.0,21.0,0.0,159.0,61.0,46.0,,,,
sphere,diameter,0.0725,145,22,-22.0,22.0,22.0,22.0,0.0,22.0,22.0,22.0,22.0,22.0,22.0,22.0,0.0,158.0,62.0,47.0,,,,
sphere,diameter,0.0725,145,23,-23.0,23.0,23.0,23.0,0.0,23.0,23.0,23.0,23.0,23.0,23.0,23.0,0.0,157.0,63.0,48.0,,,,
sphere,diameter,0.0725,145,24,-24.0,24.0,24.0,24.0,0.0,24.0,24.0,24.0,24.0,24.0,24.0,24.0,0.0,156.0,64.0,49.0,,,,
sphere,diameter,0.0725,145,25,-25.0,25.0,25.0,25.0,0.0,25.0,25.0,25.0,25.0,25.0,25.0,25.0,0.0,155.0,65.0,50.0,,,,
sphere,diameter,0.0725,145,26,-26.0,26.0,26.0,26.0,0.0,26.0,26.0,26.0,26.0,26.0,26.0,26.0,0.0,154.0,66.0,51.0,,,,
sphere,diameter,0.0725,145,27,-27.0,27.0,27.0,27.0,0.0,27.0,27.0,27.0,27.0,27.0,27.0,27.0,0.0,153.0,67.0,52.0,,,,
sphere,diameter,0.0725,145,28,-28.0,28.0,28.0,28.0,0.0,28.0,28.0,28.0,28.0,28.0,28.0,28.0,0.0,152.0,68.0,53.0,,,,
sphere,diameter,0.0725,145,29,-29.0,29.0,29.0,29.0,0.0,29.0,29.0,29.0,29.0,29.0,29.0,29.0,0.0,151.0,69.0,54.0,,,,
sphere,diameter,0.0725,145,30,-30.0,30.0,30.0,30.0,0.0,30.0,30.0,30.0,30.0,30.0,30.0,30.0,0.0,150.0,70.0,55.0,,,,
sphere,diameter,0.0725,145,31,-31.0,31.0,31.0,31.0,0.0,31.0,31.0,31.0,31.0,31.0,31.0,31.0,0.0,149.0,71.0,56.0,,,,
sphere,diameter,0.0725,145,32,-32.0,32.0,32.0,32.0,0.0,32.0,32.0,32.0,32.0,32.0,32.0,32.0,0.0,148.0,72.0,57.0,,,,
sphere,diameter,0.0725,145,33,-33.0,33.0,33.0,33.0,0.0,33.0,33.0,33.0,33.0,33.0,33.0,33.0,0.0,147.0,73.0,58.0,,,,
sphere,diameter,0.0725,145,34,-34.0,34.0,34.0,34.0,0.0,34.0,34.0,34.0,34.0,34.0,34.0,34.0,0.0,146.0,74.0,59.0,,,,
sphere,diameter,0.0725,145,35,-35.0,35.0,35.0,35.0,0.0,35.0,35.0,35.0,35.0,35.0,35.0,35.0,0.0,145.0,75.0,60.0,,,,
sphere,diameter,0.0725,145,36,-36.0,36.0,36.0,36.0,0.0,36.0,36.0,36.0,36.0,36.0,36.0,36.0,0.0,144.0,76.0,61.0,,,,
sphere,diameter,0.0725,145,37,-37.0,37.0,37.0,37.0,0.0,37.0,37.0,37.0,37.0,37.0,37.0,37.0,0.0,143.0,77.0,62.0,,,,
sphere,diameter,0.0725,145,38,-38.0,38.0,38.0,38.0,0.0,38.0,38.0,38.0,38.0,38.0,38.0,38.0,0.0,142.0,78.0,63.0,,,,
sphere,diameter,0.0725,145,39,-39.0,39.0,39.0,39.0,0.0,39.0,39.0,39.0,39.0,39.0,39.0,39.0,0.0,141.0,79.0,64.0,,,,
sphere,diameter,0.0725,145,40,-40.0,40.0,40.0,40.0,0.0,40.0,40.0,40.0,40.0,40.0,40.0,40.0,0.0,140.0,80.0,65.0,,,,
sphere,diameter,0.0725,145,41,-41.0,41.0,41.0,41.0,0.0,41.0,41.0,41.0,41.0,41.0,41.0,41.0,0.0,139.0,81.0,66.0,,,,
sphere,diameter,0.0725,145,42,-42.0,42.0,42.0,42.0,0.0,42.0,42.0,42.0,42.0,42.0,42.0,42.0,0.0,138.0,82.0,67.0,,,,
sphere,diameter,0.0725,145,43,-43.0,43.0,43.0,43.0,0.0,43.0,43.0,43.0,43.0,43.0,43.0,43.0,0.0,137.0,83.0,68.0,,,,
sphere,diameter,0.0725,145,44,-44.0,44.0,44.0,44.0,0.0,44.0,44.0,44.0,44.0,44.0,44.0,44.0,0.0,136.0,84.0,69.0,,,,
sphere,diameter,0.0725,145,45,-45.0,45.0,45.0,45.0,0.0,45.0,45.0,45.0,45.0,45.0,45.0,45.0,0.0,135.0,85.0,70.0,,,,
sphere,diameter,0.0725,145,46,-46.0,46.0,46.0,46.0,0.0,46.0,46.0,46.0,46.0,46.0,46.0,46.0,0.0,134.0,86.0,71.0,,,,
sphere,diameter,0.0725,145,47,-47.0,47.0,47.0,47.0,0.0,47.0,47.0,47.0,47.0,47.0,47.0,47.0,0.0,133.0,87.0,72.0,,,,
sphere,diameter,0.0725,145,48,-48.0,48.0,48.0,48.0,0.0,48.0,48.0,48.0,48.0,48.0,48.0,48.0,0.0,132.0,88.0,73.0,,,,
sphere,diameter,0.0725,145,49,-49.0,49.0,49.0,49.0,0.0,49.0,49.0,49.0,49.0,49.0,49.0,49.0,0.0,131.0,89.0,74.0,,,,
sphere,diameter,0.0725,145,50,-50.0,50.0,50.0,50.0,0.0,50.0,50.0,50.0,50.0,50.0,50.0,50.0,0.0,130.0,90.0,75.0,,,,
sphere,diameter,0.0725,145,51,-51.0,51.0,51.0,51.0,0.0,51.0,51.0,51.0,51.0,51.0,51.0,51.0,0.0,129.0,91.0,76.0,,,,
sphere,diameter,0.0725,145,52,-52.0,52.0,52.0,52.0,0.0,52.0,52.0,52.0,52.0,52.0,52.0,52.0,0.0,128.0,92.0,77.0,,,,
sphere,diameter,0.0725,145,53,-53.0,53.0,53.0,53.0,0.0,53.0,53.0,53.0,53.0,53.0,53.0,53.0,0.0,127.0,93.0,78.0,,,,
sphere,diameter,0.0725,145,54,-54.0,54.0,54.0,54.0,0.0,54.0,54.0,54.0,54.0,54.0,54.0,54.0,0.0,126.0,94.0,79.0,,,,
sphere,diameter,0.0725,145,55,-55.0,55.0,55.0,55.0,0.0,54.42578125,54.42578125,54.42578125,55.0,55.0,55.0,55.0,0.0,125.0,95.0,80.0,,contact,,
sphere,diameter,0.0725,145,56,-56.0,56.0,56.0,56.0,0.0,54.42578125,54.42578125,54.42578125,56.0,56.0,56.0,56.0,0.0,124.0,96.0,80.0,,contact,,
sphere,diameter,0.0725,145,57,-57.0,57.0,57.0,57.0,0.0,54.42578125,54.42578125,54.42578125,57.0,57.0,57.0,57.0,0.0,123.0,97.0,80.0,,contact,,
sphere,diameter,0.0725,145,58,-58.0,58.0,58.0,58.0,0.0,54.42578125,54.42578125,54.42578125,58.0,58.0,58.0,58.0,0.0,122.9375,97.0625,80.0,,contact,,contact
sphere,diameter,0.0725,145,59,-59.0,59.0,59.0,59.0,0.0,54.42578125,54.42578125,54.42578125,59.0,59.0,59.0,59.0,0.0,122.9375,97.0625,80.0,,contact,,contact
sphere,diameter,0.0725,145,60,-60.0,60.0,60.0,60.0,0.0,54.42578125,54.42578125,54.42578125,60.0,60.0,60.0,60.0,0.0,122.9375,97.0625,80.0,,contact,,contact
sphere,diameter,0.0725,145,61,-61.0,61.0,61.0,60.0,0.0,54.42578125,54.42578125,54.42578125,61.0,61.0,61.0,60.0,0.0,122.9375,97.0625,80.0,,contact,,contact
sphere,diameter,0.0725,145,62,-62.0,62.0,62.0,60.0,0.0,54.42578125,54.42578125,54.42578125,62.0,62.0,62.0,60.0,0.0,122.9375,97.0625,80.0,,contact,,contact
sphere,diameter,0.0725,145,63,-63.0,63.0,63.0,60.0,0.0,54.42578125,54.42578125,54.42578125,63.0,63.0,63.0,60.0,0.0,122.9375,97.0625,80.0,,contact,,contact
sphere,diameter,0.0725,145,64,-64.0,64.0,64.0,60.0,0.0,54.42578125,54.42578125,54.42578125,64.0,64.0,64.0,60.0,0.0,122.9375,97.0625,80.0,,contact,,contact
sphere,diameter,0.0725,145,65,-65.0,65.0,65.0,60.0,0.0,54.42578125,54.42578125,54.42578125,65.0,65.0,65.0,60.0,0.0,122.9375,97.0625,80.0,,contact,,contact
sphere,diameter,0.0725,145,66,-66.0,66.0,66.0,60.0,0.0,54.42578125,54.42578125,54.42578125,66.0,66.0,66.0,60.0,0.0,122.9375,97.0625,80.0,,contact,,contact
sphere,diameter,0.0725,145,67,-67.0,67.0,67.0,60.0,0.0,54.42578125,54.42578125,54.42578125,67.0,67.0,67.0,60.0,0.0,122.9375,97.0625,80.0,,contact,,contact
sphere,diameter,0.0725,145,68,-68.0,68.0,68.0,60.0,0.0,54.42578125,54.42578125,54.42578125,67.96484375,67.96484375,67.96484375,60.0,0.0,122.9375,97.0625,80.0,,contact,contact,contact
sphere,diameter,0.0725,145,69,-68.0390625,68.0390625,68.0390625,60.0,0.0,54.42578125,54.42578125,54.42578125,67.96484375,67.96484375,67.96484375,60.0,0.0,122.9375,97.0625,80.0,contact,contact,contact,contact
sphere,diameter,0.07,140,0,0.0,0.0,0.0,0.0,0.0,0.0,0.0,0.0,0.0,0.0,0.0,0.0,0.0,180.0,40.0,25.0,,,,
sphere,diameter,0.07,140,1,-1.0,1.0,1.0,1.0,0.0,1.0,1.0,1.0,1.0,1.0,1.0,1.0,0.0,179.0,41.0,26.0,,,,
sphere,diameter,0.07,140,2,-2.0,2.0,2.0,2.0,0.0,2.0,2.0,2.0,2.0,2.0,2.0,2.0,0.0,178.0,42.0,27.0,,,,
sphere,diameter,0.07,140,3,-3.0,3.0,3.0,3.0,0.0,3.0,3.0,3.0,3.0,3.0,3.0,3.0,0.0,177.0,43.0,28.0,,,,
sphere,diameter,0.07,140,4,-4.0,4.0,4.0,4.0,0.0,4.0,4.0,4.0,4.0,4.0,4.0,4.0,0.0,176.0,44.0,29.0,,,,
sphere,diameter,0.07,140,5,-5.0,5.0,5.0,5.0,0.0,5.0,5.0,5.0,5.0,5.0,5.0,5.0,0.0,175.0,45.0,30.0,,,,
sphere,diameter,0.07,140,6,-6.0,6.0,6.0,6.0,0.0,6.0,6.0,6.0,6.0,6.0,6.0,6.0,0.0,174.0,46.0,31.0,,,,
sphere,diameter,0.07,140,7,-7.0,7.0,7.0,7.0,0.0,7.0,7.0,7.0,7.0,7.0,7.0,7.0,0.0,173.0,47.0,32.0,,,,
sphere,diameter,0.07,140,8,-8.0,8.0,8.0,8.0,0.0,8.0,8.0,8.0,8.0,8.0,8.0,8.0,0.0,172.0,48.0,33.0,,,,
sphere,diameter,0.07,140,9,-9.0,9.0,9.0,9.0,0.0,9.0,9.0,9.0,9.0,9.0,9.0,9.0,0.0,171.0,49.0,34.0,,,,
sphere,diameter,0.07,140,10,-10.0,10.0,10.0,10.0,0.0,10.0,10.0,10.0,10.0,10.0,10.0,10.0,0.0,170.0,50.0,35.0,,,,
sphere,diameter,0.07,140,11,-11.0,11.0,11.0,11.0,0.0,11.0,11.0,11.0,11.0,11.0,11.0,11.0,0.0,169.0,51.0,36.0,,,,
sphere,diameter,0.07,140,12,-12.0,12.0,12.0,12.0,0.0,12.0,12.0,12.0,12.0,12.0,12.0,12.0,0.0,168.0,52.0,37.0,,,,
sphere,diameter,0.07,140,13,-13.0,13.0,13.0,13.0,0.0,13.0,13.0,13.0,13.0,13.0,13.0,13.0,0.0,167.0,53.0,38.0,,,,
sphere,diameter,0.07,140,14,-14.0,14.0,14.0,14.0,0.0,14.0,14.0,14.0,14.0,14.0,14.0,14.0,0.0,166.0,54.0,39.0,,,,
sphere,diameter,0.07,140,15,-15.0,15.0,15.0,15.0,0.0,15.0,15.0,15.0,15.0,15.0,15.0,15.0,0.0,165.0,55.0,40.0,,,,
sphere,diameter,0.07,140,16,-16.0,16.0,16.0,16.0,0.0,16.0,16.0,16.0,16.0,16.0,16.0,16.0,0.0,164.0,56.0,41.0,,,,
sphere,diameter,0.07,140,17,-17.0,17.0,17.0,17.0,0.0,17.0,17.0,17.0,17.0,17.0,17.0,17.0,0.0,163.0,57.0,42.0,,,,
sphere,diameter,0.07,140,18,-18.0,18.0,18.0,18.0,0.0,18.0,18.0,18.0,18.0,18.0,18.0,18.0,0.0,162.0,58.0,43.0,,,,
sphere,diameter,0.07,140,19,-19.0,19.0,19.0,19.0,0.0,19.0,19.0,19.0,19.0,19.0,19.0,19.0,0.0,161.0,59.0,44.0,,,,
sphere,diameter,0.07,140,20,-20.0,20.0,20.0,20.0,0.0,20.0,20.0,20.0,20.0,20.0,20.0,20.0,0.0,160.0,60.0,45.0,,,,
sphere,diameter,0.07,140,21,-21.0,21.0,21.0,21.0,0.0,21.0,21.0,21.0,21.0,21.0,21.0,21.0,0.0,159.0,61.0,46.0,,,,
sphere,diameter,0.07,140,22,-22.0,22.0,22.0,22.0,0.0,22.0,22.0,22.0,22.0,22.0,22.0,22.0,0.0,158.0,62.0,47.0,,,,
sphere,diameter,0.07,140,23,-23.0,23.0,23.0,23.0,0.0,23.0,23.0,23.0,23.0,23.0,23.0,23.0,0.0,157.0,63.0,48.0,,,,
sphere,diameter,0.07,140,24,-24.0,24.0,24.0,24.0,0.0,24.0,24.0,24.0,24.0,24.0,24.0,24.0,0.0,156.0,64.0,49.0,,,,
sphere,diameter,0.07,140,25,-25.0,25.0,25.0,25.0,0.0,25.0,25.0,25.0,25.0,25.0,25.0,25.0,0.0,155.0,65.0,50.0,,,,
sphere,diameter,0.07,140,26,-26.0,26.0,26.0,26.0,0.0,26.0,26.0,26.0,26.0,26.0,26.0,26.0,0.0,154.0,66.0,51.0,,,,
sphere,diameter,0.07,140,27,-27.0,27.0,27.0,27.0,0.0,27.0,27.0,27.0,27.0,27.0,27.0,27.0,0.0,153.0,67.0,52.0,,,,
sphere,diameter,0.07,140,28,-28.0,28.0,28.0,28.0,0.0,28.0,28.0,28.0,28.0,28.0,28.0,28.0,0.0,152.0,68.0,53.0,,,,
sphere,diameter,0.07,140,29,-29.0,29.0,29.0,29.0,0.0,29.0,29.0,29.0,29.0,29.0,29.0,29.0,0.0,151.0,69.0,54.0,,,,
sphere,diameter,0.07,140,30,-30.0,30.0,30.0,30.0,0.0,30.0,30.0,30.0,30.0,30.0,30.0,30.0,0.0,150.0,70.0,55.0,,,,
sphere,diameter,0.07,140,31,-31.0,31.0,31.0,31.0,0.0,31.0,31.0,31.0,31.0,31.0,31.0,31.0,0.0,149.0,71.0,56.0,,,,
sphere,diameter,0.07,140,32,-32.0,32.0,32.0,32.0,0.0,32.0,32.0,32.0,32.0,32.0,32.0,32.0,0.0,148.0,72.0,57.0,,,,
sphere,diameter,0.07,140,33,-33.0,33.0,33.0,33.0,0.0,33.0,33.0,33.0,33.0,33.0,33.0,33.0,0.0,147.0,73.0,58.0,,,,
sphere,diameter,0.07,140,34,-34.0,34.0,34.0,34.0,0.0,34.0,34.0,34.0,34.0,34.0,34.0,34.0,0.0,146.0,74.0,59.0,,,,
sphere,diameter,0.07,140,35,-35.0,35.0,35.0,35.0,0.0,35.0,35.0,35.0,35.0,35.0,35.0,35.0,0.0,145.0,75.0,60.0,,,,
sphere,diameter,0.07,140,36,-36.0,36.0,36.0,36.0,0.0,36.0,36.0,36.0,36.0,36.0,36.0,36.0,0.0,144.0,76.0,61.0,,,,
sphere,diameter,0.07,140,37,-37.0,37.0,37.0,37.0,0.0,37.0,37.0,37.0,37.0,37.0,37.0,37.0,0.0,143.0,77.0,62.0,,,,
sphere,diameter,0.07,140,38,-38.0,38.0,38.0,38.0,0.0,38.0,38.0,38.0,38.0,38.0,38.0,38.0,0.0,142.0,78.0,63.0,,,,
sphere,diameter,0.07,140,39,-39.0,39.0,39.0,39.0,0.0,39.0,39.0,39.0,39.0,39.0,39.0,39.0,0.0,141.0,79.0,64.0,,,,
sphere,diameter,0.07,140,40,-40.0,40.0,40.0,40.0,0.0,40.0,40.0,40.0,40.0,40.0,40.0,40.0,0.0,140.0,80.0,65.0,,,,
sphere,diameter,0.07,140,41,-41.0,41.0,41.0,41.0,0.0,41.0,41.0,41.0,41.0,41.0,41.0,41.0,0.0,139.0,81.0,66.0,,,,
sphere,diameter,0.07,140,42,-42.0,42.0,42.0,42.0,0.0,42.0,42.0,42.0,42.0,42.0,42.0,42.0,0.0,138.0,82.0,67.0,,,,
sphere,diameter,0.07,140,43,-43.0,43.0,43.0,43.0,0.0,43.0,43.0,43.0,43.0,43.0,43.0,43.0,0.0,137.0,83.0,68.0,,,,
sphere,diameter,0.07,140,44,-44.0,44.0,44.0,44.0,0.0,44.0,44.0,44.0,44.0,44.0,44.0,44.0,0.0,136.0,84.0,69.0,,,,
sphere,diameter,0.07,140,45,-45.0,45.0,45.0,45.0,0.0,45.0,45.0,45.0,45.0,45.0,45.0,45.0,0.0,135.0,85.0,70.0,,,,
sphere,diameter,0.07,140,46,-46.0,46.0,46.0,46.0,0.0,46.0,46.0,46.0,46.0,46.0,46.0,46.0,0.0,134.0,86.0,71.0,,,,
sphere,diameter,0.07,140,47,-47.0,47.0,47.0,47.0,0.0,47.0,47.0,47.0,47.0,47.0,47.0,47.0,0.0,133.0,87.0,72.0,,,,
sphere,diameter,0.07,140,48,-48.0,48.0,48.0,48.0,0.0,48.0,48.0,48.0,48.0,48.0,48.0,48.0,0.0,132.0,88.0,73.0,,,,
sphere,diameter,0.07,140,49,-49.0,49.0,49.0,49.0,0.0,49.0,49.0,49.0,49.0,49.0,49.0,49.0,0.0,131.0,89.0,74.0,,,,
sphere,diameter,0.07,140,50,-50.0,50.0,50.0,50.0,0.0,50.0,50.0,50.0,50.0,50.0,50.0,50.0,0.0,130.0,90.0,75.0,,,,
sphere,diameter,0.07,140,51,-51.0,51.0,51.0,51.0,0.0,51.0,51.0,51.0,51.0,51.0,51.0,51.0,0.0,129.0,91.0,76.0,,,,
sphere,diameter,0.07,140,52,-52.0,52.0,52.0,52.0,0.0,52.0,52.0,52.0,52.0,52.0,52.0,52.0,0.0,128.0,92.0,77.0,,,,
sphere,diameter,0.07,140,53,-53.0,53.0,53.0,53.0,0.0,53.0,53.0,53.0,53.0,53.0,53.0,53.0,0.0,127.0,93.0,78.0,,,,
sphere,diameter,0.07,140,54,-54.0,54.0,54.0,54.0,0.0,54.0,54.0,54.0,54.0,54.0,54.0,54.0,0.0,126.0,94.0,79.0,,,,
sphere,diameter,0.07,140,55,-55.0,55.0,55.0,55.0,0.0,55.0,55.0,55.0,55.0,55.0,55.0,55.0,0.0,125.0,95.0,80.0,,,,
sphere,diameter,0.07,140,56,-56.0,56.0,56.0,56.0,0.0,55.11328125,55.11328125,55.11328125,56.0,56.0,56.0,56.0,0.0,124.0,96.0,80.0,,contact,,
sphere,diameter,0.07,140,57,-57.0,57.0,57.0,57.0,0.0,55.11328125,55.11328125,55.11328125,57.0,57.0,57.0,57.0,0.0,123.0,97.0,80.0,,contact,,
sphere,diameter,0.07,140,58,-58.0,58.0,58.0,58.0,0.0,55.11328125,55.11328125,55.11328125,58.0,58.0,58.0,58.0,0.0,122.1328125,97.8671875,80.0,,contact,,contact
sphere,diameter,0.07,140,59,-59.0,59.0,59.0,59.0,0.0,55.11328125,55.11328125,55.11328125,59.0,59.0,59.0,59.0,0.0,122.1328125,97.8671875,80.0,,contact,,contact
sphere,diameter,0.07,140,60,-60.0,60.0,60.0,60.0,0.0,55.11328125,55.11328125,55.11328125,60.0,60.0,60.0,60.0,0.0,122.1328125,97.8671875,80.0,,contact,,contact
sphere,diameter,0.07,140,61,-61.0,61.0,61.0,60.0,0.0,55.11328125,55.11328125,55.11328125,61.0,61.0,61.0,60.0,0.0,122.1328125,97.8671875,80.0,,contact,,contact
sphere,diameter,0.07,140,62,-62.0,62.0,62.0,60.0,0.0,55.11328125,55.11328125,55.11328125,62.0,62.0,62.0,60.0,0.0,122.1328125,97.8671875,80.0,,contact,,contact
sphere,diameter,0.07,140,63,-63.0,63.0,63.0,60.0,0.0,55.11328125,55.11328125,55.11328125,63.0,63.0,63.0,60.0,0.0,122.1328125,97.8671875,80.0,,contact,,contact
sphere,diameter,0.07,140,64,-64.0,64.0,64.0,60.0,0.0,55.11328125,55.11328125,55.11328125,64.0,64.0,64.0,60.0,0.0,122.1328125,97.8671875,80.0,,contact,,contact
sphere,diameter,0.07,140,65,-65.0,65.0,65.0,60.0,0.0,55.11328125,55.11328125,55.11328125,65.0,65.0,65.0,60.0,0.0,122.1328125,97.8671875,80.0,,contact,,contact
sphere,diameter,0.07,140,66,-66.0,66.0,66.0,60.0,0.0,55.11328125,55.11328125,55.11328125,66.0,66.0,66.0,60.0,0.0,122.1328125,97.8671875,80.0,,contact,,contact
sphere,diameter,0.07,140,67,-67.0,67.0,67.0,60.0,0.0,55.11328125,55.11328125,55.11328125,67.0,67.0,67.0,60.0,0.0,122.1328125,97.8671875,80.0,,contact,,contact
sphere,diameter,0.07,140,68,-68.0,68.0,68.0,60.0,0.0,55.11328125,55.11328125,55.11328125,68.0,68.0,68.0,60.0,0.0,122.1328125,97.8671875,80.0,,contact,,contact
sphere,diameter,0.07,140,69,-69.0,69.0,69.0,60.0,0.0,55.11328125,55.11328125,55.11328125,69.0,69.0,69.0,60.0,0.0,122.1328125,97.8671875,80.0,,contact,,contact
sphere,diameter,0.07,140,70,-69.13671875,69.13671875,69.13671875,60.0,0.0,55.11328125,55.11328125,55.11328125,69.05078125,69.05078125,69.05078125,60.0,0.0,122.1328125,97.8671875,80.0,contact,contact,contact,contact
sphere,diameter,0.0675,135,0,0.0,0.0,0.0,0.0,0.0,0.0,0.0,0.0,0.0,0.0,0.0,0.0,0.0,180.0,40.0,25.0,,,,
sphere,diameter,0.0675,135,1,-1.0,1.0,1.0,1.0,0.0,1.0,1.0,1.0,1.0,1.0,1.0,1.0,0.0,179.0,41.0,26.0,,,,
sphere,diameter,0.0675,135,2,-2.0,2.0,2.0,2.0,0.0,2.0,2.0,2.0,2.0,2.0,2.0,2.0,0.0,178.0,42.0,27.0,,,,
sphere,diameter,0.0675,135,3,-3.0,3.0,3.0,3.0,0.0,3.0,3.0,3.0,3.0,3.0,3.0,3.0,0.0,177.0,43.0,28.0,,,,
sphere,diameter,0.0675,135,4,-4.0,4.0,4.0,4.0,0.0,4.0,4.0,4.0,4.0,4.0,4.0,4.0,0.0,176.0,44.0,29.0,,,,
sphere,diameter,0.0675,135,5,-5.0,5.0,5.0,5.0,0.0,5.0,5.0,5.0,5.0,5.0,5.0,5.0,0.0,175.0,45.0,30.0,,,,
sphere,diameter,0.0675,135,6,-6.0,6.0,6.0,6.0,0.0,6.0,6.0,6.0,6.0,6.0,6.0,6.0,0.0,174.0,46.0,31.0,,,,
sphere,diameter,0.0675,135,7,-7.0,7.0,7.0,7.0,0.0,7.0,7.0,7.0,7.0,7.0,7.0,7.0,0.0,173.0,47.0,32.0,,,,
sphere,diameter,0.0675,135,8,-8.0,8.0,8.0,8.0,0.0,8.0,8.0,8.0,8.0,8.0,8.0,8.0,0.0,172.0,48.0,33.0,,,,
sphere,diameter,0.0675,135,9,-9.0,9.0,9.0,9.0,0.0,9.0,9.0,9.0,9.0,9.0,9.0,9.0,0.0,171.0,49.0,34.0,,,,
sphere,diameter,0.0675,135,10,-10.0,10.0,10.0,10.0,0.0,10.0,10.0,10.0,10.0,10.0,10.0,10.0,0.0,170.0,50.0,35.0,,,,
sphere,diameter,0.0675,135,11,-11.0,11.0,11.0,11.0,0.0,11.0,11.0,11.0,11.0,11.0,11.0,11.0,0.0,169.0,51.0,36.0,,,,
sphere,diameter,0.0675,135,12,-12.0,12.0,12.0,12.0,0.0,12.0,12.0,12.0,12.0,12.0,12.0,12.0,0.0,168.0,52.0,37.0,,,,
sphere,diameter,0.0675,135,13,-13.0,13.0,13.0,13.0,0.0,13.0,13.0,13.0,13.0,13.0,13.0,13.0,0.0,167.0,53.0,38.0,,,,
sphere,diameter,0.0675,135,14,-14.0,14.0,14.0,14.0,0.0,14.0,14.0,14.0,14.0,14.0,14.0,14.0,0.0,166.0,54.0,39.0,,,,
sphere,diameter,0.0675,135,15,-15.0,15.0,15.0,15.0,0.0,15.0,15.0,15.0,15.0,15.0,15.0,15.0,0.0,165.0,55.0,40.0,,,,
sphere,diameter,0.0675,135,16,-16.0,16.0,16.0,16.0,0.0,16.0,16.0,16.0,16.0,16.0,16.0,16.0,0.0,164.0,56.0,41.0,,,,
sphere,diameter,0.0675,135,17,-17.0,17.0,17.0,17.0,0.0,17.0,17.0,17.0,17.0,17.0,17.0,17.0,0.0,163.0,57.0,42.0,,,,
sphere,diameter,0.0675,135,18,-18.0,18.0,18.0,18.0,0.0,18.0,18.0,18.0,18.0,18.0,18.0,18.0,0.0,162.0,58.0,43.0,,,,
sphere,diameter,0.0675,135,19,-19.0,19.0,19.0,19.0,0.0,19.0,19.0,19.0,19.0,19.0,19.0,19.0,0.0,161.0,59.0,44.0,,,,
sphere,diameter,0.0675,135,20,-20.0,20.0,20.0,20.0,0.0,20.0,20.0,20.0,20.0,20.0,20.0,20.0,0.0,160.0,60.0,45.0,,,,
sphere,diameter,0.0675,135,21,-21.0,21.0,21.0,21.0,0.0,21.0,21.0,21.0,21.0,21.0,21.0,21.0,0.0,159.0,61.0,46.0,,,,
sphere,diameter,0.0675,135,22,-22.0,22.0,22.0,22.0,0.0,22.0,22.0,22.0,22.0,22.0,22.0,22.0,0.0,158.0,62.0,47.0,,,,
sphere,diameter,0.0675,135,23,-23.0,23.0,23.0,23.0,0.0,23.0,23.0,23.0,23.0,23.0,23.0,23.0,0.0,157.0,63.0,48.0,,,,
sphere,diameter,0.0675,135,24,-24.0,24.0,24.0,24.0,0.0,24.0,24.0,24.0,24.0,24.0,24.0,24.0,0.0,156.0,64.0,49.0,,,,
sphere,diameter,0.0675,135,25,-25.0,25.0,25.0,25.0,0.0,25.0,25.0,25.0,25.0,25.0,25.0,25.0,0.0,155.0,65.0,50.0,,,,
sphere,diameter,0.0675,135,26,-26.0,26.0,26.0,26.0,0.0,26.0,26.0,26.0,26.0,26.0,26.0,26.0,0.0,154.0,66.0,51.0,,,,
sphere,diameter,0.0675,135,27,-27.0,27.0,27.0,27.0,0.0,27.0,27.0,27.0,27.0,27.0,27.0,27.0,0.0,153.0,67.0,52.0,,,,
sphere,diameter,0.0675,135,28,-28.0,28.0,28.0,28.0,0.0,28.0,28.0,28.0,28.0,28.0,28.0,28.0,0.0,152.0,68.0,53.0,,,,
sphere,diameter,0.0675,135,29,-29.0,29.0,29.0,29.0,0.0,29.0,29.0,29.0,29.0,29.0,29.0,29.0,0.0,151.0,69.0,54.0,,,,
sphere,diameter,0.0675,135,30,-30.0,30.0,30.0,30.0,0.0,30.0,30.0,30.0,30.0,30.0,30.0,30.0,0.0,150.0,70.0,55.0,,,,
sphere,diameter,0.0675,135,31,-31.0,31.0,31.0,31.0,0.0,31.0,31.0,31.0,31.0,31.0,31.0,31.0,0.0,149.0,71.0,56.0,,,,
sphere,diameter,0.0675,135,32,-32.0,32.0,32.0,32.0,0.0,32.0,32.0,32.0,32.0,32.0,32.0,32.0,0.0,148.0,72.0,57.0,,,,
sphere,diameter,0.0675,135,33,-33.0,33.0,33.0,33.0,0.0,33.0,33.0,33.0,33.0,33.0,33.0,33.0,0.0,147.0,73.0,58.0,,,,
sphere,diameter,0.0675,135,34,-34.0,34.0,34.0,34.0,0.0,34.0,34.0,34.0,34.0,34.0,34.0,34.0,0.0,146.0,74.0,59.0,,,,
sphere,diameter,0.0675,135,35,-35.0,35.0,35.0,35.0,0.0,35.0,35.0,35.0,35.0,35.0,35.0,35.0,0.0,145.0,75.0,60.0,,,,
sphere,diameter,0.0675,135,36,-36.0,36.0,36.0,36.0,0.0,36.0,36.0,36.0,36.0,36.0,36.0,36.0,0.0,144.0,76.0,61.0,,,,
sphere,diameter,0.0675,135,37,-37.0,37.0,37.0,37.0,0.0,37.0,37.0,37.0,37.0,37.0,37.0,37.0,0.0,143.0,77.0,62.0,,,,
sphere,diameter,0.0675,135,38,-38.0,38.0,38.0,38.0,0.0,38.0,38.0,38.0,38.0,38.0,38.0,38.0,0.0,142.0,78.0,63.0,,,,
sphere,diameter,0.0675,135,39,-39.0,39.0,39.0,39.0,0.0,39.0,39.0,39.0,39.0,39.0,39.0,39.0,0.0,141.0,79.0,64.0,,,,
sphere,diameter,0.0675,135,40,-40.0,40.0,40.0,40.0,0.0,40.0,40.0,40.0,40.0,40.0,40.0,40.0,0.0,140.0,80.0,65.0,,,,
sphere,diameter,0.0675,135,41,-41.0,41.0,41.0,41.0,0.0,41.0,41.0,41.0,41.0,41.0,41.0,41.0,0.0,139.0,81.0,66.0,,,,
sphere,diameter,0.0675,135,42,-42.0,42.0,42.0,42.0,0.0,42.0,42.0,42.0,42.0,42.0,42.0,42.0,0.0,138.0,82.0,67.0,,,,
sphere,diameter,0.0675,135,43,-43.0,43.0,43.0,43.0,0.0,43.0,43.0,43.0,43.0,43.0,43.0,43.0,0.0,137.0,83.0,68.0,,,,
sphere,diameter,0.0675,135,44,-44.0,44.0,44.0,44.0,0.0,44.0,44.0,44.0,44.0,44.0,44.0,44.0,0.0,136.0,84.0,69.0,,,,
sphere,diameter,0.0675,135,45,-45.0,45.0,45.0,45.0,0.0,45.0,45.0,45.0,45.0,45.0,45.0,45.0,0.0,135.0,85.0,70.0,,,,
sphere,diameter,0.0675,135,46,-46.0,46.0,46.0,46.0,0.0,46.0,46.0,46.0,46.0,46.0,46.0,46.0,0.0,134.0,86.0,71.0,,,,
sphere,diameter,0.0675,135,47,-47.0,47.0,47.0,47.0,0.0,47.0,47.0,47.0,47.0,47.0,47.0,47.0,0.0,133.0,87.0,72.0,,,,
sphere,diameter,0.0675,135,48,-48.0,48.0,48.0,48.0,0.0,48.0,48.0,48.0,48.0,48.0,48.0,48.0,0.0,132.0,88.0,73.0,,,,
sphere,diameter,0.0675,135,49,-49.0,49.0,49.0,49.0,0.0,49.0,49.0,49.0,49.0,49.0,49.0,49.0,0.0,131.0,89.0,74.0,,,,
sphere,diameter,0.0675,135,50,-50.0,50.0,50.0,50.0,0.0,50.0,50.0,50.0,50.0,50.0,50.0,50.0,0.0,130.0,90.0,75.0,,,,
sphere,diameter,0.0675,135,51,-51.0,51.0,51.0,51.0,0.0,51.0,51.0,51.0,51.0,51.0,51.0,51.0,0.0,129.0,91.0,76.0,,,,
sphere,diameter,0.0675,135,52,-52.0,52.0,52.0,52.0,0.0,52.0,52.0,52.0,52.0,52.0,52.0,52.0,0.0,128.0,92.0,77.0,,,,
sphere,diameter,0.0675,135,53,-53.0,53.0,53.0,53.0,0.0,53.0,53.0,53.0,53.0,53.0,53.0,53.0,0.0,127.0,93.0,78.0,,,,
sphere,diameter,0.0675,135,54,-54.0,54.0,54.0,54.0,0.0,54.0,54.0,54.0,54.0,54.0,54.0,54.0,0.0,126.0,94.0,79.0,,,,
sphere,diameter,0.0675,135,55,-55.0,55.0,55.0,55.0,0.0,55.0,55.0,55.0,55.0,55.0,55.0,55.0,0.0,125.0,95.0,80.0,,,,
sphere,diameter,0.0675,135,56,-56.0,56.0,56.0,56.0,0.0,55.82421875,55.82421875,55.82421875,56.0,56.0,56.0,56.0,0.0,124.0,96.0,80.0,,contact,,
sphere,diameter,0.0675,135,57,-57.0,57.0,57.0,57.0,0.0,55.82421875,55.82421875,55.82421875,57.0,57.0,57.0,57.0,0.0,123.0,97.0,80.0,,contact,,
sphere,diameter,0.0675,135,58,-58.0,58.0,58.0,58.0,0.0,55.82421875,55.82421875,55.82421875,58.0,58.0,58.0,58.0,0.0,122.0,98.0,80.0,,contact,,
sphere,diameter,0.0675,135,59,-59.0,59.0,59.0,59.0,0.0,55.82421875,55.82421875,55.82421875,59.0,59.0,59.0,59.0,0.0,121.29296875,98.70703125,80.0,,contact,,contact
sphere,diameter,0.0675,135,60,-60.0,60.0,60.0,60.0,0.0,55.82421875,55.82421875,55.82421875,60.0,60.0,60.0,60.0,0.0,121.29296875,98.70703125,80.0,,contact,,contact
sphere,diameter,0.0675,135,61,-61.0,61.0,61.0,60.0,0.0,55.82421875,55.82421875,55.82421875,61.0,61.0,61.0,60.0,0.0,121.29296875,98.70703125,80.0,,contact,,contact
sphere,diameter,0.0675,135,62,-62.0,62.0,62.0,60.0,0.0,55.82421875,55.82421875,55.82421875,62.0,62.0,62.0,60.0,0.0,121.29296875,98.70703125,80.0,,contact,,contact
sphere,diameter,0.0675,135,63,-63.0,63.0,63.0,60.0,0.0,55.82421875,55.82421875,55.82421875,63.0,63.0,63.0,60.0,0.0,121.29296875,98.70703125,80.0,,contact,,contact
sphere,diameter,0.0675,135,64,-64.0,64.0,64.0,60.0,0.0,55.82421875,55.82421875,55.82421875,64.0,64.0,64.0,60.0,0.0,121.29296875,98.70703125,80.0,,contact,,contact
sphere,diameter,0.0675,135,65,-65.0,65.0,65.0,60.0,0.0,55.82421875,55.82421875,55.82421875,65.0,65.0,65.0,60.0,0.0,121.29296875,98.70703125,80.0,,contact,,contact
sphere,diameter,0.0675,135,66,-66.0,66.0,66.0,60.0,0.0,55.82421875,55.82421875,55.82421875,66.0,66.0,66.0,60.0,0.0,121.29296875,98.70703125,80.0,,contact,,contact
sphere,diameter,0.0675,135,67,-67.0,67.0,67.0,60.0,0.0,55.82421875,55.82421875,55.82421875,67.0,67.0,67.0,60.0,0.0,121.29296875,98.70703125,80.0,,contact,,contact
sphere,diameter,0.0675,135,68,-68.0,68.0,68.0,60.0,0.0,55.82421875,55.82421875,55.82421875,68.0,68.0,68.0,60.0,0.0,121.29296875,98.70703125,80.0,,contact,,contact
sphere,diameter,0.0675,135,69,-69.0,69.0,69.0,60.0,0.0,55.82421875,55.82421875,55.82421875,69.0,69.0,69.0,60.0,0.0,121.29296875,98.70703125,80.0,,contact,,contact
sphere,diameter,0.0675,135,70,-70.0,70.0,70.0,60.0,0.0,55.82421875,55.82421875,55.82421875,70.0,70.0,70.0,60.0,0.0,121.29296875,98.70703125,80.0,,contact,,contact
sphere,diameter,0.0675,135,71,-70.2578125,70.2578125,70.2578125,60.0,0.0,55.82421875,55.82421875,55.82421875,70.16015625,70.16015625,70.16015625,60.0,0.0,121.29296875,98.70703125,80.0,contact,contact,contact,contact
sphere,diameter,0.065,130,0,0.0,0.0,0.0,0.0,0.0,0.0,0.0,0.0,0.0,0.0,0.0,0.0,0.0,180.0,40.0,25.0,,,,
sphere,diameter,0.065,130,1,-1.0,1.0,1.0,1.0,0.0,1.0,1.0,1.0,1.0,1.0,1.0,1.0,0.0,179.0,41.0,26.0,,,,
sphere,diameter,0.065,130,2,-2.0,2.0,2.0,2.0,0.0,2.0,2.0,2.0,2.0,2.0,2.0,2.0,0.0,178.0,42.0,27.0,,,,
sphere,diameter,0.065,130,3,-3.0,3.0,3.0,3.0,0.0,3.0,3.0,3.0,3.0,3.0,3.0,3.0,0.0,177.0,43.0,28.0,,,,
sphere,diameter,0.065,130,4,-4.0,4.0,4.0,4.0,0.0,4.0,4.0,4.0,4.0,4.0,4.0,4.0,0.0,176.0,44.0,29.0,,,,
sphere,diameter,0.065,130,5,-5.0,5.0,5.0,5.0,0.0,5.0,5.0,5.0,5.0,5.0,5.0,5.0,0.0,175.0,45.0,30.0,,,,
sphere,diameter,0.065,130,6,-6.0,6.0,6.0,6.0,0.0,6.0,6.0,6.0,6.0,6.0,6.0,6.0,0.0,174.0,46.0,31.0,,,,
sphere,diameter,0.065,130,7,-7.0,7.0,7.0,7.0,0.0,7.0,7.0,7.0,7.0,7.0,7.0,7.0,0.0,173.0,47.0,32.0,,,,
sphere,diameter,0.065,130,8,-8.0,8.0,8.0,8.0,0.0,8.0,8.0,8.0,8.0,8.0,8.0,8.0,0.0,172.0,48.0,33.0,,,,
sphere,diameter,0.065,130,9,-9.0,9.0,9.0,9.0,0.0,9.0,9.0,9.0,9.0,9.0,9.0,9.0,0.0,171.0,49.0,34.0,,,,
sphere,diameter,0.065,130,10,-10.0,10.0,10.0,10.0,0.0,10.0,10.0,10.0,10.0,10.0,10.0,10.0,0.0,170.0,50.0,35.0,,,,
sphere,diameter,0.065,130,11,-11.0,11.0,11.0,11.0,0.0,11.0,11.0,11.0,11.0,11.0,11.0,11.0,0.0,169.0,51.0,36.0,,,,
sphere,diameter,0.065,130,12,-12.0,12.0,12.0,12.0,0.0,12.0,12.0,12.0,12.0,12.0,12.0,12.0,0.0,168.0,52.0,37.0,,,,
sphere,diameter,0.065,130,13,-13.0,13.0,13.0,13.0,0.0,13.0,13.0,13.0,13.0,13.0,13.0,13.0,0.0,167.0,53.0,38.0,,,,
sphere,diameter,0.065,130,14,-14.0,14.0,14.0,14.0,0.0,14.0,14.0,14.0,14.0,14.0,14.0,14.0,0.0,166.0,54.0,39.0,,,,
sphere,diameter,0.065,130,15,-15.0,15.0,15.0,15.0,0.0,15.0,15.0,15.0,15.0,15.0,15.0,15.0,0.0,165.0,55.0,40.0,,,,
sphere,diameter,0.065,130,16,-16.0,16.0,16.0,16.0,0.0,16.0,16.0,16.0,16.0,16.0,16.0,16.0,0.0,164.0,56.0,41.0,,,,
sphere,diameter,0.065,130,17,-17.0,17.0,17.0,17.0,0.0,17.0,17.0,17.0,17.0,17.0,17.0,17.0,0.0,163.0,57.0,42.0,,,,
sphere,diameter,0.065,130,18,-18.0,18.0,18.0,18.0,0.0,18.0,18.0,18.0,18.0,18.0,18.0,18.0,0.0,162.0,58.0,43.0,,,,
sphere,diameter,0.065,130,19,-19.0,19.0,19.0,19.0,0.0,19.0,19.0,19.0,19.0,19.0,19.0,19.0,0.0,161.0,59.0,44.0,,,,
sphere,diameter,0.065,130,20,-20.0,20.0,20.0,20.0,0.0,20.0,20.0,20.0,20.0,20.0,20.0,20.0,0.0,160.0,60.0,45.0,,,,
sphere,diameter,0.065,130,21,-21.0,21.0,21.0,21.0,0.0,21.0,21.0,21.0,21.0,21.0,21.0,21.0,0.0,159.0,61.0,46.0,,,,
sphere,diameter,0.065,130,22,-22.0,22.0,22.0,22.0,0.0,22.0,22.0,22.0,22.0,22.0,22.0,22.0,0.0,158.0,62.0,47.0,,,,
sphere,diameter,0.065,130,23,-23.0,23.0,23.0,23.0,0.0,23.0,23.0,23.0,23.0,23.0,23.0,23.0,0.0,157.0,63.0,48.0,,,,
sphere,diameter,0.065,130,24,-24.0,24.0,24.0,24.0,0.0,24.0,24.0,24.0,24.0,24.0,24.0,24.0,0.0,156.0,64.0,49.0,,,,
sphere,diameter,0.065,130,25,-25.0,25.0,25.0,25.0,0.0,25.0,25.0,25.0,25.0,25.0,25.0,25.0,0.0,155.0,65.0,50.0,,,,
sphere,diameter,0.065,130,26,-26.0,26.0,26.0,26.0,0.0,26.0,26.0,26.0,26.0,26.0,26.0,26.0,0.0,154.0,66.0,51.0,,,,
sphere,diameter,0.065,130,27,-27.0,27.0,27.0,27.0,0.0,27.0,27.0,27.0,27.0,27.0,27.0,27.0,0.0,153.0,67.0,52.0,,,,
sphere,diameter,0.065,130,28,-28.0,28.0,28.0,28.0,0.0,28.0,28.0,28.0,28.0,28.0,28.0,28.0,0.0,152.0,68.0,53.0,,,,
sphere,diameter,0.065,130,29,-29.0,29.0,29.0,29.0,0.0,29.0,29.0,29.0,29.0,29.0,29.0,29.0,0.0,151.0,69.0,54.0,,,,
sphere,diameter,0.065,130,30,-30.0,30.0,30.0,30.0,0.0,30.0,30.0,30.0,30.0,30.0,30.0,30.0,0.0,150.0,70.0,55.0,,,,
sphere,diameter,0.065,130,31,-31.0,31.0,31.0,31.0,0.0,31.0,31.0,31.0,31.0,31.0,31.0,31.0,0.0,149.0,71.0,56.0,,,,
sphere,diameter,0.065,130,32,-32.0,32.0,32.0,32.0,0.0,32.0,32.0,32.0,32.0,32.0,32.0,32.0,0.0,148.0,72.0,57.0,,,,
sphere,diameter,0.065,130,33,-33.0,33.0,33.0,33.0,0.0,33.0,33.0,33.0,33.0,33.0,33.0,33.0,0.0,147.0,73.0,58.0,,,,
sphere,diameter,0.065,130,34,-34.0,34.0,34.0,34.0,0.0,34.0,34.0,34.0,34.0,34.0,34.0,34.0,0.0,146.0,74.0,59.0,,,,
sphere,diameter,0.065,130,35,-35.0,35.0,35.0,35.0,0.0,35.0,35.0,35.0,35.0,35.0,35.0,35.0,0.0,145.0,75.0,60.0,,,,
sphere,diameter,0.065,130,36,-36.0,36.0,36.0,36.0,0.0,36.0,36.0,36.0,36.0,36.0,36.0,36.0,0.0,144.0,76.0,61.0,,,,
sphere,diameter,0.065,130,37,-37.0,37.0,37.0,37.0,0.0,37.0,37.0,37.0,37.0,37.0,37.0,37.0,0.0,143.0,77.0,62.0,,,,
sphere,diameter,0.065,130,38,-38.0,38.0,38.0,38.0,0.0,38.0,38.0,38.0,38.0,38.0,38.0,38.0,0.0,142.0,78.0,63.0,,,,
sphere,diameter,0.065,130,39,-39.0,39.0,39.0,39.0,0.0,39.0,39.0,39.0,39.0,39.0,39.0,39.0,0.0,141.0,79.0,64.0,,,,
sphere,diameter,0.065,130,40,-40.0,40.0,40.0,40.0,0.0,40.0,40.0,40.0,40.0,40.0,40.0,40.0,0.0,140.0,80.0,65.0,,,,
sphere,diameter,0.065,130,41,-41.0,41.0,41.0,41.0,0.0,41.0,41.0,41.0,41.0,41.0,41.0,41.0,0.0,139.0,81.0,66.0,,,,
sphere,diameter,0.065,130,42,-42.0,42.0,42.0,42.0,0.0,42.0,42.0,42.0,42.0,42.0,42.0,42.0,0.0,138.0,82.0,67.0,,,,
sphere,diameter,0.065,130,43,-43.0,43.0,43.0,43.0,0.0,43.0,43.0,43.0,43.0,43.0,43.0,43.0,0.0,137.0,83.0,68.0,,,,
sphere,diameter,0.065,130,44,-44.0,44.0,44.0,44.0,0.0,44.0,44.0,44.0,44.0,44.0,44.0,44.0,0.0,136.0,84.0,69.0,,,,
sphere,diameter,0.065,130,45,-45.0,45.0,45.0,45.0,0.0,45.0,45.0,45.0,45.0,45.0,45.0,45.0,0.0,135.0,85.0,70.0,,,,
sphere,diameter,0.065,130,46,-46.0,46.0,46.0,46.0,0.0,46.0,46.0,46.0,46.0,46.0,46.0,46.0,0.0,134.0,86.0,71.0,,,,
sphere,diameter,0.065,130,47,-47.0,47.0,47.0,47.0,0.0,47.0,47.0,47.0,47.0,47.0,47.0,47.0,0.0,133.0,87.0,72.0,,,,
sphere,diameter,0.065,130,48,-48.0,48.0,48.0,48.0,0.0,48.0,48.0,48.0,48.0,48.0,48.0,48.0,0.0,132.0,88.0,73.0,,,,
sphere,diameter,0.065,130,49,-49.0,49.0,49.0,49.0,0.0,49.0,49.0,49.0,49.0,49.0,49.0,49.0,0.0,131.0,89.0,74.0,,,,
sphere,diameter,0.065,130,50,-50.0,50.0,50.0,50.0,0.0,50.0,50.0,50.0,50.0,50.0,50.0,50.0,0.0,130.0,90.0,75.0,,,,
sphere,diameter,0.065,130,51,-51.0,51.0,51.0,51.0,0.0,51.0,51.0,51.0,51.0,51.0,51.0,51.0,0.0,129.0,91.0,76.0,,,,
sphere,diameter,0.065,130,52,-52.0,52.0,52.0,52.0,0.0,52.0,52.0,52.0,52.0,52.0,52.0,52.0,0.0,128.0,92.0,77.0,,,,
sphere,diameter,0.065,130,53,-53.0,53.0,53.0,53.0,0.0,53.0,53.0,53.0,53.0,53.0,53.0,53.0,0.0,127.0,93.0,78.0,,,,
sphere,diameter,0.065,130,54,-54.0,54.0,54.0,54.0,0.0,54.0,54.0,54.0,54.0,54.0,54.0,54.0,0.0,126.0,94.0,79.0,,,,
sphere,diameter,0.065,130,55,-55.0,55.0,55.0,55.0,0.0,55.0,55.0,55.0,55.0,55.0,55.0,55.0,0.0,125.0,95.0,80.0,,,,
sphere,diameter,0.065,130,56,-56.0,56.0,56.0,56.0,0.0,56.0,56.0,56.0,56.0,56.0,56.0,56.0,0.0,124.0,96.0,80.0,,,,
sphere,diameter,0.065,130,57,-57.0,57.0,57.0,57.0,0.0,56.54296875,56.54296875,56.54296875,57.0,57.0,57.0,57.0,0.0,123.0,97.0,80.0,,contact,,
sphere,diameter,0.065,130,58,-58.0,58.0,58.0,58.0,0.0,56.54296875,56.54296875,56.54296875,58.0,58.0,58.0,58.0,0.0,122.0,98.0,80.0,,contact,,
sphere,diameter,0.065,130,59,-59.0,59.0,59.0,59.0,0.0,56.54296875,56.54296875,56.54296875,59.0,59.0,59.0,59.0,0.0,121.0,99.0,80.0,,contact,,
sphere,diameter,0.065,130,60,-60.0,60.0,60.0,60.0,0.0,56.54296875,56.54296875,56.54296875,60.0,60.0,60.0,60.0,0.0,120.4375,99.5625,80.0,,contact,,contact
sphere,diameter,0.065,130,61,-61.0,61.0,61.0,60.0,0.0,56.54296875,56.54296875,56.54296875,61.0,61.0,61.0,60.0,0.0,120.4375,99.5625,80.0,,contact,,contact
sphere,diameter,0.065,130,62,-62.0,62.0,62.0,60.0,0.0,56.54296875,56.54296875,56.54296875,62.0,62.0,62.0,60.0,0.0,120.4375,99.5625,80.0,,contact,,contact
sphere,diameter,0.065,130,63,-63.0,63.0,63.0,60.0,0.0,56.54296875,56.54296875,56.54296875,63.0,63.0,63.0,60.0,0.0,120.4375,99.5625,80.0,,contact,,contact
sphere,diameter,0.065,130,64,-64.0,64.0,64.0,60.0,0.0,56.54296875,56.54296875,56.54296875,64.0,64.0,64.0,60.0,0.0,120.4375,99.5625,80.0,,contact,,contact
sphere,diameter,0.065,130,65,-65.0,65.0,65.0,60.0,0.0,56.54296875,56.54296875,56.54296875,65.0,65.0,65.0,60.0,0.0,120.4375,99.5625,80.0,,contact,,contact
sphere,diameter,0.065,130,66,-66.0,66.0,66.0,60.0,0.0,56.54296875,56.54296875,56.54296875,66.0,66.0,66.0,60.0,0.0,120.4375,99.5625,80.0,,contact,,contact
sphere,diameter,0.065,130,67,-67.0,67.0,67.0,60.0,0.0,56.54296875,56.54296875,56.54296875,67.0,67.0,67.0,60.0,0.0,120.4375,99.5625,80.0,,contact,,contact
sphere,diameter,0.065,130,68,-68.0,68.0,68.0,60.0,0.0,56.54296875,56.54296875,56.54296875,68.0,68.0,68.0,60.0,0.0,120.4375,99.5625,80.0,,contact,,contact
sphere,diameter,0.065,130,69,-69.0,69.0,69.0,60.0,0.0,56.54296875,56.54296875,56.54296875,69.0,69.0,69.0,60.0,0.0,120.4375,99.5625,80.0,,contact,,contact
sphere,diameter,0.065,130,70,-70.0,70.0,70.0,60.0,0.0,56.54296875,56.54296875,56.54296875,70.0,70.0,70.0,60.0,0.0,120.4375,99.5625,80.0,,contact,,contact
sphere,diameter,0.065,130,71,-71.0,71.0,71.0,60.0,0.0,56.54296875,56.54296875,56.54296875,71.0,71.0,71.0,60.0,0.0,120.4375,99.5625,80.0,,contact,,contact
sphere,diameter,0.065,130,72,-71.38671875,71.38671875,71.38671875,60.0,0.0,56.54296875,56.54296875,56.54296875,71.27734375,71.27734375,71.27734375,60.0,0.0,120.4375,99.5625,80.0,contact,contact,contact,contact
sphere,diameter,0.0625,125,0,0.0,0.0,0.0,0.0,0.0,0.0,0.0,0.0,0.0,0.0,0.0,0.0,0.0,180.0,40.0,25.0,,,,
sphere,diameter,0.0625,125,1,-1.0,1.0,1.0,1.0,0.0,1.0,1.0,1.0,1.0,1.0,1.0,1.0,0.0,179.0,41.0,26.0,,,,
sphere,diameter,0.0625,125,2,-2.0,2.0,2.0,2.0,0.0,2.0,2.0,2.0,2.0,2.0,2.0,2.0,0.0,178.0,42.0,27.0,,,,
sphere,diameter,0.0625,125,3,-3.0,3.0,3.0,3.0,0.0,3.0,3.0,3.0,3.0,3.0,3.0,3.0,0.0,177.0,43.0,28.0,,,,
sphere,diameter,0.0625,125,4,-4.0,4.0,4.0,4.0,0.0,4.0,4.0,4.0,4.0,4.0,4.0,4.0,0.0,176.0,44.0,29.0,,,,
sphere,diameter,0.0625,125,5,-5.0,5.0,5.0,5.0,0.0,5.0,5.0,5.0,5.0,5.0,5.0,5.0,0.0,175.0,45.0,30.0,,,,
sphere,diameter,0.0625,125,6,-6.0,6.0,6.0,6.0,0.0,6.0,6.0,6.0,6.0,6.0,6.0,6.0,0.0,174.0,46.0,31.0,,,,
sphere,diameter,0.0625,125,7,-7.0,7.0,7.0,7.0,0.0,7.0,7.0,7.0,7.0,7.0,7.0,7.0,0.0,173.0,47.0,32.0,,,,
sphere,diameter,0.0625,125,8,-8.0,8.0,8.0,8.0,0.0,8.0,8.0,8.0,8.0,8.0,8.0,8.0,0.0,172.0,48.0,33.0,,,,
sphere,diameter,0.0625,125,9,-9.0,9.0,9.0,9.0,0.0,9.0,9.0,9.0,9.0,9.0,9.0,9.0,0.0,171.0,49.0,34.0,,,,
sphere,diameter,0.0625,125,10,-10.0,10.0,10.0,10.0,0.0,10.0,10.0,10.0,10.0,10.0,10.0,10.0,0.0,170.0,50.0,35.0,,,,
sphere,diameter,0.0625,125,11,-11.0,11.0,11.0,11.0,0.0,11.0,11.0,11.0,11.0,11.0,11.0,11.0,0.0,169.0,51.0,36.0,,,,
sphere,diameter,0.0625,125,12,-12.0,12.0,12.0,12.0,0.0,12.0,12.0,12.0,12.0,12.0,12.0,12.0,0.0,168.0,52.0,37.0,,,,
sphere,diameter,0.0625,125,13,-13.0,13.0,13.0,13.0,0.0,13.0,13.0,13.0,13.0,13.0,13.0,13.0,0.0,167.0,53.0,38.0,,,,
sphere,diameter,0.0625,125,14,-14.0,14.0,14.0,14.0,0.0,14.0,14.0,14.0,14.0,14.0,14.0,14.0,0.0,166.0,54.0,39.0,,,,
sphere,diameter,0.0625,125,15,-15.0,15.0,15.0,15.0,0.0,15.0,15.0,15.0,15.0,15.0,15.0,15.0,0.0,165.0,55.0,40.0,,,,
sphere,diameter,0.0625,125,16,-16.0,16.0,16.0,16.0,0.0,16.0,16.0,16.0,16.0,16.0,16.0,16.0,0.0,164.0,56.0,41.0,,,,
sphere,diameter,0.0625,125,17,-17.0,17.0,17.0,17.0,0.0,17.0,17.0,17.0,17.0,17.0,17.0,17.0,0.0,163.0,57.0,42.0,,,,
sphere,diameter,0.0625,125,18,-18.0,18.0,18.0,18.0,0.0,18.0,18.0,18.0,18.0,18.0,18.0,18.0,0.0,162.0,58.0,43.0,,,,
sphere,diameter,0.0625,125,19,-19.0,19.0,19.0,19.0,0.0,19.0,19.0,19.0,19.0,19.0,19.0,19.0,0.0,161.0,59.0,44.0,,,,
sphere,diameter,0.0625,125,20,-20.0,20.0,20.0,20.0,0.0,20.0,20.0,20.0,20.0,20.0,20.0,20.0,0.0,160.0,60.0,45.0,,,,
sphere,diameter,0.0625,125,21,-21.0,21.0,21.0,21.0,0.0,21.0,21.0,21.0,21.0,21.0,21.0,21.0,0.0,159.0,61.0,46.0,,,,
sphere,diameter,0.0625,125,22,-22.0,22.0,22.0,22.0,0.0,22.0,22.0,22.0,22.0,22.0,22.0,22.0,0.0,158.0,62.0,47.0,,,,
sphere,diameter,0.0625,125,23,-23.0,23.0,23.0,23.0,0.0,23.0,23.0,23.0,23.0,23.0,23.0,23.0,0.0,157.0,63.0,48.0,,,,
sphere,diameter,0.0625,125,24,-24.0,24.0,24.0,24.0,0.0,24.0,24.0,24.0,24.0,24.0,24.0,24.0,0.0,156.0,64.0,49.0,,,,
sphere,diameter,0.0625,125,25,-25.0,25.0,25.0,25.0,0.0,25.0,25.0,25.0,25.0,25.0,25.0,25.0,0.0,155.0,65.0,50.0,,,,
sphere,diameter,0.0625,125,26,-26.0,26.0,26.0,26.0,0.0,26.0,26.0,26.0,26.0,26.0,26.0,26.0,0.0,154.0,66.0,51.0,,,,
sphere,diameter,0.0625,125,27,-27.0,27.0,27.0,27.0,0.0,27.0,27.0,27.0,27.0,27.0,27.0,27.0,0.0,153.0,67.0,52.0,,,,
sphere,diameter,0.0625,125,28,-28.0,28.0,28.0,28.0,0.0,28.0,28.0,28.0,28.0,28.0,28.0,28.0,0.0,152.0,68.0,53.0,,,,
sphere,diameter,0.0625,125,29,-29.0,29.0,29.0,29.0,0.0,29.0,29.0,29.0,29.0,29.0,29.0,29.0,0.0,151.0,69.0,54.0,,,,
sphere,diameter,0.0625,125,30,-30.0,30.0,30.0,30.0,0.0,30.0,30.0,30.0,30.0,30.0,30.0,30.0,0.0,150.0,70.0,55.0,,,,
sphere,diameter,0.0625,125,31,-31.0,31.0,31.0,31.0,0.0,31.0,31.0,31.0,31.0,31.0,31.0,31.0,0.0,149.0,71.0,56.0,,,,
sphere,diameter,0.0625,125,32,-32.0,32.0,32.0,32.0,0.0,32.0,32.0,32.0,32.0,32.0,32.0,32.0,0.0,148.0,72.0,57.0,,,,
sphere,diameter,0.0625,125,33,-33.0,33.0,33.0,33.0,0.0,33.0,33.0,33.0,33.0,33.0,33.0,33.0,0.0,147.0,73.0,58.0,,,,
sphere,diameter,0.0625,125,34,-34.0,34.0,34.0,34.0,0.0,34.0,34.0,34.0,34.0,34.0,34.0,34.0,0.0,146.0,74.0,59.0,,,,
sphere,diameter,0.0625,125,35,-35.0,35.0,35.0,35.0,0.0,35.0,35.0,35.0,35.0,35.0,35.0,35.0,0.0,145.0,75.0,60.0,,,,
sphere,diameter,0.0625,125,36,-36.0,36.0,36.0,36.0,0.0,36.0,36.0,36.0,36.0,36.0,36.0,36.0,0.0,144.0,76.0,61.0,,,,
sphere,diameter,0.0625,125,37,-37.0,37.0,37.0,37.0,0.0,37.0,37.0,37.0,37.0,37.0,37.0,37.0,0.0,143.0,77.0,62.0,,,,
sphere,diameter,0.0625,125,38,-38.0,38.0,38.0,38.0,0.0,38.0,38.0,38.0,38.0,38.0,38.0,38.0,0.0,142.0,78.0,63.0,,,,
sphere,diameter,0.0625,125,39,-39.0,39.0,39.0,39.0,0.0,39.0,39.0,39.0,39.0,39.0,39.0,39.0,0.0,141.0,79.0,64.0,,,,
sphere,diameter,0.0625,125,40,-40.0,40.0,40.0,40.0,0.0,40.0,40.0,40.0,40.0,40.0,40.0,40.0,0.0,140.0,80.0,65.0,,,,
sphere,diameter,0.0625,125,41,-41.0,41.0,41.0,41.0,0.0,41.0,41.0,41.0,41.0,41.0,41.0,41.0,0.0,139.0,81.0,66.0,,,,
sphere,diameter,0.0625,125,42,-42.0,42.0,42.0,42.0,0.0,42.0,42.0,42.0,42.0,42.0,42.0,42.0,0.0,138.0,82.0,67.0,,,,
sphere,diameter,0.0625,125,43,-43.0,43.0,43.0,43.0,0.0,43.0,43.0,43.0,43.0,43.0,43.0,43.0,0.0,137.0,83.0,68.0,,,,
sphere,diameter,0.0625,125,44,-44.0,44.0,44.0,44.0,0.0,44.0,44.0,44.0,44.0,44.0,44.0,44.0,0.0,136.0,84.0,69.0,,,,
sphere,diameter,0.0625,125,45,-45.0,45.0,45.0,45.0,0.0,45.0,45.0,45.0,45.0,45.0,45.0,45.0,0.0,135.0,85.0,70.0,,,,
sphere,diameter,0.0625,125,46,-46.0,46.0,46.0,46.0,0.0,46.0,46.0,46.0,46.0,46.0,46.0,46.0,0.0,134.0,86.0,71.0,,,,
sphere,diameter,0.0625,125,47,-47.0,47.0,47.0,47.0,0.0,47.0,47.0,47.0,47.0,47.0,47.0,47.0,0.0,133.0,87.0,72.0,,,,
sphere,diameter,0.0625,125,48,-48.0,48.0,48.0,48.0,0.0,48.0,48.0,48.0,48.0,48.0,48.0,48.0,0.0,132.0,88.0,73.0,,,,
sphere,diameter,0.0625,125,49,-49.0,49.0,49.0,49.0,0.0,49.0,49.0,49.0,49.0,49.0,49.0,49.0,0.0,131.0,89.0,74.0,,,,
sphere,diameter,0.0625,125,50,-50.0,50.0,50.0,50.0,0.0,50.0,50.0,50.0,50.0,50.0,50.0,50.0,0.0,130.0,90.0,75.0,,,,
sphere,diameter,0.0625,125,51,-51.0,51.0,51.0,51.0,0.0,51.0,51.0,51.0,51.0,51.0,51.0,51.0,0.0,129.0,91.0,76.0,,,,
sphere,diameter,0.0625,125,52,-52.0,52.0,52.0,52.0,0.0,52.0,52.0,52.0,52.0,52.0,52.0,52.0,0.0,128.0,92.0,77.0,,,,
sphere,diameter,0.0625,125,53,-53.0,53.0,53.0,53.0,0.0,53.0,53.0,53.0,53.0,53.0,53.0,53.0,0.0,127.0,93.0,78.0,,,,
sphere,diameter,0.0625,125,54,-54.0,54.0,54.0,54.0,0.0,54.0,54.0,54.0,54.0,54.0,54.0,54.0,0.0,126.0,94.0,79.0,,,,
sphere,diameter,0.0625,125,55,-55.0,55.0,55.0,55.0,0.0,55.0,55.0,55.0,55.0,55.0,55.0,55.0,0.0,125.0,95.0,80.0,,,,
sphere,diameter,0.0625,125,56,-56.0,56.0,56.0,56.0,0.0,56.0,56.0,56.0,56.0,56.0,56.0,56.0,0.0,124.0,96.0,80.0,,,,
sphere,diameter,0.0625,125,57,-57.0,57.0,57.0,57.0,0.0,57.0,57.0,57.0,57.0,57.0,57.0,57.0,0.0,123.0,97.0,80.0,,,,
sphere,diameter,0.0625,125,58,-58.0,58.0,58.0,58.0,0.0,57.265625,57.265625,57.265625,58.0,58.0,58.0,58.0,0.0,122.0,98.0,80.0,,contact,,
sphere,diameter,0.0625,125,59,-59.0,59.0,59.0,59.0,0.0,57.265625,57.265625,57.265625,59.0,59.0,59.0,59.0,0.0,121.0,99.0,80.0,,contact,,
sphere,diameter,0.0625,125,60,-60.0,60.0,60.0,60.0,0.0,57.265625,57.265625,57.265625,60.0,60.0,60.0,60.0,0.0,120.0,100.0,80.0,,contact,,
sphere,diameter,0.0625,125,61,-61.0,61.0,61.0,60.0,0.0,57.265625,57.265625,57.265625,61.0,61.0,61.0,60.0,0.0,119.5625,100.4375,80.0,,contact,,contact
sphere,diameter,0.0625,125,62,-62.0,62.0,62.0,60.0,0.0,57.265625,57.265625,57.265625,62.0,62.0,62.0,60.0,0.0,119.5625,100.4375,80.0,,contact,,contact
sphere,diameter,0.0625,125,63,-63.0,63.0,63.0,60.0,0.0,57.265625,57.265625,57.265625,63.0,63.0,63.0,60.0,0.0,119.5625,100.4375,80.0,,contact,,contact
sphere,diameter,0.0625,125,64,-64.0,64.0,64.0,60.0,0.0,57.265625,57.265625,57.265625,64.0,64.0,64.0,60.0,0.0,119.5625,100.4375,80.0,,contact,,contact
sphere,diameter,0.0625,125,65,-65.0,65.0,65.0,60.0,0.0,57.265625,57.265625,57.265625,65.0,65.0,65.0,60.0,0.0,119.5625,100.4375,80.0,,contact,,contact
sphere,diameter,0.0625,125,66,-66.0,66.0,66.0,60.0,0.0,57.265625,57.265625,57.265625,66.0,66.0,66.0,60.0,0.0,119.5625,100.4375,80.0,,contact,,contact
sphere,diameter,0.0625,125,67,-67.0,67.0,67.0,60.0,0.0,57.265625,57.265625,57.265625,67.0,67.0,67.0,60.0,0.0,119.5625,100.4375,80.0,,contact,,contact
sphere,diameter,0.0625,125,68,-68.0,68.0,68.0,60.0,0.0,57.265625,57.265625,57.265625,68.0,68.0,68.0,60.0,0.0,119.5625,100.4375,80.0,,contact,,contact
sphere,diameter,0.0625,125,69,-69.0,69.0,69.0,60.0,0.0,57.265625,57.265625,57.265625,69.0,69.0,69.0,60.0,0.0,119.5625,100.4375,80.0,,contact,,contact
sphere,diameter,0.0625,125,70,-70.0,70.0,70.0,60.0,0.0,57.265625,57.265625,57.265625,70.0,70.0,70.0,60.0,0.0,119.5625,100.4375,80.0,,contact,,contact
sphere,diameter,0.0625,125,71,-71.0,71.0,71.0,60.0,0.0,57.265625,57.265625,57.265625,71.0,71.0,71.0,60.0,0.0,119.5625,100.4375,80.0,,contact,,contact
sphere,diameter,0.0625,125,72,-72.0,72.0,72.0,60.0,0.0,57.265625,57.265625,57.265625,72.0,72.0,72.0,60.0,0.0,119.5625,100.4375,80.0,,contact,,contact
sphere,diameter,0.0625,125,73,-72.52734375,72.52734375,72.52734375,60.0,0.0,57.265625,57.265625,57.265625,72.41796875,72.41796875,72.41796875,60.0,0.0,119.5625,100.4375,80.0,contact,contact,contact,contact
sphere,diameter,0.06,120,0,0.0,0.0,0.0,0.0,0.0,0.0,0.0,0.0,0.0,0.0,0.0,0.0,0.0,180.0,40.0,25.0,,,,
sphere,diameter,0.06,120,1,-1.0,1.0,1.0,1.0,0.0,1.0,1.0,1.0,1.0,1.0,1.0,1.0,0.0,179.0,41.0,26.0,,,,
sphere,diameter,0.06,120,2,-2.0,2.0,2.0,2.0,0.0,2.0,2.0,2.0,2.0,2.0,2.0,2.0,0.0,178.0,42.0,27.0,,,,
sphere,diameter,0.06,120,3,-3.0,3.0,3.0,3.0,0.0,3.0,3.0,3.0,3.0,3.0,3.0,3.0,0.0,177.0,43.0,28.0,,,,
sphere,diameter,0.06,120,4,-4.0,4.0,4.0,4.0,0.0,4.0,4.0,4.0,4.0,4.0,4.0,4.0,0.0,176.0,44.0,29.0,,,,
sphere,diameter,0.06,120,5,-5.0,5.0,5.0,5.0,0.0,5.0,5.0,5.0,5.0,5.0,5.0,5.0,0.0,175.0,45.0,30.0,,,,
sphere,diameter,0.06,120,6,-6.0,6.0,6.0,6.0,0.0,6.0,6.0,6.0,6.0,6.0,6.0,6.0,0.0,174.0,46.0,31.0,,,,
sphere,diameter,0.06,120,7,-7.0,7.0,7.0,7.0,0.0,7.0,7.0,7.0,7.0,7.0,7.0,7.0,0.0,173.0,47.0,32.0,,,,
sphere,diameter,0.06,120,8,-8.0,8.0,8.0,8.0,0.0,8.0,8.0,8.0,8.0,8.0,8.0,8.0,0.0,172.0,48.0,33.0,,,,
sphere,diameter,0.06,120,9,-9.0,9.0,9.0,9.0,0.0,9.0,9.0,9.0,9.0,9.0,9.0,9.0,0.0,171.0,49.0,34.0,,,,
sphere,diameter,0.06,120,10,-10.0,10.0,10.0,10.0,0.0,10.0,10.0,10.0,10.0,10.0,10.0,10.0,0.0,170.0,50.0,35.0,,,,
sphere,diameter,0.06,120,11,-11.0,11.0,11.0,11.0,0.0,11.0,11.0,11.0,11.0,11.0,11.0,11.0,0.0,169.0,51.0,36.0,,,,
sphere,diameter,0.06,120,12,-12.0,12.0,12.0,12.0,0.0,12.0,12.0,12.0,12.0,12.0,12.0,12.0,0.0,168.0,52.0,37.0,,,,
sphere,diameter,0.06,120,13,-13.0,13.0,13.0,13.0,0.0,13.0,13.0,13.0,13.0,13.0,13.0,13.0,0.0,167.0,53.0,38.0,,,,
sphere,diameter,0.06,120,14,-14.0,14.0,14.0,14.0,0.0,14.0,14.0,14.0,14.0,14.0,14.0,14.0,0.0,166.0,54.0,39.0,,,,
sphere,diameter,0.06,120,15,-15.0,15.0,15.0,15.0,0.0,15.0,15.0,15.0,15.0,15.0,15.0,15.0,0.0,165.0,55.0,40.0,,,,
sphere,diameter,0.06,120,16,-16.0,16.0,16.0,16.0,0.0,16.0,16.0,16.0,16.0,16.0,16.0,16.0,0.0,164.0,56.0,41.0,,,,
sphere,diameter,0.06,120,17,-17.0,17.0,17.0,17.0,0.0,17.0,17.0,17.0,17.0,17.0,17.0,17.0,0.0,163.0,57.0,42.0,,,,
sphere,diameter,0.06,120,18,-18.0,18.0,18.0,18.0,0.0,18.0,18.0,18.0,18.0,18.0,18.0,18.0,0.0,162.0,58.0,43.0,,,,
sphere,diameter,0.06,120,19,-19.0,19.0,19.0,19.0,0.0,19.0,19.0,19.0,19.0,19.0,19.0,19.0,0.0,161.0,59.0,44.0,,,,
sphere,diameter,0.06,120,20,-20.0,20.0,20.0,20.0,0.0,20.0,20.0,20.0,20.0,20.0,20.0,20.0,0.0,160.0,60.0,45.0,,,,
sphere,diameter,0.06,120,21,-21.0,21.0,21.0,21.0,0.0,21.0,21.0,21.0,21.0,21.0,21.0,21.0,0.0,159.0,61.0,46.0,,,,
sphere,diameter,0.06,120,22,-22.0,22.0,22.0,22.0,0.0,22.0,22.0,22.0,22.0,22.0,22.0,22.0,0.0,158.0,62.0,47.0,,,,
sphere,diameter,0.06,120,23,-23.0,23.0,23.0,23.0,0.0,23.0,23.0,23.0,23.0,23.0,23.0,23.0,0.0,157.0,63.0,48.0,,,,
sphere,diameter,0.06,120,24,-24.0,24.0,24.0,24.0,0.0,24.0,24.0,24.0,24.0,24.0,24.0,24.0,0.0,156.0,64.0,49.0,,,,
sphere,diameter,0.06,120,25,-25.0,25.0,25.0,25.0,0.0,25.0,25.0,25.0,25.0,25.0,25.0,25.0,0.0,155.0,65.0,50.0,,,,
sphere,diameter,0.06,120,26,-26.0,26.0,26.0,26.0,0.0,26.0,26.0,26.0,26.0,26.0,26.0,26.0,0.0,154.0,66.0,51.0,,,,
sphere,diameter,0.06,120,27,-27.0,27.0,27.0,27.0,0.0,27.0,27.0,27.0,27.0,27.0,27.0,27.0,0.0,153.0,67.0,52.0,,,,
sphere,diameter,0.06,120,28,-28.0,28.0,28.0,28.0,0.0,28.0,28.0,28.0,28.0,28.0,28.0,28.0,0.0,152.0,68.0,53.0,,,,
sphere,diameter,0.06,120,29,-29.0,29.0,29.0,29.0,0.0,29.0,29.0,29.0,29.0,29.0,29.0,29.0,0.0,151.0,69.0,54.0,,,,
sphere,diameter,0.06,120,30,-30.0,30.0,30.0,30.0,0.0,30.0,30.0,30.0,30.0,30.0,30.0,30.0,0.0,150.0,70.0,55.0,,,,
sphere,diameter,0.06,120,31,-31.0,31.0,31.0,31.0,0.0,31.0,31.0,31.0,31.0,31.0,31.0,31.0,0.0,149.0,71.0,56.0,,,,
sphere,diameter,0.06,120,32,-32.0,32.0,32.0,32.0,0.0,32.0,32.0,32.0,32.0,32.0,32.0,32.0,0.0,148.0,72.0,57.0,,,,
sphere,diameter,0.06,120,33,-33.0,33.0,33.0,33.0,0.0,33.0,33.0,33.0,33.0,33.0,33.0,33.0,0.0,147.0,73.0,58.0,,,,
sphere,diameter,0.06,120,34,-34.0,34.0,34.0,34.0,0.0,34.0,34.0,34.0,34.0,34.0,34.0,34.0,0.0,146.0,74.0,59.0,,,,
sphere,diameter,0.06,120,35,-35.0,35.0,35.0,35.0,0.0,35.0,35.0,35.0,35.0,35.0,35.0,35.0,0.0,145.0,75.0,60.0,,,,
sphere,diameter,0.06,120,36,-36.0,36.0,36.0,36.0,0.0,36.0,36.0,36.0,36.0,36.0,36.0,36.0,0.0,144.0,76.0,61.0,,,,
sphere,diameter,0.06,120,37,-37.0,37.0,37.0,37.0,0.0,37.0,37.0,37.0,37.0,37.0,37.0,37.0,0.0,143.0,77.0,62.0,,,,
sphere,diameter,0.06,120,38,-38.0,38.0,38.0,38.0,0.0,38.0,38.0,38.0,38.0,38.0,38.0,38.0,0.0,142.0,78.0,63.0,,,,
sphere,diameter,0.06,120,39,-39.0,39.0,39.0,39.0,0.0,39.0,39.0,39.0,39.0,39.0,39.0,39.0,0.0,141.0,79.0,64.0,,,,
sphere,diameter,0.06,120,40,-40.0,40.0,40.0,40.0,0.0,40.0,40.0,40.0,40.0,40.0,40.0,40.0,0.0,140.0,80.0,65.0,,,,
sphere,diameter,0.06,120,41,-41.0,41.0,41.0,41.0,0.0,41.0,41.0,41.0,41.0,41.0,41.0,41.0,0.0,139.0,81.0,66.0,,,,
sphere,diameter,0.06,120,42,-42.0,42.0,42.0,42.0,0.0,42.0,42.0,42.0,42.0,42.0,42.0,42.0,0.0,138.0,82.0,67.0,,,,
sphere,diameter,0.06,120,43,-43.0,43.0,43.0,43.0,0.0,43.0,43.0,43.0,43.0,43.0,43.0,43.0,0.0,137.0,83.0,68.0,,,,
sphere,diameter,0.06,120,44,-44.0,44.0,44.0,44.0,0.0,44.0,44.0,44.0,44.0,44.0,44.0,44.0,0.0,136.0,84.0,69.0,,,,
sphere,diameter,0.06,120,45,-45.0,45.0,45.0,45.0,0.0,45.0,45.0,45.0,45.0,45.0,45.0,45.0,0.0,135.0,85.0,70.0,,,,
sphere,diameter,0.06,120,46,-46.0,46.0,46.0,46.0,0.0,46.0,46.0,46.0,46.0,46.0,46.0,46.0,0.0,134.0,86.0,71.0,,,,
sphere,diameter,0.06,120,47,-47.0,47.0,47.0,47.0,0.0,47.0,47.0,47.0,47.0,47.0,47.0,47.0,0.0,133.0,87.0,72.0,,,,
sphere,diameter,0.06,120,48,-48.0,48.0,48.0,48.0,0.0,48.0,48.0,48.0,48.0,48.0,48.0,48.0,0.0,132.0,88.0,73.0,,,,
sphere,diameter,0.06,120,49,-49.0,49.0,49.0,49.0,0.0,49.0,49.0,49.0,49.0,49.0,49.0,49.0,0.0,131.0,89.0,74.0,,,,
sphere,diameter,0.06,120,50,-50.0,50.0,50.0,50.0,0.0,50.0,50.0,50.0,50.0,50.0,50.0,50.0,0.0,130.0,90.0,75.0,,,,
sphere,diameter,0.06,120,51,-51.0,51.0,51.0,51.0,0.0,51.0,51.0,51.0,51.0,51.0,51.0,51.0,0.0,129.0,91.0,76.0,,,,
sphere,diameter,0.06,120,52,-52.0,52.0,52.0,52.0,0.0,52.0,52.0,52.0,52.0,52.0,52.0,52.0,0.0,128.0,92.0,77.0,,,,
sphere,diameter,0.06,120,53,-53.0,53.0,53.0,53.0,0.0,53.0,53.0,53.0,53.0,53.0,53.0,53.0,0.0,127.0,93.0,78.0,,,,
sphere,diameter,0.06,120,54,-54.0,54.0,54.0,54.0,0.0,54.0,54.0,54.0,54.0,54.0,54.0,54.0,0.0,126.0,94.0,79.0,,,,
sphere,diameter,0.06,120,55,-55.0,55.0,55.0,55.0,0.0,55.0,55.0,55.0,55.0,55.0,55.0,55.0,0.0,125.0,95.0,80.0,,,,
sphere,diameter,0.06,120,56,-56.0,56.0,56.0,56.0,0.0,56.0,56.0,56.0,56.0,56.0,56.0,56.0,0.0,124.0,96.0,80.0,,,,
sphere,diameter,0.06,120,57,-57.0,57.0,57.0,57.0,0.0,57.0,57.0,57.0,57.0,57.0,57.0,57.0,0.0,123.0,97.0,80.0,,,,
sphere,diameter,0.06,120,58,-58.0,58.0,58.0,58.0,0.0,58.0,58.0,58.0,58.0,58.0,58.0,58.0,0.0,122.0,98.0,80.0,,,,
sphere,diameter,0.06,120,59,-59.0,59.0,59.0,59.0,0.0,58.01171875,58.01171875,58.01171875,59.0,59.0,59.0,59.0,0.0,121.0,99.0,80.0,,contact,,
sphere,diameter,0.06,120,60,-60.0,60.0,60.0,60.0,0.0,58.01171875,58.01171875,58.01171875,60.0,60.0,60.0,60.0,0.0,120.0,100.0,80.0,,contact,,
sphere,diameter,0.06,120,61,-61.0,61.0,61.0,60.0,0.0,58.01171875,58.01171875,58.01171875,61.0,61.0,61.0,60.0,0.0,119.0,101.0,80.0,,contact,,
sphere,diameter,0.06,120,62,-62.0,62.0,62.0,60.0,0.0,58.01171875,58.01171875,58.01171875,62.0,62.0,62.0,60.0,0.0,118.65625,101.34375,80.0,,contact,,contact
sphere,diameter,0.06,120,63,-63.0,63.0,63.0,60.0,0.0,58.01171875,58.01171875,58.01171875,63.0,63.0,63.0,60.0,0.0,118.65625,101.34375,80.0,,contact,,contact
sphere,diameter,0.06,120,64,-64.0,64.0,64.0,60.0,0.0,58.01171875,58.01171875,58.01171875,64.0,64.0,64.0,60.0,0.0,118.65625,101.34375,80.0,,contact,,contact
sphere,diameter,0.06,120,65,-65.0,65.0,65.0,60.0,0.0,58.01171875,58.01171875,58.01171875,65.0,65.0,65.0,60.0,0.0,118.65625,101.34375,80.0,,contact,,contact
sphere,diameter,0.06,120,66,-66.0,66.0,66.0,60.0,0.0,58.01171875,58.01171875,58.01171875,66.0,66.0,66.0,60.0,0.0,118.65625,101.34375,80.0,,contact,,contact
sphere,diameter,0.06,120,67,-67.0,67.0,67.0,60.0,0.0,58.01171875,58.01171875,58.01171875,67.0,67.0,67.0,60.0,0.0,118.65625,101.34375,80.0,,contact,,contact
sphere,diameter,0.06,120,68,-68.0,68.0,68.0,60.0,0.0,58.01171875,58.01171875,58.01171875,68.0,68.0,68.0,60.0,0.0,118.65625,101.34375,80.0,,contact,,contact
sphere,diameter,0.06,120,69,-69.0,69.0,69.0,60.0,0.0,58.01171875,58.01171875,58.01171875,69.0,69.0,69.0,60.0,0.0,118.65625,101.34375,80.0,,contact,,contact
sphere,diameter,0.06,120,70,-70.0,70.0,70.0,60.0,0.0,58.01171875,58.01171875,58.01171875,70.0,70.0,70.0,60.0,0.0,118.65625,101.34375,80.0,,contact,,contact
sphere,diameter,0.06,120,71,-71.0,71.0,71.0,60.0,0.0,58.01171875,58.01171875,58.01171875,71.0,71.0,71.0,60.0,0.0,118.65625,101.34375,80.0,,contact,,contact
sphere,diameter,0.06,120,72,-72.0,72.0,72.0,60.0,0.0,58.01171875,58.01171875,58.01171875,72.0,72.0,72.0,60.0,0.0,118.65625,101.34375,80.0,,contact,,contact
sphere,diameter,0.06,120,73,-73.0,73.0,73.0,60.0,0.0,58.01171875,58.01171875,58.01171875,73.0,73.0,73.0,60.0,0.0,118.65625,101.34375,80.0,,contact,,contact
sphere,diameter,0.06,120,74,-73.671875,73.671875,73.671875,60.0,0.0,58.01171875,58.01171875,58.01171875,73.55078125,73.55078125,73.55078125,60.0,0.0,118.65625,101.34375,80.0,contact,contact,contact,contact
sphere,diameter,0.0575,115,0,0.0,0.0,0.0,0.0,0.0,0.0,0.0,0.0,0.0,0.0,0.0,0.0,0.0,180.0,40.0,25.0,,,,
sphere,diameter,0.0575,115,1,-1.0,1.0,1.0,1.0,0.0,1.0,1.0,1.0,1.0,1.0,1.0,1.0,0.0,179.0,41.0,26.0,,,,
sphere,diameter,0.0575,115,2,-2.0,2.0,2.0,2.0,0.0,2.0,2.0,2.0,2.0,2.0,2.0,2.0,0.0,178.0,42.0,27.0,,,,
sphere,diameter,0.0575,115,3,-3.0,3.0,3.0,3.0,0.0,3.0,3.0,3.0,3.0,3.0,3.0,3.0,0.0,177.0,43.0,28.0,,,,
sphere,diameter,0.0575,115,4,-4.0,4.0,4.0,4.0,0.0,4.0,4.0,4.0,4.0,4.0,4.0,4.0,0.0,176.0,44.0,29.0,,,,
sphere,diameter,0.0575,115,5,-5.0,5.0,5.0,5.0,0.0,5.0,5.0,5.0,5.0,5.0,5.0,5.0,0.0,175.0,45.0,30.0,,,,
sphere,diameter,0.0575,115,6,-6.0,6.0,6.0,6.0,0.0,6.0,6.0,6.0,6.0,6.0,6.0,6.0,0.0,174.0,46.0,31.0,,,,
sphere,diameter,0.0575,115,7,-7.0,7.0,7.0,7.0,0.0,7.0,7.0,7.0,7.0,7.0,7.0,7.0,0.0,173.0,47.0,32.0,,,,
sphere,diameter,0.0575,115,8,-8.0,8.0,8.0,8.0,0.0,8.0,8.0,8.0,8.0,8.0,8.0,8.0,0.0,172.0,48.0,33.0,,,,
sphere,diameter,0.0575,115,9,-9.0,9.0,9.0,9.0,0.0,9.0,9.0,9.0,9.0,9.0,9.0,9.0,0.0,171.0,49.0,34.0,,,,
sphere,diameter,0.0575,115,10,-10.0,10.0,10.0,10.0,0.0,10.0,10.0,10.0,10.0,10.0,10.0,10.0,0.0,170.0,50.0,35.0,,,,
sphere,diameter,0.0575,115,11,-11.0,11.0,11.0,11.0,0.0,11.0,11.0,11.0,11.0,11.0,11.0,11.0,0.0,169.0,51.0,36.0,,,,
sphere,diameter,0.0575,115,12,-12.0,12.0,12.0,12.0,0.0,12.0,12.0,12.0,12.0,12.0,12.0,12.0,0.0,168.0,52.0,37.0,,,,
sphere,diameter,0.0575,115,13,-13.0,13.0,13.0,13.0,0.0,13.0,13.0,13.0,13.0,13.0,13.0,13.0,0.0,167.0,53.0,38.0,,,,
sphere,diameter,0.0575,115,14,-14.0,14.0,14.0,14.0,0.0,14.0,14.0,14.0,14.0,14.0,14.0,14.0,0.0,166.0,54.0,39.0,,,,
sphere,diameter,0.0575,115,15,-15.0,15.0,15.0,15.0,0.0,15.0,15.0,15.0,15.0,15.0,15.0,15.0,0.0,165.0,55.0,40.0,,,,
sphere,diameter,0.0575,115,16,-16.0,16.0,16.0,16.0,0.0,16.0,16.0,16.0,16.0,16.0,16.0,16.0,0.0,164.0,56.0,41.0,,,,
sphere,diameter,0.0575,115,17,-17.0,17.0,17.0,17.0,0.0,17.0,17.0,17.0,17.0,17.0,17.0,17.0,0.0,163.0,57.0,42.0,,,,
sphere,diameter,0.0575,115,18,-18.0,18.0,18.0,18.0,0.0,18.0,18.0,18.0,18.0,18.0,18.0,18.0,0.0,162.0,58.0,43.0,,,,
sphere,diameter,0.0575,115,19,-19.0,19.0,19.0,19.0,0.0,19.0,19.0,19.0,19.0,19.0,19.0,19.0,0.0,161.0,59.0,44.0,,,,
sphere,diameter,0.0575,115,20,-20.0,20.0,20.0,20.0,0.0,20.0,20.0,20.0,20.0,20.0,20.0,20.0,0.0,160.0,60.0,45.0,,,,
sphere,diameter,0.0575,115,21,-21.0,21.0,21.0,21.0,0.0,21.0,21.0,21.0,21.0,21.0,21.0,21.0,0.0,159.0,61.0,46.0,,,,
sphere,diameter,0.0575,115,22,-22.0,22.0,22.0,22.0,0.0,22.0,22.0,22.0,22.0,22.0,22.0,22.0,0.0,158.0,62.0,47.0,,,,
sphere,diameter,0.0575,115,23,-23.0,23.0,23.0,23.0,0.0,23.0,23.0,23.0,23.0,23.0,23.0,23.0,0.0,157.0,63.0,48.0,,,,
sphere,diameter,0.0575,115,24,-24.0,24.0,24.0,24.0,0.0,24.0,24.0,24.0,24.0,24.0,24.0,24.0,0.0,156.0,64.0,49.0,,,,
sphere,diameter,0.0575,115,25,-25.0,25.0,25.0,25.0,0.0,25.0,25.0,25.0,25.0,25.0,25.0,25.0,0.0,155.0,65.0,50.0,,,,
sphere,diameter,0.0575,115,26,-26.0,26.0,26.0,26.0,0.0,26.0,26.0,26.0,26.0,26.0,26.0,26.0,0.0,154.0,66.0,51.0,,,,
sphere,diameter,0.0575,115,27,-27.0,27.0,27.0,27.0,0.0,27.0,27.0,27.0,27.0,27.0,27.0,27.0,0.0,153.0,67.0,52.0,,,,
sphere,diameter,0.0575,115,28,-28.0,28.0,28.0,28.0,0.0,28.0,28.0,28.0,28.0,28.0,28.0,28.0,0.0,152.0,68.0,53.0,,,,
sphere,diameter,0.0575,115,29,-29.0,29.0,29.0,29.0,0.0,29.0,29.0,29.0,29.0,29.0,29.0,29.0,0.0,151.0,69.0,54.0,,,,
sphere,diameter,0.0575,115,30,-30.0,30.0,30.0,30.0,0.0,30.0,30.0,30.0,30.0,30.0,30.0,30.0,0.0,150.0,70.0,55.0,,,,
sphere,diameter,0.0575,115,31,-31.0,31.0,31.0,31.0,0.0,31.0,31.0,31.0,31.0,31.0,31.0,31.0,0.0,149.0,71.0,56.0,,,,
sphere,diameter,0.0575,115,32,-32.0,32.0,32.0,32.0,0.0,32.0,32.0,32.0,32.0,32.0,32.0,32.0,0.0,148.0,72.0,57.0,,,,
sphere,diameter,0.0575,115,33,-33.0,33.0,33.0,33.0,0.0,33.0,33.0,33.0,33.0,33.0,33.0,33.0,0.0,147.0,73.0,58.0,,,,
sphere,diameter,0.0575,115,34,-34.0,34.0,34.0,34.0,0.0,34.0,34.0,34.0,34.0,34.0,34.0,34.0,0.0,146.0,74.0,59.0,,,,
sphere,diameter,0.0575,115,35,-35.0,35.0,35.0,35.0,0.0,35.0,35.0,35.0,35.0,35.0,35.0,35.0,0.0,145.0,75.0,60.0,,,,
sphere,diameter,0.0575,115,36,-36.0,36.0,36.0,36.0,0.0,36.0,36.0,36.0,36.0,36.0,36.0,36.0,0.0,144.0,76.0,61.0,,,,
sphere,diameter,0.0575,115,37,-37.0,37.0,37.0,37.0,0.0,37.0,37.0,37.0,37.0,37.0,37.0,37.0,0.0,143.0,77.0,62.0,,,,
sphere,diameter,0.0575,115,38,-38.0,38.0,38.0,38.0,0.0,38.0,38.0,38.0,38.0,38.0,38.0,38.0,0.0,142.0,78.0,63.0,,,,
sphere,diameter,0.0575,115,39,-39.0,39.0,39.0,39.0,0.0,39.0,39.0,39.0,39.0,39.0,39.0,39.0,0.0,141.0,79.0,64.0,,,,
sphere,diameter,0.0575,115,40,-40.0,40.0,40.0,40.0,0.0,40.0,40.0,40.0,40.0,40.0,40.0,40.0,0.0,140.0,80.0,65.0,,,,
sphere,diameter,0.0575,115,41,-41.0,41.0,41.0,41.0,0.0,41.0,41.0,41.0,41.0,41.0,41.0,41.0,0.0,139.0,81.0,66.0,,,,
sphere,diameter,0.0575,115,42,-42.0,42.0,42.0,42.0,0.0,42.0,42.0,42.0,42.0,42.0,42.0,42.0,0.0,138.0,82.0,67.0,,,,
sphere,diameter,0.0575,115,43,-43.0,43.0,43.0,43.0,0.0,43.0,43.0,43.0,43.0,43.0,43.0,43.0,0.0,137.0,83.0,68.0,,,,
sphere,diameter,0.0575,115,44,-44.0,44.0,44.0,44.0,0.0,44.0,44.0,44.0,44.0,44.0,44.0,44.0,0.0,136.0,84.0,69.0,,,,
sphere,diameter,0.0575,115,45,-45.0,45.0,45.0,45.0,0.0,45.0,45.0,45.0,45.0,45.0,45.0,45.0,0.0,135.0,85.0,70.0,,,,
sphere,diameter,0.0575,115,46,-46.0,46.0,46.0,46.0,0.0,46.0,46.0,46.0,46.0,46.0,46.0,46.0,0.0,134.0,86.0,71.0,,,,
sphere,diameter,0.0575,115,47,-47.0,47.0,47.0,47.0,0.0,47.0,47.0,47.0,47.0,47.0,47.0,47.0,0.0,133.0,87.0,72.0,,,,
sphere,diameter,0.0575,115,48,-48.0,48.0,48.0,48.0,0.0,48.0,48.0,48.0,48.0,48.0,48.0,48.0,0.0,132.0,88.0,73.0,,,,
sphere,diameter,0.0575,115,49,-49.0,49.0,49.0,49.0,0.0,49.0,49.0,49.0,49.0,49.0,49.0,49.0,0.0,131.0,89.0,74.0,,,,
sphere,diameter,0.0575,115,50,-50.0,50.0,50.0,50.0,0.0,50.0,50.0,50.0,50.0,50.0,50.0,50.0,0.0,130.0,90.0,75.0,,,,
sphere,diameter,0.0575,115,51,-51.0,51.0,51.0,51.0,0.0,51.0,51.0,51.0,51.0,51.0,51.0,51.0,0.0,129.0,91.0,76.0,,,,
sphere,diameter,0.0575,115,52,-52.0,52.0,52.0,52.0,0.0,52.0,52.0,52.0,52.0,52.0,52.0,52.0,0.0,128.0,92.0,77.0,,,,
sphere,diameter,0.0575,115,53,-53.0,53.0,53.0,53.0,0.0,53.0,53.0,53.0,53.0,53.0,53.0,53.0,0.0,127.0,93.0,78.0,,,,
sphere,diameter,0.0575,115,54,-54.0,54.0,54.0,54.0,0.0,54.0,54.0,54.0,54.0,54.0,54.0,54.0,0.0,126.0,94.0,79.0,,,,
sphere,diameter,0.0575,115,55,-55.0,55.0,55.0,55.0,0.0,55.0,55.0,55.0,55.0,55.0,55.0,55.0,0.0,125.0,95.0,80.0,,,,
sphere,diameter,0.0575,115,56,-56.0,56.0,56.0,56.0,0.0,56.0,56.0,56.0,56.0,56.0,56.0,56.0,0.0,124.0,96.0,80.0,,,,
sphere,diameter,0.0575,115,57,-57.0,57.0,57.0,57.0,0.0,57.0,57.0,57.0,57.0,57.0,57.0,57.0,0.0,123.0,97.0,80.0,,,,
sphere,diameter,0.0575,115,58,-58.0,58.0,58.0,58.0,0.0,58.0,58.0,58.0,58.0,58.0,58.0,58.0,0.0,122.0,98.0,80.0,,,,
sphere,diameter,0.0575,115,59,-59.0,59.0,59.0,59.0,0.0,58.76953125,58.76953125,58.76953125,59.0,59.0,59.0,59.0,0.0,121.0,99.0,80.0,,contact,,
sphere,diameter,0.0575,115,60,-60.0,60.0,60.0,60.0,0.0,58.76953125,58.76953125,58.76953125,60.0,60.0,60.0,60.0,0.0,120.0,100.0,80.0,,contact,,
sphere,diameter,0.0575,115,61,-61.0,61.0,61.0,60.0,0.0,58.76953125,58.76953125,58.76953125,61.0,61.0,61.0,60.0,0.0,119.0,101.0,80.0,,contact,,
sphere,diameter,0.0575,115,62,-62.0,62.0,62.0,60.0,0.0,58.76953125,58.76953125,58.76953125,62.0,62.0,62.0,60.0,0.0,118.0,102.0,80.0,,contact,,
sphere,diameter,0.0575,115,63,-63.0,63.0,63.0,60.0,0.0,58.76953125,58.76953125,58.76953125,63.0,63.0,63.0,60.0,0.0,117.71484375,102.28515625,80.0,,contact,,contact
sphere,diameter,0.0575,115,64,-64.0,64.0,64.0,60.0,0.0,58.76953125,58.76953125,58.76953125,64.0,64.0,64.0,60.0,0.0,117.71484375,102.28515625,80.0,,contact,,contact
sphere,diameter,0.0575,115,65,-65.0,65.0,65.0,60.0,0.0,58.76953125,58.76953125,58.76953125,65.0,65.0,65.0,60.0,0.0,117.71484375,102.28515625,80.0,,contact,,contact
sphere,diameter,0.0575,115,66,-66.0,66.0,66.0,60.0,0.0,58.76953125,58.76953125,58.76953125,66.0,66.0,66.0,60.0,0.0,117.71484375,102.28515625,80.0,,contact,,contact
sphere,diameter,0.0575,115,67,-67.0,67.0,67.0,60.0,0.0,58.76953125,58.76953125,58.76953125,67.0,67.0,67.0,60.0,0.0,117.71484375,102.28515625,80.0,,contact,,contact
sphere,diameter,0.0575,115,68,-68.0,68.0,68.0,60.0,0.0,58.76953125,58.76953125,58.76953125,68.0,68.0,68.0,60.0,0.0,117.71484375,102.28515625,80.0,,contact,,contact
sphere,diameter,0.0575,115,69,-69.0,69.0,69.0,60.0,0.0,58.76953125,58.76953125,58.76953125,69.0,69.0,69.0,60.0,0.0,117.71484375,102.28515625,80.0,,contact,,contact
sphere,diameter,0.0575,115,70,-70.0,70.0,70.0,60.0,0.0,58.76953125,58.76953125,58.76953125,70.0,70.0,70.0,60.0,0.0,117.71484375,102.28515625,80.0,,contact,,contact
sphere,diameter,0.0575,115,71,-71.0,71.0,71.0,60.0,0.0,58.76953125,58.76953125,58.76953125,71.0,71.0,71.0,60.0,0.0,117.71484375,102.28515625,80.0,,contact,,contact
sphere,diameter,0.0575,115,72,-72.0,72.0,72.0,60.0,0.0,58.76953125,58.76953125,58.76953125,72.0,72.0,72.0,60.0,0.0,117.71484375,102.28515625,80.0,,contact,,contact
sphere,diameter,0.0575,115,73,-73.0,73.0,73.0,60.0,0.0,58.76953125,58.76953125,58.76953125,73.0,73.0,73.0,60.0,0.0,117.71484375,102.28515625,80.0,,contact,,contact
sphere,diameter,0.0575,115,74,-74.0,74.0,74.0,60.0,0.0,58.76953125,58.76953125,58.76953125,74.0,74.0,74.0,60.0,0.0,117.71484375,102.28515625,80.0,,contact,,contact
sphere,diameter,0.0575,115,75,-74.828125,74.828125,74.828125,60.0,0.0,58.76953125,58.76953125,58.76953125,74.703125,74.703125,74.703125,60.0,0.0,117.71484375,102.28515625,80.0,contact,contact,contact,contact
sphere,diameter,0.055,110,0,0.0,0.0,0.0,0.0,0.0,0.0,0.0,0.0,0.0,0.0,0.0,0.0,0.0,180.0,40.0,25.0,,,,
sphere,diameter,0.055,110,1,-1.0,1.0,1.0,1.0,0.0,1.0,1.0,1.0,1.0,1.0,1.0,1.0,0.0,179.0,41.0,26.0,,,,
sphere,diameter,0.055,110,2,-2.0,2.0,2.0,2.0,0.0,2.0,2.0,2.0,2.0,2.0,2.0,2.0,0.0,178.0,42.0,27.0,,,,
sphere,diameter,0.055,110,3,-3.0,3.0,3.0,3.0,0.0,3.0,3.0,3.0,3.0,3.0,3.0,3.0,0.0,177.0,43.0,28.0,,,,
sphere,diameter,0.055,110,4,-4.0,4.0,4.0,4.0,0.0,4.0,4.0,4.0,4.0,4.0,4.0,4.0,0.0,176.0,44.0,29.0,,,,
sphere,diameter,0.055,110,5,-5.0,5.0,5.0,5.0,0.0,5.0,5.0,5.0,5.0,5.0,5.0,5.0,0.0,175.0,45.0,30.0,,,,
sphere,diameter,0.055,110,6,-6.0,6.0,6.0,6.0,0.0,6.0,6.0,6.0,6.0,6.0,6.0,6.0,0.0,174.0,46.0,31.0,,,,
sphere,diameter,0.055,110,7,-7.0,7.0,7.0,7.0,0.0,7.0,7.0,7.0,7.0,7.0,7.0,7.0,0.0,173.0,47.0,32.0,,,,
sphere,diameter,0.055,110,8,-8.0,8.0,8.0,8.0,0.0,8.0,8.0,8.0,8.0,8.0,8.0,8.0,0.0,172.0,48.0,33.0,,,,
sphere,diameter,0.055,110,9,-9.0,9.0,9.0,9.0,0.0,9.0,9.0,9.0,9.0,9.0,9.0,9.0,0.0,171.0,49.0,34.0,,,,
sphere,diameter,0.055,110,10,-10.0,10.0,10.0,10.0,0.0,10.0,10.0,10.0,10.0,10.0,10.0,10.0,0.0,170.0,50.0,35.0,,,,
sphere,diameter,0.055,110,11,-11.0,11.0,11.0,11.0,0.0,11.0,11.0,11.0,11.0,11.0,11.0,11.0,0.0,169.0,51.0,36.0,,,,
sphere,diameter,0.055,110,12,-12.0,12.0,12.0,12.0,0.0,12.0,12.0,12.0,12.0,12.0,12.0,12.0,0.0,168.0,52.0,37.0,,,,
sphere,diameter,0.055,110,13,-13.0,13.0,13.0,13.0,0.0,13.0,13.0,13.0,13.0,13.0,13.0,13.0,0.0,167.0,53.0,38.0,,,,
sphere,diameter,0.055,110,14,-14.0,14.0,14.0,14.0,0.0,14.0,14.0,14.0,14.0,14.0,14.0,14.0,0.0,166.0,54.0,39.0,,,,
sphere,diameter,0.055,110,15,-15.0,15.0,15.0,15.0,0.0,15.0,15.0,15.0,15.0,15.0,15.0,15.0,0.0,165.0,55.0,40.0,,,,
sphere,diameter,0.055,110,16,-16.0,16.0,16.0,16.0,0.0,16.0,16.0,16.0,16.0,16.0,16.0,16.0,0.0,164.0,56.0,41.0,,,,
sphere,diameter,0.055,110,17,-17.0,17.0,17.0,17.0,0.0,17.0,17.0,17.0,17.0,17.0,17.0,17.0,0.0,163.0,57.0,42.0,,,,
sphere,diameter,0.055,110,18,-18.0,18.0,18.0,18.0,0.0,18.0,18.0,18.0,18.0,18.0,18.0,18.0,0.0,162.0,58.0,43.0,,,,
sphere,diameter,0.055,110,19,-19.0,19.0,19.0,19.0,0.0,19.0,19.0,19.0,19.0,19.0,19.0,19.0,0.0,161.0,59.0,44.0,,,,
sphere,diameter,0.055,110,20,-20.0,20.0,20.0,20.0,0.0,20.0,20.0,20.0,20.0,20.0,20.0,20.0,0.0,160.0,60.0,45.0,,,,
sphere,diameter,0.055,110,21,-21.0,21.0,21.0,21.0,0.0,21.0,21.0,21.0,21.0,21.0,21.0,21.0,0.0,159.0,61.0,46.0,,,,
sphere,diameter,0.055,110,22,-22.0,22.0,22.0,22.0,0.0,22.0,22.0,22.0,22.0,22.0,22.0,22.0,0.0,158.0,62.0,47.0,,,,
sphere,diameter,0.055,110,23,-23.0,23.0,23.0,23.0,0.0,23.0,23.0,23.0,23.0,23.0,23.0,23.0,0.0,157.0,63.0,48.0,,,,
sphere,diameter,0.055,110,24,-24.0,24.0,24.0,24.0,0.0,24.0,24.0,24.0,24.0,24.0,24.0,24.0,0.0,156.0,64.0,49.0,,,,
sphere,diameter,0.055,110,25,-25.0,25.0,25.0,25.0,0.0,25.0,25.0,25.0,25.0,25.0,25.0,25.0,0.0,155.0,65.0,50.0,,,,
sphere,diameter,0.055,110,26,-26.0,26.0,26.0,26.0,0.0,26.0,26.0,26.0,26.0,26.0,26.0,26.0,0.0,154.0,66.0,51.0,,,,
sphere,diameter,0.055,110,27,-27.0,27.0,27.0,27.0,0.0,27.0,27.0,27.0,27.0,27.0,27.0,27.0,0.0,153.0,67.0,52.0,,,,
sphere,diameter,0.055,110,28,-28.0,28.0,28.0,28.0,0.0,28.0,28.0,28.0,28.0,28.0,28.0,28.0,0.0,152.0,68.0,53.0,,,,
sphere,diameter,0.055,110,29,-29.0,29.0,29.0,29.0,0.0,29.0,29.0,29.0,29.0,29.0,29.0,29.0,0.0,151.0,69.0,54.0,,,,
sphere,diameter,0.055,110,30,-30.0,30.0,30.0,30.0,0.0,30.0,30.0,30.0,30.0,30.0,30.0,30.0,0.0,150.0,70.0,55.0,,,,
sphere,diameter,0.055,110,31,-31.0,31.0,31.0,31.0,0.0,31.0,31.0,31.0,31.0,31.0,31.0,31.0,0.0,149.0,71.0,56.0,,,,
sphere,diameter,0.055,110,32,-32.0,32.0,32.0,32.0,0.0,32.0,32.0,32.0,32.0,32.0,32.0,32.0,0.0,148.0,72.0,57.0,,,,
sphere,diameter,0.055,110,33,-33.0,33.0,33.0,33.0,0.0,33.0,33.0,33.0,33.0,33.0,33.0,33.0,0.0,147.0,73.0,58.0,,,,
sphere,diameter,0.055,110,34,-34.0,34.0,34.0,34.0,0.0,34.0,34.0,34.0,34.0,34.0,34.0,34.0,0.0,146.0,74.0,59.0,,,,
sphere,diameter,0.055,110,35,-35.0,35.0,35.0,35.0,0.0,35.0,35.0,35.0,35.0,35.0,35.0,35.0,0.0,145.0,75.0,60.0,,,,
sphere,diameter,0.055,110,36,-36.0,36.0,36.0,36.0,0.0,36.0,36.0,36.0,36.0,36.0,36.0,36.0,0.0,144.0,76.0,61.0,,,,
sphere,diameter,0.055,110,37,-37.0,37.0,37.0,37.0,0.0,37.0,37.0,37.0,37.0,37.0,37.0,37.0,0.0,143.0,77.0,62.0,,,,
sphere,diameter,0.055,110,38,-38.0,38.0,38.0,38.0,0.0,38.0,38.0,38.0,38.0,38.0,38.0,38.0,0.0,142.0,78.0,63.0,,,,
sphere,diameter,0.055,110,39,-39.0,39.0,39.0,39.0,0.0,39.0,39.0,39.0,39.0,39.0,39.0,39.0,0.0,141.0,79.0,64.0,,,,
sphere,diameter,0.055,110,40,-40.0,40.0,40.0,40.0,0.0,40.0,40.0,40.0,40.0,40.0,40.0,40.0,0.0,140.0,80.0,65.0,,,,
sphere,diameter,0.055,110,41,-41.0,41.0,41.0,41.0,0.0,41.0,41.0,41.0,41.0,41.0,41.0,41.0,0.0,139.0,81.0,66.0,,,,
sphere,diameter,0.055,110,42,-42.0,42.0,42.0,42.0,0.0,42.0,42.0,42.0,42.0,42.0,42.0,42.0,0.0,138.0,82.0,67.0,,,,
sphere,diameter,0.055,110,43,-43.0,43.0,43.0,43.0,0.0,43.0,43.0,43.0,43.0,43.0,43.0,43.0,0.0,137.0,83.0,68.0,,,,
sphere,diameter,0.055,110,44,-44.0,44.0,44.0,44.0,0.0,44.0,44.0,44.0,44.0,44.0,44.0,44.0,0.0,136.0,84.0,69.0,,,,
sphere,diameter,0.055,110,45,-45.0,45.0,45.0,45.0,0.0,45.0,45.0,45.0,45.0,45.0,45.0,45.0,0.0,135.0,85.0,70.0,,,,
sphere,diameter,0.055,110,46,-46.0,46.0,46.0,46.0,0.0,46.0,46.0,46.0,46.0,46.0,46.0,46.0,0.0,134.0,86.0,71.0,,,,
sphere,diameter,0.055,110,47,-47.0,47.0,47.0,47.0,0.0,47.0,47.0,47.0,47.0,47.0,47.0,47.0,0.0,133.0,87.0,72.0,,,,
sphere,diameter,0.055,110,48,-48.0,48.0,48.0,48.0,0.0,48.0,48.0,48.0,48.0,48.0,48.0,48.0,0.0,132.0,88.0,73.0,,,,
sphere,diameter,0.055,110,49,-49.0,49.0,49.0,49.0,0.0,49.0,49.0,49.0,49.0,49.0,49.0,49.0,0.0,131.0,89.0,74.0,,,,
sphere,diameter,0.055,110,50,-50.0,50.0,50.0,50.0,0.0,50.0,50.0,50.0,50.0,50.0,50.0,50.0,0.0,130.0,90.0,75.0,,,,
sphere,diameter,0.055,110,51,-51.0,51.0,51.0,51.0,0.0,51.0,51.0,51.0,51.0,51.0,51.0,51.0,0.0,129.0,91.0,76.0,,,,
sphere,diameter,0.055,110,52,-52.0,52.0,52.0,52.0,0.0,52.0,52.0,52.0,52.0,52.0,52.0,52.0,0.0,128.0,92.0,77.0,,,,
sphere,diameter,0.055,110,53,-53.0,53.0,53.0,53.0,0.0,53.0,53.0,53.0,53.0,53.0,53.0,53.0,0.0,127.0,93.0,78.0,,,,
sphere,diameter,0.055,110,54,-54.0,54.0,54.0,54.0,0.0,54.0,54.0,54.0,54.0,54.0,54.0,54.0,0.0,126.0,94.0,79.0,,,,
sphere,diameter,0.055,110,55,-55.0,55.0,55.0,55.0,0.0,55.0,55.0,55.0,55.0,55.0,55.0,55.0,0.0,125.0,95.0,80.0,,,,
sphere,diameter,0.055,110,56,-56.0,56.0,56.0,56.0,0.0,56.0,56.0,56.0,56.0,56.0,56.0,56.0,0.0,124.0,96.0,80.0,,,,
sphere,diameter,0.055,110,57,-57.0,57.0,57.0,57.0,0.0,57.0,57.0,57.0,57.0,57.0,57.0,57.0,0.0,123.0,97.0,80.0,,,,
sphere,diameter,0.055,110,58,-58.0,58.0,58.0,58.0,0.0,58.0,58.0,58.0,58.0,58.0,58.0,58.0,0.0,122.0,98.0,80.0,,,,
sphere,diameter,0.055,110,59,-59.0,59.0,59.0,59.0,0.0,59.0,59.0,59.0,59.0,59.0,59.0,59.0,0.0,121.0,99.0,80.0,,,,
sphere,diameter,0.055,110,60,-60.0,60.0,60.0,60.0,0.0,59.53125,59.53125,59.53125,60.0,60.0,60.0,60.0,0.0,120.0,100.0,80.0,,contact,,
sphere,diameter,0.055,110,61,-61.0,61.0,61.0,60.0,0.0,59.53125,59.53125,59.53125,61.0,61.0,61.0,60.0,0.0,119.0,101.0,80.0,,contact,,
sphere,diameter,0.055,110,62,-62.0,62.0,62.0,60.0,0.0,59.53125,59.53125,59.53125,62.0,62.0,62.0,60.0,0.0,118.0,102.0,80.0,,contact,,
sphere,diameter,0.055,110,63,-63.0,63.0,63.0,60.0,0.0,59.53125,59.53125,59.53125,63.0,63.0,63.0,60.0,0.0,117.0,103.0,80.0,,contact,,
sphere,diameter,0.055,110,64,-64.0,64.0,64.0,60.0,0.0,59.53125,59.53125,59.53125,64.0,64.0,64.0,60.0,0.0,116.73828125,103.26171875,80.0,,contact,,contact
sphere,diameter,0.055,110,65,-65.0,65.0,65.0,60.0,0.0,59.53125,59.53125,59.53125,65.0,65.0,65.0,60.0,0.0,116.73828125,103.26171875,80.0,,contact,,contact
sphere,diameter,0.055,110,66,-66.0,66.0,66.0,60.0,0.0,59.53125,59.53125,59.53125,66.0,66.0,66.0,60.0,0.0,116.73828125,103.26171875,80.0,,contact,,contact
sphere,diameter,0.055,110,67,-67.0,67.0,67.0,60.0,0.0,59.53125,59.53125,59.53125,67.0,67.0,67.0,60.0,0.0,116.73828125,103.26171875,80.0,,contact,,contact
sphere,diameter,0.055,110,68,-68.0,68.0,68.0,60.0,0.0,59.53125,59.53125,59.53125,68.0,68.0,68.0,60.0,0.0,116.73828125,103.26171875,80.0,,contact,,contact
sphere,diameter,0.055,110,69,-69.0,69.0,69.0,60.0,0.0,59.53125,59.53125,59.53125,69.0,69.0,69.0,60.0,0.0,116.73828125,103.26171875,80.0,,contact,,contact
sphere,diameter,0.055,110,70,-70.0,70.0,70.0,60.0,0.0,59.53125,59.53125,59.53125,70.0,70.0,70.0,60.0,0.0,116.73828125,103.26171875,80.0,,contact,,contact
sphere,diameter,0.055,110,71,-71.0,71.0,71.0,60.0,0.0,59.53125,59.53125,59.53125,71.0,71.0,71.0,60.0,0.0,116.73828125,103.26171875,80.0,,contact,,contact
sphere,diameter,0.055,110,72,-72.0,72.0,72.0,60.0,0.0,59.53125,59.53125,59.53125,72.0,72.0,72.0,60.0,0.0,116.73828125,103.26171875,80.0,,contact,,contact
sphere,diameter,0.055,110,73,-73.0,73.0,73.0,60.0,0.0,59.53125,59.53125,59.53125,73.0,73.0,73.0,60.0,0.0,116.73828125,103.26171875,80.0,,contact,,contact
sphere,diameter,0.055,110,74,-74.0,74.0,74.0,60.0,0.0,59.53125,59.53125,59.53125,74.0,74.0,74.0,60.0,0.0,116.73828125,103.26171875,80.0,,contact,,contact
sphere,diameter,0.055,110,75,-75.0,75.0,75.0,60.0,0.0,59.53125,59.53125,59.53125,75.0,75.0,75.0,60.0,0.0,116.73828125,103.26171875,80.0,,contact,,contact
sphere,diameter,0.055,110,76,-75.0,75.984375,75.984375,60.0,0.0,59.53125,59.53125,59.53125,75.0,75.859375,75.859375,60.0,0.0,116.73828125,103.26171875,80.0,contact,contact,contact,contact
sphere,diameter,0.0525,105,0,0.0,0.0,0.0,0.0,0.0,0.0,0.0,0.0,0.0,0.0,0.0,0.0,0.0,180.0,40.0,25.0,,,,
sphere,diameter,0.0525,105,1,-1.0,1.0,1.0,1.0,0.0,1.0,1.0,1.0,1.0,1.0,1.0,1.0,0.0,179.0,41.0,26.0,,,,
sphere,diameter,0.0525,105,2,-2.0,2.0,2.0,2.0,0.0,2.0,2.0,2.0,2.0,2.0,2.0,2.0,0.0,178.0,42.0,27.0,,,,
sphere,diameter,0.0525,105,3,-3.0,3.0,3.0,3.0,0.0,3.0,3.0,3.0,3.0,3.0,3.0,3.0,0.0,177.0,43.0,28.0,,,,
sphere,diameter,0.0525,105,4,-4.0,4.0,4.0,4.0,0.0,4.0,4.0,4.0,4.0,4.0,4.0,4.0,0.0,176.0,44.0,29.0,,,,
sphere,diameter,0.0525,105,5,-5.0,5.0,5.0,5.0,0.0,5.0,5.0,5.0,5.0,5.0,5.0,5.0,0.0,175.0,45.0,30.0,,,,
sphere,diameter,0.0525,105,6,-6.0,6.0,6.0,6.0,0.0,6.0,6.0,6.0,6.0,6.0,6.0,6.0,0.0,174.0,46.0,31.0,,,,
sphere,diameter,0.0525,105,7,-7.0,7.0,7.0,7.0,0.0,7.0,7.0,7.0,7.0,7.0,7.0,7.0,0.0,173.0,47.0,32.0,,,,
sphere,diameter,0.0525,105,8,-8.0,8.0,8.0,8.0,0.0,8.0,8.0,8.0,8.0,8.0,8.0,8.0,0.0,172.0,48.0,33.0,,,,
sphere,diameter,0.0525,105,9,-9.0,9.0,9.0,9.0,0.0,9.0,9.0,9.0,9.0,9.0,9.0,9.0,0.0,171.0,49.0,34.0,,,,
sphere,diameter,0.0525,105,10,-10.0,10.0,10.0,10.0,0.0,10.0,10.0,10.0,10.0,10.0,10.0,10.0,0.0,170.0,50.0,35.0,,,,
sphere,diameter,0.0525,105,11,-11.0,11.0,11.0,11.0,0.0,11.0,11.0,11.0,11.0,11.0,11.0,11.0,0.0,169.0,51.0,36.0,,,,
sphere,diameter,0.0525,105,12,-12.0,12.0,12.0,12.0,0.0,12.0,12.0,12.0,12.0,12.0,12.0,12.0,0.0,168.0,52.0,37.0,,,,
sphere,diameter,0.0525,105,13,-13.0,13.0,13.0,13.0,0.0,13.0,13.0,13.0,13.0,13.0,13.0,13.0,0.0,167.0,53.0,38.0,,,,
sphere,diameter,0.0525,105,14,-14.0,14.0,14.0,14.0,0.0,14.0,14.0,14.0,14.0,14.0,14.0,14.0,0.0,166.0,54.0,39.0,,,,
sphere,diameter,0.0525,105,15,-15.0,15.0,15.0,15.0,0.0,15.0,15.0,15.0,15.0,15.0,15.0,15.0,0.0,165.0,55.0,40.0,,,,
sphere,diameter,0.0525,105,16,-16.0,16.0,16.0,16.0,0.0,16.0,16.0,16.0,16.0,16.0,16.0,16.0,0.0,164.0,56.0,41.0,,,,
sphere,diameter,0.0525,105,17,-17.0,17.0,17.0,17.0,0.0,17.0,17.0,17.0,17.0,17.0,17.0,17.0,0.0,163.0,57.0,42.0,,,,
sphere,diameter,0.0525,105,18,-18.0,18.0,18.0,18.0,0.0,18.0,18.0,18.0,18.0,18.0,18.0,18.0,0.0,162.0,58.0,43.0,,,,
sphere,diameter,0.0525,105,19,-19.0,19.0,19.0,19.0,0.0,19.0,19.0,19.0,19.0,19.0,19.0,19.0,0.0,161.0,59.0,44.0,,,,
sphere,diameter,0.0525,105,20,-20.0,20.0,20.0,20.0,0.0,20.0,20.0,20.0,20.0,20.0,20.0,20.0,0.0,160.0,60.0,45.0,,,,
sphere,diameter,0.0525,105,21,-21.0,21.0,21.0,21.0,0.0,21.0,21.0,21.0,21.0,21.0,21.0,21.0,0.0,159.0,61.0,46.0,,,,
sphere,diameter,0.0525,105,22,-22.0,22.0,22.0,22.0,0.0,22.0,22.0,22.0,22.0,22.0,22.0,22.0,0.0,158.0,62.0,47.0,,,,
sphere,diameter,0.0525,105,23,-23.0,23.0,23.0,23.0,0.0,23.0,23.0,23.0,23.0,23.0,23.0,23.0,0.0,157.0,63.0,48.0,,,,
sphere,diameter,0.0525,105,24,-24.0,24.0,24.0,24.0,0.0,24.0,24.0,24.0,24.0,24.0,24.0,24.0,0.0,156.0,64.0,49.0,,,,
sphere,diameter,0.0525,105,25,-25.0,25.0,25.0,25.0,0.0,25.0,25.0,25.0,25.0,25.0,25.0,25.0,0.0,155.0,65.0,50.0,,,,
sphere,diameter,0.0525,105,26,-26.0,26.0,26.0,26.0,0.0,26.0,26.0,26.0,26.0,26.0,26.0,26.0,0.0,154.0,66.0,51.0,,,,
sphere,diameter,0.0525,105,27,-27.0,27.0,27.0,27.0,0.0,27.0,27.0,27.0,27.0,27.0,27.0,27.0,0.0,153.0,67.0,52.0,,,,
sphere,diameter,0.0525,105,28,-28.0,28.0,28.0,28.0,0.0,28.0,28.0,28.0,28.0,28.0,28.0,28.0,0.0,152.0,68.0,53.0,,,,
sphere,diameter,0.0525,105,29,-29.0,29.0,29.0,29.0,0.0,29.0,29.0,29.0,29.0,29.0,29.0,29.0,0.0,151.0,69.0,54.0,,,,
sphere,diameter,0.0525,105,30,-30.0,30.0,30.0,30.0,0.0,30.0,30.0,30.0,30.0,30.0,30.0,30.0,0.0,150.0,70.0,55.0,,,,
sphere,diameter,0.0525,105,31,-31.0,31.0,31.0,31.0,0.0,31.0,31.0,31.0,31.0,31.0,31.0,31.0,0.0,149.0,71.0,56.0,,,,
sphere,diameter,0.0525,105,32,-32.0,32.0,32.0,32.0,0.0,32.0,32.0,32.0,32.0,32.0,32.0,32.0,0.0,148.0,72.0,57.0,,,,
sphere,diameter,0.0525,105,33,-33.0,33.0,33.0,33.0,0.0,33.0,33.0,33.0,33.0,33.0,33.0,33.0,0.0,147.0,73.0,58.0,,,,
sphere,diameter,0.0525,105,34,-34.0,34.0,34.0,34.0,0.0,34.0,34.0,34.0,34.0,34.0,34.0,34.0,0.0,146.0,74.0,59.0,,,,
sphere,diameter,0.0525,105,35,-35.0,35.0,35.0,35.0,0.0,35.0,35.0,35.0,35.0,35.0,35.0,35.0,0.0,145.0,75.0,60.0,,,,
sphere,diameter,0.0525,105,36,-36.0,36.0,36.0,36.0,0.0,36.0,36.0,36.0,36.0,36.0,36.0,36.0,0.0,144.0,76.0,61.0,,,,
sphere,diameter,0.0525,105,37,-37.0,37.0,37.0,37.0,0.0,37.0,37.0,37.0,37.0,37.0,37.0,37.0,0.0,143.0,77.0,62.0,,,,
sphere,diameter,0.0525,105,38,-38.0,38.0,38.0,38.0,0.0,38.0,38.0,38.0,38.0,38.0,38.0,38.0,0.0,142.0,78.0,63.0,,,,
sphere,diameter,0.0525,105,39,-39.0,39.0,39.0,39.0,0.0,39.0,39.0,39.0,39.0,39.0,39.0,39.0,0.0,141.0,79.0,64.0,,,,
sphere,diameter,0.0525,105,40,-40.0,40.0,40.0,40.0,0.0,40.0,40.0,40.0,40.0,40.0,40.0,40.0,0.0,140.0,80.0,65.0,,,,
sphere,diameter,0.0525,105,41,-41.0,41.0,41.0,41.0,0.0,41.0,41.0,41.0,41.0,41.0,41.0,41.0,0.0,139.0,81.0,66.0,,,,
sphere,diameter,0.0525,105,42,-42.0,42.0,42.0,42.0,0.0,42.0,42.0,42.0,42.0,42.0,42.0,42.0,0.0,138.0,82.0,67.0,,,,
sphere,diameter,0.0525,105,43,-43.0,43.0,43.0,43.0,0.0,43.0,43.0,43.0,43.0,43.0,43.0,43.0,0.0,137.0,83.0,68.0,,,,
sphere,diameter,0.0525,105,44,-44.0,44.0,44.0,44.0,0.0,44.0,44.0,44.0,44.0,44.0,44.0,44.0,0.0,136.0,84.0,69.0,,,,
sphere,diameter,0.0525,105,45,-45.0,45.0,45.0,45.0,0.0,45.0,45.0,45.0,45.0,45.0,45.0,45.0,0.0,135.0,85.0,70.0,,,,
sphere,diameter,0.0525,105,46,-46.0,46.0,46.0,46.0,0.0,46.0,46.0,46.0,46.0,46.0,46.0,46.0,0.0,134.0,86.0,71.0,,,,
sphere,diameter,0.0525,105,47,-47.0,47.0,47.0,47.0,0.0,47.0,47.0,47.0,47.0,47.0,47.0,47.0,0.0,133.0,87.0,72.0,,,,
sphere,diameter,0.0525,105,48,-48.0,48.0,48.0,48.0,0.0,48.0,48.0,48.0,48.0,48.0,48.0,48.0,0.0,132.0,88.0,73.0,,,,
sphere,diameter,0.0525,105,49,-49.0,49.0,49.0,49.0,0.0,49.0,49.0,49.0,49.0,49.0,49.0,49.0,0.0,131.0,89.0,74.0,,,,
sphere,diameter,0.0525,105,50,-50.0,50.0,50.0,50.0,0.0,50.0,50.0,50.0,50.0,50.0,50.0,50.0,0.0,130.0,90.0,75.0,,,,
sphere,diameter,0.0525,105,51,-51.0,51.0,51.0,51.0,0.0,51.0,51.0,51.0,51.0,51.0,51.0,51.0,0.0,129.0,91.0,76.0,,,,
sphere,diameter,0.0525,105,52,-52.0,52.0,52.0,52.0,0.0,52.0,52.0,52.0,52.0,52.0,52.0,52.0,0.0,128.0,92.0,77.0,,,,
sphere,diameter,0.0525,105,53,-53.0,53.0,53.0,53.0,0.0,53.0,53.0,53.0,53.0,53.0,53.0,53.0,0.0,127.0,93.0,78.0,,,,
sphere,diameter,0.0525,105,54,-54.0,54.0,54.0,54.0,0.0,54.0,54.0,54.0,54.0,54.0,54.0,54.0,0.0,126.0,94.0,79.0,,,,
sphere,diameter,0.0525,105,55,-55.0,55.0,55.0,55.0,0.0,55.0,55.0,55.0,55.0,55.0,55.0,55.0,0.0,125.0,95.0,80.0,,,,
sphere,diameter,0.0525,105,56,-56.0,56.0,56.0,56.0,0.0,56.0,56.0,56.0,56.0,56.0,56.0,56.0,0.0,124.0,96.0,80.0,,,,
sphere,diameter,0.0525,105,57,-57.0,57.0,57.0,57.0,0.0,57.0,57.0,57.0,57.0,57.0,57.0,57.0,0.0,123.0,97.0,80.0,,,,
sphere,diameter,0.0525,105,58,-58.0,58.0,58.0,58.0,0.0,58.0,58.0,58.0,58.0,58.0,58.0,58.0,0.0,122.0,98.0,80.0,,,,
sphere,diameter,0.0525,105,59,-59.0,59.0,59.0,59.0,0.0,59.0,59.0,59.0,59.0,59.0,59.0,59.0,0.0,121.0,99.0,80.0,,,,
sphere,diameter,0.0525,105,60,-60.0,60.0,60.0,60.0,0.0,60.0,60.0,60.0,60.0,60.0,60.0,60.0,0.0,120.0,100.0,80.0,,,,
sphere,diameter,0.0525,105,61,-61.0,61.0,61.0,60.0,0.0,60.3125,60.3125,60.3125,61.0,61.0,61.0,60.0,0.0,119.0,101.0,80.0,,contact,,
sphere,diameter,0.0525,105,62,-62.0,62.0,62.0,60.0,0.0,60.3125,60.3125,60.3125,62.0,62.0,62.0,60.0,0.0,118.0,102.0,80.0,,contact,,
sphere,diameter,0.0525,105,63,-63.0,63.0,63.0,60.0,0.0,60.3125,60.3125,60.3125,63.0,63.0,63.0,60.0,0.0,117.0,103.0,80.0,,contact,,
sphere,diameter,0.0525,105,64,-64.0,64.0,64.0,60.0,0.0,60.3125,60.3125,60.3125,64.0,64.0,64.0,60.0,0.0,116.0,104.0,80.0,,contact,,
sphere,diameter,0.0525,105,65,-65.0,65.0,65.0,60.0,0.0,60.3125,60.3125,60.3125,65.0,65.0,65.0,60.0,0.0,115.71875,104.28125,80.0,,contact,,contact
sphere,diameter,0.0525,105,66,-66.0,66.0,66.0,60.0,0.0,60.3125,60.3125,60.3125,66.0,66.0,66.0,60.0,0.0,115.71875,104.28125,80.0,,contact,,contact
sphere,diameter,0.0525,105,67,-67.0,67.0,67.0,60.0,0.0,60.3125,60.3125,60.3125,67.0,67.0,67.0,60.0,0.0,115.71875,104.28125,80.0,,contact,,contact
sphere,diameter,0.0525,105,68,-68.0,68.0,68.0,60.0,0.0,60.3125,60.3125,60.3125,68.0,68.0,68.0,60.0,0.0,115.71875,104.28125,80.0,,contact,,contact
sphere,diameter,0.0525,105,69,-69.0,69.0,69.0,60.0,0.0,60.3125,60.3125,60.3125,69.0,69.0,69.0,60.0,0.0,115.71875,104.28125,80.0,,contact,,contact
sphere,diameter,0.0525,105,70,-70.0,70.0,70.0,60.0,0.0,60.3125,60.3125,60.3125,70.0,70.0,70.0,60.0,0.0,115.71875,104.28125,80.0,,contact,,contact
sphere,diameter,0.0525,105,71,-71.0,71.0,71.0,60.0,0.0,60.3125,60.3125,60.3125,71.0,71.0,71.0,60.0,0.0,115.71875,104.28125,80.0,,contact,,contact
sphere,diameter,0.0525,105,72,-72.0,72.0,72.0,60.0,0.0,60.3125,60.3125,60.3125,72.0,72.0,72.0,60.0,0.0,115.71875,104.28125,80.0,,contact,,contact
sphere,diameter,0.0525,105,73,-73.0,73.0,73.0,60.0,0.0,60.3125,60.3125,60.3125,73.0,73.0,73.0,60.0,0.0,115.71875,104.28125,80.0,,contact,,contact
sphere,diameter,0.0525,105,74,-74.0,74.0,74.0,60.0,0.0,60.3125,60.3125,60.3125,74.0,74.0,74.0,60.0,0.0,115.71875,104.28125,80.0,,contact,,contact
sphere,diameter,0.0525,105,75,-75.0,75.0,75.0,60.0,0.0,60.3125,60.3125,60.3125,75.0,75.0,75.0,60.0,0.0,115.71875,104.28125,80.0,,contact,,contact
sphere,diameter,0.0525,105,76,-75.0,76.0,76.0,60.0,0.0,60.3125,60.3125,60.3125,75.0,76.0,76.0,60.0,0.0,115.71875,104.28125,80.0,,contact,,contact
sphere,diameter,0.0525,105,77,-75.0,77.0,77.0,60.0,0.0,60.3125,60.3125,60.3125,75.0,77.0,77.0,60.0,0.0,115.71875,104.28125,80.0,,contact,,contact
sphere,diameter,0.0525,105,78,-75.0,77.15234375,77.15234375,60.0,0.0,60.3125,60.3125,60.3125,75.0,77.0234375,77.0234375,60.0,0.0,115.71875,104.28125,80.0,contact,contact,contact,contact
sphere,diameter,0.05,100,0,0.0,0.0,0.0,0.0,0.0,0.0,0.0,0.0,0.0,0.0,0.0,0.0,0.0,180.0,40.0,25.0,,,,
sphere,diameter,0.05,100,1,-1.0,1.0,1.0,1.0,0.0,1.0,1.0,1.0,1.0,1.0,1.0,1.0,0.0,179.0,41.0,26.0,,,,
sphere,diameter,0.05,100,2,-2.0,2.0,2.0,2.0,0.0,2.0,2.0,2.0,2.0,2.0,2.0,2.0,0.0,178.0,42.0,27.0,,,,
sphere,diameter,0.05,100,3,-3.0,3.0,3.0,3.0,0.0,3.0,3.0,3.0,3.0,3.0,3.0,3.0,0.0,177.0,43.0,28.0,,,,
sphere,diameter,0.05,100,4,-4.0,4.0,4.0,4.0,0.0,4.0,4.0,4.0,4.0,4.0,4.0,4.0,0.0,176.0,44.0,29.0,,,,
sphere,diameter,0.05,100,5,-5.0,5.0,5.0,5.0,0.0,5.0,5.0,5.0,5.0,5.0,5.0,5.0,0.0,175.0,45.0,30.0,,,,
sphere,diameter,0.05,100,6,-6.0,6.0,6.0,6.0,0.0,6.0,6.0,6.0,6.0,6.0,6.0,6.0,0.0,174.0,46.0,31.0,,,,
sphere,diameter,0.05,100,7,-7.0,7.0,7.0,7.0,0.0,7.0,7.0,7.0,7.0,7.0,7.0,7.0,0.0,173.0,47.0,32.0,,,,
sphere,diameter,0.05,100,8,-8.0,8.0,8.0,8.0,0.0,8.0,8.0,8.0,8.0,8.0,8.0,8.0,0.0,172.0,48.0,33.0,,,,
sphere,diameter,0.05,100,9,-9.0,9.0,9.0,9.0,0.0,9.0,9.0,9.0,9.0,9.0,9.0,9.0,0.0,171.0,49.0,34.0,,,,
sphere,diameter,0.05,100,10,-10.0,10.0,10.0,10.0,0.0,10.0,10.0,10.0,10.0,10.0,10.0,10.0,0.0,170.0,50.0,35.0,,,,
sphere,diameter,0.05,100,11,-11.0,11.0,11.0,11.0,0.0,11.0,11.0,11.0,11.0,11.0,11.0,11.0,0.0,169.0,51.0,36.0,,,,
sphere,diameter,0.05,100,12,-12.0,12.0,12.0,12.0,0.0,12.0,12.0,12.0,12.0,12.0,12.0,12.0,0.0,168.0,52.0,37.0,,,,
sphere,diameter,0.05,100,13,-13.0,13.0,13.0,13.0,0.0,13.0,13.0,13.0,13.0,13.0,13.0,13.0,0.0,167.0,53.0,38.0,,,,
sphere,diameter,0.05,100,14,-14.0,14.0,14.0,14.0,0.0,14.0,14.0,14.0,14.0,14.0,14.0,14.0,0.0,166.0,54.0,39.0,,,,
sphere,diameter,0.05,100,15,-15.0,15.0,15.0,15.0,0.0,15.0,15.0,15.0,15.0,15.0,15.0,15.0,0.0,165.0,55.0,40.0,,,,
sphere,diameter,0.05,100,16,-16.0,16.0,16.0,16.0,0.0,16.0,16.0,16.0,16.0,16.0,16.0,16.0,0.0,164.0,56.0,41.0,,,,
sphere,diameter,0.05,100,17,-17.0,17.0,17.0,17.0,0.0,17.0,17.0,17.0,17.0,17.0,17.0,17.0,0.0,163.0,57.0,42.0,,,,
sphere,diameter,0.05,100,18,-18.0,18.0,18.0,18.0,0.0,18.0,18.0,18.0,18.0,18.0,18.0,18.0,0.0,162.0,58.0,43.0,,,,
sphere,diameter,0.05,100,19,-19.0,19.0,19.0,19.0,0.0,19.0,19.0,19.0,19.0,19.0,19.0,19.0,0.0,161.0,59.0,44.0,,,,
sphere,diameter,0.05,100,20,-20.0,20.0,20.0,20.0,0.0,20.0,20.0,20.0,20.0,20.0,20.0,20.0,0.0,160.0,60.0,45.0,,,,
sphere,diameter,0.05,100,21,-21.0,21.0,21.0,21.0,0.0,21.0,21.0,21.0,21.0,21.0,21.0,21.0,0.0,159.0,61.0,46.0,,,,
sphere,diameter,0.05,100,22,-22.0,22.0,22.0,22.0,0.0,22.0,22.0,22.0,22.0,22.0,22.0,22.0,0.0,158.0,62.0,47.0,,,,
sphere,diameter,0.05,100,23,-23.0,23.0,23.0,23.0,0.0,23.0,23.0,23.0,23.0,23.0,23.0,23.0,0.0,157.0,63.0,48.0,,,,
sphere,diameter,0.05,100,24,-24.0,24.0,24.0,24.0,0.0,24.0,24.0,24.0,24.0,24.0,24.0,24.0,0.0,156.0,64.0,49.0,,,,
sphere,diameter,0.05,100,25,-25.0,25.0,25.0,25.0,0.0,25.0,25.0,25.0,25.0,25.0,25.0,25.0,0.0,155.0,65.0,50.0,,,,
sphere,diameter,0.05,100,26,-26.0,26.0,26.0,26.0,0.0,26.0,26.0,26.0,26.0,26.0,26.0,26.0,0.0,154.0,66.0,51.0,,,,
sphere,diameter,0.05,100,27,-27.0,27.0,27.0,27.0,0.0,27.0,27.0,27.0,27.0,27.0,27.0,27.0,0.0,153.0,67.0,52.0,,,,
sphere,diameter,0.05,100,28,-28.0,28.0,28.0,28.0,0.0,28.0,28.0,28.0,28.0,28.0,28.0,28.0,0.0,152.0,68.0,53.0,,,,
sphere,diameter,0.05,100,29,-29.0,29.0,29.0,29.0,0.0,29.0,29.0,29.0,29.0,29.0,29.0,29.0,0.0,151.0,69.0,54.0,,,,
sphere,diameter,0.05,100,30,-30.0,30.0,30.0,30.0,0.0,30.0,30.0,30.0,30.0,30.0,30.0,30.0,0.0,150.0,70.0,55.0,,,,
sphere,diameter,0.05,100,31,-31.0,31.0,31.0,31.0,0.0,31.0,31.0,31.0,31.0,31.0,31.0,31.0,0.0,149.0,71.0,56.0,,,,
sphere,diameter,0.05,100,32,-32.0,32.0,32.0,32.0,0.0,32.0,32.0,32.0,32.0,32.0,32.0,32.0,0.0,148.0,72.0,57.0,,,,
sphere,diameter,0.05,100,33,-33.0,33.0,33.0,33.0,0.0,33.0,33.0,33.0,33.0,33.0,33.0,33.0,0.0,147.0,73.0,58.0,,,,
sphere,diameter,0.05,100,34,-34.0,34.0,34.0,34.0,0.0,34.0,34.0,34.0,34.0,34.0,34.0,34.0,0.0,146.0,74.0,59.0,,,,
sphere,diameter,0.05,100,35,-35.0,35.0,35.0,35.0,0.0,35.0,35.0,35.0,35.0,35.0,35.0,35.0,0.0,145.0,75.0,60.0,,,,
sphere,diameter,0.05,100,36,-36.0,36.0,36.0,36.0,0.0,36.0,36.0,36.0,36.0,36.0,36.0,36.0,0.0,144.0,76.0,61.0,,,,
sphere,diameter,0.05,100,37,-37.0,37.0,37.0,37.0,0.0,37.0,37.0,37.0,37.0,37.0,37.0,37.0,0.0,143.0,77.0,62.0,,,,
sphere,diameter,0.05,100,38,-38.0,38.0,38.0,38.0,0.0,38.0,38.0,38.0,38.0,38.0,38.0,38.0,0.0,142.0,78.0,63.0,,,,
sphere,diameter,0.05,100,39,-39.0,39.0,39.0,39.0,0.0,39.0,39.0,39.0,39.0,39.0,39.0,39.0,0.0,141.0,79.0,64.0,,,,
sphere,diameter,0.05,100,40,-40.0,40.0,40.0,40.0,0.0,40.0,40.0,40.0,40.0,40.0,40.0,40.0,0.0,140.0,80.0,65.0,,,,
sphere,diameter,0.05,100,41,-41.0,41.0,41.0,41.0,0.0,41.0,41.0,41.0,41.0,41.0,41.0,41.0,0.0,139.0,81.0,66.0,,,,
sphere,diameter,0.05,100,42,-42.0,42.0,42.0,42.0,0.0,42.0,42.0,42.0,42.0,42.0,42.0,42.0,0.0,138.0,82.0,67.0,,,,
sphere,diameter,0.05,100,43,-43.0,43.0,43.0,43.0,0.0,43.0,43.0,43.0,43.0,43.0,43.0,43.0,0.0,137.0,83.0,68.0,,,,
sphere,diameter,0.05,100,44,-44.0,44.0,44.0,44.0,0.0,44.0,44.0,44.0,44.0,44.0,44.0,44.0,0.0,136.0,84.0,69.0,,,,
sphere,diameter,0.05,100,45,-45.0,45.0,45.0,45.0,0.0,45.0,45.0,45.0,45.0,45.0,45.0,45.0,0.0,135.0,85.0,70.0,,,,
sphere,diameter,0.05,100,46,-46.0,46.0,46.0,46.0,0.0,46.0,46.0,46.0,46.0,46.0,46.0,46.0,0.0,134.0,86.0,71.0,,,,
sphere,diameter,0.05,100,47,-47.0,47.0,47.0,47.0,0.0,47.0,47.0,47.0,47.0,47.0,47.0,47.0,0.0,133.0,87.0,72.0,,,,
sphere,diameter,0.05,100,48,-48.0,48.0,48.0,48.0,0.0,48.0,48.0,48.0,48.0,48.0,48.0,48.0,0.0,132.0,88.0,73.0,,,,
sphere,diameter,0.05,100,49,-49.0,49.0,49.0,49.0,0.0,49.0,49.0,49.0,49.0,49.0,49.0,49.0,0.0,131.0,89.0,74.0,,,,
sphere,diameter,0.05,100,50,-50.0,50.0,50.0,50.0,0.0,50.0,50.0,50.0,50.0,50.0,50.0,50.0,0.0,130.0,90.0,75.0,,,,
sphere,diameter,0.05,100,51,-51.0,51.0,51.0,51.0,0.0,51.0,51.0,51.0,51.0,51.0,51.0,51.0,0.0,129.0,91.0,76.0,,,,
sphere,diameter,0.05,100,52,-52.0,52.0,52.0,52.0,0.0,52.0,52.0,52.0,52.0,52.0,52.0,52.0,0.0,128.0,92.0,77.0,,,,
sphere,diameter,0.05,100,53,-53.0,53.0,53.0,53.0,0.0,53.0,53.0,53.0,53.0,53.0,53.0,53.0,0.0,127.0,93.0,78.0,,,,
sphere,diameter,0.05,100,54,-54.0,54.0,54.0,54.0,0.0,54.0,54.0,54.0,54.0,54.0,54.0,54.0,0.0,126.0,94.0,79.0,,,,
sphere,diameter,0.05,100,55,-55.0,55.0,55.0,55.0,0.0,55.0,55.0,55.0,55.0,55.0,55.0,55.0,0.0,125.0,95.0,80.0,,,,
sphere,diameter,0.05,100,56,-56.0,56.0,56.0,56.0,0.0,56.0,56.0,56.0,56.0,56.0,56.0,56.0,0.0,124.0,96.0,80.0,,,,
sphere,diameter,0.05,100,57,-57.0,57.0,57.0,57.0,0.0,57.0,57.0,57.0,57.0,57.0,57.0,57.0,0.0,123.0,97.0,80.0,,,,
sphere,diameter,0.05,100,58,-58.0,58.0,58.0,58.0,0.0,58.0,58.0,58.0,58.0,58.0,58.0,58.0,0.0,122.0,98.0,80.0,,,,
sphere,diameter,0.05,100,59,-59.0,59.0,59.0,59.0,0.0,59.0,59.0,59.0,59.0,59.0,59.0,59.0,0.0,121.0,99.0,80.0,,,,
sphere,diameter,0.05,100,60,-60.0,60.0,60.0,60.0,0.0,60.0,60.0,60.0,60.0,60.0,60.0,60.0,0.0,120.0,100.0,80.0,,,,
sphere,diameter,0.05,100,61,-61.0,61.0,61.0,60.0,0.0,61.0,61.0,61.0,61.0,61.0,61.0,60.0,0.0,119.0,101.0,80.0,,,,
sphere,diameter,0.05,100,62,-62.0,62.0,62.0,60.0,0.0,61.10546875,61.10546875,61.10546875,62.0,62.0,62.0,60.0,0.0,118.0,102.0,80.0,,contact,,
sphere,diameter,0.05,100,63,-63.0,63.0,63.0,60.0,0.0,61.10546875,61.10546875,61.10546875,63.0,63.0,63.0,60.0,0.0,117.0,103.0,80.0,,contact,,
sphere,diameter,0.05,100,64,-64.0,64.0,64.0,60.0,0.0,61.10546875,61.10546875,61.10546875,64.0,64.0,64.0,60.0,0.0,116.0,104.0,80.0,,contact,,
sphere,diameter,0.05,100,65,-65.0,65.0,65.0,60.0,0.0,61.10546875,61.10546875,61.10546875,65.0,65.0,65.0,60.0,0.0,115.0,105.0,80.0,,contact,,
sphere,diameter,0.05,100,66,-66.0,66.0,66.0,60.0,0.0,61.10546875,61.10546875,61.10546875,66.0,66.0,66.0,60.0,0.0,114.65234375,105.34765625,80.0,,contact,,contact
sphere,diameter,0.05,100,67,-67.0,67.0,67.0,60.0,0.0,61.10546875,61.10546875,61.10546875,67.0,67.0,67.0,60.0,0.0,114.65234375,105.34765625,80.0,,contact,,contact
sphere,diameter,0.05,100,68,-68.0,68.0,68.0,60.0,0.0,61.10546875,61.10546875,61.10546875,68.0,68.0,68.0,60.0,0.0,114.65234375,105.34765625,80.0,,contact,,contact
sphere,diameter,0.05,100,69,-69.0,69.0,69.0,60.0,0.0,61.10546875,61.10546875,61.10546875,69.0,69.0,69.0,60.0,0.0,114.65234375,105.34765625,80.0,,contact,,contact
sphere,diameter,0.05,100,70,-70.0,70.0,70.0,60.0,0.0,61.10546875,61.10546875,61.10546875,70.0,70.0,70.0,60.0,0.0,114.65234375,105.34765625,80.0,,contact,,contact
sphere,diameter,0.05,100,71,-71.0,71.0,71.0,60.0,0.0,61.10546875,61.10546875,61.10546875,71.0,71.0,71.0,60.0,0.0,114.65234375,105.34765625,80.0,,contact,,contact
sphere,diameter,0.05,100,72,-72.0,72.0,72.0,60.0,0.0,61.10546875,61.10546875,61.10546875,72.0,72.0,72.0,60.0,0.0,114.65234375,105.34765625,80.0,,contact,,contact
sphere,diameter,0.05,100,73,-73.0,73.0,73.0,60.0,0.0,61.10546875,61.10546875,61.10546875,73.0,73.0,73.0,60.0,0.0,114.65234375,105.34765625,80.0,,contact,,contact
sphere,diameter,0.05,100,74,-74.0,74.0,74.0,60.0,0.0,61.10546875,61.10546875,61.10546875,74.0,74.0,74.0,60.0,0.0,114.65234375,105.34765625,80.0,,contact,,contact
sphere,diameter,0.05,100,75,-75.0,75.0,75.0,60.0,0.0,61.10546875,61.10546875,61.10546875,75.0,75.0,75.0,60.0,0.0,114.65234375,105.34765625,80.0,,contact,,contact
sphere,diameter,0.05,100,76,-75.0,76.0,76.0,60.0,0.0,61.10546875,61.10546875,61.10546875,75.0,76.0,76.0,60.0,0.0,114.65234375,105.34765625,80.0,,contact,,contact
sphere,diameter,0.05,100,77,-75.0,77.0,77.0,60.0,0.0,61.10546875,61.10546875,61.10546875,75.0,77.0,77.0,60.0,0.0,114.65234375,105.34765625,80.0,,contact,,contact
sphere,diameter,0.05,100,78,-75.0,78.0,78.0,60.0,0.0,61.10546875,61.10546875,61.10546875,75.0,78.0,78.0,60.0,0.0,114.65234375,105.34765625,80.0,,contact,,contact
sphere,diameter,0.05,100,79,-75.0,78.3359375,78.3359375,60.0,0.0,61.10546875,61.10546875,61.10546875,75.0,78.203125,78.203125,60.0,0.0,114.65234375,105.34765625,80.0,contact,contact,contact,contact
sphere,diameter,0.0475,95,0,0.0,0.0,0.0,0.0,0.0,0.0,0.0,0.0,0.0,0.0,0.0,0.0,0.0,180.0,40.0,25.0,,,,
sphere,diameter,0.0475,95,1,-1.0,1.0,1.0,1.0,0.0,1.0,1.0,1.0,1.0,1.0,1.0,1.0,0.0,179.0,41.0,26.0,,,,
sphere,diameter,0.0475,95,2,-2.0,2.0,2.0,2.0,0.0,2.0,2.0,2.0,2.0,2.0,2.0,2.0,0.0,178.0,42.0,27.0,,,,
sphere,diameter,0.0475,95,3,-3.0,3.0,3.0,3.0,0.0,3.0,3.0,3.0,3.0,3.0,3.0,3.0,0.0,177.0,43.0,28.0,,,,
sphere,diameter,0.0475,95,4,-4.0,4.0,4.0,4.0,0.0,4.0,4.0,4.0,4.0,4.0,4.0,4.0,0.0,176.0,44.0,29.0,,,,
sphere,diameter,0.0475,95,5,-5.0,5.0,5.0,5.0,0.0,5.0,5.0,5.0,5.0,5.0,5.0,5.0,0.0,175.0,45.0,30.0,,,,
sphere,diameter,0.0475,95,6,-6.0,6.0,6.0,6.0,0.0,6.0,6.0,6.0,6.0,6.0,6.0,6.0,0.0,174.0,46.0,31.0,,,,
sphere,diameter,0.0475,95,7,-7.0,7.0,7.0,7.0,0.0,7.0,7.0,7.0,7.0,7.0,7.0,7.0,0.0,173.0,47.0,32.0,,,,
sphere,diameter,0.0475,95,8,-8.0,8.0,8.0,8.0,0.0,8.0,8.0,8.0,8.0,8.0,8.0,8.0,0.0,172.0,48.0,33.0,,,,
sphere,diameter,0.0475,95,9,-9.0,9.0,9.0,9.0,0.0,9.0,9.0,9.0,9.0,9.0,9.0,9.0,0.0,171.0,49.0,34.0,,,,
sphere,diameter,0.0475,95,10,-10.0,10.0,10.0,10.0,0.0,10.0,10.0,10.0,10.0,10.0,10.0,10.0,0.0,170.0,50.0,35.0,,,,
sphere,diameter,0.0475,95,11,-11.0,11.0,11.0,11.0,0.0,11.0,11.0,11.0,11.0,11.0,11.0,11.0,0.0,169.0,51.0,36.0,,,,
sphere,diameter,0.0475,95,12,-12.0,12.0,12.0,12.0,0.0,12.0,12.0,12.0,12.0,12.0,12.0,12.0,0.0,168.0,52.0,37.0,,,,
sphere,diameter,0.0475,95,13,-13.0,13.0,13.0,13.0,0.0,13.0,13.0,13.0,13.0,13.0,13.0,13.0,0.0,167.0,53.0,38.0,,,,
sphere,diameter,0.0475,95,14,-14.0,14.0,14.0,14.0,0.0,14.0,14.0,14.0,14.0,14.0,14.0,14.0,0.0,166.0,54.0,39.0,,,,
sphere,diameter,0.0475,95,15,-15.0,15.0,15.0,15.0,0.0,15.0,15.0,15.0,15.0,15.0,15.0,15.0,0.0,165.0,55.0,40.0,,,,
sphere,diameter,0.0475,95,16,-16.0,16.0,16.0,16.0,0.0,16.0,16.0,16.0,16.0,16.0,16.0,16.0,0.0,164.0,56.0,41.0,,,,
sphere,diameter,0.0475,95,17,-17.0,17.0,17.0,17.0,0.0,17.0,17.0,17.0,17.0,17.0,17.0,17.0,0.0,163.0,57.0,42.0,,,,
sphere,diameter,0.0475,95,18,-18.0,18.0,18.0,18.0,0.0,18.0,18.0,18.0,18.0,18.0,18.0,18.0,0.0,162.0,58.0,43.0,,,,
sphere,diameter,0.0475,95,19,-19.0,19.0,19.0,19.0,0.0,19.0,19.0,19.0,19.0,19.0,19.0,19.0,0.0,161.0,59.0,44.0,,,,
sphere,diameter,0.0475,95,20,-20.0,20.0,20.0,20.0,0.0,20.0,20.0,20.0,20.0,20.0,20.0,20.0,0.0,160.0,60.0,45.0,,,,
sphere,diameter,0.0475,95,21,-21.0,21.0,21.0,21.0,0.0,21.0,21.0,21.0,21.0,21.0,21.0,21.0,0.0,159.0,61.0,46.0,,,,
sphere,diameter,0.0475,95,22,-22.0,22.0,22.0,22.0,0.0,22.0,22.0,22.0,22.0,22.0,22.0,22.0,0.0,158.0,62.0,47.0,,,,
sphere,diameter,0.0475,95,23,-23.0,23.0,23.0,23.0,0.0,23.0,23.0,23.0,23.0,23.0,23.0,23.0,0.0,157.0,63.0,48.0,,,,
sphere,diameter,0.0475,95,24,-24.0,24.0,24.0,24.0,0.0,24.0,24.0,24.0,24.0,24.0,24.0,24.0,0.0,156.0,64.0,49.0,,,,
sphere,diameter,0.0475,95,25,-25.0,25.0,25.0,25.0,0.0,25.0,25.0,25.0,25.0,25.0,25.0,25.0,0.0,155.0,65.0,50.0,,,,
sphere,diameter,0.0475,95,26,-26.0,26.0,26.0,26.0,0.0,26.0,26.0,26.0,26.0,26.0,26.0,26.0,0.0,154.0,66.0,51.0,,,,
sphere,diameter,0.0475,95,27,-27.0,27.0,27.0,27.0,0.0,27.0,27.0,27.0,27.0,27.0,27.0,27.0,0.0,153.0,67.0,52.0,,,,
sphere,diameter,0.0475,95,28,-28.0,28.0,28.0,28.0,0.0,28.0,28.0,28.0,28.0,28.0,28.0,28.0,0.0,152.0,68.0,53.0,,,,
sphere,diameter,0.0475,95,29,-29.0,29.0,29.0,29.0,0.0,29.0,29.0,29.0,29.0,29.0,29.0,29.0,0.0,151.0,69.0,54.0,,,,
sphere,diameter,0.0475,95,30,-30.0,30.0,30.0,30.0,0.0,30.0,30.0,30.0,30.0,30.0,30.0,30.0,0.0,150.0,70.0,55.0,,,,
sphere,diameter,0.0475,95,31,-31.0,31.0,31.0,31.0,0.0,31.0,31.0,31.0,31.0,31.0,31.0,31.0,0.0,149.0,71.0,56.0,,,,
sphere,diameter,0.0475,95,32,-32.0,32.0,32.0,32.0,0.0,32.0,32.0,32.0,32.0,32.0,32.0,32.0,0.0,148.0,72.0,57.0,,,,
sphere,diameter,0.0475,95,33,-33.0,33.0,33.0,33.0,0.0,33.0,33.0,33.0,33.0,33.0,33.0,33.0,0.0,147.0,73.0,58.0,,,,
sphere,diameter,0.0475,95,34,-34.0,34.0,34.0,34.0,0.0,34.0,34.0,34.0,34.0,34.0,34.0,34.0,0.0,146.0,74.0,59.0,,,,
sphere,diameter,0.0475,95,35,-35.0,35.0,35.0,35.0,0.0,35.0,35.0,35.0,35.0,35.0,35.0,35.0,0.0,145.0,75.0,60.0,,,,
sphere,diameter,0.0475,95,36,-36.0,36.0,36.0,36.0,0.0,36.0,36.0,36.0,36.0,36.0,36.0,36.0,0.0,144.0,76.0,61.0,,,,
sphere,diameter,0.0475,95,37,-37.0,37.0,37.0,37.0,0.0,37.0,37.0,37.0,37.0,37.0,37.0,37.0,0.0,143.0,77.0,62.0,,,,
sphere,diameter,0.0475,95,38,-38.0,38.0,38.0,38.0,0.0,38.0,38.0,38.0,38.0,38.0,38.0,38.0,0.0,142.0,78.0,63.0,,,,
sphere,diameter,0.0475,95,39,-39.0,39.0,39.0,39.0,0.0,39.0,39.0,39.0,39.0,39.0,39.0,39.0,0.0,141.0,79.0,64.0,,,,
sphere,diameter,0.0475,95,40,-40.0,40.0,40.0,40.0,0.0,40.0,40.0,40.0,40.0,40.0,40.0,40.0,0.0,140.0,80.0,65.0,,,,
sphere,diameter,0.0475,95,41,-41.0,41.0,41.0,41.0,0.0,41.0,41.0,41.0,41.0,41.0,41.0,41.0,0.0,139.0,81.0,66.0,,,,
sphere,diameter,0.0475,95,42,-42.0,42.0,42.0,42.0,0.0,42.0,42.0,42.0,42.0,42.0,42.0,42.0,0.0,138.0,82.0,67.0,,,,
sphere,diameter,0.0475,95,43,-43.0,43.0,43.0,43.0,0.0,43.0,43.0,43.0,43.0,43.0,43.0,43.0,0.0,137.0,83.0,68.0,,,,
sphere,diameter,0.0475,95,44,-44.0,44.0,44.0,44.0,0.0,44.0,44.0,44.0,44.0,44.0,44.0,44.0,0.0,136.0,84.0,69.0,,,,
sphere,diameter,0.0475,95,45,-45.0,45.0,45.0,45.0,0.0,45.0,45.0,45.0,45.0,45.0,45.0,45.0,0.0,135.0,85.0,70.0,,,,
sphere,diameter,0.0475,95,46,-46.0,46.0,46.0,46.0,0.0,46.0,46.0,46.0,46.0,46.0,46.0,46.0,0.0,134.0,86.0,71.0,,,,
sphere,diameter,0.0475,95,47,-47.0,47.0,47.0,47.0,0.0,47.0,47.0,47.0,47.0,47.0,47.0,47.0,0.0,133.0,87.0,72.0,,,,
sphere,diameter,0.0475,95,48,-48.0,48.0,48.0,48.0,0.0,48.0,48.0,48.0,48.0,48.0,48.0,48.0,0.0,132.0,88.0,73.0,,,,
sphere,diameter,0.0475,95,49,-49.0,49.0,49.0,49.0,0.0,49.0,49.0,49.0,49.0,49.0,49.0,49.0,0.0,131.0,89.0,74.0,,,,
sphere,diameter,0.0475,95,50,-50.0,50.0,50.0,50.0,0.0,50.0,50.0,50.0,50.0,50.0,50.0,50.0,0.0,130.0,90.0,75.0,,,,
sphere,diameter,0.0475,95,51,-51.0,51.0,51.0,51.0,0.0,51.0,51.0,51.0,51.0,51.0,51.0,51.0,0.0,129.0,91.0,76.0,,,,
sphere,diameter,0.0475,95,52,-52.0,52.0,52.0,52.0,0.0,52.0,52.0,52.0,52.0,52.0,52.0,52.0,0.0,128.0,92.0,77.0,,,,
sphere,diameter,0.0475,95,53,-53.0,53.0,53.0,53.0,0.0,53.0,53.0,53.0,53.0,53.0,53.0,53.0,0.0,127.0,93.0,78.0,,,,
sphere,diameter,0.0475,95,54,-54.0,54.0,54.0,54.0,0.0,54.0,54.0,54.0,54.0,54.0,54.0,54.0,0.0,126.0,94.0,79.0,,,,
sphere,diameter,0.0475,95,55,-55.0,55.0,55.0,55.0,0.0,55.0,55.0,55.0,55.0,55.0,55.0,55.0,0.0,125.0,95.0,80.0,,,,
sphere,diameter,0.0475,95,56,-56.0,56.0,56.0,56.0,0.0,56.0,56.0,56.0,56.0,56.0,56.0,56.0,0.0,124.0,96.0,80.0,,,,
sphere,diameter,0.0475,95,57,-57.0,57.0,57.0,57.0,0.0,57.0,57.0,57.0,57.0,57.0,57.0,57.0,0.0,123.0,97.0,80.0,,,,
sphere,diameter,0.0475,95,58,-58.0,58.0,58.0,58.0,0.0,58.0,58.0,58.0,58.0,58.0,58.0,58.0,0.0,122.0,98.0,80.0,,,,
sphere,diameter,0.0475,95,59,-59.0,59.0,59.0,59.0,0.0,59.0,59.0,59.0,59.0,59.0,59.0,59.0,0.0,121.0,99.0,80.0,,,,
sphere,diameter,0.0475,95,60,-60.0,60.0,60.0,60.0,0.0,60.0,60.0,60.0,60.0,60.0,60.0,60.0,0.0,120.0,100.0,80.0,,,,
sphere,diameter,0.0475,95,61,-61.0,61.0,61.0,60.0,0.0,61.0,61.0,61.0,61.0,61.0,61.0,60.0,0.0,119.0,101.0,80.0,,,,
sphere,diameter,0.0475,95,62,-62.0,62.0,62.0,60.0,0.0,61.91015625,61.91015625,61.91015625,62.0,62.0,62.0,60.0,0.0,118.0,102.0,80.0,,contact,,
sphere,diameter,0.0475,95,63,-63.0,63.0,63.0,60.0,0.0,61.91015625,61.91015625,61.91015625,63.0,63.0,63.0,60.0,0.0,117.0,103.0,80.0,,contact,,
sphere,diameter,0.0475,95,64,-64.0,64.0,64.0,60.0,0.0,61.91015625,61.91015625,61.91015625,64.0,64.0,64.0,60.0,0.0,116.0,104.0,80.0,,contact,,
sphere,diameter,0.0475,95,65,-65.0,65.0,65.0,60.0,0.0,61.91015625,61.91015625,61.91015625,65.0,65.0,65.0,60.0,0.0,115.0,105.0,80.0,,contact,,
sphere,diameter,0.0475,95,66,-66.0,66.0,66.0,60.0,0.0,61.91015625,61.91015625,61.91015625,66.0,66.0,66.0,60.0,0.0,114.0,106.0,80.0,,contact,,
sphere,diameter,0.0475,95,67,-67.0,67.0,67.0,60.0,0.0,61.91015625,61.91015625,61.91015625,67.0,67.0,67.0,60.0,0.0,113.5390625,106.4609375,80.0,,contact,,contact
sphere,diameter,0.0475,95,68,-68.0,68.0,68.0,60.0,0.0,61.91015625,61.91015625,61.91015625,68.0,68.0,68.0,60.0,0.0,113.5390625,106.4609375,80.0,,contact,,contact
sphere,diameter,0.0475,95,69,-69.0,69.0,69.0,60.0,0.0,61.91015625,61.91015625,61.91015625,69.0,69.0,69.0,60.0,0.0,113.5390625,106.4609375,80.0,,contact,,contact
sphere,diameter,0.0475,95,70,-70.0,70.0,70.0,60.0,0.0,61.91015625,61.91015625,61.91015625,70.0,70.0,70.0,60.0,0.0,113.5390625,106.4609375,80.0,,contact,,contact
sphere,diameter,0.0475,95,71,-71.0,71.0,71.0,60.0,0.0,61.91015625,61.91015625,61.91015625,71.0,71.0,71.0,60.0,0.0,113.5390625,106.4609375,80.0,,contact,,contact
sphere,diameter,0.0475,95,72,-72.0,72.0,72.0,60.0,0.0,61.91015625,61.91015625,61.91015625,72.0,72.0,72.0,60.0,0.0,113.5390625,106.4609375,80.0,,contact,,contact
sphere,diameter,0.0475,95,73,-73.0,73.0,73.0,60.0,0.0,61.91015625,61.91015625,61.91015625,73.0,73.0,73.0,60.0,0.0,113.5390625,106.4609375,80.0,,contact,,contact
sphere,diameter,0.0475,95,74,-74.0,74.0,74.0,60.0,0.0,61.91015625,61.91015625,61.91015625,74.0,74.0,74.0,60.0,0.0,113.5390625,106.4609375,80.0,,contact,,contact
sphere,diameter,0.0475,95,75,-75.0,75.0,75.0,60.0,0.0,61.91015625,61.91015625,61.91015625,75.0,75.0,75.0,60.0,0.0,113.5390625,106.4609375,80.0,,contact,,contact
sphere,diameter,0.0475,95,76,-75.0,76.0,76.0,60.0,0.0,61.91015625,61.91015625,61.91015625,75.0,76.0,76.0,60.0,0.0,113.5390625,106.4609375,80.0,,contact,,contact
sphere,diameter,0.0475,95,77,-75.0,77.0,77.0,60.0,0.0,61.91015625,61.91015625,61.91015625,75.0,77.0,77.0,60.0,0.0,113.5390625,106.4609375,80.0,,contact,,contact
sphere,diameter,0.0475,95,78,-75.0,78.0,78.0,60.0,0.0,61.91015625,61.91015625,61.91015625,75.0,78.0,78.0,60.0,0.0,113.5390625,106.4609375,80.0,,contact,,contact
sphere,diameter,0.0475,95,79,-75.0,79.0,79.0,60.0,0.0,61.91015625,61.91015625,61.91015625,75.0,79.0,79.0,60.0,0.0,113.5390625,106.4609375,80.0,,contact,,contact
sphere,diameter,0.0475,95,80,-75.0,79.5390625,79.5390625,60.0,0.0,61.91015625,61.91015625,61.91015625,75.0,79.40234375,79.40234375,60.0,0.0,113.5390625,106.4609375,80.0,contact,contact,contact,contact
sphere,diameter,0.045,90,0,0.0,0.0,0.0,0.0,0.0,0.0,0.0,0.0,0.0,0.0,0.0,0.0,0.0,180.0,40.0,25.0,,,,
sphere,diameter,0.045,90,1,-1.0,1.0,1.0,1.0,0.0,1.0,1.0,1.0,1.0,1.0,1.0,1.0,0.0,179.0,41.0,26.0,,,,
sphere,diameter,0.045,90,2,-2.0,2.0,2.0,2.0,0.0,2.0,2.0,2.0,2.0,2.0,2.0,2.0,0.0,178.0,42.0,27.0,,,,
sphere,diameter,0.045,90,3,-3.0,3.0,3.0,3.0,0.0,3.0,3.0,3.0,3.0,3.0,3.0,3.0,0.0,177.0,43.0,28.0,,,,
sphere,diameter,0.045,90,4,-4.0,4.0,4.0,4.0,0.0,4.0,4.0,4.0,4.0,4.0,4.0,4.0,0.0,176.0,44.0,29.0,,,,
sphere,diameter,0.045,90,5,-5.0,5.0,5.0,5.0,0.0,5.0,5.0,5.0,5.0,5.0,5.0,5.0,0.0,175.0,45.0,30.0,,,,
sphere,diameter,0.045,90,6,-6.0,6.0,6.0,6.0,0.0,6.0,6.0,6.0,6.0,6.0,6.0,6.0,0.0,174.0,46.0,31.0,,,,
sphere,diameter,0.045,90,7,-7.0,7.0,7.0,7.0,0.0,7.0,7.0,7.0,7.0,7.0,7.0,7.0,0.0,173.0,47.0,32.0,,,,
sphere,diameter,0.045,90,8,-8.0,8.0,8.0,8.0,0.0,8.0,8.0,8.0,8.0,8.0,8.0,8.0,0.0,172.0,48.0,33.0,,,,
sphere,diameter,0.045,90,9,-9.0,9.0,9.0,9.0,0.0,9.0,9.0,9.0,9.0,9.0,9.0,9.0,0.0,171.0,49.0,34.0,,,,
sphere,diameter,0.045,90,10,-10.0,10.0,10.0,10.0,0.0,10.0,10.0,10.0,10.0,10.0,10.0,10.0,0.0,170.0,50.0,35.0,,,,
sphere,diameter,0.045,90,11,-11.0,11.0,11.0,11.0,0.0,11.0,11.0,11.0,11.0,11.0,11.0,11.0,0.0,169.0,51.0,36.0,,,,
sphere,diameter,0.045,90,12,-12.0,12.0,12.0,12.0,0.0,12.0,12.0,12.0,12.0,12.0,12.0,12.0,0.0,168.0,52.0,37.0,,,,
sphere,diameter,0.045,90,13,-13.0,13.0,13.0,13.0,0.0,13.0,13.0,13.0,13.0,13.0,13.0,13.0,0.0,167.0,53.0,38.0,,,,
sphere,diameter,0.045,90,14,-14.0,14.0,14.0,14.0,0.0,14.0,14.0,14.0,14.0,14.0,14.0,14.0,0.0,166.0,54.0,39.0,,,,
sphere,diameter,0.045,90,15,-15.0,15.0,15.0,15.0,0.0,15.0,15.0,15.0,15.0,15.0,15.0,15.0,0.0,165.0,55.0,40.0,,,,
sphere,diameter,0.045,90,16,-16.0,16.0,16.0,16.0,0.0,16.0,16.0,16.0,16.0,16.0,16.0,16.0,0.0,164.0,56.0,41.0,,,,
sphere,diameter,0.045,90,17,-17.0,17.0,17.0,17.0,0.0,17.0,17.0,17.0,17.0,17.0,17.0,17.0,0.0,163.0,57.0,42.0,,,,
sphere,diameter,0.045,90,18,-18.0,18.0,18.0,18.0,0.0,18.0,18.0,18.0,18.0,18.0,18.0,18.0,0.0,162.0,58.0,43.0,,,,
sphere,diameter,0.045,90,19,-19.0,19.0,19.0,19.0,0.0,19.0,19.0,19.0,19.0,19.0,19.0,19.0,0.0,161.0,59.0,44.0,,,,
sphere,diameter,0.045,90,20,-20.0,20.0,20.0,20.0,0.0,20.0,20.0,20.0,20.0,20.0,20.0,20.0,0.0,160.0,60.0,45.0,,,,
sphere,diameter,0.045,90,21,-21.0,21.0,21.0,21.0,0.0,21.0,21.0,21.0,21.0,21.0,21.0,21.0,0.0,159.0,61.0,46.0,,,,
sphere,diameter,0.045,90,22,-22.0,22.0,22.0,22.0,0.0,22.0,22.0,22.0,22.0,22.0,22.0,22.0,0.0,158.0,62.0,47.0,,,,
sphere,diameter,0.045,90,23,-23.0,23.0,23.0,23.0,0.0,23.0,23.0,23.0,23.0,23.0,23.0,23.0,0.0,157.0,63.0,48.0,,,,
sphere,diameter,0.045,90,24,-24.0,24.0,24.0,24.0,0.0,24.0,24.0,24.0,24.0,24.0,24.0,24.0,0.0,156.0,64.0,49.0,,,,
sphere,diameter,0.045,90,25,-25.0,25.0,25.0,25.0,0.0,25.0,25.0,25.0,25.0,25.0,25.0,25.0,0.0,155.0,65.0,50.0,,,,
sphere,diameter,0.045,90,26,-26.0,26.0,26.0,26.0,0.0,26.0,26.0,26.0,26.0,26.0,26.0,26.0,0.0,154.0,66.0,51.0,,,,
sphere,diameter,0.045,90,27,-27.0,27.0,27.0,27.0,0.0,27.0,27.0,27.0,27.0,27.0,27.0,27.0,0.0,153.0,67.0,52.0,,,,
sphere,diameter,0.045,90,28,-28.0,28.0,28.0,28.0,0.0,28.0,28.0,28.0,28.0,28.0,28.0,28.0,0.0,152.0,68.0,53.0,,,,
sphere,diameter,0.045,90,29,-29.0,29.0,29.0,29.0,0.0,29.0,29.0,29.0,29.0,29.0,29.0,29.0,0.0,151.0,69.0,54.0,,,,
sphere,diameter,0.045,90,30,-30.0,30.0,30.0,30.0,0.0,30.0,30.0,30.0,30.0,30.0,30.0,30.0,0.0,150.0,70.0,55.0,,,,
sphere,diameter,0.045,90,31,-31.0,31.0,31.0,31.0,0.0,31.0,31.0,31.0,31.0,31.0,31.0,31.0,0.0,149.0,71.0,56.0,,,,
sphere,diameter,0.045,90,32,-32.0,32.0,32.0,32.0,0.0,32.0,32.0,32.0,32.0,32.0,32.0,32.0,0.0,148.0,72.0,57.0,,,,
sphere,diameter,0.045,90,33,-33.0,33.0,33.0,33.0,0.0,33.0,33.0,33.0,33.0,33.0,33.0,33.0,0.0,147.0,73.0,58.0,,,,
sphere,diameter,0.045,90,34,-34.0,34.0,34.0,34.0,0.0,34.0,34.0,34.0,34.0,34.0,34.0,34.0,0.0,146.0,74.0,59.0,,,,
sphere,diameter,0.045,90,35,-35.0,35.0,35.0,35.0,0.0,35.0,35.0,35.0,35.0,35.0,35.0,35.0,0.0,145.0,75.0,60.0,,,,
sphere,diameter,0.045,90,36,-36.0,36.0,36.0,36.0,0.0,36.0,36.0,36.0,36.0,36.0,36.0,36.0,0.0,144.0,76.0,61.0,,,,
sphere,diameter,0.045,90,37,-37.0,37.0,37.0,37.0,0.0,37.0,37.0,37.0,37.0,37.0,37.0,37.0,0.0,143.0,77.0,62.0,,,,
sphere,diameter,0.045,90,38,-38.0,38.0,38.0,38.0,0.0,38.0,38.0,38.0,38.0,38.0,38.0,38.0,0.0,142.0,78.0,63.0,,,,
sphere,diameter,0.045,90,39,-39.0,39.0,39.0,39.0,0.0,39.0,39.0,39.0,39.0,39.0,39.0,39.0,0.0,141.0,79.0,64.0,,,,
sphere,diameter,0.045,90,40,-40.0,40.0,40.0,40.0,0.0,40.0,40.0,40.0,40.0,40.0,40.0,40.0,0.0,140.0,80.0,65.0,,,,
sphere,diameter,0.045,90,41,-41.0,41.0,41.0,41.0,0.0,41.0,41.0,41.0,41.0,41.0,41.0,41.0,0.0,139.0,81.0,66.0,,,,
sphere,diameter,0.045,90,42,-42.0,42.0,42.0,42.0,0.0,42.0,42.0,42.0,42.0,42.0,42.0,42.0,0.0,138.0,82.0,67.0,,,,
sphere,diameter,0.045,90,43,-43.0,43.0,43.0,43.0,0.0,43.0,43.0,43.0,43.0,43.0,43.0,43.0,0.0,137.0,83.0,68.0,,,,
sphere,diameter,0.045,90,44,-44.0,44.0,44.0,44.0,0.0,44.0,44.0,44.0,44.0,44.0,44.0,44.0,0.0,136.0,84.0,69.0,,,,
sphere,diameter,0.045,90,45,-45.0,45.0,45.0,45.0,0.0,45.0,45.0,45.0,45.0,45.0,45.0,45.0,0.0,135.0,85.0,70.0,,,,
sphere,diameter,0.045,90,46,-46.0,46.0,46.0,46.0,0.0,46.0,46.0,46.0,46.0,46.0,46.0,46.0,0.0,134.0,86.0,71.0,,,,
sphere,diameter,0.045,90,47,-47.0,47.0,47.0,47.0,0.0,47.0,47.0,47.0,47.0,47.0,47.0,47.0,0.0,133.0,87.0,72.0,,,,
sphere,diameter,0.045,90,48,-48.0,48.0,48.0,48.0,0.0,48.0,48.0,48.0,48.0,48.0,48.0,48.0,0.0,132.0,88.0,73.0,,,,
sphere,diameter,0.045,90,49,-49.0,49.0,49.0,49.0,0.0,49.0,49.0,49.0,49.0,49.0,49.0,49.0,0.0,131.0,89.0,74.0,,,,
sphere,diameter,0.045,90,50,-50.0,50.0,50.0,50.0,0.0,50.0,50.0,50.0,50.0,50.0,50.0,50.0,0.0,130.0,90.0,75.0,,,,
sphere,diameter,0.045,90,51,-51.0,51.0,51.0,51.0,0.0,51.0,51.0,51.0,51.0,51.0,51.0,51.0,0.0,129.0,91.0,76.0,,,,
sphere,diameter,0.045,90,52,-52.0,52.0,52.0,52.0,0.0,52.0,52.0,52.0,52.0,52.0,52.0,52.0,0.0,128.0,92.0,77.0,,,,
sphere,diameter,0.045,90,53,-53.0,53.0,53.0,53.0,0.0,53.0,53.0,53.0,53.0,53.0,53.0,53.0,0.0,127.0,93.0,78.0,,,,
sphere,diameter,0.045,90,54,-54.0,54.0,54.0,54.0,0.0,54.0,54.0,54.0,54.0,54.0,54.0,54.0,0.0,126.0,94.0,79.0,,,,
sphere,diameter,0.045,90,55,-55.0,55.0,55.0,55.0,0.0,55.0,55.0,55.0,55.0,55.0,55.0,55.0,0.0,125.0,95.0,80.0,,,,
sphere,diameter,0.045,90,56,-56.0,56.0,56.0,56.0,0.0,56.0,56.0,56.0,56.0,56.0,56.0,56.0,0.0,124.0,96.0,80.0,,,,
sphere,diameter,0.045,90,57,-57.0,57.0,57.0,57.0,0.0,57.0,57.0,57.0,57.0,57.0,57.0,57.0,0.0,123.0,97.0,80.0,,,,
sphere,diameter,0.045,90,58,-58.0,58.0,58.0,58.0,0.0,58.0,58.0,58.0,58.0,58.0,58.0,58.0,0.0,122.0,98.0,80.0,,,,
sphere,diameter,0.045,90,59,-59.0,59.0,59.0,59.0,0.0,59.0,59.0,59.0,59.0,59.0,59.0,59.0,0.0,121.0,99.0,80.0,,,,
sphere,diameter,0.045,90,60,-60.0,60.0,60.0,60.0,0.0,60.0,60.0,60.0,60.0,60.0,60.0,60.0,0.0,120.0,100.0,80.0,,,,
sphere,diameter,0.045,90,61,-61.0,61.0,61.0,60.0,0.0,61.0,61.0,61.0,61.0,61.0,61.0,60.0,0.0,119.0,101.0,80.0,,,,
sphere,diameter,0.045,90,62,-62.0,62.0,62.0,60.0,0.0,62.0,62.0,62.0,62.0,62.0,62.0,60.0,0.0,118.0,102.0,80.0,,,,
sphere,diameter,0.045,90,63,-63.0,63.0,63.0,60.0,0.0,62.7265625,62.7265625,62.7265625,63.0,63.0,63.0,60.0,0.0,117.0,103.0,80.0,,contact,,
sphere,diameter,0.045,90,64,-64.0,64.0,64.0,60.0,0.0,62.7265625,62.7265625,62.7265625,64.0,64.0,64.0,60.0,0.0,116.0,104.0,80.0,,contact,,
sphere,diameter,0.045,90,65,-65.0,65.0,65.0,60.0,0.0,62.7265625,62.7265625,62.7265625,65.0,65.0,65.0,60.0,0.0,115.0,105.0,80.0,,contact,,
sphere,diameter,0.045,90,66,-66.0,66.0,66.0,60.0,0.0,62.7265625,62.7265625,62.7265625,66.0,66.0,66.0,60.0,0.0,114.0,106.0,80.0,,contact,,
sphere,diameter,0.045,90,67,-67.0,67.0,67.0,60.0,0.0,62.7265625,62.7265625,62.7265625,67.0,67.0,67.0,60.0,0.0,113.0,107.0,80.0,,contact,,
sphere,diameter,0.045,90,68,-68.0,68.0,68.0,60.0,0.0,62.7265625,62.7265625,62.7265625,68.0,68.0,68.0,60.0,0.0,112.37109375,107.62890625,80.0,,contact,,contact
sphere,diameter,0.045,90,69,-69.0,69.0,69.0,60.0,0.0,62.7265625,62.7265625,62.7265625,69.0,69.0,69.0,60.0,0.0,112.37109375,107.62890625,80.0,,contact,,contact
sphere,diameter,0.045,90,70,-70.0,70.0,70.0,60.0,0.0,62.7265625,62.7265625,62.7265625,70.0,70.0,70.0,60.0,0.0,112.37109375,107.62890625,80.0,,contact,,contact
sphere,diameter,0.045,90,71,-71.0,71.0,71.0,60.0,0.0,62.7265625,62.7265625,62.7265625,71.0,71.0,71.0,60.0,0.0,112.37109375,107.62890625,80.0,,contact,,contact
sphere,diameter,0.045,90,72,-72.0,72.0,72.0,60.0,0.0,62.7265625,62.7265625,62.7265625,72.0,72.0,72.0,60.0,0.0,112.37109375,107.62890625,80.0,,contact,,contact
sphere,diameter,0.045,90,73,-73.0,73.0,73.0,60.0,0.0,62.7265625,62.7265625,62.7265625,73.0,73.0,73.0,60.0,0.0,112.37109375,107.62890625,80.0,,contact,,contact
sphere,diameter,0.045,90,74,-74.0,74.0,74.0,60.0,0.0,62.7265625,62.7265625,62.7265625,74.0,74.0,74.0,60.0,0.0,112.37109375,107.62890625,80.0,,contact,,contact
sphere,diameter,0.045,90,75,-75.0,75.0,75.0,60.0,0.0,62.7265625,62.7265625,62.7265625,75.0,75.0,75.0,60.0,0.0,112.37109375,107.62890625,80.0,,contact,,contact
sphere,diameter,0.045,90,76,-75.0,76.0,76.0,60.0,0.0,62.7265625,62.7265625,62.7265625,75.0,76.0,76.0,60.0,0.0,112.37109375,107.62890625,80.0,,contact,,contact
sphere,diameter,0.045,90,77,-75.0,77.0,77.0,60.0,0.0,62.7265625,62.7265625,62.7265625,75.0,77.0,77.0,60.0,0.0,112.37109375,107.62890625,80.0,,contact,,contact
sphere,diameter,0.045,90,78,-75.0,78.0,78.0,60.0,0.0,62.7265625,62.7265625,62.7265625,75.0,78.0,78.0,60.0,0.0,112.37109375,107.62890625,80.0,,contact,,contact
sphere,diameter,0.045,90,79,-75.0,79.0,79.0,60.0,0.0,62.7265625,62.7265625,62.7265625,75.0,79.0,79.0,60.0,0.0,112.37109375,107.62890625,80.0,,contact,,contact
sphere,diameter,0.045,90,80,-75.0,80.0,80.0,60.0,0.0,62.7265625,62.7265625,62.7265625,75.0,80.0,80.0,60.0,0.0,112.37109375,107.62890625,80.0,,contact,,contact
sphere,diameter,0.045,90,81,-75.0,80.75390625,80.75390625,60.0,0.0,62.7265625,62.7265625,62.7265625,75.0,80.6171875,80.6171875,60.0,0.0,112.37109375,107.62890625,80.0,contact,contact,contact,contact
sphere,diameter,0.0425,85,0,0.0,0.0,0.0,0.0,0.0,0.0,0.0,0.0,0.0,0.0,0.0,0.0,0.0,180.0,40.0,25.0,,,,
sphere,diameter,0.0425,85,1,-1.0,1.0,1.0,1.0,0.0,1.0,1.0,1.0,1.0,1.0,1.0,1.0,0.0,179.0,41.0,26.0,,,,
sphere,diameter,0.0425,85,2,-2.0,2.0,2.0,2.0,0.0,2.0,2.0,2.0,2.0,2.0,2.0,2.0,0.0,178.0,42.0,27.0,,,,
sphere,diameter,0.0425,85,3,-3.0,3.0,3.0,3.0,0.0,3.0,3.0,3.0,3.0,3.0,3.0,3.0,0.0,177.0,43.0,28.0,,,,
sphere,diameter,0.0425,85,4,-4.0,4.0,4.0,4.0,0.0,4.0,4.0,4.0,4.0,4.0,4.0,4.0,0.0,176.0,44.0,29.0,,,,
sphere,diameter,0.0425,85,5,-5.0,5.0,5.0,5.0,0.0,5.0,5.0,5.0,5.0,5.0,5.0,5.0,0.0,175.0,45.0,30.0,,,,
sphere,diameter,0.0425,85,6,-6.0,6.0,6.0,6.0,0.0,6.0,6.0,6.0,6.0,6.0,6.0,6.0,0.0,174.0,46.0,31.0,,,,
sphere,diameter,0.0425,85,7,-7.0,7.0,7.0,7.0,0.0,7.0,7.0,7.0,7.0,7.0,7.0,7.0,0.0,173.0,47.0,32.0,,,,
sphere,diameter,0.0425,85,8,-8.0,8.0,8.0,8.0,0.0,8.0,8.0,8.0,8.0,8.0,8.0,8.0,0.0,172.0,48.0,33.0,,,,
sphere,diameter,0.0425,85,9,-9.0,9.0,9.0,9.0,0.0,9.0,9.0,9.0,9.0,9.0,9.0,9.0,0.0,171.0,49.0,34.0,,,,
sphere,diameter,0.0425,85,10,-10.0,10.0,10.0,10.0,0.0,10.0,10.0,10.0,10.0,10.0,10.0,10.0,0.0,170.0,50.0,35.0,,,,
sphere,diameter,0.0425,85,11,-11.0,11.0,11.0,11.0,0.0,11.0,11.0,11.0,11.0,11.0,11.0,11.0,0.0,169.0,51.0,36.0,,,,
sphere,diameter,0.0425,85,12,-12.0,12.0,12.0,12.0,0.0,12.0,12.0,12.0,12.0,12.0,12.0,12.0,0.0,168.0,52.0,37.0,,,,
sphere,diameter,0.0425,85,13,-13.0,13.0,13.0,13.0,0.0,13.0,13.0,13.0,13.0,13.0,13.0,13.0,0.0,167.0,53.0,38.0,,,,
sphere,diameter,0.0425,85,14,-14.0,14.0,14.0,14.0,0.0,14.0,14.0,14.0,14.0,14.0,14.0,14.0,0.0,166.0,54.0,39.0,,,,
sphere,diameter,0.0425,85,15,-15.0,15.0,15.0,15.0,0.0,15.0,15.0,15.0,15.0,15.0,15.0,15.0,0.0,165.0,55.0,40.0,,,,
sphere,diameter,0.0425,85,16,-16.0,16.0,16.0,16.0,0.0,16.0,16.0,16.0,16.0,16.0,16.0,16.0,0.0,164.0,56.0,41.0,,,,
sphere,diameter,0.0425,85,17,-17.0,17.0,17.0,17.0,0.0,17.0,17.0,17.0,17.0,17.0,17.0,17.0,0.0,163.0,57.0,42.0,,,,
sphere,diameter,0.0425,85,18,-18.0,18.0,18.0,18.0,0.0,18.0,18.0,18.0,18.0,18.0,18.0,18.0,0.0,162.0,58.0,43.0,,,,
sphere,diameter,0.0425,85,19,-19.0,19.0,19.0,19.0,0.0,19.0,19.0,19.0,19.0,19.0,19.0,19.0,0.0,161.0,59.0,44.0,,,,
sphere,diameter,0.0425,85,20,-20.0,20.0,20.0,20.0,0.0,20.0,20.0,20.0,20.0,20.0,20.0,20.0,0.0,160.0,60.0,45.0,,,,
sphere,diameter,0.0425,85,21,-21.0,21.0,21.0,21.0,0.0,21.0,21.0,21.0,21.0,21.0,21.0,21.0,0.0,159.0,61.0,46.0,,,,
sphere,diameter,0.0425,85,22,-22.0,22.0,22.0,22.0,0.0,22.0,22.0,22.0,22.0,22.0,22.0,22.0,0.0,158.0,62.0,47.0,,,,
sphere,diameter,0.0425,85,23,-23.0,23.0,23.0,23.0,0.0,23.0,23.0,23.0,23.0,23.0,23.0,23.0,0.0,157.0,63.0,48.0,,,,
sphere,diameter,0.0425,85,24,-24.0,24.0,24.0,24.0,0.0,24.0,24.0,24.0,24.0,24.0,24.0,24.0,0.0,156.0,64.0,49.0,,,,
sphere,diameter,0.0425,85,25,-25.0,25.0,25.0,25.0,0.0,25.0,25.0,25.0,25.0,25.0,25.0,25.0,0.0,155.0,65.0,50.0,,,,
sphere,diameter,0.0425,85,26,-26.0,26.0,26.0,26.0,0.0,26.0,26.0,26.0,26.0,26.0,26.0,26.0,0.0,154.0,66.0,51.0,,,,
sphere,diameter,0.0425,85,27,-27.0,27.0,27.0,27.0,0.0,27.0,27.0,27.0,27.0,27.0,27.0,27.0,0.0,153.0,67.0,52.0,,,,
sphere,diameter,0.0425,85,28,-28.0,28.0,28.0,28.0,0.0,28.0,28.0,28.0,28.0,28.0,28.0,28.0,0.0,152.0,68.0,53.0,,,,
sphere,diameter,0.0425,85,29,-29.0,29.0,29.0,29.0,0.0,29.0,29.0,29.0,29.0,29.0,29.0,29.0,0.0,151.0,69.0,54.0,,,,
sphere,diameter,0.0425,85,30,-30.0,30.0,30.0,30.0,0.0,30.0,30.0,30.0,30.0,30.0,30.0,30.0,0.0,150.0,70.0,55.0,,,,
sphere,diameter,0.0425,85,31,-31.0,31.0,31.0,31.0,0.0,31.0,31.0,31.0,31.0,31.0,31.0,31.0,0.0,149.0,71.0,56.0,,,,
sphere,diameter,0.0425,85,32,-32.0,32.0,32.0,32.0,0.0,32.0,32.0,32.0,32.0,32.0,32.0,32.0,0.0,148.0,72.0,57.0,,,,
sphere,diameter,0.0425,85,33,-33.0,33.0,33.0,33.0,0.0,33.0,33.0,33.0,33.0,33.0,33.0,33.0,0.0,147.0,73.0,58.0,,,,
sphere,diameter,0.0425,85,34,-34.0,34.0,34.0,34.0,0.0,34.0,34.0,34.0,34.0,34.0,34.0,34.0,0.0,146.0,74.0,59.0,,,,
sphere,diameter,0.0425,85,35,-35.0,35.0,35.0,35.0,0.0,35.0,35.0,35.0,35.0,35.0,35.0,35.0,0.0,145.0,75.0,60.0,,,,
sphere,diameter,0.0425,85,36,-36.0,36.0,36.0,36.0,0.0,36.0,36.0,36.0,36.0,36.0,36.0,36.0,0.0,144.0,76.0,61.0,,,,
sphere,diameter,0.0425,85,37,-37.0,37.0,37.0,37.0,0.0,37.0,37.0,37.0,37.0,37.0,37.0,37.0,0.0,143.0,77.0,62.0,,,,
sphere,diameter,0.0425,85,38,-38.0,38.0,38.0,38.0,0.0,38.0,38.0,38.0,38.0,38.0,38.0,38.0,0.0,142.0,78.0,63.0,,,,
sphere,diameter,0.0425,85,39,-39.0,39.0,39.0,39.0,0.0,39.0,39.0,39.0,39.0,39.0,39.0,39.0,0.0,141.0,79.0,64.0,,,,
sphere,diameter,0.0425,85,40,-40.0,40.0,40.0,40.0,0.0,40.0,40.0,40.0,40.0,40.0,40.0,40.0,0.0,140.0,80.0,65.0,,,,
sphere,diameter,0.0425,85,41,-41.0,41.0,41.0,41.0,0.0,41.0,41.0,41.0,41.0,41.0,41.0,41.0,0.0,139.0,81.0,66.0,,,,
sphere,diameter,0.0425,85,42,-42.0,42.0,42.0,42.0,0.0,42.0,42.0,42.0,42.0,42.0,42.0,42.0,0.0,138.0,82.0,67.0,,,,
sphere,diameter,0.0425,85,43,-43.0,43.0,43.0,43.0,0.0,43.0,43.0,43.0,43.0,43.0,43.0,43.0,0.0,137.0,83.0,68.0,,,,
sphere,diameter,0.0425,85,44,-44.0,44.0,44.0,44.0,0.0,44.0,44.0,44.0,44.0,44.0,44.0,44.0,0.0,136.0,84.0,69.0,,,,
sphere,diameter,0.0425,85,45,-45.0,45.0,45.0,45.0,0.0,45.0,45.0,45.0,45.0,45.0,45.0,45.0,0.0,135.0,85.0,70.0,,,,
sphere,diameter,0.0425,85,46,-46.0,46.0,46.0,46.0,0.0,46.0,46.0,46.0,46.0,46.0,46.0,46.0,0.0,134.0,86.0,71.0,,,,
sphere,diameter,0.0425,85,47,-47.0,47.0,47.0,47.0,0.0,47.0,47.0,47.0,47.0,47.0,47.0,47.0,0.0,133.0,87.0,72.0,,,,
sphere,diameter,0.0425,85,48,-48.0,48.0,48.0,48.0,0.0,48.0,48.0,48.0,48.0,48.0,48.0,48.0,0.0,132.0,88.0,73.0,,,,
sphere,diameter,0.0425,85,49,-49.0,49.0,49.0,49.0,0.0,49.0,49.0,49.0,49.0,49.0,49.0,49.0,0.0,131.0,89.0,74.0,,,,
sphere,diameter,0.0425,85,50,-50.0,50.0,50.0,50.0,0.0,50.0,50.0,50.0,50.0,50.0,50.0,50.0,0.0,130.0,90.0,75.0,,,,
sphere,diameter,0.0425,85,51,-51.0,51.0,51.0,51.0,0.0,51.0,51.0,51.0,51.0,51.0,51.0,51.0,0.0,129.0,91.0,76.0,,,,
sphere,diameter,0.0425,85,52,-52.0,52.0,52.0,52.0,0.0,52.0,52.0,52.0,52.0,52.0,52.0,52.0,0.0,128.0,92.0,77.0,,,,
sphere,diameter,0.0425,85,53,-53.0,53.0,53.0,53.0,0.0,53.0,53.0,53.0,53.0,53.0,53.0,53.0,0.0,127.0,93.0,78.0,,,,
sphere,diameter,0.0425,85,54,-54.0,54.0,54.0,54.0,0.0,54.0,54.0,54.0,54.0,54.0,54.0,54.0,0.0,126.0,94.0,79.0,,,,
sphere,diameter,0.0425,85,55,-55.0,55.0,55.0,55.0,0.0,55.0,55.0,55.0,55.0,55.0,55.0,55.0,0.0,125.0,95.0,80.0,,,,
sphere,diameter,0.0425,85,56,-56.0,56.0,56.0,56.0,0.0,56.0,56.0,56.0,56.0,56.0,56.0,56.0,0.0,124.0,96.0,80.0,,,,
sphere,diameter,0.0425,85,57,-57.0,57.0,57.0,57.0,0.0,57.0,57.0,57.0,57.0,57.0,57.0,57.0,0.0,123.0,97.0,80.0,,,,
sphere,diameter,0.0425,85,58,-58.0,58.0,58.0,58.0,0.0,58.0,58.0,58.0,58.0,58.0,58.0,58.0,0.0,122.0,98.0,80.0,,,,
sphere,diameter,0.0425,85,59,-59.0,59.0,59.0,59.0,0.0,59.0,59.0,59.0,59.0,59.0,59.0,59.0,0.0,121.0,99.0,80.0,,,,
sphere,diameter,0.0425,85,60,-60.0,60.0,60.0,60.0,0.0,60.0,60.0,60.0,60.0,60.0,60.0,60.0,0.0,120.0,100.0,80.0,,,,
sphere,diameter,0.0425,85,61,-61.0,61.0,61.0,60.0,0.0,61.0,61.0,61.0,61.0,61.0,61.0,60.0,0.0,119.0,101.0,80.0,,,,
sphere,diameter,0.0425,85,62,-62.0,62.0,62.0,60.0,0.0,62.0,62.0,62.0,62.0,62.0,62.0,60.0,0.0,118.0,102.0,80.0,,,,
sphere,diameter,0.0425,85,63,-63.0,63.0,63.0,60.0,0.0,63.0,63.0,63.0,63.0,63.0,63.0,60.0,0.0,117.0,103.0,80.0,,,,
sphere,diameter,0.0425,85,64,-64.0,64.0,64.0,60.0,0.0,63.5625,63.5625,63.5625,64.0,64.0,64.0,60.0,0.0,116.0,104.0,80.0,,contact,,
sphere,diameter,0.0425,85,65,-65.0,65.0,65.0,60.0,0.0,63.5625,63.5625,63.5625,65.0,65.0,65.0,60.0,0.0,115.0,105.0,80.0,,contact,,
sphere,diameter,0.0425,85,66,-66.0,66.0,66.0,60.0,0.0,63.5625,63.5625,63.5625,66.0,66.0,66.0,60.0,0.0,114.0,106.0,80.0,,contact,,
sphere,diameter,0.0425,85,67,-67.0,67.0,67.0,60.0,0.0,63.5625,63.5625,63.5625,67.0,67.0,67.0,60.0,0.0,113.0,107.0,80.0,,contact,,
sphere,diameter,0.0425,85,68,-68.0,68.0,68.0,60.0,0.0,63.5625,63.5625,63.5625,68.0,68.0,68.0,60.0,0.0,112.0,108.0,80.0,,contact,,
sphere,diameter,0.0425,85,69,-69.0,69.0,69.0,60.0,0.0,63.5625,63.5625,63.5625,69.0,69.0,69.0,60.0,0.0,111.140625,108.859375,80.0,,contact,,contact
sphere,diameter,0.0425,85,70,-70.0,70.0,70.0,60.0,0.0,63.5625,63.5625,63.5625,70.0,70.0,70.0,60.0,0.0,111.140625,108.859375,80.0,,contact,,contact
sphere,diameter,0.0425,85,71,-71.0,71.0,71.0,60.0,0.0,63.5625,63.5625,63.5625,71.0,71.0,71.0,60.0,0.0,111.140625,108.859375,80.0,,contact,,contact
sphere,diameter,0.0425,85,72,-72.0,72.0,72.0,60.0,0.0,63.5625,63.5625,63.5625,72.0,72.0,72.0,60.0,0.0,111.140625,108.859375,80.0,,contact,,contact
sphere,diameter,0.0425,85,73,-73.0,73.0,73.0,60.0,0.0,63.5625,63.5625,63.5625,73.0,73.0,73.0,60.0,0.0,111.140625,108.859375,80.0,,contact,,contact
sphere,diameter,0.0425,85,74,-74.0,74.0,74.0,60.0,0.0,63.5625,63.5625,63.5625,74.0,74.0,74.0,60.0,0.0,111.140625,108.859375,80.0,,contact,,contact
sphere,diameter,0.0425,85,75,-75.0,75.0,75.0,60.0,0.0,63.5625,63.5625,63.5625,75.0,75.0,75.0,60.0,0.0,111.140625,108.859375,80.0,,contact,,contact
sphere,diameter,0.0425,85,76,-75.0,76.0,76.0,60.0,0.0,63.5625,63.5625,63.5625,75.0,76.0,76.0,60.0,0.0,111.140625,108.859375,80.0,,contact,,contact
sphere,diameter,0.0425,85,77,-75.0,77.0,77.0,60.0,0.0,63.5625,63.5625,63.5625,75.0,77.0,77.0,60.0,0.0,111.140625,108.859375,80.0,,contact,,contact
sphere,diameter,0.0425,85,78,-75.0,78.0,78.0,60.0,0.0,63.5625,63.5625,63.5625,75.0,78.0,78.0,60.0,0.0,111.140625,108.859375,80.0,,contact,,contact
sphere,diameter,0.0425,85,79,-75.0,79.0,79.0,60.0,0.0,63.5625,63.5625,63.5625,75.0,79.0,79.0,60.0,0.0,111.140625,108.859375,80.0,,contact,,contact
sphere,diameter,0.0425,85,80,-75.0,80.0,80.0,60.0,0.0,63.5625,63.5625,63.5625,75.0,80.0,80.0,60.0,0.0,111.140625,108.859375,80.0,,contact,,contact
sphere,diameter,0.0425,85,81,-75.0,81.0,81.0,60.0,0.0,63.5625,63.5625,63.5625,75.0,81.0,81.0,60.0,0.0,111.140625,108.859375,80.0,,contact,,contact
sphere,diameter,0.0425,85,82,-75.0,81.984375,81.984375,60.0,0.0,63.5625,63.5625,63.5625,75.0,81.8515625,81.8515625,60.0,0.0,111.140625,108.859375,80.0,contact,contact,contact,contact
sphere,diameter,0.04,80,0,0.0,0.0,0.0,0.0,0.0,0.0,0.0,0.0,0.0,0.0,0.0,0.0,0.0,180.0,40.0,25.0,,,,
sphere,diameter,0.04,80,1,-1.0,1.0,1.0,1.0,0.0,1.0,1.0,1.0,1.0,1.0,1.0,1.0,0.0,179.0,41.0,26.0,,,,
sphere,diameter,0.04,80,2,-2.0,2.0,2.0,2.0,0.0,2.0,2.0,2.0,2.0,2.0,2.0,2.0,0.0,178.0,42.0,27.0,,,,
sphere,diameter,0.04,80,3,-3.0,3.0,3.0,3.0,0.0,3.0,3.0,3.0,3.0,3.0,3.0,3.0,0.0,177.0,43.0,28.0,,,,
sphere,diameter,0.04,80,4,-4.0,4.0,4.0,4.0,0.0,4.0,4.0,4.0,4.0,4.0,4.0,4.0,0.0,176.0,44.0,29.0,,,,
sphere,diameter,0.04,80,5,-5.0,5.0,5.0,5.0,0.0,5.0,5.0,5.0,5.0,5.0,5.0,5.0,0.0,175.0,45.0,30.0,,,,
sphere,diameter,0.04,80,6,-6.0,6.0,6.0,6.0,0.0,6.0,6.0,6.0,6.0,6.0,6.0,6.0,0.0,174.0,46.0,31.0,,,,
sphere,diameter,0.04,80,7,-7.0,7.0,7.0,7.0,0.0,7.0,7.0,7.0,7.0,7.0,7.0,7.0,0.0,173.0,47.0,32.0,,,,
sphere,diameter,0.04,80,8,-8.0,8.0,8.0,8.0,0.0,8.0,8.0,8.0,8.0,8.0,8.0,8.0,0.0,172.0,48.0,33.0,,,,
sphere,diameter,0.04,80,9,-9.0,9.0,9.0,9.0,0.0,9.0,9.0,9.0,9.0,9.0,9.0,9.0,0.0,171.0,49.0,34.0,,,,
sphere,diameter,0.04,80,10,-10.0,10.0,10.0,10.0,0.0,10.0,10.0,10.0,10.0,10.0,10.0,10.0,0.0,170.0,50.0,35.0,,,,
sphere,diameter,0.04,80,11,-11.0,11.0,11.0,11.0,0.0,11.0,11.0,11.0,11.0,11.0,11.0,11.0,0.0,169.0,51.0,36.0,,,,
sphere,diameter,0.04,80,12,-12.0,12.0,12.0,12.0,0.0,12.0,12.0,12.0,12.0,12.0,12.0,12.0,0.0,168.0,52.0,37.0,,,,
sphere,diameter,0.04,80,13,-13.0,13.0,13.0,13.0,0.0,13.0,13.0,13.0,13.0,13.0,13.0,13.0,0.0,167.0,53.0,38.0,,,,
sphere,diameter,0.04,80,14,-14.0,14.0,14.0,14.0,0.0,14.0,14.0,14.0,14.0,14.0,14.0,14.0,0.0,166.0,54.0,39.0,,,,
sphere,diameter,0.04,80,15,-15.0,15.0,15.0,15.0,0.0,15.0,15.0,15.0,15.0,15.0,15.0,15.0,0.0,165.0,55.0,40.0,,,,
sphere,diameter,0.04,80,16,-16.0,16.0,16.0,16.0,0.0,16.0,16.0,16.0,16.0,16.0,16.0,16.0,0.0,164.0,56.0,41.0,,,,
sphere,diameter,0.04,80,17,-17.0,17.0,17.0,17.0,0.0,17.0,17.0,17.0,17.0,17.0,17.0,17.0,0.0,163.0,57.0,42.0,,,,
sphere,diameter,0.04,80,18,-18.0,18.0,18.0,18.0,0.0,18.0,18.0,18.0,18.0,18.0,18.0,18.0,0.0,162.0,58.0,43.0,,,,
sphere,diameter,0.04,80,19,-19.0,19.0,19.0,19.0,0.0,19.0,19.0,19.0,19.0,19.0,19.0,19.0,0.0,161.0,59.0,44.0,,,,
sphere,diameter,0.04,80,20,-20.0,20.0,20.0,20.0,0.0,20.0,20.0,20.0,20.0,20.0,20.0,20.0,0.0,160.0,60.0,45.0,,,,
sphere,diameter,0.04,80,21,-21.0,21.0,21.0,21.0,0.0,21.0,21.0,21.0,21.0,21.0,21.0,21.0,0.0,159.0,61.0,46.0,,,,
sphere,diameter,0.04,80,22,-22.0,22.0,22.0,22.0,0.0,22.0,22.0,22.0,22.0,22.0,22.0,22.0,0.0,158.0,62.0,47.0,,,,
sphere,diameter,0.04,80,23,-23.0,23.0,23.0,23.0,0.0,23.0,23.0,23.0,23.0,23.0,23.0,23.0,0.0,157.0,63.0,48.0,,,,
sphere,diameter,0.04,80,24,-24.0,24.0,24.0,24.0,0.0,24.0,24.0,24.0,24.0,24.0,24.0,24.0,0.0,156.0,64.0,49.0,,,,
sphere,diameter,0.04,80,25,-25.0,25.0,25.0,25.0,0.0,25.0,25.0,25.0,25.0,25.0,25.0,25.0,0.0,155.0,65.0,50.0,,,,
sphere,diameter,0.04,80,26,-26.0,26.0,26.0,26.0,0.0,26.0,26.0,26.0,26.0,26.0,26.0,26.0,0.0,154.0,66.0,51.0,,,,
sphere,diameter,0.04,80,27,-27.0,27.0,27.0,27.0,0.0,27.0,27.0,27.0,27.0,27.0,27.0,27.0,0.0,153.0,67.0,52.0,,,,
sphere,diameter,0.04,80,28,-28.0,28.0,28.0,28.0,0.0,28.0,28.0,28.0,28.0,28.0,28.0,28.0,0.0,152.0,68.0,53.0,,,,
sphere,diameter,0.04,80,29,-29.0,29.0,29.0,29.0,0.0,29.0,29.0,29.0,29.0,29.0,29.0,29.0,0.0,151.0,69.0,54.0,,,,
sphere,diameter,0.04,80,30,-30.0,30.0,30.0,30.0,0.0,30.0,30.0,30.0,30.0,30.0,30.0,30.0,0.0,150.0,70.0,55.0,,,,
sphere,diameter,0.04,80,31,-31.0,31.0,31.0,31.0,0.0,31.0,31.0,31.0,31.0,31.0,31.0,31.0,0.0,149.0,71.0,56.0,,,,
sphere,diameter,0.04,80,32,-32.0,32.0,32.0,32.0,0.0,32.0,32.0,32.0,32.0,32.0,32.0,32.0,0.0,148.0,72.0,57.0,,,,
sphere,diameter,0.04,80,33,-33.0,33.0,33.0,33.0,0.0,33.0,33.0,33.0,33.0,33.0,33.0,33.0,0.0,147.0,73.0,58.0,,,,
sphere,diameter,0.04,80,34,-34.0,34.0,34.0,34.0,0.0,34.0,34.0,34.0,34.0,34.0,34.0,34.0,0.0,146.0,74.0,59.0,,,,
sphere,diameter,0.04,80,35,-35.0,35.0,35.0,35.0,0.0,35.0,35.0,35.0,35.0,35.0,35.0,35.0,0.0,145.0,75.0,60.0,,,,
sphere,diameter,0.04,80,36,-36.0,36.0,36.0,36.0,0.0,36.0,36.0,36.0,36.0,36.0,36.0,36.0,0.0,144.0,76.0,61.0,,,,
sphere,diameter,0.04,80,37,-37.0,37.0,37.0,37.0,0.0,37.0,37.0,37.0,37.0,37.0,37.0,37.0,0.0,143.0,77.0,62.0,,,,
sphere,diameter,0.04,80,38,-38.0,38.0,38.0,38.0,0.0,38.0,38.0,38.0,38.0,38.0,38.0,38.0,0.0,142.0,78.0,63.0,,,,
sphere,diameter,0.04,80,39,-39.0,39.0,39.0,39.0,0.0,39.0,39.0,39.0,39.0,39.0,39.0,39.0,0.0,141.0,79.0,64.0,,,,
sphere,diameter,0.04,80,40,-40.0,40.0,40.0,40.0,0.0,40.0,40.0,40.0,40.0,40.0,40.0,40.0,0.0,140.0,80.0,65.0,,,,
sphere,diameter,0.04,80,41,-41.0,41.0,41.0,41.0,0.0,41.0,41.0,41.0,41.0,41.0,41.0,41.0,0.0,139.0,81.0,66.0,,,,
sphere,diameter,0.04,80,42,-42.0,42.0,42.0,42.0,0.0,42.0,42.0,42.0,42.0,42.0,42.0,42.0,0.0,138.0,82.0,67.0,,,,
sphere,diameter,0.04,80,43,-43.0,43.0,43.0,43.0,0.0,43.0,43.0,43.0,43.0,43.0,43.0,43.0,0.0,137.0,83.0,68.0,,,,
sphere,diameter,0.04,80,44,-44.0,44.0,44.0,44.0,0.0,44.0,44.0,44.0,44.0,44.0,44.0,44.0,0.0,136.0,84.0,69.0,,,,
sphere,diameter,0.04,80,45,-45.0,45.0,45.0,45.0,0.0,45.0,45.0,45.0,45.0,45.0,45.0,45.0,0.0,135.0,85.0,70.0,,,,
sphere,diameter,0.04,80,46,-46.0,46.0,46.0,46.0,0.0,46.0,46.0,46.0,46.0,46.0,46.0,46.0,0.0,134.0,86.0,71.0,,,,
sphere,diameter,0.04,80,47,-47.0,47.0,47.0,47.0,0.0,47.0,47.0,47.0,47.0,47.0,47.0,47.0,0.0,133.0,87.0,72.0,,,,
sphere,diameter,0.04,80,48,-48.0,48.0,48.0,48.0,0.0,48.0,48.0,48.0,48.0,48.0,48.0,48.0,0.0,132.0,88.0,73.0,,,,
sphere,diameter,0.04,80,49,-49.0,49.0,49.0,49.0,0.0,49.0,49.0,49.0,49.0,49.0,49.0,49.0,0.0,131.0,89.0,74.0,,,,
sphere,diameter,0.04,80,50,-50.0,50.0,50.0,50.0,0.0,50.0,50.0,50.0,50.0,50.0,50.0,50.0,0.0,130.0,90.0,75.0,,,,
sphere,diameter,0.04,80,51,-51.0,51.0,51.0,51.0,0.0,51.0,51.0,51.0,51.0,51.0,51.0,51.0,0.0,129.0,91.0,76.0,,,,
sphere,diameter,0.04,80,52,-52.0,52.0,52.0,52.0,0.0,52.0,52.0,52.0,52.0,52.0,52.0,52.0,0.0,128.0,92.0,77.0,,,,
sphere,diameter,0.04,80,53,-53.0,53.0,53.0,53.0,0.0,53.0,53.0,53.0,53.0,53.0,53.0,53.0,0.0,127.0,93.0,78.0,,,,
sphere,diameter,0.04,80,54,-54.0,54.0,54.0,54.0,0.0,54.0,54.0,54.0,54.0,54.0,54.0,54.0,0.0,126.0,94.0,79.0,,,,
sphere,diameter,0.04,80,55,-55.0,55.0,55.0,55.0,0.0,55.0,55.0,55.0,55.0,55.0,55.0,55.0,0.0,125.0,95.0,80.0,,,,
sphere,diameter,0.04,80,56,-56.0,56.0,56.0,56.0,0.0,56.0,56.0,56.0,56.0,56.0,56.0,56.0,0.0,124.0,96.0,80.0,,,,
sphere,diameter,0.04,80,57,-57.0,57.0,57.0,57.0,0.0,57.0,57.0,57.0,57.0,57.0,57.0,57.0,0.0,123.0,97.0,80.0,,,,
sphere,diameter,0.04,80,58,-58.0,58.0,58.0,58.0,0.0,58.0,58.0,58.0,58.0,58.0,58.0,58.0,0.0,122.0,98.0,80.0,,,,
sphere,diameter,0.04,80,59,-59.0,59.0,59.0,59.0,0.0,59.0,59.0,59.0,59.0,59.0,59.0,59.0,0.0,121.0,99.0,80.0,,,,
sphere,diameter,0.04,80,60,-60.0,60.0,60.0,60.0,0.0,60.0,60.0,60.0,60.0,60.0,60.0,60.0,0.0,120.0,100.0,80.0,,,,
sphere,diameter,0.04,80,61,-61.0,61.0,61.0,60.0,0.0,61.0,61.0,61.0,61.0,61.0,61.0,60.0,0.0,119.0,101.0,80.0,,,,
sphere,diameter,0.04,80,62,-62.0,62.0,62.0,60.0,0.0,62.0,62.0,62.0,62.0,62.0,62.0,60.0,0.0,118.0,102.0,80.0,,,,
sphere,diameter,0.04,80,63,-63.0,63.0,63.0,60.0,0.0,63.0,63.0,63.0,63.0,63.0,63.0,60.0,0.0,117.0,103.0,80.0,,,,
sphere,diameter,0.04,80,64,-64.0,64.0,64.0,60.0,0.0,64.0,64.0,64.0,64.0,64.0,64.0,60.0,0.0,116.0,104.0,80.0,,,,
sphere,diameter,0.04,80,65,-65.0,65.0,65.0,60.0,0.0,64.4140625,64.4140625,64.4140625,65.0,65.0,65.0,60.0,0.0,115.0,105.0,80.0,,contact,,
sphere,diameter,0.04,80,66,-66.0,66.0,66.0,60.0,0.0,64.4140625,64.4140625,64.4140625,66.0,66.0,66.0,60.0,0.0,114.0,106.0,80.0,,contact,,
sphere,diameter,0.04,80,67,-67.0,67.0,67.0,60.0,0.0,64.4140625,64.4140625,64.4140625,67.0,67.0,67.0,60.0,0.0,113.0,107.0,80.0,,contact,,
sphere,diameter,0.04,80,68,-68.0,68.0,68.0,60.0,0.0,64.4140625,64.4140625,64.4140625,68.0,68.0,68.0,60.0,0.0,112.0,108.0,80.0,,contact,,
sphere,diameter,0.04,80,69,-69.0,69.0,69.0,60.0,0.0,64.4140625,64.4140625,64.4140625,69.0,69.0,69.0,60.0,0.0,111.0,109.0,80.0,,contact,,
sphere,diameter,0.04,80,70,-70.0,70.0,70.0,60.0,0.0,64.4140625,64.4140625,64.4140625,70.0,70.0,70.0,60.0,0.0,110.0,110.0,80.0,,contact,,
sphere,diameter,0.04,80,71,-71.0,71.0,71.0,60.0,0.0,64.4140625,64.4140625,64.4140625,71.0,71.0,71.0,60.0,0.0,109.74609375,110.0,80.0,,contact,,contact
sphere,diameter,0.04,80,72,-72.0,72.0,72.0,60.0,0.0,64.4140625,64.4140625,64.4140625,72.0,72.0,72.0,60.0,0.0,109.74609375,110.0,80.0,,contact,,contact
sphere,diameter,0.04,80,73,-73.0,73.0,73.0,60.0,0.0,64.4140625,64.4140625,64.4140625,73.0,73.0,73.0,60.0,0.0,109.74609375,110.0,80.0,,contact,,contact
sphere,diameter,0.04,80,74,-74.0,74.0,74.0,60.0,0.0,64.4140625,64.4140625,64.4140625,74.0,74.0,74.0,60.0,0.0,109.74609375,110.0,80.0,,contact,,contact
sphere,diameter,0.04,80,75,-75.0,75.0,75.0,60.0,0.0,64.4140625,64.4140625,64.4140625,75.0,75.0,75.0,60.0,0.0,109.74609375,110.0,80.0,,contact,,contact
sphere,diameter,0.04,80,76,-75.0,76.0,76.0,60.0,0.0,64.4140625,64.4140625,64.4140625,75.0,76.0,76.0,60.0,0.0,109.74609375,110.0,80.0,,contact,,contact
sphere,diameter,0.04,80,77,-75.0,77.0,77.0,60.0,0.0,64.4140625,64.4140625,64.4140625,75.0,77.0,77.0,60.0,0.0,109.74609375,110.0,80.0,,contact,,contact
sphere,diameter,0.04,80,78,-75.0,78.0,78.0,60.0,0.0,64.4140625,64.4140625,64.4140625,75.0,78.0,78.0,60.0,0.0,109.74609375,110.0,80.0,,contact,,contact
sphere,diameter,0.04,80,79,-75.0,79.0,79.0,60.0,0.0,64.4140625,64.4140625,64.4140625,75.0,79.0,79.0,60.0,0.0,109.74609375,110.0,80.0,,contact,,contact
sphere,diameter,0.04,80,80,-75.0,80.0,80.0,60.0,0.0,64.4140625,64.4140625,64.4140625,75.0,80.0,80.0,60.0,0.0,109.74609375,110.0,80.0,,contact,,contact
sphere,diameter,0.04,80,81,-75.0,81.0,81.0,60.0,0.0,64.4140625,64.4140625,64.4140625,75.0,81.0,81.0,60.0,0.0,109.74609375,110.0,80.0,,contact,,contact
sphere,diameter,0.04,80,82,-75.0,82.0,82.0,60.0,0.0,64.4140625,64.4140625,64.4140625,75.0,82.0,82.0,60.0,0.0,109.74609375,110.0,80.0,,contact,,contact
sphere,diameter,0.04,80,83,-75.0,83.0,83.0,60.0,0.0,64.4140625,64.4140625,64.4140625,75.0,83.0,83.0,60.0,0.0,109.74609375,110.0,80.0,,contact,,contact
sphere,diameter,0.04,80,84,-75.0,83.23046875,83.23046875,60.0,0.0,64.4140625,64.4140625,64.4140625,75.0,83.1015625,83.1015625,60.0,0.0,109.74609375,110.0,80.0,contact,contact,contact,contact
sphere,diameter,0.0375,75,0,0.0,0.0,0.0,0.0,0.0,0.0,0.0,0.0,0.0,0.0,0.0,0.0,0.0,180.0,40.0,25.0,,,,
sphere,diameter,0.0375,75,1,-1.0,1.0,1.0,1.0,0.0,1.0,1.0,1.0,1.0,1.0,1.0,1.0,0.0,179.0,41.0,26.0,,,,
sphere,diameter,0.0375,75,2,-2.0,2.0,2.0,2.0,0.0,2.0,2.0,2.0,2.0,2.0,2.0,2.0,0.0,178.0,42.0,27.0,,,,
sphere,diameter,0.0375,75,3,-3.0,3.0,3.0,3.0,0.0,3.0,3.0,3.0,3.0,3.0,3.0,3.0,0.0,177.0,43.0,28.0,,,,
sphere,diameter,0.0375,75,4,-4.0,4.0,4.0,4.0,0.0,4.0,4.0,4.0,4.0,4.0,4.0,4.0,0.0,176.0,44.0,29.0,,,,
sphere,diameter,0.0375,75,5,-5.0,5.0,5.0,5.0,0.0,5.0,5.0,5.0,5.0,5.0,5.0,5.0,0.0,175.0,45.0,30.0,,,,
sphere,diameter,0.0375,75,6,-6.0,6.0,6.0,6.0,0.0,6.0,6.0,6.0,6.0,6.0,6.0,6.0,0.0,174.0,46.0,31.0,,,,
sphere,diameter,0.0375,75,7,-7.0,7.0,7.0,7.0,0.0,7.0,7.0,7.0,7.0,7.0,7.0,7.0,0.0,173.0,47.0,32.0,,,,
sphere,diameter,0.0375,75,8,-8.0,8.0,8.0,8.0,0.0,8.0,8.0,8.0,8.0,8.0,8.0,8.0,0.0,172.0,48.0,33.0,,,,
sphere,diameter,0.0375,75,9,-9.0,9.0,9.0,9.0,0.0,9.0,9.0,9.0,9.0,9.0,9.0,9.0,0.0,171.0,49.0,34.0,,,,
sphere,diameter,0.0375,75,10,-10.0,10.0,10.0,10.0,0.0,10.0,10.0,10.0,10.0,10.0,10.0,10.0,0.0,170.0,50.0,35.0,,,,
sphere,diameter,0.0375,75,11,-11.0,11.0,11.0,11.0,0.0,11.0,11.0,11.0,11.0,11.0,11.0,11.0,0.0,169.0,51.0,36.0,,,,
sphere,diameter,0.0375,75,12,-12.0,12.0,12.0,12.0,0.0,12.0,12.0,12.0,12.0,12.0,12.0,12.0,0.0,168.0,52.0,37.0,,,,
sphere,diameter,0.0375,75,13,-13.0,13.0,13.0,13.0,0.0,13.0,13.0,13.0,13.0,13.0,13.0,13.0,0.0,167.0,53.0,38.0,,,,
sphere,diameter,0.0375,75,14,-14.0,14.0,14.0,14.0,0.0,14.0,14.0,14.0,14.0,14.0,14.0,14.0,0.0,166.0,54.0,39.0,,,,
sphere,diameter,0.0375,75,15,-15.0,15.0,15.0,15.0,0.0,15.0,15.0,15.0,15.0,15.0,15.0,15.0,0.0,165.0,55.0,40.0,,,,
sphere,diameter,0.0375,75,16,-16.0,16.0,16.0,16.0,0.0,16.0,16.0,16.0,16.0,16.0,16.0,16.0,0.0,164.0,56.0,41.0,,,,
sphere,diameter,0.0375,75,17,-17.0,17.0,17.0,17.0,0.0,17.0,17.0,17.0,17.0,17.0,17.0,17.0,0.0,163.0,57.0,42.0,,,,
sphere,diameter,0.0375,75,18,-18.0,18.0,18.0,18.0,0.0,18.0,18.0,18.0,18.0,18.0,18.0,18.0,0.0,162.0,58.0,43.0,,,,
sphere,diameter,0.0375,75,19,-19.0,19.0,19.0,19.0,0.0,19.0,19.0,19.0,19.0,19.0,19.0,19.0,0.0,161.0,59.0,44.0,,,,
sphere,diameter,0.0375,75,20,-20.0,20.0,20.0,20.0,0.0,20.0,20.0,20.0,20.0,20.0,20.0,20.0,0.0,160.0,60.0,45.0,,,,
sphere,diameter,0.0375,75,21,-21.0,21.0,21.0,21.0,0.0,21.0,21.0,21.0,21.0,21.0,21.0,21.0,0.0,159.0,61.0,46.0,,,,
sphere,diameter,0.0375,75,22,-22.0,22.0,22.0,22.0,0.0,22.0,22.0,22.0,22.0,22.0,22.0,22.0,0.0,158.0,62.0,47.0,,,,
sphere,diameter,0.0375,75,23,-23.0,23.0,23.0,23.0,0.0,23.0,23.0,23.0,23.0,23.0,23.0,23.0,0.0,157.0,63.0,48.0,,,,
sphere,diameter,0.0375,75,24,-24.0,24.0,24.0,24.0,0.0,24.0,24.0,24.0,24.0,24.0,24.0,24.0,0.0,156.0,64.0,49.0,,,,
sphere,diameter,0.0375,75,25,-25.0,25.0,25.0,25.0,0.0,25.0,25.0,25.0,25.0,25.0,25.0,25.0,0.0,155.0,65.0,50.0,,,,
sphere,diameter,0.0375,75,26,-26.0,26.0,26.0,26.0,0.0,26.0,26.0,26.0,26.0,26.0,26.0,26.0,0.0,154.0,66.0,51.0,,,,
sphere,diameter,0.0375,75,27,-27.0,27.0,27.0,27.0,0.0,27.0,27.0,27.0,27.0,27.0,27.0,27.0,0.0,153.0,67.0,52.0,,,,
sphere,diameter,0.0375,75,28,-28.0,28.0,28.0,28.0,0.0,28.0,28.0,28.0,28.0,28.0,28.0,28.0,0.0,152.0,68.0,53.0,,,,
sphere,diameter,0.0375,75,29,-29.0,29.0,29.0,29.0,0.0,29.0,29.0,29.0,29.0,29.0,29.0,29.0,0.0,151.0,69.0,54.0,,,,
sphere,diameter,0.0375,75,30,-30.0,30.0,30.0,30.0,0.0,30.0,30.0,30.0,30.0,30.0,30.0,30.0,0.0,150.0,70.0,55.0,,,,
sphere,diameter,0.0375,75,31,-31.0,31.0,31.0,31.0,0.0,31.0,31.0,31.0,31.0,31.0,31.0,31.0,0.0,149.0,71.0,56.0,,,,
sphere,diameter,0.0375,75,32,-32.0,32.0,32.0,32.0,0.0,32.0,32.0,32.0,32.0,32.0,32.0,32.0,0.0,148.0,72.0,57.0,,,,
sphere,diameter,0.0375,75,33,-33.0,33.0,33.0,33.0,0.0,33.0,33.0,33.0,33.0,33.0,33.0,33.0,0.0,147.0,73.0,58.0,,,,
sphere,diameter,0.0375,75,34,-34.0,34.0,34.0,34.0,0.0,34.0,34.0,34.0,34.0,34.0,34.0,34.0,0.0,146.0,74.0,59.0,,,,
sphere,diameter,0.0375,75,35,-35.0,35.0,35.0,35.0,0.0,35.0,35.0,35.0,35.0,35.0,35.0,35.0,0.0,145.0,75.0,60.0,,,,
sphere,diameter,0.0375,75,36,-36.0,36.0,36.0,36.0,0.0,36.0,36.0,36.0,36.0,36.0,36.0,36.0,0.0,144.0,76.0,61.0,,,,
sphere,diameter,0.0375,75,37,-37.0,37.0,37.0,37.0,0.0,37.0,37.0,37.0,37.0,37.0,37.0,37.0,0.0,143.0,77.0,62.0,,,,
sphere,diameter,0.0375,75,38,-38.0,38.0,38.0,38.0,0.0,38.0,38.0,38.0,38.0,38.0,38.0,38.0,0.0,142.0,78.0,63.0,,,,
sphere,diameter,0.0375,75,39,-39.0,39.0,39.0,39.0,0.0,39.0,39.0,39.0,39.0,39.0,39.0,39.0,0.0,141.0,79.0,64.0,,,,
sphere,diameter,0.0375,75,40,-40.0,40.0,40.0,40.0,0.0,40.0,40.0,40.0,40.0,40.0,40.0,40.0,0.0,140.0,80.0,65.0,,,,
sphere,diameter,0.0375,75,41,-41.0,41.0,41.0,41.0,0.0,41.0,41.0,41.0,41.0,41.0,41.0,41.0,0.0,139.0,81.0,66.0,,,,
sphere,diameter,0.0375,75,42,-42.0,42.0,42.0,42.0,0.0,42.0,42.0,42.0,42.0,42.0,42.0,42.0,0.0,138.0,82.0,67.0,,,,
sphere,diameter,0.0375,75,43,-43.0,43.0,43.0,43.0,0.0,43.0,43.0,43.0,43.0,43.0,43.0,43.0,0.0,137.0,83.0,68.0,,,,
sphere,diameter,0.0375,75,44,-44.0,44.0,44.0,44.0,0.0,44.0,44.0,44.0,44.0,44.0,44.0,44.0,0.0,136.0,84.0,69.0,,,,
sphere,diameter,0.0375,75,45,-45.0,45.0,45.0,45.0,0.0,45.0,45.0,45.0,45.0,45.0,45.0,45.0,0.0,135.0,85.0,70.0,,,,
sphere,diameter,0.0375,75,46,-46.0,46.0,46.0,46.0,0.0,46.0,46.0,46.0,46.0,46.0,46.0,46.0,0.0,134.0,86.0,71.0,,,,
sphere,diameter,0.0375,75,47,-47.0,47.0,47.0,47.0,0.0,47.0,47.0,47.0,47.0,47.0,47.0,47.0,0.0,133.0,87.0,72.0,,,,
sphere,diameter,0.0375,75,48,-48.0,48.0,48.0,48.0,0.0,48.0,48.0,48.0,48.0,48.0,48.0,48.0,0.0,132.0,88.0,73.0,,,,
sphere,diameter,0.0375,75,49,-49.0,49.0,49.0,49.0,0.0,49.0,49.0,49.0,49.0,49.0,49.0,49.0,0.0,131.0,89.0,74.0,,,,
sphere,diameter,0.0375,75,50,-50.0,50.0,50.0,50.0,0.0,50.0,50.0,50.0,50.0,50.0,50.0,50.0,0.0,130.0,90.0,75.0,,,,
sphere,diameter,0.0375,75,51,-51.0,51.0,51.0,51.0,0.0,51.0,51.0,51.0,51.0,51.0,51.0,51.0,0.0,129.0,91.0,76.0,,,,
sphere,diameter,0.0375,75,52,-52.0,52.0,52.0,52.0,0.0,52.0,52.0,52.0,52.0,52.0,52.0,52.0,0.0,128.0,92.0,77.0,,,,
sphere,diameter,0.0375,75,53,-53.0,53.0,53.0,53.0,0.0,53.0,53.0,53.0,53.0,53.0,53.0,53.0,0.0,127.0,93.0,78.0,,,,
sphere,diameter,0.0375,75,54,-54.0,54.0,54.0,54.0,0.0,54.0,54.0,54.0,54.0,54.0,54.0,54.0,0.0,126.0,94.0,79.0,,,,
sphere,diameter,0.0375,75,55,-55.0,55.0,55.0,55.0,0.0,55.0,55.0,55.0,55.0,55.0,55.0,55.0,0.0,125.0,95.0,80.0,,,,
sphere,diameter,0.0375,75,56,-56.0,56.0,56.0,56.0,0.0,56.0,56.0,56.0,56.0,56.0,56.0,56.0,0.0,124.0,96.0,80.0,,,,
sphere,diameter,0.0375,75,57,-57.0,57.0,57.0,57.0,0.0,57.0,57.0,57.0,57.0,57.0,57.0,57.0,0.0,123.0,97.0,80.0,,,,
sphere,diameter,0.0375,75,58,-58.0,58.0,58.0,58.0,0.0,58.0,58.0,58.0,58.0,58.0,58.0,58.0,0.0,122.0,98.0,80.0,,,,
sphere,diameter,0.0375,75,59,-59.0,59.0,59.0,59.0,0.0,59.0,59.0,59.0,59.0,59.0,59.0,59.0,0.0,121.0,99.0,80.0,,,,
sphere,diameter,0.0375,75,60,-60.0,60.0,60.0,60.0,0.0,60.0,60.0,60.0,60.0,60.0,60.0,60.0,0.0,120.0,100.0,80.0,,,,
sphere,diameter,0.0375,75,61,-61.0,61.0,61.0,60.0,0.0,61.0,61.0,61.0,61.0,61.0,61.0,60.0,0.0,119.0,101.0,80.0,,,,
sphere,diameter,0.0375,75,62,-62.0,62.0,62.0,60.0,0.0,62.0,62.0,62.0,62.0,62.0,62.0,60.0,0.0,118.0,102.0,80.0,,,,
sphere,diameter,0.0375,75,63,-63.0,63.0,63.0,60.0,0.0,63.0,63.0,63.0,63.0,63.0,63.0,60.0,0.0,117.0,103.0,80.0,,,,
sphere,diameter,0.0375,75,64,-64.0,64.0,64.0,60.0,0.0,64.0,64.0,64.0,64.0,64.0,64.0,60.0,0.0,116.0,104.0,80.0,,,,
sphere,diameter,0.0375,75,65,-65.0,65.0,65.0,60.0,0.0,65.0,65.0,65.0,65.0,65.0,65.0,60.0,0.0,115.0,105.0,80.0,,,,
sphere,diameter,0.0375,75,66,-66.0,66.0,66.0,60.0,0.0,65.34375,65.34375,65.0,66.0,66.0,66.0,60.0,0.0,114.0,106.0,80.0,,contact,,
sphere,diameter,0.0375,75,67,-67.0,67.0,67.0,60.0,0.0,65.34375,65.34375,65.0,67.0,67.0,67.0,60.0,0.0,113.0,107.0,80.0,,contact,,
sphere,diameter,0.0375,75,68,-68.0,68.0,68.0,60.0,0.0,65.34375,65.34375,65.0,68.0,68.0,68.0,60.0,0.0,112.0,108.0,80.0,,contact,,
sphere,diameter,0.0375,75,69,-69.0,69.0,69.0,60.0,0.0,65.34375,65.34375,65.0,69.0,69.0,69.0,60.0,0.0,111.0,109.0,80.0,,contact,,
sphere,diameter,0.0375,75,70,-70.0,70.0,70.0,60.0,0.0,65.34375,65.34375,65.0,70.0,70.0,70.0,60.0,0.0,110.0,110.0,80.0,,contact,,
sphere,diameter,0.0375,75,71,-71.0,71.0,71.0,60.0,0.0,65.34375,65.34375,65.0,71.0,71.0,71.0,60.0,0.0,109.0,110.0,80.0,,contact,,
sphere,diameter,0.0375,75,72,-72.0,72.0,72.0,60.0,0.0,65.34375,65.34375,65.0,72.0,72.0,72.0,60.0,0.0,108.0,110.0,80.0,,contact,,
sphere,diameter,0.0375,75,73,-73.0,73.0,73.0,60.0,0.0,65.34375,65.34375,65.0,73.0,73.0,73.0,60.0,0.0,107.61328125,110.0,80.0,,contact,,contact
sphere,diameter,0.0375,75,74,-74.0,74.0,74.0,60.0,0.0,65.34375,65.34375,65.0,74.0,74.0,74.0,60.0,0.0,107.61328125,110.0,80.0,,contact,,contact
sphere,diameter,0.0375,75,75,-75.0,75.0,75.0,60.0,0.0,65.34375,65.34375,65.0,75.0,75.0,75.0,60.0,0.0,107.61328125,110.0,80.0,,contact,,contact
sphere,diameter,0.0375,75,76,-75.0,76.0,76.0,60.0,0.0,65.34375,65.34375,65.0,75.0,76.0,76.0,60.0,0.0,107.61328125,110.0,80.0,,contact,,contact
sphere,diameter,0.0375,75,77,-75.0,77.0,77.0,60.0,0.0,65.34375,65.34375,65.0,75.0,77.0,77.0,60.0,0.0,107.61328125,110.0,80.0,,contact,,contact
sphere,diameter,0.0375,75,78,-75.0,78.0,78.0,60.0,0.0,65.34375,65.34375,65.0,75.0,78.0,78.0,60.0,0.0,107.61328125,110.0,80.0,,contact,,contact
sphere,diameter,0.0375,75,79,-75.0,79.0,79.0,60.0,0.0,65.34375,65.34375,65.0,75.0,79.0,79.0,60.0,0.0,107.61328125,110.0,80.0,,contact,,contact
sphere,diameter,0.0375,75,80,-75.0,80.0,80.0,60.0,0.0,65.34375,65.34375,65.0,75.0,80.0,80.0,60.0,0.0,107.61328125,110.0,80.0,,contact,,contact
sphere,diameter,0.0375,75,81,-75.0,81.0,81.0,60.0,0.0,65.34375,65.34375,65.0,75.0,81.0,81.0,60.0,0.0,107.61328125,110.0,80.0,,contact,,contact
sphere,diameter,0.0375,75,82,-75.0,82.0,82.0,60.0,0.0,65.34375,65.34375,65.0,75.0,82.0,82.0,60.0,0.0,107.61328125,110.0,80.0,,contact,,contact
sphere,diameter,0.0375,75,83,-75.0,83.0,83.0,60.0,0.0,65.34375,65.34375,65.0,75.0,83.0,83.0,60.0,0.0,107.61328125,110.0,80.0,,contact,,contact
sphere,diameter,0.0375,75,84,-75.0,84.0,84.0,60.0,0.0,65.34375,65.34375,65.0,75.0,84.0,84.0,60.0,0.0,107.61328125,110.0,80.0,,contact,,contact
sphere,diameter,0.0375,75,85,-75.0,84.49609375,84.49609375,60.0,0.0,65.34375,65.34375,65.0,75.0,84.36328125,84.36328125,60.0,0.0,107.61328125,110.0,80.0,contact,contact,contact,contact
sphere,diameter,0.035,70,0,0.0,0.0,0.0,0.0,0.0,0.0,0.0,0.0,0.0,0.0,0.0,0.0,0.0,180.0,40.0,25.0,,,,
sphere,diameter,0.035,70,1,-1.0,1.0,1.0,1.0,0.0,1.0,1.0,1.0,1.0,1.0,1.0,1.0,0.0,179.0,41.0,26.0,,,,
sphere,diameter,0.035,70,2,-2.0,2.0,2.0,2.0,0.0,2.0,2.0,2.0,2.0,2.0,2.0,2.0,0.0,178.0,42.0,27.0,,,,
sphere,diameter,0.035,70,3,-3.0,3.0,3.0,3.0,0.0,3.0,3.0,3.0,3.0,3.0,3.0,3.0,0.0,177.0,43.0,28.0,,,,
sphere,diameter,0.035,70,4,-4.0,4.0,4.0,4.0,0.0,4.0,4.0,4.0,4.0,4.0,4.0,4.0,0.0,176.0,44.0,29.0,,,,
sphere,diameter,0.035,70,5,-5.0,5.0,5.0,5.0,0.0,5.0,5.0,5.0,5.0,5.0,5.0,5.0,0.0,175.0,45.0,30.0,,,,
sphere,diameter,0.035,70,6,-6.0,6.0,6.0,6.0,0.0,6.0,6.0,6.0,6.0,6.0,6.0,6.0,0.0,174.0,46.0,31.0,,,,
sphere,diameter,0.035,70,7,-7.0,7.0,7.0,7.0,0.0,7.0,7.0,7.0,7.0,7.0,7.0,7.0,0.0,173.0,47.0,32.0,,,,
sphere,diameter,0.035,70,8,-8.0,8.0,8.0,8.0,0.0,8.0,8.0,8.0,8.0,8.0,8.0,8.0,0.0,172.0,48.0,33.0,,,,
sphere,diameter,0.035,70,9,-9.0,9.0,9.0,9.0,0.0,9.0,9.0,9.0,9.0,9.0,9.0,9.0,0.0,171.0,49.0,34.0,,,,
sphere,diameter,0.035,70,10,-10.0,10.0,10.0,10.0,0.0,10.0,10.0,10.0,10.0,10.0,10.0,10.0,0.0,170.0,50.0,35.0,,,,
sphere,diameter,0.035,70,11,-11.0,11.0,11.0,11.0,0.0,11.0,11.0,11.0,11.0,11.0,11.0,11.0,0.0,169.0,51.0,36.0,,,,
sphere,diameter,0.035,70,12,-12.0,12.0,12.0,12.0,0.0,12.0,12.0,12.0,12.0,12.0,12.0,12.0,0.0,168.0,52.0,37.0,,,,
sphere,diameter,0.035,70,13,-13.0,13.0,13.0,13.0,0.0,13.0,13.0,13.0,13.0,13.0,13.0,13.0,0.0,167.0,53.0,38.0,,,,
sphere,diameter,0.035,70,14,-14.0,14.0,14.0,14.0,0.0,14.0,14.0,14.0,14.0,14.0,14.0,14.0,0.0,166.0,54.0,39.0,,,,
sphere,diameter,0.035,70,15,-15.0,15.0,15.0,15.0,0.0,15.0,15.0,15.0,15.0,15.0,15.0,15.0,0.0,165.0,55.0,40.0,,,,
sphere,diameter,0.035,70,16,-16.0,16.0,16.0,16.0,0.0,16.0,16.0,16.0,16.0,16.0,16.0,16.0,0.0,164.0,56.0,41.0,,,,
sphere,diameter,0.035,70,17,-17.0,17.0,17.0,17.0,0.0,17.0,17.0,17.0,17.0,17.0,17.0,17.0,0.0,163.0,57.0,42.0,,,,
sphere,diameter,0.035,70,18,-18.0,18.0,18.0,18.0,0.0,18.0,18.0,18.0,18.0,18.0,18.0,18.0,0.0,162.0,58.0,43.0,,,,
sphere,diameter,0.035,70,19,-19.0,19.0,19.0,19.0,0.0,19.0,19.0,19.0,19.0,19.0,19.0,19.0,0.0,161.0,59.0,44.0,,,,
sphere,diameter,0.035,70,20,-20.0,20.0,20.0,20.0,0.0,20.0,20.0,20.0,20.0,20.0,20.0,20.0,0.0,160.0,60.0,45.0,,,,
sphere,diameter,0.035,70,21,-21.0,21.0,21.0,21.0,0.0,21.0,21.0,21.0,21.0,21.0,21.0,21.0,0.0,159.0,61.0,46.0,,,,
sphere,diameter,0.035,70,22,-22.0,22.0,22.0,22.0,0.0,22.0,22.0,22.0,22.0,22.0,22.0,22.0,0.0,158.0,62.0,47.0,,,,
sphere,diameter,0.035,70,23,-23.0,23.0,23.0,23.0,0.0,23.0,23.0,23.0,23.0,23.0,23.0,23.0,0.0,157.0,63.0,48.0,,,,
sphere,diameter,0.035,70,24,-24.0,24.0,24.0,24.0,0.0,24.0,24.0,24.0,24.0,24.0,24.0,24.0,0.0,156.0,64.0,49.0,,,,
sphere,diameter,0.035,70,25,-25.0,25.0,25.0,25.0,0.0,25.0,25.0,25.0,25.0,25.0,25.0,25.0,0.0,155.0,65.0,50.0,,,,
sphere,diameter,0.035,70,26,-26.0,26.0,26.0,26.0,0.0,26.0,26.0,26.0,26.0,26.0,26.0,26.0,0.0,154.0,66.0,51.0,,,,
sphere,diameter,0.035,70,27,-27.0,27.0,27.0,27.0,0.0,27.0,27.0,27.0,27.0,27.0,27.0,27.0,0.0,153.0,67.0,52.0,,,,
sphere,diameter,0.035,70,28,-28.0,28.0,28.0,28.0,0.0,28.0,28.0,28.0,28.0,28.0,28.0,28.0,0.0,152.0,68.0,53.0,,,,
sphere,diameter,0.035,70,29,-29.0,29.0,29.0,29.0,0.0,29.0,29.0,29.0,29.0,29.0,29.0,29.0,0.0,151.0,69.0,54.0,,,,
sphere,diameter,0.035,70,30,-30.0,30.0,30.0,30.0,0.0,30.0,30.0,30.0,30.0,30.0,30.0,30.0,0.0,150.0,70.0,55.0,,,,
sphere,diameter,0.035,70,31,-31.0,31.0,31.0,31.0,0.0,31.0,31.0,31.0,31.0,31.0,31.0,31.0,0.0,149.0,71.0,56.0,,,,
sphere,diameter,0.035,70,32,-32.0,32.0,32.0,32.0,0.0,32.0,32.0,32.0,32.0,32.0,32.0,32.0,0.0,148.0,72.0,57.0,,,,
sphere,diameter,0.035,70,33,-33.0,33.0,33.0,33.0,0.0,33.0,33.0,33.0,33.0,33.0,33.0,33.0,0.0,147.0,73.0,58.0,,,,
sphere,diameter,0.035,70,34,-34.0,34.0,34.0,34.0,0.0,34.0,34.0,34.0,34.0,34.0,34.0,34.0,0.0,146.0,74.0,59.0,,,,
sphere,diameter,0.035,70,35,-35.0,35.0,35.0,35.0,0.0,35.0,35.0,35.0,35.0,35.0,35.0,35.0,0.0,145.0,75.0,60.0,,,,
sphere,diameter,0.035,70,36,-36.0,36.0,36.0,36.0,0.0,36.0,36.0,36.0,36.0,36.0,36.0,36.0,0.0,144.0,76.0,61.0,,,,
sphere,diameter,0.035,70,37,-37.0,37.0,37.0,37.0,0.0,37.0,37.0,37.0,37.0,37.0,37.0,37.0,0.0,143.0,77.0,62.0,,,,
sphere,diameter,0.035,70,38,-38.0,38.0,38.0,38.0,0.0,38.0,38.0,38.0,38.0,38.0,38.0,38.0,0.0,142.0,78.0,63.0,,,,
sphere,diameter,0.035,70,39,-39.0,39.0,39.0,39.0,0.0,39.0,39.0,39.0,39.0,39.0,39.0,39.0,0.0,141.0,79.0,64.0,,,,
sphere,diameter,0.035,70,40,-40.0,40.0,40.0,40.0,0.0,40.0,40.0,40.0,40.0,40.0,40.0,40.0,0.0,140.0,80.0,65.0,,,,
sphere,diameter,0.035,70,41,-41.0,41.0,41.0,41.0,0.0,41.0,41.0,41.0,41.0,41.0,41.0,41.0,0.0,139.0,81.0,66.0,,,,
sphere,diameter,0.035,70,42,-42.0,42.0,42.0,42.0,0.0,42.0,42.0,42.0,42.0,42.0,42.0,42.0,0.0,138.0,82.0,67.0,,,,
sphere,diameter,0.035,70,43,-43.0,43.0,43.0,43.0,0.0,43.0,43.0,43.0,43.0,43.0,43.0,43.0,0.0,137.0,83.0,68.0,,,,
sphere,diameter,0.035,70,44,-44.0,44.0,44.0,44.0,0.0,44.0,44.0,44.0,44.0,44.0,44.0,44.0,0.0,136.0,84.0,69.0,,,,
sphere,diameter,0.035,70,45,-45.0,45.0,45.0,45.0,0.0,45.0,45.0,45.0,45.0,45.0,45.0,45.0,0.0,135.0,85.0,70.0,,,,
sphere,diameter,0.035,70,46,-46.0,46.0,46.0,46.0,0.0,46.0,46.0,46.0,46.0,46.0,46.0,46.0,0.0,134.0,86.0,71.0,,,,
sphere,diameter,0.035,70,47,-47.0,47.0,47.0,47.0,0.0,47.0,47.0,47.0,47.0,47.0,47.0,47.0,0.0,133.0,87.0,72.0,,,,
sphere,diameter,0.035,70,48,-48.0,48.0,48.0,48.0,0.0,48.0,48.0,48.0,48.0,48.0,48.0,48.0,0.0,132.0,88.0,73.0,,,,
sphere,diameter,0.035,70,49,-49.0,49.0,49.0,49.0,0.0,49.0,49.0,49.0,49.0,49.0,49.0,49.0,0.0,131.0,89.0,74.0,,,,
sphere,diameter,0.035,70,50,-50.0,50.0,50.0,50.0,0.0,50.0,50.0,50.0,50.0,50.0,50.0,50.0,0.0,130.0,90.0,75.0,,,,
sphere,diameter,0.035,70,51,-51.0,51.0,51.0,51.0,0.0,51.0,51.0,51.0,51.0,51.0,51.0,51.0,0.0,129.0,91.0,76.0,,,,
sphere,diameter,0.035,70,52,-52.0,52.0,52.0,52.0,0.0,52.0,52.0,52.0,52.0,52.0,52.0,52.0,0.0,128.0,92.0,77.0,,,,
sphere,diameter,0.035,70,53,-53.0,53.0,53.0,53.0,0.0,53.0,53.0,53.0,53.0,53.0,53.0,53.0,0.0,127.0,93.0,78.0,,,,
sphere,diameter,0.035,70,54,-54.0,54.0,54.0,54.0,0.0,54.0,54.0,54.0,54.0,54.0,54.0,54.0,0.0,126.0,94.0,79.0,,,,
sphere,diameter,0.035,70,55,-55.0,55.0,55.0,55.0,0.0,55.0,55.0,55.0,55.0,55.0,55.0,55.0,0.0,125.0,95.0,80.0,,,,
sphere,diameter,0.035,70,56,-56.0,56.0,56.0,56.0,0.0,56.0,56.0,56.0,56.0,56.0,56.0,56.0,0.0,124.0,96.0,80.0,,,,
sphere,diameter,0.035,70,57,-57.0,57.0,57.0,57.0,0.0,57.0,57.0,57.0,57.0,57.0,57.0,57.0,0.0,123.0,97.0,80.0,,,,
sphere,diameter,0.035,70,58,-58.0,58.0,58.0,58.0,0.0,58.0,58.0,58.0,58.0,58.0,58.0,58.0,0.0,122.0,98.0,80.0,,,,
sphere,diameter,0.035,70,59,-59.0,59.0,59.0,59.0,0.0,59.0,59.0,59.0,59.0,59.0,59.0,59.0,0.0,121.0,99.0,80.0,,,,
sphere,diameter,0.035,70,60,-60.0,60.0,60.0,60.0,0.0,60.0,60.0,60.0,60.0,60.0,60.0,60.0,0.0,120.0,100.0,80.0,,,,
sphere,diameter,0.035,70,61,-61.0,61.0,61.0,60.0,0.0,61.0,61.0,61.0,61.0,61.0,61.0,60.0,0.0,119.0,101.0,80.0,,,,
sphere,diameter,0.035,70,62,-62.0,62.0,62.0,60.0,0.0,62.0,62.0,62.0,62.0,62.0,62.0,60.0,0.0,118.0,102.0,80.0,,,,
sphere,diameter,0.035,70,63,-63.0,63.0,63.0,60.0,0.0,63.0,63.0,63.0,63.0,63.0,63.0,60.0,0.0,117.0,103.0,80.0,,,,
sphere,diameter,0.035,70,64,-64.0,64.0,64.0,60.0,0.0,64.0,64.0,64.0,64.0,64.0,64.0,60.0,0.0,116.0,104.0,80.0,,,,
sphere,diameter,0.035,70,65,-65.0,65.0,65.0,60.0,0.0,65.0,65.0,65.0,65.0,65.0,65.0,60.0,0.0,115.0,105.0,80.0,,,,
sphere,diameter,0.035,70,66,-66.0,66.0,66.0,60.0,0.0,66.0,66.0,65.0,66.0,66.0,66.0,60.0,0.0,114.0,106.0,80.0,,,,
sphere,diameter,0.035,70,67,-67.0,67.0,67.0,60.0,0.0,66.44921875,66.44921875,65.0,67.0,67.0,67.0,60.0,0.0,113.0,107.0,80.0,,contact,,
sphere,diameter,0.035,70,68,-68.0,68.0,68.0,60.0,0.0,66.44921875,66.44921875,65.0,68.0,68.0,68.0,60.0,0.0,112.0,108.0,80.0,,contact,,
sphere,diameter,0.035,70,69,-69.0,69.0,69.0,60.0,0.0,66.44921875,66.44921875,65.0,69.0,69.0,69.0,60.0,0.0,111.0,109.0,80.0,,contact,,
sphere,diameter,0.035,70,70,-70.0,70.0,70.0,60.0,0.0,66.44921875,66.44921875,65.0,70.0,70.0,70.0,60.0,0.0,110.0,110.0,80.0,,contact,,
sphere,diameter,0.035,70,71,-71.0,71.0,71.0,60.0,0.0,66.44921875,66.44921875,65.0,71.0,71.0,71.0,60.0,0.0,109.0,110.0,80.0,,contact,,
sphere,diameter,0.035,70,72,-72.0,72.0,72.0,60.0,0.0,66.44921875,66.44921875,65.0,72.0,72.0,72.0,60.0,0.0,108.0,110.0,80.0,,contact,,
sphere,diameter,0.035,70,73,-73.0,73.0,73.0,60.0,0.0,66.44921875,66.44921875,65.0,73.0,73.0,73.0,60.0,0.0,107.0,110.0,80.0,,contact,,
sphere,diameter,0.035,70,74,-74.0,74.0,74.0,60.0,0.0,66.44921875,66.44921875,65.0,74.0,74.0,74.0,60.0,0.0,106.0,110.0,80.0,,contact,,
sphere,diameter,0.035,70,75,-75.0,75.0,75.0,60.0,0.0,66.44921875,66.44921875,65.0,75.0,75.0,75.0,60.0,0.0,105.35546875,110.0,80.0,,contact,,contact
sphere,diameter,0.035,70,76,-75.0,76.0,76.0,60.0,0.0,66.44921875,66.44921875,65.0,75.0,76.0,76.0,60.0,0.0,105.35546875,110.0,80.0,,contact,,contact
sphere,diameter,0.035,70,77,-75.0,77.0,77.0,60.0,0.0,66.44921875,66.44921875,65.0,75.0,77.0,77.0,60.0,0.0,105.35546875,110.0,80.0,,contact,,contact
sphere,diameter,0.035,70,78,-75.0,78.0,78.0,60.0,0.0,66.44921875,66.44921875,65.0,75.0,78.0,78.0,60.0,0.0,105.35546875,110.0,80.0,,contact,,contact
sphere,diameter,0.035,70,79,-75.0,79.0,79.0,60.0,0.0,66.44921875,66.44921875,65.0,75.0,79.0,79.0,60.0,0.0,105.35546875,110.0,80.0,,contact,,contact
sphere,diameter,0.035,70,80,-75.0,80.0,80.0,60.0,0.0,66.44921875,66.44921875,65.0,75.0,80.0,80.0,60.0,0.0,105.35546875,110.0,80.0,,contact,,contact
sphere,diameter,0.035,70,81,-75.0,81.0,81.0,60.0,0.0,66.44921875,66.44921875,65.0,75.0,81.0,81.0,60.0,0.0,105.35546875,110.0,80.0,,contact,,contact
sphere,diameter,0.035,70,82,-75.0,82.0,82.0,60.0,0.0,66.44921875,66.44921875,65.0,75.0,82.0,82.0,60.0,0.0,105.35546875,110.0,80.0,,contact,,contact
sphere,diameter,0.035,70,83,-75.0,83.0,83.0,60.0,0.0,66.44921875,66.44921875,65.0,75.0,83.0,83.0,60.0,0.0,105.35546875,110.0,80.0,,contact,,contact
sphere,diameter,0.035,70,84,-75.0,84.0,84.0,60.0,0.0,66.44921875,66.44921875,65.0,75.0,84.0,84.0,60.0,0.0,105.35546875,110.0,80.0,,contact,,contact
sphere,diameter,0.035,70,85,-75.0,85.0,85.0,60.0,0.0,66.44921875,66.44921875,65.0,75.0,85.0,85.0,60.0,0.0,105.35546875,110.0,80.0,,contact,,contact
sphere,diameter,0.035,70,86,-75.0,85.77734375,85.77734375,60.0,0.0,66.44921875,66.44921875,65.0,75.0,85.6484375,85.6484375,60.0,0.0,105.35546875,110.0,80.0,contact,contact,contact,contact
sphere,diameter,0.0325,65,0,0.0,0.0,0.0,0.0,0.0,0.0,0.0,0.0,0.0,0.0,0.0,0.0,0.0,180.0,40.0,25.0,,,,
sphere,diameter,0.0325,65,1,-1.0,1.0,1.0,1.0,0.0,1.0,1.0,1.0,1.0,1.0,1.0,1.0,0.0,179.0,41.0,26.0,,,,
sphere,diameter,0.0325,65,2,-2.0,2.0,2.0,2.0,0.0,2.0,2.0,2.0,2.0,2.0,2.0,2.0,0.0,178.0,42.0,27.0,,,,
sphere,diameter,0.0325,65,3,-3.0,3.0,3.0,3.0,0.0,3.0,3.0,3.0,3.0,3.0,3.0,3.0,0.0,177.0,43.0,28.0,,,,
sphere,diameter,0.0325,65,4,-4.0,4.0,4.0,4.0,0.0,4.0,4.0,4.0,4.0,4.0,4.0,4.0,0.0,176.0,44.0,29.0,,,,
sphere,diameter,0.0325,65,5,-5.0,5.0,5.0,5.0,0.0,5.0,5.0,5.0,5.0,5.0,5.0,5.0,0.0,175.0,45.0,30.0,,,,
sphere,diameter,0.0325,65,6,-6.0,6.0,6.0,6.0,0.0,6.0,6.0,6.0,6.0,6.0,6.0,6.0,0.0,174.0,46.0,31.0,,,,
sphere,diameter,0.0325,65,7,-7.0,7.0,7.0,7.0,0.0,7.0,7.0,7.0,7.0,7.0,7.0,7.0,0.0,173.0,47.0,32.0,,,,
sphere,diameter,0.0325,65,8,-8.0,8.0,8.0,8.0,0.0,8.0,8.0,8.0,8.0,8.0,8.0,8.0,0.0,172.0,48.0,33.0,,,,
sphere,diameter,0.0325,65,9,-9.0,9.0,9.0,9.0,0.0,9.0,9.0,9.0,9.0,9.0,9.0,9.0,0.0,171.0,49.0,34.0,,,,
sphere,diameter,0.0325,65,10,-10.0,10.0,10.0,10.0,0.0,10.0,10.0,10.0,10.0,10.0,10.0,10.0,0.0,170.0,50.0,35.0,,,,
sphere,diameter,0.0325,65,11,-11.0,11.0,11.0,11.0,0.0,11.0,11.0,11.0,11.0,11.0,11.0,11.0,0.0,169.0,51.0,36.0,,,,
sphere,diameter,0.0325,65,12,-12.0,12.0,12.0,12.0,0.0,12.0,12.0,12.0,12.0,12.0,12.0,12.0,0.0,168.0,52.0,37.0,,,,
sphere,diameter,0.0325,65,13,-13.0,13.0,13.0,13.0,0.0,13.0,13.0,13.0,13.0,13.0,13.0,13.0,0.0,167.0,53.0,38.0,,,,
sphere,diameter,0.0325,65,14,-14.0,14.0,14.0,14.0,0.0,14.0,14.0,14.0,14.0,14.0,14.0,14.0,0.0,166.0,54.0,39.0,,,,
sphere,diameter,0.0325,65,15,-15.0,15.0,15.0,15.0,0.0,15.0,15.0,15.0,15.0,15.0,15.0,15.0,0.0,165.0,55.0,40.0,,,,
sphere,diameter,0.0325,65,16,-16.0,16.0,16.0,16.0,0.0,16.0,16.0,16.0,16.0,16.0,16.0,16.0,0.0,164.0,56.0,41.0,,,,
sphere,diameter,0.0325,65,17,-17.0,17.0,17.0,17.0,0.0,17.0,17.0,17.0,17.0,17.0,17.0,17.0,0.0,163.0,57.0,42.0,,,,
sphere,diameter,0.0325,65,18,-18.0,18.0,18.0,18.0,0.0,18.0,18.0,18.0,18.0,18.0,18.0,18.0,0.0,162.0,58.0,43.0,,,,
sphere,diameter,0.0325,65,19,-19.0,19.0,19.0,19.0,0.0,19.0,19.0,19.0,19.0,19.0,19.0,19.0,0.0,161.0,59.0,44.0,,,,
sphere,diameter,0.0325,65,20,-20.0,20.0,20.0,20.0,0.0,20.0,20.0,20.0,20.0,20.0,20.0,20.0,0.0,160.0,60.0,45.0,,,,
sphere,diameter,0.0325,65,21,-21.0,21.0,21.0,21.0,0.0,21.0,21.0,21.0,21.0,21.0,21.0,21.0,0.0,159.0,61.0,46.0,,,,
sphere,diameter,0.0325,65,22,-22.0,22.0,22.0,22.0,0.0,22.0,22.0,22.0,22.0,22.0,22.0,22.0,0.0,158.0,62.0,47.0,,,,
sphere,diameter,0.0325,65,23,-23.0,23.0,23.0,23.0,0.0,23.0,23.0,23.0,23.0,23.0,23.0,23.0,0.0,157.0,63.0,48.0,,,,
sphere,diameter,0.0325,65,24,-24.0,24.0,24.0,24.0,0.0,24.0,24.0,24.0,24.0,24.0,24.0,24.0,0.0,156.0,64.0,49.0,,,,
sphere,diameter,0.0325,65,25,-25.0,25.0,25.0,25.0,0.0,25.0,25.0,25.0,25.0,25.0,25.0,25.0,0.0,155.0,65.0,50.0,,,,
sphere,diameter,0.0325,65,26,-26.0,26.0,26.0,26.0,0.0,26.0,26.0,26.0,26.0,26.0,26.0,26.0,0.0,154.0,66.0,51.0,,,,
sphere,diameter,0.0325,65,27,-27.0,27.0,27.0,27.0,0.0,27.0,27.0,27.0,27.0,27.0,27.0,27.0,0.0,153.0,67.0,52.0,,,,
sphere,diameter,0.0325,65,28,-28.0,28.0,28.0,28.0,0.0,28.0,28.0,28.0,28.0,28.0,28.0,28.0,0.0,152.0,68.0,53.0,,,,
sphere,diameter,0.0325,65,29,-29.0,29.0,29.0,29.0,0.0,29.0,29.0,29.0,29.0,29.0,29.0,29.0,0.0,151.0,69.0,54.0,,,,
sphere,diameter,0.0325,65,30,-30.0,30.0,30.0,30.0,0.0,30.0,30.0,30.0,30.0,30.0,30.0,30.0,0.0,150.0,70.0,55.0,,,,
sphere,diameter,0.0325,65,31,-31.0,31.0,31.0,31.0,0.0,31.0,31.0,31.0,31.0,31.0,31.0,31.0,0.0,149.0,71.0,56.0,,,,
sphere,diameter,0.0325,65,32,-32.0,32.0,32.0,32.0,0.0,32.0,32.0,32.0,32.0,32.0,32.0,32.0,0.0,148.0,72.0,57.0,,,,
sphere,diameter,0.0325,65,33,-33.0,33.0,33.0,33.0,0.0,33.0,33.0,33.0,33.0,33.0,33.0,33.0,0.0,147.0,73.0,58.0,,,,
sphere,diameter,0.0325,65,34,-34.0,34.0,34.0,34.0,0.0,34.0,34.0,34.0,34.0,34.0,34.0,34.0,0.0,146.0,74.0,59.0,,,,
sphere,diameter,0.0325,65,35,-35.0,35.0,35.0,35.0,0.0,35.0,35.0,35.0,35.0,35.0,35.0,35.0,0.0,145.0,75.0,60.0,,,,
sphere,diameter,0.0325,65,36,-36.0,36.0,36.0,36.0,0.0,36.0,36.0,36.0,36.0,36.0,36.0,36.0,0.0,144.0,76.0,61.0,,,,
sphere,diameter,0.0325,65,37,-37.0,37.0,37.0,37.0,0.0,37.0,37.0,37.0,37.0,37.0,37.0,37.0,0.0,143.0,77.0,62.0,,,,
sphere,diameter,0.0325,65,38,-38.0,38.0,38.0,38.0,0.0,38.0,38.0,38.0,38.0,38.0,38.0,38.0,0.0,142.0,78.0,63.0,,,,
sphere,diameter,0.0325,65,39,-39.0,39.0,39.0,39.0,0.0,39.0,39.0,39.0,39.0,39.0,39.0,39.0,0.0,141.0,79.0,64.0,,,,
sphere,diameter,0.0325,65,40,-40.0,40.0,40.0,40.0,0.0,40.0,40.0,40.0,40.0,40.0,40.0,40.0,0.0,140.0,80.0,65.0,,,,
sphere,diameter,0.0325,65,41,-41.0,41.0,41.0,41.0,0.0,41.0,41.0,41.0,41.0,41.0,41.0,41.0,0.0,139.0,81.0,66.0,,,,
sphere,diameter,0.0325,65,42,-42.0,42.0,42.0,42.0,0.0,42.0,42.0,42.0,42.0,42.0,42.0,42.0,0.0,138.0,82.0,67.0,,,,
sphere,diameter,0.0325,65,43,-43.0,43.0,43.0,43.0,0.0,43.0,43.0,43.0,43.0,43.0,43.0,43.0,0.0,137.0,83.0,68.0,,,,
sphere,diameter,0.0325,65,44,-44.0,44.0,44.0,44.0,0.0,44.0,44.0,44.0,44.0,44.0,44.0,44.0,0.0,136.0,84.0,69.0,,,,
sphere,diameter,0.0325,65,45,-45.0,45.0,45.0,45.0,0.0,45.0,45.0,45.0,45.0,45.0,45.0,45.0,0.0,135.0,85.0,70.0,,,,
sphere,diameter,0.0325,65,46,-46.0,46.0,46.0,46.0,0.0,46.0,46.0,46.0,46.0,46.0,46.0,46.0,0.0,134.0,86.0,71.0,,,,
sphere,diameter,0.0325,65,47,-47.0,47.0,47.0,47.0,0.0,47.0,47.0,47.0,47.0,47.0,47.0,47.0,0.0,133.0,87.0,72.0,,,,
sphere,diameter,0.0325,65,48,-48.0,48.0,48.0,48.0,0.0,48.0,48.0,48.0,48.0,48.0,48.0,48.0,0.0,132.0,88.0,73.0,,,,
sphere,diameter,0.0325,65,49,-49.0,49.0,49.0,49.0,0.0,49.0,49.0,49.0,49.0,49.0,49.0,49.0,0.0,131.0,89.0,74.0,,,,
sphere,diameter,0.0325,65,50,-50.0,50.0,50.0,50.0,0.0,50.0,50.0,50.0,50.0,50.0,50.0,50.0,0.0,130.0,90.0,75.0,,,,
sphere,diameter,0.0325,65,51,-51.0,51.0,51.0,51.0,0.0,51.0,51.0,51.0,51.0,51.0,51.0,51.0,0.0,129.0,91.0,76.0,,,,
sphere,diameter,0.0325,65,52,-52.0,52.0,52.0,52.0,0.0,52.0,52.0,52.0,52.0,52.0,52.0,52.0,0.0,128.0,92.0,77.0,,,,
sphere,diameter,0.0325,65,53,-53.0,53.0,53.0,53.0,0.0,53.0,53.0,53.0,53.0,53.0,53.0,53.0,0.0,127.0,93.0,78.0,,,,
sphere,diameter,0.0325,65,54,-54.0,54.0,54.0,54.0,0.0,54.0,54.0,54.0,54.0,54.0,54.0,54.0,0.0,126.0,94.0,79.0,,,,
sphere,diameter,0.0325,65,55,-55.0,55.0,55.0,55.0,0.0,55.0,55.0,55.0,55.0,55.0,55.0,55.0,0.0,125.0,95.0,80.0,,,,
sphere,diameter,0.0325,65,56,-56.0,56.0,56.0,56.0,0.0,56.0,56.0,56.0,56.0,56.0,56.0,56.0,0.0,124.0,96.0,80.0,,,,
sphere,diameter,0.0325,65,57,-57.0,57.0,57.0,57.0,0.0,57.0,57.0,57.0,57.0,57.0,57.0,57.0,0.0,123.0,97.0,80.0,,,,
sphere,diameter,0.0325,65,58,-58.0,58.0,58.0,58.0,0.0,58.0,58.0,58.0,58.0,58.0,58.0,58.0,0.0,122.0,98.0,80.0,,,,
sphere,diameter,0.0325,65,59,-59.0,59.0,59.0,59.0,0.0,59.0,59.0,59.0,59.0,59.0,59.0,59.0,0.0,121.0,99.0,80.0,,,,
sphere,diameter,0.0325,65,60,-60.0,60.0,60.0,60.0,0.0,60.0,60.0,60.0,60.0,60.0,60.0,60.0,0.0,120.0,100.0,80.0,,,,
sphere,diameter,0.0325,65,61,-61.0,61.0,61.0,60.0,0.0,61.0,61.0,61.0,61.0,61.0,61.0,60.0,0.0,119.0,101.0,80.0,,,,
sphere,diameter,0.0325,65,62,-62.0,62.0,62.0,60.0,0.0,62.0,62.0,62.0,62.0,62.0,62.0,60.0,0.0,118.0,102.0,80.0,,,,
sphere,diameter,0.0325,65,63,-63.0,63.0,63.0,60.0,0.0,63.0,63.0,63.0,63.0,63.0,63.0,60.0,0.0,117.0,103.0,80.0,,,,
sphere,diameter,0.0325,65,64,-64.0,64.0,64.0,60.0,0.0,64.0,64.0,64.0,64.0,64.0,64.0,60.0,0.0,116.0,104.0,80.0,,,,
sphere,diameter,0.0325,65,65,-65.0,65.0,65.0,60.0,0.0,65.0,65.0,65.0,65.0,65.0,65.0,60.0,0.0,115.0,105.0,80.0,,,,
sphere,diameter,0.0325,65,66,-66.0,66.0,66.0,60.0,0.0,66.0,66.0,65.0,66.0,66.0,66.0,60.0,0.0,114.0,106.0,80.0,,,,
sphere,diameter,0.0325,65,67,-67.0,67.0,67.0,60.0,0.0,67.0,67.0,65.0,67.0,67.0,67.0,60.0,0.0,113.0,107.0,80.0,,,,
sphere,diameter,0.0325,65,68,-68.0,68.0,68.0,60.0,0.0,67.56640625,67.56640625,65.0,68.0,68.0,68.0,60.0,0.0,112.0,108.0,80.0,,contact,,
sphere,diameter,0.0325,65,69,-69.0,69.0,69.0,60.0,0.0,67.56640625,67.56640625,65.0,69.0,69.0,69.0,60.0,0.0,111.0,109.0,80.0,,contact,,
sphere,diameter,0.0325,65,70,-70.0,70.0,70.0,60.0,0.0,67.56640625,67.56640625,65.0,70.0,70.0,70.0,60.0,0.0,110.0,110.0,80.0,,contact,,
sphere,diameter,0.0325,65,71,-71.0,71.0,71.0,60.0,0.0,67.56640625,67.56640625,65.0,71.0,71.0,71.0,60.0,0.0,109.0,110.0,80.0,,contact,,
sphere,diameter,0.0325,65,72,-72.0,72.0,72.0,60.0,0.0,67.56640625,67.56640625,65.0,72.0,72.0,72.0,60.0,0.0,108.0,110.0,80.0,,contact,,
sphere,diameter,0.0325,65,73,-73.0,73.0,73.0,60.0,0.0,67.56640625,67.56640625,65.0,73.0,73.0,73.0,60.0,0.0,107.0,110.0,80.0,,contact,,
sphere,diameter,0.0325,65,74,-74.0,74.0,74.0,60.0,0.0,67.56640625,67.56640625,65.0,74.0,74.0,74.0,60.0,0.0,106.0,110.0,80.0,,contact,,
sphere,diameter,0.0325,65,75,-75.0,75.0,75.0,60.0,0.0,67.56640625,67.56640625,65.0,75.0,75.0,75.0,60.0,0.0,105.0,110.0,80.0,,contact,,
sphere,diameter,0.0325,65,76,-75.0,76.0,76.0,60.0,0.0,67.56640625,67.56640625,65.0,75.0,76.0,76.0,60.0,0.0,104.0,110.0,80.0,,contact,,
sphere,diameter,0.0325,65,77,-75.0,77.0,77.0,60.0,0.0,67.56640625,67.56640625,65.0,75.0,77.0,77.0,60.0,0.0,103.0,110.0,80.0,,contact,,
sphere,diameter,0.0325,65,78,-75.0,78.0,78.0,60.0,0.0,67.56640625,67.56640625,65.0,75.0,78.0,78.0,60.0,0.0,102.984375,110.0,80.0,,contact,,contact
sphere,diameter,0.0325,65,79,-75.0,79.0,79.0,60.0,0.0,67.56640625,67.56640625,65.0,75.0,79.0,79.0,60.0,0.0,102.984375,110.0,80.0,,contact,,contact
sphere,diameter,0.0325,65,80,-75.0,80.0,80.0,60.0,0.0,67.56640625,67.56640625,65.0,75.0,80.0,80.0,60.0,0.0,102.984375,110.0,80.0,,contact,,contact
sphere,diameter,0.0325,65,81,-75.0,81.0,81.0,60.0,0.0,67.56640625,67.56640625,65.0,75.0,81.0,81.0,60.0,0.0,102.984375,110.0,80.0,,contact,,contact
sphere,diameter,0.0325,65,82,-75.0,82.0,82.0,60.0,0.0,67.56640625,67.56640625,65.0,75.0,82.0,82.0,60.0,0.0,102.984375,110.0,80.0,,contact,,contact
sphere,diameter,0.0325,65,83,-75.0,83.0,83.0,60.0,0.0,67.56640625,67.56640625,65.0,75.0,83.0,83.0,60.0,0.0,102.984375,110.0,80.0,,contact,,contact
sphere,diameter,0.0325,65,84,-75.0,84.0,84.0,60.0,0.0,67.56640625,67.56640625,65.0,75.0,84.0,84.0,60.0,0.0,102.984375,110.0,80.0,,contact,,contact
sphere,diameter,0.0325,65,85,-75.0,85.0,85.0,60.0,0.0,67.56640625,67.56640625,65.0,75.0,85.0,85.0,60.0,0.0,102.984375,110.0,80.0,,contact,,contact
sphere,diameter,0.0325,65,86,-75.0,86.0,86.0,60.0,0.0,67.56640625,67.56640625,65.0,75.0,86.0,86.0,60.0,0.0,102.984375,110.0,80.0,,contact,,contact
sphere,diameter,0.0325,65,87,-75.0,87.0,87.0,60.0,0.0,67.56640625,67.56640625,65.0,75.0,86.953125,86.953125,60.0,0.0,102.984375,110.0,80.0,,contact,contact,contact
sphere,diameter,0.0325,65,88,-75.0,87.08203125,87.08203125,60.0,0.0,67.56640625,67.56640625,65.0,75.0,86.953125,86.953125,60.0,0.0,102.984375,110.0,80.0,contact,contact,contact,contact
sphere,diameter,0.03,60,0,0.0,0.0,0.0,0.0,0.0,0.0,0.0,0.0,0.0,0.0,0.0,0.0,0.0,180.0,40.0,25.0,,,,
sphere,diameter,0.03,60,1,-1.0,1.0,1.0,1.0,0.0,1.0,1.0,1.0,1.0,1.0,1.0,1.0,0.0,179.0,41.0,26.0,,,,
sphere,diameter,0.03,60,2,-2.0,2.0,2.0,2.0,0.0,2.0,2.0,2.0,2.0,2.0,2.0,2.0,0.0,178.0,42.0,27.0,,,,
sphere,diameter,0.03,60,3,-3.0,3.0,3.0,3.0,0.0,3.0,3.0,3.0,3.0,3.0,3.0,3.0,0.0,177.0,43.0,28.0,,,,
sphere,diameter,0.03,60,4,-4.0,4.0,4.0,4.0,0.0,4.0,4.0,4.0,4.0,4.0,4.0,4.0,0.0,176.0,44.0,29.0,,,,
sphere,diameter,0.03,60,5,-5.0,5.0,5.0,5.0,0.0,5.0,5.0,5.0,5.0,5.0,5.0,5.0,0.0,175.0,45.0,30.0,,,,
sphere,diameter,0.03,60,6,-6.0,6.0,6.0,6.0,0.0,6.0,6.0,6.0,6.0,6.0,6.0,6.0,0.0,174.0,46.0,31.0,,,,
sphere,diameter,0.03,60,7,-7.0,7.0,7.0,7.0,0.0,7.0,7.0,7.0,7.0,7.0,7.0,7.0,0.0,173.0,47.0,32.0,,,,
sphere,diameter,0.03,60,8,-8.0,8.0,8.0,8.0,0.0,8.0,8.0,8.0,8.0,8.0,8.0,8.0,0.0,172.0,48.0,33.0,,,,
sphere,diameter,0.03,60,9,-9.0,9.0,9.0,9.0,0.0,9.0,9.0,9.0,9.0,9.0,9.0,9.0,0.0,171.0,49.0,34.0,,,,
sphere,diameter,0.03,60,10,-10.0,10.0,10.0,10.0,0.0,10.0,10.0,10.0,10.0,10.0,10.0,10.0,0.0,170.0,50.0,35.0,,,,
sphere,diameter,0.03,60,11,-11.0,11.0,11.0,11.0,0.0,11.0,11.0,11.0,11.0,11.0,11.0,11.0,0.0,169.0,51.0,36.0,,,,
sphere,diameter,0.03,60,12,-12.0,12.0,12.0,12.0,0.0,12.0,12.0,12.0,12.0,12.0,12.0,12.0,0.0,168.0,52.0,37.0,,,,
sphere,diameter,0.03,60,13,-13.0,13.0,13.0,13.0,0.0,13.0,13.0,13.0,13.0,13.0,13.0,13.0,0.0,167.0,53.0,38.0,,,,
sphere,diameter,0.03,60,14,-14.0,14.0,14.0,14.0,0.0,14.0,14.0,14.0,14.0,14.0,14.0,14.0,0.0,166.0,54.0,39.0,,,,
sphere,diameter,0.03,60,15,-15.0,15.0,15.0,15.0,0.0,15.0,15.0,15.0,15.0,15.0,15.0,15.0,0.0,165.0,55.0,40.0,,,,
sphere,diameter,0.03,60,16,-16.0,16.0,16.0,16.0,0.0,16.0,16.0,16.0,16.0,16.0,16.0,16.0,0.0,164.0,56.0,41.0,,,,
sphere,diameter,0.03,60,17,-17.0,17.0,17.0,17.0,0.0,17.0,17.0,17.0,17.0,17.0,17.0,17.0,0.0,163.0,57.0,42.0,,,,
sphere,diameter,0.03,60,18,-18.0,18.0,18.0,18.0,0.0,18.0,18.0,18.0,18.0,18.0,18.0,18.0,0.0,162.0,58.0,43.0,,,,
sphere,diameter,0.03,60,19,-19.0,19.0,19.0,19.0,0.0,19.0,19.0,19.0,19.0,19.0,19.0,19.0,0.0,161.0,59.0,44.0,,,,
sphere,diameter,0.03,60,20,-20.0,20.0,20.0,20.0,0.0,20.0,20.0,20.0,20.0,20.0,20.0,20.0,0.0,160.0,60.0,45.0,,,,
sphere,diameter,0.03,60,21,-21.0,21.0,21.0,21.0,0.0,21.0,21.0,21.0,21.0,21.0,21.0,21.0,0.0,159.0,61.0,46.0,,,,
sphere,diameter,0.03,60,22,-22.0,22.0,22.0,22.0,0.0,22.0,22.0,22.0,22.0,22.0,22.0,22.0,0.0,158.0,62.0,47.0,,,,
sphere,diameter,0.03,60,23,-23.0,23.0,23.0,23.0,0.0,23.0,23.0,23.0,23.0,23.0,23.0,23.0,0.0,157.0,63.0,48.0,,,,
sphere,diameter,0.03,60,24,-24.0,24.0,24.0,24.0,0.0,24.0,24.0,24.0,24.0,24.0,24.0,24.0,0.0,156.0,64.0,49.0,,,,
sphere,diameter,0.03,60,25,-25.0,25.0,25.0,25.0,0.0,25.0,25.0,25.0,25.0,25.0,25.0,25.0,0.0,155.0,65.0,50.0,,,,
sphere,diameter,0.03,60,26,-26.0,26.0,26.0,26.0,0.0,26.0,26.0,26.0,26.0,26.0,26.0,26.0,0.0,154.0,66.0,51.0,,,,
sphere,diameter,0.03,60,27,-27.0,27.0,27.0,27.0,0.0,27.0,27.0,27.0,27.0,27.0,27.0,27.0,0.0,153.0,67.0,52.0,,,,
sphere,diameter,0.03,60,28,-28.0,28.0,28.0,28.0,0.0,28.0,28.0,28.0,28.0,28.0,28.0,28.0,0.0,152.0,68.0,53.0,,,,
sphere,diameter,0.03,60,29,-29.0,29.0,29.0,29.0,0.0,29.0,29.0,29.0,29.0,29.0,29.0,29.0,0.0,151.0,69.0,54.0,,,,
sphere,diameter,0.03,60,30,-30.0,30.0,30.0,30.0,0.0,30.0,30.0,30.0,30.0,30.0,30.0,30.0,0.0,150.0,70.0,55.0,,,,
sphere,diameter,0.03,60,31,-31.0,31.0,31.0,31.0,0.0,31.0,31.0,31.0,31.0,31.0,31.0,31.0,0.0,149.0,71.0,56.0,,,,
sphere,diameter,0.03,60,32,-32.0,32.0,32.0,32.0,0.0,32.0,32.0,32.0,32.0,32.0,32.0,32.0,0.0,148.0,72.0,57.0,,,,
sphere,diameter,0.03,60,33,-33.0,33.0,33.0,33.0,0.0,33.0,33.0,33.0,33.0,33.0,33.0,33.0,0.0,147.0,73.0,58.0,,,,
sphere,diameter,0.03,60,34,-34.0,34.0,34.0,34.0,0.0,34.0,34.0,34.0,34.0,34.0,34.0,34.0,0.0,146.0,74.0,59.0,,,,
sphere,diameter,0.03,60,35,-35.0,35.0,35.0,35.0,0.0,35.0,35.0,35.0,35.0,35.0,35.0,35.0,0.0,145.0,75.0,60.0,,,,
sphere,diameter,0.03,60,36,-36.0,36.0,36.0,36.0,0.0,36.0,36.0,36.0,36.0,36.0,36.0,36.0,0.0,144.0,76.0,61.0,,,,
sphere,diameter,0.03,60,37,-37.0,37.0,37.0,37.0,0.0,37.0,37.0,37.0,37.0,37.0,37.0,37.0,0.0,143.0,77.0,62.0,,,,
sphere,diameter,0.03,60,38,-38.0,38.0,38.0,38.0,0.0,38.0,38.0,38.0,38.0,38.0,38.0,38.0,0.0,142.0,78.0,63.0,,,,
sphere,diameter,0.03,60,39,-39.0,39.0,39.0,39.0,0.0,39.0,39.0,39.0,39.0,39.0,39.0,39.0,0.0,141.0,79.0,64.0,,,,
sphere,diameter,0.03,60,40,-40.0,40.0,40.0,40.0,0.0,40.0,40.0,40.0,40.0,40.0,40.0,40.0,0.0,140.0,80.0,65.0,,,,
sphere,diameter,0.03,60,41,-41.0,41.0,41.0,41.0,0.0,41.0,41.0,41.0,41.0,41.0,41.0,41.0,0.0,139.0,81.0,66.0,,,,
sphere,diameter,0.03,60,42,-42.0,42.0,42.0,42.0,0.0,42.0,42.0,42.0,42.0,42.0,42.0,42.0,0.0,138.0,82.0,67.0,,,,
sphere,diameter,0.03,60,43,-43.0,43.0,43.0,43.0,0.0,43.0,43.0,43.0,43.0,43.0,43.0,43.0,0.0,137.0,83.0,68.0,,,,
sphere,diameter,0.03,60,44,-44.0,44.0,44.0,44.0,0.0,44.0,44.0,44.0,44.0,44.0,44.0,44.0,0.0,136.0,84.0,69.0,,,,
sphere,diameter,0.03,60,45,-45.0,45.0,45.0,45.0,0.0,45.0,45.0,45.0,45.0,45.0,45.0,45.0,0.0,135.0,85.0,70.0,,,,
sphere,diameter,0.03,60,46,-46.0,46.0,46.0,46.0,0.0,46.0,46.0,46.0,46.0,46.0,46.0,46.0,0.0,134.0,86.0,71.0,,,,
sphere,diameter,0.03,60,47,-47.0,47.0,47.0,47.0,0.0,47.0,47.0,47.0,47.0,47.0,47.0,47.0,0.0,133.0,87.0,72.0,,,,
sphere,diameter,0.03,60,48,-48.0,48.0,48.0,48.0,0.0,48.0,48.0,48.0,48.0,48.0,48.0,48.0,0.0,132.0,88.0,73.0,,,,
sphere,diameter,0.03,60,49,-49.0,49.0,49.0,49.0,0.0,49.0,49.0,49.0,49.0,49.0,49.0,49.0,0.0,131.0,89.0,74.0,,,,
sphere,diameter,0.03,60,50,-50.0,50.0,50.0,50.0,0.0,50.0,50.0,50.0,50.0,50.0,50.0,50.0,0.0,130.0,90.0,75.0,,,,
sphere,diameter,0.03,60,51,-51.0,51.0,51.0,51.0,0.0,51.0,51.0,51.0,51.0,51.0,51.0,51.0,0.0,129.0,91.0,76.0,,,,
sphere,diameter,0.03,60,52,-52.0,52.0,52.0,52.0,0.0,52.0,52.0,52.0,52.0,52.0,52.0,52.0,0.0,128.0,92.0,77.0,,,,
sphere,diameter,0.03,60,53,-53.0,53.0,53.0,53.0,0.0,53.0,53.0,53.0,53.0,53.0,53.0,53.0,0.0,127.0,93.0,78.0,,,,
sphere,diameter,0.03,60,54,-54.0,54.0,54.0,54.0,0.0,54.0,54.0,54.0,54.0,54.0,54.0,54.0,0.0,126.0,94.0,79.0,,,,
sphere,diameter,0.03,60,55,-55.0,55.0,55.0,55.0,0.0,55.0,55.0,55.0,55.0,55.0,55.0,55.0,0.0,125.0,95.0,80.0,,,,
sphere,diameter,0.03,60,56,-56.0,56.0,56.0,56.0,0.0,56.0,56.0,56.0,56.0,56.0,56.0,56.0,0.0,124.0,96.0,80.0,,,,
sphere,diameter,0.03,60,57,-57.0,57.0,57.0,57.0,0.0,57.0,57.0,57.0,57.0,57.0,57.0,57.0,0.0,123.0,97.0,80.0,,,,
sphere,diameter,0.03,60,58,-58.0,58.0,58.0,58.0,0.0,58.0,58.0,58.0,58.0,58.0,58.0,58.0,0.0,122.0,98.0,80.0,,,,
sphere,diameter,0.03,60,59,-59.0,59.0,59.0,59.0,0.0,59.0,59.0,59.0,59.0,59.0,59.0,59.0,0.0,121.0,99.0,80.0,,,,
sphere,diameter,0.03,60,60,-60.0,60.0,60.0,60.0,0.0,60.0,60.0,60.0,60.0,60.0,60.0,60.0,0.0,120.0,100.0,80.0,,,,
sphere,diameter,0.03,60,61,-61.0,61.0,61.0,60.0,0.0,61.0,61.0,61.0,61.0,61.0,61.0,60.0,0.0,119.0,101.0,80.0,,,,
sphere,diameter,0.03,60,62,-62.0,62.0,62.0,60.0,0.0,62.0,62.0,62.0,62.0,62.0,62.0,60.0,0.0,118.0,102.0,80.0,,,,
sphere,diameter,0.03,60,63,-63.0,63.0,63.0,60.0,0.0,63.0,63.0,63.0,63.0,63.0,63.0,60.0,0.0,117.0,103.0,80.0,,,,
sphere,diameter,0.03,60,64,-64.0,64.0,64.0,60.0,0.0,64.0,64.0,64.0,64.0,64.0,64.0,60.0,0.0,116.0,104.0,80.0,,,,
sphere,diameter,0.03,60,65,-65.0,65.0,65.0,60.0,0.0,65.0,65.0,65.0,65.0,65.0,65.0,60.0,0.0,115.0,105.0,80.0,,,,
sphere,diameter,0.03,60,66,-66.0,66.0,66.0,60.0,0.0,66.0,66.0,65.0,66.0,66.0,66.0,60.0,0.0,114.0,106.0,80.0,,,,
sphere,diameter,0.03,60,67,-67.0,67.0,67.0,60.0,0.0,67.0,67.0,65.0,67.0,67.0,67.0,60.0,0.0,113.0,107.0,80.0,,,,
sphere,diameter,0.03,60,68,-68.0,68.0,68.0,60.0,0.0,68.0,68.0,65.0,68.0,68.0,68.0,60.0,0.0,112.0,108.0,80.0,,,,
sphere,diameter,0.03,60,69,-69.0,69.0,69.0,60.0,0.0,68.69921875,68.69921875,65.0,69.0,69.0,69.0,60.0,0.0,111.0,109.0,80.0,,contact,,
sphere,diameter,0.03,60,70,-70.0,70.0,70.0,60.0,0.0,68.69921875,68.69921875,65.0,70.0,70.0,70.0,60.0,0.0,110.0,110.0,80.0,,contact,,
sphere,diameter,0.03,60,71,-71.0,71.0,71.0,60.0,0.0,68.69921875,68.69921875,65.0,71.0,71.0,71.0,60.0,0.0,109.0,110.0,80.0,,contact,,
sphere,diameter,0.03,60,72,-72.0,72.0,72.0,60.0,0.0,68.69921875,68.69921875,65.0,72.0,72.0,72.0,60.0,0.0,108.0,110.0,80.0,,contact,,
sphere,diameter,0.03,60,73,-73.0,73.0,73.0,60.0,0.0,68.69921875,68.69921875,65.0,73.0,73.0,73.0,60.0,0.0,107.0,110.0,80.0,,contact,,
sphere,diameter,0.03,60,74,-74.0,74.0,74.0,60.0,0.0,68.69921875,68.69921875,65.0,74.0,74.0,74.0,60.0,0.0,106.0,110.0,80.0,,contact,,
sphere,diameter,0.03,60,75,-75.0,75.0,75.0,60.0,0.0,68.69921875,68.69921875,65.0,75.0,75.0,75.0,60.0,0.0,105.0,110.0,80.0,,contact,,
sphere,diameter,0.03,60,76,-75.0,76.0,76.0,60.0,0.0,68.69921875,68.69921875,65.0,75.0,76.0,76.0,60.0,0.0,104.0,110.0,80.0,,contact,,
sphere,diameter,0.03,60,77,-75.0,77.0,77.0,60.0,0.0,68.69921875,68.69921875,65.0,75.0,77.0,77.0,60.0,0.0,103.0,110.0,80.0,,contact,,
sphere,diameter,0.03,60,78,-75.0,78.0,78.0,60.0,0.0,68.69921875,68.69921875,65.0,75.0,78.0,78.0,60.0,0.0,102.0,110.0,80.0,,contact,,
sphere,diameter,0.03,60,79,-75.0,79.0,79.0,60.0,0.0,68.69921875,68.69921875,65.0,75.0,79.0,79.0,60.0,0.0,101.0,110.0,80.0,,contact,,
sphere,diameter,0.03,60,80,-75.0,80.0,80.0,60.0,0.0,68.69921875,68.69921875,65.0,75.0,80.0,80.0,60.0,0.0,100.49609375,110.0,80.0,,contact,,contact
sphere,diameter,0.03,60,81,-75.0,81.0,81.0,60.0,0.0,68.69921875,68.69921875,65.0,75.0,81.0,81.0,60.0,0.0,100.49609375,110.0,80.0,,contact,,contact
sphere,diameter,0.03,60,82,-75.0,82.0,82.0,60.0,0.0,68.69921875,68.69921875,65.0,75.0,82.0,82.0,60.0,0.0,100.49609375,110.0,80.0,,contact,,contact
sphere,diameter,0.03,60,83,-75.0,83.0,83.0,60.0,0.0,68.69921875,68.69921875,65.0,75.0,83.0,83.0,60.0,0.0,100.49609375,110.0,80.0,,contact,,contact
sphere,diameter,0.03,60,84,-75.0,84.0,84.0,60.0,0.0,68.69921875,68.69921875,65.0,75.0,84.0,84.0,60.0,0.0,100.49609375,110.0,80.0,,contact,,contact
sphere,diameter,0.03,60,85,-75.0,85.0,85.0,60.0,0.0,68.69921875,68.69921875,65.0,75.0,85.0,85.0,60.0,0.0,100.49609375,110.0,80.0,,contact,,contact
sphere,diameter,0.03,60,86,-75.0,86.0,86.0,60.0,0.0,68.69921875,68.69921875,65.0,75.0,86.0,86.0,60.0,0.0,100.49609375,110.0,80.0,,contact,,contact
sphere,diameter,0.03,60,87,-75.0,87.0,87.0,60.0,0.0,68.69921875,68.69921875,65.0,75.0,87.0,87.0,60.0,0.0,100.49609375,110.0,80.0,,contact,,contact
sphere,diameter,0.03,60,88,-75.0,88.0,88.0,60.0,0.0,68.69921875,68.69921875,65.0,75.0,88.0,88.0,60.0,0.0,100.49609375,110.0,80.0,,contact,,contact
sphere,diameter,0.03,60,89,-75.0,88.41015625,88.41015625,60.0,0.0,68.69921875,68.69921875,65.0,75.0,88.28125,88.28125,60.0,0.0,100.49609375,110.0,80.0,contact,contact,contact,contact
sphere,diameter,0.0275,55,0,0.0,0.0,0.0,0.0,0.0,0.0,0.0,0.0,0.0,0.0,0.0,0.0,0.0,180.0,40.0,25.0,,,,
sphere,diameter,0.0275,55,1,-1.0,1.0,1.0,1.0,0.0,1.0,1.0,1.0,1.0,1.0,1.0,1.0,0.0,179.0,41.0,26.0,,,,
sphere,diameter,0.0275,55,2,-2.0,2.0,2.0,2.0,0.0,2.0,2.0,2.0,2.0,2.0,2.0,2.0,0.0,178.0,42.0,27.0,,,,
sphere,diameter,0.0275,55,3,-3.0,3.0,3.0,3.0,0.0,3.0,3.0,3.0,3.0,3.0,3.0,3.0,0.0,177.0,43.0,28.0,,,,
sphere,diameter,0.0275,55,4,-4.0,4.0,4.0,4.0,0.0,4.0,4.0,4.0,4.0,4.0,4.0,4.0,0.0,176.0,44.0,29.0,,,,
sphere,diameter,0.0275,55,5,-5.0,5.0,5.0,5.0,0.0,5.0,5.0,5.0,5.0,5.0,5.0,5.0,0.0,175.0,45.0,30.0,,,,
sphere,diameter,0.0275,55,6,-6.0,6.0,6.0,6.0,0.0,6.0,6.0,6.0,6.0,6.0,6.0,6.0,0.0,174.0,46.0,31.0,,,,
sphere,diameter,0.0275,55,7,-7.0,7.0,7.0,7.0,0.0,7.0,7.0,7.0,7.0,7.0,7.0,7.0,0.0,173.0,47.0,32.0,,,,
sphere,diameter,0.0275,55,8,-8.0,8.0,8.0,8.0,0.0,8.0,8.0,8.0,8.0,8.0,8.0,8.0,0.0,172.0,48.0,33.0,,,,
sphere,diameter,0.0275,55,9,-9.0,9.0,9.0,9.0,0.0,9.0,9.0,9.0,9.0,9.0,9.0,9.0,0.0,171.0,49.0,34.0,,,,
sphere,diameter,0.0275,55,10,-10.0,10.0,10.0,10.0,0.0,10.0,10.0,10.0,10.0,10.0,10.0,10.0,0.0,170.0,50.0,35.0,,,,
sphere,diameter,0.0275,55,11,-11.0,11.0,11.0,11.0,0.0,11.0,11.0,11.0,11.0,11.0,11.0,11.0,0.0,169.0,51.0,36.0,,,,
sphere,diameter,0.0275,55,12,-12.0,12.0,12.0,12.0,0.0,12.0,12.0,12.0,12.0,12.0,12.0,12.0,0.0,168.0,52.0,37.0,,,,
sphere,diameter,0.0275,55,13,-13.0,13.0,13.0,13.0,0.0,13.0,13.0,13.0,13.0,13.0,13.0,13.0,0.0,167.0,53.0,38.0,,,,
sphere,diameter,0.0275,55,14,-14.0,14.0,14.0,14.0,0.0,14.0,14.0,14.0,14.0,14.0,14.0,14.0,0.0,166.0,54.0,39.0,,,,
sphere,diameter,0.0275,55,15,-15.0,15.0,15.0,15.0,0.0,15.0,15.0,15.0,15.0,15.0,15.0,15.0,0.0,165.0,55.0,40.0,,,,
sphere,diameter,0.0275,55,16,-16.0,16.0,16.0,16.0,0.0,16.0,16.0,16.0,16.0,16.0,16.0,16.0,0.0,164.0,56.0,41.0,,,,
sphere,diameter,0.0275,55,17,-17.0,17.0,17.0,17.0,0.0,17.0,17.0,17.0,17.0,17.0,17.0,17.0,0.0,163.0,57.0,42.0,,,,
sphere,diameter,0.0275,55,18,-18.0,18.0,18.0,18.0,0.0,18.0,18.0,18.0,18.0,18.0,18.0,18.0,0.0,162.0,58.0,43.0,,,,
sphere,diameter,0.0275,55,19,-19.0,19.0,19.0,19.0,0.0,19.0,19.0,19.0,19.0,19.0,19.0,19.0,0.0,161.0,59.0,44.0,,,,
sphere,diameter,0.0275,55,20,-20.0,20.0,20.0,20.0,0.0,20.0,20.0,20.0,20.0,20.0,20.0,20.0,0.0,160.0,60.0,45.0,,,,
sphere,diameter,0.0275,55,21,-21.0,21.0,21.0,21.0,0.0,21.0,21.0,21.0,21.0,21.0,21.0,21.0,0.0,159.0,61.0,46.0,,,,
sphere,diameter,0.0275,55,22,-22.0,22.0,22.0,22.0,0.0,22.0,22.0,22.0,22.0,22.0,22.0,22.0,0.0,158.0,62.0,47.0,,,,
sphere,diameter,0.0275,55,23,-23.0,23.0,23.0,23.0,0.0,23.0,23.0,23.0,23.0,23.0,23.0,23.0,0.0,157.0,63.0,48.0,,,,
sphere,diameter,0.0275,55,24,-24.0,24.0,24.0,24.0,0.0,24.0,24.0,24.0,24.0,24.0,24.0,24.0,0.0,156.0,64.0,49.0,,,,
sphere,diameter,0.0275,55,25,-25.0,25.0,25.0,25.0,0.0,25.0,25.0,25.0,25.0,25.0,25.0,25.0,0.0,155.0,65.0,50.0,,,,
sphere,diameter,0.0275,55,26,-26.0,26.0,26.0,26.0,0.0,26.0,26.0,26.0,26.0,26.0,26.0,26.0,0.0,154.0,66.0,51.0,,,,
sphere,diameter,0.0275,55,27,-27.0,27.0,27.0,27.0,0.0,27.0,27.0,27.0,27.0,27.0,27.0,27.0,0.0,153.0,67.0,52.0,,,,
sphere,diameter,0.0275,55,28,-28.0,28.0,28.0,28.0,0.0,28.0,28.0,28.0,28.0,28.0,28.0,28.0,0.0,152.0,68.0,53.0,,,,
sphere,diameter,0.0275,55,29,-29.0,29.0,29.0,29.0,0.0,29.0,29.0,29.0,29.0,29.0,29.0,29.0,0.0,151.0,69.0,54.0,,,,
sphere,diameter,0.0275,55,30,-30.0,30.0,30.0,30.0,0.0,30.0,30.0,30.0,30.0,30.0,30.0,30.0,0.0,150.0,70.0,55.0,,,,
sphere,diameter,0.0275,55,31,-31.0,31.0,31.0,31.0,0.0,31.0,31.0,31.0,31.0,31.0,31.0,31.0,0.0,149.0,71.0,56.0,,,,
sphere,diameter,0.0275,55,32,-32.0,32.0,32.0,32.0,0.0,32.0,32.0,32.0,32.0,32.0,32.0,32.0,0.0,148.0,72.0,57.0,,,,
sphere,diameter,0.0275,55,33,-33.0,33.0,33.0,33.0,0.0,33.0,33.0,33.0,33.0,33.0,33.0,33.0,0.0,147.0,73.0,58.0,,,,
sphere,diameter,0.0275,55,34,-34.0,34.0,34.0,34.0,0.0,34.0,34.0,34.0,34.0,34.0,34.0,34.0,0.0,146.0,74.0,59.0,,,,
sphere,diameter,0.0275,55,35,-35.0,35.0,35.0,35.0,0.0,35.0,35.0,35.0,35.0,35.0,35.0,35.0,0.0,145.0,75.0,60.0,,,,
sphere,diameter,0.0275,55,36,-36.0,36.0,36.0,36.0,0.0,36.0,36.0,36.0,36.0,36.0,36.0,36.0,0.0,144.0,76.0,61.0,,,,
sphere,diameter,0.0275,55,37,-37.0,37.0,37.0,37.0,0.0,37.0,37.0,37.0,37.0,37.0,37.0,37.0,0.0,143.0,77.0,62.0,,,,
sphere,diameter,0.0275,55,38,-38.0,38.0,38.0,38.0,0.0,38.0,38.0,38.0,38.0,38.0,38.0,38.0,0.0,142.0,78.0,63.0,,,,
sphere,diameter,0.0275,55,39,-39.0,39.0,39.0,39.0,0.0,39.0,39.0,39.0,39.0,39.0,39.0,39.0,0.0,141.0,79.0,64.0,,,,
sphere,diameter,0.0275,55,40,-40.0,40.0,40.0,40.0,0.0,40.0,40.0,40.0,40.0,40.0,40.0,40.0,0.0,140.0,80.0,65.0,,,,
sphere,diameter,0.0275,55,41,-41.0,41.0,41.0,41.0,0.0,41.0,41.0,41.0,41.0,41.0,41.0,41.0,0.0,139.0,81.0,66.0,,,,
sphere,diameter,0.0275,55,42,-42.0,42.0,42.0,42.0,0.0,42.0,42.0,42.0,42.0,42.0,42.0,42.0,0.0,138.0,82.0,67.0,,,,
sphere,diameter,0.0275,55,43,-43.0,43.0,43.0,43.0,0.0,43.0,43.0,43.0,43.0,43.0,43.0,43.0,0.0,137.0,83.0,68.0,,,,
sphere,diameter,0.0275,55,44,-44.0,44.0,44.0,44.0,0.0,44.0,44.0,44.0,44.0,44.0,44.0,44.0,0.0,136.0,84.0,69.0,,,,
sphere,diameter,0.0275,55,45,-45.0,45.0,45.0,45.0,0.0,45.0,45.0,45.0,45.0,45.0,45.0,45.0,0.0,135.0,85.0,70.0,,,,
sphere,diameter,0.0275,55,46,-46.0,46.0,46.0,46.0,0.0,46.0,46.0,46.0,46.0,46.0,46.0,46.0,0.0,134.0,86.0,71.0,,,,
sphere,diameter,0.0275,55,47,-47.0,47.0,47.0,47.0,0.0,47.0,47.0,47.0,47.0,47.0,47.0,47.0,0.0,133.0,87.0,72.0,,,,
sphere,diameter,0.0275,55,48,-48.0,48.0,48.0,48.0,0.0,48.0,48.0,48.0,48.0,48.0,48.0,48.0,0.0,132.0,88.0,73.0,,,,
sphere,diameter,0.0275,55,49,-49.0,49.0,49.0,49.0,0.0,49.0,49.0,49.0,49.0,49.0,49.0,49.0,0.0,131.0,89.0,74.0,,,,
sphere,diameter,0.0275,55,50,-50.0,50.0,50.0,50.0,0.0,50.0,50.0,50.0,50.0,50.0,50.0,50.0,0.0,130.0,90.0,75.0,,,,
sphere,diameter,0.0275,55,51,-51.0,51.0,51.0,51.0,0.0,51.0,51.0,51.0,51.0,51.0,51.0,51.0,0.0,129.0,91.0,76.0,,,,
sphere,diameter,0.0275,55,52,-52.0,52.0,52.0,52.0,0.0,52.0,52.0,52.0,52.0,52.0,52.0,52.0,0.0,128.0,92.0,77.0,,,,
sphere,diameter,0.0275,55,53,-53.0,53.0,53.0,53.0,0.0,53.0,53.0,53.0,53.0,53.0,53.0,53.0,0.0,127.0,93.0,78.0,,,,
sphere,diameter,0.0275,55,54,-54.0,54.0,54.0,54.0,0.0,54.0,54.0,54.0,54.0,54.0,54.0,54.0,0.0,126.0,94.0,79.0,,,,
sphere,diameter,0.0275,55,55,-55.0,55.0,55.0,55.0,0.0,55.0,55.0,55.0,55.0,55.0,55.0,55.0,0.0,125.0,95.0,80.0,,,,
sphere,diameter,0.0275,55,56,-56.0,56.0,56.0,56.0,0.0,56.0,56.0,56.0,56.0,56.0,56.0,56.0,0.0,124.0,96.0,80.0,,,,
sphere,diameter,0.0275,55,57,-57.0,57.0,57.0,57.0,0.0,57.0,57.0,57.0,57.0,57.0,57.0,57.0,0.0,123.0,97.0,80.0,,,,
sphere,diameter,0.0275,55,58,-58.0,58.0,58.0,58.0,0.0,58.0,58.0,58.0,58.0,58.0,58.0,58.0,0.0,122.0,98.0,80.0,,,,
sphere,diameter,0.0275,55,59,-59.0,59.0,59.0,59.0,0.0,59.0,59.0,59.0,59.0,59.0,59.0,59.0,0.0,121.0,99.0,80.0,,,,
sphere,diameter,0.0275,55,60,-60.0,60.0,60.0,60.0,0.0,60.0,60.0,60.0,60.0,60.0,60.0,60.0,0.0,120.0,100.0,80.0,,,,
sphere,diameter,0.0275,55,61,-61.0,61.0,61.0,60.0,0.0,61.0,61.0,61.0,61.0,61.0,61.0,60.0,0.0,119.0,101.0,80.0,,,,
sphere,diameter,0.0275,55,62,-62.0,62.0,62.0,60.0,0.0,62.0,62.0,62.0,62.0,62.0,62.0,60.0,0.0,118.0,102.0,80.0,,,,
sphere,diameter,0.0275,55,63,-63.0,63.0,63.0,60.0,0.0,63.0,63.0,63.0,63.0,63.0,63.0,60.0,0.0,117.0,103.0,80.0,,,,
sphere,diameter,0.0275,55,64,-64.0,64.0,64.0,60.0,0.0,64.0,64.0,64.0,64.0,64.0,64.0,60.0,0.0,116.0,104.0,80.0,,,,
sphere,diameter,0.0275,55,65,-65.0,65.0,65.0,60.0,0.0,65.0,65.0,65.0,65.0,65.0,65.0,60.0,0.0,115.0,105.0,80.0,,,,
sphere,diameter,0.0275,55,66,-66.0,66.0,66.0,60.0,0.0,66.0,66.0,65.0,66.0,66.0,66.0,60.0,0.0,114.0,106.0,80.0,,,,
sphere,diameter,0.0275,55,67,-67.0,67.0,67.0,60.0,0.0,67.0,67.0,65.0,67.0,67.0,67.0,60.0,0.0,113.0,107.0,80.0,,,,
sphere,diameter,0.0275,55,68,-68.0,68.0,68.0,60.0,0.0,68.0,68.0,65.0,68.0,68.0,68.0,60.0,0.0,112.0,108.0,80.0,,,,
sphere,diameter,0.0275,55,69,-69.0,69.0,69.0,60.0,0.0,69.0,69.0,65.0,69.0,69.0,69.0,60.0,0.0,111.0,109.0,80.0,,,,
sphere,diameter,0.0275,55,70,-70.0,70.0,70.0,60.0,0.0,69.84765625,69.84765625,65.0,70.0,70.0,70.0,60.0,0.0,110.0,110.0,80.0,,contact,,
sphere,diameter,0.0275,55,71,-71.0,71.0,71.0,60.0,0.0,69.84765625,69.84765625,65.0,71.0,71.0,71.0,60.0,0.0,109.0,110.0,80.0,,contact,,
sphere,diameter,0.0275,55,72,-72.0,72.0,72.0,60.0,0.0,69.84765625,69.84765625,65.0,72.0,72.0,72.0,60.0,0.0,108.0,110.0,80.0,,contact,,
sphere,diameter,0.0275,55,73,-73.0,73.0,73.0,60.0,0.0,69.84765625,69.84765625,65.0,73.0,73.0,73.0,60.0,0.0,107.0,110.0,80.0,,contact,,
sphere,diameter,0.0275,55,74,-74.0,74.0,74.0,60.0,0.0,69.84765625,69.84765625,65.0,74.0,74.0,74.0,60.0,0.0,106.0,110.0,80.0,,contact,,
sphere,diameter,0.0275,55,75,-75.0,75.0,75.0,60.0,0.0,69.84765625,69.84765625,65.0,75.0,75.0,75.0,60.0,0.0,105.0,110.0,80.0,,contact,,
sphere,diameter,0.0275,55,76,-75.0,76.0,76.0,60.0,0.0,69.84765625,69.84765625,65.0,75.0,76.0,76.0,60.0,0.0,104.0,110.0,80.0,,contact,,
sphere,diameter,0.0275,55,77,-75.0,77.0,77.0,60.0,0.0,69.84765625,69.84765625,65.0,75.0,77.0,77.0,60.0,0.0,103.0,110.0,80.0,,contact,,
sphere,diameter,0.0275,55,78,-75.0,78.0,78.0,60.0,0.0,69.84765625,69.84765625,65.0,75.0,78.0,78.0,60.0,0.0,102.0,110.0,80.0,,contact,,
sphere,diameter,0.0275,55,79,-75.0,79.0,79.0,60.0,0.0,69.84765625,69.84765625,65.0,75.0,79.0,79.0,60.0,0.0,101.0,110.0,80.0,,contact,,
sphere,diameter,0.0275,55,80,-75.0,80.0,80.0,60.0,0.0,69.84765625,69.84765625,65.0,75.0,80.0,80.0,60.0,0.0,100.0,110.0,80.0,,contact,,angle_limit
sphere,diameter,0.0275,55,81,-75.0,81.0,81.0,60.0,0.0,69.84765625,69.84765625,65.0,75.0,81.0,81.0,60.0,0.0,100.0,110.0,80.0,,contact,,angle_limit
sphere,diameter,0.0275,55,82,-75.0,82.0,82.0,60.0,0.0,69.84765625,69.84765625,65.0,75.0,82.0,82.0,60.0,0.0,100.0,110.0,80.0,,contact,,angle_limit
sphere,diameter,0.0275,55,83,-75.0,83.0,83.0,60.0,0.0,69.84765625,69.84765625,65.0,75.0,83.0,83.0,60.0,0.0,100.0,110.0,80.0,,contact,,angle_limit
sphere,diameter,0.0275,55,84,-75.0,84.0,84.0,60.0,0.0,69.84765625,69.84765625,65.0,75.0,84.0,84.0,60.0,0.0,100.0,110.0,80.0,,contact,,angle_limit
sphere,diameter,0.0275,55,85,-75.0,85.0,85.0,60.0,0.0,69.84765625,69.84765625,65.0,75.0,85.0,85.0,60.0,0.0,100.0,110.0,80.0,,contact,,angle_limit
sphere,diameter,0.0275,55,86,-75.0,86.0,86.0,60.0,0.0,69.84765625,69.84765625,65.0,75.0,86.0,86.0,60.0,0.0,100.0,110.0,80.0,,contact,,angle_limit
sphere,diameter,0.0275,55,87,-75.0,87.0,87.0,60.0,0.0,69.84765625,69.84765625,65.0,75.0,87.0,87.0,60.0,0.0,100.0,110.0,80.0,,contact,,angle_limit
sphere,diameter,0.0275,55,88,-75.0,88.0,88.0,60.0,0.0,69.84765625,69.84765625,65.0,75.0,88.0,88.0,60.0,0.0,100.0,110.0,80.0,,contact,,angle_limit
sphere,diameter,0.0275,55,89,-75.0,89.0,89.0,60.0,0.0,69.84765625,69.84765625,65.0,75.0,89.0,89.0,60.0,0.0,100.0,110.0,80.0,,contact,,angle_limit
sphere,diameter,0.0275,55,90,-75.0,89.765625,89.765625,60.0,0.0,69.84765625,69.84765625,65.0,75.0,89.63671875,89.63671875,60.0,0.0,100.0,110.0,80.0,contact,contact,contact,angle_limit
sphere,diameter,0.025,50,0,0.0,0.0,0.0,0.0,0.0,0.0,0.0,0.0,0.0,0.0,0.0,0.0,0.0,180.0,40.0,25.0,,,,
sphere,diameter,0.025,50,1,-1.0,1.0,1.0,1.0,0.0,1.0,1.0,1.0,1.0,1.0,1.0,1.0,0.0,179.0,41.0,26.0,,,,
sphere,diameter,0.025,50,2,-2.0,2.0,2.0,2.0,0.0,2.0,2.0,2.0,2.0,2.0,2.0,2.0,0.0,178.0,42.0,27.0,,,,
sphere,diameter,0.025,50,3,-3.0,3.0,3.0,3.0,0.0,3.0,3.0,3.0,3.0,3.0,3.0,3.0,0.0,177.0,43.0,28.0,,,,
sphere,diameter,0.025,50,4,-4.0,4.0,4.0,4.0,0.0,4.0,4.0,4.0,4.0,4.0,4.0,4.0,0.0,176.0,44.0,29.0,,,,
sphere,diameter,0.025,50,5,-5.0,5.0,5.0,5.0,0.0,5.0,5.0,5.0,5.0,5.0,5.0,5.0,0.0,175.0,45.0,30.0,,,,
sphere,diameter,0.025,50,6,-6.0,6.0,6.0,6.0,0.0,6.0,6.0,6.0,6.0,6.0,6.0,6.0,0.0,174.0,46.0,31.0,,,,
sphere,diameter,0.025,50,7,-7.0,7.0,7.0,7.0,0.0,7.0,7.0,7.0,7.0,7.0,7.0,7.0,0.0,173.0,47.0,32.0,,,,
sphere,diameter,0.025,50,8,-8.0,8.0,8.0,8.0,0.0,8.0,8.0,8.0,8.0,8.0,8.0,8.0,0.0,172.0,48.0,33.0,,,,
sphere,diameter,0.025,50,9,-9.0,9.0,9.0,9.0,0.0,9.0,9.0,9.0,9.0,9.0,9.0,9.0,0.0,171.0,49.0,34.0,,,,
sphere,diameter,0.025,50,10,-10.0,10.0,10.0,10.0,0.0,10.0,10.0,10.0,10.0,10.0,10.0,10.0,0.0,170.0,50.0,35.0,,,,
sphere,diameter,0.025,50,11,-11.0,11.0,11.0,11.0,0.0,11.0,11.0,11.0,11.0,11.0,11.0,11.0,0.0,169.0,51.0,36.0,,,,
sphere,diameter,0.025,50,12,-12.0,12.0,12.0,12.0,0.0,12.0,12.0,12.0,12.0,12.0,12.0,12.0,0.0,168.0,52.0,37.0,,,,
sphere,diameter,0.025,50,13,-13.0,13.0,13.0,13.0,0.0,13.0,13.0,13.0,13.0,13.0,13.0,13.0,0.0,167.0,53.0,38.0,,,,
sphere,diameter,0.025,50,14,-14.0,14.0,14.0,14.0,0.0,14.0,14.0,14.0,14.0,14.0,14.0,14.0,0.0,166.0,54.0,39.0,,,,
sphere,diameter,0.025,50,15,-15.0,15.0,15.0,15.0,0.0,15.0,15.0,15.0,15.0,15.0,15.0,15.0,0.0,165.0,55.0,40.0,,,,
sphere,diameter,0.025,50,16,-16.0,16.0,16.0,16.0,0.0,16.0,16.0,16.0,16.0,16.0,16.0,16.0,0.0,164.0,56.0,41.0,,,,
sphere,diameter,0.025,50,17,-17.0,17.0,17.0,17.0,0.0,17.0,17.0,17.0,17.0,17.0,17.0,17.0,0.0,163.0,57.0,42.0,,,,
sphere,diameter,0.025,50,18,-18.0,18.0,18.0,18.0,0.0,18.0,18.0,18.0,18.0,18.0,18.0,18.0,0.0,162.0,58.0,43.0,,,,
sphere,diameter,0.025,50,19,-19.0,19.0,19.0,19.0,0.0,19.0,19.0,19.0,19.0,19.0,19.0,19.0,0.0,161.0,59.0,44.0,,,,
sphere,diameter,0.025,50,20,-20.0,20.0,20.0,20.0,0.0,20.0,20.0,20.0,20.0,20.0,20.0,20.0,0.0,160.0,60.0,45.0,,,,
sphere,diameter,0.025,50,21,-21.0,21.0,21.0,21.0,0.0,21.0,21.0,21.0,21.0,21.0,21.0,21.0,0.0,159.0,61.0,46.0,,,,
sphere,diameter,0.025,50,22,-22.0,22.0,22.0,22.0,0.0,22.0,22.0,22.0,22.0,22.0,22.0,22.0,0.0,158.0,62.0,47.0,,,,
sphere,diameter,0.025,50,23,-23.0,23.0,23.0,23.0,0.0,23.0,23.0,23.0,23.0,23.0,23.0,23.0,0.0,157.0,63.0,48.0,,,,
sphere,diameter,0.025,50,24,-24.0,24.0,24.0,24.0,0.0,24.0,24.0,24.0,24.0,24.0,24.0,24.0,0.0,156.0,64.0,49.0,,,,
sphere,diameter,0.025,50,25,-25.0,25.0,25.0,25.0,0.0,25.0,25.0,25.0,25.0,25.0,25.0,25.0,0.0,155.0,65.0,50.0,,,,
sphere,diameter,0.025,50,26,-26.0,26.0,26.0,26.0,0.0,26.0,26.0,26.0,26.0,26.0,26.0,26.0,0.0,154.0,66.0,51.0,,,,
sphere,diameter,0.025,50,27,-27.0,27.0,27.0,27.0,0.0,27.0,27.0,27.0,27.0,27.0,27.0,27.0,0.0,153.0,67.0,52.0,,,,
sphere,diameter,0.025,50,28,-28.0,28.0,28.0,28.0,0.0,28.0,28.0,28.0,28.0,28.0,28.0,28.0,0.0,152.0,68.0,53.0,,,,
sphere,diameter,0.025,50,29,-29.0,29.0,29.0,29.0,0.0,29.0,29.0,29.0,29.0,29.0,29.0,29.0,0.0,151.0,69.0,54.0,,,,
sphere,diameter,0.025,50,30,-30.0,30.0,30.0,30.0,0.0,30.0,30.0,30.0,30.0,30.0,30.0,30.0,0.0,150.0,70.0,55.0,,,,
sphere,diameter,0.025,50,31,-31.0,31.0,31.0,31.0,0.0,31.0,31.0,31.0,31.0,31.0,31.0,31.0,0.0,149.0,71.0,56.0,,,,
sphere,diameter,0.025,50,32,-32.0,32.0,32.0,32.0,0.0,32.0,32.0,32.0,32.0,32.0,32.0,32.0,0.0,148.0,72.0,57.0,,,,
sphere,diameter,0.025,50,33,-33.0,33.0,33.0,33.0,0.0,33.0,33.0,33.0,33.0,33.0,33.0,33.0,0.0,147.0,73.0,58.0,,,,
sphere,diameter,0.025,50,34,-34.0,34.0,34.0,34.0,0.0,34.0,34.0,34.0,34.0,34.0,34.0,34.0,0.0,146.0,74.0,59.0,,,,
sphere,diameter,0.025,50,35,-35.0,35.0,35.0,35.0,0.0,35.0,35.0,35.0,35.0,35.0,35.0,35.0,0.0,145.0,75.0,60.0,,,,
sphere,diameter,0.025,50,36,-36.0,36.0,36.0,36.0,0.0,36.0,36.0,36.0,36.0,36.0,36.0,36.0,0.0,144.0,76.0,61.0,,,,
sphere,diameter,0.025,50,37,-37.0,37.0,37.0,37.0,0.0,37.0,37.0,37.0,37.0,37.0,37.0,37.0,0.0,143.0,77.0,62.0,,,,
sphere,diameter,0.025,50,38,-38.0,38.0,38.0,38.0,0.0,38.0,38.0,38.0,38.0,38.0,38.0,38.0,0.0,142.0,78.0,63.0,,,,
sphere,diameter,0.025,50,39,-39.0,39.0,39.0,39.0,0.0,39.0,39.0,39.0,39.0,39.0,39.0,39.0,0.0,141.0,79.0,64.0,,,,
sphere,diameter,0.025,50,40,-40.0,40.0,40.0,40.0,0.0,40.0,40.0,40.0,40.0,40.0,40.0,40.0,0.0,140.0,80.0,65.0,,,,
sphere,diameter,0.025,50,41,-41.0,41.0,41.0,41.0,0.0,41.0,41.0,41.0,41.0,41.0,41.0,41.0,0.0,139.0,81.0,66.0,,,,
sphere,diameter,0.025,50,42,-42.0,42.0,42.0,42.0,0.0,42.0,42.0,42.0,42.0,42.0,42.0,42.0,0.0,138.0,82.0,67.0,,,,
sphere,diameter,0.025,50,43,-43.0,43.0,43.0,43.0,0.0,43.0,43.0,43.0,43.0,43.0,43.0,43.0,0.0,137.0,83.0,68.0,,,,
sphere,diameter,0.025,50,44,-44.0,44.0,44.0,44.0,0.0,44.0,44.0,44.0,44.0,44.0,44.0,44.0,0.0,136.0,84.0,69.0,,,,
sphere,diameter,0.025,50,45,-45.0,45.0,45.0,45.0,0.0,45.0,45.0,45.0,45.0,45.0,45.0,45.0,0.0,135.0,85.0,70.0,,,,
sphere,diameter,0.025,50,46,-46.0,46.0,46.0,46.0,0.0,46.0,46.0,46.0,46.0,46.0,46.0,46.0,0.0,134.0,86.0,71.0,,,,
sphere,diameter,0.025,50,47,-47.0,47.0,47.0,47.0,0.0,47.0,47.0,47.0,47.0,47.0,47.0,47.0,0.0,133.0,87.0,72.0,,,,
sphere,diameter,0.025,50,48,-48.0,48.0,48.0,48.0,0.0,48.0,48.0,48.0,48.0,48.0,48.0,48.0,0.0,132.0,88.0,73.0,,,,
sphere,diameter,0.025,50,49,-49.0,49.0,49.0,49.0,0.0,49.0,49.0,49.0,49.0,49.0,49.0,49.0,0.0,131.0,89.0,74.0,,,,
sphere,diameter,0.025,50,50,-50.0,50.0,50.0,50.0,0.0,50.0,50.0,50.0,50.0,50.0,50.0,50.0,0.0,130.0,90.0,75.0,,,,
sphere,diameter,0.025,50,51,-51.0,51.0,51.0,51.0,0.0,51.0,51.0,51.0,51.0,51.0,51.0,51.0,0.0,129.0,91.0,76.0,,,,
sphere,diameter,0.025,50,52,-52.0,52.0,52.0,52.0,0.0,52.0,52.0,52.0,52.0,52.0,52.0,52.0,0.0,128.0,92.0,77.0,,,,
sphere,diameter,0.025,50,53,-53.0,53.0,53.0,53.0,0.0,53.0,53.0,53.0,53.0,53.0,53.0,53.0,0.0,127.0,93.0,78.0,,,,
sphere,diameter,0.025,50,54,-54.0,54.0,54.0,54.0,0.0,54.0,54.0,54.0,54.0,54.0,54.0,54.0,0.0,126.0,94.0,79.0,,,,
sphere,diameter,0.025,50,55,-55.0,55.0,55.0,55.0,0.0,55.0,55.0,55.0,55.0,55.0,55.0,55.0,0.0,125.0,95.0,80.0,,,,
sphere,diameter,0.025,50,56,-56.0,56.0,56.0,56.0,0.0,56.0,56.0,56.0,56.0,56.0,56.0,56.0,0.0,124.0,96.0,80.0,,,,
sphere,diameter,0.025,50,57,-57.0,57.0,57.0,57.0,0.0,57.0,57.0,57.0,57.0,57.0,57.0,57.0,0.0,123.0,97.0,80.0,,,,
sphere,diameter,0.025,50,58,-58.0,58.0,58.0,58.0,0.0,58.0,58.0,58.0,58.0,58.0,58.0,58.0,0.0,122.0,98.0,80.0,,,,
sphere,diameter,0.025,50,59,-59.0,59.0,59.0,59.0,0.0,59.0,59.0,59.0,59.0,59.0,59.0,59.0,0.0,121.0,99.0,80.0,,,,
sphere,diameter,0.025,50,60,-60.0,60.0,60.0,60.0,0.0,60.0,60.0,60.0,60.0,60.0,60.0,60.0,0.0,120.0,100.0,80.0,,,,
sphere,diameter,0.025,50,61,-61.0,61.0,61.0,60.0,0.0,61.0,61.0,61.0,61.0,61.0,61.0,60.0,0.0,119.0,101.0,80.0,,,,
sphere,diameter,0.025,50,62,-62.0,62.0,62.0,60.0,0.0,62.0,62.0,62.0,62.0,62.0,62.0,60.0,0.0,118.0,102.0,80.0,,,,
sphere,diameter,0.025,50,63,-63.0,63.0,63.0,60.0,0.0,63.0,63.0,63.0,63.0,63.0,63.0,60.0,0.0,117.0,103.0,80.0,,,,
sphere,diameter,0.025,50,64,-64.0,64.0,64.0,60.0,0.0,64.0,64.0,64.0,64.0,64.0,64.0,60.0,0.0,116.0,104.0,80.0,,,,
sphere,diameter,0.025,50,65,-65.0,65.0,65.0,60.0,0.0,65.0,65.0,65.0,65.0,65.0,65.0,60.0,0.0,115.0,105.0,80.0,,,,
sphere,diameter,0.025,50,66,-66.0,66.0,66.0,60.0,0.0,66.0,66.0,65.0,66.0,66.0,66.0,60.0,0.0,114.0,106.0,80.0,,,,
sphere,diameter,0.025,50,67,-67.0,67.0,67.0,60.0,0.0,67.0,67.0,65.0,67.0,67.0,67.0,60.0,0.0,113.0,107.0,80.0,,,,
sphere,diameter,0.025,50,68,-68.0,68.0,68.0,60.0,0.0,68.0,68.0,65.0,68.0,68.0,68.0,60.0,0.0,112.0,108.0,80.0,,,,
sphere,diameter,0.025,50,69,-69.0,69.0,69.0,60.0,0.0,69.0,69.0,65.0,69.0,69.0,69.0,60.0,0.0,111.0,109.0,80.0,,,,
sphere,diameter,0.025,50,70,-70.0,70.0,70.0,60.0,0.0,70.0,70.0,65.0,70.0,70.0,70.0,60.0,0.0,110.0,110.0,80.0,,,,
sphere,diameter,0.025,50,71,-71.0,71.0,71.0,60.0,0.0,71.0,71.0,65.0,71.0,71.0,71.0,60.0,0.0,109.0,110.0,80.0,,,,
sphere,diameter,0.025,50,72,-72.0,72.0,72.0,60.0,0.0,71.0078125,71.0078125,65.0,72.0,72.0,72.0,60.0,0.0,108.0,110.0,80.0,,contact,,
sphere,diameter,0.025,50,73,-73.0,73.0,73.0,60.0,0.0,71.0078125,71.0078125,65.0,73.0,73.0,73.0,60.0,0.0,107.0,110.0,80.0,,contact,,
sphere,diameter,0.025,50,74,-74.0,74.0,74.0,60.0,0.0,71.0078125,71.0078125,65.0,74.0,74.0,74.0,60.0,0.0,106.0,110.0,80.0,,contact,,
sphere,diameter,0.025,50,75,-75.0,75.0,75.0,60.0,0.0,71.0078125,71.0078125,65.0,75.0,75.0,75.0,60.0,0.0,105.0,110.0,80.0,,contact,,
sphere,diameter,0.025,50,76,-75.0,76.0,76.0,60.0,0.0,71.0078125,71.0078125,65.0,75.0,76.0,76.0,60.0,0.0,104.0,110.0,80.0,,contact,,
sphere,diameter,0.025,50,77,-75.0,77.0,77.0,60.0,0.0,71.0078125,71.0078125,65.0,75.0,77.0,77.0,60.0,0.0,103.0,110.0,80.0,,contact,,
sphere,diameter,0.025,50,78,-75.0,78.0,78.0,60.0,0.0,71.0078125,71.0078125,65.0,75.0,78.0,78.0,60.0,0.0,102.0,110.0,80.0,,contact,,
sphere,diameter,0.025,50,79,-75.0,79.0,79.0,60.0,0.0,71.0078125,71.0078125,65.0,75.0,79.0,79.0,60.0,0.0,101.0,110.0,80.0,,contact,,
sphere,diameter,0.025,50,80,-75.0,80.0,80.0,60.0,0.0,71.0078125,71.0078125,65.0,75.0,80.0,80.0,60.0,0.0,100.0,110.0,80.0,,contact,,angle_limit
sphere,diameter,0.025,50,81,-75.0,81.0,81.0,60.0,0.0,71.0078125,71.0078125,65.0,75.0,81.0,81.0,60.0,0.0,100.0,110.0,80.0,,contact,,angle_limit
sphere,diameter,0.025,50,82,-75.0,82.0,82.0,60.0,0.0,71.0078125,71.0078125,65.0,75.0,82.0,82.0,60.0,0.0,100.0,110.0,80.0,,contact,,angle_limit
sphere,diameter,0.025,50,83,-75.0,83.0,83.0,60.0,0.0,71.0078125,71.0078125,65.0,75.0,83.0,83.0,60.0,0.0,100.0,110.0,80.0,,contact,,angle_limit
sphere,diameter,0.025,50,84,-75.0,84.0,84.0,60.0,0.0,71.0078125,71.0078125,65.0,75.0,84.0,84.0,60.0,0.0,100.0,110.0,80.0,,contact,,angle_limit
sphere,diameter,0.025,50,85,-75.0,85.0,85.0,60.0,0.0,71.0078125,71.0078125,65.0,75.0,85.0,85.0,60.0,0.0,100.0,110.0,80.0,,contact,,angle_limit
sphere,diameter,0.025,50,86,-75.0,86.0,86.0,60.0,0.0,71.0078125,71.0078125,65.0,75.0,86.0,86.0,60.0,0.0,100.0,110.0,80.0,,contact,,angle_limit
sphere,diameter,0.025,50,87,-75.0,87.0,87.0,60.0,0.0,71.0078125,71.0078125,65.0,75.0,87.0,87.0,60.0,0.0,100.0,110.0,80.0,,contact,,angle_limit
sphere,diameter,0.025,50,88,-75.0,88.0,88.0,60.0,0.0,71.0078125,71.0078125,65.0,75.0,88.0,88.0,60.0,0.0,100.0,110.0,80.0,,contact,,angle_limit
sphere,diameter,0.025,50,89,-75.0,89.0,89.0,60.0,0.0,71.0078125,71.0078125,65.0,75.0,89.0,89.0,60.0,0.0,100.0,110.0,80.0,,contact,,angle_limit
sphere,diameter,0.025,50,90,-75.0,90.0,90.0,60.0,0.0,71.0078125,71.0078125,65.0,75.0,90.0,90.0,60.0,0.0,100.0,110.0,80.0,angle_limit,contact,angle_limit,angle_limit
cylinder,diameter,0.075,150,0,0.0,0.0,0.0,0.0,0.0,0.0,0.0,0.0,0.0,0.0,0.0,0.0,0.0,180.0,40.0,25.0,,,,
cylinder,diameter,0.075,150,1,-1.0,1.0,1.0,1.0,0.0,1.0,1.0,1.0,1.0,1.0,1.0,1.0,0.0,179.0,41.0,26.0,,,,
cylinder,diameter,0.075,150,2,-2.0,2.0,2.0,2.0,0.0,2.0,2.0,2.0,2.0,2.0,2.0,2.0,0.0,178.0,42.0,27.0,,,,
cylinder,diameter,0.075,150,3,-3.0,3.0,3.0,3.0,0.0,3.0,3.0,3.0,3.0,3.0,3.0,3.0,0.0,177.0,43.0,28.0,,,,
cylinder,diameter,0.075,150,4,-4.0,4.0,4.0,4.0,0.0,4.0,4.0,4.0,4.0,4.0,4.0,4.0,0.0,176.0,44.0,29.0,,,,
cylinder,diameter,0.075,150,5,-5.0,5.0,5.0,5.0,0.0,5.0,5.0,5.0,5.0,5.0,5.0,5.0,0.0,175.0,45.0,30.0,,,,
cylinder,diameter,0.075,150,6,-6.0,6.0,6.0,6.0,0.0,6.0,6.0,6.0,6.0,6.0,6.0,6.0,0.0,174.0,46.0,31.0,,,,
cylinder,diameter,0.075,150,7,-7.0,7.0,7.0,7.0,0.0,7.0,7.0,7.0,7.0,7.0,7.0,7.0,0.0,173.0,47.0,32.0,,,,
cylinder,diameter,0.075,150,8,-8.0,8.0,8.0,8.0,0.0,8.0,8.0,8.0,8.0,8.0,8.0,8.0,0.0,172.0,48.0,33.0,,,,
cylinder,diameter,0.075,150,9,-9.0,9.0,9.0,9.0,0.0,9.0,9.0,9.0,9.0,9.0,9.0,9.0,0.0,171.0,49.0,34.0,,,,
cylinder,diameter,0.075,150,10,-10.0,10.0,10.0,10.0,0.0,10.0,10.0,10.0,10.0,10.0,10.0,10.0,0.0,170.0,50.0,35.0,,,,
cylinder,diameter,0.075,150,11,-11.0,11.0,11.0,11.0,0.0,11.0,11.0,11.0,11.0,11.0,11.0,11.0,0.0,169.0,51.0,36.0,,,,
cylinder,diameter,0.075,150,12,-12.0,12.0,12.0,12.0,0.0,12.0,12.0,12.0,12.0,12.0,12.0,12.0,0.0,168.0,52.0,37.0,,,,
cylinder,diameter,0.075,150,13,-13.0,13.0,13.0,13.0,0.0,13.0,13.0,13.0,13.0,13.0,13.0,13.0,0.0,167.0,53.0,38.0,,,,
cylinder,diameter,0.075,150,14,-14.0,14.0,14.0,14.0,0.0,14.0,14.0,14.0,14.0,14.0,14.0,14.0,0.0,166.0,54.0,39.0,,,,
cylinder,diameter,0.075,150,15,-15.0,15.0,15.0,15.0,0.0,15.0,15.0,15.0,15.0,15.0,15.0,15.0,0.0,165.0,55.0,40.0,,,,
cylinder,diameter,0.075,150,16,-16.0,16.0,16.0,16.0,0.0,16.0,16.0,16.0,16.0,16.0,16.0,16.0,0.0,164.0,56.0,41.0,,,,
cylinder,diameter,0.075,150,17,-17.0,17.0,17.0,17.0,0.0,17.0,17.0,17.0,17.0,17.0,17.0,17.0,0.0,163.0,57.0,42.0,,,,
cylinder,diameter,0.075,150,18,-18.0,18.0,18.0,18.0,0.0,18.0,18.0,18.0,18.0,18.0,18.0,18.0,0.0,162.0,58.0,43.0,,,,
cylinder,diameter,0.075,150,19,-19.0,19.0,19.0,19.0,0.0,19.0,19.0,19.0,19.0,19.0,19.0,19.0,0.0,161.0,59.0,44.0,,,,
cylinder,diameter,0.075,150,20,-20.0,20.0,20.0,20.0,0.0,20.0,20.0,20.0,20.0,20.0,20.0,20.0,0.0,160.0,60.0,45.0,,,,
cylinder,diameter,0.075,150,21,-21.0,21.0,21.0,21.0,0.0,21.0,21.0,21.0,21.0,21.0,21.0,21.0,0.0,159.0,61.0,46.0,,,,
cylinder,diameter,0.075,150,22,-22.0,22.0,22.0,22.0,0.0,22.0,22.0,22.0,22.0,22.0,22.0,22.0,0.0,158.0,62.0,47.0,,,,
cylinder,diameter,0.075,150,23,-23.0,23.0,23.0,23.0,0.0,23.0,23.0,23.0,23.0,23.0,23.0,23.0,0.0,157.0,63.0,48.0,,,,
cylinder,diameter,0.075,150,24,-24.0,24.0,24.0,24.0,0.0,24.0,24.0,24.0,24.0,24.0,24.0,24.0,0.0,156.0,64.0,49.0,,,,
cylinder,diameter,0.075,150,25,-25.0,25.0,25.0,25.0,0.0,25.0,25.0,25.0,25.0,25.0,25.0,25.0,0.0,155.0,65.0,50.0,,,,
cylinder,diameter,0.075,150,26,-26.0,26.0,26.0,26.0,0.0,26.0,26.0,26.0,26.0,26.0,26.0,26.0,0.0,154.0,66.0,51.0,,,,
cylinder,diameter,0.075,150,27,-27.0,27.0,27.0,27.0,0.0,27.0,27.0,27.0,27.0,27.0,27.0,27.0,0.0,153.0,67.0,52.0,,,,
cylinder,diameter,0.075,150,28,-28.0,28.0,28.0,28.0,0.0,28.0,28.0,28.0,28.0,28.0,28.0,28.0,0.0,152.0,68.0,53.0,,,,
cylinder,diameter,0.075,150,29,-29.0,29.0,29.0,29.0,0.0,29.0,29.0,29.0,29.0,29.0,29.0,29.0,0.0,151.0,69.0,54.0,,,,
cylinder,diameter,0.075,150,30,-30.0,30.0,30.0,30.0,0.0,30.0,30.0,30.0,30.0,30.0,30.0,30.0,0.0,150.0,70.0,55.0,,,,
cylinder,diameter,0.075,150,31,-31.0,31.0,31.0,31.0,0.0,31.0,31.0,31.0,31.0,31.0,31.0,31.0,0.0,149.0,71.0,56.0,,,,
cylinder,diameter,0.075,150,32,-32.0,32.0,32.0,32.0,0.0,32.0,32.0,32.0,32.0,32.0,32.0,32.0,0.0,148.0,72.0,57.0,,,,
cylinder,diameter,0.075,150,33,-33.0,33.0,33.0,33.0,0.0,33.0,33.0,33.0,33.0,33.0,33.0,33.0,0.0,147.0,73.0,58.0,,,,
cylinder,diameter,0.075,150,34,-34.0,34.0,34.0,34.0,0.0,34.0,34.0,34.0,34.0,34.0,34.0,34.0,0.0,146.0,74.0,59.0,,,,
cylinder,diameter,0.075,150,35,-35.0,35.0,35.0,35.0,0.0,35.0,35.0,35.0,35.0,35.0,35.0,35.0,0.0,145.0,75.0,60.0,,,,
cylinder,diameter,0.075,150,36,-36.0,36.0,36.0,36.0,0.0,36.0,36.0,36.0,36.0,36.0,36.0,36.0,0.0,144.0,76.0,61.0,,,,
cylinder,diameter,0.075,150,37,-37.0,37.0,37.0,37.0,0.0,37.0,37.0,37.0,37.0,37.0,37.0,37.0,0.0,143.0,77.0,62.0,,,,
cylinder,diameter,0.075,150,38,-38.0,38.0,38.0,38.0,0.0,38.0,38.0,38.0,38.0,38.0,38.0,38.0,0.0,142.0,78.0,63.0,,,,
cylinder,diameter,0.075,150,39,-39.0,39.0,39.0,39.0,0.0,39.0,39.0,39.0,39.0,39.0,39.0,39.0,0.0,141.0,79.0,64.0,,,,
cylinder,diameter,0.075,150,40,-40.0,40.0,40.0,40.0,0.0,40.0,40.0,40.0,40.0,40.0,40.0,40.0,0.0,140.0,80.0,65.0,,,,
cylinder,diameter,0.075,150,41,-41.0,41.0,41.0,41.0,0.0,41.0,41.0,41.0,41.0,41.0,41.0,41.0,0.0,139.0,81.0,66.0,,,,
cylinder,diameter,0.075,150,42,-42.0,42.0,42.0,42.0,0.0,42.0,42.0,42.0,42.0,42.0,42.0,42.0,0.0,138.0,82.0,67.0,,,,
cylinder,diameter,0.075,150,43,-43.0,43.0,43.0,43.0,0.0,43.0,43.0,43.0,43.0,43.0,43.0,43.0,0.0,137.0,83.0,68.0,,,,
cylinder,diameter,0.075,150,44,-44.0,44.0,44.0,44.0,0.0,44.0,44.0,44.0,44.0,44.0,44.0,44.0,0.0,136.0,84.0,69.0,,,,
cylinder,diameter,0.075,150,45,-45.0,45.0,45.0,45.0,0.0,45.0,45.0,45.0,45.0,45.0,45.0,45.0,0.0,135.0,85.0,70.0,,,,
cylinder,diameter,0.075,150,46,-46.0,46.0,46.0,46.0,0.0,46.0,46.0,46.0,46.0,46.0,46.0,46.0,0.0,134.0,86.0,71.0,,,,
cylinder,diameter,0.075,150,47,-47.0,47.0,47.0,47.0,0.0,47.0,47.0,47.0,47.0,47.0,47.0,47.0,0.0,133.0,87.0,72.0,,,,
cylinder,diameter,0.075,150,48,-48.0,48.0,48.0,48.0,0.0,48.0,48.0,48.0,48.0,48.0,48.0,48.0,0.0,132.0,88.0,73.0,,,,
cylinder,diameter,0.075,150,49,-49.0,49.0,49.0,49.0,0.0,49.0,49.0,49.0,49.0,49.0,49.0,49.0,0.0,131.0,89.0,74.0,,,,
cylinder,diameter,0.075,150,50,-50.0,50.0,50.0,50.0,0.0,49.21875,49.21875,49.21875,50.0,50.0,50.0,50.0,0.0,130.0,90.0,75.0,,contact,,
cylinder,diameter,0.075,150,51,-51.0,51.0,51.0,51.0,0.0,49.21875,49.21875,49.21875,51.0,51.0,51.0,51.0,0.0,129.0,91.0,76.0,,contact,,
cylinder,diameter,0.075,150,52,-52.0,52.0,52.0,52.0,0.0,49.21875,49.21875,49.21875,52.0,52.0,52.0,52.0,0.0,128.0,92.0,77.0,,contact,,
cylinder,diameter,0.075,150,53,-53.0,53.0,53.0,53.0,0.0,49.21875,49.21875,49.21875,53.0,53.0,53.0,53.0,0.0,127.0,93.0,78.0,,contact,,
cylinder,diameter,0.075,150,54,-54.0,54.0,54.0,54.0,0.0,49.21875,49.21875,49.21875,54.0,54.0,54.0,54.0,0.0,126.0,94.0,79.0,,contact,,
cylinder,diameter,0.075,150,55,-55.0,55.0,55.0,55.0,0.0,49.21875,49.21875,49.21875,55.0,55.0,55.0,55.0,0.0,125.0,95.0,80.0,,contact,,
cylinder,diameter,0.075,150,56,-56.0,56.0,56.0,56.0,0.0,49.21875,49.21875,49.21875,56.0,56.0,56.0,56.0,0.0,124.7578125,95.2421875,80.0,,contact,,contact
cylinder,diameter,0.075,150,57,-57.0,57.0,57.0,57.0,0.0,49.21875,49.21875,49.21875,57.0,57.0,57.0,57.0,0.0,124.7578125,95.2421875,80.0,,contact,,contact
cylinder,diameter,0.075,150,58,-58.0,58.0,58.0,58.0,0.0,49.21875,49.21875,49.21875,58.0,58.0,58.0,58.0,0.0,124.7578125,95.2421875,80.0,,contact,,contact
cylinder,diameter,0.075,150,59,-59.0,59.0,59.0,59.0,0.0,49.21875,49.21875,49.21875,59.0,59.0,59.0,59.0,0.0,124.7578125,95.2421875,80.0,,contact,,contact
cylinder,diameter,0.075,150,60,-60.0,60.0,60.0,60.0,0.0,49.21875,49.21875,49.21875,60.0,60.0,60.0,60.0,0.0,124.7578125,95.2421875,80.0,,contact,,contact
cylinder,diameter,0.075,150,61,-61.0,61.0,61.0,60.0,0.0,49.21875,49.21875,49.21875,61.0,61.0,61.0,60.0,0.0,124.7578125,95.2421875,80.0,,contact,,contact
cylinder,diameter,0.075,150,62,-62.0,62.0,62.0,60.0,0.0,49.21875,49.21875,49.21875,62.0,62.0,62.0,60.0,0.0,124.7578125,95.2421875,80.0,,contact,,contact
cylinder,diameter,0.075,150,63,-63.0,63.0,63.0,60.0,0.0,49.21875,49.21875,49.21875,63.0,63.0,63.0,60.0,0.0,124.7578125,95.2421875,80.0,,contact,,contact
cylinder,diameter,0.075,150,64,-64.0,64.0,64.0,60.0,0.0,49.21875,49.21875,49.21875,64.0,64.0,64.0,60.0,0.0,124.7578125,95.2421875,80.0,,contact,,contact
cylinder,diameter,0.075,150,65,-65.0,65.0,65.0,60.0,0.0,49.21875,49.21875,49.21875,65.0,65.0,65.0,60.0,0.0,124.7578125,95.2421875,80.0,,contact,,contact
cylinder,diameter,0.075,150,66,-66.0,66.0,66.0,60.0,0.0,49.21875,49.21875,49.21875,66.0,66.0,66.0,60.0,0.0,124.7578125,95.2421875,80.0,,contact,,contact
cylinder,diameter,0.075,150,67,-66.0703125,66.0703125,66.0703125,60.0,0.0,49.21875,49.21875,49.21875,66.09765625,66.09765625,66.09765625,60.0,0.0,124.7578125,95.2421875,80.0,contact,contact,contact,contact
cylinder,diameter,0.0725,145,0,0.0,0.0,0.0,0.0,0.0,0.0,0.0,0.0,0.0,0.0,0.0,0.0,0.0,180.0,40.0,25.0,,,,
cylinder,diameter,0.0725,145,1,-1.0,1.0,1.0,1.0,0.0,1.0,1.0,1.0,1.0,1.0,1.0,1.0,0.0,179.0,41.0,26.0,,,,
cylinder,diameter,0.0725,145,2,-2.0,2.0,2.0,2.0,0.0,2.0,2.0,2.0,2.0,2.0,2.0,2.0,0.0,178.0,42.0,27.0,,,,
cylinder,diameter,0.0725,145,3,-3.0,3.0,3.0,3.0,0.0,3.0,3.0,3.0,3.0,3.0,3.0,3.0,0.0,177.0,43.0,28.0,,,,
cylinder,diameter,0.0725,145,4,-4.0,4.0,4.0,4.0,0.0,4.0,4.0,4.0,4.0,4.0,4.0,4.0,0.0,176.0,44.0,29.0,,,,
cylinder,diameter,0.0725,145,5,-5.0,5.0,5.0,5.0,0.0,5.0,5.0,5.0,5.0,5.0,5.0,5.0,0.0,175.0,45.0,30.0,,,,
cylinder,diameter,0.0725,145,6,-6.0,6.0,6.0,6.0,0.0,6.0,6.0,6.0,6.0,6.0,6.0,6.0,0.0,174.0,46.0,31.0,,,,
cylinder,diameter,0.0725,145,7,-7.0,7.0,7.0,7.0,0.0,7.0,7.0,7.0,7.0,7.0,7.0,7.0,0.0,173.0,47.0,32.0,,,,
cylinder,diameter,0.0725,145,8,-8.0,8.0,8.0,8.0,0.0,8.0,8.0,8.0,8.0,8.0,8.0,8.0,0.0,172.0,48.0,33.0,,,,
cylinder,diameter,0.0725,145,9,-9.0,9.0,9.0,9.0,0.0,9.0,9.0,9.0,9.0,9.0,9.0,9.0,0.0,171.0,49.0,34.0,,,,
cylinder,diameter,0.0725,145,10,-10.0,10.0,10.0,10.0,0.0,10.0,10.0,10.0,10.0,10.0,10.0,10.0,0.0,170.0,50.0,35.0,,,,
cylinder,diameter,0.0725,145,11,-11.0,11.0,11.0,11.0,0.0,11.0,11.0,11.0,11.0,11.0,11.0,11.0,0.0,169.0,51.0,36.0,,,,
cylinder,diameter,0.0725,145,12,-12.0,12.0,12.0,12.0,0.0,12.0,12.0,12.0,12.0,12.0,12.0,12.0,0.0,168.0,52.0,37.0,,,,
cylinder,diameter,0.0725,145,13,-13.0,13.0,13.0,13.0,0.0,13.0,13.0,13.0,13.0,13.0,13.0,13.0,0.0,167.0,53.0,38.0,,,,
cylinder,diameter,0.0725,145,14,-14.0,14.0,14.0,14.0,0.0,14.0,14.0,14.0,14.0,14.0,14.0,14.0,0.0,166.0,54.0,39.0,,,,
cylinder,diameter,0.0725,145,15,-15.0,15.0,15.0,15.0,0.0,15.0,15.0,15.0,15.0,15.0,15.0,15.0,0.0,165.0,55.0,40.0,,,,
cylinder,diameter,0.0725,145,16,-16.0,16.0,16.0,16.0,0.0,16.0,16.0,16.0,16.0,16.0,16.0,16.0,0.0,164.0,56.0,41.0,,,,
cylinder,diameter,0.0725,145,17,-17.0,17.0,17.0,17.0,0.0,17.0,17.0,17.0,17.0,17.0,17.0,17.0,0.0,163.0,57.0,42.0,,,,
cylinder,diameter,0.0725,145,18,-18.0,18.0,18.0,18.0,0.0,18.0,18.0,18.0,18.0,18.0,18.0,18.0,0.0,162.0,58.0,43.0,,,,
cylinder,diameter,0.0725,145,19,-19.0,19.0,19.0,19.0,0.0,19.0,19.0,19.0,19.0,19.0,19.0,19.0,0.0,161.0,59.0,44.0,,,,
cylinder,diameter,0.0725,145,20,-20.0,20.0,20.0,20.0,0.0,20.0,20.0,20.0,20.0,20.0,20.0,20.0,0.0,160.0,60.0,45.0,,,,
cylinder,diameter,0.0725,145,21,-21.0,21.0,21.0,21.0,0.0,21.0,21.0,21.0,21.0,21.0,21.0,21.0,0.0,159.0,61.0,46.0,,,,
cylinder,diameter,0.0725,145,22,-22.0,22.0,22.0,22.0,0.0,22.0,22.0,22.0,22.0,22.0,22.0,22.0,0.0,158.0,62.0,47.0,,,,
cylinder,diameter,0.0725,145,23,-23.0,23.0,23.0,23.0,0.0,23.0,23.0,23.0,23.0,23.0,23.0,23.0,0.0,157.0,63.0,48.0,,,,
cylinder,diameter,0.0725,145,24,-24.0,24.0,24.0,24.0,0.0,24.0,24.0,24.0,24.0,24.0,24.0,24.0,0.0,156.0,64.0,49.0,,,,
cylinder,diameter,0.0725,145,25,-25.0,25.0,25.0,25.0,0.0,25.0,25.0,25.0,25.0,25.0,25.0,25.0,0.0,155.0,65.0,50.0,,,,
cylinder,diameter,0.0725,145,26,-26.0,26.0,26.0,26.0,0.0,26.0,26.0,26.0,26.0,26.0,26.0,26.0,0.0,154.0,66.0,51.0,,,,
cylinder,diameter,0.0725,145,27,-27.0,27.0,27.0,27.0,0.0,27.0,27.0,27.0,27.0,27.0,27.0,27.0,0.0,153.0,67.0,52.0,,,,
cylinder,diameter,0.0725,145,28,-28.0,28.0,28.0,28.0,0.0,28.0,28.0,28.0,28.0,28.0,28.0,28.0,0.0,152.0,68.0,53.0,,,,
cylinder,diameter,0.0725,145,29,-29.0,29.0,29.0,29.0,0.0,29.0,29.0,29.0,29.0,29.0,29.0,29.0,0.0,151.0,69.0,54.0,,,,
cylinder,diameter,0.0725,145,30,-30.0,30.0,30.0,30.0,0.0,30.0,30.0,30.0,30.0,30.0,30.0,30.0,0.0,150.0,70.0,55.0,,,,
cylinder,diameter,0.0725,145,31,-31.0,31.0,31.0,31.0,0.0,31.0,31.0,31.0,31.0,31.0,31.0,31.0,0.0,149.0,71.0,56.0,,,,
cylinder,diameter,0.0725,145,32,-32.0,32.0,32.0,32.0,0.0,32.0,32.0,32.0,32.0,32.0,32.0,32.0,0.0,148.0,72.0,57.0,,,,
cylinder,diameter,0.0725,145,33,-33.0,33.0,33.0,33.0,0.0,33.0,33.0,33.0,33.0,33.0,33.0,33.0,0.0,147.0,73.0,58.0,,,,
cylinder,diameter,0.0725,145,34,-34.0,34.0,34.0,34.0,0.0,34.0,34.0,34.0,34.0,34.0,34.0,34.0,0.0,146.0,74.0,59.0,,,,
cylinder,diameter,0.0725,145,35,-35.0,35.0,35.0,35.0,0.0,35.0,35.0,35.0,35.0,35.0,35.0,35.0,0.0,145.0,75.0,60.0,,,,
cylinder,diameter,0.0725,145,36,-36.0,36.0,36.0,36.0,0.0,36.0,36.0,36.0,36.0,36.0,36.0,36.0,0.0,144.0,76.0,61.0,,,,
cylinder,diameter,0.0725,145,37,-37.0,37.0,37.0,37.0,0.0,37.0,37.0,37.0,37.0,37.0,37.0,37.0,0.0,143.0,77.0,62.0,,,,
cylinder,diameter,0.0725,145,38,-38.0,38.0,38.0,38.0,0.0,38.0,38.0,38.0,38.0,38.0,38.0,38.0,0.0,142.0,78.0,63.0,,,,
cylinder,diameter,0.0725,145,39,-39.0,39.0,39.0,39.0,0.0,39.0,39.0,39.0,39.0,39.0,39.0,39.0,0.0,141.0,79.0,64.0,,,,
cylinder,diameter,0.0725,145,40,-40.0,40.0,40.0,40.0,0.0,40.0,40.0,40.0,40.0,40.0,40.0,40.0,0.0,140.0,80.0,65.0,,,,
cylinder,diameter,0.0725,145,41,-41.0,41.0,41.0,41.0,0.0,41.0,41.0,41.0,41.0,41.0,41.0,41.0,0.0,139.0,81.0,66.0,,,,
cylinder,diameter,0.0725,145,42,-42.0,42.0,42.0,42.0,0.0,42.0,42.0,42.0,42.0,42.0,42.0,42.0,0.0,138.0,82.0,67.0,,,,
cylinder,diameter,0.0725,145,43,-43.0,43.0,43.0,43.0,0.0,43.0,43.0,43.0,43.0,43.0,43.0,43.0,0.0,137.0,83.0,68.0,,,,
cylinder,diameter,0.0725,145,44,-44.0,44.0,44.0,44.0,0.0,44.0,44.0,44.0,44.0,44.0,44.0,44.0,0.0,136.0,84.0,69.0,,,,
cylinder,diameter,0.0725,145,45,-45.0,45.0,45.0,45.0,0.0,45.0,45.0,45.0,45.0,45.0,45.0,45.0,0.0,135.0,85.0,70.0,,,,
cylinder,diameter,0.0725,145,46,-46.0,46.0,46.0,46.0,0.0,46.0,46.0,46.0,46.0,46.0,46.0,46.0,0.0,134.0,86.0,71.0,,,,
cylinder,diameter,0.0725,145,47,-47.0,47.0,47.0,47.0,0.0,47.0,47.0,47.0,47.0,47.0,47.0,47.0,0.0,133.0,87.0,72.0,,,,
cylinder,diameter,0.0725,145,48,-48.0,48.0,48.0,48.0,0.0,48.0,48.0,48.0,48.0,48.0,48.0,48.0,0.0,132.0,88.0,73.0,,,,
cylinder,diameter,0.0725,145,49,-49.0,49.0,49.0,49.0,0.0,49.0,49.0,49.0,49.0,49.0,49.0,49.0,0.0,131.0,89.0,74.0,,,,
cylinder,diameter,0.0725,145,50,-50.0,50.0,50.0,50.0,0.0,50.0,50.0,50.0,50.0,50.0,50.0,50.0,0.0,130.0,90.0,75.0,,,,
cylinder,diameter,0.0725,145,51,-51.0,51.0,51.0,51.0,0.0,50.14453125,50.14453125,50.14453125,51.0,51.0,51.0,51.0,0.0,129.0,91.0,76.0,,contact,,
cylinder,diameter,0.0725,145,52,-52.0,52.0,52.0,52.0,0.0,50.14453125,50.14453125,50.14453125,52.0,52.0,52.0,52.0,0.0,128.0,92.0,77.0,,contact,,
cylinder,diameter,0.0725,145,53,-53.0,53.0,53.0,53.0,0.0,50.14453125,50.14453125,50.14453125,53.0,53.0,53.0,53.0,0.0,127.0,93.0,78.0,,contact,,
cylinder,diameter,0.0725,145,54,-54.0,54.0,54.0,54.0,0.0,50.14453125,50.14453125,50.14453125,54.0,54.0,54.0,54.0,0.0,126.0,94.0,79.0,,contact,,
cylinder,diameter,0.0725,145,55,-55.0,55.0,55.0,55.0,0.0,50.14453125,50.14453125,50.14453125,55.0,55.0,55.0,55.0,0.0,125.0,95.0,80.0,,contact,,
cylinder,diameter,0.0725,145,56,-56.0,56.0,56.0,56.0,0.0,50.14453125,50.14453125,50.14453125,56.0,56.0,56.0,56.0,0.0,124.0,96.0,80.0,,contact,,
cylinder,diameter,0.0725,145,57,-57.0,57.0,57.0,57.0,0.0,50.14453125,50.14453125,50.14453125,57.0,57.0,57.0,57.0,0.0,123.87109375,96.12890625,80.0,,contact,,contact
cylinder,diameter,0.0725,145,58,-58.0,58.0,58.0,58.0,0.0,50.14453125,50.14453125,50.14453125,58.0,58.0,58.0,58.0,0.0,123.87109375,96.12890625,80.0,,contact,,contact
cylinder,diameter,0.0725,145,59,-59.0,59.0,59.0,59.0,0.0,50.14453125,50.14453125,50.14453125,59.0,59.0,59.0,59.0,0.0,123.87109375,96.12890625,80.0,,contact,,contact
cylinder,diameter,0.0725,145,60,-60.0,60.0,60.0,60.0,0.0,50.14453125,50.14453125,50.14453125,60.0,60.0,60.0,60.0,0.0,123.87109375,96.12890625,80.0,,contact,,contact
cylinder,diameter,0.0725,145,61,-61.0,61.0,61.0,60.0,0.0,50.14453125,50.14453125,50.14453125,61.0,61.0,61.0,60.0,0.0,123.87109375,96.12890625,80.0,,contact,,contact
cylinder,diameter,0.0725,145,62,-62.0,62.0,62.0,60.0,0.0,50.14453125,50.14453125,50.14453125,62.0,62.0,62.0,60.0,0.0,123.87109375,96.12890625,80.0,,contact,,contact
cylinder,diameter,0.0725,145,63,-63.0,63.0,63.0,60.0,0.0,50.14453125,50.14453125,50.14453125,63.0,63.0,63.0,60.0,0.0,123.87109375,96.12890625,80.0,,contact,,contact
cylinder,diameter,0.0725,145,64,-64.0,64.0,64.0,60.0,0.0,50.14453125,50.14453125,50.14453125,64.0,64.0,64.0,60.0,0.0,123.87109375,96.12890625,80.0,,contact,,contact
cylinder,diameter,0.0725,145,65,-65.0,65.0,65.0,60.0,0.0,50.14453125,50.14453125,50.14453125,65.0,65.0,65.0,60.0,0.0,123.87109375,96.12890625,80.0,,contact,,contact
cylinder,diameter,0.0725,145,66,-66.0,66.0,66.0,60.0,0.0,50.14453125,50.14453125,50.14453125,66.0,66.0,66.0,60.0,0.0,123.87109375,96.12890625,80.0,,contact,,contact
cylinder,diameter,0.0725,145,67,-67.0,67.0,67.0,60.0,0.0,50.14453125,50.14453125,50.14453125,67.0,67.0,67.0,60.0,0.0,123.87109375,96.12890625,80.0,,contact,,contact
cylinder,diameter,0.0725,145,68,-67.140625,67.140625,67.140625,60.0,0.0,50.14453125,50.14453125,50.14453125,67.171875,67.171875,67.171875,60.0,0.0,123.87109375,96.12890625,80.0,contact,contact,contact,contact
cylinder,diameter,0.07,140,0,0.0,0.0,0.0,0.0,0.0,0.0,0.0,0.0,0.0,0.0,0.0,0.0,0.0,180.0,40.0,25.0,,,,
cylinder,diameter,0.07,140,1,-1.0,1.0,1.0,1.0,0.0,1.0,1.0,1.0,1.0,1.0,1.0,1.0,0.0,179.0,41.0,26.0,,,,
cylinder,diameter,0.07,140,2,-2.0,2.0,2.0,2.0,0.0,2.0,2.0,2.0,2.0,2.0,2.0,2.0,0.0,178.0,42.0,27.0,,,,
cylinder,diameter,0.07,140,3,-3.0,3.0,3.0,3.0,0.0,3.0,3.0,3.0,3.0,3.0,3.0,3.0,0.0,177.0,43.0,28.0,,,,
cylinder,diameter,0.07,140,4,-4.0,4.0,4.0,4.0,0.0,4.0,4.0,4.0,4.0,4.0,4.0,4.0,0.0,176.0,44.0,29.0,,,,
cylinder,diameter,0.07,140,5,-5.0,5.0,5.0,5.0,0.0,5.0,5.0,5.0,5.0,5.0,5.0,5.0,0.0,175.0,45.0,30.0,,,,
cylinder,diameter,0.07,140,6,-6.0,6.0,6.0,6.0,0.0,6.0,6.0,6.0,6.0,6.0,6.0,6.0,0.0,174.0,46.0,31.0,,,,
cylinder,diameter,0.07,140,7,-7.0,7.0,7.0,7.0,0.0,7.0,7.0,7.0,7.0,7.0,7.0,7.0,0.0,173.0,47.0,32.0,,,,
cylinder,diameter,0.07,140,8,-8.0,8.0,8.0,8.0,0.0,8.0,8.0,8.0,8.0,8.0,8.0,8.0,0.0,172.0,48.0,33.0,,,,
cylinder,diameter,0.07,140,9,-9.0,9.0,9.0,9.0,0.0,9.0,9.0,9.0,9.0,9.0,9.0,9.0,0.0,171.0,49.0,34.0,,,,
cylinder,diameter,0.07,140,10,-10.0,10.0,10.0,10.0,0.0,10.0,10.0,10.0,10.0,10.0,10.0,10.0,0.0,170.0,50.0,35.0,,,,
cylinder,diameter,0.07,140,11,-11.0,11.0,11.0,11.0,0.0,11.0,11.0,11.0,11.0,11.0,11.0,11.0,0.0,169.0,51.0,36.0,,,,
cylinder,diameter,0.07,140,12,-12.0,12.0,12.0,12.0,0.0,12.0,12.0,12.0,12.0,12.0,12.0,12.0,0.0,168.0,52.0,37.0,,,,
cylinder,diameter,0.07,140,13,-13.0,13.0,13.0,13.0,0.0,13.0,13.0,13.0,13.0,13.0,13.0,13.0,0.0,167.0,53.0,38.0,,,,
cylinder,diameter,0.07,140,14,-14.0,14.0,14.0,14.0,0.0,14.0,14.0,14.0,14.0,14.0,14.0,14.0,0.0,166.0,54.0,39.0,,,,
cylinder,diameter,0.07,140,15,-15.0,15.0,15.0,15.0,0.0,15.0,15.0,15.0,15.0,15.0,15.0,15.0,0.0,165.0,55.0,40.0,,,,
cylinder,diameter,0.07,140,16,-16.0,16.0,16.0,16.0,0.0,16.0,16.0,16.0,16.0,16.0,16.0,16.0,0.0,164.0,56.0,41.0,,,,
cylinder,diameter,0.07,140,17,-17.0,17.0,17.0,17.0,0.0,17.0,17.0,17.0,17.0,17.0,17.0,17.0,0.0,163.0,57.0,42.0,,,,
cylinder,diameter,0.07,140,18,-18.0,18.0,18.0,18.0,0.0,18.0,18.0,18.0,18.0,18.0,18.0,18.0,0.0,162.0,58.0,43.0,,,,
cylinder,diameter,0.07,140,19,-19.0,19.0,19.0,19.0,0.0,19.0,19.0,19.0,19.0,19.0,19.0,19.0,0.0,161.0,59.0,44.0,,,,
cylinder,diameter,0.07,140,20,-20.0,20.0,20.0,20.0,0.0,20.0,20.0,20.0,20.0,20.0,20.0,20.0,0.0,160.0,60.0,45.0,,,,
cylinder,diameter,0.07,140,21,-21.0,21.0,21.0,21.0,0.0,21.0,21.0,21.0,21.0,21.0,21.0,21.0,0.0,159.0,61.0,46.0,,,,
cylinder,diameter,0.07,140,22,-22.0,22.0,22.0,22.0,0.0,22.0,22.0,22.0,22.0,22.0,22.0,22.0,0.0,158.0,62.0,47.0,,,,
cylinder,diameter,0.07,140,23,-23.0,23.0,23.0,23.0,0.0,23.0,23.0,23.0,23.0,23.0,23.0,23.0,0.0,157.0,63.0,48.0,,,,
cylinder,diameter,0.07,140,24,-24.0,24.0,24.0,24.0,0.0,24.0,24.0,24.0,24.0,24.0,24.0,24.0,0.0,156.0,64.0,49.0,,,,
cylinder,diameter,0.07,140,25,-25.0,25.0,25.0,25.0,0.0,25.0,25.0,25.0,25.0,25.0,25.0,25.0,0.0,155.0,65.0,50.0,,,,
cylinder,diameter,0.07,140,26,-26.0,26.0,26.0,26.0,0.0,26.0,26.0,26.0,26.0,26.0,26.0,26.0,0.0,154.0,66.0,51.0,,,,
cylinder,diameter,0.07,140,27,-27.0,27.0,27.0,27.0,0.0,27.0,27.0,27.0,27.0,27.0,27.0,27.0,0.0,153.0,67.0,52.0,,,,
cylinder,diameter,0.07,140,28,-28.0,28.0,28.0,28.0,0.0,28.0,28.0,28.0,28.0,28.0,28.0,28.0,0.0,152.0,68.0,53.0,,,,
cylinder,diameter,0.07,140,29,-29.0,29.0,29.0,29.0,0.0,29.0,29.0,29.0,29.0,29.0,29.0,29.0,0.0,151.0,69.0,54.0,,,,
cylinder,diameter,0.07,140,30,-30.0,30.0,30.0,30.0,0.0,30.0,30.0,30.0,30.0,30.0,30.0,30.0,0.0,150.0,70.0,55.0,,,,
cylinder,diameter,0.07,140,31,-31.0,31.0,31.0,31.0,0.0,31.0,31.0,31.0,31.0,31.0,31.0,31.0,0.0,149.0,71.0,56.0,,,,
cylinder,diameter,0.07,140,32,-32.0,32.0,32.0,32.0,0.0,32.0,32.0,32.0,32.0,32.0,32.0,32.0,0.0,148.0,72.0,57.0,,,,
cylinder,diameter,0.07,140,33,-33.0,33.0,33.0,33.0,0.0,33.0,33.0,33.0,33.0,33.0,33.0,33.0,0.0,147.0,73.0,58.0,,,,
cylinder,diameter,0.07,140,34,-34.0,34.0,34.0,34.0,0.0,34.0,34.0,34.0,34.0,34.0,34.0,34.0,0.0,146.0,74.0,59.0,,,,
cylinder,diameter,0.07,140,35,-35.0,35.0,35.0,35.0,0.0,35.0,35.0,35.0,35.0,35.0,35.0,35.0,0.0,145.0,75.0,60.0,,,,
cylinder,diameter,0.07,140,36,-36.0,36.0,36.0,36.0,0.0,36.0,36.0,36.0,36.0,36.0,36.0,36.0,0.0,144.0,76.0,61.0,,,,
cylinder,diameter,0.07,140,37,-37.0,37.0,37.0,37.0,0.0,37.0,37.0,37.0,37.0,37.0,37.0,37.0,0.0,143.0,77.0,62.0,,,,
cylinder,diameter,0.07,140,38,-38.0,38.0,38.0,38.0,0.0,38.0,38.0,38.0,38.0,38.0,38.0,38.0,0.0,142.0,78.0,63.0,,,,
cylinder,diameter,0.07,140,39,-39.0,39.0,39.0,39.0,0.0,39.0,39.0,39.0,39.0,39.0,39.0,39.0,0.0,141.0,79.0,64.0,,,,
cylinder,diameter,0.07,140,40,-40.0,40.0,40.0,40.0,0.0,40.0,40.0,40.0,40.0,40.0,40.0,40.0,0.0,140.0,80.0,65.0,,,,
cylinder,diameter,0.07,140,41,-41.0,41.0,41.0,41.0,0.0,41.0,41.0,41.0,41.0,41.0,41.0,41.0,0.0,139.0,81.0,66.0,,,,
cylinder,diameter,0.07,140,42,-42.0,42.0,42.0,42.0,0.0,42.0,42.0,42.0,42.0,42.0,42.0,42.0,0.0,138.0,82.0,67.0,,,,
cylinder,diameter,0.07,140,43,-43.0,43.0,43.0,43.0,0.0,43.0,43.0,43.0,43.0,43.0,43.0,43.0,0.0,137.0,83.0,68.0,,,,
cylinder,diameter,0.07,140,44,-44.0,44.0,44.0,44.0,0.0,44.0,44.0,44.0,44.0,44.0,44.0,44.0,0.0,136.0,84.0,69.0,,,,
cylinder,diameter,0.07,140,45,-45.0,45.0,45.0,45.0,0.0,45.0,45.0,45.0,45.0,45.0,45.0,45.0,0.0,135.0,85.0,70.0,,,,
cylinder,diameter,0.07,140,46,-46.0,46.0,46.0,46.0,0.0,46.0,46.0,46.0,46.0,46.0,46.0,46.0,0.0,134.0,86.0,71.0,,,,
cylinder,diameter,0.07,140,47,-47.0,47.0,47.0,47.0,0.0,47.0,47.0,47.0,47.0,47.0,47.0,47.0,0.0,133.0,87.0,72.0,,,,
cylinder,diameter,0.07,140,48,-48.0,48.0,48.0,48.0,0.0,48.0,48.0,48.0,48.0,48.0,48.0,48.0,0.0,132.0,88.0,73.0,,,,
cylinder,diameter,0.07,140,49,-49.0,49.0,49.0,49.0,0.0,49.0,49.0,49.0,49.0,49.0,49.0,49.0,0.0,131.0,89.0,74.0,,,,
cylinder,diameter,0.07,140,50,-50.0,50.0,50.0,50.0,0.0,50.0,50.0,50.0,50.0,50.0,50.0,50.0,0.0,130.0,90.0,75.0,,,,
cylinder,diameter,0.07,140,51,-51.0,51.0,51.0,51.0,0.0,51.0,51.0,51.0,51.0,51.0,51.0,51.0,0.0,129.0,91.0,76.0,,,,
cylinder,diameter,0.07,140,52,-52.0,52.0,52.0,52.0,0.0,51.109375,51.109375,51.109375,52.0,52.0,52.0,52.0,0.0,128.0,92.0,77.0,,contact,,
cylinder,diameter,0.07,140,53,-53.0,53.0,53.0,53.0,0.0,51.109375,51.109375,51.109375,53.0,53.0,53.0,53.0,0.0,127.0,93.0,78.0,,contact,,
cylinder,diameter,0.07,140,54,-54.0,54.0,54.0,54.0,0.0,51.109375,51.109375,51.109375,54.0,54.0,54.0,54.0,0.0,126.0,94.0,79.0,,contact,,
cylinder,diameter,0.07,140,55,-55.0,55.0,55.0,55.0,0.0,51.109375,51.109375,51.109375,55.0,55.0,55.0,55.0,0.0,125.0,95.0,80.0,,contact,,
cylinder,diameter,0.07,140,56,-56.0,56.0,56.0,56.0,0.0,51.109375,51.109375,51.109375,56.0,56.0,56.0,56.0,0.0,124.0,96.0,80.0,,contact,,
cylinder,diameter,0.07,140,57,-57.0,57.0,57.0,57.0,0.0,51.109375,51.109375,51.109375,57.0,57.0,57.0,57.0,0.0,123.0,97.0,80.0,,contact,,
cylinder,diameter,0.07,140,58,-58.0,58.0,58.0,58.0,0.0,51.109375,51.109375,51.109375,58.0,58.0,58.0,58.0,0.0,122.97265625,97.02734375,80.0,,contact,,contact
cylinder,diameter,0.07,140,59,-59.0,59.0,59.0,59.0,0.0,51.109375,51.109375,51.109375,59.0,59.0,59.0,59.0,0.0,122.97265625,97.02734375,80.0,,contact,,contact
cylinder,diameter,0.07,140,60,-60.0,60.0,60.0,60.0,0.0,51.109375,51.109375,51.109375,60.0,60.0,60.0,60.0,0.0,122.97265625,97.02734375,80.0,,contact,,contact
cylinder,diameter,0.07,140,61,-61.0,61.0,61.0,60.0,0.0,51.109375,51.109375,51.109375,61.0,61.0,61.0,60.0,0.0,122.97265625,97.02734375,80.0,,contact,,contact
cylinder,diameter,0.07,140,62,-62.0,62.0,62.0,60.0,0.0,51.109375,51.109375,51.109375,62.0,62.0,62.0,60.0,0.0,122.97265625,97.02734375,80.0,,contact,,contact
cylinder,diameter,0.07,140,63,-63.0,63.0,63.0,60.0,0.0,51.109375,51.109375,51.109375,63.0,63.0,63.0,60.0,0.0,122.97265625,97.02734375,80.0,,contact,,contact
cylinder,diameter,0.07,140,64,-64.0,64.0,64.0,60.0,0.0,51.109375,51.109375,51.109375,64.0,64.0,64.0,60.0,0.0,122.97265625,97.02734375,80.0,,contact,,contact
cylinder,diameter,0.07,140,65,-65.0,65.0,65.0,60.0,0.0,51.109375,51.109375,51.109375,65.0,65.0,65.0,60.0,0.0,122.97265625,97.02734375,80.0,,contact,,contact
cylinder,diameter,0.07,140,66,-66.0,66.0,66.0,60.0,0.0,51.109375,51.109375,51.109375,66.0,66.0,66.0,60.0,0.0,122.97265625,97.02734375,80.0,,contact,,contact
cylinder,diameter,0.07,140,67,-67.0,67.0,67.0,60.0,0.0,51.109375,51.109375,51.109375,67.0,67.0,67.0,60.0,0.0,122.97265625,97.02734375,80.0,,contact,,contact
cylinder,diameter,0.07,140,68,-68.0,68.0,68.0,60.0,0.0,51.109375,51.109375,51.109375,68.0,68.0,68.0,60.0,0.0,122.97265625,97.02734375,80.0,,contact,,contact
cylinder,diameter,0.07,140,69,-68.23046875,68.23046875,68.23046875,60.0,0.0,51.109375,51.109375,51.109375,68.25390625,68.25390625,68.25390625,60.0,0.0,122.97265625,97.02734375,80.0,contact,contact,contact,contact
cylinder,diameter,0.0675,135,0,0.0,0.0,0.0,0.0,0.0,0.0,0.0,0.0,0.0,0.0,0.0,0.0,0.0,180.0,40.0,25.0,,,,
cylinder,diameter,0.0675,135,1,-1.0,1.0,1.0,1.0,0.0,1.0,1.0,1.0,1.0,1.0,1.0,1.0,0.0,179.0,41.0,26.0,,,,
cylinder,diameter,0.0675,135,2,-2.0,2.0,2.0,2.0,0.0,2.0,2.0,2.0,2.0,2.0,2.0,2.0,0.0,178.0,42.0,27.0,,,,
cylinder,diameter,0.0675,135,3,-3.0,3.0,3.0,3.0,0.0,3.0,3.0,3.0,3.0,3.0,3.0,3.0,0.0,177.0,43.0,28.0,,,,
cylinder,diameter,0.0675,135,4,-4.0,4.0,4.0,4.0,0.0,4.0,4.0,4.0,4.0,4.0,4.0,4.0,0.0,176.0,44.0,29.0,,,,
cylinder,diameter,0.0675,135,5,-5.0,5.0,5.0,5.0,0.0,5.0,5.0,5.0,5.0,5.0,5.0,5.0,0.0,175.0,45.0,30.0,,,,
cylinder,diameter,0.0675,135,6,-6.0,6.0,6.0,6.0,0.0,6.0,6.0,6.0,6.0,6.0,6.0,6.0,0.0,174.0,46.0,31.0,,,,
cylinder,diameter,0.0675,135,7,-7.0,7.0,7.0,7.0,0.0,7.0,7.0,7.0,7.0,7.0,7.0,7.0,0.0,173.0,47.0,32.0,,,,
cylinder,diameter,0.0675,135,8,-8.0,8.0,8.0,8.0,0.0,8.0,8.0,8.0,8.0,8.0,8.0,8.0,0.0,172.0,48.0,33.0,,,,
cylinder,diameter,0.0675,135,9,-9.0,9.0,9.0,9.0,0.0,9.0,9.0,9.0,9.0,9.0,9.0,9.0,0.0,171.0,49.0,34.0,,,,
cylinder,diameter,0.0675,135,10,-10.0,10.0,10.0,10.0,0.0,10.0,10.0,10.0,10.0,10.0,10.0,10.0,0.0,170.0,50.0,35.0,,,,
cylinder,diameter,0.0675,135,11,-11.0,11.0,11.0,11.0,0.0,11.0,11.0,11.0,11.0,11.0,11.0,11.0,0.0,169.0,51.0,36.0,,,,
cylinder,diameter,0.0675,135,12,-12.0,12.0,12.0,12.0,0.0,12.0,12.0,12.0,12.0,12.0,12.0,12.0,0.0,168.0,52.0,37.0,,,,
cylinder,diameter,0.0675,135,13,-13.0,13.0,13.0,13.0,0.0,13.0,13.0,13.0,13.0,13.0,13.0,13.0,0.0,167.0,53.0,38.0,,,,
cylinder,diameter,0.0675,135,14,-14.0,14.0,14.0,14.0,0.0,14.0,14.0,14.0,14.0,14.0,14.0,14.0,0.0,166.0,54.0,39.0,,,,
cylinder,diameter,0.0675,135,15,-15.0,15.0,15.0,15.0,0.0,15.0,15.0,15.0,15.0,15.0,15.0,15.0,0.0,165.0,55.0,40.0,,,,
cylinder,diameter,0.0675,135,16,-16.0,16.0,16.0,16.0,0.0,16.0,16.0,16.0,16.0,16.0,16.0,16.0,0.0,164.0,56.0,41.0,,,,
cylinder,diameter,0.0675,135,17,-17.0,17.0,17.0,17.0,0.0,17.0,17.0,17.0,17.0,17.0,17.0,17.0,0.0,163.0,57.0,42.0,,,,
cylinder,diameter,0.0675,135,18,-18.0,18.0,18.0,18.0,0.0,18.0,18.0,18.0,18.0,18.0,18.0,18.0,0.0,162.0,58.0,43.0,,,,
cylinder,diameter,0.0675,135,19,-19.0,19.0,19.0,19.0,0.0,19.0,19.0,19.0,19.0,19.0,19.0,19.0,0.0,161.0,59.0,44.0,,,,
cylinder,diameter,0.0675,135,20,-20.0,20.0,20.0,20.0,0.0,20.0,20.0,20.0,20.0,20.0,20.0,20.0,0.0,160.0,60.0,45.0,,,,
cylinder,diameter,0.0675,135,21,-21.0,21.0,21.0,21.0,0.0,21.0,21.0,21.0,21.0,21.0,21.0,21.0,0.0,159.0,61.0,46.0,,,,
cylinder,diameter,0.0675,135,22,-22.0,22.0,22.0,22.0,0.0,22.0,22.0,22.0,22.0,22.0,22.0,22.0,0.0,158.0,62.0,47.0,,,,
cylinder,diameter,0.0675,135,23,-23.0,23.0,23.0,23.0,0.0,23.0,23.0,23.0,23.0,23.0,23.0,23.0,0.0,157.0,63.0,48.0,,,,
cylinder,diameter,0.0675,135,24,-24.0,24.0,24.0,24.0,0.0,24.0,24.0,24.0,24.0,24.0,24.0,24.0,0.0,156.0,64.0,49.0,,,,
cylinder,diameter,0.0675,135,25,-25.0,25.0,25.0,25.0,0.0,25.0,25.0,25.0,25.0,25.0,25.0,25.0,0.0,155.0,65.0,50.0,,,,
cylinder,diameter,0.0675,135,26,-26.0,26.0,26.0,26.0,0.0,26.0,26.0,26.0,26.0,26.0,26.0,26.0,0.0,154.0,66.0,51.0,,,,
cylinder,diameter,0.0675,135,27,-27.0,27.0,27.0,27.0,0.0,27.0,27.0,27.0,27.0,27.0,27.0,27.0,0.0,153.0,67.0,52.0,,,,
cylinder,diameter,0.0675,135,28,-28.0,28.0,28.0,28.0,0.0,28.0,28.0,28.0,28.0,28.0,28.0,28.0,0.0,152.0,68.0,53.0,,,,
cylinder,diameter,0.0675,135,29,-29.0,29.0,29.0,29.0,0.0,29.0,29.0,29.0,29.0,29.0,29.0,29.0,0.0,151.0,69.0,54.0,,,,
cylinder,diameter,0.0675,135,30,-30.0,30.0,30.0,30.0,0.0,30.0,30.0,30.0,30.0,30.0,30.0,30.0,0.0,150.0,70.0,55.0,,,,
cylinder,diameter,0.0675,135,31,-31.0,31.0,31.0,31.0,0.0,31.0,31.0,31.0,31.0,31.0,31.0,31.0,0.0,149.0,71.0,56.0,,,,
cylinder,diameter,0.0675,135,32,-32.0,32.0,32.0,32.0,0.0,32.0,32.0,32.0,32.0,32.0,32.0,32.0,0.0,148.0,72.0,57.0,,,,
cylinder,diameter,0.0675,135,33,-33.0,33.0,33.0,33.0,0.0,33.0,33.0,33.0,33.0,33.0,33.0,33.0,0.0,147.0,73.0,58.0,,,,
cylinder,diameter,0.0675,135,34,-34.0,34.0,34.0,34.0,0.0,34.0,34.0,34.0,34.0,34.0,34.0,34.0,0.0,146.0,74.0,59.0,,,,
cylinder,diameter,0.0675,135,35,-35.0,35.0,35.0,35.0,0.0,35.0,35.0,35.0,35.0,35.0,35.0,35.0,0.0,145.0,75.0,60.0,,,,
cylinder,diameter,0.0675,135,36,-36.0,36.0,36.0,36.0,0.0,36.0,36.0,36.0,36.0,36.0,36.0,36.0,0.0,144.0,76.0,61.0,,,,
cylinder,diameter,0.0675,135,37,-37.0,37.0,37.0,37.0,0.0,37.0,37.0,37.0,37.0,37.0,37.0,37.0,0.0,143.0,77.0,62.0,,,,
cylinder,diameter,0.0675,135,38,-38.0,38.0,38.0,38.0,0.0,38.0,38.0,38.0,38.0,38.0,38.0,38.0,0.0,142.0,78.0,63.0,,,,
cylinder,diameter,0.0675,135,39,-39.0,39.0,39.0,39.0,0.0,39.0,39.0,39.0,39.0,39.0,39.0,39.0,0.0,141.0,79.0,64.0,,,,
cylinder,diameter,0.0675,135,40,-40.0,40.0,40.0,40.0,0.0,40.0,40.0,40.0,40.0,40.0,40.0,40.0,0.0,140.0,80.0,65.0,,,,
cylinder,diameter,0.0675,135,41,-41.0,41.0,41.0,41.0,0.0,41.0,41.0,41.0,41.0,41.0,41.0,41.0,0.0,139.0,81.0,66.0,,,,
cylinder,diameter,0.0675,135,42,-42.0,42.0,42.0,42.0,0.0,42.0,42.0,42.0,42.0,42.0,42.0,42.0,0.0,138.0,82.0,67.0,,,,
cylinder,diameter,0.0675,135,43,-43.0,43.0,43.0,43.0,0.0,43.0,43.0,43.0,43.0,43.0,43.0,43.0,0.0,137.0,83.0,68.0,,,,
cylinder,diameter,0.0675,135,44,-44.0,44.0,44.0,44.0,0.0,44.0,44.0,44.0,44.0,44.0,44.0,44.0,0.0,136.0,84.0,69.0,,,,
cylinder,diameter,0.0675,135,45,-45.0,45.0,45.0,45.0,0.0,45.0,45.0,45.0,45.0,45.0,45.0,45.0,0.0,135.0,85.0,70.0,,,,
cylinder,diameter,0.0675,135,46,-46.0,46.0,46.0,46.0,0.0,46.0,46.0,46.0,46.0,46.0,46.0,46.0,0.0,134.0,86.0,71.0,,,,
cylinder,diameter,0.0675,135,47,-47.0,47.0,47.0,47.0,0.0,47.0,47.0,47.0,47.0,47.0,47.0,47.0,0.0,133.0,87.0,72.0,,,,
cylinder,diameter,0.0675,135,48,-48.0,48.0,48.0,48.0,0.0,48.0,48.0,48.0,48.0,48.0,48.0,48.0,0.0,132.0,88.0,73.0,,,,
cylinder,diameter,0.0675,135,49,-49.0,49.0,49.0,49.0,0.0,49.0,49.0,49.0,49.0,49.0,49.0,49.0,0.0,131.0,89.0,74.0,,,,
cylinder,diameter,0.0675,135,50,-50.0,50.0,50.0,50.0,0.0,50.0,50.0,50.0,50.0,50.0,50.0,50.0,0.0,130.0,90.0,75.0,,,,
cylinder,diameter,0.0675,135,51,-51.0,51.0,51.0,51.0,0.0,51.0,51.0,51.0,51.0,51.0,51.0,51.0,0.0,129.0,91.0,76.0,,,,
cylinder,diameter,0.0675,135,52,-52.0,52.0,52.0,52.0,0.0,52.0,52.0,52.0,52.0,52.0,52.0,52.0,0.0,128.0,92.0,77.0,,,,
cylinder,diameter,0.0675,135,53,-53.0,53.0,53.0,53.0,0.0,52.1171875,52.1171875,52.1171875,53.0,53.0,53.0,53.0,0.0,127.0,93.0,78.0,,contact,,
cylinder,diameter,0.0675,135,54,-54.0,54.0,54.0,54.0,0.0,52.1171875,52.1171875,52.1171875,54.0,54.0,54.0,54.0,0.0,126.0,94.0,79.0,,contact,,
cylinder,diameter,0.0675,135,55,-55.0,55.0,55.0,55.0,0.0,52.1171875,52.1171875,52.1171875,55.0,55.0,55.0,55.0,0.0,125.0,95.0,80.0,,contact,,
cylinder,diameter,0.0675,135,56,-56.0,56.0,56.0,56.0,0.0,52.1171875,52.1171875,52.1171875,56.0,56.0,56.0,56.0,0.0,124.0,96.0,80.0,,contact,,
cylinder,diameter,0.0675,135,57,-57.0,57.0,57.0,57.0,0.0,52.1171875,52.1171875,52.1171875,57.0,57.0,57.0,57.0,0.0,123.0,97.0,80.0,,contact,,
cylinder,diameter,0.0675,135,58,-58.0,58.0,58.0,58.0,0.0,52.1171875,52.1171875,52.1171875,58.0,58.0,58.0,58.0,0.0,122.0546875,97.9453125,80.0,,contact,,contact
cylinder,diameter,0.0675,135,59,-59.0,59.0,59.0,59.0,0.0,52.1171875,52.1171875,52.1171875,59.0,59.0,59.0,59.0,0.0,122.0546875,97.9453125,80.0,,contact,,contact
cylinder,diameter,0.0675,135,60,-60.0,60.0,60.0,60.0,0.0,52.1171875,52.1171875,52.1171875,60.0,60.0,60.0,60.0,0.0,122.0546875,97.9453125,80.0,,contact,,contact
cylinder,diameter,0.0675,135,61,-61.0,61.0,61.0,60.0,0.0,52.1171875,52.1171875,52.1171875,61.0,61.0,61.0,60.0,0.0,122.0546875,97.9453125,80.0,,contact,,contact
cylinder,diameter,0.0675,135,62,-62.0,62.0,62.0,60.0,0.0,52.1171875,52.1171875,52.1171875,62.0,62.0,62.0,60.0,0.0,122.0546875,97.9453125,80.0,,contact,,contact
cylinder,diameter,0.0675,135,63,-63.0,63.0,63.0,60.0,0.0,52.1171875,52.1171875,52.1171875,63.0,63.0,63.0,60.0,0.0,122.0546875,97.9453125,80.0,,contact,,contact
cylinder,diameter,0.0675,135,64,-64.0,64.0,64.0,60.0,0.0,52.1171875,52.1171875,52.1171875,64.0,64.0,64.0,60.0,0.0,122.0546875,97.9453125,80.0,,contact,,contact
cylinder,diameter,0.0675,135,65,-65.0,65.0,65.0,60.0,0.0,52.1171875,52.1171875,52.1171875,65.0,65.0,65.0,60.0,0.0,122.0546875,97.9453125,80.0,,contact,,contact
cylinder,diameter,0.0675,135,66,-66.0,66.0,66.0,60.0,0.0,52.1171875,52.1171875,52.1171875,66.0,66.0,66.0,60.0,0.0,122.0546875,97.9453125,80.0,,contact,,contact
cylinder,diameter,0.0675,135,67,-67.0,67.0,67.0,60.0,0.0,52.1171875,52.1171875,52.1171875,67.0,67.0,67.0,60.0,0.0,122.0546875,97.9453125,80.0,,contact,,contact
cylinder,diameter,0.0675,135,68,-68.0,68.0,68.0,60.0,0.0,52.1171875,52.1171875,52.1171875,68.0,68.0,68.0,60.0,0.0,122.0546875,97.9453125,80.0,,contact,,contact
cylinder,diameter,0.0675,135,69,-69.0,69.0,69.0,60.0,0.0,52.1171875,52.1171875,52.1171875,69.0,69.0,69.0,60.0,0.0,122.0546875,97.9453125,80.0,,contact,,contact
cylinder,diameter,0.0675,135,70,-69.33203125,69.33203125,69.33203125,60.0,0.0,52.1171875,52.1171875,52.1171875,69.34375,69.34375,69.34375,60.0,0.0,122.0546875,97.9453125,80.0,contact,contact,contact,contact
cylinder,diameter,0.065,130,0,0.0,0.0,0.0,0.0,0.0,0.0,0.0,0.0,0.0,0.0,0.0,0.0,0.0,180.0,40.0,25.0,,,,
cylinder,diameter,0.065,130,1,-1.0,1.0,1.0,1.0,0.0,1.0,1.0,1.0,1.0,1.0,1.0,1.0,0.0,179.0,41.0,26.0,,,,
cylinder,diameter,0.065,130,2,-2.0,2.0,2.0,2.0,0.0,2.0,2.0,2.0,2.0,2.0,2.0,2.0,0.0,178.0,42.0,27.0,,,,
cylinder,diameter,0.065,130,3,-3.0,3.0,3.0,3.0,0.0,3.0,3.0,3.0,3.0,3.0,3.0,3.0,0.0,177.0,43.0,28.0,,,,
cylinder,diameter,0.065,130,4,-4.0,4.0,4.0,4.0,0.0,4.0,4.0,4.0,4.0,4.0,4.0,4.0,0.0,176.0,44.0,29.0,,,,
cylinder,diameter,0.065,130,5,-5.0,5.0,5.0,5.0,0.0,5.0,5.0,5.0,5.0,5.0,5.0,5.0,0.0,175.0,45.0,30.0,,,,
cylinder,diameter,0.065,130,6,-6.0,6.0,6.0,6.0,0.0,6.0,6.0,6.0,6.0,6.0,6.0,6.0,0.0,174.0,46.0,31.0,,,,
cylinder,diameter,0.065,130,7,-7.0,7.0,7.0,7.0,0.0,7.0,7.0,7.0,7.0,7.0,7.0,7.0,0.0,173.0,47.0,32.0,,,,
cylinder,diameter,0.065,130,8,-8.0,8.0,8.0,8.0,0.0,8.0,8.0,8.0,8.0,8.0,8.0,8.0,0.0,172.0,48.0,33.0,,,,
cylinder,diameter,0.065,130,9,-9.0,9.0,9.0,9.0,0.0,9.0,9.0,9.0,9.0,9.0,9.0,9.0,0.0,171.0,49.0,34.0,,,,
cylinder,diameter,0.065,130,10,-10.0,10.0,10.0,10.0,0.0,10.0,10.0,10.0,10.0,10.0,10.0,10.0,0.0,170.0,50.0,35.0,,,,
cylinder,diameter,0.065,130,11,-11.0,11.0,11.0,11.0,0.0,11.0,11.0,11.0,11.0,11.0,11.0,11.0,0.0,169.0,51.0,36.0,,,,
cylinder,diameter,0.065,130,12,-12.0,12.0,12.0,12.0,0.0,12.0,12.0,12.0,12.0,12.0,12.0,12.0,0.0,168.0,52.0,37.0,,,,
cylinder,diameter,0.065,130,13,-13.0,13.0,13.0,13.0,0.0,13.0,13.0,13.0,13.0,13.0,13.0,13.0,0.0,167.0,53.0,38.0,,,,
cylinder,diameter,0.065,130,14,-14.0,14.0,14.0,14.0,0.0,14.0,14.0,14.0,14.0,14.0,14.0,14.0,0.0,166.0,54.0,39.0,,,,
cylinder,diameter,0.065,130,15,-15.0,15.0,15.0,15.0,0.0,15.0,15.0,15.0,15.0,15.0,15.0,15.0,0.0,165.0,55.0,40.0,,,,
cylinder,diameter,0.065,130,16,-16.0,16.0,16.0,16.0,0.0,16.0,16.0,16.0,16.0,16.0,16.0,16.0,0.0,164.0,56.0,41.0,,,,
cylinder,diameter,0.065,130,17,-17.0,17.0,17.0,17.0,0.0,17.0,17.0,17.0,17.0,17.0,17.0,17.0,0.0,163.0,57.0,42.0,,,,
cylinder,diameter,0.065,130,18,-18.0,18.0,18.0,18.0,0.0,18.0,18.0,18.0,18.0,18.0,18.0,18.0,0.0,162.0,58.0,43.0,,,,
cylinder,diameter,0.065,130,19,-19.0,19.0,19.0,19.0,0.0,19.0,19.0,19.0,19.0,19.0,19.0,19.0,0.0,161.0,59.0,44.0,,,,
cylinder,diameter,0.065,130,20,-20.0,20.0,20.0,20.0,0.0,20.0,20.0,20.0,20.0,20.0,20.0,20.0,0.0,160.0,60.0,45.0,,,,
cylinder,diameter,0.065,130,21,-21.0,21.0,21.0,21.0,0.0,21.0,21.0,21.0,21.0,21.0,21.0,21.0,0.0,159.0,61.0,46.0,,,,
cylinder,diameter,0.065,130,22,-22.0,22.0,22.0,22.0,0.0,22.0,22.0,22.0,22.0,22.0,22.0,22.0,0.0,158.0,62.0,47.0,,,,
cylinder,diameter,0.065,130,23,-23.0,23.0,23.0,23.0,0.0,23.0,23.0,23.0,23.0,23.0,23.0,23.0,0.0,157.0,63.0,48.0,,,,
cylinder,diameter,0.065,130,24,-24.0,24.0,24.0,24.0,0.0,24.0,24.0,24.0,24.0,24.0,24.0,24.0,0.0,156.0,64.0,49.0,,,,
cylinder,diameter,0.065,130,25,-25.0,25.0,25.0,25.0,0.0,25.0,25.0,25.0,25.0,25.0,25.0,25.0,0.0,155.0,65.0,50.0,,,,
cylinder,diameter,0.065,130,26,-26.0,26.0,26.0,26.0,0.0,26.0,26.0,26.0,26.0,26.0,26.0,26.0,0.0,154.0,66.0,51.0,,,,
cylinder,diameter,0.065,130,27,-27.0,27.0,27.0,27.0,0.0,27.0,27.0,27.0,27.0,27.0,27.0,27.0,0.0,153.0,67.0,52.0,,,,
cylinder,diameter,0.065,130,28,-28.0,28.0,28.0,28.0,0.0,28.0,28.0,28.0,28.0,28.0,28.0,28.0,0.0,152.0,68.0,53.0,,,,
cylinder,diameter,0.065,130,29,-29.0,29.0,29.0,29.0,0.0,29.0,29.0,29.0,29.0,29.0,29.0,29.0,0.0,151.0,69.0,54.0,,,,
cylinder,diameter,0.065,130,30,-30.0,30.0,30.0,30.0,0.0,30.0,30.0,30.0,30.0,30.0,30.0,30.0,0.0,150.0,70.0,55.0,,,,
cylinder,diameter,0.065,130,31,-31.0,31.0,31.0,31.0,0.0,31.0,31.0,31.0,31.0,31.0,31.0,31.0,0.0,149.0,71.0,56.0,,,,
cylinder,diameter,0.065,130,32,-32.0,32.0,32.0,32.0,0.0,32.0,32.0,32.0,32.0,32.0,32.0,32.0,0.0,148.0,72.0,57.0,,,,
cylinder,diameter,0.065,130,33,-33.0,33.0,33.0,33.0,0.0,33.0,33.0,33.0,33.0,33.0,33.0,33.0,0.0,147.0,73.0,58.0,,,,
cylinder,diameter,0.065,130,34,-34.0,34.0,34.0,34.0,0.0,34.0,34.0,34.0,34.0,34.0,34.0,34.0,0.0,146.0,74.0,59.0,,,,
cylinder,diameter,0.065,130,35,-35.0,35.0,35.0,35.0,0.0,35.0,35.0,35.0,35.0,35.0,35.0,35.0,0.0,145.0,75.0,60.0,,,,
cylinder,diameter,0.065,130,36,-36.0,36.0,36.0,36.0,0.0,36.0,36.0,36.0,36.0,36.0,36.0,36.0,0.0,144.0,76.0,61.0,,,,
cylinder,diameter,0.065,130,37,-37.0,37.0,37.0,37.0,0.0,37.0,37.0,37.0,37.0,37.0,37.0,37.0,0.0,143.0,77.0,62.0,,,,
cylinder,diameter,0.065,130,38,-38.0,38.0,38.0,38.0,0.0,38.0,38.0,38.0,38.0,38.0,38.0,38.0,0.0,142.0,78.0,63.0,,,,
cylinder,diameter,0.065,130,39,-39.0,39.0,39.0,39.0,0.0,39.0,39.0,39.0,39.0,39.0,39.0,39.0,0.0,141.0,79.0,64.0,,,,
cylinder,diameter,0.065,130,40,-40.0,40.0,40.0,40.0,0.0,40.0,40.0,40.0,40.0,40.0,40.0,40.0,0.0,140.0,80.0,65.0,,,,
cylinder,diameter,0.065,130,41,-41.0,41.0,41.0,41.0,0.0,41.0,41.0,41.0,41.0,41.0,41.0,41.0,0.0,139.0,81.0,66.0,,,,
cylinder,diameter,0.065,130,42,-42.0,42.0,42.0,42.0,0.0,42.0,42.0,42.0,42.0,42.0,42.0,42.0,0.0,138.0,82.0,67.0,,,,
cylinder,diameter,0.065,130,43,-43.0,43.0,43.0,43.0,0.0,43.0,43.0,43.0,43.0,43.0,43.0,43.0,0.0,137.0,83.0,68.0,,,,
cylinder,diameter,0.065,130,44,-44.0,44.0,44.0,44.0,0.0,44.0,44.0,44.0,44.0,44.0,44.0,44.0,0.0,136.0,84.0,69.0,,,,
cylinder,diameter,0.065,130,45,-45.0,45.0,45.0,45.0,0.0,45.0,45.0,45.0,45.0,45.0,45.0,45.0,0.0,135.0,85.0,70.0,,,,
cylinder,diameter,0.065,130,46,-46.0,46.0,46.0,46.0,0.0,46.0,46.0,46.0,46.0,46.0,46.0,46.0,0.0,134.0,86.0,71.0,,,,
cylinder,diameter,0.065,130,47,-47.0,47.0,47.0,47.0,0.0,47.0,47.0,47.0,47.0,47.0,47.0,47.0,0.0,133.0,87.0,72.0,,,,
cylinder,diameter,0.065,130,48,-48.0,48.0,48.0,48.0,0.0,48.0,48.0,48.0,48.0,48.0,48.0,48.0,0.0,132.0,88.0,73.0,,,,
cylinder,diameter,0.065,130,49,-49.0,49.0,49.0,49.0,0.0,49.0,49.0,49.0,49.0,49.0,49.0,49.0,0.0,131.0,89.0,74.0,,,,
cylinder,diameter,0.065,130,50,-50.0,50.0,50.0,50.0,0.0,50.0,50.0,50.0,50.0,50.0,50.0,50.0,0.0,130.0,90.0,75.0,,,,
cylinder,diameter,0.065,130,51,-51.0,51.0,51.0,51.0,0.0,51.0,51.0,51.0,51.0,51.0,51.0,51.0,0.0,129.0,91.0,76.0,,,,
cylinder,diameter,0.065,130,52,-52.0,52.0,52.0,52.0,0.0,52.0,52.0,52.0,52.0,52.0,52.0,52.0,0.0,128.0,92.0,77.0,,,,
cylinder,diameter,0.065,130,53,-53.0,53.0,53.0,53.0,0.0,53.0,53.0,53.0,53.0,53.0,53.0,53.0,0.0,127.0,93.0,78.0,,,,
cylinder,diameter,0.065,130,54,-54.0,54.0,54.0,54.0,0.0,53.16015625,53.16015625,53.16015625,54.0,54.0,54.0,54.0,0.0,126.0,94.0,79.0,,contact,,
cylinder,diameter,0.065,130,55,-55.0,55.0,55.0,55.0,0.0,53.16015625,53.16015625,53.16015625,55.0,55.0,55.0,55.0,0.0,125.0,95.0,80.0,,contact,,
cylinder,diameter,0.065,130,56,-56.0,56.0,56.0,56.0,0.0,53.16015625,53.16015625,53.16015625,56.0,56.0,56.0,56.0,0.0,124.0,96.0,80.0,,contact,,
cylinder,diameter,0.065,130,57,-57.0,57.0,57.0,57.0,0.0,53.16015625,53.16015625,53.16015625,57.0,57.0,57.0,57.0,0.0,123.0,97.0,80.0,,contact,,
cylinder,diameter,0.065,130,58,-58.0,58.0,58.0,58.0,0.0,53.16015625,53.16015625,53.16015625,58.0,58.0,58.0,58.0,0.0,122.0,98.0,80.0,,contact,,
cylinder,diameter,0.065,130,59,-59.0,59.0,59.0,59.0,0.0,53.16015625,53.16015625,53.16015625,59.0,59.0,59.0,59.0,0.0,121.12109375,98.87890625,80.0,,contact,,contact
cylinder,diameter,0.065,130,60,-60.0,60.0,60.0,60.0,0.0,53.16015625,53.16015625,53.16015625,60.0,60.0,60.0,60.0,0.0,121.12109375,98.87890625,80.0,,contact,,contact
cylinder,diameter,0.065,130,61,-61.0,61.0,61.0,60.0,0.0,53.16015625,53.16015625,53.16015625,61.0,61.0,61.0,60.0,0.0,121.12109375,98.87890625,80.0,,contact,,contact
cylinder,diameter,0.065,130,62,-62.0,62.0,62.0,60.0,0.0,53.16015625,53.16015625,53.16015625,62.0,62.0,62.0,60.0,0.0,121.12109375,98.87890625,80.0,,contact,,contact
cylinder,diameter,0.065,130,63,-63.0,63.0,63.0,60.0,0.0,53.16015625,53.16015625,53.16015625,63.0,63.0,63.0,60.0,0.0,121.12109375,98.87890625,80.0,,contact,,contact
cylinder,diameter,0.065,130,64,-64.0,64.0,64.0,60.0,0.0,53.16015625,53.16015625,53.16015625,64.0,64.0,64.0,60.0,0.0,121.12109375,98.87890625,80.0,,contact,,contact
cylinder,diameter,0.065,130,65,-65.0,65.0,65.0,60.0,0.0,53.16015625,53.16015625,53.16015625,65.0,65.0,65.0,60.0,0.0,121.12109375,98.87890625,80.0,,contact,,contact
cylinder,diameter,0.065,130,66,-66.0,66.0,66.0,60.0,0.0,53.16015625,53.16015625,53.16015625,66.0,66.0,66.0,60.0,0.0,121.12109375,98.87890625,80.0,,contact,,contact
cylinder,diameter,0.065,130,67,-67.0,67.0,67.0,60.0,0.0,53.16015625,53.16015625,53.16015625,67.0,67.0,67.0,60.0,0.0,121.12109375,98.87890625,80.0,,contact,,contact
cylinder,diameter,0.065,130,68,-68.0,68.0,68.0,60.0,0.0,53.16015625,53.16015625,53.16015625,68.0,68.0,68.0,60.0,0.0,121.12109375,98.87890625,80.0,,contact,,contact
cylinder,diameter,0.065,130,69,-69.0,69.0,69.0,60.0,0.0,53.16015625,53.16015625,53.16015625,69.0,69.0,69.0,60.0,0.0,121.12109375,98.87890625,80.0,,contact,,contact
cylinder,diameter,0.065,130,70,-70.0,70.0,70.0,60.0,0.0,53.16015625,53.16015625,53.16015625,70.0,70.0,70.0,60.0,0.0,121.12109375,98.87890625,80.0,,contact,,contact
cylinder,diameter,0.065,130,71,-70.453125,70.453125,70.453125,60.0,0.0,53.16015625,53.16015625,53.16015625,70.46484375,70.46484375,70.46484375,60.0,0.0,121.12109375,98.87890625,80.0,contact,contact,contact,contact
cylinder,diameter,0.0625,125,0,0.0,0.0,0.0,0.0,0.0,0.0,0.0,0.0,0.0,0.0,0.0,0.0,0.0,180.0,40.0,25.0,,,,
cylinder,diameter,0.0625,125,1,-1.0,1.0,1.0,1.0,0.0,1.0,1.0,1.0,1.0,1.0,1.0,1.0,0.0,179.0,41.0,26.0,,,,
cylinder,diameter,0.0625,125,2,-2.0,2.0,2.0,2.0,0.0,2.0,2.0,2.0,2.0,2.0,2.0,2.0,0.0,178.0,42.0,27.0,,,,
cylinder,diameter,0.0625,125,3,-3.0,3.0,3.0,3.0,0.0,3.0,3.0,3.0,3.0,3.0,3.0,3.0,0.0,177.0,43.0,28.0,,,,
cylinder,diameter,0.0625,125,4,-4.0,4.0,4.0,4.0,0.0,4.0,4.0,4.0,4.0,4.0,4.0,4.0,0.0,176.0,44.0,29.0,,,,
cylinder,diameter,0.0625,125,5,-5.0,5.0,5.0,5.0,0.0,5.0,5.0,5.0,5.0,5.0,5.0,5.0,0.0,175.0,45.0,30.0,,,,
cylinder,diameter,0.0625,125,6,-6.0,6.0,6.0,6.0,0.0,6.0,6.0,6.0,6.0,6.0,6.0,6.0,0.0,174.0,46.0,31.0,,,,
cylinder,diameter,0.0625,125,7,-7.0,7.0,7.0,7.0,0.0,7.0,7.0,7.0,7.0,7.0,7.0,7.0,0.0,173.0,47.0,32.0,,,,
cylinder,diameter,0.0625,125,8,-8.0,8.0,8.0,8.0,0.0,8.0,8.0,8.0,8.0,8.0,8.0,8.0,0.0,172.0,48.0,33.0,,,,
cylinder,diameter,0.0625,125,9,-9.0,9.0,9.0,9.0,0.0,9.0,9.0,9.0,9.0,9.0,9.0,9.0,0.0,171.0,49.0,34.0,,,,
cylinder,diameter,0.0625,125,10,-10.0,10.0,10.0,10.0,0.0,10.0,10.0,10.0,10.0,10.0,10.0,10.0,0.0,170.0,50.0,35.0,,,,
cylinder,diameter,0.0625,125,11,-11.0,11.0,11.0,11.0,0.0,11.0,11.0,11.0,11.0,11.0,11.0,11.0,0.0,169.0,51.0,36.0,,,,
cylinder,diameter,0.0625,125,12,-12.0,12.0,12.0,12.0,0.0,12.0,12.0,12.0,12.0,12.0,12.0,12.0,0.0,168.0,52.0,37.0,,,,
cylinder,diameter,0.0625,125,13,-13.0,13.0,13.0,13.0,0.0,13.0,13.0,13.0,13.0,13.0,13.0,13.0,0.0,167.0,53.0,38.0,,,,
cylinder,diameter,0.0625,125,14,-14.0,14.0,14.0,14.0,0.0,14.0,14.0,14.0,14.0,14.0,14.0,14.0,0.0,166.0,54.0,39.0,,,,
cylinder,diameter,0.0625,125,15,-15.0,15.0,15.0,15.0,0.0,15.0,15.0,15.0,15.0,15.0,15.0,15.0,0.0,165.0,55.0,40.0,,,,
cylinder,diameter,0.0625,125,16,-16.0,16.0,16.0,16.0,0.0,16.0,16.0,16.0,16.0,16.0,16.0,16.0,0.0,164.0,56.0,41.0,,,,
cylinder,diameter,0.0625,125,17,-17.0,17.0,17.0,17.0,0.0,17.0,17.0,17.0,17.0,17.0,17.0,17.0,0.0,163.0,57.0,42.0,,,,
cylinder,diameter,0.0625,125,18,-18.0,18.0,18.0,18.0,0.0,18.0,18.0,18.0,18.0,18.0,18.0,18.0,0.0,162.0,58.0,43.0,,,,
cylinder,diameter,0.0625,125,19,-19.0,19.0,19.0,19.0,0.0,19.0,19.0,19.0,19.0,19.0,19.0,19.0,0.0,161.0,59.0,44.0,,,,
cylinder,diameter,0.0625,125,20,-20.0,20.0,20.0,20.0,0.0,20.0,20.0,20.0,20.0,20.0,20.0,20.0,0.0,160.0,60.0,45.0,,,,
cylinder,diameter,0.0625,125,21,-21.0,21.0,21.0,21.0,0.0,21.0,21.0,21.0,21.0,21.0,21.0,21.0,0.0,159.0,61.0,46.0,,,,
cylinder,diameter,0.0625,125,22,-22.0,22.0,22.0,22.0,0.0,22.0,22.0,22.0,22.0,22.0,22.0,22.0,0.0,158.0,62.0,47.0,,,,
cylinder,diameter,0.0625,125,23,-23.0,23.0,23.0,23.0,0.0,23.0,23.0,23.0,23.0,23.0,23.0,23.0,0.0,157.0,63.0,48.0,,,,
cylinder,diameter,0.0625,125,24,-24.0,24.0,24.0,24.0,0.0,24.0,24.0,24.0,24.0,24.0,24.0,24.0,0.0,156.0,64.0,49.0,,,,
cylinder,diameter,0.0625,125,25,-25.0,25.0,25.0,25.0,0.0,25.0,25.0,25.0,25.0,25.0,25.0,25.0,0.0,155.0,65.0,50.0,,,,
cylinder,diameter,0.0625,125,26,-26.0,26.0,26.0,26.0,0.0,26.0,26.0,26.0,26.0,26.0,26.0,26.0,0.0,154.0,66.0,51.0,,,,
cylinder,diameter,0.0625,125,27,-27.0,27.0,27.0,27.0,0.0,27.0,27.0,27.0,27.0,27.0,27.0,27.0,0.0,153.0,67.0,52.0,,,,
cylinder,diameter,0.0625,125,28,-28.0,28.0,28.0,28.0,0.0,28.0,28.0,28.0,28.0,28.0,28.0,28.0,0.0,152.0,68.0,53.0,,,,
cylinder,diameter,0.0625,125,29,-29.0,29.0,29.0,29.0,0.0,29.0,29.0,29.0,29.0,29.0,29.0,29.0,0.0,151.0,69.0,54.0,,,,
cylinder,diameter,0.0625,125,30,-30.0,30.0,30.0,30.0,0.0,30.0,30.0,30.0,30.0,30.0,30.0,30.0,0.0,150.0,70.0,55.0,,,,
cylinder,diameter,0.0625,125,31,-31.0,31.0,31.0,31.0,0.0,31.0,31.0,31.0,31.0,31.0,31.0,31.0,0.0,149.0,71.0,56.0,,,,
cylinder,diameter,0.0625,125,32,-32.0,32.0,32.0,32.0,0.0,32.0,32.0,32.0,32.0,32.0,32.0,32.0,0.0,148.0,72.0,57.0,,,,
cylinder,diameter,0.0625,125,33,-33.0,33.0,33.0,33.0,0.0,33.0,33.0,33.0,33.0,33.0,33.0,33.0,0.0,147.0,73.0,58.0,,,,
cylinder,diameter,0.0625,125,34,-34.0,34.0,34.0,34.0,0.0,34.0,34.0,34.0,34.0,34.0,34.0,34.0,0.0,146.0,74.0,59.0,,,,
cylinder,diameter,0.0625,125,35,-35.0,35.0,35.0,35.0,0.0,35.0,35.0,35.0,35.0,35.0,35.0,35.0,0.0,145.0,75.0,60.0,,,,
cylinder,diameter,0.0625,125,36,-36.0,36.0,36.0,36.0,0.0,36.0,36.0,36.0,36.0,36.0,36.0,36.0,0.0,144.0,76.0,61.0,,,,
cylinder,diameter,0.0625,125,37,-37.0,37.0,37.0,37.0,0.0,37.0,37.0,37.0,37.0,37.0,37.0,37.0,0.0,143.0,77.0,62.0,,,,
cylinder,diameter,0.0625,125,38,-38.0,38.0,38.0,38.0,0.0,38.0,38.0,38.0,38.0,38.0,38.0,38.0,0.0,142.0,78.0,63.0,,,,
cylinder,diameter,0.0625,125,39,-39.0,39.0,39.0,39.0,0.0,39.0,39.0,39.0,39.0,39.0,39.0,39.0,0.0,141.0,79.0,64.0,,,,
cylinder,diameter,0.0625,125,40,-40.0,40.0,40.0,40.0,0.0,40.0,40.0,40.0,40.0,40.0,40.0,40.0,0.0,140.0,80.0,65.0,,,,
cylinder,diameter,0.0625,125,41,-41.0,41.0,41.0,41.0,0.0,41.0,41.0,41.0,41.0,41.0,41.0,41.0,0.0,139.0,81.0,66.0,,,,
cylinder,diameter,0.0625,125,42,-42.0,42.0,42.0,42.0,0.0,42.0,42.0,42.0,42.0,42.0,42.0,42.0,0.0,138.0,82.0,67.0,,,,
cylinder,diameter,0.0625,125,43,-43.0,43.0,43.0,43.0,0.0,43.0,43.0,43.0,43.0,43.0,43.0,43.0,0.0,137.0,83.0,68.0,,,,
cylinder,diameter,0.0625,125,44,-44.0,44.0,44.0,44.0,0.0,44.0,44.0,44.0,44.0,44.0,44.0,44.0,0.0,136.0,84.0,69.0,,,,
cylinder,diameter,0.0625,125,45,-45.0,45.0,45.0,45.0,0.0,45.0,45.0,45.0,45.0,45.0,45.0,45.0,0.0,135.0,85.0,70.0,,,,
cylinder,diameter,0.0625,125,46,-46.0,46.0,46.0,46.0,0.0,46.0,46.0,46.0,46.0,46.0,46.0,46.0,0.0,134.0,86.0,71.0,,,,
cylinder,diameter,0.0625,125,47,-47.0,47.0,47.0,47.0,0.0,47.0,47.0,47.0,47.0,47.0,47.0,47.0,0.0,133.0,87.0,72.0,,,,
cylinder,diameter,0.0625,125,48,-48.0,48.0,48.0,48.0,0.0,48.0,48.0,48.0,48.0,48.0,48.0,48.0,0.0,132.0,88.0,73.0,,,,
cylinder,diameter,0.0625,125,49,-49.0,49.0,49.0,49.0,0.0,49.0,49.0,49.0,49.0,49.0,49.0,49.0,0.0,131.0,89.0,74.0,,,,
cylinder,diameter,0.0625,125,50,-50.0,50.0,50.0,50.0,0.0,50.0,50.0,50.0,50.0,50.0,50.0,50.0,0.0,130.0,90.0,75.0,,,,
cylinder,diameter,0.0625,125,51,-51.0,51.0,51.0,51.0,0.0,51.0,51.0,51.0,51.0,51.0,51.0,51.0,0.0,129.0,91.0,76.0,,,,
cylinder,diameter,0.0625,125,52,-52.0,52.0,52.0,52.0,0.0,52.0,52.0,52.0,52.0,52.0,52.0,52.0,0.0,128.0,92.0,77.0,,,,
cylinder,diameter,0.0625,125,53,-53.0,53.0,53.0,53.0,0.0,53.0,53.0,53.0,53.0,53.0,53.0,53.0,0.0,127.0,93.0,78.0,,,,
cylinder,diameter,0.0625,125,54,-54.0,54.0,54.0,54.0,0.0,54.0,54.0,54.0,54.0,54.0,54.0,54.0,0.0,126.0,94.0,79.0,,,,
cylinder,diameter,0.0625,125,55,-55.0,55.0,55.0,55.0,0.0,54.24609375,54.24609375,54.24609375,55.0,55.0,55.0,55.0,0.0,125.0,95.0,80.0,,contact,,
cylinder,diameter,0.0625,125,56,-56.0,56.0,56.0,56.0,0.0,54.24609375,54.24609375,54.24609375,56.0,56.0,56.0,56.0,0.0,124.0,96.0,80.0,,contact,,
cylinder,diameter,0.0625,125,57,-57.0,57.0,57.0,57.0,0.0,54.24609375,54.24609375,54.24609375,57.0,57.0,57.0,57.0,0.0,123.0,97.0,80.0,,contact,,
cylinder,diameter,0.0625,125,58,-58.0,58.0,58.0,58.0,0.0,54.24609375,54.24609375,54.24609375,58.0,58.0,58.0,58.0,0.0,122.0,98.0,80.0,,contact,,
cylinder,diameter,0.0625,125,59,-59.0,59.0,59.0,59.0,0.0,54.24609375,54.24609375,54.24609375,59.0,59.0,59.0,59.0,0.0,121.0,99.0,80.0,,contact,,
cylinder,diameter,0.0625,125,60,-60.0,60.0,60.0,60.0,0.0,54.24609375,54.24609375,54.24609375,60.0,60.0,60.0,60.0,0.0,120.1640625,99.8359375,80.0,,contact,,contact
cylinder,diameter,0.0625,125,61,-61.0,61.0,61.0,60.0,0.0,54.24609375,54.24609375,54.24609375,61.0,61.0,61.0,60.0,0.0,120.1640625,99.8359375,80.0,,contact,,contact
cylinder,diameter,0.0625,125,62,-62.0,62.0,62.0,60.0,0.0,54.24609375,54.24609375,54.24609375,62.0,62.0,62.0,60.0,0.0,120.1640625,99.8359375,80.0,,contact,,contact
cylinder,diameter,0.0625,125,63,-63.0,63.0,63.0,60.0,0.0,54.24609375,54.24609375,54.24609375,63.0,63.0,63.0,60.0,0.0,120.1640625,99.8359375,80.0,,contact,,contact
cylinder,diameter,0.0625,125,64,-64.0,64.0,64.0,60.0,0.0,54.24609375,54.24609375,54.24609375,64.0,64.0,64.0,60.0,0.0,120.1640625,99.8359375,80.0,,contact,,contact
cylinder,diameter,0.0625,125,65,-65.0,65.0,65.0,60.0,0.0,54.24609375,54.24609375,54.24609375,65.0,65.0,65.0,60.0,0.0,120.1640625,99.8359375,80.0,,contact,,contact
cylinder,diameter,0.0625,125,66,-66.0,66.0,66.0,60.0,0.0,54.24609375,54.24609375,54.24609375,66.0,66.0,66.0,60.0,0.0,120.1640625,99.8359375,80.0,,contact,,contact
cylinder,diameter,0.0625,125,67,-67.0,67.0,67.0,60.0,0.0,54.24609375,54.24609375,54.24609375,67.0,67.0,67.0,60.0,0.0,120.1640625,99.8359375,80.0,,contact,,contact
cylinder,diameter,0.0625,125,68,-68.0,68.0,68.0,60.0,0.0,54.24609375,54.24609375,54.24609375,68.0,68.0,68.0,60.0,0.0,120.1640625,99.8359375,80.0,,contact,,contact
cylinder,diameter,0.0625,125,69,-69.0,69.0,69.0,60.0,0.0,54.24609375,54.24609375,54.24609375,69.0,69.0,69.0,60.0,0.0,120.1640625,99.8359375,80.0,,contact,,contact
cylinder,diameter,0.0625,125,70,-70.0,70.0,70.0,60.0,0.0,54.24609375,54.24609375,54.24609375,70.0,70.0,70.0,60.0,0.0,120.1640625,99.8359375,80.0,,contact,,contact
cylinder,diameter,0.0625,125,71,-71.0,71.0,71.0,60.0,0.0,54.24609375,54.24609375,54.24609375,71.0,71.0,71.0,60.0,0.0,120.1640625,99.8359375,80.0,,contact,,contact
cylinder,diameter,0.0625,125,72,-71.59765625,71.59765625,71.59765625,60.0,0.0,54.24609375,54.24609375,54.24609375,71.59765625,71.59765625,71.59765625,60.0,0.0,120.1640625,99.8359375,80.0,contact,contact,contact,contact
cylinder,diameter,0.06,120,0,0.0,0.0,0.0,0.0,0.0,0.0,0.0,0.0,0.0,0.0,0.0,0.0,0.0,180.0,40.0,25.0,,,,
cylinder,diameter,0.06,120,1,-1.0,1.0,1.0,1.0,0.0,1.0,1.0,1.0,1.0,1.0,1.0,1.0,0.0,179.0,41.0,26.0,,,,
cylinder,diameter,0.06,120,2,-2.0,2.0,2.0,2.0,0.0,2.0,2.0,2.0,2.0,2.0,2.0,2.0,0.0,178.0,42.0,27.0,,,,
cylinder,diameter,0.06,120,3,-3.0,3.0,3.0,3.0,0.0,3.0,3.0,3.0,3.0,3.0,3.0,3.0,0.0,177.0,43.0,28.0,,,,
cylinder,diameter,0.06,120,4,-4.0,4.0,4.0,4.0,0.0,4.0,4.0,4.0,4.0,4.0,4.0,4.0,0.0,176.0,44.0,29.0,,,,
cylinder,diameter,0.06,120,5,-5.0,5.0,5.0,5.0,0.0,5.0,5.0,5.0,5.0,5.0,5.0,5.0,0.0,175.0,45.0,30.0,,,,
cylinder,diameter,0.06,120,6,-6.0,6.0,6.0,6.0,0.0,6.0,6.0,6.0,6.0,6.0,6.0,6.0,0.0,174.0,46.0,31.0,,,,
cylinder,diameter,0.06,120,7,-7.0,7.0,7.0,7.0,0.0,7.0,7.0,7.0,7.0,7.0,7.0,7.0,0.0,173.0,47.0,32.0,,,,
cylinder,diameter,0.06,120,8,-8.0,8.0,8.0,8.0,0.0,8.0,8.0,8.0,8.0,8.0,8.0,8.0,0.0,172.0,48.0,33.0,,,,
cylinder,diameter,0.06,120,9,-9.0,9.0,9.0,9.0,0.0,9.0,9.0,9.0,9.0,9.0,9.0,9.0,0.0,171.0,49.0,34.0,,,,
cylinder,diameter,0.06,120,10,-10.0,10.0,10.0,10.0,0.0,10.0,10.0,10.0,10.0,10.0,10.0,10.0,0.0,170.0,50.0,35.0,,,,
cylinder,diameter,0.06,120,11,-11.0,11.0,11.0,11.0,0.0,11.0,11.0,11.0,11.0,11.0,11.0,11.0,0.0,169.0,51.0,36.0,,,,
cylinder,diameter,0.06,120,12,-12.0,12.0,12.0,12.0,0.0,12.0,12.0,12.0,12.0,12.0,12.0,12.0,0.0,168.0,52.0,37.0,,,,
cylinder,diameter,0.06,120,13,-13.0,13.0,13.0,13.0,0.0,13.0,13.0,13.0,13.0,13.0,13.0,13.0,0.0,167.0,53.0,38.0,,,,
cylinder,diameter,0.06,120,14,-14.0,14.0,14.0,14.0,0.0,14.0,14.0,14.0,14.0,14.0,14.0,14.0,0.0,166.0,54.0,39.0,,,,
cylinder,diameter,0.06,120,15,-15.0,15.0,15.0,15.0,0.0,15.0,15.0,15.0,15.0,15.0,15.0,15.0,0.0,165.0,55.0,40.0,,,,
cylinder,diameter,0.06,120,16,-16.0,16.0,16.0,16.0,0.0,16.0,16.0,16.0,16.0,16.0,16.0,16.0,0.0,164.0,56.0,41.0,,,,
cylinder,diameter,0.06,120,17,-17.0,17.0,17.0,17.0,0.0,17.0,17.0,17.0,17.0,17.0,17.0,17.0,0.0,163.0,57.0,42.0,,,,
cylinder,diameter,0.06,120,18,-18.0,18.0,18.0,18.0,0.0,18.0,18.0,18.0,18.0,18.0,18.0,18.0,0.0,162.0,58.0,43.0,,,,
cylinder,diameter,0.06,120,19,-19.0,19.0,19.0,19.0,0.0,19.0,19.0,19.0,19.0,19.0,19.0,19.0,0.0,161.0,59.0,44.0,,,,
cylinder,diameter,0.06,120,20,-20.0,20.0,20.0,20.0,0.0,20.0,20.0,20.0,20.0,20.0,20.0,20.0,0.0,160.0,60.0,45.0,,,,
cylinder,diameter,0.06,120,21,-21.0,21.0,21.0,21.0,0.0,21.0,21.0,21.0,21.0,21.0,21.0,21.0,0.0,159.0,61.0,46.0,,,,
cylinder,diameter,0.06,120,22,-22.0,22.0,22.0,22.0,0.0,22.0,22.0,22.0,22.0,22.0,22.0,22.0,0.0,158.0,62.0,47.0,,,,
cylinder,diameter,0.06,120,23,-23.0,23.0,23.0,23.0,0.0,23.0,23.0,23.0,23.0,23.0,23.0,23.0,0.0,157.0,63.0,48.0,,,,
cylinder,diameter,0.06,120,24,-24.0,24.0,24.0,24.0,0.0,24.0,24.0,24.0,24.0,24.0,24.0,24.0,0.0,156.0,64.0,49.0,,,,
cylinder,diameter,0.06,120,25,-25.0,25.0,25.0,25.0,0.0,25.0,25.0,25.0,25.0,25.0,25.0,25.0,0.0,155.0,65.0,50.0,,,,
cylinder,diameter,0.06,120,26,-26.0,26.0,26.0,26.0,0.0,26.0,26.0,26.0,26.0,26.0,26.0,26.0,0.0,154.0,66.0,51.0,,,,
cylinder,diameter,0.06,120,27,-27.0,27.0,27.0,27.0,0.0,27.0,27.0,27.0,27.0,27.0,27.0,27.0,0.0,153.0,67.0,52.0,,,,
cylinder,diameter,0.06,120,28,-28.0,28.0,28.0,28.0,0.0,28.0,28.0,28.0,28.0,28.0,28.0,28.0,0.0,152.0,68.0,53.0,,,,
cylinder,diameter,0.06,120,29,-29.0,29.0,29.0,29.0,0.0,29.0,29.0,29.0,29.0,29.0,29.0,29.0,0.0,151.0,69.0,54.0,,,,
cylinder,diameter,0.06,120,30,-30.0,30.0,30.0,30.0,0.0,30.0,30.0,30.0,30.0,30.0,30.0,30.0,0.0,150.0,70.0,55.0,,,,
cylinder,diameter,0.06,120,31,-31.0,31.0,31.0,31.0,0.0,31.0,31.0,31.0,31.0,31.0,31.0,31.0,0.0,149.0,71.0,56.0,,,,
cylinder,diameter,0.06,120,32,-32.0,32.0,32.0,32.0,0.0,32.0,32.0,32.0,32.0,32.0,32.0,32.0,0.0,148.0,72.0,57.0,,,,
cylinder,diameter,0.06,120,33,-33.0,33.0,33.0,33.0,0.0,33.0,33.0,33.0,33.0,33.0,33.0,33.0,0.0,147.0,73.0,58.0,,,,
cylinder,diameter,0.06,120,34,-34.0,34.0,34.0,34.0,0.0,34.0,34.0,34.0,34.0,34.0,34.0,34.0,0.0,146.0,74.0,59.0,,,,
cylinder,diameter,0.06,120,35,-35.0,35.0,35.0,35.0,0.0,35.0,35.0,35.0,35.0,35.0,35.0,35.0,0.0,145.0,75.0,60.0,,,,
cylinder,diameter,0.06,120,36,-36.0,36.0,36.0,36.0,0.0,36.0,36.0,36.0,36.0,36.0,36.0,36.0,0.0,144.0,76.0,61.0,,,,
cylinder,diameter,0.06,120,37,-37.0,37.0,37.0,37.0,0.0,37.0,37.0,37.0,37.0,37.0,37.0,37.0,0.0,143.0,77.0,62.0,,,,
cylinder,diameter,0.06,120,38,-38.0,38.0,38.0,38.0,0.0,38.0,38.0,38.0,38.0,38.0,38.0,38.0,0.0,142.0,78.0,63.0,,,,
cylinder,diameter,0.06,120,39,-39.0,39.0,39.0,39.0,0.0,39.0,39.0,39.0,39.0,39.0,39.0,39.0,0.0,141.0,79.0,64.0,,,,
cylinder,diameter,0.06,120,40,-40.0,40.0,40.0,40.0,0.0,40.0,40.0,40.0,40.0,40.0,40.0,40.0,0.0,140.0,80.0,65.0,,,,
cylinder,diameter,0.06,120,41,-41.0,41.0,41.0,41.0,0.0,41.0,41.0,41.0,41.0,41.0,41.0,41.0,0.0,139.0,81.0,66.0,,,,
cylinder,diameter,0.06,120,42,-42.0,42.0,42.0,42.0,0.0,42.0,42.0,42.0,42.0,42.0,42.0,42.0,0.0,138.0,82.0,67.0,,,,
cylinder,diameter,0.06,120,43,-43.0,43.0,43.0,43.0,0.0,43.0,43.0,43.0,43.0,43.0,43.0,43.0,0.0,137.0,83.0,68.0,,,,
cylinder,diameter,0.06,120,44,-44.0,44.0,44.0,44.0,0.0,44.0,44.0,44.0,44.0,44.0,44.0,44.0,0.0,136.0,84.0,69.0,,,,
cylinder,diameter,0.06,120,45,-45.0,45.0,45.0,45.0,0.0,45.0,45.0,45.0,45.0,45.0,45.0,45.0,0.0,135.0,85.0,70.0,,,,
cylinder,diameter,0.06,120,46,-46.0,46.0,46.0,46.0,0.0,46.0,46.0,46.0,46.0,46.0,46.0,46.0,0.0,134.0,86.0,71.0,,,,
cylinder,diameter,0.06,120,47,-47.0,47.0,47.0,47.0,0.0,47.0,47.0,47.0,47.0,47.0,47.0,47.0,0.0,133.0,87.0,72.0,,,,
cylinder,diameter,0.06,120,48,-48.0,48.0,48.0,48.0,0.0,48.0,48.0,48.0,48.0,48.0,48.0,48.0,0.0,132.0,88.0,73.0,,,,
cylinder,diameter,0.06,120,49,-49.0,49.0,49.0,49.0,0.0,49.0,49.0,49.0,49.0,49.0,49.0,49.0,0.0,131.0,89.0,74.0,,,,
cylinder,diameter,0.06,120,50,-50.0,50.0,50.0,50.0,0.0,50.0,50.0,50.0,50.0,50.0,50.0,50.0,0.0,130.0,90.0,75.0,,,,
cylinder,diameter,0.06,120,51,-51.0,51.0,51.0,51.0,0.0,51.0,51.0,51.0,51.0,51.0,51.0,51.0,0.0,129.0,91.0,76.0,,,,
cylinder,diameter,0.06,120,52,-52.0,52.0,52.0,52.0,0.0,52.0,52.0,52.0,52.0,52.0,52.0,52.0,0.0,128.0,92.0,77.0,,,,
cylinder,diameter,0.06,120,53,-53.0,53.0,53.0,53.0,0.0,53.0,53.0,53.0,53.0,53.0,53.0,53.0,0.0,127.0,93.0,78.0,,,,
cylinder,diameter,0.06,120,54,-54.0,54.0,54.0,54.0,0.0,54.0,54.0,54.0,54.0,54.0,54.0,54.0,0.0,126.0,94.0,79.0,,,,
cylinder,diameter,0.06,120,55,-55.0,55.0,55.0,55.0,0.0,55.0,55.0,55.0,55.0,55.0,55.0,55.0,0.0,125.0,95.0,80.0,,,,
cylinder,diameter,0.06,120,56,-56.0,56.0,56.0,56.0,0.0,55.3671875,55.3671875,55.3671875,56.0,56.0,56.0,56.0,0.0,124.0,96.0,80.0,,contact,,
cylinder,diameter,0.06,120,57,-57.0,57.0,57.0,57.0,0.0,55.3671875,55.3671875,55.3671875,57.0,57.0,57.0,57.0,0.0,123.0,97.0,80.0,,contact,,
cylinder,diameter,0.06,120,58,-58.0,58.0,58.0,58.0,0.0,55.3671875,55.3671875,55.3671875,58.0,58.0,58.0,58.0,0.0,122.0,98.0,80.0,,contact,,
cylinder,diameter,0.06,120,59,-59.0,59.0,59.0,59.0,0.0,55.3671875,55.3671875,55.3671875,59.0,59.0,59.0,59.0,0.0,121.0,99.0,80.0,,contact,,
cylinder,diameter,0.06,120,60,-60.0,60.0,60.0,60.0,0.0,55.3671875,55.3671875,55.3671875,60.0,60.0,60.0,60.0,0.0,120.0,100.0,80.0,,contact,,
cylinder,diameter,0.06,120,61,-61.0,61.0,61.0,60.0,0.0,55.3671875,55.3671875,55.3671875,61.0,61.0,61.0,60.0,0.0,119.1875,100.8125,80.0,,contact,,contact
cylinder,diameter,0.06,120,62,-62.0,62.0,62.0,60.0,0.0,55.3671875,55.3671875,55.3671875,62.0,62.0,62.0,60.0,0.0,119.1875,100.8125,80.0,,contact,,contact
cylinder,diameter,0.06,120,63,-63.0,63.0,63.0,60.0,0.0,55.3671875,55.3671875,55.3671875,63.0,63.0,63.0,60.0,0.0,119.1875,100.8125,80.0,,contact,,contact
cylinder,diameter,0.06,120,64,-64.0,64.0,64.0,60.0,0.0,55.3671875,55.3671875,55.3671875,64.0,64.0,64.0,60.0,0.0,119.1875,100.8125,80.0,,contact,,contact
cylinder,diameter,0.06,120,65,-65.0,65.0,65.0,60.0,0.0,55.3671875,55.3671875,55.3671875,65.0,65.0,65.0,60.0,0.0,119.1875,100.8125,80.0,,contact,,contact
cylinder,diameter,0.06,120,66,-66.0,66.0,66.0,60.0,0.0,55.3671875,55.3671875,55.3671875,66.0,66.0,66.0,60.0,0.0,119.1875,100.8125,80.0,,contact,,contact
cylinder,diameter,0.06,120,67,-67.0,67.0,67.0,60.0,0.0,55.3671875,55.3671875,55.3671875,67.0,67.0,67.0,60.0,0.0,119.1875,100.8125,80.0,,contact,,contact
cylinder,diameter,0.06,120,68,-68.0,68.0,68.0,60.0,0.0,55.3671875,55.3671875,55.3671875,68.0,68.0,68.0,60.0,0.0,119.1875,100.8125,80.0,,contact,,contact
cylinder,diameter,0.06,120,69,-69.0,69.0,69.0,60.0,0.0,55.3671875,55.3671875,55.3671875,69.0,69.0,69.0,60.0,0.0,119.1875,100.8125,80.0,,contact,,contact
cylinder,diameter,0.06,120,70,-70.0,70.0,70.0,60.0,0.0,55.3671875,55.3671875,55.3671875,70.0,70.0,70.0,60.0,0.0,119.1875,100.8125,80.0,,contact,,contact
cylinder,diameter,0.06,120,71,-71.0,71.0,71.0,60.0,0.0,55.3671875,55.3671875,55.3671875,71.0,71.0,71.0,60.0,0.0,119.1875,100.8125,80.0,,contact,,contact
cylinder,diameter,0.06,120,72,-72.0,72.0,72.0,60.0,0.0,55.3671875,55.3671875,55.3671875,72.0,72.0,72.0,60.0,0.0,119.1875,100.8125,80.0,,contact,,contact
cylinder,diameter,0.06,120,73,-72.74609375,72.74609375,72.74609375,60.0,0.0,55.3671875,55.3671875,55.3671875,72.73828125,72.73828125,72.73828125,60.0,0.0,119.1875,100.8125,80.0,contact,contact,contact,contact
cylinder,diameter,0.0575,115,0,0.0,0.0,0.0,0.0,0.0,0.0,0.0,0.0,0.0,0.0,0.0,0.0,0.0,180.0,40.0,25.0,,,,
cylinder,diameter,0.0575,115,1,-1.0,1.0,1.0,1.0,0.0,1.0,1.0,1.0,1.0,1.0,1.0,1.0,0.0,179.0,41.0,26.0,,,,
cylinder,diameter,0.0575,115,2,-2.0,2.0,2.0,2.0,0.0,2.0,2.0,2.0,2.0,2.0,2.0,2.0,0.0,178.0,42.0,27.0,,,,
cylinder,diameter,0.0575,115,3,-3.0,3.0,3.0,3.0,0.0,3.0,3.0,3.0,3.0,3.0,3.0,3.0,0.0,177.0,43.0,28.0,,,,
cylinder,diameter,0.0575,115,4,-4.0,4.0,4.0,4.0,0.0,4.0,4.0,4.0,4.0,4.0,4.0,4.0,0.0,176.0,44.0,29.0,,,,
cylinder,diameter,0.0575,115,5,-5.0,5.0,5.0,5.0,0.0,5.0,5.0,5.0,5.0,5.0,5.0,5.0,0.0,175.0,45.0,30.0,,,,
cylinder,diameter,0.0575,115,6,-6.0,6.0,6.0,6.0,0.0,6.0,6.0,6.0,6.0,6.0,6.0,6.0,0.0,174.0,46.0,31.0,,,,
cylinder,diameter,0.0575,115,7,-7.0,7.0,7.0,7.0,0.0,7.0,7.0,7.0,7.0,7.0,7.0,7.0,0.0,173.0,47.0,32.0,,,,
cylinder,diameter,0.0575,115,8,-8.0,8.0,8.0,8.0,0.0,8.0,8.0,8.0,8.0,8.0,8.0,8.0,0.0,172.0,48.0,33.0,,,,
cylinder,diameter,0.0575,115,9,-9.0,9.0,9.0,9.0,0.0,9.0,9.0,9.0,9.0,9.0,9.0,9.0,0.0,171.0,49.0,34.0,,,,
cylinder,diameter,0.0575,115,10,-10.0,10.0,10.0,10.0,0.0,10.0,10.0,10.0,10.0,10.0,10.0,10.0,0.0,170.0,50.0,35.0,,,,
cylinder,diameter,0.0575,115,11,-11.0,11.0,11.0,11.0,0.0,11.0,11.0,11.0,11.0,11.0,11.0,11.0,0.0,169.0,51.0,36.0,,,,
cylinder,diameter,0.0575,115,12,-12.0,12.0,12.0,12.0,0.0,12.0,12.0,12.0,12.0,12.0,12.0,12.0,0.0,168.0,52.0,37.0,,,,
cylinder,diameter,0.0575,115,13,-13.0,13.0,13.0,13.0,0.0,13.0,13.0,13.0,13.0,13.0,13.0,13.0,0.0,167.0,53.0,38.0,,,,
cylinder,diameter,0.0575,115,14,-14.0,14.0,14.0,14.0,0.0,14.0,14.0,14.0,14.0,14.0,14.0,14.0,0.0,166.0,54.0,39.0,,,,
cylinder,diameter,0.0575,115,15,-15.0,15.0,15.0,15.0,0.0,15.0,15.0,15.0,15.0,15.0,15.0,15.0,0.0,165.0,55.0,40.0,,,,
cylinder,diameter,0.0575,115,16,-16.0,16.0,16.0,16.0,0.0,16.0,16.0,16.0,16.0,16.0,16.0,16.0,0.0,164.0,56.0,41.0,,,,
cylinder,diameter,0.0575,115,17,-17.0,17.0,17.0,17.0,0.0,17.0,17.0,17.0,17.0,17.0,17.0,17.0,0.0,163.0,57.0,42.0,,,,
cylinder,diameter,0.0575,115,18,-18.0,18.0,18.0,18.0,0.0,18.0,18.0,18.0,18.0,18.0,18.0,18.0,0.0,162.0,58.0,43.0,,,,
cylinder,diameter,0.0575,115,19,-19.0,19.0,19.0,19.0,0.0,19.0,19.0,19.0,19.0,19.0,19.0,19.0,0.0,161.0,59.0,44.0,,,,
cylinder,diameter,0.0575,115,20,-20.0,20.0,20.0,20.0,0.0,20.0,20.0,20.0,20.0,20.0,20.0,20.0,0.0,160.0,60.0,45.0,,,,
cylinder,diameter,0.0575,115,21,-21.0,21.0,21.0,21.0,0.0,21.0,21.0,21.0,21.0,21.0,21.0,21.0,0.0,159.0,61.0,46.0,,,,
cylinder,diameter,0.0575,115,22,-22.0,22.0,22.0,22.0,0.0,22.0,22.0,22.0,22.0,22.0,22.0,22.0,0.0,158.0,62.0,47.0,,,,
cylinder,diameter,0.0575,115,23,-23.0,23.0,23.0,23.0,0.0,23.0,23.0,23.0,23.0,23.0,23.0,23.0,0.0,157.0,63.0,48.0,,,,
cylinder,diameter,0.0575,115,24,-24.0,24.0,24.0,24.0,0.0,24.0,24.0,24.0,24.0,24.0,24.0,24.0,0.0,156.0,64.0,49.0,,,,
cylinder,diameter,0.0575,115,25,-25.0,25.0,25.0,25.0,0.0,25.0,25.0,25.0,25.0,25.0,25.0,25.0,0.0,155.0,65.0,50.0,,,,
cylinder,diameter,0.0575,115,26,-26.0,26.0,26.0,26.0,0.0,26.0,26.0,26.0,26.0,26.0,26.0,26.0,0.0,154.0,66.0,51.0,,,,
cylinder,diameter,0.0575,115,27,-27.0,27.0,27.0,27.0,0.0,27.0,27.0,27.0,27.0,27.0,27.0,27.0,0.0,153.0,67.0,52.0,,,,
cylinder,diameter,0.0575,115,28,-28.0,28.0,28.0,28.0,0.0,28.0,28.0,28.0,28.0,28.0,28.0,28.0,0.0,152.0,68.0,53.0,,,,
cylinder,diameter,0.0575,115,29,-29.0,29.0,29.0,29.0,0.0,29.0,29.0,29.0,29.0,29.0,29.0,29.0,0.0,151.0,69.0,54.0,,,,
cylinder,diameter,0.0575,115,30,-30.0,30.0,30.0,30.0,0.0,30.0,30.0,30.0,30.0,30.0,30.0,30.0,0.0,150.0,70.0,55.0,,,,
cylinder,diameter,0.0575,115,31,-31.0,31.0,31.0,31.0,0.0,31.0,31.0,31.0,31.0,31.0,31.0,31.0,0.0,149.0,71.0,56.0,,,,
cylinder,diameter,0.0575,115,32,-32.0,32.0,32.0,32.0,0.0,32.0,32.0,32.0,32.0,32.0,32.0,32.0,0.0,148.0,72.0,57.0,,,,
cylinder,diameter,0.0575,115,33,-33.0,33.0,33.0,33.0,0.0,33.0,33.0,33.0,33.0,33.0,33.0,33.0,0.0,147.0,73.0,58.0,,,,
cylinder,diameter,0.0575,115,34,-34.0,34.0,34.0,34.0,0.0,34.0,34.0,34.0,34.0,34.0,34.0,34.0,0.0,146.0,74.0,59.0,,,,
cylinder,diameter,0.0575,115,35,-35.0,35.0,35.0,35.0,0.0,35.0,35.0,35.0,35.0,35.0,35.0,35.0,0.0,145.0,75.0,60.0,,,,
cylinder,diameter,0.0575,115,36,-36.0,36.0,36.0,36.0,0.0,36.0,36.0,36.0,36.0,36.0,36.0,36.0,0.0,144.0,76.0,61.0,,,,
cylinder,diameter,0.0575,115,37,-37.0,37.0,37.0,37.0,0.0,37.0,37.0,37.0,37.0,37.0,37.0,37.0,0.0,143.0,77.0,62.0,,,,
cylinder,diameter,0.0575,115,38,-38.0,38.0,38.0,38.0,0.0,38.0,38.0,38.0,38.0,38.0,38.0,38.0,0.0,142.0,78.0,63.0,,,,
cylinder,diameter,0.0575,115,39,-39.0,39.0,39.0,39.0,0.0,39.0,39.0,39.0,39.0,39.0,39.0,39.0,0.0,141.0,79.0,64.0,,,,
cylinder,diameter,0.0575,115,40,-40.0,40.0,40.0,40.0,0.0,40.0,40.0,40.0,40.0,40.0,40.0,40.0,0.0,140.0,80.0,65.0,,,,
cylinder,diameter,0.0575,115,41,-41.0,41.0,41.0,41.0,0.0,41.0,41.0,41.0,41.0,41.0,41.0,41.0,0.0,139.0,81.0,66.0,,,,
cylinder,diameter,0.0575,115,42,-42.0,42.0,42.0,42.0,0.0,42.0,42.0,42.0,42.0,42.0,42.0,42.0,0.0,138.0,82.0,67.0,,,,
cylinder,diameter,0.0575,115,43,-43.0,43.0,43.0,43.0,0.0,43.0,43.0,43.0,43.0,43.0,43.0,43.0,0.0,137.0,83.0,68.0,,,,
cylinder,diameter,0.0575,115,44,-44.0,44.0,44.0,44.0,0.0,44.0,44.0,44.0,44.0,44.0,44.0,44.0,0.0,136.0,84.0,69.0,,,,
cylinder,diameter,0.0575,115,45,-45.0,45.0,45.0,45.0,0.0,45.0,45.0,45.0,45.0,45.0,45.0,45.0,0.0,135.0,85.0,70.0,,,,
cylinder,diameter,0.0575,115,46,-46.0,46.0,46.0,46.0,0.0,46.0,46.0,46.0,46.0,46.0,46.0,46.0,0.0,134.0,86.0,71.0,,,,
cylinder,diameter,0.0575,115,47,-47.0,47.0,47.0,47.0,0.0,47.0,47.0,47.0,47.0,47.0,47.0,47.0,0.0,133.0,87.0,72.0,,,,
cylinder,diameter,0.0575,115,48,-48.0,48.0,48.0,48.0,0.0,48.0,48.0,48.0,48.0,48.0,48.0,48.0,0.0,132.0,88.0,73.0,,,,
cylinder,diameter,0.0575,115,49,-49.0,49.0,49.0,49.0,0.0,49.0,49.0,49.0,49.0,49.0,49.0,49.0,0.0,131.0,89.0,74.0,,,,
cylinder,diameter,0.0575,115,50,-50.0,50.0,50.0,50.0,0.0,50.0,50.0,50.0,50.0,50.0,50.0,50.0,0.0,130.0,90.0,75.0,,,,
cylinder,diameter,0.0575,115,51,-51.0,51.0,51.0,51.0,0.0,51.0,51.0,51.0,51.0,51.0,51.0,51.0,0.0,129.0,91.0,76.0,,,,
cylinder,diameter,0.0575,115,52,-52.0,52.0,52.0,52.0,0.0,52.0,52.0,52.0,52.0,52.0,52.0,52.0,0.0,128.0,92.0,77.0,,,,
cylinder,diameter,0.0575,115,53,-53.0,53.0,53.0,53.0,0.0,53.0,53.0,53.0,53.0,53.0,53.0,53.0,0.0,127.0,93.0,78.0,,,,
cylinder,diameter,0.0575,115,54,-54.0,54.0,54.0,54.0,0.0,54.0,54.0,54.0,54.0,54.0,54.0,54.0,0.0,126.0,94.0,79.0,,,,
cylinder,diameter,0.0575,115,55,-55.0,55.0,55.0,55.0,0.0,55.0,55.0,55.0,55.0,55.0,55.0,55.0,0.0,125.0,95.0,80.0,,,,
cylinder,diameter,0.0575,115,56,-56.0,56.0,56.0,56.0,0.0,56.0,56.0,56.0,56.0,56.0,56.0,56.0,0.0,124.0,96.0,80.0,,,,
cylinder,diameter,0.0575,115,57,-57.0,57.0,57.0,57.0,0.0,56.5234375,56.5234375,56.5234375,57.0,57.0,57.0,57.0,0.0,123.0,97.0,80.0,,contact,,
cylinder,diameter,0.0575,115,58,-58.0,58.0,58.0,58.0,0.0,56.5234375,56.5234375,56.5234375,58.0,58.0,58.0,58.0,0.0,122.0,98.0,80.0,,contact,,
cylinder,diameter,0.0575,115,59,-59.0,59.0,59.0,59.0,0.0,56.5234375,56.5234375,56.5234375,59.0,59.0,59.0,59.0,0.0,121.0,99.0,80.0,,contact,,
cylinder,diameter,0.0575,115,60,-60.0,60.0,60.0,60.0,0.0,56.5234375,56.5234375,56.5234375,60.0,60.0,60.0,60.0,0.0,120.0,100.0,80.0,,contact,,
cylinder,diameter,0.0575,115,61,-61.0,61.0,61.0,60.0,0.0,56.5234375,56.5234375,56.5234375,61.0,61.0,61.0,60.0,0.0,119.0,101.0,80.0,,contact,,
cylinder,diameter,0.0575,115,62,-62.0,62.0,62.0,60.0,0.0,56.5234375,56.5234375,56.5234375,62.0,62.0,62.0,60.0,0.0,118.1875,101.8125,80.0,,contact,,contact
cylinder,diameter,0.0575,115,63,-63.0,63.0,63.0,60.0,0.0,56.5234375,56.5234375,56.5234375,63.0,63.0,63.0,60.0,0.0,118.1875,101.8125,80.0,,contact,,contact
cylinder,diameter,0.0575,115,64,-64.0,64.0,64.0,60.0,0.0,56.5234375,56.5234375,56.5234375,64.0,64.0,64.0,60.0,0.0,118.1875,101.8125,80.0,,contact,,contact
cylinder,diameter,0.0575,115,65,-65.0,65.0,65.0,60.0,0.0,56.5234375,56.5234375,56.5234375,65.0,65.0,65.0,60.0,0.0,118.1875,101.8125,80.0,,contact,,contact
cylinder,diameter,0.0575,115,66,-66.0,66.0,66.0,60.0,0.0,56.5234375,56.5234375,56.5234375,66.0,66.0,66.0,60.0,0.0,118.1875,101.8125,80.0,,contact,,contact
cylinder,diameter,0.0575,115,67,-67.0,67.0,67.0,60.0,0.0,56.5234375,56.5234375,56.5234375,67.0,67.0,67.0,60.0,0.0,118.1875,101.8125,80.0,,contact,,contact
cylinder,diameter,0.0575,115,68,-68.0,68.0,68.0,60.0,0.0,56.5234375,56.5234375,56.5234375,68.0,68.0,68.0,60.0,0.0,118.1875,101.8125,80.0,,contact,,contact
cylinder,diameter,0.0575,115,69,-69.0,69.0,69.0,60.0,0.0,56.5234375,56.5234375,56.5234375,69.0,69.0,69.0,60.0,0.0,118.1875,101.8125,80.0,,contact,,contact
cylinder,diameter,0.0575,115,70,-70.0,70.0,70.0,60.0,0.0,56.5234375,56.5234375,56.5234375,70.0,70.0,70.0,60.0,0.0,118.1875,101.8125,80.0,,contact,,contact
cylinder,diameter,0.0575,115,71,-71.0,71.0,71.0,60.0,0.0,56.5234375,56.5234375,56.5234375,71.0,71.0,71.0,60.0,0.0,118.1875,101.8125,80.0,,contact,,contact
cylinder,diameter,0.0575,115,72,-72.0,72.0,72.0,60.0,0.0,56.5234375,56.5234375,56.5234375,72.0,72.0,72.0,60.0,0.0,118.1875,101.8125,80.0,,contact,,contact
cylinder,diameter,0.0575,115,73,-73.0,73.0,73.0,60.0,0.0,56.5234375,56.5234375,56.5234375,73.0,73.0,73.0,60.0,0.0,118.1875,101.8125,80.0,,contact,,contact
cylinder,diameter,0.0575,115,74,-73.91015625,73.91015625,73.91015625,60.0,0.0,56.5234375,56.5234375,56.5234375,73.8984375,73.8984375,73.8984375,60.0,0.0,118.1875,101.8125,80.0,contact,contact,contact,contact
cylinder,diameter,0.055,110,0,0.0,0.0,0.0,0.0,0.0,0.0,0.0,0.0,0.0,0.0,0.0,0.0,0.0,180.0,40.0,25.0,,,,
cylinder,diameter,0.055,110,1,-1.0,1.0,1.0,1.0,0.0,1.0,1.0,1.0,1.0,1.0,1.0,1.0,0.0,179.0,41.0,26.0,,,,
cylinder,diameter,0.055,110,2,-2.0,2.0,2.0,2.0,0.0,2.0,2.0,2.0,2.0,2.0,2.0,2.0,0.0,178.0,42.0,27.0,,,,
cylinder,diameter,0.055,110,3,-3.0,3.0,3.0,3.0,0.0,3.0,3.0,3.0,3.0,3.0,3.0,3.0,0.0,177.0,43.0,28.0,,,,
cylinder,diameter,0.055,110,4,-4.0,4.0,4.0,4.0,0.0,4.0,4.0,4.0,4.0,4.0,4.0,4.0,0.0,176.0,44.0,29.0,,,,
cylinder,diameter,0.055,110,5,-5.0,5.0,5.0,5.0,0.0,5.0,5.0,5.0,5.0,5.0,5.0,5.0,0.0,175.0,45.0,30.0,,,,
cylinder,diameter,0.055,110,6,-6.0,6.0,6.0,6.0,0.0,6.0,6.0,6.0,6.0,6.0,6.0,6.0,0.0,174.0,46.0,31.0,,,,
cylinder,diameter,0.055,110,7,-7.0,7.0,7.0,7.0,0.0,7.0,7.0,7.0,7.0,7.0,7.0,7.0,0.0,173.0,47.0,32.0,,,,
cylinder,diameter,0.055,110,8,-8.0,8.0,8.0,8.0,0.0,8.0,8.0,8.0,8.0,8.0,8.0,8.0,0.0,172.0,48.0,33.0,,,,
cylinder,diameter,0.055,110,9,-9.0,9.0,9.0,9.0,0.0,9.0,9.0,9.0,9.0,9.0,9.0,9.0,0.0,171.0,49.0,34.0,,,,
cylinder,diameter,0.055,110,10,-10.0,10.0,10.0,10.0,0.0,10.0,10.0,10.0,10.0,10.0,10.0,10.0,0.0,170.0,50.0,35.0,,,,
cylinder,diameter,0.055,110,11,-11.0,11.0,11.0,11.0,0.0,11.0,11.0,11.0,11.0,11.0,11.0,11.0,0.0,169.0,51.0,36.0,,,,
cylinder,diameter,0.055,110,12,-12.0,12.0,12.0,12.0,0.0,12.0,12.0,12.0,12.0,12.0,12.0,12.0,0.0,168.0,52.0,37.0,,,,
cylinder,diameter,0.055,110,13,-13.0,13.0,13.0,13.0,0.0,13.0,13.0,13.0,13.0,13.0,13.0,13.0,0.0,167.0,53.0,38.0,,,,
cylinder,diameter,0.055,110,14,-14.0,14.0,14.0,14.0,0.0,14.0,14.0,14.0,14.0,14.0,14.0,14.0,0.0,166.0,54.0,39.0,,,,
cylinder,diameter,0.055,110,15,-15.0,15.0,15.0,15.0,0.0,15.0,15.0,15.0,15.0,15.0,15.0,15.0,0.0,165.0,55.0,40.0,,,,
cylinder,diameter,0.055,110,16,-16.0,16.0,16.0,16.0,0.0,16.0,16.0,16.0,16.0,16.0,16.0,16.0,0.0,164.0,56.0,41.0,,,,
cylinder,diameter,0.055,110,17,-17.0,17.0,17.0,17.0,0.0,17.0,17.0,17.0,17.0,17.0,17.0,17.0,0.0,163.0,57.0,42.0,,,,
cylinder,diameter,0.055,110,18,-18.0,18.0,18.0,18.0,0.0,18.0,18.0,18.0,18.0,18.0,18.0,18.0,0.0,162.0,58.0,43.0,,,,
cylinder,diameter,0.055,110,19,-19.0,19.0,19.0,19.0,0.0,19.0,19.0,19.0,19.0,19.0,19.0,19.0,0.0,161.0,59.0,44.0,,,,
cylinder,diameter,0.055,110,20,-20.0,20.0,20.0,20.0,0.0,20.0,20.0,20.0,20.0,20.0,20.0,20.0,0.0,160.0,60.0,45.0,,,,
cylinder,diameter,0.055,110,21,-21.0,21.0,21.0,21.0,0.0,21.0,21.0,21.0,21.0,21.0,21.0,21.0,0.0,159.0,61.0,46.0,,,,
cylinder,diameter,0.055,110,22,-22.0,22.0,22.0,22.0,0.0,22.0,22.0,22.0,22.0,22.0,22.0,22.0,0.0,158.0,62.0,47.0,,,,
cylinder,diameter,0.055,110,23,-23.0,23.0,23.0,23.0,0.0,23.0,23.0,23.0,23.0,23.0,23.0,23.0,0.0,157.0,63.0,48.0,,,,
cylinder,diameter,0.055,110,24,-24.0,24.0,24.0,24.0,0.0,24.0,24.0,24.0,24.0,24.0,24.0,24.0,0.0,156.0,64.0,49.0,,,,
cylinder,diameter,0.055,110,25,-25.0,25.0,25.0,25.0,0.0,25.0,25.0,25.0,25.0,25.0,25.0,25.0,0.0,155.0,65.0,50.0,,,,
cylinder,diameter,0.055,110,26,-26.0,26.0,26.0,26.0,0.0,26.0,26.0,26.0,26.0,26.0,26.0,26.0,0.0,154.0,66.0,51.0,,,,
cylinder,diameter,0.055,110,27,-27.0,27.0,27.0,27.0,0.0,27.0,27.0,27.0,27.0,27.0,27.0,27.0,0.0,153.0,67.0,52.0,,,,
cylinder,diameter,0.055,110,28,-28.0,28.0,28.0,28.0,0.0,28.0,28.0,28.0,28.0,28.0,28.0,28.0,0.0,152.0,68.0,53.0,,,,
cylinder,diameter,0.055,110,29,-29.0,29.0,29.0,29.0,0.0,29.0,29.0,29.0,29.0,29.0,29.0,29.0,0.0,151.0,69.0,54.0,,,,
cylinder,diameter,0.055,110,30,-30.0,30.0,30.0,30.0,0.0,30.0,30.0,30.0,30.0,30.0,30.0,30.0,0.0,150.0,70.0,55.0,,,,
cylinder,diameter,0.055,110,31,-31.0,31.0,31.0,31.0,0.0,31.0,31.0,31.0,31.0,31.0,31.0,31.0,0.0,149.0,71.0,56.0,,,,
cylinder,diameter,0.055,110,32,-32.0,32.0,32.0,32.0,0.0,32.0,32.0,32.0,32.0,32.0,32.0,32.0,0.0,148.0,72.0,57.0,,,,
cylinder,diameter,0.055,110,33,-33.0,33.0,33.0,33.0,0.0,33.0,33.0,33.0,33.0,33.0,33.0,33.0,0.0,147.0,73.0,58.0,,,,
cylinder,diameter,0.055,110,34,-34.0,34.0,34.0,34.0,0.0,34.0,34.0,34.0,34.0,34.0,34.0,34.0,0.0,146.0,74.0,59.0,,,,
cylinder,diameter,0.055,110,35,-35.0,35.0,35.0,35.0,0.0,35.0,35.0,35.0,35.0,35.0,35.0,35.0,0.0,145.0,75.0,60.0,,,,
cylinder,diameter,0.055,110,36,-36.0,36.0,36.0,36.0,0.0,36.0,36.0,36.0,36.0,36.0,36.0,36.0,0.0,144.0,76.0,61.0,,,,
cylinder,diameter,0.055,110,37,-37.0,37.0,37.0,37.0,0.0,37.0,37.0,37.0,37.0,37.0,37.0,37.0,0.0,143.0,77.0,62.0,,,,
cylinder,diameter,0.055,110,38,-38.0,38.0,38.0,38.0,0.0,38.0,38.0,38.0,38.0,38.0,38.0,38.0,0.0,142.0,78.0,63.0,,,,
cylinder,diameter,0.055,110,39,-39.0,39.0,39.0,39.0,0.0,39.0,39.0,39.0,39.0,39.0,39.0,39.0,0.0,141.0,79.0,64.0,,,,
cylinder,diameter,0.055,110,40,-40.0,40.0,40.0,40.0,0.0,40.0,40.0,40.0,40.0,40.0,40.0,40.0,0.0,140.0,80.0,65.0,,,,
cylinder,diameter,0.055,110,41,-41.0,41.0,41.0,41.0,0.0,41.0,41.0,41.0,41.0,41.0,41.0,41.0,0.0,139.0,81.0,66.0,,,,
cylinder,diameter,0.055,110,42,-42.0,42.0,42.0,42.0,0.0,42.0,42.0,42.0,42.0,42.0,42.0,42.0,0.0,138.0,82.0,67.0,,,,
cylinder,diameter,0.055,110,43,-43.0,43.0,43.0,43.0,0.0,43.0,43.0,43.0,43.0,43.0,43.0,43.0,0.0,137.0,83.0,68.0,,,,
cylinder,diameter,0.055,110,44,-44.0,44.0,44.0,44.0,0.0,44.0,44.0,44.0,44.0,44.0,44.0,44.0,0.0,136.0,84.0,69.0,,,,
cylinder,diameter,0.055,110,45,-45.0,45.0,45.0,45.0,0.0,45.0,45.0,45.0,45.0,45.0,45.0,45.0,0.0,135.0,85.0,70.0,,,,
cylinder,diameter,0.055,110,46,-46.0,46.0,46.0,46.0,0.0,46.0,46.0,46.0,46.0,46.0,46.0,46.0,0.0,134.0,86.0,71.0,,,,
cylinder,diameter,0.055,110,47,-47.0,47.0,47.0,47.0,0.0,47.0,47.0,47.0,47.0,47.0,47.0,47.0,0.0,133.0,87.0,72.0,,,,
cylinder,diameter,0.055,110,48,-48.0,48.0,48.0,48.0,0.0,48.0,48.0,48.0,48.0,48.0,48.0,48.0,0.0,132.0,88.0,73.0,,,,
cylinder,diameter,0.055,110,49,-49.0,49.0,49.0,49.0,0.0,49.0,49.0,49.0,49.0,49.0,49.0,49.0,0.0,131.0,89.0,74.0,,,,
cylinder,diameter,0.055,110,50,-50.0,50.0,50.0,50.0,0.0,50.0,50.0,50.0,50.0,50.0,50.0,50.0,0.0,130.0,90.0,75.0,,,,
cylinder,diameter,0.055,110,51,-51.0,51.0,51.0,51.0,0.0,51.0,51.0,51.0,51.0,51.0,51.0,51.0,0.0,129.0,91.0,76.0,,,,
cylinder,diameter,0.055,110,52,-52.0,52.0,52.0,52.0,0.0,52.0,52.0,52.0,52.0,52.0,52.0,52.0,0.0,128.0,92.0,77.0,,,,
cylinder,diameter,0.055,110,53,-53.0,53.0,53.0,53.0,0.0,53.0,53.0,53.0,53.0,53.0,53.0,53.0,0.0,127.0,93.0,78.0,,,,
cylinder,diameter,0.055,110,54,-54.0,54.0,54.0,54.0,0.0,54.0,54.0,54.0,54.0,54.0,54.0,54.0,0.0,126.0,94.0,79.0,,,,
cylinder,diameter,0.055,110,55,-55.0,55.0,55.0,55.0,0.0,55.0,55.0,55.0,55.0,55.0,55.0,55.0,0.0,125.0,95.0,80.0,,,,
cylinder,diameter,0.055,110,56,-56.0,56.0,56.0,56.0,0.0,56.0,56.0,56.0,56.0,56.0,56.0,56.0,0.0,124.0,96.0,80.0,,,,
cylinder,diameter,0.055,110,57,-57.0,57.0,57.0,57.0,0.0,57.0,57.0,57.0,57.0,57.0,57.0,57.0,0.0,123.0,97.0,80.0,,,,
cylinder,diameter,0.055,110,58,-58.0,58.0,58.0,58.0,0.0,57.70703125,57.70703125,57.70703125,58.0,58.0,58.0,58.0,0.0,122.0,98.0,80.0,,contact,,
cylinder,diameter,0.055,110,59,-59.0,59.0,59.0,59.0,0.0,57.70703125,57.70703125,57.70703125,59.0,59.0,59.0,59.0,0.0,121.0,99.0,80.0,,contact,,
cylinder,diameter,0.055,110,60,-60.0,60.0,60.0,60.0,0.0,57.70703125,57.70703125,57.70703125,60.0,60.0,60.0,60.0,0.0,120.0,100.0,80.0,,contact,,
cylinder,diameter,0.055,110,61,-61.0,61.0,61.0,60.0,0.0,57.70703125,57.70703125,57.70703125,61.0,61.0,61.0,60.0,0.0,119.0,101.0,80.0,,contact,,
cylinder,diameter,0.055,110,62,-62.0,62.0,62.0,60.0,0.0,57.70703125,57.70703125,57.70703125,62.0,62.0,62.0,60.0,0.0,118.0,102.0,80.0,,contact,,
cylinder,diameter,0.055,110,63,-63.0,63.0,63.0,60.0,0.0,57.70703125,57.70703125,57.70703125,63.0,63.0,63.0,60.0,0.0,117.1640625,102.8359375,80.0,,contact,,contact
cylinder,diameter,0.055,110,64,-64.0,64.0,64.0,60.0,0.0,57.70703125,57.70703125,57.70703125,64.0,64.0,64.0,60.0,0.0,117.1640625,102.8359375,80.0,,contact,,contact
cylinder,diameter,0.055,110,65,-65.0,65.0,65.0,60.0,0.0,57.70703125,57.70703125,57.70703125,65.0,65.0,65.0,60.0,0.0,117.1640625,102.8359375,80.0,,contact,,contact
cylinder,diameter,0.055,110,66,-66.0,66.0,66.0,60.0,0.0,57.70703125,57.70703125,57.70703125,66.0,66.0,66.0,60.0,0.0,117.1640625,102.8359375,80.0,,contact,,contact
cylinder,diameter,0.055,110,67,-67.0,67.0,67.0,60.0,0.0,57.70703125,57.70703125,57.70703125,67.0,67.0,67.0,60.0,0.0,117.1640625,102.8359375,80.0,,contact,,contact
cylinder,diameter,0.055,110,68,-68.0,68.0,68.0,60.0,0.0,57.70703125,57.70703125,57.70703125,68.0,68.0,68.0,60.0,0.0,117.1640625,102.8359375,80.0,,contact,,contact
cylinder,diameter,0.055,110,69,-69.0,69.0,69.0,60.0,0.0,57.70703125,57.70703125,57.70703125,69.0,69.0,69.0,60.0,0.0,117.1640625,102.8359375,80.0,,contact,,contact
cylinder,diameter,0.055,110,70,-70.0,70.0,70.0,60.0,0.0,57.70703125,57.70703125,57.70703125,70.0,70.0,70.0,60.0,0.0,117.1640625,102.8359375,80.0,,contact,,contact
cylinder,diameter,0.055,110,71,-71.0,71.0,71.0,60.0,0.0,57.70703125,57.70703125,57.70703125,71.0,71.0,71.0,60.0,0.0,117.1640625,102.8359375,80.0,,contact,,contact
cylinder,diameter,0.055,110,72,-72.0,72.0,72.0,60.0,0.0,57.70703125,57.70703125,57.70703125,72.0,72.0,72.0,60.0,0.0,117.1640625,102.8359375,80.0,,contact,,contact
cylinder,diameter,0.055,110,73,-73.0,73.0,73.0,60.0,0.0,57.70703125,57.70703125,57.70703125,73.0,73.0,73.0,60.0,0.0,117.1640625,102.8359375,80.0,,contact,,contact
cylinder,diameter,0.055,110,74,-74.0,74.0,74.0,60.0,0.0,57.70703125,57.70703125,57.70703125,74.0,74.0,74.0,60.0,0.0,117.1640625,102.8359375,80.0,,contact,,contact
cylinder,diameter,0.055,110,75,-75.0,75.0,75.0,60.0,0.0,57.70703125,57.70703125,57.70703125,75.0,75.0,75.0,60.0,0.0,117.1640625,102.8359375,80.0,,contact,,contact
cylinder,diameter,0.055,110,76,-75.0,75.06640625,75.06640625,60.0,0.0,57.70703125,57.70703125,57.70703125,75.0,75.046875,75.046875,60.0,0.0,117.1640625,102.8359375,80.0,contact,contact,contact,contact
cylinder,diameter,0.0525,105,0,0.0,0.0,0.0,0.0,0.0,0.0,0.0,0.0,0.0,0.0,0.0,0.0,0.0,180.0,40.0,25.0,,,,
cylinder,diameter,0.0525,105,1,-1.0,1.0,1.0,1.0,0.0,1.0,1.0,1.0,1.0,1.0,1.0,1.0,0.0,179.0,41.0,26.0,,,,
cylinder,diameter,0.0525,105,2,-2.0,2.0,2.0,2.0,0.0,2.0,2.0,2.0,2.0,2.0,2.0,2.0,0.0,178.0,42.0,27.0,,,,
cylinder,diameter,0.0525,105,3,-3.0,3.0,3.0,3.0,0.0,3.0,3.0,3.0,3.0,3.0,3.0,3.0,0.0,177.0,43.0,28.0,,,,
cylinder,diameter,0.0525,105,4,-4.0,4.0,4.0,4.0,0.0,4.0,4.0,4.0,4.0,4.0,4.0,4.0,0.0,176.0,44.0,29.0,,,,
cylinder,diameter,0.0525,105,5,-5.0,5.0,5.0,5.0,0.0,5.0,5.0,5.0,5.0,5.0,5.0,5.0,0.0,175.0,45.0,30.0,,,,
cylinder,diameter,0.0525,105,6,-6.0,6.0,6.0,6.0,0.0,6.0,6.0,6.0,6.0,6.0,6.0,6.0,0.0,174.0,46.0,31.0,,,,
cylinder,diameter,0.0525,105,7,-7.0,7.0,7.0,7.0,0.0,7.0,7.0,7.0,7.0,7.0,7.0,7.0,0.0,173.0,47.0,32.0,,,,
cylinder,diameter,0.0525,105,8,-8.0,8.0,8.0,8.0,0.0,8.0,8.0,8.0,8.0,8.0,8.0,8.0,0.0,172.0,48.0,33.0,,,,
cylinder,diameter,0.0525,105,9,-9.0,9.0,9.0,9.0,0.0,9.0,9.0,9.0,9.0,9.0,9.0,9.0,0.0,171.0,49.0,34.0,,,,
cylinder,diameter,0.0525,105,10,-10.0,10.0,10.0,10.0,0.0,10.0,10.0,10.0,10.0,10.0,10.0,10.0,0.0,170.0,50.0,35.0,,,,
cylinder,diameter,0.0525,105,11,-11.0,11.0,11.0,11.0,0.0,11.0,11.0,11.0,11.0,11.0,11.0,11.0,0.0,169.0,51.0,36.0,,,,
cylinder,diameter,0.0525,105,12,-12.0,12.0,12.0,12.0,0.0,12.0,12.0,12.0,12.0,12.0,12.0,12.0,0.0,168.0,52.0,37.0,,,,
cylinder,diameter,0.0525,105,13,-13.0,13.0,13.0,13.0,0.0,13.0,13.0,13.0,13.0,13.0,13.0,13.0,0.0,167.0,53.0,38.0,,,,
cylinder,diameter,0.0525,105,14,-14.0,14.0,14.0,14.0,0.0,14.0,14.0,14.0,14.0,14.0,14.0,14.0,0.0,166.0,54.0,39.0,,,,
cylinder,diameter,0.0525,105,15,-15.0,15.0,15.0,15.0,0.0,15.0,15.0,15.0,15.0,15.0,15.0,15.0,0.0,165.0,55.0,40.0,,,,
cylinder,diameter,0.0525,105,16,-16.0,16.0,16.0,16.0,0.0,16.0,16.0,16.0,16.0,16.0,16.0,16.0,0.0,164.0,56.0,41.0,,,,
cylinder,diameter,0.0525,105,17,-17.0,17.0,17.0,17.0,0.0,17.0,17.0,17.0,17.0,17.0,17.0,17.0,0.0,163.0,57.0,42.0,,,,
cylinder,diameter,0.0525,105,18,-18.0,18.0,18.0,18.0,0.0,18.0,18.0,18.0,18.0,18.0,18.0,18.0,0.0,162.0,58.0,43.0,,,,
cylinder,diameter,0.0525,105,19,-19.0,19.0,19.0,19.0,0.0,19.0,19.0,19.0,19.0,19.0,19.0,19.0,0.0,161.0,59.0,44.0,,,,
cylinder,diameter,0.0525,105,20,-20.0,20.0,20.0,20.0,0.0,20.0,20.0,20.0,20.0,20.0,20.0,20.0,0.0,160.0,60.0,45.0,,,,
cylinder,diameter,0.0525,105,21,-21.0,21.0,21.0,21.0,0.0,21.0,21.0,21.0,21.0,21.0,21.0,21.0,0.0,159.0,61.0,46.0,,,,
cylinder,diameter,0.0525,105,22,-22.0,22.0,22.0,22.0,0.0,22.0,22.0,22.0,22.0,22.0,22.0,22.0,0.0,158.0,62.0,47.0,,,,
cylinder,diameter,0.0525,105,23,-23.0,23.0,23.0,23.0,0.0,23.0,23.0,23.0,23.0,23.0,23.0,23.0,0.0,157.0,63.0,48.0,,,,
cylinder,diameter,0.0525,105,24,-24.0,24.0,24.0,24.0,0.0,24.0,24.0,24.0,24.0,24.0,24.0,24.0,0.0,156.0,64.0,49.0,,,,
cylinder,diameter,0.0525,105,25,-25.0,25.0,25.0,25.0,0.0,25.0,25.0,25.0,25.0,25.0,25.0,25.0,0.0,155.0,65.0,50.0,,,,
cylinder,diameter,0.0525,105,26,-26.0,26.0,26.0,26.0,0.0,26.0,26.0,26.0,26.0,26.0,26.0,26.0,0.0,154.0,66.0,51.0,,,,
cylinder,diameter,0.0525,105,27,-27.0,27.0,27.0,27.0,0.0,27.0,27.0,27.0,27.0,27.0,27.0,27.0,0.0,153.0,67.0,52.0,,,,
cylinder,diameter,0.0525,105,28,-28.0,28.0,28.0,28.0,0.0,28.0,28.0,28.0,28.0,28.0,28.0,28.0,0.0,152.0,68.0,53.0,,,,
cylinder,diameter,0.0525,105,29,-29.0,29.0,29.0,29.0,0.0,29.0,29.0,29.0,29.0,29.0,29.0,29.0,0.0,151.0,69.0,54.0,,,,
cylinder,diameter,0.0525,105,30,-30.0,30.0,30.0,30.0,0.0,30.0,30.0,30.0,30.0,30.0,30.0,30.0,0.0,150.0,70.0,55.0,,,,
cylinder,diameter,0.0525,105,31,-31.0,31.0,31.0,31.0,0.0,31.0,31.0,31.0,31.0,31.0,31.0,31.0,0.0,149.0,71.0,56.0,,,,
cylinder,diameter,0.0525,105,32,-32.0,32.0,32.0,32.0,0.0,32.0,32.0,32.0,32.0,32.0,32.0,32.0,0.0,148.0,72.0,57.0,,,,
cylinder,diameter,0.0525,105,33,-33.0,33.0,33.0,33.0,0.0,33.0,33.0,33.0,33.0,33.0,33.0,33.0,0.0,147.0,73.0,58.0,,,,
cylinder,diameter,0.0525,105,34,-34.0,34.0,34.0,34.0,0.0,34.0,34.0,34.0,34.0,34.0,34.0,34.0,0.0,146.0,74.0,59.0,,,,
cylinder,diameter,0.0525,105,35,-35.0,35.0,35.0,35.0,0.0,35.0,35.0,35.0,35.0,35.0,35.0,35.0,0.0,145.0,75.0,60.0,,,,
cylinder,diameter,0.0525,105,36,-36.0,36.0,36.0,36.0,0.0,36.0,36.0,36.0,36.0,36.0,36.0,36.0,0.0,144.0,76.0,61.0,,,,
cylinder,diameter,0.0525,105,37,-37.0,37.0,37.0,37.0,0.0,37.0,37.0,37.0,37.0,37.0,37.0,37.0,0.0,143.0,77.0,62.0,,,,
cylinder,diameter,0.0525,105,38,-38.0,38.0,38.0,38.0,0.0,38.0,38.0,38.0,38.0,38.0,38.0,38.0,0.0,142.0,78.0,63.0,,,,
cylinder,diameter,0.0525,105,39,-39.0,39.0,39.0,39.0,0.0,39.0,39.0,39.0,39.0,39.0,39.0,39.0,0.0,141.0,79.0,64.0,,,,
cylinder,diameter,0.0525,105,40,-40.0,40.0,40.0,40.0,0.0,40.0,40.0,40.0,40.0,40.0,40.0,40.0,0.0,140.0,80.0,65.0,,,,
cylinder,diameter,0.0525,105,41,-41.0,41.0,41.0,41.0,0.0,41.0,41.0,41.0,41.0,41.0,41.0,41.0,0.0,139.0,81.0,66.0,,,,
cylinder,diameter,0.0525,105,42,-42.0,42.0,42.0,42.0,0.0,42.0,42.0,42.0,42.0,42.0,42.0,42.0,0.0,138.0,82.0,67.0,,,,
cylinder,diameter,0.0525,105,43,-43.0,43.0,43.0,43.0,0.0,43.0,43.0,43.0,43.0,43.0,43.0,43.0,0.0,137.0,83.0,68.0,,,,
cylinder,diameter,0.0525,105,44,-44.0,44.0,44.0,44.0,0.0,44.0,44.0,44.0,44.0,44.0,44.0,44.0,0.0,136.0,84.0,69.0,,,,
cylinder,diameter,0.0525,105,45,-45.0,45.0,45.0,45.0,0.0,45.0,45.0,45.0,45.0,45.0,45.0,45.0,0.0,135.0,85.0,70.0,,,,
cylinder,diameter,0.0525,105,46,-46.0,46.0,46.0,46.0,0.0,46.0,46.0,46.0,46.0,46.0,46.0,46.0,0.0,134.0,86.0,71.0,,,,
cylinder,diameter,0.0525,105,47,-47.0,47.0,47.0,47.0,0.0,47.0,47.0,47.0,47.0,47.0,47.0,47.0,0.0,133.0,87.0,72.0,,,,
cylinder,diameter,0.0525,105,48,-48.0,48.0,48.0,48.0,0.0,48.0,48.0,48.0,48.0,48.0,48.0,48.0,0.0,132.0,88.0,73.0,,,,
cylinder,diameter,0.0525,105,49,-49.0,49.0,49.0,49.0,0.0,49.0,49.0,49.0,49.0,49.0,49.0,49.0,0.0,131.0,89.0,74.0,,,,
cylinder,diameter,0.0525,105,50,-50.0,50.0,50.0,50.0,0.0,50.0,50.0,50.0,50.0,50.0,50.0,50.0,0.0,130.0,90.0,75.0,,,,
cylinder,diameter,0.0525,105,51,-51.0,51.0,51.0,51.0,0.0,51.0,51.0,51.0,51.0,51.0,51.0,51.0,0.0,129.0,91.0,76.0,,,,
cylinder,diameter,0.0525,105,52,-52.0,52.0,52.0,52.0,0.0,52.0,52.0,52.0,52.0,52.0,52.0,52.0,0.0,128.0,92.0,77.0,,,,
cylinder,diameter,0.0525,105,53,-53.0,53.0,53.0,53.0,0.0,53.0,53.0,53.0,53.0,53.0,53.0,53.0,0.0,127.0,93.0,78.0,,,,
cylinder,diameter,0.0525,105,54,-54.0,54.0,54.0,54.0,0.0,54.0,54.0,54.0,54.0,54.0,54.0,54.0,0.0,126.0,94.0,79.0,,,,
cylinder,diameter,0.0525,105,55,-55.0,55.0,55.0,55.0,0.0,55.0,55.0,55.0,55.0,55.0,55.0,55.0,0.0,125.0,95.0,80.0,,,,
cylinder,diameter,0.0525,105,56,-56.0,56.0,56.0,56.0,0.0,56.0,56.0,56.0,56.0,56.0,56.0,56.0,0.0,124.0,96.0,80.0,,,,
cylinder,diameter,0.0525,105,57,-57.0,57.0,57.0,57.0,0.0,57.0,57.0,57.0,57.0,57.0,57.0,57.0,0.0,123.0,97.0,80.0,,,,
cylinder,diameter,0.0525,105,58,-58.0,58.0,58.0,58.0,0.0,58.0,58.0,58.0,58.0,58.0,58.0,58.0,0.0,122.0,98.0,80.0,,,,
cylinder,diameter,0.0525,105,59,-59.0,59.0,59.0,59.0,0.0,58.91015625,58.91015625,58.91015625,59.0,59.0,59.0,59.0,0.0,121.0,99.0,80.0,,contact,,
cylinder,diameter,0.0525,105,60,-60.0,60.0,60.0,60.0,0.0,58.91015625,58.91015625,58.91015625,60.0,60.0,60.0,60.0,0.0,120.0,100.0,80.0,,contact,,
cylinder,diameter,0.0525,105,61,-61.0,61.0,61.0,60.0,0.0,58.91015625,58.91015625,58.91015625,61.0,61.0,61.0,60.0,0.0,119.0,101.0,80.0,,contact,,
cylinder,diameter,0.0525,105,62,-62.0,62.0,62.0,60.0,0.0,58.91015625,58.91015625,58.91015625,62.0,62.0,62.0,60.0,0.0,118.0,102.0,80.0,,contact,,
cylinder,diameter,0.0525,105,63,-63.0,63.0,63.0,60.0,0.0,58.91015625,58.91015625,58.91015625,63.0,63.0,63.0,60.0,0.0,117.0,103.0,80.0,,contact,,
cylinder,diameter,0.0525,105,64,-64.0,64.0,64.0,60.0,0.0,58.91015625,58.91015625,58.91015625,64.0,64.0,64.0,60.0,0.0,116.11328125,103.88671875,80.0,,contact,,contact
cylinder,diameter,0.0525,105,65,-65.0,65.0,65.0,60.0,0.0,58.91015625,58.91015625,58.91015625,65.0,65.0,65.0,60.0,0.0,116.11328125,103.88671875,80.0,,contact,,contact
cylinder,diameter,0.0525,105,66,-66.0,66.0,66.0,60.0,0.0,58.91015625,58.91015625,58.91015625,66.0,66.0,66.0,60.0,0.0,116.11328125,103.88671875,80.0,,contact,,contact
cylinder,diameter,0.0525,105,67,-67.0,67.0,67.0,60.0,0.0,58.91015625,58.91015625,58.91015625,67.0,67.0,67.0,60.0,0.0,116.11328125,103.88671875,80.0,,contact,,contact
cylinder,diameter,0.0525,105,68,-68.0,68.0,68.0,60.0,0.0,58.91015625,58.91015625,58.91015625,68.0,68.0,68.0,60.0,0.0,116.11328125,103.88671875,80.0,,contact,,contact
cylinder,diameter,0.0525,105,69,-69.0,69.0,69.0,60.0,0.0,58.91015625,58.91015625,58.91015625,69.0,69.0,69.0,60.0,0.0,116.11328125,103.88671875,80.0,,contact,,contact
cylinder,diameter,0.0525,105,70,-70.0,70.0,70.0,60.0,0.0,58.91015625,58.91015625,58.91015625,70.0,70.0,70.0,60.0,0.0,116.11328125,103.88671875,80.0,,contact,,contact
cylinder,diameter,0.0525,105,71,-71.0,71.0,71.0,60.0,0.0,58.91015625,58.91015625,58.91015625,71.0,71.0,71.0,60.0,0.0,116.11328125,103.88671875,80.0,,contact,,contact
cylinder,diameter,0.0525,105,72,-72.0,72.0,72.0,60.0,0.0,58.91015625,58.91015625,58.91015625,72.0,72.0,72.0,60.0,0.0,116.11328125,103.88671875,80.0,,contact,,contact
cylinder,diameter,0.0525,105,73,-73.0,73.0,73.0,60.0,0.0,58.91015625,58.91015625,58.91015625,73.0,73.0,73.0,60.0,0.0,116.11328125,103.88671875,80.0,,contact,,contact
cylinder,diameter,0.0525,105,74,-74.0,74.0,74.0,60.0,0.0,58.91015625,58.91015625,58.91015625,74.0,74.0,74.0,60.0,0.0,116.11328125,103.88671875,80.0,,contact,,contact
cylinder,diameter,0.0525,105,75,-75.0,75.0,75.0,60.0,0.0,58.91015625,58.91015625,58.91015625,75.0,75.0,75.0,60.0,0.0,116.11328125,103.88671875,80.0,,contact,,contact
cylinder,diameter,0.0525,105,76,-75.0,76.0,76.0,60.0,0.0,58.91015625,58.91015625,58.91015625,75.0,76.0,76.0,60.0,0.0,116.11328125,103.88671875,80.0,,contact,,contact
cylinder,diameter,0.0525,105,77,-75.0,76.24609375,76.24609375,60.0,0.0,58.91015625,58.91015625,58.91015625,75.0,76.2265625,76.2265625,60.0,0.0,116.11328125,103.88671875,80.0,contact,contact,contact,contact
cylinder,diameter,0.05,100,0,0.0,0.0,0.0,0.0,0.0,0.0,0.0,0.0,0.0,0.0,0.0,0.0,0.0,180.0,40.0,25.0,,,,
cylinder,diameter,0.05,100,1,-1.0,1.0,1.0,1.0,0.0,1.0,1.0,1.0,1.0,1.0,1.0,1.0,0.0,179.0,41.0,26.0,,,,
cylinder,diameter,0.05,100,2,-2.0,2.0,2.0,2.0,0.0,2.0,2.0,2.0,2.0,2.0,2.0,2.0,0.0,178.0,42.0,27.0,,,,
cylinder,diameter,0.05,100,3,-3.0,3.0,3.0,3.0,0.0,3.0,3.0,3.0,3.0,3.0,3.0,3.0,0.0,177.0,43.0,28.0,,,,
cylinder,diameter,0.05,100,4,-4.0,4.0,4.0,4.0,0.0,4.0,4.0,4.0,4.0,4.0,4.0,4.0,0.0,176.0,44.0,29.0,,,,
cylinder,diameter,0.05,100,5,-5.0,5.0,5.0,5.0,0.0,5.0,5.0,5.0,5.0,5.0,5.0,5.0,0.0,175.0,45.0,30.0,,,,
cylinder,diameter,0.05,100,6,-6.0,6.0,6.0,6.0,0.0,6.0,6.0,6.0,6.0,6.0,6.0,6.0,0.0,174.0,46.0,31.0,,,,
cylinder,diameter,0.05,100,7,-7.0,7.0,7.0,7.0,0.0,7.0,7.0,7.0,7.0,7.0,7.0,7.0,0.0,173.0,47.0,32.0,,,,
cylinder,diameter,0.05,100,8,-8.0,8.0,8.0,8.0,0.0,8.0,8.0,8.0,8.0,8.0,8.0,8.0,0.0,172.0,48.0,33.0,,,,
cylinder,diameter,0.05,100,9,-9.0,9.0,9.0,9.0,0.0,9.0,9.0,9.0,9.0,9.0,9.0,9.0,0.0,171.0,49.0,34.0,,,,
cylinder,diameter,0.05,100,10,-10.0,10.0,10.0,10.0,0.0,10.0,10.0,10.0,10.0,10.0,10.0,10.0,0.0,170.0,50.0,35.0,,,,
cylinder,diameter,0.05,100,11,-11.0,11.0,11.0,11.0,0.0,11.0,11.0,11.0,11.0,11.0,11.0,11.0,0.0,169.0,51.0,36.0,,,,
cylinder,diameter,0.05,100,12,-12.0,12.0,12.0,12.0,0.0,12.0,12.0,12.0,12.0,12.0,12.0,12.0,0.0,168.0,52.0,37.0,,,,
cylinder,diameter,0.05,100,13,-13.0,13.0,13.0,13.0,0.0,13.0,13.0,13.0,13.0,13.0,13.0,13.0,0.0,167.0,53.0,38.0,,,,
cylinder,diameter,0.05,100,14,-14.0,14.0,14.0,14.0,0.0,14.0,14.0,14.0,14.0,14.0,14.0,14.0,0.0,166.0,54.0,39.0,,,,
cylinder,diameter,0.05,100,15,-15.0,15.0,15.0,15.0,0.0,15.0,15.0,15.0,15.0,15.0,15.0,15.0,0.0,165.0,55.0,40.0,,,,
cylinder,diameter,0.05,100,16,-16.0,16.0,16.0,16.0,0.0,16.0,16.0,16.0,16.0,16.0,16.0,16.0,0.0,164.0,56.0,41.0,,,,
cylinder,diameter,0.05,100,17,-17.0,17.0,17.0,17.0,0.0,17.0,17.0,17.0,17.0,17.0,17.0,17.0,0.0,163.0,57.0,42.0,,,,
cylinder,diameter,0.05,100,18,-18.0,18.0,18.0,18.0,0.0,18.0,18.0,18.0,18.0,18.0,18.0,18.0,0.0,162.0,58.0,43.0,,,,
cylinder,diameter,0.05,100,19,-19.0,19.0,19.0,19.0,0.0,19.0,19.0,19.0,19.0,19.0,19.0,19.0,0.0,161.0,59.0,44.0,,,,
cylinder,diameter,0.05,100,20,-20.0,20.0,20.0,20.0,0.0,20.0,20.0,20.0,20.0,20.0,20.0,20.0,0.0,160.0,60.0,45.0,,,,
cylinder,diameter,0.05,100,21,-21.0,21.0,21.0,21.0,0.0,21.0,21.0,21.0,21.0,21.0,21.0,21.0,0.0,159.0,61.0,46.0,,,,
cylinder,diameter,0.05,100,22,-22.0,22.0,22.0,22.0,0.0,22.0,22.0,22.0,22.0,22.0,22.0,22.0,0.0,158.0,62.0,47.0,,,,
cylinder,diameter,0.05,100,23,-23.0,23.0,23.0,23.0,0.0,23.0,23.0,23.0,23.0,23.0,23.0,23.0,0.0,157.0,63.0,48.0,,,,
cylinder,diameter,0.05,100,24,-24.0,24.0,24.0,24.0,0.0,24.0,24.0,24.0,24.0,24.0,24.0,24.0,0.0,156.0,64.0,49.0,,,,
cylinder,diameter,0.05,100,25,-25.0,25.0,25.0,25.0,0.0,25.0,25.0,25.0,25.0,25.0,25.0,25.0,0.0,155.0,65.0,50.0,,,,
cylinder,diameter,0.05,100,26,-26.0,26.0,26.0,26.0,0.0,26.0,26.0,26.0,26.0,26.0,26.0,26.0,0.0,154.0,66.0,51.0,,,,
cylinder,diameter,0.05,100,27,-27.0,27.0,27.0,27.0,0.0,27.0,27.0,27.0,27.0,27.0,27.0,27.0,0.0,153.0,67.0,52.0,,,,
cylinder,diameter,0.05,100,28,-28.0,28.0,28.0,28.0,0.0,28.0,28.0,28.0,28.0,28.0,28.0,28.0,0.0,152.0,68.0,53.0,,,,
cylinder,diameter,0.05,100,29,-29.0,29.0,29.0,29.0,0.0,29.0,29.0,29.0,29.0,29.0,29.0,29.0,0.0,151.0,69.0,54.0,,,,
cylinder,diameter,0.05,100,30,-30.0,30.0,30.0,30.0,0.0,30.0,30.0,30.0,30.0,30.0,30.0,30.0,0.0,150.0,70.0,55.0,,,,
cylinder,diameter,0.05,100,31,-31.0,31.0,31.0,31.0,0.0,31.0,31.0,31.0,31.0,31.0,31.0,31.0,0.0,149.0,71.0,56.0,,,,
cylinder,diameter,0.05,100,32,-32.0,32.0,32.0,32.0,0.0,32.0,32.0,32.0,32.0,32.0,32.0,32.0,0.0,148.0,72.0,57.0,,,,
cylinder,diameter,0.05,100,33,-33.0,33.0,33.0,33.0,0.0,33.0,33.0,33.0,33.0,33.0,33.0,33.0,0.0,147.0,73.0,58.0,,,,
cylinder,diameter,0.05,100,34,-34.0,34.0,34.0,34.0,0.0,34.0,34.0,34.0,34.0,34.0,34.0,34.0,0.0,146.0,74.0,59.0,,,,
cylinder,diameter,0.05,100,35,-35.0,35.0,35.0,35.0,0.0,35.0,35.0,35.0,35.0,35.0,35.0,35.0,0.0,145.0,75.0,60.0,,,,
cylinder,diameter,0.05,100,36,-36.0,36.0,36.0,36.0,0.0,36.0,36.0,36.0,36.0,36.0,36.0,36.0,0.0,144.0,76.0,61.0,,,,
cylinder,diameter,0.05,100,37,-37.0,37.0,37.0,37.0,0.0,37.0,37.0,37.0,37.0,37.0,37.0,37.0,0.0,143.0,77.0,62.0,,,,
cylinder,diameter,0.05,100,38,-38.0,38.0,38.0,38.0,0.0,38.0,38.0,38.0,38.0,38.0,38.0,38.0,0.0,142.0,78.0,63.0,,,,
cylinder,diameter,0.05,100,39,-39.0,39.0,39.0,39.0,0.0,39.0,39.0,39.0,39.0,39.0,39.0,39.0,0.0,141.0,79.0,64.0,,,,
cylinder,diameter,0.05,100,40,-40.0,40.0,40.0,40.0,0.0,40.0,40.0,40.0,40.0,40.0,40.0,40.0,0.0,140.0,80.0,65.0,,,,
cylinder,diameter,0.05,100,41,-41.0,41.0,41.0,41.0,0.0,41.0,41.0,41.0,41.0,41.0,41.0,41.0,0.0,139.0,81.0,66.0,,,,
cylinder,diameter,0.05,100,42,-42.0,42.0,42.0,42.0,0.0,42.0,42.0,42.0,42.0,42.0,42.0,42.0,0.0,138.0,82.0,67.0,,,,
cylinder,diameter,0.05,100,43,-43.0,43.0,43.0,43.0,0.0,43.0,43.0,43.0,43.0,43.0,43.0,43.0,0.0,137.0,83.0,68.0,,,,
cylinder,diameter,0.05,100,44,-44.0,44.0,44.0,44.0,0.0,44.0,44.0,44.0,44.0,44.0,44.0,44.0,0.0,136.0,84.0,69.0,,,,
cylinder,diameter,0.05,100,45,-45.0,45.0,45.0,45.0,0.0,45.0,45.0,45.0,45.0,45.0,45.0,45.0,0.0,135.0,85.0,70.0,,,,
cylinder,diameter,0.05,100,46,-46.0,46.0,46.0,46.0,0.0,46.0,46.0,46.0,46.0,46.0,46.0,46.0,0.0,134.0,86.0,71.0,,,,
cylinder,diameter,0.05,100,47,-47.0,47.0,47.0,47.0,0.0,47.0,47.0,47.0,47.0,47.0,47.0,47.0,0.0,133.0,87.0,72.0,,,,
cylinder,diameter,0.05,100,48,-48.0,48.0,48.0,48.0,0.0,48.0,48.0,48.0,48.0,48.0,48.0,48.0,0.0,132.0,88.0,73.0,,,,
cylinder,diameter,0.05,100,49,-49.0,49.0,49.0,49.0,0.0,49.0,49.0,49.0,49.0,49.0,49.0,49.0,0.0,131.0,89.0,74.0,,,,
cylinder,diameter,0.05,100,50,-50.0,50.0,50.0,50.0,0.0,50.0,50.0,50.0,50.0,50.0,50.0,50.0,0.0,130.0,90.0,75.0,,,,
cylinder,diameter,0.05,100,51,-51.0,51.0,51.0,51.0,0.0,51.0,51.0,51.0,51.0,51.0,51.0,51.0,0.0,129.0,91.0,76.0,,,,
cylinder,diameter,0.05,100,52,-52.0,52.0,52.0,52.0,0.0,52.0,52.0,52.0,52.0,52.0,52.0,52.0,0.0,128.0,92.0,77.0,,,,
cylinder,diameter,0.05,100,53,-53.0,53.0,53.0,53.0,0.0,53.0,53.0,53.0,53.0,53.0,53.0,53.0,0.0,127.0,93.0,78.0,,,,
cylinder,diameter,0.05,100,54,-54.0,54.0,54.0,54.0,0.0,54.0,54.0,54.0,54.0,54.0,54.0,54.0,0.0,126.0,94.0,79.0,,,,
cylinder,diameter,0.05,100,55,-55.0,55.0,55.0,55.0,0.0,55.0,55.0,55.0,55.0,55.0,55.0,55.0,0.0,125.0,95.0,80.0,,,,
cylinder,diameter,0.05,100,56,-56.0,56.0,56.0,56.0,0.0,56.0,56.0,56.0,56.0,56.0,56.0,56.0,0.0,124.0,96.0,80.0,,,,
cylinder,diameter,0.05,100,57,-57.0,57.0,57.0,57.0,0.0,57.0,57.0,57.0,57.0,57.0,57.0,57.0,0.0,123.0,97.0,80.0,,,,
cylinder,diameter,0.05,100,58,-58.0,58.0,58.0,58.0,0.0,58.0,58.0,58.0,58.0,58.0,58.0,58.0,0.0,122.0,98.0,80.0,,,,
cylinder,diameter,0.05,100,59,-59.0,59.0,59.0,59.0,0.0,59.0,59.0,59.0,59.0,59.0,59.0,59.0,0.0,121.0,99.0,80.0,,,,
cylinder,diameter,0.05,100,60,-60.0,60.0,60.0,60.0,0.0,60.0,60.0,60.0,60.0,60.0,60.0,60.0,0.0,120.0,100.0,80.0,,,,
cylinder,diameter,0.05,100,61,-61.0,61.0,61.0,60.0,0.0,60.1015625,60.1015625,60.1015625,61.0,61.0,61.0,60.0,0.0,119.0,101.0,80.0,,contact,,
cylinder,diameter,0.05,100,62,-62.0,62.0,62.0,60.0,0.0,60.1015625,60.1015625,60.1015625,62.0,62.0,62.0,60.0,0.0,118.0,102.0,80.0,,contact,,
cylinder,diameter,0.05,100,63,-63.0,63.0,63.0,60.0,0.0,60.1015625,60.1015625,60.1015625,63.0,63.0,63.0,60.0,0.0,117.0,103.0,80.0,,contact,,
cylinder,diameter,0.05,100,64,-64.0,64.0,64.0,60.0,0.0,60.1015625,60.1015625,60.1015625,64.0,64.0,64.0,60.0,0.0,116.0,104.0,80.0,,contact,,
cylinder,diameter,0.05,100,65,-65.0,65.0,65.0,60.0,0.0,60.1015625,60.1015625,60.1015625,65.0,65.0,65.0,60.0,0.0,115.0234375,104.9765625,80.0,,contact,,contact
cylinder,diameter,0.05,100,66,-66.0,66.0,66.0,60.0,0.0,60.1015625,60.1015625,60.1015625,66.0,66.0,66.0,60.0,0.0,115.0234375,104.9765625,80.0,,contact,,contact
cylinder,diameter,0.05,100,67,-67.0,67.0,67.0,60.0,0.0,60.1015625,60.1015625,60.1015625,67.0,67.0,67.0,60.0,0.0,115.0234375,104.9765625,80.0,,contact,,contact
cylinder,diameter,0.05,100,68,-68.0,68.0,68.0,60.0,0.0,60.1015625,60.1015625,60.1015625,68.0,68.0,68.0,60.0,0.0,115.0234375,104.9765625,80.0,,contact,,contact
cylinder,diameter,0.05,100,69,-69.0,69.0,69.0,60.0,0.0,60.1015625,60.1015625,60.1015625,69.0,69.0,69.0,60.0,0.0,115.0234375,104.9765625,80.0,,contact,,contact
cylinder,diameter,0.05,100,70,-70.0,70.0,70.0,60.0,0.0,60.1015625,60.1015625,60.1015625,70.0,70.0,70.0,60.0,0.0,115.0234375,104.9765625,80.0,,contact,,contact
cylinder,diameter,0.05,100,71,-71.0,71.0,71.0,60.0,0.0,60.1015625,60.1015625,60.1015625,71.0,71.0,71.0,60.0,0.0,115.0234375,104.9765625,80.0,,contact,,contact
cylinder,diameter,0.05,100,72,-72.0,72.0,72.0,60.0,0.0,60.1015625,60.1015625,60.1015625,72.0,72.0,72.0,60.0,0.0,115.0234375,104.9765625,80.0,,contact,,contact
cylinder,diameter,0.05,100,73,-73.0,73.0,73.0,60.0,0.0,60.1015625,60.1015625,60.1015625,73.0,73.0,73.0,60.0,0.0,115.0234375,104.9765625,80.0,,contact,,contact
cylinder,diameter,0.05,100,74,-74.0,74.0,74.0,60.0,0.0,60.1015625,60.1015625,60.1015625,74.0,74.0,74.0,60.0,0.0,115.0234375,104.9765625,80.0,,contact,,contact
cylinder,diameter,0.05,100,75,-75.0,75.0,75.0,60.0,0.0,60.1015625,60.1015625,60.1015625,75.0,75.0,75.0,60.0,0.0,115.0234375,104.9765625,80.0,,contact,,contact
cylinder,diameter,0.05,100,76,-75.0,76.0,76.0,60.0,0.0,60.1015625,60.1015625,60.1015625,75.0,76.0,76.0,60.0,0.0,115.0234375,104.9765625,80.0,,contact,,contact
cylinder,diameter,0.05,100,77,-75.0,77.0,77.0,60.0,0.0,60.1015625,60.1015625,60.1015625,75.0,77.0,77.0,60.0,0.0,115.0234375,104.9765625,80.0,,contact,,contact
cylinder,diameter,0.05,100,78,-75.0,77.44140625,77.44140625,60.0,0.0,60.1015625,60.1015625,60.1015625,75.0,77.421875,77.421875,60.0,0.0,115.0234375,104.9765625,80.0,contact,contact,contact,contact
cylinder,diameter,0.0475,95,0,0.0,0.0,0.0,0.0,0.0,0.0,0.0,0.0,0.0,0.0,0.0,0.0,0.0,180.0,40.0,25.0,,,,
cylinder,diameter,0.0475,95,1,-1.0,1.0,1.0,1.0,0.0,1.0,1.0,1.0,1.0,1.0,1.0,1.0,0.0,179.0,41.0,26.0,,,,
cylinder,diameter,0.0475,95,2,-2.0,2.0,2.0,2.0,0.0,2.0,2.0,2.0,2.0,2.0,2.0,2.0,0.0,178.0,42.0,27.0,,,,
cylinder,diameter,0.0475,95,3,-3.0,3.0,3.0,3.0,0.0,3.0,3.0,3.0,3.0,3.0,3.0,3.0,0.0,177.0,43.0,28.0,,,,
cylinder,diameter,0.0475,95,4,-4.0,4.0,4.0,4.0,0.0,4.0,4.0,4.0,4.0,4.0,4.0,4.0,0.0,176.0,44.0,29.0,,,,
cylinder,diameter,0.0475,95,5,-5.0,5.0,5.0,5.0,0.0,5.0,5.0,5.0,5.0,5.0,5.0,5.0,0.0,175.0,45.0,30.0,,,,
cylinder,diameter,0.0475,95,6,-6.0,6.0,6.0,6.0,0.0,6.0,6.0,6.0,6.0,6.0,6.0,6.0,0.0,174.0,46.0,31.0,,,,
cylinder,diameter,0.0475,95,7,-7.0,7.0,7.0,7.0,0.0,7.0,7.0,7.0,7.0,7.0,7.0,7.0,0.0,173.0,47.0,32.0,,,,
cylinder,diameter,0.0475,95,8,-8.0,8.0,8.0,8.0,0.0,8.0,8.0,8.0,8.0,8.0,8.0,8.0,0.0,172.0,48.0,33.0,,,,
cylinder,diameter,0.0475,95,9,-9.0,9.0,9.0,9.0,0.0,9.0,9.0,9.0,9.0,9.0,9.0,9.0,0.0,171.0,49.0,34.0,,,,
cylinder,diameter,0.0475,95,10,-10.0,10.0,10.0,10.0,0.0,10.0,10.0,10.0,10.0,10.0,10.0,10.0,0.0,170.0,50.0,35.0,,,,
cylinder,diameter,0.0475,95,11,-11.0,11.0,11.0,11.0,0.0,11.0,11.0,11.0,11.0,11.0,11.0,11.0,0.0,169.0,51.0,36.0,,,,
cylinder,diameter,0.0475,95,12,-12.0,12.0,12.0,12.0,0.0,12.0,12.0,12.0,12.0,12.0,12.0,12.0,0.0,168.0,52.0,37.0,,,,
cylinder,diameter,0.0475,95,13,-13.0,13.0,13.0,13.0,0.0,13.0,13.0,13.0,13.0,13.0,13.0,13.0,0.0,167.0,53.0,38.0,,,,
cylinder,diameter,0.0475,95,14,-14.0,14.0,14.0,14.0,0.0,14.0,14.0,14.0,14.0,14.0,14.0,14.0,0.0,166.0,54.0,39.0,,,,
cylinder,diameter,0.0475,95,15,-15.0,15.0,15.0,15.0,0.0,15.0,15.0,15.0,15.0,15.0,15.0,15.0,0.0,165.0,55.0,40.0,,,,
cylinder,diameter,0.0475,95,16,-16.0,16.0,16.0,16.0,0.0,16.0,16.0,16.0,16.0,16.0,16.0,16.0,0.0,164.0,56.0,41.0,,,,
cylinder,diameter,0.0475,95,17,-17.0,17.0,17.0,17.0,0.0,17.0,17.0,17.0,17.0,17.0,17.0,17.0,0.0,163.0,57.0,42.0,,,,
cylinder,diameter,0.0475,95,18,-18.0,18.0,18.0,18.0,0.0,18.0,18.0,18.0,18.0,18.0,18.0,18.0,0.0,162.0,58.0,43.0,,,,
cylinder,diameter,0.0475,95,19,-19.0,19.0,19.0,19.0,0.0,19.0,19.0,19.0,19.0,19.0,19.0,19.0,0.0,161.0,59.0,44.0,,,,
cylinder,diameter,0.0475,95,20,-20.0,20.0,20.0,20.0,0.0,20.0,20.0,20.0,20.0,20.0,20.0,20.0,0.0,160.0,60.0,45.0,,,,
cylinder,diameter,0.0475,95,21,-21.0,21.0,21.0,21.0,0.0,21.0,21.0,21.0,21.0,21.0,21.0,21.0,0.0,159.0,61.0,46.0,,,,
cylinder,diameter,0.0475,95,22,-22.0,22.0,22.0,22.0,0.0,22.0,22.0,22.0,22.0,22.0,22.0,22.0,0.0,158.0,62.0,47.0,,,,
cylinder,diameter,0.0475,95,23,-23.0,23.0,23.0,23.0,0.0,23.0,23.0,23.0,23.0,23.0,23.0,23.0,0.0,157.0,63.0,48.0,,,,
cylinder,diameter,0.0475,95,24,-24.0,24.0,24.0,24.0,0.0,24.0,24.0,24.0,24.0,24.0,24.0,24.0,0.0,156.0,64.0,49.0,,,,
cylinder,diameter,0.0475,95,25,-25.0,25.0,25.0,25.0,0.0,25.0,25.0,25.0,25.0,25.0,25.0,25.0,0.0,155.0,65.0,50.0,,,,
cylinder,diameter,0.0475,95,26,-26.0,26.0,26.0,26.0,0.0,26.0,26.0,26.0,26.0,26.0,26.0,26.0,0.0,154.0,66.0,51.0,,,,
cylinder,diameter,0.0475,95,27,-27.0,27.0,27.0,27.0,0.0,27.0,27.0,27.0,27.0,27.0,27.0,27.0,0.0,153.0,67.0,52.0,,,,
cylinder,diameter,0.0475,95,28,-28.0,28.0,28.0,28.0,0.0,28.0,28.0,28.0,28.0,28.0,28.0,28.0,0.0,152.0,68.0,53.0,,,,
cylinder,diameter,0.0475,95,29,-29.0,29.0,29.0,29.0,0.0,29.0,29.0,29.0,29.0,29.0,29.0,29.0,0.0,151.0,69.0,54.0,,,,
cylinder,diameter,0.0475,95,30,-30.0,30.0,30.0,30.0,0.0,30.0,30.0,30.0,30.0,30.0,30.0,30.0,0.0,150.0,70.0,55.0,,,,
cylinder,diameter,0.0475,95,31,-31.0,31.0,31.0,31.0,0.0,31.0,31.0,31.0,31.0,31.0,31.0,31.0,0.0,149.0,71.0,56.0,,,,
cylinder,diameter,0.0475,95,32,-32.0,32.0,32.0,32.0,0.0,32.0,32.0,32.0,32.0,32.0,32.0,32.0,0.0,148.0,72.0,57.0,,,,
cylinder,diameter,0.0475,95,33,-33.0,33.0,33.0,33.0,0.0,33.0,33.0,33.0,33.0,33.0,33.0,33.0,0.0,147.0,73.0,58.0,,,,
cylinder,diameter,0.0475,95,34,-34.0,34.0,34.0,34.0,0.0,34.0,34.0,34.0,34.0,34.0,34.0,34.0,0.0,146.0,74.0,59.0,,,,
cylinder,diameter,0.0475,95,35,-35.0,35.0,35.0,35.0,0.0,35.0,35.0,35.0,35.0,35.0,35.0,35.0,0.0,145.0,75.0,60.0,,,,
cylinder,diameter,0.0475,95,36,-36.0,36.0,36.0,36.0,0.0,36.0,36.0,36.0,36.0,36.0,36.0,36.0,0.0,144.0,76.0,61.0,,,,
cylinder,diameter,0.0475,95,37,-37.0,37.0,37.0,37.0,0.0,37.0,37.0,37.0,37.0,37.0,37.0,37.0,0.0,143.0,77.0,62.0,,,,
cylinder,diameter,0.0475,95,38,-38.0,38.0,38.0,38.0,0.0,38.0,38.0,38.0,38.0,38.0,38.0,38.0,0.0,142.0,78.0,63.0,,,,
cylinder,diameter,0.0475,95,39,-39.0,39.0,39.0,39.0,0.0,39.0,39.0,39.0,39.0,39.0,39.0,39.0,0.0,141.0,79.0,64.0,,,,
cylinder,diameter,0.0475,95,40,-40.0,40.0,40.0,40.0,0.0,40.0,40.0,40.0,40.0,40.0,40.0,40.0,0.0,140.0,80.0,65.0,,,,
cylinder,diameter,0.0475,95,41,-41.0,41.0,41.0,41.0,0.0,41.0,41.0,41.0,41.0,41.0,41.0,41.0,0.0,139.0,81.0,66.0,,,,
cylinder,diameter,0.0475,95,42,-42.0,42.0,42.0,42.0,0.0,42.0,42.0,42.0,42.0,42.0,42.0,42.0,0.0,138.0,82.0,67.0,,,,
cylinder,diameter,0.0475,95,43,-43.0,43.0,43.0,43.0,0.0,43.0,43.0,43.0,43.0,43.0,43.0,43.0,0.0,137.0,83.0,68.0,,,,
cylinder,diameter,0.0475,95,44,-44.0,44.0,44.0,44.0,0.0,44.0,44.0,44.0,44.0,44.0,44.0,44.0,0.0,136.0,84.0,69.0,,,,
cylinder,diameter,0.0475,95,45,-45.0,45.0,45.0,45.0,0.0,45.0,45.0,45.0,45.0,45.0,45.0,45.0,0.0,135.0,85.0,70.0,,,,
cylinder,diameter,0.0475,95,46,-46.0,46.0,46.0,46.0,0.0,46.0,46.0,46.0,46.0,46.0,46.0,46.0,0.0,134.0,86.0,71.0,,,,
cylinder,diameter,0.0475,95,47,-47.0,47.0,47.0,47.0,0.0,47.0,47.0,47.0,47.0,47.0,47.0,47.0,0.0,133.0,87.0,72.0,,,,
cylinder,diameter,0.0475,95,48,-48.0,48.0,48.0,48.0,0.0,48.0,48.0,48.0,48.0,48.0,48.0,48.0,0.0,132.0,88.0,73.0,,,,
cylinder,diameter,0.0475,95,49,-49.0,49.0,49.0,49.0,0.0,49.0,49.0,49.0,49.0,49.0,49.0,49.0,0.0,131.0,89.0,74.0,,,,
cylinder,diameter,0.0475,95,50,-50.0,50.0,50.0,50.0,0.0,50.0,50.0,50.0,50.0,50.0,50.0,50.0,0.0,130.0,90.0,75.0,,,,
cylinder,diameter,0.0475,95,51,-51.0,51.0,51.0,51.0,0.0,51.0,51.0,51.0,51.0,51.0,51.0,51.0,0.0,129.0,91.0,76.0,,,,
cylinder,diameter,0.0475,95,52,-52.0,52.0,52.0,52.0,0.0,52.0,52.0,52.0,52.0,52.0,52.0,52.0,0.0,128.0,92.0,77.0,,,,
cylinder,diameter,0.0475,95,53,-53.0,53.0,53.0,53.0,0.0,53.0,53.0,53.0,53.0,53.0,53.0,53.0,0.0,127.0,93.0,78.0,,,,
cylinder,diameter,0.0475,95,54,-54.0,54.0,54.0,54.0,0.0,54.0,54.0,54.0,54.0,54.0,54.0,54.0,0.0,126.0,94.0,79.0,,,,
cylinder,diameter,0.0475,95,55,-55.0,55.0,55.0,55.0,0.0,55.0,55.0,55.0,55.0,55.0,55.0,55.0,0.0,125.0,95.0,80.0,,,,
cylinder,diameter,0.0475,95,56,-56.0,56.0,56.0,56.0,0.0,56.0,56.0,56.0,56.0,56.0,56.0,56.0,0.0,124.0,96.0,80.0,,,,
cylinder,diameter,0.0475,95,57,-57.0,57.0,57.0,57.0,0.0,57.0,57.0,57.0,57.0,57.0,57.0,57.0,0.0,123.0,97.0,80.0,,,,
cylinder,diameter,0.0475,95,58,-58.0,58.0,58.0,58.0,0.0,58.0,58.0,58.0,58.0,58.0,58.0,58.0,0.0,122.0,98.0,80.0,,,,
cylinder,diameter,0.0475,95,59,-59.0,59.0,59.0,59.0,0.0,59.0,59.0,59.0,59.0,59.0,59.0,59.0,0.0,121.0,99.0,80.0,,,,
cylinder,diameter,0.0475,95,60,-60.0,60.0,60.0,60.0,0.0,60.0,60.0,60.0,60.0,60.0,60.0,60.0,0.0,120.0,100.0,80.0,,,,
cylinder,diameter,0.0475,95,61,-61.0,61.0,61.0,60.0,0.0,61.0,61.0,61.0,61.0,61.0,61.0,60.0,0.0,119.0,101.0,80.0,,,,
cylinder,diameter,0.0475,95,62,-62.0,62.0,62.0,60.0,0.0,61.03515625,61.03515625,61.03515625,62.0,62.0,62.0,60.0,0.0,118.0,102.0,80.0,,contact,,
cylinder,diameter,0.0475,95,63,-63.0,63.0,63.0,60.0,0.0,61.03515625,61.03515625,61.03515625,63.0,63.0,63.0,60.0,0.0,117.0,103.0,80.0,,contact,,
cylinder,diameter,0.0475,95,64,-64.0,64.0,64.0,60.0,0.0,61.03515625,61.03515625,61.03515625,64.0,64.0,64.0,60.0,0.0,116.0,104.0,80.0,,contact,,
cylinder,diameter,0.0475,95,65,-65.0,65.0,65.0,60.0,0.0,61.03515625,61.03515625,61.03515625,65.0,65.0,65.0,60.0,0.0,115.0,105.0,80.0,,contact,,
cylinder,diameter,0.0475,95,66,-66.0,66.0,66.0,60.0,0.0,61.03515625,61.03515625,61.03515625,66.0,66.0,66.0,60.0,0.0,114.0,106.0,80.0,,contact,,
cylinder,diameter,0.0475,95,67,-67.0,67.0,67.0,60.0,0.0,61.03515625,61.03515625,61.03515625,67.0,67.0,67.0,60.0,0.0,113.90234375,106.09765625,80.0,,contact,,contact
cylinder,diameter,0.0475,95,68,-68.0,68.0,68.0,60.0,0.0,61.03515625,61.03515625,61.03515625,68.0,68.0,68.0,60.0,0.0,113.90234375,106.09765625,80.0,,contact,,contact
cylinder,diameter,0.0475,95,69,-69.0,69.0,69.0,60.0,0.0,61.03515625,61.03515625,61.03515625,69.0,69.0,69.0,60.0,0.0,113.90234375,106.09765625,80.0,,contact,,contact
cylinder,diameter,0.0475,95,70,-70.0,70.0,70.0,60.0,0.0,61.03515625,61.03515625,61.03515625,70.0,70.0,70.0,60.0,0.0,113.90234375,106.09765625,80.0,,contact,,contact
cylinder,diameter,0.0475,95,71,-71.0,71.0,71.0,60.0,0.0,61.03515625,61.03515625,61.03515625,71.0,71.0,71.0,60.0,0.0,113.90234375,106.09765625,80.0,,contact,,contact
cylinder,diameter,0.0475,95,72,-72.0,72.0,72.0,60.0,0.0,61.03515625,61.03515625,61.03515625,72.0,72.0,72.0,60.0,0.0,113.90234375,106.09765625,80.0,,contact,,contact
cylinder,diameter,0.0475,95,73,-73.0,73.0,73.0,60.0,0.0,61.03515625,61.03515625,61.03515625,73.0,73.0,73.0,60.0,0.0,113.90234375,106.09765625,80.0,,contact,,contact
cylinder,diameter,0.0475,95,74,-74.0,74.0,74.0,60.0,0.0,61.03515625,61.03515625,61.03515625,74.0,74.0,74.0,60.0,0.0,113.90234375,106.09765625,80.0,,contact,,contact
cylinder,diameter,0.0475,95,75,-75.0,75.0,75.0,60.0,0.0,61.03515625,61.03515625,61.03515625,75.0,75.0,75.0,60.0,0.0,113.90234375,106.09765625,80.0,,contact,,contact
cylinder,diameter,0.0475,95,76,-75.0,76.0,76.0,60.0,0.0,61.03515625,61.03515625,61.03515625,75.0,76.0,76.0,60.0,0.0,113.90234375,106.09765625,80.0,,contact,,contact
cylinder,diameter,0.0475,95,77,-75.0,77.0,77.0,60.0,0.0,61.03515625,61.03515625,61.03515625,75.0,77.0,77.0,60.0,0.0,113.90234375,106.09765625,80.0,,contact,,contact
cylinder,diameter,0.0475,95,78,-75.0,78.0,78.0,60.0,0.0,61.03515625,61.03515625,61.03515625,75.0,78.0,78.0,60.0,0.0,113.90234375,106.09765625,80.0,,contact,,contact
cylinder,diameter,0.0475,95,79,-75.0,78.65234375,78.65234375,60.0,0.0,61.03515625,61.03515625,61.03515625,75.0,78.640625,78.640625,60.0,0.0,113.90234375,106.09765625,80.0,contact,contact,contact,contact
cylinder,diameter,0.045,90,0,0.0,0.0,0.0,0.0,0.0,0.0,0.0,0.0,0.0,0.0,0.0,0.0,0.0,180.0,40.0,25.0,,,,
cylinder,diameter,0.045,90,1,-1.0,1.0,1.0,1.0,0.0,1.0,1.0,1.0,1.0,1.0,1.0,1.0,0.0,179.0,41.0,26.0,,,,
cylinder,diameter,0.045,90,2,-2.0,2.0,2.0,2.0,0.0,2.0,2.0,2.0,2.0,2.0,2.0,2.0,0.0,178.0,42.0,27.0,,,,
cylinder,diameter,0.045,90,3,-3.0,3.0,3.0,3.0,0.0,3.0,3.0,3.0,3.0,3.0,3.0,3.0,0.0,177.0,43.0,28.0,,,,
cylinder,diameter,0.045,90,4,-4.0,4.0,4.0,4.0,0.0,4.0,4.0,4.0,4.0,4.0,4.0,4.0,0.0,176.0,44.0,29.0,,,,
cylinder,diameter,0.045,90,5,-5.0,5.0,5.0,5.0,0.0,5.0,5.0,5.0,5.0,5.0,5.0,5.0,0.0,175.0,45.0,30.0,,,,
cylinder,diameter,0.045,90,6,-6.0,6.0,6.0,6.0,0.0,6.0,6.0,6.0,6.0,6.0,6.0,6.0,0.0,174.0,46.0,31.0,,,,
cylinder,diameter,0.045,90,7,-7.0,7.0,7.0,7.0,0.0,7.0,7.0,7.0,7.0,7.0,7.0,7.0,0.0,173.0,47.0,32.0,,,,
cylinder,diameter,0.045,90,8,-8.0,8.0,8.0,8.0,0.0,8.0,8.0,8.0,8.0,8.0,8.0,8.0,0.0,172.0,48.0,33.0,,,,
cylinder,diameter,0.045,90,9,-9.0,9.0,9.0,9.0,0.0,9.0,9.0,9.0,9.0,9.0,9.0,9.0,0.0,171.0,49.0,34.0,,,,
cylinder,diameter,0.045,90,10,-10.0,10.0,10.0,10.0,0.0,10.0,10.0,10.0,10.0,10.0,10.0,10.0,0.0,170.0,50.0,35.0,,,,
cylinder,diameter,0.045,90,11,-11.0,11.0,11.0,11.0,0.0,11.0,11.0,11.0,11.0,11.0,11.0,11.0,0.0,169.0,51.0,36.0,,,,
cylinder,diameter,0.045,90,12,-12.0,12.0,12.0,12.0,0.0,12.0,12.0,12.0,12.0,12.0,12.0,12.0,0.0,168.0,52.0,37.0,,,,
cylinder,diameter,0.045,90,13,-13.0,13.0,13.0,13.0,0.0,13.0,13.0,13.0,13.0,13.0,13.0,13.0,0.0,167.0,53.0,38.0,,,,
cylinder,diameter,0.045,90,14,-14.0,14.0,14.0,14.0,0.0,14.0,14.0,14.0,14.0,14.0,14.0,14.0,0.0,166.0,54.0,39.0,,,,
cylinder,diameter,0.045,90,15,-15.0,15.0,15.0,15.0,0.0,15.0,15.0,15.0,15.0,15.0,15.0,15.0,0.0,165.0,55.0,40.0,,,,
cylinder,diameter,0.045,90,16,-16.0,16.0,16.0,16.0,0.0,16.0,16.0,16.0,16.0,16.0,16.0,16.0,0.0,164.0,56.0,41.0,,,,
cylinder,diameter,0.045,90,17,-17.0,17.0,17.0,17.0,0.0,17.0,17.0,17.0,17.0,17.0,17.0,17.0,0.0,163.0,57.0,42.0,,,,
cylinder,diameter,0.045,90,18,-18.0,18.0,18.0,18.0,0.0,18.0,18.0,18.0,18.0,18.0,18.0,18.0,0.0,162.0,58.0,43.0,,,,
cylinder,diameter,0.045,90,19,-19.0,19.0,19.0,19.0,0.0,19.0,19.0,19.0,19.0,19.0,19.0,19.0,0.0,161.0,59.0,44.0,,,,
cylinder,diameter,0.045,90,20,-20.0,20.0,20.0,20.0,0.0,20.0,20.0,20.0,20.0,20.0,20.0,20.0,0.0,160.0,60.0,45.0,,,,
cylinder,diameter,0.045,90,21,-21.0,21.0,21.0,21.0,0.0,21.0,21.0,21.0,21.0,21.0,21.0,21.0,0.0,159.0,61.0,46.0,,,,
cylinder,diameter,0.045,90,22,-22.0,22.0,22.0,22.0,0.0,22.0,22.0,22.0,22.0,22.0,22.0,22.0,0.0,158.0,62.0,47.0,,,,
cylinder,diameter,0.045,90,23,-23.0,23.0,23.0,23.0,0.0,23.0,23.0,23.0,23.0,23.0,23.0,23.0,0.0,157.0,63.0,48.0,,,,
cylinder,diameter,0.045,90,24,-24.0,24.0,24.0,24.0,0.0,24.0,24.0,24.0,24.0,24.0,24.0,24.0,0.0,156.0,64.0,49.0,,,,
cylinder,diameter,0.045,90,25,-25.0,25.0,25.0,25.0,0.0,25.0,25.0,25.0,25.0,25.0,25.0,25.0,0.0,155.0,65.0,50.0,,,,
cylinder,diameter,0.045,90,26,-26.0,26.0,26.0,26.0,0.0,26.0,26.0,26.0,26.0,26.0,26.0,26.0,0.0,154.0,66.0,51.0,,,,
cylinder,diameter,0.045,90,27,-27.0,27.0,27.0,27.0,0.0,27.0,27.0,27.0,27.0,27.0,27.0,27.0,0.0,153.0,67.0,52.0,,,,
cylinder,diameter,0.045,90,28,-28.0,28.0,28.0,28.0,0.0,28.0,28.0,28.0,28.0,28.0,28.0,28.0,0.0,152.0,68.0,53.0,,,,
cylinder,diameter,0.045,90,29,-29.0,29.0,29.0,29.0,0.0,29.0,29.0,29.0,29.0,29.0,29.0,29.0,0.0,151.0,69.0,54.0,,,,
cylinder,diameter,0.045,90,30,-30.0,30.0,30.0,30.0,0.0,30.0,30.0,30.0,30.0,30.0,30.0,30.0,0.0,150.0,70.0,55.0,,,,
cylinder,diameter,0.045,90,31,-31.0,31.0,31.0,31.0,0.0,31.0,31.0,31.0,31.0,31.0,31.0,31.0,0.0,149.0,71.0,56.0,,,,
cylinder,diameter,0.045,90,32,-32.0,32.0,32.0,32.0,0.0,32.0,32.0,32.0,32.0,32.0,32.0,32.0,0.0,148.0,72.0,57.0,,,,
cylinder,diameter,0.045,90,33,-33.0,33.0,33.0,33.0,0.0,33.0,33.0,33.0,33.0,33.0,33.0,33.0,0.0,147.0,73.0,58.0,,,,
cylinder,diameter,0.045,90,34,-34.0,34.0,34.0,34.0,0.0,34.0,34.0,34.0,34.0,34.0,34.0,34.0,0.0,146.0,74.0,59.0,,,,
cylinder,diameter,0.045,90,35,-35.0,35.0,35.0,35.0,0.0,35.0,35.0,35.0,35.0,35.0,35.0,35.0,0.0,145.0,75.0,60.0,,,,
cylinder,diameter,0.045,90,36,-36.0,36.0,36.0,36.0,0.0,36.0,36.0,36.0,36.0,36.0,36.0,36.0,0.0,144.0,76.0,61.0,,,,
cylinder,diameter,0.045,90,37,-37.0,37.0,37.0,37.0,0.0,37.0,37.0,37.0,37.0,37.0,37.0,37.0,0.0,143.0,77.0,62.0,,,,
cylinder,diameter,0.045,90,38,-38.0,38.0,38.0,38.0,0.0,38.0,38.0,38.0,38.0,38.0,38.0,38.0,0.0,142.0,78.0,63.0,,,,
cylinder,diameter,0.045,90,39,-39.0,39.0,39.0,39.0,0.0,39.0,39.0,39.0,39.0,39.0,39.0,39.0,0.0,141.0,79.0,64.0,,,,
cylinder,diameter,0.045,90,40,-40.0,40.0,40.0,40.0,0.0,40.0,40.0,40.0,40.0,40.0,40.0,40.0,0.0,140.0,80.0,65.0,,,,
cylinder,diameter,0.045,90,41,-41.0,41.0,41.0,41.0,0.0,41.0,41.0,41.0,41.0,41.0,41.0,41.0,0.0,139.0,81.0,66.0,,,,
cylinder,diameter,0.045,90,42,-42.0,42.0,42.0,42.0,0.0,42.0,42.0,42.0,42.0,42.0,42.0,42.0,0.0,138.0,82.0,67.0,,,,
cylinder,diameter,0.045,90,43,-43.0,43.0,43.0,43.0,0.0,43.0,43.0,43.0,43.0,43.0,43.0,43.0,0.0,137.0,83.0,68.0,,,,
cylinder,diameter,0.045,90,44,-44.0,44.0,44.0,44.0,0.0,44.0,44.0,44.0,44.0,44.0,44.0,44.0,0.0,136.0,84.0,69.0,,,,
cylinder,diameter,0.045,90,45,-45.0,45.0,45.0,45.0,0.0,45.0,45.0,45.0,45.0,45.0,45.0,45.0,0.0,135.0,85.0,70.0,,,,
cylinder,diameter,0.045,90,46,-46.0,46.0,46.0,46.0,0.0,46.0,46.0,46.0,46.0,46.0,46.0,46.0,0.0,134.0,86.0,71.0,,,,
cylinder,diameter,0.045,90,47,-47.0,47.0,47.0,47.0,0.0,47.0,47.0,47.0,47.0,47.0,47.0,47.0,0.0,133.0,87.0,72.0,,,,
cylinder,diameter,0.045,90,48,-48.0,48.0,48.0,48.0,0.0,48.0,48.0,48.0,48.0,48.0,48.0,48.0,0.0,132.0,88.0,73.0,,,,
cylinder,diameter,0.045,90,49,-49.0,49.0,49.0,49.0,0.0,49.0,49.0,49.0,49.0,49.0,49.0,49.0,0.0,131.0,89.0,74.0,,,,
cylinder,diameter,0.045,90,50,-50.0,50.0,50.0,50.0,0.0,50.0,50.0,50.0,50.0,50.0,50.0,50.0,0.0,130.0,90.0,75.0,,,,
cylinder,diameter,0.045,90,51,-51.0,51.0,51.0,51.0,0.0,51.0,51.0,51.0,51.0,51.0,51.0,51.0,0.0,129.0,91.0,76.0,,,,
cylinder,diameter,0.045,90,52,-52.0,52.0,52.0,52.0,0.0,52.0,52.0,52.0,52.0,52.0,52.0,52.0,0.0,128.0,92.0,77.0,,,,
cylinder,diameter,0.045,90,53,-53.0,53.0,53.0,53.0,0.0,53.0,53.0,53.0,53.0,53.0,53.0,53.0,0.0,127.0,93.0,78.0,,,,
cylinder,diameter,0.045,90,54,-54.0,54.0,54.0,54.0,0.0,54.0,54.0,54.0,54.0,54.0,54.0,54.0,0.0,126.0,94.0,79.0,,,,
cylinder,diameter,0.045,90,55,-55.0,55.0,55.0,55.0,0.0,55.0,55.0,55.0,55.0,55.0,55.0,55.0,0.0,125.0,95.0,80.0,,,,
cylinder,diameter,0.045,90,56,-56.0,56.0,56.0,56.0,0.0,56.0,56.0,56.0,56.0,56.0,56.0,56.0,0.0,124.0,96.0,80.0,,,,
cylinder,diameter,0.045,90,57,-57.0,57.0,57.0,57.0,0.0,57.0,57.0,57.0,57.0,57.0,57.0,57.0,0.0,123.0,97.0,80.0,,,,
cylinder,diameter,0.045,90,58,-58.0,58.0,58.0,58.0,0.0,58.0,58.0,58.0,58.0,58.0,58.0,58.0,0.0,122.0,98.0,80.0,,,,
cylinder,diameter,0.045,90,59,-59.0,59.0,59.0,59.0,0.0,59.0,59.0,59.0,59.0,59.0,59.0,59.0,0.0,121.0,99.0,80.0,,,,
cylinder,diameter,0.045,90,60,-60.0,60.0,60.0,60.0,0.0,60.0,60.0,60.0,60.0,60.0,60.0,60.0,0.0,120.0,100.0,80.0,,,,
cylinder,diameter,0.045,90,61,-61.0,61.0,61.0,60.0,0.0,61.0,61.0,61.0,61.0,61.0,61.0,60.0,0.0,119.0,101.0,80.0,,,,
cylinder,diameter,0.045,90,62,-62.0,62.0,62.0,60.0,0.0,61.9609375,61.9609375,61.9609375,62.0,62.0,62.0,60.0,0.0,118.0,102.0,80.0,,contact,,
cylinder,diameter,0.045,90,63,-63.0,63.0,63.0,60.0,0.0,61.9609375,61.9609375,61.9609375,63.0,63.0,63.0,60.0,0.0,117.0,103.0,80.0,,contact,,
cylinder,diameter,0.045,90,64,-64.0,64.0,64.0,60.0,0.0,61.9609375,61.9609375,61.9609375,64.0,64.0,64.0,60.0,0.0,116.0,104.0,80.0,,contact,,
cylinder,diameter,0.045,90,65,-65.0,65.0,65.0,60.0,0.0,61.9609375,61.9609375,61.9609375,65.0,65.0,65.0,60.0,0.0,115.0,105.0,80.0,,contact,,
cylinder,diameter,0.045,90,66,-66.0,66.0,66.0,60.0,0.0,61.9609375,61.9609375,61.9609375,66.0,66.0,66.0,60.0,0.0,114.0,106.0,80.0,,contact,,
cylinder,diameter,0.045,90,67,-67.0,67.0,67.0,60.0,0.0,61.9609375,61.9609375,61.9609375,67.0,67.0,67.0,60.0,0.0,113.0,107.0,80.0,,contact,,
cylinder,diameter,0.045,90,68,-68.0,68.0,68.0,60.0,0.0,61.9609375,61.9609375,61.9609375,68.0,68.0,68.0,60.0,0.0,112.734375,107.265625,80.0,,contact,,contact
cylinder,diameter,0.045,90,69,-69.0,69.0,69.0,60.0,0.0,61.9609375,61.9609375,61.9609375,69.0,69.0,69.0,60.0,0.0,112.734375,107.265625,80.0,,contact,,contact
cylinder,diameter,0.045,90,70,-70.0,70.0,70.0,60.0,0.0,61.9609375,61.9609375,61.9609375,70.0,70.0,70.0,60.0,0.0,112.734375,107.265625,80.0,,contact,,contact
cylinder,diameter,0.045,90,71,-71.0,71.0,71.0,60.0,0.0,61.9609375,61.9609375,61.9609375,71.0,71.0,71.0,60.0,0.0,112.734375,107.265625,80.0,,contact,,contact
cylinder,diameter,0.045,90,72,-72.0,72.0,72.0,60.0,0.0,61.9609375,61.9609375,61.9609375,72.0,72.0,72.0,60.0,0.0,112.734375,107.265625,80.0,,contact,,contact
cylinder,diameter,0.045,90,73,-73.0,73.0,73.0,60.0,0.0,61.9609375,61.9609375,61.9609375,73.0,73.0,73.0,60.0,0.0,112.734375,107.265625,80.0,,contact,,contact
cylinder,diameter,0.045,90,74,-74.0,74.0,74.0,60.0,0.0,61.9609375,61.9609375,61.9609375,74.0,74.0,74.0,60.0,0.0,112.734375,107.265625,80.0,,contact,,contact
cylinder,diameter,0.045,90,75,-75.0,75.0,75.0,60.0,0.0,61.9609375,61.9609375,61.9609375,75.0,75.0,75.0,60.0,0.0,112.734375,107.265625,80.0,,contact,,contact
cylinder,diameter,0.045,90,76,-75.0,76.0,76.0,60.0,0.0,61.9609375,61.9609375,61.9609375,75.0,76.0,76.0,60.0,0.0,112.734375,107.265625,80.0,,contact,,contact
cylinder,diameter,0.045,90,77,-75.0,77.0,77.0,60.0,0.0,61.9609375,61.9609375,61.9609375,75.0,77.0,77.0,60.0,0.0,112.734375,107.265625,80.0,,contact,,contact
cylinder,diameter,0.045,90,78,-75.0,78.0,78.0,60.0,0.0,61.9609375,61.9609375,61.9609375,75.0,78.0,78.0,60.0,0.0,112.734375,107.265625,80.0,,contact,,contact
cylinder,diameter,0.045,90,79,-75.0,79.0,79.0,60.0,0.0,61.9609375,61.9609375,61.9609375,75.0,79.0,79.0,60.0,0.0,112.734375,107.265625,80.0,,contact,,contact
cylinder,diameter,0.045,90,80,-75.0,79.89453125,79.89453125,60.0,0.0,61.9609375,61.9609375,61.9609375,75.0,79.8828125,79.8828125,60.0,0.0,112.734375,107.265625,80.0,contact,contact,contact,contact
cylinder,diameter,0.0425,85,0,0.0,0.0,0.0,0.0,0.0,0.0,0.0,0.0,0.0,0.0,0.0,0.0,0.0,180.0,40.0,25.0,,,,
cylinder,diameter,0.0425,85,1,-1.0,1.0,1.0,1.0,0.0,1.0,1.0,1.0,1.0,1.0,1.0,1.0,0.0,179.0,41.0,26.0,,,,
cylinder,diameter,0.0425,85,2,-2.0,2.0,2.0,2.0,0.0,2.0,2.0,2.0,2.0,2.0,2.0,2.0,0.0,178.0,42.0,27.0,,,,
cylinder,diameter,0.0425,85,3,-3.0,3.0,3.0,3.0,0.0,3.0,3.0,3.0,3.0,3.0,3.0,3.0,0.0,177.0,43.0,28.0,,,,
cylinder,diameter,0.0425,85,4,-4.0,4.0,4.0,4.0,0.0,4.0,4.0,4.0,4.0,4.0,4.0,4.0,0.0,176.0,44.0,29.0,,,,
cylinder,diameter,0.0425,85,5,-5.0,5.0,5.0,5.0,0.0,5.0,5.0,5.0,5.0,5.0,5.0,5.0,0.0,175.0,45.0,30.0,,,,
cylinder,diameter,0.0425,85,6,-6.0,6.0,6.0,6.0,0.0,6.0,6.0,6.0,6.0,6.0,6.0,6.0,0.0,174.0,46.0,31.0,,,,
cylinder,diameter,0.0425,85,7,-7.0,7.0,7.0,7.0,0.0,7.0,7.0,7.0,7.0,7.0,7.0,7.0,0.0,173.0,47.0,32.0,,,,
cylinder,diameter,0.0425,85,8,-8.0,8.0,8.0,8.0,0.0,8.0,8.0,8.0,8.0,8.0,8.0,8.0,0.0,172.0,48.0,33.0,,,,
cylinder,diameter,0.0425,85,9,-9.0,9.0,9.0,9.0,0.0,9.0,9.0,9.0,9.0,9.0,9.0,9.0,0.0,171.0,49.0,34.0,,,,
cylinder,diameter,0.0425,85,10,-10.0,10.0,10.0,10.0,0.0,10.0,10.0,10.0,10.0,10.0,10.0,10.0,0.0,170.0,50.0,35.0,,,,
cylinder,diameter,0.0425,85,11,-11.0,11.0,11.0,11.0,0.0,11.0,11.0,11.0,11.0,11.0,11.0,11.0,0.0,169.0,51.0,36.0,,,,
cylinder,diameter,0.0425,85,12,-12.0,12.0,12.0,12.0,0.0,12.0,12.0,12.0,12.0,12.0,12.0,12.0,0.0,168.0,52.0,37.0,,,,
cylinder,diameter,0.0425,85,13,-13.0,13.0,13.0,13.0,0.0,13.0,13.0,13.0,13.0,13.0,13.0,13.0,0.0,167.0,53.0,38.0,,,,
cylinder,diameter,0.0425,85,14,-14.0,14.0,14.0,14.0,0.0,14.0,14.0,14.0,14.0,14.0,14.0,14.0,0.0,166.0,54.0,39.0,,,,
cylinder,diameter,0.0425,85,15,-15.0,15.0,15.0,15.0,0.0,15.0,15.0,15.0,15.0,15.0,15.0,15.0,0.0,165.0,55.0,40.0,,,,
cylinder,diameter,0.0425,85,16,-16.0,16.0,16.0,16.0,0.0,16.0,16.0,16.0,16.0,16.0,16.0,16.0,0.0,164.0,56.0,41.0,,,,
cylinder,diameter,0.0425,85,17,-17.0,17.0,17.0,17.0,0.0,17.0,17.0,17.0,17.0,17.0,17.0,17.0,0.0,163.0,57.0,42.0,,,,
cylinder,diameter,0.0425,85,18,-18.0,18.0,18.0,18.0,0.0,18.0,18.0,18.0,18.0,18.0,18.0,18.0,0.0,162.0,58.0,43.0,,,,
cylinder,diameter,0.0425,85,19,-19.0,19.0,19.0,19.0,0.0,19.0,19.0,19.0,19.0,19.0,19.0,19.0,0.0,161.0,59.0,44.0,,,,
cylinder,diameter,0.0425,85,20,-20.0,20.0,20.0,20.0,0.0,20.0,20.0,20.0,20.0,20.0,20.0,20.0,0.0,160.0,60.0,45.0,,,,
cylinder,diameter,0.0425,85,21,-21.0,21.0,21.0,21.0,0.0,21.0,21.0,21.0,21.0,21.0,21.0,21.0,0.0,159.0,61.0,46.0,,,,
cylinder,diameter,0.0425,85,22,-22.0,22.0,22.0,22.0,0.0,22.0,22.0,22.0,22.0,22.0,22.0,22.0,0.0,158.0,62.0,47.0,,,,
cylinder,diameter,0.0425,85,23,-23.0,23.0,23.0,23.0,0.0,23.0,23.0,23.0,23.0,23.0,23.0,23.0,0.0,157.0,63.0,48.0,,,,
cylinder,diameter,0.0425,85,24,-24.0,24.0,24.0,24.0,0.0,24.0,24.0,24.0,24.0,24.0,24.0,24.0,0.0,156.0,64.0,49.0,,,,
cylinder,diameter,0.0425,85,25,-25.0,25.0,25.0,25.0,0.0,25.0,25.0,25.0,25.0,25.0,25.0,25.0,0.0,155.0,65.0,50.0,,,,
cylinder,diameter,0.0425,85,26,-26.0,26.0,26.0,26.0,0.0,26.0,26.0,26.0,26.0,26.0,26.0,26.0,0.0,154.0,66.0,51.0,,,,
cylinder,diameter,0.0425,85,27,-27.0,27.0,27.0,27.0,0.0,27.0,27.0,27.0,27.0,27.0,27.0,27.0,0.0,153.0,67.0,52.0,,,,
cylinder,diameter,0.0425,85,28,-28.0,28.0,28.0,28.0,0.0,28.0,28.0,28.0,28.0,28.0,28.0,28.0,0.0,152.0,68.0,53.0,,,,
cylinder,diameter,0.0425,85,29,-29.0,29.0,29.0,29.0,0.0,29.0,29.0,29.0,29.0,29.0,29.0,29.0,0.0,151.0,69.0,54.0,,,,
cylinder,diameter,0.0425,85,30,-30.0,30.0,30.0,30.0,0.0,30.0,30.0,30.0,30.0,30.0,30.0,30.0,0.0,150.0,70.0,55.0,,,,
cylinder,diameter,0.0425,85,31,-31.0,31.0,31.0,31.0,0.0,31.0,31.0,31.0,31.0,31.0,31.0,31.0,0.0,149.0,71.0,56.0,,,,
cylinder,diameter,0.0425,85,32,-32.0,32.0,32.0,32.0,0.0,32.0,32.0,32.0,32.0,32.0,32.0,32.0,0.0,148.0,72.0,57.0,,,,
cylinder,diameter,0.0425,85,33,-33.0,33.0,33.0,33.0,0.0,33.0,33.0,33.0,33.0,33.0,33.0,33.0,0.0,147.0,73.0,58.0,,,,
cylinder,diameter,0.0425,85,34,-34.0,34.0,34.0,34.0,0.0,34.0,34.0,34.0,34.0,34.0,34.0,34.0,0.0,146.0,74.0,59.0,,,,
cylinder,diameter,0.0425,85,35,-35.0,35.0,35.0,35.0,0.0,35.0,35.0,35.0,35.0,35.0,35.0,35.0,0.0,145.0,75.0,60.0,,,,
cylinder,diameter,0.0425,85,36,-36.0,36.0,36.0,36.0,0.0,36.0,36.0,36.0,36.0,36.0,36.0,36.0,0.0,144.0,76.0,61.0,,,,
cylinder,diameter,0.0425,85,37,-37.0,37.0,37.0,37.0,0.0,37.0,37.0,37.0,37.0,37.0,37.0,37.0,0.0,143.0,77.0,62.0,,,,
cylinder,diameter,0.0425,85,38,-38.0,38.0,38.0,38.0,0.0,38.0,38.0,38.0,38.0,38.0,38.0,38.0,0.0,142.0,78.0,63.0,,,,
cylinder,diameter,0.0425,85,39,-39.0,39.0,39.0,39.0,0.0,39.0,39.0,39.0,39.0,39.0,39.0,39.0,0.0,141.0,79.0,64.0,,,,
cylinder,diameter,0.0425,85,40,-40.0,40.0,40.0,40.0,0.0,40.0,40.0,40.0,40.0,40.0,40.0,40.0,0.0,140.0,80.0,65.0,,,,
cylinder,diameter,0.0425,85,41,-41.0,41.0,41.0,41.0,0.0,41.0,41.0,41.0,41.0,41.0,41.0,41.0,0.0,139.0,81.0,66.0,,,,
cylinder,diameter,0.0425,85,42,-42.0,42.0,42.0,42.0,0.0,42.0,42.0,42.0,42.0,42.0,42.0,42.0,0.0,138.0,82.0,67.0,,,,
cylinder,diameter,0.0425,85,43,-43.0,43.0,43.0,43.0,0.0,43.0,43.0,43.0,43.0,43.0,43.0,43.0,0.0,137.0,83.0,68.0,,,,
cylinder,diameter,0.0425,85,44,-44.0,44.0,44.0,44.0,0.0,44.0,44.0,44.0,44.0,44.0,44.0,44.0,0.0,136.0,84.0,69.0,,,,
cylinder,diameter,0.0425,85,45,-45.0,45.0,45.0,45.0,0.0,45.0,45.0,45.0,45.0,45.0,45.0,45.0,0.0,135.0,85.0,70.0,,,,
cylinder,diameter,0.0425,85,46,-46.0,46.0,46.0,46.0,0.0,46.0,46.0,46.0,46.0,46.0,46.0,46.0,0.0,134.0,86.0,71.0,,,,
cylinder,diameter,0.0425,85,47,-47.0,47.0,47.0,47.0,0.0,47.0,47.0,47.0,47.0,47.0,47.0,47.0,0.0,133.0,87.0,72.0,,,,
cylinder,diameter,0.0425,85,48,-48.0,48.0,48.0,48.0,0.0,48.0,48.0,48.0,48.0,48.0,48.0,48.0,0.0,132.0,88.0,73.0,,,,
cylinder,diameter,0.0425,85,49,-49.0,49.0,49.0,49.0,0.0,49.0,49.0,49.0,49.0,49.0,49.0,49.0,0.0,131.0,89.0,74.0,,,,
cylinder,diameter,0.0425,85,50,-50.0,50.0,50.0,50.0,0.0,50.0,50.0,50.0,50.0,50.0,50.0,50.0,0.0,130.0,90.0,75.0,,,,
cylinder,diameter,0.0425,85,51,-51.0,51.0,51.0,51.0,0.0,51.0,51.0,51.0,51.0,51.0,51.0,51.0,0.0,129.0,91.0,76.0,,,,
cylinder,diameter,0.0425,85,52,-52.0,52.0,52.0,52.0,0.0,52.0,52.0,52.0,52.0,52.0,52.0,52.0,0.0,128.0,92.0,77.0,,,,
cylinder,diameter,0.0425,85,53,-53.0,53.0,53.0,53.0,0.0,53.0,53.0,53.0,53.0,53.0,53.0,53.0,0.0,127.0,93.0,78.0,,,,
cylinder,diameter,0.0425,85,54,-54.0,54.0,54.0,54.0,0.0,54.0,54.0,54.0,54.0,54.0,54.0,54.0,0.0,126.0,94.0,79.0,,,,
cylinder,diameter,0.0425,85,55,-55.0,55.0,55.0,55.0,0.0,55.0,55.0,55.0,55.0,55.0,55.0,55.0,0.0,125.0,95.0,80.0,,,,
cylinder,diameter,0.0425,85,56,-56.0,56.0,56.0,56.0,0.0,56.0,56.0,56.0,56.0,56.0,56.0,56.0,0.0,124.0,96.0,80.0,,,,
cylinder,diameter,0.0425,85,57,-57.0,57.0,57.0,57.0,0.0,57.0,57.0,57.0,57.0,57.0,57.0,57.0,0.0,123.0,97.0,80.0,,,,
cylinder,diameter,0.0425,85,58,-58.0,58.0,58.0,58.0,0.0,58.0,58.0,58.0,58.0,58.0,58.0,58.0,0.0,122.0,98.0,80.0,,,,
cylinder,diameter,0.0425,85,59,-59.0,59.0,59.0,59.0,0.0,59.0,59.0,59.0,59.0,59.0,59.0,59.0,0.0,121.0,99.0,80.0,,,,
cylinder,diameter,0.0425,85,60,-60.0,60.0,60.0,60.0,0.0,60.0,60.0,60.0,60.0,60.0,60.0,60.0,0.0,120.0,100.0,80.0,,,,
cylinder,diameter,0.0425,85,61,-61.0,61.0,61.0,60.0,0.0,61.0,61.0,61.0,61.0,61.0,61.0,60.0,0.0,119.0,101.0,80.0,,,,
cylinder,diameter,0.0425,85,62,-62.0,62.0,62.0,60.0,0.0,62.0,62.0,62.0,62.0,62.0,62.0,60.0,0.0,118.0,102.0,80.0,,,,
cylinder,diameter,0.0425,85,63,-63.0,63.0,63.0,60.0,0.0,62.8828125,62.8828125,62.8828125,63.0,63.0,63.0,60.0,0.0,117.0,103.0,80.0,,contact,,
cylinder,diameter,0.0425,85,64,-64.0,64.0,64.0,60.0,0.0,62.8828125,62.8828125,62.8828125,64.0,64.0,64.0,60.0,0.0,116.0,104.0,80.0,,contact,,
cylinder,diameter,0.0425,85,65,-65.0,65.0,65.0,60.0,0.0,62.8828125,62.8828125,62.8828125,65.0,65.0,65.0,60.0,0.0,115.0,105.0,80.0,,contact,,
cylinder,diameter,0.0425,85,66,-66.0,66.0,66.0,60.0,0.0,62.8828125,62.8828125,62.8828125,66.0,66.0,66.0,60.0,0.0,114.0,106.0,80.0,,contact,,
cylinder,diameter,0.0425,85,67,-67.0,67.0,67.0,60.0,0.0,62.8828125,62.8828125,62.8828125,67.0,67.0,67.0,60.0,0.0,113.0,107.0,80.0,,contact,,
cylinder,diameter,0.0425,85,68,-68.0,68.0,68.0,60.0,0.0,62.8828125,62.8828125,62.8828125,68.0,68.0,68.0,60.0,0.0,112.0,108.0,80.0,,contact,,
cylinder,diameter,0.0425,85,69,-69.0,69.0,69.0,60.0,0.0,62.8828125,62.8828125,62.8828125,69.0,69.0,69.0,60.0,0.0,111.515625,108.484375,80.0,,contact,,contact
cylinder,diameter,0.0425,85,70,-70.0,70.0,70.0,60.0,0.0,62.8828125,62.8828125,62.8828125,70.0,70.0,70.0,60.0,0.0,111.515625,108.484375,80.0,,contact,,contact
cylinder,diameter,0.0425,85,71,-71.0,71.0,71.0,60.0,0.0,62.8828125,62.8828125,62.8828125,71.0,71.0,71.0,60.0,0.0,111.515625,108.484375,80.0,,contact,,contact
cylinder,diameter,0.0425,85,72,-72.0,72.0,72.0,60.0,0.0,62.8828125,62.8828125,62.8828125,72.0,72.0,72.0,60.0,0.0,111.515625,108.484375,80.0,,contact,,contact
cylinder,diameter,0.0425,85,73,-73.0,73.0,73.0,60.0,0.0,62.8828125,62.8828125,62.8828125,73.0,73.0,73.0,60.0,0.0,111.515625,108.484375,80.0,,contact,,contact
cylinder,diameter,0.0425,85,74,-74.0,74.0,74.0,60.0,0.0,62.8828125,62.8828125,62.8828125,74.0,74.0,74.0,60.0,0.0,111.515625,108.484375,80.0,,contact,,contact
cylinder,diameter,0.0425,85,75,-75.0,75.0,75.0,60.0,0.0,62.8828125,62.8828125,62.8828125,75.0,75.0,75.0,60.0,0.0,111.515625,108.484375,80.0,,contact,,contact
cylinder,diameter,0.0425,85,76,-75.0,76.0,76.0,60.0,0.0,62.8828125,62.8828125,62.8828125,75.0,76.0,76.0,60.0,0.0,111.515625,108.484375,80.0,,contact,,contact
cylinder,diameter,0.0425,85,77,-75.0,77.0,77.0,60.0,0.0,62.8828125,62.8828125,62.8828125,75.0,77.0,77.0,60.0,0.0,111.515625,108.484375,80.0,,contact,,contact
cylinder,diameter,0.0425,85,78,-75.0,78.0,78.0,60.0,0.0,62.8828125,62.8828125,62.8828125,75.0,78.0,78.0,60.0,0.0,111.515625,108.484375,80.0,,contact,,contact
cylinder,diameter,0.0425,85,79,-75.0,79.0,79.0,60.0,0.0,62.8828125,62.8828125,62.8828125,75.0,79.0,79.0,60.0,0.0,111.515625,108.484375,80.0,,contact,,contact
cylinder,diameter,0.0425,85,80,-75.0,80.0,80.0,60.0,0.0,62.8828125,62.8828125,62.8828125,75.0,80.0,80.0,60.0,0.0,111.515625,108.484375,80.0,,contact,,contact
cylinder,diameter,0.0425,85,81,-75.0,81.0,81.0,60.0,0.0,62.8828125,62.8828125,62.8828125,75.0,81.0,81.0,60.0,0.0,111.515625,108.484375,80.0,,contact,,contact
cylinder,diameter,0.0425,85,82,-75.0,81.16015625,81.16015625,60.0,0.0,62.8828125,62.8828125,62.8828125,75.0,81.15234375,81.15234375,60.0,0.0,111.515625,108.484375,80.0,contact,contact,contact,contact
cylinder,diameter,0.04,80,0,0.0,0.0,0.0,0.0,0.0,0.0,0.0,0.0,0.0,0.0,0.0,0.0,0.0,180.0,40.0,25.0,,,,
cylinder,diameter,0.04,80,1,-1.0,1.0,1.0,1.0,0.0,1.0,1.0,1.0,1.0,1.0,1.0,1.0,0.0,179.0,41.0,26.0,,,,
cylinder,diameter,0.04,80,2,-2.0,2.0,2.0,2.0,0.0,2.0,2.0,2.0,2.0,2.0,2.0,2.0,0.0,178.0,42.0,27.0,,,,
cylinder,diameter,0.04,80,3,-3.0,3.0,3.0,3.0,0.0,3.0,3.0,3.0,3.0,3.0,3.0,3.0,0.0,177.0,43.0,28.0,,,,
cylinder,diameter,0.04,80,4,-4.0,4.0,4.0,4.0,0.0,4.0,4.0,4.0,4.0,4.0,4.0,4.0,0.0,176.0,44.0,29.0,,,,
cylinder,diameter,0.04,80,5,-5.0,5.0,5.0,5.0,0.0,5.0,5.0,5.0,5.0,5.0,5.0,5.0,0.0,175.0,45.0,30.0,,,,
cylinder,diameter,0.04,80,6,-6.0,6.0,6.0,6.0,0.0,6.0,6.0,6.0,6.0,6.0,6.0,6.0,0.0,174.0,46.0,31.0,,,,
cylinder,diameter,0.04,80,7,-7.0,7.0,7.0,7.0,0.0,7.0,7.0,7.0,7.0,7.0,7.0,7.0,0.0,173.0,47.0,32.0,,,,
cylinder,diameter,0.04,80,8,-8.0,8.0,8.0,8.0,0.0,8.0,8.0,8.0,8.0,8.0,8.0,8.0,0.0,172.0,48.0,33.0,,,,
cylinder,diameter,0.04,80,9,-9.0,9.0,9.0,9.0,0.0,9.0,9.0,9.0,9.0,9.0,9.0,9.0,0.0,171.0,49.0,34.0,,,,
cylinder,diameter,0.04,80,10,-10.0,10.0,10.0,10.0,0.0,10.0,10.0,10.0,10.0,10.0,10.0,10.0,0.0,170.0,50.0,35.0,,,,
cylinder,diameter,0.04,80,11,-11.0,11.0,11.0,11.0,0.0,11.0,11.0,11.0,11.0,11.0,11.0,11.0,0.0,169.0,51.0,36.0,,,,
cylinder,diameter,0.04,80,12,-12.0,12.0,12.0,12.0,0.0,12.0,12.0,12.0,12.0,12.0,12.0,12.0,0.0,168.0,52.0,37.0,,,,
cylinder,diameter,0.04,80,13,-13.0,13.0,13.0,13.0,0.0,13.0,13.0,13.0,13.0,13.0,13.0,13.0,0.0,167.0,53.0,38.0,,,,
cylinder,diameter,0.04,80,14,-14.0,14.0,14.0,14.0,0.0,14.0,14.0,14.0,14.0,14.0,14.0,14.0,0.0,166.0,54.0,39.0,,,,
cylinder,diameter,0.04,80,15,-15.0,15.0,15.0,15.0,0.0,15.0,15.0,15.0,15.0,15.0,15.0,15.0,0.0,165.0,55.0,40.0,,,,
cylinder,diameter,0.04,80,16,-16.0,16.0,16.0,16.0,0.0,16.0,16.0,16.0,16.0,16.0,16.0,16.0,0.0,164.0,56.0,41.0,,,,
cylinder,diameter,0.04,80,17,-17.0,17.0,17.0,17.0,0.0,17.0,17.0,17.0,17.0,17.0,17.0,17.0,0.0,163.0,57.0,42.0,,,,
cylinder,diameter,0.04,80,18,-18.0,18.0,18.0,18.0,0.0,18.0,18.0,18.0,18.0,18.0,18.0,18.0,0.0,162.0,58.0,43.0,,,,
cylinder,diameter,0.04,80,19,-19.0,19.0,19.0,19.0,0.0,19.0,19.0,19.0,19.0,19.0,19.0,19.0,0.0,161.0,59.0,44.0,,,,
cylinder,diameter,0.04,80,20,-20.0,20.0,20.0,20.0,0.0,20.0,20.0,20.0,20.0,20.0,20.0,20.0,0.0,160.0,60.0,45.0,,,,
cylinder,diameter,0.04,80,21,-21.0,21.0,21.0,21.0,0.0,21.0,21.0,21.0,21.0,21.0,21.0,21.0,0.0,159.0,61.0,46.0,,,,
cylinder,diameter,0.04,80,22,-22.0,22.0,22.0,22.0,0.0,22.0,22.0,22.0,22.0,22.0,22.0,22.0,0.0,158.0,62.0,47.0,,,,
cylinder,diameter,0.04,80,23,-23.0,23.0,23.0,23.0,0.0,23.0,23.0,23.0,23.0,23.0,23.0,23.0,0.0,157.0,63.0,48.0,,,,
cylinder,diameter,0.04,80,24,-24.0,24.0,24.0,24.0,0.0,24.0,24.0,24.0,24.0,24.0,24.0,24.0,0.0,156.0,64.0,49.0,,,,
cylinder,diameter,0.04,80,25,-25.0,25.0,25.0,25.0,0.0,25.0,25.0,25.0,25.0,25.0,25.0,25.0,0.0,155.0,65.0,50.0,,,,
cylinder,diameter,0.04,80,26,-26.0,26.0,26.0,26.0,0.0,26.0,26.0,26.0,26.0,26.0,26.0,26.0,0.0,154.0,66.0,51.0,,,,
cylinder,diameter,0.04,80,27,-27.0,27.0,27.0,27.0,0.0,27.0,27.0,27.0,27.0,27.0,27.0,27.0,0.0,153.0,67.0,52.0,,,,
cylinder,diameter,0.04,80,28,-28.0,28.0,28.0,28.0,0.0,28.0,28.0,28.0,28.0,28.0,28.0,28.0,0.0,152.0,68.0,53.0,,,,
cylinder,diameter,0.04,80,29,-29.0,29.0,29.0,29.0,0.0,29.0,29.0,29.0,29.0,29.0,29.0,29.0,0.0,151.0,69.0,54.0,,,,
cylinder,diameter,0.04,80,30,-30.0,30.0,30.0,30.0,0.0,30.0,30.0,30.0,30.0,30.0,30.0,30.0,0.0,150.0,70.0,55.0,,,,
cylinder,diameter,0.04,80,31,-31.0,31.0,31.0,31.0,0.0,31.0,31.0,31.0,31.0,31.0,31.0,31.0,0.0,149.0,71.0,56.0,,,,
cylinder,diameter,0.04,80,32,-32.0,32.0,32.0,32.0,0.0,32.0,32.0,32.0,32.0,32.0,32.0,32.0,0.0,148.0,72.0,57.0,,,,
cylinder,diameter,0.04,80,33,-33.0,33.0,33.0,33.0,0.0,33.0,33.0,33.0,33.0,33.0,33.0,33.0,0.0,147.0,73.0,58.0,,,,
cylinder,diameter,0.04,80,34,-34.0,34.0,34.0,34.0,0.0,34.0,34.0,34.0,34.0,34.0,34.0,34.0,0.0,146.0,74.0,59.0,,,,
cylinder,diameter,0.04,80,35,-35.0,35.0,35.0,35.0,0.0,35.0,35.0,35.0,35.0,35.0,35.0,35.0,0.0,145.0,75.0,60.0,,,,
cylinder,diameter,0.04,80,36,-36.0,36.0,36.0,36.0,0.0,36.0,36.0,36.0,36.0,36.0,36.0,36.0,0.0,144.0,76.0,61.0,,,,
cylinder,diameter,0.04,80,37,-37.0,37.0,37.0,37.0,0.0,37.0,37.0,37.0,37.0,37.0,37.0,37.0,0.0,143.0,77.0,62.0,,,,
cylinder,diameter,0.04,80,38,-38.0,38.0,38.0,38.0,0.0,38.0,38.0,38.0,38.0,38.0,38.0,38.0,0.0,142.0,78.0,63.0,,,,
cylinder,diameter,0.04,80,39,-39.0,39.0,39.0,39.0,0.0,39.0,39.0,39.0,39.0,39.0,39.0,39.0,0.0,141.0,79.0,64.0,,,,
cylinder,diameter,0.04,80,40,-40.0,40.0,40.0,40.0,0.0,40.0,40.0,40.0,40.0,40.0,40.0,40.0,0.0,140.0,80.0,65.0,,,,
cylinder,diameter,0.04,80,41,-41.0,41.0,41.0,41.0,0.0,41.0,41.0,41.0,41.0,41.0,41.0,41.0,0.0,139.0,81.0,66.0,,,,
cylinder,diameter,0.04,80,42,-42.0,42.0,42.0,42.0,0.0,42.0,42.0,42.0,42.0,42.0,42.0,42.0,0.0,138.0,82.0,67.0,,,,
cylinder,diameter,0.04,80,43,-43.0,43.0,43.0,43.0,0.0,43.0,43.0,43.0,43.0,43.0,43.0,43.0,0.0,137.0,83.0,68.0,,,,
cylinder,diameter,0.04,80,44,-44.0,44.0,44.0,44.0,0.0,44.0,44.0,44.0,44.0,44.0,44.0,44.0,0.0,136.0,84.0,69.0,,,,
cylinder,diameter,0.04,80,45,-45.0,45.0,45.0,45.0,0.0,45.0,45.0,45.0,45.0,45.0,45.0,45.0,0.0,135.0,85.0,70.0,,,,
cylinder,diameter,0.04,80,46,-46.0,46.0,46.0,46.0,0.0,46.0,46.0,46.0,46.0,46.0,46.0,46.0,0.0,134.0,86.0,71.0,,,,
cylinder,diameter,0.04,80,47,-47.0,47.0,47.0,47.0,0.0,47.0,47.0,47.0,47.0,47.0,47.0,47.0,0.0,133.0,87.0,72.0,,,,
cylinder,diameter,0.04,80,48,-48.0,48.0,48.0,48.0,0.0,48.0,48.0,48.0,48.0,48.0,48.0,48.0,0.0,132.0,88.0,73.0,,,,
cylinder,diameter,0.04,80,49,-49.0,49.0,49.0,49.0,0.0,49.0,49.0,49.0,49.0,49.0,49.0,49.0,0.0,131.0,89.0,74.0,,,,
cylinder,diameter,0.04,80,50,-50.0,50.0,50.0,50.0,0.0,50.0,50.0,50.0,50.0,50.0,50.0,50.0,0.0,130.0,90.0,75.0,,,,
cylinder,diameter,0.04,80,51,-51.0,51.0,51.0,51.0,0.0,51.0,51.0,51.0,51.0,51.0,51.0,51.0,0.0,129.0,91.0,76.0,,,,
cylinder,diameter,0.04,80,52,-52.0,52.0,52.0,52.0,0.0,52.0,52.0,52.0,52.0,52.0,52.0,52.0,0.0,128.0,92.0,77.0,,,,
cylinder,diameter,0.04,80,53,-53.0,53.0,53.0,53.0,0.0,53.0,53.0,53.0,53.0,53.0,53.0,53.0,0.0,127.0,93.0,78.0,,,,
cylinder,diameter,0.04,80,54,-54.0,54.0,54.0,54.0,0.0,54.0,54.0,54.0,54.0,54.0,54.0,54.0,0.0,126.0,94.0,79.0,,,,
cylinder,diameter,0.04,80,55,-55.0,55.0,55.0,55.0,0.0,55.0,55.0,55.0,55.0,55.0,55.0,55.0,0.0,125.0,95.0,80.0,,,,
cylinder,diameter,0.04,80,56,-56.0,56.0,56.0,56.0,0.0,56.0,56.0,56.0,56.0,56.0,56.0,56.0,0.0,124.0,96.0,80.0,,,,
cylinder,diameter,0.04,80,57,-57.0,57.0,57.0,57.0,0.0,57.0,57.0,57.0,57.0,57.0,57.0,57.0,0.0,123.0,97.0,80.0,,,,
cylinder,diameter,0.04,80,58,-58.0,58.0,58.0,58.0,0.0,58.0,58.0,58.0,58.0,58.0,58.0,58.0,0.0,122.0,98.0,80.0,,,,
cylinder,diameter,0.04,80,59,-59.0,59.0,59.0,59.0,0.0,59.0,59.0,59.0,59.0,59.0,59.0,59.0,0.0,121.0,99.0,80.0,,,,
cylinder,diameter,0.04,80,60,-60.0,60.0,60.0,60.0,0.0,60.0,60.0,60.0,60.0,60.0,60.0,60.0,0.0,120.0,100.0,80.0,,,,
cylinder,diameter,0.04,80,61,-61.0,61.0,61.0,60.0,0.0,61.0,61.0,61.0,61.0,61.0,61.0,60.0,0.0,119.0,101.0,80.0,,,,
cylinder,diameter,0.04,80,62,-62.0,62.0,62.0,60.0,0.0,62.0,62.0,62.0,62.0,62.0,62.0,60.0,0.0,118.0,102.0,80.0,,,,
cylinder,diameter,0.04,80,63,-63.0,63.0,63.0,60.0,0.0,63.0,63.0,63.0,63.0,63.0,63.0,60.0,0.0,117.0,103.0,80.0,,,,
cylinder,diameter,0.04,80,64,-64.0,64.0,64.0,60.0,0.0,63.8046875,63.8046875,63.8046875,64.0,64.0,64.0,60.0,0.0,116.0,104.0,80.0,,contact,,
cylinder,diameter,0.04,80,65,-65.0,65.0,65.0,60.0,0.0,63.8046875,63.8046875,63.8046875,65.0,65.0,65.0,60.0,0.0,115.0,105.0,80.0,,contact,,
cylinder,diameter,0.04,80,66,-66.0,66.0,66.0,60.0,0.0,63.8046875,63.8046875,63.8046875,66.0,66.0,66.0,60.0,0.0,114.0,106.0,80.0,,contact,,
cylinder,diameter,0.04,80,67,-67.0,67.0,67.0,60.0,0.0,63.8046875,63.8046875,63.8046875,67.0,67.0,67.0,60.0,0.0,113.0,107.0,80.0,,contact,,
cylinder,diameter,0.04,80,68,-68.0,68.0,68.0,60.0,0.0,63.8046875,63.8046875,63.8046875,68.0,68.0,68.0,60.0,0.0,112.0,108.0,80.0,,contact,,
cylinder,diameter,0.04,80,69,-69.0,69.0,69.0,60.0,0.0,63.8046875,63.8046875,63.8046875,69.0,69.0,69.0,60.0,0.0,111.0,109.0,80.0,,contact,,
cylinder,diameter,0.04,80,70,-70.0,70.0,70.0,60.0,0.0,63.8046875,63.8046875,63.8046875,70.0,70.0,70.0,60.0,0.0,110.24609375,109.75390625,80.0,,contact,,contact
cylinder,diameter,0.04,80,71,-71.0,71.0,71.0,60.0,0.0,63.8046875,63.8046875,63.8046875,71.0,71.0,71.0,60.0,0.0,110.24609375,109.75390625,80.0,,contact,,contact
cylinder,diameter,0.04,80,72,-72.0,72.0,72.0,60.0,0.0,63.8046875,63.8046875,63.8046875,72.0,72.0,72.0,60.0,0.0,110.24609375,109.75390625,80.0,,contact,,contact
cylinder,diameter,0.04,80,73,-73.0,73.0,73.0,60.0,0.0,63.8046875,63.8046875,63.8046875,73.0,73.0,73.0,60.0,0.0,110.24609375,109.75390625,80.0,,contact,,contact
cylinder,diameter,0.04,80,74,-74.0,74.0,74.0,60.0,0.0,63.8046875,63.8046875,63.8046875,74.0,74.0,74.0,60.0,0.0,110.24609375,109.75390625,80.0,,contact,,contact
cylinder,diameter,0.04,80,75,-75.0,75.0,75.0,60.0,0.0,63.8046875,63.8046875,63.8046875,75.0,75.0,75.0,60.0,0.0,110.24609375,109.75390625,80.0,,contact,,contact
cylinder,diameter,0.04,80,76,-75.0,76.0,76.0,60.0,0.0,63.8046875,63.8046875,63.8046875,75.0,76.0,76.0,60.0,0.0,110.24609375,109.75390625,80.0,,contact,,contact
cylinder,diameter,0.04,80,77,-75.0,77.0,77.0,60.0,0.0,63.8046875,63.8046875,63.8046875,75.0,77.0,77.0,60.0,0.0,110.24609375,109.75390625,80.0,,contact,,contact
cylinder,diameter,0.04,80,78,-75.0,78.0,78.0,60.0,0.0,63.8046875,63.8046875,63.8046875,75.0,78.0,78.0,60.0,0.0,110.24609375,109.75390625,80.0,,contact,,contact
cylinder,diameter,0.04,80,79,-75.0,79.0,79.0,60.0,0.0,63.8046875,63.8046875,63.8046875,75.0,79.0,79.0,60.0,0.0,110.24609375,109.75390625,80.0,,contact,,contact
cylinder,diameter,0.04,80,80,-75.0,80.0,80.0,60.0,0.0,63.8046875,63.8046875,63.8046875,75.0,80.0,80.0,60.0,0.0,110.24609375,109.75390625,80.0,,contact,,contact
cylinder,diameter,0.04,80,81,-75.0,81.0,81.0,60.0,0.0,63.8046875,63.8046875,63.8046875,75.0,81.0,81.0,60.0,0.0,110.24609375,109.75390625,80.0,,contact,,contact
cylinder,diameter,0.04,80,82,-75.0,82.0,82.0,60.0,0.0,63.8046875,63.8046875,63.8046875,75.0,82.0,82.0,60.0,0.0,110.24609375,109.75390625,80.0,,contact,,contact
cylinder,diameter,0.04,80,83,-75.0,82.44140625,82.44140625,60.0,0.0,63.8046875,63.8046875,63.8046875,75.0,82.43359375,82.43359375,60.0,0.0,110.24609375,109.75390625,80.0,contact,contact,contact,contact
cylinder,diameter,0.0375,75,0,0.0,0.0,0.0,0.0,0.0,0.0,0.0,0.0,0.0,0.0,0.0,0.0,0.0,180.0,40.0,25.0,,,,
cylinder,diameter,0.0375,75,1,-1.0,1.0,1.0,1.0,0.0,1.0,1.0,1.0,1.0,1.0,1.0,1.0,0.0,179.0,41.0,26.0,,,,
cylinder,diameter,0.0375,75,2,-2.0,2.0,2.0,2.0,0.0,2.0,2.0,2.0,2.0,2.0,2.0,2.0,0.0,178.0,42.0,27.0,,,,
cylinder,diameter,0.0375,75,3,-3.0,3.0,3.0,3.0,0.0,3.0,3.0,3.0,3.0,3.0,3.0,3.0,0.0,177.0,43.0,28.0,,,,
cylinder,diameter,0.0375,75,4,-4.0,4.0,4.0,4.0,0.0,4.0,4.0,4.0,4.0,4.0,4.0,4.0,0.0,176.0,44.0,29.0,,,,
cylinder,diameter,0.0375,75,5,-5.0,5.0,5.0,5.0,0.0,5.0,5.0,5.0,5.0,5.0,5.0,5.0,0.0,175.0,45.0,30.0,,,,
cylinder,diameter,0.0375,75,6,-6.0,6.0,6.0,6.0,0.0,6.0,6.0,6.0,6.0,6.0,6.0,6.0,0.0,174.0,46.0,31.0,,,,
cylinder,diameter,0.0375,75,7,-7.0,7.0,7.0,7.0,0.0,7.0,7.0,7.0,7.0,7.0,7.0,7.0,0.0,173.0,47.0,32.0,,,,
cylinder,diameter,0.0375,75,8,-8.0,8.0,8.0,8.0,0.0,8.0,8.0,8.0,8.0,8.0,8.0,8.0,0.0,172.0,48.0,33.0,,,,
cylinder,diameter,0.0375,75,9,-9.0,9.0,9.0,9.0,0.0,9.0,9.0,9.0,9.0,9.0,9.0,9.0,0.0,171.0,49.0,34.0,,,,
cylinder,diameter,0.0375,75,10,-10.0,10.0,10.0,10.0,0.0,10.0,10.0,10.0,10.0,10.0,10.0,10.0,0.0,170.0,50.0,35.0,,,,
cylinder,diameter,0.0375,75,11,-11.0,11.0,11.0,11.0,0.0,11.0,11.0,11.0,11.0,11.0,11.0,11.0,0.0,169.0,51.0,36.0,,,,
cylinder,diameter,0.0375,75,12,-12.0,12.0,12.0,12.0,0.0,12.0,12.0,12.0,12.0,12.0,12.0,12.0,0.0,168.0,52.0,37.0,,,,
cylinder,diameter,0.0375,75,13,-13.0,13.0,13.0,13.0,0.0,13.0,13.0,13.0,13.0,13.0,13.0,13.0,0.0,167.0,53.0,38.0,,,,
cylinder,diameter,0.0375,75,14,-14.0,14.0,14.0,14.0,0.0,14.0,14.0,14.0,14.0,14.0,14.0,14.0,0.0,166.0,54.0,39.0,,,,
cylinder,diameter,0.0375,75,15,-15.0,15.0,15.0,15.0,0.0,15.0,15.0,15.0,15.0,15.0,15.0,15.0,0.0,165.0,55.0,40.0,,,,
cylinder,diameter,0.0375,75,16,-16.0,16.0,16.0,16.0,0.0,16.0,16.0,16.0,16.0,16.0,16.0,16.0,0.0,164.0,56.0,41.0,,,,
cylinder,diameter,0.0375,75,17,-17.0,17.0,17.0,17.0,0.0,17.0,17.0,17.0,17.0,17.0,17.0,17.0,0.0,163.0,57.0,42.0,,,,
cylinder,diameter,0.0375,75,18,-18.0,18.0,18.0,18.0,0.0,18.0,18.0,18.0,18.0,18.0,18.0,18.0,0.0,162.0,58.0,43.0,,,,
cylinder,diameter,0.0375,75,19,-19.0,19.0,19.0,19.0,0.0,19.0,19.0,19.0,19.0,19.0,19.0,19.0,0.0,161.0,59.0,44.0,,,,
cylinder,diameter,0.0375,75,20,-20.0,20.0,20.0,20.0,0.0,20.0,20.0,20.0,20.0,20.0,20.0,20.0,0.0,160.0,60.0,45.0,,,,
cylinder,diameter,0.0375,75,21,-21.0,21.0,21.0,21.0,0.0,21.0,21.0,21.0,21.0,21.0,21.0,21.0,0.0,159.0,61.0,46.0,,,,
cylinder,diameter,0.0375,75,22,-22.0,22.0,22.0,22.0,0.0,22.0,22.0,22.0,22.0,22.0,22.0,22.0,0.0,158.0,62.0,47.0,,,,
cylinder,diameter,0.0375,75,23,-23.0,23.0,23.0,23.0,0.0,23.0,23.0,23.0,23.0,23.0,23.0,23.0,0.0,157.0,63.0,48.0,,,,
cylinder,diameter,0.0375,75,24,-24.0,24.0,24.0,24.0,0.0,24.0,24.0,24.0,24.0,24.0,24.0,24.0,0.0,156.0,64.0,49.0,,,,
cylinder,diameter,0.0375,75,25,-25.0,25.0,25.0,25.0,0.0,25.0,25.0,25.0,25.0,25.0,25.0,25.0,0.0,155.0,65.0,50.0,,,,
cylinder,diameter,0.0375,75,26,-26.0,26.0,26.0,26.0,0.0,26.0,26.0,26.0,26.0,26.0,26.0,26.0,0.0,154.0,66.0,51.0,,,,
cylinder,diameter,0.0375,75,27,-27.0,27.0,27.0,27.0,0.0,27.0,27.0,27.0,27.0,27.0,27.0,27.0,0.0,153.0,67.0,52.0,,,,
cylinder,diameter,0.0375,75,28,-28.0,28.0,28.0,28.0,0.0,28.0,28.0,28.0,28.0,28.0,28.0,28.0,0.0,152.0,68.0,53.0,,,,
cylinder,diameter,0.0375,75,29,-29.0,29.0,29.0,29.0,0.0,29.0,29.0,29.0,29.0,29.0,29.0,29.0,0.0,151.0,69.0,54.0,,,,
cylinder,diameter,0.0375,75,30,-30.0,30.0,30.0,30.0,0.0,30.0,30.0,30.0,30.0,30.0,30.0,30.0,0.0,150.0,70.0,55.0,,,,
cylinder,diameter,0.0375,75,31,-31.0,31.0,31.0,31.0,0.0,31.0,31.0,31.0,31.0,31.0,31.0,31.0,0.0,149.0,71.0,56.0,,,,
cylinder,diameter,0.0375,75,32,-32.0,32.0,32.0,32.0,0.0,32.0,32.0,32.0,32.0,32.0,32.0,32.0,0.0,148.0,72.0,57.0,,,,
cylinder,diameter,0.0375,75,33,-33.0,33.0,33.0,33.0,0.0,33.0,33.0,33.0,33.0,33.0,33.0,33.0,0.0,147.0,73.0,58.0,,,,
cylinder,diameter,0.0375,75,34,-34.0,34.0,34.0,34.0,0.0,34.0,34.0,34.0,34.0,34.0,34.0,34.0,0.0,146.0,74.0,59.0,,,,
cylinder,diameter,0.0375,75,35,-35.0,35.0,35.0,35.0,0.0,35.0,35.0,35.0,35.0,35.0,35.0,35.0,0.0,145.0,75.0,60.0,,,,
cylinder,diameter,0.0375,75,36,-36.0,36.0,36.0,36.0,0.0,36.0,36.0,36.0,36.0,36.0,36.0,36.0,0.0,144.0,76.0,61.0,,,,
cylinder,diameter,0.0375,75,37,-37.0,37.0,37.0,37.0,0.0,37.0,37.0,37.0,37.0,37.0,37.0,37.0,0.0,143.0,77.0,62.0,,,,
cylinder,diameter,0.0375,75,38,-38.0,38.0,38.0,38.0,0.0,38.0,38.0,38.0,38.0,38.0,38.0,38.0,0.0,142.0,78.0,63.0,,,,
cylinder,diameter,0.0375,75,39,-39.0,39.0,39.0,39.0,0.0,39.0,39.0,39.0,39.0,39.0,39.0,39.0,0.0,141.0,79.0,64.0,,,,
cylinder,diameter,0.0375,75,40,-40.0,40.0,40.0,40.0,0.0,40.0,40.0,40.0,40.0,40.0,40.0,40.0,0.0,140.0,80.0,65.0,,,,
cylinder,diameter,0.0375,75,41,-41.0,41.0,41.0,41.0,0.0,41.0,41.0,41.0,41.0,41.0,41.0,41.0,0.0,139.0,81.0,66.0,,,,
cylinder,diameter,0.0375,75,42,-42.0,42.0,42.0,42.0,0.0,42.0,42.0,42.0,42.0,42.0,42.0,42.0,0.0,138.0,82.0,67.0,,,,
cylinder,diameter,0.0375,75,43,-43.0,43.0,43.0,43.0,0.0,43.0,43.0,43.0,43.0,43.0,43.0,43.0,0.0,137.0,83.0,68.0,,,,
cylinder,diameter,0.0375,75,44,-44.0,44.0,44.0,44.0,0.0,44.0,44.0,44.0,44.0,44.0,44.0,44.0,0.0,136.0,84.0,69.0,,,,
cylinder,diameter,0.0375,75,45,-45.0,45.0,45.0,45.0,0.0,45.0,45.0,45.0,45.0,45.0,45.0,45.0,0.0,135.0,85.0,70.0,,,,
cylinder,diameter,0.0375,75,46,-46.0,46.0,46.0,46.0,0.0,46.0,46.0,46.0,46.0,46.0,46.0,46.0,0.0,134.0,86.0,71.0,,,,
cylinder,diameter,0.0375,75,47,-47.0,47.0,47.0,47.0,0.0,47.0,47.0,47.0,47.0,47.0,47.0,47.0,0.0,133.0,87.0,72.0,,,,
cylinder,diameter,0.0375,75,48,-48.0,48.0,48.0,48.0,0.0,48.0,48.0,48.0,48.0,48.0,48.0,48.0,0.0,132.0,88.0,73.0,,,,
cylinder,diameter,0.0375,75,49,-49.0,49.0,49.0,49.0,0.0,49.0,49.0,49.0,49.0,49.0,49.0,49.0,0.0,131.0,89.0,74.0,,,,
cylinder,diameter,0.0375,75,50,-50.0,50.0,50.0,50.0,0.0,50.0,50.0,50.0,50.0,50.0,50.0,50.0,0.0,130.0,90.0,75.0,,,,
cylinder,diameter,0.0375,75,51,-51.0,51.0,51.0,51.0,0.0,51.0,51.0,51.0,51.0,51.0,51.0,51.0,0.0,129.0,91.0,76.0,,,,
cylinder,diameter,0.0375,75,52,-52.0,52.0,52.0,52.0,0.0,52.0,52.0,52.0,52.0,52.0,52.0,52.0,0.0,128.0,92.0,77.0,,,,
cylinder,diameter,0.0375,75,53,-53.0,53.0,53.0,53.0,0.0,53.0,53.0,53.0,53.0,53.0,53.0,53.0,0.0,127.0,93.0,78.0,,,,
cylinder,diameter,0.0375,75,54,-54.0,54.0,54.0,54.0,0.0,54.0,54.0,54.0,54.0,54.0,54.0,54.0,0.0,126.0,94.0,79.0,,,,
cylinder,diameter,0.0375,75,55,-55.0,55.0,55.0,55.0,0.0,55.0,55.0,55.0,55.0,55.0,55.0,55.0,0.0,125.0,95.0,80.0,,,,
cylinder,diameter,0.0375,75,56,-56.0,56.0,56.0,56.0,0.0,56.0,56.0,56.0,56.0,56.0,56.0,56.0,0.0,124.0,96.0,80.0,,,,
cylinder,diameter,0.0375,75,57,-57.0,57.0,57.0,57.0,0.0,57.0,57.0,57.0,57.0,57.0,57.0,57.0,0.0,123.0,97.0,80.0,,,,
cylinder,diameter,0.0375,75,58,-58.0,58.0,58.0,58.0,0.0,58.0,58.0,58.0,58.0,58.0,58.0,58.0,0.0,122.0,98.0,80.0,,,,
cylinder,diameter,0.0375,75,59,-59.0,59.0,59.0,59.0,0.0,59.0,59.0,59.0,59.0,59.0,59.0,59.0,0.0,121.0,99.0,80.0,,,,
cylinder,diameter,0.0375,75,60,-60.0,60.0,60.0,60.0,0.0,60.0,60.0,60.0,60.0,60.0,60.0,60.0,0.0,120.0,100.0,80.0,,,,
cylinder,diameter,0.0375,75,61,-61.0,61.0,61.0,60.0,0.0,61.0,61.0,61.0,61.0,61.0,61.0,60.0,0.0,119.0,101.0,80.0,,,,
cylinder,diameter,0.0375,75,62,-62.0,62.0,62.0,60.0,0.0,62.0,62.0,62.0,62.0,62.0,62.0,60.0,0.0,118.0,102.0,80.0,,,,
cylinder,diameter,0.0375,75,63,-63.0,63.0,63.0,60.0,0.0,63.0,63.0,63.0,63.0,63.0,63.0,60.0,0.0,117.0,103.0,80.0,,,,
cylinder,diameter,0.0375,75,64,-64.0,64.0,64.0,60.0,0.0,64.0,64.0,64.0,64.0,64.0,64.0,60.0,0.0,116.0,104.0,80.0,,,,
cylinder,diameter,0.0375,75,65,-65.0,65.0,65.0,60.0,0.0,64.72265625,64.72265625,64.72265625,65.0,65.0,65.0,60.0,0.0,115.0,105.0,80.0,,contact,,
cylinder,diameter,0.0375,75,66,-66.0,66.0,66.0,60.0,0.0,64.72265625,64.72265625,64.72265625,66.0,66.0,66.0,60.0,0.0,114.0,106.0,80.0,,contact,,
cylinder,diameter,0.0375,75,67,-67.0,67.0,67.0,60.0,0.0,64.72265625,64.72265625,64.72265625,67.0,67.0,67.0,60.0,0.0,113.0,107.0,80.0,,contact,,
cylinder,diameter,0.0375,75,68,-68.0,68.0,68.0,60.0,0.0,64.72265625,64.72265625,64.72265625,68.0,68.0,68.0,60.0,0.0,112.0,108.0,80.0,,contact,,
cylinder,diameter,0.0375,75,69,-69.0,69.0,69.0,60.0,0.0,64.72265625,64.72265625,64.72265625,69.0,69.0,69.0,60.0,0.0,111.0,109.0,80.0,,contact,,
cylinder,diameter,0.0375,75,70,-70.0,70.0,70.0,60.0,0.0,64.72265625,64.72265625,64.72265625,70.0,70.0,70.0,60.0,0.0,110.0,110.0,80.0,,contact,,
cylinder,diameter,0.0375,75,71,-71.0,71.0,71.0,60.0,0.0,64.72265625,64.72265625,64.72265625,71.0,71.0,71.0,60.0,0.0,109.0,110.0,80.0,,contact,,
cylinder,diameter,0.0375,75,72,-72.0,72.0,72.0,60.0,0.0,64.72265625,64.72265625,64.72265625,72.0,72.0,72.0,60.0,0.0,108.0,110.0,80.0,,contact,,
cylinder,diameter,0.0375,75,73,-73.0,73.0,73.0,60.0,0.0,64.72265625,64.72265625,64.72265625,73.0,73.0,73.0,60.0,0.0,107.99609375,110.0,80.0,,contact,,contact
cylinder,diameter,0.0375,75,74,-74.0,74.0,74.0,60.0,0.0,64.72265625,64.72265625,64.72265625,74.0,74.0,74.0,60.0,0.0,107.99609375,110.0,80.0,,contact,,contact
cylinder,diameter,0.0375,75,75,-75.0,75.0,75.0,60.0,0.0,64.72265625,64.72265625,64.72265625,75.0,75.0,75.0,60.0,0.0,107.99609375,110.0,80.0,,contact,,contact
cylinder,diameter,0.0375,75,76,-75.0,76.0,76.0,60.0,0.0,64.72265625,64.72265625,64.72265625,75.0,76.0,76.0,60.0,0.0,107.99609375,110.0,80.0,,contact,,contact
cylinder,diameter,0.0375,75,77,-75.0,77.0,77.0,60.0,0.0,64.72265625,64.72265625,64.72265625,75.0,77.0,77.0,60.0,0.0,107.99609375,110.0,80.0,,contact,,contact
cylinder,diameter,0.0375,75,78,-75.0,78.0,78.0,60.0,0.0,64.72265625,64.72265625,64.72265625,75.0,78.0,78.0,60.0,0.0,107.99609375,110.0,80.0,,contact,,contact
cylinder,diameter,0.0375,75,79,-75.0,79.0,79.0,60.0,0.0,64.72265625,64.72265625,64.72265625,75.0,79.0,79.0,60.0,0.0,107.99609375,110.0,80.0,,contact,,contact
cylinder,diameter,0.0375,75,80,-75.0,80.0,80.0,60.0,0.0,64.72265625,64.72265625,64.72265625,75.0,80.0,80.0,60.0,0.0,107.99609375,110.0,80.0,,contact,,contact
cylinder,diameter,0.0375,75,81,-75.0,81.0,81.0,60.0,0.0,64.72265625,64.72265625,64.72265625,75.0,81.0,81.0,60.0,0.0,107.99609375,110.0,80.0,,contact,,contact
cylinder,diameter,0.0375,75,82,-75.0,82.0,82.0,60.0,0.0,64.72265625,64.72265625,64.72265625,75.0,82.0,82.0,60.0,0.0,107.99609375,110.0,80.0,,contact,,contact
cylinder,diameter,0.0375,75,83,-75.0,83.0,83.0,60.0,0.0,64.72265625,64.72265625,64.72265625,75.0,83.0,83.0,60.0,0.0,107.99609375,110.0,80.0,,contact,,contact
cylinder,diameter,0.0375,75,84,-75.0,83.7421875,83.7421875,60.0,0.0,64.72265625,64.72265625,64.72265625,75.0,83.734375,83.734375,60.0,0.0,107.99609375,110.0,80.0,contact,contact,contact,contact
cylinder,diameter,0.035,70,0,0.0,0.0,0.0,0.0,0.0,0.0,0.0,0.0,0.0,0.0,0.0,0.0,0.0,180.0,40.0,25.0,,,,
cylinder,diameter,0.035,70,1,-1.0,1.0,1.0,1.0,0.0,1.0,1.0,1.0,1.0,1.0,1.0,1.0,0.0,179.0,41.0,26.0,,,,
cylinder,diameter,0.035,70,2,-2.0,2.0,2.0,2.0,0.0,2.0,2.0,2.0,2.0,2.0,2.0,2.0,0.0,178.0,42.0,27.0,,,,
cylinder,diameter,0.035,70,3,-3.0,3.0,3.0,3.0,0.0,3.0,3.0,3.0,3.0,3.0,3.0,3.0,0.0,177.0,43.0,28.0,,,,
cylinder,diameter,0.035,70,4,-4.0,4.0,4.0,4.0,0.0,4.0,4.0,4.0,4.0,4.0,4.0,4.0,0.0,176.0,44.0,29.0,,,,
cylinder,diameter,0.035,70,5,-5.0,5.0,5.0,5.0,0.0,5.0,5.0,5.0,5.0,5.0,5.0,5.0,0.0,175.0,45.0,30.0,,,,
cylinder,diameter,0.035,70,6,-6.0,6.0,6.0,6.0,0.0,6.0,6.0,6.0,6.0,6.0,6.0,6.0,0.0,174.0,46.0,31.0,,,,
cylinder,diameter,0.035,70,7,-7.0,7.0,7.0,7.0,0.0,7.0,7.0,7.0,7.0,7.0,7.0,7.0,0.0,173.0,47.0,32.0,,,,
cylinder,diameter,0.035,70,8,-8.0,8.0,8.0,8.0,0.0,8.0,8.0,8.0,8.0,8.0,8.0,8.0,0.0,172.0,48.0,33.0,,,,
cylinder,diameter,0.035,70,9,-9.0,9.0,9.0,9.0,0.0,9.0,9.0,9.0,9.0,9.0,9.0,9.0,0.0,171.0,49.0,34.0,,,,
cylinder,diameter,0.035,70,10,-10.0,10.0,10.0,10.0,0.0,10.0,10.0,10.0,10.0,10.0,10.0,10.0,0.0,170.0,50.0,35.0,,,,
cylinder,diameter,0.035,70,11,-11.0,11.0,11.0,11.0,0.0,11.0,11.0,11.0,11.0,11.0,11.0,11.0,0.0,169.0,51.0,36.0,,,,
cylinder,diameter,0.035,70,12,-12.0,12.0,12.0,12.0,0.0,12.0,12.0,12.0,12.0,12.0,12.0,12.0,0.0,168.0,52.0,37.0,,,,
cylinder,diameter,0.035,70,13,-13.0,13.0,13.0,13.0,0.0,13.0,13.0,13.0,13.0,13.0,13.0,13.0,0.0,167.0,53.0,38.0,,,,
cylinder,diameter,0.035,70,14,-14.0,14.0,14.0,14.0,0.0,14.0,14.0,14.0,14.0,14.0,14.0,14.0,0.0,166.0,54.0,39.0,,,,
cylinder,diameter,0.035,70,15,-15.0,15.0,15.0,15.0,0.0,15.0,15.0,15.0,15.0,15.0,15.0,15.0,0.0,165.0,55.0,40.0,,,,
cylinder,diameter,0.035,70,16,-16.0,16.0,16.0,16.0,0.0,16.0,16.0,16.0,16.0,16.0,16.0,16.0,0.0,164.0,56.0,41.0,,,,
cylinder,diameter,0.035,70,17,-17.0,17.0,17.0,17.0,0.0,17.0,17.0,17.0,17.0,17.0,17.0,17.0,0.0,163.0,57.0,42.0,,,,
cylinder,diameter,0.035,70,18,-18.0,18.0,18.0,18.0,0.0,18.0,18.0,18.0,18.0,18.0,18.0,18.0,0.0,162.0,58.0,43.0,,,,
cylinder,diameter,0.035,70,19,-19.0,19.0,19.0,19.0,0.0,19.0,19.0,19.0,19.0,19.0,19.0,19.0,0.0,161.0,59.0,44.0,,,,
cylinder,diameter,0.035,70,20,-20.0,20.0,20.0,20.0,0.0,20.0,20.0,20.0,20.0,20.0,20.0,20.0,0.0,160.0,60.0,45.0,,,,
cylinder,diameter,0.035,70,21,-21.0,21.0,21.0,21.0,0.0,21.0,21.0,21.0,21.0,21.0,21.0,21.0,0.0,159.0,61.0,46.0,,,,
cylinder,diameter,0.035,70,22,-22.0,22.0,22.0,22.0,0.0,22.0,22.0,22.0,22.0,22.0,22.0,22.0,0.0,158.0,62.0,47.0,,,,
cylinder,diameter,0.035,70,23,-23.0,23.0,23.0,23.0,0.0,23.0,23.0,23.0,23.0,23.0,23.0,23.0,0.0,157.0,63.0,48.0,,,,
cylinder,diameter,0.035,70,24,-24.0,24.0,24.0,24.0,0.0,24.0,24.0,24.0,24.0,24.0,24.0,24.0,0.0,156.0,64.0,49.0,,,,
cylinder,diameter,0.035,70,25,-25.0,25.0,25.0,25.0,0.0,25.0,25.0,25.0,25.0,25.0,25.0,25.0,0.0,155.0,65.0,50.0,,,,
cylinder,diameter,0.035,70,26,-26.0,26.0,26.0,26.0,0.0,26.0,26.0,26.0,26.0,26.0,26.0,26.0,0.0,154.0,66.0,51.0,,,,
cylinder,diameter,0.035,70,27,-27.0,27.0,27.0,27.0,0.0,27.0,27.0,27.0,27.0,27.0,27.0,27.0,0.0,153.0,67.0,52.0,,,,
cylinder,diameter,0.035,70,28,-28.0,28.0,28.0,28.0,0.0,28.0,28.0,28.0,28.0,28.0,28.0,28.0,0.0,152.0,68.0,53.0,,,,
cylinder,diameter,0.035,70,29,-29.0,29.0,29.0,29.0,0.0,29.0,29.0,29.0,29.0,29.0,29.0,29.0,0.0,151.0,69.0,54.0,,,,
cylinder,diameter,0.035,70,30,-30.0,30.0,30.0,30.0,0.0,30.0,30.0,30.0,30.0,30.0,30.0,30.0,0.0,150.0,70.0,55.0,,,,
cylinder,diameter,0.035,70,31,-31.0,31.0,31.0,31.0,0.0,31.0,31.0,31.0,31.0,31.0,31.0,31.0,0.0,149.0,71.0,56.0,,,,
cylinder,diameter,0.035,70,32,-32.0,32.0,32.0,32.0,0.0,32.0,32.0,32.0,32.0,32.0,32.0,32.0,0.0,148.0,72.0,57.0,,,,
cylinder,diameter,0.035,70,33,-33.0,33.0,33.0,33.0,0.0,33.0,33.0,33.0,33.0,33.0,33.0,33.0,0.0,147.0,73.0,58.0,,,,
cylinder,diameter,0.035,70,34,-34.0,34.0,34.0,34.0,0.0,34.0,34.0,34.0,34.0,34.0,34.0,34.0,0.0,146.0,74.0,59.0,,,,
cylinder,diameter,0.035,70,35,-35.0,35.0,35.0,35.0,0.0,35.0,35.0,35.0,35.0,35.0,35.0,35.0,0.0,145.0,75.0,60.0,,,,
cylinder,diameter,0.035,70,36,-36.0,36.0,36.0,36.0,0.0,36.0,36.0,36.0,36.0,36.0,36.0,36.0,0.0,144.0,76.0,61.0,,,,
cylinder,diameter,0.035,70,37,-37.0,37.0,37.0,37.0,0.0,37.0,37.0,37.0,37.0,37.0,37.0,37.0,0.0,143.0,77.0,62.0,,,,
cylinder,diameter,0.035,70,38,-38.0,38.0,38.0,38.0,0.0,38.0,38.0,38.0,38.0,38.0,38.0,38.0,0.0,142.0,78.0,63.0,,,,
cylinder,diameter,0.035,70,39,-39.0,39.0,39.0,39.0,0.0,39.0,39.0,39.0,39.0,39.0,39.0,39.0,0.0,141.0,79.0,64.0,,,,
cylinder,diameter,0.035,70,40,-40.0,40.0,40.0,40.0,0.0,40.0,40.0,40.0,40.0,40.0,40.0,40.0,0.0,140.0,80.0,65.0,,,,
cylinder,diameter,0.035,70,41,-41.0,41.0,41.0,41.0,0.0,41.0,41.0,41.0,41.0,41.0,41.0,41.0,0.0,139.0,81.0,66.0,,,,
cylinder,diameter,0.035,70,42,-42.0,42.0,42.0,42.0,0.0,42.0,42.0,42.0,42.0,42.0,42.0,42.0,0.0,138.0,82.0,67.0,,,,
cylinder,diameter,0.035,70,43,-43.0,43.0,43.0,43.0,0.0,43.0,43.0,43.0,43.0,43.0,43.0,43.0,0.0,137.0,83.0,68.0,,,,
cylinder,diameter,0.035,70,44,-44.0,44.0,44.0,44.0,0.0,44.0,44.0,44.0,44.0,44.0,44.0,44.0,0.0,136.0,84.0,69.0,,,,
cylinder,diameter,0.035,70,45,-45.0,45.0,45.0,45.0,0.0,45.0,45.0,45.0,45.0,45.0,45.0,45.0,0.0,135.0,85.0,70.0,,,,
cylinder,diameter,0.035,70,46,-46.0,46.0,46.0,46.0,0.0,46.0,46.0,46.0,46.0,46.0,46.0,46.0,0.0,134.0,86.0,71.0,,,,
cylinder,diameter,0.035,70,47,-47.0,47.0,47.0,47.0,0.0,47.0,47.0,47.0,47.0,47.0,47.0,47.0,0.0,133.0,87.0,72.0,,,,
cylinder,diameter,0.035,70,48,-48.0,48.0,48.0,48.0,0.0,48.0,48.0,48.0,48.0,48.0,48.0,48.0,0.0,132.0,88.0,73.0,,,,
cylinder,diameter,0.035,70,49,-49.0,49.0,49.0,49.0,0.0,49.0,49.0,49.0,49.0,49.0,49.0,49.0,0.0,131.0,89.0,74.0,,,,
cylinder,diameter,0.035,70,50,-50.0,50.0,50.0,50.0,0.0,50.0,50.0,50.0,50.0,50.0,50.0,50.0,0.0,130.0,90.0,75.0,,,,
cylinder,diameter,0.035,70,51,-51.0,51.0,51.0,51.0,0.0,51.0,51.0,51.0,51.0,51.0,51.0,51.0,0.0,129.0,91.0,76.0,,,,
cylinder,diameter,0.035,70,52,-52.0,52.0,52.0,52.0,0.0,52.0,52.0,52.0,52.0,52.0,52.0,52.0,0.0,128.0,92.0,77.0,,,,
cylinder,diameter,0.035,70,53,-53.0,53.0,53.0,53.0,0.0,53.0,53.0,53.0,53.0,53.0,53.0,53.0,0.0,127.0,93.0,78.0,,,,
cylinder,diameter,0.035,70,54,-54.0,54.0,54.0,54.0,0.0,54.0,54.0,54.0,54.0,54.0,54.0,54.0,0.0,126.0,94.0,79.0,,,,
cylinder,diameter,0.035,70,55,-55.0,55.0,55.0,55.0,0.0,55.0,55.0,55.0,55.0,55.0,55.0,55.0,0.0,125.0,95.0,80.0,,,,
cylinder,diameter,0.035,70,56,-56.0,56.0,56.0,56.0,0.0,56.0,56.0,56.0,56.0,56.0,56.0,56.0,0.0,124.0,96.0,80.0,,,,
cylinder,diameter,0.035,70,57,-57.0,57.0,57.0,57.0,0.0,57.0,57.0,57.0,57.0,57.0,57.0,57.0,0.0,123.0,97.0,80.0,,,,
cylinder,diameter,0.035,70,58,-58.0,58.0,58.0,58.0,0.0,58.0,58.0,58.0,58.0,58.0,58.0,58.0,0.0,122.0,98.0,80.0,,,,
cylinder,diameter,0.035,70,59,-59.0,59.0,59.0,59.0,0.0,59.0,59.0,59.0,59.0,59.0,59.0,59.0,0.0,121.0,99.0,80.0,,,,
cylinder,diameter,0.035,70,60,-60.0,60.0,60.0,60.0,0.0,60.0,60.0,60.0,60.0,60.0,60.0,60.0,0.0,120.0,100.0,80.0,,,,
cylinder,diameter,0.035,70,61,-61.0,61.0,61.0,60.0,0.0,61.0,61.0,61.0,61.0,61.0,61.0,60.0,0.0,119.0,101.0,80.0,,,,
cylinder,diameter,0.035,70,62,-62.0,62.0,62.0,60.0,0.0,62.0,62.0,62.0,62.0,62.0,62.0,60.0,0.0,118.0,102.0,80.0,,,,
cylinder,diameter,0.035,70,63,-63.0,63.0,63.0,60.0,0.0,63.0,63.0,63.0,63.0,63.0,63.0,60.0,0.0,117.0,103.0,80.0,,,,
cylinder,diameter,0.035,70,64,-64.0,64.0,64.0,60.0,0.0,64.0,64.0,64.0,64.0,64.0,64.0,60.0,0.0,116.0,104.0,80.0,,,,
cylinder,diameter,0.035,70,65,-65.0,65.0,65.0,60.0,0.0,65.0,65.0,65.0,65.0,65.0,65.0,60.0,0.0,115.0,105.0,80.0,,,,
cylinder,diameter,0.035,70,66,-66.0,66.0,66.0,60.0,0.0,65.89453125,65.89453125,65.0,66.0,66.0,66.0,60.0,0.0,114.0,106.0,80.0,,contact,,
cylinder,diameter,0.035,70,67,-67.0,67.0,67.0,60.0,0.0,65.89453125,65.89453125,65.0,67.0,67.0,67.0,60.0,0.0,113.0,107.0,80.0,,contact,,
cylinder,diameter,0.035,70,68,-68.0,68.0,68.0,60.0,0.0,65.89453125,65.89453125,65.0,68.0,68.0,68.0,60.0,0.0,112.0,108.0,80.0,,contact,,
cylinder,diameter,0.035,70,69,-69.0,69.0,69.0,60.0,0.0,65.89453125,65.89453125,65.0,69.0,69.0,69.0,60.0,0.0,111.0,109.0,80.0,,contact,,
cylinder,diameter,0.035,70,70,-70.0,70.0,70.0,60.0,0.0,65.89453125,65.89453125,65.0,70.0,70.0,70.0,60.0,0.0,110.0,110.0,80.0,,contact,,
cylinder,diameter,0.035,70,71,-71.0,71.0,71.0,60.0,0.0,65.89453125,65.89453125,65.0,71.0,71.0,71.0,60.0,0.0,109.0,110.0,80.0,,contact,,
cylinder,diameter,0.035,70,72,-72.0,72.0,72.0,60.0,0.0,65.89453125,65.89453125,65.0,72.0,72.0,72.0,60.0,0.0,108.0,110.0,80.0,,contact,,
cylinder,diameter,0.035,70,73,-73.0,73.0,73.0,60.0,0.0,65.89453125,65.89453125,65.0,73.0,73.0,73.0,60.0,0.0,107.0,110.0,80.0,,contact,,
cylinder,diameter,0.035,70,74,-74.0,74.0,74.0,60.0,0.0,65.89453125,65.89453125,65.0,74.0,74.0,74.0,60.0,0.0,106.0,110.0,80.0,,contact,,
cylinder,diameter,0.035,70,75,-75.0,75.0,75.0,60.0,0.0,65.89453125,65.89453125,65.0,75.0,75.0,75.0,60.0,0.0,105.515625,110.0,80.0,,contact,,contact
cylinder,diameter,0.035,70,76,-75.0,76.0,76.0,60.0,0.0,65.89453125,65.89453125,65.0,75.0,76.0,76.0,60.0,0.0,105.515625,110.0,80.0,,contact,,contact
cylinder,diameter,0.035,70,77,-75.0,77.0,77.0,60.0,0.0,65.89453125,65.89453125,65.0,75.0,77.0,77.0,60.0,0.0,105.515625,110.0,80.0,,contact,,contact
cylinder,diameter,0.035,70,78,-75.0,78.0,78.0,60.0,0.0,65.89453125,65.89453125,65.0,75.0,78.0,78.0,60.0,0.0,105.515625,110.0,80.0,,contact,,contact
cylinder,diameter,0.035,70,79,-75.0,79.0,79.0,60.0,0.0,65.89453125,65.89453125,65.0,75.0,79.0,79.0,60.0,0.0,105.515625,110.0,80.0,,contact,,contact
cylinder,diameter,0.035,70,80,-75.0,80.0,80.0,60.0,0.0,65.89453125,65.89453125,65.0,75.0,80.0,80.0,60.0,0.0,105.515625,110.0,80.0,,contact,,contact
cylinder,diameter,0.035,70,81,-75.0,81.0,81.0,60.0,0.0,65.89453125,65.89453125,65.0,75.0,81.0,81.0,60.0,0.0,105.515625,110.0,80.0,,contact,,contact
cylinder,diameter,0.035,70,82,-75.0,82.0,82.0,60.0,0.0,65.89453125,65.89453125,65.0,75.0,82.0,82.0,60.0,0.0,105.515625,110.0,80.0,,contact,,contact
cylinder,diameter,0.035,70,83,-75.0,83.0,83.0,60.0,0.0,65.89453125,65.89453125,65.0,75.0,83.0,83.0,60.0,0.0,105.515625,110.0,80.0,,contact,,contact
cylinder,diameter,0.035,70,84,-75.0,84.0,84.0,60.0,0.0,65.89453125,65.89453125,65.0,75.0,84.0,84.0,60.0,0.0,105.515625,110.0,80.0,,contact,,contact
cylinder,diameter,0.035,70,85,-75.0,85.0,85.0,60.0,0.0,65.89453125,65.89453125,65.0,75.0,85.0,85.0,60.0,0.0,105.515625,110.0,80.0,,contact,,contact
cylinder,diameter,0.035,70,86,-75.0,85.06640625,85.06640625,60.0,0.0,65.89453125,65.89453125,65.0,75.0,85.05859375,85.05859375,60.0,0.0,105.515625,110.0,80.0,contact,contact,contact,contact
cylinder,diameter,0.0325,65,0,0.0,0.0,0.0,0.0,0.0,0.0,0.0,0.0,0.0,0.0,0.0,0.0,0.0,180.0,40.0,25.0,,,,
cylinder,diameter,0.0325,65,1,-1.0,1.0,1.0,1.0,0.0,1.0,1.0,1.0,1.0,1.0,1.0,1.0,0.0,179.0,41.0,26.0,,,,
cylinder,diameter,0.0325,65,2,-2.0,2.0,2.0,2.0,0.0,2.0,2.0,2.0,2.0,2.0,2.0,2.0,0.0,178.0,42.0,27.0,,,,
cylinder,diameter,0.0325,65,3,-3.0,3.0,3.0,3.0,0.0,3.0,3.0,3.0,3.0,3.0,3.0,3.0,0.0,177.0,43.0,28.0,,,,
cylinder,diameter,0.0325,65,4,-4.0,4.0,4.0,4.0,0.0,4.0,4.0,4.0,4.0,4.0,4.0,4.0,0.0,176.0,44.0,29.0,,,,
cylinder,diameter,0.0325,65,5,-5.0,5.0,5.0,5.0,0.0,5.0,5.0,5.0,5.0,5.0,5.0,5.0,0.0,175.0,45.0,30.0,,,,
cylinder,diameter,0.0325,65,6,-6.0,6.0,6.0,6.0,0.0,6.0,6.0,6.0,6.0,6.0,6.0,6.0,0.0,174.0,46.0,31.0,,,,
cylinder,diameter,0.0325,65,7,-7.0,7.0,7.0,7.0,0.0,7.0,7.0,7.0,7.0,7.0,7.0,7.0,0.0,173.0,47.0,32.0,,,,
cylinder,diameter,0.0325,65,8,-8.0,8.0,8.0,8.0,0.0,8.0,8.0,8.0,8.0,8.0,8.0,8.0,0.0,172.0,48.0,33.0,,,,
cylinder,diameter,0.0325,65,9,-9.0,9.0,9.0,9.0,0.0,9.0,9.0,9.0,9.0,9.0,9.0,9.0,0.0,171.0,49.0,34.0,,,,
cylinder,diameter,0.0325,65,10,-10.0,10.0,10.0,10.0,0.0,10.0,10.0,10.0,10.0,10.0,10.0,10.0,0.0,170.0,50.0,35.0,,,,
cylinder,diameter,0.0325,65,11,-11.0,11.0,11.0,11.0,0.0,11.0,11.0,11.0,11.0,11.0,11.0,11.0,0.0,169.0,51.0,36.0,,,,
cylinder,diameter,0.0325,65,12,-12.0,12.0,12.0,12.0,0.0,12.0,12.0,12.0,12.0,12.0,12.0,12.0,0.0,168.0,52.0,37.0,,,,
cylinder,diameter,0.0325,65,13,-13.0,13.0,13.0,13.0,0.0,13.0,13.0,13.0,13.0,13.0,13.0,13.0,0.0,167.0,53.0,38.0,,,,
cylinder,diameter,0.0325,65,14,-14.0,14.0,14.0,14.0,0.0,14.0,14.0,14.0,14.0,14.0,14.0,14.0,0.0,166.0,54.0,39.0,,,,
cylinder,diameter,0.0325,65,15,-15.0,15.0,15.0,15.0,0.0,15.0,15.0,15.0,15.0,15.0,15.0,15.0,0.0,165.0,55.0,40.0,,,,
cylinder,diameter,0.0325,65,16,-16.0,16.0,16.0,16.0,0.0,16.0,16.0,16.0,16.0,16.0,16.0,16.0,0.0,164.0,56.0,41.0,,,,
cylinder,diameter,0.0325,65,17,-17.0,17.0,17.0,17.0,0.0,17.0,17.0,17.0,17.0,17.0,17.0,17.0,0.0,163.0,57.0,42.0,,,,
cylinder,diameter,0.0325,65,18,-18.0,18.0,18.0,18.0,0.0,18.0,18.0,18.0,18.0,18.0,18.0,18.0,0.0,162.0,58.0,43.0,,,,
cylinder,diameter,0.0325,65,19,-19.0,19.0,19.0,19.0,0.0,19.0,19.0,19.0,19.0,19.0,19.0,19.0,0.0,161.0,59.0,44.0,,,,
cylinder,diameter,0.0325,65,20,-20.0,20.0,20.0,20.0,0.0,20.0,20.0,20.0,20.0,20.0,20.0,20.0,0.0,160.0,60.0,45.0,,,,
cylinder,diameter,0.0325,65,21,-21.0,21.0,21.0,21.0,0.0,21.0,21.0,21.0,21.0,21.0,21.0,21.0,0.0,159.0,61.0,46.0,,,,
cylinder,diameter,0.0325,65,22,-22.0,22.0,22.0,22.0,0.0,22.0,22.0,22.0,22.0,22.0,22.0,22.0,0.0,158.0,62.0,47.0,,,,
cylinder,diameter,0.0325,65,23,-23.0,23.0,23.0,23.0,0.0,23.0,23.0,23.0,23.0,23.0,23.0,23.0,0.0,157.0,63.0,48.0,,,,
cylinder,diameter,0.0325,65,24,-24.0,24.0,24.0,24.0,0.0,24.0,24.0,24.0,24.0,24.0,24.0,24.0,0.0,156.0,64.0,49.0,,,,
cylinder,diameter,0.0325,65,25,-25.0,25.0,25.0,25.0,0.0,25.0,25.0,25.0,25.0,25.0,25.0,25.0,0.0,155.0,65.0,50.0,,,,
cylinder,diameter,0.0325,65,26,-26.0,26.0,26.0,26.0,0.0,26.0,26.0,26.0,26.0,26.0,26.0,26.0,0.0,154.0,66.0,51.0,,,,
cylinder,diameter,0.0325,65,27,-27.0,27.0,27.0,27.0,0.0,27.0,27.0,27.0,27.0,27.0,27.0,27.0,0.0,153.0,67.0,52.0,,,,
cylinder,diameter,0.0325,65,28,-28.0,28.0,28.0,28.0,0.0,28.0,28.0,28.0,28.0,28.0,28.0,28.0,0.0,152.0,68.0,53.0,,,,
cylinder,diameter,0.0325,65,29,-29.0,29.0,29.0,29.0,0.0,29.0,29.0,29.0,29.0,29.0,29.0,29.0,0.0,151.0,69.0,54.0,,,,
cylinder,diameter,0.0325,65,30,-30.0,30.0,30.0,30.0,0.0,30.0,30.0,30.0,30.0,30.0,30.0,30.0,0.0,150.0,70.0,55.0,,,,
cylinder,diameter,0.0325,65,31,-31.0,31.0,31.0,31.0,0.0,31.0,31.0,31.0,31.0,31.0,31.0,31.0,0.0,149.0,71.0,56.0,,,,
cylinder,diameter,0.0325,65,32,-32.0,32.0,32.0,32.0,0.0,32.0,32.0,32.0,32.0,32.0,32.0,32.0,0.0,148.0,72.0,57.0,,,,
cylinder,diameter,0.0325,65,33,-33.0,33.0,33.0,33.0,0.0,33.0,33.0,33.0,33.0,33.0,33.0,33.0,0.0,147.0,73.0,58.0,,,,
cylinder,diameter,0.0325,65,34,-34.0,34.0,34.0,34.0,0.0,34.0,34.0,34.0,34.0,34.0,34.0,34.0,0.0,146.0,74.0,59.0,,,,
cylinder,diameter,0.0325,65,35,-35.0,35.0,35.0,35.0,0.0,35.0,35.0,35.0,35.0,35.0,35.0,35.0,0.0,145.0,75.0,60.0,,,,
cylinder,diameter,0.0325,65,36,-36.0,36.0,36.0,36.0,0.0,36.0,36.0,36.0,36.0,36.0,36.0,36.0,0.0,144.0,76.0,61.0,,,,
cylinder,diameter,0.0325,65,37,-37.0,37.0,37.0,37.0,0.0,37.0,37.0,37.0,37.0,37.0,37.0,37.0,0.0,143.0,77.0,62.0,,,,
cylinder,diameter,0.0325,65,38,-38.0,38.0,38.0,38.0,0.0,38.0,38.0,38.0,38.0,38.0,38.0,38.0,0.0,142.0,78.0,63.0,,,,
cylinder,diameter,0.0325,65,39,-39.0,39.0,39.0,39.0,0.0,39.0,39.0,39.0,39.0,39.0,39.0,39.0,0.0,141.0,79.0,64.0,,,,
cylinder,diameter,0.0325,65,40,-40.0,40.0,40.0,40.0,0.0,40.0,40.0,40.0,40.0,40.0,40.0,40.0,0.0,140.0,80.0,65.0,,,,
cylinder,diameter,0.0325,65,41,-41.0,41.0,41.0,41.0,0.0,41.0,41.0,41.0,41.0,41.0,41.0,41.0,0.0,139.0,81.0,66.0,,,,
cylinder,diameter,0.0325,65,42,-42.0,42.0,42.0,42.0,0.0,42.0,42.0,42.0,42.0,42.0,42.0,42.0,0.0,138.0,82.0,67.0,,,,
cylinder,diameter,0.0325,65,43,-43.0,43.0,43.0,43.0,0.0,43.0,43.0,43.0,43.0,43.0,43.0,43.0,0.0,137.0,83.0,68.0,,,,
cylinder,diameter,0.0325,65,44,-44.0,44.0,44.0,44.0,0.0,44.0,44.0,44.0,44.0,44.0,44.0,44.0,0.0,136.0,84.0,69.0,,,,
cylinder,diameter,0.0325,65,45,-45.0,45.0,45.0,45.0,0.0,45.0,45.0,45.0,45.0,45.0,45.0,45.0,0.0,135.0,85.0,70.0,,,,
cylinder,diameter,0.0325,65,46,-46.0,46.0,46.0,46.0,0.0,46.0,46.0,46.0,46.0,46.0,46.0,46.0,0.0,134.0,86.0,71.0,,,,
cylinder,diameter,0.0325,65,47,-47.0,47.0,47.0,47.0,0.0,47.0,47.0,47.0,47.0,47.0,47.0,47.0,0.0,133.0,87.0,72.0,,,,
cylinder,diameter,0.0325,65,48,-48.0,48.0,48.0,48.0,0.0,48.0,48.0,48.0,48.0,48.0,48.0,48.0,0.0,132.0,88.0,73.0,,,,
cylinder,diameter,0.0325,65,49,-49.0,49.0,49.0,49.0,0.0,49.0,49.0,49.0,49.0,49.0,49.0,49.0,0.0,131.0,89.0,74.0,,,,
cylinder,diameter,0.0325,65,50,-50.0,50.0,50.0,50.0,0.0,50.0,50.0,50.0,50.0,50.0,50.0,50.0,0.0,130.0,90.0,75.0,,,,
cylinder,diameter,0.0325,65,51,-51.0,51.0,51.0,51.0,0.0,51.0,51.0,51.0,51.0,51.0,51.0,51.0,0.0,129.0,91.0,76.0,,,,
cylinder,diameter,0.0325,65,52,-52.0,52.0,52.0,52.0,0.0,52.0,52.0,52.0,52.0,52.0,52.0,52.0,0.0,128.0,92.0,77.0,,,,
cylinder,diameter,0.0325,65,53,-53.0,53.0,53.0,53.0,0.0,53.0,53.0,53.0,53.0,53.0,53.0,53.0,0.0,127.0,93.0,78.0,,,,
cylinder,diameter,0.0325,65,54,-54.0,54.0,54.0,54.0,0.0,54.0,54.0,54.0,54.0,54.0,54.0,54.0,0.0,126.0,94.0,79.0,,,,
cylinder,diameter,0.0325,65,55,-55.0,55.0,55.0,55.0,0.0,55.0,55.0,55.0,55.0,55.0,55.0,55.0,0.0,125.0,95.0,80.0,,,,
cylinder,diameter,0.0325,65,56,-56.0,56.0,56.0,56.0,0.0,56.0,56.0,56.0,56.0,56.0,56.0,56.0,0.0,124.0,96.0,80.0,,,,
cylinder,diameter,0.0325,65,57,-57.0,57.0,57.0,57.0,0.0,57.0,57.0,57.0,57.0,57.0,57.0,57.0,0.0,123.0,97.0,80.0,,,,
cylinder,diameter,0.0325,65,58,-58.0,58.0,58.0,58.0,0.0,58.0,58.0,58.0,58.0,58.0,58.0,58.0,0.0,122.0,98.0,80.0,,,,
cylinder,diameter,0.0325,65,59,-59.0,59.0,59.0,59.0,0.0,59.0,59.0,59.0,59.0,59.0,59.0,59.0,0.0,121.0,99.0,80.0,,,,
cylinder,diameter,0.0325,65,60,-60.0,60.0,60.0,60.0,0.0,60.0,60.0,60.0,60.0,60.0,60.0,60.0,0.0,120.0,100.0,80.0,,,,
cylinder,diameter,0.0325,65,61,-61.0,61.0,61.0,60.0,0.0,61.0,61.0,61.0,61.0,61.0,61.0,60.0,0.0,119.0,101.0,80.0,,,,
cylinder,diameter,0.0325,65,62,-62.0,62.0,62.0,60.0,0.0,62.0,62.0,62.0,62.0,62.0,62.0,60.0,0.0,118.0,102.0,80.0,,,,
cylinder,diameter,0.0325,65,63,-63.0,63.0,63.0,60.0,0.0,63.0,63.0,63.0,63.0,63.0,63.0,60.0,0.0,117.0,103.0,80.0,,,,
cylinder,diameter,0.0325,65,64,-64.0,64.0,64.0,60.0,0.0,64.0,64.0,64.0,64.0,64.0,64.0,60.0,0.0,116.0,104.0,80.0,,,,
cylinder,diameter,0.0325,65,65,-65.0,65.0,65.0,60.0,0.0,65.0,65.0,65.0,65.0,65.0,65.0,60.0,0.0,115.0,105.0,80.0,,,,
cylinder,diameter,0.0325,65,66,-66.0,66.0,66.0,60.0,0.0,66.0,66.0,65.0,66.0,66.0,66.0,60.0,0.0,114.0,106.0,80.0,,,,
cylinder,diameter,0.0325,65,67,-67.0,67.0,67.0,60.0,0.0,67.0,67.0,65.0,67.0,67.0,67.0,60.0,0.0,113.0,107.0,80.0,,,,
cylinder,diameter,0.0325,65,68,-68.0,68.0,68.0,60.0,0.0,67.16015625,67.16015625,65.0,68.0,68.0,68.0,60.0,0.0,112.0,108.0,80.0,,contact,,
cylinder,diameter,0.0325,65,69,-69.0,69.0,69.0,60.0,0.0,67.16015625,67.16015625,65.0,69.0,69.0,69.0,60.0,0.0,111.0,109.0,80.0,,contact,,
cylinder,diameter,0.0325,65,70,-70.0,70.0,70.0,60.0,0.0,67.16015625,67.16015625,65.0,70.0,70.0,70.0,60.0,0.0,110.0,110.0,80.0,,contact,,
cylinder,diameter,0.0325,65,71,-71.0,71.0,71.0,60.0,0.0,67.16015625,67.16015625,65.0,71.0,71.0,71.0,60.0,0.0,109.0,110.0,80.0,,contact,,
cylinder,diameter,0.0325,65,72,-72.0,72.0,72.0,60.0,0.0,67.16015625,67.16015625,65.0,72.0,72.0,72.0,60.0,0.0,108.0,110.0,80.0,,contact,,
cylinder,diameter,0.0325,65,73,-73.0,73.0,73.0,60.0,0.0,67.16015625,67.16015625,65.0,73.0,73.0,73.0,60.0,0.0,107.0,110.0,80.0,,contact,,
cylinder,diameter,0.0325,65,74,-74.0,74.0,74.0,60.0,0.0,67.16015625,67.16015625,65.0,74.0,74.0,74.0,60.0,0.0,106.0,110.0,80.0,,contact,,
cylinder,diameter,0.0325,65,75,-75.0,75.0,75.0,60.0,0.0,67.16015625,67.16015625,65.0,75.0,75.0,75.0,60.0,0.0,105.0,110.0,80.0,,contact,,
cylinder,diameter,0.0325,65,76,-75.0,76.0,76.0,60.0,0.0,67.16015625,67.16015625,65.0,75.0,76.0,76.0,60.0,0.0,104.0,110.0,80.0,,contact,,
cylinder,diameter,0.0325,65,77,-75.0,77.0,77.0,60.0,0.0,67.16015625,67.16015625,65.0,75.0,77.0,77.0,60.0,0.0,103.015625,110.0,80.0,,contact,,contact
cylinder,diameter,0.0325,65,78,-75.0,78.0,78.0,60.0,0.0,67.16015625,67.16015625,65.0,75.0,78.0,78.0,60.0,0.0,103.015625,110.0,80.0,,contact,,contact
cylinder,diameter,0.0325,65,79,-75.0,79.0,79.0,60.0,0.0,67.16015625,67.16015625,65.0,75.0,79.0,79.0,60.0,0.0,103.015625,110.0,80.0,,contact,,contact
cylinder,diameter,0.0325,65,80,-75.0,80.0,80.0,60.0,0.0,67.16015625,67.16015625,65.0,75.0,80.0,80.0,60.0,0.0,103.015625,110.0,80.0,,contact,,contact
cylinder,diameter,0.0325,65,81,-75.0,81.0,81.0,60.0,0.0,67.16015625,67.16015625,65.0,75.0,81.0,81.0,60.0,0.0,103.015625,110.0,80.0,,contact,,contact
cylinder,diameter,0.0325,65,82,-75.0,82.0,82.0,60.0,0.0,67.16015625,67.16015625,65.0,75.0,82.0,82.0,60.0,0.0,103.015625,110.0,80.0,,contact,,contact
cylinder,diameter,0.0325,65,83,-75.0,83.0,83.0,60.0,0.0,67.16015625,67.16015625,65.0,75.0,83.0,83.0,60.0,0.0,103.015625,110.0,80.0,,contact,,contact
cylinder,diameter,0.0325,65,84,-75.0,84.0,84.0,60.0,0.0,67.16015625,67.16015625,65.0,75.0,84.0,84.0,60.0,0.0,103.015625,110.0,80.0,,contact,,contact
cylinder,diameter,0.0325,65,85,-75.0,85.0,85.0,60.0,0.0,67.16015625,67.16015625,65.0,75.0,85.0,85.0,60.0,0.0,103.015625,110.0,80.0,,contact,,contact
cylinder,diameter,0.0325,65,86,-75.0,86.0,86.0,60.0,0.0,67.16015625,67.16015625,65.0,75.0,86.0,86.0,60.0,0.0,103.015625,110.0,80.0,,contact,,contact
cylinder,diameter,0.0325,65,87,-75.0,86.41796875,86.41796875,60.0,0.0,67.16015625,67.16015625,65.0,75.0,86.40625,86.40625,60.0,0.0,103.015625,110.0,80.0,contact,contact,contact,contact
cylinder,diameter,0.03,60,0,0.0,0.0,0.0,0.0,0.0,0.0,0.0,0.0,0.0,0.0,0.0,0.0,0.0,180.0,40.0,25.0,,,,
cylinder,diameter,0.03,60,1,-1.0,1.0,1.0,1.0,0.0,1.0,1.0,1.0,1.0,1.0,1.0,1.0,0.0,179.0,41.0,26.0,,,,
cylinder,diameter,0.03,60,2,-2.0,2.0,2.0,2.0,0.0,2.0,2.0,2.0,2.0,2.0,2.0,2.0,0.0,178.0,42.0,27.0,,,,
cylinder,diameter,0.03,60,3,-3.0,3.0,3.0,3.0,0.0,3.0,3.0,3.0,3.0,3.0,3.0,3.0,0.0,177.0,43.0,28.0,,,,
cylinder,diameter,0.03,60,4,-4.0,4.0,4.0,4.0,0.0,4.0,4.0,4.0,4.0,4.0,4.0,4.0,0.0,176.0,44.0,29.0,,,,
cylinder,diameter,0.03,60,5,-5.0,5.0,5.0,5.0,0.0,5.0,5.0,5.0,5.0,5.0,5.0,5.0,0.0,175.0,45.0,30.0,,,,
cylinder,diameter,0.03,60,6,-6.0,6.0,6.0,6.0,0.0,6.0,6.0,6.0,6.0,6.0,6.0,6.0,0.0,174.0,46.0,31.0,,,,
cylinder,diameter,0.03,60,7,-7.0,7.0,7.0,7.0,0.0,7.0,7.0,7.0,7.0,7.0,7.0,7.0,0.0,173.0,47.0,32.0,,,,
cylinder,diameter,0.03,60,8,-8.0,8.0,8.0,8.0,0.0,8.0,8.0,8.0,8.0,8.0,8.0,8.0,0.0,172.0,48.0,33.0,,,,
cylinder,diameter,0.03,60,9,-9.0,9.0,9.0,9.0,0.0,9.0,9.0,9.0,9.0,9.0,9.0,9.0,0.0,171.0,49.0,34.0,,,,
cylinder,diameter,0.03,60,10,-10.0,10.0,10.0,10.0,0.0,10.0,10.0,10.0,10.0,10.0,10.0,10.0,0.0,170.0,50.0,35.0,,,,
cylinder,diameter,0.03,60,11,-11.0,11.0,11.0,11.0,0.0,11.0,11.0,11.0,11.0,11.0,11.0,11.0,0.0,169.0,51.0,36.0,,,,
cylinder,diameter,0.03,60,12,-12.0,12.0,12.0,12.0,0.0,12.0,12.0,12.0,12.0,12.0,12.0,12.0,0.0,168.0,52.0,37.0,,,,
cylinder,diameter,0.03,60,13,-13.0,13.0,13.0,13.0,0.0,13.0,13.0,13.0,13.0,13.0,13.0,13.0,0.0,167.0,53.0,38.0,,,,
cylinder,diameter,0.03,60,14,-14.0,14.0,14.0,14.0,0.0,14.0,14.0,14.0,14.0,14.0,14.0,14.0,0.0,166.0,54.0,39.0,,,,
cylinder,diameter,0.03,60,15,-15.0,15.0,15.0,15.0,0.0,15.0,15.0,15.0,15.0,15.0,15.0,15.0,0.0,165.0,55.0,40.0,,,,
cylinder,diameter,0.03,60,16,-16.0,16.0,16.0,16.0,0.0,16.0,16.0,16.0,16.0,16.0,16.0,16.0,0.0,164.0,56.0,41.0,,,,
cylinder,diameter,0.03,60,17,-17.0,17.0,17.0,17.0,0.0,17.0,17.0,17.0,17.0,17.0,17.0,17.0,0.0,163.0,57.0,42.0,,,,
cylinder,diameter,0.03,60,18,-18.0,18.0,18.0,18.0,0.0,18.0,18.0,18.0,18.0,18.0,18.0,18.0,0.0,162.0,58.0,43.0,,,,
cylinder,diameter,0.03,60,19,-19.0,19.0,19.0,19.0,0.0,19.0,19.0,19.0,19.0,19.0,19.0,19.0,0.0,161.0,59.0,44.0,,,,
cylinder,diameter,0.03,60,20,-20.0,20.0,20.0,20.0,0.0,20.0,20.0,20.0,20.0,20.0,20.0,20.0,0.0,160.0,60.0,45.0,,,,
cylinder,diameter,0.03,60,21,-21.0,21.0,21.0,21.0,0.0,21.0,21.0,21.0,21.0,21.0,21.0,21.0,0.0,159.0,61.0,46.0,,,,
cylinder,diameter,0.03,60,22,-22.0,22.0,22.0,22.0,0.0,22.0,22.0,22.0,22.0,22.0,22.0,22.0,0.0,158.0,62.0,47.0,,,,
cylinder,diameter,0.03,60,23,-23.0,23.0,23.0,23.0,0.0,23.0,23.0,23.0,23.0,23.0,23.0,23.0,0.0,157.0,63.0,48.0,,,,
cylinder,diameter,0.03,60,24,-24.0,24.0,24.0,24.0,0.0,24.0,24.0,24.0,24.0,24.0,24.0,24.0,0.0,156.0,64.0,49.0,,,,
cylinder,diameter,0.03,60,25,-25.0,25.0,25.0,25.0,0.0,25.0,25.0,25.0,25.0,25.0,25.0,25.0,0.0,155.0,65.0,50.0,,,,
cylinder,diameter,0.03,60,26,-26.0,26.0,26.0,26.0,0.0,26.0,26.0,26.0,26.0,26.0,26.0,26.0,0.0,154.0,66.0,51.0,,,,
cylinder,diameter,0.03,60,27,-27.0,27.0,27.0,27.0,0.0,27.0,27.0,27.0,27.0,27.0,27.0,27.0,0.0,153.0,67.0,52.0,,,,
cylinder,diameter,0.03,60,28,-28.0,28.0,28.0,28.0,0.0,28.0,28.0,28.0,28.0,28.0,28.0,28.0,0.0,152.0,68.0,53.0,,,,
cylinder,diameter,0.03,60,29,-29.0,29.0,29.0,29.0,0.0,29.0,29.0,29.0,29.0,29.0,29.0,29.0,0.0,151.0,69.0,54.0,,,,
cylinder,diameter,0.03,60,30,-30.0,30.0,30.0,30.0,0.0,30.0,30.0,30.0,30.0,30.0,30.0,30.0,0.0,150.0,70.0,55.0,,,,
cylinder,diameter,0.03,60,31,-31.0,31.0,31.0,31.0,0.0,31.0,31.0,31.0,31.0,31.0,31.0,31.0,0.0,149.0,71.0,56.0,,,,
cylinder,diameter,0.03,60,32,-32.0,32.0,32.0,32.0,0.0,32.0,32.0,32.0,32.0,32.0,32.0,32.0,0.0,148.0,72.0,57.0,,,,
cylinder,diameter,0.03,60,33,-33.0,33.0,33.0,33.0,0.0,33.0,33.0,33.0,33.0,33.0,33.0,33.0,0.0,147.0,73.0,58.0,,,,
cylinder,diameter,0.03,60,34,-34.0,34.0,34.0,34.0,0.0,34.0,34.0,34.0,34.0,34.0,34.0,34.0,0.0,146.0,74.0,59.0,,,,
cylinder,diameter,0.03,60,35,-35.0,35.0,35.0,35.0,0.0,35.0,35.0,35.0,35.0,35.0,35.0,35.0,0.0,145.0,75.0,60.0,,,,
cylinder,diameter,0.03,60,36,-36.0,36.0,36.0,36.0,0.0,36.0,36.0,36.0,36.0,36.0,36.0,36.0,0.0,144.0,76.0,61.0,,,,
cylinder,diameter,0.03,60,37,-37.0,37.0,37.0,37.0,0.0,37.0,37.0,37.0,37.0,37.0,37.0,37.0,0.0,143.0,77.0,62.0,,,,
cylinder,diameter,0.03,60,38,-38.0,38.0,38.0,38.0,0.0,38.0,38.0,38.0,38.0,38.0,38.0,38.0,0.0,142.0,78.0,63.0,,,,
cylinder,diameter,0.03,60,39,-39.0,39.0,39.0,39.0,0.0,39.0,39.0,39.0,39.0,39.0,39.0,39.0,0.0,141.0,79.0,64.0,,,,
cylinder,diameter,0.03,60,40,-40.0,40.0,40.0,40.0,0.0,40.0,40.0,40.0,40.0,40.0,40.0,40.0,0.0,140.0,80.0,65.0,,,,
cylinder,diameter,0.03,60,41,-41.0,41.0,41.0,41.0,0.0,41.0,41.0,41.0,41.0,41.0,41.0,41.0,0.0,139.0,81.0,66.0,,,,
cylinder,diameter,0.03,60,42,-42.0,42.0,42.0,42.0,0.0,42.0,42.0,42.0,42.0,42.0,42.0,42.0,0.0,138.0,82.0,67.0,,,,
cylinder,diameter,0.03,60,43,-43.0,43.0,43.0,43.0,0.0,43.0,43.0,43.0,43.0,43.0,43.0,43.0,0.0,137.0,83.0,68.0,,,,
cylinder,diameter,0.03,60,44,-44.0,44.0,44.0,44.0,0.0,44.0,44.0,44.0,44.0,44.0,44.0,44.0,0.0,136.0,84.0,69.0,,,,
cylinder,diameter,0.03,60,45,-45.0,45.0,45.0,45.0,0.0,45.0,45.0,45.0,45.0,45.0,45.0,45.0,0.0,135.0,85.0,70.0,,,,
cylinder,diameter,0.03,60,46,-46.0,46.0,46.0,46.0,0.0,46.0,46.0,46.0,46.0,46.0,46.0,46.0,0.0,134.0,86.0,71.0,,,,
cylinder,diameter,0.03,60,47,-47.0,47.0,47.0,47.0,0.0,47.0,47.0,47.0,47.0,47.0,47.0,47.0,0.0,133.0,87.0,72.0,,,,
cylinder,diameter,0.03,60,48,-48.0,48.0,48.0,48.0,0.0,48.0,48.0,48.0,48.0,48.0,48.0,48.0,0.0,132.0,88.0,73.0,,,,
cylinder,diameter,0.03,60,49,-49.0,49.0,49.0,49.0,0.0,49.0,49.0,49.0,49.0,49.0,49.0,49.0,0.0,131.0,89.0,74.0,,,,
cylinder,diameter,0.03,60,50,-50.0,50.0,50.0,50.0,0.0,50.0,50.0,50.0,50.0,50.0,50.0,50.0,0.0,130.0,90.0,75.0,,,,
cylinder,diameter,0.03,60,51,-51.0,51.0,51.0,51.0,0.0,51.0,51.0,51.0,51.0,51.0,51.0,51.0,0.0,129.0,91.0,76.0,,,,
cylinder,diameter,0.03,60,52,-52.0,52.0,52.0,52.0,0.0,52.0,52.0,52.0,52.0,52.0,52.0,52.0,0.0,128.0,92.0,77.0,,,,
cylinder,diameter,0.03,60,53,-53.0,53.0,53.0,53.0,0.0,53.0,53.0,53.0,53.0,53.0,53.0,53.0,0.0,127.0,93.0,78.0,,,,
cylinder,diameter,0.03,60,54,-54.0,54.0,54.0,54.0,0.0,54.0,54.0,54.0,54.0,54.0,54.0,54.0,0.0,126.0,94.0,79.0,,,,
cylinder,diameter,0.03,60,55,-55.0,55.0,55.0,55.0,0.0,55.0,55.0,55.0,55.0,55.0,55.0,55.0,0.0,125.0,95.0,80.0,,,,
cylinder,diameter,0.03,60,56,-56.0,56.0,56.0,56.0,0.0,56.0,56.0,56.0,56.0,56.0,56.0,56.0,0.0,124.0,96.0,80.0,,,,
cylinder,diameter,0.03,60,57,-57.0,57.0,57.0,57.0,0.0,57.0,57.0,57.0,57.0,57.0,57.0,57.0,0.0,123.0,97.0,80.0,,,,
cylinder,diameter,0.03,60,58,-58.0,58.0,58.0,58.0,0.0,58.0,58.0,58.0,58.0,58.0,58.0,58.0,0.0,122.0,98.0,80.0,,,,
cylinder,diameter,0.03,60,59,-59.0,59.0,59.0,59.0,0.0,59.0,59.0,59.0,59.0,59.0,59.0,59.0,0.0,121.0,99.0,80.0,,,,
cylinder,diameter,0.03,60,60,-60.0,60.0,60.0,60.0,0.0,60.0,60.0,60.0,60.0,60.0,60.0,60.0,0.0,120.0,100.0,80.0,,,,
cylinder,diameter,0.03,60,61,-61.0,61.0,61.0,60.0,0.0,61.0,61.0,61.0,61.0,61.0,61.0,60.0,0.0,119.0,101.0,80.0,,,,
cylinder,diameter,0.03,60,62,-62.0,62.0,62.0,60.0,0.0,62.0,62.0,62.0,62.0,62.0,62.0,60.0,0.0,118.0,102.0,80.0,,,,
cylinder,diameter,0.03,60,63,-63.0,63.0,63.0,60.0,0.0,63.0,63.0,63.0,63.0,63.0,63.0,60.0,0.0,117.0,103.0,80.0,,,,
cylinder,diameter,0.03,60,64,-64.0,64.0,64.0,60.0,0.0,64.0,64.0,64.0,64.0,64.0,64.0,60.0,0.0,116.0,104.0,80.0,,,,
cylinder,diameter,0.03,60,65,-65.0,65.0,65.0,60.0,0.0,65.0,65.0,65.0,65.0,65.0,65.0,60.0,0.0,115.0,105.0,80.0,,,,
cylinder,diameter,0.03,60,66,-66.0,66.0,66.0,60.0,0.0,66.0,66.0,65.0,66.0,66.0,66.0,60.0,0.0,114.0,106.0,80.0,,,,
cylinder,diameter,0.03,60,67,-67.0,67.0,67.0,60.0,0.0,67.0,67.0,65.0,67.0,67.0,67.0,60.0,0.0,113.0,107.0,80.0,,,,
cylinder,diameter,0.03,60,68,-68.0,68.0,68.0,60.0,0.0,68.0,68.0,65.0,68.0,68.0,68.0,60.0,0.0,112.0,108.0,80.0,,,,
cylinder,diameter,0.03,60,69,-69.0,69.0,69.0,60.0,0.0,68.40625,68.40625,65.0,69.0,69.0,69.0,60.0,0.0,111.0,109.0,80.0,,contact,,
cylinder,diameter,0.03,60,70,-70.0,70.0,70.0,60.0,0.0,68.40625,68.40625,65.0,70.0,70.0,70.0,60.0,0.0,110.0,110.0,80.0,,contact,,
cylinder,diameter,0.03,60,71,-71.0,71.0,71.0,60.0,0.0,68.40625,68.40625,65.0,71.0,71.0,71.0,60.0,0.0,109.0,110.0,80.0,,contact,,
cylinder,diameter,0.03,60,72,-72.0,72.0,72.0,60.0,0.0,68.40625,68.40625,65.0,72.0,72.0,72.0,60.0,0.0,108.0,110.0,80.0,,contact,,
cylinder,diameter,0.03,60,73,-73.0,73.0,73.0,60.0,0.0,68.40625,68.40625,65.0,73.0,73.0,73.0,60.0,0.0,107.0,110.0,80.0,,contact,,
cylinder,diameter,0.03,60,74,-74.0,74.0,74.0,60.0,0.0,68.40625,68.40625,65.0,74.0,74.0,74.0,60.0,0.0,106.0,110.0,80.0,,contact,,
cylinder,diameter,0.03,60,75,-75.0,75.0,75.0,60.0,0.0,68.40625,68.40625,65.0,75.0,75.0,75.0,60.0,0.0,105.0,110.0,80.0,,contact,,
cylinder,diameter,0.03,60,76,-75.0,76.0,76.0,60.0,0.0,68.40625,68.40625,65.0,75.0,76.0,76.0,60.0,0.0,104.0,110.0,80.0,,contact,,
cylinder,diameter,0.03,60,77,-75.0,77.0,77.0,60.0,0.0,68.40625,68.40625,65.0,75.0,77.0,77.0,60.0,0.0,103.0,110.0,80.0,,contact,,
cylinder,diameter,0.03,60,78,-75.0,78.0,78.0,60.0,0.0,68.40625,68.40625,65.0,75.0,78.0,78.0,60.0,0.0,102.0,110.0,80.0,,contact,,
cylinder,diameter,0.03,60,79,-75.0,79.0,79.0,60.0,0.0,68.40625,68.40625,65.0,75.0,79.0,79.0,60.0,0.0,101.0,110.0,80.0,,contact,,
cylinder,diameter,0.03,60,80,-75.0,80.0,80.0,60.0,0.0,68.40625,68.40625,65.0,75.0,80.0,80.0,60.0,0.0,100.515625,110.0,80.0,,contact,,contact
cylinder,diameter,0.03,60,81,-75.0,81.0,81.0,60.0,0.0,68.40625,68.40625,65.0,75.0,81.0,81.0,60.0,0.0,100.515625,110.0,80.0,,contact,,contact
cylinder,diameter,0.03,60,82,-75.0,82.0,82.0,60.0,0.0,68.40625,68.40625,65.0,75.0,82.0,82.0,60.0,0.0,100.515625,110.0,80.0,,contact,,contact
cylinder,diameter,0.03,60,83,-75.0,83.0,83.0,60.0,0.0,68.40625,68.40625,65.0,75.0,83.0,83.0,60.0,0.0,100.515625,110.0,80.0,,contact,,contact
cylinder,diameter,0.03,60,84,-75.0,84.0,84.0,60.0,0.0,68.40625,68.40625,65.0,75.0,84.0,84.0,60.0,0.0,100.515625,110.0,80.0,,contact,,contact
cylinder,diameter,0.03,60,85,-75.0,85.0,85.0,60.0,0.0,68.40625,68.40625,65.0,75.0,85.0,85.0,60.0,0.0,100.515625,110.0,80.0,,contact,,contact
cylinder,diameter,0.03,60,86,-75.0,86.0,86.0,60.0,0.0,68.40625,68.40625,65.0,75.0,86.0,86.0,60.0,0.0,100.515625,110.0,80.0,,contact,,contact
cylinder,diameter,0.03,60,87,-75.0,87.0,87.0,60.0,0.0,68.40625,68.40625,65.0,75.0,87.0,87.0,60.0,0.0,100.515625,110.0,80.0,,contact,,contact
cylinder,diameter,0.03,60,88,-75.0,87.79296875,87.79296875,60.0,0.0,68.40625,68.40625,65.0,75.0,87.78125,87.78125,60.0,0.0,100.515625,110.0,80.0,contact,contact,contact,contact
cylinder,diameter,0.0275,55,0,0.0,0.0,0.0,0.0,0.0,0.0,0.0,0.0,0.0,0.0,0.0,0.0,0.0,180.0,40.0,25.0,,,,
cylinder,diameter,0.0275,55,1,-1.0,1.0,1.0,1.0,0.0,1.0,1.0,1.0,1.0,1.0,1.0,1.0,0.0,179.0,41.0,26.0,,,,
cylinder,diameter,0.0275,55,2,-2.0,2.0,2.0,2.0,0.0,2.0,2.0,2.0,2.0,2.0,2.0,2.0,0.0,178.0,42.0,27.0,,,,
cylinder,diameter,0.0275,55,3,-3.0,3.0,3.0,3.0,0.0,3.0,3.0,3.0,3.0,3.0,3.0,3.0,0.0,177.0,43.0,28.0,,,,
cylinder,diameter,0.0275,55,4,-4.0,4.0,4.0,4.0,0.0,4.0,4.0,4.0,4.0,4.0,4.0,4.0,0.0,176.0,44.0,29.0,,,,
cylinder,diameter,0.0275,55,5,-5.0,5.0,5.0,5.0,0.0,5.0,5.0,5.0,5.0,5.0,5.0,5.0,0.0,175.0,45.0,30.0,,,,
cylinder,diameter,0.0275,55,6,-6.0,6.0,6.0,6.0,0.0,6.0,6.0,6.0,6.0,6.0,6.0,6.0,0.0,174.0,46.0,31.0,,,,
cylinder,diameter,0.0275,55,7,-7.0,7.0,7.0,7.0,0.0,7.0,7.0,7.0,7.0,7.0,7.0,7.0,0.0,173.0,47.0,32.0,,,,
cylinder,diameter,0.0275,55,8,-8.0,8.0,8.0,8.0,0.0,8.0,8.0,8.0,8.0,8.0,8.0,8.0,0.0,172.0,48.0,33.0,,,,
cylinder,diameter,0.0275,55,9,-9.0,9.0,9.0,9.0,0.0,9.0,9.0,9.0,9.0,9.0,9.0,9.0,0.0,171.0,49.0,34.0,,,,
cylinder,diameter,0.0275,55,10,-10.0,10.0,10.0,10.0,0.0,10.0,10.0,10.0,10.0,10.0,10.0,10.0,0.0,170.0,50.0,35.0,,,,
cylinder,diameter,0.0275,55,11,-11.0,11.0,11.0,11.0,0.0,11.0,11.0,11.0,11.0,11.0,11.0,11.0,0.0,169.0,51.0,36.0,,,,
cylinder,diameter,0.0275,55,12,-12.0,12.0,12.0,12.0,0.0,12.0,12.0,12.0,12.0,12.0,12.0,12.0,0.0,168.0,52.0,37.0,,,,
cylinder,diameter,0.0275,55,13,-13.0,13.0,13.0,13.0,0.0,13.0,13.0,13.0,13.0,13.0,13.0,13.0,0.0,167.0,53.0,38.0,,,,
cylinder,diameter,0.0275,55,14,-14.0,14.0,14.0,14.0,0.0,14.0,14.0,14.0,14.0,14.0,14.0,14.0,0.0,166.0,54.0,39.0,,,,
cylinder,diameter,0.0275,55,15,-15.0,15.0,15.0,15.0,0.0,15.0,15.0,15.0,15.0,15.0,15.0,15.0,0.0,165.0,55.0,40.0,,,,
cylinder,diameter,0.0275,55,16,-16.0,16.0,16.0,16.0,0.0,16.0,16.0,16.0,16.0,16.0,16.0,16.0,0.0,164.0,56.0,41.0,,,,
cylinder,diameter,0.0275,55,17,-17.0,17.0,17.0,17.0,0.0,17.0,17.0,17.0,17.0,17.0,17.0,17.0,0.0,163.0,57.0,42.0,,,,
cylinder,diameter,0.0275,55,18,-18.0,18.0,18.0,18.0,0.0,18.0,18.0,18.0,18.0,18.0,18.0,18.0,0.0,162.0,58.0,43.0,,,,
cylinder,diameter,0.0275,55,19,-19.0,19.0,19.0,19.0,0.0,19.0,19.0,19.0,19.0,19.0,19.0,19.0,0.0,161.0,59.0,44.0,,,,
cylinder,diameter,0.0275,55,20,-20.0,20.0,20.0,20.0,0.0,20.0,20.0,20.0,20.0,20.0,20.0,20.0,0.0,160.0,60.0,45.0,,,,
cylinder,diameter,0.0275,55,21,-21.0,21.0,21.0,21.0,0.0,21.0,21.0,21.0,21.0,21.0,21.0,21.0,0.0,159.0,61.0,46.0,,,,
cylinder,diameter,0.0275,55,22,-22.0,22.0,22.0,22.0,0.0,22.0,22.0,22.0,22.0,22.0,22.0,22.0,0.0,158.0,62.0,47.0,,,,
cylinder,diameter,0.0275,55,23,-23.0,23.0,23.0,23.0,0.0,23.0,23.0,23.0,23.0,23.0,23.0,23.0,0.0,157.0,63.0,48.0,,,,
cylinder,diameter,0.0275,55,24,-24.0,24.0,24.0,24.0,0.0,24.0,24.0,24.0,24.0,24.0,24.0,24.0,0.0,156.0,64.0,49.0,,,,
cylinder,diameter,0.0275,55,25,-25.0,25.0,25.0,25.0,0.0,25.0,25.0,25.0,25.0,25.0,25.0,25.0,0.0,155.0,65.0,50.0,,,,
cylinder,diameter,0.0275,55,26,-26.0,26.0,26.0,26.0,0.0,26.0,26.0,26.0,26.0,26.0,26.0,26.0,0.0,154.0,66.0,51.0,,,,
cylinder,diameter,0.0275,55,27,-27.0,27.0,27.0,27.0,0.0,27.0,27.0,27.0,27.0,27.0,27.0,27.0,0.0,153.0,67.0,52.0,,,,
cylinder,diameter,0.0275,55,28,-28.0,28.0,28.0,28.0,0.0,28.0,28.0,28.0,28.0,28.0,28.0,28.0,0.0,152.0,68.0,53.0,,,,
cylinder,diameter,0.0275,55,29,-29.0,29.0,29.0,29.0,0.0,29.0,29.0,29.0,29.0,29.0,29.0,29.0,0.0,151.0,69.0,54.0,,,,
cylinder,diameter,0.0275,55,30,-30.0,30.0,30.0,30.0,0.0,30.0,30.0,30.0,30.0,30.0,30.0,30.0,0.0,150.0,70.0,55.0,,,,
cylinder,diameter,0.0275,55,31,-31.0,31.0,31.0,31.0,0.0,31.0,31.0,31.0,31.0,31.0,31.0,31.0,0.0,149.0,71.0,56.0,,,,
cylinder,diameter,0.0275,55,32,-32.0,32.0,32.0,32.0,0.0,32.0,32.0,32.0,32.0,32.0,32.0,32.0,0.0,148.0,72.0,57.0,,,,
cylinder,diameter,0.0275,55,33,-33.0,33.0,33.0,33.0,0.0,33.0,33.0,33.0,33.0,33.0,33.0,33.0,0.0,147.0,73.0,58.0,,,,
cylinder,diameter,0.0275,55,34,-34.0,34.0,34.0,34.0,0.0,34.0,34.0,34.0,34.0,34.0,34.0,34.0,0.0,146.0,74.0,59.0,,,,
cylinder,diameter,0.0275,55,35,-35.0,35.0,35.0,35.0,0.0,35.0,35.0,35.0,35.0,35.0,35.0,35.0,0.0,145.0,75.0,60.0,,,,
cylinder,diameter,0.0275,55,36,-36.0,36.0,36.0,36.0,0.0,36.0,36.0,36.0,36.0,36.0,36.0,36.0,0.0,144.0,76.0,61.0,,,,
cylinder,diameter,0.0275,55,37,-37.0,37.0,37.0,37.0,0.0,37.0,37.0,37.0,37.0,37.0,37.0,37.0,0.0,143.0,77.0,62.0,,,,
cylinder,diameter,0.0275,55,38,-38.0,38.0,38.0,38.0,0.0,38.0,38.0,38.0,38.0,38.0,38.0,38.0,0.0,142.0,78.0,63.0,,,,
cylinder,diameter,0.0275,55,39,-39.0,39.0,39.0,39.0,0.0,39.0,39.0,39.0,39.0,39.0,39.0,39.0,0.0,141.0,79.0,64.0,,,,
cylinder,diameter,0.0275,55,40,-40.0,40.0,40.0,40.0,0.0,40.0,40.0,40.0,40.0,40.0,40.0,40.0,0.0,140.0,80.0,65.0,,,,
cylinder,diameter,0.0275,55,41,-41.0,41.0,41.0,41.0,0.0,41.0,41.0,41.0,41.0,41.0,41.0,41.0,0.0,139.0,81.0,66.0,,,,
cylinder,diameter,0.0275,55,42,-42.0,42.0,42.0,42.0,0.0,42.0,42.0,42.0,42.0,42.0,42.0,42.0,0.0,138.0,82.0,67.0,,,,
cylinder,diameter,0.0275,55,43,-43.0,43.0,43.0,43.0,0.0,43.0,43.0,43.0,43.0,43.0,43.0,43.0,0.0,137.0,83.0,68.0,,,,
cylinder,diameter,0.0275,55,44,-44.0,44.0,44.0,44.0,0.0,44.0,44.0,44.0,44.0,44.0,44.0,44.0,0.0,136.0,84.0,69.0,,,,
cylinder,diameter,0.0275,55,45,-45.0,45.0,45.0,45.0,0.0,45.0,45.0,45.0,45.0,45.0,45.0,45.0,0.0,135.0,85.0,70.0,,,,
cylinder,diameter,0.0275,55,46,-46.0,46.0,46.0,46.0,0.0,46.0,46.0,46.0,46.0,46.0,46.0,46.0,0.0,134.0,86.0,71.0,,,,
cylinder,diameter,0.0275,55,47,-47.0,47.0,47.0,47.0,0.0,47.0,47.0,47.0,47.0,47.0,47.0,47.0,0.0,133.0,87.0,72.0,,,,
cylinder,diameter,0.0275,55,48,-48.0,48.0,48.0,48.0,0.0,48.0,48.0,48.0,48.0,48.0,48.0,48.0,0.0,132.0,88.0,73.0,,,,
cylinder,diameter,0.0275,55,49,-49.0,49.0,49.0,49.0,0.0,49.0,49.0,49.0,49.0,49.0,49.0,49.0,0.0,131.0,89.0,74.0,,,,
cylinder,diameter,0.0275,55,50,-50.0,50.0,50.0,50.0,0.0,50.0,50.0,50.0,50.0,50.0,50.0,50.0,0.0,130.0,90.0,75.0,,,,
cylinder,diameter,0.0275,55,51,-51.0,51.0,51.0,51.0,0.0,51.0,51.0,51.0,51.0,51.0,51.0,51.0,0.0,129.0,91.0,76.0,,,,
cylinder,diameter,0.0275,55,52,-52.0,52.0,52.0,52.0,0.0,52.0,52.0,52.0,52.0,52.0,52.0,52.0,0.0,128.0,92.0,77.0,,,,
cylinder,diameter,0.0275,55,53,-53.0,53.0,53.0,53.0,0.0,53.0,53.0,53.0,53.0,53.0,53.0,53.0,0.0,127.0,93.0,78.0,,,,
cylinder,diameter,0.0275,55,54,-54.0,54.0,54.0,54.0,0.0,54.0,54.0,54.0,54.0,54.0,54.0,54.0,0.0,126.0,94.0,79.0,,,,
cylinder,diameter,0.0275,55,55,-55.0,55.0,55.0,55.0,0.0,55.0,55.0,55.0,55.0,55.0,55.0,55.0,0.0,125.0,95.0,80.0,,,,
cylinder,diameter,0.0275,55,56,-56.0,56.0,56.0,56.0,0.0,56.0,56.0,56.0,56.0,56.0,56.0,56.0,0.0,124.0,96.0,80.0,,,,
cylinder,diameter,0.0275,55,57,-57.0,57.0,57.0,57.0,0.0,57.0,57.0,57.0,57.0,57.0,57.0,57.0,0.0,123.0,97.0,80.0,,,,
cylinder,diameter,0.0275,55,58,-58.0,58.0,58.0,58.0,0.0,58.0,58.0,58.0,58.0,58.0,58.0,58.0,0.0,122.0,98.0,80.0,,,,
cylinder,diameter,0.0275,55,59,-59.0,59.0,59.0,59.0,0.0,59.0,59.0,59.0,59.0,59.0,59.0,59.0,0.0,121.0,99.0,80.0,,,,
cylinder,diameter,0.0275,55,60,-60.0,60.0,60.0,60.0,0.0,60.0,60.0,60.0,60.0,60.0,60.0,60.0,0.0,120.0,100.0,80.0,,,,
cylinder,diameter,0.0275,55,61,-61.0,61.0,61.0,60.0,0.0,61.0,61.0,61.0,61.0,61.0,61.0,60.0,0.0,119.0,101.0,80.0,,,,
cylinder,diameter,0.0275,55,62,-62.0,62.0,62.0,60.0,0.0,62.0,62.0,62.0,62.0,62.0,62.0,60.0,0.0,118.0,102.0,80.0,,,,
cylinder,diameter,0.0275,55,63,-63.0,63.0,63.0,60.0,0.0,63.0,63.0,63.0,63.0,63.0,63.0,60.0,0.0,117.0,103.0,80.0,,,,
cylinder,diameter,0.0275,55,64,-64.0,64.0,64.0,60.0,0.0,64.0,64.0,64.0,64.0,64.0,64.0,60.0,0.0,116.0,104.0,80.0,,,,
cylinder,diameter,0.0275,55,65,-65.0,65.0,65.0,60.0,0.0,65.0,65.0,65.0,65.0,65.0,65.0,60.0,0.0,115.0,105.0,80.0,,,,
cylinder,diameter,0.0275,55,66,-66.0,66.0,66.0,60.0,0.0,66.0,66.0,65.0,66.0,66.0,66.0,60.0,0.0,114.0,106.0,80.0,,,,
cylinder,diameter,0.0275,55,67,-67.0,67.0,67.0,60.0,0.0,67.0,67.0,65.0,67.0,67.0,67.0,60.0,0.0,113.0,107.0,80.0,,,,
cylinder,diameter,0.0275,55,68,-68.0,68.0,68.0,60.0,0.0,68.0,68.0,65.0,68.0,68.0,68.0,60.0,0.0,112.0,108.0,80.0,,,,
cylinder,diameter,0.0275,55,69,-69.0,69.0,69.0,60.0,0.0,69.0,69.0,65.0,69.0,69.0,69.0,60.0,0.0,111.0,109.0,80.0,,,,
cylinder,diameter,0.0275,55,70,-70.0,70.0,70.0,60.0,0.0,69.640625,69.640625,65.0,70.0,70.0,70.0,60.0,0.0,110.0,110.0,80.0,,contact,,
cylinder,diameter,0.0275,55,71,-71.0,71.0,71.0,60.0,0.0,69.640625,69.640625,65.0,71.0,71.0,71.0,60.0,0.0,109.0,110.0,80.0,,contact,,
cylinder,diameter,0.0275,55,72,-72.0,72.0,72.0,60.0,0.0,69.640625,69.640625,65.0,72.0,72.0,72.0,60.0,0.0,108.0,110.0,80.0,,contact,,
cylinder,diameter,0.0275,55,73,-73.0,73.0,73.0,60.0,0.0,69.640625,69.640625,65.0,73.0,73.0,73.0,60.0,0.0,107.0,110.0,80.0,,contact,,
cylinder,diameter,0.0275,55,74,-74.0,74.0,74.0,60.0,0.0,69.640625,69.640625,65.0,74.0,74.0,74.0,60.0,0.0,106.0,110.0,80.0,,contact,,
cylinder,diameter,0.0275,55,75,-75.0,75.0,75.0,60.0,0.0,69.640625,69.640625,65.0,75.0,75.0,75.0,60.0,0.0,105.0,110.0,80.0,,contact,,
cylinder,diameter,0.0275,55,76,-75.0,76.0,76.0,60.0,0.0,69.640625,69.640625,65.0,75.0,76.0,76.0,60.0,0.0,104.0,110.0,80.0,,contact,,
cylinder,diameter,0.0275,55,77,-75.0,77.0,77.0,60.0,0.0,69.640625,69.640625,65.0,75.0,77.0,77.0,60.0,0.0,103.0,110.0,80.0,,contact,,
cylinder,diameter,0.0275,55,78,-75.0,78.0,78.0,60.0,0.0,69.640625,69.640625,65.0,75.0,78.0,78.0,60.0,0.0,102.0,110.0,80.0,,contact,,
cylinder,diameter,0.0275,55,79,-75.0,79.0,79.0,60.0,0.0,69.640625,69.640625,65.0,75.0,79.0,79.0,60.0,0.0,101.0,110.0,80.0,,contact,,
cylinder,diameter,0.0275,55,80,-75.0,80.0,80.0,60.0,0.0,69.640625,69.640625,65.0,75.0,80.0,80.0,60.0,0.0,100.0,110.0,80.0,,contact,,angle_limit
cylinder,diameter,0.0275,55,81,-75.0,81.0,81.0,60.0,0.0,69.640625,69.640625,65.0,75.0,81.0,81.0,60.0,0.0,100.0,110.0,80.0,,contact,,angle_limit
cylinder,diameter,0.0275,55,82,-75.0,82.0,82.0,60.0,0.0,69.640625,69.640625,65.0,75.0,82.0,82.0,60.0,0.0,100.0,110.0,80.0,,contact,,angle_limit
cylinder,diameter,0.0275,55,83,-75.0,83.0,83.0,60.0,0.0,69.640625,69.640625,65.0,75.0,83.0,83.0,60.0,0.0,100.0,110.0,80.0,,contact,,angle_limit
cylinder,diameter,0.0275,55,84,-75.0,84.0,84.0,60.0,0.0,69.640625,69.640625,65.0,75.0,84.0,84.0,60.0,0.0,100.0,110.0,80.0,,contact,,angle_limit
cylinder,diameter,0.0275,55,85,-75.0,85.0,85.0,60.0,0.0,69.640625,69.640625,65.0,75.0,85.0,85.0,60.0,0.0,100.0,110.0,80.0,,contact,,angle_limit
cylinder,diameter,0.0275,55,86,-75.0,86.0,86.0,60.0,0.0,69.640625,69.640625,65.0,75.0,86.0,86.0,60.0,0.0,100.0,110.0,80.0,,contact,,angle_limit
cylinder,diameter,0.0275,55,87,-75.0,87.0,87.0,60.0,0.0,69.640625,69.640625,65.0,75.0,87.0,87.0,60.0,0.0,100.0,110.0,80.0,,contact,,angle_limit
cylinder,diameter,0.0275,55,88,-75.0,88.0,88.0,60.0,0.0,69.640625,69.640625,65.0,75.0,88.0,88.0,60.0,0.0,100.0,110.0,80.0,,contact,,angle_limit
cylinder,diameter,0.0275,55,89,-75.0,89.0,89.0,60.0,0.0,69.640625,69.640625,65.0,75.0,89.0,89.0,60.0,0.0,100.0,110.0,80.0,,contact,,angle_limit
cylinder,diameter,0.0275,55,90,-75.0,89.18359375,89.18359375,60.0,0.0,69.640625,69.640625,65.0,75.0,89.17578125,89.17578125,60.0,0.0,100.0,110.0,80.0,contact,contact,contact,angle_limit
cylinder,diameter,0.025,50,0,0.0,0.0,0.0,0.0,0.0,0.0,0.0,0.0,0.0,0.0,0.0,0.0,0.0,180.0,40.0,25.0,,,,
cylinder,diameter,0.025,50,1,-1.0,1.0,1.0,1.0,0.0,1.0,1.0,1.0,1.0,1.0,1.0,1.0,0.0,179.0,41.0,26.0,,,,
cylinder,diameter,0.025,50,2,-2.0,2.0,2.0,2.0,0.0,2.0,2.0,2.0,2.0,2.0,2.0,2.0,0.0,178.0,42.0,27.0,,,,
cylinder,diameter,0.025,50,3,-3.0,3.0,3.0,3.0,0.0,3.0,3.0,3.0,3.0,3.0,3.0,3.0,0.0,177.0,43.0,28.0,,,,
cylinder,diameter,0.025,50,4,-4.0,4.0,4.0,4.0,0.0,4.0,4.0,4.0,4.0,4.0,4.0,4.0,0.0,176.0,44.0,29.0,,,,
cylinder,diameter,0.025,50,5,-5.0,5.0,5.0,5.0,0.0,5.0,5.0,5.0,5.0,5.0,5.0,5.0,0.0,175.0,45.0,30.0,,,,
cylinder,diameter,0.025,50,6,-6.0,6.0,6.0,6.0,0.0,6.0,6.0,6.0,6.0,6.0,6.0,6.0,0.0,174.0,46.0,31.0,,,,
cylinder,diameter,0.025,50,7,-7.0,7.0,7.0,7.0,0.0,7.0,7.0,7.0,7.0,7.0,7.0,7.0,0.0,173.0,47.0,32.0,,,,
cylinder,diameter,0.025,50,8,-8.0,8.0,8.0,8.0,0.0,8.0,8.0,8.0,8.0,8.0,8.0,8.0,0.0,172.0,48.0,33.0,,,,
cylinder,diameter,0.025,50,9,-9.0,9.0,9.0,9.0,0.0,9.0,9.0,9.0,9.0,9.0,9.0,9.0,0.0,171.0,49.0,34.0,,,,
cylinder,diameter,0.025,50,10,-10.0,10.0,10.0,10.0,0.0,10.0,10.0,10.0,10.0,10.0,10.0,10.0,0.0,170.0,50.0,35.0,,,,
cylinder,diameter,0.025,50,11,-11.0,11.0,11.0,11.0,0.0,11.0,11.0,11.0,11.0,11.0,11.0,11.0,0.0,169.0,51.0,36.0,,,,
cylinder,diameter,0.025,50,12,-12.0,12.0,12.0,12.0,0.0,12.0,12.0,12.0,12.0,12.0,12.0,12.0,0.0,168.0,52.0,37.0,,,,
cylinder,diameter,0.025,50,13,-13.0,13.0,13.0,13.0,0.0,13.0,13.0,13.0,13.0,13.0,13.0,13.0,0.0,167.0,53.0,38.0,,,,
cylinder,diameter,0.025,50,14,-14.0,14.0,14.0,14.0,0.0,14.0,14.0,14.0,14.0,14.0,14.0,14.0,0.0,166.0,54.0,39.0,,,,
cylinder,diameter,0.025,50,15,-15.0,15.0,15.0,15.0,0.0,15.0,15.0,15.0,15.0,15.0,15.0,15.0,0.0,165.0,55.0,40.0,,,,
cylinder,diameter,0.025,50,16,-16.0,16.0,16.0,16.0,0.0,16.0,16.0,16.0,16.0,16.0,16.0,16.0,0.0,164.0,56.0,41.0,,,,
cylinder,diameter,0.025,50,17,-17.0,17.0,17.0,17.0,0.0,17.0,17.0,17.0,17.0,17.0,17.0,17.0,0.0,163.0,57.0,42.0,,,,
cylinder,diameter,0.025,50,18,-18.0,18.0,18.0,18.0,0.0,18.0,18.0,18.0,18.0,18.0,18.0,18.0,0.0,162.0,58.0,43.0,,,,
cylinder,diameter,0.025,50,19,-19.0,19.0,19.0,19.0,0.0,19.0,19.0,19.0,19.0,19.0,19.0,19.0,0.0,161.0,59.0,44.0,,,,
cylinder,diameter,0.025,50,20,-20.0,20.0,20.0,20.0,0.0,20.0,20.0,20.0,20.0,20.0,20.0,20.0,0.0,160.0,60.0,45.0,,,,
cylinder,diameter,0.025,50,21,-21.0,21.0,21.0,21.0,0.0,21.0,21.0,21.0,21.0,21.0,21.0,21.0,0.0,159.0,61.0,46.0,,,,
cylinder,diameter,0.025,50,22,-22.0,22.0,22.0,22.0,0.0,22.0,22.0,22.0,22.0,22.0,22.0,22.0,0.0,158.0,62.0,47.0,,,,
cylinder,diameter,0.025,50,23,-23.0,23.0,23.0,23.0,0.0,23.0,23.0,23.0,23.0,23.0,23.0,23.0,0.0,157.0,63.0,48.0,,,,
cylinder,diameter,0.025,50,24,-24.0,24.0,24.0,24.0,0.0,24.0,24.0,24.0,24.0,24.0,24.0,24.0,0.0,156.0,64.0,49.0,,,,
cylinder,diameter,0.025,50,25,-25.0,25.0,25.0,25.0,0.0,25.0,25.0,25.0,25.0,25.0,25.0,25.0,0.0,155.0,65.0,50.0,,,,
cylinder,diameter,0.025,50,26,-26.0,26.0,26.0,26.0,0.0,26.0,26.0,26.0,26.0,26.0,26.0,26.0,0.0,154.0,66.0,51.0,,,,
cylinder,diameter,0.025,50,27,-27.0,27.0,27.0,27.0,0.0,27.0,27.0,27.0,27.0,27.0,27.0,27.0,0.0,153.0,67.0,52.0,,,,
cylinder,diameter,0.025,50,28,-28.0,28.0,28.0,28.0,0.0,28.0,28.0,28.0,28.0,28.0,28.0,28.0,0.0,152.0,68.0,53.0,,,,
cylinder,diameter,0.025,50,29,-29.0,29.0,29.0,29.0,0.0,29.0,29.0,29.0,29.0,29.0,29.0,29.0,0.0,151.0,69.0,54.0,,,,
cylinder,diameter,0.025,50,30,-30.0,30.0,30.0,30.0,0.0,30.0,30.0,30.0,30.0,30.0,30.0,30.0,0.0,150.0,70.0,55.0,,,,
cylinder,diameter,0.025,50,31,-31.0,31.0,31.0,31.0,0.0,31.0,31.0,31.0,31.0,31.0,31.0,31.0,0.0,149.0,71.0,56.0,,,,
cylinder,diameter,0.025,50,32,-32.0,32.0,32.0,32.0,0.0,32.0,32.0,32.0,32.0,32.0,32.0,32.0,0.0,148.0,72.0,57.0,,,,
cylinder,diameter,0.025,50,33,-33.0,33.0,33.0,33.0,0.0,33.0,33.0,33.0,33.0,33.0,33.0,33.0,0.0,147.0,73.0,58.0,,,,
cylinder,diameter,0.025,50,34,-34.0,34.0,34.0,34.0,0.0,34.0,34.0,34.0,34.0,34.0,34.0,34.0,0.0,146.0,74.0,59.0,,,,
cylinder,diameter,0.025,50,35,-35.0,35.0,35.0,35.0,0.0,35.0,35.0,35.0,35.0,35.0,35.0,35.0,0.0,145.0,75.0,60.0,,,,
cylinder,diameter,0.025,50,36,-36.0,36.0,36.0,36.0,0.0,36.0,36.0,36.0,36.0,36.0,36.0,36.0,0.0,144.0,76.0,61.0,,,,
cylinder,diameter,0.025,50,37,-37.0,37.0,37.0,37.0,0.0,37.0,37.0,37.0,37.0,37.0,37.0,37.0,0.0,143.0,77.0,62.0,,,,
cylinder,diameter,0.025,50,38,-38.0,38.0,38.0,38.0,0.0,38.0,38.0,38.0,38.0,38.0,38.0,38.0,0.0,142.0,78.0,63.0,,,,
cylinder,diameter,0.025,50,39,-39.0,39.0,39.0,39.0,0.0,39.0,39.0,39.0,39.0,39.0,39.0,39.0,0.0,141.0,79.0,64.0,,,,
cylinder,diameter,0.025,50,40,-40.0,40.0,40.0,40.0,0.0,40.0,40.0,40.0,40.0,40.0,40.0,40.0,0.0,140.0,80.0,65.0,,,,
cylinder,diameter,0.025,50,41,-41.0,41.0,41.0,41.0,0.0,41.0,41.0,41.0,41.0,41.0,41.0,41.0,0.0,139.0,81.0,66.0,,,,
cylinder,diameter,0.025,50,42,-42.0,42.0,42.0,42.0,0.0,42.0,42.0,42.0,42.0,42.0,42.0,42.0,0.0,138.0,82.0,67.0,,,,
cylinder,diameter,0.025,50,43,-43.0,43.0,43.0,43.0,0.0,43.0,43.0,43.0,43.0,43.0,43.0,43.0,0.0,137.0,83.0,68.0,,,,
cylinder,diameter,0.025,50,44,-44.0,44.0,44.0,44.0,0.0,44.0,44.0,44.0,44.0,44.0,44.0,44.0,0.0,136.0,84.0,69.0,,,,
cylinder,diameter,0.025,50,45,-45.0,45.0,45.0,45.0,0.0,45.0,45.0,45.0,45.0,45.0,45.0,45.0,0.0,135.0,85.0,70.0,,,,
cylinder,diameter,0.025,50,46,-46.0,46.0,46.0,46.0,0.0,46.0,46.0,46.0,46.0,46.0,46.0,46.0,0.0,134.0,86.0,71.0,,,,
cylinder,diameter,0.025,50,47,-47.0,47.0,47.0,47.0,0.0,47.0,47.0,47.0,47.0,47.0,47.0,47.0,0.0,133.0,87.0,72.0,,,,
cylinder,diameter,0.025,50,48,-48.0,48.0,48.0,48.0,0.0,48.0,48.0,48.0,48.0,48.0,48.0,48.0,0.0,132.0,88.0,73.0,,,,
cylinder,diameter,0.025,50,49,-49.0,49.0,49.0,49.0,0.0,49.0,49.0,49.0,49.0,49.0,49.0,49.0,0.0,131.0,89.0,74.0,,,,
cylinder,diameter,0.025,50,50,-50.0,50.0,50.0,50.0,0.0,50.0,50.0,50.0,50.0,50.0,50.0,50.0,0.0,130.0,90.0,75.0,,,,
cylinder,diameter,0.025,50,51,-51.0,51.0,51.0,51.0,0.0,51.0,51.0,51.0,51.0,51.0,51.0,51.0,0.0,129.0,91.0,76.0,,,,
cylinder,diameter,0.025,50,52,-52.0,52.0,52.0,52.0,0.0,52.0,52.0,52.0,52.0,52.0,52.0,52.0,0.0,128.0,92.0,77.0,,,,
cylinder,diameter,0.025,50,53,-53.0,53.0,53.0,53.0,0.0,53.0,53.0,53.0,53.0,53.0,53.0,53.0,0.0,127.0,93.0,78.0,,,,
cylinder,diameter,0.025,50,54,-54.0,54.0,54.0,54.0,0.0,54.0,54.0,54.0,54.0,54.0,54.0,54.0,0.0,126.0,94.0,79.0,,,,
cylinder,diameter,0.025,50,55,-55.0,55.0,55.0,55.0,0.0,55.0,55.0,55.0,55.0,55.0,55.0,55.0,0.0,125.0,95.0,80.0,,,,
cylinder,diameter,0.025,50,56,-56.0,56.0,56.0,56.0,0.0,56.0,56.0,56.0,56.0,56.0,56.0,56.0,0.0,124.0,96.0,80.0,,,,
cylinder,diameter,0.025,50,57,-57.0,57.0,57.0,57.0,0.0,57.0,57.0,57.0,57.0,57.0,57.0,57.0,0.0,123.0,97.0,80.0,,,,
cylinder,diameter,0.025,50,58,-58.0,58.0,58.0,58.0,0.0,58.0,58.0,58.0,58.0,58.0,58.0,58.0,0.0,122.0,98.0,80.0,,,,
cylinder,diameter,0.025,50,59,-59.0,59.0,59.0,59.0,0.0,59.0,59.0,59.0,59.0,59.0,59.0,59.0,0.0,121.0,99.0,80.0,,,,
cylinder,diameter,0.025,50,60,-60.0,60.0,60.0,60.0,0.0,60.0,60.0,60.0,60.0,60.0,60.0,60.0,0.0,120.0,100.0,80.0,,,,
cylinder,diameter,0.025,50,61,-61.0,61.0,61.0,60.0,0.0,61.0,61.0,61.0,61.0,61.0,61.0,60.0,0.0,119.0,101.0,80.0,,,,
cylinder,diameter,0.025,50,62,-62.0,62.0,62.0,60.0,0.0,62.0,62.0,62.0,62.0,62.0,62.0,60.0,0.0,118.0,102.0,80.0,,,,
cylinder,diameter,0.025,50,63,-63.0,63.0,63.0,60.0,0.0,63.0,63.0,63.0,63.0,63.0,63.0,60.0,0.0,117.0,103.0,80.0,,,,
cylinder,diameter,0.025,50,64,-64.0,64.0,64.0,60.0,0.0,64.0,64.0,64.0,64.0,64.0,64.0,60.0,0.0,116.0,104.0,80.0,,,,
cylinder,diameter,0.025,50,65,-65.0,65.0,65.0,60.0,0.0,65.0,65.0,65.0,65.0,65.0,65.0,60.0,0.0,115.0,105.0,80.0,,,,
cylinder,diameter,0.025,50,66,-66.0,66.0,66.0,60.0,0.0,66.0,66.0,65.0,66.0,66.0,66.0,60.0,0.0,114.0,106.0,80.0,,,,
cylinder,diameter,0.025,50,67,-67.0,67.0,67.0,60.0,0.0,67.0,67.0,65.0,67.0,67.0,67.0,60.0,0.0,113.0,107.0,80.0,,,,
cylinder,diameter,0.025,50,68,-68.0,68.0,68.0,60.0,0.0,68.0,68.0,65.0,68.0,68.0,68.0,60.0,0.0,112.0,108.0,80.0,,,,
cylinder,diameter,0.025,50,69,-69.0,69.0,69.0,60.0,0.0,69.0,69.0,65.0,69.0,69.0,69.0,60.0,0.0,111.0,109.0,80.0,,,,
cylinder,diameter,0.025,50,70,-70.0,70.0,70.0,60.0,0.0,70.0,70.0,65.0,70.0,70.0,70.0,60.0,0.0,110.0,110.0,80.0,,,,
cylinder,diameter,0.025,50,71,-71.0,71.0,71.0,60.0,0.0,70.875,70.875,65.0,71.0,71.0,71.0,60.0,0.0,109.0,110.0,80.0,,contact,,
cylinder,diameter,0.025,50,72,-72.0,72.0,72.0,60.0,0.0,70.875,70.875,65.0,72.0,72.0,72.0,60.0,0.0,108.0,110.0,80.0,,contact,,
cylinder,diameter,0.025,50,73,-73.0,73.0,73.0,60.0,0.0,70.875,70.875,65.0,73.0,73.0,73.0,60.0,0.0,107.0,110.0,80.0,,contact,,
cylinder,diameter,0.025,50,74,-74.0,74.0,74.0,60.0,0.0,70.875,70.875,65.0,74.0,74.0,74.0,60.0,0.0,106.0,110.0,80.0,,contact,,
cylinder,diameter,0.025,50,75,-75.0,75.0,75.0,60.0,0.0,70.875,70.875,65.0,75.0,75.0,75.0,60.0,0.0,105.0,110.0,80.0,,contact,,
cylinder,diameter,0.025,50,76,-75.0,76.0,76.0,60.0,0.0,70.875,70.875,65.0,75.0,76.0,76.0,60.0,0.0,104.0,110.0,80.0,,contact,,
cylinder,diameter,0.025,50,77,-75.0,77.0,77.0,60.0,0.0,70.875,70.875,65.0,75.0,77.0,77.0,60.0,0.0,103.0,110.0,80.0,,contact,,
cylinder,diameter,0.025,50,78,-75.0,78.0,78.0,60.0,0.0,70.875,70.875,65.0,75.0,78.0,78.0,60.0,0.0,102.0,110.0,80.0,,contact,,
cylinder,diameter,0.025,50,79,-75.0,79.0,79.0,60.0,0.0,70.875,70.875,65.0,75.0,79.0,79.0,60.0,0.0,101.0,110.0,80.0,,contact,,
cylinder,diameter,0.025,50,80,-75.0,80.0,80.0,60.0,0.0,70.875,70.875,65.0,75.0,80.0,80.0,60.0,0.0,100.0,110.0,80.0,,contact,,angle_limit
cylinder,diameter,0.025,50,81,-75.0,81.0,81.0,60.0,0.0,70.875,70.875,65.0,75.0,81.0,81.0,60.0,0.0,100.0,110.0,80.0,,contact,,angle_limit
cylinder,diameter,0.025,50,82,-75.0,82.0,82.0,60.0,0.0,70.875,70.875,65.0,75.0,82.0,82.0,60.0,0.0,100.0,110.0,80.0,,contact,,angle_limit
cylinder,diameter,0.025,50,83,-75.0,83.0,83.0,60.0,0.0,70.875,70.875,65.0,75.0,83.0,83.0,60.0,0.0,100.0,110.0,80.0,,contact,,angle_limit
cylinder,diameter,0.025,50,84,-75.0,84.0,84.0,60.0,0.0,70.875,70.875,65.0,75.0,84.0,84.0,60.0,0.0,100.0,110.0,80.0,,contact,,angle_limit
cylinder,diameter,0.025,50,85,-75.0,85.0,85.0,60.0,0.0,70.875,70.875,65.0,75.0,85.0,85.0,60.0,0.0,100.0,110.0,80.0,,contact,,angle_limit
cylinder,diameter,0.025,50,86,-75.0,86.0,86.0,60.0,0.0,70.875,70.875,65.0,75.0,86.0,86.0,60.0,0.0,100.0,110.0,80.0,,contact,,angle_limit
cylinder,diameter,0.025,50,87,-75.0,87.0,87.0,60.0,0.0,70.875,70.875,65.0,75.0,87.0,87.0,60.0,0.0,100.0,110.0,80.0,,contact,,angle_limit
cylinder,diameter,0.025,50,88,-75.0,88.0,88.0,60.0,0.0,70.875,70.875,65.0,75.0,88.0,88.0,60.0,0.0,100.0,110.0,80.0,,contact,,angle_limit
cylinder,diameter,0.025,50,89,-75.0,89.0,89.0,60.0,0.0,70.875,70.875,65.0,75.0,89.0,89.0,60.0,0.0,100.0,110.0,80.0,,contact,,angle_limit
cylinder,diameter,0.025,50,90,-75.0,90.0,90.0,60.0,0.0,70.875,70.875,65.0,75.0,90.0,90.0,60.0,0.0,100.0,110.0,80.0,angle_limit,contact,angle_limit,angle_limit
