grip,time,positions,velocities,currents
1,1791637684.0448859,"[0.0007679999999936626, -4.745346000000012, -1.3175970000000063, -0.17501400000000444, -0.08712299999999118, -5.272692000000006, 0.08865900000000693, -0.5265780000000007, 0.17654999999999177, -4.833236999999997, -1.053923999999995, 0.3523319999999899, -2.0207249999999988, 178.507389, 39.991173, 25.840722]","[0.0, 1.0, 0.0, 0.0, 0.0, 1.0, 0.0, 1.0, 1.0, 0.0, 1.0, 1.0, 0.0, 1.0, 0.0, 1.0]","[-9.0, 32.0, 16.0, 13.0, 0.0, 35.0, -10.0, 11.0, -14.0, 32.0, 11.0, -11.0, 15.0, 15.0, 0.0, -14.0]"
1,1791637684.2725494,"[-0.4386869999999874, -4.745346000000012, -0.9660330000000101, 0.0007679999999936626, -0.08712299999999118, -5.272692000000006, 0.528113999999988, -0.5265780000000007, 0.7038960000000145, -4.833236999999997, -1.053923999999995, 0.3523319999999899, -2.0207249999999988, 178.33160700000002, 40.07906399999999, 25.928613000000013]","[0.0, 1.0, 1.0, 1.0, 0.0, 1.0, 1.0, 1.0, 1.0, 0.0, 1.0, 1.0, 0.0, 0.0, 1.0, 1.0]","[-9.0, 45.0, 18.0, 15.0, 0.0, 51.0, 10.0, 13.0, 14.0, 51.0, 13.0, 10.0, 15.0, -10.0, 11.0, 13.0]"
1,1791637684.4966142,"[-1.3175970000000063, -3.7785450000000083, -0.08712299999999118, 0.528113999999988, -0.08712299999999118, -3.7785450000000083, 1.1433509999999956, 0.3523319999999899, 0.7917869999999994, -4.042217999999991, -0.6144689999999855, 0.6160050000000012, -2.0207249999999988, 178.06793399999998, 40.07906399999999, 26.192285999999996]","[0.0, 1.0, 2.0, 1.0, 0.0, 1.0, 2.0, 3.0, 1.0, 1.0, 1.0, 1.0, 1.0, 0.0, 1.0, 1.0]","[-11.0, 56.0, 19.0, 17.0, 0.0, 59.0, 11.0, 12.0, 16.0, 63.0, 16.0, 12.0, 15.0, -15.0, 14.0, 14.0]"
1,1791637684.7179806,"[-2.372288999999995, -1.4054879999999912, 0.8796780000000126, 1.407024000000007, -0.08712299999999118, -2.372288999999995, 1.846478999999988, 1.407024000000007, 2.813279999999992, -2.372288999999995, 0.08865900000000693, 0.6160050000000012, -2.0207249999999988, 177.804261, 41.573211000000015, 27.159087]","[-2.0, 4.0, 1.0, 3.0, 0.0, 5.0, 1.0, 1.0, 3.0, 1.0, 1.0, 1.0, 0.0, 0.0, 4.0, 1.0]","[-9.0, 48.0, 19.0, 16.0, 0.0, 60.0, 12.0, 14.0, 14.0, 71.0, 17.0, 17.0, 16.0, -25.0, 13.0, 14.0]"
1,1791637684.9418936,"[-3.339089999999999, 0.17654999999999177, 1.7585880000000031, 2.3738250000000107, -0.08712299999999118, 0.3523319999999899, 2.6374979999999937, 2.1101519999999994, 2.901171000000005, -2.372288999999995, 1.2312420000000088, 1.9343700000000013, -2.0207249999999988, 177.540588, 42.36422999999999, 28.03799699999999]","[-2.0, 4.0, 3.0, 2.0, 0.0, 6.0, 1.0, 2.0, 1.0, 1.0, 4.0, 5.0, 0.0, 1.0, 2.0, 2.0]","[-9.0, 59.0, 19.0, 17.0, 0.0, 53.0, 13.0, 13.0, 15.0, 96.0, 15.0, 14.0, 15.0, -38.0, 13.0, 15.0]"
1,1791637685.1670146,"[-4.305891000000003, 1.0554600000000107, 2.725389000000007, 3.2527350000000013, -0.08712299999999118, 2.0222610000000145, 3.4285169999999994, 3.2527350000000013, 4.746881999999999, 2.1980430000000126, 2.0222610000000145, 2.98906199999999, -2.0207249999999988, 175.606986, 43.41892200000001, 29.268471000000005]","[-1.0, 9.0, 1.0, 1.0, 0.0, 1.0, 1.0, 2.0, 3.0, 9.0, 2.0, 2.0, 0.0, -3.0, 1.0, 3.0]","[-10.0, 62.0, 19.0, 17.0, 0.0, 60.0, 14.0, 13.0, 14.0, 61.0, 16.0, 13.0, 15.0, -36.0, 13.0, 14.0]"
1,1791637685.391287,"[-5.272692000000006, 4.131644999999992, 3.7800809999999956, 4.483208999999988, -0.08712299999999118, 3.6921900000000107, 4.395318000000003, 4.30742699999999, 5.713683000000003, 4.395318000000003, 2.901171000000005, 4.043754000000007, -2.0207249999999988, 173.233929, 44.649395999999996, 30.147380999999996]","[-1.0, 1.0, 2.0, 2.0, 0.0, 1.0, 2.0, 1.0, 2.0, 4.0, 5.0, 1.0, -1.0, -2.0, 1.0, 2.0]","[-10.0, 57.0, 20.0, 17.0, 0.0, 64.0, 13.0, 13.0, 14.0, 55.0, 17.0, 13.0, 16.0, -33.0, 13.0, 15.0]"
1,1791637685.6164637,"[-5.975819999999999, 5.801573999999988, 4.395318000000003, 5.537901000000005, -0.08712299999999118, 6.153138000000013, 5.362119000000007, 5.186337000000009, 6.504702000000009, 5.9773560000000145, 4.219536000000005, 4.9226639999999975, -2.0207249999999988, 170.77298100000002, 45.616197, 31.114182]","[-1.0, 3.0, 7.0, 3.0, 0.0, 4.0, 3.0, 1.0, 4.0, 3.0, 3.0, 1.0, 0.0, -7.0, 3.0, 1.0]","[-11.0, 61.0, 20.0, 16.0, 0.0, 59.0, 14.0, 14.0, 14.0, 63.0, 17.0, 15.0, 15.0, -28.0, 12.0, 15.0]"
1,1791637685.8372483,"[-7.030511999999987, 8.350413000000003, 5.889465000000001, 6.592592999999994, -0.08712299999999118, 7.2957210000000146, 6.2410289999999975, 6.328920000000011, 7.735175999999996, 8.438303999999988, 5.010555000000011, 6.2410289999999975, -1.9328339999999855, 169.27883400000002, 46.75878, 32.16887399999999]","[0.0, 10.0, 3.0, 3.0, 0.0, 11.0, 5.0, 4.0, 4.0, 6.0, 2.0, 3.0, 0.0, 0.0, 2.0, 2.0]","[-11.0, 52.0, 20.0, 16.0, 0.0, 62.0, 13.0, 13.0, 13.0, 57.0, 17.0, 13.0, 16.0, -34.0, 13.0, 14.0]"
1,1791637686.0611532,"[-8.085204000000004, 10.108233000000013, 5.889465000000001, 7.383611999999999, -0.08712299999999118, 10.196123999999998, 7.207830000000001, 7.383611999999999, 7.735175999999996, 9.668778000000003, 6.2410289999999975, 7.207830000000001, -2.0207249999999988, 168.487815, 47.54979900000001, 33.13567499999999]","[-2.0, 1.0, 1.0, 1.0, 0.0, 4.0, 1.0, 1.0, 1.0, 1.0, 3.0, 3.0, 0.0, 0.0, 1.0, 3.0]","[-10.0, 62.0, 24.0, 16.0, 0.0, 53.0, 14.0, 13.0, 16.0, 66.0, 17.0, 13.0, 15.0, -44.0, 14.0, 15.0]"
1,1791637686.2852242,"[-9.139895999999993, 10.811361000000005, 7.823067000000009, 8.614086000000015, -0.08712299999999118, 11.426598000000013, 8.26252199999999, 8.526195000000001, 9.668778000000003, 9.668778000000003, 7.119938999999988, 7.647285000000011, -2.0207249999999988, 166.114758, 48.51660000000001, 34.19036700000001]","[0.0, 9.0, 3.0, 4.0, 0.0, 1.0, 3.0, 3.0, 3.0, 0.0, 1.0, 4.0, 1.0, -10.0, 2.0, 1.0]","[-11.0, 66.0, 19.0, 16.0, 0.0, 64.0, 13.0, 13.0, 13.0, 93.0, 17.0, 13.0, 14.0, -35.0, 13.0, 14.0]"
1,1791637686.509737,"[-10.19458800000001, 13.887546000000015, 8.877758999999998, 8.614086000000015, -0.08712299999999118, 13.799655000000001, 9.317214000000007, 9.405104999999992, 10.635579000000007, 13.887546000000015, 7.998849000000007, 9.141432000000009, -2.0207249999999988, 163.829592, 49.571292, 35.245059]","[0.0, 1.0, 3.0, 2.0, 0.0, 7.0, 2.0, 1.0, 1.0, 18.0, 6.0, 3.0, -1.0, 0.0, 1.0, 3.0]","[-9.0, 62.0, 22.0, 19.0, 0.0, 55.0, 13.0, 13.0, 14.0, 54.0, 16.0, 13.0, 15.0, -39.0, 13.0, 14.0]"
1,1791637686.736274,"[-10.721934000000005, 13.887546000000015, 9.844560000000001, 10.547687999999994, -0.08712299999999118, 15.996929999999992, 10.28401500000001, 10.371905999999996, 11.60238000000001, 14.23911000000001, 9.141432000000009, 10.020342, -1.9328339999999855, 161.45653500000003, 50.362311000000005, 36.036078]","[-1.0, 1.0, 2.0, 1.0, 0.0, 5.0, 3.0, 3.0, 2.0, 1.0, 2.0, 2.0, 1.0, -7.0, 1.0, 3.0]","[-10.0, 88.0, 19.0, 16.0, 0.0, 58.0, 14.0, 13.0, 14.0, 84.0, 16.0, 13.0, 15.0, -33.0, 14.0, 14.0]"
1,1791637686.9572465,"[-11.952407999999991, 18.106313999999998, 10.635579000000007, 11.514488999999998, -0.08712299999999118, 17.842641000000015, 11.162925000000001, 11.250816000000015, 12.657072, 14.23911000000001, 9.492996000000005, 10.89925199999999, -2.0207249999999988, 159.52293300000002, 51.50489400000001, 37.178661000000005]","[0.0, 12.0, 2.0, 2.0, 0.0, 7.0, 2.0, 1.0, 2.0, 1.0, 6.0, 3.0, 0.0, -2.0, 3.0, 2.0]","[-10.0, 50.0, 20.0, 17.0, 0.0, 56.0, 14.0, 13.0, 14.0, 114.0, 18.0, 14.0, 16.0, -38.0, 13.0, 14.0]"
1,1791637687.1842816,"[-12.919208999999995, 20.12780699999999, 11.778162000000009, 12.569181000000015, -0.08712299999999118, 20.12780699999999, 12.21761699999999, 12.393398999999988, 13.623873000000003, 20.12780699999999, 10.987143000000003, 12.041834999999992, -2.0207249999999988, 157.50144, 52.383804, 38.14546200000001]","[0.0, 3.0, 1.0, 3.0, 0.0, 4.0, 1.0, 1.0, 2.0, 8.0, 1.0, 4.0, 0.0, 0.0, 3.0, 1.0]","[-10.0, 59.0, 19.0, 15.0, 0.0, 57.0, 14.0, 13.0, 14.0, 58.0, 17.0, 13.0, 16.0, -36.0, 12.0, 14.0]"
1,1791637687.4083872,"[-14.14968300000001, 22.237190999999996, 12.832853999999998, 13.53598199999999, -0.08712299999999118, 21.44617199999999, 13.272309000000007, 13.53598199999999, 14.678564999999992, 21.182499000000007, 11.866052999999994, 12.569181000000015, -2.0207249999999988, 155.74362000000002, 53.174823, 39.375935999999996]","[-1.0, 4.0, 4.0, 3.0, 0.0, 8.0, 3.0, 3.0, 3.0, 9.0, 2.0, 6.0, 0.0, -2.0, 1.0, 3.0]","[-10.0, 67.0, 19.0, 16.0, 0.0, 66.0, 14.0, 11.0, 13.0, 62.0, 18.0, 13.0, 17.0, -40.0, 13.0, 14.0]"
1,1791637687.632307,"[-15.116483999999986, 23.819229000000007, 13.799655000000001, 13.623873000000003, -0.08712299999999118, 24.522357, 14.327000999999996, 14.414892000000009, 15.733257000000009, 24.610248000000013, 13.096527000000009, 13.887546000000015, -2.0207249999999988, 153.810018, 54.40529699999999, 40.254846000000015]","[0.0, 7.0, 1.0, 1.0, 0.0, 5.0, 3.0, 1.0, 1.0, 3.0, 5.0, 1.0, -1.0, -2.0, 2.0, 1.0]","[-10.0, 62.0, 19.0, 19.0, 0.0, 50.0, 13.0, 14.0, 13.0, 56.0, 17.0, 13.0, 16.0, -38.0, 14.0, 14.0]"
1,1791637687.8562193,"[-16.346958, 26.543849999999992, 14.85434699999999, 15.381693000000013, -0.08712299999999118, 26.016503999999998, 15.381693000000013, 15.733257000000009, 16.787948999999998, 26.807523000000003, 13.975437, 14.85434699999999, -2.0207249999999988, 151.70063399999998, 55.372097999999994, 41.22164699999999]","[-2.0, 10.0, 2.0, 4.0, 0.0, 1.0, 1.0, 2.0, 3.0, 4.0, 1.0, 1.0, -1.0, -4.0, 3.0, 2.0]","[-10.0, 50.0, 19.0, 16.0, 0.0, 60.0, 14.0, 13.0, 14.0, 52.0, 17.0, 15.0, 15.0, -37.0, 13.0, 15.0]"
1,1791637688.080214,"[-17.22586799999999, 28.653233999999998, 15.909039000000007, 16.436385, -0.08712299999999118, 28.565343000000013, 16.524276000000015, 16.787948999999998, 17.666858999999988, 28.565343000000013, 15.118020000000001, 15.996929999999992, -2.0207249999999988, 150.382269, 56.25100800000001, 42.188447999999994]","[-1.0, 3.0, 2.0, 2.0, 0.0, 5.0, 3.0, 2.0, 1.0, 1.0, 3.0, 2.0, 0.0, -1.0, 1.0, 1.0]","[-10.0, 53.0, 18.0, 16.0, 0.0, 55.0, 13.0, 12.0, 14.0, 55.0, 16.0, 13.0, 15.0, -41.0, 15.0, 14.0]"
1,1791637688.3024125,"[-18.456342000000006, 31.114182, 17.139512999999994, 17.403186000000005, -0.08712299999999118, 30.05949000000001, 17.578968000000003, 17.75475, 18.633659999999992, 28.653233999999998, 16.084821000000005, 16.963730999999996, -1.9328339999999855, 148.448667, 57.393591000000015, 43.24314000000001]","[-2.0, 8.0, 4.0, 4.0, 0.0, 3.0, 4.0, 3.0, 1.0, 1.0, 1.0, 6.0, 0.0, -2.0, 2.0, 3.0]","[-9.0, 48.0, 18.0, 16.0, 0.0, 58.0, 13.0, 12.0, 14.0, 81.0, 17.0, 14.0, 15.0, -44.0, 14.0, 14.0]"
1,1791637688.525104,"[-19.42314300000001, 32.784110999999996, 18.018423000000013, 17.403186000000005, -0.08712299999999118, 32.608329, 18.36998700000001, 18.545769000000007, 19.51257000000001, 32.959892999999994, 17.315294999999992, 18.106313999999998, -1.9328339999999855, 145.98771900000003, 58.36039199999999, 44.297832]","[-1.0, 5.0, 1.0, 1.0, 0.0, 6.0, 1.0, 1.0, 5.0, 14.0, 2.0, 5.0, 1.0, -5.0, 2.0, 3.0]","[-9.0, 55.0, 18.0, 20.0, 0.0, 50.0, 13.0, 12.0, 14.0, 46.0, 16.0, 13.0, 15.0, -39.0, 12.0, 14.0]"
1,1791637688.7521896,"[-20.477835, 35.15716800000001, 19.161006000000015, 19.336788000000013, -0.08712299999999118, 34.45403999999999, 19.248897, 19.68835200000001, 20.655153000000013, 33.13567499999999, 18.545769000000007, 18.985223999999988, -1.9328339999999855, 143.878335, 59.41508400000001, 45.264633]","[-2.0, 7.0, 1.0, 1.0, 0.0, 1.0, 1.0, 2.0, 2.0, 1.0, 3.0, 1.0, 0.0, -8.0, 1.0, 2.0]","[-9.0, 41.0, 19.0, 16.0, 0.0, 56.0, 14.0, 12.0, 14.0, 71.0, 14.0, 13.0, 15.0, -34.0, 13.0, 14.0]"
1,1791637688.973674,"[-21.708308999999986, 37.09076999999999, 20.303588999999988, 20.39148, -0.08712299999999118, 37.00287900000001, 20.215698000000003, 20.655153000000013, 21.885627, 33.13567499999999, 19.424678999999998, 20.215698000000003, -2.0207249999999988, 141.50527799999998, 60.293994, 46.05565200000001]","[-2.0, 5.0, 3.0, 1.0, 0.0, 7.0, 1.0, 1.0, 3.0, 1.0, 6.0, 4.0, 0.0, -2.0, 3.0, 1.0]","[-9.0, 52.0, 17.0, 17.0, 0.0, 52.0, 14.0, 12.0, 14.0, 100.0, 16.0, 14.0, 15.0, -36.0, 14.0, 15.0]"
1,1791637689.1964169,"[-22.67510999999999, 39.28804500000001, 21.358281000000005, 21.621953999999988, -0.08712299999999118, 38.84859, 21.00671700000001, 21.797736000000015, 22.412972999999994, 39.28804500000001, 20.655153000000013, 21.182499000000007, -1.9328339999999855, 140.80214999999998, 61.436577, 47.110344]","[-1.0, 7.0, 1.0, 4.0, 0.0, 8.0, 3.0, 4.0, 1.0, 10.0, 3.0, 3.0, 0.0, -6.0, 3.0, 1.0]","[-9.0, 42.0, 18.0, 15.0, 0.0, 45.0, 15.0, 12.0, 14.0, 44.0, 15.0, 13.0, 15.0, -43.0, 13.0, 15.0]"
1,1791637689.424058,"[-23.81769299999999, 41.309538, 22.500864000000007, 22.588754999999992, -0.08712299999999118, 41.133756000000005, 21.797736000000015, 22.76453699999999, 23.819229000000007, 41.92477500000001, 21.621953999999988, 22.32508200000001, -2.0207249999999988, 137.37440099999998, 62.403378000000004, 48.165036000000015]","[0.0, 1.0, 2.0, 3.0, 0.0, 8.0, 3.0, 1.0, 3.0, 4.0, 2.0, 1.0, 0.0, -4.0, 3.0, 1.0]","[-9.0, 46.0, 17.0, 17.0, 0.0, 44.0, 16.0, 12.0, 14.0, 40.0, 14.0, 13.0, 15.0, -33.0, 12.0, 14.0]"
1,1791637689.6448746,"[-24.69660300000001, 43.506812999999994, 23.379773999999998, 22.588754999999992, -0.08712299999999118, 43.68259499999999, 22.588754999999992, 23.555555999999996, 24.873920999999996, 43.331030999999996, 22.676646000000005, 22.32508200000001, -1.9328339999999855, 135.44079900000003, 63.45806999999999, 49.219728]","[0.0, 9.0, 2.0, 0.0, 0.0, 4.0, 1.0, 1.0, 1.0, 4.0, 3.0, 1.0, 1.0, -4.0, 3.0, 3.0]","[-9.0, 39.0, 17.0, 18.0, 0.0, 44.0, 17.0, 13.0, 13.0, 46.0, 15.0, 16.0, 15.0, -33.0, 13.0, 14.0]"
1,1791637689.8699975,"[-25.839186000000012, 45.967760999999996, 24.170793000000003, 24.434466000000015, -0.08712299999999118, 45.967760999999996, 23.64344700000001, 24.78603000000001, 25.840722, 46.407216000000005, 23.64344700000001, 24.170793000000003, -2.0207249999999988, 132.80406900000003, 64.424871, 50.18652900000001]","[-2.0, 2.0, 1.0, 3.0, 1.0, 7.0, 3.0, 1.0, 1.0, 7.0, 1.0, 3.0, 0.0, -6.0, 1.0, 4.0]","[-8.0, 41.0, 18.0, 15.0, 0.0, 37.0, 15.0, 11.0, 13.0, 36.0, 15.0, 13.0, 15.0, -29.0, 14.0, 15.0]"
1,1791637690.0960443,"[-26.981768999999986, 48.252927, 25.313376000000005, 25.577048999999988, 0.0007679999999936626, 47.901363, 24.78603000000001, 25.752831000000015, 26.983305, 47.901363, 24.78603000000001, 25.489158000000003, -2.0207249999999988, 130.95835799999998, 65.391672, 51.065439]","[-2.0, 6.0, 2.0, 2.0, 2.0, 3.0, 3.0, 1.0, 1.0, 4.0, 3.0, 2.0, 0.0, -3.0, 2.0, 3.0]","[0.0, 33.0, 18.0, 15.0, -12.0, 42.0, 14.0, 13.0, 0.0, 41.0, 14.0, 12.0, 15.0, -30.0, 14.0, 14.0]"
1,1791637690.317506,"[-27.94856999999999, 50.362311000000005, 26.28017700000001, 26.71963199999999, 0.0007679999999936626, 50.098637999999994, 25.840722, 26.895413999999988, 27.950106000000005, 50.889657, 25.928613000000013, 26.455959000000007, -1.9328339999999855, 128.49741, 66.534255, 52.208022]","[0.0, 1.0, 1.0, 4.0, 1.0, 4.0, 2.0, 1.0, 1.0, 7.0, 4.0, 3.0, 1.0, -3.0, 1.0, 2.0]","[0.0, 36.0, 18.0, 15.0, -12.0, 40.0, 15.0, 12.0, 0.0, 31.0, 15.0, 12.0, 15.0, -29.0, 13.0, 14.0]"
1,1791637690.5407057,"[-28.82748000000001, 52.383804, 27.246978000000013, 27.59854200000001, 0.0007679999999936626, 52.47169500000001, 27.071196000000015, 27.42276000000001, 29.092689000000007, 52.29591300000001, 26.895413999999988, 27.59854200000001, -1.9328339999999855, 127.003263, 67.676838, 53.174823]","[0.0, 8.0, 1.0, 1.0, 1.0, 5.0, 3.0, 1.0, 0.0, 3.0, 2.0, 3.0, 0.0, 0.0, 3.0, 1.0]","[-9.0, 33.0, 18.0, 16.0, -12.0, 35.0, 15.0, 14.0, -9.0, 38.0, 14.0, 11.0, 15.0, -34.0, 13.0, 15.0]"
1,1791637690.7668324,"[-29.794281000000012, 55.10842500000001, 28.30167, 28.829015999999996, 0.0007679999999936626, 54.66897, 28.125888000000003, 28.565343000000013, 30.05949000000001, 54.844752, 28.03799699999999, 28.653233999999998, -1.9328339999999855, 124.98176999999998, 68.555748, 54.14162400000001]","[-2.0, 2.0, 1.0, 3.0, 1.0, 5.0, 1.0, 2.0, 1.0, 9.0, 3.0, 3.0, 1.0, -4.0, 1.0, 1.0]","[-9.0, 32.0, 18.0, 15.0, -12.0, 34.0, 16.0, 12.0, 0.0, 29.0, 14.0, 12.0, 15.0, -32.0, 13.0, 14.0]"
1,1791637690.9897177,"[-30.936863999999986, 57.129918, 29.268471000000005, 29.707926000000015, 0.0007679999999936626, 56.954136000000005, 29.35636199999999, 29.795817, 31.026291000000015, 56.42679000000001, 29.004797999999994, 29.795817, -1.9328339999999855, 123.575514, 69.43465800000001, 55.196315999999996]","[-1.0, 5.0, 1.0, 4.0, 1.0, 5.0, 3.0, 1.0, 1.0, 1.0, 2.0, 4.0, 0.0, 0.0, 1.0, 1.0]","[0.0, 29.0, 17.0, 15.0, -12.0, 31.0, 13.0, 11.0, -7.0, 36.0, 13.0, 11.0, 15.0, -36.0, 14.0, 14.0]"
1,1791637691.2159114,"[-31.815774000000005, 59.327192999999994, 30.498944999999992, 30.850508999999988, 0.0007679999999936626, 58.975629, 30.586836000000005, 30.762618000000003, 32.080983, 56.86624499999999, 29.883708000000013, 30.67472699999999, -1.9328339999999855, 120.76300200000003, 70.75302300000001, 56.25100800000001]","[0.0, 5.0, 1.0, 3.0, 1.0, 3.0, 3.0, 1.0, 0.0, 8.0, 0.0, 5.0, 0.0, -10.0, 3.0, 3.0]","[-9.0, 34.0, 17.0, 16.0, -11.0, 28.0, 13.0, 12.0, 0.0, 48.0, 14.0, 12.0, 15.0, -28.0, 12.0, 14.0]"
1,1791637691.4372346,"[-32.87046599999999, 61.260795, 31.37785500000001, 31.817309999999992, 0.0007679999999936626, 61.612359, 31.641527999999994, 31.905201000000005, 33.04778400000001, 61.612359, 31.114182, 31.729419000000007, -1.9328339999999855, 118.653618, 71.89560600000002, 57.129918]","[0.0, 8.0, 1.0, 1.0, 1.0, 5.0, 1.0, 1.0, 1.0, 6.0, 2.0, 3.0, 1.0, -2.0, 4.0, 1.0]","[-8.0, 27.0, 17.0, 15.0, -12.0, 25.0, 13.0, 11.0, 0.0, 28.0, 14.0, 12.0, 14.0, -31.0, 11.0, 14.0]"
1,1791637691.6614,"[-34.013048999999995, 63.897525, 32.608329, 32.87200200000001, 0.0007679999999936626, 63.897525, 32.69622000000001, 32.87200200000001, 34.102475999999996, 63.63385199999999, 32.344656000000015, 32.52043800000001, -1.9328339999999855, 116.456343, 72.950298, 58.36039199999999]","[-1.0, 4.0, 2.0, 3.0, 1.0, 5.0, 3.0, 2.0, 1.0, 2.0, 5.0, 2.0, 1.0, -5.0, 2.0, 1.0]","[-1.0, 25.0, 17.0, 14.0, -12.0, 24.0, 13.0, 11.0, -10.0, 28.0, 12.0, 12.0, 15.0, -26.0, 11.0, 13.0]"
1,1791637691.8851461,"[-35.06774100000001, 65.919018, 33.750912, 33.83880300000001, 0.0007679999999936626, 66.27058199999999, 34.01458500000001, 34.01458500000001, 35.069277, 65.919018, 33.31145699999999, 33.663021000000015, -1.9328339999999855, 114.43484999999998, 73.91709900000001, 59.327192999999994]","[-2.0, 7.0, 3.0, 1.0, 1.0, 6.0, 4.0, 4.0, 1.0, 4.0, 3.0, 3.0, 1.0, -1.0, 1.0, 3.0]","[0.0, 25.0, 16.0, 16.0, -12.0, 21.0, 12.0, 11.0, 0.0, 25.0, 11.0, 12.0, 14.0, -30.0, 12.0, 15.0]"
1,1791637692.1092255,"[-35.85875999999999, 68.379966, 34.80560399999999, 34.893495, 0.0007679999999936626, 68.204184, 34.981386000000015, 34.981386000000015, 36.12396899999999, 68.204184, 34.541931000000005, 34.62982199999999, -1.9328339999999855, 112.14968399999998, 75.05968200000001, 60.38188500000001]","[-1.0, 4.0, 2.0, 3.0, 1.0, 4.0, 3.0, 3.0, 1.0, 8.0, 2.0, 2.0, 1.0, -3.0, 2.0, 3.0]","[-9.0, 21.0, 16.0, 14.0, -11.0, 20.0, 11.0, 12.0, -14.0, 22.0, 12.0, 11.0, 15.0, -26.0, 11.0, 14.0]"
1,1791637692.335878,"[-37.00134299999999, 70.40145900000002, 35.860296000000005, 35.860296000000005, 0.0007679999999936626, 70.665132, 36.21186, 35.94818699999999, 37.00287900000001, 70.48935, 35.50873200000001, 34.717713, -1.9328339999999855, 109.77662700000002, 76.20226500000001, 61.436577]","[-3.0, 6.0, 2.0, 1.0, 1.0, 4.0, 4.0, 1.0, 1.0, 2.0, 3.0, 1.0, 1.0, -2.0, 2.0, 2.0]","[0.0, 20.0, 15.0, 16.0, -11.0, 19.0, 11.0, 11.0, 0.0, 20.0, 12.0, 14.0, 14.0, -25.0, 11.0, 14.0]"
1,1791637692.5574317,"[-37.88025300000001, 73.03818900000002, 37.09076999999999, 36.82709700000001, 0.0007679999999936626, 72.950298, 37.354443, 37.09076999999999, 38.057570999999996, 72.59873400000001, 36.563424, 36.47553300000001, -1.9328339999999855, 108.106698, 77.256957, 62.31548699999999]","[0.0, 5.0, 2.0, 2.0, 0.0, 5.0, 3.0, 4.0, 1.0, 5.0, 3.0, 2.0, 1.0, -3.0, 4.0, 2.0]","[-8.0, 18.0, 15.0, 15.0, -12.0, 16.0, 11.0, 11.0, 0.0, 20.0, 12.0, 12.0, 15.0, -24.0, 11.0, 14.0]"
1,1791637692.7810588,"[-38.847053999999986, 75.23546400000001, 38.14546200000001, 37.881789, 0.0007679999999936626, 75.23546400000001, 38.32124400000001, 37.96968000000001, 39.024372, 74.70811800000001, 37.79389800000001, 37.44233399999999, -1.9328339999999855, 105.38207699999998, 78.13586700000002, 63.37017900000001]","[-1.0, 5.0, 1.0, 4.0, 0.0, 5.0, 1.0, 1.0, 1.0, 2.0, 4.0, 2.0, 1.0, -4.0, 5.0, 1.0]","[-9.0, 16.0, 15.0, 15.0, -11.0, 17.0, 10.0, 11.0, 0.0, 20.0, 10.0, 12.0, 15.0, -20.0, 11.0, 15.0]"
1,1791637693.007214,"[-39.98963699999999, 77.608521, 39.375935999999996, 38.672808, 0.0007679999999936626, 77.43273900000003, 39.551717999999994, 39.200154, 40.07906399999999, 76.64172000000002, 38.76069899999999, 38.497026000000005, -1.9328339999999855, 103.71214800000001, 79.36634099999998, 64.33698000000001]","[0.0, 5.0, 3.0, 2.0, 0.0, 4.0, 1.0, 3.0, 2.0, 7.0, 1.0, 1.0, 1.0, -1.0, 3.0, 1.0]","[-9.0, 17.0, 16.0, 15.0, -12.0, 16.0, 10.0, 11.0, 5.0, 20.0, 12.0, 13.0, 15.0, -23.0, 11.0, 14.0]"
1,1791637693.2292387,"[-40.604873999999995, 79.71790500000003, 40.43062800000001, 39.63960900000001, 0.0007679999999936626, 77.69641200000001, 40.60641000000001, 40.07906399999999, 40.95797400000001, 79.19055900000001, 39.90328199999999, 39.551717999999994, -1.9328339999999855, 103.71214800000001, 80.33314200000001, 65.391672]","[-1.0, 5.0, 3.0, 3.0, 0.0, 1.0, 1.0, 3.0, 1.0, 1.0, 3.0, 5.0, 1.0, 0.0, 2.0, 3.0]","[-9.0, 15.0, 14.0, 16.0, -12.0, 16.0, 9.0, 12.0, 13.0, 18.0, 10.0, 12.0, 15.0, -24.0, 11.0, 14.0]"
1,1791637693.4531436,"[-42.01113000000001, 82.09096199999999, 41.48532, 40.694300999999996, 0.0007679999999936626, 77.69641200000001, 41.661102, 40.870082999999994, 41.661102, 81.29994299999998, 40.870082999999994, 40.60641000000001, -1.9328339999999855, 103.71214800000001, 81.29994299999998, 66.44636400000002]","[-2.0, 5.0, 1.0, 1.0, 0.0, 1.0, 2.0, 1.0, 1.0, 7.0, 3.0, 3.0, 1.0, 0.0, 2.0, 3.0]","[0.0, 14.0, 14.0, 16.0, -11.0, 17.0, 10.0, 12.0, 13.0, 17.0, 10.0, 12.0, 15.0, -24.0, 11.0, 14.0]"
1,1791637693.6784773,"[-43.065822, 84.28823699999998, 42.627903, 41.661102, 0.0007679999999936626, 77.69641200000001, 42.71579399999999, 42.10055700000001, 43.06735800000001, 83.673, 42.10055700000001, 41.573211000000015, -1.9328339999999855, 103.71214800000001, 82.35463500000003, 67.237383]","[0.0, 4.0, 3.0, 3.0, 0.0, 1.0, 3.0, 2.0, 1.0, 4.0, 2.0, 1.0, 1.0, 0.0, 1.0, 1.0]","[0.0, 13.0, 14.0, 16.0, -12.0, 16.0, 10.0, 11.0, 0.0, 16.0, 9.0, 12.0, 15.0, -23.0, 11.0, 15.0]"
1,1791637693.9037242,"[-44.032623, 86.57340299999998, 43.59470400000001, 42.891576000000015, 0.0007679999999936626, 77.69641200000001, 43.68259499999999, 42.979467, 44.03415899999999, 85.78238399999998, 43.155249, 42.803685, -1.9328339999999855, 103.71214800000001, 83.23354499999999, 68.379966]","[0.0, 4.0, 1.0, 3.0, 0.0, 1.0, 1.0, 1.0, 1.0, 4.0, 4.0, 4.0, 1.0, 0.0, 1.0, 1.0]","[0.0, 13.0, 14.0, 15.0, -12.0, 17.0, 10.0, 12.0, 0.0, 16.0, 10.0, 11.0, 14.0, -24.0, 11.0, 14.0]"
1,1791637694.1261003,"[-45.08731499999999, 88.41911399999998, 44.73728700000001, 43.506812999999994, 0.0007679999999936626, 77.69641200000001, 44.649395999999996, 44.12205, 45.00095999999999, 88.155441, 44.12205, 43.770486000000005, -1.9328339999999855, 103.71214800000001, 84.28823699999998, 69.346767]","[0.0, 5.0, 4.0, 1.0, 0.0, 1.0, 1.0, 2.0, 1.0, 5.0, 1.0, 3.0, 0.0, 0.0, 2.0, 1.0]","[0.0, 13.0, 14.0, 15.0, -11.0, 16.0, 10.0, 11.0, -14.0, 14.0, 9.0, 11.0, 14.0, -23.0, 12.0, 14.0]"
1,1791637694.3488762,"[-46.05411599999999, 88.77067799999998, 45.528306000000015, 44.91306900000001, 0.0007679999999936626, 77.69641200000001, 45.791979, 45.088851000000005, 46.05565200000001, 88.33122300000002, 45.17674199999999, 44.825177999999994, -1.9328339999999855, 103.71214800000001, 85.25503800000001, 70.313568]","[0.0, 1.0, 1.0, 3.0, 0.0, 1.0, 3.0, 3.0, 1.0, 1.0, 1.0, 1.0, 0.0, 0.0, 3.0, 2.0]","[0.0, 12.0, 14.0, 15.0, -12.0, 17.0, 10.0, 12.0, -13.0, 14.0, 10.0, 12.0, 15.0, -24.0, 11.0, 14.0]"
1,1791637694.5724587,"[-47.020917, 88.77067799999998, 46.582998, 45.791979, 0.0007679999999936626, 77.69641200000001, 46.67088899999999, 45.87987000000001, 46.934562, 88.33122300000002, 46.143542999999994, 45.87987000000001, -1.9328339999999855, 103.71214800000001, 86.04605700000002, 71.36825999999999]","[0.0, 1.0, 3.0, 1.0, 0.0, 1.0, 1.0, 1.0, 0.0, 1.0, 1.0, 2.0, 0.0, 0.0, 1.0, 3.0]","[0.0, 12.0, 13.0, 15.0, -12.0, 17.0, 10.0, 11.0, -3.0, 14.0, 10.0, 11.0, 14.0, -24.0, 11.0, 14.0]"
1,1791637694.7966754,"[-47.636154000000005, 88.77067799999998, 47.63768999999999, 47.19823500000001, 0.0007679999999936626, 77.69641200000001, 47.81347199999999, 47.110344, 48.077145, 88.33122300000002, 47.286125999999996, 47.02245300000001, -1.9328339999999855, 103.71214800000001, 87.18864000000002, 72.159279]","[0.0, 1.0, 2.0, 3.0, 0.0, 1.0, 3.0, 2.0, 1.0, 1.0, 3.0, 3.0, 0.0, 0.0, 2.0, 1.0]","[-9.0, 13.0, 13.0, 15.0, -12.0, 17.0, 9.0, 12.0, -14.0, 14.0, 9.0, 12.0, 14.0, -24.0, 11.0, 14.0]"
1,1791637695.0236647,"[-49.04240999999999, 88.77067799999998, 48.51660000000001, 48.165036000000015, 0.0007679999999936626, 77.69641200000001, 48.780272999999994, 47.901363, 49.043946000000005, 88.33122300000002, 48.165036000000015, 47.81347199999999, -1.8449430000000007, 103.71214800000001, 88.155441, 73.12608]","[-3.0, 1.0, 1.0, 2.0, 0.0, 1.0, 1.0, 1.0, 1.0, 1.0, 1.0, 1.0, 0.0, 0.0, 1.0, 1.0]","[0.0, 13.0, 14.0, 14.0, -12.0, 17.0, 10.0, 12.0, -14.0, 14.0, 10.0, 11.0, 15.0, -24.0, 12.0, 14.0]"
1,1791637695.2475753,"[-49.833428999999995, 88.77067799999998, 49.483401000000015, 49.219728, 0.0007679999999936626, 77.69641200000001, 49.571292, 49.043946000000005, 49.922855999999996, 88.33122300000002, 48.95605499999999, 48.95605499999999, -1.8449430000000007, 103.71214800000001, 89.03435100000002, 74.268663]","[0.0, 0.0, 2.0, 4.0, 0.0, 1.0, 1.0, 2.0, 0.0, 1.0, 1.0, 1.0, 1.0, 0.0, 3.0, 3.0]","[-8.0, 12.0, 14.0, 14.0, -12.0, 16.0, 10.0, 11.0, -4.0, 14.0, 10.0, 11.0, 15.0, -24.0, 11.0, 14.0]"
1,1791637695.471572,"[-50.80023, 88.77067799999998, 50.538093, 50.45020199999999, 0.0007679999999936626, 77.69641200000001, 50.801766000000015, 50.098637999999994, 51.15333000000001, 88.33122300000002, 50.18652900000001, 50.01074700000001, -1.8449430000000007, 103.71214800000001, 90.17693400000002, 75.23546400000001]","[-1.0, 0.0, 4.0, 3.0, 0.0, 1.0, 2.0, 3.0, 1.0, 1.0, 2.0, 2.0, 1.0, 0.0, 3.0, 2.0]","[-9.0, 12.0, 14.0, 15.0, -12.0, 17.0, 9.0, 11.0, -14.0, 14.0, 10.0, 11.0, 14.0, -24.0, 12.0, 14.0]"
1,1791637695.6921728,"[-51.67913999999999, 88.77067799999998, 51.32911200000001, 51.32911200000001, 0.0007679999999936626, 77.69641200000001, 51.59278499999999, 50.801766000000015, 52.03224, 88.33122300000002, 51.065439, 50.889657, -1.8449430000000007, 103.71214800000001, 91.05584399999998, 76.20226500000001]","[0.0, 0.0, 2.0, 2.0, 0.0, 1.0, 2.0, 1.0, 1.0, 1.0, 1.0, 3.0, 0.0, 0.0, 3.0, 2.0]","[-9.0, 12.0, 14.0, 14.0, -11.0, 17.0, 9.0, 11.0, 0.0, 14.0, 10.0, 11.0, 14.0, -24.0, 11.0, 15.0]"
1,1791637695.919567,"[-52.73383199999999, 88.77067799999998, 52.120131000000015, 52.383804, 0.0007679999999936626, 77.69641200000001, 52.91114999999999, 52.03224, 53.08693199999999, 88.33122300000002, 52.208022, 51.856458, -1.8449430000000007, 103.71214800000001, 92.11053600000002, 77.08117500000003]","[-2.0, 0.0, 2.0, 1.0, 0.0, 1.0, 4.0, 1.0, 0.0, 1.0, 3.0, 3.0, 1.0, 0.0, 3.0, 1.0]","[-8.0, 13.0, 15.0, 14.0, -12.0, 17.0, 10.0, 11.0, 0.0, 14.0, 10.0, 12.0, 14.0, -23.0, 11.0, 15.0]"
1,1791637696.1435106,"[-53.788523999999995, 88.77067799999998, 52.999041000000005, 53.350605, 0.0007679999999936626, 77.69641200000001, 53.702169, 53.08693199999999, 54.053732999999994, 88.33122300000002, 53.174823, 52.91114999999999, -1.8449430000000007, 103.71214800000001, 93.077337, 78.047976]","[-3.0, 0.0, 2.0, 3.0, 0.0, 1.0, 1.0, 2.0, 0.0, 1.0, 3.0, 3.0, 1.0, 0.0, 3.0, 1.0]","[-8.0, 12.0, 16.0, 14.0, -12.0, 16.0, 10.0, 10.0, 0.0, 14.0, 10.0, 11.0, 14.0, -23.0, 11.0, 15.0]"
1,1791637696.364336,"[-54.491652, 88.68278700000002, 53.438496000000015, 54.14162400000001, 0.0007679999999936626, 77.69641200000001, 54.93264300000001, 54.053732999999994, 55.10842500000001, 88.33122300000002, 53.96584200000001, 53.79006000000001, -1.8449430000000007, 103.624257, 94.13202899999999, 79.19055900000001]","[0.0, 0.0, 1.0, 1.0, 0.0, 1.0, 1.0, 2.0, 0.0, 1.0, 2.0, 1.0, 1.0, 0.0, 1.0, 3.0]","[-9.0, 13.0, 17.0, 13.0, -12.0, 16.0, 0.0, 10.0, -9.0, 14.0, 11.0, 11.0, 14.0, -25.0, 11.0, 15.0]"
1,1791637696.5894644,"[-55.45845299999999, 88.68278700000002, 54.317406000000005, 55.196315999999996, 0.0007679999999936626, 77.69641200000001, 55.987335, 55.020534, 56.163117, 88.33122300000002, 55.10842500000001, 54.93264300000001, -1.8449430000000007, 103.624257, 95.45039400000002, 79.27845000000002]","[0.0, 0.0, 1.0, 2.0, 0.0, 1.0, 1.0, 2.0, 1.0, 1.0, 4.0, 4.0, 1.0, 0.0, 2.0, 1.0]","[-9.0, 12.0, 17.0, 15.0, -12.0, 16.0, 0.0, 11.0, -13.0, 14.0, 10.0, 11.0, 16.0, -25.0, 10.0, 14.0]"
1,1791637696.8154829,"[-56.425253999999995, 88.68278700000002, 55.10842500000001, 55.89944400000002, 0.0007679999999936626, 77.69641200000001, 57.04202699999999, 55.811553, 56.954136000000005, 88.33122300000002, 56.075226000000015, 55.811553, -1.8449430000000007, 103.624257, 96.505086, 79.27845000000002]","[0.0, 1.0, 1.0, 2.0, 0.0, 1.0, 1.0, 1.0, 1.0, 1.0, 2.0, 4.0, 1.0, 0.0, 1.0, 1.0]","[-9.0, 13.0, 18.0, 14.0, -12.0, 16.0, 0.0, 11.0, 0.0, 14.0, 10.0, 11.0, 15.0, -24.0, 11.0, 15.0]"
1,1791637697.0364327,"[-57.040491, 88.594896, 55.89944400000002, 55.89944400000002, 0.0007679999999936626, 77.69641200000001, 58.008827999999994, 56.954136000000005, 57.92093700000001, 88.33122300000002, 56.86624499999999, 56.77835400000001, -1.8449430000000007, 103.624257, 97.64766900000001, 79.27845000000002]","[-2.0, 0.0, 1.0, 1.0, 0.0, 1.0, 0.0, 1.0, 1.0, 1.0, 2.0, 3.0, 1.0, 0.0, 3.0, 1.0]","[-10.0, 13.0, 18.0, 17.0, -12.0, 16.0, -2.0, 11.0, 0.0, 14.0, 11.0, 12.0, 14.0, -25.0, 10.0, 15.0]"
1,1791637697.2618897,"[-58.446747, 88.594896, 56.690462999999994, 57.481482, 0.0007679999999936626, 77.69641200000001, 58.975629, 57.92093700000001, 58.975629, 88.33122300000002, 57.74515500000001, 57.657264, -1.8449430000000007, 103.624257, 98.702361, 79.27845000000002]","[-3.0, 0.0, 3.0, 4.0, 0.0, 0.0, 1.0, 1.0, 1.0, 1.0, 1.0, 2.0, 1.0, 0.0, 2.0, 1.0]","[-9.0, 12.0, 20.0, 16.0, -12.0, 17.0, 0.0, 12.0, 0.0, 14.0, 11.0, 12.0, 14.0, -25.0, 9.0, 14.0]"
1,1791637697.4850442,"[-59.061983999999995, 88.50700499999999, 57.657264, 58.88773800000001, 0.0007679999999936626, 77.69641200000001, 60.118212, 59.06352000000001, 59.94243, 88.33122300000002, 58.88773800000001, 58.711956000000015, -1.8449430000000007, 103.624257, 99.40548899999999, 79.27845000000002]","[0.0, 0.0, 2.0, 5.0, 0.0, -1.0, 1.0, 1.0, 1.0, 1.0, 3.0, 1.0, 1.0, 0.0, 1.0, 1.0]","[-10.0, 14.0, 19.0, 15.0, -12.0, 16.0, -10.0, 11.0, 0.0, 13.0, 11.0, 11.0, 14.0, -25.0, 11.0, 14.0]"
1,1791637697.711232,"[-60.204567, 88.50700499999999, 59.23930200000001, 59.23930200000001, 0.0007679999999936626, 77.69641200000001, 61.085013000000004, 60.118212, 60.99712199999999, 88.33122300000002, 60.118212, 58.711956000000015, -1.8449430000000007, 103.624257, 100.02072600000002, 79.27845000000002]","[0.0, 0.0, 1.0, 1.0, 0.0, 0.0, 1.0, 2.0, 1.0, 1.0, 4.0, 1.0, 1.0, 0.0, 3.0, 1.0]","[-10.0, 15.0, 18.0, 14.0, -12.0, 17.0, 0.0, 11.0, 0.0, 14.0, 9.0, 12.0, 14.0, -25.0, 12.0, 15.0]"
1,1791637697.9353256,"[-61.34715, 88.41911399999998, 60.118212, 59.23930200000001, 0.0007679999999936626, 77.78430300000002, 62.13970499999999, 60.99712199999999, 61.963922999999994, 88.33122300000002, 61.085013000000004, 58.711956000000015, -1.8449430000000007, 103.624257, 100.89963599999999, 79.27845000000002]","[0.0, 0.0, 2.0, 1.0, 0.0, 1.0, 1.0, 4.0, 1.0, 1.0, 1.0, 1.0, 1.0, 0.0, 2.0, 1.0]","[-10.0, 15.0, 18.0, 15.0, -11.0, 15.0, -6.0, 11.0, 0.0, 15.0, 11.0, 12.0, 15.0, -25.0, 11.0, 15.0]"
1,1791637698.1593459,"[-62.226060000000004, 88.41911399999998, 60.99712199999999, 59.23930200000001, 0.0007679999999936626, 77.78430300000002, 63.106505999999996, 61.963922999999994, 62.930724, 88.33122300000002, 62.31548699999999, 58.711956000000015, -1.8449430000000007, 103.624257, 101.95432799999998, 79.27845000000002]","[-2.0, 0.0, 2.0, 1.0, 0.0, 1.0, 1.0, 3.0, 2.0, 1.0, 3.0, 1.0, 1.0, 0.0, 3.0, 1.0]","[-9.0, 16.0, 18.0, 13.0, -12.0, 16.0, -9.0, 12.0, 0.0, 14.0, 9.0, 12.0, 14.0, -25.0, 12.0, 15.0]"
1,1791637698.383304,"[-63.36864299999999, 88.41911399999998, 61.963922999999994, 59.23930200000001, 0.0007679999999936626, 77.78430300000002, 64.16119800000001, 63.01861500000001, 63.985416000000015, 88.33122300000002, 63.19439700000001, 58.799847, -1.8449430000000007, 103.624257, 102.65745600000002, 79.27845000000002]","[-3.0, 0.0, 4.0, 1.0, 0.0, 1.0, 1.0, 2.0, 1.0, 1.0, 1.0, 1.0, 1.0, 0.0, 5.0, 1.0]","[-10.0, 14.0, 18.0, 15.0, -11.0, 16.0, -10.0, 11.0, 0.0, 14.0, 10.0, 12.0, 15.0, -25.0, 12.0, 15.0]"
1,1791637698.6072593,"[-64.247553, 88.33122300000002, 62.754942, 59.327192999999994, 0.0007679999999936626, 77.78430300000002, 65.12799900000002, 63.985416000000015, 64.95221699999999, 88.33122300000002, 64.073307, 58.799847, -1.8449430000000007, 103.624257, 103.88792999999998, 79.27845000000002]","[-2.0, 0.0, 1.0, 1.0, 0.0, 1.0, 1.0, 1.0, 1.0, 1.0, 2.0, 1.0, 1.0, 1.0, 3.0, 1.0]","[-10.0, 14.0, 19.0, 13.0, -12.0, 16.0, -10.0, 11.0, 0.0, 14.0, 10.0, 11.0, 14.0, -25.0, 12.0, 15.0]"
1,1791637698.8305635,"[-65.038572, 88.33122300000002, 63.545961000000005, 59.327192999999994, 0.0007679999999936626, 77.78430300000002, 66.09479999999999, 64.073307, 65.919018, 88.33122300000002, 65.12799900000002, 58.799847, -1.8449430000000007, 103.624257, 105.03051299999998, 79.27845000000002]","[1.0, 0.0, 1.0, 1.0, 0.0, 1.0, 1.0, 0.0, 1.0, 1.0, 3.0, 0.0, 1.0, 1.0, 3.0, 1.0]","[-11.0, 14.0, 20.0, 14.0, -12.0, 15.0, -9.0, 11.0, 0.0, 14.0, 9.0, 11.0, 15.0, -25.0, 12.0, 14.0]"
1,1791637699.0525973,"[-66.093264, 88.33122300000002, 64.864326, 59.590866000000005, 0.0007679999999936626, 77.78430300000002, 67.14949200000001, 64.073307, 66.97371000000001, 88.33122300000002, 66.00690900000001, 58.799847, -1.8449430000000007, 103.624257, 105.82153199999999, 79.27845000000002]","[-1.0, 0.0, 2.0, 1.0, 0.0, 1.0, 1.0, 1.0, 1.0, 1.0, 1.0, 1.0, 1.0, 0.0, 1.0, 1.0]","[-10.0, 14.0, 19.0, 14.0, -11.0, 16.0, -10.0, 11.0, 0.0, 14.0, 11.0, 12.0, 15.0, -25.0, 13.0, 14.0]"
1,1791637699.2778049,"[-67.060065, 88.33122300000002, 65.30378100000001, 59.590866000000005, 0.0007679999999936626, 77.78430300000002, 68.11629300000001, 64.073307, 67.94051100000001, 88.33122300000002, 66.885819, 58.799847, -1.8449430000000007, 103.624257, 106.612551, 79.27845000000002]","[-1.0, 0.0, 2.0, 1.0, 0.0, 1.0, 1.0, 1.0, 2.0, 1.0, 2.0, 1.0, 1.0, 0.0, 1.0, 1.0]","[-10.0, 14.0, 22.0, 14.0, -12.0, 15.0, -10.0, 11.0, 0.0, 14.0, 12.0, 11.0, 14.0, -25.0, 13.0, 14.0]"
1,1791637699.5023947,"[-67.938975, 88.155441, 65.919018, 59.50297499999999, 0.0007679999999936626, 77.78430300000002, 69.170985, 64.073307, 68.90731199999999, 88.33122300000002, 67.58894699999999, 58.799847, -1.8449430000000007, 103.624257, 107.13989700000002, 79.27845000000002]","[-1.0, -1.0, 0.0, 0.0, 0.0, 1.0, 1.0, 1.0, 1.0, 1.0, 1.0, 1.0, 1.0, 0.0, 1.0, 1.0]","[-11.0, 15.0, 25.0, 13.0, -12.0, 16.0, -9.0, 11.0, 13.0, 15.0, 12.0, 11.0, 15.0, -25.0, 14.0, 15.0]"
1,1791637699.7240722,"[-68.905776, 87.803877, 66.358473, 59.50297499999999, 0.0007679999999936626, 77.78430300000002, 70.137786, 64.073307, 69.78622200000001, 88.33122300000002, 67.85262, 58.799847, -1.8449430000000007, 103.624257, 107.31567899999999, 79.27845000000002]","[-1.0, 0.0, 1.0, 1.0, 0.0, 1.0, 1.0, 1.0, 2.0, 0.0, 1.0, 0.0, 1.0, 0.0, 1.0, 1.0]","[-11.0, 16.0, 27.0, 13.0, -12.0, 15.0, -10.0, 11.0, 13.0, 14.0, 15.0, 11.0, 15.0, -25.0, 18.0, 14.0]"
1,1791637699.9481719,"[-69.696795, 87.803877, 67.237383, 59.50297499999999, 0.0007679999999936626, 77.78430300000002, 71.10458700000001, 64.073307, 70.75302300000001, 88.33122300000002, 67.85262, 58.799847, -1.8449430000000007, 103.624257, 107.31567899999999, 79.27845000000002]","[-2.0, 0.0, 1.0, 0.0, 0.0, 1.0, 1.0, 1.0, 2.0, 0.0, 1.0, 1.0, 1.0, 0.0, 1.0, 1.0]","[-12.0, 16.0, 29.0, 13.0, -11.0, 15.0, -9.0, 11.0, 14.0, 15.0, 17.0, 11.0, 15.0, -25.0, 19.0, 15.0]"
1,1791637700.173224,"[-70.839378, 87.36442199999999, 68.29207500000001, 59.50297499999999, 0.0007679999999936626, 78.22375799999998, 72.07138800000001, 64.073307, 71.71982400000002, 88.33122300000002, 68.46785700000001, 58.799847, -1.8449430000000007, 103.624257, 107.31567899999999, 79.19055900000001]","[0.0, -3.0, 1.0, 0.0, 0.0, 1.0, 0.0, 1.0, 2.0, 0.0, 1.0, 0.0, 1.0, 0.0, 1.0, 0.0]","[-12.0, 17.0, 29.0, 14.0, -12.0, 14.0, -1.0, 11.0, 14.0, 14.0, 19.0, 11.0, 14.0, -25.0, 19.0, 15.0]"
1,1791637700.3991277,"[-71.89407, 87.36442199999999, 69.698331, 59.590866000000005, 0.0007679999999936626, 78.22375799999998, 73.03818900000002, 64.073307, 72.42295200000001, 88.33122300000002, 69.346767, 58.799847, -1.8449430000000007, 103.624257, 107.31567899999999, 79.19055900000001]","[-1.0, 0.0, 6.0, 1.0, 0.0, 1.0, 1.0, 1.0, 8.0, 0.0, 6.0, 0.0, 1.0, 1.0, 1.0, 0.0]","[-11.0, 17.0, 26.0, 14.0, -11.0, 14.0, -1.0, 11.0, 14.0, 13.0, 17.0, 11.0, 14.0, -25.0, 19.0, 15.0]"
1,1791637700.6231148,"[-72.948762, 87.36442199999999, 69.698331, 59.590866000000005, 0.0007679999999936626, 78.22375799999998, 73.91709900000001, 64.073307, 73.74131700000001, 88.33122300000002, 70.57724100000001, 58.799847, -1.8449430000000007, 103.624257, 107.31567899999999, 79.19055900000001]","[-2.0, 0.0, 1.0, 1.0, 0.0, 1.0, 1.0, 1.0, 1.0, 0.0, 0.0, 0.0, 1.0, 0.0, 1.0, 1.0]","[-10.0, 17.0, 33.0, 13.0, -12.0, 14.0, 0.0, 12.0, 14.0, 14.0, 18.0, 11.0, 15.0, -25.0, 18.0, 14.0]"
1,1791637700.8464525,"[-74.267127, 87.71598599999999, 73.829208, 59.590866000000005, 0.0007679999999936626, 78.31164899999999, 74.971791, 64.073307, 74.70811800000001, 88.33122300000002, 70.665132, 58.799847, -1.8449430000000007, 103.624257, 107.40357, 79.27845000000002]","[-2.0, 0.0, 9.0, 0.0, 0.0, 2.0, -1.0, 1.0, 2.0, 0.0, 1.0, 0.0, 1.0, 0.0, 1.0, 1.0]","[-9.0, 15.0, 16.0, 13.0, -12.0, 13.0, 0.0, 12.0, 13.0, 14.0, 26.0, 11.0, 15.0, -24.0, 18.0, 15.0]"
1,1791637701.067124,"[-74.355018, 87.803877, 74.00498999999999, 59.590866000000005, 0.0007679999999936626, 78.48743100000002, 75.49913699999999, 64.073307, 74.796009, 88.33122300000002, 71.54404199999999, 58.799847, -1.8449430000000007, 103.624257, 107.40357, 79.27845000000002]","[0.0, 1.0, 1.0, 0.0, 0.0, 1.0, 1.0, 1.0, 1.0, 1.0, 2.0, 1.0, 1.0, 0.0, 1.0, 0.0]","[-10.0, 15.0, 19.0, 13.0, -13.0, 14.0, 10.0, 12.0, 13.0, 14.0, 25.0, 12.0, 15.0, -24.0, 17.0, 15.0]"
1,1791637701.2921295,"[-74.442909, 87.803877, 74.620227, 59.50297499999999, 0.0007679999999936626, 78.48743100000002, 75.85070100000002, 64.073307, 74.88390000000001, 88.24333200000001, 72.950298, 58.799847, -1.8449430000000007, 103.53636599999999, 107.40357, 79.27845000000002]","[0.0, 1.0, 1.0, 0.0, 0.0, 1.0, 1.0, 1.0, 1.0, 0.0, 1.0, 1.0, 1.0, 0.0, 1.0, 1.0]","[-9.0, 16.0, 20.0, 14.0, -12.0, 13.0, 12.0, 11.0, 13.0, 14.0, 24.0, 11.0, 15.0, -24.0, 17.0, 14.0]"
1,1791637701.5190856,"[-74.442909, 87.71598599999999, 75.05968200000001, 59.327192999999994, 0.0007679999999936626, 78.48743100000002, 76.20226500000001, 64.073307, 74.971791, 88.24333200000001, 73.12608, 58.799847, -1.8449430000000007, 103.53636599999999, 107.40357, 79.27845000000002]","[0.0, 1.0, 1.0, 0.0, 0.0, 1.0, 1.0, 1.0, 1.0, 0.0, 0.0, 1.0, 0.0, 0.0, 1.0, 1.0]","[-10.0, 16.0, 24.0, 14.0, -12.0, 13.0, 14.0, 12.0, 14.0, 14.0, 31.0, 11.0, 15.0, -24.0, 17.0, 14.0]"
1,1791637701.7400599,"[-74.442909, 87.71598599999999, 75.147573, 59.23930200000001, -0.08712299999999118, 78.48743100000002, 76.64172000000002, 64.073307, 74.971791, 88.24333200000001, 74.35655400000002, 58.799847, -1.8449430000000007, 103.53636599999999, 107.40357, 79.27845000000002]","[0.0, 1.0, 1.0, -1.0, 0.0, 1.0, 0.0, 1.0, 1.0, 0.0, 1.0, 1.0, 0.0, 0.0, 1.0, 1.0]","[-9.0, 15.0, 29.0, 15.0, 0.0, 13.0, 17.0, 12.0, 13.0, 14.0, 29.0, 11.0, 14.0, -23.0, 17.0, 15.0]"
1,1791637701.96703,"[-74.442909, 87.71598599999999, 76.20226500000001, 59.151410999999996, -0.08712299999999118, 78.48743100000002, 77.16906599999999, 63.985416000000015, 74.971791, 88.24333200000001, 74.53233600000002, 58.799847, -1.8449430000000007, 103.53636599999999, 107.40357, 79.27845000000002]","[0.0, 0.0, 1.0, 0.0, 0.0, 0.0, 1.0, 1.0, 1.0, 0.0, 2.0, 1.0, 1.0, 0.0, 1.0, 1.0]","[-10.0, 16.0, 28.0, 14.0, 0.0, 14.0, 18.0, 11.0, 14.0, 15.0, 30.0, 11.0, 15.0, -23.0, 17.0, 14.0]"
1,1791637702.1876442,"[-74.5308, 87.62809500000003, 77.08117500000003, 59.151410999999996, -0.08712299999999118, 78.48743100000002, 77.16906599999999, 63.985416000000015, 74.971791, 88.155441, 75.587028, 58.799847, -1.8449430000000007, 103.36058400000002, 107.40357, 79.27845000000002]","[0.0, 0.0, 2.0, 0.0, 0.0, 1.0, 1.0, 0.0, 0.0, 0.0, 2.0, 0.0, 0.0, 0.0, 1.0, 1.0]","[-9.0, 15.0, 30.0, 14.0, 0.0, 13.0, 18.0, 12.0, 13.0, 14.0, 32.0, 12.0, 14.0, -21.0, 17.0, 15.0]"
1,1791637702.415236,"[-74.5308, 87.62809500000003, 78.31164899999999, 59.151410999999996, -0.08712299999999118, 78.48743100000002, 77.16906599999999, 63.985416000000015, 74.971791, 88.155441, 75.67491900000002, 58.799847, -1.8449430000000007, 103.272693, 107.40357, 79.27845000000002]","[0.0, 0.0, 3.0, 0.0, 0.0, 1.0, 1.0, 0.0, 0.0, 0.0, 1.0, 1.0, 0.0, -1.0, 1.0, 1.0]","[-9.0, 16.0, 28.0, 14.0, 0.0, 14.0, 18.0, 12.0, 13.0, 15.0, 43.0, 12.0, 15.0, -20.0, 17.0, 15.0]"
1,1791637702.6364124,"[-74.618691, 87.62809500000003, 79.102668, 59.151410999999996, -0.08712299999999118, 78.48743100000002, 77.16906599999999, 63.985416000000015, 74.971791, 87.97965900000003, 75.587028, 58.711956000000015, -1.8449430000000007, 103.09691099999998, 107.40357, 79.27845000000002]","[1.0, 0.0, 1.0, 0.0, 0.0, 1.0, 1.0, 0.0, 1.0, 0.0, 0.0, 1.0, 1.0, 0.0, 1.0, 1.0]","[-9.0, 16.0, 29.0, 15.0, 0.0, 13.0, 19.0, 11.0, 7.0, 9.0, 9.0, 8.0, 14.0, -20.0, 16.0, 14.0]"
1,1791637702.8602383,"[-74.618691, 87.62809500000003, 79.63001400000002, 59.151410999999996, -0.08712299999999118, 78.48743100000002, 77.16906599999999, 63.985416000000015, 74.971791, 87.97965900000003, 75.587028, 58.711956000000015, -1.8449430000000007, 103.09691099999998, 107.755134, 79.27845000000002]","[0.0, 0.0, 1.0, 0.0, 0.0, 0.0, 1.0, 1.0, 1.0, 0.0, 0.0, 0.0, 1.0, 0.0, 1.0, 1.0]","[-9.0, 16.0, 33.0, 14.0, 0.0, 14.0, 18.0, 11.0, 11.0, 10.0, 9.0, 9.0, 15.0, -20.0, 16.0, 14.0]"
1,1791637703.0869164,"[-74.618691, 87.54020400000002, 80.684706, 59.151410999999996, -0.08712299999999118, 78.48743100000002, 77.16906599999999, 63.985416000000015, 75.05968200000001, 87.97965900000003, 75.587028, 58.711956000000015, -1.8449430000000007, 103.09691099999998, 107.66724299999998, 79.27845000000002]","[0.0, 1.0, 1.0, 0.0, 0.0, 0.0, 1.0, 0.0, 0.0, 2.0, 0.0, 0.0, 1.0, 0.0, 0.0, 1.0]","[-9.0, 16.0, 32.0, 15.0, 0.0, 13.0, 19.0, 12.0, 7.0, 10.0, 9.0, 9.0, 15.0, -19.0, 16.0, 14.0]"
1,1791637703.3074274,"[-74.618691, 87.54020400000002, 81.29994299999998, 59.151410999999996, -0.08712299999999118, 78.48743100000002, 77.16906599999999, 63.985416000000015, 75.05968200000001, 87.97965900000003, 75.587028, 58.711956000000015, -1.8449430000000007, 103.09691099999998, 107.755134, 79.27845000000002]","[0.0, 0.0, 1.0, 0.0, 0.0, 1.0, 1.0, 0.0, 1.0, 0.0, 0.0, 1.0, 0.0, 0.0, 0.0, 1.0]","[-9.0, 17.0, 34.0, 14.0, 0.0, 13.0, 19.0, 12.0, 2.0, 11.0, 9.0, 8.0, 14.0, -19.0, 17.0, 14.0]"
1,1791637703.5348496,"[-74.618691, 87.54020400000002, 82.26674400000002, 59.151410999999996, -0.08712299999999118, 78.48743100000002, 77.16906599999999, 63.985416000000015, 75.05968200000001, 87.97965900000003, 75.587028, 58.711956000000015, -1.8449430000000007, 103.09691099999998, 107.66724299999998, 79.27845000000002]","[0.0, 0.0, 1.0, 0.0, 0.0, 1.0, 1.0, 1.0, 1.0, 1.0, 0.0, 1.0, 1.0, 0.0, 0.0, 1.0]","[-9.0, 17.0, 35.0, 14.0, 0.0, 13.0, 19.0, 11.0, 4.0, 10.0, 8.0, 10.0, 14.0, -18.0, 17.0, 14.0]"
1,1791637703.7591002,"[-74.794473, 87.54020400000002, 82.881981, 59.151410999999996, -0.08712299999999118, 78.48743100000002, 77.16906599999999, 63.985416000000015, 75.05968200000001, 87.97965900000003, 75.587028, 58.711956000000015, -1.8449430000000007, 103.09691099999998, 107.755134, 79.27845000000002]","[0.0, 0.0, 1.0, 0.0, 0.0, 1.0, 1.0, 0.0, 0.0, 1.0, 0.0, 1.0, 0.0, 0.0, 1.0, 1.0]","[-8.0, 17.0, 40.0, 15.0, 0.0, 14.0, 18.0, 12.0, 0.0, 9.0, 9.0, 9.0, 15.0, -19.0, 16.0, 15.0]"
1,1791637703.9798796,"[-74.794473, 87.10074900000001, 82.70619900000003, 59.06352000000001, -0.08712299999999118, 78.48743100000002, 77.16906599999999, 63.985416000000015, 74.971791, 87.89176800000001, 75.587028, 58.711956000000015, -1.8449430000000007, 103.09691099999998, 107.755134, 79.27845000000002]","[0.0, 0.0, 0.0, 0.0, 0.0, 0.0, 1.0, 1.0, 1.0, 0.0, 0.0, 0.0, 1.0, 0.0, 0.0, 1.0]","[0.0, 11.0, 14.0, 13.0, 0.0, 14.0, 18.0, 12.0, 4.0, 11.0, 9.0, 9.0, 15.0, -19.0, 17.0, 15.0]"
2,1791637705.9956436,"[0.0007679999999936626, -4.92112800000001, -1.4054879999999912, -0.17501400000000444, -0.08712299999999118, -5.712146999999987, -0.08712299999999118, -0.6144689999999855, 0.0007679999999936626, -5.360582999999991, -1.3175970000000063, 0.17654999999999177, -1.4933790000000045, 178.33160700000002, 39.991173, 25.40126699999999]","[0.0, 0.0, 0.0, 0.0, 1.0, 1.0, 1.0, 0.0, 0.0, 0.0, 1.0, 0.0, 1.0, 1.0, 0.0, 0.0]","[-8.0, 31.0, 16.0, 14.0, 0.0, 37.0, 0.0, 10.0, -13.0, 36.0, 11.0, -11.0, 13.0, 16.0, 2.0, -14.0]"
2,1791637706.2226415,"[0.0007679999999936626, -4.92112800000001, -1.053923999999995, 0.08865900000000693, -0.08712299999999118, -5.272692000000006, 0.3523319999999899, -0.4386869999999874, 0.0007679999999936626, -5.272692000000006, -1.1418150000000082, 0.26444100000000503, -1.4933790000000045, 178.06793399999998, 40.07906399999999, 25.577048999999988]","[0.0, 0.0, 2.0, 1.0, 1.0, 1.0, 1.0, 1.0, 0.0, 1.0, 1.0, 0.0, 1.0, 0.0, 1.0, 1.0]","[-9.0, 38.0, 18.0, 14.0, 0.0, 51.0, 11.0, 12.0, -14.0, 45.0, 13.0, 11.0, 17.0, -12.0, 12.0, 13.0]"
2,1791637706.446624,"[0.0007679999999936626, -4.833236999999997, -0.08712299999999118, 0.44022300000000314, -0.08712299999999118, -3.7785450000000083, 0.9675689999999975, 0.26444100000000503, 0.0007679999999936626, -5.272692000000006, -0.6144689999999855, 0.3523319999999899, -1.5812699999999893, 177.71636999999998, 40.07906399999999, 26.28017700000001]","[0.0, 1.0, 1.0, 1.0, 1.0, 3.0, 3.0, 2.0, 0.0, 1.0, 2.0, 1.0, 0.0, 0.0, 1.0, 2.0]","[-8.0, 49.0, 19.0, 16.0, 0.0, 57.0, 12.0, 14.0, -14.0, 57.0, 16.0, 12.0, 24.0, -25.0, 15.0, 14.0]"
2,1791637706.6673553,"[0.0007679999999936626, -4.745346000000012, 0.8796780000000126, 1.4949149999999918, -0.08712299999999118, -2.548070999999993, 1.582806000000005, 1.407024000000007, 0.0007679999999936626, -4.481673000000001, 0.17654999999999177, 0.7917869999999994, -1.4933790000000045, 176.661678, 41.661102, 27.159087]","[0.0, 1.0, 1.0, 3.0, 1.0, 8.0, 1.0, 1.0, 0.0, 2.0, 1.0, 0.0, 1.0, -3.0, 4.0, 1.0]","[-9.0, 58.0, 19.0, 15.0, 0.0, 62.0, 13.0, 13.0, -13.0, 58.0, 17.0, 14.0, 29.0, -38.0, 12.0, 14.0]"
2,1791637706.891993,"[0.0007679999999936626, -3.514871999999997, 1.7585880000000031, 2.3738250000000107, -0.08712299999999118, 0.3523319999999899, 2.6374979999999937, 2.1101519999999994, 0.0007679999999936626, -4.481673000000001, 1.2312420000000088, 2.0222610000000145, -1.5812699999999893, 173.32182, 42.452121000000005, 28.125888000000003]","[0.0, 3.0, 1.0, 2.0, 1.0, 5.0, 2.0, 1.0, 0.0, 1.0, 4.0, 3.0, 0.0, -4.0, 2.0, 2.0]","[-8.0, 54.0, 19.0, 16.0, 0.0, 53.0, 13.0, 13.0, -13.0, 70.0, 15.0, 14.0, 35.0, -34.0, 12.0, 14.0]"
2,1791637707.118405,"[0.0007679999999936626, -3.514871999999997, 2.813279999999992, 3.4285169999999994, -0.08712299999999118, 1.6706969999999899, 3.2527350000000013, 3.164843999999988, 0.0007679999999936626, -4.481673000000001, 2.0222610000000145, 2.901171000000005, -0.7023599999999988, 169.80617999999998, 43.331030999999996, 29.268471000000005]","[0.0, 1.0, 3.0, 3.0, 1.0, 9.0, 1.0, 1.0, 0.0, 1.0, 1.0, 2.0, 2.0, -6.0, 4.0, 3.0]","[-8.0, 66.0, 19.0, 15.0, 0.0, 59.0, 14.0, 14.0, -13.0, 81.0, 17.0, 14.0, 33.0, -29.0, 13.0, 15.0]"
2,1791637707.3410344,"[0.0007679999999936626, -1.3175970000000063, 3.4285169999999994, 4.483208999999988, -0.08712299999999118, 3.867972000000009, 4.395318000000003, 4.30742699999999, 0.0007679999999936626, -2.0207249999999988, 3.076953000000003, 4.043754000000007, 0.6160050000000012, 168.31203299999999, 44.649395999999996, 30.147380999999996]","[0.0, 5.0, 1.0, 3.0, 1.0, 3.0, 1.0, 1.0, 0.0, 5.0, 3.0, 1.0, 3.0, 0.0, 4.0, 1.0]","[-9.0, 53.0, 22.0, 17.0, 0.0, 58.0, 14.0, 12.0, -14.0, 60.0, 16.0, 14.0, 32.0, -43.0, 13.0, 14.0]"
2,1791637707.566578,"[0.0007679999999936626, -1.053923999999995, 4.834773000000013, 5.537901000000005, -0.08712299999999118, 6.065246999999999, 5.362119000000007, 5.186337000000009, 0.0007679999999936626, -1.9328339999999855, 4.30742699999999, 4.9226639999999975, 1.4949149999999918, 164.708502, 45.616197, 31.202073000000013]","[0.0, 1.0, 3.0, 3.0, 1.0, 3.0, 3.0, 1.0, 0.0, 1.0, 2.0, 2.0, 7.0, -8.0, 2.0, 2.0]","[-8.0, 62.0, 20.0, 17.0, 0.0, 58.0, 14.0, 13.0, -13.0, 75.0, 16.0, 15.0, 32.0, -37.0, 12.0, 14.0]"
2,1791637707.7905204,"[0.0007679999999936626, -1.053923999999995, 5.889465000000001, 6.592592999999994, -0.08712299999999118, 6.153138000000013, 6.065246999999999, 6.328920000000011, 0.0007679999999936626, 0.08865900000000693, 4.9226639999999975, 6.153138000000013, 2.813279999999992, 161.45653500000003, 46.75878, 32.256765]","[0.0, 1.0, 2.0, 3.0, 1.0, 1.0, 6.0, 4.0, 0.0, 1.0, 6.0, 3.0, 5.0, -7.0, 2.0, 1.0]","[-9.0, 70.0, 19.0, 17.0, 0.0, 82.0, 14.0, 14.0, -13.0, 62.0, 16.0, 15.0, 30.0, -33.0, 13.0, 15.0]"
2,1791637708.2518451,"[0.0007679999999936626, 1.1433509999999956, 6.768374999999992, 7.383611999999999, -0.08712299999999118, 10.196123999999998, 7.207830000000001, 7.2957210000000146, 0.0007679999999936626, 0.08865900000000693, 6.2410289999999975, 7.207830000000001, 3.9558629999999937, 158.204568, 47.63768999999999, 33.399348]","[0.0, 0.0, 1.0, 1.0, 1.0, 1.0, 1.0, 0.0, 0.0, 1.0, 1.0, 0.0, 1.0, 0.0, 2.0, 1.0]","[-9.0, 59.0, 20.0, 17.0, 0.0, 54.0, 14.0, 13.0, -14.0, 74.0, 17.0, 14.0, 32.0, -34.0, 13.0, 15.0]"
2,1791637708.4784513,"[0.0007679999999936626, 1.1433509999999956, 7.823067000000009, 8.614086000000015, -0.08712299999999118, 11.162925000000001, 8.26252199999999, 8.526195000000001, 0.0007679999999936626, 0.6160050000000012, 7.032048000000003, 7.207830000000001, 3.9558629999999937, 155.567838, 48.51660000000001, 34.36614900000001]","[0.0, 0.0, 3.0, 4.0, 1.0, 1.0, 2.0, 3.0, 0.0, 5.0, 5.0, 1.0, 1.0, -3.0, 3.0, 3.0]","[-9.0, 70.0, 20.0, 15.0, 0.0, 70.0, 14.0, 12.0, -14.0, 81.0, 16.0, 16.0, 37.0, -35.0, 14.0, 14.0]"
2,1791637708.702471,"[0.0007679999999936626, 1.2312420000000088, 8.789868000000013, 8.96565000000001, -0.08712299999999118, 13.623873000000003, 9.317214000000007, 9.405104999999992, 0.0007679999999936626, 3.2527350000000013, 7.998849000000007, 9.141432000000009, 6.065246999999999, 152.667435, 49.571292, 35.33295000000001]","[0.0, 2.0, 3.0, 6.0, 1.0, 7.0, 2.0, 1.0, 0.0, 10.0, 5.0, 3.0, 6.0, -4.0, 1.0, 4.0]","[-9.0, 78.0, 19.0, 17.0, 0.0, 58.0, 15.0, 13.0, -14.0, 55.0, 17.0, 13.0, 28.0, -36.0, 12.0, 14.0]"
2,1791637708.922757,"[0.0007679999999936626, 4.30742699999999, 9.844560000000001, 10.547687999999994, -0.08712299999999118, 15.821147999999994, 10.28401500000001, 10.371905999999996, 0.0007679999999936626, 4.219536000000005, 9.053540999999996, 10.108233000000013, 6.856266000000005, 150.20648699999998, 50.62598400000002, 36.21186]","[0.0, 4.0, 2.0, 2.0, 1.0, 2.0, 2.0, 3.0, 0.0, 1.0, 3.0, 4.0, 1.0, -1.0, 3.0, 2.0]","[-9.0, 58.0, 19.0, 16.0, 0.0, 57.0, 14.0, 12.0, -13.0, 59.0, 18.0, 12.0, 29.0, -42.0, 12.0, 15.0]"
2,1791637709.147264,"[0.0007679999999936626, 4.30742699999999, 10.547687999999994, 11.426598000000013, -0.08712299999999118, 17.666858999999988, 10.89925199999999, 11.250816000000015, 0.0007679999999936626, 4.219536000000005, 9.668778000000003, 10.89925199999999, 8.26252199999999, 147.21819299999999, 50.801766000000015, 37.354443]","[0.0, 1.0, 1.0, 2.0, 1.0, 4.0, 7.0, 2.0, 0.0, 1.0, 1.0, 1.0, 1.0, -5.0, 1.0, 2.0]","[-9.0, 68.0, 20.0, 16.0, 0.0, 63.0, 14.0, 14.0, -13.0, 71.0, 18.0, 14.0, 29.0, -38.0, 15.0, 14.0]"
2,1791637709.371581,"[0.0007679999999936626, 4.834773000000013, 11.690270999999996, 12.305508000000003, -0.08712299999999118, 20.039916000000005, 12.21761699999999, 12.393398999999988, 0.0007679999999936626, 6.2410289999999975, 10.89925199999999, 11.953944000000007, 9.141432000000009, 143.70255300000002, 52.735367999999994, 38.32124400000001]","[0.0, 8.0, 1.0, 0.0, 1.0, 4.0, 1.0, 2.0, 0.0, 6.0, 1.0, 3.0, 1.0, -7.0, 4.0, 1.0]","[-9.0, 69.0, 20.0, 16.0, 0.0, 58.0, 14.0, 13.0, -14.0, 56.0, 19.0, 13.0, 29.0, -36.0, 12.0, 14.0]"
2,1791637709.598352,"[0.0007679999999936626, 7.5593939999999975, 12.569181000000015, 13.448091000000005, -0.08712299999999118, 20.215698000000003, 13.272309000000007, 13.53598199999999, 0.0007679999999936626, 6.328920000000011, 10.89925199999999, 12.92074500000001, 10.196123999999998, 140.890041, 53.526387, 39.46382700000001]","[0.0, 4.0, 1.0, 4.0, 1.0, 2.0, 2.0, 4.0, 0.0, 1.0, 1.0, 3.0, 8.0, 0.0, 3.0, 1.0]","[-9.0, 49.0, 20.0, 16.0, 0.0, 72.0, 14.0, 12.0, -14.0, 70.0, 22.0, 13.0, 28.0, -41.0, 12.0, 14.0]"
2,1791637709.8197088,"[0.0007679999999936626, 7.5593939999999975, 13.799655000000001, 14.414892000000009, -0.08712299999999118, 24.346575, 14.327000999999996, 14.414892000000009, 0.0007679999999936626, 6.328920000000011, 12.92074500000001, 13.799655000000001, 11.514488999999998, 137.462292, 54.756861000000015, 40.518519]","[0.0, 0.0, 3.0, 2.0, 1.0, 6.0, 3.0, 1.0, 0.0, 0.0, 4.0, 1.0, 2.0, -6.0, 2.0, 3.0]","[-9.0, 65.0, 19.0, 16.0, 0.0, 51.0, 13.0, 13.0, -14.0, 83.0, 17.0, 15.0, 27.0, -36.0, 12.0, 14.0]"
2,1791637710.0439813,"[0.0007679999999936626, 7.647285000000011, 14.678564999999992, 15.293802, -0.08712299999999118, 26.192285999999996, 15.381693000000013, 15.733257000000009, 0.0007679999999936626, 9.317214000000007, 13.53598199999999, 14.766456000000005, 11.690270999999996, 134.210325, 55.72366199999999, 41.48532]","[0.0, 1.0, 1.0, 4.0, 1.0, 5.0, 1.0, 1.0, 0.0, 13.0, 1.0, 4.0, 0.0, -6.0, 2.0, 4.0]","[-8.0, 79.0, 19.0, 16.0, 0.0, 57.0, 13.0, 12.0, -14.0, 54.0, 19.0, 14.0, 32.0, -32.0, 13.0, 14.0]"
2,1791637710.2668607,"[0.0007679999999936626, 10.371905999999996, 15.733257000000009, 16.348493999999988, -0.08712299999999118, 28.30167, 16.524276000000015, 16.787948999999998, 0.0007679999999936626, 9.492996000000005, 14.766456000000005, 15.909039000000007, 13.53598199999999, 130.87046700000002, 56.86624499999999, 42.36422999999999]","[0.0, 3.0, 3.0, 3.0, 1.0, 1.0, 2.0, 3.0, 0.0, 1.0, 4.0, 1.0, 4.0, -4.0, 4.0, 1.0]","[-9.0, 53.0, 20.0, 17.0, 0.0, 55.0, 13.0, 11.0, -14.0, 68.0, 19.0, 16.0, 27.0, -31.0, 12.0, 14.0]"
2,1791637710.494008,"[0.0007679999999936626, 10.547687999999994, 16.787948999999998, 17.403186000000005, -0.08712299999999118, 30.05949000000001, 17.666858999999988, 17.75475, 0.0007679999999936626, 9.492996000000005, 15.996929999999992, 16.436385, 14.678564999999992, 127.61849999999998, 57.92093700000001, 43.41892200000001]","[0.0, 1.0, 1.0, 4.0, 1.0, 1.0, 5.0, 3.0, 0.0, 0.0, 1.0, 6.0, 5.0, -3.0, 2.0, 1.0]","[-8.0, 68.0, 19.0, 16.0, 0.0, 59.0, 12.0, 12.0, -13.0, 82.0, 18.0, 13.0, 26.0, -30.0, 12.0, 13.0]"
2,1791637710.718312,"[0.0007679999999936626, 10.547687999999994, 17.930532, 17.403186000000005, -0.08712299999999118, 32.52043800000001, 18.36998700000001, 18.545769000000007, 0.0007679999999936626, 9.756668999999988, 16.87584000000001, 18.106313999999998, 15.55747500000001, 124.98176999999998, 59.06352000000001, 44.38572300000001]","[0.0, 1.0, 3.0, 1.0, 1.0, 6.0, 1.0, 1.0, 0.0, 3.0, 3.0, 5.0, 1.0, -4.0, 1.0, 1.0]","[-9.0, 80.0, 19.0, 20.0, 0.0, 50.0, 14.0, 13.0, -14.0, 89.0, 17.0, 13.0, 27.0, -32.0, 12.0, 14.0]"
2,1791637710.942364,"[0.0007679999999936626, 10.547687999999994, 18.80944199999999, 19.336788000000013, -0.08712299999999118, 34.45403999999999, 19.424678999999998, 19.68835200000001, 0.0007679999999936626, 12.92074500000001, 18.106313999999998, 18.897333000000003, 16.700058000000013, 122.60871300000002, 60.20610300000001, 45.616197]","[0.0, 1.0, 1.0, 4.0, 1.0, 1.0, 4.0, 3.0, 0.0, 14.0, 3.0, 2.0, 3.0, 0.0, 4.0, 3.0]","[-8.0, 91.0, 19.0, 16.0, 0.0, 55.0, 13.0, 12.0, -14.0, 54.0, 17.0, 14.0, 26.0, -37.0, 11.0, 14.0]"
2,1791637711.1662734,"[0.0007679999999936626, 14.151218999999998, 19.952024999999992, 20.39148, -0.08712299999999118, 36.914987999999994, 20.303588999999988, 20.655153000000013, 0.0007679999999936626, 14.151218999999998, 19.161006000000015, 20.039916000000005, 17.842641000000015, 118.653618, 61.260795, 46.49510699999999]","[0.0, 5.0, 3.0, 4.0, 1.0, 6.0, 1.0, 1.0, 0.0, 1.0, 3.0, 3.0, 3.0, -5.0, 3.0, 2.0]","[-8.0, 58.0, 19.0, 16.0, 0.0, 49.0, 15.0, 12.0, -14.0, 60.0, 17.0, 13.0, 26.0, -30.0, 11.0, 14.0]"
2,1791637711.3902802,"[0.0007679999999936626, 14.327000999999996, 21.00671700000001, 21.358281000000005, -0.08712299999999118, 38.936481000000015, 21.00671700000001, 21.709845, 0.0007679999999936626, 14.151218999999998, 20.215698000000003, 21.00671700000001, 17.842641000000015, 115.48954200000003, 62.31548699999999, 47.54979900000001]","[0.0, 1.0, 2.0, 2.0, 1.0, 6.0, 1.0, 3.0, 0.0, 1.0, 1.0, 1.0, 1.0, -4.0, 3.0, 3.0]","[-9.0, 68.0, 19.0, 16.0, 0.0, 44.0, 15.0, 12.0, -14.0, 71.0, 16.0, 13.0, 29.0, -30.0, 10.0, 13.0]"
2,1791637711.610933,"[0.0007679999999936626, 14.327000999999996, 22.061408999999998, 22.500864000000007, -0.08712299999999118, 40.78219200000001, 21.885627, 22.76453699999999, 0.0007679999999936626, 14.151218999999998, 21.00671700000001, 22.237190999999996, 20.12780699999999, 112.23757499999999, 63.45806999999999, 48.51660000000001]","[0.0, 1.0, 1.0, 3.0, 1.0, 8.0, 2.0, 3.0, 0.0, 1.0, 1.0, 3.0, 7.0, -4.0, 3.0, 1.0]","[-9.0, 82.0, 19.0, 15.0, 0.0, 46.0, 16.0, 13.0, -14.0, 85.0, 18.0, 13.0, 22.0, -27.0, 11.0, 13.0]"
2,1791637711.8383482,"[0.0007679999999936626, 14.327000999999996, 22.852428000000003, 22.500864000000007, -0.08712299999999118, 43.155249, 22.676646000000005, 23.555555999999996, 0.0007679999999936626, 14.23911000000001, 21.797736000000015, 22.32508200000001, 20.83093500000001, 109.07349900000003, 64.600653, 49.483401000000015]","[0.0, 1.0, 2.0, 1.0, 1.0, 4.0, 1.0, 1.0, 0.0, 1.0, 5.0, 1.0, 4.0, -3.0, 1.0, 1.0]","[-8.0, 95.0, 20.0, 18.0, 0.0, 43.0, 15.0, 12.0, -14.0, 98.0, 17.0, 16.0, 25.0, -27.0, 10.0, 13.0]"
2,1791637712.0621638,"[0.0007679999999936626, 18.018423000000013, 23.731337999999994, 24.258683999999988, -0.08712299999999118, 45.70408800000001, 23.64344700000001, 24.78603000000001, 0.0007679999999936626, 17.666858999999988, 23.116101000000015, 23.995011000000005, 21.885627, 105.73364099999998, 65.65534500000001, 50.62598400000002]","[0.0, 16.0, 2.0, 5.0, 1.0, 10.0, 3.0, 2.0, 0.0, 22.0, 1.0, 4.0, 1.0, -6.0, 2.0, 3.0]","[-9.0, 54.0, 20.0, 16.0, 0.0, 40.0, 16.0, 12.0, -14.0, 56.0, 17.0, 13.0, 22.0, -22.0, 10.0, 13.0]"
2,1791637712.2860937,"[0.0007679999999936626, 19.073115, 24.78603000000001, 25.489158000000003, 0.0007679999999936626, 47.81347199999999, 24.96181200000001, 25.66494, 0.0007679999999936626, 19.161006000000015, 24.170793000000003, 25.313376000000005, 23.203992, 102.481674, 66.79792800000001, 51.59278499999999]","[0.0, 1.0, 1.0, 3.0, 1.0, 1.0, 4.0, 1.0, 0.0, 1.0, 3.0, 1.0, 3.0, -5.0, 2.0, 2.0]","[-9.0, 60.0, 20.0, 16.0, 0.0, 42.0, 15.0, 11.0, -14.0, 61.0, 16.0, 12.0, 25.0, -20.0, 10.0, 14.0]"
2,1791637712.5101836,"[0.0007679999999936626, 19.336788000000013, 25.752831000000015, 26.368067999999994, -0.08712299999999118, 49.219728, 25.840722, 26.895413999999988, 0.0007679999999936626, 19.161006000000015, 25.225484999999992, 26.28017700000001, 24.434466000000015, 99.22970700000002, 68.028402, 52.64747700000001]","[0.0, 1.0, 2.0, 1.0, 0.0, 1.0, 1.0, 2.0, 0.0, 1.0, 1.0, 2.0, 1.0, -2.0, 3.0, 3.0]","[-9.0, 66.0, 19.0, 17.0, -2.0, 50.0, 15.0, 11.0, -14.0, 73.0, 17.0, 12.0, 20.0, -20.0, 0.0, 14.0]"
2,1791637712.7341127,"[0.0007679999999936626, 21.44617199999999, 26.631741000000005, 27.510650999999996, 0.0007679999999936626, 51.856458, 27.071196000000015, 27.42276000000001, 0.0007679999999936626, 19.248897, 26.016503999999998, 27.510650999999996, 25.489158000000003, 95.80195800000001, 68.995203, 53.526387]","[0.0, 10.0, 3.0, 3.0, 1.0, 6.0, 2.0, 1.0, 0.0, 1.0, 1.0, 3.0, 3.0, -2.0, 2.0, 1.0]","[-9.0, 51.0, 20.0, 15.0, -12.0, 37.0, 16.0, 14.0, -13.0, 84.0, 17.0, 13.0, 20.0, -18.0, 9.0, 14.0]"
2,1791637712.9550295,"[0.0007679999999936626, 21.621953999999988, 27.686432999999994, 28.477452, 0.0007679999999936626, 54.14162400000001, 28.125888000000003, 28.565343000000013, 0.0007679999999936626, 21.358281000000005, 27.246978000000013, 28.477452, 26.543849999999992, 92.54999099999998, 70.04989499999999, 54.40529699999999]","[0.0, 1.0, 3.0, 2.0, 1.0, 6.0, 1.0, 3.0, 0.0, 19.0, 3.0, 1.0, 5.0, -5.0, 1.0, 1.0]","[-8.0, 64.0, 20.0, 16.0, -12.0, 34.0, 15.0, 13.0, -13.0, 57.0, 16.0, 13.0, 20.0, -17.0, 0.0, 14.0]"
2,1791637713.1818304,"[0.0007679999999936626, 23.02821, 28.653233999999998, 29.620035, 0.0007679999999936626, 56.60257200000001, 29.444253000000003, 29.795817, 0.0007679999999936626, 23.995011000000005, 28.30167, 29.620035, 27.246978000000013, 92.46210000000002, 71.016696, 55.54787999999999]","[0.0, 3.0, 3.0, 3.0, 1.0, 3.0, 4.0, 3.0, 0.0, 1.0, 4.0, 3.0, 5.0, 0.0, 1.0, 1.0]","[-9.0, 58.0, 20.0, 16.0, -12.0, 31.0, 13.0, 12.0, -14.0, 52.0, 15.0, 12.0, 21.0, -17.0, 0.0, 14.0]"
2,1791637713.403107,"[0.0007679999999936626, 23.02821, 29.620035, 30.67472699999999, 0.0007679999999936626, 58.36039199999999, 30.586836000000005, 30.762618000000003, 0.0007679999999936626, 23.995011000000005, 29.35636199999999, 30.67472699999999, 28.653233999999998, 92.46210000000002, 72.07138800000001, 56.60257200000001]","[0.0, 1.0, 2.0, 2.0, 1.0, 2.0, 3.0, 1.0, 0.0, 1.0, 1.0, 4.0, 3.0, 1.0, 1.0, 2.0]","[-8.0, 70.0, 20.0, 15.0, -12.0, 36.0, 13.0, 13.0, -13.0, 63.0, 17.0, 11.0, 19.0, -18.0, 0.0, 13.0]"
2,1791637713.6300354,"[0.0007679999999936626, 25.489158000000003, 30.67472699999999, 31.729419000000007, 0.0007679999999936626, 60.99712199999999, 31.641527999999994, 31.905201000000005, 0.0007679999999936626, 26.455959000000007, 30.147380999999996, 31.55363700000001, 29.532143999999988, 92.46210000000002, 73.03818900000002, 57.56937300000001]","[0.0, 11.0, 3.0, 2.0, 1.0, 7.0, 1.0, 1.0, 0.0, 6.0, 1.0, 2.0, 1.0, 1.0, 1.0, 3.0]","[-9.0, 49.0, 20.0, 16.0, -12.0, 28.0, 12.0, 12.0, -14.0, 45.0, 17.0, 12.0, 20.0, -17.0, -10.0, 14.0]"
2,1791637713.8531148,"[0.0007679999999936626, 26.71963199999999, 31.641527999999994, 32.52043800000001, 0.0007679999999936626, 63.19439700000001, 32.784110999999996, 32.87200200000001, 0.0007679999999936626, 26.543849999999992, 31.026291000000015, 32.432547, 30.67472699999999, 92.46210000000002, 74.00498999999999, 58.53617400000002]","[0.0, 3.0, 1.0, 1.0, 1.0, 4.0, 3.0, 2.0, 0.0, 1.0, 1.0, 1.0, 1.0, 0.0, 1.0, 1.0]","[-9.0, 51.0, 20.0, 17.0, -11.0, 27.0, 12.0, 12.0, -14.0, 56.0, 16.0, 12.0, 21.0, -17.0, 0.0, 13.0]"
2,1791637714.0754051,"[0.0007679999999936626, 26.71963199999999, 32.784110999999996, 33.83880300000001, 0.0007679999999936626, 65.65534500000001, 34.01458500000001, 34.01458500000001, 0.0007679999999936626, 28.565343000000013, 32.432547, 33.48723899999999, 31.729419000000007, 92.46210000000002, 75.147573, 59.50297499999999]","[0.0, 1.0, 3.0, 3.0, 1.0, 4.0, 5.0, 6.0, 0.0, 3.0, 3.0, 3.0, 5.0, 0.0, 1.0, 2.0]","[-8.0, 58.0, 19.0, 16.0, -12.0, 25.0, 12.0, 11.0, -14.0, 45.0, 16.0, 12.0, 20.0, -18.0, -11.0, 14.0]"
2,1791637714.3004513,"[0.0007679999999936626, 29.004797999999994, 33.83880300000001, 34.62982199999999, 0.0007679999999936626, 67.501056, 34.981386000000015, 34.893495, 0.0007679999999936626, 28.653233999999998, 33.48723899999999, 34.45403999999999, 31.817309999999992, 92.46210000000002, 76.114374, 60.645557999999994]","[0.0, 3.0, 2.0, 1.0, 1.0, 1.0, 2.0, 1.0, 0.0, 1.0, 3.0, 3.0, 1.0, 0.0, 1.0, 1.0]","[-9.0, 48.0, 19.0, 18.0, -12.0, 29.0, 12.0, 11.0, -13.0, 55.0, 16.0, 12.0, 20.0, -18.0, -10.0, 14.0]"
2,1791637714.5231264,"[0.0007679999999936626, 30.411054000000007, 34.981386000000015, 35.77240499999999, 0.0007679999999936626, 70.04989499999999, 36.21186, 35.94818699999999, 0.0007679999999936626, 28.653233999999998, 34.45403999999999, 35.245059, 31.817309999999992, 92.46210000000002, 77.16906599999999, 61.70025000000001]","[0.0, 4.0, 4.0, 2.0, 1.0, 7.0, 4.0, 1.0, 0.0, 1.0, 3.0, 2.0, 1.0, 0.0, 1.0, 2.0]","[-9.0, 41.0, 18.0, 14.0, -12.0, 22.0, 11.0, 11.0, -14.0, 67.0, 14.0, 13.0, 20.0, -17.0, -11.0, 13.0]"
2,1791637714.7475085,"[0.0007679999999936626, 30.498944999999992, 36.036078, 36.65131500000001, 0.0007679999999936626, 72.159279, 37.354443, 36.914987999999994, 0.0007679999999936626, 28.74112500000001, 35.596622999999994, 36.387642, 31.817309999999992, 92.46210000000002, 78.13586700000002, 62.667051000000015]","[0.0, 0.0, 1.0, 1.0, 1.0, 5.0, 1.0, 1.0, 1.0, 1.0, 2.0, 2.0, 1.0, 0.0, 1.0, 3.0]","[-8.0, 54.0, 18.0, 15.0, -12.0, 23.0, 11.0, 11.0, -14.0, 71.0, 15.0, 13.0, 22.0, -18.0, -10.0, 13.0]"
2,1791637715.2107797,"[0.0007679999999936626, 32.256765, 37.178661000000005, 37.881789, 0.0007679999999936626, 74.971791, 38.497026000000005, 38.057570999999996, 0.08865900000000693, 32.959892999999994, 36.914987999999994, 37.354443, 31.817309999999992, 92.46210000000002, 79.102668, 63.721743000000004]","[0.0, 1.0, 1.0, 1.0, 1.0, 1.0, 1.0, 0.0, 1.0, 1.0, 1.0, 1.0, 1.0, 0.0, 1.0, 0.0]","[-8.0, 50.0, 17.0, 16.0, -12.0, 18.0, 11.0, 11.0, -14.0, 41.0, 15.0, 12.0, 20.0, -17.0, -10.0, 13.0]"
2,1791637715.4358904,"[0.0007679999999936626, 32.256765, 38.32124400000001, 38.40913499999999, 0.0007679999999936626, 76.64172000000002, 39.551717999999994, 39.200154, 0.0007679999999936626, 32.959892999999994, 37.530225, 38.497026000000005, 31.817309999999992, 92.46210000000002, 80.15735999999998, 64.600653]","[0.0, 1.0, 3.0, 1.0, 1.0, 4.0, 1.0, 3.0, 1.0, 1.0, 2.0, 3.0, 1.0, 1.0, 1.0, 2.0]","[-8.0, 57.0, 17.0, 18.0, -12.0, 19.0, 11.0, 11.0, -14.0, 51.0, 14.0, 11.0, 21.0, -17.0, -10.0, 14.0]"
2,1791637715.66183,"[0.0007679999999936626, 34.62982199999999, 39.28804500000001, 39.28804500000001, 0.0007679999999936626, 79.01477699999998, 40.694300999999996, 40.07906399999999, 0.08865900000000693, 34.45403999999999, 38.672808, 38.672808, 31.817309999999992, 92.46210000000002, 80.15735999999998, 65.567454]","[0.0, 5.0, 1.0, 1.0, 1.0, 7.0, 3.0, 3.0, 1.0, 7.0, 1.0, 4.0, 1.0, 0.0, 1.0, 1.0]","[-9.0, 43.0, 18.0, 16.0, -12.0, 17.0, 9.0, 10.0, -14.0, 41.0, 14.0, 14.0, 21.0, -17.0, -10.0, 14.0]"
2,1791637715.8819356,"[0.0007679999999936626, 35.50873200000001, 40.518519, 40.60641000000001, 0.0007679999999936626, 81.47572500000001, 41.661102, 40.870082999999994, 0.08865900000000693, 36.21186, 39.90328199999999, 40.518519, 31.817309999999992, 92.46210000000002, 80.15735999999998, 66.62214600000001]","[0.0, 1.0, 4.0, 2.0, 1.0, 6.0, 1.0, 1.0, 1.0, 2.0, 3.0, 3.0, 1.0, 0.0, 1.0, 3.0]","[-8.0, 42.0, 16.0, 15.0, -12.0, 14.0, 10.0, 11.0, -14.0, 40.0, 14.0, 11.0, 20.0, -17.0, -10.0, 13.0]"
2,1791637716.1089122,"[0.0007679999999936626, 36.12396899999999, 41.661102, 41.48532, 0.0007679999999936626, 83.84878200000003, 42.891576000000015, 42.012665999999996, 0.08865900000000693, 37.26655199999999, 41.04586499999999, 41.573211000000015, 31.817309999999992, 92.46210000000002, 80.15735999999998, 67.41316499999999]","[0.0, 7.0, 3.0, 3.0, 1.0, 6.0, 3.0, 1.0, 1.0, 0.0, 4.0, 1.0, 1.0, 0.0, 1.0, 2.0]","[-8.0, 44.0, 16.0, 16.0, -12.0, 15.0, 9.0, 11.0, -14.0, 40.0, 13.0, 12.0, 21.0, -17.0, -10.0, 14.0]"
2,1791637716.3334327,"[0.0007679999999936626, 37.618116000000015, 42.627903, 42.803685, 0.0007679999999936626, 85.958166, 43.946268, 42.979467, 0.08865900000000693, 37.44233399999999, 42.012665999999996, 42.627903, 31.817309999999992, 92.46210000000002, 80.15735999999998, 68.46785700000001]","[0.0, 3.0, 1.0, 4.0, 1.0, 5.0, 3.0, 1.0, 1.0, 1.0, 1.0, 4.0, 1.0, 0.0, 1.0, 1.0]","[-8.0, 45.0, 17.0, 16.0, -12.0, 13.0, 0.0, 10.0, -14.0, 48.0, 13.0, 12.0, 23.0, -17.0, -11.0, 13.0]"
2,1791637716.556523,"[0.0007679999999936626, 37.618116000000015, 43.68259499999999, 43.506812999999994, 0.0007679999999936626, 88.06754999999998, 44.73728700000001, 43.85837699999999, 0.08865900000000693, 37.44233399999999, 43.155249, 43.770486000000005, 31.817309999999992, 92.46210000000002, 80.15735999999998, 69.61044000000001]","[0.0, 0.0, 2.0, 2.0, 1.0, 1.0, 1.0, 1.0, 1.0, 1.0, 3.0, 2.0, 1.0, 0.0, 1.0, 3.0]","[-9.0, 53.0, 16.0, 16.0, -12.0, 13.0, 11.0, 12.0, -14.0, 58.0, 13.0, 10.0, 22.0, -17.0, -10.0, 13.0]"
2,1791637716.781783,"[0.0007679999999936626, 39.90328199999999, 44.73728700000001, 44.73728700000001, 0.0007679999999936626, 88.94646, 45.088851000000005, 44.38572300000001, 0.08865900000000693, 39.815391000000005, 44.297832, 44.825177999999994, 31.817309999999992, 92.46210000000002, 80.245251, 71.10458700000001]","[0.0, 9.0, 2.0, 5.0, 1.0, 4.0, 0.0, 1.0, 1.0, 8.0, 4.0, 3.0, 1.0, 0.0, 1.0, 4.0]","[-9.0, 37.0, 16.0, 15.0, -12.0, 17.0, 11.0, 13.0, -14.0, 40.0, 12.0, 12.0, 19.0, -17.0, -10.0, -11.0]"
2,1791637717.005755,"[0.0007679999999936626, 40.518519, 45.70408800000001, 45.791979, 0.0007679999999936626, 90.17693400000002, 45.17674199999999, 44.825177999999994, 0.08865900000000693, 41.309538, 45.17674199999999, 45.791979, 32.16887399999999, 92.46210000000002, 80.245251, 72.159279]","[0.0, 1.0, 1.0, 1.0, 1.0, 2.0, 1.0, 1.0, 1.0, 1.0, 2.0, 3.0, 4.0, 1.0, 1.0, 0.0]","[-8.0, 43.0, 16.0, 15.0, -12.0, 22.0, 14.0, 15.0, -14.0, 38.0, 13.0, 11.0, 18.0, -18.0, -10.0, -11.0]"
2,1791637717.2262876,"[0.0007679999999936626, 40.518519, 46.67088899999999, 47.19823500000001, 0.08865900000000693, 90.61638900000003, 45.70408800000001, 45.35252399999999, 0.08865900000000693, 42.10055700000001, 46.23143400000001, 47.02245300000001, 32.87200200000001, 92.46210000000002, 80.245251, 73.12608]","[0.0, 0.0, 1.0, 4.0, 1.0, 1.0, 2.0, 1.0, 1.0, 1.0, 4.0, 3.0, 1.0, 1.0, 1.0, 1.0]","[-9.0, 53.0, 16.0, 15.0, -12.0, 26.0, 16.0, 16.0, -14.0, 40.0, 12.0, 11.0, 16.0, -18.0, -11.0, -13.0]"
2,1791637717.451835,"[0.0007679999999936626, 43.24314000000001, 47.81347199999999, 48.077145, 0.08865900000000693, 90.61638900000003, 46.31932499999999, 46.143542999999994, 0.08865900000000693, 42.54001199999999, 47.286125999999996, 47.81347199999999, 33.04778400000001, 92.46210000000002, 80.245251, 74.18077199999999]","[0.0, 5.0, 3.0, 3.0, 1.0, 1.0, 2.0, 1.0, 1.0, 1.0, 1.0, 1.0, 1.0, 1.0, 1.0, 1.0]","[-5.0, 34.0, 15.0, 14.0, -12.0, 27.0, 17.0, 17.0, -14.0, 46.0, 12.0, 11.0, 16.0, -18.0, -10.0, -14.0]"
2,1791637717.6751118,"[0.0007679999999936626, 44.56150500000001, 48.780272999999994, 49.219728, 0.08865900000000693, 90.61638900000003, 46.934562, 46.582998, 0.08865900000000693, 42.54001199999999, 48.165036000000015, 48.95605499999999, 33.04778400000001, 92.46210000000002, 80.33314200000001, 75.147573]","[1.0, 3.0, 3.0, 3.0, 1.0, 1.0, 2.0, 1.0, 1.0, 1.0, 2.0, 1.0, 1.0, 1.0, 1.0, 1.0]","[-9.0, 33.0, 15.0, 15.0, -12.0, 27.0, 20.0, 20.0, -14.0, 56.0, 13.0, 11.0, 15.0, -17.0, -10.0, -13.0]"
2,1791637717.8982174,"[-0.08712299999999118, 45.616197, 49.747074, 50.45020199999999, 0.0007679999999936626, 90.61638900000003, 47.286125999999996, 47.37401700000001, 0.08865900000000693, 46.05565200000001, 49.39551, 50.01074700000001, 33.04778400000001, 92.46210000000002, 80.33314200000001, 76.20226500000001]","[1.0, 2.0, 1.0, 4.0, 0.0, 1.0, 1.0, 1.0, 1.0, 9.0, 3.0, 2.0, 1.0, 0.0, 1.0, 0.0]","[0.0, 36.0, 16.0, 14.0, -12.0, 27.0, 25.0, 22.0, -14.0, 31.0, 12.0, 11.0, 16.0, -17.0, -10.0, -14.0]"
2,1791637718.1229277,"[0.0007679999999936626, 45.616197, 50.713875, 51.32911200000001, 0.08865900000000693, 90.35271599999999, 47.19823500000001, 47.286125999999996, 0.08865900000000693, 47.02245300000001, 50.62598400000002, 50.889657, 33.04778400000001, 92.46210000000002, 80.33314200000001, 77.08117500000003]","[1.0, 1.0, 1.0, 3.0, 0.0, 0.0, 0.0, 0.0, 1.0, 2.0, 3.0, 3.0, 0.0, 0.0, 1.0, 1.0]","[-7.0, 43.0, 16.0, 13.0, 4.0, 9.0, 8.0, 9.0, -14.0, 33.0, 11.0, 11.0, 15.0, -18.0, -10.0, 0.0]"
2,1791637718.3489208,"[0.0007679999999936626, 47.901363, 51.94434900000002, 52.383804, 0.08865900000000693, 90.440607, 47.286125999999996, 47.286125999999996, 0.08865900000000693, 47.02245300000001, 51.680676000000005, 51.94434900000002, 33.04778400000001, 92.46210000000002, 80.33314200000001, 78.047976]","[1.0, 8.0, 2.0, 2.0, 1.0, 0.0, 0.0, 0.0, 1.0, 1.0, 3.0, 3.0, 0.0, 0.0, 1.0, 1.0]","[-4.0, 29.0, 16.0, 14.0, 0.0, 9.0, 3.0, 7.0, -14.0, 42.0, 11.0, 11.0, 15.0, -17.0, -11.0, 0.0]"
2,1791637718.5737007,"[0.0007679999999936626, 48.95605499999999, 52.999041000000005, 53.438496000000015, 0.08865900000000693, 90.440607, 47.286125999999996, 47.37401700000001, 0.08865900000000693, 48.51660000000001, 52.64747700000001, 52.999041000000005, 33.04778400000001, 92.46210000000002, 80.33314200000001, 79.01477699999998]","[0.0, 1.0, 4.0, 4.0, 1.0, 1.0, 1.0, 1.0, 1.0, 10.0, 2.0, 4.0, 0.0, 0.0, 0.0, 2.0]","[-2.0, 32.0, 15.0, 14.0, 0.0, 9.0, 0.0, 0.0, -15.0, 32.0, 11.0, 12.0, 16.0, -17.0, -11.0, 0.0]"
2,1791637718.795007,"[-0.08712299999999118, 50.098637999999994, 53.96584200000001, 54.22951499999999, 0.08865900000000693, 90.440607, 47.286125999999996, 47.37401700000001, 0.08865900000000693, 50.362311000000005, 53.702169, 53.79006000000001, 33.04778400000001, 92.46210000000002, 80.245251, 79.80579599999999]","[0.0, 2.0, 4.0, 3.0, 1.0, 1.0, 1.0, 1.0, 1.0, 1.0, 2.0, 1.0, 0.0, 0.0, 0.0, 2.0]","[-4.0, 28.0, 15.0, 13.0, 0.0, 9.0, 0.0, 0.0, -14.0, 31.0, 10.0, 10.0, 16.0, -17.0, -10.0, 13.0]"
2,1791637719.018667,"[0.0007679999999936626, 50.18652900000001, 55.10842500000001, 55.372097999999994, 0.08865900000000693, 90.52849800000001, 47.37401700000001, 47.37401700000001, 0.08865900000000693, 50.97754800000001, 54.756861000000015, 55.020534, 33.04778400000001, 92.46210000000002, 80.245251, 80.50892399999998]","[1.0, 1.0, 3.0, 3.0, 1.0, 1.0, 0.0, 1.0, 1.0, 1.0, 2.0, 3.0, 0.0, 0.0, 0.0, 1.0]","[-5.0, 39.0, 15.0, 15.0, 0.0, 9.0, -5.0, 0.0, -14.0, 34.0, 11.0, 11.0, 15.0, -17.0, -11.0, 14.0]"
2,1791637719.2433393,"[-0.08712299999999118, 52.03224, 56.075226000000015, 56.338899, 0.08865900000000693, 90.61638900000003, 47.37401700000001, 47.37401700000001, 0.08865900000000693, 51.680676000000005, 55.635771000000005, 55.89944400000002, 33.04778400000001, 92.46210000000002, 80.245251, 81.387834]","[1.0, 9.0, 1.0, 1.0, 1.0, 1.0, 1.0, 1.0, 1.0, 1.0, 1.0, 3.0, 0.0, 0.0, 0.0, 3.0]","[-6.0, 29.0, 15.0, 15.0, 0.0, 0.0, -4.0, 0.0, -14.0, 36.0, 11.0, 11.0, 15.0, -17.0, -11.0, 14.0]"
2,1791637719.468755,"[0.0007679999999936626, 53.526387, 57.129918, 57.129918, 0.08865900000000693, 90.61638900000003, 47.37401700000001, 47.37401700000001, 0.08865900000000693, 51.680676000000005, 56.60257200000001, 56.86624499999999, 33.04778400000001, 92.46210000000002, 80.245251, 82.00307099999998]","[1.0, 1.0, 1.0, 1.0, 1.0, 1.0, 1.0, 1.0, 1.0, 1.0, 4.0, 1.0, 0.0, 0.0, 0.0, 1.0]","[-9.0, 28.0, 15.0, 16.0, 0.0, 0.0, -10.0, 0.0, -13.0, 43.0, 11.0, 11.0, 15.0, -17.0, -11.0, 15.0]"
2,1791637719.6935313,"[0.0007679999999936626, 54.756861000000015, 58.448283, 58.18460999999999, 0.08865900000000693, 90.70427999999998, 47.37401700000001, 47.37401700000001, 0.08865900000000693, 54.22951499999999, 57.74515500000001, 58.008827999999994, 33.04778400000001, 92.37420900000001, 80.245251, 82.96987200000001]","[0.0, 1.0, 3.0, 3.0, 0.0, 1.0, 1.0, 0.0, 1.0, 9.0, 3.0, 4.0, 0.0, 0.0, 0.0, 1.0]","[-6.0, 28.0, 14.0, 14.0, 4.0, -10.0, -11.0, 0.0, -14.0, 28.0, 11.0, 11.0, 16.0, -17.0, -11.0, 15.0]"
2,1791637719.9174614,"[0.0007679999999936626, 55.72366199999999, 59.50297499999999, 59.23930200000001, 0.08865900000000693, 90.70427999999998, 47.37401700000001, 47.37401700000001, 0.08865900000000693, 55.45998900000001, 58.88773800000001, 58.88773800000001, 33.04778400000001, 92.37420900000001, 80.245251, 83.84878200000003]","[1.0, 1.0, 2.0, 3.0, 0.0, 1.0, 1.0, 1.0, 1.0, 1.0, 3.0, 2.0, 0.0, 0.0, 0.0, 1.0]","[-8.0, 28.0, 13.0, 14.0, 0.0, -11.0, -10.0, 0.0, -15.0, 28.0, 10.0, 12.0, 15.0, -17.0, -11.0, 15.0]"
2,1791637720.1390703,"[0.0007679999999936626, 56.77835400000001, 59.590866000000005, 60.118212, 0.08865900000000693, 90.70427999999998, 47.37401700000001, 47.461907999999994, 0.08865900000000693, 55.54787999999999, 58.975629, 60.030321000000015, 33.04778400000001, 92.37420900000001, 80.245251, 84.72769199999999]","[1.0, 5.0, 1.0, 4.0, 0.0, 1.0, 1.0, 1.0, 1.0, 1.0, 1.0, 3.0, 0.0, 0.0, 0.0, 1.0]","[-9.0, 26.0, 14.0, 15.0, 0.0, -10.0, -10.0, -9.0, -14.0, 36.0, 11.0, 11.0, 15.0, -18.0, -10.0, 15.0]"
2,1791637720.3624446,"[0.0007679999999936626, 58.09671900000001, 59.590866000000005, 61.260795, 0.08865900000000693, 90.70427999999998, 47.37401700000001, 47.37401700000001, 0.08865900000000693, 56.954136000000005, 58.975629, 60.909231000000005, 33.04778400000001, 92.37420900000001, 80.245251, 85.69449300000002]","[0.0, 1.0, 1.0, 3.0, 0.0, 1.0, 1.0, 0.0, 1.0, 2.0, 1.0, 4.0, 0.0, 0.0, 0.0, 1.0]","[-9.0, 24.0, 14.0, 14.0, 0.0, -10.0, -10.0, -1.0, -14.0, 33.0, 11.0, 11.0, 16.0, -17.0, -10.0, 15.0]"
2,1791637720.5867312,"[0.0007679999999936626, 58.975629, 59.590866000000005, 62.13970499999999, 0.08865900000000693, 90.70427999999998, 47.37401700000001, 47.461907999999994, 0.08865900000000693, 56.954136000000005, 58.975629, 61.87603200000001, 33.04778400000001, 92.37420900000001, 80.245251, 86.661294]","[1.0, 2.0, 1.0, 2.0, 0.0, 1.0, 1.0, 1.0, 1.0, 1.0, 1.0, 1.0, 0.0, 0.0, 0.0, 2.0]","[-8.0, 26.0, 14.0, 15.0, 0.0, -10.0, -10.0, -10.0, -14.0, 40.0, 10.0, 11.0, 15.0, -17.0, -10.0, 16.0]"
2,1791637720.813358,"[0.0007679999999936626, 59.766648, 59.590866000000005, 63.19439700000001, 0.08865900000000693, 90.70427999999998, 47.37401700000001, 47.37401700000001, 0.08865900000000693, 59.67875699999999, 59.06352000000001, 63.106505999999996, 33.04778400000001, 92.37420900000001, 80.245251, 87.452313]","[0.0, 1.0, 1.0, 4.0, 0.0, 1.0, 1.0, 1.0, 1.0, 8.0, 1.0, 2.0, 0.0, 0.0, 0.0, 4.0]","[-8.0, 27.0, 13.0, 15.0, 2.0, -11.0, -10.0, -3.0, -14.0, 26.0, 10.0, 11.0, 15.0, -17.0, -10.0, 16.0]"
2,1791637721.0373507,"[0.0007679999999936626, 60.645557999999994, 59.67875699999999, 64.16119800000001, 0.08865900000000693, 90.70427999999998, 47.37401700000001, 47.37401700000001, 0.08865900000000693, 60.73344900000001, 59.41508400000001, 63.80963400000002, 33.04778400000001, 92.37420900000001, 80.245251, 88.41911399999998]","[0.0, 3.0, 1.0, 1.0, 0.0, 1.0, 1.0, 1.0, 1.0, 1.0, 2.0, 1.0, 0.0, 1.0, 0.0, 1.0]","[-9.0, 24.0, 13.0, 14.0, 3.0, -10.0, -10.0, -5.0, -14.0, 27.0, 9.0, 11.0, 16.0, -18.0, -11.0, 17.0]"
2,1791637721.2613366,"[0.0007679999999936626, 62.227596000000005, 59.766648, 65.12799900000002, 0.08865900000000693, 90.70427999999998, 47.37401700000001, 47.37401700000001, 0.08865900000000693, 61.87603200000001, 59.41508400000001, 64.864326, 33.04778400000001, 92.37420900000001, 80.245251, 89.47380600000002]","[1.0, 4.0, 1.0, 1.0, 1.0, 1.0, 1.0, 0.0, 1.0, 4.0, 1.0, 1.0, 1.0, 1.0, 0.0, 1.0]","[-8.0, 21.0, 13.0, 14.0, 0.0, -11.0, -10.0, 0.0, -14.0, 25.0, 10.0, 11.0, 15.0, -18.0, -11.0, 16.0]"
2,1791637721.485386,"[0.0007679999999936626, 63.545961000000005, 59.85453900000002, 66.27058199999999, 0.08865900000000693, 90.70427999999998, 47.37401700000001, 47.37401700000001, 0.08865900000000693, 62.84283300000001, 59.41508400000001, 65.919018, 33.04778400000001, 92.37420900000001, 80.15735999999998, 90.00115199999999]","[0.0, 4.0, 0.0, 1.0, 0.0, 1.0, 1.0, 0.0, 1.0, 1.0, 1.0, 2.0, 0.0, 1.0, 0.0, 1.0]","[-8.0, 20.0, 14.0, 14.0, 1.0, -10.0, -10.0, 0.0, -14.0, 26.0, 10.0, 11.0, 16.0, -18.0, -11.0, 18.0]"
2,1791637721.7067492,"[0.0007679999999936626, 64.33698000000001, 59.85453900000002, 67.32527400000001, 0.0007679999999936626, 90.70427999999998, 47.37401700000001, 47.37401700000001, 0.08865900000000693, 64.33698000000001, 59.41508400000001, 66.885819, 33.04778400000001, 92.37420900000001, 80.06946900000003, 90.26482500000003]","[1.0, 1.0, 1.0, 3.0, 0.0, 1.0, 1.0, 0.0, 1.0, 4.0, 1.0, 1.0, 0.0, 0.0, 0.0, 1.0]","[-9.0, 22.0, 13.0, 14.0, 3.0, -10.0, -9.0, 0.0, -14.0, 23.0, 10.0, 11.0, 15.0, -17.0, 0.0, 21.0]"
2,1791637721.9332767,"[0.0007679999999936626, 64.68854400000001, 59.85453900000002, 68.29207500000001, 0.08865900000000693, 90.70427999999998, 47.37401700000001, 47.37401700000001, 0.08865900000000693, 65.391672, 59.41508400000001, 68.028402, 33.04778400000001, 92.37420900000001, 80.06946900000003, 90.26482500000003]","[0.0, 6.0, 1.0, 1.0, 1.0, 1.0, 1.0, 1.0, 1.0, 0.0, 1.0, 3.0, 0.0, 0.0, 0.0, 0.0]","[-8.0, 25.0, 13.0, 15.0, 0.0, -11.0, -10.0, 0.0, -14.0, 23.0, 10.0, 10.0, 0.0, 9.0, 10.0, 0.0]"
2,1791637722.1568992,"[-0.08712299999999118, 66.79792800000001, 59.85453900000002, 69.25887600000001, 0.0007679999999936626, 90.70427999999998, 47.37401700000001, 47.37401700000001, 0.08865900000000693, 66.182691, 59.41508400000001, 68.819421, 33.04778400000001, 92.46210000000002, 80.06946900000003, 90.26482500000003]","[0.0, 3.0, 1.0, 2.0, 0.0, 1.0, 1.0, 1.0, 1.0, 1.0, 0.0, 1.0, 0.0, 0.0, 0.0, 0.0]","[-8.0, 20.0, 13.0, 14.0, 4.0, -9.0, -9.0, 0.0, -14.0, 25.0, 9.0, 12.0, 0.0, 2.0, 10.0, 0.0]"
2,1791637722.380189,"[0.0007679999999936626, 66.79792800000001, 59.85453900000002, 70.22567699999999, 0.08865900000000693, 90.70427999999998, 47.37401700000001, 47.37401700000001, 0.08865900000000693, 67.41316499999999, 59.41508400000001, 69.874113, 33.04778400000001, 92.37420900000001, 80.06946900000003, 90.26482500000003]","[1.0, 0.0, 1.0, 3.0, 0.0, 1.0, 1.0, 0.0, 1.0, 7.0, 0.0, 3.0, 0.0, 1.0, 0.0, 0.0]","[-8.0, 24.0, 13.0, 13.0, 1.0, -10.0, -10.0, 0.0, -14.0, 20.0, 9.0, 10.0, 0.0, 7.0, 10.0, 0.0]"
2,1791637722.6020963,"[0.0007679999999936626, 68.90731199999999, 59.85453900000002, 71.192478, 0.08865900000000693, 90.70427999999998, 47.37401700000001, 47.37401700000001, 0.08865900000000693, 68.995203, 59.41508400000001, 70.92880500000001, 33.04778400000001, 92.37420900000001, 80.06946900000003, 90.26482500000003]","[0.0, 4.0, 1.0, 3.0, 0.0, 1.0, 1.0, 0.0, 1.0, 3.0, 1.0, 2.0, 0.0, 0.0, 0.0, 0.0]","[-8.0, 20.0, 14.0, 14.0, 0.0, -10.0, -9.0, 0.0, -14.0, 19.0, 9.0, 11.0, 0.0, 8.0, 9.0, 0.0]"
2,1791637722.829169,"[0.0007679999999936626, 69.61044000000001, 59.85453900000002, 72.335061, 0.08865900000000693, 90.70427999999998, 47.37401700000001, 47.37401700000001, 0.08865900000000693, 69.874113, 59.41508400000001, 71.983497, 33.04778400000001, 92.46210000000002, 80.06946900000003, 90.26482500000003]","[1.0, 4.0, 1.0, 3.0, 0.0, 1.0, 1.0, 1.0, 1.0, 1.0, 0.0, 3.0, 0.0, 0.0, 0.0, 0.0]","[-8.0, 20.0, 13.0, 13.0, 7.0, -12.0, -10.0, 0.0, -14.0, 20.0, 10.0, 11.0, 0.0, 3.0, 10.0, 0.0]"
2,1791637723.0531511,"[0.0007679999999936626, 71.28036900000001, 59.85453900000002, 73.12608, 0.08865900000000693, 90.70427999999998, 47.37401700000001, 47.37401700000001, 0.08865900000000693, 70.75302300000001, 59.41508400000001, 72.68662499999999, 33.04778400000001, 92.46210000000002, 80.06946900000003, 90.26482500000003]","[1.0, 5.0, 1.0, 1.0, 0.0, 1.0, 1.0, 0.0, 1.0, 1.0, 0.0, 3.0, 0.0, 1.0, 0.0, 0.0]","[-8.0, 16.0, 9.0, 15.0, 0.0, -9.0, -10.0, 0.0, -14.0, 20.0, 9.0, 11.0, 0.0, 0.0, 10.0, 0.0]"
2,1791637723.273901,"[-0.08712299999999118, 72.24717000000001, 59.94243, 74.35655400000002, 0.08865900000000693, 90.70427999999998, 47.37401700000001, 47.37401700000001, 0.08865900000000693, 71.983497, 59.41508400000001, 73.829208, 33.04778400000001, 92.46210000000002, 80.06946900000003, 90.26482500000003]","[0.0, 1.0, 1.0, 3.0, 1.0, 1.0, 1.0, 0.0, 1.0, 3.0, 0.0, 1.0, 0.0, 0.0, 0.0, 0.0]","[-3.0, 17.0, 4.0, 14.0, 0.0, -9.0, -11.0, 0.0, -14.0, 18.0, 9.0, 11.0, 0.0, 2.0, 10.0, 0.0]"
2,1791637723.5011504,"[0.0007679999999936626, 73.477644, 59.94243, 75.23546400000001, 0.08865900000000693, 90.70427999999998, 47.37401700000001, 47.37401700000001, 0.08865900000000693, 73.12608, 59.41508400000001, 74.88390000000001, 33.04778400000001, 92.37420900000001, 80.06946900000003, 90.26482500000003]","[0.0, 3.0, 1.0, 4.0, 1.0, 1.0, 1.0, 0.0, 1.0, 3.0, 0.0, 1.0, 0.0, 1.0, 0.0, 0.0]","[-9.0, 17.0, 7.0, 14.0, 0.0, -10.0, -10.0, 0.0, -14.0, 19.0, 10.0, 11.0, 0.0, 6.0, 9.0, 0.0]"
2,1791637723.7219424,"[0.0007679999999936626, 74.35655400000002, 59.94243, 76.20226500000001, 0.08865900000000693, 90.70427999999998, 47.37401700000001, 47.37401700000001, 0.08865900000000693, 74.18077199999999, 59.41508400000001, 75.85070100000002, 33.04778400000001, 92.46210000000002, 80.06946900000003, 90.26482500000003]","[0.0, 1.0, 1.0, 1.0, 0.0, 1.0, 1.0, 0.0, 1.0, 1.0, 0.0, 3.0, 0.0, 1.0, 0.0, 0.0]","[-4.0, 16.0, 0.0, 14.0, 0.0, -11.0, -10.0, 0.0, -14.0, 19.0, 9.0, 11.0, 0.0, 1.0, 10.0, 0.0]"
2,1791637723.94921,"[0.0007679999999936626, 75.587028, 59.94243, 77.256957, 0.0007679999999936626, 90.70427999999998, 47.37401700000001, 47.37401700000001, 0.08865900000000693, 74.796009, 59.50297499999999, 76.905393, 33.04778400000001, 92.37420900000001, 80.06946900000003, 90.26482500000003]","[0.0, 2.0, 1.0, 3.0, 0.0, 1.0, 1.0, 1.0, 1.0, 3.0, 1.0, 2.0, 0.0, 0.0, 0.0, 0.0]","[-9.0, 16.0, 1.0, 15.0, 3.0, -11.0, -10.0, 0.0, -15.0, 20.0, 9.0, 11.0, 0.0, 3.0, 10.0, 0.0]"
2,1791637724.171341,"[0.0007679999999936626, 76.72961099999998, 59.94243, 78.13586700000002, 0.08865900000000693, 90.70427999999998, 47.37401700000001, 47.37401700000001, 0.08865900000000693, 74.796009, 59.50297499999999, 77.69641200000001, 33.04778400000001, 92.46210000000002, 80.06946900000003, 90.26482500000003]","[0.0, 2.0, 1.0, 2.0, 0.0, 1.0, 1.0, 1.0, 1.0, 1.0, 1.0, 1.0, 0.0, 0.0, 0.0, 0.0]","[-9.0, 16.0, 0.0, 14.0, 3.0, -11.0, -10.0, 0.0, -15.0, 26.0, 9.0, 12.0, 0.0, 2.0, 10.0, 0.0]"
2,1791637724.3933635,"[0.0007679999999936626, 77.78430300000002, 59.94243, 79.102668, 0.08865900000000693, 90.70427999999998, 47.37401700000001, 47.37401700000001, 0.08865900000000693, 77.08117500000003, 59.50297499999999, 78.751104, 33.04778400000001, 92.37420900000001, 80.06946900000003, 90.26482500000003]","[1.0, 3.0, 1.0, 1.0, 1.0, 1.0, 1.0, 1.0, 1.0, 7.0, 1.0, 2.0, 0.0, -1.0, 0.0, 0.0]","[-9.0, 15.0, 0.0, 14.0, 0.0, -10.0, -10.0, 0.0, -14.0, 18.0, 9.0, 11.0, 0.0, 12.0, 10.0, 0.0]"
2,1791637724.6185153,"[0.0007679999999936626, 78.751104, 59.94243, 80.15735999999998, 0.08865900000000693, 90.70427999999998, 47.37401700000001, 47.37401700000001, 0.08865900000000693, 78.48743100000002, 59.41508400000001, 79.63001400000002, 33.04778400000001, 92.46210000000002, 80.06946900000003, 90.26482500000003]","[0.0, 3.0, 0.0, 2.0, 1.0, 1.0, 1.0, 0.0, 1.0, 3.0, 1.0, 3.0, 0.0, 1.0, 0.0, 0.0]","[-8.0, 16.0, 0.0, 15.0, 0.0, -10.0, -10.0, 0.0, -14.0, 17.0, 9.0, 12.0, 0.0, 2.0, 10.0, 0.0]"
2,1791637724.845077,"[-0.08712299999999118, 80.15735999999998, 59.94243, 80.86048799999998, 0.08865900000000693, 90.70427999999998, 47.37401700000001, 47.37401700000001, 0.08865900000000693, 79.19055900000001, 59.50297499999999, 80.59681499999999, 33.04778400000001, 92.46210000000002, 80.06946900000003, 90.26482500000003]","[0.0, 5.0, 1.0, 6.0, 0.0, 1.0, 1.0, 0.0, 1.0, 1.0, 1.0, 1.0, 0.0, 0.0, 0.0, 0.0]","[-2.0, 13.0, 0.0, 15.0, 0.0, -9.0, -10.0, 0.0, -14.0, 18.0, 9.0, 11.0, 0.0, 5.0, 10.0, 0.0]"
2,1791637725.069041,"[0.0007679999999936626, 81.21205200000003, 59.94243, 82.00307099999998, 0.08865900000000693, 90.70427999999998, 47.37401700000001, 47.37401700000001, 0.08865900000000693, 80.33314200000001, 59.50297499999999, 81.47572500000001, 33.04778400000001, 92.46210000000002, 80.06946900000003, 90.26482500000003]","[1.0, 1.0, 1.0, 2.0, 1.0, 1.0, 1.0, 0.0, 1.0, 4.0, 1.0, 1.0, 0.0, 0.0, 0.0, 0.0]","[-5.0, 14.0, 0.0, 14.0, 3.0, -10.0, -10.0, 0.0, -14.0, 17.0, 9.0, 12.0, 0.0, 4.0, 10.0, 0.0]"
2,1791637725.290941,"[0.0007679999999936626, 82.26674400000002, 59.94243, 83.14565399999998, 0.0007679999999936626, 90.70427999999998, 47.37401700000001, 47.37401700000001, 0.08865900000000693, 81.65150699999998, 59.50297499999999, 82.70619900000003, 33.04778400000001, 92.37420900000001, 80.06946900000003, 90.26482500000003]","[1.0, 3.0, 1.0, 3.0, 0.0, 1.0, 1.0, 1.0, 1.0, 4.0, 1.0, 1.0, 0.0, 0.0, 0.0, 0.0]","[-9.0, 14.0, 0.0, 14.0, 8.0, -10.0, -9.0, 0.0, -14.0, 16.0, 10.0, 11.0, 0.0, 3.0, 10.0, 0.0]"
2,1791637725.5169888,"[0.0007679999999936626, 83.321436, 59.94243, 84.024564, 0.08865900000000693, 90.70427999999998, 47.37401700000001, 47.37401700000001, 0.08865900000000693, 82.881981, 59.50297499999999, 83.76089100000002, 33.04778400000001, 92.46210000000002, 80.06946900000003, 90.26482500000003]","[0.0, 1.0, 1.0, 3.0, 1.0, 1.0, 1.0, 0.0, 1.0, 4.0, 1.0, 1.0, 0.0, 1.0, 0.0, 0.0]","[-9.0, 13.0, 0.0, 14.0, 0.0, -9.0, -10.0, 0.0, -14.0, 15.0, 9.0, 11.0, 0.0, 0.0, 10.0, 0.0]"
2,1791637725.7410233,"[0.0007679999999936626, 84.46401900000001, 59.94243, 85.07925599999999, 0.08865900000000693, 90.70427999999998, 47.37401700000001, 47.37401700000001, 0.08865900000000693, 83.76089100000002, 59.50297499999999, 84.815583, 33.04778400000001, 92.37420900000001, 80.06946900000003, 90.26482500000003]","[1.0, 2.0, 1.0, 3.0, 1.0, 1.0, 1.0, 0.0, 1.0, 1.0, 1.0, 4.0, 0.0, 0.0, 0.0, 0.0]","[-8.0, 13.0, 0.0, 14.0, 0.0, -12.0, -11.0, 0.0, -15.0, 16.0, 10.0, 10.0, 0.0, 1.0, 10.0, 0.0]"
2,1791637725.9617112,"[0.0007679999999936626, 85.60660200000001, 59.94243, 86.13394799999998, 0.0007679999999936626, 90.70427999999998, 47.37401700000001, 47.461907999999994, 0.08865900000000693, 84.55191000000002, 59.50297499999999, 85.69449300000002, 33.04778400000001, 92.46210000000002, 80.06946900000003, 90.26482500000003]","[1.0, 4.0, 1.0, 3.0, 1.0, 1.0, 1.0, 1.0, 1.0, 1.0, 1.0, 5.0, 0.0, 1.0, 0.0, 0.0]","[-9.0, 12.0, 0.0, 14.0, 0.0, -10.0, -10.0, -9.0, -13.0, 16.0, 9.0, 12.0, 0.0, 1.0, 10.0, 0.0]"
2,1791637726.186508,"[0.0007679999999936626, 86.661294, 59.94243, 87.10074900000001, 0.08865900000000693, 90.70427999999998, 47.37401700000001, 47.37401700000001, 0.08865900000000693, 85.07925599999999, 59.50297499999999, 86.30973, 33.04778400000001, 92.46210000000002, 80.06946900000003, 90.26482500000003]","[1.0, 3.0, 1.0, 2.0, 1.0, 1.0, 1.0, 1.0, 1.0, 1.0, 1.0, 2.0, 0.0, 1.0, 0.0, 0.0]","[-9.0, 13.0, 0.0, 15.0, 1.0, -10.0, -11.0, 0.0, -14.0, 19.0, 9.0, 12.0, 0.0, 0.0, 9.0, 0.0]"
2,1791637726.4103642,"[0.0007679999999936626, 87.452313, 59.94243, 87.97965900000003, 0.08865900000000693, 90.70427999999998, 47.37401700000001, 47.37401700000001, 0.08865900000000693, 85.167147, 59.50297499999999, 86.57340299999998, 33.04778400000001, 92.46210000000002, 80.06946900000003, 90.26482500000003]","[0.0, 3.0, 1.0, 2.0, 1.0, 1.0, 1.0, 0.0, 1.0, 0.0, 1.0, 1.0, 0.0, 0.0, 0.0, 0.0]","[-6.0, 15.0, 0.0, 14.0, 0.0, -11.0, -10.0, 0.0, -14.0, 25.0, 9.0, 16.0, 0.0, 1.0, 9.0, 0.0]"
2,1791637726.6369236,"[0.0007679999999936626, 87.452313, 59.94243, 87.97965900000003, 0.08865900000000693, 90.70427999999998, 47.37401700000001, 47.37401700000001, 0.08865900000000693, 86.04605700000002, 59.41508400000001, 87.27653099999998, 33.04778400000001, 92.46210000000002, 80.06946900000003, 90.26482500000003]","[1.0, 1.0, 1.0, 1.0, 1.0, 1.0, 1.0, 0.0, 1.0, 1.0, 0.0, 1.0, 0.0, 1.0, 0.0, 0.0]","[-9.0, 15.0, 0.0, 17.0, 2.0, -10.0, -10.0, 0.0, -14.0, 25.0, 9.0, 16.0, 0.0, 4.0, 10.0, 0.0]"
2,1791637726.8601587,"[-0.08712299999999118, 88.06754999999998, 59.94243, 88.155441, 0.0007679999999936626, 90.70427999999998, 47.37401700000001, 47.37401700000001, 0.08865900000000693, 86.04605700000002, 59.41508400000001, 87.27653099999998, 33.04778400000001, 92.46210000000002, 80.06946900000003, 90.26482500000003]","[0.0, 2.0, 0.0, 3.0, 1.0, 1.0, 1.0, 0.0, 0.0, 1.0, 0.0, 1.0, 0.0, 1.0, 0.0, 0.0]","[0.0, 18.0, 9.0, 16.0, 3.0, -11.0, -10.0, 0.0, -14.0, 32.0, 10.0, 16.0, 0.0, 0.0, 10.0, 0.0]"
2,1791637727.081488,"[-0.08712299999999118, 88.85856899999999, 59.94243, 88.33122300000002, 0.0007679999999936626, 90.70427999999998, 47.37401700000001, 47.37401700000001, 0.08865900000000693, 86.30973, 59.41508400000001, 87.27653099999998, 33.04778400000001, 92.46210000000002, 80.06946900000003, 90.26482500000003]","[0.0, 3.0, 1.0, 1.0, 1.0, 1.0, 1.0, 0.0, 0.0, 1.0, 0.0, 1.0, 0.0, 0.0, 0.0, 0.0]","[0.0, 20.0, 0.0, 17.0, 5.0, -10.0, -10.0, 0.0, -14.0, 38.0, 9.0, 16.0, 0.0, 4.0, 10.0, 0.0]"
2,1791637727.3088892,"[-0.08712299999999118, 89.56169699999998, 59.85453900000002, 88.33122300000002, 0.0007679999999936626, 90.70427999999998, 47.37401700000001, 47.37401700000001, 0.0007679999999936626, 87.012858, 59.41508400000001, 87.27653099999998, 33.04778400000001, 92.46210000000002, 80.06946900000003, 90.26482500000003]","[0.0, 1.0, 0.0, 1.0, 0.0, 1.0, 1.0, 0.0, 0.0, 1.0, 0.0, 1.0, 0.0, 0.0, 0.0, 0.0]","[0.0, 21.0, 10.0, 17.0, 11.0, -10.0, -10.0, 0.0, -14.0, 41.0, 9.0, 16.0, 0.0, 6.0, 10.0, 0.0]"
2,1791637727.5304554,"[-0.08712299999999118, 90.00115199999999, 59.85453900000002, 88.33122300000002, 0.0007679999999936626, 90.70427999999998, 47.37401700000001, 47.37401700000001, 0.0007679999999936626, 87.27653099999998, 59.327192999999994, 87.452313, 33.04778400000001, 92.46210000000002, 80.06946900000003, 90.26482500000003]","[0.0, 1.0, 0.0, 1.0, 0.0, 1.0, 1.0, 0.0, 0.0, 1.0, 0.0, 2.0, 0.0, 1.0, 0.0, 0.0]","[0.0, 25.0, 13.0, 17.0, 12.0, -11.0, -10.0, 0.0, -14.0, 49.0, 9.0, 16.0, 0.0, 0.0, 10.0, 0.0]"
2,1791637727.7536054,"[-0.08712299999999118, 90.35271599999999, 59.766648, 88.33122300000002, 0.0007679999999936626, 90.792171, 47.37401700000001, 47.37401700000001, 0.0007679999999936626, 87.27653099999998, 59.327192999999994, 87.452313, 33.04778400000001, 92.46210000000002, 80.06946900000003, 90.26482500000003]","[0.0, 1.0, 0.0, 1.0, 0.0, 1.0, 1.0, 0.0, 0.0, 1.0, 0.0, 0.0, 0.0, 1.0, 0.0, 0.0]","[0.0, 30.0, 14.0, 16.0, 12.0, -10.0, -11.0, 0.0, -14.0, 60.0, 10.0, 16.0, 0.0, 2.0, 10.0, 0.0]"
3,1791637729.7690904,"[-0.08712299999999118, -4.745346000000012, -1.1418150000000082, -0.35079600000000255, -0.08712299999999118, -5.712146999999987, 0.0007679999999936626, -0.4386869999999874, -0.08712299999999118, -5.272692000000006, -1.1418150000000082, 0.08865900000000693, -2.196506999999997, 178.41949799999998, 39.991173, 25.40126699999999]","[0.0, 1.0, 1.0, 0.0, 1.0, 0.0, 1.0, 1.0, 0.0, 1.0, 1.0, 0.0, 1.0, 1.0, 0.0, 0.0]","[0.0, 36.0, 16.0, 13.0, 0.0, 38.0, -7.0, 11.0, 0.0, 36.0, 11.0, -10.0, 17.0, 15.0, 0.0, -14.0]"
3,1791637729.9966438,"[-0.5265780000000007, -4.745346000000012, -0.790251000000012, -0.08712299999999118, -0.08712299999999118, -4.92112800000001, 0.6160050000000012, -0.35079600000000255, 0.7917869999999994, -5.272692000000006, -1.1418150000000082, 0.26444100000000503, -2.196506999999997, 178.06793399999998, 40.07906399999999, 25.577048999999988]","[0.0, 1.0, 1.0, 1.0, 1.0, 1.0, 1.0, 1.0, 2.0, 1.0, 0.0, 1.0, 1.0, 0.0, 1.0, 1.0]","[-9.0, 47.0, 18.0, 15.0, 0.0, 46.0, 10.0, 12.0, 14.0, 56.0, 13.0, 11.0, 20.0, -12.0, 12.0, 13.0]"
3,1791637730.2197742,"[-1.3175970000000063, -3.339089999999999, -0.08712299999999118, 0.528113999999988, -0.08712299999999118, -3.7785450000000083, 1.2312420000000088, 0.3523319999999899, 1.1433509999999956, -3.866435999999993, -0.8781419999999969, 0.26444100000000503, -2.196506999999997, 177.71636999999998, 40.07906399999999, 26.368067999999994]","[0.0, 3.0, 2.0, 1.0, 1.0, 1.0, 3.0, 1.0, 6.0, 1.0, 1.0, 1.0, 1.0, 0.0, 0.0, 3.0]","[-10.0, 53.0, 19.0, 16.0, 0.0, 59.0, 11.0, 13.0, 14.0, 61.0, 16.0, 14.0, 27.0, -25.0, 14.0, 14.0]"
3,1791637730.4446056,"[-2.372288999999995, -1.8449430000000007, 0.8796780000000126, 1.582806000000005, -0.08712299999999118, -2.108616000000012, 1.9343700000000013, 1.407024000000007, 2.813279999999992, -3.866435999999993, 0.17654999999999177, 0.7917869999999994, -2.196506999999997, 176.83746000000002, 41.573211000000015, 27.159087]","[0.0, 14.0, 2.0, 3.0, 1.0, 5.0, 1.0, 2.0, 2.0, 1.0, 2.0, 1.0, 1.0, 0.0, 5.0, 1.0]","[-9.0, 47.0, 19.0, 16.0, 0.0, 61.0, 12.0, 14.0, 14.0, 89.0, 17.0, 15.0, 33.0, -37.0, 12.0, 14.0]"
3,1791637730.6685364,"[-3.426981000000012, 0.3523319999999899, 1.7585880000000031, 2.3738250000000107, -0.08712299999999118, 0.44022300000000314, 2.6374979999999937, 2.1101519999999994, 2.901171000000005, 0.528113999999988, 1.1433509999999956, 2.0222610000000145, -2.196506999999997, 173.40971100000002, 42.27633900000001, 28.125888000000003]","[-2.0, 1.0, 1.0, 1.0, 1.0, 5.0, 1.0, 1.0, 1.0, 9.0, 2.0, 3.0, 0.0, -4.0, 1.0, 2.0]","[-9.0, 57.0, 20.0, 17.0, 0.0, 55.0, 13.0, 14.0, 16.0, 56.0, 17.0, 14.0, 43.0, -33.0, 14.0, 15.0]"
3,1791637730.8894966,"[-4.305891000000003, 1.7585880000000031, 2.813279999999992, 3.5164080000000126, -0.08712299999999118, 2.0222610000000145, 3.5164080000000126, 3.164843999999988, 4.746881999999999, 0.528113999999988, 1.846478999999988, 2.98906199999999, -0.7023599999999988, 169.894071, 43.155249, 29.268471000000005]","[-2.0, 10.0, 2.0, 4.0, 1.0, 1.0, 1.0, 1.0, 2.0, 1.0, 1.0, 2.0, 11.0, -6.0, 2.0, 2.0]","[-9.0, 58.0, 19.0, 15.0, 0.0, 62.0, 13.0, 13.0, 13.0, 81.0, 18.0, 13.0, 31.0, -29.0, 14.0, 14.0]"
3,1791637731.1137908,"[-5.272692000000006, 4.131644999999992, 3.7800809999999956, 3.6042989999999975, -0.08712299999999118, 3.9558629999999937, 4.395318000000003, 4.30742699999999, 5.713683000000003, 4.219536000000005, 3.076953000000003, 4.043754000000007, 0.9675689999999975, 168.31203299999999, 44.649395999999996, 29.35636199999999]","[0.0, 1.0, 1.0, 1.0, 1.0, 4.0, 1.0, 1.0, 3.0, 14.0, 6.0, 1.0, 3.0, -1.0, 4.0, 1.0]","[-11.0, 59.0, 20.0, 19.0, 0.0, 53.0, 13.0, 13.0, 13.0, 54.0, 17.0, 14.0, 33.0, -43.0, 12.0, 15.0]"
3,1791637731.3379967,"[-5.975819999999999, 5.889465000000001, 4.834773000000013, 5.537901000000005, -0.08712299999999118, 6.153138000000013, 5.274227999999994, 5.186337000000009, 6.416810999999996, 5.9773560000000145, 4.219536000000005, 4.9226639999999975, 1.0554600000000107, 164.620611, 44.649395999999996, 29.35636199999999]","[0.0, 2.0, 4.0, 3.0, 1.0, 3.0, 3.0, 3.0, 5.0, 1.0, 3.0, 2.0, 1.0, -8.0, 1.0, 1.0]","[-10.0, 58.0, 19.0, 17.0, 0.0, 58.0, 14.0, 13.0, 13.0, 61.0, 16.0, 14.0, 40.0, -35.0, 16.0, 15.0]"
3,1791637731.5618172,"[-7.118403000000001, 8.701977, 5.889465000000001, 6.680484000000007, -0.08712299999999118, 7.735175999999996, 6.2410289999999975, 6.153138000000013, 7.735175999999996, 8.526195000000001, 5.010555000000011, 6.2410289999999975, 2.98906199999999, 161.45653500000003, 46.582998, 29.35636199999999]","[-1.0, 6.0, 1.0, 2.0, 1.0, 9.0, 5.0, 2.0, 2.0, 4.0, 4.0, 4.0, 5.0, -6.0, 5.0, 1.0]","[-10.0, 50.0, 19.0, 16.0, 0.0, 55.0, 13.0, 15.0, 14.0, 55.0, 16.0, 14.0, 31.0, -34.0, 13.0, 15.0]"
3,1791637731.7884219,"[-8.17309499999999, 10.108233000000013, 6.153138000000013, 7.383611999999999, -0.08712299999999118, 10.108233000000013, 7.207830000000001, 7.2957210000000146, 7.735175999999996, 9.668778000000003, 6.2410289999999975, 7.032048000000003, 3.7800809999999956, 158.292459, 47.54979900000001, 29.35636199999999]","[-1.0, 1.0, 5.0, 1.0, 1.0, 3.0, 1.0, 0.0, 1.0, 1.0, 4.0, 1.0, 6.0, -3.0, 3.0, 1.0]","[-10.0, 59.0, 21.0, 17.0, 0.0, 57.0, 14.0, 13.0, 16.0, 67.0, 15.0, 13.0, 32.0, -33.0, 13.0, 15.0]"
3,1791637732.009729,"[-9.139895999999993, 10.723469999999992, 7.910957999999994, 8.614086000000015, -0.08712299999999118, 11.514488999999998, 8.26252199999999, 8.438303999999988, 9.668778000000003, 9.668778000000003, 7.119938999999988, 8.086739999999992, 4.219536000000005, 155.567838, 48.34081800000001, 29.35636199999999]","[0.0, 9.0, 2.0, 3.0, 1.0, 1.0, 2.0, 3.0, 3.0, 1.0, 4.0, 3.0, 1.0, -3.0, 1.0, 0.0]","[-9.0, 65.0, 19.0, 16.0, 0.0, 64.0, 13.0, 12.0, 14.0, 93.0, 17.0, 14.0, 36.0, -36.0, 13.0, 14.0]"
3,1791637732.2364533,"[-10.19458800000001, 13.887546000000015, 8.789868000000013, 8.789868000000013, -0.08712299999999118, 13.975437, 9.317214000000007, 9.405104999999992, 10.635579000000007, 13.887546000000015, 7.823067000000009, 9.141432000000009, 6.065246999999999, 152.667435, 49.571292, 29.35636199999999]","[0.0, 1.0, 4.0, 3.0, 1.0, 7.0, 0.0, 1.0, 1.0, 19.0, 6.0, 3.0, 5.0, -4.0, 4.0, 1.0]","[-11.0, 63.0, 20.0, 18.0, 0.0, 55.0, 13.0, 13.0, 14.0, 53.0, 17.0, 13.0, 29.0, -34.0, 13.0, 14.0]"
3,1791637732.4580295,"[-10.80982499999999, 13.887546000000015, 9.932451000000015, 10.635579000000007, -0.08712299999999118, 15.996929999999992, 10.28401500000001, 10.371905999999996, 11.60238000000001, 14.23911000000001, 9.053540999999996, 10.108233000000013, 6.856266000000005, 150.294378, 50.45020199999999, 29.35636199999999]","[-2.0, 1.0, 3.0, 2.0, 1.0, 3.0, 3.0, 3.0, 2.0, 1.0, 1.0, 1.0, 1.0, -1.0, 1.0, 1.0]","[-10.0, 88.0, 20.0, 16.0, 0.0, 59.0, 14.0, 13.0, 14.0, 85.0, 16.0, 14.0, 32.0, -42.0, 12.0, 15.0]"
3,1791637732.6843615,"[-12.040299000000005, 18.19420500000001, 10.811361000000005, 11.514488999999998, -0.08712299999999118, 17.930532, 11.162925000000001, 11.162925000000001, 12.657072, 14.23911000000001, 9.668778000000003, 10.987143000000003, 8.26252199999999, 147.306084, 51.50489400000001, 29.35636199999999]","[-2.0, 11.0, 3.0, 2.0, 1.0, 7.0, 3.0, 1.0, 2.0, 1.0, 1.0, 2.0, 4.0, -4.0, 2.0, 1.0]","[-10.0, 52.0, 19.0, 15.0, 0.0, 54.0, 14.0, 14.0, 14.0, 115.0, 18.0, 14.0, 29.0, -40.0, 13.0, 14.0]"
3,1791637732.9057622,"[-13.007100000000008, 20.12780699999999, 11.778162000000009, 12.657072, -0.08712299999999118, 20.12780699999999, 12.21761699999999, 12.393398999999988, 13.623873000000003, 20.215698000000003, 10.987143000000003, 12.041834999999992, 9.141432000000009, 143.79044399999998, 52.559585999999996, 29.35636199999999]","[0.0, 3.0, 1.0, 4.0, 1.0, 4.0, 1.0, 2.0, 1.0, 8.0, 1.0, 3.0, 1.0, -7.0, 4.0, 1.0]","[-11.0, 58.0, 19.0, 15.0, 0.0, 58.0, 14.0, 13.0, 14.0, 57.0, 17.0, 13.0, 32.0, -35.0, 12.0, 14.0]"
3,1791637733.132458,"[-14.14968300000001, 22.237190999999996, 12.832853999999998, 13.448091000000005, -0.08712299999999118, 21.44617199999999, 13.272309000000007, 13.448091000000005, 14.678564999999992, 20.303588999999988, 11.866052999999994, 12.92074500000001, 9.141432000000009, 140.977932, 53.526387, 29.35636199999999]","[0.0, 3.0, 3.0, 4.0, 1.0, 4.0, 3.0, 3.0, 3.0, 1.0, 2.0, 4.0, 1.0, 0.0, 3.0, 1.0]","[-11.0, 58.0, 19.0, 16.0, 0.0, 61.0, 14.0, 13.0, 13.0, 85.0, 18.0, 13.0, 36.0, -38.0, 12.0, 14.0]"
3,1791637733.3563604,"[-15.116483999999986, 23.907119999999992, 13.887546000000015, 14.414892000000009, -0.08712299999999118, 24.610248000000013, 14.327000999999996, 14.414892000000009, 15.645365999999996, 24.522357, 13.096527000000009, 13.799655000000001, 11.426598000000013, 137.462292, 54.493188, 29.35636199999999]","[0.0, 6.0, 3.0, 2.0, 1.0, 6.0, 1.0, 1.0, 1.0, 9.0, 7.0, 0.0, 4.0, -6.0, 4.0, 1.0]","[-11.0, 60.0, 19.0, 16.0, 0.0, 50.0, 14.0, 13.0, 14.0, 51.0, 16.0, 14.0, 27.0, -38.0, 12.0, 15.0]"
3,1791637733.5784638,"[-16.346958, 26.543849999999992, 14.942238000000003, 15.381693000000013, -0.08712299999999118, 24.698138999999998, 15.381693000000013, 15.733257000000009, 16.787948999999998, 26.807523000000003, 13.975437, 14.85434699999999, 11.60238000000001, 134.210325, 55.635771000000005, 29.35636199999999]","[-2.0, 8.0, 3.0, 3.0, 1.0, 0.0, 1.0, 3.0, 3.0, 5.0, 1.0, 3.0, 0.0, -6.0, 1.0, 1.0]","[-10.0, 49.0, 17.0, 15.0, 0.0, 77.0, 14.0, 13.0, 14.0, 50.0, 17.0, 14.0, 35.0, -33.0, 13.0, 14.0]"
3,1791637733.804358,"[-17.313759000000005, 28.653233999999998, 15.909039000000007, 16.436385, -0.08712299999999118, 28.565343000000013, 16.612167, 16.787948999999998, 17.666858999999988, 28.565343000000013, 15.118020000000001, 15.996929999999992, 13.360199999999992, 130.95835799999998, 56.60257200000001, 29.35636199999999]","[-2.0, 2.0, 3.0, 2.0, 1.0, 6.0, 4.0, 2.0, 1.0, 1.0, 3.0, 3.0, 4.0, -2.0, 3.0, 1.0]","[-10.0, 53.0, 19.0, 16.0, 0.0, 56.0, 13.0, 12.0, 14.0, 55.0, 16.0, 14.0, 29.0, -30.0, 12.0, 14.0]"
3,1791637734.0282269,"[-18.54423299999999, 31.114182, 17.139512999999994, 17.315294999999992, -0.08712299999999118, 30.147380999999996, 17.666858999999988, 17.75475, 18.633659999999992, 28.565343000000013, 16.084821000000005, 16.87584000000001, 14.327000999999996, 127.706391, 57.833045999999996, 29.35636199999999]","[-2.0, 7.0, 5.0, 4.0, 1.0, 2.0, 4.0, 3.0, 1.0, 0.0, 1.0, 5.0, 1.0, -3.0, 2.0, 1.0]","[-9.0, 48.0, 18.0, 16.0, 0.0, 55.0, 13.0, 12.0, 14.0, 79.0, 17.0, 13.0, 27.0, -31.0, 12.0, 14.0]"
3,1791637734.2497017,"[-19.42314300000001, 32.784110999999996, 18.19420500000001, 17.842641000000015, -0.08712299999999118, 32.608329, 18.36998700000001, 18.545769000000007, 19.51257000000001, 32.959892999999994, 17.315294999999992, 18.106313999999998, 15.381693000000013, 124.98176999999998, 58.88773800000001, 29.35636199999999]","[0.0, 4.0, 3.0, 7.0, 1.0, 7.0, 1.0, 1.0, 7.0, 15.0, 1.0, 5.0, 1.0, -3.0, 3.0, 1.0]","[-9.0, 53.0, 18.0, 17.0, 0.0, 50.0, 14.0, 12.0, 14.0, 46.0, 15.0, 13.0, 28.0, -33.0, 12.0, 14.0]"
3,1791637734.4757538,"[-20.477835, 35.245059, 19.161006000000015, 19.424678999999998, -0.08712299999999118, 34.45403999999999, 19.336788000000013, 19.600460999999996, 20.655153000000013, 33.13567499999999, 18.545769000000007, 18.985223999999988, 15.381693000000013, 122.69660399999998, 59.85453900000002, 29.35636199999999]","[-2.0, 7.0, 1.0, 2.0, 1.0, 1.0, 3.0, 1.0, 2.0, 1.0, 3.0, 1.0, 1.0, 0.0, 1.0, 1.0]","[-9.0, 42.0, 18.0, 15.0, 0.0, 56.0, 14.0, 12.0, 14.0, 70.0, 15.0, 13.0, 28.0, -38.0, 12.0, 14.0]"
3,1791637734.7001925,"[-21.708308999999986, 37.09076999999999, 20.39148, 20.39148, -0.08712299999999118, 37.00287900000001, 20.303588999999988, 20.655153000000013, 21.885627, 34.278257999999994, 19.424678999999998, 20.215698000000003, 15.381693000000013, 118.82940000000002, 60.909231000000005, 29.35636199999999]","[-2.0, 5.0, 4.0, 1.0, 1.0, 7.0, 1.0, 1.0, 3.0, 16.0, 4.0, 3.0, 1.0, -3.0, 3.0, 1.0]","[-9.0, 50.0, 16.0, 17.0, 0.0, 51.0, 14.0, 13.0, 14.0, 67.0, 15.0, 13.0, 28.0, -29.0, 13.0, 14.0]"
3,1791637734.922749,"[-22.67510999999999, 39.28804500000001, 21.44617199999999, 21.621953999999988, -0.08712299999999118, 38.497026000000005, 21.00671700000001, 21.709845, 22.500864000000007, 39.551717999999994, 20.655153000000013, 21.182499000000007, 15.381693000000013, 115.57743299999998, 61.963922999999994, 29.35636199999999]","[-1.0, 5.0, 3.0, 3.0, 1.0, 11.0, 1.0, 3.0, 1.0, 5.0, 1.0, 4.0, 1.0, -4.0, 3.0, 1.0]","[-9.0, 43.0, 17.0, 15.0, 0.0, 48.0, 14.0, 13.0, 14.0, 43.0, 14.0, 13.0, 28.0, -29.0, 12.0, 14.0]"
3,1791637735.1456406,"[-23.81769299999999, 41.39742899999999, 22.500864000000007, 22.500864000000007, -0.08712299999999118, 41.39742899999999, 21.885627, 22.76453699999999, 23.907119999999992, 41.92477500000001, 21.709845, 22.32508200000001, 15.381693000000013, 112.325466, 62.84283300000001, 29.35636199999999]","[0.0, 3.0, 1.0, 3.0, 1.0, 8.0, 2.0, 3.0, 4.0, 7.0, 4.0, 2.0, 1.0, -4.0, 2.0, 1.0]","[-9.0, 46.0, 17.0, 16.0, 0.0, 39.0, 16.0, 12.0, 13.0, 39.0, 14.0, 13.0, 29.0, -28.0, 11.0, 14.0]"
3,1791637735.3721783,"[-24.69660300000001, 43.24314000000001, 23.379773999999998, 22.588754999999992, -0.08712299999999118, 43.68259499999999, 22.588754999999992, 23.555555999999996, 24.873920999999996, 42.012665999999996, 22.76453699999999, 22.852428000000003, 15.381693000000013, 109.16138999999998, 64.073307, 29.35636199999999]","[0.0, 11.0, 3.0, 1.0, 1.0, 5.0, 1.0, 1.0, 1.0, 1.0, 2.0, 2.0, 1.0, -2.0, 3.0, 1.0]","[-9.0, 41.0, 17.0, 19.0, 0.0, 44.0, 17.0, 13.0, 13.0, 61.0, 14.0, 13.0, 28.0, -28.0, 11.0, 15.0]"
3,1791637735.5945523,"[-25.839186000000012, 46.143542999999994, 24.346575, 24.434466000000015, -0.08712299999999118, 46.05565200000001, 23.64344700000001, 24.78603000000001, 25.840722, 46.31932499999999, 23.64344700000001, 24.08290199999999, 15.381693000000013, 105.73364099999998, 64.95221699999999, 29.35636199999999]","[-2.0, 4.0, 2.0, 3.0, 1.0, 7.0, 1.0, 2.0, 1.0, 11.0, 1.0, 2.0, 1.0, -5.0, 3.0, 1.0]","[-8.0, 39.0, 17.0, 16.0, -1.0, 37.0, 16.0, 11.0, 13.0, 36.0, 15.0, 13.0, 28.0, -21.0, 12.0, 14.0]"
3,1791637735.8201227,"[-26.981768999999986, 48.252927, 25.40126699999999, 25.577048999999988, 0.0007679999999936626, 47.901363, 24.96181200000001, 25.66494, 26.983305, 47.54979900000001, 24.873920999999996, 25.489158000000003, 15.469583999999998, 102.481674, 66.09479999999999, 29.35636199999999]","[-2.0, 6.0, 3.0, 2.0, 1.0, 2.0, 5.0, 1.0, 1.0, 2.0, 2.0, 2.0, 1.0, -6.0, 3.0, 1.0]","[0.0, 33.0, 17.0, 15.0, -12.0, 40.0, 14.0, 13.0, 0.0, 42.0, 15.0, 12.0, 28.0, -20.0, 11.0, 15.0]"
3,1791637736.0428119,"[-27.94856999999999, 50.362311000000005, 26.28017700000001, 26.71963199999999, 0.0007679999999936626, 50.098637999999994, 25.840722, 26.895413999999988, 27.950106000000005, 50.801766000000015, 26.016503999999998, 26.455959000000007, 15.645365999999996, 99.22970700000002, 67.061601, 29.35636199999999]","[0.0, 1.0, 1.0, 4.0, 1.0, 3.0, 1.0, 2.0, 1.0, 8.0, 4.0, 2.0, 1.0, -2.0, 1.0, 1.0]","[0.0, 36.0, 18.0, 14.0, -12.0, 37.0, 15.0, 12.0, 0.0, 32.0, 13.0, 12.0, 24.0, -19.0, 11.0, 15.0]"
3,1791637736.2650626,"[-28.82748000000001, 52.47169500000001, 27.246978000000013, 27.59854200000001, 0.0007679999999936626, 52.559585999999996, 27.071196000000015, 27.42276000000001, 29.092689000000007, 52.29591300000001, 26.895413999999988, 27.59854200000001, 15.996929999999992, 95.80195800000001, 68.29207500000001, 29.35636199999999]","[0.0, 8.0, 1.0, 4.0, 1.0, 5.0, 1.0, 1.0, 1.0, 1.0, 1.0, 3.0, 1.0, -2.0, 3.0, 1.0]","[-8.0, 31.0, 18.0, 16.0, -12.0, 35.0, 15.0, 14.0, -5.0, 38.0, 14.0, 11.0, 25.0, -18.0, 11.0, 14.0]"
3,1791637736.490755,"[-29.794281000000012, 55.196315999999996, 28.30167, 28.829015999999996, 0.0007679999999936626, 54.66897, 28.213778999999988, 28.565343000000013, 30.05949000000001, 54.844752, 28.125888000000003, 28.653233999999998, 16.260603000000003, 92.63788199999999, 69.08309400000002, 29.35636199999999]","[-2.0, 2.0, 1.0, 4.0, 1.0, 4.0, 2.0, 2.0, 1.0, 9.0, 4.0, 3.0, 1.0, -5.0, 1.0, 1.0]","[-8.0, 31.0, 18.0, 15.0, -12.0, 33.0, 14.0, 11.0, 0.0, 30.0, 13.0, 12.0, 25.0, -17.0, 12.0, 14.0]"
3,1791637736.7124414,"[-30.936863999999986, 57.21780900000002, 29.444253000000003, 29.620035, 0.0007679999999936626, 56.954136000000005, 29.444253000000003, 29.795817, 31.026291000000015, 56.42679000000001, 29.180579999999992, 29.795817, 16.260603000000003, 90.00115199999999, 70.22567699999999, 29.35636199999999]","[-1.0, 6.0, 4.0, 3.0, 1.0, 4.0, 4.0, 3.0, 0.0, 1.0, 3.0, 3.0, 1.0, -1.0, 2.0, 1.0]","[0.0, 30.0, 16.0, 17.0, -11.0, 30.0, 12.0, 12.0, -2.0, 37.0, 13.0, 10.0, 24.0, -19.0, 10.0, 14.0]"
3,1791637736.9400094,"[-31.90366499999999, 59.327192999999994, 30.498944999999992, 30.850508999999988, 0.0007679999999936626, 58.975629, 30.586836000000005, 30.762618000000003, 32.080983, 57.04202699999999, 29.883708000000013, 30.762618000000003, 16.260603000000003, 86.661294, 71.456151, 29.35636199999999]","[-1.0, 3.0, 1.0, 3.0, 1.0, 2.0, 3.0, 1.0, 0.0, 10.0, 1.0, 3.0, 1.0, -5.0, 4.0, 1.0]","[-9.0, 30.0, 17.0, 14.0, -12.0, 29.0, 13.0, 11.0, 0.0, 41.0, 14.0, 12.0, 25.0, -17.0, 11.0, 14.0]"
3,1791637737.1640477,"[-32.87046599999999, 61.348686000000015, 31.55363700000001, 31.817309999999992, 0.0007679999999936626, 61.52446800000001, 31.641527999999994, 31.905201000000005, 33.04778400000001, 61.612359, 31.114182, 31.817309999999992, 16.260603000000003, 83.40932700000002, 72.42295200000001, 29.444253000000003]","[0.0, 7.0, 4.0, 3.0, 1.0, 4.0, 1.0, 1.0, 1.0, 5.0, 1.0, 3.0, 1.0, -5.0, 3.0, 1.0]","[-8.0, 27.0, 16.0, 14.0, -12.0, 26.0, 13.0, 11.0, 0.0, 28.0, 14.0, 11.0, 25.0, -15.0, 11.0, 14.0]"
3,1791637737.3847122,"[-34.013048999999995, 63.897525, 32.608329, 32.87200200000001, 0.0007679999999936626, 63.897525, 32.784110999999996, 32.87200200000001, 34.102475999999996, 63.63385199999999, 32.432547, 32.080983, 16.260603000000003, 82.530417, 73.38975300000001, 29.707926000000015]","[-1.0, 3.0, 2.0, 3.0, 1.0, 5.0, 3.0, 2.0, 1.0, 1.0, 4.0, 3.0, 1.0, 0.0, 3.0, 1.0]","[-1.0, 24.0, 16.0, 15.0, -11.0, 25.0, 12.0, 12.0, -3.0, 28.0, 13.0, 14.0, 25.0, -17.0, 10.0, 13.0]"
3,1791637737.6092596,"[-35.06774100000001, 66.00690900000001, 33.750912, 33.83880300000001, 0.0007679999999936626, 66.27058199999999, 34.01458500000001, 33.926694, 35.069277, 65.919018, 33.399348, 33.663021000000015, 16.260603000000003, 82.530417, 74.444445, 29.707926000000015]","[-2.0, 7.0, 3.0, 1.0, 1.0, 5.0, 3.0, 5.0, 1.0, 3.0, 3.0, 3.0, 1.0, 0.0, 1.0, 1.0]","[0.0, 22.0, 16.0, 16.0, -12.0, 21.0, 12.0, 12.0, 0.0, 25.0, 12.0, 12.0, 25.0, -17.0, 10.0, 14.0]"
3,1791637737.8329284,"[-35.85875999999999, 66.358473, 34.717713, 34.893495, 0.0007679999999936626, 68.204184, 34.102475999999996, 34.893495, 36.12396899999999, 66.00690900000001, 34.45403999999999, 34.62982199999999, 16.260603000000003, 82.530417, 75.49913699999999, 29.707926000000015]","[-1.0, 1.0, 1.0, 3.0, 1.0, 3.0, 1.0, 1.0, 1.0, 1.0, 1.0, 2.0, 1.0, 1.0, 2.0, 1.0]","[-9.0, 23.0, 16.0, 14.0, -13.0, 21.0, 11.0, 11.0, -13.0, 26.0, 12.0, 11.0, 24.0, -17.0, 11.0, 14.0]"
3,1791637738.0595365,"[-36.91345200000001, 66.358473, 35.860296000000005, 35.860296000000005, 0.0007679999999936626, 70.48935, 34.102475999999996, 35.94818699999999, 37.00287900000001, 66.00690900000001, 35.33295000000001, 34.717713, 16.260603000000003, 82.530417, 76.55382900000001, 29.707926000000015]","[-1.0, 1.0, 2.0, 1.0, 1.0, 1.0, 1.0, 1.0, 1.0, 1.0, 1.0, 1.0, 1.0, 1.0, 1.0, 1.0]","[-8.0, 23.0, 16.0, 15.0, -12.0, 20.0, 11.0, 11.0, 0.0, 26.0, 12.0, 15.0, 24.0, -17.0, 11.0, 14.0]"
3,1791637738.2812617,"[-37.88025300000001, 66.358473, 36.914987999999994, 36.739205999999996, 0.0007679999999936626, 71.71982400000002, 34.102475999999996, 36.914987999999994, 38.057570999999996, 66.00690900000001, 36.47553300000001, 36.47553300000001, 16.260603000000003, 82.44252599999999, 77.69641200000001, 29.707926000000015]","[0.0, 1.0, 1.0, 1.0, 1.0, 1.0, 1.0, 1.0, 1.0, 1.0, 2.0, 3.0, 1.0, 0.0, 2.0, 1.0]","[-9.0, 24.0, 15.0, 16.0, -12.0, 19.0, 11.0, 11.0, 0.0, 25.0, 12.0, 12.0, 26.0, -17.0, 10.0, 13.0]"
3,1791637738.5078938,"[-38.847053999999986, 66.358473, 37.96968000000001, 37.881789, 0.0007679999999936626, 71.71982400000002, 34.102475999999996, 37.96968000000001, 39.024372, 65.919018, 37.44233399999999, 37.354443, 16.260603000000003, 82.35463500000003, 78.66321299999998, 29.707926000000015]","[-1.0, 1.0, 3.0, 4.0, 1.0, 1.0, 1.0, 1.0, 1.0, 0.0, 1.0, 1.0, 1.0, 0.0, 1.0, 1.0]","[-9.0, 24.0, 16.0, 15.0, -12.0, 18.0, 11.0, 12.0, 0.0, 26.0, 12.0, 13.0, 25.0, -17.0, 11.0, 13.0]"
3,1791637738.728433,"[-39.98963699999999, 66.358473, 39.024372, 38.58491699999999, 0.0007679999999936626, 71.71982400000002, 34.102475999999996, 39.11226300000001, 39.991173, 66.00690900000001, 38.672808, 38.497026000000005, 16.260603000000003, 82.35463500000003, 79.71790500000003, 29.707926000000015]","[-2.0, 1.0, 2.0, 3.0, 1.0, 1.0, 1.0, 3.0, 1.0, 0.0, 4.0, 1.0, 1.0, 0.0, 3.0, 1.0]","[-9.0, 24.0, 15.0, 16.0, -11.0, 20.0, 11.0, 11.0, 14.0, 26.0, 11.0, 12.0, 25.0, -16.0, 10.0, 13.0]"
3,1791637738.955934,"[-40.51698300000001, 66.358473, 40.166955, 39.63960900000001, 0.0007679999999936626, 71.71982400000002, 34.102475999999996, 39.991173, 41.04586499999999, 66.00690900000001, 39.46382700000001, 39.551717999999994, 16.260603000000003, 82.26674400000002, 80.684706, 29.707926000000015]","[0.0, 1.0, 3.0, 3.0, 1.0, 1.0, 1.0, 4.0, 1.0, 0.0, 3.0, 4.0, 1.0, 0.0, 2.0, 1.0]","[-9.0, 24.0, 15.0, 16.0, -11.0, 21.0, 12.0, 12.0, 11.0, 26.0, 12.0, 12.0, 24.0, -16.0, 10.0, 14.0]"
3,1791637739.4172108,"[-42.01113000000001, 66.358473, 41.22164699999999, 40.694300999999996, 0.0007679999999936626, 71.71982400000002, 34.102475999999996, 40.870082999999994, 41.661102, 66.00690900000001, 40.78219200000001, 40.78219200000001, 16.260603000000003, 82.09096199999999, 81.56361600000002, 29.707926000000015]","[1.0, 0.0, 0.0, 1.0, 1.0, -1.0, 1.0, 1.0, 1.0, 1.0, 1.0, 1.0, 1.0, 0.0, 1.0, 1.0]","[0.0, 24.0, 15.0, 14.0, -10.0, 21.0, 11.0, 11.0, 14.0, 26.0, 11.0, 11.0, 25.0, -15.0, 10.0, 14.0]"
3,1791637739.6435306,"[-43.065822, 66.358473, 42.188447999999994, 41.573211000000015, 0.0007679999999936626, 71.71982400000002, 34.102475999999996, 42.012665999999996, 43.06735800000001, 66.00690900000001, 41.573211000000015, 41.573211000000015, 16.787948999999998, 82.09096199999999, 82.61830800000001, 29.707926000000015]","[0.0, 0.0, 1.0, 4.0, 1.0, 1.0, 1.0, 2.0, 1.0, 1.0, 3.0, 1.0, 1.0, 0.0, 3.0, 1.0]","[0.0, 22.0, 15.0, 15.0, -12.0, 20.0, 12.0, 11.0, 0.0, 27.0, 12.0, 12.0, 19.0, -15.0, 11.0, 13.0]"
3,1791637739.8645644,"[-44.032623, 66.358473, 43.155249, 42.803685, 0.0007679999999936626, 71.807715, 34.102475999999996, 42.979467, 44.03415899999999, 66.00690900000001, 42.627903, 42.71579399999999, 16.787948999999998, 82.09096199999999, 83.673, 29.707926000000015]","[0.0, 1.0, 1.0, 3.0, 1.0, 1.0, 1.0, 1.0, 3.0, 1.0, 3.0, 3.0, 0.0, 0.0, 3.0, 1.0]","[0.0, 23.0, 15.0, 16.0, -12.0, 20.0, 11.0, 12.0, 0.0, 25.0, 11.0, 11.0, 19.0, -16.0, 10.0, 13.0]"
3,1791637740.088931,"[-45.08731499999999, 66.358473, 44.297832, 43.506812999999994, 0.0007679999999936626, 71.71982400000002, 34.102475999999996, 44.03415899999999, 44.91306900000001, 66.00690900000001, 43.68259499999999, 43.770486000000005, 16.87584000000001, 82.09096199999999, 84.376128, 29.707926000000015]","[0.0, 1.0, 3.0, 1.0, 1.0, 1.0, 1.0, 2.0, 0.0, 1.0, 3.0, 3.0, 0.0, 0.0, 1.0, 1.0]","[0.0, 23.0, 15.0, 15.0, -11.0, 20.0, 11.0, 10.0, -3.0, 26.0, 11.0, 11.0, 19.0, -15.0, 11.0, 13.0]"
3,1791637740.3129878,"[-46.05411599999999, 66.358473, 45.088851000000005, 44.825177999999994, 0.0007679999999936626, 71.71982400000002, 34.102475999999996, 45.00095999999999, 45.967760999999996, 66.00690900000001, 44.73728700000001, 44.825177999999994, 16.87584000000001, 82.09096199999999, 85.34292900000003, 29.707926000000015]","[0.0, 0.0, 1.0, 4.0, 1.0, 1.0, 1.0, 3.0, 0.0, 0.0, 4.0, 3.0, 0.0, 0.0, 2.0, 1.0]","[0.0, 24.0, 15.0, 15.0, -12.0, 19.0, 11.0, 12.0, 0.0, 25.0, 11.0, 11.0, 18.0, -16.0, 10.0, 14.0]"
3,1791637740.5396926,"[-47.020917, 66.358473, 46.143542999999994, 45.87987000000001, 0.0007679999999936626, 71.71982400000002, 34.102475999999996, 45.87987000000001, 46.934562, 66.00690900000001, 45.616197, 45.791979, 16.87584000000001, 82.09096199999999, 86.48551200000003, 29.707926000000015]","[0.0, 0.0, 3.0, 1.0, 1.0, 1.0, 1.0, 1.0, 1.0, 1.0, 3.0, 2.0, 1.0, 0.0, 3.0, 1.0]","[0.0, 23.0, 15.0, 15.0, -12.0, 21.0, 12.0, 11.0, 0.0, 26.0, 12.0, 11.0, 19.0, -15.0, 11.0, 14.0]"
3,1791637740.76135,"[-47.72404499999999, 66.44636400000002, 47.110344, 47.19823500000001, 0.0007679999999936626, 71.807715, 34.102475999999996, 47.02245300000001, 48.077145, 66.00690900000001, 46.67088899999999, 47.02245300000001, 16.87584000000001, 82.09096199999999, 87.36442199999999, 29.707926000000015]","[-1.0, 1.0, 1.0, 3.0, 1.0, 1.0, 1.0, 3.0, 1.0, 1.0, 3.0, 3.0, 1.0, 0.0, 1.0, 1.0]","[-9.0, 23.0, 15.0, 15.0, -12.0, 20.0, 11.0, 11.0, -13.0, 25.0, 11.0, 11.0, 19.0, -15.0, 11.0, 14.0]"
3,1791637740.987756,"[-49.04240999999999, 66.44636400000002, 48.077145, 48.077145, 0.0007679999999936626, 71.807715, 34.102475999999996, 47.901363, 49.043946000000005, 66.00690900000001, 47.725581000000005, 47.81347199999999, 16.87584000000001, 82.09096199999999, 88.24333200000001, 29.707926000000015]","[-3.0, 1.0, 2.0, 1.0, 1.0, 0.0, 1.0, 1.0, 1.0, 1.0, 2.0, 1.0, 1.0, 0.0, 1.0, 1.0]","[0.0, 22.0, 15.0, 15.0, -12.0, 21.0, 12.0, 11.0, -13.0, 25.0, 11.0, 11.0, 20.0, -15.0, 11.0, 13.0]"
3,1791637741.2085292,"[-49.833428999999995, 66.44636400000002, 49.13183699999999, 49.219728, 0.0007679999999936626, 71.807715, 34.102475999999996, 48.86816400000001, 49.922855999999996, 66.00690900000001, 48.51660000000001, 48.95605499999999, 17.139512999999994, 82.09096199999999, 89.298024, 29.707926000000015]","[0.0, 1.0, 3.0, 3.0, 1.0, 1.0, 1.0, 1.0, 1.0, 1.0, 1.0, 3.0, 4.0, 0.0, 3.0, 1.0]","[-9.0, 22.0, 14.0, 14.0, -11.0, 21.0, 11.0, 12.0, 0.0, 26.0, 12.0, 11.0, 18.0, -15.0, 10.0, 13.0]"
3,1791637741.435628,"[-50.80023, 66.44636400000002, 50.01074700000001, 50.45020199999999, 0.0007679999999936626, 71.71982400000002, 34.102475999999996, 50.01074700000001, 51.15333000000001, 66.00690900000001, 49.65918300000001, 49.922855999999996, 17.227404000000007, 82.09096199999999, 90.26482500000003, 29.707926000000015]","[-1.0, 1.0, 2.0, 4.0, 1.0, 1.0, 1.0, 3.0, 1.0, 1.0, 5.0, 2.0, 1.0, 0.0, 1.0, 1.0]","[-9.0, 24.0, 15.0, 14.0, -12.0, 20.0, 11.0, 12.0, -12.0, 26.0, 11.0, 11.0, 18.0, -15.0, 11.0, 14.0]"
3,1791637741.656607,"[-51.767031, 66.44636400000002, 50.889657, 51.32911200000001, 0.0007679999999936626, 71.71982400000002, 34.102475999999996, 50.713875, 52.03224, 66.00690900000001, 50.62598400000002, 50.889657, 17.227404000000007, 82.09096199999999, 91.231626, 29.707926000000015]","[-1.0, 1.0, 2.0, 3.0, 1.0, 1.0, 1.0, 2.0, 1.0, 1.0, 1.0, 3.0, 1.0, 0.0, 3.0, 1.0]","[-9.0, 23.0, 15.0, 14.0, -12.0, 20.0, 11.0, 11.0, 0.0, 25.0, 11.0, 11.0, 17.0, -16.0, 10.0, 14.0]"
3,1791637741.8838665,"[-52.73383199999999, 66.44636400000002, 52.03224, 52.29591300000001, 0.0007679999999936626, 71.71982400000002, 34.102475999999996, 52.03224, 53.08693199999999, 66.00690900000001, 51.76856699999999, 51.856458, 17.227404000000007, 82.09096199999999, 92.286318, 29.707926000000015]","[-2.0, 1.0, 2.0, 1.0, 1.0, 1.0, 1.0, 2.0, 1.0, 1.0, 1.0, 3.0, 0.0, 0.0, 3.0, 1.0]","[-9.0, 22.0, 16.0, 14.0, -12.0, 21.0, 11.0, 11.0, 0.0, 27.0, 11.0, 11.0, 18.0, -15.0, 11.0, 14.0]"
3,1791637742.1050546,"[-53.788523999999995, 66.44636400000002, 52.999041000000005, 53.350605, 0.0007679999999936626, 71.807715, 34.102475999999996, 52.91114999999999, 54.053732999999994, 66.00690900000001, 52.64747700000001, 52.91114999999999, 17.315294999999992, 82.09096199999999, 93.16522800000001, 29.707926000000015]","[-3.0, 1.0, 2.0, 4.0, 1.0, 1.0, 1.0, 1.0, 1.0, 1.0, 3.0, 4.0, 1.0, 0.0, 2.0, 1.0]","[-8.0, 21.0, 15.0, 14.0, -12.0, 20.0, 11.0, 11.0, 0.0, 26.0, 11.0, 11.0, 18.0, -16.0, 11.0, 13.0]"
3,1791637742.3312354,"[-54.491652, 66.44636400000002, 53.96584200000001, 54.317406000000005, 0.0007679999999936626, 71.807715, 34.102475999999996, 54.14162400000001, 55.10842500000001, 66.00690900000001, 53.526387, 53.79006000000001, 17.315294999999992, 82.09096199999999, 94.13202899999999, 29.707926000000015]","[0.0, 1.0, 3.0, 1.0, 1.0, 0.0, 1.0, 3.0, 0.0, 1.0, 1.0, 1.0, 0.0, 0.0, 1.0, 1.0]","[-9.0, 21.0, 16.0, 14.0, -12.0, 22.0, 11.0, 11.0, -14.0, 26.0, 12.0, 10.0, 18.0, -15.0, 11.0, 14.0]"
3,1791637742.5555167,"[-55.45845299999999, 66.710037, 55.10842500000001, 55.372097999999994, 0.0007679999999936626, 71.71982400000002, 34.102475999999996, 55.020534, 56.163117, 66.00690900000001, 54.756861000000015, 54.93264300000001, 17.315294999999992, 82.09096199999999, 95.362503, 29.707926000000015]","[0.0, 3.0, 3.0, 3.0, 1.0, 0.0, 1.0, 2.0, 1.0, 1.0, 4.0, 3.0, 0.0, 0.0, 2.0, 1.0]","[-10.0, 20.0, 15.0, 14.0, -12.0, 20.0, 12.0, 12.0, -13.0, 25.0, 11.0, 11.0, 17.0, -15.0, 10.0, 14.0]"
3,1791637742.7770166,"[-56.425253999999995, 66.885819, 55.987335, 56.338899, 0.0007679999999936626, 71.807715, 34.102475999999996, 55.72366199999999, 56.954136000000005, 66.00690900000001, 55.54787999999999, 55.811553, 17.75475, 82.09096199999999, 96.32930399999998, 29.707926000000015]","[0.0, 1.0, 1.0, 3.0, 1.0, 1.0, 1.0, 1.0, 1.0, 1.0, 2.0, 3.0, 1.0, 0.0, 3.0, 1.0]","[-10.0, 19.0, 15.0, 14.0, -12.0, 20.0, 12.0, 11.0, 0.0, 27.0, 12.0, 10.0, 16.0, -15.0, 11.0, 13.0]"
3,1791637743.0035033,"[-57.128382, 66.885819, 57.04202699999999, 57.129918, 0.0007679999999936626, 71.807715, 34.102475999999996, 56.954136000000005, 57.92093700000001, 66.00690900000001, 56.42679000000001, 56.77835400000001, 17.75475, 82.09096199999999, 97.29610500000001, 29.707926000000015]","[0.0, 1.0, 2.0, 1.0, 1.0, 0.0, 1.0, 2.0, 1.0, 1.0, 1.0, 2.0, 1.0, 0.0, 1.0, 1.0]","[-11.0, 20.0, 16.0, 15.0, -12.0, 21.0, 12.0, 12.0, 0.0, 26.0, 12.0, 11.0, 15.0, -15.0, 11.0, 13.0]"
3,1791637743.2249427,"[-58.622529, 66.885819, 58.09671900000001, 58.008827999999994, 0.0007679999999936626, 71.807715, 34.102475999999996, 57.92093700000001, 58.975629, 66.00690900000001, 57.56937300000001, 57.74515500000001, 17.930532, 82.09096199999999, 98.17501500000003, 29.707926000000015]","[-2.0, 1.0, 1.0, 1.0, 1.0, 0.0, 1.0, 1.0, 1.0, 1.0, 3.0, 4.0, 1.0, 0.0, 1.0, 1.0]","[-9.0, 20.0, 15.0, 15.0, -12.0, 21.0, 12.0, 11.0, 0.0, 26.0, 11.0, 10.0, 15.0, -15.0, 11.0, 14.0]"
3,1791637743.447886,"[-59.149874999999994, 66.885819, 59.327192999999994, 59.151410999999996, 0.0007679999999936626, 71.807715, 34.102475999999996, 59.06352000000001, 59.94243, 66.00690900000001, 58.53617400000002, 58.799847, 17.930532, 82.09096199999999, 99.141816, 29.707926000000015]","[0.0, 1.0, 2.0, 2.0, 1.0, 0.0, 1.0, 1.0, 1.0, 1.0, 3.0, 2.0, 1.0, 0.0, 1.0, 1.0]","[-9.0, 19.0, 15.0, 14.0, -12.0, 21.0, 12.0, 12.0, 0.0, 26.0, 11.0, 11.0, 15.0, -15.0, 11.0, 14.0]"
3,1791637743.6729047,"[-60.380348999999995, 66.885819, 60.469775999999996, 59.23930200000001, 0.0007679999999936626, 71.807715, 34.102475999999996, 60.030321000000015, 60.99712199999999, 66.00690900000001, 59.67875699999999, 58.799847, 17.930532, 82.09096199999999, 99.40548899999999, 29.707926000000015]","[-2.0, 1.0, 4.0, 1.0, 1.0, 0.0, 1.0, 2.0, 1.0, 1.0, 4.0, 1.0, 1.0, 0.0, 1.0, 1.0]","[-9.0, 20.0, 14.0, 14.0, -12.0, 21.0, 12.0, 11.0, 0.0, 26.0, 11.0, 11.0, 15.0, -16.0, 10.0, 13.0]"
3,1791637743.8993936,"[-61.610822999999996, 66.885819, 61.348686000000015, 59.23930200000001, 0.0007679999999936626, 71.807715, 34.102475999999996, 61.085013000000004, 61.963922999999994, 66.00690900000001, 60.909231000000005, 58.799847, 17.930532, 82.09096199999999, 99.40548899999999, 29.707926000000015]","[0.0, 1.0, 1.0, 1.0, 1.0, 1.0, 1.0, 4.0, 2.0, 1.0, 4.0, 0.0, 1.0, 0.0, 1.0, 1.0]","[-9.0, 20.0, 14.0, 15.0, -12.0, 20.0, 11.0, 11.0, 0.0, 26.0, 11.0, 12.0, 16.0, -15.0, 10.0, 13.0]"
3,1791637744.1235406,"[-62.489733, 66.885819, 62.403378000000004, 59.23930200000001, 0.0007679999999936626, 71.71982400000002, 34.102475999999996, 61.963922999999994, 62.84283300000001, 66.00690900000001, 61.87603200000001, 58.88773800000001, 17.930532, 82.09096199999999, 99.40548899999999, 29.707926000000015]","[0.0, 1.0, 2.0, 1.0, 1.0, 0.0, 1.0, 3.0, 2.0, 1.0, 3.0, 1.0, 1.0, 0.0, 1.0, 1.0]","[-10.0, 19.0, 14.0, 13.0, -12.0, 21.0, 11.0, 11.0, 9.0, 26.0, 11.0, 11.0, 15.0, -15.0, 11.0, 13.0]"
3,1791637744.3443704,"[-63.720207, 66.885819, 63.37017900000001, 59.23930200000001, 0.0007679999999936626, 71.807715, 34.102475999999996, 63.01861500000001, 63.985416000000015, 66.00690900000001, 62.930724, 58.88773800000001, 17.930532, 82.09096199999999, 99.40548899999999, 29.707926000000015]","[-1.0, 1.0, 1.0, 1.0, 1.0, 0.0, 1.0, 1.0, 1.0, 1.0, 3.0, 0.0, 1.0, 0.0, 1.0, 1.0]","[-9.0, 19.0, 15.0, 15.0, -12.0, 21.0, 11.0, 11.0, 0.0, 26.0, 9.0, 11.0, 15.0, -16.0, 11.0, 14.0]"
3,1791637744.5713866,"[-64.68700799999999, 66.885819, 64.424871, 59.23930200000001, 0.0007679999999936626, 71.807715, 34.102475999999996, 64.073307, 64.95221699999999, 66.00690900000001, 63.80963400000002, 58.88773800000001, 17.930532, 82.09096199999999, 99.40548899999999, 29.707926000000015]","[0.0, 1.0, 2.0, 1.0, 1.0, 0.0, 1.0, 2.0, 1.0, 1.0, 2.0, 1.0, 1.0, 0.0, 1.0, 1.0]","[-8.0, 20.0, 14.0, 14.0, -12.0, 21.0, 11.0, 11.0, 0.0, 25.0, 11.0, 11.0, 15.0, -15.0, 10.0, 13.0]"
3,1791637744.7936485,"[-65.390136, 66.885819, 65.391672, 59.23930200000001, 0.0007679999999936626, 71.807715, 34.102475999999996, 64.95221699999999, 65.919018, 66.00690900000001, 64.77643499999999, 58.88773800000001, 17.930532, 82.09096199999999, 99.40548899999999, 29.707926000000015]","[0.0, 1.0, 1.0, 1.0, 1.0, 0.0, 1.0, 2.0, 1.0, 1.0, 3.0, 1.0, 1.0, 0.0, 1.0, 1.0]","[-9.0, 19.0, 16.0, 14.0, -12.0, 22.0, 11.0, 11.0, 0.0, 26.0, 11.0, 11.0, 15.0, -15.0, 11.0, 13.0]"
3,1791637745.0193267,"[-66.532719, 66.885819, 66.44636400000002, 59.23930200000001, 0.0007679999999936626, 71.71982400000002, 34.102475999999996, 65.743236, 66.97371000000001, 66.00690900000001, 65.83112700000001, 58.799847, 17.930532, 82.09096199999999, 99.40548899999999, 29.707926000000015]","[-1.0, 1.0, 3.0, 1.0, 1.0, 0.0, 1.0, 1.0, 1.0, 1.0, 4.0, 0.0, 1.0, 0.0, 1.0, 1.0]","[-9.0, 19.0, 14.0, 15.0, -12.0, 21.0, 11.0, 12.0, 0.0, 26.0, 10.0, 11.0, 16.0, -15.0, 11.0, 12.0]"
3,1791637745.2408552,"[-67.49952, 66.885819, 67.41316499999999, 59.23930200000001, 0.0007679999999936626, 71.807715, 34.102475999999996, 66.710037, 67.94051100000001, 66.00690900000001, 66.62214600000001, 58.88773800000001, 17.930532, 82.09096199999999, 99.40548899999999, 29.707926000000015]","[0.0, 1.0, 1.0, 1.0, 1.0, 1.0, 1.0, 1.0, 2.0, 1.0, 1.0, 1.0, 1.0, 0.0, 1.0, 1.0]","[-10.0, 19.0, 14.0, 14.0, -11.0, 20.0, 12.0, 11.0, 0.0, 26.0, 11.0, 11.0, 15.0, -15.0, 11.0, 12.0]"
3,1791637745.4641054,"[-68.37843, 66.885819, 68.379966, 59.23930200000001, 0.0007679999999936626, 71.807715, 34.102475999999996, 67.85262, 68.90731199999999, 66.00690900000001, 67.41316499999999, 58.88773800000001, 17.930532, 82.09096199999999, 99.40548899999999, 29.707926000000015]","[0.0, 1.0, 1.0, 1.0, 1.0, 1.0, 1.0, 1.0, 1.0, 1.0, 4.0, 1.0, 1.0, 0.0, 1.0, 1.0]","[-10.0, 20.0, 14.0, 13.0, -12.0, 21.0, 11.0, 12.0, 13.0, 25.0, 11.0, 11.0, 15.0, -15.0, 10.0, 14.0]"
3,1791637745.6886506,"[-69.433122, 66.885819, 69.43465800000001, 59.23930200000001, 0.0007679999999936626, 71.807715, 34.102475999999996, 68.819421, 69.874113, 66.00690900000001, 68.379966, 58.88773800000001, 17.930532, 82.09096199999999, 99.40548899999999, 29.707926000000015]","[-2.0, 1.0, 2.0, 1.0, 1.0, 0.0, 1.0, 2.0, 2.0, 1.0, 1.0, 0.0, 1.0, 0.0, 1.0, 1.0]","[-9.0, 19.0, 15.0, 14.0, -12.0, 21.0, 11.0, 11.0, 13.0, 25.0, 12.0, 11.0, 15.0, -15.0, 11.0, 13.0]"
3,1791637745.9113548,"[-69.433122, 66.885819, 70.313568, 59.23930200000001, 0.0007679999999936626, 71.807715, 34.102475999999996, 69.522549, 69.96200400000001, 66.00690900000001, 69.25887600000001, 58.799847, 17.930532, 82.09096199999999, 99.40548899999999, 29.707926000000015]","[0.0, 1.0, 1.0, 1.0, 1.0, 1.0, 1.0, 1.0, 1.0, 1.0, 2.0, 0.0, 1.0, 0.0, 1.0, 1.0]","[-9.0, 19.0, 14.0, 15.0, -12.0, 21.0, 11.0, 13.0, 0.0, 25.0, 12.0, 11.0, 16.0, -15.0, 11.0, 13.0]"
3,1791637746.1361222,"[-69.433122, 66.885819, 71.192478, 59.23930200000001, 0.0007679999999936626, 71.807715, 34.102475999999996, 70.840914, 69.96200400000001, 66.00690900000001, 70.40145900000002, 58.88773800000001, 17.930532, 82.09096199999999, 99.40548899999999, 29.707926000000015]","[0.0, 1.0, 1.0, 1.0, 1.0, 1.0, 1.0, 3.0, 1.0, 1.0, 2.0, 1.0, 1.0, 0.0, 1.0, 1.0]","[-9.0, 19.0, 15.0, 14.0, -12.0, 21.0, 12.0, 11.0, 0.0, 25.0, 12.0, 11.0, 16.0, -15.0, 12.0, 13.0]"
3,1791637746.3607423,"[-69.433122, 66.885819, 72.07138800000001, 59.23930200000001, 0.0007679999999936626, 71.807715, 34.102475999999996, 71.631933, 69.96200400000001, 66.00690900000001, 71.28036900000001, 58.88773800000001, 17.930532, 82.09096199999999, 99.40548899999999, 29.707926000000015]","[0.0, 1.0, 1.0, 1.0, 1.0, 1.0, 1.0, 1.0, 1.0, 1.0, 3.0, 1.0, 1.0, 0.0, 1.0, 1.0]","[-9.0, 20.0, 16.0, 14.0, -12.0, 22.0, 11.0, 12.0, 0.0, 26.0, 13.0, 11.0, 16.0, -16.0, 11.0, 14.0]"
3,1791637746.5851676,"[-69.433122, 66.885819, 73.03818900000002, 59.23930200000001, 0.0007679999999936626, 71.807715, 34.102475999999996, 72.774516, 69.96200400000001, 66.00690900000001, 72.42295200000001, 58.88773800000001, 17.930532, 82.09096199999999, 99.40548899999999, 29.707926000000015]","[0.0, 1.0, 3.0, 1.0, 1.0, 0.0, 1.0, 1.0, 1.0, 1.0, 3.0, 1.0, 1.0, 0.0, 1.0, 1.0]","[-9.0, 20.0, 14.0, 15.0, -12.0, 21.0, 11.0, 12.0, 0.0, 25.0, 11.0, 11.0, 16.0, -15.0, 11.0, 14.0]"
3,1791637746.8088646,"[-69.433122, 66.885819, 74.00498999999999, 59.23930200000001, 0.0007679999999936626, 71.807715, 34.102475999999996, 73.829208, 69.96200400000001, 66.00690900000001, 73.301862, 58.88773800000001, 17.930532, 82.09096199999999, 99.40548899999999, 29.707926000000015]","[0.0, 1.0, 1.0, 1.0, 1.0, 0.0, 1.0, 4.0, 1.0, 1.0, 3.0, 1.0, 1.0, 0.0, 1.0, 1.0]","[-9.0, 18.0, 16.0, 13.0, -12.0, 20.0, 12.0, 11.0, 0.0, 26.0, 12.0, 11.0, 15.0, -15.0, 11.0, 13.0]"
3,1791637747.0351663,"[-69.433122, 67.58894699999999, 74.88390000000001, 59.23930200000001, 0.0007679999999936626, 71.807715, 34.102475999999996, 73.829208, 69.96200400000001, 66.00690900000001, 74.18077199999999, 58.88773800000001, 17.930532, 82.09096199999999, 99.40548899999999, 29.707926000000015]","[0.0, 3.0, 1.0, 1.0, 1.0, 1.0, 1.0, 1.0, 1.0, 1.0, 2.0, 1.0, 1.0, 0.0, 1.0, 1.0]","[-9.0, 16.0, 16.0, 15.0, -11.0, 20.0, 11.0, 12.0, 0.0, 25.0, 13.0, 11.0, 16.0, -16.0, 11.0, 14.0]"
3,1791637747.2591908,"[-69.433122, 67.676838, 75.938592, 59.23930200000001, 0.0007679999999936626, 71.807715, 34.102475999999996, 73.829208, 69.96200400000001, 66.00690900000001, 75.05968200000001, 58.88773800000001, 17.930532, 82.09096199999999, 99.40548899999999, 29.707926000000015]","[0.0, 1.0, 3.0, 1.0, 1.0, 1.0, 1.0, 1.0, 1.0, 1.0, 3.0, 1.0, 1.0, 0.0, 1.0, 1.0]","[-9.0, 16.0, 15.0, 14.0, -12.0, 21.0, 11.0, 12.0, 0.0, 25.0, 14.0, 11.0, 15.0, -16.0, 11.0, 14.0]"
3,1791637747.4791079,"[-69.433122, 67.676838, 76.905393, 59.23930200000001, 0.0007679999999936626, 71.71982400000002, 34.102475999999996, 73.829208, 69.96200400000001, 66.00690900000001, 75.85070100000002, 58.88773800000001, 17.930532, 82.09096199999999, 99.40548899999999, 29.707926000000015]","[0.0, 1.0, 2.0, 1.0, 1.0, 0.0, 1.0, 1.0, 1.0, 1.0, 3.0, 1.0, 1.0, 0.0, 1.0, 1.0]","[-10.0, 17.0, 15.0, 15.0, -12.0, 20.0, 11.0, 12.0, 0.0, 25.0, 13.0, 12.0, 16.0, -16.0, 11.0, 14.0]"
3,1791637747.7045407,"[-69.433122, 67.676838, 77.78430300000002, 59.23930200000001, 0.0007679999999936626, 71.807715, 34.102475999999996, 73.829208, 69.96200400000001, 66.00690900000001, 76.37804699999998, 58.88773800000001, 17.930532, 82.09096199999999, 99.40548899999999, 29.707926000000015]","[0.0, 0.0, 1.0, 1.0, 1.0, 0.0, 1.0, 1.0, 0.0, 1.0, 4.0, 1.0, 1.0, 0.0, 1.0, 1.0]","[-10.0, 17.0, 16.0, 14.0, -12.0, 21.0, 12.0, 11.0, 0.0, 26.0, 16.0, 11.0, 16.0, -16.0, 11.0, 13.0]"
3,1791637747.9312246,"[-69.433122, 67.676838, 78.66321299999998, 59.23930200000001, 0.0007679999999936626, 71.807715, 34.102475999999996, 73.829208, 69.96200400000001, 66.00690900000001, 77.608521, 58.88773800000001, 17.930532, 82.09096199999999, 99.40548899999999, 29.707926000000015]","[0.0, 0.0, 1.0, 1.0, 1.0, 0.0, 1.0, 1.0, 1.0, 1.0, 1.0, 1.0, 1.0, 0.0, 1.0, 1.0]","[-9.0, 16.0, 16.0, 14.0, -12.0, 21.0, 11.0, 12.0, 0.0, 25.0, 15.0, 11.0, 16.0, -15.0, 11.0, 14.0]"
3,1791637748.15271,"[-69.433122, 67.676838, 79.63001400000002, 59.23930200000001, 0.0007679999999936626, 71.807715, 34.102475999999996, 73.829208, 69.96200400000001, 66.00690900000001, 78.66321299999998, 58.88773800000001, 17.930532, 82.09096199999999, 99.40548899999999, 29.707926000000015]","[0.0, 1.0, 2.0, 1.0, 1.0, 0.0, 1.0, 1.0, 1.0, 1.0, 2.0, 1.0, 1.0, 0.0, 1.0, 1.0]","[-9.0, 17.0, 16.0, 14.0, -11.0, 20.0, 11.0, 12.0, 0.0, 25.0, 13.0, 11.0, 15.0, -15.0, 12.0, 13.0]"
3,1791637748.3781056,"[-69.433122, 67.676838, 80.245251, 59.23930200000001, 0.0007679999999936626, 71.71982400000002, 34.102475999999996, 73.829208, 69.96200400000001, 66.00690900000001, 79.542123, 58.88773800000001, 17.930532, 82.09096199999999, 99.40548899999999, 29.707926000000015]","[0.0, 0.0, 1.0, 1.0, 1.0, 0.0, 1.0, 1.0, 1.0, 1.0, 3.0, 1.0, 1.0, 0.0, 1.0, 1.0]","[-9.0, 15.0, 18.0, 15.0, -11.0, 20.0, 11.0, 11.0, 0.0, 25.0, 15.0, 11.0, 16.0, -15.0, 10.0, 13.0]"
3,1791637748.603186,"[-69.433122, 67.76472900000002, 81.47572500000001, 59.23930200000001, 0.0007679999999936626, 71.807715, 34.102475999999996, 73.829208, 69.96200400000001, 66.00690900000001, 80.50892399999998, 58.88773800000001, 17.930532, 82.09096199999999, 99.40548899999999, 29.707926000000015]","[0.0, 1.0, 1.0, 1.0, 1.0, 0.0, 1.0, 0.0, 1.0, 1.0, 3.0, 1.0, 1.0, 0.0, 1.0, 1.0]","[-10.0, 16.0, 17.0, 14.0, -11.0, 20.0, 12.0, 12.0, 0.0, 25.0, 15.0, 10.0, 16.0, -15.0, 11.0, 14.0]"
3,1791637748.824242,"[-69.433122, 67.76472900000002, 82.44252599999999, 59.23930200000001, 0.0007679999999936626, 71.807715, 34.102475999999996, 73.829208, 69.96200400000001, 66.00690900000001, 81.65150699999998, 58.88773800000001, 17.930532, 82.09096199999999, 99.40548899999999, 29.707926000000015]","[0.0, 0.0, 3.0, 1.0, 1.0, 1.0, 1.0, 0.0, 1.0, 1.0, 2.0, 1.0, 1.0, 0.0, 1.0, 1.0]","[-9.0, 16.0, 17.0, 14.0, -12.0, 21.0, 11.0, 12.0, 0.0, 26.0, 15.0, 10.0, 16.0, -15.0, 11.0, 13.0]"
3,1791637749.0510812,"[-69.433122, 67.76472900000002, 83.49721799999998, 59.23930200000001, 0.0007679999999936626, 71.807715, 34.102475999999996, 73.91709900000001, 69.96200400000001, 66.00690900000001, 82.530417, 58.88773800000001, 17.930532, 82.09096199999999, 99.40548899999999, 29.707926000000015]","[0.0, 0.0, 2.0, 1.0, 1.0, 1.0, 1.0, 1.0, 1.0, 1.0, 2.0, 1.0, 1.0, 0.0, 1.0, 1.0]","[-9.0, 16.0, 18.0, 14.0, -12.0, 21.0, 11.0, 11.0, 0.0, 26.0, 15.0, 11.0, 16.0, -16.0, 11.0, 13.0]"
3,1791637749.2723627,"[-69.433122, 67.76472900000002, 84.28823699999998, 59.23930200000001, 0.0007679999999936626, 71.807715, 34.102475999999996, 73.91709900000001, 69.96200400000001, 66.00690900000001, 83.321436, 58.88773800000001, 17.930532, 82.09096199999999, 99.40548899999999, 29.707926000000015]","[0.0, 1.0, 1.0, 1.0, 1.0, 0.0, 1.0, 1.0, 0.0, 1.0, 1.0, 1.0, 1.0, 0.0, 1.0, 1.0]","[-9.0, 16.0, 17.0, 14.0, -12.0, 21.0, 11.0, 13.0, 2.0, 25.0, 16.0, 10.0, 15.0, -15.0, 11.0, 13.0]"
3,1791637749.498994,"[-69.433122, 67.676838, 85.167147, 59.23930200000001, 0.0007679999999936626, 71.807715, 34.102475999999996, 73.91709900000001, 69.96200400000001, 66.00690900000001, 84.20034600000002, 58.88773800000001, 17.930532, 82.09096199999999, 99.40548899999999, 29.707926000000015]","[0.0, 0.0, 1.0, 1.0, 1.0, 1.0, 1.0, 1.0, 1.0, 1.0, 1.0, 1.0, 1.0, 0.0, 1.0, 1.0]","[-10.0, 16.0, 18.0, 14.0, -12.0, 22.0, 12.0, 13.0, 0.0, 26.0, 17.0, 11.0, 15.0, -15.0, 11.0, 14.0]"
3,1791637749.7230282,"[-69.433122, 67.76472900000002, 86.13394799999998, 59.23930200000001, 0.0007679999999936626, 71.807715, 34.102475999999996, 73.91709900000001, 69.96200400000001, 66.00690900000001, 84.99136500000003, 58.88773800000001, 17.930532, 82.09096199999999, 99.40548899999999, 29.707926000000015]","[0.0, 1.0, 2.0, 1.0, 1.0, 0.0, 1.0, 0.0, 1.0, 1.0, 1.0, 1.0, 1.0, 0.0, 1.0, 1.0]","[-9.0, 17.0, 18.0, 15.0, -11.0, 21.0, 12.0, 12.0, 0.0, 26.0, 18.0, 10.0, 16.0, -16.0, 11.0, 13.0]"
3,1791637749.9468489,"[-69.433122, 67.76472900000002, 86.83707600000002, 59.23930200000001, 0.0007679999999936626, 71.807715, 34.102475999999996, 73.91709900000001, 69.96200400000001, 66.00690900000001, 85.78238399999998, 58.88773800000001, 17.930532, 82.09096199999999, 99.40548899999999, 29.707926000000015]","[0.0, 1.0, 1.0, 1.0, 1.0, 0.0, 1.0, 0.0, 0.0, 1.0, 1.0, 1.0, 1.0, 0.0, 1.0, 1.0]","[-10.0, 17.0, 19.0, 14.0, -11.0, 21.0, 11.0, 12.0, 3.0, 26.0, 19.0, 11.0, 16.0, -16.0, 11.0, 14.0]"
3,1791637750.1687539,"[-69.433122, 67.676838, 87.803877, 59.23930200000001, 0.0007679999999936626, 71.807715, 34.102475999999996, 73.91709900000001, 69.96200400000001, 66.00690900000001, 86.661294, 58.88773800000001, 17.930532, 82.09096199999999, 99.40548899999999, 29.707926000000015]","[0.0, -1.0, 3.0, 1.0, 1.0, 1.0, 1.0, 0.0, 1.0, 1.0, 1.0, 1.0, 1.0, 0.0, 1.0, 1.0]","[-10.0, 17.0, 19.0, 13.0, -11.0, 20.0, 11.0, 12.0, 0.0, 25.0, 19.0, 12.0, 16.0, -15.0, 11.0, 14.0]"
