grip,time,positions,velocities,currents
1,1791639876.1654701,"[0.0007679999999936626, -5.009018999999995, -1.229705999999993, -0.17501400000000444, -0.08712299999999118, -5.096910000000008, 0.08865900000000693, -0.35079600000000255, 0.08865900000000693, -4.745346000000012, -0.9660330000000101, 0.26444100000000503, -1.7570519999999874, 178.41949799999998, 39.991173, 25.928613000000013]","[0.0, 1.0, 0.0, 0.0, 0.0, 1.0, 0.0, 0.0, 1.0, 1.0, 1.0, 0.0, 1.0, 1.0, 0.0, 1.0]","[-9.0, 33.0, 16.0, 13.0, 0.0, 33.0, -11.0, 10.0, -14.0, 32.0, 11.0, -11.0, 14.0, 15.0, 0.0, -15.0]"
1,1791639876.390725,"[-0.4386869999999874, -5.009018999999995, -1.1418150000000082, 0.08865900000000693, -0.08712299999999118, -4.92112800000001, 0.6160050000000012, -0.35079600000000255, 0.7038960000000145, -4.745346000000012, -0.9660330000000101, 0.3523319999999899, -1.7570519999999874, 178.243716, 40.07906399999999, 25.928613000000013]","[0.0, 1.0, 1.0, 1.0, 0.0, 1.0, 1.0, 0.0, 1.0, 1.0, 1.0, 1.0, 1.0, 1.0, 1.0, 1.0]","[-10.0, 46.0, 19.0, 15.0, 0.0, 49.0, 10.0, 12.0, 13.0, 49.0, 14.0, 9.0, 15.0, -11.0, 12.0, 13.0]"
1,1791639876.6117702,"[-1.4054879999999912, -4.393781999999987, -0.08712299999999118, 0.528113999999988, -0.08712299999999118, -3.7785450000000083, 1.0554600000000107, 0.26444100000000503, 1.407024000000007, -4.657454999999999, -0.6144689999999855, 0.6160050000000012, -1.7570519999999874, 177.98004300000002, 40.07906399999999, 26.28017700000001]","[0.0, 1.0, 2.0, 1.0, 0.0, 1.0, 1.0, 2.0, 6.0, 0.0, 1.0, 1.0, 1.0, 0.0, 1.0, 1.0]","[-9.0, 62.0, 19.0, 16.0, 0.0, 58.0, 12.0, 14.0, 14.0, 72.0, 16.0, 12.0, 14.0, -16.0, 13.0, 14.0]"
1,1791639876.8368077,"[-2.372288999999995, -1.5812699999999893, 0.8796780000000126, 1.582806000000005, -0.08712299999999118, -2.28439800000001, 1.846478999999988, 1.407024000000007, 2.813279999999992, -2.372288999999995, 0.26444100000000503, 0.6160050000000012, -1.7570519999999874, 177.71636999999998, 41.39742899999999, 27.159087]","[0.0, 7.0, 1.0, 1.0, 0.0, 4.0, 1.0, 1.0, 2.0, 1.0, 1.0, 1.0, 1.0, -1.0, 4.0, 1.0]","[-10.0, 51.0, 19.0, 16.0, 0.0, 58.0, 12.0, 13.0, 14.0, 69.0, 16.0, 16.0, 14.0, -25.0, 13.0, 15.0]"
1,1791639877.0626235,"[-3.426981000000012, 0.08865900000000693, 1.7585880000000031, 2.549607000000009, -0.08712299999999118, 0.17654999999999177, 2.6374979999999937, 2.1980430000000126, 2.901171000000005, -2.372288999999995, 1.407024000000007, 2.1101519999999994, -1.7570519999999874, 177.540588, 42.36422999999999, 28.03799699999999]","[-2.0, 1.0, 2.0, 3.0, 0.0, 6.0, 1.0, 1.0, 1.0, 1.0, 1.0, 4.0, 1.0, 0.0, 1.0, 3.0]","[-9.0, 59.0, 20.0, 16.0, 0.0, 54.0, 13.0, 13.0, 16.0, 97.0, 16.0, 13.0, 14.0, -38.0, 15.0, 15.0]"
1,1791639877.2866137,"[-4.305891000000003, 1.3191329999999937, 2.725389000000007, 3.6042989999999975, -0.08712299999999118, 2.0222610000000145, 3.4285169999999994, 3.3406260000000145, 4.746881999999999, 1.9343700000000013, 1.846478999999988, 3.2527350000000013, -1.7570519999999874, 175.78276799999998, 43.41892200000001, 29.180579999999992]","[-2.0, 10.0, 3.0, 3.0, 0.0, 5.0, 1.0, 3.0, 2.0, 7.0, 0.0, 4.0, 1.0, -3.0, 5.0, 4.0]","[-9.0, 60.0, 19.0, 16.0, 0.0, 61.0, 15.0, 13.0, 13.0, 58.0, 18.0, 12.0, 14.0, -38.0, 12.0, 15.0]"
1,1791639877.5106053,"[-5.360582999999991, 4.043754000000007, 3.7800809999999956, 4.571100000000001, -0.08712299999999118, 3.6921900000000107, 4.395318000000003, 4.395318000000003, 5.713683000000003, 4.30742699999999, 3.076953000000003, 4.131644999999992, -1.7570519999999874, 173.40971100000002, 44.649395999999996, 30.147380999999996]","[-2.0, 3.0, 2.0, 3.0, 0.0, 1.0, 2.0, 1.0, 3.0, 2.0, 5.0, 1.0, 1.0, -1.0, 3.0, 2.0]","[-10.0, 58.0, 19.0, 15.0, 0.0, 65.0, 14.0, 14.0, 14.0, 59.0, 16.0, 14.0, 13.0, -37.0, 13.0, 15.0]"
1,1791639877.7345989,"[-5.975819999999999, 5.537901000000005, 4.30742699999999, 5.713683000000003, -0.08712299999999118, 6.153138000000013, 5.362119000000007, 5.274227999999994, 6.416810999999996, 5.889465000000001, 4.219536000000005, 5.010555000000011, -1.7570519999999874, 171.036654, 45.528306000000015, 31.114182]","[0.0, 5.0, 8.0, 3.0, 0.0, 3.0, 3.0, 1.0, 4.0, 4.0, 4.0, 1.0, 1.0, -7.0, 2.0, 1.0]","[-10.0, 61.0, 21.0, 16.0, 0.0, 61.0, 13.0, 14.0, 14.0, 60.0, 16.0, 14.0, 14.0, -29.0, 13.0, 14.0]"
1,1791639877.957097,"[-7.118403000000001, 8.350413000000003, 5.889465000000001, 6.592592999999994, -0.08712299999999118, 7.823067000000009, 6.328920000000011, 6.592592999999994, 7.735175999999996, 8.350413000000003, 5.098445999999996, 6.328920000000011, -1.7570519999999874, 169.27883400000002, 46.67088899999999, 32.16887399999999]","[-2.0, 7.0, 2.0, 4.0, 0.0, 3.0, 4.0, 4.0, 4.0, 7.0, 2.0, 3.0, 1.0, 1.0, 3.0, 2.0]","[-9.0, 50.0, 19.0, 16.0, 0.0, 64.0, 13.0, 13.0, 14.0, 54.0, 18.0, 13.0, 14.0, -37.0, 13.0, 15.0]"
1,1791639878.18259,"[-8.17309499999999, 10.020342, 6.2410289999999975, 7.647285000000011, -0.08712299999999118, 9.932451000000015, 7.207830000000001, 7.5593939999999975, 7.735175999999996, 9.668778000000003, 6.153138000000013, 7.207830000000001, -1.7570519999999874, 168.487815, 47.461907999999994, 33.13567499999999]","[-1.0, 1.0, 6.0, 1.0, 0.0, 2.0, 1.0, 2.0, 1.0, 1.0, 3.0, 3.0, 1.0, 0.0, 2.0, 3.0]","[-10.0, 59.0, 21.0, 15.0, 0.0, 59.0, 15.0, 13.0, 16.0, 66.0, 15.0, 13.0, 14.0, -43.0, 13.0, 15.0]"
1,1791639878.4052298,"[-9.139895999999993, 10.108233000000013, 7.823067000000009, 8.614086000000015, -0.08712299999999118, 11.426598000000013, 8.26252199999999, 8.614086000000015, 9.668778000000003, 9.668778000000003, 7.032048000000003, 8.086739999999992, -1.7570519999999874, 166.64210400000002, 48.34081800000001, 34.19036700000001]","[0.0, 1.0, 1.0, 1.0, 0.0, 1.0, 1.0, 2.0, 4.0, 1.0, 3.0, 6.0, 1.0, -10.0, 1.0, 2.0]","[-11.0, 85.0, 20.0, 18.0, 0.0, 67.0, 13.0, 13.0, 14.0, 92.0, 15.0, 14.0, 13.0, -42.0, 13.0, 15.0]"
1,1791639878.6293974,"[-10.19458800000001, 14.063328000000013, 8.877758999999998, 9.668778000000003, -0.08712299999999118, 13.711763999999988, 9.317214000000007, 9.492996000000005, 10.635579000000007, 13.448091000000005, 7.998849000000007, 9.317214000000007, -1.7570519999999874, 163.829592, 49.571292, 35.245059]","[0.0, 6.0, 4.0, 3.0, 0.0, 7.0, 1.0, 1.0, 1.0, 20.0, 5.0, 2.0, 1.0, 0.0, 4.0, 2.0]","[-11.0, 61.0, 19.0, 16.0, 0.0, 56.0, 13.0, 14.0, 14.0, 57.0, 18.0, 14.0, 14.0, -38.0, 14.0, 15.0]"
1,1791639878.8544707,"[-10.897716000000003, 15.55747500000001, 9.756668999999988, 10.723469999999992, -0.08712299999999118, 15.996929999999992, 10.28401500000001, 10.547687999999994, 11.60238000000001, 14.678564999999992, 9.141432000000009, 10.108233000000013, -1.7570519999999874, 161.720208, 50.362311000000005, 36.12396899999999]","[-2.0, 6.0, 1.0, 2.0, 0.0, 3.0, 3.0, 3.0, 2.0, 1.0, 1.0, 1.0, 1.0, -5.0, 1.0, 1.0]","[-11.0, 62.0, 20.0, 16.0, 0.0, 59.0, 14.0, 13.0, 14.0, 79.0, 16.0, 15.0, 13.0, -37.0, 14.0, 15.0]"
1,1791639879.0754602,"[-12.040299000000005, 18.018423000000013, 10.811361000000005, 11.60238000000001, -0.08712299999999118, 17.75475, 11.162925000000001, 11.514488999999998, 12.657072, 18.19420500000001, 9.932451000000015, 11.162925000000001, -1.7570519999999874, 159.698715, 51.32911200000001, 37.178661000000005]","[0.0, 1.0, 2.0, 2.0, 0.0, 9.0, 3.0, 1.0, 2.0, 8.0, 4.0, 3.0, 1.0, 0.0, 3.0, 2.0]","[-10.0, 58.0, 19.0, 16.0, 0.0, 56.0, 14.0, 13.0, 13.0, 56.0, 16.0, 13.0, 14.0, -36.0, 13.0, 14.0]"
1,1791639879.3024008,"[-13.007100000000008, 20.12780699999999, 11.690270999999996, 12.744963000000013, -0.08712299999999118, 20.039916000000005, 12.21761699999999, 12.481290000000001, 13.184417999999994, 19.161006000000015, 10.89925199999999, 12.21761699999999, -1.7570519999999874, 157.58933100000002, 52.29591300000001, 38.14546200000001]","[0.0, 5.0, 1.0, 3.0, 0.0, 2.0, 1.0, 2.0, 6.0, 1.0, 1.0, 2.0, 1.0, -2.0, 3.0, 1.0]","[-11.0, 58.0, 20.0, 16.0, 0.0, 57.0, 13.0, 13.0, 15.0, 72.0, 19.0, 12.0, 14.0, -37.0, 14.0, 14.0]"
1,1791639879.5258844,"[-14.14968300000001, 22.14930000000001, 12.832853999999998, 13.448091000000005, -0.08712299999999118, 20.83093500000001, 13.272309000000007, 13.623873000000003, 14.678564999999992, 19.336788000000013, 11.514488999999998, 13.184417999999994, -1.7570519999999874, 155.919402, 53.08693199999999, 39.375935999999996]","[0.0, 2.0, 3.0, 3.0, 0.0, 9.0, 3.0, 2.0, 2.0, 3.0, 4.0, 3.0, 1.0, -2.0, 0.0, 3.0]","[-11.0, 60.0, 19.0, 16.0, 0.0, 64.0, 13.0, 12.0, 13.0, 96.0, 18.0, 13.0, 14.0, -38.0, 13.0, 15.0]"
1,1791639879.7490807,"[-15.204374999999999, 23.02821, 13.799655000000001, 14.502782999999994, -0.08712299999999118, 24.522357, 14.327000999999996, 14.502782999999994, 15.645365999999996, 24.522357, 13.096527000000009, 13.975437, -1.7570519999999874, 153.89790900000003, 54.317406000000005, 40.254846000000015]","[-1.0, 3.0, 1.0, 1.0, 0.0, 6.0, 3.0, 1.0, 1.0, 9.0, 3.0, 2.0, 1.0, -3.0, 3.0, 2.0]","[-10.0, 61.0, 19.0, 17.0, 0.0, 53.0, 15.0, 15.0, 14.0, 51.0, 18.0, 14.0, 15.0, -40.0, 13.0, 14.0]"
1,1791639879.9743905,"[-16.434848999999986, 26.631741000000005, 14.942238000000003, 15.55747500000001, -0.08712299999999118, 26.016503999999998, 15.381693000000013, 15.909039000000007, 16.787948999999998, 26.71963199999999, 13.975437, 15.118020000000001, -1.7570519999999874, 151.788525, 55.196315999999996, 41.22164699999999]","[-2.0, 7.0, 2.0, 2.0, 0.0, 1.0, 1.0, 3.0, 2.0, 4.0, 1.0, 3.0, 1.0, -4.0, 1.0, 2.0]","[-9.0, 47.0, 19.0, 17.0, 0.0, 62.0, 14.0, 12.0, 14.0, 52.0, 17.0, 13.0, 14.0, -38.0, 15.0, 14.0]"
1,1791639880.1985152,"[-17.313759000000005, 27.950106000000005, 15.733257000000009, 16.524276000000015, -0.08712299999999118, 28.477452, 16.524276000000015, 16.787948999999998, 17.666858999999988, 28.565343000000013, 15.118020000000001, 15.996929999999992, -1.7570519999999874, 150.733833, 56.25100800000001, 42.27633900000001]","[-2.0, 11.0, 1.0, 2.0, 0.0, 4.0, 3.0, 2.0, 1.0, 1.0, 3.0, 1.0, 1.0, 0.0, 3.0, 2.0]","[-10.0, 53.0, 19.0, 16.0, 0.0, 53.0, 13.0, 12.0, 13.0, 55.0, 16.0, 14.0, 15.0, -51.0, 14.0, 15.0]"
1,1791639880.4223516,"[-18.54423299999999, 31.114182, 17.139512999999994, 17.403186000000005, -0.08712299999999118, 29.883708000000013, 17.578968000000003, 17.75475, 18.633659999999992, 28.565343000000013, 16.084821000000005, 17.139512999999994, -1.7570519999999874, 148.62444900000003, 57.3057, 43.24314000000001]","[-3.0, 3.0, 4.0, 3.0, 0.0, 1.0, 5.0, 1.0, 1.0, 1.0, 1.0, 3.0, 1.0, -5.0, 3.0, 3.0]","[-10.0, 50.0, 18.0, 17.0, 0.0, 64.0, 12.0, 13.0, 14.0, 80.0, 17.0, 13.0, 14.0, -46.0, 13.0, 14.0]"
1,1791639880.6445992,"[-19.511033999999995, 32.784110999999996, 18.106313999999998, 18.545769000000007, -0.08712299999999118, 32.432547, 18.36998700000001, 18.80944199999999, 19.600460999999996, 32.959892999999994, 17.315294999999992, 18.106313999999998, -1.7570519999999874, 146.33928300000002, 58.36039199999999, 44.297832]","[-1.0, 5.0, 2.0, 4.0, 0.0, 6.0, 1.0, 3.0, 3.0, 14.0, 2.0, 5.0, 1.0, -3.0, 3.0, 2.0]","[-9.0, 52.0, 17.0, 16.0, 0.0, 52.0, 14.0, 11.0, 14.0, 45.0, 16.0, 13.0, 14.0, -42.0, 15.0, 14.0]"
1,1791639880.8704395,"[-20.565726000000012, 35.15716800000001, 19.161006000000015, 19.51257000000001, -0.08712299999999118, 34.45403999999999, 19.248897, 19.68835200000001, 20.655153000000013, 33.399348, 18.545769000000007, 19.073115, -1.7570519999999874, 144.31779, 59.41508400000001, 45.17674199999999]","[-2.0, 7.0, 1.0, 2.0, 0.0, 3.0, 2.0, 1.0, 3.0, 1.0, 3.0, 1.0, 1.0, -5.0, 3.0, 1.0]","[-9.0, 42.0, 19.0, 17.0, 0.0, 56.0, 13.0, 13.0, 13.0, 68.0, 15.0, 13.0, 14.0, -44.0, 13.0, 15.0]"
1,1791639881.0914571,"[-21.708308999999986, 37.09076999999999, 20.303588999999988, 20.479371000000015, -0.08712299999999118, 36.82709700000001, 20.215698000000003, 20.655153000000013, 21.885627, 37.26655199999999, 19.51257000000001, 20.303588999999988, -1.7570519999999874, 141.76895100000002, 60.20610300000001, 46.05565200000001]","[-1.0, 5.0, 3.0, 3.0, 0.0, 7.0, 1.0, 0.0, 3.0, 9.0, 4.0, 2.0, 1.0, -1.0, 1.0, 1.0]","[-9.0, 49.0, 17.0, 16.0, 0.0, 47.0, 14.0, 12.0, 14.0, 44.0, 14.0, 12.0, 13.0, -39.0, 14.0, 15.0]"
1,1791639881.3182702,"[-22.763001000000003, 39.28804500000001, 21.358281000000005, 21.709845, -0.08712299999999118, 38.76069899999999, 21.00671700000001, 21.709845, 22.412972999999994, 37.354443, 20.655153000000013, 21.270389999999992, -1.7570519999999874, 140.01113099999998, 61.348686000000015, 47.19823500000001]","[-2.0, 5.0, 3.0, 3.0, 0.0, 5.0, 1.0, 3.0, 1.0, 0.0, 1.0, 2.0, 1.0, -5.0, 4.0, 1.0]","[-9.0, 45.0, 18.0, 16.0, 0.0, 46.0, 15.0, 11.0, 14.0, 70.0, 15.0, 13.0, 14.0, -40.0, 12.0, 15.0]"
1,1791639881.5422387,"[-23.905584000000005, 41.39742899999999, 22.500864000000007, 22.588754999999992, -0.08712299999999118, 40.95797400000001, 21.797736000000015, 22.76453699999999, 23.819229000000007, 41.573211000000015, 21.534063000000003, 22.32508200000001, -1.7570519999999874, 137.72596500000003, 62.403378000000004, 48.252927]","[0.0, 3.0, 3.0, 2.0, 0.0, 8.0, 3.0, 1.0, 3.0, 14.0, 3.0, 1.0, 1.0, -6.0, 3.0, 1.0]","[-9.0, 45.0, 18.0, 16.0, 0.0, 48.0, 15.0, 13.0, 14.0, 40.0, 15.0, 13.0, 14.0, -35.0, 13.0, 15.0]"
1,1791639881.7644603,"[-24.87238500000001, 43.41892200000001, 23.379773999999998, 23.46766500000001, -0.08712299999999118, 43.59470400000001, 22.588754999999992, 23.64344700000001, 24.873920999999996, 43.506812999999994, 22.76453699999999, 22.940318999999988, -1.7570519999999874, 135.79236300000002, 63.37017900000001, 49.219728]","[-1.0, 10.0, 3.0, 5.0, 1.0, 3.0, 1.0, 1.0, 1.0, 3.0, 2.0, 3.0, 1.0, -2.0, 3.0, 2.0]","[-9.0, 41.0, 18.0, 15.0, -1.0, 45.0, 16.0, 12.0, 14.0, 44.0, 15.0, 14.0, 14.0, -38.0, 15.0, 14.0]"
1,1791639881.989573,"[-25.927076999999997, 45.967760999999996, 24.170793000000003, 24.698138999999998, 0.0007679999999936626, 45.87987000000001, 23.64344700000001, 24.78603000000001, 25.840722, 46.31932499999999, 23.64344700000001, 24.434466000000015, -1.7570519999999874, 133.15563300000002, 64.424871, 50.098637999999994]","[-3.0, 1.0, 1.0, 4.0, 1.0, 7.0, 3.0, 1.0, 6.0, 6.0, 1.0, 5.0, 1.0, -5.0, 3.0, 3.0]","[0.0, 39.0, 18.0, 14.0, -12.0, 39.0, 16.0, 12.0, 14.0, 38.0, 15.0, 12.0, 15.0, -31.0, 13.0, 15.0]"
1,1791639882.2125635,"[-26.981768999999986, 48.252927, 25.313376000000005, 25.577048999999988, 0.0007679999999936626, 47.81347199999999, 24.873920999999996, 25.752831000000015, 26.983305, 47.98925399999999, 24.873920999999996, 25.66494, -1.7570519999999874, 131.485704, 65.30378100000001, 51.065439]","[-2.0, 5.0, 2.0, 2.0, 1.0, 2.0, 4.0, 1.0, 1.0, 4.0, 1.0, 4.0, 1.0, 1.0, 1.0, 1.0]","[0.0, 36.0, 18.0, 15.0, -11.0, 43.0, 15.0, 12.0, 0.0, 40.0, 15.0, 11.0, 15.0, -34.0, 14.0, 15.0]"
1,1791639882.4381173,"[-27.94856999999999, 50.362311000000005, 26.28017700000001, 26.71963199999999, 0.0007679999999936626, 50.098637999999994, 25.840722, 26.895413999999988, 27.950106000000005, 50.801766000000015, 25.928613000000013, 26.455959000000007, -1.7570519999999874, 128.848974, 66.44636400000002, 52.208022]","[0.0, 1.0, 1.0, 3.0, 1.0, 5.0, 1.0, 1.0, 1.0, 7.0, 3.0, 1.0, 1.0, -3.0, 3.0, 1.0]","[0.0, 38.0, 18.0, 15.0, -11.0, 41.0, 16.0, 12.0, 0.0, 33.0, 14.0, 12.0, 13.0, -29.0, 15.0, 14.0]"
1,1791639882.661044,"[-28.82748000000001, 52.559585999999996, 27.159087, 27.774324000000007, 0.0007679999999936626, 52.47169500000001, 27.071196000000015, 27.42276000000001, 29.004797999999994, 52.29591300000001, 26.895413999999988, 27.774324000000007, -1.7570519999999874, 127.17904500000003, 67.32527400000001, 53.174823]","[0.0, 9.0, 1.0, 3.0, 1.0, 6.0, 1.0, 1.0, 1.0, 3.0, 2.0, 3.0, 1.0, 0.0, 6.0, 1.0]","[-9.0, 34.0, 18.0, 17.0, -12.0, 34.0, 14.0, 13.0, -11.0, 38.0, 15.0, 12.0, 14.0, -33.0, 13.0, 14.0]"
1,1791639882.8832357,"[-29.882171999999997, 55.196315999999996, 28.30167, 28.829015999999996, 0.0007679999999936626, 54.66897, 28.213778999999988, 28.565343000000013, 30.05949000000001, 54.756861000000015, 28.125888000000003, 28.74112500000001, -1.7570519999999874, 125.15755200000001, 68.64363900000001, 54.14162400000001]","[-2.0, 3.0, 1.0, 1.0, 1.0, 6.0, 2.0, 1.0, 1.0, 10.0, 3.0, 1.0, 1.0, -4.0, 3.0, 2.0]","[-9.0, 28.0, 17.0, 16.0, -11.0, 33.0, 14.0, 13.0, 0.0, 31.0, 14.0, 12.0, 14.0, -33.0, 13.0, 14.0]"
1,1791639883.1101353,"[-30.936863999999986, 57.21780900000002, 29.180579999999992, 29.883708000000013, 0.0007679999999936626, 56.86624499999999, 29.444253000000003, 29.883708000000013, 31.114182, 56.42679000000001, 29.180579999999992, 29.883708000000013, -1.7570519999999874, 123.575514, 69.43465800000001, 55.196315999999996]","[0.0, 6.0, 1.0, 3.0, 0.0, 4.0, 4.0, 2.0, 1.0, 0.0, 4.0, 2.0, 1.0, 0.0, 1.0, 3.0]","[0.0, 33.0, 17.0, 16.0, -12.0, 31.0, 13.0, 11.0, -14.0, 36.0, 12.0, 11.0, 14.0, -37.0, 13.0, 15.0]"
1,1791639883.3341858,"[-31.90366499999999, 59.327192999999994, 30.498944999999992, 30.9384, 0.0007679999999936626, 59.06352000000001, 30.586836000000005, 30.9384, 32.080983, 57.481482, 29.883708000000013, 30.850508999999988, -1.7570519999999874, 121.37823900000001, 70.75302300000001, 56.25100800000001]","[-2.0, 3.0, 2.0, 1.0, 1.0, 4.0, 3.0, 3.0, 1.0, 12.0, 1.0, 3.0, 1.0, -9.0, 4.0, 4.0]","[-9.0, 30.0, 17.0, 15.0, -12.0, 30.0, 13.0, 12.0, -4.0, 39.0, 15.0, 12.0, 14.0, -32.0, 12.0, 14.0]"
1,1791639883.781406,"[-32.95835700000001, 61.788140999999996, 31.641527999999994, 31.905201000000005, 0.0007679999999936626, 61.612359, 31.817309999999992, 31.99309199999999, 33.04778400000001, 61.52446800000001, 31.114182, 31.99309199999999, -1.7570519999999874, 118.653618, 71.89560600000002, 57.21780900000002]","[0.0, 1.0, 2.0, 0.0, 1.0, 1.0, 1.0, 1.0, 0.0, 1.0, 1.0, 1.0, 1.0, 0.0, 1.0, 1.0]","[0.0, 27.0, 16.0, 15.0, -12.0, 26.0, 12.0, 12.0, 0.0, 29.0, 13.0, 10.0, 14.0, -32.0, 13.0, 14.0]"
1,1791639884.0055192,"[-34.013048999999995, 63.897525, 32.608329, 32.959892999999994, 0.0007679999999936626, 63.897525, 32.69622000000001, 32.87200200000001, 34.102475999999996, 63.63385199999999, 32.432547, 32.608329, -1.7570519999999874, 116.72001599999999, 72.86240699999999, 58.36039199999999]","[-1.0, 4.0, 4.0, 3.0, 0.0, 5.0, 4.0, 2.0, 1.0, 3.0, 4.0, 2.0, 1.0, -4.0, 2.0, 2.0]","[0.0, 25.0, 16.0, 14.0, -11.0, 25.0, 13.0, 13.0, -14.0, 28.0, 12.0, 11.0, 14.0, -30.0, 12.0, 13.0]"
1,1791639884.226977,"[-35.06774100000001, 66.09479999999999, 33.750912, 34.102475999999996, 0.0007679999999936626, 66.27058199999999, 34.01458500000001, 34.102475999999996, 35.069277, 65.919018, 33.399348, 33.663021000000015, -1.7570519999999874, 114.43484999999998, 74.00498999999999, 59.23930200000001]","[0.0, 7.0, 3.0, 3.0, 1.0, 5.0, 4.0, 5.0, 0.0, 3.0, 4.0, 3.0, 1.0, -1.0, 1.0, 2.0]","[0.0, 20.0, 16.0, 15.0, -12.0, 21.0, 11.0, 11.0, 0.0, 26.0, 11.0, 13.0, 14.0, -29.0, 11.0, 14.0]"
1,1791639884.4525368,"[-35.946651, 68.46785700000001, 34.717713, 35.069277, 0.0007679999999936626, 68.11629300000001, 34.981386000000015, 35.069277, 36.036078, 68.204184, 34.45403999999999, 34.717713, -1.7570519999999874, 112.50124799999998, 74.971791, 60.38188500000001]","[-2.0, 3.0, 1.0, 3.0, 1.0, 3.0, 3.0, 3.0, 1.0, 8.0, 1.0, 1.0, 1.0, -2.0, 1.0, 3.0]","[-9.0, 23.0, 16.0, 14.0, -12.0, 21.0, 12.0, 11.0, -7.0, 21.0, 12.0, 11.0, 14.0, -29.0, 12.0, 13.0]"
1,1791639884.6753328,"[-37.00134299999999, 70.57724100000001, 35.860296000000005, 35.94818699999999, 0.0007679999999936626, 70.57724100000001, 36.21186, 35.94818699999999, 37.00287900000001, 70.313568, 35.596622999999994, 35.33295000000001, -1.7570519999999874, 110.21608200000003, 76.114374, 61.348686000000015]","[-2.0, 7.0, 3.0, 1.0, 0.0, 3.0, 4.0, 1.0, 1.0, 1.0, 3.0, 1.0, 1.0, -3.0, 3.0, 1.0]","[0.0, 19.0, 16.0, 15.0, -12.0, 19.0, 11.0, 11.0, 0.0, 22.0, 11.0, 13.0, 13.0, -27.0, 11.0, 15.0]"
1,1791639884.9020357,"[-37.968143999999995, 73.12608, 37.09076999999999, 36.82709700000001, 0.08865900000000693, 72.950298, 37.354443, 37.09076999999999, 38.057570999999996, 72.59873400000001, 36.65131500000001, 36.65131500000001, -1.7570519999999874, 108.546153, 77.16906599999999, 62.227596000000005]","[0.0, 3.0, 2.0, 1.0, 1.0, 5.0, 2.0, 4.0, 1.0, 4.0, 2.0, 2.0, 1.0, 0.0, 3.0, 1.0]","[-9.0, 17.0, 15.0, 16.0, -11.0, 17.0, 10.0, 11.0, 0.0, 19.0, 11.0, 12.0, 14.0, -30.0, 11.0, 15.0]"
1,1791639885.126056,"[-38.847053999999986, 75.32335499999999, 38.14546200000001, 37.96968000000001, 0.0007679999999936626, 75.05968200000001, 38.32124400000001, 37.96968000000001, 39.024372, 74.70811800000001, 37.881789, 37.44233399999999, -1.7570519999999874, 105.73364099999998, 77.256957, 63.37017900000001]","[0.0, 5.0, 2.0, 3.0, 0.0, 2.0, 1.0, 1.0, 1.0, 2.0, 3.0, 1.0, 0.0, -4.0, 1.0, 1.0]","[-9.0, 16.0, 15.0, 15.0, -12.0, 19.0, 10.0, 11.0, 0.0, 20.0, 11.0, 12.0, 14.0, -22.0, 14.0, 14.0]"
1,1791639885.3470972,"[-39.98963699999999, 77.608521, 39.375935999999996, 38.76069899999999, 0.0007679999999936626, 75.411246, 38.58491699999999, 38.32124400000001, 39.991173, 76.64172000000002, 38.76069899999999, 38.672808, -1.6691610000000026, 103.80003900000003, 79.36634099999998, 64.33698000000001]","[0.0, 3.0, 4.0, 1.0, 0.0, 1.0, 1.0, 1.0, 2.0, 7.0, 1.0, 1.0, 0.0, -1.0, 5.0, 1.0]","[-8.0, 16.0, 14.0, 15.0, -11.0, 29.0, 12.0, 13.0, 7.0, 20.0, 11.0, 13.0, 14.0, -26.0, 11.0, 14.0]"
1,1791639885.5707953,"[-40.69276500000001, 79.893687, 40.342737, 39.815391000000005, 0.0007679999999936626, 75.411246, 38.84859, 38.76069899999999, 41.04586499999999, 79.19055900000001, 39.90328199999999, 39.72749999999999, -1.6691610000000026, 103.80003900000003, 80.15735999999998, 65.21589]","[-1.0, 5.0, 3.0, 3.0, 1.0, 1.0, 1.0, 1.0, 2.0, 2.0, 3.0, 1.0, 1.0, 0.0, 1.0, 1.0]","[-9.0, 14.0, 15.0, 15.0, -11.0, 29.0, 16.0, 15.0, 0.0, 18.0, 11.0, 11.0, 13.0, -26.0, 12.0, 14.0]"
1,1791639885.794469,"[-42.01113000000001, 82.178853, 41.48532, 40.694300999999996, -0.08712299999999118, 75.411246, 38.84859, 39.200154, 41.661102, 81.29994299999998, 40.870082999999994, 40.78219200000001, -1.6691610000000026, 103.80003900000003, 80.15735999999998, 65.47956300000001]","[0.0, 5.0, 2.0, 1.0, 0.0, 1.0, 1.0, 1.0, 1.0, 7.0, 1.0, 3.0, 1.0, 0.0, 1.0, 0.0]","[0.0, 13.0, 15.0, 15.0, -5.0, 29.0, 18.0, 16.0, 14.0, 17.0, 10.0, 11.0, 15.0, -26.0, 14.0, 17.0]"
1,1791639886.0184915,"[-43.065822, 84.28823699999998, 42.627903, 41.74899300000001, -0.08712299999999118, 75.32335499999999, 39.46382700000001, 39.90328199999999, 43.06735800000001, 83.673, 42.10055700000001, 41.661102, -1.7570519999999874, 103.80003900000003, 80.33314200000001, 65.65534500000001]","[0.0, 5.0, 3.0, 3.0, 0.0, 0.0, 1.0, 1.0, 1.0, 5.0, 1.0, 1.0, 0.0, 0.0, 1.0, 0.0]","[0.0, 13.0, 14.0, 16.0, 0.0, 30.0, 24.0, 19.0, 0.0, 16.0, 10.0, 11.0, 13.0, -25.0, 17.0, 20.0]"
1,1791639886.24639,"[-44.032623, 86.661294, 43.506812999999994, 42.803685, -0.08712299999999118, 75.32335499999999, 39.46382700000001, 39.90328199999999, 44.03415899999999, 85.69449300000002, 43.24314000000001, 42.891576000000015, -1.7570519999999874, 103.80003900000003, 80.33314200000001, 66.00690900000001]","[0.0, 5.0, 1.0, 6.0, 0.0, 0.0, 0.0, 1.0, 1.0, 4.0, 3.0, 2.0, 0.0, 0.0, 0.0, 2.0]","[0.0, 12.0, 15.0, 16.0, 0.0, 30.0, 28.0, 24.0, 0.0, 16.0, 11.0, 11.0, 12.0, -26.0, 23.0, 27.0]"
1,1791639886.4694576,"[-45.08731499999999, 88.594896, 44.649395999999996, 43.85837699999999, -0.08712299999999118, 75.147573, 39.375935999999996, 39.90328199999999, 44.91306900000001, 88.155441, 44.297832, 43.85837699999999, -1.8449430000000007, 103.88792999999998, 80.33314200000001, 66.00690900000001]","[0.0, 5.0, 3.0, 3.0, 1.0, 1.0, 0.0, 0.0, 1.0, 5.0, 4.0, 2.0, 0.0, 1.0, 0.0, 0.0]","[0.0, 12.0, 14.0, 14.0, 0.0, 10.0, 10.0, 0.0, -4.0, 15.0, 10.0, 12.0, 9.0, 0.0, 10.0, 13.0]"
1,1791639886.6905818,"[-46.05411599999999, 88.77067799999998, 45.528306000000015, 45.088851000000005, -0.08712299999999118, 75.147573, 39.375935999999996, 39.90328199999999, 45.967760999999996, 88.33122300000002, 45.264633, 45.00095999999999, -1.8449430000000007, 103.88792999999998, 80.33314200000001, 66.00690900000001]","[0.0, 1.0, 1.0, 5.0, 0.0, 1.0, 0.0, 1.0, 1.0, 1.0, 2.0, 1.0, 1.0, 1.0, 1.0, 0.0]","[0.0, 12.0, 14.0, 14.0, 0.0, 9.0, 10.0, 0.0, -8.0, 14.0, 10.0, 12.0, 9.0, 0.0, 3.0, 13.0]"
1,1791639886.9178166,"[-47.020917, 88.85856899999999, 46.49510699999999, 45.967760999999996, -0.08712299999999118, 75.147573, 39.375935999999996, 39.90328199999999, 47.02245300000001, 88.33122300000002, 46.143542999999994, 46.143542999999994, -1.8449430000000007, 103.88792999999998, 80.33314200000001, 66.00690900000001]","[0.0, 0.0, 2.0, 3.0, 0.0, 0.0, 0.0, 0.0, 1.0, 1.0, 1.0, 4.0, 0.0, 1.0, 0.0, 0.0]","[0.0, 12.0, 14.0, 15.0, 0.0, 10.0, 9.0, 0.0, -14.0, 14.0, 9.0, 10.0, 10.0, 0.0, 10.0, 13.0]"
1,1791639887.1395743,"[-47.72404499999999, 88.85856899999999, 47.54979900000001, 47.19823500000001, -0.08712299999999118, 75.147573, 39.375935999999996, 39.815391000000005, 48.077145, 88.33122300000002, 47.37401700000001, 47.110344, -1.8449430000000007, 103.88792999999998, 80.33314200000001, 66.00690900000001]","[-1.0, 0.0, 1.0, 1.0, 1.0, 1.0, 0.0, 0.0, 1.0, 1.0, 3.0, 3.0, 1.0, 1.0, 1.0, 1.0]","[-9.0, 12.0, 14.0, 16.0, 0.0, 9.0, 10.0, 4.0, -14.0, 14.0, 10.0, 10.0, 9.0, 0.0, 10.0, 13.0]"
1,1791639887.3645713,"[-49.04240999999999, 88.85856899999999, 48.428709, 48.165036000000015, -0.08712299999999118, 75.147573, 39.375935999999996, 39.90328199999999, 49.043946000000005, 88.33122300000002, 48.165036000000015, 48.165036000000015, -1.8449430000000007, 103.88792999999998, 80.33314200000001, 66.00690900000001]","[-2.0, 1.0, 1.0, 2.0, 0.0, 0.0, 0.0, 0.0, 1.0, 1.0, 1.0, 4.0, 1.0, 1.0, 1.0, 1.0]","[0.0, 12.0, 15.0, 15.0, 0.0, 9.0, 10.0, 0.0, -14.0, 14.0, 10.0, 10.0, 10.0, 0.0, 9.0, 13.0]"
1,1791639887.589112,"[-49.833428999999995, 88.85856899999999, 49.39551, 49.219728, -0.08712299999999118, 75.147573, 39.375935999999996, 39.90328199999999, 50.01074700000001, 88.33122300000002, 49.13183699999999, 49.043946000000005, -1.8449430000000007, 103.88792999999998, 80.42103300000002, 66.00690900000001]","[0.0, 1.0, 1.0, 1.0, 0.0, 1.0, 0.0, 1.0, 1.0, 1.0, 2.0, 2.0, 1.0, 1.0, 1.0, 1.0]","[-8.0, 12.0, 15.0, 14.0, 0.0, 9.0, 9.0, 0.0, -14.0, 14.0, 10.0, 11.0, 9.0, 0.0, 3.0, 13.0]"
1,1791639887.8137205,"[-50.80023, 88.94646, 50.45020199999999, 50.45020199999999, -0.08712299999999118, 75.147573, 39.375935999999996, 39.815391000000005, 51.15333000000001, 88.33122300000002, 50.18652900000001, 50.098637999999994, -1.8449430000000007, 103.88792999999998, 80.33314200000001, 66.00690900000001]","[0.0, 1.0, 3.0, 1.0, 1.0, 1.0, 0.0, 1.0, 1.0, 1.0, 2.0, 3.0, 0.0, 0.0, 0.0, 0.0]","[-9.0, 12.0, 14.0, 13.0, 0.0, 10.0, 10.0, 3.0, -14.0, 14.0, 10.0, 11.0, 11.0, 0.0, 10.0, 12.0]"
1,1791639888.034334,"[-51.767031, 89.03435100000002, 51.417002999999994, 51.417002999999994, -0.08712299999999118, 75.147573, 39.375935999999996, 39.90328199999999, 52.03224, 88.33122300000002, 51.15333000000001, 50.97754800000001, -1.8449430000000007, 103.88792999999998, 80.33314200000001, 66.00690900000001]","[-1.0, 0.0, 3.0, 3.0, 0.0, 0.0, 0.0, 1.0, 0.0, 1.0, 1.0, 2.0, 1.0, 0.0, 0.0, 1.0]","[-9.0, 13.0, 15.0, 14.0, 0.0, 10.0, 9.0, 0.0, 0.0, 14.0, 10.0, 10.0, 10.0, 0.0, 10.0, 13.0]"
1,1791639888.2617843,"[-52.82172299999999, 89.03435100000002, 52.29591300000001, 52.29591300000001, -0.08712299999999118, 75.147573, 39.375935999999996, 39.90328199999999, 53.08693199999999, 88.33122300000002, 52.29591300000001, 52.03224, -1.8449430000000007, 103.88792999999998, 80.33314200000001, 66.00690900000001]","[-2.0, 0.0, 1.0, 5.0, 1.0, 0.0, 0.0, 0.0, 1.0, 1.0, 2.0, 3.0, 1.0, 0.0, 1.0, 1.0]","[-9.0, 12.0, 15.0, 15.0, 0.0, 10.0, 10.0, 0.0, -8.0, 14.0, 10.0, 10.0, 9.0, 0.0, 9.0, 13.0]"
1,1791639888.4856355,"[-53.788523999999995, 88.94646, 53.08693199999999, 53.350605, -0.08712299999999118, 75.147573, 39.375935999999996, 39.90328199999999, 54.053732999999994, 88.33122300000002, 53.174823, 52.999041000000005, -1.8449430000000007, 103.88792999999998, 80.33314200000001, 66.00690900000001]","[-2.0, 0.0, 1.0, 3.0, 1.0, 0.0, 0.0, 0.0, 0.0, 1.0, 1.0, 4.0, 1.0, 0.0, 0.0, 1.0]","[-9.0, 12.0, 16.0, 14.0, -3.0, 9.0, 10.0, 1.0, -1.0, 14.0, 11.0, 11.0, 10.0, 0.0, 9.0, 13.0]"
1,1791639888.707008,"[-54.491652, 88.94646, 53.877950999999996, 53.526387, -0.08712299999999118, 75.147573, 39.375935999999996, 39.90328199999999, 55.10842500000001, 88.33122300000002, 54.14162400000001, 53.79006000000001, -1.8449430000000007, 103.88792999999998, 80.33314200000001, 66.00690900000001]","[0.0, 0.0, 2.0, 1.0, 0.0, 1.0, 0.0, 1.0, 1.0, 1.0, 2.0, 1.0, 1.0, 0.0, 0.0, 0.0]","[-9.0, 12.0, 16.0, 15.0, 0.0, 10.0, 9.0, 2.0, -13.0, 14.0, 9.0, 11.0, 10.0, 0.0, 9.0, 13.0]"
1,1791639888.9314134,"[-55.45845299999999, 88.94646, 54.756861000000015, 55.372097999999994, -0.08712299999999118, 75.147573, 39.375935999999996, 39.815391000000005, 56.163117, 88.33122300000002, 55.10842500000001, 55.020534, -1.8449430000000007, 103.88792999999998, 80.33314200000001, 66.00690900000001]","[-1.0, 0.0, 1.0, 3.0, 0.0, 1.0, 0.0, 0.0, 1.0, 1.0, 1.0, 3.0, 0.0, 0.0, 1.0, 1.0]","[-10.0, 12.0, 16.0, 14.0, 0.0, 9.0, 9.0, 4.0, -15.0, 14.0, 10.0, 11.0, 10.0, 0.0, 9.0, 13.0]"
1,1791639889.1546803,"[-56.425253999999995, 88.85856899999999, 55.54787999999999, 56.338899, -0.08712299999999118, 75.147573, 39.375935999999996, 39.90328199999999, 56.954136000000005, 88.33122300000002, 56.075226000000015, 55.89944400000002, -1.9328339999999855, 103.88792999999998, 80.33314200000001, 66.00690900000001]","[0.0, 0.0, 1.0, 3.0, 0.0, 1.0, 0.0, 1.0, 0.0, 1.0, 3.0, 1.0, 0.0, 0.0, 1.0, 1.0]","[-10.0, 13.0, 17.0, 15.0, 0.0, 9.0, 9.0, 0.0, 0.0, 14.0, 10.0, 11.0, 10.0, 0.0, 10.0, 13.0]"
1,1791639889.3784375,"[-57.040491, 88.85856899999999, 56.60257200000001, 56.60257200000001, -0.08712299999999118, 75.147573, 39.375935999999996, 39.90328199999999, 57.92093700000001, 88.33122300000002, 56.86624499999999, 56.86624499999999, -1.9328339999999855, 103.88792999999998, 80.33314200000001, 66.00690900000001]","[0.0, 0.0, 3.0, 5.0, 0.0, 1.0, 0.0, 1.0, 0.0, 1.0, 2.0, 2.0, 0.0, 0.0, 0.0, 1.0]","[-10.0, 12.0, 16.0, 15.0, 0.0, 9.0, 9.0, 0.0, 0.0, 14.0, 10.0, 11.0, 10.0, 0.0, 10.0, 13.0]"
1,1791639889.6053946,"[-58.622529, 88.94646, 58.18460999999999, 58.36039199999999, -0.08712299999999118, 75.147573, 39.375935999999996, 39.90328199999999, 58.975629, 88.33122300000002, 58.008827999999994, 58.008827999999994, -1.9328339999999855, 103.88792999999998, 80.42103300000002, 66.00690900000001]","[-2.0, 1.0, 5.0, 3.0, 0.0, 1.0, 0.0, 1.0, 1.0, 1.0, 3.0, 3.0, 0.0, 0.0, 1.0, 1.0]","[-9.0, 13.0, 15.0, 14.0, 0.0, 10.0, 10.0, 0.0, 0.0, 14.0, 11.0, 12.0, 10.0, 0.0, 6.0, 13.0]"
1,1791639889.827118,"[-59.23776599999999, 88.94646, 59.590866000000005, 59.151410999999996, 0.0007679999999936626, 75.147573, 39.375935999999996, 39.90328199999999, 59.94243, 88.33122300000002, 58.975629, 58.799847, -1.9328339999999855, 103.88792999999998, 80.33314200000001, 66.00690900000001]","[0.0, 1.0, 3.0, 3.0, 1.0, 1.0, 0.0, 0.0, 1.0, 1.0, 2.0, 2.0, 1.0, 0.0, 0.0, 1.0]","[-11.0, 12.0, 14.0, 14.0, -1.0, 9.0, 10.0, 0.0, 0.0, 14.0, 11.0, 11.0, 10.0, 0.0, 10.0, 13.0]"
1,1791639890.0511694,"[-60.64402199999999, 88.94646, 60.118212, 59.151410999999996, -0.08712299999999118, 75.147573, 39.375935999999996, 39.90328199999999, 60.99712199999999, 88.33122300000002, 60.20610300000001, 58.88773800000001, -1.9328339999999855, 103.88792999999998, 80.33314200000001, 66.00690900000001]","[-3.0, 0.0, 1.0, -1.0, 0.0, 0.0, 0.0, 1.0, 1.0, 1.0, 3.0, 1.0, 1.0, 0.0, 0.0, 1.0]","[-9.0, 12.0, 15.0, 14.0, 0.0, 10.0, 10.0, 1.0, 0.0, 13.0, 9.0, 11.0, 11.0, 0.0, 10.0, 13.0]"
1,1791639890.274407,"[-61.698713999999995, 88.94646, 60.645557999999994, 59.23930200000001, -0.08712299999999118, 75.147573, 39.375935999999996, 39.90328199999999, 61.963922999999994, 88.33122300000002, 61.348686000000015, 58.88773800000001, -1.9328339999999855, 103.88792999999998, 80.33314200000001, 66.00690900000001]","[0.0, 0.0, 1.0, 1.0, 0.0, 1.0, 0.0, 1.0, 1.0, 1.0, 4.0, 1.0, 1.0, 0.0, 0.0, 1.0]","[-9.0, 12.0, 16.0, 14.0, 0.0, 11.0, 9.0, 0.0, 0.0, 14.0, 9.0, 11.0, 10.0, 0.0, 9.0, 14.0]"
1,1791639890.4983819,"[-62.753406, 88.94646, 61.17290400000002, 59.151410999999996, -0.08712299999999118, 75.147573, 39.375935999999996, 39.90328199999999, 62.930724, 88.33122300000002, 62.31548699999999, 58.88773800000001, -1.9328339999999855, 103.88792999999998, 80.33314200000001, 66.00690900000001]","[-2.0, 0.0, 1.0, 1.0, 0.0, 1.0, 0.0, 0.0, 1.0, 1.0, 2.0, 1.0, 0.0, 0.0, 0.0, 1.0]","[-9.0, 12.0, 18.0, 15.0, 0.0, 11.0, 9.0, 0.0, 0.0, 14.0, 10.0, 11.0, 11.0, 0.0, 10.0, 13.0]"
1,1791639890.7255101,"[-63.895989, 88.94646, 61.87603200000001, 59.151410999999996, -0.08712299999999118, 75.147573, 39.375935999999996, 39.90328199999999, 63.985416000000015, 88.33122300000002, 63.19439700000001, 58.88773800000001, -1.8449430000000007, 103.88792999999998, 80.33314200000001, 66.00690900000001]","[0.0, 0.0, 1.0, 0.0, 1.0, 0.0, 0.0, 1.0, 1.0, 1.0, 1.0, 1.0, 1.0, 0.0, 0.0, 1.0]","[-9.0, 12.0, 19.0, 14.0, 0.0, 9.0, 9.0, 0.0, 0.0, 14.0, 10.0, 11.0, 10.0, 0.0, 10.0, 13.0]"
1,1791639890.94865,"[-64.950681, 88.94646, 62.49126900000002, 59.151410999999996, -0.08712299999999118, 75.147573, 39.375935999999996, 39.90328199999999, 64.95221699999999, 88.33122300000002, 64.249089, 58.88773800000001, -1.9328339999999855, 103.88792999999998, 80.33314200000001, 66.00690900000001]","[0.0, 0.0, 2.0, 0.0, 1.0, 1.0, 0.0, 0.0, 1.0, 1.0, 4.0, 1.0, 1.0, 1.0, 0.0, 1.0]","[0.0, 13.0, 21.0, 15.0, 0.0, 10.0, 9.0, 3.0, 0.0, 14.0, 10.0, 11.0, 10.0, 0.0, 10.0, 13.0]"
1,1791639891.1700819,"[-65.91748199999999, 88.94646, 63.106505999999996, 59.151410999999996, -0.08712299999999118, 75.147573, 39.375935999999996, 39.90328199999999, 65.919018, 88.33122300000002, 65.21589, 58.88773800000001, -1.9328339999999855, 103.88792999999998, 80.33314200000001, 66.00690900000001]","[-2.0, 0.0, 1.0, 0.0, 0.0, 1.0, 0.0, 0.0, 1.0, 1.0, 2.0, 1.0, 0.0, 0.0, 0.0, 1.0]","[0.0, 13.0, 24.0, 15.0, 0.0, 10.0, 9.0, 0.0, 0.0, 14.0, 10.0, 11.0, 9.0, 0.0, 10.0, 13.0]"
1,1791639891.3943005,"[-66.884283, 88.94646, 63.897525, 59.151410999999996, 0.0007679999999936626, 75.05968200000001, 39.375935999999996, 39.90328199999999, 66.97371000000001, 88.33122300000002, 66.00690900000001, 58.88773800000001, -1.9328339999999855, 103.88792999999998, 80.33314200000001, 66.09479999999999]","[-2.0, 1.0, 1.0, 0.0, 1.0, 1.0, 0.0, 0.0, 1.0, 1.0, 1.0, 1.0, 0.0, 0.0, 1.0, 1.0]","[-9.0, 11.0, 25.0, 15.0, -10.0, 10.0, 9.0, 0.0, 0.0, 14.0, 11.0, 12.0, 10.0, 0.0, 8.0, 2.0]"
1,1791639891.6214273,"[-67.763193, 89.03435100000002, 64.249089, 59.151410999999996, 0.0007679999999936626, 75.05968200000001, 39.375935999999996, 39.90328199999999, 67.94051100000001, 88.33122300000002, 66.79792800000001, 58.88773800000001, -1.9328339999999855, 103.88792999999998, 80.33314200000001, 66.09479999999999]","[-1.0, 0.0, 1.0, 0.0, 1.0, 0.0, 0.0, 0.0, 1.0, 1.0, 0.0, 1.0, 0.0, 0.0, 1.0, 0.0]","[-9.0, 12.0, 29.0, 15.0, -11.0, 11.0, 10.0, 0.0, 0.0, 14.0, 12.0, 11.0, 10.0, 0.0, 3.0, 3.0]"
1,1791639891.8443356,"[-68.642103, 89.03435100000002, 64.864326, 59.151410999999996, 0.0007679999999936626, 75.05968200000001, 39.375935999999996, 39.90328199999999, 68.995203, 88.33122300000002, 67.76472900000002, 58.88773800000001, -1.9328339999999855, 103.88792999999998, 80.33314200000001, 66.00690900000001]","[0.0, 1.0, 1.0, 0.0, 1.0, 0.0, 0.0, 1.0, 1.0, 1.0, 3.0, 1.0, 0.0, 0.0, 0.0, 0.0]","[-9.0, 12.0, 33.0, 15.0, -13.0, 10.0, 9.0, 0.0, 0.0, 14.0, 11.0, 11.0, 10.0, 0.0, 10.0, 10.0]"
1,1791639892.0666583,"[-69.696795, 89.03435100000002, 65.12799900000002, 59.151410999999996, 0.0007679999999936626, 75.05968200000001, 39.375935999999996, 39.90328199999999, 69.96200400000001, 88.33122300000002, 68.73152999999999, 58.88773800000001, -1.9328339999999855, 103.88792999999998, 80.33314200000001, 66.09479999999999]","[-1.0, 1.0, 1.0, 1.0, 1.0, 0.0, 0.0, 0.0, 2.0, 1.0, 3.0, 1.0, 0.0, 0.0, 1.0, 1.0]","[-9.0, 12.0, 38.0, 15.0, -12.0, 10.0, 9.0, 0.0, 0.0, 13.0, 11.0, 11.0, 10.0, 0.0, 6.0, 8.0]"
1,1791639892.2896907,"[-69.784686, 89.12224200000003, 65.040108, 59.151410999999996, 0.0007679999999936626, 75.05968200000001, 39.375935999999996, 39.90328199999999, 70.840914, 88.33122300000002, 69.61044000000001, 58.88773800000001, -1.9328339999999855, 103.88792999999998, 80.33314200000001, 66.00690900000001]","[0.0, 1.0, 0.0, 0.0, 1.0, 0.0, 0.0, 1.0, 2.0, 1.0, 2.0, 1.0, 0.0, 0.0, 0.0, 1.0]","[8.0, 0.0, 13.0, 2.0, -12.0, 10.0, 10.0, 0.0, 13.0, 14.0, 11.0, 11.0, 10.0, 0.0, 10.0, 1.0]"
1,1791639892.5172153,"[-69.784686, 89.12224200000003, 65.040108, 59.06352000000001, 0.0007679999999936626, 75.05968200000001, 39.375935999999996, 39.90328199999999, 71.807715, 88.33122300000002, 70.40145900000002, 58.88773800000001, -1.9328339999999855, 103.88792999999998, 80.33314200000001, 66.09479999999999]","[0.0, 0.0, 0.0, 0.0, 1.0, 1.0, 0.0, 0.0, 1.0, 1.0, 1.0, 1.0, 0.0, 0.0, 0.0, 0.0]","[9.0, 0.0, 14.0, 13.0, -13.0, 10.0, 9.0, 0.0, 14.0, 15.0, 12.0, 11.0, 10.0, 0.0, 9.0, 6.0]"
1,1791639892.7412713,"[-69.87257699999999, 89.12224200000003, 65.040108, 59.06352000000001, 0.0007679999999936626, 75.05968200000001, 39.375935999999996, 39.90328199999999, 72.59873400000001, 88.33122300000002, 71.28036900000001, 58.88773800000001, -1.9328339999999855, 103.88792999999998, 80.33314200000001, 66.00690900000001]","[0.0, 1.0, 0.0, 1.0, 1.0, 0.0, 0.0, 0.0, 1.0, 1.0, 1.0, 1.0, 0.0, 0.0, 0.0, 1.0]","[8.0, 0.0, 14.0, 5.0, -12.0, 11.0, 10.0, 0.0, 14.0, 13.0, 12.0, 11.0, 10.0, 0.0, 10.0, 1.0]"
1,1791639892.9618185,"[-69.87257699999999, 89.12224200000003, 65.040108, 59.06352000000001, 0.0007679999999936626, 75.05968200000001, 39.375935999999996, 39.90328199999999, 73.74131700000001, 88.41911399999998, 71.71982400000002, 58.88773800000001, -1.9328339999999855, 103.88792999999998, 80.33314200000001, 66.09479999999999]","[1.0, 1.0, 0.0, 0.0, 1.0, 1.0, 0.0, 0.0, 3.0, 1.0, 1.0, 1.0, 0.0, 0.0, 1.0, 1.0]","[9.0, -1.0, 14.0, 13.0, -13.0, 9.0, 10.0, 0.0, 13.0, 14.0, 15.0, 11.0, 10.0, 0.0, 8.0, 0.0]"
1,1791639893.189218,"[-69.87257699999999, 89.12224200000003, 65.040108, 59.06352000000001, 0.0007679999999936626, 75.05968200000001, 39.375935999999996, 39.90328199999999, 74.53233600000002, 88.77067799999998, 72.335061, 58.88773800000001, -1.9328339999999855, 103.88792999999998, 80.33314200000001, 66.09479999999999]","[0.0, 0.0, 0.0, 0.0, 1.0, 0.0, 0.0, 1.0, 3.0, 2.0, 3.0, 1.0, 0.0, 0.0, 0.0, 0.0]","[9.0, -2.0, 13.0, 10.0, -12.0, 10.0, 9.0, 0.0, 14.0, 12.0, 16.0, 11.0, 9.0, 0.0, 10.0, 0.0]"
1,1791639893.4133852,"[-69.87257699999999, 89.21013299999998, 65.040108, 59.06352000000001, 0.0007679999999936626, 75.05968200000001, 39.375935999999996, 39.90328199999999, 74.53233600000002, 88.85856899999999, 72.59873400000001, 58.88773800000001, -1.9328339999999855, 103.88792999999998, 80.33314200000001, 66.09479999999999]","[0.0, 1.0, 0.0, 0.0, 1.0, 0.0, 0.0, 1.0, 1.0, 1.0, 1.0, 1.0, 0.0, 0.0, 1.0, 0.0]","[8.0, -8.0, 14.0, 13.0, -12.0, 9.0, 9.0, 0.0, 14.0, 12.0, 19.0, 11.0, 11.0, 0.0, 9.0, 0.0]"
1,1791639893.6372478,"[-69.87257699999999, 89.12224200000003, 65.040108, 59.06352000000001, 0.0007679999999936626, 75.05968200000001, 39.375935999999996, 39.90328199999999, 74.53233600000002, 88.94646, 72.774516, 58.88773800000001, -1.9328339999999855, 103.88792999999998, 80.33314200000001, 66.09479999999999]","[0.0, 1.0, 0.0, 1.0, 1.0, 1.0, 0.0, 0.0, 1.0, 1.0, 1.0, 1.0, 0.0, 0.0, 1.0, 0.0]","[9.0, -6.0, 14.0, 12.0, -12.0, 9.0, 9.0, 0.0, 14.0, 12.0, 23.0, 11.0, 11.0, 0.0, 9.0, 0.0]"
1,1791639893.8612833,"[-69.87257699999999, 89.12224200000003, 65.040108, 59.151410999999996, 0.0007679999999936626, 75.05968200000001, 39.375935999999996, 39.90328199999999, 74.53233600000002, 89.12224200000003, 73.38975300000001, 58.799847, -1.9328339999999855, 103.88792999999998, 80.33314200000001, 66.09479999999999]","[0.0, 0.0, 0.0, 1.0, 1.0, 0.0, 0.0, 0.0, 1.0, 1.0, 2.0, 1.0, 0.0, 0.0, 1.0, 0.0]","[8.0, 0.0, 14.0, 6.0, -13.0, 9.0, 9.0, 0.0, 14.0, 11.0, 28.0, 11.0, 11.0, 0.0, 7.0, 0.0]"
1,1791639894.0820992,"[-69.784686, 89.21013299999998, 65.040108, 59.06352000000001, 0.0007679999999936626, 75.05968200000001, 39.375935999999996, 39.90328199999999, 74.53233600000002, 89.38591500000001, 73.91709900000001, 58.88773800000001, -1.9328339999999855, 103.88792999999998, 80.33314200000001, 66.09479999999999]","[0.0, 1.0, 0.0, 1.0, 1.0, 0.0, 0.0, 1.0, 0.0, 1.0, 2.0, 0.0, 0.0, 0.0, 1.0, 0.0]","[8.0, -6.0, 13.0, 12.0, -12.0, 10.0, 9.0, 0.0, 14.0, 11.0, 31.0, 12.0, 10.0, 0.0, 10.0, 0.0]"
1,1791639894.3052793,"[-69.87257699999999, 89.12224200000003, 65.040108, 59.151410999999996, 0.0007679999999936626, 75.05968200000001, 39.375935999999996, 39.90328199999999, 74.53233600000002, 89.47380600000002, 74.18077199999999, 58.799847, -1.9328339999999855, 103.88792999999998, 80.33314200000001, 66.09479999999999]","[1.0, 1.0, 0.0, 1.0, 1.0, 0.0, 0.0, 1.0, 0.0, 1.0, 3.0, 0.0, 0.0, 0.0, 0.0, 1.0]","[8.0, -4.0, 13.0, 8.0, -12.0, 9.0, 9.0, 0.0, 15.0, 11.0, 35.0, 12.0, 10.0, 0.0, 9.0, 0.0]"
1,1791639894.5335152,"[-69.784686, 89.12224200000003, 65.040108, 59.06352000000001, 0.0007679999999936626, 75.05968200000001, 39.375935999999996, 39.90328199999999, 74.53233600000002, 89.56169699999998, 74.620227, 58.799847, -1.9328339999999855, 103.88792999999998, 80.33314200000001, 66.09479999999999]","[1.0, 0.0, 0.0, 1.0, 1.0, 1.0, 0.0, 0.0, 0.0, 1.0, 4.0, 0.0, 0.0, 0.0, 1.0, 1.0]","[9.0, -3.0, 14.0, 4.0, -13.0, 10.0, 9.0, 3.0, 14.0, 11.0, 38.0, 12.0, 9.0, 0.0, 10.0, 0.0]"
1,1791639894.7567225,"[-69.87257699999999, 89.12224200000003, 65.040108, 59.06352000000001, 0.0007679999999936626, 75.05968200000001, 39.375935999999996, 39.90328199999999, 74.53233600000002, 89.56169699999998, 74.53233600000002, 58.711956000000015, -1.9328339999999855, 103.88792999999998, 80.33314200000001, 66.09479999999999]","[1.0, 1.0, 0.0, 0.0, 1.0, 1.0, 0.0, 1.0, 0.0, 1.0, 0.0, 1.0, 0.0, 0.0, 0.0, 1.0]","[9.0, -6.0, 13.0, 14.0, -12.0, 10.0, 10.0, 0.0, 13.0, -10.0, 9.0, 9.0, 10.0, 0.0, 9.0, 0.0]"
2,1791639896.7726948,"[0.0007679999999936626, -4.92112800000001, -1.229705999999993, -0.17501400000000444, 0.0007679999999936626, -5.184800999999993, 0.0007679999999936626, -0.2629049999999893, 0.0007679999999936626, -5.4484740000000045, -1.1418150000000082, 0.17654999999999177, -1.5812699999999893, 178.243716, 40.07906399999999, 25.66494]","[0.0, 1.0, 1.0, 0.0, 1.0, 1.0, 1.0, 0.0, 0.0, 1.0, 1.0, 1.0, 1.0, 1.0, 1.0, 0.0]","[-9.0, 32.0, 16.0, 13.0, -8.0, 33.0, -10.0, 11.0, -14.0, 38.0, 10.0, -10.0, 13.0, 15.0, -10.0, -15.0]"
2,1791639896.9934356,"[0.0007679999999936626, -4.92112800000001, -1.1418150000000082, 0.08865900000000693, -0.08712299999999118, -4.92112800000001, 0.6160050000000012, -0.08712299999999118, 0.0007679999999936626, -5.272692000000006, -1.1418150000000082, 0.26444100000000503, -1.5812699999999893, 177.98004300000002, 40.07906399999999, 25.752831000000015]","[0.0, 1.0, 1.0, 1.0, 1.0, 1.0, 1.0, 1.0, 0.0, 1.0, 1.0, 1.0, 1.0, 0.0, 1.0, 1.0]","[-9.0, 40.0, 19.0, 15.0, -4.0, 47.0, 10.0, 13.0, -14.0, 45.0, 14.0, 11.0, 17.0, -13.0, 11.0, 13.0]"
2,1791639897.2182596,"[0.0007679999999936626, -4.833236999999997, 0.0007679999999936626, 0.528113999999988, -0.08712299999999118, -3.7785450000000083, 1.2312420000000088, 0.08865900000000693, 0.0007679999999936626, -5.272692000000006, -0.6144689999999855, 0.26444100000000503, -1.5812699999999893, 177.62847900000003, 40.166955, 26.368067999999994]","[0.0, 1.0, 2.0, 1.0, 0.0, 1.0, 2.0, 0.0, 1.0, 0.0, 1.0, 0.0, 1.0, 0.0, 0.0, 1.0]","[-9.0, 46.0, 18.0, 16.0, 0.0, 56.0, 11.0, 14.0, -14.0, 55.0, 16.0, 13.0, 24.0, -24.0, 14.0, 14.0]"
2,1791639897.4449341,"[0.0007679999999936626, -4.745346000000012, 0.8796780000000126, 1.582806000000005, 0.0007679999999936626, -2.723852999999991, 1.9343700000000013, 1.4949149999999918, 0.08865900000000693, -4.481673000000001, 0.44022300000000314, 1.0554600000000107, -1.5812699999999893, 176.92535099999998, 41.573211000000015, 27.159087]","[0.0, 0.0, 1.0, 1.0, 1.0, 6.0, 1.0, 3.0, 1.0, 4.0, 2.0, 1.0, 1.0, 0.0, 5.0, 1.0]","[-9.0, 58.0, 19.0, 16.0, -8.0, 62.0, 12.0, 13.0, -14.0, 58.0, 16.0, 14.0, 28.0, -41.0, 13.0, 16.0]"
2,1791639897.6689098,"[0.0007679999999936626, -3.514871999999997, 1.7585880000000031, 2.4617159999999956, -0.08712299999999118, 0.08865900000000693, 2.6374979999999937, 2.1980430000000126, 0.0007679999999936626, -4.481673000000001, 1.407024000000007, 1.1433509999999956, -1.5812699999999893, 173.40971100000002, 42.36422999999999, 28.03799699999999]","[0.0, 1.0, 2.0, 3.0, 0.0, 6.0, 1.0, 1.0, 1.0, 1.0, 2.0, 2.0, 1.0, -5.0, 1.0, 1.0]","[-9.0, 55.0, 20.0, 16.0, -3.0, 54.0, 13.0, 13.0, -13.0, 69.0, 16.0, 16.0, 36.0, -36.0, 14.0, 14.0]"
2,1791639897.8899798,"[0.0007679999999936626, -3.514871999999997, 2.813279999999992, 3.6042989999999975, -0.08712299999999118, 1.582806000000005, 3.4285169999999994, 3.3406260000000145, 0.0007679999999936626, -4.481673000000001, 1.846478999999988, 3.2527350000000013, -0.6144689999999855, 169.894071, 43.06735800000001, 29.268471000000005]","[0.0, 1.0, 1.0, 3.0, 1.0, 0.0, 0.0, 2.0, 1.0, 1.0, 1.0, 4.0, 3.0, -6.0, 1.0, 3.0]","[-9.0, 64.0, 18.0, 16.0, -4.0, 65.0, 13.0, 12.0, -14.0, 82.0, 17.0, 13.0, 33.0, -29.0, 14.0, 15.0]"
2,1791639898.1168625,"[0.0007679999999936626, -1.3175970000000063, 3.7800809999999956, 4.483208999999988, 0.0007679999999936626, 3.6921900000000107, 4.483208999999988, 4.395318000000003, 0.0007679999999936626, -2.108616000000012, 3.076953000000003, 4.043754000000007, 0.44022300000000314, 168.31203299999999, 44.473614, 30.147380999999996]","[0.0, 5.0, 3.0, 4.0, 0.0, 1.0, 2.0, 1.0, 0.0, 4.0, 2.0, 1.0, 8.0, 0.0, 3.0, 1.0]","[-9.0, 51.0, 19.0, 16.0, -5.0, 67.0, 14.0, 14.0, -13.0, 64.0, 16.0, 14.0, 34.0, -42.0, 13.0, 14.0]"
2,1791639898.339436,"[0.0007679999999936626, -1.053923999999995, 4.834773000000013, 5.713683000000003, 0.0007679999999936626, 6.065246999999999, 5.362119000000007, 5.274227999999994, 0.0007679999999936626, -0.4386869999999874, 4.30742699999999, 4.9226639999999975, 1.6706969999999899, 164.708502, 45.528306000000015, 31.202073000000013]","[0.0, 1.0, 3.0, 3.0, 1.0, 5.0, 4.0, 2.0, 1.0, 4.0, 2.0, 1.0, 0.0, -8.0, 1.0, 2.0]","[-9.0, 61.0, 20.0, 16.0, -10.0, 59.0, 13.0, 13.0, -15.0, 54.0, 17.0, 14.0, 32.0, -37.0, 13.0, 14.0]"
2,1791639898.5608952,"[0.0007679999999936626, -1.1418150000000082, 5.801573999999988, 6.416810999999996, -0.08712299999999118, 6.065246999999999, 6.2410289999999975, 6.504702000000009, 0.0007679999999936626, -0.35079600000000255, 4.30742699999999, 6.2410289999999975, 2.725389000000007, 161.544426, 46.67088899999999, 32.16887399999999]","[0.0, 0.0, 1.0, 5.0, 1.0, 1.0, 3.0, 5.0, 0.0, 1.0, 1.0, 2.0, 6.0, -7.0, 3.0, 1.0]","[-8.0, 72.0, 20.0, 16.0, -9.0, 87.0, 14.0, 13.0, -14.0, 70.0, 18.0, 13.0, 33.0, -35.0, 13.0, 14.0]"
2,1791639898.7863,"[0.0007679999999936626, 1.3191329999999937, 5.889465000000001, 7.647285000000011, -0.08712299999999118, 10.020342, 7.207830000000001, 7.383611999999999, 0.0007679999999936626, 0.0007679999999936626, 6.2410289999999975, 7.207830000000001, 3.867972000000009, 158.46824099999998, 47.54979900000001, 33.223566000000005]","[0.0, 3.0, 1.0, 4.0, 0.0, 8.0, 1.0, 1.0, 1.0, 3.0, 4.0, 2.0, 6.0, -4.0, 4.0, 3.0]","[-9.0, 57.0, 25.0, 16.0, 0.0, 54.0, 13.0, 13.0, -14.0, 70.0, 15.0, 13.0, 30.0, -36.0, 13.0, 14.0]"
2,1791639899.0104702,"[0.0007679999999936626, 1.407024000000007, 7.910957999999994, 8.614086000000015, 0.0007679999999936626, 11.426598000000013, 8.26252199999999, 8.526195000000001, 0.0007679999999936626, 0.9675689999999975, 7.119938999999988, 8.086739999999992, 4.395318000000003, 155.655729, 48.34081800000001, 34.278257999999994]","[0.0, 1.0, 2.0, 1.0, 0.0, 3.0, 1.0, 1.0, 0.0, 1.0, 2.0, 4.0, 1.0, -3.0, 1.0, 2.0]","[-9.0, 68.0, 19.0, 16.0, -9.0, 65.0, 14.0, 12.0, -13.0, 75.0, 17.0, 14.0, 35.0, -37.0, 13.0, 15.0]"
2,1791639899.2348092,"[0.0007679999999936626, 2.725389000000007, 8.701977, 9.58088699999999, -0.08712299999999118, 12.569181000000015, 9.229322999999994, 9.405104999999992, 0.0007679999999936626, 2.1980430000000126, 7.910957999999994, 9.317214000000007, 6.153138000000013, 152.667435, 49.571292, 35.33295000000001]","[0.0, 13.0, 3.0, 2.0, 1.0, 12.0, 1.0, 1.0, 0.0, 11.0, 5.0, 4.0, 5.0, -5.0, 3.0, 3.0]","[-9.0, 54.0, 19.0, 16.0, -2.0, 62.0, 14.0, 13.0, -13.0, 66.0, 18.0, 14.0, 30.0, -35.0, 13.0, 14.0]"
2,1791639899.4584384,"[0.0007679999999936626, 3.867972000000009, 9.932451000000015, 10.723469999999992, -0.08712299999999118, 15.996929999999992, 10.28401500000001, 10.459797000000009, 0.0007679999999936626, 4.6589910000000145, 9.053540999999996, 10.108233000000013, 7.032048000000003, 150.382269, 50.45020199999999, 36.21186]","[0.0, 1.0, 3.0, 4.0, 0.0, 3.0, 1.0, 2.0, 0.0, 1.0, 3.0, 1.0, 4.0, 0.0, 1.0, 2.0]","[-9.0, 60.0, 21.0, 16.0, -3.0, 56.0, 13.0, 13.0, -14.0, 55.0, 16.0, 14.0, 32.0, -41.0, 13.0, 14.0]"
2,1791639899.6820104,"[0.0007679999999936626, 3.867972000000009, 10.547687999999994, 11.514488999999998, -0.08712299999999118, 15.996929999999992, 10.28401500000001, 11.426598000000013, 0.08865900000000693, 4.6589910000000145, 9.668778000000003, 11.075033999999988, 8.350413000000003, 147.393975, 51.59278499999999, 37.354443]","[0.0, 1.0, 1.0, 3.0, 0.0, 1.0, 1.0, 2.0, 1.0, 0.0, 1.0, 2.0, 1.0, -4.0, 3.0, 3.0]","[-8.0, 69.0, 21.0, 16.0, -1.0, 82.0, 17.0, 13.0, -14.0, 66.0, 18.0, 13.0, 28.0, -40.0, 13.0, 14.0]"
2,1791639899.9057813,"[0.0007679999999936626, 5.9773560000000145, 11.690270999999996, 12.657072, -0.08712299999999118, 20.039916000000005, 12.21761699999999, 12.393398999999988, 0.0007679999999936626, 4.6589910000000145, 10.89925199999999, 12.129726000000005, 9.141432000000009, 144.05411700000002, 52.559585999999996, 38.32124400000001]","[0.0, 6.0, 1.0, 3.0, 1.0, 4.0, 1.0, 1.0, 0.0, 1.0, 1.0, 2.0, 1.0, -7.0, 3.0, 2.0]","[-9.0, 56.0, 19.0, 16.0, -1.0, 59.0, 14.0, 13.0, -13.0, 80.0, 18.0, 14.0, 32.0, -36.0, 13.0, 14.0]"
2,1791639900.1304789,"[0.0007679999999936626, 6.2410289999999975, 12.569181000000015, 13.53598199999999, 0.0007679999999936626, 20.12780699999999, 13.272309000000007, 13.623873000000003, 0.08865900000000693, 4.6589910000000145, 10.89925199999999, 13.096527000000009, 9.141432000000009, 140.977932, 53.526387, 39.46382700000001]","[0.0, 3.0, 1.0, 3.0, 1.0, 1.0, 1.0, 2.0, 1.0, 1.0, 1.0, 4.0, 1.0, 0.0, 4.0, 1.0]","[-8.0, 63.0, 20.0, 15.0, -12.0, 83.0, 14.0, 13.0, -14.0, 93.0, 23.0, 14.0, 35.0, -40.0, 12.0, 14.0]"
2,1791639900.3527207,"[0.0007679999999936626, 8.701977, 13.799655000000001, 13.623873000000003, 0.0007679999999936626, 24.346575, 14.327000999999996, 14.502782999999994, 0.0007679999999936626, 8.614086000000015, 13.008635999999996, 13.887546000000015, 11.690270999999996, 137.63807400000002, 54.58107900000002, 40.43062800000001]","[0.0, 3.0, 2.0, 1.0, 1.0, 11.0, 3.0, 1.0, 1.0, 9.0, 6.0, 2.0, 6.0, -6.0, 3.0, 3.0]","[-8.0, 53.0, 19.0, 19.0, -11.0, 56.0, 14.0, 13.0, -14.0, 53.0, 17.0, 14.0, 26.0, -37.0, 12.0, 14.0]"
2,1791639900.580662,"[0.0007679999999936626, 8.614086000000015, 14.766456000000005, 15.469583999999998, 0.0007679999999936626, 26.016503999999998, 15.381693000000013, 15.821147999999994, 0.0007679999999936626, 9.229322999999994, 13.799655000000001, 14.85434699999999, 11.690270999999996, 134.473998, 55.635771000000005, 41.39742899999999]","[0.0, 0.0, 2.0, 3.0, 1.0, 1.0, 1.0, 3.0, 0.0, 1.0, 4.0, 1.0, 1.0, -4.0, 1.0, 2.0]","[-9.0, 66.0, 19.0, 16.0, -12.0, 62.0, 13.0, 12.0, -13.0, 59.0, 17.0, 15.0, 30.0, -34.0, 12.0, 14.0]"
2,1791639900.8046556,"[0.0007679999999936626, 10.108233000000013, 15.733257000000009, 16.436385, 0.0007679999999936626, 28.30167, 16.524276000000015, 16.787948999999998, 0.0007679999999936626, 9.229322999999994, 14.766456000000005, 15.996929999999992, 13.53598199999999, 131.13414, 56.77835400000001, 42.452121000000005]","[0.0, 1.0, 2.0, 2.0, 1.0, 4.0, 3.0, 1.0, 0.0, 1.0, 1.0, 1.0, 3.0, -2.0, 3.0, 2.0]","[-9.0, 59.0, 20.0, 15.0, -12.0, 59.0, 14.0, 12.0, -13.0, 70.0, 18.0, 14.0, 25.0, -32.0, 12.0, 13.0]"
2,1791639901.0286515,"[0.0007679999999936626, 10.108233000000013, 16.787948999999998, 17.403186000000005, 0.0007679999999936626, 29.883708000000013, 17.666858999999988, 17.75475, 0.0007679999999936626, 9.229322999999994, 16.084821000000005, 16.963730999999996, 13.711763999999988, 127.88217300000002, 57.833045999999996, 43.41892200000001]","[0.0, 1.0, 1.0, 3.0, 0.0, 1.0, 4.0, 1.0, 1.0, 1.0, 3.0, 3.0, 1.0, -4.0, 1.0, 1.0]","[-9.0, 70.0, 19.0, 17.0, -11.0, 61.0, 12.0, 13.0, -14.0, 85.0, 17.0, 14.0, 32.0, -31.0, 12.0, 14.0]"
2,1791639901.2526023,"[0.0007679999999936626, 12.21761699999999, 17.930532, 18.19420500000001, 0.0007679999999936626, 32.432547, 18.36998700000001, 18.721551000000005, 0.0007679999999936626, 11.075033999999988, 16.87584000000001, 18.19420500000001, 15.733257000000009, 125.15755200000001, 59.06352000000001, 44.38572300000001]","[0.0, 5.0, 3.0, 4.0, 1.0, 9.0, 1.0, 3.0, 0.0, 8.0, 2.0, 3.0, 3.0, -2.0, 4.0, 1.0]","[-9.0, 53.0, 19.0, 17.0, -12.0, 56.0, 14.0, 12.0, -13.0, 66.0, 17.0, 13.0, 24.0, -31.0, 12.0, 15.0]"
2,1791639901.472956,"[0.0007679999999936626, 12.305508000000003, 18.80944199999999, 19.336788000000013, 0.0007679999999936626, 34.45403999999999, 19.336788000000013, 19.68835200000001, 0.0007679999999936626, 13.448091000000005, 18.106313999999998, 18.897333000000003, 16.348493999999988, 122.78449499999999, 60.118212, 45.616197]","[0.0, 0.0, 1.0, 1.0, 1.0, 3.0, 2.0, 2.0, 0.0, 2.0, 1.0, 1.0, 7.0, 0.0, 4.0, 1.0]","[-8.0, 69.0, 19.0, 15.0, -12.0, 55.0, 14.0, 12.0, -13.0, 53.0, 17.0, 14.0, 27.0, -37.0, 11.0, 14.0]"
2,1791639901.697148,"[0.0007679999999936626, 13.448091000000005, 19.952024999999992, 20.39148, 0.0007679999999936626, 36.739205999999996, 20.215698000000003, 20.655153000000013, 0.0007679999999936626, 13.53598199999999, 19.161006000000015, 20.215698000000003, 17.842641000000015, 118.82940000000002, 61.260795, 46.49510699999999]","[0.0, 5.0, 2.0, 1.0, 1.0, 8.0, 1.0, 1.0, 1.0, 1.0, 4.0, 3.0, 1.0, -6.0, 4.0, 2.0]","[-8.0, 67.0, 19.0, 16.0, -13.0, 48.0, 13.0, 12.0, -14.0, 68.0, 16.0, 13.0, 25.0, -30.0, 10.0, 14.0]"
2,1791639901.923434,"[0.0007679999999936626, 14.414892000000009, 20.918825999999996, 21.44617199999999, 0.0007679999999936626, 38.672808, 21.00671700000001, 21.709845, 0.0007679999999936626, 14.23911000000001, 20.215698000000003, 21.094607999999994, 18.19420500000001, 115.48954200000003, 62.13970499999999, 47.54979900000001]","[0.0, 5.0, 1.0, 2.0, 1.0, 3.0, 1.0, 3.0, 1.0, 1.0, 2.0, 2.0, 4.0, -5.0, 1.0, 2.0]","[-8.0, 63.0, 19.0, 16.0, -12.0, 54.0, 15.0, 12.0, -14.0, 71.0, 16.0, 13.0, 28.0, -29.0, 11.0, 15.0]"
2,1791639902.147418,"[0.0007679999999936626, 14.766456000000005, 22.061408999999998, 22.500864000000007, 0.0007679999999936626, 40.78219200000001, 21.885627, 22.76453699999999, 0.08865900000000693, 14.23911000000001, 21.00671700000001, 22.32508200000001, 20.215698000000003, 112.41335700000002, 63.45806999999999, 48.51660000000001]","[0.0, 1.0, 1.0, 1.0, 1.0, 7.0, 2.0, 1.0, 1.0, 1.0, 1.0, 2.0, 3.0, -4.0, 3.0, 1.0]","[-9.0, 76.0, 19.0, 16.0, -13.0, 46.0, 15.0, 13.0, -14.0, 85.0, 18.0, 14.0, 22.0, -27.0, 11.0, 14.0]"
2,1791639902.3723106,"[0.0007679999999936626, 17.227404000000007, 22.852428000000003, 22.500864000000007, 0.0007679999999936626, 42.803685, 22.588754999999992, 23.64344700000001, 0.08865900000000693, 14.23911000000001, 21.885627, 22.676646000000005, 20.39148, 109.33717200000001, 64.51276200000001, 49.483401000000015]","[0.0, 8.0, 5.0, 0.0, 1.0, 1.0, 1.0, 1.0, 1.0, 1.0, 5.0, 5.0, 1.0, -2.0, 3.0, 2.0]","[-9.0, 53.0, 19.0, 20.0, -12.0, 53.0, 16.0, 13.0, -13.0, 100.0, 16.0, 14.0, 27.0, -28.0, 10.0, 15.0]"
2,1791639902.594674,"[0.0007679999999936626, 17.403186000000005, 23.731337999999994, 24.346575, 0.0007679999999936626, 45.791979, 23.64344700000001, 24.78603000000001, 0.08865900000000693, 18.018423000000013, 23.116101000000015, 24.08290199999999, 22.14930000000001, 105.909423, 65.47956300000001, 50.362311000000005]","[0.0, 1.0, 1.0, 3.0, 1.0, 11.0, 3.0, 1.0, 1.0, 19.0, 1.0, 3.0, 4.0, -7.0, 3.0, 2.0]","[-9.0, 63.0, 19.0, 16.0, -13.0, 38.0, 16.0, 12.0, -14.0, 54.0, 17.0, 13.0, 23.0, -22.0, 10.0, 13.0]"
2,1791639902.8205004,"[0.0007679999999936626, 19.336788000000013, 24.78603000000001, 25.489158000000003, 0.0007679999999936626, 47.461907999999994, 24.96181200000001, 25.752831000000015, 0.08865900000000693, 18.985223999999988, 24.258683999999988, 25.489158000000003, 23.203992, 102.65745600000002, 66.79792800000001, 51.50489400000001]","[0.0, 3.0, 1.0, 1.0, 1.0, 1.0, 4.0, 1.0, 0.0, 2.0, 3.0, 2.0, 1.0, -4.0, 3.0, 3.0]","[-9.0, 56.0, 20.0, 16.0, -12.0, 49.0, 15.0, 12.0, -14.0, 64.0, 16.0, 12.0, 20.0, -21.0, 10.0, 14.0]"
2,1791639903.0410054,"[0.0007679999999936626, 19.336788000000013, 25.752831000000015, 26.368067999999994, 0.0007679999999936626, 49.13183699999999, 25.840722, 26.895413999999988, 0.0007679999999936626, 18.985223999999988, 25.137594000000007, 26.368067999999994, 23.907119999999992, 100.28439900000001, 67.237383, 52.03224]","[0.0, 1.0, 2.0, 1.0, 1.0, 1.0, 1.0, 1.0, 1.0, 1.0, 2.0, 2.0, 1.0, 0.0, 1.0, 1.0]","[-9.0, 67.0, 20.0, 17.0, -12.0, 48.0, 15.0, 12.0, -14.0, 77.0, 17.0, 12.0, 30.0, -29.0, 11.0, 15.0]"
2,1791639903.268497,"[0.0007679999999936626, 19.336788000000013, 26.631741000000005, 27.59854200000001, 0.0007679999999936626, 51.50489400000001, 27.071196000000015, 27.42276000000001, 0.08865900000000693, 19.424678999999998, 26.10439500000001, 27.510650999999996, 23.995011000000005, 99.66916200000003, 67.14949200000001, 52.120131000000015]","[0.0, 1.0, 1.0, 2.0, 1.0, 9.0, 3.0, 1.0, 1.0, 1.0, 2.0, 4.0, 1.0, 0.0, 0.0, 1.0]","[-9.0, 78.0, 20.0, 15.0, -12.0, 39.0, 15.0, 14.0, -14.0, 81.0, 16.0, 13.0, 29.0, -47.0, 15.0, 17.0]"
2,1791639903.4894,"[0.0007679999999936626, 22.412972999999994, 27.686432999999994, 28.653233999999998, 0.0007679999999936626, 53.79006000000001, 28.213778999999988, 28.565343000000013, 0.0007679999999936626, 19.424678999999998, 27.246978000000013, 28.653233999999998, 23.995011000000005, 98.43868800000001, 67.14949200000001, 52.208022]","[0.0, 6.0, 4.0, 3.0, 0.0, 5.0, 1.0, 1.0, 1.0, 1.0, 1.0, 2.0, 0.0, 0.0, 0.0, 0.0]","[-9.0, 54.0, 20.0, 15.0, -12.0, 41.0, 15.0, 12.0, -14.0, 96.0, 17.0, 12.0, 39.0, -71.0, 20.0, 22.0]"
2,1791639903.7138774,"[0.0007679999999936626, 22.500864000000007, 28.653233999999998, 29.532143999999988, 0.0007679999999936626, 56.77835400000001, 29.35636199999999, 29.883708000000013, 0.08865900000000693, 23.819229000000007, 28.125888000000003, 29.707926000000015, 23.731337999999994, 98.87814300000002, 67.061601, 52.208022]","[0.0, 1.0, 2.0, 3.0, 0.0, 9.0, 3.0, 2.0, 0.0, 14.0, 1.0, 2.0, 0.0, 1.0, 0.0, 0.0]","[-9.0, 64.0, 20.0, 16.0, -13.0, 30.0, 13.0, 12.0, -13.0, 48.0, 16.0, 11.0, 11.0, -12.0, 9.0, 0.0]"
2,1791639903.9404175,"[0.0007679999999936626, 22.588754999999992, 29.532143999999988, 30.762618000000003, 0.0007679999999936626, 58.18460999999999, 30.586836000000005, 30.762618000000003, 0.08865900000000693, 23.995011000000005, 29.35636199999999, 30.762618000000003, 23.731337999999994, 98.87814300000002, 67.14949200000001, 52.208022]","[0.0, 1.0, 1.0, 3.0, 0.0, 1.0, 2.0, 1.0, 1.0, 1.0, 1.0, 4.0, 1.0, 1.0, 1.0, 0.0]","[-9.0, 73.0, 20.0, 15.0, -12.0, 39.0, 13.0, 12.0, -14.0, 63.0, 17.0, 12.0, 10.0, -12.0, 9.0, 0.0]"
2,1791639904.1643255,"[0.0007679999999936626, 25.66494, 30.67472699999999, 31.729419000000007, 0.0007679999999936626, 60.82133999999999, 31.55363700000001, 31.905201000000005, 0.08865900000000693, 23.995011000000005, 30.23527200000001, 31.641527999999994, 23.64344700000001, 98.87814300000002, 67.14949200000001, 52.208022]","[0.0, 11.0, 3.0, 2.0, 1.0, 7.0, 1.0, 1.0, 1.0, 1.0, 2.0, 2.0, 0.0, 1.0, 0.0, 1.0]","[-9.0, 44.0, 20.0, 16.0, -12.0, 33.0, 13.0, 11.0, -14.0, 74.0, 16.0, 12.0, 10.0, -10.0, 10.0, 0.0]"
2,1791639904.3883848,"[0.0007679999999936626, 26.543849999999992, 31.729419000000007, 32.69622000000001, 0.0007679999999936626, 63.37017900000001, 32.69622000000001, 32.87200200000001, 0.08865900000000693, 27.42276000000001, 31.114182, 32.52043800000001, 23.731337999999994, 98.87814300000002, 67.14949200000001, 52.208022]","[0.0, 1.0, 2.0, 2.0, 1.0, 7.0, 3.0, 1.0, 1.0, 12.0, 2.0, 2.0, 0.0, 1.0, 1.0, 1.0]","[-8.0, 53.0, 20.0, 16.0, -12.0, 28.0, 13.0, 12.0, -14.0, 40.0, 15.0, 13.0, 10.0, -11.0, 11.0, 0.0]"
2,1791639904.6123428,"[0.0007679999999936626, 27.862214999999992, 32.87200200000001, 33.83880300000001, 0.0007679999999936626, 65.567454, 34.01458500000001, 34.102475999999996, 0.08865900000000693, 28.213778999999988, 32.52043800000001, 33.663021000000015, 23.731337999999994, 98.87814300000002, 67.14949200000001, 52.208022]","[0.0, 3.0, 3.0, 1.0, 0.0, 2.0, 5.0, 4.0, 1.0, 1.0, 1.0, 3.0, 1.0, 1.0, 1.0, 1.0]","[-8.0, 45.0, 18.0, 16.0, -12.0, 26.0, 12.0, 12.0, -14.0, 49.0, 15.0, 12.0, 11.0, -11.0, 10.0, 0.0]"
2,1791639904.8363442,"[0.0007679999999936626, 28.91690700000001, 33.83880300000001, 34.80560399999999, 0.08865900000000693, 67.501056, 34.981386000000015, 35.069277, 0.08865900000000693, 28.477452, 33.57513, 34.541931000000005, 23.731337999999994, 98.87814300000002, 67.14949200000001, 52.208022]","[1.0, 1.0, 1.0, 1.0, 2.0, 1.0, 3.0, 4.0, 1.0, 3.0, 2.0, 1.0, 1.0, 1.0, 0.0, 0.0]","[-8.0, 49.0, 19.0, 16.0, -12.0, 27.0, 12.0, 12.0, -14.0, 56.0, 16.0, 13.0, 11.0, -11.0, 10.0, 0.0]"
2,1791639905.0572877,"[0.0007679999999936626, 29.532143999999988, 34.981386000000015, 35.860296000000005, 0.08865900000000693, 70.04989499999999, 36.21186, 35.94818699999999, 0.08865900000000693, 28.653233999999998, 34.45403999999999, 35.245059, 23.731337999999994, 98.87814300000002, 67.14949200000001, 52.208022]","[1.0, 7.0, 4.0, 1.0, 0.0, 5.0, 4.0, 1.0, 1.0, 1.0, 1.0, 1.0, 1.0, 1.0, 1.0, 0.0]","[-6.0, 48.0, 18.0, 15.0, -12.0, 24.0, 11.0, 12.0, -14.0, 66.0, 14.0, 12.0, 10.0, -11.0, 9.0, 0.0]"
2,1791639905.2842264,"[-0.08712299999999118, 31.55363700000001, 36.21186, 36.739205999999996, 0.0007679999999936626, 72.335061, 37.354443, 37.09076999999999, 0.08865900000000693, 30.67472699999999, 35.596622999999994, 36.47553300000001, 23.731337999999994, 98.87814300000002, 67.14949200000001, 52.208022]","[0.0, 2.0, 4.0, 1.0, 0.0, 7.0, 2.0, 3.0, 1.0, 16.0, 2.0, 1.0, 1.0, 1.0, 1.0, 0.0]","[0.0, 43.0, 18.0, 16.0, -12.0, 20.0, 11.0, 11.0, -14.0, 47.0, 16.0, 12.0, 11.0, -11.0, 9.0, 0.0]"
2,1791639905.505344,"[-0.08712299999999118, 31.55363700000001, 37.178661000000005, 37.79389800000001, 0.0007679999999936626, 74.70811800000001, 38.40913499999999, 38.057570999999996, 0.08865900000000693, 32.784110999999996, 36.739205999999996, 37.354443, 23.731337999999994, 98.87814300000002, 67.14949200000001, 52.208022]","[1.0, 1.0, 1.0, 4.0, 0.0, 3.0, 2.0, 2.0, 1.0, 1.0, 4.0, 1.0, 0.0, 1.0, 0.0, 1.0]","[-6.0, 54.0, 18.0, 16.0, -12.0, 19.0, 10.0, 11.0, -14.0, 42.0, 14.0, 13.0, 11.0, -11.0, 9.0, 0.0]"
2,1791639905.732239,"[-0.08712299999999118, 33.04778400000001, 38.32124400000001, 38.58491699999999, 0.0007679999999936626, 75.23546400000001, 38.76069899999999, 38.40913499999999, 0.08865900000000693, 32.784110999999996, 37.79389800000001, 38.58491699999999, 23.731337999999994, 98.87814300000002, 67.14949200000001, 52.208022]","[1.0, 9.0, 3.0, 2.0, 0.0, 0.0, 1.0, 1.0, 1.0, 1.0, 3.0, 2.0, 1.0, 1.0, 1.0, 1.0]","[-6.0, 44.0, 17.0, 16.0, -11.0, 29.0, 12.0, 13.0, -14.0, 53.0, 14.0, 12.0, 10.0, -12.0, 9.0, 0.0]"
2,1791639905.955299,"[-0.08712299999999118, 34.62982199999999, 39.28804500000001, 39.63960900000001, 0.0007679999999936626, 75.67491900000002, 38.84859, 39.024372, 0.08865900000000693, 33.223566000000005, 38.84859, 39.63960900000001, 23.731337999999994, 98.87814300000002, 67.14949200000001, 52.208022]","[1.0, 3.0, 1.0, 4.0, 0.0, 1.0, 1.0, 1.0, 1.0, 8.0, 3.0, 3.0, 1.0, 1.0, 0.0, 1.0]","[-2.0, 46.0, 18.0, 17.0, -8.0, 42.0, 16.0, 14.0, -14.0, 54.0, 14.0, 12.0, 10.0, -11.0, 9.0, 0.0]"
2,1791639906.178346,"[-0.08712299999999118, 34.717713, 40.43062800000001, 40.694300999999996, -0.08712299999999118, 76.29015600000002, 38.84859, 39.11226300000001, 0.08865900000000693, 35.77240499999999, 39.815391000000005, 40.78219200000001, 23.731337999999994, 98.87814300000002, 67.14949200000001, 52.208022]","[0.0, 1.0, 3.0, 2.0, 1.0, 1.0, 1.0, 1.0, 0.0, 3.0, 4.0, 5.0, 1.0, 1.0, 0.0, 1.0]","[0.0, 54.0, 17.0, 17.0, 0.0, 56.0, 20.0, 16.0, -14.0, 41.0, 13.0, 11.0, 10.0, -11.0, 10.0, 0.0]"
2,1791639906.404437,"[-0.08712299999999118, 36.65131500000001, 41.661102, 41.573211000000015, -0.08712299999999118, 76.29015600000002, 38.936481000000015, 39.46382700000001, 0.08865900000000693, 35.94818699999999, 41.04586499999999, 41.661102, 23.731337999999994, 98.87814300000002, 67.061601, 52.208022]","[0.0, 5.0, 3.0, 3.0, 0.0, 1.0, 1.0, 1.0, 1.0, 1.0, 4.0, 2.0, 1.0, 1.0, 0.0, 0.0]","[0.0, 51.0, 16.0, 15.0, 0.0, 79.0, 24.0, 21.0, -14.0, 52.0, 13.0, 12.0, 10.0, -11.0, 10.0, 0.0]"
2,1791639906.6255958,"[-0.08712299999999118, 36.65131500000001, 42.627903, 42.803685, -0.08712299999999118, 75.76281, 38.84859, 39.46382700000001, 0.08865900000000693, 37.79389800000001, 42.012665999999996, 42.803685, 23.731337999999994, 98.87814300000002, 67.14949200000001, 52.208022]","[0.0, 1.0, 1.0, 1.0, 0.0, 0.0, 1.0, 1.0, 0.0, 2.0, 1.0, 3.0, 1.0, 1.0, 0.0, 0.0]","[0.0, 53.0, 17.0, 15.0, 0.0, 10.0, 10.0, 6.0, -15.0, 43.0, 12.0, 12.0, 10.0, -11.0, 10.0, 0.0]"
2,1791639906.8521929,"[-0.08712299999999118, 36.739205999999996, 43.68259499999999, 43.506812999999994, -0.08712299999999118, 75.76281, 38.84859, 39.375935999999996, 0.08865900000000693, 37.79389800000001, 43.155249, 43.85837699999999, 23.731337999999994, 98.87814300000002, 67.14949200000001, 52.208022]","[0.0, 1.0, 3.0, 1.0, 1.0, 0.0, 1.0, 0.0, 0.0, 0.0, 2.0, 2.0, 0.0, 1.0, 1.0, 0.0]","[0.0, 58.0, 17.0, 16.0, 0.0, 10.0, 10.0, 10.0, -14.0, 53.0, 13.0, 11.0, 11.0, -12.0, 9.0, 0.0]"
2,1791639907.0734367,"[-0.08712299999999118, 40.166955, 44.825177999999994, 45.00095999999999, -0.08712299999999118, 75.76281, 38.84859, 39.375935999999996, 0.08865900000000693, 37.881789, 44.297832, 45.00095999999999, 23.731337999999994, 98.87814300000002, 67.14949200000001, 52.208022]","[0.0, 7.0, 2.0, 3.0, 0.0, 0.0, 1.0, 0.0, 0.0, 1.0, 3.0, 3.0, 1.0, 1.0, 1.0, 0.0]","[0.0, 34.0, 16.0, 15.0, 0.0, 11.0, 9.0, 10.0, -14.0, 64.0, 13.0, 11.0, 11.0, -11.0, 10.0, 1.0]"
2,1791639907.2982275,"[-0.08712299999999118, 40.254846000000015, 45.70408800000001, 45.791979, -0.08712299999999118, 75.76281, 38.84859, 39.375935999999996, 0.08865900000000693, 37.881789, 45.088851000000005, 45.967760999999996, 23.731337999999994, 98.87814300000002, 67.14949200000001, 52.208022]","[0.0, 1.0, 1.0, 1.0, 0.0, 0.0, 1.0, 0.0, 0.0, 1.0, 2.0, 2.0, 1.0, 1.0, 1.0, 1.0]","[0.0, 47.0, 15.0, 16.0, 0.0, 10.0, 10.0, 10.0, -14.0, 76.0, 12.0, 11.0, 11.0, -12.0, 9.0, 0.0]"
2,1791639907.5204859,"[-0.08712299999999118, 41.661102, 46.75878, 47.19823500000001, -0.08712299999999118, 75.76281, 38.84859, 39.375935999999996, 0.17654999999999177, 41.92477500000001, 46.31932499999999, 47.110344, 23.731337999999994, 98.87814300000002, 67.14949200000001, 52.208022]","[0.0, 3.0, 2.0, 3.0, 0.0, 0.0, 1.0, 1.0, 1.0, 14.0, 6.0, 3.0, 1.0, 1.0, 1.0, 1.0]","[0.0, 40.0, 16.0, 15.0, 0.0, 11.0, 9.0, 8.0, -14.0, 37.0, 11.0, 11.0, 11.0, -11.0, 10.0, 0.0]"
2,1791639907.7441459,"[-0.08712299999999118, 41.836884, 47.81347199999999, 48.165036000000015, -0.08712299999999118, 75.76281, 38.84859, 39.375935999999996, 0.17654999999999177, 42.36422999999999, 47.461907999999994, 48.252927, 23.731337999999994, 98.87814300000002, 67.14949200000001, 52.208022]","[0.0, 1.0, 3.0, 2.0, 0.0, 0.0, 1.0, 0.0, 0.0, 0.0, 4.0, 4.0, 1.0, 1.0, 0.0, 0.0]","[0.0, 51.0, 15.0, 15.0, 0.0, 10.0, 10.0, 10.0, -14.0, 48.0, 11.0, 10.0, 11.0, -11.0, 10.0, 0.0]"
2,1791639907.9686832,"[-0.08712299999999118, 44.38572300000001, 48.69238200000001, 49.219728, -0.08712299999999118, 75.76281, 38.84859, 39.375935999999996, 0.08865900000000693, 44.209941000000015, 48.428709, 49.043946000000005, 23.731337999999994, 98.87814300000002, 67.14949200000001, 52.120131000000015]","[0.0, 9.0, 3.0, 3.0, 0.0, 0.0, 1.0, 1.0, 1.0, 7.0, 4.0, 2.0, 0.0, 1.0, 1.0, 0.0]","[0.0, 32.0, 16.0, 16.0, 0.0, 10.0, 9.0, 10.0, -14.0, 38.0, 11.0, 11.0, 10.0, -11.0, 10.0, 1.0]"
2,1791639908.1921241,"[-0.08712299999999118, 45.616197, 49.747074, 50.45020199999999, -0.08712299999999118, 75.76281, 38.84859, 39.46382700000001, 0.08865900000000693, 45.967760999999996, 49.483401000000015, 50.18652900000001, 23.731337999999994, 98.87814300000002, 67.14949200000001, 52.208022]","[0.0, 1.0, 1.0, 1.0, 1.0, 0.0, 1.0, 1.0, 0.0, 4.0, 2.0, 3.0, 0.0, 1.0, 0.0, 0.0]","[0.0, 35.0, 17.0, 15.0, 0.0, 11.0, 10.0, 1.0, -14.0, 34.0, 11.0, 11.0, 11.0, -11.0, 10.0, 1.0]"
2,1791639908.420079,"[-0.08712299999999118, 45.616197, 50.713875, 51.417002999999994, -0.08712299999999118, 75.76281, 38.84859, 39.375935999999996, 0.08865900000000693, 45.967760999999996, 50.62598400000002, 51.065439, 23.731337999999994, 98.87814300000002, 67.061601, 52.208022]","[0.0, 1.0, 1.0, 2.0, 0.0, 0.0, 1.0, 0.0, 0.0, 1.0, 1.0, 2.0, 1.0, 1.0, 0.0, 0.0]","[0.0, 42.0, 16.0, 14.0, 0.0, 10.0, 9.0, 10.0, -14.0, 42.0, 12.0, 11.0, 11.0, -11.0, 9.0, 0.0]"
2,1791639908.6439662,"[-0.08712299999999118, 47.81347199999999, 51.94434900000002, 52.383804, -0.08712299999999118, 75.76281, 38.84859, 39.375935999999996, 0.08865900000000693, 47.63768999999999, 51.856458, 52.120131000000015, 23.731337999999994, 98.87814300000002, 67.14949200000001, 52.208022]","[0.0, 9.0, 2.0, 3.0, 1.0, 0.0, 1.0, 1.0, 0.0, 1.0, 2.0, 3.0, 1.0, 1.0, 1.0, 0.0]","[0.0, 28.0, 16.0, 15.0, -1.0, 11.0, 10.0, 8.0, -13.0, 37.0, 11.0, 11.0, 10.0, -11.0, 10.0, 0.0]"
2,1791639908.8649607,"[-0.08712299999999118, 49.13183699999999, 52.999041000000005, 53.526387, -0.08712299999999118, 75.76281, 38.84859, 39.375935999999996, 0.08865900000000693, 47.63768999999999, 52.735367999999994, 53.08693199999999, 23.731337999999994, 98.87814300000002, 67.14949200000001, 52.208022]","[0.0, 1.0, 4.0, 3.0, 1.0, 0.0, 1.0, 1.0, 0.0, 1.0, 3.0, 4.0, 1.0, 1.0, 1.0, 1.0]","[0.0, 31.0, 15.0, 15.0, 0.0, 11.0, 10.0, 9.0, -14.0, 45.0, 11.0, 10.0, 11.0, -11.0, 10.0, 0.0]"
2,1791639909.089626,"[-0.08712299999999118, 50.098637999999994, 53.96584200000001, 54.317406000000005, -0.08712299999999118, 75.76281, 38.84859, 39.375935999999996, 0.08865900000000693, 50.18652900000001, 53.79006000000001, 53.96584200000001, 23.731337999999994, 98.87814300000002, 67.14949200000001, 52.208022]","[0.0, 2.0, 3.0, 4.0, 0.0, 0.0, 1.0, 0.0, 1.0, 8.0, 3.0, 2.0, 1.0, 1.0, 0.0, 0.0]","[0.0, 29.0, 15.0, 14.0, 0.0, 11.0, 9.0, 10.0, -14.0, 29.0, 10.0, 11.0, 10.0, -12.0, 10.0, 0.0]"
2,1791639909.3133447,"[-0.08712299999999118, 50.18652900000001, 55.196315999999996, 55.45998900000001, -0.08712299999999118, 75.76281, 38.84859, 39.375935999999996, 0.08865900000000693, 51.417002999999994, 54.844752, 55.10842500000001, 23.731337999999994, 98.87814300000002, 67.14949200000001, 52.208022]","[1.0, 1.0, 3.0, 3.0, 0.0, 0.0, 1.0, 0.0, 0.0, 1.0, 1.0, 2.0, 1.0, 1.0, 1.0, 1.0]","[0.0, 38.0, 15.0, 15.0, 0.0, 10.0, 9.0, 10.0, -14.0, 31.0, 11.0, 10.0, 10.0, -11.0, 9.0, 0.0]"
2,1791639909.5367777,"[-0.08712299999999118, 52.120131000000015, 56.075226000000015, 56.338899, -0.08712299999999118, 75.76281, 38.84859, 39.375935999999996, 0.08865900000000693, 51.417002999999994, 55.987335, 55.987335, 23.731337999999994, 98.87814300000002, 67.061601, 52.208022]","[1.0, 8.0, 1.0, 4.0, 1.0, 0.0, 1.0, 0.0, 1.0, 1.0, 4.0, 1.0, 0.0, 1.0, 0.0, 1.0]","[0.0, 27.0, 15.0, 14.0, 0.0, 11.0, 9.0, 10.0, -14.0, 37.0, 10.0, 12.0, 10.0, -11.0, 10.0, 0.0]"
2,1791639909.7599943,"[-0.08712299999999118, 53.61427800000001, 57.129918, 57.21780900000002, -0.08712299999999118, 75.76281, 38.84859, 39.375935999999996, 0.08865900000000693, 52.999041000000005, 56.86624499999999, 57.04202699999999, 23.731337999999994, 98.87814300000002, 67.14949200000001, 52.208022]","[1.0, 3.0, 1.0, 1.0, 0.0, 0.0, 0.0, 0.0, 0.0, 3.0, 1.0, 3.0, 1.0, 1.0, 0.0, 1.0]","[-1.0, 28.0, 15.0, 15.0, 0.0, 11.0, 9.0, 11.0, -14.0, 32.0, 11.0, 11.0, 12.0, -11.0, 10.0, 0.0]"
2,1791639909.9878554,"[0.0007679999999936626, 54.756861000000015, 58.36039199999999, 58.272501000000005, -0.08712299999999118, 75.76281, 38.84859, 39.375935999999996, 0.08865900000000693, 54.756861000000015, 58.008827999999994, 58.008827999999994, 23.731337999999994, 98.87814300000002, 67.14949200000001, 52.208022]","[1.0, 1.0, 4.0, 3.0, 1.0, 0.0, 1.0, 1.0, 0.0, 7.0, 5.0, 4.0, 1.0, 1.0, 1.0, 1.0]","[-6.0, 28.0, 14.0, 15.0, -1.0, 10.0, 9.0, 9.0, -14.0, 26.0, 10.0, 11.0, 11.0, -11.0, 10.0, 0.0]"
2,1791639910.2092526,"[-0.08712299999999118, 55.811553, 59.50297499999999, 59.23930200000001, -0.08712299999999118, 75.76281, 38.84859, 39.375935999999996, 0.08865900000000693, 55.372097999999994, 59.06352000000001, 58.88773800000001, 23.731337999999994, 98.87814300000002, 67.14949200000001, 52.208022]","[1.0, 1.0, 2.0, 4.0, 0.0, 0.0, 1.0, 0.0, 0.0, 1.0, 2.0, 1.0, 1.0, 1.0, 1.0, 1.0]","[-2.0, 28.0, 14.0, 14.0, 0.0, 10.0, 10.0, 11.0, -14.0, 29.0, 10.0, 11.0, 11.0, -11.0, 9.0, 0.0]"
2,1791639910.4358802,"[-0.08712299999999118, 56.86624499999999, 59.590866000000005, 60.293994, -0.08712299999999118, 75.76281, 38.84859, 39.375935999999996, 0.08865900000000693, 56.25100800000001, 59.327192999999994, 60.030321000000015, 23.731337999999994, 98.87814300000002, 67.14949200000001, 52.208022]","[0.0, 3.0, 1.0, 2.0, 1.0, 0.0, 1.0, 0.0, 0.0, 1.0, 1.0, 1.0, 1.0, 1.0, 1.0, 1.0]","[-1.0, 27.0, 14.0, 15.0, 0.0, 11.0, 9.0, 9.0, -15.0, 31.0, 10.0, 11.0, 10.0, -12.0, 10.0, 0.0]"
2,1791639910.6565928,"[-0.08712299999999118, 58.008827999999994, 59.590866000000005, 61.348686000000015, -0.08712299999999118, 75.76281, 38.84859, 39.375935999999996, 0.08865900000000693, 56.42679000000001, 59.41508400000001, 60.99712199999999, 23.731337999999994, 98.87814300000002, 67.14949200000001, 52.208022]","[1.0, 1.0, 1.0, 2.0, 1.0, 0.0, 1.0, 0.0, 0.0, 1.0, 1.0, 1.0, 1.0, 1.0, 0.0, 0.0]","[-1.0, 24.0, 14.0, 14.0, 0.0, 11.0, 9.0, 11.0, -15.0, 37.0, 9.0, 11.0, 10.0, -11.0, 10.0, 6.0]"
2,1791639910.881272,"[0.0007679999999936626, 59.06352000000001, 59.590866000000005, 62.13970499999999, -0.08712299999999118, 75.76281, 38.84859, 39.375935999999996, 0.08865900000000693, 56.42679000000001, 59.41508400000001, 62.13970499999999, 23.731337999999994, 98.87814300000002, 67.061601, 52.120131000000015]","[1.0, 3.0, 1.0, 1.0, 0.0, 0.0, 1.0, 0.0, 0.0, 1.0, 1.0, 3.0, 1.0, 1.0, 0.0, 0.0]","[-2.0, 22.0, 14.0, 14.0, 0.0, 10.0, 9.0, 10.0, -14.0, 46.0, 10.0, 11.0, 10.0, -12.0, 9.0, 2.0]"
2,1791639911.1042755,"[0.0007679999999936626, 59.41508400000001, 59.590866000000005, 63.37017900000001, -0.08712299999999118, 75.76281, 38.84859, 39.375935999999996, 0.08865900000000693, 59.85453900000002, 59.41508400000001, 63.106505999999996, 23.731337999999994, 98.87814300000002, 67.14949200000001, 52.208022]","[1.0, 1.0, 1.0, 4.0, 0.0, 0.0, 1.0, 0.0, 0.0, 11.0, 1.0, 1.0, 1.0, 1.0, 0.0, 1.0]","[-8.0, 29.0, 14.0, 14.0, 0.0, 11.0, 9.0, 10.0, -14.0, 24.0, 10.0, 11.0, 11.0, -11.0, 9.0, 0.0]"
2,1791639911.3278706,"[-0.08712299999999118, 60.909231000000005, 59.590866000000005, 64.249089, -0.08712299999999118, 75.76281, 38.84859, 39.375935999999996, 0.08865900000000693, 61.085013000000004, 59.41508400000001, 63.985416000000015, 23.731337999999994, 98.87814300000002, 67.14949200000001, 52.208022]","[1.0, 4.0, 1.0, 1.0, 0.0, 0.0, 1.0, 0.0, 0.0, 1.0, 1.0, 1.0, 1.0, 1.0, 1.0, 0.0]","[-3.0, 21.0, 14.0, 14.0, 0.0, 11.0, 10.0, 9.0, -15.0, 25.0, 10.0, 12.0, 10.0, -11.0, 9.0, 0.0]"
2,1791639911.553357,"[-0.08712299999999118, 62.31548699999999, 59.590866000000005, 65.30378100000001, -0.08712299999999118, 75.76281, 38.84859, 39.375935999999996, 0.08865900000000693, 61.17290400000002, 59.41508400000001, 65.040108, 23.731337999999994, 98.87814300000002, 67.14949200000001, 52.208022]","[0.0, 2.0, 1.0, 2.0, 0.0, 0.0, 1.0, 1.0, 0.0, 1.0, 1.0, 1.0, 0.0, 1.0, 1.0, 0.0]","[0.0, 21.0, 14.0, 15.0, 0.0, 12.0, 9.0, 11.0, -13.0, 32.0, 10.0, 11.0, 10.0, -10.0, 10.0, 0.0]"
2,1791639911.7765179,"[-0.08712299999999118, 63.45806999999999, 59.67875699999999, 66.44636400000002, -0.08712299999999118, 75.76281, 38.84859, 39.375935999999996, 0.08865900000000693, 63.282287999999994, 59.41508400000001, 66.00690900000001, 23.731337999999994, 98.87814300000002, 67.14949200000001, 52.208022]","[1.0, 3.0, 1.0, 1.0, 1.0, 0.0, 1.0, 0.0, 0.0, 6.0, 1.0, 1.0, 1.0, 1.0, 1.0, 1.0]","[0.0, 23.0, 14.0, 14.0, -1.0, 11.0, 10.0, 9.0, -14.0, 24.0, 9.0, 12.0, 12.0, -12.0, 10.0, 0.0]"
2,1791639912.0036588,"[-0.08712299999999118, 64.249089, 59.766648, 67.32527400000001, -0.08712299999999118, 75.76281, 38.84859, 39.375935999999996, 0.08865900000000693, 64.33698000000001, 59.41508400000001, 67.14949200000001, 23.731337999999994, 98.87814300000002, 67.14949200000001, 52.208022]","[0.0, 0.0, 1.0, 2.0, 0.0, 0.0, 1.0, 0.0, 1.0, 2.0, 1.0, 4.0, 1.0, 1.0, 1.0, 1.0]","[0.0, 23.0, 14.0, 13.0, 0.0, 11.0, 9.0, 10.0, -14.0, 23.0, 10.0, 10.0, 10.0, -12.0, 9.0, 0.0]"
2,1791639912.2248714,"[-0.08712299999999118, 64.249089, 59.766648, 68.204184, -0.08712299999999118, 75.76281, 38.84859, 39.375935999999996, 0.08865900000000693, 65.12799900000002, 59.41508400000001, 68.11629300000001, 23.731337999999994, 98.87814300000002, 67.14949200000001, 52.208022]","[0.0, 1.0, 1.0, 2.0, 0.0, 0.0, 1.0, 0.0, 0.0, 1.0, 1.0, 3.0, 1.0, 1.0, 0.0, 1.0]","[0.0, 28.0, 14.0, 14.0, 0.0, 10.0, 9.0, 9.0, -15.0, 26.0, 9.0, 11.0, 10.0, -11.0, 10.0, 0.0]"
2,1791639912.4515,"[-0.08712299999999118, 65.040108, 59.766648, 68.73152999999999, -0.08712299999999118, 75.76281, 38.84859, 39.375935999999996, 0.08865900000000693, 65.743236, 59.41508400000001, 68.90731199999999, 23.731337999999994, 98.87814300000002, 67.14949200000001, 52.208022]","[0.0, 1.0, 1.0, 5.0, 0.0, 0.0, 1.0, 0.0, 0.0, 1.0, 1.0, 2.0, 1.0, 1.0, 0.0, 1.0]","[0.0, 32.0, 13.0, 15.0, 0.0, 11.0, 10.0, 10.0, -14.0, 28.0, 10.0, 11.0, 10.0, -11.0, 10.0, 0.0]"
2,1791639912.6734393,"[-0.08712299999999118, 65.47956300000001, 59.766648, 69.698331, -0.08712299999999118, 75.76281, 38.84859, 39.375935999999996, 0.17654999999999177, 66.182691, 59.41508400000001, 70.04989499999999, 23.731337999999994, 98.87814300000002, 67.061601, 52.208022]","[0.0, 3.0, 1.0, 3.0, 0.0, 0.0, 1.0, 0.0, 0.0, 1.0, 1.0, 3.0, 1.0, 1.0, 1.0, 1.0]","[0.0, 39.0, 14.0, 15.0, 0.0, 11.0, 9.0, 9.0, -14.0, 31.0, 10.0, 11.0, 11.0, -11.0, 10.0, 0.0]"
2,1791639912.8995974,"[-0.08712299999999118, 65.47956300000001, 59.766648, 70.40145900000002, -0.08712299999999118, 75.76281, 38.84859, 39.375935999999996, 0.17654999999999177, 67.41316499999999, 59.41508400000001, 71.10458700000001, 23.731337999999994, 98.87814300000002, 67.061601, 52.208022]","[0.0, 1.0, 1.0, 1.0, 0.0, 0.0, 1.0, 0.0, 1.0, 3.0, 1.0, 2.0, 1.0, 1.0, 0.0, 1.0]","[0.0, 41.0, 14.0, 16.0, 0.0, 10.0, 9.0, 10.0, -14.0, 30.0, 10.0, 10.0, 11.0, -10.0, 9.0, 0.0]"
2,1791639913.123598,"[-0.08712299999999118, 66.710037, 59.67875699999999, 71.192478, -0.08712299999999118, 75.76281, 38.84859, 39.375935999999996, 0.17654999999999177, 68.73152999999999, 59.41508400000001, 72.07138800000001, 23.731337999999994, 98.87814300000002, 67.14949200000001, 52.208022]","[0.0, 1.0, 0.0, 1.0, 0.0, 0.0, 1.0, 1.0, 1.0, 8.0, 1.0, 1.0, 0.0, 1.0, 1.0, 1.0]","[8.0, 40.0, 14.0, 16.0, 0.0, 11.0, 10.0, 9.0, -14.0, 24.0, 10.0, 11.0, 11.0, -11.0, 10.0, 0.0]"
2,1791639913.347374,"[-0.08712299999999118, 67.061601, 59.590866000000005, 71.807715, -0.08712299999999118, 75.76281, 38.84859, 39.375935999999996, 0.17654999999999177, 70.04989499999999, 59.41508400000001, 73.03818900000002, 23.731337999999994, 98.87814300000002, 67.14949200000001, 52.208022]","[0.0, 1.0, 0.0, 1.0, 0.0, 0.0, 1.0, 0.0, 1.0, 1.0, 0.0, 2.0, 0.0, 1.0, 1.0, 0.0]","[9.0, 49.0, 13.0, 19.0, 0.0, 10.0, 9.0, 10.0, -15.0, 25.0, 10.0, 11.0, 10.0, -11.0, 10.0, 0.0]"
2,1791639913.569837,"[-0.08712299999999118, 67.76472900000002, 59.590866000000005, 72.950298, -0.08712299999999118, 75.76281, 38.84859, 39.375935999999996, 0.17654999999999177, 70.48935, 59.41508400000001, 73.91709900000001, 23.731337999999994, 98.87814300000002, 67.14949200000001, 52.208022]","[0.0, 4.0, 0.0, 3.0, 0.0, 0.0, 1.0, 0.0, 1.0, 1.0, 0.0, 2.0, 1.0, 1.0, 0.0, 1.0]","[8.0, 47.0, 14.0, 17.0, 0.0, 11.0, 10.0, 9.0, -15.0, 29.0, 10.0, 12.0, 10.0, -11.0, 10.0, 0.0]"
2,1791639913.795925,"[-0.08712299999999118, 67.85262, 59.590866000000005, 73.03818900000002, -0.08712299999999118, 75.76281, 38.84859, 39.375935999999996, 0.17654999999999177, 71.456151, 59.41508400000001, 74.971791, 23.731337999999994, 98.87814300000002, 67.14949200000001, 52.208022]","[0.0, 1.0, 0.0, 1.0, 0.0, 0.0, 1.0, 0.0, 1.0, 1.0, 0.0, 1.0, 1.0, 1.0, 1.0, 0.0]","[8.0, 60.0, 14.0, 21.0, 0.0, 10.0, 9.0, 10.0, -14.0, 29.0, 10.0, 11.0, 10.0, -11.0, 9.0, 0.0]"
2,1791639914.016843,"[-0.08712299999999118, 67.237383, 59.590866000000005, 73.03818900000002, -0.08712299999999118, 75.76281, 38.84859, 39.375935999999996, 0.17654999999999177, 71.89560600000002, 59.41508400000001, 75.49913699999999, 23.731337999999994, 98.87814300000002, 67.14949200000001, 52.208022]","[0.0, 0.0, 0.0, 1.0, 0.0, 0.0, 1.0, 0.0, 1.0, 1.0, 0.0, 1.0, 1.0, 1.0, 1.0, 1.0]","[8.0, 11.0, 0.0, 0.0, 0.0, 11.0, 9.0, 8.0, -15.0, 33.0, 10.0, 12.0, 10.0, -11.0, 10.0, 0.0]"
2,1791639914.243167,"[-0.08712299999999118, 67.237383, 59.590866000000005, 73.03818900000002, -0.08712299999999118, 75.76281, 38.84859, 39.375935999999996, 0.08865900000000693, 72.59873400000001, 59.41508400000001, 76.29015600000002, 23.731337999999994, 98.87814300000002, 67.14949200000001, 52.208022]","[0.0, 0.0, 0.0, 1.0, 0.0, 0.0, 1.0, 0.0, 0.0, 1.0, 0.0, 1.0, 1.0, 1.0, 0.0, 0.0]","[8.0, 11.0, 0.0, 0.0, 0.0, 10.0, 9.0, 10.0, -15.0, 36.0, 10.0, 13.0, 11.0, -12.0, 10.0, 0.0]"
2,1791639914.467482,"[-0.08712299999999118, 67.237383, 59.590866000000005, 73.03818900000002, -0.08712299999999118, 75.76281, 38.84859, 39.375935999999996, 0.08865900000000693, 72.59873400000001, 59.41508400000001, 77.43273900000003, 23.731337999999994, 98.87814300000002, 67.14949200000001, 52.208022]","[0.0, 0.0, 0.0, 1.0, 0.0, 0.0, 1.0, 0.0, 0.0, 1.0, 0.0, 2.0, 1.0, 1.0, 1.0, 0.0]","[9.0, 11.0, 0.0, 0.0, 0.0, 11.0, 9.0, 10.0, -14.0, 43.0, 10.0, 12.0, 12.0, -12.0, 10.0, 0.0]"
2,1791639914.6914308,"[-0.08712299999999118, 67.237383, 59.590866000000005, 73.03818900000002, -0.08712299999999118, 75.76281, 38.84859, 39.375935999999996, 0.08865900000000693, 73.477644, 59.41508400000001, 78.751104, 23.731337999999994, 98.87814300000002, 67.14949200000001, 52.208022]","[0.0, 0.0, 0.0, 1.0, 0.0, 0.0, 1.0, 0.0, 0.0, 1.0, 0.0, 3.0, 0.0, 1.0, 1.0, 1.0]","[8.0, 11.0, 0.0, 0.0, 0.0, 11.0, 9.0, 10.0, -14.0, 46.0, 9.0, 11.0, 11.0, -11.0, 10.0, 0.0]"
2,1791639914.912196,"[-0.08712299999999118, 67.237383, 59.590866000000005, 73.03818900000002, -0.08712299999999118, 75.76281, 38.84859, 39.375935999999996, 0.08865900000000693, 73.477644, 59.41508400000001, 78.751104, 23.731337999999994, 98.87814300000002, 67.14949200000001, 52.208022]","[0.0, 0.0, 0.0, 1.0, 0.0, 0.0, 1.0, 0.0, 0.0, 1.0, 0.0, 1.0, 0.0, 1.0, 1.0, 1.0]","[8.0, 11.0, 0.0, 0.0, 0.0, 10.0, 9.0, 9.0, -14.0, 55.0, 10.0, 15.0, 11.0, -12.0, 9.0, 0.0]"
2,1791639915.1377668,"[-0.08712299999999118, 67.237383, 59.590866000000005, 73.03818900000002, -0.08712299999999118, 75.76281, 38.84859, 39.375935999999996, 0.08865900000000693, 74.268663, 59.41508400000001, 80.59681499999999, 23.731337999999994, 98.87814300000002, 67.14949200000001, 52.208022]","[0.0, 0.0, 0.0, 1.0, 0.0, 0.0, 1.0, 0.0, 0.0, 0.0, 0.0, 3.0, 1.0, 1.0, 0.0, 0.0]","[8.0, 11.0, 0.0, 0.0, 0.0, 10.0, 9.0, 10.0, -13.0, 59.0, 9.0, 12.0, 11.0, -11.0, 10.0, 0.0]"
2,1791639915.3602247,"[-0.08712299999999118, 67.237383, 59.590866000000005, 73.03818900000002, -0.08712299999999118, 75.76281, 38.84859, 39.375935999999996, 0.08865900000000693, 74.35655400000002, 59.41508400000001, 81.387834, 23.731337999999994, 98.87814300000002, 67.14949200000001, 52.208022]","[0.0, 0.0, 0.0, 1.0, 0.0, 0.0, 1.0, 0.0, 0.0, 1.0, 0.0, 2.0, 1.0, 1.0, 1.0, 0.0]","[8.0, 11.0, 0.0, 0.0, 0.0, 10.0, 9.0, 10.0, -14.0, 70.0, 10.0, 13.0, 11.0, -11.0, 10.0, 0.0]"
2,1791639915.5850856,"[-0.08712299999999118, 67.237383, 59.590866000000005, 73.03818900000002, -0.08712299999999118, 75.76281, 38.84859, 39.375935999999996, 0.08865900000000693, 74.35655400000002, 59.41508400000001, 82.35463500000003, 23.731337999999994, 98.87814300000002, 67.14949200000001, 52.208022]","[0.0, 1.0, 0.0, 1.0, 0.0, 0.0, 1.0, 0.0, 0.0, 1.0, 0.0, 1.0, 1.0, 1.0, 0.0, 1.0]","[8.0, 11.0, 0.0, 0.0, 0.0, 11.0, 10.0, 9.0, -14.0, 82.0, 10.0, 13.0, 11.0, -12.0, 10.0, 0.0]"
2,1791639915.808529,"[-0.08712299999999118, 67.237383, 59.590866000000005, 73.03818900000002, -0.08712299999999118, 75.76281, 38.84859, 39.375935999999996, 0.08865900000000693, 76.29015600000002, 59.41508400000001, 83.93667299999998, 23.64344700000001, 98.87814300000002, 67.14949200000001, 52.208022]","[0.0, 1.0, 0.0, 1.0, 0.0, 0.0, 1.0, 0.0, 0.0, 6.0, 1.0, 4.0, 1.0, 1.0, 1.0, 0.0]","[9.0, 11.0, 0.0, 0.0, 0.0, 10.0, 9.0, 10.0, -15.0, 62.0, 10.0, 11.0, 10.0, -11.0, 10.0, 0.0]"
2,1791639916.035317,"[-0.08712299999999118, 67.237383, 59.590866000000005, 73.03818900000002, -0.08712299999999118, 75.76281, 38.84859, 39.375935999999996, 0.08865900000000693, 77.34484800000001, 59.23930200000001, 84.815583, 23.731337999999994, 98.87814300000002, 67.061601, 52.208022]","[0.0, 1.0, 0.0, 1.0, 0.0, 0.0, 1.0, 0.0, 0.0, 1.0, 0.0, 2.0, 1.0, 1.0, 0.0, 0.0]","[8.0, 10.0, 0.0, 0.0, 0.0, 10.0, 9.0, 10.0, -14.0, 70.0, 10.0, 12.0, 11.0, -11.0, 10.0, 0.0]"
2,1791639916.259364,"[-0.08712299999999118, 67.237383, 59.590866000000005, 73.03818900000002, -0.08712299999999118, 75.76281, 38.84859, 39.375935999999996, 0.08865900000000693, 77.43273900000003, 59.23930200000001, 85.07925599999999, 23.731337999999994, 98.87814300000002, 67.14949200000001, 52.208022]","[0.0, 1.0, 0.0, 1.0, 0.0, 0.0, 1.0, 0.0, 0.0, 1.0, 0.0, 1.0, 1.0, 1.0, 0.0, 1.0]","[8.0, 11.0, 0.0, 0.0, 0.0, 11.0, 10.0, 9.0, -14.0, 80.0, 10.0, 15.0, 10.0, -12.0, 9.0, 0.0]"
2,1791639916.4807768,"[-0.08712299999999118, 67.237383, 59.590866000000005, 73.03818900000002, -0.08712299999999118, 75.76281, 38.84859, 39.375935999999996, 0.08865900000000693, 77.43273900000003, 59.23930200000001, 85.167147, 23.731337999999994, 98.87814300000002, 67.14949200000001, 52.208022]","[0.0, 1.0, 0.0, 1.0, 0.0, 0.0, 1.0, 0.0, 0.0, 1.0, 0.0, 1.0, 1.0, 1.0, 0.0, 1.0]","[8.0, 11.0, 0.0, 0.0, 0.0, 11.0, 9.0, 9.0, -14.0, 96.0, 10.0, 18.0, 11.0, -12.0, 10.0, 2.0]"
2,1791639916.70727,"[-0.08712299999999118, 67.237383, 59.590866000000005, 73.03818900000002, -0.08712299999999118, 75.76281, 38.84859, 39.375935999999996, 0.08865900000000693, 78.83899500000001, 59.151410999999996, 86.92496699999998, 23.731337999999994, 98.87814300000002, 67.14949200000001, 52.208022]","[0.0, 1.0, 0.0, 1.0, 0.0, 0.0, 1.0, 0.0, 0.0, 1.0, 0.0, 1.0, 1.0, 1.0, 0.0, 1.0]","[8.0, 11.0, 0.0, 0.0, 0.0, 11.0, 9.0, 11.0, -15.0, 90.0, 11.0, 15.0, 11.0, -12.0, 10.0, 0.0]"
2,1791639916.9310284,"[-0.08712299999999118, 67.237383, 59.590866000000005, 73.03818900000002, -0.08712299999999118, 75.76281, 38.84859, 39.375935999999996, 0.08865900000000693, 78.83899500000001, 59.151410999999996, 86.92496699999998, 23.731337999999994, 98.87814300000002, 67.14949200000001, 52.208022]","[0.0, 1.0, 0.0, 1.0, 0.0, 0.0, 1.0, 0.0, 0.0, 1.0, 0.0, 1.0, 1.0, 1.0, 1.0, 1.0]","[8.0, 10.0, 0.0, 0.0, 0.0, 10.0, 10.0, 9.0, -14.0, 105.0, 11.0, 18.0, 11.0, -12.0, 9.0, 0.0]"
2,1791639917.152025,"[-0.08712299999999118, 67.237383, 59.590866000000005, 73.03818900000002, -0.08712299999999118, 75.76281, 38.84859, 39.375935999999996, 0.08865900000000693, 79.19055900000001, 59.151410999999996, 87.18864000000002, 23.731337999999994, 98.87814300000002, 67.14949200000001, 52.208022]","[0.0, 1.0, 0.0, 1.0, 0.0, 0.0, 1.0, 0.0, 0.0, 1.0, 0.0, 2.0, 0.0, 1.0, 0.0, 0.0]","[8.0, 11.0, 0.0, 0.0, 0.0, 11.0, 9.0, 9.0, -14.0, 115.0, 12.0, 18.0, 11.0, -12.0, 11.0, 0.0]"
2,1791639917.376323,"[-0.08712299999999118, 67.237383, 59.590866000000005, 73.03818900000002, -0.08712299999999118, 75.76281, 38.84859, 39.375935999999996, 0.08865900000000693, 79.19055900000001, 59.151410999999996, 87.18864000000002, 23.731337999999994, 98.87814300000002, 67.14949200000001, 52.120131000000015]","[0.0, 1.0, 0.0, 1.0, 0.0, 0.0, 1.0, 0.0, 0.0, 1.0, 0.0, 0.0, 0.0, 1.0, 1.0, 0.0]","[8.0, 11.0, 0.0, 0.0, 0.0, 10.0, 11.0, 11.0, -14.0, 131.0, 12.0, 18.0, 11.0, -11.0, 9.0, 1.0]"
2,1791639917.6031718,"[-0.08712299999999118, 67.237383, 59.590866000000005, 73.03818900000002, -0.08712299999999118, 75.76281, 38.84859, 39.375935999999996, 0.08865900000000693, 79.19055900000001, 59.151410999999996, 87.18864000000002, 23.731337999999994, 98.87814300000002, 67.14949200000001, 52.208022]","[0.0, 1.0, 0.0, 1.0, 0.0, 0.0, 1.0, 0.0, 0.0, 1.0, 0.0, 1.0, 1.0, 1.0, 1.0, 0.0]","[8.0, 11.0, 0.0, 0.0, 0.0, 11.0, 9.0, 9.0, -13.0, 150.0, 11.0, 17.0, 11.0, -11.0, 10.0, 0.0]"
2,1791639917.824511,"[-0.08712299999999118, 67.237383, 59.590866000000005, 73.03818900000002, -0.08712299999999118, 75.76281, 38.84859, 39.375935999999996, 0.08865900000000693, 78.31164899999999, 59.06352000000001, 87.18864000000002, 23.731337999999994, 98.87814300000002, 67.14949200000001, 52.208022]","[0.0, 1.0, 0.0, 1.0, 0.0, 0.0, 1.0, 0.0, 0.0, 0.0, 0.0, 0.0, 1.0, 1.0, 1.0, 1.0]","[8.0, 11.0, 0.0, 0.0, 0.0, 10.0, 9.0, 9.0, 13.0, 12.0, 9.0, 9.0, 11.0, -11.0, 10.0, 0.0]"
3,1791639920.079976,"[-0.08712299999999118, -5.009018999999995, -1.053923999999995, -0.17501400000000444, -0.08712299999999118, -5.184800999999993, 0.0007679999999936626, -0.2629049999999893, 0.08865900000000693, -5.272692000000006, -1.053923999999995, 0.08865900000000693, -2.196506999999997, 178.41949799999998, 40.166955, 25.840722]","[1.0, 1.0, 0.0, 1.0, 0.0, 1.0, 0.0, 1.0, 1.0, 1.0, 1.0, 1.0, 1.0, 1.0, 0.0, 0.0]","[0.0, 33.0, 16.0, 14.0, 0.0, 33.0, -9.0, 10.0, -14.0, 35.0, 11.0, -10.0, 16.0, 16.0, -11.0, -16.0]"
3,1791639920.3041666,"[-0.5265780000000007, -5.009018999999995, -0.790251000000012, 0.08865900000000693, -0.08712299999999118, -4.833236999999997, 0.7038960000000145, -0.08712299999999118, 0.7038960000000145, -5.272692000000006, -0.9660330000000101, 0.26444100000000503, -2.196506999999997, 178.06793399999998, 40.254846000000015, 25.928613000000013]","[0.0, 1.0, 1.0, 1.0, 1.0, 1.0, 1.0, 1.0, 1.0, 1.0, 1.0, 1.0, 1.0, 0.0, 1.0, 1.0]","[-9.0, 46.0, 19.0, 15.0, 0.0, 45.0, 10.0, 11.0, 14.0, 55.0, 15.0, 10.0, 22.0, -13.0, 11.0, 13.0]"
3,1791639920.5310085,"[-1.4054879999999912, -3.7785450000000083, -0.08712299999999118, 0.44022300000000314, -0.08712299999999118, -3.60276300000001, 1.2312420000000088, 0.08865900000000693, 1.407024000000007, -3.866435999999993, -0.6144689999999855, 0.26444100000000503, -2.196506999999997, 177.71636999999998, 40.518519, 26.368067999999994]","[0.0, 1.0, 3.0, 1.0, 0.0, 1.0, 1.0, 1.0, 5.0, 2.0, 1.0, 1.0, 1.0, 1.0, 0.0, 1.0]","[-9.0, 58.0, 19.0, 15.0, 0.0, 53.0, 11.0, 15.0, 14.0, 60.0, 16.0, 14.0, 27.0, -25.0, 13.0, 14.0]"
3,1791639920.7519531,"[-2.548070999999993, -1.5812699999999893, 0.8796780000000126, 1.582806000000005, -0.08712299999999118, -3.60276300000001, 2.0222610000000145, 1.407024000000007, 2.813279999999992, -3.866435999999993, 0.17654999999999177, 1.0554600000000107, -2.196506999999997, 176.92535099999998, 40.95797400000001, 27.159087]","[-1.0, 5.0, 1.0, 3.0, 0.0, 1.0, 2.0, 2.0, 2.0, 1.0, 1.0, 1.0, 0.0, 0.0, 5.0, 1.0]","[-9.0, 54.0, 19.0, 17.0, 0.0, 75.0, 12.0, 12.0, 14.0, 88.0, 16.0, 13.0, 33.0, -40.0, 13.0, 14.0]"
3,1791639920.9763372,"[-3.426981000000012, 0.26444100000000503, 1.7585880000000031, 2.549607000000009, -0.08712299999999118, 0.3523319999999899, 2.725389000000007, 2.1101519999999994, 2.901171000000005, 0.26444100000000503, 1.407024000000007, 1.0554600000000107, -2.108616000000012, 173.40971100000002, 42.188447999999994, 28.03799699999999]","[0.0, 1.0, 1.0, 3.0, 0.0, 9.0, 2.0, 1.0, 1.0, 7.0, 4.0, 1.0, 0.0, -6.0, 1.0, 1.0]","[-9.0, 51.0, 20.0, 17.0, 0.0, 55.0, 12.0, 14.0, 16.0, 59.0, 16.0, 17.0, 42.0, -34.0, 13.0, 15.0]"
3,1791639921.2017965,"[-4.393781999999987, 0.3523319999999899, 2.725389000000007, 3.6042989999999975, -0.08712299999999118, 2.0222610000000145, 3.4285169999999994, 3.3406260000000145, 4.6589910000000145, 0.9675689999999975, 1.846478999999988, 3.164843999999988, -0.9660330000000101, 169.981962, 42.979467, 29.180579999999992]","[-1.0, 1.0, 2.0, 3.0, 0.0, 3.0, 1.0, 4.0, 2.0, 2.0, 1.0, 5.0, 12.0, -6.0, 1.0, 2.0]","[-9.0, 78.0, 19.0, 16.0, 0.0, 58.0, 13.0, 13.0, 14.0, 75.0, 19.0, 12.0, 33.0, -31.0, 14.0, 14.0]"
3,1791639921.4269245,"[-5.360582999999991, 4.131644999999992, 3.7800809999999956, 4.483208999999988, -0.08712299999999118, 3.6921900000000107, 4.483208999999988, 4.30742699999999, 5.713683000000003, 3.076953000000003, 2.813279999999992, 4.043754000000007, 0.7038960000000145, 168.31203299999999, 44.297832, 29.268471000000005]","[0.0, 7.0, 3.0, 2.0, 1.0, 1.0, 2.0, 1.0, 2.0, 18.0, 2.0, 1.0, 1.0, 0.0, 1.0, 1.0]","[-9.0, 53.0, 20.0, 17.0, 0.0, 64.0, 14.0, 13.0, 14.0, 60.0, 18.0, 14.0, 32.0, -44.0, 14.0, 14.0]"
3,1791639921.6508932,"[-5.975819999999999, 4.30742699999999, 4.834773000000013, 5.713683000000003, -0.08712299999999118, 6.153138000000013, 5.362119000000007, 5.274227999999994, 6.328920000000011, 6.153138000000013, 4.219536000000005, 4.9226639999999975, 1.7585880000000031, 164.79639300000002, 45.440415, 29.268471000000005]","[0.0, 1.0, 4.0, 3.0, 1.0, 3.0, 4.0, 1.0, 5.0, 1.0, 3.0, 1.0, 4.0, -8.0, 1.0, 1.0]","[-11.0, 77.0, 19.0, 15.0, 0.0, 60.0, 13.0, 14.0, 14.0, 60.0, 17.0, 15.0, 30.0, -35.0, 13.0, 14.0]"
3,1791639921.8722157,"[-7.2062939999999855, 8.438303999999988, 5.889465000000001, 6.504702000000009, -0.08712299999999118, 7.823067000000009, 6.2410289999999975, 6.416810999999996, 7.735175999999996, 8.438303999999988, 4.30742699999999, 6.328920000000011, 2.549607000000009, 161.720208, 46.582998, 29.268471000000005]","[-1.0, 10.0, 3.0, 5.0, 0.0, 8.0, 4.0, 5.0, 3.0, 4.0, 1.0, 2.0, 7.0, -5.0, 4.0, 1.0]","[-10.0, 51.0, 20.0, 16.0, 0.0, 61.0, 14.0, 12.0, 14.0, 59.0, 20.0, 12.0, 32.0, -36.0, 12.0, 15.0]"
3,1791639922.0989056,"[-8.260986000000003, 10.108233000000013, 6.416810999999996, 7.647285000000011, -0.08712299999999118, 10.020342, 7.207830000000001, 7.471503000000013, 7.735175999999996, 9.405104999999992, 5.9773560000000145, 7.207830000000001, 3.867972000000009, 158.46824099999998, 47.461907999999994, 29.268471000000005]","[-1.0, 1.0, 6.0, 3.0, 0.0, 3.0, 0.0, 2.0, 1.0, 13.0, 1.0, 4.0, 4.0, -3.0, 2.0, 1.0]","[-10.0, 58.0, 20.0, 16.0, 0.0, 59.0, 14.0, 13.0, 16.0, 61.0, 17.0, 13.0, 32.0, -34.0, 13.0, 15.0]"
3,1791639922.32119,"[-9.315677999999991, 10.108233000000013, 7.910957999999994, 8.614086000000015, -0.08712299999999118, 11.426598000000013, 8.26252199999999, 8.526195000000001, 9.668778000000003, 9.668778000000003, 7.119938999999988, 7.998849000000007, 4.483208999999988, 155.74362000000002, 48.34081800000001, 29.268471000000005]","[-1.0, 1.0, 2.0, 1.0, 0.0, 1.0, 1.0, 2.0, 4.0, 1.0, 3.0, 5.0, 3.0, -3.0, 1.0, 1.0]","[-9.0, 81.0, 19.0, 16.0, 0.0, 66.0, 13.0, 12.0, 13.0, 93.0, 16.0, 15.0, 33.0, -39.0, 13.0, 14.0]"
3,1791639922.5466635,"[-10.19458800000001, 14.063328000000013, 8.701977, 9.668778000000003, -0.08712299999999118, 13.623873000000003, 9.317214000000007, 9.405104999999992, 10.635579000000007, 12.481290000000001, 7.735175999999996, 9.317214000000007, 6.153138000000013, 152.75532600000003, 49.571292, 29.268471000000005]","[0.0, 5.0, 5.0, 4.0, 0.0, 9.0, 1.0, 1.0, 1.0, 22.0, 5.0, 3.0, 4.0, -6.0, 4.0, 1.0]","[-10.0, 59.0, 20.0, 17.0, 0.0, 55.0, 14.0, 13.0, 14.0, 64.0, 17.0, 13.0, 31.0, -34.0, 13.0, 15.0]"
3,1791639922.7677517,"[-10.985606999999987, 15.645365999999996, 9.932451000000015, 10.723469999999992, -0.08712299999999118, 15.996929999999992, 10.28401500000001, 10.371905999999996, 11.60238000000001, 15.909039000000007, 9.141432000000009, 10.108233000000013, 6.856266000000005, 150.47016000000002, 50.362311000000005, 29.268471000000005]","[-2.0, 6.0, 4.0, 3.0, 0.0, 3.0, 1.0, 1.0, 2.0, 1.0, 3.0, 1.0, 5.0, 0.0, 1.0, 1.0]","[-11.0, 59.0, 20.0, 15.0, 0.0, 59.0, 13.0, 12.0, 15.0, 63.0, 16.0, 13.0, 31.0, -45.0, 14.0, 14.0]"
3,1791639922.9918973,"[-12.216081000000003, 18.018423000000013, 10.89925199999999, 11.514488999999998, -0.08712299999999118, 16.787948999999998, 10.371905999999996, 11.426598000000013, 12.657072, 18.106313999999998, 9.756668999999988, 11.162925000000001, 8.26252199999999, 147.306084, 51.417002999999994, 29.268471000000005]","[-2.0, 1.0, 2.0, 2.0, 1.0, 8.0, 2.0, 3.0, 1.0, 2.0, 4.0, 3.0, 4.0, -4.0, 3.0, 1.0]","[-10.0, 58.0, 19.0, 17.0, -1.0, 62.0, 16.0, 12.0, 14.0, 61.0, 16.0, 14.0, 30.0, -40.0, 12.0, 15.0]"
3,1791639923.2187161,"[-13.094990999999993, 20.303588999999988, 11.690270999999996, 12.744963000000013, -0.08712299999999118, 20.12780699999999, 12.305508000000003, 12.393398999999988, 13.360199999999992, 19.336788000000013, 10.89925199999999, 12.21761699999999, 9.141432000000009, 144.05411700000002, 52.47169500000001, 29.268471000000005]","[-1.0, 5.0, 2.0, 3.0, 1.0, 2.0, 2.0, 1.0, 6.0, 1.0, 1.0, 2.0, 1.0, -7.0, 4.0, 1.0]","[-10.0, 51.0, 20.0, 17.0, -1.0, 56.0, 13.0, 14.0, 14.0, 70.0, 19.0, 13.0, 32.0, -36.0, 12.0, 15.0]"
3,1791639923.4393656,"[-14.237573999999995, 22.14930000000001, 12.832853999999998, 13.53598199999999, -0.08712299999999118, 20.479371000000015, 13.272309000000007, 13.53598199999999, 14.678564999999992, 19.336788000000013, 11.514488999999998, 13.184417999999994, 9.141432000000009, 140.977932, 53.350605, 29.268471000000005]","[0.0, 2.0, 3.0, 3.0, 0.0, 7.0, 1.0, 1.0, 2.0, 1.0, 5.0, 2.0, 1.0, 0.0, 2.0, 1.0]","[-9.0, 72.0, 20.0, 16.0, 0.0, 70.0, 14.0, 12.0, 13.0, 97.0, 18.0, 14.0, 36.0, -41.0, 13.0, 14.0]"
3,1791639923.6638246,"[-15.292266000000012, 23.907119999999992, 13.887546000000015, 14.502782999999994, -0.08712299999999118, 24.522357, 14.327000999999996, 14.414892000000009, 15.645365999999996, 19.600460999999996, 13.096527000000009, 13.887546000000015, 11.426598000000013, 137.63807400000002, 54.493188, 29.268471000000005]","[-1.0, 6.0, 3.0, 4.0, 0.0, 6.0, 2.0, 1.0, 2.0, 2.0, 5.0, 1.0, 5.0, -6.0, 2.0, 1.0]","[-10.0, 60.0, 19.0, 17.0, -1.0, 54.0, 13.0, 12.0, 14.0, 111.0, 19.0, 15.0, 29.0, -35.0, 12.0, 15.0]"
3,1791639923.8907533,"[-16.434848999999986, 26.631741000000005, 15.030128999999988, 15.55747500000001, -0.08712299999999118, 24.698138999999998, 15.381693000000013, 15.821147999999994, 16.787948999999998, 26.983305, 13.799655000000001, 15.030128999999988, 11.866052999999994, 134.38610699999998, 55.635771000000005, 29.268471000000005]","[0.0, 8.0, 4.0, 2.0, 1.0, 1.0, 1.0, 2.0, 4.0, 8.0, 6.0, 3.0, 1.0, -4.0, 1.0, 1.0]","[-9.0, 47.0, 18.0, 16.0, -1.0, 77.0, 14.0, 12.0, 13.0, 46.0, 16.0, 13.0, 30.0, -33.0, 12.0, 14.0]"
3,1791639924.1147354,"[-17.40164999999999, 28.74112500000001, 15.909039000000007, 16.524276000000015, -0.08712299999999118, 28.565343000000013, 16.524276000000015, 16.787948999999998, 17.666858999999988, 28.389561000000015, 15.118020000000001, 15.996929999999992, 13.272309000000007, 131.13414, 56.60257200000001, 29.268471000000005]","[-2.0, 6.0, 3.0, 3.0, 0.0, 5.0, 3.0, 1.0, 1.0, 1.0, 3.0, 1.0, 2.0, -2.0, 2.0, 1.0]","[-10.0, 52.0, 18.0, 16.0, 0.0, 56.0, 13.0, 12.0, 14.0, 58.0, 17.0, 13.0, 30.0, -32.0, 12.0, 15.0]"
3,1791639924.3386898,"[-18.632124000000005, 31.114182, 17.139512999999994, 17.403186000000005, -0.08712299999999118, 29.883708000000013, 17.666858999999988, 17.75475, 18.633659999999992, 28.653233999999998, 16.17271199999999, 17.227404000000007, 14.327000999999996, 127.79428200000001, 57.74515500000001, 29.268471000000005]","[-2.0, 3.0, 4.0, 1.0, 1.0, 1.0, 5.0, 1.0, 1.0, 1.0, 2.0, 4.0, 1.0, -3.0, 1.0, 1.0]","[-10.0, 50.0, 18.0, 17.0, -8.0, 63.0, 12.0, 12.0, 13.0, 75.0, 16.0, 12.0, 29.0, -29.0, 13.0, 14.0]"
3,1791639924.5611086,"[-19.686815999999993, 32.784110999999996, 18.106313999999998, 18.545769000000007, -0.08712299999999118, 32.344656000000015, 18.36998700000001, 18.633659999999992, 19.68835200000001, 32.959892999999994, 17.315294999999992, 17.75475, 15.381693000000013, 125.069661, 58.88773800000001, 29.35636199999999]","[-2.0, 4.0, 2.0, 4.0, 0.0, 11.0, 1.0, 2.0, 4.0, 5.0, 2.0, 6.0, 1.0, -3.0, 3.0, 1.0]","[-9.0, 52.0, 18.0, 16.0, -10.0, 54.0, 14.0, 13.0, 14.0, 50.0, 15.0, 14.0, 28.0, -31.0, 11.0, 14.0]"
3,1791639924.7847323,"[-20.565726000000012, 35.245059, 19.248897, 19.51257000000001, 0.0007679999999936626, 34.45403999999999, 19.424678999999998, 19.68835200000001, 20.655153000000013, 34.278257999999994, 18.545769000000007, 19.248897, 15.381693000000013, 122.69660399999998, 59.85453900000002, 29.35636199999999]","[0.0, 7.0, 1.0, 3.0, 0.0, 2.0, 3.0, 3.0, 2.0, 1.0, 4.0, 4.0, 1.0, -1.0, 1.0, 1.0]","[-9.0, 47.0, 19.0, 17.0, -10.0, 57.0, 13.0, 13.0, 14.0, 57.0, 15.0, 12.0, 27.0, -37.0, 12.0, 14.0]"
3,1791639925.0106397,"[-21.7962, 37.178661000000005, 20.303588999999988, 20.479371000000015, 0.0007679999999936626, 36.82709700000001, 20.215698000000003, 20.655153000000013, 21.885627, 37.354443, 19.424678999999998, 20.215698000000003, 15.381693000000013, 118.82940000000002, 60.909231000000005, 29.35636199999999]","[-1.0, 5.0, 3.0, 3.0, 1.0, 8.0, 1.0, 1.0, 2.0, 5.0, 3.0, 1.0, 1.0, -6.0, 2.0, 1.0]","[-9.0, 47.0, 17.0, 16.0, -12.0, 47.0, 14.0, 14.0, 14.0, 46.0, 14.0, 14.0, 27.0, -29.0, 12.0, 14.0]"
3,1791639925.233109,"[-22.850891999999988, 39.28804500000001, 21.358281000000005, 21.709845, 0.0007679999999936626, 38.84859, 21.00671700000001, 21.709845, 22.412972999999994, 37.44233399999999, 20.655153000000013, 21.270389999999992, 15.381693000000013, 115.48954200000003, 61.963922999999994, 29.35636199999999]","[-1.0, 5.0, 3.0, 3.0, 1.0, 5.0, 1.0, 3.0, 1.0, 1.0, 2.0, 1.0, 1.0, -4.0, 4.0, 1.0]","[-9.0, 40.0, 17.0, 16.0, -13.0, 48.0, 15.0, 12.0, 14.0, 69.0, 15.0, 13.0, 28.0, -29.0, 12.0, 14.0]"
3,1791639925.458525,"[-23.905584000000005, 41.39742899999999, 22.500864000000007, 22.588754999999992, 0.0007679999999936626, 40.95797400000001, 21.885627, 22.76453699999999, 23.819229000000007, 41.573211000000015, 21.534063000000003, 22.32508200000001, 15.381693000000013, 112.325466, 62.84283300000001, 29.35636199999999]","[0.0, 3.0, 3.0, 2.0, 1.0, 8.0, 2.0, 1.0, 4.0, 13.0, 3.0, 1.0, 1.0, -4.0, 1.0, 1.0]","[-9.0, 44.0, 18.0, 16.0, -12.0, 46.0, 16.0, 13.0, 13.0, 41.0, 15.0, 13.0, 27.0, -28.0, 12.0, 14.0]"
3,1791639925.6792238,"[-24.87238500000001, 43.68259499999999, 23.379773999999998, 23.379773999999998, 0.0007679999999936626, 43.59470400000001, 22.676646000000005, 23.64344700000001, 24.873920999999996, 43.59470400000001, 22.76453699999999, 23.116101000000015, 15.469583999999998, 109.33717200000001, 64.073307, 29.35636199999999]","[-1.0, 9.0, 3.0, 5.0, 1.0, 3.0, 2.0, 2.0, 1.0, 4.0, 2.0, 3.0, 0.0, -2.0, 3.0, 1.0]","[-9.0, 38.0, 17.0, 17.0, -12.0, 44.0, 16.0, 12.0, 14.0, 45.0, 14.0, 13.0, 26.0, -28.0, 12.0, 15.0]"
3,1791639925.9055812,"[-25.927076999999997, 46.143542999999994, 24.258683999999988, 24.698138999999998, 0.0007679999999936626, 45.87987000000001, 23.64344700000001, 24.78603000000001, 25.66494, 46.31932499999999, 23.64344700000001, 24.434466000000015, 15.55747500000001, 105.909423, 64.68854400000001, 29.35636199999999]","[-2.0, 4.0, 2.0, 4.0, 1.0, 7.0, 1.0, 1.0, 5.0, 5.0, 1.0, 5.0, 1.0, -7.0, 3.0, 1.0]","[0.0, 39.0, 18.0, 17.0, -13.0, 39.0, 16.0, 12.0, 12.0, 39.0, 15.0, 12.0, 28.0, -23.0, 11.0, 14.0]"
3,1791639926.1305497,"[-26.981768999999986, 48.252927, 25.40126699999999, 25.577048999999988, 0.0007679999999936626, 47.901363, 24.96181200000001, 25.752831000000015, 26.983305, 47.98925399999999, 24.78603000000001, 25.66494, 15.55747500000001, 102.65745600000002, 66.09479999999999, 29.35636199999999]","[0.0, 6.0, 4.0, 2.0, 1.0, 3.0, 5.0, 1.0, 1.0, 4.0, 2.0, 4.0, 0.0, -5.0, 3.0, 1.0]","[0.0, 35.0, 17.0, 16.0, -12.0, 42.0, 15.0, 13.0, 0.0, 40.0, 14.0, 12.0, 27.0, -21.0, 12.0, 14.0]"
3,1791639926.3510504,"[-27.94856999999999, 50.362311000000005, 26.28017700000001, 26.71963199999999, 0.0007679999999936626, 50.098637999999994, 25.928613000000013, 26.895413999999988, 27.950106000000005, 50.889657, 25.928613000000013, 26.455959000000007, 15.645365999999996, 99.22970700000002, 67.061601, 29.35636199999999]","[0.0, 1.0, 1.0, 3.0, 1.0, 5.0, 1.0, 1.0, 1.0, 8.0, 3.0, 1.0, 0.0, -3.0, 1.0, 1.0]","[0.0, 37.0, 17.0, 15.0, -12.0, 41.0, 16.0, 12.0, 0.0, 32.0, 13.0, 12.0, 27.0, -19.0, 12.0, 15.0]"
3,1791639926.5763118,"[-28.82748000000001, 52.735367999999994, 27.246978000000013, 27.686432999999994, 0.0007679999999936626, 52.47169500000001, 27.071196000000015, 27.42276000000001, 29.004797999999994, 52.29591300000001, 26.895413999999988, 27.774324000000007, 15.645365999999996, 95.88984900000003, 68.29207500000001, 29.35636199999999]","[0.0, 7.0, 2.0, 2.0, 0.0, 5.0, 1.0, 1.0, 1.0, 3.0, 2.0, 3.0, 1.0, -1.0, 3.0, 1.0]","[-9.0, 30.0, 18.0, 16.0, -12.0, 35.0, 15.0, 13.0, -3.0, 38.0, 14.0, 11.0, 26.0, -18.0, 12.0, 14.0]"
3,1791639926.799945,"[-29.97006300000001, 55.28420700000001, 28.30167, 28.829015999999996, 0.0007679999999936626, 54.66897, 28.30167, 28.565343000000013, 30.05949000000001, 54.844752, 28.125888000000003, 28.829015999999996, 15.645365999999996, 92.725773, 69.08309400000002, 29.35636199999999]","[-3.0, 5.0, 1.0, 1.0, 1.0, 5.0, 2.0, 1.0, 1.0, 9.0, 4.0, 2.0, 1.0, -4.0, 1.0, 1.0]","[0.0, 34.0, 17.0, 16.0, -12.0, 35.0, 13.0, 12.0, 0.0, 30.0, 14.0, 11.0, 25.0, -18.0, 12.0, 14.0]"
3,1791639927.0246224,"[-30.936863999999986, 57.21780900000002, 29.268471000000005, 29.883708000000013, 0.0007679999999936626, 56.954136000000005, 29.444253000000003, 29.795817, 31.026291000000015, 56.42679000000001, 29.180579999999992, 29.883708000000013, 15.645365999999996, 90.00115199999999, 70.137786, 29.35636199999999]","[0.0, 6.0, 2.0, 4.0, 1.0, 5.0, 4.0, 1.0, 0.0, 1.0, 4.0, 2.0, 1.0, -4.0, 3.0, 1.0]","[0.0, 31.0, 17.0, 15.0, -12.0, 31.0, 13.0, 12.0, 0.0, 37.0, 12.0, 11.0, 28.0, -20.0, 11.0, 15.0]"
3,1791639927.2493255,"[-31.991556000000003, 59.327192999999994, 30.498944999999992, 30.9384, 0.0007679999999936626, 59.06352000000001, 30.586836000000005, 30.762618000000003, 32.16887399999999, 58.272501000000005, 29.883708000000013, 30.850508999999988, 15.996929999999992, 86.74918500000001, 71.456151, 29.35636199999999]","[-2.0, 1.0, 1.0, 1.0, 0.0, 3.0, 2.0, 1.0, 2.0, 11.0, 1.0, 1.0, 5.0, -5.0, 4.0, 1.0]","[0.0, 30.0, 17.0, 14.0, -11.0, 30.0, 12.0, 13.0, -12.0, 32.0, 14.0, 11.0, 22.0, -17.0, 10.0, 14.0]"
3,1791639927.4738498,"[-32.95835700000001, 61.52446800000001, 31.465745999999996, 31.905201000000005, 0.0007679999999936626, 61.612359, 31.729419000000007, 31.905201000000005, 33.04778400000001, 61.52446800000001, 31.114182, 31.905201000000005, 16.260603000000003, 83.49721799999998, 72.42295200000001, 29.35636199999999]","[0.0, 7.0, 2.0, 2.0, 1.0, 5.0, 2.0, 1.0, 1.0, 3.0, 1.0, 3.0, 1.0, -5.0, 3.0, 1.0]","[0.0, 24.0, 17.0, 16.0, -12.0, 25.0, 12.0, 12.0, 0.0, 29.0, 13.0, 10.0, 21.0, -16.0, 11.0, 15.0]"
3,1791639927.6952944,"[-34.013048999999995, 64.073307, 32.608329, 32.959892999999994, 0.0007679999999936626, 63.897525, 32.784110999999996, 32.87200200000001, 34.102475999999996, 63.63385199999999, 32.432547, 32.69622000000001, 16.260603000000003, 82.530417, 73.38975300000001, 29.35636199999999]","[0.0, 4.0, 3.0, 3.0, 1.0, 5.0, 3.0, 1.0, 0.0, 3.0, 4.0, 3.0, 0.0, -2.0, 3.0, 1.0]","[0.0, 24.0, 16.0, 15.0, -12.0, 23.0, 12.0, 12.0, -14.0, 28.0, 13.0, 12.0, 22.0, -17.0, 10.0, 14.0]"
3,1791639927.920999,"[-35.06774100000001, 66.182691, 33.750912, 34.01458500000001, 0.0007679999999936626, 66.27058199999999, 34.01458500000001, 34.01458500000001, 35.069277, 65.919018, 33.399348, 33.750912, 16.348493999999988, 82.530417, 74.53233600000002, 29.532143999999988]","[0.0, 7.0, 3.0, 3.0, 0.0, 5.0, 4.0, 5.0, 0.0, 3.0, 3.0, 2.0, 2.0, 0.0, 2.0, 2.0]","[0.0, 22.0, 16.0, 14.0, -11.0, 23.0, 11.0, 11.0, -1.0, 26.0, 11.0, 11.0, 22.0, -17.0, 11.0, 13.0]"
3,1791639928.145295,"[-35.946651, 66.534255, 34.717713, 35.069277, 0.0007679999999936626, 68.204184, 34.102475999999996, 34.981386000000015, 36.12396899999999, 65.919018, 34.45403999999999, 34.717713, 16.524276000000015, 82.530417, 75.147573, 29.707926000000015]","[-2.0, 1.0, 1.0, 3.0, 1.0, 4.0, 1.0, 2.0, 0.0, 1.0, 1.0, 1.0, 1.0, 0.0, 1.0, 1.0]","[-8.0, 21.0, 16.0, 15.0, -12.0, 21.0, 12.0, 11.0, -8.0, 26.0, 12.0, 11.0, 20.0, -18.0, 12.0, 14.0]"
3,1791639928.3686044,"[-37.00134299999999, 66.534255, 35.77240499999999, 35.94818699999999, 0.08865900000000693, 70.48935, 34.102475999999996, 35.94818699999999, 37.00287900000001, 65.919018, 35.33295000000001, 35.245059, 16.436385, 82.530417, 75.49913699999999, 29.707926000000015]","[-1.0, 1.0, 2.0, 3.0, 1.0, 1.0, 1.0, 1.0, 1.0, 1.0, 1.0, 1.0, 0.0, 0.0, 1.0, 1.0]","[0.0, 21.0, 16.0, 16.0, -12.0, 20.0, 11.0, 12.0, 0.0, 26.0, 12.0, 13.0, 21.0, -16.0, 14.0, 14.0]"
3,1791639928.592758,"[-37.968143999999995, 66.534255, 36.82709700000001, 36.82709700000001, 0.08865900000000693, 71.71982400000002, 34.102475999999996, 37.09076999999999, 38.057570999999996, 65.919018, 36.47553300000001, 36.739205999999996, 16.436385, 82.530417, 75.49913699999999, 29.707926000000015]","[0.0, 1.0, 1.0, 1.0, 1.0, 2.0, 1.0, 4.0, 1.0, 1.0, 2.0, 2.0, 0.0, 0.0, 1.0, 1.0]","[-9.0, 21.0, 16.0, 14.0, -12.0, 20.0, 11.0, 12.0, 0.0, 26.0, 12.0, 11.0, 23.0, -17.0, 17.0, 14.0]"
3,1791639928.81753,"[-38.847053999999986, 66.534255, 37.881789, 37.96968000000001, 0.08865900000000693, 71.71982400000002, 34.102475999999996, 37.96968000000001, 39.024372, 65.919018, 37.44233399999999, 37.44233399999999, 16.436385, 82.44252599999999, 76.02648299999998, 29.707926000000015]","[0.0, 0.0, 2.0, 2.0, 1.0, 1.0, 1.0, 1.0, 1.0, 0.0, 1.0, 1.0, 0.0, 0.0, 1.0, 0.0]","[-9.0, 21.0, 16.0, 15.0, -12.0, 20.0, 11.0, 13.0, 0.0, 26.0, 12.0, 12.0, 23.0, -17.0, 20.0, 14.0]"
3,1791639929.039676,"[-40.077528, 66.534255, 38.936481000000015, 38.76069899999999, 0.0007679999999936626, 71.71982400000002, 34.102475999999996, 39.11226300000001, 39.991173, 65.919018, 38.672808, 38.672808, 16.436385, 82.530417, 76.02648299999998, 29.707926000000015]","[-1.0, 0.0, 1.0, 1.0, 0.0, 1.0, 1.0, 1.0, 1.0, 1.0, 3.0, 1.0, 0.0, 0.0, 1.0, 1.0]","[-2.0, 21.0, 16.0, 16.0, -13.0, 20.0, 11.0, 12.0, 14.0, 26.0, 11.0, 12.0, 23.0, -16.0, 25.0, 14.0]"
3,1791639929.2639313,"[-40.78065599999999, 66.534255, 40.07906399999999, 39.72749999999999, 0.08865900000000693, 71.71982400000002, 34.102475999999996, 39.991173, 40.95797400000001, 65.919018, 39.46382700000001, 39.63960900000001, 16.348493999999988, 82.44252599999999, 76.29015600000002, 29.620035]","[-3.0, 0.0, 3.0, 3.0, 1.0, 1.0, 1.0, 1.0, 1.0, 1.0, 3.0, 1.0, 0.0, 0.0, 1.0, 0.0]","[-9.0, 21.0, 15.0, 15.0, -13.0, 20.0, 12.0, 12.0, 9.0, 27.0, 13.0, 12.0, 23.0, -17.0, 31.0, 14.0]"
3,1791639929.4887671,"[-42.01113000000001, 66.534255, 41.04586499999999, 40.694300999999996, 0.0007679999999936626, 71.71982400000002, 34.102475999999996, 40.870082999999994, 41.661102, 65.919018, 40.43062800000001, 40.78219200000001, 16.348493999999988, 82.44252599999999, 76.465938, 29.620035]","[0.0, 1.0, 1.0, 1.0, 0.0, 1.0, 1.0, 1.0, 1.0, 0.0, 3.0, 2.0, 0.0, 0.0, 1.0, 1.0]","[0.0, 21.0, 15.0, 16.0, -12.0, 21.0, 11.0, 11.0, 13.0, 26.0, 11.0, 11.0, 23.0, -16.0, 38.0, 14.0]"
3,1791639929.713457,"[-43.065822, 66.534255, 42.188447999999994, 41.661102, 0.0007679999999936626, 71.71982400000002, 34.102475999999996, 42.10055700000001, 43.06735800000001, 65.919018, 41.661102, 41.661102, 16.17271199999999, 82.530417, 76.465938, 29.620035]","[0.0, 0.0, 3.0, 2.0, 0.0, 1.0, 1.0, 2.0, 1.0, 0.0, 2.0, 1.0, 0.0, 1.0, 1.0, 1.0]","[0.0, 20.0, 15.0, 17.0, -13.0, 21.0, 12.0, 11.0, 0.0, 26.0, 11.0, 12.0, 10.0, 0.0, 10.0, 13.0]"
3,1791639929.9372077,"[-44.032623, 66.534255, 43.155249, 42.891576000000015, 0.0007679999999936626, 71.71982400000002, 34.102475999999996, 42.979467, 44.03415899999999, 65.919018, 42.627903, 42.891576000000015, 16.17271199999999, 82.530417, 76.465938, 29.620035]","[0.0, -1.0, 2.0, 3.0, 1.0, 1.0, 1.0, 1.0, 1.0, 1.0, 3.0, 2.0, 1.0, 1.0, 1.0, 1.0]","[0.0, 20.0, 15.0, 16.0, -11.0, 22.0, 10.0, 10.0, 0.0, 26.0, 11.0, 11.0, 10.0, 0.0, 10.0, 12.0]"
3,1791639930.15953,"[-45.08731499999999, 66.534255, 44.297832, 43.770486000000005, 0.0007679999999936626, 71.71982400000002, 34.102475999999996, 44.03415899999999, 45.00095999999999, 65.919018, 43.68259499999999, 43.85837699999999, 16.17271199999999, 82.530417, 76.465938, 29.620035]","[0.0, 1.0, 3.0, 3.0, 1.0, 1.0, 1.0, 2.0, 1.0, 0.0, 3.0, 1.0, 1.0, 1.0, 1.0, 1.0]","[0.0, 20.0, 15.0, 16.0, -12.0, 21.0, 11.0, 10.0, -11.0, 27.0, 12.0, 10.0, 10.0, 0.0, 10.0, 13.0]"
3,1791639930.3840916,"[-46.05411599999999, 66.62214600000001, 45.088851000000005, 45.00095999999999, 0.0007679999999936626, 71.71982400000002, 34.102475999999996, 45.088851000000005, 45.967760999999996, 65.919018, 44.73728700000001, 45.088851000000005, 16.17271199999999, 82.530417, 76.465938, 29.620035]","[0.0, 0.0, 1.0, 4.0, 0.0, 1.0, 1.0, 2.0, 1.0, 1.0, 4.0, 3.0, 1.0, 0.0, 1.0, 1.0]","[0.0, 20.0, 16.0, 14.0, -12.0, 22.0, 11.0, 11.0, -4.0, 26.0, 11.0, 11.0, 9.0, 0.0, 10.0, 13.0]"
3,1791639930.6090999,"[-47.020917, 66.534255, 46.05565200000001, 45.967760999999996, 0.0007679999999936626, 71.71982400000002, 34.102475999999996, 45.87987000000001, 46.934562, 65.919018, 45.616197, 46.143542999999994, 16.17271199999999, 82.44252599999999, 76.465938, 29.620035]","[0.0, 1.0, 2.0, 3.0, 1.0, 1.0, 1.0, 1.0, 1.0, 0.0, 2.0, 4.0, 1.0, 0.0, 1.0, 1.0]","[0.0, 20.0, 15.0, 15.0, -12.0, 20.0, 10.0, 11.0, -5.0, 26.0, 12.0, 10.0, 9.0, 5.0, 10.0, 13.0]"
3,1791639930.833245,"[-47.72404499999999, 66.62214600000001, 47.110344, 47.19823500000001, 0.0007679999999936626, 71.71982400000002, 34.102475999999996, 47.02245300000001, 48.077145, 65.919018, 46.75878, 47.110344, 16.17271199999999, 82.530417, 76.465938, 29.620035]","[0.0, 1.0, 1.0, 1.0, 0.0, 1.0, 1.0, 2.0, 1.0, 0.0, 4.0, 3.0, 1.0, 1.0, 1.0, 1.0]","[-9.0, 20.0, 15.0, 15.0, -12.0, 21.0, 11.0, 12.0, -14.0, 26.0, 11.0, 10.0, 9.0, 0.0, 10.0, 13.0]"
3,1791639931.0566459,"[-49.04240999999999, 66.62214600000001, 47.98925399999999, 48.165036000000015, 0.0007679999999936626, 71.71982400000002, 34.102475999999996, 47.901363, 49.043946000000005, 65.919018, 47.725581000000005, 48.252927, 16.17271199999999, 82.44252599999999, 76.465938, 29.620035]","[-1.0, 0.0, 1.0, 1.0, 1.0, 1.0, 1.0, 1.0, 1.0, 0.0, 2.0, 4.0, 1.0, 0.0, 1.0, 1.0]","[0.0, 20.0, 15.0, 15.0, -12.0, 21.0, 11.0, 12.0, -14.0, 26.0, 11.0, 10.0, 10.0, 5.0, 10.0, 14.0]"
3,1791639931.2787557,"[-49.92132000000001, 66.62214600000001, 49.043946000000005, 49.219728, 0.0007679999999936626, 71.71982400000002, 34.102475999999996, 48.95605499999999, 49.922855999999996, 66.00690900000001, 48.51660000000001, 49.043946000000005, 16.17271199999999, 82.530417, 76.465938, 29.620035]","[-1.0, 1.0, 4.0, 1.0, 0.0, 1.0, 1.0, 2.0, 1.0, 0.0, 1.0, 2.0, 0.0, 0.0, 1.0, 1.0]","[-9.0, 24.0, 15.0, 15.0, -12.0, 21.0, 11.0, 11.0, 0.0, 27.0, 12.0, 11.0, 9.0, 0.0, 9.0, 13.0]"
3,1791639931.5053568,"[-50.88812100000001, 66.62214600000001, 49.922855999999996, 50.45020199999999, 0.0007679999999936626, 71.71982400000002, 34.102475999999996, 50.098637999999994, 51.15333000000001, 66.00690900000001, 49.65918300000001, 50.18652900000001, 16.17271199999999, 82.530417, 76.465938, 29.620035]","[-1.0, 1.0, 1.0, 1.0, 1.0, 1.0, 1.0, 3.0, 0.0, 1.0, 3.0, 2.0, 1.0, 1.0, 1.0, 1.0]","[-9.0, 21.0, 16.0, 14.0, -13.0, 21.0, 11.0, 10.0, -7.0, 26.0, 11.0, 11.0, 8.0, 0.0, 10.0, 12.0]"
3,1791639931.7292278,"[-51.767031, 66.62214600000001, 50.889657, 51.417002999999994, 0.08865900000000693, 71.71982400000002, 34.102475999999996, 50.801766000000015, 52.03224, 66.00690900000001, 50.62598400000002, 50.97754800000001, 16.17271199999999, 82.530417, 76.465938, 29.620035]","[0.0, 1.0, 1.0, 3.0, 0.0, 1.0, 1.0, 3.0, 1.0, 1.0, 1.0, 1.0, 1.0, 1.0, 1.0, 1.0]","[-9.0, 21.0, 16.0, 14.0, -13.0, 21.0, 11.0, 12.0, 0.0, 26.0, 11.0, 11.0, 9.0, 0.0, 10.0, 14.0]"
3,1791639931.9529834,"[-52.82172299999999, 66.62214600000001, 52.03224, 52.383804, 0.08865900000000693, 71.71982400000002, 34.102475999999996, 51.76856699999999, 53.08693199999999, 66.00690900000001, 51.856458, 52.120131000000015, 16.084821000000005, 82.530417, 76.465938, 29.620035]","[-3.0, 1.0, 2.0, 2.0, 0.0, 1.0, 1.0, 1.0, 1.0, 0.0, 2.0, 2.0, 0.0, 0.0, 1.0, 0.0]","[-9.0, 22.0, 16.0, 14.0, -12.0, 21.0, 11.0, 11.0, -4.0, 26.0, 11.0, 11.0, 9.0, 0.0, 10.0, 13.0]"
3,1791639932.1779974,"[-53.876414999999994, 66.62214600000001, 52.999041000000005, 53.526387, 0.0007679999999936626, 71.71982400000002, 34.102475999999996, 52.47169500000001, 54.053732999999994, 66.00690900000001, 52.64747700000001, 52.999041000000005, 16.17271199999999, 82.530417, 76.465938, 29.620035]","[-2.0, 1.0, 3.0, 4.0, 0.0, 1.0, 1.0, 1.0, 1.0, 0.0, 1.0, 3.0, 1.0, 1.0, 1.0, 1.0]","[-8.0, 21.0, 16.0, 13.0, -12.0, 22.0, 11.0, 13.0, 0.0, 26.0, 11.0, 11.0, 9.0, 0.0, 10.0, 14.0]"
3,1791639932.4017959,"[-54.491652, 66.62214600000001, 53.96584200000001, 54.317406000000005, 0.0007679999999936626, 71.71982400000002, 34.102475999999996, 52.47169500000001, 55.10842500000001, 66.00690900000001, 53.526387, 53.877950999999996, 16.17271199999999, 82.530417, 76.465938, 29.620035]","[0.0, 1.0, 3.0, 4.0, 0.0, 1.0, 1.0, 1.0, 1.0, 1.0, 0.0, 1.0, 1.0, 1.0, 1.0, 1.0]","[-10.0, 21.0, 15.0, 14.0, -12.0, 21.0, 11.0, 15.0, -14.0, 26.0, 11.0, 10.0, 9.0, 0.0, 11.0, 14.0]"
3,1791639932.622703,"[-55.546344000000005, 66.62214600000001, 55.10842500000001, 55.372097999999994, 0.0007679999999936626, 71.71982400000002, 34.102475999999996, 53.79006000000001, 56.163117, 66.00690900000001, 54.756861000000015, 55.020534, 16.17271199999999, 82.530417, 76.465938, 29.620035]","[0.0, 1.0, 3.0, 1.0, 0.0, 1.0, 1.0, 1.0, 1.0, 1.0, 3.0, 1.0, 0.0, 1.0, 1.0, 1.0]","[-9.0, 21.0, 15.0, 14.0, -10.0, 21.0, 11.0, 16.0, -14.0, 26.0, 11.0, 10.0, 10.0, 0.0, 10.0, 14.0]"
3,1791639932.8467448,"[-56.425253999999995, 66.62214600000001, 55.987335, 56.338899, 0.0007679999999936626, 71.71982400000002, 34.01458500000001, 54.053732999999994, 56.954136000000005, 66.00690900000001, 55.635771000000005, 55.987335, 16.17271199999999, 82.530417, 76.465938, 29.620035]","[0.0, 1.0, 1.0, 3.0, 1.0, 1.0, 1.0, 2.0, 1.0, 0.0, 2.0, 2.0, 0.0, 0.0, 1.0, 1.0]","[-10.0, 21.0, 15.0, 14.0, -2.0, 21.0, 11.0, 17.0, 0.0, 25.0, 12.0, 12.0, 9.0, 0.0, 10.0, 14.0]"
3,1791639933.0710487,"[-57.216273, 66.62214600000001, 56.954136000000005, 57.129918, -0.08712299999999118, 71.631933, 34.01458500000001, 54.66897, 57.92093700000001, 66.00690900000001, 56.514680999999996, 56.86624499999999, 16.17271199999999, 82.530417, 76.465938, 29.620035]","[0.0, 0.0, 2.0, 1.0, 0.0, 0.0, 0.0, 4.0, 1.0, 1.0, 2.0, 1.0, 0.0, 1.0, 1.0, 0.0]","[-10.0, 21.0, 15.0, 15.0, 0.0, 22.0, 11.0, 20.0, 0.0, 25.0, 11.0, 11.0, 8.0, 0.0, 10.0, 14.0]"
3,1791639933.2961218,"[-58.71042, 66.710037, 58.09671900000001, 58.18460999999999, -0.08712299999999118, 71.631933, 34.01458500000001, 55.196315999999996, 58.975629, 66.00690900000001, 57.657264, 58.008827999999994, 16.17271199999999, 82.530417, 76.465938, 29.620035]","[-2.0, 1.0, 1.0, 3.0, 0.0, 0.0, 0.0, 1.0, 1.0, 1.0, 2.0, 1.0, 1.0, 1.0, 1.0, 1.0]","[-9.0, 20.0, 15.0, 14.0, 0.0, 22.0, 12.0, 23.0, 0.0, 26.0, 11.0, 12.0, 10.0, 0.0, 11.0, 13.0]"
3,1791639933.5195289,"[-59.149874999999994, 66.885819, 59.23930200000001, 59.23930200000001, -0.08712299999999118, 71.28036900000001, 33.926694, 55.196315999999996, 59.94243, 66.00690900000001, 58.53617400000002, 58.88773800000001, 16.17271199999999, 82.530417, 76.465938, 29.620035]","[0.0, 3.0, 3.0, 3.0, 0.0, 0.0, 0.0, 1.0, 1.0, 1.0, 3.0, 2.0, 0.0, 1.0, 1.0, 1.0]","[-11.0, 19.0, 15.0, 15.0, 0.0, 10.0, 10.0, 0.0, 0.0, 26.0, 12.0, 11.0, 9.0, 0.0, 10.0, 13.0]"
3,1791639933.7440472,"[-60.55613099999999, 66.885819, 60.38188500000001, 59.23930200000001, -0.08712299999999118, 71.28036900000001, 33.926694, 55.196315999999996, 60.99712199999999, 66.00690900000001, 59.766648, 58.88773800000001, 16.17271199999999, 82.530417, 76.465938, 29.620035]","[-1.0, 1.0, 3.0, 1.0, 0.0, 1.0, 0.0, 1.0, 1.0, 1.0, 4.0, 1.0, 0.0, 1.0, 1.0, 1.0]","[-9.0, 19.0, 14.0, 14.0, 0.0, 11.0, 10.0, 0.0, 0.0, 26.0, 11.0, 10.0, 9.0, 0.0, 10.0, 13.0]"
3,1791639933.9683173,"[-61.698713999999995, 66.885819, 61.348686000000015, 59.23930200000001, -0.08712299999999118, 71.36825999999999, 33.926694, 55.196315999999996, 61.963922999999994, 66.00690900000001, 60.99712199999999, 58.88773800000001, 16.17271199999999, 82.530417, 76.465938, 29.620035]","[0.0, 1.0, 3.0, 1.0, 0.0, 1.0, 0.0, 1.0, 1.0, 1.0, 4.0, 1.0, 1.0, 1.0, 1.0, 1.0]","[-10.0, 19.0, 15.0, 14.0, 0.0, 11.0, 9.0, 0.0, 0.0, 26.0, 10.0, 11.0, 9.0, 0.0, 10.0, 12.0]"
3,1791639934.1932836,"[-62.489733, 66.885819, 62.31548699999999, 59.23930200000001, -0.08712299999999118, 71.36825999999999, 33.926694, 55.196315999999996, 62.930724, 66.00690900000001, 61.87603200000001, 58.88773800000001, 16.17271199999999, 82.530417, 76.465938, 29.620035]","[0.0, 1.0, 1.0, 1.0, 1.0, 0.0, 0.0, 1.0, 3.0, 1.0, 1.0, 1.0, 1.0, 1.0, 1.0, 1.0]","[-9.0, 19.0, 15.0, 15.0, 0.0, 10.0, 10.0, 0.0, 0.0, 26.0, 11.0, 12.0, 10.0, 0.0, 10.0, 12.0]"
3,1791639934.4168546,"[-63.720207, 66.885819, 63.37017900000001, 59.23930200000001, -0.08712299999999118, 71.28036900000001, 33.926694, 55.196315999999996, 63.985416000000015, 66.00690900000001, 63.01861500000001, 58.88773800000001, 16.17271199999999, 82.530417, 76.465938, 29.620035]","[0.0, 1.0, 1.0, 1.0, 0.0, 1.0, 0.0, 1.0, 1.0, 1.0, 3.0, 1.0, 0.0, 1.0, 1.0, 1.0]","[-9.0, 19.0, 15.0, 14.0, 0.0, 10.0, 10.0, 0.0, 0.0, 26.0, 11.0, 11.0, 9.0, 0.0, 10.0, 13.0]"
3,1791639934.6383429,"[-64.774899, 67.32527400000001, 64.33698000000001, 59.23930200000001, -0.08712299999999118, 71.28036900000001, 33.926694, 55.196315999999996, 64.95221699999999, 66.00690900000001, 63.897525, 58.88773800000001, 16.17271199999999, 82.530417, 76.465938, 29.620035]","[-2.0, 3.0, 2.0, 1.0, 0.0, 0.0, 0.0, 1.0, 1.0, 1.0, 2.0, 1.0, 0.0, 1.0, 1.0, 1.0]","[-9.0, 16.0, 14.0, 14.0, 0.0, 10.0, 10.0, 0.0, 0.0, 25.0, 11.0, 11.0, 9.0, 0.0, 10.0, 13.0]"
3,1791639934.862368,"[-65.390136, 67.41316499999999, 64.68854400000001, 59.23930200000001, -0.08712299999999118, 71.28036900000001, 33.926694, 55.196315999999996, 65.919018, 66.00690900000001, 64.77643499999999, 58.88773800000001, 16.17271199999999, 82.530417, 76.465938, 29.620035]","[0.0, 1.0, 1.0, 1.0, 0.0, 1.0, 0.0, 1.0, 1.0, 1.0, 1.0, 1.0, 1.0, 1.0, 1.0, 1.0]","[-9.0, 17.0, 16.0, 15.0, 0.0, 9.0, 10.0, 0.0, 0.0, 26.0, 11.0, 12.0, 9.0, 0.0, 10.0, 13.0]"
3,1791639935.0866535,"[-66.532719, 67.41316499999999, 65.12799900000002, 59.23930200000001, -0.08712299999999118, 71.28036900000001, 33.926694, 55.196315999999996, 66.97371000000001, 66.00690900000001, 65.919018, 58.88773800000001, 16.17271199999999, 82.530417, 76.465938, 29.620035]","[-2.0, 1.0, 1.0, 1.0, 1.0, 1.0, 0.0, 1.0, 1.0, 1.0, 3.0, 1.0, 1.0, 1.0, 1.0, 0.0]","[-9.0, 18.0, 18.0, 14.0, -3.0, 10.0, 9.0, 0.0, 0.0, 25.0, 12.0, 11.0, 10.0, 0.0, 10.0, 13.0]"
3,1791639935.3114548,"[-67.411629, 67.41316499999999, 65.21589, 59.23930200000001, -0.08712299999999118, 71.28036900000001, 33.926694, 55.196315999999996, 67.94051100000001, 66.00690900000001, 66.710037, 58.88773800000001, 16.17271199999999, 82.530417, 76.465938, 29.620035]","[0.0, 1.0, 1.0, 1.0, 0.0, 1.0, 0.0, 1.0, 1.0, 1.0, 2.0, 1.0, 1.0, 1.0, 1.0, 0.0]","[-9.0, 18.0, 24.0, 14.0, 0.0, 9.0, 10.0, 0.0, 0.0, 26.0, 11.0, 12.0, 9.0, 0.0, 10.0, 13.0]"
3,1791639935.5345283,"[-68.37843, 67.32527400000001, 65.919018, 59.151410999999996, -0.08712299999999118, 71.36825999999999, 33.926694, 55.196315999999996, 68.90731199999999, 66.00690900000001, 67.501056, 58.975629, 16.17271199999999, 82.530417, 76.465938, 29.620035]","[-1.0, 0.0, 1.0, 0.0, 0.0, 1.0, 0.0, 1.0, 1.0, 1.0, 3.0, 1.0, 1.0, 1.0, 1.0, 1.0]","[-9.0, 19.0, 25.0, 14.0, 0.0, 11.0, 10.0, 0.0, 14.0, 26.0, 12.0, 10.0, 10.0, 0.0, 9.0, 13.0]"
3,1791639935.7613266,"[-69.25734, 67.32527400000001, 66.358473, 59.151410999999996, -0.08712299999999118, 71.28036900000001, 33.926694, 55.196315999999996, 69.96200400000001, 66.00690900000001, 68.379966, 59.151410999999996, 16.17271199999999, 82.530417, 76.465938, 29.620035]","[-2.0, 0.0, 1.0, 0.0, 0.0, 0.0, 0.0, 1.0, 3.0, 1.0, 2.0, 1.0, 1.0, 1.0, 1.0, 1.0]","[-9.0, 18.0, 28.0, 13.0, 0.0, 10.0, 9.0, 0.0, 0.0, 25.0, 12.0, 10.0, 10.0, 0.0, 11.0, 13.0]"
3,1791639935.9845867,"[-69.345231, 67.32527400000001, 66.710037, 59.151410999999996, -0.08712299999999118, 71.36825999999999, 33.926694, 55.196315999999996, 69.96200400000001, 66.00690900000001, 69.43465800000001, 59.151410999999996, 16.17271199999999, 82.530417, 76.465938, 29.620035]","[0.0, 0.0, 0.0, 0.0, 0.0, 1.0, 0.0, 1.0, 1.0, 1.0, 4.0, 1.0, 1.0, 1.0, 1.0, 1.0]","[-9.0, 18.0, 31.0, 15.0, 0.0, 10.0, 11.0, 0.0, 0.0, 26.0, 11.0, 11.0, 11.0, 0.0, 9.0, 13.0]"
3,1791639936.2086866,"[-69.345231, 67.32527400000001, 66.79792800000001, 59.151410999999996, -0.08712299999999118, 71.28036900000001, 33.926694, 55.196315999999996, 69.96200400000001, 66.00690900000001, 70.40145900000002, 59.151410999999996, 16.17271199999999, 82.530417, 76.465938, 29.620035]","[0.0, 0.0, 1.0, 0.0, 0.0, 1.0, 0.0, 1.0, 1.0, 1.0, 1.0, 1.0, 1.0, 1.0, 1.0, 1.0]","[-9.0, 18.0, 39.0, 15.0, 0.0, 10.0, 10.0, 0.0, 0.0, 26.0, 12.0, 11.0, 9.0, 0.0, 9.0, 13.0]"
3,1791639936.4336257,"[-69.345231, 67.237383, 66.710037, 59.151410999999996, -0.08712299999999118, 71.28036900000001, 33.926694, 55.196315999999996, 69.96200400000001, 66.00690900000001, 71.36825999999999, 59.151410999999996, 16.17271199999999, 82.530417, 76.465938, 29.620035]","[1.0, 1.0, 0.0, 0.0, 0.0, 0.0, 0.0, 1.0, 1.0, 1.0, 2.0, 1.0, 1.0, 1.0, 1.0, 1.0]","[9.0, 11.0, 14.0, 0.0, 0.0, 10.0, 9.0, 0.0, 0.0, 25.0, 11.0, 11.0, 9.0, 0.0, 10.0, 14.0]"
3,1791639936.6567533,"[-69.345231, 67.237383, 66.710037, 59.151410999999996, -0.08712299999999118, 71.28036900000001, 33.926694, 55.196315999999996, 69.96200400000001, 66.00690900000001, 72.42295200000001, 59.151410999999996, 16.17271199999999, 82.530417, 76.465938, 29.620035]","[0.0, 0.0, 0.0, 0.0, 0.0, 0.0, 0.0, 1.0, 1.0, 1.0, 3.0, 1.0, 1.0, 1.0, 1.0, 1.0]","[8.0, 11.0, 14.0, 0.0, 0.0, 10.0, 10.0, 0.0, 0.0, 26.0, 12.0, 11.0, 9.0, 0.0, 9.0, 13.0]"
3,1791639936.8781238,"[-69.345231, 67.237383, 66.710037, 59.151410999999996, -0.08712299999999118, 71.28036900000001, 33.926694, 55.196315999999996, 69.96200400000001, 66.00690900000001, 72.774516, 59.151410999999996, 16.17271199999999, 82.530417, 76.465938, 29.620035]","[0.0, 1.0, 0.0, 0.0, 0.0, 1.0, 0.0, 1.0, 1.0, 1.0, 1.0, 1.0, 0.0, 0.0, 1.0, 1.0]","[8.0, 10.0, 14.0, 0.0, 0.0, 10.0, 10.0, 0.0, 0.0, 26.0, 15.0, 11.0, 10.0, 0.0, 10.0, 13.0]"
3,1791639937.1050718,"[-69.25734, 67.14949200000001, 66.710037, 59.151410999999996, -0.08712299999999118, 71.28036900000001, 33.926694, 55.196315999999996, 69.96200400000001, 66.00690900000001, 73.03818900000002, 59.151410999999996, 16.17271199999999, 82.530417, 76.465938, 29.620035]","[1.0, 1.0, 0.0, 0.0, 1.0, 0.0, 0.0, 1.0, 1.0, 1.0, 3.0, 1.0, 1.0, 1.0, 1.0, 1.0]","[5.0, 9.0, 14.0, 0.0, 0.0, 10.0, 10.0, 0.0, 0.0, 26.0, 19.0, 11.0, 9.0, 0.0, 10.0, 12.0]"
3,1791639937.3253925,"[-69.345231, 67.14949200000001, 66.710037, 59.151410999999996, -0.08712299999999118, 71.36825999999999, 33.926694, 55.196315999999996, 69.96200400000001, 66.00690900000001, 73.21397100000002, 59.151410999999996, 16.17271199999999, 82.530417, 76.465938, 29.620035]","[0.0, 0.0, 0.0, 0.0, 0.0, 1.0, 0.0, 1.0, 1.0, 1.0, 1.0, 1.0, 0.0, 1.0, 1.0, 1.0]","[8.0, 10.0, 13.0, 0.0, 0.0, 11.0, 10.0, 0.0, 0.0, 25.0, 23.0, 11.0, 9.0, 0.0, 9.0, 13.0]"
3,1791639937.5520773,"[-69.345231, 67.14949200000001, 66.710037, 59.151410999999996, -0.08712299999999118, 71.28036900000001, 33.926694, 55.196315999999996, 69.96200400000001, 66.00690900000001, 73.56553500000001, 59.151410999999996, 16.17271199999999, 82.530417, 76.465938, 29.620035]","[0.0, 0.0, 0.0, 0.0, 0.0, 0.0, 0.0, 1.0, 1.0, 1.0, 1.0, 0.0, 0.0, 1.0, 1.0, 1.0]","[8.0, 11.0, 14.0, 0.0, 0.0, 10.0, 10.0, 0.0, 0.0, 26.0, 28.0, 11.0, 9.0, 0.0, 9.0, 12.0]"
3,1791639937.7747052,"[-69.345231, 67.14949200000001, 66.710037, 59.151410999999996, -0.08712299999999118, 71.28036900000001, 33.926694, 55.196315999999996, 69.96200400000001, 66.00690900000001, 73.91709900000001, 59.06352000000001, 16.17271199999999, 82.530417, 76.465938, 29.620035]","[0.0, 0.0, 0.0, 0.0, 1.0, 1.0, 0.0, 1.0, 1.0, 1.0, 1.0, 0.0, 0.0, 1.0, 1.0, 1.0]","[7.0, 10.0, 14.0, 0.0, 0.0, 11.0, 9.0, 0.0, 0.0, 26.0, 32.0, 9.0, 9.0, 0.0, 9.0, 13.0]"
3,1791639938.0008292,"[-69.345231, 67.14949200000001, 66.710037, 59.151410999999996, -0.08712299999999118, 71.28036900000001, 33.926694, 55.196315999999996, 69.96200400000001, 66.00690900000001, 74.00498999999999, 59.06352000000001, 16.17271199999999, 82.530417, 76.465938, 29.620035]","[0.0, 0.0, 0.0, 0.0, 0.0, 1.0, 0.0, 1.0, 1.0, 1.0, 1.0, 0.0, 0.0, 1.0, 1.0, 1.0]","[8.0, 10.0, 13.0, 0.0, 0.0, 9.0, 9.0, 0.0, 0.0, 25.0, 35.0, 9.0, 10.0, 0.0, 10.0, 13.0]"
3,1791639938.2253335,"[-69.25734, 67.14949200000001, 66.710037, 59.151410999999996, -0.08712299999999118, 71.28036900000001, 33.926694, 55.196315999999996, 69.96200400000001, 66.00690900000001, 74.35655400000002, 59.06352000000001, 16.17271199999999, 82.530417, 76.465938, 29.620035]","[1.0, 0.0, 0.0, 0.0, 0.0, 1.0, 0.0, 1.0, 1.0, 1.0, 1.0, 0.0, 1.0, 1.0, 1.0, 1.0]","[4.0, 10.0, 13.0, 0.0, 0.0, 11.0, 10.0, 0.0, 0.0, 26.0, 43.0, 11.0, 10.0, 0.0, 9.0, 14.0]"
3,1791639938.4478738,"[-69.345231, 67.14949200000001, 66.710037, 59.151410999999996, -0.08712299999999118, 71.28036900000001, 33.926694, 55.196315999999996, 69.96200400000001, 65.83112700000001, 74.18077199999999, 59.06352000000001, 16.17271199999999, 82.530417, 76.465938, 29.620035]","[1.0, 0.0, 0.0, 0.0, 0.0, 1.0, 0.0, 1.0, 1.0, 0.0, 0.0, 0.0, 0.0, 1.0, 1.0, 1.0]","[7.0, 10.0, 14.0, 0.0, 0.0, 11.0, 10.0, 0.0, 0.0, 10.0, 9.0, 0.0, 8.0, 0.0, 10.0, 14.0]"
