grip,time,positions,velocities,currents
1,1791636015.334473,"[-0.08712299999999118, -5.800038000000001, -1.229705999999993, -0.2629049999999893, -0.08712299999999118, -7.030511999999987, 0.0007679999999936626, -0.2629049999999893, -0.2629049999999893, -7.733640000000008, -0.17501400000000444, 0.9675689999999975, -4.657454999999999, 178.06793399999998, 40.518519, 26.016503999999998]","[1.0, 1.0, 1.0, 1.0, 1.0, 1.0, 1.0, 1.0, 1.0, 1.0, 0.0, 1.0, 1.0, 1.0, 1.0, 0.0]","[0.0, 37.0, 16.0, 14.0, 0.0, 49.0, -10.0, 11.0, 13.0, 60.0, 9.0, -12.0, 29.0, 16.0, -11.0, -16.0]"
1,1791636015.5591273,"[-0.5265780000000007, -5.360582999999991, -1.229705999999993, -0.17501400000000444, -0.08712299999999118, -6.23949300000001, 0.44022300000000314, -0.08712299999999118, 0.7038960000000145, -7.733640000000008, -0.17501400000000444, 0.9675689999999975, -4.657454999999999, 178.06793399999998, 40.518519, 26.016503999999998]","[0.0, 1.0, 1.0, 0.0, 0.0, 3.0, 1.0, 1.0, 3.0, 1.0, 1.0, 1.0, 1.0, 1.0, 1.0, 0.0]","[-9.0, 53.0, 19.0, 14.0, 0.0, 63.0, 10.0, 12.0, 14.0, 87.0, 11.0, 0.0, 30.0, 0.0, 11.0, 0.0]"
1,1791636015.7855716,"[-1.4054879999999912, -3.514871999999997, -0.08712299999999118, -0.08712299999999118, -0.08712299999999118, -3.690653999999995, 0.9675689999999975, 0.08865900000000693, 1.582806000000005, -3.60276300000001, -0.17501400000000444, 1.1433509999999956, -4.657454999999999, 177.71636999999998, 40.518519, 26.368067999999994]","[0.0, 1.0, 2.0, 2.0, 0.0, 9.0, 1.0, 2.0, 2.0, 12.0, 1.0, 1.0, 1.0, 0.0, 1.0, 1.0]","[-8.0, 55.0, 18.0, 18.0, 1.0, 52.0, 12.0, 14.0, 13.0, 61.0, 15.0, 11.0, 29.0, -15.0, 13.0, 14.0]"
1,1791636016.0066302,"[-2.548070999999993, -1.3175970000000063, 0.8796780000000126, 1.582806000000005, -0.08712299999999118, -2.108616000000012, 1.846478999999988, 1.407024000000007, 2.6374979999999937, -1.4933790000000045, -0.17501400000000444, 1.1433509999999956, -4.657454999999999, 177.62847900000003, 41.39742899999999, 27.071196000000015]","[-1.0, 7.0, 1.0, 1.0, 0.0, 3.0, 3.0, 4.0, 3.0, 7.0, 1.0, 1.0, 1.0, 0.0, 3.0, 1.0]","[-9.0, 50.0, 19.0, 17.0, 1.0, 59.0, 12.0, 13.0, 14.0, 58.0, 17.0, 12.0, 29.0, -25.0, 13.0, 16.0]"
1,1791636016.2333963,"[-3.426981000000012, 0.44022300000000314, 1.7585880000000031, 2.549607000000009, -0.08712299999999118, 0.44022300000000314, 2.6374979999999937, 2.1980430000000126, 3.7800809999999956, 0.44022300000000314, 1.2312420000000088, 1.9343700000000013, -4.657454999999999, 177.27691500000003, 42.452121000000005, 28.03799699999999]","[0.0, 1.0, 1.0, 3.0, 1.0, 3.0, 1.0, 2.0, 2.0, 2.0, 4.0, 2.0, 1.0, 0.0, 3.0, 3.0]","[-10.0, 58.0, 19.0, 17.0, 0.0, 57.0, 13.0, 13.0, 14.0, 59.0, 15.0, 13.0, 29.0, -36.0, 12.0, 15.0]"
1,1791636016.4539993,"[-4.481673000000001, 2.4617159999999956, 2.813279999999992, 3.6042989999999975, -0.08712299999999118, 2.0222610000000145, 3.4285169999999994, 3.2527350000000013, 3.7800809999999956, 0.528113999999988, 1.846478999999988, 2.98906199999999, -4.657454999999999, 175.519095, 43.41892200000001, 29.180579999999992]","[-2.0, 7.0, 3.0, 2.0, 0.0, 1.0, 3.0, 2.0, 1.0, 1.0, 1.0, 3.0, 1.0, -5.0, 3.0, 4.0]","[-9.0, 53.0, 19.0, 16.0, 0.0, 62.0, 13.0, 13.0, 16.0, 83.0, 18.0, 13.0, 29.0, -36.0, 14.0, 15.0]"
1,1791636016.6786876,"[-5.360582999999991, 4.131644999999992, 3.7800809999999956, 4.30742699999999, -0.08712299999999118, 3.867972000000009, 4.30742699999999, 4.30742699999999, 5.62579199999999, 4.395318000000003, 3.076953000000003, 4.043754000000007, -4.657454999999999, 173.14603799999998, 44.649395999999996, 30.147380999999996]","[0.0, 3.0, 4.0, 7.0, 1.0, 2.0, 1.0, 1.0, 3.0, 13.0, 1.0, 1.0, 1.0, -2.0, 4.0, 2.0]","[-10.0, 60.0, 20.0, 16.0, 0.0, 56.0, 14.0, 13.0, 14.0, 52.0, 16.0, 14.0, 29.0, -35.0, 13.0, 15.0]"
1,1791636016.9054546,"[-5.975819999999999, 6.065246999999999, 4.834773000000013, 5.713683000000003, -0.08712299999999118, 6.153138000000013, 5.362119000000007, 5.186337000000009, 6.328920000000011, 4.6589910000000145, 4.30742699999999, 4.9226639999999975, -4.657454999999999, 170.68509, 44.649395999999996, 31.114182]","[0.0, 4.0, 4.0, 3.0, 1.0, 2.0, 3.0, 1.0, 5.0, 1.0, 3.0, 1.0, 1.0, -7.0, 1.0, 1.0]","[-11.0, 60.0, 19.0, 15.0, 0.0, 59.0, 14.0, 13.0, 13.0, 80.0, 17.0, 14.0, 29.0, -29.0, 15.0, 15.0]"
1,1791636017.129399,"[-7.294184999999999, 8.877758999999998, 5.889465000000001, 6.592592999999994, -0.08712299999999118, 7.910957999999994, 5.362119000000007, 6.504702000000009, 7.647285000000011, 8.526195000000001, 5.098445999999996, 6.153138000000013, -4.657454999999999, 169.27883400000002, 46.582998, 32.16887399999999]","[-2.0, 5.0, 1.0, 3.0, 1.0, 1.0, 1.0, 5.0, 2.0, 9.0, 5.0, 2.0, 1.0, 0.0, 5.0, 3.0]","[-9.0, 54.0, 19.0, 16.0, 0.0, 60.0, 17.0, 12.0, 14.0, 53.0, 18.0, 14.0, 29.0, -35.0, 12.0, 14.0]"
1,1791636017.3500173,"[-8.260986000000003, 10.108233000000013, 6.065246999999999, 7.647285000000011, -0.08712299999999118, 10.196123999999998, 7.207830000000001, 7.383611999999999, 8.614086000000015, 9.668778000000003, 6.328920000000011, 7.207830000000001, -4.657454999999999, 168.31203299999999, 47.54979900000001, 33.13567499999999]","[0.0, 0.0, 3.0, 3.0, 0.0, 3.0, 1.0, 1.0, 1.0, 1.0, 2.0, 3.0, 1.0, 0.0, 4.0, 2.0]","[-9.0, 60.0, 22.0, 16.0, 0.0, 56.0, 14.0, 14.0, 14.0, 67.0, 18.0, 13.0, 29.0, -44.0, 13.0, 15.0]"
1,1791636017.5772398,"[-9.315677999999991, 12.393398999999988, 7.998849000000007, 8.614086000000015, -0.08712299999999118, 11.514488999999998, 8.26252199999999, 8.526195000000001, 9.405104999999992, 9.668778000000003, 7.119938999999988, 7.383611999999999, -4.657454999999999, 165.763194, 48.34081800000001, 34.19036700000001]","[0.0, 2.0, 4.0, 1.0, 1.0, 1.0, 3.0, 3.0, 1.0, 1.0, 1.0, 4.0, 1.0, -8.0, 1.0, 3.0]","[-10.0, 58.0, 19.0, 16.0, 0.0, 68.0, 14.0, 12.0, 14.0, 93.0, 17.0, 16.0, 29.0, -38.0, 14.0, 15.0]"
1,1791636017.7984114,"[-10.19458800000001, 13.448091000000005, 8.789868000000013, 9.668778000000003, -0.08712299999999118, 13.623873000000003, 9.229322999999994, 9.405104999999992, 10.635579000000007, 13.799655000000001, 7.998849000000007, 9.317214000000007, -4.657454999999999, 163.829592, 49.39551, 35.15716800000001]","[0.0, 3.0, 4.0, 3.0, 1.0, 8.0, 1.0, 2.0, 3.0, 19.0, 7.0, 4.0, 1.0, 0.0, 3.0, 2.0]","[-11.0, 69.0, 19.0, 16.0, 0.0, 57.0, 14.0, 13.0, 13.0, 55.0, 18.0, 13.0, 29.0, -40.0, 13.0, 15.0]"
1,1791636018.0246353,"[-10.985606999999987, 16.17271199999999, 9.932451000000015, 10.723469999999992, -0.08712299999999118, 16.084821000000005, 10.28401500000001, 10.371905999999996, 11.514488999999998, 14.23911000000001, 9.229322999999994, 9.932451000000015, -4.657454999999999, 161.45653500000003, 49.571292, 36.12396899999999]","[-3.0, 9.0, 3.0, 3.0, 1.0, 3.0, 4.0, 3.0, 1.0, 1.0, 2.0, 1.0, 1.0, -6.0, 1.0, 3.0]","[-10.0, 57.0, 19.0, 15.0, 0.0, 58.0, 13.0, 14.0, 14.0, 86.0, 17.0, 13.0, 29.0, -35.0, 16.0, 15.0]"
1,1791636018.2453544,"[-12.216081000000003, 18.282095999999996, 10.89925199999999, 11.514488999999998, -0.08712299999999118, 18.018423000000013, 10.371905999999996, 11.250816000000015, 12.657072, 18.282095999999996, 9.58088699999999, 10.89925199999999, -4.657454999999999, 159.52293300000002, 51.241220999999996, 37.178661000000005]","[-2.0, 4.0, 2.0, 2.0, 1.0, 7.0, 1.0, 1.0, 2.0, 11.0, 6.0, 1.0, 1.0, -2.0, 4.0, 3.0]","[-10.0, 56.0, 19.0, 16.0, 0.0, 54.0, 16.0, 13.0, 13.0, 56.0, 18.0, 14.0, 29.0, -39.0, 13.0, 15.0]"
1,1791636018.4731946,"[-13.182882000000006, 20.39148, 11.778162000000009, 12.744963000000013, -0.08712299999999118, 20.12780699999999, 12.21761699999999, 12.393398999999988, 13.53598199999999, 18.545769000000007, 10.89925199999999, 12.041834999999992, -4.657454999999999, 157.413549, 52.208022, 38.14546200000001]","[-2.0, 5.0, 2.0, 3.0, 1.0, 3.0, 3.0, 1.0, 1.0, 2.0, 1.0, 2.0, 1.0, -1.0, 2.0, 1.0]","[-10.0, 57.0, 20.0, 15.0, 0.0, 58.0, 13.0, 12.0, 14.0, 83.0, 17.0, 13.0, 29.0, -35.0, 13.0, 15.0]"
1,1791636018.6947403,"[-14.237573999999995, 22.237190999999996, 12.832853999999998, 13.53598199999999, -0.08712299999999118, 20.918825999999996, 13.184417999999994, 13.53598199999999, 14.590674000000007, 22.061408999999998, 11.514488999999998, 12.481290000000001, -4.657454999999999, 155.47994699999998, 52.91114999999999, 39.375935999999996]","[0.0, 1.0, 2.0, 2.0, 1.0, 11.0, 2.0, 3.0, 2.0, 12.0, 7.0, 4.0, 1.0, -4.0, 5.0, 3.0]","[-10.0, 59.0, 19.0, 16.0, 0.0, 64.0, 13.0, 12.0, 14.0, 54.0, 18.0, 15.0, 29.0, -36.0, 15.0, 14.0]"
1,1791636018.9212763,"[-15.292266000000012, 23.907119999999992, 13.887546000000015, 13.623873000000003, -0.08712299999999118, 24.698138999999998, 14.23911000000001, 14.414892000000009, 15.645365999999996, 24.434466000000015, 13.096527000000009, 13.975437, -4.657454999999999, 153.54634500000003, 54.22951499999999, 40.254846000000015]","[-1.0, 1.0, 1.0, 1.0, 1.0, 6.0, 2.0, 1.0, 1.0, 1.0, 0.0, 2.0, 1.0, -3.0, 3.0, 2.0]","[-9.0, 58.0, 18.0, 19.0, 0.0, 48.0, 13.0, 13.0, 14.0, 58.0, 16.0, 13.0, 29.0, -40.0, 13.0, 14.0]"
1,1791636019.1437337,"[-16.434848999999986, 24.170793000000003, 14.85434699999999, 15.55747500000001, -0.08712299999999118, 24.873920999999996, 15.381693000000013, 15.733257000000009, 16.787948999999998, 26.895413999999988, 14.151218999999998, 14.85434699999999, -4.657454999999999, 151.61274300000002, 54.317406000000005, 41.22164699999999]","[-1.0, 1.0, 1.0, 3.0, 1.0, 1.0, 2.0, 3.0, 3.0, 5.0, 3.0, 1.0, 1.0, -2.0, 1.0, 2.0]","[-9.0, 73.0, 19.0, 17.0, 0.0, 65.0, 13.0, 12.0, 14.0, 53.0, 18.0, 14.0, 30.0, -35.0, 17.0, 14.0]"
1,1791636019.3684514,"[-17.40164999999999, 29.180579999999992, 15.909039000000007, 16.524276000000015, -0.08712299999999118, 28.565343000000013, 15.645365999999996, 16.787948999999998, 17.578968000000003, 28.653233999999998, 15.118020000000001, 15.909039000000007, -4.657454999999999, 150.294378, 56.163117, 42.27633900000001]","[-2.0, 5.0, 1.0, 3.0, 1.0, 1.0, 6.0, 4.0, 1.0, 1.0, 2.0, 1.0, 1.0, 0.0, 5.0, 3.0]","[-10.0, 46.0, 18.0, 17.0, 0.0, 56.0, 15.0, 12.0, 14.0, 57.0, 17.0, 13.0, 31.0, -41.0, 14.0, 15.0]"
1,1791636019.5930743,"[-18.632124000000005, 31.289963999999998, 17.139512999999994, 17.403186000000005, -0.08712299999999118, 30.23527200000001, 17.578968000000003, 17.75475, 18.633659999999992, 28.653233999999998, 16.348493999999988, 16.17271199999999, -4.657454999999999, 148.360776, 57.21780900000002, 43.24314000000001]","[-2.0, 3.0, 5.0, 3.0, 1.0, 2.0, 3.0, 3.0, 1.0, 1.0, 3.0, 4.0, 1.0, 0.0, 2.0, 3.0]","[-9.0, 45.0, 17.0, 16.0, 0.0, 57.0, 12.0, 12.0, 13.0, 81.0, 15.0, 16.0, 29.0, -41.0, 13.0, 14.0]"
1,1791636019.8135388,"[-19.686815999999993, 32.87200200000001, 18.106313999999998, 18.457877999999994, -0.08712299999999118, 32.432547, 18.36998700000001, 18.545769000000007, 19.161006000000015, 32.959892999999994, 17.315294999999992, 18.19420500000001, -4.657454999999999, 145.899828, 57.92093700000001, 44.209941000000015]","[-3.0, 8.0, 2.0, 3.0, 1.0, 8.0, 3.0, 1.0, 6.0, 15.0, 1.0, 5.0, 1.0, -1.0, 4.0, 2.0]","[-9.0, 52.0, 18.0, 16.0, 0.0, 53.0, 14.0, 13.0, 14.0, 47.0, 15.0, 13.0, 30.0, -42.0, 14.0, 14.0]"
1,1791636020.039966,"[-20.565726000000012, 35.33295000000001, 19.248897, 19.424678999999998, -0.08712299999999118, 34.717713, 19.161006000000015, 19.68835200000001, 20.567262, 33.13567499999999, 18.545769000000007, 18.897333000000003, -4.657454999999999, 143.43887999999998, 59.23930200000001, 45.17674199999999]","[0.0, 4.0, 2.0, 2.0, 1.0, 4.0, 1.0, 3.0, 1.0, 1.0, 2.0, 1.0, 1.0, -7.0, 3.0, 1.0]","[-9.0, 45.0, 17.0, 16.0, 0.0, 53.0, 14.0, 12.0, 13.0, 72.0, 16.0, 13.0, 29.0, -33.0, 14.0, 15.0]"
1,1791636020.2634134,"[-21.7962, 37.26655199999999, 20.39148, 20.39148, -0.08712299999999118, 37.00287900000001, 20.215698000000003, 20.655153000000013, 21.885627, 36.82709700000001, 19.424678999999998, 20.039916000000005, -4.657454999999999, 141.50527799999998, 60.030321000000015, 46.143542999999994]","[-2.0, 5.0, 4.0, 1.0, 1.0, 8.0, 2.0, 1.0, 4.0, 19.0, 5.0, 3.0, 1.0, 0.0, 1.0, 2.0]","[-9.0, 45.0, 17.0, 17.0, 0.0, 50.0, 14.0, 12.0, 14.0, 43.0, 15.0, 13.0, 29.0, -37.0, 14.0, 14.0]"
1,1791636020.4890459,"[-22.850891999999988, 39.28804500000001, 21.44617199999999, 21.709845, -0.08712299999999118, 38.936481000000015, 20.567262, 21.534063000000003, 22.412972999999994, 38.32124400000001, 20.655153000000013, 21.182499000000007, -4.657454999999999, 140.538477, 61.17290400000002, 47.19823500000001]","[-1.0, 6.0, 3.0, 4.0, 1.0, 5.0, 5.0, 1.0, 1.0, 1.0, 1.0, 2.0, 1.0, -7.0, 1.0, 2.0]","[-9.0, 42.0, 16.0, 16.0, 0.0, 45.0, 16.0, 13.0, 15.0, 60.0, 16.0, 13.0, 30.0, -41.0, 14.0, 15.0]"
1,1791636020.709498,"[-23.905584000000005, 41.39742899999999, 22.500864000000007, 22.588754999999992, -0.08712299999999118, 41.22164699999999, 21.797736000000015, 22.76453699999999, 23.819229000000007, 41.836884, 21.709845, 22.32508200000001, -4.657454999999999, 137.198619, 62.31548699999999, 48.165036000000015]","[0.0, 1.0, 2.0, 3.0, 1.0, 9.0, 1.0, 2.0, 4.0, 11.0, 4.0, 3.0, 1.0, -3.0, 4.0, 1.0]","[-8.0, 47.0, 17.0, 16.0, 0.0, 42.0, 16.0, 12.0, 13.0, 39.0, 14.0, 13.0, 29.0, -32.0, 14.0, 16.0]"
1,1791636020.9370048,"[-24.87238500000001, 43.59470400000001, 23.379773999999998, 22.588754999999992, -0.08712299999999118, 43.68259499999999, 22.588754999999992, 23.555555999999996, 24.873920999999996, 43.59470400000001, 22.76453699999999, 22.32508200000001, -4.657454999999999, 135.265017, 63.19439700000001, 49.13183699999999]","[-1.0, 9.0, 3.0, 1.0, 1.0, 4.0, 1.0, 1.0, 1.0, 5.0, 1.0, 1.0, 1.0, -5.0, 1.0, 1.0]","[-9.0, 38.0, 17.0, 19.0, 0.0, 41.0, 17.0, 12.0, 13.0, 47.0, 14.0, 15.0, 28.0, -32.0, 15.0, 15.0]"
1,1791636021.1609323,"[-25.927076999999997, 46.23143400000001, 24.170793000000003, 24.522357, -0.08712299999999118, 46.05565200000001, 23.203992, 24.78603000000001, 25.840722, 46.407216000000005, 23.64344700000001, 24.08290199999999, -4.657454999999999, 132.716178, 64.16119800000001, 50.098637999999994]","[-2.0, 4.0, 1.0, 4.0, 1.0, 7.0, 6.0, 2.0, 1.0, 6.0, 1.0, 5.0, 0.0, -6.0, 3.0, 3.0]","[0.0, 38.0, 18.0, 16.0, 0.0, 35.0, 16.0, 11.0, 13.0, 36.0, 15.0, 12.0, 29.0, -29.0, 14.0, 14.0]"
1,1791636021.3849103,"[-26.981768999999986, 48.34081800000001, 25.313376000000005, 25.489158000000003, -0.08712299999999118, 47.901363, 24.78603000000001, 25.66494, 26.983305, 47.901363, 24.873920999999996, 25.40126699999999, -4.657454999999999, 130.87046700000002, 65.21589, 51.065439]","[0.0, 6.0, 2.0, 1.0, 1.0, 2.0, 4.0, 1.0, 1.0, 3.0, 3.0, 2.0, 0.0, -2.0, 1.0, 2.0]","[0.0, 35.0, 18.0, 15.0, 0.0, 43.0, 15.0, 13.0, 0.0, 40.0, 14.0, 12.0, 29.0, -31.0, 14.0, 15.0]"
1,1791636021.6061893,"[-27.94856999999999, 50.362311000000005, 26.28017700000001, 26.71963199999999, -0.08712299999999118, 50.098637999999994, 25.840722, 26.895413999999988, 27.950106000000005, 50.889657, 26.016503999999998, 26.28017700000001, -4.5695639999999855, 128.49741, 66.27058199999999, 52.208022]","[0.0, 1.0, 1.0, 3.0, 1.0, 3.0, 4.0, 4.0, 1.0, 7.0, 4.0, 1.0, 1.0, -4.0, 3.0, 3.0]","[0.0, 37.0, 17.0, 16.0, 0.0, 39.0, 15.0, 11.0, 0.0, 32.0, 15.0, 13.0, 29.0, -29.0, 14.0, 15.0]"
1,1791636021.830184,"[-28.82748000000001, 52.735367999999994, 27.246978000000013, 27.686432999999994, -0.08712299999999118, 52.559585999999996, 27.071196000000015, 27.42276000000001, 29.092689000000007, 52.29591300000001, 26.895413999999988, 27.59854200000001, -4.5695639999999855, 127.003263, 67.41316499999999, 53.174823]","[0.0, 8.0, 2.0, 1.0, 1.0, 5.0, 4.0, 1.0, 1.0, 2.0, 1.0, 2.0, 1.0, 0.0, 3.0, 1.0]","[-9.0, 29.0, 18.0, 15.0, 0.0, 34.0, 14.0, 14.0, -4.0, 39.0, 14.0, 12.0, 29.0, -33.0, 13.0, 15.0]"
1,1791636022.0568392,"[-29.97006300000001, 55.28420700000001, 28.30167, 28.829015999999996, -0.08712299999999118, 54.66897, 28.125888000000003, 28.477452, 30.05949000000001, 54.844752, 28.125888000000003, 28.653233999999998, -4.657454999999999, 124.98176999999998, 68.46785700000001, 54.14162400000001]","[-2.0, 3.0, 1.0, 2.0, 1.0, 4.0, 2.0, 4.0, 1.0, 9.0, 3.0, 2.0, 0.0, -4.0, 2.0, 3.0]","[0.0, 31.0, 17.0, 16.0, 0.0, 34.0, 14.0, 12.0, 0.0, 31.0, 13.0, 11.0, 29.0, -32.0, 12.0, 15.0]"
1,1791636022.2808526,"[-30.936863999999986, 57.3057, 29.35636199999999, 29.707926000000015, -0.08712299999999118, 56.954136000000005, 29.268471000000005, 29.795817, 31.026291000000015, 56.42679000000001, 29.180579999999992, 29.620035, -4.5695639999999855, 123.48762299999999, 69.346767, 55.196315999999996]","[0.0, 6.0, 2.0, 2.0, 1.0, 5.0, 3.0, 4.0, 1.0, 1.0, 4.0, 1.0, 0.0, 0.0, 4.0, 3.0]","[0.0, 32.0, 16.0, 15.0, 0.0, 29.0, 13.0, 12.0, -1.0, 37.0, 13.0, 12.0, 28.0, -34.0, 13.0, 15.0]"
1,1791636022.5048509,"[-31.991556000000003, 59.327192999999994, 30.498944999999992, 30.9384, -0.08712299999999118, 58.975629, 30.498944999999992, 30.762618000000003, 32.080983, 56.42679000000001, 29.883708000000013, 30.411054000000007, -4.5695639999999855, 120.49932899999999, 69.43465800000001, 56.25100800000001]","[-2.0, 1.0, 1.0, 2.0, 1.0, 2.0, 2.0, 2.0, 1.0, 1.0, 1.0, 3.0, 0.0, -8.0, 1.0, 4.0]","[0.0, 31.0, 17.0, 16.0, 0.0, 30.0, 12.0, 12.0, 0.0, 59.0, 14.0, 13.0, 29.0, -28.0, 16.0, 14.0]"
1,1791636022.7288282,"[-32.95835700000001, 61.52446800000001, 31.465745999999996, 31.817309999999992, -0.08712299999999118, 61.612359, 31.641527999999994, 31.905201000000005, 33.04778400000001, 61.436577, 31.114182, 31.729419000000007, -4.5695639999999855, 118.38994500000001, 71.54404199999999, 57.21780900000002]","[0.0, 8.0, 3.0, 1.0, 1.0, 5.0, 2.0, 1.0, 1.0, 13.0, 4.0, 3.0, 1.0, -1.0, 6.0, 2.0]","[0.0, 23.0, 16.0, 15.0, 0.0, 24.0, 12.0, 11.0, 0.0, 27.0, 13.0, 11.0, 29.0, -28.0, 12.0, 15.0]"
1,1791636022.952857,"[-34.013048999999995, 64.073307, 32.69622000000001, 32.959892999999994, -0.08712299999999118, 63.897525, 32.69622000000001, 32.784110999999996, 34.01458500000001, 63.721743000000004, 32.344656000000015, 32.432547, -4.5695639999999855, 116.19267000000002, 72.774516, 58.272501000000005]","[0.0, 5.0, 2.0, 4.0, 1.0, 5.0, 4.0, 1.0, 0.0, 2.0, 3.0, 1.0, 0.0, -4.0, 2.0, 3.0]","[0.0, 22.0, 16.0, 15.0, 0.0, 25.0, 13.0, 12.0, 0.0, 26.0, 12.0, 12.0, 28.0, -26.0, 13.0, 15.0]"
1,1791636023.174902,"[-35.06774100000001, 66.182691, 33.750912, 33.926694, -0.08712299999999118, 66.27058199999999, 33.926694, 34.01458500000001, 35.069277, 66.00690900000001, 33.399348, 33.663021000000015, -4.5695639999999855, 114.08328599999999, 73.829208, 59.23930200000001]","[0.0, 7.0, 4.0, 2.0, 1.0, 5.0, 5.0, 4.0, 1.0, 4.0, 3.0, 3.0, 1.0, -3.0, 4.0, 2.0]","[0.0, 21.0, 16.0, 15.0, 0.0, 20.0, 11.0, 11.0, 0.0, 26.0, 11.0, 11.0, 30.0, -28.0, 12.0, 15.0]"
1,1791636023.400744,"[-35.946651, 68.46785700000001, 34.80560399999999, 34.893495, -0.08712299999999118, 68.29207500000001, 34.981386000000015, 34.893495, 36.12396899999999, 68.29207500000001, 34.541931000000005, 34.541931000000005, -4.5695639999999855, 111.886011, 74.70811800000001, 60.293994]","[0.0, 2.0, 2.0, 1.0, 1.0, 5.0, 3.0, 1.0, 0.0, 8.0, 2.0, 1.0, 1.0, -5.0, 2.0, 3.0]","[-9.0, 23.0, 16.0, 15.0, 0.0, 22.0, 12.0, 11.0, -4.0, 21.0, 12.0, 11.0, 29.0, -24.0, 13.0, 14.0]"
1,1791636023.6247435,"[-37.089234000000005, 70.57724100000001, 35.860296000000005, 35.94818699999999, -0.08712299999999118, 70.57724100000001, 36.21186, 35.94818699999999, 37.00287900000001, 70.57724100000001, 35.596622999999994, 35.245059, -4.5695639999999855, 109.77662700000002, 75.938592, 61.348686000000015]","[-1.0, 7.0, 2.0, 2.0, 1.0, 2.0, 4.0, 1.0, 1.0, 4.0, 2.0, 1.0, 1.0, -2.0, 3.0, 3.0]","[7.0, 20.0, 16.0, 16.0, 0.0, 20.0, 11.0, 11.0, 0.0, 21.0, 11.0, 12.0, 28.0, -26.0, 12.0, 15.0]"
1,1791636023.8457847,"[-37.968143999999995, 73.12608, 37.178661000000005, 36.82709700000001, -0.08712299999999118, 72.950298, 37.26655199999999, 36.914987999999994, 38.057570999999996, 72.68662499999999, 36.563424, 36.47553300000001, -4.5695639999999855, 107.84302500000001, 76.905393, 62.13970499999999]","[0.0, 2.0, 3.0, 2.0, 1.0, 6.0, 1.0, 2.0, 1.0, 5.0, 1.0, 1.0, 1.0, -4.0, 1.0, 1.0]","[-8.0, 19.0, 15.0, 16.0, 0.0, 17.0, 10.0, 11.0, 0.0, 19.0, 12.0, 12.0, 29.0, -24.0, 12.0, 15.0]"
1,1791636024.0728474,"[-38.847053999999986, 75.411246, 38.14546200000001, 37.881789, -0.08712299999999118, 73.74131700000001, 37.706007, 37.618116000000015, 39.024372, 74.70811800000001, 37.79389800000001, 37.354443, -4.5695639999999855, 105.29418600000002, 78.13586700000002, 63.37017900000001]","[0.0, 5.0, 2.0, 3.0, 1.0, 1.0, 1.0, 2.0, 1.0, 1.0, 3.0, 1.0, 1.0, -4.0, 4.0, 2.0]","[-9.0, 17.0, 15.0, 16.0, 0.0, 28.0, 12.0, 12.0, 0.0, 21.0, 11.0, 12.0, 29.0, -20.0, 11.0, 15.0]"
1,1791636024.2938697,"[-40.077528, 77.69641200000001, 39.375935999999996, 38.672808, -0.08712299999999118, 74.18077199999999, 37.881789, 38.233352999999994, 39.991173, 76.72961099999998, 38.76069899999999, 38.497026000000005, -4.5695639999999855, 103.44847500000003, 78.92688600000002, 64.249089]","[-1.0, 5.0, 3.0, 2.0, 1.0, 1.0, 1.0, 3.0, 1.0, 7.0, 1.0, 2.0, 1.0, -2.0, 1.0, 1.0]","[0.0, 15.0, 14.0, 16.0, 0.0, 36.0, 16.0, 13.0, 14.0, 19.0, 11.0, 12.0, 28.0, -20.0, 11.0, 14.0]"
1,1791636024.520637,"[-40.78065599999999, 79.80579599999999, 40.43062800000001, 39.46382700000001, -0.08712299999999118, 74.268663, 37.96968000000001, 38.672808, 41.04586499999999, 79.19055900000001, 39.90328199999999, 39.46382700000001, -4.5695639999999855, 103.272693, 80.06946900000003, 65.21589]","[-3.0, 5.0, 3.0, 3.0, 1.0, 1.0, 0.0, 1.0, 2.0, 1.0, 3.0, 5.0, 1.0, -1.0, 3.0, 1.0]","[-9.0, 15.0, 14.0, 17.0, 0.0, 35.0, 20.0, 16.0, 0.0, 18.0, 11.0, 12.0, 27.0, -20.0, 11.0, 14.0]"
1,1791636024.7410305,"[-42.09902099999999, 82.178853, 41.48532, 40.694300999999996, -0.08712299999999118, 74.268663, 38.057570999999996, 39.200154, 41.661102, 81.387834, 40.870082999999994, 40.60641000000001, -4.5695639999999855, 103.18480199999999, 80.77259700000002, 66.182691]","[-1.0, 5.0, 1.0, 1.0, 1.0, 1.0, 0.0, 1.0, 1.0, 6.0, 2.0, 4.0, 1.0, 0.0, 1.0, 1.0]","[4.0, 14.0, 14.0, 16.0, 0.0, 36.0, 26.0, 17.0, 14.0, 16.0, 9.0, 11.0, 28.0, -21.0, 13.0, 15.0]"
1,1791636024.9686599,"[-43.065822, 84.28823699999998, 42.627903, 41.661102, -0.08712299999999118, 74.268663, 38.672808, 39.815391000000005, 43.06735800000001, 83.76089100000002, 42.10055700000001, 41.573211000000015, -4.5695639999999855, 103.18480199999999, 80.94837899999999, 66.710037]","[0.0, 5.0, 3.0, 3.0, 1.0, 1.0, 1.0, 1.0, 3.0, 5.0, 2.0, 1.0, 1.0, 1.0, 1.0, 1.0]","[0.0, 14.0, 14.0, 16.0, 0.0, 37.0, 28.0, 18.0, 0.0, 15.0, 10.0, 12.0, 29.0, -21.0, 15.0, 16.0]"
1,1791636025.191145,"[-44.032623, 86.661294, 43.59470400000001, 42.803685, -0.08712299999999118, 74.268663, 38.672808, 40.166955, 44.03415899999999, 85.87027499999999, 43.24314000000001, 42.627903, -4.5695639999999855, 103.18480199999999, 81.03627, 67.14949200000001]","[0.0, 5.0, 1.0, 5.0, 1.0, 1.0, 1.0, 4.0, 2.0, 4.0, 3.0, 3.0, 1.0, 0.0, 1.0, 1.0]","[0.0, 13.0, 14.0, 15.0, 0.0, 37.0, 36.0, 22.0, 0.0, 16.0, 10.0, 11.0, 29.0, -21.0, 19.0, 18.0]"
1,1791636025.412711,"[-45.08731499999999, 88.594896, 44.73728700000001, 43.506812999999994, -0.08712299999999118, 73.477644, 38.497026000000005, 40.166955, 45.00095999999999, 88.24333200000001, 44.297832, 43.770486000000005, -4.5695639999999855, 103.18480199999999, 81.03627, 67.94051100000001]","[0.0, 4.0, 3.0, 1.0, 1.0, 0.0, 0.0, 1.0, 1.0, 4.0, 4.0, 1.0, 1.0, 1.0, 1.0, 1.0]","[0.0, 13.0, 13.0, 16.0, 0.0, 11.0, 10.0, 0.0, -14.0, 14.0, 9.0, 11.0, 29.0, -21.0, 25.0, 19.0]"
1,1791636025.6385598,"[-46.05411599999999, 88.77067799999998, 45.528306000000015, 45.00095999999999, -0.08712299999999118, 73.477644, 38.497026000000005, 40.166955, 45.967760999999996, 88.33122300000002, 45.17674199999999, 44.825177999999994, -4.657454999999999, 103.18480199999999, 81.387834, 68.204184]","[0.0, 1.0, 1.0, 4.0, 1.0, 0.0, 0.0, 1.0, 0.0, 0.0, 1.0, 1.0, 0.0, 1.0, 1.0, 0.0]","[0.0, 13.0, 14.0, 14.0, 0.0, 11.0, 10.0, 0.0, -5.0, 14.0, 9.0, 11.0, 29.0, -21.0, 30.0, 21.0]"
1,1791636025.8645627,"[-47.020917, 88.77067799999998, 46.582998, 45.791979, -0.08712299999999118, 73.477644, 38.497026000000005, 40.166955, 47.02245300000001, 88.33122300000002, 46.143542999999994, 45.87987000000001, -4.833236999999997, 103.272693, 81.29994299999998, 68.11629300000001]","[0.0, 1.0, 3.0, 1.0, 1.0, 0.0, 0.0, 1.0, 1.0, 1.0, 1.0, 3.0, 0.0, 0.0, 0.0, 0.0]","[0.0, 13.0, 14.0, 15.0, 0.0, 11.0, 9.0, 0.0, -13.0, 14.0, 10.0, 11.0, 10.0, -3.0, 10.0, 13.0]"
1,1791636026.086441,"[-47.72404499999999, 88.77067799999998, 47.63768999999999, 47.19823500000001, -0.08712299999999118, 73.477644, 38.497026000000005, 40.166955, 48.077145, 88.33122300000002, 47.37401700000001, 47.02245300000001, -4.833236999999997, 103.272693, 81.29994299999998, 68.204184]","[0.0, 1.0, 1.0, 3.0, 1.0, 0.0, 0.0, 1.0, 1.0, 1.0, 2.0, 2.0, 0.0, 1.0, 0.0, 0.0]","[-10.0, 13.0, 14.0, 15.0, 0.0, 11.0, 10.0, 0.0, -14.0, 15.0, 10.0, 10.0, 10.0, -4.0, 10.0, 13.0]"
1,1791636026.3118165,"[-49.04240999999999, 88.85856899999999, 48.51660000000001, 48.077145, -0.08712299999999118, 73.477644, 38.497026000000005, 40.166955, 49.043946000000005, 88.33122300000002, 48.165036000000015, 47.81347199999999, -4.833236999999997, 103.272693, 81.29994299999998, 68.204184]","[-2.0, 1.0, 2.0, 1.0, 1.0, 0.0, 0.0, 1.0, 1.0, 1.0, 1.0, 1.0, 0.0, 1.0, 0.0, 1.0]","[0.0, 12.0, 14.0, 15.0, 0.0, 10.0, 9.0, 0.0, -14.0, 14.0, 10.0, 11.0, 10.0, -1.0, 11.0, 12.0]"
1,1791636026.53642,"[-49.833428999999995, 88.77067799999998, 49.483401000000015, 49.219728, -0.08712299999999118, 73.477644, 38.497026000000005, 40.166955, 50.01074700000001, 88.33122300000002, 49.043946000000005, 48.95605499999999, -4.833236999999997, 103.36058400000002, 81.29994299999998, 68.204184]","[0.0, 1.0, 2.0, 3.0, 1.0, 0.0, 0.0, 1.0, 0.0, 1.0, 1.0, 1.0, 0.0, 2.0, 0.0, 1.0]","[-9.0, 13.0, 14.0, 15.0, 0.0, 11.0, 10.0, 0.0, -13.0, 14.0, 9.0, 11.0, 10.0, -7.0, 9.0, 13.0]"
1,1791636026.7605348,"[-50.80023, 88.77067799999998, 50.45020199999999, 50.45020199999999, -0.08712299999999118, 73.477644, 38.497026000000005, 40.166955, 51.15333000000001, 88.33122300000002, 50.18652900000001, 49.922855999999996, -4.833236999999997, 103.36058400000002, 81.29994299999998, 68.204184]","[0.0, 1.0, 3.0, 3.0, 1.0, 0.0, 0.0, 1.0, 1.0, 1.0, 2.0, 2.0, 0.0, 2.0, 0.0, 0.0]","[-9.0, 12.0, 13.0, 13.0, 0.0, 12.0, 10.0, 0.0, -14.0, 15.0, 10.0, 11.0, 10.0, -9.0, 10.0, 13.0]"
1,1791636026.9809756,"[-51.767031, 88.85856899999999, 51.417002999999994, 51.32911200000001, -0.08712299999999118, 73.477644, 38.497026000000005, 40.166955, 52.03224, 88.33122300000002, 51.065439, 50.889657, -4.833236999999997, 103.272693, 81.29994299999998, 68.204184]","[0.0, 1.0, 3.0, 3.0, 1.0, 0.0, 1.0, 1.0, 1.0, 0.0, 1.0, 1.0, 0.0, 1.0, 0.0, 1.0]","[-10.0, 12.0, 14.0, 15.0, 0.0, 11.0, 10.0, 0.0, 0.0, 14.0, 10.0, 11.0, 11.0, 0.0, 10.0, 13.0]"
1,1791636027.2060456,"[-52.82172299999999, 88.85856899999999, 52.29591300000001, 52.29591300000001, -0.08712299999999118, 73.477644, 38.497026000000005, 40.166955, 53.08693199999999, 88.33122300000002, 52.208022, 51.856458, -4.833236999999997, 103.36058400000002, 81.29994299999998, 68.204184]","[-3.0, 0.0, 1.0, 1.0, 1.0, 0.0, 0.0, 1.0, 1.0, 1.0, 3.0, 1.0, 0.0, 1.0, 0.0, 0.0]","[-9.0, 12.0, 14.0, 14.0, 0.0, 11.0, 10.0, 0.0, -1.0, 14.0, 10.0, 10.0, 10.0, -2.0, 11.0, 13.0]"
1,1791636027.432239,"[-53.876414999999994, 88.77067799999998, 53.174823, 53.350605, -0.08712299999999118, 73.477644, 38.497026000000005, 40.166955, 54.053732999999994, 88.33122300000002, 53.174823, 52.91114999999999, -4.833236999999997, 103.272693, 81.29994299999998, 68.204184]","[-2.0, 0.0, 1.0, 3.0, 1.0, 0.0, 0.0, 1.0, 1.0, 0.0, 3.0, 4.0, 0.0, 0.0, 0.0, 0.0]","[-9.0, 12.0, 15.0, 14.0, 0.0, 11.0, 9.0, 0.0, 0.0, 14.0, 11.0, 10.0, 10.0, -7.0, 10.0, 13.0]"
1,1791636027.6563473,"[-54.491652, 88.77067799999998, 54.317406000000005, 54.317406000000005, -0.08712299999999118, 73.477644, 38.497026000000005, 40.166955, 55.020534, 88.41911399999998, 53.96584200000001, 53.79006000000001, -4.833236999999997, 103.272693, 81.29994299999998, 68.204184]","[0.0, 1.0, 2.0, 3.0, 1.0, 0.0, 0.0, 1.0, 1.0, 1.0, 1.0, 1.0, 0.0, 0.0, 0.0, 1.0]","[-10.0, 13.0, 14.0, 14.0, 0.0, 11.0, 8.0, 0.0, -10.0, 15.0, 10.0, 11.0, 11.0, 0.0, 10.0, 13.0]"
1,1791636027.878554,"[-55.37056199999999, 88.77067799999998, 55.10842500000001, 55.28420700000001, -0.08712299999999118, 73.477644, 38.497026000000005, 40.166955, 56.075226000000015, 88.33122300000002, 55.10842500000001, 54.93264300000001, -4.833236999999997, 103.272693, 81.29994299999998, 68.204184]","[0.0, 0.0, 3.0, 2.0, 1.0, 0.0, 0.0, 1.0, 0.0, 1.0, 1.0, 3.0, 0.0, 1.0, 0.0, 1.0]","[-11.0, 12.0, 15.0, 14.0, 0.0, 11.0, 9.0, 0.0, 0.0, 14.0, 10.0, 10.0, 10.0, -3.0, 10.0, 12.0]"
1,1791636028.1036036,"[-56.425253999999995, 88.77067799999998, 56.42679000000001, 56.338899, -0.08712299999999118, 73.477644, 38.497026000000005, 40.166955, 56.954136000000005, 88.33122300000002, 55.987335, 55.811553, -4.833236999999997, 103.272693, 81.29994299999998, 68.204184]","[0.0, 0.0, 4.0, 1.0, 1.0, 0.0, 0.0, 1.0, 1.0, 0.0, 2.0, 3.0, 0.0, 0.0, 0.0, 1.0]","[-10.0, 12.0, 15.0, 14.0, 0.0, 11.0, 9.0, 0.0, 0.0, 15.0, 11.0, 10.0, 9.0, -4.0, 10.0, 13.0]"
1,1791636028.324735,"[-57.128382, 88.85856899999999, 57.3057, 57.129918, -0.08712299999999118, 73.477644, 38.497026000000005, 40.166955, 57.92093700000001, 88.41911399999998, 56.86624499999999, 56.86624499999999, -4.833236999999997, 103.272693, 81.29994299999998, 68.204184]","[-1.0, 0.0, 1.0, 1.0, 1.0, 0.0, 0.0, 1.0, 1.0, 1.0, 1.0, 3.0, 0.0, 1.0, 0.0, 1.0]","[-11.0, 12.0, 14.0, 15.0, 0.0, 11.0, 10.0, 0.0, 0.0, 14.0, 11.0, 10.0, 10.0, -2.0, 10.0, 13.0]"
1,1791636028.552291,"[-58.71042, 88.85856899999999, 58.53617400000002, 58.008827999999994, -0.08712299999999118, 73.477644, 38.497026000000005, 40.166955, 58.975629, 88.33122300000002, 57.74515500000001, 57.833045999999996, -4.833236999999997, 103.272693, 81.29994299999998, 68.204184]","[-2.0, 1.0, 4.0, 1.0, 1.0, 0.0, 0.0, 1.0, 1.0, 0.0, 1.0, 3.0, 0.0, 1.0, 0.0, 1.0]","[-9.0, 11.0, 13.0, 15.0, 0.0, 12.0, 9.0, 0.0, 0.0, 14.0, 10.0, 11.0, 11.0, -7.0, 10.0, 12.0]"
1,1791636028.7749307,"[-59.149874999999994, 88.85856899999999, 59.590866000000005, 59.06352000000001, -0.08712299999999118, 73.477644, 38.497026000000005, 40.166955, 59.94243, 88.41911399999998, 58.88773800000001, 58.711956000000015, -4.833236999999997, 103.36058400000002, 81.29994299999998, 68.204184]","[0.0, 1.0, 1.0, 2.0, 1.0, 0.0, 0.0, 1.0, 1.0, 1.0, 1.0, 1.0, 0.0, 1.0, 0.0, 1.0]","[-10.0, 12.0, 13.0, 14.0, 0.0, 11.0, 10.0, 0.0, 0.0, 14.0, 10.0, 11.0, 12.0, -9.0, 10.0, 13.0]"
1,1791636028.999235,"[-60.468239999999994, 88.85856899999999, 60.645557999999994, 59.23930200000001, -0.08712299999999118, 73.477644, 38.497026000000005, 40.166955, 60.99712199999999, 88.33122300000002, 60.118212, 58.88773800000001, -4.833236999999997, 103.272693, 81.29994299999998, 68.204184]","[-2.0, 1.0, 1.0, 1.0, 1.0, 0.0, 0.0, 1.0, 1.0, 1.0, 4.0, 0.0, 0.0, 1.0, 0.0, 1.0]","[-9.0, 11.0, 14.0, 14.0, 0.0, 11.0, 10.0, 0.0, 0.0, 13.0, 10.0, 10.0, 10.0, -2.0, 9.0, 13.0]"
1,1791636029.2231064,"[-61.698713999999995, 89.21013299999998, 61.788140999999996, 59.23930200000001, -0.08712299999999118, 73.477644, 38.497026000000005, 40.166955, 61.963922999999994, 88.41911399999998, 61.085013000000004, 58.88773800000001, -4.833236999999997, 103.272693, 81.29994299999998, 68.204184]","[0.0, 3.0, 2.0, 1.0, 1.0, 0.0, 0.0, 1.0, 1.0, 0.0, 1.0, 1.0, 0.0, 1.0, 0.0, 1.0]","[-9.0, 12.0, 15.0, 14.0, 0.0, 11.0, 9.0, 0.0, 0.0, 14.0, 11.0, 11.0, 10.0, -3.0, 10.0, 13.0]"
1,1791636029.447545,"[-62.577624, 89.21013299999998, 62.667051000000015, 59.23930200000001, -0.08712299999999118, 73.477644, 38.497026000000005, 40.166955, 62.84283300000001, 88.41911399999998, 62.31548699999999, 58.88773800000001, -4.833236999999997, 103.272693, 81.29994299999998, 68.204184]","[-1.0, 1.0, 2.0, 1.0, 1.0, 0.0, 0.0, 1.0, 1.0, 0.0, 2.0, 1.0, 0.0, 0.0, 0.0, 1.0]","[-9.0, 11.0, 13.0, 15.0, 0.0, 12.0, 10.0, 0.0, 14.0, 13.0, 9.0, 11.0, 10.0, -1.0, 10.0, 13.0]"
1,1791636029.6721692,"[-63.720207, 89.21013299999998, 63.80963400000002, 59.23930200000001, -0.08712299999999118, 73.477644, 38.497026000000005, 40.166955, 63.985416000000015, 88.41911399999998, 63.19439700000001, 58.88773800000001, -4.833236999999997, 103.36058400000002, 81.29994299999998, 68.204184]","[0.0, 1.0, 3.0, 1.0, 1.0, 0.0, 0.0, 1.0, 1.0, 1.0, 1.0, 1.0, 0.0, 1.0, 0.0, 1.0]","[-9.0, 11.0, 15.0, 14.0, 0.0, 11.0, 9.0, 0.0, 0.0, 14.0, 10.0, 11.0, 10.0, -5.0, 9.0, 12.0]"
1,1791636029.895683,"[-64.774899, 89.21013299999998, 64.68854400000001, 59.23930200000001, -0.08712299999999118, 73.477644, 38.497026000000005, 40.166955, 64.95221699999999, 88.33122300000002, 64.073307, 58.88773800000001, -4.833236999999997, 103.272693, 81.29994299999998, 68.204184]","[0.0, 1.0, 1.0, 1.0, 1.0, 0.0, 0.0, 1.0, 1.0, 1.0, 2.0, 1.0, 0.0, 1.0, 0.0, 1.0]","[-9.0, 11.0, 13.0, 14.0, 0.0, 12.0, 9.0, 0.0, 0.0, 14.0, 11.0, 11.0, 10.0, -3.0, 10.0, 13.0]"
1,1791636030.1175807,"[-65.390136, 89.21013299999998, 65.65534500000001, 59.23930200000001, -0.08712299999999118, 73.477644, 38.497026000000005, 40.166955, 65.919018, 88.41911399999998, 65.12799900000002, 58.88773800000001, -4.833236999999997, 103.272693, 81.29994299999998, 68.204184]","[0.0, 1.0, 3.0, 1.0, 1.0, 0.0, 0.0, 1.0, 1.0, 1.0, 2.0, 1.0, 0.0, 0.0, 0.0, 1.0]","[-10.0, 11.0, 13.0, 14.0, 0.0, 10.0, 9.0, 0.0, 0.0, 14.0, 10.0, 11.0, 10.0, 0.0, 11.0, 13.0]"
1,1791636030.3425763,"[-66.62061, 89.298024, 66.710037, 59.23930200000001, -0.08712299999999118, 73.477644, 38.497026000000005, 40.166955, 66.97371000000001, 88.41911399999998, 66.00690900000001, 58.88773800000001, -4.833236999999997, 103.36058400000002, 81.29994299999998, 68.204184]","[-1.0, 1.0, 1.0, 1.0, 1.0, 0.0, 0.0, 1.0, 1.0, 1.0, 1.0, 1.0, 0.0, 1.0, 0.0, 1.0]","[-9.0, 11.0, 14.0, 14.0, 0.0, 11.0, 10.0, 0.0, 0.0, 13.0, 10.0, 10.0, 11.0, -7.0, 10.0, 13.0]"
1,1791636030.5642042,"[-67.49952, 89.21013299999998, 67.76472900000002, 59.23930200000001, -0.08712299999999118, 73.477644, 38.497026000000005, 40.166955, 67.94051100000001, 88.41911399999998, 66.79792800000001, 58.88773800000001, -4.833236999999997, 103.272693, 81.29994299999998, 68.204184]","[0.0, 1.0, 4.0, 1.0, 1.0, 0.0, 0.0, 1.0, 2.0, 2.0, 1.0, 1.0, 0.0, 1.0, 0.0, 0.0]","[-9.0, 12.0, 13.0, 14.0, 0.0, 11.0, 10.0, 0.0, 0.0, 14.0, 12.0, 11.0, 10.0, -3.0, 10.0, 13.0]"
1,1791636030.7906828,"[-68.466321, 89.21013299999998, 68.73152999999999, 59.23930200000001, -0.08712299999999118, 73.477644, 38.497026000000005, 40.166955, 68.995203, 88.41911399999998, 67.58894699999999, 58.88773800000001, -4.833236999999997, 103.272693, 81.29994299999998, 68.204184]","[0.0, 0.0, 2.0, 1.0, 1.0, 0.0, 0.0, 1.0, 1.0, 1.0, 2.0, 1.0, 0.0, 1.0, 0.0, 1.0]","[-10.0, 12.0, 13.0, 14.0, 0.0, 11.0, 9.0, 0.0, 9.0, 13.0, 11.0, 11.0, 11.0, -2.0, 9.0, 14.0]"
1,1791636031.0161996,"[-69.433122, 89.21013299999998, 69.43465800000001, 59.23930200000001, -0.08712299999999118, 73.477644, 38.497026000000005, 40.166955, 69.874113, 88.33122300000002, 68.555748, 58.88773800000001, -4.833236999999997, 103.272693, 81.29994299999998, 68.204184]","[0.0, 0.0, 1.0, 1.0, 1.0, 0.0, 0.0, 1.0, 3.0, 0.0, 4.0, 1.0, 0.0, 1.0, 0.0, 1.0]","[-9.0, 12.0, 14.0, 13.0, 0.0, 11.0, 10.0, 0.0, 13.0, 15.0, 11.0, 11.0, 9.0, -5.0, 10.0, 13.0]"
1,1791636031.2382007,"[-70.399923, 89.298024, 69.78622200000001, 59.23930200000001, -0.08712299999999118, 73.477644, 38.497026000000005, 40.166955, 70.75302300000001, 88.41911399999998, 69.61044000000001, 58.88773800000001, -4.833236999999997, 103.272693, 81.29994299999998, 68.204184]","[0.0, 1.0, 1.0, 1.0, 1.0, 0.0, 0.0, 1.0, 1.0, 1.0, 3.0, 1.0, 0.0, 1.0, 0.0, 1.0]","[-10.0, 11.0, 16.0, 14.0, 0.0, 11.0, 9.0, 0.0, 14.0, 13.0, 12.0, 11.0, 10.0, -3.0, 10.0, 14.0]"
1,1791636031.4630113,"[-71.366724, 89.298024, 70.22567699999999, 59.23930200000001, -0.08712299999999118, 73.477644, 38.497026000000005, 40.166955, 71.807715, 88.41911399999998, 70.40145900000002, 58.88773800000001, -4.833236999999997, 103.36058400000002, 81.29994299999998, 68.204184]","[-2.0, 1.0, 1.0, 1.0, 1.0, 0.0, 0.0, 1.0, 1.0, 1.0, 1.0, 1.0, 0.0, 0.0, 0.0, 1.0]","[-10.0, 11.0, 18.0, 14.0, 0.0, 10.0, 10.0, 0.0, 13.0, 14.0, 12.0, 11.0, 10.0, -4.0, 11.0, 13.0]"
1,1791636031.6847444,"[-72.333525, 89.47380600000002, 70.57724100000001, 59.23930200000001, -0.08712299999999118, 73.477644, 38.497026000000005, 40.166955, 72.59873400000001, 88.41911399999998, 70.840914, 58.88773800000001, -4.833236999999997, 103.272693, 81.29994299999998, 68.204184]","[0.0, 1.0, 1.0, 1.0, 1.0, 0.0, 0.0, 1.0, 1.0, 1.0, 1.0, 1.0, 0.0, 1.0, 0.0, 1.0]","[-10.0, 11.0, 20.0, 15.0, 0.0, 11.0, 9.0, 0.0, 14.0, 14.0, 14.0, 12.0, 11.0, -3.0, 10.0, 13.0]"
1,1791636031.9094355,"[-73.212435, 89.56169699999998, 71.192478, 59.23930200000001, -0.08712299999999118, 73.477644, 38.497026000000005, 40.166955, 73.74131700000001, 88.50700499999999, 71.36825999999999, 58.88773800000001, -4.833236999999997, 103.36058400000002, 81.29994299999998, 68.204184]","[0.0, 1.0, 1.0, 1.0, 1.0, 0.0, 0.0, 1.0, 1.0, 2.0, 1.0, 1.0, 0.0, 1.0, 0.0, 1.0]","[-11.0, 10.0, 22.0, 15.0, 0.0, 11.0, 9.0, 0.0, 14.0, 12.0, 17.0, 11.0, 9.0, -4.0, 9.0, 14.0]"
1,1791636032.1361504,"[-73.739781, 89.649588, 71.807715, 59.151410999999996, -0.08712299999999118, 73.477644, 38.497026000000005, 40.166955, 74.53233600000002, 88.68278700000002, 71.54404199999999, 58.88773800000001, -4.833236999999997, 103.272693, 81.29994299999998, 68.204184]","[-1.0, 1.0, 1.0, 1.0, 1.0, 0.0, 0.0, 1.0, 2.0, 1.0, 1.0, 1.0, 0.0, 1.0, 0.0, 1.0]","[-12.0, 10.0, 26.0, 14.0, 0.0, 11.0, 9.0, 0.0, 14.0, 12.0, 19.0, 11.0, 10.0, -7.0, 10.0, 13.0]"
1,1791636032.3599467,"[-73.739781, 89.649588, 72.159279, 59.151410999999996, -0.08712299999999118, 73.477644, 38.497026000000005, 40.166955, 74.620227, 88.85856899999999, 71.89560600000002, 58.799847, -4.833236999999997, 103.36058400000002, 81.29994299999998, 68.204184]","[0.0, 1.0, 1.0, 0.0, 1.0, 0.0, 1.0, 1.0, 1.0, 1.0, 1.0, 0.0, 0.0, 1.0, 0.0, 1.0]","[-13.0, 10.0, 29.0, 14.0, 0.0, 11.0, 9.0, 0.0, 15.0, 12.0, 25.0, 11.0, 10.0, -5.0, 10.0, 13.0]"
1,1791636032.5842743,"[-73.739781, 89.649588, 72.159279, 59.151410999999996, -0.08712299999999118, 73.477644, 38.497026000000005, 40.166955, 74.620227, 88.85856899999999, 72.24717000000001, 58.799847, -4.833236999999997, 103.36058400000002, 81.29994299999998, 68.204184]","[0.0, 1.0, 1.0, 0.0, 1.0, 0.0, 0.0, 1.0, 1.0, 1.0, 1.0, 0.0, 0.0, 0.0, 0.0, 1.0]","[-13.0, 11.0, 37.0, 14.0, 0.0, 12.0, 9.0, 0.0, 14.0, 12.0, 29.0, 12.0, 10.0, -5.0, 10.0, 13.0]"
1,1791636032.8079221,"[-73.739781, 89.649588, 72.159279, 59.151410999999996, -0.08712299999999118, 73.477644, 38.497026000000005, 40.166955, 74.70811800000001, 88.85856899999999, 72.42295200000001, 58.799847, -4.833236999999997, 103.272693, 81.29994299999998, 68.204184]","[0.0, 1.0, 1.0, 0.0, 1.0, 0.0, 0.0, 1.0, 0.0, 1.0, 1.0, 0.0, 0.0, 0.0, 0.0, 1.0]","[0.0, 10.0, 13.0, 0.0, 0.0, 11.0, 10.0, 0.0, 14.0, 12.0, 35.0, 12.0, 9.0, 0.0, 11.0, 12.0]"
1,1791636033.0322015,"[-73.739781, 89.649588, 72.159279, 59.151410999999996, -0.08712299999999118, 73.477644, 38.497026000000005, 40.166955, 74.70811800000001, 88.85856899999999, 72.68662499999999, 58.799847, -4.833236999999997, 103.36058400000002, 81.29994299999998, 68.204184]","[0.0, 1.0, 1.0, 0.0, 1.0, 0.0, 0.0, 1.0, 1.0, 1.0, 1.0, 0.0, 0.0, 1.0, 0.0, 0.0]","[0.0, 10.0, 13.0, 0.0, 0.0, 11.0, 10.0, 0.0, 14.0, 11.0, 40.0, 11.0, 10.0, -5.0, 10.0, 13.0]"
1,1791636033.2543564,"[-73.739781, 89.649588, 72.159279, 59.151410999999996, -0.08712299999999118, 73.477644, 38.497026000000005, 40.166955, 74.70811800000001, 88.85856899999999, 72.510843, 58.711956000000015, -4.833236999999997, 103.272693, 81.29994299999998, 68.204184]","[0.0, 1.0, 1.0, 0.0, 1.0, 0.0, 0.0, 1.0, 1.0, 1.0, 0.0, 0.0, 0.0, -1.0, 0.0, 1.0]","[0.0, 10.0, 14.0, 0.0, 0.0, 11.0, 10.0, 0.0, 14.0, 0.0, 9.0, 9.0, 9.0, 0.0, 10.0, 12.0]"
2,1791636035.269378,"[0.0007679999999936626, -5.096910000000008, -1.229705999999993, -0.17501400000000444, -0.08712299999999118, -5.360582999999991, 0.0007679999999936626, -0.2629049999999893, 0.0007679999999936626, -5.272692000000006, -1.1418150000000082, 0.26444100000000503, -2.6359620000000064, 178.33160700000002, 40.166955, 25.66494]","[0.0, 1.0, 1.0, 0.0, 1.0, 1.0, 0.0, 0.0, 1.0, 1.0, 1.0, 0.0, 0.0, 1.0, 0.0, 0.0]","[-9.0, 33.0, 16.0, 13.0, 0.0, 33.0, -8.0, 9.0, -14.0, 37.0, 11.0, -9.0, 17.0, 16.0, -11.0, -14.0]"
2,1791636035.492172,"[0.0007679999999936626, -5.096910000000008, -1.229705999999993, 0.08865900000000693, -0.08712299999999118, -5.272692000000006, 0.528113999999988, -0.08712299999999118, 0.0007679999999936626, -5.272692000000006, -1.1418150000000082, 0.3523319999999899, -2.6359620000000064, 177.98004300000002, 40.254846000000015, 25.752831000000015]","[0.0, 1.0, 1.0, 1.0, 1.0, 1.0, 1.0, 1.0, 0.0, 1.0, 0.0, 1.0, 0.0, 1.0, 1.0, 1.0]","[-9.0, 42.0, 20.0, 14.0, 0.0, 53.0, 10.0, 13.0, -14.0, 45.0, 13.0, 9.0, 23.0, -13.0, 11.0, 13.0]"
2,1791636035.7198274,"[0.0007679999999936626, -4.833236999999997, 0.0007679999999936626, 0.528113999999988, -0.08712299999999118, -3.7785450000000083, 1.1433509999999956, 0.08865900000000693, 0.0007679999999936626, -5.272692000000006, -0.6144689999999855, 0.6160050000000012, -2.6359620000000064, 177.62847900000003, 40.518519, 26.28017700000001]","[0.0, 0.0, 2.0, 1.0, 1.0, 1.0, 1.0, 1.0, 0.0, 1.0, 0.0, 1.0, 0.0, 1.0, 1.0, 2.0]","[-9.0, 48.0, 18.0, 16.0, 0.0, 59.0, 11.0, 14.0, -15.0, 57.0, 16.0, 12.0, 31.0, -25.0, 13.0, 14.0]"
2,1791636035.94033,"[0.0007679999999936626, -4.833236999999997, 0.8796780000000126, 1.582806000000005, -0.08712299999999118, -2.372288999999995, 1.846478999999988, 1.407024000000007, 0.0007679999999936626, -4.657454999999999, 0.17654999999999177, 0.6160050000000012, -2.548070999999993, 176.398005, 41.309538, 27.159087]","[0.0, 1.0, 1.0, 1.0, 1.0, 5.0, 1.0, 2.0, 1.0, 1.0, 3.0, 1.0, 0.0, -3.0, 4.0, 1.0]","[-9.0, 59.0, 20.0, 15.0, 0.0, 57.0, 11.0, 13.0, -14.0, 59.0, 17.0, 16.0, 38.0, -33.0, 14.0, 14.0]"
2,1791636036.167631,"[0.0007679999999936626, -3.339089999999999, 1.7585880000000031, 2.4617159999999956, -0.08712299999999118, 0.3523319999999899, 2.6374979999999937, 2.1980430000000126, 0.0007679999999936626, -4.042217999999991, 1.407024000000007, 2.0222610000000145, -2.548070999999993, 173.14603799999998, 42.188447999999994, 28.03799699999999]","[0.0, 4.0, 1.0, 2.0, 0.0, 6.0, 1.0, 1.0, 1.0, 1.0, 3.0, 5.0, 1.0, -4.0, 1.0, 1.0]","[-9.0, 53.0, 20.0, 16.0, 0.0, 53.0, 13.0, 14.0, -14.0, 65.0, 17.0, 14.0, 44.0, -33.0, 13.0, 15.0]"
2,1791636036.3886013,"[0.0007679999999936626, -3.339089999999999, 2.901171000000005, 3.6042989999999975, -0.08712299999999118, 1.846478999999988, 3.4285169999999994, 3.3406260000000145, 0.0007679999999936626, -4.042217999999991, 1.9343700000000013, 3.076953000000003, -0.35079600000000255, 169.71828900000003, 43.06735800000001, 29.180579999999992]","[0.0, 1.0, 2.0, 3.0, 1.0, 5.0, 3.0, 4.0, 0.0, 1.0, 2.0, 4.0, 8.0, -6.0, 2.0, 4.0]","[-9.0, 62.0, 18.0, 15.0, 0.0, 56.0, 15.0, 13.0, -14.0, 77.0, 16.0, 13.0, 32.0, -28.0, 13.0, 14.0]"
2,1791636036.615598,"[0.0007679999999936626, -3.339089999999999, 3.7800809999999956, 4.219536000000005, -0.08712299999999118, 3.6921900000000107, 4.30742699999999, 4.30742699999999, 0.0007679999999936626, -2.0207249999999988, 3.164843999999988, 4.043754000000007, 0.8796780000000126, 168.31203299999999, 44.56150500000001, 30.147380999999996]","[0.0, 1.0, 4.0, 7.0, 1.0, 2.0, 1.0, 1.0, 0.0, 4.0, 2.0, 1.0, 3.0, 0.0, 4.0, 3.0]","[-9.0, 77.0, 19.0, 17.0, 0.0, 66.0, 15.0, 13.0, -14.0, 62.0, 16.0, 13.0, 31.0, -44.0, 12.0, 14.0]"
2,1791636036.8395543,"[0.0007679999999936626, -0.08712299999999118, 4.834773000000013, 5.713683000000003, -0.08712299999999118, 6.153138000000013, 5.362119000000007, 5.186337000000009, 0.0007679999999936626, -1.9328339999999855, 4.30742699999999, 4.834773000000013, 1.582806000000005, 164.620611, 44.649395999999996, 31.114182]","[0.0, 6.0, 4.0, 2.0, 1.0, 3.0, 3.0, 1.0, 1.0, 1.0, 1.0, 1.0, 7.0, -5.0, 1.0, 1.0]","[-9.0, 47.0, 20.0, 15.0, 0.0, 60.0, 14.0, 14.0, -14.0, 77.0, 16.0, 14.0, 31.0, -35.0, 15.0, 15.0]"
2,1791636037.0599928,"[0.0007679999999936626, 0.0007679999999936626, 5.889465000000001, 6.504702000000009, -0.08712299999999118, 7.735175999999996, 5.62579199999999, 6.416810999999996, 0.0007679999999936626, 0.17654999999999177, 5.186337000000009, 6.153138000000013, 2.98906199999999, 161.36864400000002, 46.582998, 32.16887399999999]","[0.0, 1.0, 1.0, 5.0, 1.0, 8.0, 6.0, 4.0, 1.0, 4.0, 4.0, 3.0, 1.0, -6.0, 5.0, 1.0]","[-9.0, 61.0, 19.0, 17.0, 0.0, 54.0, 16.0, 12.0, -14.0, 62.0, 16.0, 14.0, 32.0, -36.0, 12.0, 14.0]"
2,1791636037.2855806,"[0.0007679999999936626, 0.0007679999999936626, 6.592592999999994, 7.647285000000011, -0.08712299999999118, 10.108233000000013, 7.207830000000001, 7.383611999999999, 0.0007679999999936626, 0.528113999999988, 6.328920000000011, 7.032048000000003, 2.98906199999999, 158.204568, 47.461907999999994, 33.223566000000005]","[0.0, 1.0, 6.0, 3.0, 0.0, 4.0, 1.0, 1.0, 1.0, 1.0, 2.0, 1.0, 1.0, -3.0, 2.0, 3.0]","[-8.0, 73.0, 19.0, 16.0, 3.0, 57.0, 13.0, 13.0, -15.0, 70.0, 18.0, 12.0, 37.0, -36.0, 12.0, 15.0]"
2,1791636037.509409,"[0.0007679999999936626, 2.549607000000009, 7.910957999999994, 8.614086000000015, -0.08712299999999118, 11.426598000000013, 8.26252199999999, 8.526195000000001, 0.08865900000000693, 0.528113999999988, 7.119938999999988, 8.086739999999992, 5.186337000000009, 155.304165, 48.34081800000001, 34.278257999999994]","[0.0, 9.0, 2.0, 1.0, 1.0, 2.0, 3.0, 3.0, 2.0, 1.0, 1.0, 3.0, 6.0, -6.0, 1.0, 3.0]","[-9.0, 52.0, 18.0, 16.0, 0.0, 63.0, 13.0, 12.0, -14.0, 84.0, 18.0, 13.0, 27.0, -35.0, 13.0, 14.0]"
2,1791636037.7355812,"[0.0007679999999936626, 2.6374979999999937, 8.789868000000013, 9.492996000000005, -0.08712299999999118, 13.53598199999999, 9.317214000000007, 9.317214000000007, 0.08865900000000693, 0.528113999999988, 7.998849000000007, 9.141432000000009, 6.2410289999999975, 152.40376200000003, 49.571292, 35.33295000000001]","[0.0, 1.0, 4.0, 1.0, 1.0, 9.0, 3.0, 1.0, 1.0, 1.0, 3.0, 1.0, 4.0, -5.0, 4.0, 3.0]","[-9.0, 66.0, 19.0, 16.0, 0.0, 60.0, 13.0, 13.0, -14.0, 97.0, 17.0, 13.0, 29.0, -33.0, 13.0, 14.0]"
2,1791636037.9584556,"[0.0007679999999936626, 2.6374979999999937, 9.844560000000001, 10.635579000000007, -0.08712299999999118, 16.084821000000005, 10.28401500000001, 10.371905999999996, 0.0007679999999936626, 4.395318000000003, 9.229322999999994, 9.932451000000015, 6.680484000000007, 150.20648699999998, 50.45020199999999, 36.21186]","[0.0, 0.0, 2.0, 2.0, 1.0, 3.0, 3.0, 3.0, 1.0, 12.0, 4.0, 1.0, 1.0, 0.0, 1.0, 2.0]","[-8.0, 74.0, 19.0, 16.0, 0.0, 60.0, 14.0, 14.0, -14.0, 52.0, 17.0, 13.0, 32.0, -41.0, 13.0, 15.0]"
2,1791636038.183521,"[0.0007679999999936626, 5.186337000000009, 10.811361000000005, 11.514488999999998, -0.08712299999999118, 17.930532, 11.075033999999988, 11.250816000000015, 0.0007679999999936626, 4.6589910000000145, 9.668778000000003, 10.89925199999999, 8.438303999999988, 147.13030200000003, 51.50489400000001, 37.354443]","[0.0, 4.0, 4.0, 2.0, 1.0, 9.0, 4.0, 1.0, 1.0, 1.0, 6.0, 1.0, 3.0, -2.0, 3.0, 3.0]","[-9.0, 59.0, 19.0, 16.0, 0.0, 54.0, 13.0, 13.0, -14.0, 66.0, 17.0, 14.0, 29.0, -40.0, 13.0, 14.0]"
2,1791636038.4074638,"[0.0007679999999936626, 5.186337000000009, 11.690270999999996, 12.569181000000015, -0.08712299999999118, 20.039916000000005, 12.21761699999999, 12.393398999999988, 0.0007679999999936626, 4.6589910000000145, 10.89925199999999, 11.953944000000007, 9.141432000000009, 143.43887999999998, 52.559585999999996, 38.32124400000001]","[0.0, 1.0, 1.0, 3.0, 1.0, 2.0, 1.0, 1.0, 1.0, 1.0, 1.0, 3.0, 1.0, -7.0, 3.0, 2.0]","[-9.0, 71.0, 19.0, 15.0, 0.0, 58.0, 13.0, 14.0, -15.0, 81.0, 18.0, 13.0, 29.0, -33.0, 14.0, 13.0]"
2,1791636038.6285038,"[0.0007679999999936626, 5.450009999999992, 12.569181000000015, 13.448091000000005, -0.08712299999999118, 20.12780699999999, 13.272309000000007, 13.53598199999999, 0.08865900000000693, 7.119938999999988, 10.89925199999999, 13.008635999999996, 10.547687999999994, 140.36269500000003, 53.526387, 39.46382700000001]","[0.0, 6.0, 1.0, 3.0, 1.0, 1.0, 4.0, 3.0, 1.0, 11.0, 1.0, 3.0, 3.0, -4.0, 3.0, 2.0]","[-8.0, 80.0, 20.0, 16.0, 0.0, 80.0, 13.0, 12.0, -15.0, 56.0, 22.0, 12.0, 25.0, -37.0, 13.0, 14.0]"
2,1791636038.8531597,"[0.0007679999999936626, 8.877758999999998, 13.887546000000015, 14.502782999999994, -0.08712299999999118, 24.610248000000013, 14.327000999999996, 14.414892000000009, 0.0007679999999936626, 8.438303999999988, 13.096527000000009, 13.799655000000001, 11.60238000000001, 137.198619, 54.66897, 40.43062800000001]","[0.0, 2.0, 3.0, 2.0, 1.0, 7.0, 3.0, 1.0, 1.0, 5.0, 6.0, 3.0, 1.0, -1.0, 3.0, 2.0]","[-8.0, 52.0, 19.0, 16.0, 0.0, 49.0, 13.0, 13.0, -14.0, 58.0, 18.0, 14.0, 27.0, -33.0, 11.0, 14.0]"
2,1791636039.0793939,"[0.0007679999999936626, 8.877758999999998, 14.85434699999999, 15.469583999999998, -0.08712299999999118, 25.840722, 15.381693000000013, 15.733257000000009, 0.0007679999999936626, 9.317214000000007, 13.887546000000015, 14.590674000000007, 11.690270999999996, 133.85876100000002, 55.635771000000005, 41.48532]","[0.0, 0.0, 2.0, 2.0, 1.0, 8.0, 3.0, 2.0, -1.0, 1.0, 1.0, 6.0, 0.0, -6.0, 1.0, 4.0]","[-9.0, 63.0, 20.0, 16.0, 0.0, 59.0, 12.0, 12.0, -14.0, 60.0, 18.0, 13.0, 31.0, -30.0, 12.0, 14.0]"
2,1791636039.2997978,"[0.0007679999999936626, 10.28401500000001, 15.733257000000009, 16.348493999999988, -0.08712299999999118, 28.565343000000013, 16.524276000000015, 16.787948999999998, 0.08865900000000693, 9.317214000000007, 14.766456000000005, 15.821147999999994, 13.711763999999988, 130.694685, 56.690462999999994, 42.36422999999999]","[0.0, 2.0, 2.0, 1.0, 1.0, 3.0, 3.0, 3.0, 0.0, 1.0, 1.0, 2.0, 5.0, -3.0, 3.0, 1.0]","[-9.0, 67.0, 19.0, 17.0, 0.0, 56.0, 13.0, 13.0, -14.0, 71.0, 18.0, 13.0, 27.0, -30.0, 12.0, 14.0]"
2,1791636039.5265596,"[0.0007679999999936626, 10.28401500000001, 16.87584000000001, 17.315294999999992, -0.08712299999999118, 30.05949000000001, 17.315294999999992, 17.75475, 0.0007679999999936626, 9.668778000000003, 16.084821000000005, 16.436385, 13.711763999999988, 127.61849999999998, 57.833045999999996, 43.41892200000001]","[0.0, 0.0, 2.0, 2.0, 1.0, 1.0, 6.0, 2.0, 1.0, 0.0, 1.0, 6.0, 1.0, 0.0, 1.0, 1.0]","[-9.0, 68.0, 18.0, 16.0, 0.0, 56.0, 13.0, 13.0, -14.0, 79.0, 17.0, 14.0, 34.0, -31.0, 12.0, 14.0]"
2,1791636039.7483118,"[0.0007679999999936626, 10.547687999999994, 17.930532, 18.018423000000013, -0.08712299999999118, 32.608329, 18.36998700000001, 18.545769000000007, 0.0007679999999936626, 9.756668999999988, 16.963730999999996, 18.018423000000013, 15.821147999999994, 124.89387900000003, 59.06352000000001, 44.38572300000001]","[0.0, 4.0, 2.0, 5.0, 1.0, 6.0, 1.0, 2.0, 1.0, 1.0, 4.0, 3.0, 4.0, -4.0, 3.0, 1.0]","[-9.0, 73.0, 19.0, 17.0, 0.0, 49.0, 14.0, 12.0, -14.0, 93.0, 16.0, 13.0, 27.0, -32.0, 13.0, 14.0]"
2,1791636039.9745886,"[0.0007679999999936626, 13.096527000000009, 18.985223999999988, 19.336788000000013, -0.08712299999999118, 34.45403999999999, 19.161006000000015, 19.68835200000001, 0.0007679999999936626, 9.756668999999988, 18.106313999999998, 18.721551000000005, 16.700058000000013, 122.52082200000001, 60.118212, 45.528306000000015]","[0.0, 0.0, 3.0, 1.0, 1.0, 5.0, 1.0, 3.0, 0.0, 0.0, 1.0, 1.0, 1.0, -1.0, 3.0, 3.0]","[-9.0, 59.0, 19.0, 17.0, 0.0, 55.0, 14.0, 12.0, -14.0, 107.0, 16.0, 13.0, 26.0, -34.0, 12.0, 14.0]"
2,1791636040.1966746,"[0.0007679999999936626, 13.096527000000009, 19.952024999999992, 20.39148, -0.08712299999999118, 37.00287900000001, 20.215698000000003, 20.655153000000013, 0.08865900000000693, 13.623873000000003, 19.248897, 19.952024999999992, 17.842641000000015, 118.47783600000002, 61.260795, 46.49510699999999]","[0.0, 1.0, 2.0, 3.0, 1.0, 8.0, 1.0, 1.0, 1.0, 22.0, 4.0, 2.0, 1.0, -4.0, 4.0, 3.0]","[-8.0, 72.0, 18.0, 17.0, 0.0, 50.0, 13.0, 12.0, -14.0, 54.0, 16.0, 14.0, 25.0, -28.0, 11.0, 14.0]"
2,1791636040.4232628,"[0.0007679999999936626, 14.766456000000005, 21.00671700000001, 21.44617199999999, -0.08712299999999118, 38.936481000000015, 20.918825999999996, 21.534063000000003, 0.08865900000000693, 14.414892000000009, 20.39148, 20.918825999999996, 17.842641000000015, 115.13797799999998, 62.13970499999999, 47.54979900000001]","[0.0, 6.0, 3.0, 3.0, 1.0, 7.0, 2.0, 1.0, 2.0, 1.0, 3.0, 1.0, 1.0, -6.0, 1.0, 3.0]","[-9.0, 65.0, 18.0, 16.0, 0.0, 46.0, 16.0, 12.0, -14.0, 70.0, 16.0, 12.0, 29.0, -24.0, 12.0, 14.0]"
2,1791636040.6457589,"[0.0007679999999936626, 14.766456000000005, 22.061408999999998, 22.500864000000007, -0.08712299999999118, 40.95797400000001, 21.797736000000015, 22.76453699999999, 0.0007679999999936626, 14.414892000000009, 21.094607999999994, 22.14930000000001, 20.215698000000003, 111.97390200000001, 63.37017900000001, 48.51660000000001]","[0.0, 1.0, 1.0, 2.0, 1.0, 9.0, 3.0, 2.0, 0.0, 1.0, 1.0, 2.0, 6.0, -5.0, 3.0, 2.0]","[-8.0, 77.0, 18.0, 16.0, 0.0, 45.0, 16.0, 12.0, -14.0, 84.0, 17.0, 12.0, 21.0, -24.0, 11.0, 14.0]"
2,1791636040.869345,"[0.0007679999999936626, 16.787948999999998, 22.852428000000003, 22.588754999999992, -0.08712299999999118, 43.331030999999996, 22.588754999999992, 23.555555999999996, 0.0007679999999936626, 15.821147999999994, 21.973518000000013, 22.76453699999999, 20.39148, 108.897717, 64.51276200000001, 49.39551]","[0.0, 15.0, 1.0, 1.0, 1.0, 3.0, 1.0, 1.0, 1.0, 17.0, 4.0, 1.0, 1.0, -3.0, 3.0, 1.0]","[-9.0, 56.0, 19.0, 18.0, 0.0, 42.0, 16.0, 12.0, -14.0, 64.0, 17.0, 14.0, 27.0, -25.0, 11.0, 14.0]"
2,1791636041.0935595,"[0.0007679999999936626, 18.282095999999996, 23.731337999999994, 24.346575, -0.08712299999999118, 46.143542999999994, 23.555555999999996, 24.78603000000001, 0.0007679999999936626, 18.721551000000005, 23.379773999999998, 23.819229000000007, 22.14930000000001, 105.469968, 65.12799900000002, 50.45020199999999]","[0.0, 1.0, 1.0, 4.0, 1.0, 6.0, 3.0, 1.0, 0.0, 4.0, 3.0, 1.0, 5.0, -6.0, 6.0, 2.0]","[-9.0, 58.0, 19.0, 16.0, 0.0, 36.0, 16.0, 11.0, -14.0, 54.0, 16.0, 13.0, 22.0, -21.0, 11.0, 13.0]"
2,1791636041.317173,"[0.0007679999999936626, 19.336788000000013, 24.78603000000001, 25.489158000000003, -0.08712299999999118, 47.63768999999999, 24.78603000000001, 25.66494, 0.08865900000000693, 18.721551000000005, 24.346575, 25.313376000000005, 22.940318999999988, 103.18480199999999, 66.182691, 51.065439]","[0.0, 3.0, 1.0, 3.0, 1.0, 4.0, 3.0, 1.0, 1.0, 1.0, 4.0, 3.0, 1.0, 0.0, 1.0, 1.0]","[-9.0, 69.0, 19.0, 16.0, 0.0, 43.0, 14.0, 12.0, -14.0, 67.0, 17.0, 12.0, 23.0, -28.0, 12.0, 14.0]"
2,1791636041.54091,"[0.0007679999999936626, 19.336788000000013, 25.840722, 26.368067999999994, -0.08712299999999118, 49.571292, 25.840722, 26.895413999999988, 0.08865900000000693, 19.248897, 25.313376000000005, 26.10439500000001, 22.852428000000003, 102.13011, 66.09479999999999, 51.15333000000001]","[0.0, 1.0, 2.0, 1.0, 1.0, 5.0, 2.0, 4.0, 1.0, 1.0, 2.0, 1.0, 0.0, 0.0, 1.0, 1.0]","[-9.0, 70.0, 20.0, 17.0, 0.0, 42.0, 15.0, 11.0, -14.0, 73.0, 17.0, 12.0, 31.0, -41.0, 14.0, 17.0]"
2,1791636041.7667317,"[0.0007679999999936626, 19.336788000000013, 26.631741000000005, 27.510650999999996, -0.08712299999999118, 51.856458, 27.071196000000015, 27.42276000000001, 0.08865900000000693, 19.51257000000001, 26.016503999999998, 27.334868999999998, 22.940318999999988, 101.07541800000001, 66.09479999999999, 51.241220999999996]","[0.0, 1.0, 1.0, 2.0, 1.0, 5.0, 3.0, 2.0, 1.0, 5.0, 1.0, 1.0, 1.0, 0.0, 0.0, 1.0]","[-9.0, 82.0, 20.0, 17.0, 0.0, 37.0, 14.0, 13.0, -13.0, 80.0, 16.0, 12.0, 39.0, -61.0, 19.0, 22.0]"
2,1791636041.987471,"[0.0007679999999936626, 21.534063000000003, 27.510650999999996, 28.565343000000013, -0.08712299999999118, 54.66897, 28.213778999999988, 28.565343000000013, 0.08865900000000693, 23.116101000000015, 27.334868999999998, 28.477452, 22.676646000000005, 101.339091, 66.09479999999999, 51.15333000000001]","[0.0, 21.0, 1.0, 4.0, 1.0, 6.0, 1.0, 3.0, 1.0, 7.0, 2.0, 3.0, 0.0, 0.0, 0.0, 0.0]","[-9.0, 53.0, 21.0, 16.0, 0.0, 33.0, 14.0, 12.0, -14.0, 50.0, 16.0, 12.0, 10.0, -11.0, 10.0, 5.0]"
2,1791636042.215176,"[0.0007679999999936626, 23.02821, 28.653233999999998, 29.620035, -0.08712299999999118, 56.514680999999996, 29.35636199999999, 29.795817, 0.08865900000000693, 23.116101000000015, 28.389561000000015, 29.444253000000003, 22.676646000000005, 101.339091, 66.09479999999999, 51.241220999999996]","[0.0, 1.0, 1.0, 3.0, 1.0, 4.0, 3.0, 4.0, 1.0, 1.0, 3.0, 5.0, 0.0, 1.0, 0.0, 1.0]","[-9.0, 58.0, 19.0, 16.0, 0.0, 33.0, 12.0, 11.0, -14.0, 61.0, 15.0, 12.0, 9.0, -11.0, 10.0, 2.0]"
2,1791636042.4392622,"[0.0007679999999936626, 24.258683999999988, 29.707926000000015, 30.67472699999999, -0.08712299999999118, 58.711956000000015, 30.498944999999992, 30.762618000000003, 0.08865900000000693, 25.137594000000007, 29.35636199999999, 30.586836000000005, 22.676646000000005, 101.339091, 66.09479999999999, 51.15333000000001]","[1.0, 3.0, 1.0, 2.0, 1.0, 5.0, 1.0, 2.0, 1.0, 8.0, 2.0, 4.0, 1.0, 0.0, 0.0, 1.0]","[-9.0, 57.0, 19.0, 15.0, 0.0, 31.0, 14.0, 11.0, -14.0, 45.0, 16.0, 12.0, 10.0, -11.0, 9.0, 0.0]"
2,1791636042.6630523,"[0.0007679999999936626, 24.346575, 30.67472699999999, 31.729419000000007, -0.08712299999999118, 61.17290400000002, 31.641527999999994, 31.905201000000005, 0.08865900000000693, 26.368067999999994, 30.23527200000001, 31.465745999999996, 22.676646000000005, 101.339091, 66.09479999999999, 51.241220999999996]","[1.0, 1.0, 1.0, 1.0, 1.0, 5.0, 1.0, 2.0, 1.0, 6.0, 1.0, 1.0, 1.0, 1.0, 0.0, 0.0]","[-8.0, 68.0, 20.0, 16.0, 0.0, 29.0, 12.0, 11.0, -14.0, 47.0, 17.0, 11.0, 10.0, -11.0, 9.0, 8.0]"
2,1791636043.1267703,"[0.0007679999999936626, 27.159087, 31.641527999999994, 32.52043800000001, -0.08712299999999118, 63.45806999999999, 32.87200200000001, 32.784110999999996, 0.08865900000000693, 27.59854200000001, 31.465745999999996, 32.256765, 22.676646000000005, 101.339091, 66.09479999999999, 51.15333000000001]","[1.0, 1.0, 0.0, 1.0, 1.0, 1.0, 1.0, 1.0, 1.0, 1.0, 1.0, 1.0, 1.0, 0.0, 0.0, 0.0]","[-9.0, 48.0, 19.0, 16.0, 0.0, 29.0, 12.0, 12.0, -14.0, 44.0, 16.0, 13.0, 10.0, -11.0, 9.0, 10.0]"
2,1791636043.3509917,"[0.0007679999999936626, 27.159087, 32.87200200000001, 33.83880300000001, -0.08712299999999118, 65.743236, 33.926694, 34.01458500000001, 0.08865900000000693, 28.389561000000015, 32.608329, 33.31145699999999, 22.676646000000005, 101.339091, 66.09479999999999, 51.15333000000001]","[1.0, 1.0, 4.0, 4.0, 1.0, 4.0, 5.0, 5.0, 1.0, 1.0, 2.0, 1.0, 1.0, 1.0, 0.0, 0.0]","[-9.0, 59.0, 18.0, 17.0, 0.0, 26.0, 11.0, 11.0, -14.0, 47.0, 14.0, 13.0, 10.0, -11.0, 10.0, 6.0]"
2,1791636043.573183,"[0.0007679999999936626, 29.004797999999994, 33.83880300000001, 34.62982199999999, -0.08712299999999118, 67.76472900000002, 34.981386000000015, 34.981386000000015, 0.08865900000000693, 28.389561000000015, 33.57513, 34.45403999999999, 22.676646000000005, 101.339091, 66.09479999999999, 51.15333000000001]","[1.0, 8.0, 1.0, 1.0, 1.0, 4.0, 1.0, 1.0, 1.0, 1.0, 3.0, 2.0, 1.0, 0.0, 0.0, 0.0]","[-9.0, 43.0, 20.0, 16.0, 0.0, 23.0, 10.0, 11.0, -14.0, 58.0, 16.0, 12.0, 10.0, -11.0, 10.0, 3.0]"
2,1791636043.7989578,"[0.0007679999999936626, 30.586836000000005, 35.069277, 35.860296000000005, -0.08712299999999118, 70.137786, 36.21186, 35.94818699999999, 0.08865900000000693, 29.620035, 34.541931000000005, 35.15716800000001, 22.676646000000005, 101.339091, 66.09479999999999, 51.241220999999996]","[1.0, 2.0, 3.0, 4.0, 1.0, 6.0, 3.0, 1.0, 1.0, 9.0, 3.0, 1.0, 1.0, 0.0, 0.0, 1.0]","[-8.0, 44.0, 17.0, 16.0, 0.0, 22.0, 10.0, 11.0, -14.0, 47.0, 15.0, 13.0, 10.0, -11.0, 11.0, 9.0]"
2,1791636044.022177,"[0.0007679999999936626, 30.586836000000005, 36.21186, 36.739205999999996, -0.08712299999999118, 72.59873400000001, 37.354443, 36.914987999999994, 0.08865900000000693, 32.16887399999999, 35.68451400000001, 36.387642, 22.676646000000005, 101.339091, 66.09479999999999, 51.241220999999996]","[1.0, 1.0, 4.0, 2.0, 1.0, 5.0, 2.0, 1.0, 1.0, 5.0, 1.0, 3.0, 1.0, 0.0, 0.0, 1.0]","[-9.0, 54.0, 18.0, 14.0, 0.0, 21.0, 10.0, 12.0, -14.0, 40.0, 15.0, 12.0, 10.0, -11.0, 10.0, 12.0]"
2,1791636044.2469628,"[-0.08712299999999118, 32.256765, 37.178661000000005, 37.706007, -0.08712299999999118, 73.56553500000001, 37.881789, 37.530225, 0.08865900000000693, 32.344656000000015, 36.82709700000001, 37.26655199999999, 22.676646000000005, 101.339091, 66.09479999999999, 51.241220999999996]","[1.0, 4.0, 2.0, 4.0, 1.0, 1.0, 1.0, 1.0, 1.0, 1.0, 3.0, 1.0, 1.0, 0.0, 0.0, 1.0]","[0.0, 49.0, 18.0, 15.0, 0.0, 29.0, 11.0, 12.0, -14.0, 48.0, 15.0, 12.0, 10.0, -11.0, 9.0, 9.0]"
2,1791636044.4698155,"[-0.08712299999999118, 33.31145699999999, 38.40913499999999, 38.40913499999999, -0.08712299999999118, 74.092881, 37.881789, 38.233352999999994, 0.08865900000000693, 33.13567499999999, 37.79389800000001, 38.40913499999999, 22.676646000000005, 101.339091, 66.09479999999999, 51.15333000000001]","[1.0, 3.0, 3.0, 1.0, 1.0, 1.0, 0.0, 1.0, 1.0, 3.0, 3.0, 3.0, 1.0, 1.0, 0.0, 0.0]","[-4.0, 48.0, 17.0, 17.0, 0.0, 39.0, 15.0, 12.0, -14.0, 49.0, 14.0, 12.0, 10.0, -10.0, 10.0, 10.0]"
2,1791636044.6926239,"[-0.08712299999999118, 33.399348, 39.28804500000001, 39.46382700000001, -0.08712299999999118, 74.620227, 38.14546200000001, 38.58491699999999, 0.08865900000000693, 33.223566000000005, 38.936481000000015, 38.936481000000015, 22.588754999999992, 101.339091, 66.09479999999999, 51.241220999999996]","[0.0, 2.0, 1.0, 2.0, 1.0, 1.0, 1.0, 1.0, 1.0, 1.0, 2.0, 4.0, 1.0, 0.0, 0.0, 1.0]","[0.0, 53.0, 18.0, 16.0, 0.0, 52.0, 19.0, 16.0, -14.0, 60.0, 13.0, 12.0, 9.0, -11.0, 10.0, 0.0]"
2,1791636044.91612,"[-0.08712299999999118, 35.77240499999999, 40.518519, 40.60641000000001, -0.08712299999999118, 74.971791, 38.14546200000001, 38.76069899999999, 0.08865900000000693, 33.13567499999999, 39.815391000000005, 40.43062800000001, 22.676646000000005, 101.339091, 66.09479999999999, 51.15333000000001]","[1.0, 1.0, 4.0, 1.0, 1.0, 4.0, 1.0, 1.0, 1.0, 1.0, 3.0, 3.0, 1.0, 1.0, 0.0, 1.0]","[0.0, 42.0, 17.0, 15.0, 0.0, 64.0, 25.0, 19.0, -14.0, 71.0, 14.0, 12.0, 10.0, -11.0, 10.0, 3.0]"
2,1791636045.1431692,"[-0.08712299999999118, 36.563424, 41.661102, 41.573211000000015, -0.08712299999999118, 75.587028, 38.14546200000001, 39.28804500000001, 0.08865900000000693, 33.223566000000005, 40.95797400000001, 41.39742899999999, 22.588754999999992, 101.339091, 66.09479999999999, 51.15333000000001]","[0.0, 1.0, 3.0, 4.0, 1.0, 1.0, 1.0, 1.0, 1.0, 1.0, 4.0, 1.0, 0.0, 1.0, 0.0, 1.0]","[0.0, 43.0, 16.0, 16.0, 0.0, 90.0, 32.0, 22.0, -14.0, 85.0, 13.0, 12.0, 10.0, -11.0, 9.0, 7.0]"
2,1791636045.3643456,"[-0.08712299999999118, 36.739205999999996, 42.627903, 42.803685, -0.08712299999999118, 74.620227, 37.96968000000001, 39.28804500000001, 0.08865900000000693, 37.96968000000001, 42.188447999999994, 42.54001199999999, 22.588754999999992, 101.339091, 66.09479999999999, 51.15333000000001]","[0.0, 1.0, 1.0, 4.0, 1.0, 1.0, 0.0, 1.0, 1.0, 9.0, 4.0, 2.0, 1.0, 0.0, 0.0, 1.0]","[0.0, 51.0, 17.0, 16.0, 0.0, 11.0, 10.0, 0.0, -14.0, 41.0, 11.0, 11.0, 10.0, -10.0, 9.0, 9.0]"
2,1791636045.590801,"[-0.08712299999999118, 38.84859, 43.770486000000005, 43.506812999999994, -0.08712299999999118, 74.620227, 37.96968000000001, 39.28804500000001, 0.08865900000000693, 38.14546200000001, 43.155249, 43.68259499999999, 22.588754999999992, 101.339091, 66.09479999999999, 51.241220999999996]","[0.0, 6.0, 3.0, 2.0, 1.0, 0.0, 1.0, 1.0, 1.0, 3.0, 1.0, 2.0, 1.0, 0.0, 0.0, 1.0]","[0.0, 42.0, 16.0, 16.0, 0.0, 11.0, 9.0, 0.0, -14.0, 50.0, 12.0, 11.0, 10.0, -10.0, 10.0, 7.0]"
2,1791636045.8112237,"[-0.08712299999999118, 40.07906399999999, 44.825177999999994, 44.825177999999994, -0.08712299999999118, 74.620227, 37.96968000000001, 39.28804500000001, 0.08865900000000693, 38.32124400000001, 44.297832, 44.825177999999994, 22.588754999999992, 101.339091, 66.09479999999999, 51.15333000000001]","[0.0, 5.0, 2.0, 5.0, 1.0, 0.0, 0.0, 1.0, 1.0, 1.0, 3.0, 3.0, 0.0, 1.0, 0.0, 1.0]","[0.0, 39.0, 16.0, 14.0, 0.0, 12.0, 10.0, 0.0, -13.0, 60.0, 12.0, 11.0, 10.0, -10.0, 9.0, 5.0]"
2,1791636046.0347855,"[-0.08712299999999118, 40.342737, 45.791979, 45.791979, -0.08712299999999118, 74.620227, 37.96968000000001, 39.28804500000001, 0.08865900000000693, 41.04586499999999, 45.17674199999999, 45.70408800000001, 22.588754999999992, 101.42698200000001, 66.09479999999999, 51.15333000000001]","[0.0, 4.0, 2.0, 1.0, 1.0, 0.0, 0.0, 1.0, 1.0, 12.0, 2.0, 5.0, 0.0, 1.0, 0.0, 1.0]","[0.0, 47.0, 16.0, 16.0, 0.0, 12.0, 9.0, 0.0, -14.0, 37.0, 12.0, 11.0, 9.0, -10.0, 9.0, 9.0]"
2,1791636046.2615182,"[-0.08712299999999118, 42.012665999999996, 46.846671000000015, 47.19823500000001, -0.08712299999999118, 74.620227, 37.96968000000001, 39.28804500000001, 0.08865900000000693, 42.10055700000001, 46.49510699999999, 47.02245300000001, 22.588754999999992, 101.339091, 66.09479999999999, 51.15333000000001]","[0.0, 4.0, 2.0, 3.0, 1.0, 1.0, 0.0, 1.0, 1.0, 1.0, 2.0, 3.0, 1.0, 1.0, 0.0, 1.0]","[0.0, 40.0, 16.0, 14.0, 0.0, 12.0, 9.0, 0.0, -14.0, 41.0, 12.0, 11.0, 9.0, -10.0, 9.0, 12.0]"
2,1791636046.484284,"[-0.08712299999999118, 43.41892200000001, 47.901363, 48.077145, -0.08712299999999118, 74.620227, 37.96968000000001, 39.28804500000001, 0.08865900000000693, 42.10055700000001, 47.461907999999994, 47.81347199999999, 22.588754999999992, 101.339091, 66.09479999999999, 51.241220999999996]","[0.0, 5.0, 3.0, 1.0, 1.0, 0.0, 0.0, 1.0, 1.0, 1.0, 3.0, 1.0, 1.0, 0.0, 0.0, 1.0]","[0.0, 34.0, 15.0, 14.0, 0.0, 12.0, 10.0, 0.0, -14.0, 52.0, 11.0, 11.0, 10.0, -10.0, 10.0, 4.0]"
2,1791636046.7085676,"[-0.08712299999999118, 44.56150500000001, 48.780272999999994, 49.219728, -0.08712299999999118, 74.620227, 37.96968000000001, 39.28804500000001, 0.08865900000000693, 44.56150500000001, 48.51660000000001, 48.95605499999999, 22.588754999999992, 101.339091, 66.09479999999999, 51.15333000000001]","[0.0, 1.0, 2.0, 3.0, 1.0, 0.0, 0.0, 1.0, 1.0, 6.0, 2.0, 3.0, 0.0, 0.0, 0.0, 1.0]","[0.0, 35.0, 16.0, 14.0, 0.0, 11.0, 10.0, 0.0, -14.0, 32.0, 12.0, 11.0, 10.0, -11.0, 10.0, 12.0]"
2,1791636046.9347508,"[-0.08712299999999118, 45.616197, 49.83496500000001, 50.45020199999999, -0.08712299999999118, 74.620227, 37.96968000000001, 39.28804500000001, 0.08865900000000693, 45.440415, 49.39551, 49.922855999999996, 22.588754999999992, 101.339091, 66.09479999999999, 51.15333000000001]","[0.0, 1.0, 2.0, 3.0, 1.0, 0.0, 0.0, 1.0, 1.0, 9.0, 2.0, 1.0, 1.0, 0.0, 0.0, 1.0]","[0.0, 34.0, 16.0, 13.0, 0.0, 12.0, 10.0, 0.0, -14.0, 33.0, 12.0, 11.0, 10.0, -11.0, 9.0, 3.0]"
2,1791636047.1586995,"[-0.08712299999999118, 45.616197, 50.713875, 51.417002999999994, -0.08712299999999118, 74.620227, 37.96968000000001, 39.28804500000001, 0.08865900000000693, 46.934562, 50.62598400000002, 50.889657, 22.588754999999992, 101.339091, 66.09479999999999, 51.15333000000001]","[0.0, 1.0, 1.0, 3.0, 1.0, 0.0, 0.0, 1.0, 1.0, 1.0, 1.0, 1.0, 1.0, 1.0, 0.0, 0.0]","[0.0, 42.0, 16.0, 13.0, 0.0, 13.0, 10.0, 0.0, -14.0, 33.0, 10.0, 11.0, 10.0, -10.0, 10.0, 13.0]"
2,1791636047.3805327,"[-0.08712299999999118, 48.165036000000015, 51.94434900000002, 52.383804, -0.08712299999999118, 74.620227, 37.96968000000001, 39.28804500000001, 0.08865900000000693, 47.02245300000001, 51.76856699999999, 51.94434900000002, 22.588754999999992, 101.339091, 66.09479999999999, 51.15333000000001]","[0.0, 7.0, 2.0, 3.0, 1.0, 0.0, 0.0, 1.0, 1.0, 1.0, 2.0, 2.0, 0.0, 0.0, 0.0, 0.0]","[0.0, 32.0, 16.0, 13.0, 0.0, 12.0, 9.0, 0.0, -14.0, 42.0, 11.0, 11.0, 9.0, -10.0, 9.0, 13.0]"
2,1791636047.606719,"[-0.08712299999999118, 49.219728, 52.999041000000005, 53.526387, -0.08712299999999118, 74.620227, 37.96968000000001, 39.28804500000001, 0.08865900000000693, 47.02245300000001, 52.64747700000001, 52.999041000000005, 22.588754999999992, 101.339091, 66.09479999999999, 51.15333000000001]","[0.0, 3.0, 3.0, 3.0, 1.0, 0.0, 0.0, 1.0, 1.0, 1.0, 2.0, 5.0, 0.0, 1.0, 0.0, 0.0]","[0.0, 28.0, 16.0, 14.0, 0.0, 12.0, 9.0, 0.0, -14.0, 52.0, 12.0, 10.0, 9.0, -10.0, 10.0, 12.0]"
2,1791636047.8273656,"[-0.08712299999999118, 49.39551, 53.96584200000001, 54.22951499999999, -0.08712299999999118, 74.620227, 37.96968000000001, 39.28804500000001, 0.08865900000000693, 50.362311000000005, 53.79006000000001, 53.79006000000001, 22.588754999999992, 101.339091, 66.09479999999999, 51.15333000000001]","[0.0, 1.0, 3.0, 4.0, 1.0, 0.0, 0.0, 1.0, 1.0, 10.0, 4.0, 1.0, 0.0, 0.0, 0.0, 0.0]","[0.0, 37.0, 15.0, 13.0, 0.0, 12.0, 10.0, 0.0, -14.0, 29.0, 11.0, 11.0, 9.0, -10.0, 9.0, 9.0]"
2,1791636048.051418,"[-0.08712299999999118, 51.065439, 55.196315999999996, 55.45998900000001, -0.08712299999999118, 74.620227, 37.96968000000001, 39.28804500000001, 0.08865900000000693, 51.417002999999994, 54.844752, 55.020534, 22.588754999999992, 101.339091, 66.09479999999999, 51.15333000000001]","[0.0, 3.0, 3.0, 3.0, 1.0, 1.0, 0.0, 1.0, 1.0, 1.0, 1.0, 4.0, 1.0, 1.0, 0.0, 1.0]","[0.0, 32.0, 14.0, 14.0, 0.0, 12.0, 9.0, 0.0, -14.0, 31.0, 11.0, 11.0, 9.0, -11.0, 10.0, 13.0]"
2,1791636048.2770863,"[-0.08712299999999118, 52.47169500000001, 56.25100800000001, 56.338899, -0.08712299999999118, 74.620227, 37.96968000000001, 39.28804500000001, 0.08865900000000693, 51.417002999999994, 55.89944400000002, 55.89944400000002, 22.588754999999992, 101.42698200000001, 66.09479999999999, 51.15333000000001]","[0.0, 5.0, 1.0, 1.0, 1.0, 0.0, 0.0, 1.0, 1.0, 1.0, 4.0, 2.0, 0.0, 1.0, 0.0, 0.0]","[0.0, 27.0, 15.0, 14.0, 0.0, 12.0, 10.0, 0.0, -15.0, 38.0, 11.0, 11.0, 9.0, -11.0, 10.0, 12.0]"
2,1791636048.5025363,"[-0.08712299999999118, 53.61427800000001, 57.21780900000002, 57.21780900000002, -0.08712299999999118, 74.620227, 37.96968000000001, 39.28804500000001, 0.08865900000000693, 52.999041000000005, 56.86624499999999, 56.86624499999999, 22.588754999999992, 101.339091, 66.09479999999999, 51.15333000000001]","[-1.0, 2.0, 2.0, 2.0, 1.0, 0.0, 0.0, 1.0, 1.0, 3.0, 3.0, 1.0, 1.0, 1.0, 0.0, 0.0]","[-2.0, 26.0, 15.0, 13.0, 0.0, 11.0, 10.0, 0.0, -14.0, 32.0, 11.0, 11.0, 9.0, -10.0, 10.0, 13.0]"
2,1791636048.7266161,"[-0.08712299999999118, 54.756861000000015, 58.448283, 58.272501000000005, -0.08712299999999118, 74.620227, 37.96968000000001, 39.28804500000001, 0.08865900000000693, 52.999041000000005, 57.74515500000001, 58.008827999999994, 22.588754999999992, 101.339091, 66.09479999999999, 51.241220999999996]","[1.0, 1.0, 4.0, 3.0, 1.0, 0.0, 0.0, 1.0, 1.0, 1.0, 1.0, 4.0, 1.0, 1.0, 0.0, 1.0]","[-1.0, 27.0, 14.0, 13.0, 0.0, 12.0, 10.0, 0.0, -14.0, 42.0, 11.0, 10.0, 9.0, -10.0, 10.0, 2.0]"
2,1791636048.9505084,"[-0.08712299999999118, 55.811553, 59.590866000000005, 59.23930200000001, -0.08712299999999118, 74.620227, 37.96968000000001, 39.28804500000001, 0.08865900000000693, 55.635771000000005, 58.975629, 58.88773800000001, 22.588754999999992, 101.339091, 66.09479999999999, 51.15333000000001]","[1.0, 1.0, 2.0, 1.0, 1.0, 0.0, 0.0, 1.0, 1.0, 6.0, 3.0, 3.0, 0.0, 1.0, 0.0, 0.0]","[0.0, 27.0, 14.0, 14.0, 0.0, 11.0, 9.0, 0.0, -14.0, 25.0, 10.0, 10.0, 9.0, -10.0, 10.0, 7.0]"
2,1791636049.1715534,"[0.0007679999999936626, 57.04202699999999, 59.766648, 60.20610300000001, -0.08712299999999118, 74.620227, 37.96968000000001, 39.28804500000001, 0.08865900000000693, 55.987335, 59.23930200000001, 59.85453900000002, 22.588754999999992, 101.339091, 66.09479999999999, 51.241220999999996]","[1.0, 4.0, 1.0, 2.0, 1.0, 0.0, 1.0, 1.0, 1.0, 1.0, 1.0, 1.0, 0.0, 1.0, 0.0, 0.0]","[-1.0, 25.0, 14.0, 14.0, 0.0, 12.0, 9.0, 0.0, -14.0, 32.0, 9.0, 11.0, 10.0, -11.0, 11.0, 8.0]"
2,1791636049.398435,"[-0.08712299999999118, 58.09671900000001, 59.766648, 61.348686000000015, -0.08712299999999118, 74.620227, 37.96968000000001, 39.28804500000001, 0.08865900000000693, 55.987335, 59.327192999999994, 60.99712199999999, 22.588754999999992, 101.339091, 66.09479999999999, 51.15333000000001]","[1.0, 2.0, 1.0, 1.0, 1.0, 0.0, 0.0, 1.0, 1.0, 1.0, 1.0, 3.0, 0.0, 1.0, 0.0, 1.0]","[-1.0, 25.0, 13.0, 14.0, 0.0, 11.0, 10.0, 0.0, -14.0, 42.0, 11.0, 10.0, 9.0, -10.0, 10.0, 6.0]"
2,1791636049.619636,"[-0.08712299999999118, 58.09671900000001, 59.766648, 62.13970499999999, -0.08712299999999118, 74.620227, 37.96968000000001, 39.28804500000001, 0.08865900000000693, 58.18460999999999, 59.327192999999994, 61.87603200000001, 22.588754999999992, 101.339091, 66.09479999999999, 51.15333000000001]","[1.0, 1.0, 1.0, 1.0, 1.0, 0.0, 0.0, 1.0, 1.0, 7.0, 1.0, 1.0, 0.0, 1.0, 0.0, 1.0]","[-2.0, 30.0, 13.0, 15.0, 0.0, 12.0, 9.0, 0.0, -14.0, 28.0, 9.0, 10.0, 10.0, -11.0, 10.0, 11.0]"
2,1791636049.845811,"[0.0007679999999936626, 60.118212, 59.85453900000002, 63.37017900000001, -0.08712299999999118, 74.620227, 37.96968000000001, 39.28804500000001, 0.08865900000000693, 60.293994, 59.41508400000001, 63.106505999999996, 22.676646000000005, 101.339091, 66.09479999999999, 51.15333000000001]","[1.0, 3.0, 1.0, 4.0, 1.0, 0.0, 1.0, 1.0, 1.0, 3.0, 1.0, 3.0, 1.0, 0.0, 0.0, 1.0]","[-4.0, 23.0, 13.0, 13.0, 0.0, 12.0, 10.0, 0.0, -13.0, 24.0, 10.0, 11.0, 9.0, -11.0, 9.0, 12.0]"
2,1791636050.0675087,"[0.0007679999999936626, 60.82133999999999, 59.85453900000002, 64.249089, -0.08712299999999118, 74.620227, 37.96968000000001, 39.28804500000001, 0.08865900000000693, 60.293994, 59.41508400000001, 63.897525, 22.588754999999992, 101.42698200000001, 66.09479999999999, 51.15333000000001]","[0.0, 1.0, 1.0, 1.0, 1.0, 0.0, 1.0, 1.0, 1.0, 1.0, 1.0, 2.0, 0.0, 1.0, 0.0, 1.0]","[-2.0, 26.0, 13.0, 14.0, 0.0, 12.0, 9.0, 0.0, -15.0, 32.0, 9.0, 11.0, 10.0, -10.0, 10.0, 9.0]"
2,1791636050.2943969,"[0.0007679999999936626, 62.49126900000002, 59.85453900000002, 65.21589, -0.08712299999999118, 74.620227, 37.96968000000001, 39.28804500000001, 0.08865900000000693, 62.05181400000001, 59.41508400000001, 64.864326, 22.588754999999992, 101.339091, 66.09479999999999, 51.241220999999996]","[0.0, 4.0, 1.0, 2.0, 1.0, 1.0, 0.0, 1.0, 0.0, 5.0, 1.0, 1.0, 1.0, 1.0, 0.0, 1.0]","[-2.0, 20.0, 14.0, 13.0, 0.0, 11.0, 9.0, 0.0, -14.0, 23.0, 10.0, 10.0, 12.0, -10.0, 9.0, 2.0]"
2,1791636050.5158515,"[-0.08712299999999118, 63.545961000000005, 59.85453900000002, 66.358473, -0.08712299999999118, 74.620227, 37.96968000000001, 39.28804500000001, 0.08865900000000693, 63.19439700000001, 59.41508400000001, 66.00690900000001, 22.588754999999992, 101.339091, 66.09479999999999, 51.15333000000001]","[0.0, 4.0, 1.0, 1.0, 1.0, 0.0, 0.0, 1.0, 0.0, 4.0, 1.0, 2.0, 0.0, 1.0, 0.0, 0.0]","[-2.0, 20.0, 14.0, 14.0, 0.0, 11.0, 9.0, 0.0, -15.0, 24.0, 10.0, 10.0, 12.0, -11.0, 9.0, 8.0]"
2,1791636050.7423944,"[0.0007679999999936626, 64.33698000000001, 59.85453900000002, 67.41316499999999, -0.08712299999999118, 74.620227, 37.96968000000001, 39.28804500000001, 0.08865900000000693, 64.33698000000001, 59.41508400000001, 66.885819, 22.588754999999992, 101.339091, 66.09479999999999, 51.15333000000001]","[1.0, 1.0, 1.0, 3.0, 1.0, 0.0, 0.0, 1.0, 1.0, 3.0, 1.0, 1.0, 0.0, 0.0, 0.0, 1.0]","[-5.0, 23.0, 14.0, 13.0, 0.0, 11.0, 9.0, 0.0, -14.0, 24.0, 9.0, 10.0, 9.0, -10.0, 11.0, 4.0]"
2,1791636050.9659648,"[-0.08712299999999118, 65.567454, 59.85453900000002, 68.379966, -0.08712299999999118, 74.620227, 37.96968000000001, 39.28804500000001, 0.08865900000000693, 65.47956300000001, 59.41508400000001, 68.028402, 22.588754999999992, 101.339091, 66.09479999999999, 51.241220999999996]","[1.0, 4.0, 1.0, 2.0, 1.0, 0.0, 1.0, 1.0, 1.0, 2.0, 1.0, 3.0, 1.0, 0.0, 0.0, 1.0]","[-1.0, 21.0, 14.0, 15.0, 0.0, 11.0, 10.0, 0.0, -14.0, 21.0, 10.0, 10.0, 10.0, -11.0, 10.0, 2.0]"
2,1791636051.1902177,"[0.0007679999999936626, 66.885819, 59.85453900000002, 69.43465800000001, -0.08712299999999118, 74.620227, 37.96968000000001, 39.28804500000001, 0.08865900000000693, 66.00690900000001, 59.41508400000001, 68.819421, 22.588754999999992, 101.339091, 66.09479999999999, 51.15333000000001]","[2.0, 2.0, 1.0, 3.0, 1.0, 0.0, 0.0, 1.0, 1.0, 1.0, 1.0, 1.0, 0.0, 1.0, 0.0, 0.0]","[-8.0, 20.0, 13.0, 14.0, 0.0, 12.0, 9.0, 0.0, -14.0, 25.0, 9.0, 10.0, 11.0, -11.0, 10.0, 13.0]"
2,1791636051.4132633,"[-0.08712299999999118, 67.85262, 59.85453900000002, 70.137786, -0.08712299999999118, 74.620227, 37.96968000000001, 39.28804500000001, 0.08865900000000693, 67.32527400000001, 59.41508400000001, 69.874113, 22.588754999999992, 101.339091, 66.09479999999999, 51.241220999999996]","[1.0, 6.0, 1.0, 3.0, 1.0, 0.0, 0.0, 1.0, 1.0, 7.0, 1.0, 2.0, 1.0, 0.0, 0.0, 0.0]","[-7.0, 17.0, 13.0, 13.0, 0.0, 12.0, 9.0, 0.0, -14.0, 20.0, 10.0, 10.0, 10.0, -11.0, 10.0, 9.0]"
2,1791636051.6378362,"[0.0007679999999936626, 68.90731199999999, 59.85453900000002, 71.36825999999999, -0.08712299999999118, 74.620227, 37.96968000000001, 39.28804500000001, 0.08865900000000693, 68.64363900000001, 59.41508400000001, 71.016696, 22.588754999999992, 101.42698200000001, 66.09479999999999, 51.15333000000001]","[1.0, 4.0, 0.0, 2.0, 1.0, 0.0, 0.0, 1.0, 1.0, 2.0, 1.0, 2.0, 1.0, 1.0, 0.0, 1.0]","[-8.0, 19.0, 13.0, 14.0, 0.0, 11.0, 10.0, 0.0, -14.0, 21.0, 9.0, 11.0, 10.0, -10.0, 10.0, 7.0]"
2,1791636051.8597496,"[-0.08712299999999118, 69.78622200000001, 59.85453900000002, 72.335061, -0.08712299999999118, 74.620227, 37.96968000000001, 39.28804500000001, 0.17654999999999177, 69.43465800000001, 59.41508400000001, 72.07138800000001, 22.588754999999992, 101.339091, 66.09479999999999, 51.15333000000001]","[0.0, 3.0, 0.0, 1.0, 1.0, 0.0, 0.0, 1.0, 0.0, 1.0, 1.0, 3.0, 1.0, 1.0, 0.0, 0.0]","[-1.0, 19.0, 13.0, 14.0, 0.0, 12.0, 9.0, 0.0, -14.0, 23.0, 10.0, 10.0, 10.0, -11.0, 10.0, 8.0]"
2,1791636052.0851703,"[0.0007679999999936626, 71.456151, 59.85453900000002, 73.38975300000001, -0.08712299999999118, 74.620227, 37.96968000000001, 39.28804500000001, 0.08865900000000693, 69.874113, 59.41508400000001, 72.774516, 22.588754999999992, 101.339091, 66.09479999999999, 51.15333000000001]","[0.0, 6.0, 0.0, 3.0, 1.0, 0.0, 0.0, 1.0, 1.0, 4.0, 1.0, 4.0, 1.0, 0.0, 0.0, 1.0]","[-3.0, 17.0, 7.0, 13.0, 0.0, 11.0, 9.0, 0.0, -13.0, 24.0, 10.0, 10.0, 10.0, -11.0, 10.0, 10.0]"
2,1791636052.3102252,"[0.0007679999999936626, 72.42295200000001, 59.94243, 74.35655400000002, -0.08712299999999118, 74.620227, 37.96968000000001, 39.28804500000001, 0.08865900000000693, 70.92880500000001, 59.41508400000001, 73.829208, 22.588754999999992, 101.339091, 66.09479999999999, 51.241220999999996]","[0.0, 3.0, 0.0, 1.0, 1.0, 0.0, 0.0, 1.0, 0.0, 1.0, 1.0, 1.0, 1.0, 0.0, 0.0, 1.0]","[-4.0, 17.0, 3.0, 13.0, 0.0, 12.0, 9.0, 0.0, -14.0, 25.0, 9.0, 11.0, 10.0, -11.0, 10.0, 0.0]"
2,1791636052.5343094,"[0.0007679999999936626, 73.477644, 59.85453900000002, 75.23546400000001, -0.08712299999999118, 74.620227, 37.96968000000001, 39.28804500000001, 0.17654999999999177, 72.335061, 59.41508400000001, 74.796009, 22.588754999999992, 101.339091, 66.09479999999999, 51.241220999999996]","[1.0, 3.0, 1.0, 1.0, 1.0, 1.0, 0.0, 1.0, 1.0, 6.0, 1.0, 1.0, 0.0, 1.0, 0.0, 1.0]","[-6.0, 17.0, 7.0, 14.0, 0.0, 12.0, 9.0, 0.0, -14.0, 21.0, 10.0, 11.0, 9.0, -10.0, 10.0, 0.0]"
2,1791636052.7553985,"[-0.08712299999999118, 74.53233600000002, 59.94243, 76.29015600000002, -0.08712299999999118, 74.620227, 37.96968000000001, 39.28804500000001, 0.17654999999999177, 73.74131700000001, 59.41508400000001, 75.938592, 22.588754999999992, 101.339091, 66.09479999999999, 51.15333000000001]","[1.0, 1.0, 1.0, 1.0, 1.0, 0.0, 0.0, 1.0, 1.0, 3.0, 1.0, 2.0, 1.0, 1.0, 0.0, 1.0]","[-4.0, 17.0, 0.0, 14.0, 0.0, 12.0, 10.0, 0.0, -15.0, 21.0, 10.0, 10.0, 9.0, -10.0, 9.0, 6.0]"
2,1791636052.980522,"[0.0007679999999936626, 75.76281, 59.94243, 77.34484800000001, -0.08712299999999118, 74.620227, 37.96968000000001, 39.28804500000001, 0.17654999999999177, 74.971791, 59.41508400000001, 76.905393, 22.588754999999992, 101.339091, 66.09479999999999, 51.15333000000001]","[1.0, 3.0, 1.0, 1.0, 1.0, 0.0, 1.0, 1.0, 1.0, 3.0, 1.0, 1.0, 1.0, 0.0, 0.0, 0.0]","[-5.0, 15.0, 0.0, 14.0, 0.0, 11.0, 9.0, 0.0, -14.0, 20.0, 10.0, 11.0, 9.0, -10.0, 11.0, 12.0]"
2,1791636053.2062693,"[-0.08712299999999118, 76.81750199999999, 59.94243, 78.13586700000002, -0.08712299999999118, 74.620227, 37.96968000000001, 39.28804500000001, 0.08865900000000693, 74.971791, 59.41508400000001, 77.69641200000001, 22.588754999999992, 101.339091, 66.09479999999999, 51.241220999999996]","[1.0, 1.0, 0.0, 1.0, 1.0, 0.0, 0.0, 1.0, 0.0, 1.0, 0.0, 1.0, 0.0, 1.0, 0.0, 1.0]","[-2.0, 15.0, 0.0, 15.0, 0.0, 12.0, 9.0, 0.0, -15.0, 25.0, 10.0, 12.0, 10.0, -11.0, 10.0, 1.0]"
2,1791636053.429076,"[0.0007679999999936626, 77.96008499999999, 59.94243, 79.27845000000002, -0.08712299999999118, 74.620227, 37.96968000000001, 39.28804500000001, 0.17654999999999177, 74.971791, 59.50297499999999, 78.751104, 22.588754999999992, 101.339091, 66.09479999999999, 51.15333000000001]","[0.0, 1.0, 0.0, 3.0, 1.0, 0.0, 0.0, 1.0, 1.0, 0.0, 1.0, 2.0, 0.0, 0.0, 0.0, -1.0]","[-3.0, 14.0, 0.0, 13.0, 0.0, 12.0, 9.0, 0.0, -14.0, 32.0, 9.0, 11.0, 10.0, -10.0, 9.0, 13.0]"
2,1791636053.6536863,"[-0.08712299999999118, 78.83899500000001, 59.94243, 80.15735999999998, -0.08712299999999118, 74.620227, 38.057570999999996, 39.28804500000001, 0.17654999999999177, 78.22375799999998, 59.41508400000001, 79.71790500000003, 22.588754999999992, 101.339091, 66.09479999999999, 51.241220999999996]","[0.0, 4.0, 0.0, 3.0, 1.0, 0.0, 1.0, 1.0, 1.0, 9.0, 1.0, 4.0, 0.0, 0.0, 0.0, 0.0]","[0.0, 15.0, 0.0, 13.0, 0.0, 12.0, 9.0, 0.0, -14.0, 17.0, 9.0, 12.0, 10.0, -10.0, 10.0, 1.0]"
2,1791636053.878129,"[0.0007679999999936626, 80.245251, 59.94243, 81.12416100000002, -0.08712299999999118, 74.620227, 37.96968000000001, 39.28804500000001, 0.17654999999999177, 79.19055900000001, 59.41508400000001, 80.684706, 22.588754999999992, 101.339091, 66.09479999999999, 51.15333000000001]","[2.0, 5.0, 1.0, 1.0, 1.0, 0.0, 1.0, 1.0, 2.0, 1.0, 2.0, 2.0, 1.0, 1.0, 0.0, 0.0]","[-8.0, 13.0, 0.0, 15.0, 0.0, 11.0, 9.0, 0.0, -14.0, 18.0, 9.0, 11.0, 11.0, -10.0, 10.0, 11.0]"
2,1791636054.1014097,"[0.0007679999999936626, 81.47572500000001, 59.94243, 82.178853, -0.08712299999999118, 74.620227, 37.96968000000001, 39.28804500000001, 0.17654999999999177, 80.15735999999998, 59.50297499999999, 81.56361600000002, 22.588754999999992, 101.339091, 66.09479999999999, 51.15333000000001]","[1.0, 3.0, 1.0, 3.0, 1.0, 0.0, 0.0, 1.0, 1.0, 4.0, 1.0, 2.0, 0.0, 1.0, 0.0, 0.0]","[-9.0, 14.0, 0.0, 15.0, 0.0, 12.0, 10.0, 0.0, -14.0, 17.0, 9.0, 12.0, 10.0, -11.0, 10.0, 12.0]"
2,1791636054.3261225,"[0.0007679999999936626, 82.44252599999999, 59.94243, 83.14565399999998, -0.08712299999999118, 74.620227, 37.96968000000001, 39.28804500000001, 0.17654999999999177, 81.65150699999998, 59.50297499999999, 82.79408999999998, 22.588754999999992, 101.339091, 66.09479999999999, 51.15333000000001]","[1.0, 4.0, 1.0, 2.0, 1.0, 0.0, 0.0, 1.0, 1.0, 3.0, 1.0, 2.0, 1.0, 1.0, 0.0, 0.0]","[-9.0, 14.0, 0.0, 14.0, 0.0, 12.0, 10.0, 0.0, -15.0, 16.0, 10.0, 11.0, 10.0, -10.0, 10.0, 9.0]"
2,1791636054.5483935,"[-0.08712299999999118, 82.96987200000001, 59.94243, 84.11245500000001, -0.08712299999999118, 74.620227, 37.96968000000001, 39.28804500000001, 0.17654999999999177, 82.26674400000002, 59.50297499999999, 83.76089100000002, 22.588754999999992, 101.339091, 66.09479999999999, 51.15333000000001]","[0.0, 1.0, 1.0, 2.0, 1.0, 0.0, 0.0, 1.0, 1.0, 1.0, 1.0, 1.0, 1.0, 0.0, 0.0, 1.0]","[0.0, 15.0, 0.0, 15.0, 0.0, 12.0, 10.0, 0.0, -14.0, 18.0, 9.0, 11.0, 10.0, -10.0, 10.0, 7.0]"
2,1791636054.771873,"[-0.08712299999999118, 83.23354499999999, 59.94243, 85.167147, -0.08712299999999118, 74.620227, 37.96968000000001, 39.28804500000001, 0.17654999999999177, 82.70619900000003, 59.50297499999999, 84.815583, 22.588754999999992, 101.339091, 66.09479999999999, 51.241220999999996]","[0.0, 3.0, 1.0, 1.0, 1.0, 0.0, 0.0, 1.0, 1.0, 1.0, 1.0, 1.0, 0.0, 1.0, 0.0, 2.0]","[0.0, 18.0, 0.0, 15.0, 0.0, 12.0, 9.0, 0.0, -14.0, 21.0, 9.0, 12.0, 10.0, -10.0, 10.0, 1.0]"
2,1791636054.9965422,"[-0.08712299999999118, 84.024564, 59.94243, 86.30973, -0.08712299999999118, 74.620227, 37.96968000000001, 39.28804500000001, 0.17654999999999177, 82.881981, 59.50297499999999, 85.87027499999999, 22.588754999999992, 101.339091, 66.09479999999999, 51.241220999999996]","[2.0, 1.0, 1.0, 3.0, 1.0, 1.0, 0.0, 1.0, 1.0, 1.0, 1.0, 3.0, 1.0, 1.0, 0.0, 1.0]","[2.0, 19.0, 0.0, 14.0, 0.0, 13.0, 9.0, 0.0, -15.0, 25.0, 9.0, 11.0, 10.0, -10.0, 10.0, 0.0]"
2,1791636055.2220788,"[-0.08712299999999118, 84.63980099999998, 59.94243, 87.27653099999998, -0.08712299999999118, 74.620227, 37.96968000000001, 39.28804500000001, 0.17654999999999177, 83.76089100000002, 59.50297499999999, 86.92496699999998, 22.588754999999992, 101.339091, 66.09479999999999, 51.15333000000001]","[0.0, 1.0, 1.0, 2.0, 1.0, 0.0, 0.0, 1.0, 1.0, 1.0, 1.0, 4.0, 0.0, 1.0, 0.0, 0.0]","[8.0, 21.0, 0.0, 14.0, 0.0, 12.0, 10.0, 0.0, -15.0, 27.0, 9.0, 11.0, 10.0, -12.0, 9.0, 12.0]"
2,1791636055.4428,"[-0.08712299999999118, 85.43081999999998, 59.94243, 88.06754999999998, -0.08712299999999118, 74.620227, 37.96968000000001, 39.28804500000001, 0.17654999999999177, 83.93667299999998, 59.50297499999999, 87.54020400000002, 22.588754999999992, 101.339091, 66.09479999999999, 51.241220999999996]","[0.0, 1.0, 1.0, 1.0, 1.0, 0.0, 0.0, 1.0, 1.0, 1.0, 1.0, 1.0, 1.0, 0.0, 0.0, 1.0]","[8.0, 22.0, 0.0, 15.0, 0.0, 12.0, 9.0, 0.0, -15.0, 33.0, 9.0, 12.0, 9.0, -10.0, 10.0, 2.0]"
2,1791636055.665849,"[-0.17501400000000444, 86.04605700000002, 59.94243, 89.03435100000002, -0.08712299999999118, 74.70811800000001, 37.96968000000001, 39.28804500000001, 0.17654999999999177, 84.90347400000002, 59.50297499999999, 88.77067799999998, 22.588754999999992, 101.339091, 66.09479999999999, 51.241220999999996]","[0.0, 4.0, 1.0, 1.0, 1.0, 1.0, 0.0, 1.0, 0.0, 3.0, 0.0, 3.0, 0.0, 1.0, 0.0, 0.0]","[8.0, 24.0, 0.0, 15.0, 0.0, 11.0, 10.0, 0.0, -14.0, 32.0, 10.0, 11.0, 9.0, -11.0, 10.0, 0.0]"
2,1791636055.8917043,"[-0.17501400000000444, 86.661294, 59.94243, 89.21013299999998, -0.08712299999999118, 74.620227, 37.96968000000001, 39.28804500000001, 0.17654999999999177, 84.99136500000003, 59.50297499999999, 89.03435100000002, 22.676646000000005, 101.339091, 66.09479999999999, 51.15333000000001]","[0.0, 1.0, 1.0, 1.0, 1.0, 1.0, 0.0, 1.0, 1.0, 1.0, 1.0, 1.0, 1.0, 1.0, 0.0, 1.0]","[8.0, 28.0, 0.0, 14.0, 0.0, 12.0, 10.0, 0.0, -14.0, 42.0, 9.0, 11.0, 10.0, -10.0, 10.0, 7.0]"
2,1791636056.1143565,"[-0.17501400000000444, 86.661294, 59.94243, 89.21013299999998, -0.08712299999999118, 74.620227, 37.96968000000001, 39.28804500000001, 0.26444100000000503, 86.74918500000001, 59.50297499999999, 89.03435100000002, 22.588754999999992, 101.339091, 66.09479999999999, 51.15333000000001]","[0.0, 1.0, 1.0, 1.0, 1.0, 0.0, 0.0, 1.0, 1.0, 5.0, 1.0, 1.0, 0.0, 1.0, 0.0, 0.0]","[8.0, 33.0, 0.0, 15.0, 0.0, 11.0, 9.0, 0.0, -15.0, 34.0, 9.0, 11.0, 10.0, -11.0, 11.0, 13.0]"
2,1791636056.338727,"[-0.2629049999999893, 88.33122300000002, 59.94243, 89.21013299999998, -0.08712299999999118, 74.620227, 37.96968000000001, 39.28804500000001, 0.26444100000000503, 87.89176800000001, 59.50297499999999, 89.12224200000003, 22.588754999999992, 101.42698200000001, 66.09479999999999, 51.15333000000001]","[0.0, 1.0, 1.0, 1.0, 1.0, 0.0, 0.0, 1.0, 1.0, 1.0, 1.0, 0.0, 0.0, 1.0, 1.0, 0.0]","[8.0, 30.0, 0.0, 15.0, 0.0, 11.0, 9.0, 0.0, -14.0, 34.0, 10.0, 11.0, 9.0, -11.0, 10.0, 13.0]"
2,1791636056.5658848,"[-0.2629049999999893, 89.56169699999998, 59.85453900000002, 89.21013299999998, -0.08712299999999118, 74.70811800000001, 37.96968000000001, 39.28804500000001, 0.26444100000000503, 88.33122300000002, 59.50297499999999, 89.03435100000002, 22.588754999999992, 101.42698200000001, 66.00690900000001, 51.15333000000001]","[0.0, 2.0, 0.0, 0.0, 1.0, 1.0, 0.0, 1.0, 1.0, 2.0, 1.0, 1.0, 0.0, 0.0, 0.0, 0.0]","[9.0, 29.0, 4.0, 14.0, 0.0, 12.0, 9.0, 0.0, -14.0, 38.0, 9.0, 12.0, 10.0, -11.0, 9.0, 13.0]"
2,1791636056.785523,"[-0.2629049999999893, 90.17693400000002, 59.94243, 89.21013299999998, -0.08712299999999118, 74.620227, 37.96968000000001, 39.28804500000001, 0.26444100000000503, 88.77067799999998, 59.50297499999999, 89.03435100000002, 22.588754999999992, 101.42698200000001, 66.09479999999999, 51.15333000000001]","[0.0, 1.0, 1.0, 0.0, 1.0, 0.0, 0.0, 1.0, 1.0, 1.0, 1.0, 1.0, 0.0, 0.0, 1.0, 0.0]","[8.0, 29.0, 0.0, 14.0, 0.0, 12.0, 10.0, 0.0, -14.0, 43.0, 9.0, 11.0, 10.0, -11.0, 10.0, 13.0]"
3,1791636058.8058224,"[-0.08712299999999118, -4.92112800000001, -1.1418150000000082, -0.2629049999999893, -0.08712299999999118, -5.360582999999991, 0.0007679999999936626, -0.2629049999999893, -0.08712299999999118, -5.4484740000000045, -1.1418150000000082, 0.08865900000000693, -2.0207249999999988, 178.33160700000002, 40.254846000000015, 25.928613000000013]","[0.0, 1.0, 1.0, 1.0, 1.0, 0.0, 0.0, 0.0, 0.0, 1.0, 1.0, 0.0, 0.0, 1.0, 0.0, 0.0]","[0.0, 32.0, 15.0, 14.0, 0.0, 33.0, -9.0, 10.0, -9.0, 38.0, 11.0, -9.0, 14.0, 15.0, -11.0, -15.0]"
3,1791636059.0296469,"[-0.5265780000000007, -4.92112800000001, -0.790251000000012, -0.08712299999999118, -0.08712299999999118, -5.009018999999995, 0.6160050000000012, -0.08712299999999118, 0.7038960000000145, -4.92112800000001, -1.1418150000000082, 0.26444100000000503, -2.0207249999999988, 178.06793399999998, 40.342737, 25.928613000000013]","[0.0, 1.0, 2.0, 1.0, 1.0, 4.0, 1.0, 1.0, 1.0, 1.0, 1.0, 1.0, 1.0, 0.0, 1.0, 0.0]","[-9.0, 50.0, 19.0, 16.0, 0.0, 48.0, 10.0, 12.0, 14.0, 52.0, 13.0, 11.0, 19.0, -12.0, 10.0, 13.0]"
3,1791636059.2528896,"[-1.4054879999999912, -3.426981000000012, 0.0007679999999936626, 0.528113999999988, -0.08712299999999118, -3.7785450000000083, 1.2312420000000088, 0.08865900000000693, 1.6706969999999899, -4.92112800000001, -0.6144689999999855, 0.26444100000000503, -2.0207249999999988, 177.71636999999998, 40.518519, 26.368067999999994]","[0.0, 2.0, 2.0, 1.0, 1.0, 1.0, 1.0, 0.0, 2.0, 1.0, 0.0, 1.0, 1.0, 0.0, 1.0, 1.0]","[-9.0, 49.0, 18.0, 16.0, 0.0, 58.0, 11.0, 14.0, 14.0, 75.0, 17.0, 13.0, 24.0, -25.0, 13.0, 14.0]"
3,1791636059.4776146,"[-2.548070999999993, -1.229705999999993, 0.8796780000000126, 1.582806000000005, -0.08712299999999118, -2.196506999999997, 1.9343700000000013, 1.407024000000007, 2.725389000000007, -1.9328339999999855, 0.0007679999999936626, 1.0554600000000107, -1.9328339999999855, 176.48589600000003, 41.309538, 27.159087]","[-2.0, 6.0, 1.0, 1.0, 1.0, 6.0, 1.0, 3.0, 4.0, 7.0, 5.0, 4.0, 1.0, -3.0, 3.0, 1.0]","[-9.0, 49.0, 19.0, 17.0, 0.0, 55.0, 11.0, 12.0, 14.0, 62.0, 16.0, 15.0, 32.0, -33.0, 13.0, 15.0]"
3,1791636059.6979327,"[-3.426981000000012, -1.053923999999995, 1.7585880000000031, 2.549607000000009, -0.08712299999999118, 0.3523319999999899, 2.725389000000007, 2.1980430000000126, 3.7800809999999956, 0.08865900000000693, 1.3191329999999937, 1.0554600000000107, -1.9328339999999855, 173.233929, 42.188447999999994, 28.03799699999999]","[0.0, 1.0, 2.0, 3.0, 1.0, 6.0, 1.0, 1.0, 1.0, 0.0, 3.0, 1.0, 1.0, -2.0, 1.0, 1.0]","[-9.0, 71.0, 20.0, 16.0, 0.0, 51.0, 12.0, 13.0, 13.0, 63.0, 16.0, 18.0, 39.0, -34.0, 13.0, 16.0]"
3,1791636059.9255836,"[-4.481673000000001, 2.6374979999999937, 2.901171000000005, 3.6042989999999975, -0.08712299999999118, 2.0222610000000145, 3.4285169999999994, 3.3406260000000145, 3.7800809999999956, 1.407024000000007, 1.9343700000000013, 3.076953000000003, -0.17501400000000444, 169.80617999999998, 42.979467, 29.180579999999992]","[-2.0, 6.0, 3.0, 3.0, 0.0, 1.0, 1.0, 4.0, 1.0, 2.0, 2.0, 5.0, 4.0, -5.0, 1.0, 3.0]","[-10.0, 54.0, 18.0, 15.0, 5.0, 62.0, 12.0, 13.0, 16.0, 70.0, 16.0, 14.0, 31.0, -32.0, 14.0, 15.0]"
3,1791636060.1480932,"[-5.360582999999991, 2.6374979999999937, 3.7800809999999956, 4.30742699999999, -0.08712299999999118, 3.7800809999999956, 4.395318000000003, 4.30742699999999, 5.713683000000003, 4.395318000000003, 3.076953000000003, 4.043754000000007, -0.08712299999999118, 168.31203299999999, 44.38572300000001, 29.268471000000005]","[0.0, 1.0, 3.0, 6.0, 0.0, 1.0, 1.0, 1.0, 4.0, 11.0, 3.0, 1.0, 1.0, -1.0, 2.0, 1.0]","[-9.0, 76.0, 19.0, 16.0, 0.0, 62.0, 13.0, 12.0, 13.0, 52.0, 17.0, 14.0, 41.0, -41.0, 13.0, 14.0]"
3,1791636060.3735516,"[-6.063711000000012, 6.504702000000009, 4.834773000000013, 5.62579199999999, -0.08712299999999118, 6.153138000000013, 5.362119000000007, 5.186337000000009, 6.504702000000009, 5.362119000000007, 4.219536000000005, 4.834773000000013, 1.846478999999988, 164.620611, 45.528306000000015, 29.268471000000005]","[1.0, 8.0, 3.0, 2.0, 1.0, 1.0, 4.0, 1.0, 4.0, 8.0, 3.0, 0.0, 6.0, -7.0, 1.0, 1.0]","[-10.0, 52.0, 19.0, 16.0, 0.0, 60.0, 13.0, 13.0, 14.0, 64.0, 17.0, 14.0, 29.0, -36.0, 14.0, 15.0]"
3,1791636060.597525,"[-7.382076000000012, 8.789868000000013, 5.889465000000001, 6.592592999999994, -0.08712299999999118, 7.910957999999994, 5.713683000000003, 6.504702000000009, 7.647285000000011, 8.438303999999988, 5.098445999999996, 6.2410289999999975, 2.98906199999999, 161.36864400000002, 46.582998, 29.268471000000005]","[-2.0, 4.0, 1.0, 2.0, 0.0, 1.0, 7.0, 5.0, 3.0, 2.0, 4.0, 2.0, 2.0, -7.0, 3.0, 1.0]","[-9.0, 50.0, 19.0, 16.0, 0.0, 58.0, 15.0, 13.0, 14.0, 57.0, 17.0, 14.0, 29.0, -35.0, 13.0, 14.0]"
3,1791636060.8184903,"[-8.260986000000003, 10.28401500000001, 6.416810999999996, 7.5593939999999975, -0.08712299999999118, 10.108233000000013, 7.207830000000001, 7.2957210000000146, 8.614086000000015, 9.668778000000003, 6.2410289999999975, 7.207830000000001, 3.3406260000000145, 158.292459, 47.37401700000001, 29.268471000000005]","[0.0, 2.0, 6.0, 2.0, 1.0, 3.0, 1.0, 0.0, 1.0, 1.0, 2.0, 3.0, 3.0, -4.0, 1.0, 1.0]","[-10.0, 58.0, 20.0, 16.0, 0.0, 55.0, 14.0, 13.0, 14.0, 67.0, 16.0, 14.0, 34.0, -33.0, 13.0, 15.0]"
3,1791636061.0436683,"[-9.315677999999991, 11.250816000000015, 7.910957999999994, 8.614086000000015, -0.08712299999999118, 11.514488999999998, 8.26252199999999, 8.526195000000001, 9.58088699999999, 9.668778000000003, 7.119938999999988, 7.207830000000001, 5.186337000000009, 155.39205600000003, 48.34081800000001, 29.268471000000005]","[0.0, 12.0, 2.0, 1.0, 1.0, 1.0, 2.0, 3.0, 3.0, 1.0, 2.0, 1.0, 6.0, -4.0, 1.0, 1.0]","[-10.0, 60.0, 19.0, 16.0, 0.0, 68.0, 13.0, 11.0, 13.0, 94.0, 17.0, 16.0, 29.0, -35.0, 14.0, 14.0]"
3,1791636061.2695432,"[-10.282478999999995, 13.887546000000015, 8.877758999999998, 9.492996000000005, -0.08712299999999118, 13.096527000000009, 9.229322999999994, 9.317214000000007, 10.635579000000007, 13.711763999999988, 7.471503000000013, 9.141432000000009, 6.065246999999999, 152.40376200000003, 49.483401000000015, 29.268471000000005]","[-1.0, 1.0, 4.0, 3.0, 1.0, 14.0, 1.0, 1.0, 1.0, 19.0, 5.0, 4.0, 5.0, -5.0, 3.0, 1.0]","[-10.0, 64.0, 20.0, 15.0, 0.0, 59.0, 14.0, 12.0, 14.0, 58.0, 17.0, 13.0, 31.0, -33.0, 12.0, 15.0]"
3,1791636061.4900758,"[-10.985606999999987, 13.887546000000015, 9.932451000000015, 10.723469999999992, -0.17501400000000444, 16.084821000000005, 10.28401500000001, 10.371905999999996, 11.514488999999998, 14.23911000000001, 9.141432000000009, 9.932451000000015, 6.768374999999992, 150.20648699999998, 50.362311000000005, 29.268471000000005]","[-2.0, 1.0, 3.0, 3.0, 0.0, 1.0, 2.0, 3.0, 1.0, 1.0, 2.0, 1.0, -1.0, 0.0, 3.0, 1.0]","[-10.0, 88.0, 19.0, 16.0, 0.0, 59.0, 13.0, 13.0, 14.0, 85.0, 17.0, 13.0, 32.0, -42.0, 14.0, 15.0]"
3,1791636061.7158737,"[-12.216081000000003, 18.36998700000001, 10.89925199999999, 11.514488999999998, -0.08712299999999118, 18.018423000000013, 10.371905999999996, 11.250816000000015, 12.569181000000015, 14.23911000000001, 9.668778000000003, 10.89925199999999, 8.350413000000003, 147.21819299999999, 51.417002999999994, 29.268471000000005]","[-2.0, 11.0, 3.0, 4.0, 1.0, 8.0, 0.0, 2.0, 1.0, 1.0, 6.0, 0.0, 1.0, -5.0, 4.0, 1.0]","[-10.0, 49.0, 19.0, 15.0, 0.0, 53.0, 17.0, 14.0, 14.0, 116.0, 18.0, 14.0, 27.0, -40.0, 13.0, 15.0]"
3,1791636061.9387224,"[-13.182882000000006, 20.215698000000003, 11.778162000000009, 12.657072, -0.08712299999999118, 20.12780699999999, 12.21761699999999, 12.393398999999988, 13.623873000000003, 20.12780699999999, 10.987143000000003, 12.129726000000005, 9.141432000000009, 143.526771, 52.383804, 29.268471000000005]","[-2.0, 5.0, 1.0, 3.0, 1.0, 3.0, 1.0, 1.0, 1.0, 8.0, 1.0, 4.0, 1.0, -8.0, 3.0, 1.0]","[-10.0, 57.0, 20.0, 15.0, 0.0, 58.0, 14.0, 13.0, 14.0, 58.0, 18.0, 13.0, 31.0, -34.0, 12.0, 14.0]"
3,1791636062.1638196,"[-14.237573999999995, 22.412972999999994, 12.92074500000001, 13.448091000000005, -0.08712299999999118, 21.797736000000015, 13.272309000000007, 13.53598199999999, 14.678564999999992, 20.303588999999988, 11.866052999999994, 12.393398999999988, 9.756668999999988, 140.450586, 53.350605, 29.268471000000005]","[0.0, 3.0, 1.0, 1.0, 1.0, 7.0, 2.0, 3.0, 3.0, 1.0, 3.0, 4.0, 8.0, -3.0, 2.0, 1.0]","[-11.0, 57.0, 19.0, 17.0, 0.0, 59.0, 13.0, 13.0, 14.0, 84.0, 18.0, 14.0, 32.0, -36.0, 14.0, 14.0]"
3,1791636062.3859508,"[-15.292266000000012, 23.907119999999992, 13.887546000000015, 14.502782999999994, -0.08712299999999118, 24.610248000000013, 14.327000999999996, 14.414892000000009, 15.645365999999996, 24.522357, 13.096527000000009, 13.887546000000015, 11.426598000000013, 137.198619, 54.58107900000002, 29.268471000000005]","[0.0, 7.0, 2.0, 1.0, 1.0, 4.0, 3.0, 1.0, 2.0, 8.0, 6.0, 1.0, 1.0, -2.0, 3.0, 1.0]","[-9.0, 57.0, 19.0, 17.0, 0.0, 51.0, 14.0, 13.0, 13.0, 52.0, 17.0, 15.0, 27.0, -33.0, 13.0, 14.0]"
3,1791636062.6105826,"[-16.434848999999986, 26.631741000000005, 14.942238000000003, 15.55747500000001, -0.08712299999999118, 26.455959000000007, 15.381693000000013, 15.733257000000009, 16.787948999999998, 26.71963199999999, 14.063328000000013, 14.85434699999999, 12.481290000000001, 133.94665200000003, 55.635771000000005, 29.268471000000005]","[0.0, 12.0, 3.0, 3.0, 1.0, 5.0, 1.0, 2.0, 3.0, 3.0, 2.0, 2.0, 6.0, -7.0, 3.0, 1.0]","[-9.0, 46.0, 18.0, 15.0, 0.0, 58.0, 14.0, 12.0, 14.0, 50.0, 16.0, 14.0, 26.0, -30.0, 12.0, 15.0]"
3,1791636062.8346605,"[-17.40164999999999, 28.91690700000001, 15.909039000000007, 16.524276000000015, -0.08712299999999118, 28.565343000000013, 16.524276000000015, 16.787948999999998, 17.666858999999988, 28.565343000000013, 15.118020000000001, 15.909039000000007, 13.008635999999996, 130.694685, 56.514680999999996, 29.268471000000005]","[-1.0, 2.0, 1.0, 3.0, 1.0, 3.0, 3.0, 3.0, 1.0, 1.0, 3.0, 1.0, 2.0, -2.0, 1.0, 1.0]","[-10.0, 58.0, 19.0, 17.0, 0.0, 56.0, 12.0, 12.0, 14.0, 57.0, 17.0, 13.0, 31.0, -29.0, 13.0, 15.0]"
3,1791636063.0613434,"[-18.632124000000005, 29.883708000000013, 17.139512999999994, 17.403186000000005, -0.08712299999999118, 30.23527200000001, 17.403186000000005, 17.666858999999988, 18.633659999999992, 28.565343000000013, 16.260603000000003, 16.436385, 14.590674000000007, 127.61849999999998, 57.74515500000001, 29.35636199999999]","[-2.0, 13.0, 4.0, 3.0, 1.0, 3.0, 5.0, 1.0, 1.0, 0.0, 3.0, 5.0, 5.0, -1.0, 4.0, 1.0]","[-9.0, 54.0, 17.0, 17.0, 0.0, 59.0, 13.0, 13.0, 13.0, 81.0, 15.0, 14.0, 25.0, -29.0, 12.0, 14.0]"
3,1791636063.2841754,"[-19.686815999999993, 33.223566000000005, 18.19420500000001, 18.457877999999994, -0.08712299999999118, 32.69622000000001, 18.36998700000001, 18.545769000000007, 19.248897, 32.87200200000001, 17.315294999999992, 18.19420500000001, 15.55747500000001, 124.89387900000003, 58.88773800000001, 29.35636199999999]","[-2.0, 3.0, 3.0, 3.0, 1.0, 8.0, 1.0, 2.0, 7.0, 16.0, 1.0, 5.0, 1.0, -4.0, 3.0, 1.0]","[-9.0, 51.0, 18.0, 17.0, 0.0, 47.0, 13.0, 12.0, 14.0, 45.0, 15.0, 13.0, 28.0, -30.0, 13.0, 14.0]"
3,1791636063.5075028,"[-20.565726000000012, 34.278257999999994, 19.161006000000015, 19.424678999999998, -0.08712299999999118, 34.62982199999999, 19.248897, 19.68835200000001, 20.655153000000013, 33.13567499999999, 18.545769000000007, 18.897333000000003, 15.55747500000001, 122.432931, 59.85453900000002, 29.35636199999999]","[-1.0, 12.0, 1.0, 2.0, 1.0, 5.0, 3.0, 3.0, 2.0, 1.0, 3.0, 3.0, 1.0, -2.0, 2.0, 1.0]","[-9.0, 49.0, 17.0, 16.0, 0.0, 56.0, 14.0, 11.0, 14.0, 71.0, 16.0, 13.0, 28.0, -37.0, 12.0, 14.0]"
3,1791636063.730023,"[-21.7962, 37.354443, 20.39148, 20.479371000000015, -0.08712299999999118, 37.00287900000001, 20.215698000000003, 20.655153000000013, 21.885627, 33.48723899999999, 19.424678999999998, 19.952024999999992, 15.55747500000001, 118.56572699999998, 60.82133999999999, 29.35636199999999]","[-1.0, 3.0, 3.0, 3.0, 1.0, 7.0, 1.0, 1.0, 3.0, 6.0, 4.0, 2.0, 1.0, -4.0, 2.0, 1.0]","[-9.0, 46.0, 17.0, 16.0, 0.0, 48.0, 14.0, 13.0, 14.0, 78.0, 15.0, 13.0, 28.0, -27.0, 12.0, 14.0]"
3,1791636063.9573593,"[-22.850891999999988, 39.46382700000001, 21.44617199999999, 21.709845, -0.08712299999999118, 39.024372, 20.918825999999996, 21.534063000000003, 22.412972999999994, 39.46382700000001, 20.655153000000013, 21.182499000000007, 15.55747500000001, 115.13797799999998, 61.963922999999994, 29.35636199999999]","[-2.0, 6.0, 3.0, 3.0, 1.0, 3.0, 5.0, 1.0, 1.0, 5.0, 1.0, 2.0, 1.0, -6.0, 4.0, 1.0]","[-9.0, 41.0, 17.0, 16.0, 0.0, 47.0, 15.0, 12.0, 14.0, 42.0, 14.0, 12.0, 28.0, -25.0, 11.0, 14.0]"
3,1791636064.1799212,"[-23.905584000000005, 41.39742899999999, 22.500864000000007, 22.588754999999992, -0.08712299999999118, 41.04586499999999, 21.797736000000015, 22.76453699999999, 23.819229000000007, 41.836884, 21.709845, 22.32508200000001, 15.55747500000001, 112.06179300000002, 62.754942, 29.35636199999999]","[0.0, 1.0, 1.0, 2.0, 1.0, 10.0, 1.0, 2.0, 3.0, 6.0, 4.0, 3.0, 1.0, -5.0, 4.0, 1.0]","[-9.0, 46.0, 17.0, 17.0, 0.0, 41.0, 15.0, 12.0, 13.0, 41.0, 15.0, 14.0, 28.0, -24.0, 12.0, 14.0]"
3,1791636064.4026399,"[-24.87238500000001, 43.946268, 23.379773999999998, 23.116101000000015, -0.08712299999999118, 43.68259499999999, 22.588754999999992, 23.555555999999996, 24.873920999999996, 43.41892200000001, 22.76453699999999, 22.32508200000001, 15.55747500000001, 108.98560800000001, 63.985416000000015, 29.35636199999999]","[-1.0, 9.0, 1.0, 7.0, 1.0, 2.0, 1.0, 1.0, 1.0, 4.0, 2.0, 1.0, 1.0, -2.0, 3.0, 1.0]","[-9.0, 37.0, 17.0, 17.0, 0.0, 44.0, 15.0, 13.0, 13.0, 43.0, 15.0, 15.0, 28.0, -27.0, 12.0, 14.0]"
3,1791636064.6291873,"[-25.927076999999997, 46.23143400000001, 24.258683999999988, 24.610248000000013, -0.08712299999999118, 46.143542999999994, 23.64344700000001, 24.78603000000001, 25.840722, 46.407216000000005, 23.64344700000001, 24.08290199999999, 15.55747500000001, 105.64575000000002, 64.864326, 29.35636199999999]","[-2.0, 4.0, 1.0, 3.0, 1.0, 6.0, 3.0, 1.0, 1.0, 6.0, 1.0, 4.0, 1.0, -6.0, 3.0, 1.0]","[0.0, 37.0, 17.0, 15.0, 0.0, 39.0, 16.0, 12.0, 14.0, 37.0, 15.0, 12.0, 29.0, -23.0, 12.0, 14.0]"
3,1791636064.8531823,"[-26.981768999999986, 48.34081800000001, 25.40126699999999, 25.577048999999988, -0.08712299999999118, 47.901363, 24.873920999999996, 25.66494, 26.983305, 47.98925399999999, 24.873920999999996, 25.40126699999999, 15.55747500000001, 102.21800100000002, 66.00690900000001, 29.35636199999999]","[0.0, 6.0, 3.0, 2.0, 1.0, 3.0, 4.0, 1.0, 1.0, 3.0, 2.0, 2.0, 1.0, -6.0, 2.0, 1.0]","[0.0, 34.0, 18.0, 15.0, 0.0, 41.0, 15.0, 13.0, 0.0, 43.0, 14.0, 12.0, 28.0, -18.0, 12.0, 14.0]"
3,1791636065.0742986,"[-27.94856999999999, 50.362311000000005, 26.28017700000001, 26.71963199999999, -0.08712299999999118, 50.098637999999994, 25.840722, 26.895413999999988, 27.950106000000005, 50.889657, 26.016503999999998, 26.28017700000001, 15.55747500000001, 99.141816, 67.061601, 29.35636199999999]","[0.0, 1.0, 1.0, 4.0, 1.0, 3.0, 1.0, 2.0, 1.0, 7.0, 4.0, 1.0, 1.0, -3.0, 1.0, 1.0]","[0.0, 37.0, 17.0, 16.0, 0.0, 40.0, 16.0, 12.0, 0.0, 31.0, 14.0, 13.0, 27.0, -19.0, 11.0, 14.0]"
3,1791636065.3011494,"[-28.82748000000001, 52.735367999999994, 27.334868999999998, 27.59854200000001, -0.08712299999999118, 52.559585999999996, 27.071196000000015, 27.334868999999998, 29.004797999999994, 52.29591300000001, 26.895413999999988, 27.59854200000001, 15.55747500000001, 95.80195800000001, 68.29207500000001, 29.35636199999999]","[0.0, 7.0, 2.0, 1.0, 1.0, 5.0, 1.0, 1.0, 1.0, 4.0, 1.0, 2.0, 1.0, -2.0, 2.0, 1.0]","[-8.0, 31.0, 18.0, 16.0, 0.0, 36.0, 14.0, 12.0, -1.0, 38.0, 14.0, 11.0, 27.0, -18.0, 12.0, 14.0]"
3,1791636065.5233123,"[-29.97006300000001, 55.28420700000001, 28.30167, 28.829015999999996, -0.08712299999999118, 54.66897, 28.125888000000003, 28.565343000000013, 30.05949000000001, 54.756861000000015, 28.125888000000003, 28.565343000000013, 15.55747500000001, 92.63788199999999, 69.08309400000002, 29.35636199999999]","[-2.0, 4.0, 1.0, 3.0, 1.0, 3.0, 1.0, 3.0, 1.0, 10.0, 4.0, 2.0, 1.0, -5.0, 3.0, 1.0]","[0.0, 31.0, 17.0, 16.0, 0.0, 33.0, 14.0, 12.0, 0.0, 31.0, 14.0, 11.0, 26.0, -17.0, 12.0, 14.0]"
3,1791636065.748069,"[-30.936863999999986, 57.3057, 29.444253000000003, 29.707926000000015, -0.08712299999999118, 56.954136000000005, 29.444253000000003, 29.795817, 31.026291000000015, 56.42679000000001, 29.180579999999992, 29.707926000000015, 16.260603000000003, 89.91326099999998, 70.04989499999999, 29.35636199999999]","[0.0, 6.0, 4.0, 1.0, 1.0, 5.0, 4.0, 3.0, 1.0, 0.0, 4.0, 2.0, 6.0, -2.0, 2.0, 1.0]","[0.0, 30.0, 17.0, 16.0, 0.0, 29.0, 13.0, 11.0, -13.0, 37.0, 12.0, 11.0, 23.0, -19.0, 11.0, 14.0]"
3,1791636065.9715543,"[-31.991556000000003, 59.327192999999994, 30.498944999999992, 30.9384, -0.08712299999999118, 58.975629, 30.586836000000005, 30.762618000000003, 32.080983, 56.42679000000001, 29.971598999999998, 30.323162999999994, 16.436385, 86.48551200000003, 71.36825999999999, 29.35636199999999]","[-2.0, 1.0, 1.0, 2.0, 1.0, 2.0, 3.0, 2.0, 1.0, 1.0, 2.0, 5.0, 1.0, -6.0, 3.0, 1.0]","[0.0, 31.0, 17.0, 16.0, 0.0, 30.0, 13.0, 11.0, 0.0, 58.0, 13.0, 12.0, 21.0, -17.0, 11.0, 15.0]"
3,1791636066.1941266,"[-32.95835700000001, 61.52446800000001, 31.55363700000001, 31.905201000000005, -0.08712299999999118, 61.612359, 31.729419000000007, 31.905201000000005, 33.04778400000001, 61.348686000000015, 31.114182, 31.817309999999992, 16.436385, 83.40932700000002, 72.335061, 29.35636199999999]","[0.0, 7.0, 3.0, 2.0, 1.0, 5.0, 2.0, 1.0, 1.0, 13.0, 3.0, 3.0, 1.0, -6.0, 3.0, 1.0]","[0.0, 25.0, 16.0, 15.0, 0.0, 25.0, 13.0, 11.0, 0.0, 27.0, 13.0, 12.0, 21.0, -16.0, 11.0, 14.0]"
3,1791636066.417492,"[-34.013048999999995, 64.073307, 32.69622000000001, 32.959892999999994, -0.08712299999999118, 63.897525, 32.784110999999996, 32.784110999999996, 34.01458500000001, 63.63385199999999, 32.344656000000015, 32.432547, 16.436385, 82.530417, 73.301862, 29.35636199999999]","[0.0, 5.0, 2.0, 4.0, 1.0, 5.0, 3.0, 2.0, 1.0, 2.0, 4.0, 1.0, 1.0, 0.0, 2.0, 0.0]","[0.0, 22.0, 16.0, 14.0, 0.0, 23.0, 12.0, 12.0, -7.0, 29.0, 11.0, 12.0, 20.0, -17.0, 11.0, 14.0]"
3,1791636066.644255,"[-35.06774100000001, 66.182691, 33.750912, 34.01458500000001, -0.08712299999999118, 66.27058199999999, 34.01458500000001, 34.01458500000001, 35.069277, 65.919018, 33.399348, 33.663021000000015, 16.436385, 82.35463500000003, 74.444445, 29.35636199999999]","[0.0, 7.0, 3.0, 4.0, 1.0, 5.0, 4.0, 5.0, 1.0, 3.0, 4.0, 4.0, 1.0, -1.0, 1.0, 1.0]","[0.0, 21.0, 16.0, 16.0, 0.0, 22.0, 12.0, 11.0, 0.0, 26.0, 11.0, 11.0, 21.0, -17.0, 10.0, 14.0]"
3,1791636066.8690033,"[-35.946651, 66.534255, 34.717713, 34.893495, -0.08712299999999118, 68.204184, 34.102475999999996, 34.981386000000015, 36.036078, 66.00690900000001, 34.45403999999999, 34.541931000000005, 16.436385, 82.35463500000003, 74.971791, 29.532143999999988]","[-2.0, 1.0, 1.0, 1.0, 1.0, 4.0, 1.0, 2.0, 0.0, 1.0, 1.0, 1.0, 1.0, 0.0, 1.0, 1.0]","[-8.0, 21.0, 17.0, 16.0, 0.0, 22.0, 10.0, 10.0, -7.0, 26.0, 12.0, 11.0, 22.0, -16.0, 12.0, 14.0]"
3,1791636067.0893493,"[-37.00134299999999, 66.534255, 35.860296000000005, 35.94818699999999, -0.08712299999999118, 70.48935, 34.102475999999996, 35.94818699999999, 37.00287900000001, 66.00690900000001, 35.33295000000001, 35.245059, 16.436385, 82.26674400000002, 75.05968200000001, 29.532143999999988]","[0.0, 1.0, 2.0, 0.0, 1.0, 1.0, 1.0, 1.0, 1.0, 1.0, 1.0, 1.0, 1.0, 0.0, 1.0, 1.0]","[0.0, 21.0, 15.0, 15.0, 0.0, 20.0, 11.0, 11.0, 0.0, 26.0, 12.0, 12.0, 22.0, -17.0, 15.0, 14.0]"
3,1791636067.3171732,"[-37.968143999999995, 66.534255, 36.914987999999994, 36.82709700000001, -0.08712299999999118, 71.71982400000002, 34.102475999999996, 36.914987999999994, 38.057570999999996, 66.00690900000001, 36.47553300000001, 36.47553300000001, 16.436385, 82.26674400000002, 75.32335499999999, 29.532143999999988]","[-1.0, 0.0, 1.0, 2.0, 1.0, 1.0, 1.0, 2.0, 1.0, 1.0, 3.0, 3.0, 1.0, 0.0, 0.0, 1.0]","[-9.0, 22.0, 15.0, 15.0, 0.0, 20.0, 11.0, 12.0, 0.0, 26.0, 12.0, 12.0, 21.0, -16.0, 17.0, 14.0]"
3,1791636067.540959,"[-38.847053999999986, 66.534255, 37.96968000000001, 37.881789, -0.08712299999999118, 71.71982400000002, 34.102475999999996, 37.96968000000001, 39.024372, 66.00690900000001, 37.44233399999999, 37.354443, 16.436385, 82.26674400000002, 75.411246, 29.532143999999988]","[0.0, 1.0, 3.0, 4.0, 1.0, 0.0, 1.0, 1.0, 1.0, 0.0, 1.0, 1.0, 1.0, 0.0, 1.0, 1.0]","[-9.0, 21.0, 15.0, 15.0, 0.0, 20.0, 11.0, 11.0, 0.0, 25.0, 12.0, 12.0, 23.0, -16.0, 22.0, 14.0]"
3,1791636067.7649324,"[-39.98963699999999, 66.534255, 39.024372, 38.58491699999999, -0.08712299999999118, 71.807715, 34.102475999999996, 39.024372, 39.991173, 66.00690900000001, 38.672808, 38.497026000000005, 16.436385, 82.178853, 75.411246, 29.532143999999988]","[0.0, 0.0, 1.0, 1.0, 1.0, 1.0, 1.0, 2.0, 1.0, 0.0, 3.0, 3.0, 1.0, 0.0, 1.0, 1.0]","[-7.0, 22.0, 15.0, 16.0, 0.0, 20.0, 11.0, 11.0, 14.0, 26.0, 12.0, 11.0, 23.0, -16.0, 28.0, 14.0]"
3,1791636067.9882874,"[-40.78065599999999, 66.62214600000001, 40.166955, 39.63960900000001, -0.08712299999999118, 71.807715, 34.102475999999996, 39.991173, 40.95797400000001, 66.00690900000001, 39.46382700000001, 39.11226300000001, 16.348493999999988, 82.09096199999999, 75.938592, 29.444253000000003]","[-2.0, 1.0, 3.0, 1.0, 1.0, 0.0, 1.0, 4.0, 1.0, 1.0, 3.0, 2.0, 0.0, 0.0, 1.0, 0.0]","[-9.0, 21.0, 15.0, 15.0, 0.0, 20.0, 11.0, 11.0, 13.0, 26.0, 12.0, 14.0, 23.0, -15.0, 32.0, 15.0]"
3,1791636068.2122185,"[-42.01113000000001, 66.62214600000001, 41.04586499999999, 40.694300999999996, -0.08712299999999118, 71.71982400000002, 34.102475999999996, 40.870082999999994, 41.661102, 65.919018, 40.43062800000001, 40.518519, 16.348493999999988, 82.09096199999999, 76.29015600000002, 29.444253000000003]","[0.0, 1.0, 1.0, 1.0, 1.0, 1.0, 1.0, 1.0, 1.0, 0.0, 3.0, 3.0, 1.0, 0.0, 1.0, 0.0]","[0.0, 21.0, 16.0, 16.0, 0.0, 21.0, 11.0, 11.0, 14.0, 26.0, 11.0, 11.0, 22.0, -15.0, 41.0, 14.0]"
3,1791636068.4368482,"[-43.065822, 66.62214600000001, 42.188447999999994, 41.661102, -0.08712299999999118, 71.807715, 34.102475999999996, 42.012665999999996, 43.06735800000001, 66.00690900000001, 41.661102, 41.573211000000015, 15.996929999999992, 82.178853, 76.20226500000001, 29.444253000000003]","[0.0, 0.0, 1.0, 4.0, 1.0, 1.0, 1.0, 4.0, 1.0, 1.0, 2.0, 4.0, 0.0, 1.0, 0.0, 0.0]","[0.0, 21.0, 15.0, 16.0, 0.0, 20.0, 11.0, 12.0, 0.0, 26.0, 11.0, 13.0, 10.0, 0.0, 10.0, 14.0]"
3,1791636068.6608284,"[-44.032623, 66.62214600000001, 43.155249, 42.891576000000015, -0.08712299999999118, 71.807715, 34.102475999999996, 42.979467, 43.946268, 66.00690900000001, 42.627903, 42.54001199999999, 15.996929999999992, 82.178853, 76.20226500000001, 29.444253000000003]","[0.0, 1.0, 1.0, 2.0, 1.0, 1.0, 1.0, 1.0, 1.0, 1.0, 2.0, 3.0, 0.0, 1.0, 1.0, 0.0]","[0.0, 20.0, 15.0, 16.0, 0.0, 21.0, 11.0, 12.0, 13.0, 26.0, 10.0, 12.0, 10.0, 0.0, 10.0, 12.0]"
3,1791636068.8811328,"[-45.08731499999999, 66.62214600000001, 44.297832, 43.506812999999994, -0.08712299999999118, 71.807715, 34.102475999999996, 43.85837699999999, 44.91306900000001, 66.00690900000001, 43.68259499999999, 43.770486000000005, 15.996929999999992, 82.178853, 76.20226500000001, 29.444253000000003]","[0.0, 1.0, 3.0, 1.0, 1.0, 1.0, 1.0, 1.0, 1.0, 0.0, 2.0, 3.0, 0.0, 1.0, 1.0, 0.0]","[0.0, 20.0, 15.0, 16.0, 0.0, 20.0, 10.0, 11.0, -2.0, 26.0, 12.0, 11.0, 10.0, 0.0, 10.0, 12.0]"
3,1791636069.106293,"[-46.05411599999999, 66.62214600000001, 45.088851000000005, 44.91306900000001, -0.08712299999999118, 71.807715, 34.102475999999996, 45.00095999999999, 45.967760999999996, 66.00690900000001, 44.73728700000001, 44.825177999999994, 15.996929999999992, 82.178853, 76.20226500000001, 29.444253000000003]","[0.0, 1.0, 1.0, 3.0, 1.0, 1.0, 1.0, 3.0, 1.0, 1.0, 3.0, 3.0, 0.0, 1.0, 1.0, 0.0]","[0.0, 21.0, 15.0, 14.0, 0.0, 20.0, 11.0, 10.0, 0.0, 26.0, 11.0, 11.0, 9.0, 0.0, 10.0, 13.0]"
3,1791636069.3300493,"[-47.020917, 66.62214600000001, 46.143542999999994, 45.87987000000001, -0.08712299999999118, 71.71982400000002, 34.102475999999996, 45.87987000000001, 46.934562, 66.00690900000001, 45.616197, 45.791979, 15.996929999999992, 82.178853, 76.20226500000001, 29.444253000000003]","[0.0, 1.0, 3.0, 1.0, 1.0, 1.0, 1.0, 1.0, 1.0, 1.0, 3.0, 6.0, 0.0, 1.0, 1.0, 0.0]","[0.0, 21.0, 15.0, 16.0, 0.0, 20.0, 10.0, 12.0, 0.0, 26.0, 11.0, 11.0, 10.0, 0.0, 10.0, 13.0]"
3,1791636069.556749,"[-47.72404499999999, 66.62214600000001, 47.110344, 47.19823500000001, -0.08712299999999118, 71.807715, 34.102475999999996, 47.02245300000001, 48.077145, 66.00690900000001, 46.75878, 47.02245300000001, 15.996929999999992, 82.178853, 76.20226500000001, 29.444253000000003]","[0.0, 1.0, 1.0, 3.0, 1.0, 1.0, 1.0, 4.0, 1.0, 1.0, 3.0, 3.0, 0.0, 1.0, 1.0, 0.0]","[-10.0, 20.0, 15.0, 15.0, 0.0, 21.0, 11.0, 11.0, -13.0, 26.0, 11.0, 11.0, 10.0, 0.0, 9.0, 13.0]"
3,1791636069.7808127,"[-49.04240999999999, 66.62214600000001, 47.98925399999999, 48.165036000000015, -0.08712299999999118, 71.807715, 34.102475999999996, 47.901363, 49.043946000000005, 66.00690900000001, 47.63768999999999, 47.81347199999999, 15.996929999999992, 82.178853, 76.20226500000001, 29.444253000000003]","[-1.0, 1.0, 1.0, 2.0, 1.0, 0.0, 1.0, 1.0, 0.0, 1.0, 1.0, 1.0, 0.0, 1.0, 1.0, 0.0]","[0.0, 20.0, 16.0, 15.0, 0.0, 21.0, 11.0, 12.0, -13.0, 26.0, 12.0, 12.0, 11.0, 0.0, 10.0, 13.0]"
3,1791636070.004688,"[-49.833428999999995, 66.62214600000001, 49.043946000000005, 49.219728, -0.08712299999999118, 71.807715, 34.102475999999996, 48.86816400000001, 49.922855999999996, 66.00690900000001, 48.51660000000001, 48.95605499999999, 15.996929999999992, 82.178853, 76.20226500000001, 29.444253000000003]","[0.0, 1.0, 3.0, 4.0, 1.0, 0.0, 1.0, 3.0, 1.0, 1.0, 1.0, 3.0, 0.0, 1.0, 1.0, 0.0]","[-10.0, 20.0, 15.0, 15.0, 0.0, 21.0, 11.0, 12.0, 0.0, 26.0, 12.0, 11.0, 11.0, 0.0, 10.0, 13.0]"
3,1791636070.226347,"[-50.88812100000001, 66.62214600000001, 50.01074700000001, 50.45020199999999, -0.08712299999999118, 71.807715, 34.102475999999996, 49.483401000000015, 51.15333000000001, 66.00690900000001, 49.65918300000001, 49.922855999999996, 15.996929999999992, 82.178853, 76.20226500000001, 29.444253000000003]","[-1.0, 1.0, 1.0, 4.0, 1.0, 1.0, 1.0, 1.0, 0.0, 1.0, 4.0, 3.0, 0.0, 1.0, 1.0, 0.0]","[-9.0, 20.0, 15.0, 15.0, 0.0, 21.0, 11.0, 12.0, -5.0, 26.0, 11.0, 12.0, 10.0, 0.0, 10.0, 13.0]"
3,1791636070.450359,"[-51.767031, 66.62214600000001, 50.889657, 51.32911200000001, -0.08712299999999118, 71.71982400000002, 34.102475999999996, 50.01074700000001, 52.03224, 66.00690900000001, 50.62598400000002, 50.889657, 15.996929999999992, 82.178853, 76.20226500000001, 29.444253000000003]","[0.0, 1.0, 1.0, 3.0, 1.0, 0.0, 1.0, 1.0, 1.0, 1.0, 1.0, 1.0, 0.0, 1.0, 1.0, 0.0]","[-10.0, 20.0, 16.0, 14.0, 0.0, 21.0, 11.0, 15.0, 0.0, 26.0, 11.0, 11.0, 10.0, 0.0, 10.0, 13.0]"
3,1791636070.6767156,"[-52.82172299999999, 66.62214600000001, 52.03224, 52.383804, -0.08712299999999118, 71.71982400000002, 34.102475999999996, 50.801766000000015, 53.08693199999999, 66.00690900000001, 51.76856699999999, 51.94434900000002, 15.996929999999992, 82.178853, 76.20226500000001, 29.444253000000003]","[-2.0, 1.0, 2.0, 1.0, 1.0, 0.0, 1.0, 1.0, 1.0, 1.0, 3.0, 3.0, 0.0, 1.0, 1.0, 0.0]","[-9.0, 20.0, 15.0, 15.0, 0.0, 21.0, 11.0, 14.0, 0.0, 26.0, 10.0, 11.0, 9.0, 0.0, 10.0, 14.0]"
3,1791636070.8984697,"[-53.876414999999994, 66.62214600000001, 52.999041000000005, 53.350605, -0.08712299999999118, 71.71982400000002, 34.102475999999996, 51.680676000000005, 54.053732999999994, 66.00690900000001, 52.64747700000001, 52.999041000000005, 15.996929999999992, 82.178853, 76.20226500000001, 29.444253000000003]","[-2.0, 1.0, 3.0, 3.0, 0.0, 0.0, 1.0, 1.0, 1.0, 1.0, 2.0, 4.0, 0.0, 1.0, 1.0, 0.0]","[-9.0, 21.0, 15.0, 14.0, 0.0, 21.0, 10.0, 16.0, 0.0, 26.0, 12.0, 11.0, 9.0, 0.0, 10.0, 13.0]"
3,1791636071.124701,"[-54.491652, 66.62214600000001, 53.96584200000001, 54.317406000000005, -0.08712299999999118, 71.71982400000002, 34.01458500000001, 52.383804, 55.10842500000001, 66.00690900000001, 53.526387, 53.79006000000001, 15.996929999999992, 82.178853, 76.20226500000001, 29.444253000000003]","[0.0, 1.0, 3.0, 1.0, 0.0, 0.0, 0.0, 2.0, 1.0, 1.0, 1.0, 1.0, 0.0, 1.0, 1.0, 0.0]","[-10.0, 20.0, 15.0, 14.0, 0.0, 20.0, 12.0, 15.0, -2.0, 26.0, 11.0, 11.0, 10.0, 0.0, 10.0, 13.0]"
3,1791636071.3486092,"[-55.546344000000005, 66.62214600000001, 55.10842500000001, 55.372097999999994, -0.08712299999999118, 71.71982400000002, 34.01458500000001, 53.08693199999999, 56.075226000000015, 66.00690900000001, 54.66897, 54.93264300000001, 15.996929999999992, 82.178853, 76.20226500000001, 29.444253000000003]","[-1.0, 1.0, 3.0, 3.0, 0.0, 0.0, 0.0, 2.0, 0.0, 1.0, 5.0, 3.0, 0.0, 1.0, 1.0, 0.0]","[-9.0, 21.0, 16.0, 14.0, 0.0, 21.0, 12.0, 17.0, -4.0, 27.0, 11.0, 11.0, 10.0, 0.0, 11.0, 13.0]"
3,1791636071.5725517,"[-56.425253999999995, 66.62214600000001, 55.987335, 56.338899, -0.08712299999999118, 71.631933, 34.01458500000001, 53.79006000000001, 56.954136000000005, 66.00690900000001, 55.54787999999999, 55.811553, 15.996929999999992, 82.178853, 76.20226500000001, 29.444253000000003]","[0.0, 1.0, 1.0, 4.0, 0.0, 0.0, 0.0, 2.0, 1.0, 1.0, 2.0, 3.0, 0.0, 1.0, 1.0, 0.0]","[-9.0, 20.0, 16.0, 14.0, 0.0, 22.0, 11.0, 18.0, 0.0, 26.0, 11.0, 11.0, 10.0, 0.0, 10.0, 13.0]"
3,1791636071.7930984,"[-57.128382, 66.710037, 57.04202699999999, 57.129918, -0.08712299999999118, 71.631933, 33.926694, 54.22951499999999, 57.92093700000001, 66.00690900000001, 56.42679000000001, 56.86624499999999, 15.996929999999992, 82.178853, 76.20226500000001, 29.444253000000003]","[0.0, 2.0, 1.0, 3.0, 0.0, 0.0, 0.0, 1.0, 1.0, 1.0, 2.0, 1.0, 0.0, 1.0, 1.0, 0.0]","[-11.0, 20.0, 15.0, 15.0, 0.0, 21.0, 12.0, 22.0, 0.0, 26.0, 12.0, 10.0, 10.0, 0.0, 10.0, 13.0]"
3,1791636072.0205545,"[-58.71042, 66.710037, 58.09671900000001, 58.008827999999994, -0.08712299999999118, 71.016696, 33.83880300000001, 54.22951499999999, 58.975629, 66.00690900000001, 57.481482, 57.92093700000001, 15.996929999999992, 82.178853, 76.20226500000001, 29.444253000000003]","[-2.0, 1.0, 2.0, 1.0, 0.0, 0.0, 0.0, 0.0, 1.0, 1.0, 1.0, 5.0, 0.0, 1.0, 1.0, 0.0]","[-9.0, 20.0, 16.0, 15.0, 0.0, 10.0, 9.0, 0.0, 0.0, 26.0, 12.0, 11.0, 10.0, 0.0, 10.0, 13.0]"
3,1791636072.240803,"[-59.149874999999994, 66.885819, 59.327192999999994, 59.151410999999996, -0.08712299999999118, 71.016696, 33.83880300000001, 54.22951499999999, 59.94243, 66.00690900000001, 58.448283, 58.799847, 15.996929999999992, 82.178853, 76.20226500000001, 29.444253000000003]","[0.0, 1.0, 3.0, 2.0, 0.0, 0.0, 0.0, 0.0, 1.0, 1.0, 4.0, 2.0, 0.0, 1.0, 1.0, 0.0]","[-10.0, 19.0, 15.0, 14.0, 0.0, 10.0, 9.0, 2.0, 0.0, 26.0, 11.0, 11.0, 10.0, 0.0, 10.0, 13.0]"
3,1791636072.4670522,"[-60.468239999999994, 66.885819, 60.469775999999996, 59.23930200000001, -0.08712299999999118, 71.016696, 33.83880300000001, 54.22951499999999, 60.99712199999999, 66.00690900000001, 59.67875699999999, 58.88773800000001, 15.996929999999992, 82.178853, 76.20226500000001, 29.444253000000003]","[-1.0, 1.0, 4.0, 1.0, 0.0, 0.0, 1.0, 0.0, 1.0, 1.0, 5.0, 0.0, 0.0, 1.0, 1.0, 0.0]","[-10.0, 20.0, 14.0, 14.0, 0.0, 11.0, 9.0, 0.0, 0.0, 25.0, 11.0, 11.0, 9.0, 0.0, 10.0, 13.0]"
3,1791636072.6915517,"[-61.698713999999995, 66.885819, 61.348686000000015, 59.23930200000001, -0.08712299999999118, 71.016696, 33.926694, 54.22951499999999, 61.963922999999994, 66.00690900000001, 60.82133999999999, 58.88773800000001, 15.996929999999992, 82.178853, 76.20226500000001, 29.444253000000003]","[0.0, 1.0, 1.0, 1.0, 0.0, 0.0, 1.0, 0.0, 2.0, 1.0, 3.0, 1.0, 0.0, 1.0, 1.0, 0.0]","[-9.0, 19.0, 14.0, 15.0, 0.0, 10.0, 6.0, 0.0, 0.0, 26.0, 10.0, 11.0, 10.0, 0.0, 10.0, 13.0]"
3,1791636073.156424,"[-62.577624, 66.885819, 62.49126900000002, 59.23930200000001, -0.08712299999999118, 71.016696, 33.83880300000001, 54.22951499999999, 62.667051000000015, 66.00690900000001, 61.87603200000001, 58.88773800000001, 15.996929999999992, 82.178853, 76.20226500000001, 29.444253000000003]","[0.0, 1.0, 1.0, 1.0, 0.0, 0.0, 1.0, 0.0, 1.0, 1.0, 1.0, 1.0, 0.0, 1.0, 1.0, 0.0]","[-9.0, 20.0, 14.0, 15.0, 0.0, 10.0, 9.0, 2.0, 14.0, 26.0, 12.0, 11.0, 9.0, 0.0, 10.0, 14.0]"
3,1791636073.3804212,"[-63.720207, 66.885819, 63.37017900000001, 59.23930200000001, -0.08712299999999118, 71.016696, 33.83880300000001, 54.22951499999999, 63.897525, 66.00690900000001, 62.930724, 58.88773800000001, 15.996929999999992, 82.178853, 76.20226500000001, 29.444253000000003]","[0.0, 1.0, 1.0, 1.0, 0.0, 0.0, 0.0, 1.0, 2.0, 1.0, 4.0, 1.0, 0.0, 1.0, 1.0, 0.0]","[-9.0, 20.0, 14.0, 15.0, 0.0, 11.0, 9.0, 0.0, 1.0, 26.0, 10.0, 11.0, 10.0, 0.0, 9.0, 13.0]"
3,1791636073.6027305,"[-64.774899, 66.885819, 64.424871, 59.23930200000001, -0.08712299999999118, 71.016696, 33.83880300000001, 54.22951499999999, 64.95221699999999, 66.00690900000001, 63.80963400000002, 58.88773800000001, 15.996929999999992, 82.178853, 76.20226500000001, 29.444253000000003]","[0.0, 1.0, 3.0, 1.0, 0.0, 0.0, 0.0, 1.0, 2.0, 1.0, 3.0, 1.0, 0.0, 1.0, 1.0, 0.0]","[-9.0, 20.0, 14.0, 14.0, 0.0, 11.0, 9.0, 0.0, 0.0, 26.0, 11.0, 10.0, 10.0, 0.0, 10.0, 14.0]"
3,1791636073.8246512,"[-65.390136, 66.885819, 65.391672, 59.23930200000001, -0.08712299999999118, 71.016696, 33.83880300000001, 54.22951499999999, 65.919018, 66.00690900000001, 64.77643499999999, 58.88773800000001, 15.996929999999992, 82.178853, 76.20226500000001, 29.444253000000003]","[0.0, 1.0, 1.0, 1.0, 0.0, 1.0, 1.0, 1.0, 1.0, 1.0, 1.0, 1.0, 0.0, 1.0, 1.0, 0.0]","[-10.0, 19.0, 15.0, 14.0, 0.0, 11.0, 9.0, 0.0, 0.0, 26.0, 11.0, 11.0, 10.0, 0.0, 10.0, 13.0]"
3,1791636074.0503027,"[-66.62061, 67.32527400000001, 66.44636400000002, 59.23930200000001, -0.08712299999999118, 71.016696, 33.83880300000001, 54.22951499999999, 66.97371000000001, 66.00690900000001, 65.83112700000001, 58.88773800000001, 15.996929999999992, 82.178853, 76.20226500000001, 29.444253000000003]","[0.0, 2.0, 3.0, 1.0, 0.0, 0.0, 0.0, 0.0, 1.0, 1.0, 4.0, 1.0, 0.0, 1.0, 1.0, 0.0]","[-9.0, 17.0, 14.0, 14.0, 0.0, 10.0, 9.0, 0.0, 0.0, 26.0, 10.0, 10.0, 10.0, 0.0, 11.0, 13.0]"
3,1791636074.2763236,"[-67.587411, 67.76472900000002, 67.41316499999999, 59.23930200000001, -0.08712299999999118, 71.016696, 33.83880300000001, 54.22951499999999, 67.85262, 66.00690900000001, 66.62214600000001, 58.88773800000001, 15.996929999999992, 82.178853, 76.20226500000001, 29.444253000000003]","[-1.0, 1.0, 1.0, 1.0, 0.0, 0.0, 0.0, 1.0, 1.0, 1.0, 3.0, 1.0, 0.0, 0.0, 1.0, 0.0]","[-9.0, 16.0, 14.0, 14.0, 0.0, 10.0, 9.0, 0.0, 13.0, 25.0, 12.0, 11.0, 9.0, 0.0, 9.0, 14.0]"
3,1791636074.4970074,"[-68.466321, 67.76472900000002, 68.46785700000001, 59.23930200000001, -0.08712299999999118, 71.016696, 33.83880300000001, 54.22951499999999, 68.90731199999999, 66.00690900000001, 67.237383, 58.88773800000001, 15.996929999999992, 82.178853, 76.20226500000001, 29.444253000000003]","[-1.0, 1.0, 2.0, 1.0, 0.0, 0.0, 0.0, 1.0, 1.0, 1.0, 1.0, 1.0, 0.0, 1.0, 1.0, 0.0]","[-9.0, 16.0, 15.0, 14.0, 0.0, 11.0, 9.0, 0.0, 14.0, 26.0, 13.0, 11.0, 11.0, 0.0, 10.0, 13.0]"
3,1791636074.7211897,"[-69.433122, 67.76472900000002, 69.43465800000001, 59.23930200000001, -0.08712299999999118, 71.016696, 33.83880300000001, 54.22951499999999, 69.78622200000001, 66.00690900000001, 68.29207500000001, 58.88773800000001, 15.996929999999992, 82.178853, 76.20226500000001, 29.444253000000003]","[-1.0, 1.0, 2.0, 1.0, 0.0, 0.0, 0.0, 1.0, 3.0, 1.0, 1.0, 1.0, 0.0, 1.0, 1.0, 0.0]","[-10.0, 16.0, 14.0, 14.0, 0.0, 11.0, 9.0, 0.0, 14.0, 25.0, 13.0, 11.0, 10.0, 0.0, 11.0, 13.0]"
3,1791636074.94562,"[-69.433122, 67.76472900000002, 70.313568, 59.23930200000001, -0.08712299999999118, 71.016696, 33.83880300000001, 54.22951499999999, 69.96200400000001, 66.00690900000001, 69.25887600000001, 58.88773800000001, 15.996929999999992, 82.178853, 76.20226500000001, 29.444253000000003]","[0.0, 2.0, 1.0, 1.0, 0.0, 1.0, 0.0, 0.0, 1.0, 1.0, 2.0, 1.0, 0.0, 1.0, 1.0, 0.0]","[-10.0, 17.0, 14.0, 15.0, 0.0, 10.0, 9.0, 0.0, 0.0, 26.0, 12.0, 11.0, 9.0, 0.0, 10.0, 13.0]"
3,1791636075.172236,"[-69.433122, 67.76472900000002, 71.192478, 59.23930200000001, -0.08712299999999118, 71.016696, 33.83880300000001, 54.22951499999999, 69.96200400000001, 66.00690900000001, 70.313568, 58.88773800000001, 15.996929999999992, 82.178853, 76.20226500000001, 29.444253000000003]","[0.0, 0.0, 1.0, 1.0, 0.0, 0.0, 1.0, 1.0, 0.0, 1.0, 2.0, 1.0, 0.0, 1.0, 1.0, 0.0]","[-10.0, 17.0, 15.0, 15.0, 0.0, 11.0, 9.0, 0.0, 5.0, 26.0, 13.0, 11.0, 9.0, 0.0, 10.0, 13.0]"
3,1791636075.3934827,"[-69.433122, 67.676838, 72.07138800000001, 59.23930200000001, -0.08712299999999118, 71.016696, 33.83880300000001, 54.22951499999999, 69.96200400000001, 66.00690900000001, 71.28036900000001, 58.88773800000001, 15.996929999999992, 82.178853, 76.20226500000001, 29.444253000000003]","[0.0, 1.0, 1.0, 1.0, 0.0, 1.0, 0.0, 1.0, 1.0, 1.0, 2.0, 1.0, 0.0, 1.0, 1.0, 0.0]","[-9.0, 16.0, 16.0, 16.0, 0.0, 10.0, 9.0, 0.0, 5.0, 26.0, 12.0, 10.0, 11.0, 0.0, 10.0, 13.0]"
3,1791636075.6201873,"[-69.433122, 67.676838, 72.59873400000001, 59.23930200000001, -0.08712299999999118, 71.016696, 33.83880300000001, 54.22951499999999, 69.874113, 66.00690900000001, 72.159279, 58.88773800000001, 15.996929999999992, 82.178853, 76.20226500000001, 29.444253000000003]","[1.0, 1.0, 0.0, 1.0, 0.0, 0.0, 1.0, 0.0, 1.0, 1.0, 1.0, 1.0, 0.0, 1.0, 1.0, 0.0]","[-10.0, 17.0, 17.0, 14.0, 0.0, 10.0, 9.0, 0.0, 4.0, 25.0, 12.0, 11.0, 11.0, 0.0, 10.0, 13.0]"
3,1791636075.8441963,"[-69.521013, 67.676838, 73.03818900000002, 59.23930200000001, -0.08712299999999118, 71.016696, 33.83880300000001, 54.14162400000001, 69.874113, 66.00690900000001, 73.21397100000002, 58.88773800000001, 15.996929999999992, 82.178853, 76.20226500000001, 29.444253000000003]","[0.0, 0.0, 1.0, 1.0, 0.0, 0.0, 0.0, 0.0, -1.0, 1.0, 2.0, 1.0, 0.0, 1.0, 1.0, 0.0]","[-9.0, 16.0, 19.0, 14.0, 0.0, 10.0, 9.0, 2.0, 13.0, 26.0, 13.0, 11.0, 9.0, 0.0, 10.0, 14.0]"
3,1791636076.0681942,"[-69.608904, 67.676838, 73.301862, 59.23930200000001, -0.08712299999999118, 71.016696, 33.83880300000001, 54.22951499999999, 69.96200400000001, 66.00690900000001, 73.74131700000001, 58.88773800000001, 15.996929999999992, 82.178853, 76.20226500000001, 29.444253000000003]","[0.0, 0.0, 3.0, 1.0, 0.0, 0.0, 0.0, 1.0, 1.0, 1.0, 1.0, 1.0, 0.0, 1.0, 1.0, 0.0]","[-9.0, 16.0, 23.0, 14.0, 0.0, 10.0, 9.0, 0.0, 5.0, 26.0, 15.0, 11.0, 9.0, 0.0, 10.0, 13.0]"
3,1791636076.289354,"[-69.608904, 67.676838, 73.91709900000001, 59.23930200000001, -0.08712299999999118, 71.016696, 33.83880300000001, 54.22951499999999, 69.96200400000001, 66.00690900000001, 74.092881, 58.88773800000001, 15.996929999999992, 82.178853, 76.20226500000001, 29.444253000000003]","[0.0, 0.0, 1.0, 1.0, 0.0, 0.0, 0.0, 0.0, 1.0, 1.0, 1.0, 1.0, 0.0, 1.0, 1.0, 0.0]","[-9.0, 17.0, 24.0, 15.0, 0.0, 11.0, 10.0, 0.0, 0.0, 26.0, 18.0, 10.0, 10.0, 0.0, 10.0, 13.0]"
3,1791636076.5129914,"[-69.608904, 67.676838, 74.268663, 59.23930200000001, -0.08712299999999118, 71.016696, 33.83880300000001, 54.22951499999999, 69.96200400000001, 66.00690900000001, 74.444445, 58.88773800000001, 15.996929999999992, 82.178853, 76.20226500000001, 29.444253000000003]","[0.0, 0.0, 1.0, 1.0, 0.0, 1.0, 1.0, 1.0, 1.0, 1.0, 1.0, 1.0, 0.0, 1.0, 1.0, 0.0]","[-9.0, 16.0, 27.0, 15.0, 0.0, 10.0, 9.0, 0.0, 0.0, 25.0, 21.0, 11.0, 11.0, 0.0, 11.0, 13.0]"
3,1791636076.738692,"[-69.608904, 67.676838, 75.32335499999999, 59.23930200000001, -0.08712299999999118, 71.016696, 33.83880300000001, 54.22951499999999, 69.96200400000001, 66.00690900000001, 74.70811800000001, 58.88773800000001, 15.996929999999992, 82.178853, 76.20226500000001, 29.444253000000003]","[0.0, 0.0, 1.0, 1.0, 0.0, 0.0, 0.0, 1.0, 1.0, 1.0, 3.0, 1.0, 0.0, 1.0, 1.0, 0.0]","[-9.0, 17.0, 27.0, 15.0, 0.0, 11.0, 9.0, 0.0, 0.0, 25.0, 24.0, 11.0, 12.0, 0.0, 10.0, 13.0]"
3,1791636076.9641051,"[-69.608904, 67.676838, 75.85070100000002, 59.23930200000001, -0.08712299999999118, 71.016696, 33.83880300000001, 54.22951499999999, 69.96200400000001, 66.00690900000001, 74.88390000000001, 58.88773800000001, 15.996929999999992, 82.178853, 76.20226500000001, 29.444253000000003]","[0.0, 0.0, 0.0, 1.0, 0.0, 0.0, 0.0, 0.0, 1.0, 1.0, 1.0, 1.0, 0.0, 1.0, 1.0, 0.0]","[-9.0, 16.0, 31.0, 14.0, 0.0, 10.0, 10.0, 0.0, 0.0, 25.0, 31.0, 11.0, 10.0, 0.0, 10.0, 13.0]"
3,1791636077.1849906,"[-69.608904, 67.676838, 75.938592, 59.23930200000001, -0.08712299999999118, 71.016696, 33.83880300000001, 54.14162400000001, 69.96200400000001, 66.00690900000001, 75.23546400000001, 58.88773800000001, 15.996929999999992, 82.178853, 76.20226500000001, 29.444253000000003]","[0.0, 0.0, 0.0, 1.0, 0.0, 0.0, 0.0, 0.0, 1.0, 1.0, 1.0, 1.0, 0.0, 1.0, 1.0, 0.0]","[-9.0, 17.0, 38.0, 15.0, 0.0, 9.0, 9.0, 4.0, 0.0, 25.0, 38.0, 11.0, 10.0, 0.0, 10.0, 13.0]"
3,1791636077.411109,"[-69.608904, 67.58894699999999, 75.85070100000002, 59.23930200000001, -0.08712299999999118, 71.016696, 33.83880300000001, 54.22951499999999, 69.96200400000001, 65.83112700000001, 75.147573, 58.799847, 15.996929999999992, 82.178853, 76.20226500000001, 29.444253000000003]","[0.0, 0.0, 0.0, 1.0, 0.0, 0.0, 0.0, 1.0, 1.0, 0.0, 0.0, 0.0, 0.0, 1.0, 1.0, 0.0]","[8.0, 10.0, 14.0, 1.0, 0.0, 11.0, 9.0, 0.0, 0.0, 9.0, 9.0, 9.0, 10.0, 0.0, 10.0, 13.0]"
