grip,time,positions,velocities,currents
1,1791636353.0675437,"[0.0007679999999936626, -5.184800999999993, -1.1418150000000082, -0.17501400000000444, -0.17501400000000444, -5.272692000000006, 0.17654999999999177, -0.35079600000000255, 0.08865900000000693, -4.833236999999997, -1.1418150000000082, 0.3523319999999899, -1.7570519999999874, 178.41949799999998, 40.07906399999999, 25.928613000000013]","[1.0, 0.0, 1.0, 1.0, 0.0, 1.0, 0.0, 1.0, 1.0, 0.0, 1.0, 0.0, 1.0, 1.0, 0.0, 0.0]","[-9.0, 34.0, 16.0, 13.0, 5.0, 34.0, -11.0, 10.0, -14.0, 32.0, 10.0, -11.0, 13.0, 16.0, -10.0, -16.0]"
1,1791636353.2901683,"[-0.5265780000000007, -4.833236999999997, -1.1418150000000082, -0.08712299999999118, -0.17501400000000444, -4.92112800000001, 0.6160050000000012, -0.35079600000000255, 0.7038960000000145, -4.833236999999997, -1.053923999999995, 0.44022300000000314, -1.7570519999999874, 178.243716, 40.166955, 25.928613000000013]","[0.0, 1.0, 1.0, 1.0, 1.0, 1.0, 1.0, 1.0, 1.0, 0.0, 1.0, 1.0, 1.0, 0.0, 1.0, 0.0]","[-9.0, 45.0, 19.0, 16.0, 5.0, 47.0, 11.0, 12.0, 13.0, 51.0, 13.0, 10.0, 13.0, -11.0, 11.0, 7.0]"
1,1791636353.5162485,"[-1.4054879999999912, -4.393781999999987, -0.08712299999999118, 0.44022300000000314, -0.17501400000000444, -3.7785450000000083, 1.2312420000000088, 0.3523319999999899, 1.6706969999999899, -3.866435999999993, -0.6144689999999855, 0.6160050000000012, -1.7570519999999874, 177.98004300000002, 40.518519, 26.28017700000001]","[0.0, 1.0, 1.0, 1.0, 1.0, 1.0, 2.0, 3.0, 1.0, 2.0, 0.0, 1.0, 1.0, 0.0, 2.0, 1.0]","[-10.0, 65.0, 19.0, 16.0, 2.0, 58.0, 10.0, 13.0, 14.0, 61.0, 16.0, 12.0, 13.0, -16.0, 13.0, 13.0]"
1,1791636353.740225,"[-2.548070999999993, -1.8449430000000007, 0.8796780000000126, 1.407024000000007, -0.17501400000000444, -2.548070999999993, 1.846478999999988, 1.407024000000007, 2.725389000000007, -2.372288999999995, -0.08712299999999118, 0.8796780000000126, -1.7570519999999874, 177.71636999999998, 41.133756000000005, 27.071196000000015]","[-2.0, 6.0, 1.0, 3.0, 0.0, 8.0, 1.0, 2.0, 3.0, 4.0, 5.0, 1.0, 1.0, 0.0, 2.0, 1.0]","[-9.0, 51.0, 19.0, 16.0, 10.0, 65.0, 12.0, 14.0, 13.0, 65.0, 17.0, 13.0, 13.0, -25.0, 14.0, 14.0]"
1,1791636353.961456,"[-3.426981000000012, 0.17654999999999177, 1.7585880000000031, 2.3738250000000107, -0.17501400000000444, 0.44022300000000314, 2.6374979999999937, 2.1101519999999994, 3.7800809999999956, -2.372288999999995, 1.3191329999999937, 1.7585880000000031, -1.7570519999999874, 177.540588, 42.36422999999999, 28.03799699999999]","[0.0, 1.0, 1.0, 1.0, 0.0, 5.0, 1.0, 2.0, 3.0, 1.0, 3.0, 3.0, 1.0, 1.0, 2.0, 3.0]","[-10.0, 59.0, 19.0, 17.0, 1.0, 57.0, 13.0, 14.0, 13.0, 96.0, 16.0, 14.0, 13.0, -38.0, 13.0, 14.0]"
1,1791636354.1881955,"[-4.481673000000001, 0.17654999999999177, 2.813279999999992, 3.4285169999999994, -0.17501400000000444, 2.0222610000000145, 3.5164080000000126, 3.164843999999988, 3.7800809999999956, 2.0222610000000145, 1.846478999999988, 2.901171000000005, -1.7570519999999874, 175.43120399999998, 43.331030999999996, 29.180579999999992]","[-2.0, 0.0, 3.0, 3.0, 1.0, 2.0, 1.0, 1.0, 1.0, 9.0, 1.0, 2.0, 1.0, -4.0, 3.0, 4.0]","[-9.0, 80.0, 20.0, 15.0, 6.0, 60.0, 14.0, 13.0, 16.0, 59.0, 18.0, 14.0, 13.0, -35.0, 13.0, 14.0]"
1,1791636354.412206,"[-5.360582999999991, 3.9558629999999937, 3.7800809999999956, 4.483208999999988, -0.17501400000000444, 3.867972000000009, 4.395318000000003, 4.30742699999999, 5.713683000000003, 4.30742699999999, 3.076953000000003, 4.043754000000007, -1.7570519999999874, 173.14603799999998, 44.473614, 30.147380999999996]","[0.0, 6.0, 4.0, 1.0, 1.0, 2.0, 2.0, 1.0, 3.0, 4.0, 5.0, 1.0, 1.0, -2.0, 3.0, 2.0]","[-10.0, 56.0, 19.0, 16.0, 9.0, 58.0, 13.0, 14.0, 14.0, 58.0, 17.0, 13.0, 13.0, -35.0, 12.0, 14.0]"
1,1791636354.6361563,"[-5.975819999999999, 5.098445999999996, 4.6589910000000145, 5.537901000000005, -0.17501400000000444, 6.153138000000013, 5.362119000000007, 5.186337000000009, 6.504702000000009, 5.9773560000000145, 4.30742699999999, 4.834773000000013, -1.7570519999999874, 170.77298100000002, 44.649395999999996, 31.114182]","[0.0, 10.0, 1.0, 3.0, 1.0, 3.0, 4.0, 1.0, 1.0, 1.0, 4.0, 1.0, 1.0, -6.0, 1.0, 2.0]","[-10.0, 66.0, 20.0, 17.0, 8.0, 60.0, 15.0, 15.0, 14.0, 62.0, 17.0, 14.0, 13.0, -29.0, 15.0, 14.0]"
1,1791636354.8601725,"[-7.294184999999999, 8.26252199999999, 5.889465000000001, 6.592592999999994, -0.08712299999999118, 7.910957999999994, 5.889465000000001, 6.416810999999996, 7.647285000000011, 8.438303999999988, 4.483208999999988, 6.153138000000013, -1.7570519999999874, 169.27883400000002, 46.582998, 32.16887399999999]","[-3.0, 4.0, 2.0, 3.0, 1.0, 3.0, 7.0, 5.0, 3.0, 6.0, 4.0, 3.0, 1.0, 0.0, 5.0, 3.0]","[-11.0, 57.0, 19.0, 16.0, 0.0, 57.0, 14.0, 13.0, 14.0, 58.0, 17.0, 13.0, 14.0, -36.0, 12.0, 15.0]"
1,1791636355.0817065,"[-8.260986000000003, 10.108233000000013, 5.889465000000001, 7.383611999999999, -0.17501400000000444, 10.196123999999998, 7.207830000000001, 7.383611999999999, 8.614086000000015, 9.668778000000003, 6.2410289999999975, 7.032048000000003, -1.7570519999999874, 168.487815, 47.54979900000001, 33.13567499999999]","[0.0, 2.0, 1.0, 1.0, 1.0, 4.0, 1.0, 1.0, 2.0, 1.0, 3.0, 1.0, 1.0, 0.0, 3.0, 2.0]","[-9.0, 60.0, 25.0, 17.0, 4.0, 55.0, 15.0, 14.0, 14.0, 66.0, 16.0, 14.0, 13.0, -46.0, 13.0, 14.0]"
1,1791636355.3071222,"[-9.315677999999991, 10.108233000000013, 7.823067000000009, 8.526195000000001, -0.08712299999999118, 11.426598000000013, 8.26252199999999, 8.526195000000001, 9.58088699999999, 9.668778000000003, 7.119938999999988, 7.998849000000007, -1.7570519999999874, 165.763194, 48.34081800000001, 34.19036700000001]","[-1.0, 1.0, 3.0, 3.0, 1.0, 1.0, 3.0, 3.0, 3.0, 1.0, 2.0, 4.0, 1.0, -9.0, 1.0, 3.0]","[-9.0, 83.0, 20.0, 16.0, 0.0, 67.0, 15.0, 12.0, 14.0, 93.0, 17.0, 14.0, 13.0, -36.0, 13.0, 14.0]"
1,1791636355.530308,"[-10.19458800000001, 13.887546000000015, 8.877758999999998, 9.229322999999994, -0.08712299999999118, 13.711763999999988, 9.317214000000007, 9.405104999999992, 10.635579000000007, 13.360199999999992, 7.910957999999994, 8.96565000000001, -1.7570519999999874, 163.65381000000002, 49.39551, 35.15716800000001]","[0.0, 6.0, 3.0, 6.0, 1.0, 8.0, 2.0, 2.0, 1.0, 20.0, 7.0, 1.0, 1.0, 0.0, 3.0, 3.0]","[-10.0, 62.0, 19.0, 16.0, 3.0, 57.0, 14.0, 13.0, 14.0, 57.0, 17.0, 14.0, 12.0, -40.0, 13.0, 14.0]"
1,1791636355.752169,"[-10.985606999999987, 13.887546000000015, 9.932451000000015, 10.547687999999994, -0.08712299999999118, 16.084821000000005, 10.28401500000001, 10.371905999999996, 11.60238000000001, 15.909039000000007, 9.141432000000009, 9.932451000000015, -1.7570519999999874, 161.280753, 50.362311000000005, 36.12396899999999]","[-2.0, 1.0, 3.0, 1.0, 1.0, 3.0, 3.0, 3.0, 2.0, 4.0, 3.0, 1.0, 1.0, -6.0, 3.0, 3.0]","[-11.0, 89.0, 19.0, 15.0, 0.0, 61.0, 15.0, 13.0, 14.0, 64.0, 17.0, 14.0, 14.0, -34.0, 14.0, 15.0]"
1,1791636355.977644,"[-12.216081000000003, 17.930532, 10.635579000000007, 11.514488999999998, -0.17501400000000444, 17.75475, 10.371905999999996, 11.250816000000015, 12.657072, 15.909039000000007, 9.229322999999994, 10.89925199999999, -1.7570519999999874, 159.435042, 51.241220999999996, 37.178661000000005]","[-2.0, 13.0, 2.0, 3.0, 0.0, 10.0, 1.0, 2.0, 1.0, 1.0, 1.0, 0.0, 1.0, -1.0, 3.0, 2.0]","[-11.0, 53.0, 20.0, 16.0, 3.0, 56.0, 17.0, 14.0, 14.0, 89.0, 20.0, 14.0, 13.0, -37.0, 13.0, 15.0]"
1,1791636356.2009645,"[-13.182882000000006, 20.039916000000005, 11.778162000000009, 12.569181000000015, -0.08712299999999118, 20.12780699999999, 12.21761699999999, 12.393398999999988, 13.623873000000003, 19.864134000000007, 11.162925000000001, 11.953944000000007, -1.7570519999999874, 157.50144, 52.208022, 38.14546200000001]","[-2.0, 4.0, 2.0, 3.0, 0.0, 2.0, 1.0, 2.0, 1.0, 4.0, 3.0, 4.0, 1.0, 0.0, 3.0, 2.0]","[-11.0, 57.0, 20.0, 17.0, 0.0, 59.0, 14.0, 13.0, 14.0, 64.0, 16.0, 13.0, 12.0, -34.0, 13.0, 14.0]"
1,1791636356.4281068,"[-14.237573999999995, 22.061408999999998, 12.832853999999998, 13.184417999999994, -0.08712299999999118, 21.709845, 13.272309000000007, 13.53598199999999, 14.678564999999992, 22.412972999999994, 11.778162000000009, 13.008635999999996, -1.7570519999999874, 155.567838, 53.08693199999999, 39.28804500000001]","[0.0, 3.0, 3.0, 1.0, 1.0, 6.0, 2.0, 4.0, 3.0, 10.0, 2.0, 3.0, 1.0, -3.0, 4.0, 3.0]","[-10.0, 57.0, 19.0, 17.0, 0.0, 56.0, 14.0, 12.0, 13.0, 50.0, 18.0, 12.0, 14.0, -39.0, 14.0, 15.0]"
1,1791636356.6494641,"[-15.292266000000012, 23.819229000000007, 13.887546000000015, 14.502782999999994, -0.17501400000000444, 24.610248000000013, 14.151218999999998, 14.414892000000009, 15.733257000000009, 23.995011000000005, 13.096527000000009, 13.799655000000001, -1.7570519999999874, 153.634236, 54.22951499999999, 40.254846000000015]","[-1.0, 5.0, 2.0, 4.0, 0.0, 5.0, 1.0, 1.0, 2.0, 1.0, 5.0, 1.0, 1.0, -2.0, 3.0, 2.0]","[-10.0, 63.0, 19.0, 16.0, 4.0, 50.0, 13.0, 13.0, 14.0, 61.0, 18.0, 15.0, 13.0, -36.0, 13.0, 14.0]"
1,1791636356.8730853,"[-16.434848999999986, 23.907119999999992, 14.85434699999999, 15.469583999999998, -0.08712299999999118, 26.192285999999996, 15.381693000000013, 15.733257000000009, 16.787948999999998, 26.71963199999999, 13.975437, 14.414892000000009, -1.7570519999999874, 151.61274300000002, 55.196315999999996, 41.22164699999999]","[-1.0, 2.0, 1.0, 4.0, 0.0, 5.0, 2.0, 3.0, 3.0, 5.0, 1.0, 7.0, 1.0, -3.0, 1.0, 2.0]","[-9.0, 76.0, 19.0, 15.0, 4.0, 53.0, 14.0, 13.0, 13.0, 49.0, 17.0, 14.0, 12.0, -37.0, 13.0, 13.0]"
1,1791636357.0999105,"[-17.40164999999999, 28.91690700000001, 15.909039000000007, 16.348493999999988, -0.08712299999999118, 28.477452, 16.524276000000015, 16.787948999999998, 17.666858999999988, 28.565343000000013, 15.118020000000001, 15.996929999999992, -1.7570519999999874, 150.294378, 56.25100800000001, 42.188447999999994]","[-2.0, 7.0, 1.0, 3.0, 0.0, 3.0, 2.0, 3.0, 1.0, 1.0, 3.0, 2.0, 1.0, -2.0, 3.0, 2.0]","[-10.0, 48.0, 20.0, 16.0, 0.0, 57.0, 13.0, 11.0, 14.0, 55.0, 17.0, 14.0, 15.0, -41.0, 14.0, 14.0]"
1,1791636357.3239038,"[-18.632124000000005, 28.91690700000001, 17.05162200000001, 17.315294999999992, -0.08712299999999118, 30.147380999999996, 17.49107699999999, 17.75475, 18.633659999999992, 28.565343000000013, 16.260603000000003, 16.524276000000015, -1.7570519999999874, 148.360776, 57.21780900000002, 43.155249]","[-2.0, 1.0, 3.0, 3.0, 1.0, 3.0, 4.0, 2.0, 1.0, 0.0, 3.0, 6.0, 1.0, -3.0, 2.0, 2.0]","[-9.0, 73.0, 18.0, 16.0, 0.0, 55.0, 13.0, 13.0, 14.0, 81.0, 15.0, 15.0, 13.0, -44.0, 13.0, 14.0]"
1,1791636357.544794,"[-19.686815999999993, 32.959892999999994, 18.19420500000001, 17.842641000000015, -0.08712299999999118, 32.69622000000001, 18.36998700000001, 18.545769000000007, 19.51257000000001, 32.87200200000001, 17.315294999999992, 18.106313999999998, -1.7570519999999874, 145.98771900000003, 58.09671900000001, 44.12205]","[-3.0, 7.0, 4.0, 6.0, 1.0, 6.0, 1.0, 2.0, 3.0, 15.0, 1.0, 5.0, 1.0, -5.0, 5.0, 1.0]","[-9.0, 55.0, 19.0, 18.0, 0.0, 47.0, 14.0, 12.0, 14.0, 44.0, 16.0, 12.0, 12.0, -46.0, 13.0, 15.0]"
1,1791636357.7703717,"[-20.565726000000012, 34.01458500000001, 19.161006000000015, 19.336788000000013, -0.08712299999999118, 34.45403999999999, 19.248897, 19.68835200000001, 20.567262, 33.13567499999999, 18.457877999999994, 18.897333000000003, -1.7570519999999874, 145.98771900000003, 59.41508400000001, 45.17674199999999]","[0.0, 10.0, 1.0, 1.0, 1.0, 3.0, 2.0, 2.0, 1.0, 1.0, 1.0, 1.0, 1.0, 0.0, 4.0, 1.0]","[-9.0, 50.0, 18.0, 15.0, 0.0, 56.0, 14.0, 12.0, 14.0, 71.0, 14.0, 15.0, 12.0, -59.0, 12.0, 15.0]"
1,1791636357.9958923,"[-21.7962, 37.09076999999999, 20.39148, 20.39148, -0.08712299999999118, 37.00287900000001, 20.215698000000003, 20.655153000000013, 21.885627, 33.13567499999999, 19.424678999999998, 19.952024999999992, -1.7570519999999874, 141.593169, 59.41508400000001, 46.05565200000001]","[-1.0, 3.0, 4.0, 3.0, 1.0, 7.0, 1.0, 1.0, 3.0, 1.0, 3.0, 3.0, 1.0, -7.0, 1.0, 2.0]","[-9.0, 48.0, 17.0, 17.0, 0.0, 49.0, 13.0, 12.0, 14.0, 99.0, 14.0, 13.0, 13.0, -34.0, 17.0, 16.0]"
1,1791636358.216309,"[-22.850891999999988, 39.11226300000001, 21.358281000000005, 21.534063000000003, -0.08712299999999118, 38.936481000000015, 21.00671700000001, 21.621953999999988, 22.412972999999994, 39.375935999999996, 20.655153000000013, 21.182499000000007, -1.7570519999999874, 141.15371399999998, 61.260795, 47.19823500000001]","[-2.0, 7.0, 2.0, 2.0, 1.0, 6.0, 2.0, 2.0, 1.0, 6.0, 1.0, 3.0, 1.0, -5.0, 5.0, 3.0]","[-9.0, 42.0, 17.0, 15.0, 0.0, 44.0, 15.0, 12.0, 15.0, 43.0, 14.0, 13.0, 13.0, -47.0, 13.0, 14.0]"
1,1791636358.4413207,"[-23.905584000000005, 41.133756000000005, 22.500864000000007, 22.500864000000007, -0.08712299999999118, 40.95797400000001, 21.885627, 22.76453699999999, 23.819229000000007, 41.836884, 21.621953999999988, 22.32508200000001, -1.7570519999999874, 137.28651000000002, 62.403378000000004, 48.165036000000015]","[0.0, 7.0, 3.0, 3.0, 1.0, 9.0, 3.0, 2.0, 3.0, 7.0, 3.0, 2.0, 1.0, -4.0, 3.0, 1.0]","[-8.0, 46.0, 17.0, 15.0, 0.0, 45.0, 16.0, 14.0, 14.0, 40.0, 15.0, 13.0, 13.0, -33.0, 13.0, 14.0]"
1,1791636358.6678324,"[-24.87238500000001, 43.506812999999994, 23.379773999999998, 22.588754999999992, -0.08712299999999118, 43.68259499999999, 22.588754999999992, 23.555555999999996, 24.873920999999996, 43.331030999999996, 22.76453699999999, 22.32508200000001, -1.7570519999999874, 135.704472, 63.19439700000001, 49.13183699999999]","[0.0, 6.0, 2.0, 1.0, 1.0, 3.0, 1.0, 1.0, 1.0, 2.0, 3.0, 1.0, 1.0, -3.0, 1.0, 3.0]","[-8.0, 40.0, 18.0, 19.0, 0.0, 42.0, 16.0, 13.0, 14.0, 48.0, 14.0, 16.0, 13.0, -36.0, 13.0, 14.0]"
1,1791636358.8890076,"[-25.927076999999997, 45.87987000000001, 24.170793000000003, 24.434466000000015, -0.08712299999999118, 46.05565200000001, 23.64344700000001, 24.78603000000001, 25.840722, 46.407216000000005, 23.64344700000001, 24.08290199999999, -1.7570519999999874, 132.716178, 64.33698000000001, 50.01074700000001]","[-2.0, 3.0, 1.0, 4.0, 1.0, 7.0, 3.0, 1.0, 1.0, 6.0, 1.0, 4.0, 1.0, -5.0, 3.0, 3.0]","[0.0, 37.0, 18.0, 16.0, 0.0, 36.0, 15.0, 13.0, 14.0, 35.0, 15.0, 12.0, 13.0, -30.0, 12.0, 15.0]"
1,1791636359.1157928,"[-26.981768999999986, 48.077145, 25.313376000000005, 25.577048999999988, -0.08712299999999118, 47.901363, 24.873920999999996, 25.752831000000015, 26.983305, 47.901363, 24.78603000000001, 25.313376000000005, -1.7570519999999874, 130.87046700000002, 64.424871, 51.065439]","[0.0, 6.0, 2.0, 2.0, 1.0, 3.0, 4.0, 1.0, 1.0, 4.0, 1.0, 1.0, 1.0, -3.0, 1.0, 3.0]","[0.0, 36.0, 17.0, 15.0, 0.0, 42.0, 14.0, 12.0, 0.0, 42.0, 14.0, 12.0, 13.0, -32.0, 16.0, 15.0]"
1,1791636359.3388886,"[-27.94856999999999, 50.27441999999999, 26.28017700000001, 26.543849999999992, -0.08712299999999118, 50.098637999999994, 25.840722, 26.895413999999988, 27.950106000000005, 50.801766000000015, 25.928613000000013, 26.368067999999994, -1.7570519999999874, 128.49741, 66.358473, 52.208022]","[0.0, 1.0, 1.0, 3.0, 1.0, 5.0, 1.0, 4.0, 1.0, 7.0, 3.0, 1.0, 1.0, -2.0, 5.0, 3.0]","[0.0, 35.0, 18.0, 16.0, 0.0, 41.0, 16.0, 11.0, 0.0, 33.0, 14.0, 12.0, 13.0, -31.0, 14.0, 15.0]"
1,1791636359.561179,"[-28.82748000000001, 52.208022, 27.159087, 27.59854200000001, -0.08712299999999118, 52.559585999999996, 27.071196000000015, 27.42276000000001, 29.004797999999994, 52.29591300000001, 26.895413999999988, 27.510650999999996, -1.7570519999999874, 127.003263, 67.501056, 53.174823]","[0.0, 8.0, 1.0, 1.0, 1.0, 5.0, 1.0, 2.0, 1.0, 3.0, 2.0, 1.0, 1.0, 0.0, 2.0, 1.0]","[-9.0, 37.0, 18.0, 16.0, 0.0, 35.0, 14.0, 13.0, -14.0, 39.0, 13.0, 12.0, 13.0, -33.0, 14.0, 14.0]"
1,1791636359.7878435,"[-29.97006300000001, 55.10842500000001, 28.30167, 28.74112500000001, -0.08712299999999118, 54.66897, 28.125888000000003, 28.565343000000013, 30.05949000000001, 54.756861000000015, 28.03799699999999, 28.653233999999998, -1.7570519999999874, 124.89387900000003, 68.555748, 54.14162400000001]","[-2.0, 3.0, 1.0, 3.0, 1.0, 4.0, 1.0, 3.0, 1.0, 10.0, 3.0, 3.0, 1.0, -4.0, 3.0, 2.0]","[0.0, 32.0, 17.0, 15.0, 0.0, 35.0, 15.0, 12.0, 0.0, 31.0, 13.0, 12.0, 13.0, -30.0, 13.0, 15.0]"
1,1791636360.0114934,"[-30.936863999999986, 56.954136000000005, 29.268471000000005, 29.620035, 0.0007679999999936626, 56.954136000000005, 29.35636199999999, 29.795817, 31.114182, 56.42679000000001, 29.004797999999994, 29.707926000000015, -1.7570519999999874, 123.575514, 69.43465800000001, 55.196315999999996]","[0.0, 5.0, 2.0, 3.0, 1.0, 5.0, 3.0, 3.0, 0.0, 1.0, 3.0, 2.0, 1.0, 0.0, 2.0, 3.0]","[0.0, 30.0, 17.0, 16.0, -1.0, 30.0, 13.0, 11.0, -2.0, 37.0, 13.0, 11.0, 13.0, -36.0, 13.0, 15.0]"
1,1791636360.232682,"[-31.991556000000003, 59.23930200000001, 30.498944999999992, 30.850508999999988, -0.08712299999999118, 59.06352000000001, 30.586836000000005, 30.762618000000003, 32.080983, 56.42679000000001, 29.883708000000013, 30.411054000000007, -1.7570519999999874, 120.58722, 70.57724100000001, 56.163117]","[-1.0, 3.0, 1.0, 2.0, 0.0, 4.0, 3.0, 1.0, 1.0, 1.0, 1.0, 3.0, 1.0, -8.0, 4.0, 3.0]","[0.0, 30.0, 17.0, 15.0, 0.0, 30.0, 13.0, 12.0, -6.0, 57.0, 13.0, 12.0, 13.0, -29.0, 12.0, 15.0]"
1,1791636360.4574432,"[-32.95835700000001, 61.085013000000004, 31.465745999999996, 31.817309999999992, -0.08712299999999118, 61.612359, 31.641527999999994, 31.905201000000005, 33.04778400000001, 61.260795, 31.114182, 31.641527999999994, -1.7570519999999874, 118.47783600000002, 71.631933, 57.21780900000002]","[0.0, 7.0, 2.0, 2.0, 1.0, 4.0, 1.0, 1.0, 1.0, 13.0, 4.0, 2.0, 1.0, -2.0, 2.0, 2.0]","[0.0, 26.0, 17.0, 16.0, -3.0, 25.0, 13.0, 12.0, 0.0, 26.0, 12.0, 11.0, 12.0, -32.0, 12.0, 14.0]"
1,1791636360.683618,"[-34.013048999999995, 63.897525, 32.608329, 32.784110999999996, -0.08712299999999118, 63.897525, 32.784110999999996, 32.784110999999996, 34.01458500000001, 63.63385199999999, 32.344656000000015, 32.432547, -1.7570519999999874, 116.28056099999998, 72.86240699999999, 58.272501000000005]","[0.0, 5.0, 2.0, 3.0, 1.0, 5.0, 3.0, 2.0, 0.0, 3.0, 4.0, 1.0, 1.0, -4.0, 1.0, 2.0]","[0.0, 26.0, 16.0, 15.0, 0.0, 23.0, 12.0, 12.0, -2.0, 28.0, 12.0, 13.0, 13.0, -29.0, 12.0, 15.0]"
1,1791636360.9078252,"[-35.06774100000001, 65.83112700000001, 33.750912, 33.83880300000001, -0.08712299999999118, 66.182691, 34.01458500000001, 34.01458500000001, 35.069277, 65.919018, 33.31145699999999, 33.663021000000015, -1.6691610000000026, 114.25906800000001, 73.91709900000001, 59.23930200000001]","[0.0, 6.0, 3.0, 1.0, 1.0, 5.0, 4.0, 5.0, 1.0, 3.0, 3.0, 3.0, 1.0, -3.0, 1.0, 1.0]","[0.0, 25.0, 16.0, 16.0, 0.0, 21.0, 12.0, 11.0, 0.0, 23.0, 11.0, 12.0, 13.0, -28.0, 12.0, 14.0]"
1,1791636361.1303854,"[-35.946651, 68.29207500000001, 34.80560399999999, 34.893495, 0.0007679999999936626, 68.204184, 34.981386000000015, 34.893495, 36.12396899999999, 68.204184, 34.45403999999999, 34.541931000000005, -1.6691610000000026, 111.886011, 74.971791, 60.293994]","[0.0, 4.0, 3.0, 3.0, 1.0, 4.0, 3.0, 1.0, 0.0, 8.0, 3.0, 1.0, 0.0, -5.0, 3.0, 3.0]","[-9.0, 22.0, 16.0, 15.0, -4.0, 21.0, 12.0, 12.0, -14.0, 22.0, 12.0, 11.0, 13.0, -25.0, 12.0, 14.0]"
1,1791636361.3548064,"[-37.089234000000005, 70.40145900000002, 35.860296000000005, 35.860296000000005, -0.08712299999999118, 70.48935, 36.21186, 35.94818699999999, 37.00287900000001, 70.313568, 35.420840999999996, 35.245059, -1.6691610000000026, 109.77662700000002, 76.114374, 61.348686000000015]","[0.0, 6.0, 1.0, 1.0, 1.0, 1.0, 4.0, 1.0, 1.0, 1.0, 3.0, 1.0, 1.0, 0.0, 2.0, 1.0]","[2.0, 20.0, 16.0, 16.0, -1.0, 20.0, 11.0, 11.0, 0.0, 22.0, 12.0, 12.0, 13.0, -25.0, 11.0, 14.0]"
1,1791636361.5796924,"[-37.968143999999995, 73.03818900000002, 37.178661000000005, 36.82709700000001, 0.0007679999999936626, 72.950298, 37.354443, 36.914987999999994, 38.057570999999996, 72.59873400000001, 36.563424, 36.47553300000001, -1.6691610000000026, 107.93091600000002, 77.08117500000003, 62.227596000000005]","[0.0, 4.0, 3.0, 2.0, 1.0, 5.0, 2.0, 1.0, 1.0, 5.0, 3.0, 1.0, 1.0, -2.0, 2.0, 1.0]","[-9.0, 20.0, 15.0, 15.0, -3.0, 17.0, 11.0, 12.0, 0.0, 20.0, 13.0, 12.0, 13.0, -25.0, 12.0, 15.0]"
1,1791636361.8025022,"[-38.847053999999986, 75.147573, 38.14546200000001, 37.79389800000001, -0.08712299999999118, 73.91709900000001, 37.79389800000001, 37.618116000000015, 39.024372, 74.620227, 37.706007, 37.354443, -1.6691610000000026, 105.29418600000002, 78.22375799999998, 63.37017900000001]","[0.0, 6.0, 1.0, 3.0, 0.0, 1.0, 1.0, 1.0, 1.0, 1.0, 4.0, 1.0, 1.0, -4.0, 1.0, 3.0]","[-9.0, 17.0, 15.0, 15.0, 0.0, 25.0, 12.0, 13.0, 0.0, 21.0, 11.0, 12.0, 13.0, -20.0, 12.0, 14.0]"
1,1791636362.0275724,"[-40.077528, 77.52062999999998, 39.375935999999996, 38.40913499999999, -0.08712299999999118, 74.444445, 38.057570999999996, 38.32124400000001, 39.991173, 76.64172000000002, 38.76069899999999, 38.497026000000005, -1.6691610000000026, 103.44847500000003, 79.19055900000001, 64.249089]","[-1.0, 5.0, 3.0, 1.0, 0.0, 1.0, 1.0, 1.0, 1.0, 6.0, 1.0, 2.0, 1.0, -2.0, 3.0, 1.0]","[0.0, 15.0, 15.0, 16.0, 0.0, 34.0, 16.0, 13.0, 12.0, 20.0, 11.0, 12.0, 13.0, -20.0, 11.0, 14.0]"
1,1791636362.251525,"[-40.78065599999999, 79.63001400000002, 40.43062800000001, 39.63960900000001, -0.08712299999999118, 74.444445, 38.057570999999996, 38.76069899999999, 40.95797400000001, 79.102668, 39.815391000000005, 39.551717999999994, -1.6691610000000026, 103.18480199999999, 80.15735999999998, 65.21589]","[-2.0, 6.0, 3.0, 3.0, 0.0, 1.0, 1.0, 1.0, 1.0, 2.0, 3.0, 4.0, 1.0, 0.0, 3.0, 1.0]","[-8.0, 16.0, 14.0, 16.0, 0.0, 35.0, 18.0, 16.0, 13.0, 18.0, 10.0, 12.0, 12.0, -21.0, 11.0, 14.0]"
1,1791636362.475478,"[-42.01113000000001, 82.00307099999998, 41.48532, 40.694300999999996, -0.08712299999999118, 74.444445, 38.497026000000005, 39.11226300000001, 41.661102, 81.29994299999998, 40.870082999999994, 40.518519, -1.6691610000000026, 103.09691099999998, 81.03627, 66.358473]","[1.0, 5.0, 1.0, 1.0, 0.0, 1.0, 1.0, 1.0, 1.0, 7.0, 2.0, 2.0, 1.0, 0.0, 1.0, 3.0]","[0.0, 14.0, 15.0, 15.0, 0.0, 36.0, 22.0, 18.0, 13.0, 17.0, 10.0, 11.0, 12.0, -21.0, 12.0, 14.0]"
1,1791636362.6994665,"[-43.065822, 84.20034600000002, 42.627903, 41.573211000000015, -0.08712299999999118, 74.444445, 38.497026000000005, 39.815391000000005, 43.06735800000001, 83.673, 42.10055700000001, 41.573211000000015, -1.6691610000000026, 103.09691099999998, 81.47572500000001, 66.97371000000001]","[0.0, 4.0, 3.0, 3.0, 0.0, 1.0, 0.0, 2.0, 2.0, 5.0, 2.0, 1.0, 1.0, 0.0, 1.0, 1.0]","[0.0, 13.0, 13.0, 16.0, 0.0, 37.0, 30.0, 18.0, 0.0, 15.0, 11.0, 12.0, 12.0, -20.0, 13.0, 15.0]"
1,1791636362.923801,"[-44.032623, 86.57340299999998, 43.506812999999994, 42.803685, -0.08712299999999118, 74.35655400000002, 38.84859, 40.166955, 44.03415899999999, 85.78238399999998, 43.155249, 42.627903, -1.7570519999999874, 103.09691099999998, 81.65150699999998, 67.41316499999999]","[0.0, 4.0, 1.0, 2.0, 1.0, 0.0, 1.0, 0.0, 1.0, 4.0, 3.0, 3.0, 0.0, 1.0, 1.0, 1.0]","[0.0, 13.0, 14.0, 15.0, 0.0, 38.0, 33.0, 22.0, 0.0, 17.0, 9.0, 12.0, 12.0, -21.0, 17.0, 17.0]"
1,1791636363.147102,"[-45.08731499999999, 88.41911399999998, 44.73728700000001, 43.506812999999994, -0.08712299999999118, 73.829208, 38.672808, 40.166955, 45.00095999999999, 88.155441, 44.209941000000015, 43.770486000000005, -1.7570519999999874, 103.09691099999998, 81.739398, 68.028402]","[0.0, 6.0, 4.0, 1.0, 1.0, 0.0, 0.0, 1.0, 2.0, 5.0, 2.0, 1.0, 0.0, 1.0, 1.0, 1.0]","[0.0, 13.0, 14.0, 16.0, 0.0, 11.0, 9.0, 0.0, -9.0, 15.0, 10.0, 10.0, 12.0, -21.0, 20.0, 19.0]"
1,1791636363.3678713,"[-46.05411599999999, 88.594896, 45.528306000000015, 44.825177999999994, -0.08712299999999118, 73.829208, 38.672808, 40.166955, 45.967760999999996, 88.24333200000001, 45.17674199999999, 44.825177999999994, -1.7570519999999874, 103.18480199999999, 81.739398, 68.73152999999999]","[0.0, 1.0, 1.0, 4.0, 1.0, 0.0, 0.0, 1.0, -1.0, 1.0, 3.0, 2.0, 0.0, 1.0, 1.0, 1.0]","[0.0, 12.0, 15.0, 15.0, 0.0, 10.0, 10.0, 0.0, 0.0, 14.0, 9.0, 12.0, 13.0, -21.0, 26.0, 20.0]"
1,1791636363.5952978,"[-47.020917, 88.594896, 46.582998, 45.791979, -0.08712299999999118, 73.74131700000001, 38.672808, 40.166955, 46.934562, 88.33122300000002, 46.143542999999994, 45.87987000000001, -1.7570519999999874, 103.18480199999999, 81.65150699999998, 69.346767]","[0.0, 1.0, 3.0, 1.0, 1.0, 0.0, 0.0, 1.0, 0.0, 1.0, 2.0, 2.0, 0.0, 1.0, 0.0, 2.0]","[0.0, 14.0, 14.0, 15.0, 0.0, 11.0, 10.0, 0.0, -5.0, 13.0, 10.0, 12.0, 13.0, -21.0, 32.0, 21.0]"
1,1791636363.8183045,"[-47.72404499999999, 88.594896, 47.54979900000001, 47.19823500000001, -0.08712299999999118, 73.74131700000001, 38.672808, 40.166955, 48.077145, 88.33122300000002, 47.286125999999996, 47.02245300000001, -1.9328339999999855, 103.272693, 81.56361600000002, 69.346767]","[0.0, 1.0, 1.0, 3.0, 1.0, 1.0, 0.0, 1.0, 1.0, 1.0, 4.0, 3.0, 0.0, 1.0, 0.0, 0.0]","[-10.0, 13.0, 14.0, 15.0, 0.0, 11.0, 9.0, 0.0, -14.0, 13.0, 9.0, 11.0, 9.0, 0.0, 10.0, 12.0]"
1,1791636364.0395947,"[-49.04240999999999, 88.594896, 48.428709, 48.077145, -0.08712299999999118, 73.74131700000001, 38.672808, 40.166955, 49.043946000000005, 88.33122300000002, 48.165036000000015, 47.81347199999999, -1.9328339999999855, 103.272693, 81.56361600000002, 69.346767]","[-2.0, 1.0, 1.0, 2.0, 1.0, 1.0, 0.0, 1.0, 1.0, 1.0, 2.0, 1.0, 0.0, 1.0, 0.0, 1.0]","[0.0, 13.0, 14.0, 14.0, 0.0, 11.0, 9.0, 0.0, -14.0, 14.0, 10.0, 11.0, 9.0, 0.0, 10.0, 2.0]"
1,1791636364.2648625,"[-49.92132000000001, 88.594896, 49.483401000000015, 49.219728, -0.08712299999999118, 73.829208, 38.672808, 40.166955, 50.01074700000001, 88.33122300000002, 48.95605499999999, 48.95605499999999, -1.9328339999999855, 103.272693, 81.56361600000002, 69.346767]","[-1.0, 1.0, 1.0, 4.0, 1.0, 0.0, 0.0, 1.0, 1.0, 1.0, 1.0, 2.0, 0.0, 0.0, 0.0, 0.0]","[-9.0, 13.0, 14.0, 14.0, 0.0, 11.0, 10.0, 0.0, -15.0, 14.0, 10.0, 11.0, 9.0, 0.0, 10.0, 10.0]"
1,1791636364.4901574,"[-50.80023, 88.594896, 50.45020199999999, 50.45020199999999, -0.08712299999999118, 73.829208, 38.672808, 40.166955, 51.15333000000001, 88.33122300000002, 50.098637999999994, 49.922855999999996, -1.9328339999999855, 103.272693, 81.56361600000002, 69.43465800000001]","[0.0, 1.0, 3.0, 4.0, 1.0, 0.0, 0.0, 1.0, 1.0, 1.0, 3.0, 2.0, 0.0, 0.0, 0.0, 1.0]","[-9.0, 13.0, 14.0, 15.0, 0.0, 11.0, 10.0, 0.0, -14.0, 14.0, 10.0, 10.0, 10.0, 0.0, 10.0, 5.0]"
1,1791636364.7151618,"[-51.767031, 88.594896, 51.417002999999994, 51.32911200000001, -0.08712299999999118, 73.74131700000001, 38.672808, 40.166955, 52.03224, 88.33122300000002, 51.065439, 50.889657, -1.9328339999999855, 103.272693, 81.56361600000002, 69.43465800000001]","[0.0, 1.0, 4.0, 2.0, 1.0, 0.0, 0.0, 1.0, 1.0, 1.0, 1.0, 2.0, 0.0, 0.0, 0.0, 0.0]","[-10.0, 13.0, 15.0, 13.0, 0.0, 11.0, 9.0, 0.0, 0.0, 15.0, 11.0, 10.0, 9.0, 0.0, 10.0, 4.0]"
1,1791636364.9375832,"[-52.82172299999999, 88.77067799999998, 52.208022, 52.29591300000001, -0.08712299999999118, 73.829208, 38.672808, 40.166955, 53.174823, 88.33122300000002, 52.208022, 51.856458, -1.9328339999999855, 103.272693, 81.56361600000002, 69.346767]","[-3.0, 1.0, 1.0, 2.0, 1.0, 1.0, 0.0, 1.0, 1.0, 1.0, 4.0, 3.0, 0.0, 1.0, 0.0, 0.0]","[-10.0, 13.0, 15.0, 15.0, 0.0, 11.0, 9.0, 0.0, -11.0, 14.0, 10.0, 10.0, 9.0, -1.0, 10.0, 10.0]"
1,1791636365.1608834,"[-53.876414999999994, 88.77067799999998, 52.999041000000005, 53.174823, -0.08712299999999118, 73.829208, 38.672808, 40.166955, 54.053732999999994, 88.33122300000002, 53.174823, 52.82325900000001, -1.9328339999999855, 103.36058400000002, 81.56361600000002, 69.43465800000001]","[-2.0, 1.0, 2.0, 1.0, 1.0, 1.0, 0.0, 1.0, 0.0, 1.0, 2.0, 3.0, 0.0, 1.0, 0.0, 1.0]","[-9.0, 13.0, 15.0, 14.0, 0.0, 11.0, 9.0, 0.0, 0.0, 14.0, 10.0, 11.0, 9.0, -2.0, 10.0, 0.0]"
1,1791636365.38556,"[-54.491652, 88.68278700000002, 53.79006000000001, 54.14162400000001, -0.08712299999999118, 73.829208, 38.672808, 40.166955, 55.10842500000001, 88.33122300000002, 53.96584200000001, 53.79006000000001, -1.9328339999999855, 103.272693, 81.56361600000002, 69.43465800000001]","[0.0, 0.0, 2.0, 2.0, 1.0, 1.0, 0.0, 1.0, 0.0, 1.0, 2.0, 1.0, 0.0, 0.0, 0.0, 1.0]","[-9.0, 12.0, 16.0, 14.0, 0.0, 11.0, 9.0, 0.0, -13.0, 14.0, 11.0, 11.0, 9.0, 0.0, 10.0, 1.0]"
1,1791636365.611219,"[-55.45845299999999, 88.68278700000002, 54.493188, 55.196315999999996, -0.08712299999999118, 73.829208, 38.672808, 40.166955, 56.163117, 88.33122300000002, 54.844752, 54.844752, -1.9328339999999855, 103.272693, 81.56361600000002, 69.43465800000001]","[-1.0, 0.0, 1.0, 3.0, 1.0, 1.0, 0.0, 1.0, 1.0, 1.0, 1.0, 2.0, 0.0, 1.0, 0.0, 1.0]","[-10.0, 12.0, 17.0, 14.0, 0.0, 11.0, 10.0, 0.0, -14.0, 14.0, 10.0, 11.0, 9.0, -1.0, 10.0, 0.0]"
1,1791636365.8347204,"[-56.425253999999995, 88.594896, 55.54787999999999, 56.163117, -0.08712299999999118, 73.74131700000001, 38.672808, 40.166955, 56.954136000000005, 88.33122300000002, 55.987335, 55.72366199999999, -1.9328339999999855, 103.36058400000002, 81.56361600000002, 69.43465800000001]","[0.0, 0.0, 2.0, 3.0, 1.0, 0.0, 0.0, 0.0, 1.0, 0.0, 3.0, 3.0, 1.0, 0.0, 0.0, 0.0]","[-10.0, 14.0, 17.0, 15.0, 0.0, 12.0, 9.0, 0.0, 0.0, 14.0, 9.0, 10.0, 9.0, -5.0, 10.0, 2.0]"
1,1791636366.055811,"[-57.040491, 88.594896, 56.338899, 57.129918, -0.08712299999999118, 73.74131700000001, 38.672808, 40.166955, 57.92093700000001, 88.33122300000002, 56.86624499999999, 56.77835400000001, -1.9328339999999855, 103.272693, 81.56361600000002, 69.43465800000001]","[0.0, 0.0, 1.0, 1.0, 1.0, 0.0, 0.0, 1.0, 0.0, 0.0, 1.0, 1.0, 1.0, 1.0, 1.0, 1.0]","[-11.0, 13.0, 17.0, 15.0, 0.0, 11.0, 10.0, 0.0, 0.0, 14.0, 10.0, 11.0, 9.0, -3.0, 9.0, 0.0]"
1,1791636366.2831378,"[-58.622529, 88.594896, 57.21780900000002, 58.008827999999994, -0.08712299999999118, 73.74131700000001, 38.672808, 40.166955, 58.975629, 88.33122300000002, 57.74515500000001, 57.657264, -1.9328339999999855, 103.36058400000002, 81.56361600000002, 69.43465800000001]","[-3.0, 0.0, 1.0, 1.0, 1.0, 0.0, 0.0, 0.0, 1.0, 0.0, 1.0, 2.0, 1.0, 0.0, 0.0, 0.0]","[-10.0, 13.0, 18.0, 15.0, 0.0, 11.0, 10.0, 0.0, 0.0, 14.0, 12.0, 12.0, 9.0, -10.0, 10.0, 0.0]"
1,1791636366.507148,"[-59.149874999999994, 88.594896, 59.06352000000001, 59.327192999999994, -0.08712299999999118, 73.74131700000001, 38.672808, 40.166955, 59.94243, 88.33122300000002, 58.799847, 58.711956000000015, -2.0207249999999988, 103.36058400000002, 81.56361600000002, 69.43465800000001]","[0.0, 1.0, 8.0, 3.0, 1.0, 0.0, 0.0, 1.0, 1.0, 0.0, 4.0, 1.0, 0.0, 1.0, 1.0, 1.0]","[-11.0, 13.0, 15.0, 14.0, 0.0, 11.0, 10.0, 0.0, 0.0, 14.0, 10.0, 11.0, 9.0, -11.0, 10.0, 0.0]"
1,1791636366.7310796,"[-60.55613099999999, 88.77067799999998, 60.82133999999999, 59.327192999999994, -0.08712299999999118, 73.74131700000001, 38.672808, 40.166955, 60.99712199999999, 88.33122300000002, 59.85453900000002, 58.711956000000015, -1.9328339999999855, 103.36058400000002, 81.56361600000002, 69.43465800000001]","[-2.0, 1.0, 3.0, 1.0, 1.0, 1.0, 0.0, 1.0, 1.0, 0.0, 1.0, 1.0, 0.0, 1.0, 0.0, 1.0]","[-9.0, 13.0, 14.0, 15.0, 0.0, 11.0, 10.0, 0.0, 0.0, 14.0, 11.0, 12.0, 9.0, -10.0, 10.0, 0.0]"
1,1791636366.9519646,"[-61.698713999999995, 88.85856899999999, 61.788140999999996, 59.327192999999994, -0.08712299999999118, 73.74131700000001, 38.672808, 40.166955, 61.963922999999994, 88.33122300000002, 61.085013000000004, 58.799847, -1.9328339999999855, 103.36058400000002, 81.56361600000002, 69.43465800000001]","[0.0, 1.0, 1.0, 1.0, 1.0, 0.0, 0.0, 1.0, 1.0, 0.0, 1.0, 1.0, 1.0, 1.0, 0.0, 1.0]","[-10.0, 12.0, 14.0, 15.0, 0.0, 11.0, 10.0, 0.0, 0.0, 13.0, 11.0, 11.0, 9.0, -10.0, 10.0, 0.0]"
1,1791636367.179087,"[-62.665515, 88.85856899999999, 62.667051000000015, 59.327192999999994, -0.08712299999999118, 73.74131700000001, 38.672808, 40.166955, 62.930724, 88.33122300000002, 62.227596000000005, 58.799847, -2.0207249999999988, 103.272693, 81.56361600000002, 69.43465800000001]","[-1.0, 1.0, 2.0, 1.0, 1.0, 0.0, 0.0, 1.0, 3.0, 1.0, 4.0, 1.0, 1.0, 0.0, 0.0, 1.0]","[-9.0, 12.0, 14.0, 15.0, 0.0, 10.0, 9.0, 0.0, 0.0, 14.0, 9.0, 11.0, 9.0, -8.0, 9.0, 0.0]"
1,1791636367.4011989,"[-63.720207, 88.85856899999999, 63.80963400000002, 59.327192999999994, -0.08712299999999118, 73.74131700000001, 38.672808, 40.166955, 63.985416000000015, 88.33122300000002, 63.19439700000001, 58.799847, -1.9328339999999855, 103.36058400000002, 81.56361600000002, 69.43465800000001]","[0.0, 1.0, 4.0, 1.0, 1.0, 1.0, 0.0, 1.0, 1.0, 0.0, 2.0, 0.0, 1.0, 0.0, 1.0, 1.0]","[-9.0, 12.0, 14.0, 14.0, 0.0, 10.0, 10.0, 0.0, 0.0, 13.0, 11.0, 10.0, 10.0, -6.0, 10.0, 0.0]"
1,1791636367.6270144,"[-64.86279, 88.85856899999999, 64.600653, 59.327192999999994, -0.08712299999999118, 73.74131700000001, 38.672808, 40.166955, 64.95221699999999, 88.33122300000002, 63.985416000000015, 58.88773800000001, -1.9328339999999855, 103.36058400000002, 81.56361600000002, 69.43465800000001]","[-1.0, 1.0, 1.0, 0.0, 1.0, 0.0, 0.0, 1.0, 1.0, 0.0, 2.0, 1.0, 1.0, 0.0, 0.0, 0.0]","[-9.0, 12.0, 14.0, 14.0, 0.0, 11.0, 10.0, 0.0, 0.0, 15.0, 11.0, 11.0, 10.0, -10.0, 10.0, 0.0]"
1,1791636367.8511598,"[-65.390136, 88.85856899999999, 65.65534500000001, 59.327192999999994, -0.08712299999999118, 73.74131700000001, 38.672808, 40.166955, 65.919018, 88.33122300000002, 64.864326, 58.88773800000001, -1.9328339999999855, 103.36058400000002, 81.56361600000002, 69.346767]","[0.0, 1.0, 2.0, 1.0, 1.0, -1.0, 0.0, 0.0, 1.0, 1.0, 1.0, 1.0, 1.0, 1.0, 0.0, 0.0]","[-10.0, 12.0, 14.0, 14.0, 0.0, 11.0, 10.0, 0.0, 0.0, 13.0, 10.0, 11.0, 9.0, -10.0, 11.0, 4.0]"
1,1791636368.0737972,"[-66.62061, 88.85856899999999, 66.710037, 59.327192999999994, -0.08712299999999118, 73.74131700000001, 38.672808, 40.166955, 66.97371000000001, 88.41911399999998, 65.47956300000001, 58.88773800000001, -1.9328339999999855, 103.36058400000002, 81.56361600000002, 69.43465800000001]","[-1.0, 1.0, 1.0, 1.0, 1.0, 0.0, 0.0, 1.0, 1.0, 1.0, 1.0, 1.0, 1.0, 1.0, 0.0, 1.0]","[-9.0, 12.0, 14.0, 15.0, 0.0, 11.0, 10.0, 0.0, 0.0, 14.0, 13.0, 11.0, 10.0, -10.0, 9.0, 0.0]"
1,1791636368.2989924,"[-67.587411, 89.03435100000002, 67.76472900000002, 59.327192999999994, -0.08712299999999118, 73.829208, 38.672808, 40.166955, 67.94051100000001, 88.41911399999998, 65.83112700000001, 58.88773800000001, -1.9328339999999855, 103.272693, 81.56361600000002, 69.43465800000001]","[-1.0, 2.0, 4.0, 1.0, 1.0, 0.0, 0.0, 1.0, 1.0, 0.0, 1.0, 1.0, 1.0, 0.0, 0.0, 1.0]","[-9.0, 11.0, 14.0, 14.0, 0.0, 11.0, 10.0, 0.0, 0.0, 14.0, 14.0, 11.0, 9.0, -8.0, 10.0, 0.0]"
1,1791636368.5194457,"[-68.466321, 89.21013299999998, 68.73152999999999, 59.327192999999994, -0.08712299999999118, 73.74131700000001, 38.672808, 40.166955, 68.995203, 88.41911399999998, 66.182691, 58.799847, -1.9328339999999855, 103.36058400000002, 81.56361600000002, 69.43465800000001]","[0.0, 1.0, 2.0, 1.0, 1.0, 1.0, 0.0, 0.0, 1.0, 1.0, 3.0, 1.0, 1.0, 0.0, 0.0, 1.0]","[-9.0, 12.0, 14.0, 13.0, 0.0, 11.0, 9.0, 0.0, 0.0, 14.0, 17.0, 12.0, 9.0, -10.0, 10.0, 0.0]"
1,1791636368.7441304,"[-69.521013, 89.21013299999998, 69.522549, 59.327192999999994, -0.08712299999999118, 73.829208, 38.672808, 40.166955, 69.96200400000001, 88.50700499999999, 66.44636400000002, 58.799847, -1.9328339999999855, 103.36058400000002, 81.56361600000002, 69.43465800000001]","[-1.0, 1.0, 1.0, 1.0, 1.0, 1.0, 0.0, 1.0, 1.0, 2.0, 1.0, 0.0, 1.0, 1.0, 0.0, 1.0]","[-10.0, 10.0, 15.0, 14.0, 0.0, 11.0, 10.0, 0.0, 0.0, 12.0, 21.0, 11.0, 9.0, -10.0, 9.0, 0.0]"
1,1791636368.9709132,"[-70.399923, 89.298024, 70.40145900000002, 59.327192999999994, -0.08712299999999118, 73.829208, 38.672808, 40.166955, 70.92880500000001, 88.594896, 66.97371000000001, 58.799847, -1.9328339999999855, 103.36058400000002, 81.56361600000002, 69.43465800000001]","[-2.0, 1.0, 1.0, 1.0, 1.0, 1.0, 0.0, 1.0, 1.0, 1.0, 2.0, 0.0, 1.0, 1.0, 0.0, 1.0]","[-10.0, 12.0, 14.0, 14.0, 0.0, 11.0, 9.0, 0.0, 0.0, 12.0, 22.0, 11.0, 9.0, -10.0, 10.0, 0.0]"
1,1791636369.1950178,"[-71.19094199999999, 89.298024, 71.456151, 59.327192999999994, -0.08712299999999118, 73.829208, 38.672808, 40.166955, 71.983497, 88.68278700000002, 67.32527400000001, 58.799847, -2.0207249999999988, 103.36058400000002, 81.56361600000002, 69.43465800000001]","[0.0, 1.0, 3.0, 1.0, 1.0, 1.0, 0.0, 1.0, 1.0, 1.0, 2.0, 0.0, 1.0, 0.0, 0.0, 0.0]","[-11.0, 11.0, 14.0, 13.0, 0.0, 10.0, 9.0, 0.0, 0.0, 11.0, 26.0, 11.0, 9.0, -10.0, 11.0, 0.0]"
1,1791636369.4160008,"[-72.333525, 89.298024, 72.24717000000001, 59.327192999999994, -0.08712299999999118, 73.74131700000001, 38.672808, 40.166955, 72.950298, 88.85856899999999, 67.676838, 58.711956000000015, -1.9328339999999855, 103.36058400000002, 81.56361600000002, 69.43465800000001]","[-2.0, 1.0, 1.0, 1.0, 1.0, 0.0, 0.0, 1.0, 1.0, 1.0, 0.0, 1.0, 0.0, 0.0, 0.0, 0.0]","[-10.0, 11.0, 15.0, 13.0, 0.0, 11.0, 10.0, 0.0, 0.0, 12.0, 33.0, 11.0, 9.0, -4.0, 10.0, 0.0]"
1,1791636369.6416652,"[-73.036653, 89.298024, 73.12608, 59.327192999999994, -0.08712299999999118, 73.74131700000001, 38.672808, 40.166955, 73.74131700000001, 88.85856899999999, 67.676838, 58.711956000000015, -2.0207249999999988, 103.36058400000002, 81.56361600000002, 69.43465800000001]","[0.0, 2.0, 2.0, 1.0, 1.0, 1.0, 0.0, 1.0, 1.0, 1.0, 1.0, 0.0, 0.0, 1.0, 0.0, 1.0]","[-10.0, 12.0, 15.0, 14.0, 0.0, 11.0, 9.0, 0.0, 14.0, 12.0, 39.0, 12.0, 9.0, -10.0, 9.0, 0.0]"
1,1791636369.8670363,"[-73.563999, 89.298024, 74.00498999999999, 59.327192999999994, -0.08712299999999118, 73.74131700000001, 38.672808, 40.166955, 73.74131700000001, 88.85856899999999, 67.501056, 58.711956000000015, -2.0207249999999988, 103.36058400000002, 81.56361600000002, 69.43465800000001]","[0.0, 1.0, 1.0, 1.0, 1.0, 0.0, 0.0, 1.0, 1.0, 1.0, 1.0, 0.0, 0.0, 1.0, 0.0, 1.0]","[-12.0, 11.0, 16.0, 14.0, 0.0, 11.0, 10.0, 0.0, 14.0, 0.0, 9.0, 0.0, 9.0, -11.0, 10.0, 0.0]"
1,1791636370.0869486,"[-73.563999, 89.298024, 74.796009, 59.327192999999994, -0.08712299999999118, 73.74131700000001, 38.672808, 40.166955, 73.74131700000001, 88.85856899999999, 67.58894699999999, 58.711956000000015, -1.9328339999999855, 103.36058400000002, 81.56361600000002, 69.43465800000001]","[0.0, 1.0, 1.0, 1.0, 1.0, 0.0, 0.0, 1.0, 1.0, 1.0, 1.0, 0.0, 1.0, 1.0, 0.0, 0.0]","[-12.0, 11.0, 16.0, 14.0, 0.0, 11.0, 9.0, 0.0, 13.0, 0.0, 9.0, 0.0, 10.0, -10.0, 10.0, 0.0]"
1,1791636370.3146772,"[-73.563999, 89.298024, 75.23546400000001, 59.327192999999994, -0.08712299999999118, 73.74131700000001, 38.672808, 40.166955, 73.74131700000001, 88.85856899999999, 67.501056, 58.711956000000015, -1.9328339999999855, 103.36058400000002, 81.56361600000002, 69.43465800000001]","[0.0, 1.0, 1.0, 0.0, 1.0, 0.0, 0.0, 1.0, 1.0, 1.0, 1.0, 0.0, 0.0, 1.0, 0.0, 1.0]","[-12.0, 11.0, 18.0, 13.0, 0.0, 11.0, 10.0, 0.0, 14.0, 0.0, 9.0, 0.0, 10.0, -11.0, 10.0, 0.0]"
1,1791636370.538827,"[-73.739781, 89.298024, 75.587028, 59.327192999999994, -0.08712299999999118, 73.74131700000001, 38.672808, 40.166955, 73.74131700000001, 88.85856899999999, 67.58894699999999, 58.711956000000015, -2.0207249999999988, 103.36058400000002, 81.56361600000002, 69.43465800000001]","[0.0, 1.0, 0.0, 1.0, 1.0, 0.0, 0.0, 1.0, 1.0, 1.0, 1.0, 0.0, 0.0, 1.0, 0.0, 1.0]","[-12.0, 12.0, 20.0, 14.0, 0.0, 11.0, 10.0, 0.0, 14.0, 0.0, 9.0, 0.0, 9.0, -10.0, 10.0, 0.0]"
1,1791636370.7601702,"[-73.739781, 89.298024, 76.02648299999998, 59.23930200000001, -0.08712299999999118, 73.74131700000001, 38.672808, 40.166955, 73.74131700000001, 88.85856899999999, 67.501056, 58.711956000000015, -1.9328339999999855, 103.36058400000002, 81.56361600000002, 69.43465800000001]","[0.0, 1.0, 1.0, 0.0, 1.0, 0.0, 0.0, 1.0, 1.0, 1.0, 0.0, 0.0, 1.0, 0.0, 0.0, 1.0]","[-12.0, 12.0, 26.0, 14.0, 0.0, 11.0, 9.0, 0.0, 13.0, 0.0, 9.0, 0.0, 9.0, -4.0, 9.0, 0.0]"
1,1791636370.9867458,"[-73.82767199999999, 89.298024, 76.37804699999998, 59.23930200000001, -0.08712299999999118, 73.74131700000001, 38.672808, 40.166955, 73.74131700000001, 88.85856899999999, 67.58894699999999, 58.711956000000015, -1.9328339999999855, 103.36058400000002, 81.56361600000002, 69.43465800000001]","[0.0, 1.0, 1.0, 0.0, 1.0, 0.0, 0.0, 1.0, 1.0, 1.0, 1.0, 0.0, 1.0, 1.0, 0.0, 1.0]","[-11.0, 11.0, 28.0, 15.0, 0.0, 11.0, 10.0, 0.0, 13.0, 0.0, 8.0, 0.0, 10.0, -10.0, 10.0, 0.0]"
1,1791636371.209861,"[-73.915563, 89.298024, 76.81750199999999, 59.23930200000001, -0.08712299999999118, 73.829208, 38.672808, 40.166955, 73.74131700000001, 88.85856899999999, 67.58894699999999, 58.711956000000015, -1.9328339999999855, 103.36058400000002, 81.56361600000002, 69.43465800000001]","[0.0, 1.0, 1.0, 0.0, 1.0, 1.0, 0.0, 1.0, 1.0, 1.0, 0.0, 0.0, 0.0, 1.0, 1.0, 1.0]","[-11.0, 11.0, 32.0, 14.0, 0.0, 10.0, 10.0, 0.0, 14.0, 0.0, 9.0, 0.0, 9.0, -11.0, 10.0, 0.0]"
1,1791636371.4322374,"[-73.915563, 89.298024, 77.16906599999999, 59.23930200000001, -0.08712299999999118, 73.74131700000001, 38.672808, 40.166955, 73.74131700000001, 88.85856899999999, 67.501056, 58.711956000000015, -1.9328339999999855, 103.36058400000002, 81.56361600000002, 69.346767]","[0.0, 1.0, 1.0, 1.0, 1.0, 1.0, 0.0, 1.0, 1.0, 1.0, 1.0, 0.0, 0.0, 0.0, 0.0, 1.0]","[-11.0, 11.0, 36.0, 15.0, 0.0, 11.0, 10.0, 0.0, 13.0, 0.0, 9.0, 0.0, 9.0, -11.0, 9.0, 1.0]"
1,1791636371.6563113,"[-73.915563, 89.298024, 77.08117500000003, 59.151410999999996, -0.08712299999999118, 73.74131700000001, 38.672808, 40.166955, 73.74131700000001, 88.85856899999999, 67.501056, 58.711956000000015, -2.0207249999999988, 103.36058400000002, 81.56361600000002, 69.43465800000001]","[0.0, 1.0, 0.0, 0.0, 1.0, 0.0, 0.0, 1.0, 1.0, 1.0, 1.0, 0.0, 0.0, 1.0, 0.0, 1.0]","[0.0, 11.0, 13.0, 14.0, 0.0, 11.0, 9.0, 0.0, 13.0, 0.0, 9.0, 0.0, 9.0, -10.0, 10.0, 0.0]"
2,1791636373.6724443,"[0.0007679999999936626, -5.096910000000008, -1.3175970000000063, -0.2629049999999893, -0.08712299999999118, -5.272692000000006, 0.0007679999999936626, -0.2629049999999893, 0.08865900000000693, -5.272692000000006, -1.3175970000000063, 0.26444100000000503, -1.4054879999999912, 178.243716, 40.07906399999999, 25.66494]","[0.0, 1.0, 1.0, 0.0, 1.0, 1.0, 0.0, 0.0, 1.0, 1.0, 0.0, 0.0, 1.0, 1.0, 1.0, 0.0]","[-9.0, 33.0, 16.0, 13.0, 0.0, 32.0, -10.0, 9.0, -14.0, 35.0, 12.0, -10.0, 13.0, 16.0, -11.0, -15.0]"
2,1791636373.898544,"[0.0007679999999936626, -5.096910000000008, -0.9660330000000101, 0.0007679999999936626, -0.08712299999999118, -5.096910000000008, 0.6160050000000012, -0.08712299999999118, 0.08865900000000693, -5.272692000000006, -1.1418150000000082, 0.3523319999999899, -1.4054879999999912, 177.98004300000002, 40.166955, 25.752831000000015]","[0.0, 1.0, 1.0, 1.0, 0.0, 1.0, 1.0, 1.0, 0.0, 1.0, 1.0, 1.0, 1.0, 0.0, 1.0, 1.0]","[-8.0, 41.0, 18.0, 15.0, 0.0, 50.0, 10.0, 12.0, -14.0, 45.0, 14.0, 11.0, 16.0, -13.0, 11.0, 13.0]"
2,1791636374.1225255,"[0.0007679999999936626, -4.833236999999997, -0.08712299999999118, 0.44022300000000314, -0.08712299999999118, -3.866435999999993, 1.2312420000000088, 0.08865900000000693, 0.08865900000000693, -5.272692000000006, -0.7023599999999988, 0.6160050000000012, -1.4054879999999912, 177.62847900000003, 40.518519, 26.368067999999994]","[0.0, 1.0, 1.0, 1.0, 0.0, 2.0, 1.0, 1.0, 1.0, 1.0, 1.0, 1.0, 1.0, 0.0, 1.0, 2.0]","[-8.0, 48.0, 19.0, 16.0, 0.0, 56.0, 11.0, 14.0, -14.0, 55.0, 16.0, 12.0, 21.0, -24.0, 13.0, 14.0]"
2,1791636374.3464584,"[0.0007679999999936626, -4.833236999999997, 0.8796780000000126, 1.407024000000007, -0.08712299999999118, -3.339089999999999, 1.846478999999988, 1.407024000000007, 0.08865900000000693, -4.657454999999999, -0.4386869999999874, 0.6160050000000012, -1.4054879999999912, 176.310114, 41.39742899999999, 27.159087]","[0.0, 0.0, 1.0, 1.0, 1.0, 5.0, 1.0, 3.0, 0.0, 1.0, 4.0, 1.0, 1.0, -3.0, 4.0, 1.0]","[-9.0, 59.0, 19.0, 17.0, 0.0, 67.0, 12.0, 13.0, -14.0, 59.0, 17.0, 15.0, 25.0, -34.0, 12.0, 15.0]"
2,1791636374.5704243,"[0.0007679999999936626, -3.690653999999995, 1.7585880000000031, 2.3738250000000107, -0.08712299999999118, 0.17654999999999177, 2.813279999999992, 2.1980430000000126, 0.08865900000000693, -4.042217999999991, 1.2312420000000088, 1.9343700000000013, -1.3175970000000063, 173.14603799999998, 42.188447999999994, 28.03799699999999]","[0.0, 6.0, 2.0, 1.0, 0.0, 7.0, 3.0, 1.0, 0.0, 1.0, 3.0, 5.0, 1.0, -4.0, 1.0, 1.0]","[-9.0, 53.0, 20.0, 16.0, 0.0, 54.0, 12.0, 13.0, -14.0, 65.0, 16.0, 13.0, 34.0, -34.0, 13.0, 16.0]"
2,1791636374.7913465,"[0.0007679999999936626, -3.514871999999997, 2.813279999999992, 3.2527350000000013, -0.08712299999999118, 1.582806000000005, 3.164843999999988, 3.3406260000000145, 0.08865900000000693, -4.042217999999991, 2.0222610000000145, 2.901171000000005, -1.3175970000000063, 169.80617999999998, 42.979467, 29.268471000000005]","[0.0, 1.0, 2.0, 1.0, 1.0, 1.0, 4.0, 4.0, 1.0, 1.0, 4.0, 2.0, 1.0, -5.0, 1.0, 3.0]","[-9.0, 66.0, 18.0, 16.0, 0.0, 65.0, 14.0, 13.0, -14.0, 76.0, 16.0, 14.0, 41.0, -34.0, 14.0, 14.0]"
2,1791636375.0154753,"[0.0007679999999936626, -3.514871999999997, 3.7800809999999956, 4.483208999999988, -0.08712299999999118, 3.6921900000000107, 4.483208999999988, 4.30742699999999, 0.08865900000000693, -2.28439800000001, 2.98906199999999, 4.043754000000007, 0.6160050000000012, 168.31203299999999, 44.38572300000001, 30.147380999999996]","[0.0, 1.0, 3.0, 2.0, 0.0, 5.0, 2.0, 1.0, 1.0, 1.0, 4.0, 1.0, 6.0, 0.0, 3.0, 2.0]","[-9.0, 76.0, 19.0, 16.0, 0.0, 64.0, 13.0, 13.0, -14.0, 68.0, 17.0, 13.0, 31.0, -44.0, 14.0, 14.0]"
2,1791636375.2396834,"[0.0007679999999936626, -0.4386869999999874, 4.834773000000013, 5.450009999999992, -0.08712299999999118, 5.9773560000000145, 5.362119000000007, 5.186337000000009, 0.08865900000000693, -0.35079600000000255, 4.131644999999992, 4.834773000000013, 1.6706969999999899, 164.53271999999998, 45.440415, 31.114182]","[0.0, 7.0, 4.0, 3.0, 1.0, 7.0, 4.0, 1.0, 1.0, 6.0, 4.0, 1.0, 1.0, -6.0, 1.0, 2.0]","[-9.0, 51.0, 20.0, 16.0, 0.0, 55.0, 15.0, 14.0, -14.0, 52.0, 16.0, 14.0, 31.0, -35.0, 13.0, 15.0]"
2,1791636375.4649012,"[0.0007679999999936626, -0.2629049999999893, 5.889465000000001, 6.592592999999994, -0.08712299999999118, 6.2410289999999975, 6.2410289999999975, 6.416810999999996, 0.08865900000000693, -0.08712299999999118, 5.098445999999996, 6.153138000000013, 2.813279999999992, 161.280753, 46.67088899999999, 32.16887399999999]","[0.0, 1.0, 1.0, 3.0, 0.0, 1.0, 5.0, 4.0, 1.0, 1.0, 1.0, 3.0, 4.0, -8.0, 4.0, 1.0]","[-9.0, 65.0, 19.0, 16.0, 0.0, 70.0, 13.0, 12.0, -15.0, 66.0, 17.0, 14.0, 30.0, -33.0, 12.0, 14.0]"
2,1791636375.6886516,"[0.0007679999999936626, -0.2629049999999893, 5.889465000000001, 7.383611999999999, -0.08712299999999118, 10.020342, 7.207830000000001, 7.2957210000000146, 0.08865900000000693, -0.08712299999999118, 5.9773560000000145, 7.032048000000003, 2.98906199999999, 158.204568, 47.37401700000001, 33.223566000000005]","[0.0, 1.0, 1.0, 1.0, 0.0, 5.0, 1.0, 1.0, 1.0, 1.0, 1.0, 1.0, 1.0, -3.0, 1.0, 3.0]","[-8.0, 75.0, 25.0, 16.0, 0.0, 52.0, 14.0, 12.0, -14.0, 77.0, 17.0, 14.0, 34.0, -34.0, 12.0, 15.0]"
2,1791636375.914249,"[0.0007679999999936626, 2.1980430000000126, 7.910957999999994, 8.350413000000003, -0.08712299999999118, 11.426598000000013, 8.26252199999999, 8.526195000000001, 0.08865900000000693, 0.26444100000000503, 7.032048000000003, 7.998849000000007, 5.010555000000011, 155.304165, 48.34081800000001, 34.278257999999994]","[0.0, 7.0, 3.0, 3.0, 0.0, 4.0, 2.0, 3.0, 1.0, 6.0, 3.0, 4.0, 5.0, -5.0, 2.0, 2.0]","[-9.0, 54.0, 19.0, 16.0, 0.0, 66.0, 13.0, 12.0, -14.0, 76.0, 16.0, 13.0, 29.0, -36.0, 13.0, 14.0]"
2,1791636376.1383493,"[0.0007679999999936626, 2.813279999999992, 8.877758999999998, 9.492996000000005, -0.08712299999999118, 13.448091000000005, 9.317214000000007, 9.405104999999992, 0.08865900000000693, 3.4285169999999994, 7.910957999999994, 8.96565000000001, 6.2410289999999975, 152.31587100000002, 49.571292, 35.33295000000001]","[0.0, 4.0, 4.0, 1.0, 1.0, 9.0, 2.0, 1.0, 0.0, 7.0, 6.0, 1.0, 3.0, -5.0, 3.0, 3.0]","[-9.0, 59.0, 19.0, 16.0, 0.0, 58.0, 13.0, 13.0, -15.0, 55.0, 17.0, 14.0, 26.0, -34.0, 13.0, 14.0]"
2,1791636376.362299,"[0.0007679999999936626, 3.7800809999999956, 9.756668999999988, 10.547687999999994, -0.08712299999999118, 15.996929999999992, 10.28401500000001, 10.371905999999996, 0.08865900000000693, 4.219536000000005, 8.789868000000013, 9.932451000000015, 6.328920000000011, 150.20648699999998, 50.362311000000005, 36.21186]","[0.0, 2.0, 1.0, 3.0, 1.0, 4.0, 2.0, 3.0, 1.0, 1.0, 1.0, 2.0, 1.0, 0.0, 1.0, 2.0]","[-9.0, 58.0, 20.0, 17.0, 0.0, 58.0, 14.0, 14.0, -13.0, 60.0, 17.0, 14.0, 33.0, -42.0, 14.0, 14.0]"
2,1791636376.5829563,"[0.0007679999999936626, 3.867972000000009, 10.723469999999992, 11.426598000000013, -0.08712299999999118, 17.578968000000003, 10.28401500000001, 11.250816000000015, 0.08865900000000693, 4.219536000000005, 9.668778000000003, 10.89925199999999, 8.438303999999988, 147.13030200000003, 51.50489400000001, 37.354443]","[0.0, 1.0, 3.0, 4.0, 0.0, 9.0, 1.0, 2.0, 1.0, 0.0, 1.0, 1.0, 5.0, -2.0, 4.0, 3.0]","[-9.0, 72.0, 19.0, 17.0, 0.0, 54.0, 16.0, 14.0, -14.0, 71.0, 17.0, 14.0, 27.0, -42.0, 12.0, 14.0]"
2,1791636376.8102782,"[0.0007679999999936626, 5.713683000000003, 11.690270999999996, 12.305508000000003, -0.08712299999999118, 20.12780699999999, 12.21761699999999, 12.305508000000003, 0.08865900000000693, 6.2410289999999975, 10.89925199999999, 11.953944000000007, 9.141432000000009, 143.43887999999998, 52.47169500000001, 38.233352999999994]","[0.0, 7.0, 1.0, 1.0, 1.0, 3.0, 1.0, 1.0, 1.0, 5.0, 2.0, 3.0, 1.0, -8.0, 3.0, 1.0]","[-9.0, 63.0, 20.0, 17.0, 0.0, 56.0, 14.0, 13.0, -14.0, 58.0, 19.0, 14.0, 31.0, -33.0, 13.0, 14.0]"
2,1791636377.03154,"[0.0007679999999936626, 7.207830000000001, 12.569181000000015, 13.184417999999994, -0.08712299999999118, 21.358281000000005, 13.272309000000007, 13.448091000000005, 0.08865900000000693, 6.328920000000011, 10.89925199999999, 13.008635999999996, 9.932451000000015, 140.538477, 53.438496000000015, 39.46382700000001]","[0.0, 8.0, 1.0, 1.0, 1.0, 8.0, 3.0, 2.0, 1.0, 1.0, 1.0, 4.0, 9.0, -2.0, 2.0, 1.0]","[-8.0, 53.0, 20.0, 17.0, 0.0, 61.0, 14.0, 14.0, -14.0, 70.0, 24.0, 12.0, 28.0, -39.0, 13.0, 14.0]"
2,1791636377.2571452,"[0.0007679999999936626, 7.647285000000011, 13.799655000000001, 14.327000999999996, -0.08712299999999118, 24.346575, 14.327000999999996, 14.414892000000009, 0.08865900000000693, 6.328920000000011, 12.744963000000013, 13.799655000000001, 11.60238000000001, 137.198619, 54.66897, 40.43062800000001]","[0.0, 1.0, 3.0, 2.0, 1.0, 4.0, 3.0, 1.0, 1.0, 1.0, 4.0, 2.0, 1.0, -1.0, 3.0, 2.0]","[-9.0, 66.0, 20.0, 16.0, 0.0, 54.0, 13.0, 12.0, -14.0, 84.0, 17.0, 14.0, 28.0, -34.0, 12.0, 13.0]"
2,1791636377.4817061,"[0.0007679999999936626, 9.229322999999994, 14.678564999999992, 15.381693000000013, -0.08712299999999118, 26.368067999999994, 15.381693000000013, 15.733257000000009, 0.08865900000000693, 9.492996000000005, 13.53598199999999, 14.23911000000001, 11.690270999999996, 133.85876100000002, 55.635771000000005, 41.48532]","[0.0, 10.0, 1.0, 2.0, 1.0, 5.0, 1.0, 4.0, 1.0, 10.0, 1.0, 6.0, 0.0, -7.0, 1.0, 3.0]","[-9.0, 53.0, 20.0, 16.0, 0.0, 52.0, 13.0, 13.0, -14.0, 54.0, 19.0, 15.0, 31.0, -30.0, 12.0, 14.0]"
2,1791636377.7032368,"[0.0007679999999936626, 9.668778000000003, 15.733257000000009, 16.260603000000003, -0.08712299999999118, 28.30167, 16.524276000000015, 16.787948999999998, 0.08865900000000693, 9.492996000000005, 14.766456000000005, 15.909039000000007, 13.623873000000003, 130.60679399999998, 56.690462999999994, 42.36422999999999]","[0.0, 1.0, 2.0, 1.0, 1.0, 1.0, 3.0, 4.0, 1.0, 1.0, 3.0, 3.0, 4.0, -4.0, 3.0, 1.0]","[-9.0, 65.0, 19.0, 16.0, 0.0, 55.0, 13.0, 12.0, -14.0, 68.0, 17.0, 16.0, 25.0, -30.0, 12.0, 14.0]"
2,1791636377.9277608,"[0.0007679999999936626, 9.668778000000003, 16.787948999999998, 17.139512999999994, -0.08712299999999118, 30.05949000000001, 17.403186000000005, 17.75475, 0.08865900000000693, 9.492996000000005, 15.996929999999992, 16.17271199999999, 13.711763999999988, 127.53060900000003, 57.833045999999996, 43.41892200000001]","[0.0, 0.0, 1.0, 4.0, 1.0, 1.0, 6.0, 2.0, 1.0, 1.0, 3.0, 4.0, 1.0, -1.0, 2.0, 1.0]","[-9.0, 80.0, 20.0, 16.0, 0.0, 58.0, 13.0, 13.0, -14.0, 81.0, 17.0, 15.0, 32.0, -27.0, 13.0, 14.0]"
2,1791636378.1514041,"[0.0007679999999936626, 10.459797000000009, 17.930532, 18.106313999999998, -0.08712299999999118, 32.432547, 18.36998700000001, 18.545769000000007, 0.08865900000000693, 10.020342, 16.787948999999998, 17.930532, 15.733257000000009, 124.80598800000001, 58.975629, 44.38572300000001]","[0.0, 10.0, 3.0, 1.0, 1.0, 7.0, 1.0, 2.0, 1.0, 2.0, 5.0, 2.0, 5.0, -4.0, 3.0, 1.0]","[-9.0, 67.0, 19.0, 17.0, 0.0, 55.0, 13.0, 12.0, -14.0, 88.0, 17.0, 13.0, 26.0, -31.0, 12.0, 14.0]"
2,1791636378.375386,"[0.0007679999999936626, 12.92074500000001, 18.985223999999988, 19.248897, -0.08712299999999118, 34.45403999999999, 19.248897, 19.68835200000001, 0.08865900000000693, 13.008635999999996, 18.106313999999998, 18.80944199999999, 16.700058000000013, 122.34503999999998, 60.118212, 45.528306000000015]","[0.0, 1.0, 4.0, 2.0, 1.0, 1.0, 2.0, 2.0, 1.0, 13.0, 4.0, 2.0, 1.0, -2.0, 4.0, 2.0]","[-9.0, 58.0, 18.0, 17.0, 0.0, 55.0, 14.0, 12.0, -14.0, 55.0, 16.0, 13.0, 25.0, -32.0, 11.0, 13.0]"
2,1791636378.6020608,"[0.0007679999999936626, 13.008635999999996, 19.952024999999992, 20.215698000000003, -0.08712299999999118, 36.914987999999994, 20.215698000000003, 20.655153000000013, 0.08865900000000693, 14.151218999999998, 18.985223999999988, 19.864134000000007, 17.842641000000015, 118.47783600000002, 61.260795, 46.49510699999999]","[0.0, 1.0, 2.0, 3.0, 1.0, 6.0, 1.0, 1.0, 1.0, 1.0, 1.0, 4.0, 1.0, -4.0, 3.0, 3.0]","[-8.0, 74.0, 19.0, 16.0, 0.0, 51.0, 14.0, 13.0, -14.0, 61.0, 17.0, 14.0, 26.0, -28.0, 11.0, 14.0]"
2,1791636378.8230202,"[0.0007679999999936626, 13.008635999999996, 21.00671700000001, 21.358281000000005, -0.08712299999999118, 38.84859, 21.00671700000001, 21.534063000000003, 0.08865900000000693, 14.151218999999998, 20.215698000000003, 21.00671700000001, 17.842641000000015, 115.05008700000002, 62.13970499999999, 47.54979900000001]","[0.0, 1.0, 2.0, 2.0, 1.0, 6.0, 2.0, 1.0, 1.0, 1.0, 1.0, 3.0, 1.0, -7.0, 1.0, 3.0]","[-8.0, 84.0, 19.0, 16.0, 0.0, 44.0, 15.0, 12.0, -14.0, 72.0, 17.0, 13.0, 29.0, -24.0, 11.0, 13.0]"
2,1791636379.0500844,"[0.0007679999999936626, 15.733257000000009, 22.061408999999998, 22.237190999999996, -0.08712299999999118, 40.95797400000001, 21.885627, 22.76453699999999, 0.08865900000000693, 14.151218999999998, 21.00671700000001, 22.14930000000001, 20.215698000000003, 112.06179300000002, 63.45806999999999, 48.51660000000001]","[0.0, 9.0, 1.0, 2.0, 1.0, 7.0, 2.0, 1.0, 1.0, 0.0, 1.0, 2.0, 5.0, -4.0, 4.0, 2.0]","[-9.0, 60.0, 18.0, 17.0, 0.0, 44.0, 16.0, 12.0, -15.0, 86.0, 18.0, 13.0, 21.0, -25.0, 11.0, 14.0]"
2,1791636379.273104,"[0.0007679999999936626, 16.963730999999996, 22.852428000000003, 23.203992, -0.08712299999999118, 43.06735800000001, 22.588754999999992, 23.555555999999996, 0.08865900000000693, 14.23911000000001, 21.534063000000003, 22.76453699999999, 20.39148, 108.897717, 64.51276200000001, 49.39551]","[0.0, 1.0, 1.0, 1.0, 1.0, 3.0, 0.0, 1.0, 1.0, 1.0, 6.0, 1.0, 1.0, -1.0, 3.0, 1.0]","[-9.0, 60.0, 19.0, 16.0, 0.0, 46.0, 16.0, 13.0, -14.0, 99.0, 17.0, 15.0, 26.0, -27.0, 11.0, 14.0]"
2,1791636379.4950862,"[0.0007679999999936626, 16.963730999999996, 23.731337999999994, 24.258683999999988, -0.08712299999999118, 45.87987000000001, 23.64344700000001, 24.78603000000001, 0.08865900000000693, 18.19420500000001, 23.116101000000015, 23.819229000000007, 22.237190999999996, 105.55785900000001, 65.47956300000001, 50.362311000000005]","[0.0, 1.0, 1.0, 1.0, 1.0, 11.0, 3.0, 2.0, 1.0, 18.0, 2.0, 3.0, 4.0, -6.0, 3.0, 3.0]","[-9.0, 72.0, 20.0, 16.0, 0.0, 37.0, 16.0, 13.0, -14.0, 52.0, 16.0, 14.0, 20.0, -22.0, 11.0, 13.0]"
2,1791636379.7198887,"[0.0007679999999936626, 19.161006000000015, 24.78603000000001, 25.313376000000005, -0.08712299999999118, 47.63768999999999, 24.96181200000001, 25.752831000000015, 0.08865900000000693, 18.985223999999988, 24.170793000000003, 25.313376000000005, 23.203992, 102.21800100000002, 66.710037, 51.417002999999994]","[0.0, 4.0, 2.0, 2.0, 1.0, 1.0, 4.0, 2.0, 1.0, 1.0, 4.0, 3.0, 1.0, -4.0, 1.0, 2.0]","[-9.0, 56.0, 20.0, 16.0, 0.0, 43.0, 15.0, 12.0, -15.0, 64.0, 17.0, 12.0, 21.0, -19.0, 10.0, 14.0]"
2,1791636379.9432201,"[0.0007679999999936626, 19.336788000000013, 25.752831000000015, 26.368067999999994, -0.08712299999999118, 49.13183699999999, 25.840722, 26.895413999999988, 0.08865900000000693, 18.985223999999988, 25.137594000000007, 26.192285999999996, 23.379773999999998, 101.42698200000001, 66.710037, 51.417002999999994]","[0.0, 1.0, 2.0, 1.0, 1.0, 1.0, 1.0, 4.0, 1.0, 1.0, 1.0, 2.0, 0.0, 0.0, 2.0, 1.0]","[-9.0, 69.0, 20.0, 18.0, 0.0, 51.0, 15.0, 11.0, -15.0, 77.0, 17.0, 13.0, 26.0, -35.0, 13.0, 16.0]"
2,1791636380.1699798,"[0.0007679999999936626, 19.336788000000013, 26.631741000000005, 27.42276000000001, -0.08712299999999118, 51.856458, 27.071196000000015, 27.42276000000001, 0.08865900000000693, 21.534063000000003, 26.016503999999998, 27.42276000000001, 23.379773999999998, 100.635963, 66.710037, 51.417002999999994]","[0.0, 1.0, 1.0, 3.0, 1.0, 8.0, 3.0, 2.0, 1.0, 11.0, 1.0, 3.0, 1.0, 0.0, 1.0, 0.0]","[-9.0, 81.0, 20.0, 15.0, 0.0, 38.0, 15.0, 13.0, -14.0, 52.0, 17.0, 12.0, 36.0, -60.0, 15.0, 19.0]"
2,1791636380.3943996,"[0.0007679999999936626, 20.39148, 27.510650999999996, 28.389561000000015, -0.08712299999999118, 54.14162400000001, 28.213778999999988, 28.565343000000013, 0.08865900000000693, 23.555555999999996, 27.246978000000013, 28.477452, 23.379773999999998, 97.47188699999998, 66.534255, 51.32911200000001]","[0.0, 15.0, 1.0, 1.0, 1.0, 3.0, 1.0, 3.0, 1.0, 3.0, 3.0, 3.0, 1.0, -11.0, 0.0, -1.0]","[-9.0, 64.0, 21.0, 17.0, 0.0, 37.0, 15.0, 12.0, -14.0, 46.0, 17.0, 12.0, 46.0, -51.0, 21.0, 26.0]"
2,1791636380.6158383,"[0.0007679999999936626, 23.02821, 28.653233999999998, 29.532143999999988, -0.08712299999999118, 56.338899, 29.35636199999999, 29.795817, 0.08865900000000693, 23.555555999999996, 28.125888000000003, 29.532143999999988, 22.76453699999999, 97.73556000000002, 66.358473, 51.241220999999996]","[0.0, 1.0, 1.0, 2.0, 1.0, 4.0, 3.0, 3.0, 1.0, 1.0, 1.0, 3.0, 0.0, 1.0, 0.0, 0.0]","[-8.0, 56.0, 20.0, 15.0, 0.0, 38.0, 14.0, 11.0, -14.0, 57.0, 16.0, 13.0, 11.0, -12.0, 10.0, 13.0]"
2,1791636380.8419843,"[0.0007679999999936626, 23.64344700000001, 29.532143999999988, 30.67472699999999, -0.08712299999999118, 58.448283, 30.586836000000005, 30.762618000000003, 0.08865900000000693, 25.225484999999992, 29.35636199999999, 30.498944999999992, 22.676646000000005, 97.73556000000002, 66.358473, 51.241220999999996]","[0.0, 5.0, 1.0, 2.0, 0.0, 2.0, 3.0, 1.0, 1.0, 6.0, 2.0, 3.0, 0.0, 1.0, 0.0, 0.0]","[-9.0, 57.0, 20.0, 16.0, 0.0, 33.0, 12.0, 12.0, -14.0, 47.0, 17.0, 11.0, 11.0, -12.0, 10.0, 13.0]"
2,1791636381.0659432,"[0.0007679999999936626, 23.907119999999992, 30.67472699999999, 31.729419000000007, -0.08712299999999118, 60.909231000000005, 31.641527999999994, 31.905201000000005, 0.08865900000000693, 25.225484999999992, 30.147380999999996, 31.465745999999996, 22.676646000000005, 97.73556000000002, 66.358473, 51.241220999999996]","[1.0, 1.0, 1.0, 4.0, 1.0, 4.0, 1.0, 2.0, 1.0, 1.0, 1.0, 1.0, 0.0, 1.0, 0.0, 0.0]","[-9.0, 69.0, 19.0, 15.0, 0.0, 32.0, 12.0, 12.0, -14.0, 60.0, 17.0, 12.0, 10.0, -12.0, 10.0, 13.0]"
2,1791636381.2898436,"[0.0007679999999936626, 26.71963199999999, 31.729419000000007, 32.52043800000001, -0.08712299999999118, 63.282287999999994, 32.69622000000001, 32.784110999999996, 0.08865900000000693, 25.40126699999999, 31.026291000000015, 32.256765, 22.676646000000005, 97.73556000000002, 66.358473, 51.241220999999996]","[1.0, 11.0, 4.0, 2.0, 0.0, 6.0, 4.0, 3.0, 1.0, 3.0, 1.0, 1.0, 0.0, 1.0, 0.0, 0.0]","[-9.0, 45.0, 19.0, 17.0, 0.0, 27.0, 12.0, 12.0, -14.0, 61.0, 17.0, 14.0, 11.0, -12.0, 9.0, 13.0]"
2,1791636381.5104918,"[0.0007679999999936626, 27.159087, 32.959892999999994, 33.750912, 0.0007679999999936626, 65.919018, 34.01458500000001, 34.01458500000001, 0.08865900000000693, 28.565343000000013, 32.344656000000015, 33.399348, 22.676646000000005, 97.73556000000002, 66.358473, 51.241220999999996]","[0.0, 0.0, 4.0, 4.0, 1.0, 5.0, 4.0, 4.0, 1.0, 1.0, 1.0, 2.0, 0.0, 1.0, 0.0, 0.0]","[-9.0, 59.0, 19.0, 16.0, -6.0, 27.0, 11.0, 12.0, -14.0, 45.0, 16.0, 12.0, 10.0, -12.0, 10.0, 13.0]"
2,1791636381.7373734,"[0.0007679999999936626, 28.91690700000001, 33.83880300000001, 34.62982199999999, -0.08712299999999118, 67.76472900000002, 34.981386000000015, 34.981386000000015, 0.08865900000000693, 28.653233999999998, 33.48723899999999, 34.45403999999999, 22.676646000000005, 97.73556000000002, 66.358473, 51.241220999999996]","[1.0, 5.0, 1.0, 1.0, 0.0, 4.0, 4.0, 2.0, 1.0, 1.0, 3.0, 3.0, 0.0, 1.0, 0.0, 0.0]","[-8.0, 50.0, 20.0, 17.0, 0.0, 25.0, 11.0, 11.0, -14.0, 55.0, 15.0, 11.0, 11.0, -11.0, 11.0, 13.0]"
2,1791636381.9593008,"[0.0007679999999936626, 29.004797999999994, 34.981386000000015, 35.68451400000001, -0.08712299999999118, 70.04989499999999, 36.21186, 35.94818699999999, 0.08865900000000693, 28.653233999999998, 34.45403999999999, 35.15716800000001, 22.676646000000005, 97.73556000000002, 66.358473, 51.241220999999996]","[1.0, 2.0, 3.0, 2.0, 1.0, 6.0, 4.0, 1.0, 1.0, 1.0, 2.0, 1.0, 0.0, 1.0, 0.0, 0.0]","[-9.0, 55.0, 18.0, 15.0, -1.0, 25.0, 11.0, 12.0, -14.0, 67.0, 16.0, 14.0, 11.0, -11.0, 9.0, 12.0]"
2,1791636382.1831598,"[0.0007679999999936626, 31.37785500000001, 36.21186, 36.739205999999996, -0.08712299999999118, 72.335061, 37.354443, 36.914987999999994, 0.08865900000000693, 28.653233999999998, 35.50873200000001, 36.387642, 22.676646000000005, 97.73556000000002, 66.358473, 51.241220999999996]","[0.0, 1.0, 4.0, 2.0, 1.0, 5.0, 2.0, 1.0, 1.0, 1.0, 3.0, 4.0, 0.0, 1.0, 0.0, 0.0]","[-8.0, 47.0, 18.0, 16.0, 0.0, 19.0, 11.0, 11.0, -15.0, 80.0, 16.0, 12.0, 10.0, -12.0, 10.0, 13.0]"
2,1791636382.4097438,"[0.0007679999999936626, 31.37785500000001, 37.178661000000005, 37.530225, -0.08712299999999118, 73.74131700000001, 37.881789, 37.618116000000015, 0.08865900000000693, 32.608329, 36.47553300000001, 37.178661000000005, 22.676646000000005, 97.73556000000002, 66.358473, 51.241220999999996]","[1.0, 1.0, 1.0, 1.0, 0.0, 1.0, 1.0, 1.0, 1.0, 10.0, 3.0, 2.0, 0.0, 1.0, 0.0, 0.0]","[-8.0, 57.0, 18.0, 17.0, 0.0, 27.0, 11.0, 12.0, -13.0, 40.0, 17.0, 13.0, 11.0, -12.0, 10.0, 13.0]"
2,1791636382.6337457,"[0.0007679999999936626, 32.87200200000001, 38.32124400000001, 38.40913499999999, -0.08712299999999118, 74.444445, 37.96968000000001, 37.96968000000001, 0.08865900000000693, 32.69622000000001, 37.354443, 38.40913499999999, 22.676646000000005, 97.73556000000002, 66.358473, 51.241220999999996]","[1.0, 10.0, 4.0, 1.0, 1.0, 1.0, 0.0, -1.0, 1.0, 1.0, 1.0, 2.0, 0.0, 1.0, 0.0, 0.0]","[-8.0, 45.0, 17.0, 16.0, 0.0, 35.0, 15.0, 14.0, -14.0, 54.0, 15.0, 12.0, 11.0, -12.0, 10.0, 13.0]"
2,1791636382.855954,"[0.0007679999999936626, 34.45403999999999, 39.28804500000001, 39.28804500000001, -0.17501400000000444, 74.796009, 38.14546200000001, 38.497026000000005, 0.08865900000000693, 32.784110999999996, 38.58491699999999, 39.024372, 22.676646000000005, 97.73556000000002, 66.358473, 51.241220999999996]","[0.0, 3.0, 1.0, 1.0, 0.0, 0.0, 1.0, 0.0, 1.0, 1.0, 2.0, 3.0, 0.0, 1.0, 0.0, 0.0]","[-8.0, 46.0, 18.0, 16.0, 11.0, 52.0, 19.0, 16.0, -14.0, 64.0, 15.0, 12.0, 11.0, -12.0, 10.0, 13.0]"
2,1791636383.079252,"[-0.08712299999999118, 35.50873200000001, 40.518519, 40.60641000000001, -0.17501400000000444, 75.587028, 38.14546200000001, 38.672808, 0.08865900000000693, 35.15716800000001, 39.46382700000001, 40.342737, 22.676646000000005, 97.73556000000002, 66.358473, 51.241220999999996]","[0.0, 2.0, 4.0, 2.0, 0.0, 1.0, 1.0, 1.0, 0.0, 10.0, 1.0, 2.0, 0.0, 1.0, 0.0, 0.0]","[0.0, 45.0, 17.0, 16.0, 11.0, 67.0, 25.0, 20.0, -14.0, 44.0, 15.0, 13.0, 11.0, -11.0, 11.0, 13.0]"
2,1791636383.3059852,"[-0.08712299999999118, 36.387642, 41.661102, 41.309538, -0.17501400000000444, 75.587028, 38.14546200000001, 38.76069899999999, 0.08865900000000693, 36.914987999999994, 40.870082999999994, 41.573211000000015, 22.676646000000005, 97.73556000000002, 66.358473, 51.241220999999996]","[1.0, 4.0, 4.0, 1.0, 0.0, 1.0, 1.0, 0.0, 1.0, 1.0, 3.0, 4.0, 0.0, 1.0, 0.0, 0.0]","[-2.0, 45.0, 16.0, 18.0, 11.0, 93.0, 32.0, 24.0, -15.0, 41.0, 13.0, 12.0, 11.0, -12.0, 10.0, 13.0]"
2,1791636383.5273204,"[-0.08712299999999118, 37.178661000000005, 42.627903, 42.627903, -0.17501400000000444, 74.971791, 38.057570999999996, 38.672808, 0.17654999999999177, 37.00287900000001, 41.92477500000001, 42.452121000000005, 22.676646000000005, 97.73556000000002, 66.358473, 51.241220999999996]","[0.0, 5.0, 1.0, 4.0, 0.0, 0.0, 0.0, 1.0, 1.0, 0.0, 1.0, 4.0, 1.0, 1.0, 0.0, 0.0]","[0.0, 45.0, 16.0, 15.0, 11.0, 11.0, 10.0, 10.0, -14.0, 52.0, 14.0, 12.0, 11.0, -12.0, 10.0, 13.0]"
2,1791636383.7536807,"[-0.08712299999999118, 37.79389800000001, 43.68259499999999, 43.41892200000001, -0.17501400000000444, 74.971791, 38.057570999999996, 38.672808, 0.17654999999999177, 37.96968000000001, 42.979467, 43.68259499999999, 22.676646000000005, 97.73556000000002, 66.358473, 51.241220999999996]","[0.0, 0.0, 1.0, 2.0, 0.0, 0.0, 0.0, 0.0, 0.0, 9.0, 4.0, 2.0, 1.0, 1.0, 0.0, 0.0]","[0.0, 50.0, 16.0, 16.0, 12.0, 11.0, 9.0, 11.0, -14.0, 47.0, 13.0, 11.0, 11.0, -12.0, 11.0, 13.0]"
2,1791636383.9739785,"[-0.08712299999999118, 39.90328199999999, 44.73728700000001, 44.73728700000001, -0.17501400000000444, 74.971791, 38.057570999999996, 38.672808, 0.08865900000000693, 39.551717999999994, 44.209941000000015, 44.825177999999994, 22.676646000000005, 97.73556000000002, 66.358473, 51.241220999999996]","[0.0, 7.0, 1.0, 4.0, 0.0, 1.0, 0.0, 0.0, 1.0, 7.0, 3.0, 3.0, 1.0, 1.0, 1.0, 0.0]","[0.0, 38.0, 16.0, 15.0, 11.0, 11.0, 9.0, 10.0, -14.0, 43.0, 13.0, 11.0, 11.0, -12.0, 10.0, 13.0]"
2,1791636384.19841,"[-0.08712299999999118, 40.342737, 45.791979, 45.791979, -0.17501400000000444, 74.971791, 38.057570999999996, 38.672808, 0.08865900000000693, 41.22164699999999, 45.088851000000005, 45.791979, 22.676646000000005, 97.73556000000002, 66.358473, 51.241220999999996]","[0.0, 1.0, 2.0, 1.0, 0.0, 1.0, 0.0, 0.0, 1.0, 3.0, 3.0, 5.0, 1.0, 1.0, 1.0, 0.0]","[0.0, 44.0, 15.0, 16.0, 11.0, 10.0, 10.0, 9.0, -13.0, 39.0, 12.0, 11.0, 11.0, -12.0, 10.0, 13.0]"
2,1791636384.4227567,"[-0.08712299999999118, 41.661102, 46.67088899999999, 47.110344, -0.17501400000000444, 74.971791, 38.057570999999996, 38.672808, 0.17654999999999177, 41.22164699999999, 46.05565200000001, 47.02245300000001, 22.676646000000005, 97.73556000000002, 66.358473, 51.241220999999996]","[0.0, 5.0, 1.0, 3.0, 0.0, 1.0, 0.0, 0.0, 1.0, 1.0, 1.0, 4.0, 1.0, 1.0, 1.0, 0.0]","[0.0, 39.0, 16.0, 15.0, 11.0, 11.0, 10.0, 9.0, -14.0, 50.0, 13.0, 10.0, 10.0, -12.0, 10.0, 13.0]"
2,1791636384.648203,"[-0.08712299999999118, 41.836884, 47.81347199999999, 48.077145, -0.17501400000000444, 74.971791, 38.057570999999996, 38.672808, 0.08865900000000693, 43.24314000000001, 47.286125999999996, 47.81347199999999, 22.676646000000005, 97.73556000000002, 66.358473, 51.241220999999996]","[0.0, 1.0, 3.0, 3.0, 0.0, 1.0, 0.0, 0.0, 0.0, 5.0, 2.0, 1.0, 1.0, 1.0, 1.0, 0.0]","[0.0, 50.0, 15.0, 15.0, 11.0, 12.0, 10.0, 9.0, -15.0, 39.0, 12.0, 11.0, 11.0, -13.0, 10.0, 13.0]"
2,1791636384.8735561,"[-0.08712299999999118, 44.473614, 48.780272999999994, 49.219728, -0.17501400000000444, 74.971791, 38.057570999999996, 38.672808, 0.08865900000000693, 44.56150500000001, 48.428709, 48.95605499999999, 22.676646000000005, 97.73556000000002, 66.358473, 51.241220999999996]","[0.0, 6.0, 4.0, 4.0, 0.0, 1.0, 0.0, 0.0, 0.0, 3.0, 3.0, 2.0, 1.0, 1.0, 1.0, 0.0]","[0.0, 31.0, 17.0, 14.0, 11.0, 11.0, 9.0, 9.0, -15.0, 35.0, 11.0, 11.0, 11.0, -12.0, 10.0, 13.0]"
2,1791636385.0950446,"[-0.08712299999999118, 45.616197, 49.747074, 50.45020199999999, -0.17501400000000444, 74.971791, 38.057570999999996, 38.672808, 0.08865900000000693, 44.649395999999996, 49.30761899999999, 49.922855999999996, 22.676646000000005, 97.73556000000002, 66.358473, 51.241220999999996]","[0.0, 0.0, 1.0, 4.0, 0.0, 0.0, 0.0, 0.0, 0.0, 1.0, 1.0, 1.0, 1.0, 1.0, 1.0, 0.0]","[0.0, 36.0, 16.0, 14.0, 11.0, 10.0, 10.0, 10.0, -14.0, 45.0, 12.0, 11.0, 11.0, -12.0, 10.0, 13.0]"
2,1791636385.318598,"[-0.08712299999999118, 45.616197, 50.801766000000015, 51.32911200000001, -0.17501400000000444, 74.971791, 38.057570999999996, 38.672808, 0.08865900000000693, 46.934562, 50.45020199999999, 50.889657, 22.676646000000005, 97.73556000000002, 66.358473, 51.241220999999996]","[0.0, 1.0, 2.0, 3.0, 0.0, 1.0, 0.0, 0.0, 0.0, 3.0, 5.0, 2.0, 1.0, 1.0, 1.0, 0.0]","[0.0, 42.0, 16.0, 14.0, 10.0, 11.0, 9.0, 10.0, -14.0, 33.0, 11.0, 11.0, 11.0, -12.0, 10.0, 13.0]"
2,1791636385.5440798,"[-0.08712299999999118, 47.81347199999999, 51.94434900000002, 52.383804, -0.17501400000000444, 74.971791, 38.057570999999996, 38.672808, 0.08865900000000693, 47.02245300000001, 51.59278499999999, 51.94434900000002, 22.676646000000005, 97.73556000000002, 66.358473, 51.241220999999996]","[0.0, 8.0, 2.0, 1.0, 0.0, 0.0, 0.0, 1.0, 0.0, 1.0, 3.0, 2.0, 1.0, 1.0, 1.0, 0.0]","[0.0, 29.0, 16.0, 15.0, 11.0, 10.0, 9.0, 10.0, -14.0, 42.0, 11.0, 11.0, 10.0, -12.0, 11.0, 13.0]"
2,1791636385.768442,"[-0.08712299999999118, 49.043946000000005, 52.999041000000005, 53.350605, -0.17501400000000444, 74.971791, 38.057570999999996, 38.672808, 0.08865900000000693, 47.02245300000001, 52.559585999999996, 52.91114999999999, 22.676646000000005, 97.73556000000002, 66.358473, 51.241220999999996]","[0.0, 2.0, 3.0, 3.0, 0.0, 0.0, 0.0, 0.0, 0.0, 1.0, 3.0, 4.0, 1.0, 1.0, 1.0, 0.0]","[0.0, 31.0, 16.0, 13.0, 11.0, 11.0, 9.0, 9.0, -13.0, 52.0, 11.0, 11.0, 10.0, -12.0, 10.0, 13.0]"
2,1791636385.9906914,"[-0.08712299999999118, 49.922855999999996, 53.96584200000001, 54.317406000000005, -0.17501400000000444, 74.971791, 38.057570999999996, 38.672808, 0.08865900000000693, 50.362311000000005, 53.61427800000001, 53.79006000000001, 22.676646000000005, 97.73556000000002, 66.358473, 51.241220999999996]","[0.0, 4.0, 3.0, 1.0, 0.0, 1.0, 0.0, 0.0, 0.0, 10.0, 1.0, 1.0, 1.0, 1.0, 1.0, 0.0]","[0.0, 31.0, 15.0, 14.0, 11.0, 11.0, 9.0, 10.0, -14.0, 28.0, 11.0, 11.0, 11.0, -12.0, 10.0, 12.0]"
2,1791636386.217491,"[-0.08712299999999118, 50.18652900000001, 55.196315999999996, 55.372097999999994, -0.17501400000000444, 74.971791, 38.057570999999996, 38.672808, 0.08865900000000693, 51.417002999999994, 54.844752, 55.020534, 22.676646000000005, 97.73556000000002, 66.358473, 51.241220999999996]","[0.0, 1.0, 3.0, 2.0, 0.0, 0.0, 0.0, 0.0, 0.0, 1.0, 1.0, 3.0, 1.0, 1.0, 1.0, 0.0]","[0.0, 39.0, 15.0, 15.0, 11.0, 12.0, 10.0, 9.0, -14.0, 31.0, 11.0, 11.0, 11.0, -12.0, 11.0, 13.0]"
2,1791636386.4376464,"[-0.08712299999999118, 51.680676000000005, 56.075226000000015, 56.338899, -0.17501400000000444, 74.971791, 38.057570999999996, 38.672808, 0.08865900000000693, 51.680676000000005, 55.635771000000005, 55.89944400000002, 22.676646000000005, 97.73556000000002, 66.358473, 51.241220999999996]","[0.0, 9.0, 1.0, 3.0, 0.0, 1.0, 0.0, 0.0, 0.0, 1.0, 1.0, 1.0, 1.0, 1.0, 1.0, 0.0]","[0.0, 30.0, 15.0, 15.0, 11.0, 11.0, 9.0, 10.0, -14.0, 36.0, 11.0, 11.0, 12.0, -12.0, 11.0, 14.0]"
2,1791636386.6652768,"[-0.08712299999999118, 53.438496000000015, 57.21780900000002, 57.129918, -0.17501400000000444, 74.88390000000001, 38.057570999999996, 38.672808, 0.08865900000000693, 52.999041000000005, 56.77835400000001, 56.86624499999999, 22.676646000000005, 97.73556000000002, 66.358473, 51.241220999999996]","[0.0, 1.0, 2.0, 1.0, 0.0, 0.0, 0.0, 1.0, 0.0, 4.0, 4.0, 1.0, 1.0, 1.0, 1.0, 0.0]","[0.0, 29.0, 15.0, 14.0, 11.0, 11.0, 9.0, 10.0, -13.0, 32.0, 11.0, 11.0, 11.0, -11.0, 11.0, 12.0]"
2,1791636386.8893876,"[0.0007679999999936626, 54.756861000000015, 58.36039199999999, 58.008827999999994, -0.17501400000000444, 74.971791, 38.057570999999996, 38.672808, 0.08865900000000693, 52.999041000000005, 57.74515500000001, 58.008827999999994, 22.676646000000005, 97.73556000000002, 66.358473, 51.241220999999996]","[2.0, 4.0, 3.0, 1.0, 0.0, 1.0, 0.0, 0.0, 0.0, 0.0, 2.0, 4.0, 1.0, 1.0, 1.0, 0.0]","[-8.0, 28.0, 14.0, 15.0, 11.0, 11.0, 9.0, 9.0, -14.0, 41.0, 11.0, 11.0, 10.0, -11.0, 10.0, 13.0]"
2,1791636387.1124544,"[-0.08712299999999118, 55.635771000000005, 59.590866000000005, 59.23930200000001, -0.17501400000000444, 74.971791, 38.057570999999996, 38.672808, 0.08865900000000693, 55.635771000000005, 58.88773800000001, 58.88773800000001, 22.676646000000005, 97.73556000000002, 66.358473, 51.241220999999996]","[1.0, 1.0, 3.0, 3.0, 0.0, 1.0, 0.0, 0.0, 0.0, 5.0, 5.0, 3.0, 1.0, 1.0, 0.0, 0.0]","[-2.0, 29.0, 14.0, 14.0, 11.0, 12.0, 10.0, 10.0, -13.0, 26.0, 10.0, 11.0, 11.0, -12.0, 11.0, 13.0]"
2,1791636387.3357213,"[-0.08712299999999118, 56.77835400000001, 59.590866000000005, 60.20610300000001, -0.17501400000000444, 74.971791, 38.057570999999996, 38.672808, 0.08865900000000693, 55.987335, 59.06352000000001, 59.94243, 22.676646000000005, 97.73556000000002, 66.358473, 51.241220999999996]","[0.0, 2.0, 1.0, 3.0, 0.0, 0.0, 0.0, 0.0, 0.0, 1.0, 1.0, 2.0, 1.0, 1.0, 1.0, 0.0]","[0.0, 26.0, 14.0, 15.0, 11.0, 10.0, 10.0, 10.0, -14.0, 33.0, 10.0, 11.0, 12.0, -12.0, 11.0, 13.0]"
2,1791636387.560222,"[-0.08712299999999118, 57.92093700000001, 59.766648, 61.260795, -0.17501400000000444, 74.971791, 38.057570999999996, 38.672808, 0.08865900000000693, 55.987335, 59.06352000000001, 60.909231000000005, 22.676646000000005, 97.73556000000002, 66.358473, 51.241220999999996]","[0.0, 3.0, 1.0, 3.0, 0.0, 1.0, 0.0, 0.0, 0.0, 1.0, 0.0, 4.0, 1.0, 1.0, 1.0, 0.0]","[-3.0, 27.0, 14.0, 14.0, 11.0, 11.0, 9.0, 9.0, -14.0, 41.0, 10.0, 10.0, 10.0, -11.0, 10.0, 13.0]"
2,1791636387.785368,"[-0.08712299999999118, 58.975629, 59.766648, 62.13970499999999, -0.17501400000000444, 74.971791, 38.057570999999996, 38.672808, 0.08865900000000693, 58.272501000000005, 59.06352000000001, 61.87603200000001, 22.676646000000005, 97.73556000000002, 66.358473, 51.241220999999996]","[0.0, 4.0, 1.0, 3.0, 0.0, 1.0, 0.0, 0.0, 0.0, 7.0, 1.0, 1.0, 1.0, 1.0, 1.0, 0.0]","[-1.0, 25.0, 13.0, 14.0, 12.0, 10.0, 9.0, 9.0, -14.0, 26.0, 10.0, 11.0, 12.0, -11.0, 11.0, 14.0]"
2,1791636388.0065029,"[-0.08712299999999118, 59.590866000000005, 59.766648, 63.19439700000001, -0.17501400000000444, 74.971791, 38.057570999999996, 38.672808, 0.08865900000000693, 60.293994, 59.327192999999994, 63.106505999999996, 22.676646000000005, 97.73556000000002, 66.358473, 51.241220999999996]","[1.0, 1.0, 0.0, 4.0, 0.0, 1.0, 0.0, 0.0, 0.0, 3.0, 1.0, 2.0, 1.0, 1.0, 1.0, 0.0]","[-8.0, 28.0, 13.0, 14.0, 10.0, 11.0, 10.0, 9.0, -14.0, 24.0, 9.0, 11.0, 11.0, -11.0, 10.0, 13.0]"
2,1791636388.2332547,"[-0.08712299999999118, 60.82133999999999, 59.85453900000002, 64.249089, -0.17501400000000444, 74.971791, 38.057570999999996, 38.672808, 0.08865900000000693, 60.293994, 59.41508400000001, 63.897525, 22.676646000000005, 97.73556000000002, 66.358473, 51.241220999999996]","[1.0, 3.0, 1.0, 2.0, 0.0, 1.0, 0.0, 0.0, 0.0, 1.0, 1.0, 1.0, 1.0, 1.0, 1.0, 0.0]","[-1.0, 26.0, 14.0, 14.0, 11.0, 11.0, 10.0, 9.0, -14.0, 31.0, 9.0, 11.0, 11.0, -12.0, 10.0, 14.0]"
2,1791636388.4542286,"[-0.08712299999999118, 62.227596000000005, 59.85453900000002, 65.21589, -0.17501400000000444, 74.971791, 38.057570999999996, 38.672808, 0.08865900000000693, 62.13970499999999, 59.41508400000001, 64.864326, 22.676646000000005, 97.73556000000002, 66.358473, 51.241220999999996]","[0.0, 5.0, 1.0, 1.0, 0.0, 1.0, 0.0, 0.0, 0.0, 5.0, 1.0, 2.0, 1.0, 1.0, 1.0, 0.0]","[-5.0, 22.0, 14.0, 14.0, 11.0, 10.0, 9.0, 9.0, -14.0, 22.0, 10.0, 11.0, 11.0, -11.0, 10.0, 13.0]"
2,1791636388.67775,"[-0.08712299999999118, 63.37017900000001, 59.85453900000002, 66.358473, -0.17501400000000444, 74.971791, 38.057570999999996, 38.672808, 0.08865900000000693, 62.403378000000004, 59.41508400000001, 65.919018, 22.676646000000005, 97.73556000000002, 66.358473, 51.241220999999996]","[0.0, 2.0, 1.0, 2.0, 0.0, 1.0, 0.0, 0.0, 1.0, 1.0, 1.0, 1.0, 1.0, 1.0, 1.0, 0.0]","[-3.0, 20.0, 13.0, 13.0, 12.0, 11.0, 9.0, 10.0, -15.0, 29.0, 10.0, 12.0, 11.0, -11.0, 10.0, 13.0]"
2,1791636388.9051976,"[-0.08712299999999118, 64.33698000000001, 59.85453900000002, 67.237383, -0.17501400000000444, 74.971791, 38.057570999999996, 38.672808, 0.17654999999999177, 63.37017900000001, 59.41508400000001, 66.885819, 22.676646000000005, 97.73556000000002, 66.358473, 51.241220999999996]","[0.0, 2.0, 1.0, 2.0, 0.0, 1.0, 0.0, 0.0, 1.0, 2.0, 1.0, 2.0, 1.0, 1.0, 1.0, 0.0]","[0.0, 24.0, 14.0, 14.0, 11.0, 11.0, 9.0, 10.0, -15.0, 29.0, 10.0, 11.0, 11.0, -12.0, 10.0, 12.0]"
2,1791636389.129265,"[-0.08712299999999118, 64.33698000000001, 59.85453900000002, 68.29207500000001, -0.17501400000000444, 74.971791, 38.057570999999996, 38.672808, 0.17654999999999177, 63.80963400000002, 59.41508400000001, 67.85262, 22.676646000000005, 97.73556000000002, 66.358473, 51.241220999999996]","[0.0, 1.0, 1.0, 1.0, 0.0, 0.0, 0.0, 0.0, 1.0, 1.0, 1.0, 4.0, 1.0, 1.0, 1.0, 0.0]","[-1.0, 28.0, 14.0, 15.0, 11.0, 11.0, 10.0, 10.0, -14.0, 34.0, 9.0, 11.0, 11.0, -11.0, 10.0, 13.0]"
2,1791636389.3527112,"[0.0007679999999936626, 66.710037, 59.85453900000002, 69.25887600000001, -0.17501400000000444, 74.971791, 38.057570999999996, 38.672808, 0.17654999999999177, 64.33698000000001, 59.41508400000001, 68.73152999999999, 22.676646000000005, 97.73556000000002, 66.358473, 51.241220999999996]","[0.0, 7.0, 1.0, 2.0, 0.0, 1.0, 0.0, 0.0, 1.0, 1.0, 1.0, 4.0, 1.0, 1.0, 1.0, 0.0]","[-1.0, 19.0, 13.0, 14.0, 11.0, 11.0, 10.0, 9.0, -14.0, 39.0, 9.0, 11.0, 11.0, -11.0, 11.0, 13.0]"
2,1791636389.5771682,"[-0.08712299999999118, 67.85262, 59.85453900000002, 70.22567699999999, -0.17501400000000444, 74.971791, 38.057570999999996, 38.672808, 0.17654999999999177, 64.77643499999999, 59.41508400000001, 69.522549, 22.676646000000005, 97.73556000000002, 66.358473, 51.241220999999996]","[1.0, 4.0, 1.0, 2.0, 0.0, 1.0, 0.0, 0.0, 1.0, 1.0, 1.0, 1.0, 1.0, 1.0, 1.0, 0.0]","[0.0, 18.0, 14.0, 14.0, 11.0, 11.0, 9.0, 10.0, -14.0, 42.0, 10.0, 12.0, 11.0, -12.0, 10.0, 14.0]"
2,1791636389.801192,"[-0.08712299999999118, 68.73152999999999, 59.85453900000002, 71.28036900000001, -0.17501400000000444, 74.971791, 38.057570999999996, 38.672808, 0.17654999999999177, 65.567454, 59.41508400000001, 70.75302300000001, 22.676646000000005, 97.73556000000002, 66.358473, 51.241220999999996]","[0.0, 4.0, 0.0, 3.0, 0.0, 0.0, 0.0, 0.0, 1.0, 1.0, 1.0, 4.0, 0.0, 1.0, 1.0, 0.0]","[0.0, 19.0, 14.0, 14.0, 11.0, 11.0, 10.0, 9.0, -14.0, 46.0, 10.0, 11.0, 11.0, -12.0, 10.0, 13.0]"
2,1791636390.024119,"[-0.08712299999999118, 69.522549, 59.85453900000002, 72.335061, -0.17501400000000444, 74.971791, 38.057570999999996, 38.672808, 0.08865900000000693, 65.65534500000001, 59.41508400000001, 71.71982400000002, 22.676646000000005, 97.73556000000002, 66.358473, 51.241220999999996]","[0.0, 3.0, 0.0, 3.0, 0.0, 0.0, 0.0, 0.0, 0.0, 1.0, 1.0, 4.0, 1.0, 1.0, 1.0, 0.0]","[-3.0, 20.0, 13.0, 14.0, 11.0, 11.0, 10.0, 10.0, -14.0, 55.0, 10.0, 11.0, 11.0, -11.0, 10.0, 13.0]"
2,1791636390.2491052,"[-0.08712299999999118, 71.192478, 59.85453900000002, 73.12608, -0.2629049999999893, 74.971791, 38.057570999999996, 38.672808, 0.17654999999999177, 66.885819, 59.41508400000001, 72.86240699999999, 22.676646000000005, 97.73556000000002, 66.358473, 51.241220999999996]","[0.0, 5.0, 0.0, 1.0, 1.0, 1.0, 0.0, 0.0, 0.0, 1.0, 1.0, 4.0, 1.0, 1.0, 1.0, 0.0]","[0.0, 16.0, 13.0, 15.0, 12.0, 10.0, 10.0, 10.0, -14.0, 51.0, 10.0, 11.0, 11.0, -12.0, 10.0, 13.0]"
2,1791636390.4714186,"[-0.08712299999999118, 72.24717000000001, 59.85453900000002, 74.35655400000002, -0.2629049999999893, 74.971791, 38.057570999999996, 38.672808, 0.17654999999999177, 68.379966, 59.41508400000001, 73.829208, 22.588754999999992, 97.73556000000002, 66.27058199999999, 51.241220999999996]","[0.0, 1.0, 0.0, 4.0, 0.0, 1.0, 0.0, 0.0, 0.0, 3.0, 1.0, 1.0, 0.0, 1.0, 0.0, 0.0]","[-3.0, 18.0, 5.0, 13.0, 12.0, 11.0, 10.0, 10.0, -14.0, 45.0, 9.0, 11.0, 12.0, -11.0, 10.0, 14.0]"
2,1791636390.6941743,"[-0.08712299999999118, 73.301862, 59.85453900000002, 75.147573, -0.2629049999999893, 74.971791, 38.057570999999996, 38.672808, 0.17654999999999177, 68.995203, 59.41508400000001, 74.796009, 22.588754999999992, 97.73556000000002, 66.27058199999999, 51.241220999999996]","[0.0, 2.0, 0.0, 3.0, 0.0, 1.0, 0.0, 0.0, 0.0, 4.0, 1.0, 3.0, 0.0, 1.0, 1.0, 0.0]","[0.0, 17.0, 10.0, 14.0, 11.0, 11.0, 9.0, 9.0, -15.0, 51.0, 9.0, 11.0, 10.0, -11.0, 10.0, 14.0]"
2,1791636390.9184086,"[-0.08712299999999118, 74.268663, 59.94243, 76.29015600000002, -0.2629049999999893, 74.971791, 38.057570999999996, 38.672808, 0.08865900000000693, 69.698331, 59.41508400000001, 75.85070100000002, 22.588754999999992, 97.73556000000002, 66.27058199999999, 51.241220999999996]","[1.0, 0.0, 1.0, 1.0, 0.0, 1.0, 0.0, 0.0, 0.0, 1.0, 1.0, 1.0, 0.0, 1.0, 1.0, 0.0]","[-4.0, 18.0, 0.0, 14.0, 11.0, 11.0, 10.0, 11.0, -14.0, 54.0, 10.0, 11.0, 11.0, -11.0, 10.0, 14.0]"
2,1791636391.1450186,"[0.0007679999999936626, 75.49913699999999, 59.94243, 77.256957, -0.2629049999999893, 74.971791, 38.057570999999996, 38.672808, 0.17654999999999177, 70.48935, 59.327192999999994, 76.72961099999998, 22.588754999999992, 97.73556000000002, 66.27058199999999, 51.241220999999996]","[1.0, 3.0, 1.0, 3.0, 0.0, 1.0, 0.0, 0.0, 0.0, 1.0, 1.0, 1.0, 0.0, 1.0, 0.0, 0.0]","[-6.0, 17.0, 0.0, 14.0, 11.0, 10.0, 10.0, 9.0, -13.0, 56.0, 9.0, 11.0, 10.0, -11.0, 11.0, 13.0]"
2,1791636391.3664477,"[-0.08712299999999118, 76.64172000000002, 59.94243, 78.13586700000002, -0.2629049999999893, 74.971791, 38.057570999999996, 38.672808, 0.17654999999999177, 70.75302300000001, 59.41508400000001, 77.43273900000003, 22.588754999999992, 97.73556000000002, 66.27058199999999, 51.241220999999996]","[0.0, 1.0, 0.0, 2.0, 0.0, 1.0, 0.0, 0.0, 0.0, 4.0, 0.0, 3.0, 0.0, 1.0, 0.0, 0.0]","[0.0, 15.0, 0.0, 15.0, 12.0, 11.0, 9.0, 10.0, -14.0, 54.0, 11.0, 11.0, 11.0, -12.0, 10.0, 13.0]"
2,1791636391.58969,"[-0.08712299999999118, 77.87219399999998, 59.94243, 79.01477699999998, -0.2629049999999893, 74.971791, 38.057570999999996, 38.672808, 0.17654999999999177, 72.159279, 59.327192999999994, 78.48743100000002, 22.588754999999992, 97.73556000000002, 66.27058199999999, 51.241220999999996]","[-1.0, 3.0, 1.0, 1.0, 0.0, 1.0, 0.0, 0.0, 0.0, 3.0, 0.0, 2.0, 0.0, 1.0, 0.0, 0.0]","[0.0, 15.0, 0.0, 15.0, 12.0, 11.0, 9.0, 10.0, -15.0, 59.0, 10.0, 12.0, 10.0, -11.0, 10.0, 14.0]"
2,1791636391.8169346,"[-0.08712299999999118, 78.751104, 59.94243, 80.06946900000003, -0.2629049999999893, 74.971791, 38.057570999999996, 38.672808, 0.08865900000000693, 72.86240699999999, 59.327192999999994, 79.45423199999999, 22.588754999999992, 97.73556000000002, 66.27058199999999, 51.241220999999996]","[0.0, 4.0, 1.0, 1.0, 0.0, 1.0, 0.0, 0.0, 1.0, 4.0, 0.0, 4.0, 0.0, 1.0, 0.0, 0.0]","[0.0, 16.0, 0.0, 14.0, 11.0, 11.0, 9.0, 10.0, -14.0, 61.0, 10.0, 12.0, 10.0, -12.0, 11.0, 14.0]"
2,1791636392.0410304,"[0.0007679999999936626, 80.06946900000003, 59.94243, 81.12416100000002, -0.2629049999999893, 74.971791, 38.057570999999996, 38.672808, 0.17654999999999177, 73.829208, 59.327192999999994, 80.42103300000002, 22.500864000000007, 97.73556000000002, 66.27058199999999, 51.241220999999996]","[1.0, 5.0, 1.0, 3.0, 0.0, 1.0, 0.0, 0.0, 1.0, 6.0, 0.0, 4.0, -1.0, 1.0, 0.0, 0.0]","[-4.0, 14.0, 0.0, 15.0, 11.0, 11.0, 10.0, 11.0, -14.0, 62.0, 10.0, 12.0, 10.0, -12.0, 11.0, 13.0]"
2,1791636392.2610705,"[-0.08712299999999118, 81.29994299999998, 59.94243, 81.91518000000002, -0.2629049999999893, 74.971791, 38.057570999999996, 38.672808, 0.08865900000000693, 74.35655400000002, 59.327192999999994, 81.47572500000001, 22.237190999999996, 97.73556000000002, 66.27058199999999, 51.241220999999996]","[1.0, 4.0, 1.0, 1.0, 0.0, 1.0, 0.0, 0.0, 0.0, 1.0, 0.0, 1.0, 0.0, 1.0, 0.0, 0.0]","[-3.0, 14.0, 0.0, 15.0, 12.0, 11.0, 9.0, 9.0, -14.0, 70.0, 9.0, 11.0, 12.0, -11.0, 10.0, 13.0]"
2,1791636392.4889042,"[0.0007679999999936626, 82.178853, 59.94243, 83.05776300000002, -0.2629049999999893, 74.971791, 38.057570999999996, 38.672808, 0.17654999999999177, 75.05968200000001, 59.327192999999994, 82.35463500000003, 22.237190999999996, 97.73556000000002, 66.27058199999999, 51.241220999999996]","[1.0, 4.0, 1.0, 4.0, 0.0, 0.0, 0.0, 0.0, 1.0, 1.0, 0.0, 1.0, 0.0, 1.0, 0.0, 0.0]","[-4.0, 14.0, 0.0, 13.0, 11.0, 11.0, 9.0, 9.0, -14.0, 73.0, 9.0, 12.0, 12.0, -11.0, 10.0, 13.0]"
2,1791636392.712886,"[-0.08712299999999118, 83.321436, 59.94243, 84.11245500000001, -0.2629049999999893, 74.971791, 38.057570999999996, 38.672808, 0.08865900000000693, 76.02648299999998, 59.327192999999994, 83.49721799999998, 22.237190999999996, 97.73556000000002, 66.27058199999999, 51.241220999999996]","[1.0, 3.0, 1.0, 2.0, 0.0, 1.0, 0.0, 0.0, 0.0, 1.0, 0.0, 1.0, 0.0, 1.0, 0.0, 0.0]","[-1.0, 14.0, 0.0, 15.0, 12.0, 11.0, 10.0, 10.0, -14.0, 74.0, 10.0, 13.0, 12.0, -12.0, 11.0, 13.0]"
2,1791636392.9363072,"[0.0007679999999936626, 84.28823699999998, 59.94243, 85.07925599999999, -0.2629049999999893, 74.88390000000001, 38.057570999999996, 38.672808, 0.17654999999999177, 76.64172000000002, 59.327192999999994, 84.376128, 22.237190999999996, 97.73556000000002, 66.27058199999999, 51.241220999999996]","[1.0, 3.0, 1.0, 3.0, 0.0, 0.0, 0.0, 0.0, 0.0, 2.0, 0.0, 2.0, 0.0, 1.0, 0.0, 0.0]","[-4.0, 14.0, 0.0, 14.0, 11.0, 11.0, 10.0, 10.0, -13.0, 78.0, 9.0, 13.0, 11.0, -12.0, 10.0, 13.0]"
2,1791636393.156988,"[-0.08712299999999118, 85.518711, 59.94243, 86.13394799999998, -0.2629049999999893, 74.88390000000001, 38.057570999999996, 38.672808, 0.17654999999999177, 78.39954, 59.327192999999994, 85.78238399999998, 22.237190999999996, 97.73556000000002, 66.27058199999999, 51.241220999999996]","[0.0, 3.0, 1.0, 3.0, 0.0, 0.0, 0.0, 0.0, 0.0, 7.0, 0.0, 6.0, 0.0, 1.0, 0.0, 0.0]","[0.0, 12.0, 0.0, 15.0, 12.0, 11.0, 9.0, 10.0, -14.0, 65.0, 10.0, 11.0, 11.0, -12.0, 11.0, 14.0]"
2,1791636393.3822021,"[-0.08712299999999118, 86.661294, 59.94243, 87.10074900000001, -0.2629049999999893, 74.88390000000001, 38.057570999999996, 38.672808, 0.08865900000000693, 78.92688600000002, 59.327192999999994, 86.74918500000001, 22.237190999999996, 97.73556000000002, 66.27058199999999, 51.241220999999996]","[0.0, 2.0, 1.0, 1.0, 0.0, 0.0, 0.0, 0.0, 0.0, 1.0, 0.0, 2.0, 0.0, 1.0, 0.0, 0.0]","[0.0, 13.0, 0.0, 15.0, 12.0, 11.0, 9.0, 10.0, -15.0, 76.0, 10.0, 11.0, 11.0, -11.0, 11.0, 13.0]"
2,1791636393.605871,"[-0.08712299999999118, 87.36442199999999, 59.94243, 87.97965900000003, -0.2629049999999893, 74.88390000000001, 38.057570999999996, 38.672808, 0.08865900000000693, 80.06946900000003, 59.327192999999994, 87.54020400000002, 22.237190999999996, 97.73556000000002, 66.27058199999999, 51.241220999999996]","[0.0, 4.0, 1.0, 1.0, 0.0, 1.0, 0.0, 0.0, 0.0, 3.0, 0.0, 2.0, 0.0, 1.0, 0.0, 0.0]","[0.0, 13.0, 0.0, 16.0, 11.0, 11.0, 9.0, 10.0, -15.0, 73.0, 11.0, 12.0, 11.0, -11.0, 11.0, 13.0]"
2,1791636393.8322716,"[-0.08712299999999118, 88.50700499999999, 59.94243, 88.85856899999999, -0.2629049999999893, 74.88390000000001, 38.057570999999996, 38.672808, 0.08865900000000693, 80.15735999999998, 59.327192999999994, 88.155441, 22.237190999999996, 97.73556000000002, 66.27058199999999, 51.241220999999996]","[0.0, 3.0, 1.0, 2.0, 0.0, 0.0, 0.0, 0.0, 1.0, 1.0, 0.0, 2.0, 0.0, 1.0, 0.0, 0.0]","[-4.0, 13.0, 0.0, 14.0, 11.0, 10.0, 9.0, 9.0, -14.0, 85.0, 10.0, 13.0, 13.0, -11.0, 10.0, 13.0]"
2,1791636394.2807193,"[-0.08712299999999118, 90.17693400000002, 59.94243, 89.03435100000002, -0.2629049999999893, 74.88390000000001, 38.057570999999996, 38.672808, 0.17654999999999177, 81.12416100000002, 59.327192999999994, 88.594896, 22.237190999999996, 97.73556000000002, 66.27058199999999, 51.241220999999996]","[1.0, 1.0, 1.0, 1.0, 0.0, 1.0, 0.0, 0.0, 1.0, 1.0, 0.0, 1.0, 0.0, 1.0, 0.0, 0.0]","[-1.0, 11.0, 0.0, 14.0, 12.0, 12.0, 9.0, 10.0, -14.0, 85.0, 10.0, 12.0, 11.0, -11.0, 10.0, 12.0]"
2,1791636394.5047047,"[-0.08712299999999118, 90.88006200000001, 59.94243, 89.03435100000002, -0.2629049999999893, 74.88390000000001, 38.057570999999996, 38.672808, 0.08865900000000693, 81.12416100000002, 59.327192999999994, 88.594896, 22.237190999999996, 97.73556000000002, 66.27058199999999, 51.241220999999996]","[0.0, 3.0, 1.0, 1.0, 0.0, 1.0, 0.0, 0.0, 0.0, 1.0, 0.0, 1.0, 0.0, 1.0, 0.0, 0.0]","[0.0, 12.0, 0.0, 15.0, 11.0, 11.0, 9.0, 10.0, -14.0, 100.0, 10.0, 12.0, 11.0, -11.0, 11.0, 13.0]"
2,1791636394.7287412,"[0.0007679999999936626, 92.19842699999998, 59.94243, 89.03435100000002, -0.2629049999999893, 74.88390000000001, 38.057570999999996, 38.672808, 0.08865900000000693, 81.12416100000002, 59.327192999999994, 88.594896, 22.237190999999996, 97.73556000000002, 66.27058199999999, 51.241220999999996]","[2.0, 3.0, 1.0, 1.0, 0.0, 0.0, 0.0, 0.0, 0.0, 1.0, 0.0, 1.0, 0.0, 1.0, 0.0, 0.0]","[-7.0, 11.0, 0.0, 14.0, 12.0, 11.0, 9.0, 10.0, -14.0, 115.0, 10.0, 12.0, 12.0, -11.0, 11.0, 13.0]"
2,1791636394.9527767,"[-0.08712299999999118, 93.34100999999998, 59.94243, 89.03435100000002, -0.2629049999999893, 74.88390000000001, 38.057570999999996, 38.672808, 0.08865900000000693, 82.530417, 59.327192999999994, 89.03435100000002, 22.237190999999996, 97.73556000000002, 66.27058199999999, 51.241220999999996]","[0.0, 2.0, 1.0, 1.0, 0.0, 1.0, 0.0, 1.0, 1.0, 2.0, 0.0, 1.0, 0.0, 1.0, 0.0, 0.0]","[0.0, 11.0, 0.0, 15.0, 10.0, 11.0, 10.0, 11.0, -14.0, 109.0, 9.0, 11.0, 11.0, -12.0, 10.0, 13.0]"
2,1791636395.1736653,"[-0.08712299999999118, 94.39570200000003, 59.94243, 89.03435100000002, -0.2629049999999893, 74.88390000000001, 38.057570999999996, 38.672808, 0.17654999999999177, 83.58510899999999, 59.327192999999994, 89.12224200000003, 22.14930000000001, 97.73556000000002, 66.27058199999999, 51.241220999999996]","[0.0, 3.0, 1.0, 1.0, 0.0, 0.0, 0.0, 1.0, 0.0, 1.0, 0.0, 1.0, 0.0, 1.0, 0.0, 0.0]","[-1.0, 11.0, 0.0, 15.0, 11.0, 11.0, 10.0, 9.0, -14.0, 108.0, 10.0, 11.0, 12.0, -11.0, 10.0, 13.0]"
3,1791636397.1902363,"[-0.08712299999999118, -5.096910000000008, -1.229705999999993, -0.35079600000000255, -0.17501400000000444, -5.360582999999991, 0.08865900000000693, -0.2629049999999893, 0.0007679999999936626, -5.272692000000006, -1.1418150000000082, 0.08865900000000693, -2.0207249999999988, 178.33160700000002, 40.254846000000015, 25.928613000000013]","[1.0, 0.0, 0.0, 0.0, 1.0, 1.0, 0.0, 0.0, 1.0, 1.0, 1.0, 0.0, 1.0, 1.0, 0.0, 0.0]","[0.0, 33.0, 16.0, 13.0, 11.0, 32.0, -10.0, 9.0, -14.0, 36.0, 11.0, -10.0, 14.0, 16.0, -11.0, -16.0]"
3,1791636397.4165258,"[-0.5265780000000007, -4.833236999999997, -1.053923999999995, -0.08712299999999118, -0.17501400000000444, -5.009018999999995, 0.7038960000000145, -0.08712299999999118, 0.8796780000000126, -5.272692000000006, -1.1418150000000082, 0.26444100000000503, -2.108616000000012, 177.98004300000002, 40.342737, 25.928613000000013]","[0.0, 1.0, 2.0, 1.0, 1.0, 1.0, 1.0, 1.0, 2.0, 1.0, 1.0, 1.0, 0.0, 1.0, 1.0, 0.0]","[-9.0, 46.0, 18.0, 15.0, 11.0, 46.0, 10.0, 11.0, 13.0, 55.0, 14.0, 10.0, 18.0, -13.0, 10.0, 13.0]"
3,1791636397.640106,"[-1.4054879999999912, -3.60276300000001, 0.0007679999999936626, 0.44022300000000314, -0.17501400000000444, -3.7785450000000083, 1.2312420000000088, 0.08865900000000693, 0.7917869999999994, -3.866435999999993, -0.790251000000012, 0.26444100000000503, -2.108616000000012, 177.62847900000003, 40.518519, 26.368067999999994]","[0.0, 2.0, 2.0, 1.0, 1.0, 1.0, 1.0, 0.0, 0.0, 1.0, 1.0, 1.0, 0.0, 0.0, 1.0, 1.0]","[-9.0, 67.0, 19.0, 16.0, 11.0, 56.0, 11.0, 13.0, 15.0, 62.0, 16.0, 13.0, 23.0, -25.0, 13.0, 14.0]"
3,1791636397.8610952,"[-2.548070999999993, -3.426981000000012, 0.8796780000000126, 1.4949149999999918, -0.17501400000000444, -2.548070999999993, 2.0222610000000145, 1.407024000000007, 2.813279999999992, -2.372288999999995, 0.17654999999999177, 0.7917869999999994, -1.9328339999999855, 176.661678, 41.309538, 27.159087]","[-2.0, 2.0, 1.0, 3.0, 1.0, 3.0, 2.0, 3.0, 3.0, 1.0, 2.0, 1.0, 1.0, 0.0, 3.0, 1.0]","[-9.0, 64.0, 19.0, 16.0, 11.0, 68.0, 12.0, 15.0, 13.0, 68.0, 17.0, 14.0, 33.0, -37.0, 14.0, 14.0]"
3,1791636398.088491,"[-3.426981000000012, 0.44022300000000314, 1.7585880000000031, 2.3738250000000107, -0.17501400000000444, 0.26444100000000503, 2.813279999999992, 2.1980430000000126, 2.901171000000005, 0.08865900000000693, 1.0554600000000107, 1.9343700000000013, -1.9328339999999855, 173.233929, 42.188447999999994, 28.03799699999999]","[0.0, 1.0, 6.0, 2.0, 1.0, 8.0, 3.0, 1.0, 1.0, 16.0, 1.0, 5.0, 1.0, -3.0, 1.0, 1.0]","[-9.0, 56.0, 20.0, 17.0, 11.0, 48.0, 12.0, 13.0, 16.0, 62.0, 17.0, 14.0, 36.0, -39.0, 13.0, 15.0]"
3,1791636398.310323,"[-4.481673000000001, 2.1980430000000126, 2.813279999999992, 3.4285169999999994, -0.17501400000000444, 1.9343700000000013, 3.5164080000000126, 3.164843999999988, 4.746881999999999, 0.528113999999988, 2.1101519999999994, 2.901171000000005, -0.2629049999999893, 169.80617999999998, 42.979467, 29.180579999999992]","[-2.0, 6.0, 1.0, 3.0, 1.0, 6.0, 2.0, 1.0, 2.0, 0.0, 1.0, 2.0, 5.0, -5.0, 1.0, 4.0]","[-9.0, 53.0, 19.0, 15.0, 11.0, 56.0, 13.0, 15.0, 13.0, 81.0, 17.0, 13.0, 32.0, -34.0, 14.0, 14.0]"
3,1791636398.5363808,"[-5.360582999999991, 3.867972000000009, 3.7800809999999956, 4.483208999999988, -0.17501400000000444, 3.6921900000000107, 4.483208999999988, 4.30742699999999, 5.713683000000003, 4.395318000000003, 2.2859339999999975, 4.043754000000007, 0.44022300000000314, 168.31203299999999, 44.38572300000001, 29.180579999999992]","[0.0, 1.0, 2.0, 2.0, 1.0, 1.0, 2.0, 1.0, 2.0, 11.0, 1.0, 1.0, 1.0, 0.0, 2.0, 0.0]","[-9.0, 61.0, 20.0, 16.0, 12.0, 62.0, 13.0, 14.0, 14.0, 52.0, 20.0, 14.0, 33.0, -41.0, 13.0, 14.0]"
3,1791636398.7574637,"[-6.063711000000012, 5.889465000000001, 4.834773000000013, 5.537901000000005, -0.17501400000000444, 6.153138000000013, 5.362119000000007, 5.186337000000009, 6.416810999999996, 5.9773560000000145, 4.043754000000007, 4.834773000000013, 1.846478999999988, 164.620611, 45.440415, 29.268471000000005]","[0.0, 5.0, 3.0, 3.0, 1.0, 5.0, 3.0, 3.0, 5.0, 7.0, 4.0, 1.0, 5.0, -6.0, 1.0, 1.0]","[-11.0, 60.0, 20.0, 17.0, 11.0, 61.0, 14.0, 14.0, 14.0, 62.0, 16.0, 13.0, 30.0, -35.0, 13.0, 15.0]"
3,1791636398.9843826,"[-7.294184999999999, 8.526195000000001, 5.889465000000001, 6.592592999999994, -0.17501400000000444, 7.823067000000009, 6.2410289999999975, 6.328920000000011, 7.735175999999996, 8.438303999999988, 5.098445999999996, 6.153138000000013, 2.1101519999999994, 161.36864400000002, 46.582998, 29.268471000000005]","[-2.0, 3.0, 1.0, 3.0, 1.0, 6.0, 5.0, 4.0, 4.0, 5.0, 1.0, 3.0, 5.0, -7.0, 3.0, 1.0]","[-10.0, 53.0, 20.0, 16.0, 11.0, 61.0, 13.0, 14.0, 13.0, 55.0, 17.0, 12.0, 35.0, -35.0, 13.0, 15.0]"
3,1791636399.205484,"[-8.260986000000003, 10.108233000000013, 5.889465000000001, 7.383611999999999, -0.17501400000000444, 9.932451000000015, 7.207830000000001, 7.2957210000000146, 7.735175999999996, 9.668778000000003, 6.153138000000013, 7.032048000000003, 3.9558629999999937, 158.204568, 47.54979900000001, 29.268471000000005]","[0.0, 1.0, 1.0, 1.0, 1.0, 3.0, 1.0, 1.0, 1.0, 1.0, 3.0, 1.0, 2.0, -4.0, 4.0, 1.0]","[-10.0, 61.0, 25.0, 17.0, 11.0, 59.0, 14.0, 13.0, 16.0, 66.0, 16.0, 14.0, 31.0, -33.0, 12.0, 15.0]"
3,1791636399.4316869,"[-9.315677999999991, 12.129726000000005, 7.910957999999994, 8.526195000000001, -0.17501400000000444, 11.426598000000013, 8.26252199999999, 8.438303999999988, 9.668778000000003, 9.668778000000003, 7.032048000000003, 7.910957999999994, 4.219536000000005, 155.39205600000003, 48.34081800000001, 29.268471000000005]","[0.0, 9.0, 3.0, 3.0, 1.0, 0.0, 1.0, 3.0, 3.0, 1.0, 4.0, 2.0, 1.0, -4.0, 1.0, 1.0]","[-10.0, 54.0, 20.0, 16.0, 11.0, 68.0, 13.0, 13.0, 13.0, 93.0, 16.0, 14.0, 36.0, -34.0, 13.0, 15.0]"
3,1791636399.653005,"[-10.19458800000001, 13.448091000000005, 8.789868000000013, 9.405104999999992, -0.17501400000000444, 13.53598199999999, 9.229322999999994, 9.405104999999992, 10.635579000000007, 13.799655000000001, 7.998849000000007, 9.053540999999996, 6.065246999999999, 152.40376200000003, 49.39551, 29.268471000000005]","[0.0, 3.0, 4.0, 3.0, 1.0, 8.0, 2.0, 2.0, 1.0, 19.0, 3.0, 2.0, 6.0, -6.0, 3.0, 1.0]","[-9.0, 66.0, 20.0, 17.0, 11.0, 60.0, 14.0, 13.0, 13.0, 57.0, 17.0, 14.0, 29.0, -33.0, 12.0, 14.0]"
3,1791636399.880305,"[-10.985606999999987, 14.151218999999998, 9.932451000000015, 10.547687999999994, -0.17501400000000444, 15.996929999999992, 10.28401500000001, 10.28401500000001, 11.60238000000001, 14.23911000000001, 8.96565000000001, 9.932451000000015, 6.768374999999992, 150.20648699999998, 50.45020199999999, 29.268471000000005]","[-2.0, 12.0, 2.0, 2.0, 1.0, 4.0, 1.0, 1.0, 2.0, 1.0, 2.0, 1.0, 1.0, -1.0, 3.0, 1.0]","[-10.0, 72.0, 20.0, 16.0, 12.0, 57.0, 14.0, 14.0, 14.0, 84.0, 18.0, 14.0, 33.0, -43.0, 13.0, 15.0]"
3,1791636400.1043804,"[-12.216081000000003, 18.282095999999996, 10.89925199999999, 11.426598000000013, -0.17501400000000444, 17.930532, 10.723469999999992, 11.250816000000015, 12.657072, 14.23911000000001, 9.668778000000003, 10.89925199999999, 8.26252199999999, 147.13030200000003, 51.50489400000001, 29.268471000000005]","[-2.0, 4.0, 2.0, 3.0, 1.0, 6.0, 6.0, 2.0, 3.0, 1.0, 1.0, 1.0, 3.0, -4.0, 3.0, 1.0]","[-10.0, 55.0, 19.0, 16.0, 11.0, 54.0, 15.0, 15.0, 14.0, 113.0, 18.0, 14.0, 26.0, -42.0, 12.0, 15.0]"
3,1791636400.3272283,"[-13.182882000000006, 20.12780699999999, 11.778162000000009, 12.481290000000001, -0.17501400000000444, 20.12780699999999, 12.21761699999999, 12.393398999999988, 13.623873000000003, 20.12780699999999, 10.987143000000003, 11.953944000000007, 9.141432000000009, 143.526771, 52.383804, 29.268471000000005]","[-2.0, 4.0, 2.0, 2.0, 1.0, 4.0, 1.0, 2.0, 1.0, 8.0, 1.0, 5.0, 1.0, -7.0, 3.0, 1.0]","[-10.0, 55.0, 20.0, 16.0, 12.0, 57.0, 14.0, 13.0, 13.0, 57.0, 17.0, 13.0, 29.0, -35.0, 12.0, 15.0]"
3,1791636400.5492733,"[-14.237573999999995, 22.237190999999996, 12.832853999999998, 13.184417999999994, -0.17501400000000444, 21.44617199999999, 13.272309000000007, 13.448091000000005, 14.678564999999992, 20.303588999999988, 11.690270999999996, 12.657072, 9.141432000000009, 140.538477, 53.350605, 29.268471000000005]","[0.0, 4.0, 3.0, 1.0, 1.0, 6.0, 2.0, 2.0, 3.0, 1.0, 1.0, 5.0, 1.0, -2.0, 3.0, 1.0]","[-10.0, 59.0, 19.0, 16.0, 11.0, 64.0, 13.0, 13.0, 13.0, 83.0, 18.0, 14.0, 33.0, -37.0, 12.0, 15.0]"
3,1791636400.7736735,"[-15.292266000000012, 23.907119999999992, 13.887546000000015, 14.414892000000009, -0.17501400000000444, 24.522357, 14.327000999999996, 14.414892000000009, 15.645365999999996, 24.610248000000013, 13.008635999999996, 13.799655000000001, 11.60238000000001, 137.198619, 54.58107900000002, 29.268471000000005]","[-1.0, 6.0, 1.0, 3.0, 1.0, 5.0, 3.0, 1.0, 1.0, 9.0, 5.0, 1.0, 3.0, -3.0, 3.0, 1.0]","[-10.0, 61.0, 19.0, 16.0, 10.0, 52.0, 14.0, 13.0, 14.0, 54.0, 17.0, 14.0, 26.0, -33.0, 12.0, 15.0]"
3,1791636400.9990685,"[-16.434848999999986, 26.543849999999992, 15.030128999999988, 15.381693000000013, -0.17501400000000444, 26.28017700000001, 15.381693000000013, 15.733257000000009, 16.787948999999998, 26.71963199999999, 13.975437, 14.678564999999992, 11.60238000000001, 133.85876100000002, 55.635771000000005, 29.268471000000005]","[-1.0, 11.0, 3.0, 4.0, 1.0, 5.0, 1.0, 4.0, 3.0, 3.0, 3.0, 6.0, 1.0, -7.0, 3.0, 1.0]","[-9.0, 50.0, 18.0, 16.0, 12.0, 54.0, 13.0, 12.0, 14.0, 51.0, 18.0, 13.0, 32.0, -31.0, 13.0, 15.0]"
3,1791636401.2221568,"[-17.40164999999999, 28.653233999999998, 15.909039000000007, 16.348493999999988, -0.17501400000000444, 28.477452, 16.524276000000015, 16.612167, 17.666858999999988, 26.895413999999988, 15.030128999999988, 15.909039000000007, 13.360199999999992, 130.694685, 56.514680999999996, 29.268471000000005]","[-1.0, 2.0, 2.0, 1.0, 1.0, 3.0, 3.0, 1.0, 2.0, 1.0, 3.0, 1.0, 3.0, -3.0, 1.0, 1.0]","[-10.0, 53.0, 20.0, 16.0, 12.0, 53.0, 14.0, 12.0, 14.0, 76.0, 17.0, 14.0, 26.0, -29.0, 12.0, 16.0]"
3,1791636401.444886,"[-18.632124000000005, 31.114182, 17.139512999999994, 17.315294999999992, -0.17501400000000444, 30.23527200000001, 17.578968000000003, 17.666858999999988, 18.633659999999992, 30.9384, 16.260603000000003, 16.348493999999988, 14.327000999999996, 127.61849999999998, 57.74515500000001, 29.268471000000005]","[-3.0, 7.0, 5.0, 3.0, 1.0, 4.0, 4.0, 2.0, 1.0, 10.0, 3.0, 5.0, 1.0, 0.0, 4.0, 1.0]","[-9.0, 44.0, 18.0, 16.0, 11.0, 57.0, 13.0, 13.0, 14.0, 47.0, 16.0, 15.0, 29.0, -28.0, 12.0, 14.0]"
3,1791636401.6698954,"[-19.686815999999993, 32.784110999999996, 18.19420500000001, 18.106313999999998, -0.17501400000000444, 32.608329, 18.36998700000001, 18.545769000000007, 19.68835200000001, 32.959892999999994, 17.315294999999992, 18.106313999999998, 15.55747500000001, 124.80598800000001, 58.799847, 29.268471000000005]","[-2.0, 6.0, 4.0, 3.0, 1.0, 7.0, 1.0, 1.0, 3.0, 1.0, 1.0, 5.0, 3.0, -3.0, 2.0, 1.0]","[-9.0, 49.0, 18.0, 16.0, 12.0, 50.0, 13.0, 12.0, 14.0, 51.0, 15.0, 13.0, 26.0, -32.0, 12.0, 15.0]"
3,1791636401.8961084,"[-20.565726000000012, 35.15716800000001, 19.248897, 19.336788000000013, -0.17501400000000444, 34.45403999999999, 19.336788000000013, 19.600460999999996, 20.567262, 32.959892999999994, 18.457877999999994, 18.897333000000003, 15.55747500000001, 122.432931, 59.85453900000002, 29.35636199999999]","[0.0, 7.0, 1.0, 1.0, 1.0, 2.0, 3.0, 3.0, 3.0, 1.0, 3.0, 3.0, 1.0, -1.0, 1.0, 1.0]","[-9.0, 44.0, 18.0, 16.0, 12.0, 55.0, 13.0, 13.0, 14.0, 73.0, 15.0, 15.0, 26.0, -37.0, 12.0, 14.0]"
3,1791636402.1201298,"[-21.7962, 36.914987999999994, 20.39148, 20.39148, -0.17501400000000444, 37.00287900000001, 20.215698000000003, 20.655153000000013, 21.885627, 37.26655199999999, 19.51257000000001, 19.952024999999992, 15.55747500000001, 118.56572699999998, 60.909231000000005, 29.35636199999999]","[-1.0, 3.0, 4.0, 3.0, 1.0, 7.0, 1.0, 1.0, 3.0, 12.0, 3.0, 3.0, 1.0, -4.0, 2.0, 1.0]","[-9.0, 48.0, 17.0, 17.0, 11.0, 51.0, 15.0, 13.0, 13.0, 42.0, 14.0, 14.0, 26.0, -28.0, 12.0, 14.0]"
3,1791636402.343877,"[-22.850891999999988, 39.28804500000001, 21.358281000000005, 21.534063000000003, -0.08712299999999118, 38.936481000000015, 21.00671700000001, 21.534063000000003, 22.412972999999994, 37.44233399999999, 20.655153000000013, 21.094607999999994, 15.55747500000001, 115.13797799999998, 61.963922999999994, 29.35636199999999]","[-1.0, 6.0, 2.0, 3.0, 1.0, 8.0, 1.0, 1.0, 1.0, 1.0, 2.0, 1.0, 1.0, -6.0, 4.0, 1.0]","[-9.0, 45.0, 17.0, 15.0, 3.0, 46.0, 14.0, 13.0, 14.0, 69.0, 15.0, 12.0, 26.0, -25.0, 11.0, 14.0]"
3,1791636402.5653038,"[-23.905584000000005, 41.39742899999999, 22.500864000000007, 22.500864000000007, -0.08712299999999118, 40.95797400000001, 21.885627, 22.676646000000005, 23.907119999999992, 41.661102, 21.44617199999999, 22.237190999999996, 15.55747500000001, 112.14968399999998, 62.754942, 29.35636199999999]","[0.0, 3.0, 1.0, 3.0, 1.0, 10.0, 2.0, 1.0, 3.0, 14.0, 4.0, 3.0, 1.0, -4.0, 1.0, 1.0]","[-9.0, 46.0, 18.0, 16.0, 0.0, 43.0, 16.0, 12.0, 14.0, 41.0, 16.0, 13.0, 26.0, -25.0, 12.0, 14.0]"
3,1791636402.790264,"[-24.87238500000001, 43.506812999999994, 23.379773999999998, 22.588754999999992, -0.08712299999999118, 43.68259499999999, 22.676646000000005, 23.555555999999996, 24.873920999999996, 43.59470400000001, 22.76453699999999, 22.32508200000001, 15.55747500000001, 108.98560800000001, 64.073307, 29.35636199999999]","[-1.0, 8.0, 2.0, 1.0, 1.0, 3.0, 1.0, 1.0, 1.0, 4.0, 2.0, 1.0, 1.0, 0.0, 3.0, 1.0]","[-9.0, 40.0, 18.0, 19.0, 0.0, 43.0, 16.0, 13.0, 13.0, 44.0, 15.0, 15.0, 25.0, -25.0, 11.0, 15.0]"
3,1791636403.014596,"[-25.927076999999997, 45.967760999999996, 24.258683999999988, 24.346575, -0.08712299999999118, 46.05565200000001, 23.64344700000001, 24.78603000000001, 25.840722, 46.407216000000005, 23.64344700000001, 24.08290199999999, 15.55747500000001, 105.55785900000001, 64.864326, 29.35636199999999]","[-2.0, 1.0, 1.0, 3.0, 1.0, 6.0, 1.0, 3.0, 1.0, 5.0, 1.0, 4.0, 1.0, -5.0, 1.0, 1.0]","[0.0, 40.0, 18.0, 17.0, 0.0, 36.0, 16.0, 11.0, 13.0, 37.0, 15.0, 13.0, 27.0, -22.0, 12.0, 14.0]"
3,1791636403.2375915,"[-26.981768999999986, 48.165036000000015, 25.40126699999999, 25.489158000000003, -0.08712299999999118, 47.901363, 24.96181200000001, 25.66494, 26.983305, 47.901363, 24.78603000000001, 25.313376000000005, 15.55747500000001, 102.21800100000002, 66.09479999999999, 29.35636199999999]","[0.0, 5.0, 3.0, 1.0, 1.0, 3.0, 5.0, 1.0, 1.0, 4.0, 3.0, 1.0, 1.0, -6.0, 3.0, 1.0]","[0.0, 33.0, 17.0, 16.0, 0.0, 42.0, 14.0, 13.0, 0.0, 43.0, 14.0, 12.0, 27.0, -18.0, 12.0, 13.0]"
3,1791636403.463546,"[-27.94856999999999, 50.362311000000005, 26.28017700000001, 26.543849999999992, -0.08712299999999118, 50.098637999999994, 25.928613000000013, 26.895413999999988, 27.950106000000005, 50.801766000000015, 25.928613000000013, 26.28017700000001, 15.55747500000001, 98.96603399999998, 67.061601, 29.35636199999999]","[0.0, 1.0, 1.0, 4.0, 1.0, 6.0, 2.0, 5.0, 1.0, 7.0, 4.0, 1.0, 1.0, -3.0, 1.0, 1.0]","[0.0, 36.0, 18.0, 15.0, 0.0, 39.0, 15.0, 12.0, 0.0, 33.0, 13.0, 13.0, 26.0, -18.0, 11.0, 14.0]"
3,1791636403.6875744,"[-28.82748000000001, 52.47169500000001, 27.246978000000013, 27.59854200000001, -0.08712299999999118, 52.559585999999996, 27.071196000000015, 27.334868999999998, 29.092689000000007, 52.29591300000001, 26.895413999999988, 27.59854200000001, 15.55747500000001, 95.714067, 68.204184, 29.35636199999999]","[0.0, 8.0, 1.0, 1.0, 1.0, 5.0, 1.0, 1.0, 2.0, 3.0, 3.0, 1.0, 1.0, -2.0, 1.0, 1.0]","[-9.0, 33.0, 18.0, 16.0, 0.0, 35.0, 15.0, 13.0, -14.0, 38.0, 14.0, 12.0, 26.0, -17.0, 11.0, 14.0]"
3,1791636403.9103923,"[-29.97006300000001, 55.10842500000001, 28.30167, 28.74112500000001, -0.08712299999999118, 54.66897, 28.30167, 28.565343000000013, 30.05949000000001, 54.756861000000015, 28.03799699999999, 28.653233999999998, 15.821147999999994, 92.54999099999998, 69.08309400000002, 29.35636199999999]","[-3.0, 1.0, 1.0, 3.0, 1.0, 4.0, 2.0, 3.0, 1.0, 9.0, 4.0, 3.0, 4.0, -4.0, 2.0, 1.0]","[0.0, 32.0, 17.0, 15.0, 0.0, 33.0, 14.0, 12.0, 0.0, 32.0, 13.0, 12.0, 25.0, -17.0, 12.0, 14.0]"
3,1791636404.1342623,"[-30.936863999999986, 57.21780900000002, 29.35636199999999, 29.444253000000003, -0.08712299999999118, 56.954136000000005, 29.444253000000003, 29.795817, 31.114182, 56.42679000000001, 29.004797999999994, 29.620035, 16.260603000000003, 89.73747900000001, 70.137786, 29.35636199999999]","[0.0, 6.0, 2.0, 5.0, 1.0, 5.0, 4.0, 4.0, 1.0, 1.0, 2.0, 1.0, 1.0, -2.0, 3.0, 1.0]","[0.0, 31.0, 17.0, 16.0, 0.0, 29.0, 13.0, 12.0, -7.0, 37.0, 12.0, 12.0, 21.0, -18.0, 11.0, 14.0]"
3,1791636404.3598921,"[-31.991556000000003, 59.327192999999994, 30.498944999999992, 30.762618000000003, -0.08712299999999118, 59.06352000000001, 30.67472699999999, 30.762618000000003, 32.080983, 56.42679000000001, 29.883708000000013, 30.762618000000003, 16.260603000000003, 86.39762100000002, 71.36825999999999, 29.35636199999999]","[-2.0, 4.0, 1.0, 2.0, 0.0, 4.0, 2.0, 2.0, 1.0, 1.0, 1.0, 4.0, 1.0, -6.0, 3.0, 1.0]","[0.0, 34.0, 17.0, 14.0, 0.0, 31.0, 12.0, 12.0, 0.0, 57.0, 14.0, 11.0, 21.0, -16.0, 11.0, 15.0]"
3,1791636404.5840032,"[-32.95835700000001, 61.260795, 31.55363700000001, 31.729419000000007, -0.08712299999999118, 61.612359, 31.729419000000007, 31.905201000000005, 33.13567499999999, 61.348686000000015, 31.114182, 31.55363700000001, 16.260603000000003, 83.40932700000002, 72.42295200000001, 29.35636199999999]","[0.0, 7.0, 4.0, 1.0, 0.0, 4.0, 2.0, 3.0, 2.0, 12.0, 5.0, 1.0, 1.0, -5.0, 4.0, 1.0]","[0.0, 27.0, 16.0, 15.0, 0.0, 27.0, 12.0, 12.0, -12.0, 27.0, 14.0, 13.0, 20.0, -16.0, 11.0, 14.0]"
3,1791636404.8072872,"[-34.013048999999995, 63.897525, 32.69622000000001, 32.784110999999996, -0.08712299999999118, 63.897525, 32.784110999999996, 32.784110999999996, 34.01458500000001, 63.63385199999999, 32.256765, 32.432547, 16.260603000000003, 82.35463500000003, 73.301862, 29.444253000000003]","[0.0, 3.0, 2.0, 4.0, 0.0, 5.0, 3.0, 2.0, 0.0, 1.0, 5.0, 1.0, 1.0, -1.0, 2.0, 1.0]","[0.0, 25.0, 16.0, 14.0, 0.0, 23.0, 13.0, 10.0, -7.0, 28.0, 12.0, 12.0, 21.0, -16.0, 11.0, 14.0]"
3,1791636405.0318346,"[-35.06774100000001, 66.00690900000001, 33.750912, 33.83880300000001, -0.08712299999999118, 66.182691, 34.01458500000001, 34.01458500000001, 35.069277, 65.919018, 33.223566000000005, 33.663021000000015, 16.260603000000003, 82.178853, 74.444445, 29.707926000000015]","[0.0, 7.0, 3.0, 1.0, 0.0, 5.0, 3.0, 4.0, 1.0, 3.0, 1.0, 3.0, 1.0, 0.0, 1.0, 1.0]","[0.0, 23.0, 16.0, 16.0, 0.0, 22.0, 11.0, 12.0, 0.0, 27.0, 12.0, 11.0, 21.0, -17.0, 11.0, 13.0]"
3,1791636405.2559102,"[-35.946651, 66.358473, 34.717713, 34.62982199999999, -0.08712299999999118, 68.204184, 34.102475999999996, 34.981386000000015, 36.12396899999999, 66.00690900000001, 34.45403999999999, 34.541931000000005, 16.260603000000003, 82.09096199999999, 75.411246, 29.707926000000015]","[-1.0, 1.0, 1.0, 1.0, 0.0, 3.0, 1.0, 2.0, 1.0, 1.0, 3.0, 2.0, 1.0, 0.0, 2.0, 1.0]","[-8.0, 23.0, 16.0, 15.0, 0.0, 21.0, 11.0, 12.0, -14.0, 26.0, 12.0, 12.0, 22.0, -15.0, 11.0, 14.0]"
3,1791636405.4787033,"[-37.00134299999999, 66.358473, 35.860296000000005, 35.860296000000005, -0.08712299999999118, 70.48935, 34.102475999999996, 35.94818699999999, 37.00287900000001, 66.00690900000001, 35.245059, 35.245059, 16.260603000000003, 82.09096199999999, 76.55382900000001, 29.707926000000015]","[0.0, 1.0, 2.0, 2.0, 0.0, 1.0, 1.0, 1.0, 1.0, 0.0, 1.0, 1.0, 1.0, 0.0, 1.0, 1.0]","[0.0, 23.0, 16.0, 15.0, 0.0, 21.0, 11.0, 11.0, 0.0, 26.0, 13.0, 13.0, 21.0, -15.0, 10.0, 13.0]"
3,1791636405.7009635,"[-37.968143999999995, 66.358473, 36.914987999999994, 36.739205999999996, -0.08712299999999118, 71.71982400000002, 34.102475999999996, 36.914987999999994, 38.057570999999996, 66.00690900000001, 36.21186, 36.47553300000001, 16.260603000000003, 82.09096199999999, 77.608521, 29.707926000000015]","[0.0, 1.0, 1.0, 3.0, 0.0, 3.0, 1.0, 1.0, 1.0, 1.0, 2.0, 3.0, 1.0, 0.0, 2.0, 1.0]","[-8.0, 23.0, 15.0, 15.0, 0.0, 20.0, 11.0, 11.0, 0.0, 26.0, 12.0, 11.0, 22.0, -16.0, 11.0, 13.0]"
3,1791636405.9243195,"[-38.847053999999986, 66.358473, 37.96968000000001, 37.706007, -0.08712299999999118, 71.71982400000002, 34.102475999999996, 37.96968000000001, 39.024372, 65.919018, 37.44233399999999, 37.354443, 16.260603000000003, 82.09096199999999, 78.39954, 29.707926000000015]","[0.0, 1.0, 3.0, 3.0, 1.0, 1.0, 1.0, 1.0, 1.0, 0.0, 2.0, 2.0, 1.0, 0.0, 1.0, 1.0]","[-8.0, 24.0, 15.0, 15.0, 0.0, 21.0, 11.0, 12.0, 0.0, 26.0, 12.0, 12.0, 22.0, -16.0, 11.0, 13.0]"
3,1791636406.1485674,"[-39.98963699999999, 66.358473, 38.936481000000015, 38.40913499999999, -0.08712299999999118, 71.71982400000002, 34.102475999999996, 38.936481000000015, 39.991173, 66.00690900000001, 38.497026000000005, 38.497026000000005, 16.260603000000003, 82.09096199999999, 78.48743100000002, 29.707926000000015]","[0.0, 0.0, 1.0, 0.0, 0.0, 1.0, 1.0, 1.0, 1.0, 1.0, 4.0, 4.0, 1.0, 0.0, 0.0, 1.0]","[-8.0, 23.0, 16.0, 17.0, 0.0, 20.0, 11.0, 12.0, 13.0, 25.0, 11.0, 12.0, 22.0, -16.0, 13.0, 14.0]"
3,1791636406.3730907,"[-40.78065599999999, 66.358473, 40.166955, 39.46382700000001, -0.08712299999999118, 71.71982400000002, 34.102475999999996, 39.991173, 41.04586499999999, 66.00690900000001, 39.46382700000001, 39.024372, 16.260603000000003, 82.09096199999999, 78.66321299999998, 29.707926000000015]","[-2.0, 0.0, 4.0, 2.0, 0.0, 1.0, 1.0, 3.0, 1.0, 1.0, 3.0, 3.0, 1.0, 0.0, 1.0, 1.0]","[-9.0, 24.0, 15.0, 16.0, 0.0, 21.0, 11.0, 12.0, 10.0, 26.0, 12.0, 13.0, 22.0, -16.0, 17.0, 13.0]"
3,1791636406.599893,"[-42.01113000000001, 66.358473, 41.04586499999999, 40.60641000000001, -0.08712299999999118, 71.71982400000002, 34.102475999999996, 40.870082999999994, 41.661102, 66.00690900000001, 40.342737, 40.43062800000001, 16.260603000000003, 82.09096199999999, 78.751104, 29.707926000000015]","[0.0, 0.0, 1.0, 1.0, 0.0, 0.0, 1.0, 1.0, 1.0, 1.0, 4.0, 2.0, 1.0, 0.0, 1.0, 0.0]","[0.0, 24.0, 15.0, 16.0, 0.0, 20.0, 11.0, 12.0, 14.0, 26.0, 12.0, 13.0, 22.0, -16.0, 20.0, 15.0]"
3,1791636406.8225055,"[-43.065822, 66.358473, 42.188447999999994, 41.573211000000015, -0.08712299999999118, 71.71982400000002, 34.102475999999996, 42.012665999999996, 43.06735800000001, 66.00690900000001, 41.573211000000015, 41.573211000000015, 16.17271199999999, 82.09096199999999, 79.01477699999998, 29.620035]","[0.0, 1.0, 1.0, 4.0, 0.0, 1.0, 1.0, 3.0, 1.0, 1.0, 3.0, 3.0, 0.0, 0.0, 0.0, 0.0]","[0.0, 24.0, 15.0, 16.0, 0.0, 20.0, 11.0, 11.0, 0.0, 26.0, 11.0, 12.0, 23.0, -16.0, 27.0, 14.0]"
3,1791636407.0467334,"[-44.032623, 66.358473, 43.155249, 42.803685, -0.08712299999999118, 71.71982400000002, 34.102475999999996, 42.979467, 43.946268, 66.00690900000001, 42.452121000000005, 42.54001199999999, 16.17271199999999, 82.09096199999999, 79.102668, 29.620035]","[0.0, 0.0, 1.0, 4.0, 0.0, 1.0, 1.0, 1.0, 1.0, 1.0, 1.0, 2.0, 1.0, 0.0, 1.0, 0.0]","[0.0, 23.0, 15.0, 15.0, 0.0, 20.0, 11.0, 11.0, 13.0, 26.0, 11.0, 11.0, 22.0, -16.0, 30.0, 14.0]"
3,1791636407.2683916,"[-45.08731499999999, 66.44636400000002, 44.297832, 43.506812999999994, -0.08712299999999118, 71.71982400000002, 34.102475999999996, 43.85837699999999, 44.91306900000001, 66.00690900000001, 43.59470400000001, 43.68259499999999, 16.17271199999999, 82.09096199999999, 79.27845000000002, 29.620035]","[0.0, 1.0, 4.0, 3.0, 0.0, 1.0, 1.0, 1.0, 1.0, 1.0, 3.0, 2.0, 0.0, 0.0, 3.0, 0.0]","[0.0, 22.0, 15.0, 16.0, 0.0, 20.0, 11.0, 12.0, -5.0, 25.0, 12.0, 11.0, 22.0, -16.0, 35.0, 14.0]"
3,1791636407.4958503,"[-46.05411599999999, 66.44636400000002, 45.088851000000005, 44.73728700000001, -0.08712299999999118, 71.71982400000002, 34.102475999999996, 45.00095999999999, 45.967760999999996, 66.00690900000001, 44.473614, 44.825177999999994, 16.17271199999999, 82.09096199999999, 79.63001400000002, 29.532143999999988]","[0.0, 1.0, 1.0, 5.0, 0.0, 1.0, 1.0, 3.0, 0.0, 1.0, 1.0, 4.0, 1.0, 0.0, 1.0, 1.0]","[0.0, 22.0, 15.0, 16.0, 0.0, 20.0, 12.0, 11.0, 0.0, 25.0, 11.0, 11.0, 22.0, -15.0, 43.0, 14.0]"
3,1791636407.719468,"[-47.020917, 66.44636400000002, 46.05565200000001, 45.791979, -0.08712299999999118, 71.807715, 34.102475999999996, 45.87987000000001, 46.934562, 66.00690900000001, 45.528306000000015, 45.70408800000001, 15.909039000000007, 82.09096199999999, 79.542123, 29.532143999999988]","[0.0, 0.0, 2.0, 1.0, 0.0, 1.0, 1.0, 1.0, 1.0, 1.0, 2.0, 5.0, 1.0, 0.0, 0.0, 0.0]","[0.0, 23.0, 15.0, 15.0, 0.0, 20.0, 11.0, 11.0, 0.0, 25.0, 12.0, 12.0, 9.0, 11.0, 10.0, 12.0]"
3,1791636407.9397998,"[-47.72404499999999, 66.44636400000002, 47.110344, 47.110344, -0.08712299999999118, 71.807715, 34.102475999999996, 47.02245300000001, 48.077145, 66.00690900000001, 46.582998, 47.02245300000001, 15.909039000000007, 82.09096199999999, 79.542123, 29.532143999999988]","[0.0, 1.0, 1.0, 3.0, 0.0, 2.0, 1.0, 3.0, 1.0, 1.0, 2.0, 4.0, 1.0, 0.0, 0.0, 0.0]","[-9.0, 23.0, 16.0, 15.0, 0.0, 20.0, 11.0, 12.0, -14.0, 25.0, 11.0, 11.0, 8.0, 11.0, 9.0, 13.0]"
3,1791636408.1641765,"[-49.04240999999999, 66.44636400000002, 47.98925399999999, 48.077145, -0.08712299999999118, 71.807715, 34.102475999999996, 47.901363, 49.043946000000005, 66.00690900000001, 47.63768999999999, 47.81347199999999, 15.909039000000007, 82.09096199999999, 79.542123, 29.532143999999988]","[-1.0, 0.0, 1.0, 2.0, 0.0, 1.0, 1.0, 1.0, 1.0, 1.0, 2.0, 1.0, 1.0, 0.0, 0.0, 0.0]","[0.0, 23.0, 16.0, 15.0, 0.0, 21.0, 11.0, 12.0, -14.0, 26.0, 12.0, 11.0, 8.0, 12.0, 10.0, 13.0]"
3,1791636408.3887928,"[-49.92132000000001, 66.44636400000002, 49.043946000000005, 49.13183699999999, -0.08712299999999118, 71.807715, 34.102475999999996, 48.86816400000001, 49.922855999999996, 66.00690900000001, 48.51660000000001, 48.95605499999999, 15.909039000000007, 82.09096199999999, 79.542123, 29.532143999999988]","[-1.0, 0.0, 3.0, 3.0, 0.0, 1.0, 1.0, 2.0, 1.0, 1.0, 1.0, 4.0, 0.0, 0.0, 0.0, 1.0]","[-9.0, 23.0, 15.0, 14.0, 0.0, 20.0, 11.0, 12.0, 0.0, 25.0, 12.0, 10.0, 9.0, 12.0, 10.0, 12.0]"
3,1791636408.6133385,"[-50.88812100000001, 66.44636400000002, 50.01074700000001, 50.362311000000005, -0.08712299999999118, 71.807715, 34.102475999999996, 49.83496500000001, 51.065439, 66.00690900000001, 49.39551, 49.922855999999996, 15.909039000000007, 82.178853, 79.542123, 29.532143999999988]","[-1.0, 1.0, 2.0, 3.0, 0.0, 1.0, 1.0, 3.0, 1.0, 1.0, 1.0, 2.0, 1.0, 0.0, 0.0, 1.0]","[-9.0, 22.0, 15.0, 14.0, 0.0, 20.0, 11.0, 11.0, -14.0, 25.0, 12.0, 11.0, 10.0, 11.0, 10.0, 13.0]"
3,1791636408.8357801,"[-51.767031, 66.44636400000002, 50.889657, 51.241220999999996, -0.08712299999999118, 71.71982400000002, 34.102475999999996, 50.27441999999999, 52.03224, 66.00690900000001, 50.62598400000002, 50.889657, 15.909039000000007, 82.09096199999999, 79.542123, 29.532143999999988]","[0.0, 1.0, 1.0, 3.0, 0.0, 0.0, 1.0, 1.0, 1.0, 1.0, 3.0, 3.0, 1.0, 0.0, 0.0, 0.0]","[-9.0, 23.0, 16.0, 16.0, 0.0, 22.0, 12.0, 13.0, 0.0, 26.0, 12.0, 10.0, 8.0, 11.0, 11.0, 12.0]"
3,1791636409.0634835,"[-52.82172299999999, 66.44636400000002, 52.03224, 52.29591300000001, -0.08712299999999118, 71.71982400000002, 34.102475999999996, 51.065439, 53.174823, 66.00690900000001, 51.76856699999999, 51.856458, 15.909039000000007, 82.09096199999999, 79.542123, 29.532143999999988]","[-2.0, 1.0, 2.0, 3.0, 0.0, 0.0, 1.0, 4.0, 1.0, 1.0, 3.0, 3.0, 1.0, 0.0, 0.0, 0.0]","[-10.0, 22.0, 16.0, 15.0, 0.0, 21.0, 11.0, 15.0, -4.0, 26.0, 11.0, 11.0, 9.0, 11.0, 10.0, 10.0]"
3,1791636409.2874699,"[-53.876414999999994, 66.44636400000002, 52.999041000000005, 53.174823, -0.08712299999999118, 71.71982400000002, 34.102475999999996, 51.856458, 54.053732999999994, 66.00690900000001, 52.559585999999996, 52.735367999999994, 15.909039000000007, 82.09096199999999, 79.542123, 29.532143999999988]","[-2.0, 1.0, 3.0, 1.0, 2.0, 0.0, 0.0, 1.0, 1.0, 1.0, 1.0, 2.0, 0.0, 1.0, 0.0, 0.0]","[-8.0, 22.0, 16.0, 15.0, 0.0, 21.0, 11.0, 16.0, 0.0, 26.0, 11.0, 11.0, 9.0, 9.0, 11.0, 13.0]"
3,1791636409.511014,"[-54.491652, 66.44636400000002, 53.96584200000001, 54.22951499999999, -0.17501400000000444, 71.71982400000002, 34.01458500000001, 52.64747700000001, 55.020534, 66.00690900000001, 53.526387, 53.79006000000001, 15.909039000000007, 82.09096199999999, 79.542123, 29.620035]","[0.0, 1.0, 3.0, 3.0, 0.0, 0.0, 0.0, 2.0, 0.0, 1.0, 1.0, 1.0, 1.0, 1.0, 0.0, 1.0]","[-10.0, 21.0, 15.0, 14.0, 11.0, 21.0, 12.0, 16.0, -6.0, 25.0, 12.0, 11.0, 9.0, 11.0, 11.0, 0.0]"
3,1791636409.7326367,"[-55.546344000000005, 66.44636400000002, 55.10842500000001, 55.372097999999994, -0.17501400000000444, 71.71982400000002, 34.01458500000001, 53.26271400000002, 56.163117, 66.00690900000001, 54.40529699999999, 54.844752, 15.909039000000007, 82.09096199999999, 79.542123, 29.532143999999988]","[0.0, 1.0, 3.0, 2.0, 0.0, 0.0, 0.0, 1.0, 1.0, 1.0, 2.0, 1.0, 1.0, 0.0, 0.0, 0.0]","[-9.0, 22.0, 16.0, 14.0, 11.0, 21.0, 12.0, 18.0, -10.0, 25.0, 12.0, 11.0, 8.0, 12.0, 10.0, 12.0]"
3,1791636409.9594965,"[-56.425253999999995, 66.885819, 55.987335, 56.25100800000001, -0.17501400000000444, 71.71982400000002, 34.01458500000001, 53.96584200000001, 56.954136000000005, 66.00690900000001, 55.54787999999999, 55.811553, 15.909039000000007, 82.09096199999999, 79.542123, 29.532143999999988]","[0.0, 3.0, 1.0, 3.0, 0.0, 1.0, 0.0, 1.0, 1.0, 1.0, 2.0, 1.0, 0.0, 1.0, 0.0, 0.0]","[-9.0, 19.0, 16.0, 14.0, 11.0, 21.0, 11.0, 18.0, -1.0, 26.0, 12.0, 11.0, 9.0, 7.0, 10.0, 13.0]"
3,1791636410.1834111,"[-57.216273, 66.885819, 56.954136000000005, 57.129918, -0.17501400000000444, 71.71982400000002, 34.01458500000001, 54.317406000000005, 57.92093700000001, 66.00690900000001, 56.42679000000001, 56.77835400000001, 15.909039000000007, 82.09096199999999, 79.542123, 29.532143999999988]","[-1.0, 1.0, 1.0, 4.0, 0.0, 0.0, 0.0, 2.0, 1.0, 1.0, 2.0, 2.0, 0.0, 1.0, 0.0, 0.0]","[-9.0, 19.0, 16.0, 15.0, 11.0, 21.0, 11.0, 19.0, 0.0, 25.0, 12.0, 12.0, 9.0, 9.0, 9.0, 13.0]"
3,1791636410.405535,"[-58.71042, 66.885819, 58.09671900000001, 58.008827999999994, -0.17501400000000444, 71.631933, 33.926694, 54.844752, 58.975629, 66.00690900000001, 57.3057, 57.657264, 15.909039000000007, 82.178853, 79.542123, 29.532143999999988]","[-2.0, 1.0, 2.0, 1.0, 0.0, 0.0, 0.0, 1.0, 1.0, 1.0, 1.0, 2.0, 1.0, 0.0, 0.0, 1.0]","[-9.0, 19.0, 15.0, 15.0, 12.0, 20.0, 11.0, 25.0, 0.0, 25.0, 12.0, 11.0, 9.0, 10.0, 10.0, 13.0]"
3,1791636410.6313612,"[-59.149874999999994, 66.885819, 59.327192999999994, 59.06352000000001, -0.17501400000000444, 71.36825999999999, 33.83880300000001, 54.756861000000015, 59.94243, 66.00690900000001, 58.448283, 58.711956000000015, 15.909039000000007, 82.178853, 79.542123, 29.532143999999988]","[0.0, 1.0, 3.0, 2.0, 0.0, 0.0, 0.0, 0.0, 1.0, 1.0, 4.0, 1.0, 0.0, 1.0, 0.0, 1.0]","[-10.0, 20.0, 15.0, 14.0, 12.0, 10.0, 10.0, 4.0, 0.0, 26.0, 11.0, 11.0, 9.0, 4.0, 9.0, 10.0]"
3,1791636410.8521676,"[-60.468239999999994, 66.885819, 60.38188500000001, 59.23930200000001, -0.17501400000000444, 71.36825999999999, 33.83880300000001, 54.756861000000015, 60.99712199999999, 66.00690900000001, 59.590866000000005, 58.88773800000001, 15.909039000000007, 82.178853, 79.542123, 29.532143999999988]","[-2.0, 1.0, 3.0, 1.0, 0.0, 0.0, 0.0, 1.0, 1.0, 1.0, 4.0, 0.0, 0.0, 0.0, 0.0, 0.0]","[-9.0, 20.0, 14.0, 15.0, 11.0, 10.0, 10.0, 7.0, 0.0, 25.0, 11.0, 11.0, 9.0, 5.0, 10.0, 13.0]"
3,1791636411.0792708,"[-61.610822999999996, 66.885819, 61.348686000000015, 59.23930200000001, -0.17501400000000444, 71.36825999999999, 33.83880300000001, 54.756861000000015, 61.963922999999994, 66.00690900000001, 60.645557999999994, 58.88773800000001, 15.909039000000007, 82.09096199999999, 79.542123, 29.532143999999988]","[0.0, 1.0, 1.0, 1.0, 0.0, 1.0, 0.0, 1.0, 3.0, 1.0, 1.0, 1.0, 0.0, 1.0, 0.0, 0.0]","[-9.0, 19.0, 15.0, 15.0, 11.0, 9.0, 10.0, 10.0, 0.0, 25.0, 11.0, 11.0, 9.0, 4.0, 10.0, 13.0]"
3,1791636411.3032901,"[-62.577624, 66.885819, 62.31548699999999, 59.23930200000001, -0.17501400000000444, 71.36825999999999, 33.83880300000001, 54.844752, 62.84283300000001, 66.00690900000001, 61.87603200000001, 58.88773800000001, 15.909039000000007, 82.178853, 79.542123, 29.532143999999988]","[-1.0, 1.0, 1.0, 1.0, 0.0, 1.0, 0.0, 1.0, 3.0, 1.0, 3.0, 1.0, 0.0, 1.0, 0.0, 1.0]","[-9.0, 19.0, 15.0, 14.0, 11.0, 10.0, 9.0, 7.0, 13.0, 27.0, 11.0, 11.0, 9.0, 5.0, 10.0, 12.0]"
3,1791636411.5272977,"[-63.720207, 66.885819, 63.37017900000001, 59.23930200000001, -0.17501400000000444, 71.36825999999999, 33.83880300000001, 54.756861000000015, 63.985416000000015, 66.00690900000001, 62.754942, 58.88773800000001, 15.909039000000007, 82.178853, 79.542123, 29.620035]","[0.0, 1.0, 1.0, 1.0, 0.0, 1.0, 0.0, 0.0, 1.0, 1.0, 1.0, 1.0, 1.0, 1.0, 0.0, 1.0]","[-9.0, 20.0, 15.0, 14.0, 11.0, 10.0, 9.0, 9.0, 0.0, 25.0, 11.0, 11.0, 9.0, 0.0, 10.0, 1.0]"
3,1791636411.7485206,"[-64.774899, 66.885819, 64.424871, 59.23930200000001, -0.17501400000000444, 71.28036900000001, 33.83880300000001, 54.756861000000015, 64.95221699999999, 66.00690900000001, 63.721743000000004, 58.88773800000001, 15.909039000000007, 82.178853, 79.542123, 29.532143999999988]","[0.0, 1.0, 3.0, 1.0, 0.0, 1.0, 0.0, 1.0, 1.0, 1.0, 4.0, 1.0, 1.0, 1.0, 0.0, 1.0]","[-9.0, 19.0, 14.0, 15.0, 11.0, 9.0, 9.0, 9.0, 0.0, 26.0, 10.0, 12.0, 10.0, 5.0, 10.0, 13.0]"
3,1791636411.9752226,"[-65.390136, 66.885819, 65.391672, 59.23930200000001, -0.17501400000000444, 71.28036900000001, 33.83880300000001, 54.756861000000015, 65.919018, 66.00690900000001, 64.68854400000001, 58.88773800000001, 15.909039000000007, 82.09096199999999, 79.542123, 29.620035]","[0.0, 1.0, 1.0, 1.0, 0.0, 0.0, 0.0, 1.0, 1.0, 1.0, 3.0, 1.0, 0.0, 0.0, 0.0, 0.0]","[-9.0, 19.0, 15.0, 15.0, 11.0, 10.0, 10.0, 8.0, 0.0, 26.0, 11.0, 11.0, 9.0, 8.0, 10.0, 8.0]"
3,1791636412.197291,"[-66.62061, 66.885819, 66.44636400000002, 59.23930200000001, -0.17501400000000444, 71.36825999999999, 33.83880300000001, 54.756861000000015, 66.97371000000001, 66.00690900000001, 65.65534500000001, 58.88773800000001, 15.909039000000007, 82.09096199999999, 79.542123, 29.620035]","[-1.0, 1.0, 3.0, 1.0, 0.0, 1.0, 0.0, 0.0, 1.0, 1.0, 2.0, 1.0, 1.0, 0.0, 0.0, 1.0]","[-9.0, 20.0, 14.0, 14.0, 12.0, 10.0, 9.0, 11.0, 0.0, 25.0, 11.0, 11.0, 9.0, 10.0, 11.0, 2.0]"
3,1791636412.422026,"[-67.587411, 66.885819, 67.41316499999999, 59.23930200000001, -0.17501400000000444, 71.36825999999999, 33.83880300000001, 54.756861000000015, 67.94051100000001, 66.00690900000001, 66.534255, 58.88773800000001, 15.909039000000007, 82.178853, 79.542123, 29.532143999999988]","[-1.0, 1.0, 1.0, 1.0, 0.0, 0.0, 0.0, 1.0, 2.0, 1.0, 1.0, 1.0, 1.0, 1.0, 0.0, 1.0]","[-9.0, 17.0, 15.0, 14.0, 11.0, 11.0, 10.0, 9.0, 0.0, 26.0, 11.0, 11.0, 9.0, 7.0, 10.0, 12.0]"
3,1791636412.6465075,"[-68.466321, 67.32527400000001, 68.379966, 59.23930200000001, -0.17501400000000444, 71.28036900000001, 33.83880300000001, 54.844752, 68.90731199999999, 66.00690900000001, 67.237383, 58.88773800000001, 15.909039000000007, 82.09096199999999, 79.542123, 29.620035]","[0.0, 1.0, 1.0, 1.0, 0.0, 1.0, 0.0, 1.0, 1.0, 1.0, 1.0, 1.0, 1.0, 0.0, 0.0, 0.0]","[-9.0, 16.0, 15.0, 15.0, 11.0, 10.0, 9.0, 4.0, 13.0, 25.0, 12.0, 11.0, 9.0, 6.0, 11.0, 8.0]"
3,1791636412.868188,"[-69.433122, 67.32527400000001, 69.43465800000001, 59.23930200000001, -0.17501400000000444, 71.36825999999999, 33.83880300000001, 54.756861000000015, 69.874113, 66.00690900000001, 68.204184, 58.88773800000001, 15.909039000000007, 82.09096199999999, 79.542123, 29.532143999999988]","[0.0, 1.0, 2.0, 1.0, 0.0, 1.0, 0.0, 1.0, 3.0, 1.0, 3.0, 1.0, 1.0, 0.0, 0.0, 0.0]","[-9.0, 16.0, 15.0, 15.0, 11.0, 10.0, 9.0, 6.0, 13.0, 26.0, 13.0, 11.0, 9.0, 8.0, 10.0, 7.0]"
3,1791636413.0940442,"[-69.433122, 67.501056, 70.313568, 59.23930200000001, -0.17501400000000444, 71.36825999999999, 33.83880300000001, 54.756861000000015, 69.96200400000001, 66.00690900000001, 68.29207500000001, 58.88773800000001, 15.909039000000007, 82.09096199999999, 79.542123, 29.532143999999988]","[0.0, 1.0, 1.0, 1.0, 0.0, 1.0, 0.0, 0.0, 1.0, 1.0, 1.0, 1.0, 0.0, 0.0, 0.0, 1.0]","[-9.0, 17.0, 15.0, 15.0, 12.0, 9.0, 9.0, 11.0, 0.0, 25.0, 15.0, 10.0, 9.0, 7.0, 10.0, 11.0]"
3,1791636413.3191116,"[-69.433122, 67.501056, 71.192478, 59.23930200000001, -0.17501400000000444, 71.36825999999999, 33.83880300000001, 54.756861000000015, 69.96200400000001, 66.00690900000001, 68.819421, 58.88773800000001, 15.909039000000007, 82.178853, 79.542123, 29.532143999999988]","[0.0, 1.0, 1.0, 1.0, 0.0, 1.0, 0.0, 0.0, 0.0, 1.0, 1.0, 1.0, 0.0, 0.0, 0.0, 1.0]","[-10.0, 17.0, 16.0, 14.0, 11.0, 10.0, 9.0, 9.0, 0.0, 26.0, 19.0, 11.0, 9.0, 4.0, 9.0, 12.0]"
3,1791636413.5427139,"[-69.433122, 67.501056, 72.07138800000001, 59.23930200000001, -0.17501400000000444, 71.36825999999999, 33.83880300000001, 54.844752, 70.04989499999999, 66.00690900000001, 68.995203, 58.88773800000001, 15.909039000000007, 82.178853, 79.542123, 29.532143999999988]","[0.0, 1.0, 1.0, 1.0, 0.0, 1.0, 0.0, 1.0, 1.0, 1.0, 2.0, 1.0, 1.0, 1.0, 0.0, 0.0]","[-10.0, 17.0, 15.0, 14.0, 11.0, 10.0, 10.0, 4.0, -10.0, 26.0, 21.0, 12.0, 9.0, 4.0, 10.0, 13.0]"
3,1791636413.7670612,"[-69.433122, 67.501056, 73.03818900000002, 59.23930200000001, -0.17501400000000444, 71.28036900000001, 33.83880300000001, 54.756861000000015, 70.04989499999999, 66.00690900000001, 69.61044000000001, 58.88773800000001, 15.909039000000007, 82.09096199999999, 79.542123, 29.620035]","[0.0, 1.0, 2.0, 1.0, 0.0, 0.0, 0.0, 1.0, 1.0, 1.0, 2.0, 0.0, 1.0, 1.0, 0.0, 1.0]","[-9.0, 17.0, 15.0, 14.0, 11.0, 11.0, 10.0, 8.0, -13.0, 26.0, 25.0, 11.0, 9.0, 8.0, 10.0, 0.0]"
3,1791636413.9900603,"[-69.433122, 67.676838, 74.00498999999999, 59.23930200000001, -0.17501400000000444, 71.28036900000001, 33.83880300000001, 54.844752, 70.04989499999999, 66.00690900000001, 69.96200400000001, 58.799847, 15.821147999999994, 82.09096199999999, 79.542123, 29.532143999999988]","[0.0, 2.0, 1.0, 1.0, 0.0, 0.0, 0.0, 1.0, 1.0, 1.0, 1.0, 1.0, 0.0, 1.0, 0.0, 1.0]","[-10.0, 16.0, 15.0, 14.0, 12.0, 10.0, 10.0, 6.0, -10.0, 25.0, 32.0, 12.0, 10.0, 7.0, 11.0, 12.0]"
3,1791636414.2153404,"[-69.433122, 67.676838, 74.88390000000001, 59.23930200000001, -0.17501400000000444, 71.28036900000001, 33.83880300000001, 54.756861000000015, 70.04989499999999, 66.00690900000001, 70.137786, 58.799847, 15.821147999999994, 82.178853, 79.542123, 29.532143999999988]","[1.0, 1.0, 2.0, 1.0, 0.0, 1.0, 0.0, 1.0, 1.0, 1.0, 1.0, 0.0, 0.0, 1.0, 0.0, 1.0]","[-10.0, 16.0, 17.0, 15.0, 11.0, 10.0, 9.0, 6.0, -11.0, 26.0, 39.0, 12.0, 9.0, 10.0, 10.0, 13.0]"
3,1791636414.4364498,"[-69.433122, 67.676838, 75.85070100000002, 59.23930200000001, -0.17501400000000444, 71.28036900000001, 33.83880300000001, 54.756861000000015, 70.04989499999999, 65.83112700000001, 69.96200400000001, 58.799847, 15.821147999999994, 82.09096199999999, 79.542123, 29.532143999999988]","[1.0, 1.0, 2.0, 1.0, 0.0, 0.0, 0.0, 1.0, 1.0, 0.0, 0.0, 0.0, 0.0, 0.0, 0.0, 0.0]","[-10.0, 16.0, 16.0, 14.0, 11.0, 10.0, 9.0, 9.0, 0.0, 10.0, 9.0, 0.0, 9.0, 10.0, 10.0, 13.0]"
3,1791636414.66029,"[-69.433122, 67.676838, 76.81750199999999, 59.23930200000001, -0.17501400000000444, 71.36825999999999, 33.83880300000001, 54.756861000000015, 70.04989499999999, 65.83112700000001, 69.96200400000001, 58.799847, 15.821147999999994, 82.178853, 79.542123, 29.620035]","[1.0, 1.0, 1.0, 1.0, 0.0, 1.0, 0.0, 1.0, 1.0, 0.0, 0.0, 0.0, 0.0, 0.0, 0.0, 1.0]","[-10.0, 16.0, 16.0, 15.0, 12.0, 10.0, 9.0, 9.0, 0.0, 10.0, 9.0, 0.0, 10.0, 6.0, 11.0, 5.0]"
3,1791636414.882933,"[-69.433122, 67.676838, 77.78430300000002, 59.23930200000001, -0.17501400000000444, 71.28036900000001, 33.83880300000001, 54.756861000000015, 69.96200400000001, 65.83112700000001, 69.96200400000001, 58.799847, 15.821147999999994, 82.178853, 79.542123, 29.532143999999988]","[1.0, 1.0, 2.0, 1.0, 0.0, 0.0, 0.0, 1.0, 0.0, 0.0, 0.0, 1.0, 0.0, 0.0, 0.0, 0.0]","[-9.0, 16.0, 16.0, 16.0, 11.0, 9.0, 9.0, 9.0, 1.0, 9.0, 9.0, 0.0, 9.0, 4.0, 11.0, 13.0]"
3,1791636415.110039,"[-69.433122, 67.676838, 78.66321299999998, 59.23930200000001, -0.17501400000000444, 71.28036900000001, 33.83880300000001, 54.756861000000015, 69.96200400000001, 65.83112700000001, 69.96200400000001, 58.799847, 15.821147999999994, 82.09096199999999, 79.542123, 29.532143999999988]","[1.0, 1.0, 2.0, 1.0, 0.0, 1.0, 0.0, 0.0, 1.0, 0.0, 0.0, 1.0, 0.0, 0.0, 0.0, 1.0]","[-11.0, 16.0, 16.0, 14.0, 11.0, 10.0, 9.0, 9.0, 1.0, 9.0, 9.0, 0.0, 10.0, 6.0, 10.0, 9.0]"
3,1791636415.3349495,"[-69.433122, 67.676838, 79.63001400000002, 59.23930200000001, -0.17501400000000444, 71.28036900000001, 33.83880300000001, 54.756861000000015, 70.04989499999999, 65.83112700000001, 69.96200400000001, 58.799847, 15.821147999999994, 82.178853, 79.542123, 29.532143999999988]","[1.0, 0.0, 2.0, 1.0, 0.0, 1.0, 0.0, 1.0, 1.0, 0.0, 0.0, 1.0, 0.0, 1.0, 0.0, 1.0]","[-10.0, 16.0, 17.0, 14.0, 11.0, 10.0, 9.0, 5.0, 1.0, 10.0, 9.0, 0.0, 10.0, 1.0, 11.0, 13.0]"
3,1791636415.5589318,"[-69.433122, 67.76472900000002, 80.245251, 59.23930200000001, -0.17501400000000444, 71.28036900000001, 33.83880300000001, 54.844752, 70.04989499999999, 65.83112700000001, 69.96200400000001, 58.799847, 15.821147999999994, 82.178853, 79.542123, 29.532143999999988]","[1.0, 1.0, 1.0, 1.0, 0.0, 0.0, 0.0, 0.0, 0.0, 0.0, 0.0, 0.0, 0.0, 1.0, 0.0, 1.0]","[-10.0, 16.0, 17.0, 14.0, 11.0, 10.0, 9.0, 6.0, 4.0, 11.0, 9.0, 0.0, 9.0, 0.0, 10.0, 13.0]"
3,1791636415.7828586,"[-69.433122, 67.676838, 81.21205200000003, 59.23930200000001, -0.17501400000000444, 71.36825999999999, 33.83880300000001, 54.844752, 70.04989499999999, 65.83112700000001, 69.96200400000001, 58.799847, 15.821147999999994, 82.178853, 79.542123, 29.532143999999988]","[1.0, 1.0, 2.0, 1.0, 0.0, 1.0, 0.0, 0.0, 0.0, 0.0, 0.0, 0.0, 0.0, 0.0, 0.0, 0.0]","[-9.0, 16.0, 18.0, 14.0, 11.0, 10.0, 10.0, 6.0, 4.0, 10.0, 8.0, 3.0, 9.0, 5.0, 11.0, 13.0]"
3,1791636416.00688,"[-69.433122, 67.676838, 81.56361600000002, 59.23930200000001, -0.17501400000000444, 71.28036900000001, 33.83880300000001, 54.844752, 70.04989499999999, 65.83112700000001, 69.96200400000001, 58.799847, 15.821147999999994, 82.178853, 79.542123, 29.532143999999988]","[1.0, 0.0, 1.0, 1.0, 0.0, 1.0, 0.0, 1.0, 1.0, 0.0, 0.0, 1.0, 0.0, 0.0, 1.0, 1.0]","[-9.0, 16.0, 20.0, 14.0, 11.0, 10.0, 9.0, 2.0, 0.0, 9.0, 9.0, 0.0, 9.0, 0.0, 9.0, 13.0]"
3,1791636416.2294843,"[-69.521013, 67.676838, 82.178853, 59.23930200000001, -0.17501400000000444, 71.28036900000001, 33.83880300000001, 54.756861000000015, 70.04989499999999, 65.83112700000001, 69.96200400000001, 58.799847, 15.821147999999994, 82.09096199999999, 79.542123, 29.532143999999988]","[0.0, 0.0, 1.0, 1.0, 0.0, 0.0, 0.0, 1.0, 1.0, 1.0, 0.0, 0.0, 0.0, 1.0, 1.0, 0.0]","[-9.0, 16.0, 23.0, 14.0, 11.0, 9.0, 9.0, 7.0, 0.0, 10.0, 8.0, 0.0, 8.0, 1.0, 10.0, 13.0]"
3,1791636416.4549367,"[-69.521013, 67.676838, 82.530417, 59.23930200000001, -0.17501400000000444, 71.28036900000001, 33.83880300000001, 54.756861000000015, 70.04989499999999, 65.83112700000001, 69.96200400000001, 58.799847, 15.821147999999994, 82.178853, 79.542123, 29.532143999999988]","[0.0, 0.0, 1.0, 1.0, 0.0, 0.0, 0.0, 0.0, 1.0, 1.0, 0.0, 1.0, 1.0, 1.0, 1.0, 0.0]","[-9.0, 16.0, 28.0, 15.0, 12.0, 10.0, 9.0, 8.0, 0.0, 9.0, 9.0, 0.0, 9.0, 2.0, 10.0, 13.0]"
3,1791636416.6768482,"[-69.608904, 67.676838, 83.321436, 59.23930200000001, -0.17501400000000444, 71.28036900000001, 33.83880300000001, 54.756861000000015, 70.04989499999999, 65.83112700000001, 69.96200400000001, 58.799847, 15.821147999999994, 82.178853, 79.542123, 29.532143999999988]","[0.0, 0.0, 1.0, 1.0, 0.0, 1.0, 0.0, 1.0, 0.0, 1.0, 0.0, 1.0, 1.0, 0.0, 1.0, 0.0]","[-9.0, 17.0, 28.0, 14.0, 11.0, 10.0, 9.0, 5.0, 6.0, 10.0, 9.0, 0.0, 9.0, 1.0, 10.0, 12.0]"
3,1791636416.902881,"[-69.608904, 67.676838, 83.76089100000002, 59.23930200000001, -0.17501400000000444, 71.28036900000001, 33.83880300000001, 54.844752, 70.04989499999999, 65.83112700000001, 69.96200400000001, 58.799847, 15.821147999999994, 82.09096199999999, 79.542123, 29.532143999999988]","[1.0, 0.0, 2.0, 1.0, 0.0, 0.0, 0.0, 1.0, 1.0, 1.0, 0.0, 0.0, 0.0, 1.0, 1.0, 1.0]","[-9.0, 16.0, 33.0, 14.0, 10.0, 10.0, 9.0, 4.0, 0.0, 10.0, 9.0, 0.0, 9.0, 5.0, 10.0, 9.0]"
3,1791636417.1239986,"[-69.608904, 67.58894699999999, 84.55191000000002, 59.23930200000001, -0.17501400000000444, 71.36825999999999, 33.83880300000001, 54.756861000000015, 70.04989499999999, 65.83112700000001, 69.96200400000001, 58.799847, 15.821147999999994, 82.178853, 79.542123, 29.532143999999988]","[1.0, 1.0, 1.0, 1.0, 0.0, 1.0, 0.0, 0.0, 1.0, 1.0, 0.0, 1.0, 1.0, 1.0, 1.0, 1.0]","[-10.0, 17.0, 33.0, 14.0, 12.0, 10.0, 9.0, 7.0, 0.0, 10.0, 9.0, 0.0, 10.0, 1.0, 10.0, 5.0]"
3,1791636417.3466182,"[-69.608904, 67.58894699999999, 85.07925599999999, 59.23930200000001, -0.17501400000000444, 71.36825999999999, 33.83880300000001, 54.844752, 70.04989499999999, 65.83112700000001, 69.96200400000001, 58.799847, 15.821147999999994, 82.178853, 79.542123, 29.532143999999988]","[0.0, 0.0, 1.0, 1.0, 0.0, 1.0, 0.0, 1.0, 1.0, 1.0, 0.0, 0.0, 0.0, 1.0, 1.0, 1.0]","[-9.0, 17.0, 36.0, 15.0, 10.0, 11.0, 9.0, 3.0, 0.0, 9.0, 8.0, 0.0, 11.0, 0.0, 10.0, 10.0]"
