grip,time,positions,velocities,currents
1,1791637210.936655,"[0.0007679999999936626, -4.305891000000003, -1.3175970000000063, -0.17501400000000444, -0.08712299999999118, -5.184800999999993, 0.08865900000000693, -0.6144689999999855, 0.08865900000000693, -4.745346000000012, -1.053923999999995, 0.3523319999999899, -1.8449430000000007, 178.41949799999998, 39.90328199999999, 25.752831000000015]","[0.0, 1.0, 1.0, 0.0, 0.0, 1.0, 0.0, 0.0, 0.0, 1.0, 1.0, 0.0, 1.0, 0.0, 0.0, 1.0]","[-8.0, 28.0, 16.0, 13.0, 0.0, 34.0, -10.0, 11.0, -14.0, 32.0, 11.0, -11.0, 14.0, 15.0, 10.0, -15.0]"
1,1791637211.163679,"[-0.35079600000000255, -4.305891000000003, -1.1418150000000082, 0.0007679999999936626, -0.08712299999999118, -4.92112800000001, 0.44022300000000314, -0.4386869999999874, 0.7038960000000145, -4.657454999999999, -1.053923999999995, 0.44022300000000314, -1.8449430000000007, 178.33160700000002, 39.90328199999999, 25.840722]","[0.0, 1.0, 1.0, 1.0, 0.0, 1.0, 0.0, 1.0, 2.0, 1.0, 1.0, 1.0, 1.0, 0.0, 1.0, 1.0]","[-9.0, 42.0, 19.0, 16.0, 0.0, 45.0, 11.0, 13.0, 14.0, 49.0, 13.0, 11.0, 13.0, -10.0, 12.0, 13.0]"
1,1791637211.3861947,"[-1.229705999999993, -3.514871999999997, -0.08712299999999118, 0.44022300000000314, -0.08712299999999118, -4.1301090000000045, 0.9675689999999975, 0.08865900000000693, 1.582806000000005, -4.657454999999999, -0.7023599999999988, 0.6160050000000012, -1.8449430000000007, 178.06793399999998, 40.07906399999999, 26.192285999999996]","[0.0, 0.0, 3.0, 1.0, 0.0, 1.0, 0.0, 1.0, 2.0, 1.0, 1.0, 1.0, 1.0, 0.0, 1.0, 1.0]","[-10.0, 54.0, 19.0, 17.0, 0.0, 60.0, 12.0, 13.0, 14.0, 73.0, 17.0, 13.0, 14.0, -15.0, 14.0, 15.0]"
1,1791637211.6109102,"[-2.28439800000001, -3.514871999999997, 0.8796780000000126, 1.4949149999999918, -0.08712299999999118, -2.4601800000000082, 1.846478999999988, 1.407024000000007, 2.6374979999999937, -2.372288999999995, -0.17501400000000444, 0.6160050000000012, -1.8449430000000007, 177.804261, 41.48532, 27.159087]","[-1.0, 1.0, 1.0, 4.0, 0.0, 2.0, 3.0, 3.0, 4.0, 1.0, 7.0, 1.0, 1.0, 0.0, 5.0, 2.0]","[-10.0, 72.0, 20.0, 16.0, 0.0, 65.0, 12.0, 14.0, 13.0, 70.0, 17.0, 16.0, 14.0, -26.0, 13.0, 14.0]"
1,1791637211.8325646,"[-3.2511989999999855, 0.528113999999988, 1.7585880000000031, 2.4617159999999956, -0.08712299999999118, 0.26444100000000503, 2.549607000000009, 2.1101519999999994, 3.7800809999999956, -2.372288999999995, 1.2312420000000088, 1.9343700000000013, -1.8449430000000007, 177.540588, 42.188447999999994, 28.03799699999999]","[-1.0, 4.0, 1.0, 2.0, 0.0, 5.0, 2.0, 2.0, 2.0, 1.0, 3.0, 6.0, 1.0, 0.0, 1.0, 3.0]","[-10.0, 54.0, 19.0, 17.0, 0.0, 52.0, 13.0, 13.0, 13.0, 97.0, 16.0, 14.0, 13.0, -36.0, 14.0, 15.0]"
1,1791637212.0568671,"[-4.1301090000000045, 0.528113999999988, 2.813279999999992, 3.2527350000000013, -0.08712299999999118, 1.407024000000007, 3.2527350000000013, 3.164843999999988, 3.7800809999999956, 2.1101519999999994, 1.846478999999988, 2.98906199999999, -1.8449430000000007, 175.519095, 43.331030999999996, 29.180579999999992]","[0.0, 1.0, 1.0, 1.0, 0.0, 12.0, 1.0, 1.0, 1.0, 8.0, 1.0, 3.0, 1.0, -4.0, 3.0, 4.0]","[-10.0, 77.0, 19.0, 16.0, 0.0, 58.0, 14.0, 13.0, 16.0, 56.0, 17.0, 13.0, 14.0, -36.0, 13.0, 15.0]"
1,1791637212.281573,"[-5.272692000000006, 4.219536000000005, 3.7800809999999956, 4.483208999999988, -0.08712299999999118, 3.7800809999999956, 4.30742699999999, 4.30742699999999, 5.713683000000003, 4.30742699999999, 3.076953000000003, 4.043754000000007, -1.8449430000000007, 173.233929, 44.56150500000001, 30.147380999999996]","[-2.0, 8.0, 4.0, 1.0, 0.0, 0.0, 1.0, 1.0, 4.0, 5.0, 5.0, 1.0, 1.0, -2.0, 4.0, 2.0]","[-9.0, 53.0, 20.0, 16.0, 0.0, 62.0, 14.0, 14.0, 14.0, 59.0, 17.0, 13.0, 13.0, -36.0, 13.0, 14.0]"
1,1791637212.5073667,"[-5.800038000000001, 4.834773000000013, 4.6589910000000145, 5.537901000000005, -0.08712299999999118, 6.065246999999999, 5.274227999999994, 5.186337000000009, 6.504702000000009, 5.9773560000000145, 4.219536000000005, 4.834773000000013, -1.8449430000000007, 170.77298100000002, 44.649395999999996, 31.114182]","[0.0, 8.0, 1.0, 3.0, 0.0, 4.0, 3.0, 2.0, 3.0, 2.0, 4.0, 2.0, 1.0, -7.0, 1.0, 1.0]","[-11.0, 66.0, 20.0, 15.0, 0.0, 58.0, 14.0, 14.0, 14.0, 63.0, 16.0, 14.0, 14.0, -29.0, 16.0, 15.0]"
1,1791637212.7283769,"[-7.030511999999987, 8.701977, 5.889465000000001, 6.592592999999994, -0.08712299999999118, 6.153138000000013, 5.9773560000000145, 6.416810999999996, 7.5593939999999975, 8.438303999999988, 4.483208999999988, 6.153138000000013, -1.8449430000000007, 169.27883400000002, 46.582998, 32.16887399999999]","[-2.0, 7.0, 3.0, 1.0, 0.0, 1.0, 6.0, 4.0, 3.0, 7.0, 4.0, 3.0, 1.0, 0.0, 5.0, 2.0]","[-11.0, 51.0, 20.0, 16.0, 0.0, 84.0, 14.0, 13.0, 14.0, 57.0, 17.0, 14.0, 14.0, -36.0, 11.0, 14.0]"
1,1791637212.953897,"[-7.997312999999991, 10.108233000000013, 5.889465000000001, 7.647285000000011, -0.08712299999999118, 10.108233000000013, 7.207830000000001, 7.383611999999999, 8.614086000000015, 9.668778000000003, 6.2410289999999975, 7.032048000000003, -1.8449430000000007, 168.487815, 47.54979900000001, 33.223566000000005]","[-1.0, 1.0, 1.0, 3.0, 0.0, 9.0, 1.0, 1.0, 1.0, 1.0, 2.0, 1.0, 1.0, 0.0, 3.0, 4.0]","[-11.0, 61.0, 25.0, 16.0, 0.0, 54.0, 13.0, 13.0, 13.0, 67.0, 16.0, 14.0, 13.0, -46.0, 13.0, 14.0]"
1,1791637213.1753383,"[-9.139895999999993, 10.723469999999992, 7.823067000000009, 8.614086000000015, -0.08712299999999118, 11.426598000000013, 8.174631000000005, 8.526195000000001, 9.492996000000005, 9.668778000000003, 7.119938999999988, 8.086739999999992, -1.8449430000000007, 165.851085, 48.34081800000001, 34.19036700000001]","[-1.0, 10.0, 4.0, 3.0, 0.0, 3.0, 4.0, 3.0, 3.0, 0.0, 2.0, 3.0, 1.0, -10.0, 0.0, 2.0]","[-11.0, 68.0, 20.0, 16.0, 0.0, 66.0, 14.0, 12.0, 15.0, 93.0, 17.0, 13.0, 13.0, -37.0, 14.0, 13.0]"
1,1791637213.403151,"[-10.106696999999997, 13.887546000000015, 8.877758999999998, 9.317214000000007, -0.08712299999999118, 12.92074500000001, 9.053540999999996, 9.405104999999992, 10.635579000000007, 13.799655000000001, 7.735175999999996, 9.053540999999996, -1.8449430000000007, 163.65381000000002, 49.571292, 35.15716800000001]","[0.0, 1.0, 4.0, 6.0, 0.0, 12.0, 1.0, 1.0, 3.0, 19.0, 7.0, 1.0, 1.0, 0.0, 4.0, 3.0]","[-11.0, 62.0, 20.0, 16.0, 0.0, 63.0, 14.0, 13.0, 13.0, 56.0, 18.0, 13.0, 14.0, -40.0, 14.0, 13.0]"
1,1791637213.6270363,"[-10.458260999999993, 13.887546000000015, 9.756668999999988, 10.635579000000007, -0.08712299999999118, 15.996929999999992, 10.28401500000001, 10.371905999999996, 11.514488999999998, 14.23911000000001, 9.053540999999996, 10.108233000000013, -1.8449430000000007, 161.45653500000003, 50.362311000000005, 36.036078]","[0.0, 1.0, 1.0, 1.0, 0.0, 3.0, 3.0, 3.0, 1.0, 0.0, 1.0, 3.0, 1.0, -7.0, 3.0, 3.0]","[-12.0, 85.0, 20.0, 16.0, 0.0, 59.0, 14.0, 14.0, 14.0, 85.0, 17.0, 14.0, 13.0, -34.0, 13.0, 15.0]"
1,1791637213.8477,"[-11.952407999999991, 18.19420500000001, 10.547687999999994, 11.514488999999998, -0.08712299999999118, 17.666858999999988, 10.371905999999996, 11.250816000000015, 12.569181000000015, 14.23911000000001, 9.668778000000003, 10.89925199999999, -1.8449430000000007, 159.52293300000002, 51.32911200000001, 37.178661000000005]","[-1.0, 12.0, 1.0, 1.0, 0.0, 8.0, 1.0, 1.0, 2.0, 0.0, 1.0, 1.0, 1.0, -1.0, 3.0, 2.0]","[-11.0, 56.0, 21.0, 16.0, 0.0, 59.0, 16.0, 13.0, 14.0, 114.0, 18.0, 14.0, 13.0, -38.0, 13.0, 14.0]"
1,1791637214.0753899,"[-12.919208999999995, 20.039916000000005, 11.778162000000009, 12.657072, -0.08712299999999118, 20.039916000000005, 12.21761699999999, 12.393398999999988, 13.53598199999999, 20.039916000000005, 10.987143000000003, 12.041834999999992, -1.8449430000000007, 157.413549, 52.29591300000001, 38.14546200000001]","[0.0, 3.0, 2.0, 3.0, 0.0, 3.0, 1.0, 1.0, 1.0, 10.0, 1.0, 4.0, 1.0, -2.0, 2.0, 1.0]","[-11.0, 57.0, 20.0, 16.0, 0.0, 52.0, 14.0, 13.0, 14.0, 60.0, 17.0, 14.0, 15.0, -38.0, 14.0, 15.0]"
1,1791637214.2979157,"[-14.061791999999997, 22.237190999999996, 12.832853999999998, 13.184417999999994, -0.08712299999999118, 20.743043999999998, 13.096527000000009, 13.448091000000005, 14.590674000000007, 22.237190999999996, 11.690270999999996, 13.008635999999996, -1.8449430000000007, 155.655729, 53.08693199999999, 39.375935999999996]","[-1.0, 3.0, 4.0, 1.0, 0.0, 7.0, 2.0, 2.0, 3.0, 9.0, 4.0, 4.0, 1.0, -1.0, 1.0, 3.0]","[-11.0, 71.0, 20.0, 17.0, 0.0, 66.0, 13.0, 13.0, 14.0, 54.0, 19.0, 13.0, 14.0, -36.0, 13.0, 14.0]"
1,1791637214.5234218,"[-15.116483999999986, 23.731337999999994, 13.799655000000001, 14.502782999999994, -0.08712299999999118, 24.522357, 14.151218999999998, 14.414892000000009, 15.645365999999996, 24.170793000000003, 13.096527000000009, 13.887546000000015, -1.8449430000000007, 153.634236, 54.317406000000005, 40.254846000000015]","[0.0, 7.0, 3.0, 2.0, 0.0, 6.0, 1.0, 1.0, 1.0, 2.0, 1.0, 2.0, 1.0, -4.0, 4.0, 3.0]","[-10.0, 57.0, 19.0, 16.0, 0.0, 56.0, 14.0, 14.0, 14.0, 59.0, 17.0, 14.0, 14.0, -37.0, 13.0, 15.0]"
1,1791637214.7472777,"[-16.259066999999988, 26.543849999999992, 14.85434699999999, 15.469583999999998, -0.08712299999999118, 26.016503999999998, 15.381693000000013, 15.821147999999994, 16.700058000000013, 26.71963199999999, 13.887546000000015, 14.766456000000005, -1.8449430000000007, 151.70063399999998, 55.196315999999996, 41.22164699999999]","[-3.0, 8.0, 2.0, 4.0, 0.0, 1.0, 3.0, 2.0, 3.0, 6.0, 5.0, 5.0, 1.0, -2.0, 1.0, 2.0]","[-9.0, 50.0, 19.0, 16.0, 0.0, 63.0, 14.0, 13.0, 14.0, 49.0, 19.0, 14.0, 14.0, -34.0, 14.0, 14.0]"
1,1791637214.9709404,"[-17.22586799999999, 28.653233999999998, 15.909039000000007, 16.524276000000015, -0.08712299999999118, 28.389561000000015, 16.436385, 16.787948999999998, 17.578968000000003, 28.565343000000013, 15.118020000000001, 15.996929999999992, -1.8449430000000007, 150.47016000000002, 56.25100800000001, 42.188447999999994]","[-2.0, 3.0, 3.0, 4.0, 0.0, 3.0, 3.0, 4.0, 1.0, 1.0, 3.0, 1.0, 1.0, 0.0, 2.0, 2.0]","[-10.0, 53.0, 18.0, 16.0, 0.0, 56.0, 13.0, 12.0, 13.0, 56.0, 17.0, 13.0, 14.0, -45.0, 14.0, 14.0]"
1,1791637215.1948986,"[-18.456342000000006, 31.114182, 17.05162200000001, 17.403186000000005, -0.08712299999999118, 30.147380999999996, 17.578968000000003, 17.75475, 18.633659999999992, 28.565343000000013, 16.17271199999999, 16.963730999999996, -1.8449430000000007, 148.448667, 57.3057, 43.24314000000001]","[-3.0, 8.0, 5.0, 4.0, 0.0, 2.0, 3.0, 2.0, 2.0, 1.0, 1.0, 5.0, 1.0, 0.0, 3.0, 3.0]","[-9.0, 45.0, 17.0, 16.0, 0.0, 54.0, 13.0, 12.0, 15.0, 81.0, 16.0, 14.0, 14.0, -45.0, 13.0, 15.0]"
1,1791637215.4178936,"[-19.335251999999997, 32.784110999999996, 18.018423000000013, 18.282095999999996, -0.08712299999999118, 32.432547, 18.36998700000001, 18.545769000000007, 18.633659999999992, 32.959892999999994, 17.315294999999992, 18.106313999999998, -1.8449430000000007, 146.07560999999998, 58.272501000000005, 44.209941000000015]","[-1.0, 5.0, 4.0, 1.0, 0.0, 8.0, 1.0, 2.0, 1.0, 15.0, 1.0, 5.0, 1.0, -5.0, 2.0, 2.0]","[-9.0, 57.0, 18.0, 17.0, 0.0, 52.0, 13.0, 13.0, 16.0, 46.0, 16.0, 13.0, 15.0, -39.0, 14.0, 14.0]"
1,1791637215.6407714,"[-20.389943999999986, 35.15716800000001, 19.248897, 19.424678999999998, -0.08712299999999118, 34.45403999999999, 19.161006000000015, 19.68835200000001, 20.567262, 33.13567499999999, 18.545769000000007, 18.897333000000003, -1.8449430000000007, 145.98771900000003, 59.41508400000001, 45.17674199999999]","[-2.0, 7.0, 1.0, 2.0, 0.0, 1.0, 1.0, 3.0, 3.0, 1.0, 2.0, 1.0, 1.0, 0.0, 3.0, 1.0]","[-9.0, 42.0, 19.0, 15.0, 0.0, 54.0, 15.0, 12.0, 14.0, 71.0, 15.0, 15.0, 14.0, -58.0, 14.0, 15.0]"
1,1791637215.8674557,"[-21.620418, 37.09076999999999, 20.303588999999988, 20.479371000000015, -0.08712299999999118, 36.914987999999994, 20.215698000000003, 20.655153000000013, 21.797736000000015, 33.13567499999999, 19.424678999999998, 20.12780699999999, -1.8449430000000007, 141.593169, 60.293994, 46.05565200000001]","[-1.0, 4.0, 4.0, 2.0, 0.0, 7.0, 2.0, 1.0, 3.0, 1.0, 2.0, 3.0, 1.0, -5.0, 3.0, 1.0]","[-9.0, 45.0, 17.0, 15.0, 0.0, 46.0, 15.0, 13.0, 14.0, 100.0, 16.0, 13.0, 13.0, -35.0, 14.0, 16.0]"
1,1791637216.091525,"[-22.587219000000005, 39.200154, 21.270389999999992, 21.709845, -0.08712299999999118, 38.936481000000015, 20.743043999999998, 21.709845, 22.412972999999994, 39.28804500000001, 20.655153000000013, 21.094607999999994, -1.8449430000000007, 139.835349, 61.348686000000015, 47.19823500000001]","[0.0, 7.0, 1.0, 4.0, 0.0, 5.0, 6.0, 4.0, 1.0, 10.0, 2.0, 3.0, 1.0, -3.0, 3.0, 2.0]","[-9.0, 46.0, 18.0, 16.0, 0.0, 50.0, 15.0, 12.0, 15.0, 43.0, 14.0, 13.0, 13.0, -36.0, 13.0, 15.0]"
1,1791637216.315495,"[-23.81769299999999, 41.39742899999999, 22.500864000000007, 22.588754999999992, -0.08712299999999118, 41.04586499999999, 21.621953999999988, 22.76453699999999, 23.731337999999994, 41.92477500000001, 21.534063000000003, 22.32508200000001, -1.8449430000000007, 137.462292, 62.403378000000004, 48.165036000000015]","[0.0, 2.0, 3.0, 2.0, 0.0, 8.0, 0.0, 3.0, 4.0, 5.0, 3.0, 3.0, 1.0, -5.0, 3.0, 1.0]","[-9.0, 47.0, 17.0, 15.0, 0.0, 44.0, 16.0, 12.0, 14.0, 40.0, 14.0, 12.0, 13.0, -37.0, 13.0, 15.0]"
1,1791637216.5395913,"[-24.69660300000001, 43.506812999999994, 23.379773999999998, 22.940318999999988, -0.08712299999999118, 43.68259499999999, 22.588754999999992, 23.555555999999996, 24.873920999999996, 42.012665999999996, 22.676646000000005, 22.676646000000005, -1.8449430000000007, 135.704472, 63.37017900000001, 49.13183699999999]","[-2.0, 7.0, 4.0, 6.0, 0.0, 5.0, 1.0, 1.0, 2.0, 1.0, 2.0, 4.0, 1.0, -2.0, 3.0, 1.0]","[-9.0, 39.0, 17.0, 17.0, 0.0, 42.0, 16.0, 12.0, 13.0, 62.0, 15.0, 14.0, 14.0, -35.0, 14.0, 15.0]"
1,1791637216.7635555,"[-25.751295, 45.967760999999996, 24.170793000000003, 24.610248000000013, -0.08712299999999118, 45.87987000000001, 23.203992, 24.78603000000001, 25.840722, 46.31932499999999, 23.64344700000001, 24.08290199999999, -1.8449430000000007, 132.89195999999998, 64.424871, 50.098637999999994]","[-3.0, 2.0, 1.0, 2.0, 0.0, 6.0, 7.0, 1.0, 1.0, 11.0, 1.0, 1.0, 1.0, -6.0, 4.0, 3.0]","[-8.0, 41.0, 18.0, 16.0, 0.0, 37.0, 17.0, 12.0, 14.0, 35.0, 15.0, 14.0, 14.0, -30.0, 13.0, 15.0]"
1,1791637216.9858682,"[-26.893878, 48.252927, 25.225484999999992, 25.577048999999988, 0.0007679999999936626, 47.901363, 24.78603000000001, 25.752831000000015, 26.983305, 47.461907999999994, 24.78603000000001, 25.40126699999999, -1.8449430000000007, 130.87046700000002, 64.424871, 51.065439]","[-2.0, 6.0, 1.0, 2.0, 2.0, 1.0, 3.0, 2.0, 1.0, 1.0, 4.0, 1.0, 1.0, -2.0, 1.0, 2.0]","[-8.0, 33.0, 18.0, 16.0, -11.0, 42.0, 16.0, 13.0, 0.0, 44.0, 14.0, 12.0, 13.0, -31.0, 17.0, 15.0]"
1,1791637217.211322,"[-27.94856999999999, 50.362311000000005, 26.28017700000001, 26.807523000000003, 0.0007679999999936626, 50.098637999999994, 25.840722, 26.895413999999988, 27.950106000000005, 50.801766000000015, 25.840722, 26.455959000000007, -1.8449430000000007, 128.49741, 66.44636400000002, 52.208022]","[-2.0, 1.0, 1.0, 4.0, 1.0, 5.0, 4.0, 3.0, 1.0, 9.0, 4.0, 4.0, 1.0, -2.0, 5.0, 3.0]","[0.0, 37.0, 19.0, 15.0, -12.0, 40.0, 15.0, 11.0, 0.0, 32.0, 12.0, 12.0, 13.0, -29.0, 13.0, 14.0]"
1,1791637217.4353406,"[-28.739588999999995, 52.47169500000001, 27.159087, 27.686432999999994, 0.0007679999999936626, 52.383804, 27.071196000000015, 27.42276000000001, 29.004797999999994, 52.120131000000015, 26.895413999999988, 27.510650999999996, -1.8449430000000007, 127.003263, 67.58894699999999, 53.174823]","[0.0, 9.0, 1.0, 3.0, 1.0, 5.0, 5.0, 1.0, 0.0, 1.0, 1.0, 3.0, 1.0, -1.0, 3.0, 1.0]","[-9.0, 31.0, 18.0, 15.0, -11.0, 33.0, 16.0, 13.0, 0.0, 40.0, 14.0, 12.0, 13.0, -33.0, 13.0, 15.0]"
1,1791637217.6594481,"[-29.70639, 55.10842500000001, 28.30167, 28.829015999999996, 0.0007679999999936626, 54.66897, 28.125888000000003, 28.565343000000013, 30.05949000000001, 54.756861000000015, 28.03799699999999, 28.74112500000001, -1.8449430000000007, 124.98176999999998, 68.555748, 54.14162400000001]","[-2.0, 1.0, 1.0, 1.0, 1.0, 5.0, 3.0, 3.0, 1.0, 9.0, 4.0, 1.0, 1.0, -4.0, 1.0, 2.0]","[-9.0, 32.0, 17.0, 16.0, -12.0, 34.0, 15.0, 12.0, 0.0, 31.0, 14.0, 12.0, 13.0, -31.0, 13.0, 15.0]"
1,1791637217.8808925,"[-30.848973, 57.21780900000002, 29.180579999999992, 29.707926000000015, 0.0007679999999936626, 56.77835400000001, 29.268471000000005, 29.795817, 31.026291000000015, 56.338899, 29.004797999999994, 29.795817, -1.8449430000000007, 123.575514, 69.43465800000001, 55.196315999999996]","[0.0, 6.0, 1.0, 1.0, 1.0, 3.0, 2.0, 3.0, 1.0, 1.0, 3.0, 4.0, 1.0, 0.0, 1.0, 3.0]","[-9.0, 30.0, 18.0, 15.0, -12.0, 32.0, 14.0, 12.0, 0.0, 37.0, 13.0, 11.0, 13.0, -36.0, 13.0, 14.0]"
1,1791637218.107311,"[-31.815774000000005, 59.327192999999994, 30.498944999999992, 30.850508999999988, 0.0007679999999936626, 59.06352000000001, 30.498944999999992, 30.762618000000003, 32.080983, 56.338899, 29.883708000000013, 30.67472699999999, -1.8449430000000007, 120.76300200000003, 70.665132, 56.25100800000001]","[-1.0, 3.0, 1.0, 1.0, 1.0, 4.0, 3.0, 1.0, 1.0, 1.0, 0.0, 5.0, 1.0, -10.0, 5.0, 4.0]","[-9.0, 31.0, 17.0, 15.0, -12.0, 28.0, 13.0, 12.0, 0.0, 59.0, 14.0, 11.0, 13.0, -29.0, 13.0, 14.0]"
1,1791637218.3288987,"[-32.87046599999999, 61.260795, 31.37785500000001, 31.905201000000005, 0.0007679999999936626, 61.348686000000015, 31.641527999999994, 31.905201000000005, 33.04778400000001, 61.260795, 31.114182, 31.641527999999994, -1.8449430000000007, 118.56572699999998, 71.71982400000002, 57.21780900000002]","[-1.0, 7.0, 1.0, 2.0, 1.0, 1.0, 2.0, 1.0, 1.0, 14.0, 4.0, 2.0, 1.0, -1.0, 3.0, 2.0]","[-8.0, 28.0, 16.0, 15.0, -13.0, 29.0, 12.0, 11.0, 0.0, 26.0, 13.0, 11.0, 13.0, -29.0, 11.0, 15.0]"
1,1791637218.5553093,"[-33.92515800000001, 63.897525, 32.608329, 32.959892999999994, 0.0007679999999936626, 63.897525, 32.608329, 32.784110999999996, 34.102475999999996, 63.63385199999999, 32.344656000000015, 32.52043800000001, -1.8449430000000007, 116.28056099999998, 72.86240699999999, 58.272501000000005]","[-1.0, 3.0, 3.0, 4.0, 1.0, 7.0, 3.0, 1.0, 0.0, 3.0, 5.0, 1.0, 1.0, -4.0, 2.0, 1.0]","[-8.0, 25.0, 16.0, 15.0, -12.0, 24.0, 13.0, 12.0, -8.0, 28.0, 13.0, 12.0, 13.0, -26.0, 12.0, 14.0]"
1,1791637218.7792208,"[-35.06774100000001, 66.09479999999999, 33.750912, 34.01458500000001, 0.0007679999999936626, 66.00690900000001, 33.926694, 34.01458500000001, 35.069277, 65.743236, 33.31145699999999, 33.663021000000015, -1.8449430000000007, 114.171177, 73.91709900000001, 59.23930200000001]","[-2.0, 6.0, 3.0, 3.0, 1.0, 2.0, 5.0, 4.0, 1.0, 1.0, 4.0, 3.0, 1.0, -2.0, 1.0, 1.0]","[0.0, 21.0, 16.0, 15.0, -12.0, 22.0, 11.0, 11.0, 0.0, 27.0, 12.0, 12.0, 13.0, -27.0, 12.0, 14.0]"
1,1791637219.00221,"[-35.770869000000005, 68.46785700000001, 34.80560399999999, 34.981386000000015, 0.0007679999999936626, 68.29207500000001, 34.981386000000015, 34.893495, 36.12396899999999, 68.204184, 34.541931000000005, 34.541931000000005, -1.8449430000000007, 111.97390200000001, 74.971791, 60.38188500000001]","[-1.0, 5.0, 2.0, 2.0, 1.0, 4.0, 4.0, 1.0, 1.0, 7.0, 4.0, 1.0, 1.0, -3.0, 2.0, 3.0]","[-9.0, 22.0, 16.0, 16.0, -13.0, 20.0, 11.0, 12.0, -14.0, 23.0, 12.0, 12.0, 14.0, -25.0, 12.0, 14.0]"
1,1791637219.2254739,"[-36.82556099999999, 70.48935, 35.860296000000005, 35.68451400000001, 0.0007679999999936626, 70.48935, 36.12396899999999, 35.94818699999999, 37.00287900000001, 70.313568, 35.420840999999996, 35.245059, -1.8449430000000007, 109.77662700000002, 76.114374, 61.436577]","[0.0, 7.0, 3.0, 7.0, 1.0, 1.0, 3.0, 1.0, 1.0, 1.0, 2.0, 1.0, 1.0, -2.0, 3.0, 2.0]","[-9.0, 19.0, 16.0, 16.0, -12.0, 21.0, 12.0, 11.0, 0.0, 23.0, 12.0, 12.0, 15.0, -25.0, 12.0, 14.0]"
1,1791637219.4512615,"[-37.88025300000001, 73.03818900000002, 37.178661000000005, 36.82709700000001, 0.0007679999999936626, 72.950298, 37.354443, 36.914987999999994, 38.057570999999996, 72.510843, 36.563424, 36.47553300000001, -1.8449430000000007, 108.01880699999998, 77.16906599999999, 62.227596000000005]","[0.0, 3.0, 3.0, 1.0, 1.0, 6.0, 3.0, 1.0, 1.0, 5.0, 2.0, 1.0, 1.0, -2.0, 2.0, 1.0]","[-9.0, 18.0, 15.0, 16.0, -12.0, 17.0, 10.0, 11.0, 0.0, 20.0, 12.0, 11.0, 14.0, -26.0, 11.0, 14.0]"
1,1791637219.674807,"[-38.759163, 75.23546400000001, 38.14546200000001, 37.96968000000001, 0.0007679999999936626, 75.147573, 38.32124400000001, 37.96968000000001, 39.024372, 74.53233600000002, 37.706007, 37.354443, -1.8449430000000007, 105.29418600000002, 78.22375799999998, 63.37017900000001]","[0.0, 5.0, 2.0, 4.0, 1.0, 5.0, 1.0, 1.0, 1.0, 1.0, 3.0, 1.0, 1.0, -5.0, 1.0, 2.0]","[-9.0, 15.0, 15.0, 15.0, -12.0, 16.0, 11.0, 11.0, 0.0, 21.0, 10.0, 13.0, 14.0, -20.0, 12.0, 13.0]"
1,1791637219.8992648,"[-39.98963699999999, 77.608521, 39.375935999999996, 38.76069899999999, 0.0007679999999936626, 77.34484800000001, 39.551717999999994, 39.200154, 39.991173, 76.465938, 38.672808, 38.497026000000005, -1.8449430000000007, 103.53636599999999, 79.36634099999998, 64.249089]","[-2.0, 4.0, 3.0, 3.0, 1.0, 3.0, 2.0, 3.0, 1.0, 5.0, 1.0, 1.0, 1.0, -1.0, 4.0, 1.0]","[-8.0, 16.0, 14.0, 16.0, -12.0, 17.0, 10.0, 12.0, 13.0, 20.0, 12.0, 12.0, 14.0, -23.0, 11.0, 14.0]"
1,1791637220.1203313,"[-40.51698300000001, 79.71790500000003, 40.43062800000001, 39.72749999999999, 0.0007679999999936626, 77.52062999999998, 40.60641000000001, 40.07906399999999, 40.95797400000001, 79.102668, 39.815391000000005, 39.551717999999994, -1.8449430000000007, 103.36058400000002, 80.245251, 65.30378100000001]","[0.0, 5.0, 3.0, 3.0, 1.0, 1.0, 1.0, 4.0, 1.0, 1.0, 3.0, 4.0, 1.0, 0.0, 1.0, 2.0]","[-9.0, 16.0, 14.0, 16.0, -12.0, 16.0, 10.0, 11.0, 13.0, 19.0, 11.0, 12.0, 14.0, -21.0, 12.0, 14.0]"
1,1791637220.3438761,"[-42.01113000000001, 82.09096199999999, 41.48532, 40.694300999999996, 0.0007679999999936626, 77.52062999999998, 41.573211000000015, 40.870082999999994, 41.661102, 81.21205200000003, 40.870082999999994, 40.60641000000001, -1.8449430000000007, 103.36058400000002, 81.21205200000003, 66.44636400000002]","[-3.0, 5.0, 1.0, 1.0, 1.0, 1.0, 2.0, 1.0, 1.0, 6.0, 2.0, 3.0, 1.0, 0.0, 3.0, 3.0]","[0.0, 14.0, 14.0, 16.0, -12.0, 16.0, 10.0, 12.0, 14.0, 16.0, 9.0, 11.0, 13.0, -20.0, 11.0, 14.0]"
1,1791637220.5678058,"[-43.065822, 84.28823699999998, 42.627903, 41.661102, 0.0007679999999936626, 77.52062999999998, 42.71579399999999, 42.10055700000001, 43.06735800000001, 83.673, 42.10055700000001, 41.573211000000015, -1.8449430000000007, 103.18480199999999, 82.35463500000003, 67.237383]","[-2.0, 5.0, 3.0, 3.0, 1.0, 1.0, 4.0, 2.0, 2.0, 5.0, 3.0, 1.0, 1.0, 0.0, 3.0, 1.0]","[0.0, 14.0, 14.0, 16.0, -12.0, 17.0, 10.0, 10.0, 0.0, 16.0, 10.0, 12.0, 13.0, -21.0, 11.0, 14.0]"
1,1791637220.7943692,"[-44.032623, 86.57340299999998, 43.59470400000001, 42.891576000000015, 0.0007679999999936626, 77.69641200000001, 43.68259499999999, 42.979467, 44.03415899999999, 85.69449300000002, 43.06735800000001, 42.627903, -1.7570519999999874, 103.18480199999999, 83.14565399999998, 68.379966]","[0.0, 4.0, 1.0, 3.0, 1.0, 2.0, 2.0, 1.0, 2.0, 4.0, 3.0, 3.0, 1.0, 0.0, 1.0, 2.0]","[0.0, 13.0, 13.0, 16.0, -12.0, 16.0, 10.0, 12.0, 0.0, 16.0, 10.0, 10.0, 14.0, -21.0, 12.0, 14.0]"
1,1791637221.019124,"[-45.08731499999999, 88.50700499999999, 44.73728700000001, 43.506812999999994, 0.0007679999999936626, 77.69641200000001, 44.56150500000001, 44.03415899999999, 45.00095999999999, 88.155441, 44.12205, 43.770486000000005, -1.7570519999999874, 103.09691099999998, 84.11245500000001, 69.25887600000001]","[0.0, 5.0, 3.0, 1.0, 1.0, 1.0, 1.0, 2.0, 1.0, 5.0, 1.0, 2.0, 1.0, 0.0, 1.0, 1.0]","[0.0, 13.0, 14.0, 16.0, -12.0, 17.0, 10.0, 11.0, -14.0, 15.0, 10.0, 11.0, 13.0, -21.0, 12.0, 14.0]"
1,1791637221.2400386,"[-46.05411599999999, 88.77067799999998, 45.616197, 45.00095999999999, 0.0007679999999936626, 77.69641200000001, 45.791979, 45.088851000000005, 46.05565200000001, 88.155441, 45.17674199999999, 44.91306900000001, -1.7570519999999874, 103.09691099999998, 85.167147, 70.313568]","[0.0, 1.0, 1.0, 4.0, 1.0, 1.0, 2.0, 3.0, 1.0, 1.0, 3.0, 2.0, 1.0, 0.0, 3.0, 2.0]","[0.0, 13.0, 14.0, 15.0, -12.0, 17.0, 10.0, 12.0, -12.0, 14.0, 10.0, 11.0, 13.0, -21.0, 11.0, 14.0]"
1,1791637221.4670491,"[-47.020917, 88.77067799999998, 46.582998, 45.87987000000001, 0.0007679999999936626, 77.69641200000001, 46.67088899999999, 45.87987000000001, 47.02245300000001, 88.155441, 46.143542999999994, 45.87987000000001, -1.7570519999999874, 103.09691099999998, 85.958166, 71.28036900000001]","[-1.0, 1.0, 3.0, 2.0, 1.0, 1.0, 1.0, 1.0, 1.0, 1.0, 2.0, 2.0, 1.0, 1.0, 3.0, 2.0]","[0.0, 13.0, 13.0, 15.0, -12.0, 17.0, 10.0, 11.0, -14.0, 14.0, 10.0, 11.0, 13.0, -21.0, 11.0, 14.0]"
1,1791637221.6876974,"[-47.54826299999999, 88.77067799999998, 47.63768999999999, 47.19823500000001, 0.0007679999999936626, 77.69641200000001, 47.81347199999999, 47.110344, 48.077145, 88.155441, 47.286125999999996, 47.02245300000001, -1.7570519999999874, 103.09691099999998, 85.958166, 71.807715]","[0.0, 1.0, 2.0, 2.0, 1.0, 1.0, 3.0, 2.0, 1.0, 1.0, 4.0, 3.0, 1.0, 1.0, 0.0, 1.0]","[-10.0, 12.0, 14.0, 15.0, -12.0, 17.0, 9.0, 12.0, -14.0, 15.0, 10.0, 12.0, 13.0, -21.0, 15.0, 16.0]"
1,1791637221.9150944,"[-48.954519000000005, 88.77067799999998, 48.51660000000001, 48.165036000000015, 0.0007679999999936626, 77.69641200000001, 48.780272999999994, 47.901363, 49.043946000000005, 88.155441, 48.165036000000015, 47.81347199999999, -1.7570519999999874, 103.18480199999999, 86.30973, 72.159279]","[-3.0, 1.0, 1.0, 1.0, 1.0, 1.0, 2.0, 1.0, 1.0, 1.0, 3.0, 1.0, 1.0, 1.0, 1.0, 1.0]","[-8.0, 13.0, 14.0, 15.0, -12.0, 17.0, 10.0, 11.0, -14.0, 14.0, 10.0, 12.0, 13.0, -20.0, 17.0, 18.0]"
1,1791637222.1357386,"[-49.74553800000001, 88.77067799999998, 49.571292, 49.219728, 0.0007679999999936626, 77.69641200000001, 49.571292, 48.86816400000001, 50.01074700000001, 88.155441, 48.95605499999999, 48.95605499999999, -1.8449430000000007, 103.18480199999999, 86.57340299999998, 72.774516]","[0.0, 1.0, 3.0, 2.0, 1.0, 1.0, 1.0, 0.0, 0.0, 1.0, 2.0, 1.0, 1.0, 0.0, 1.0, 1.0]","[-9.0, 12.0, 14.0, 15.0, -12.0, 16.0, 10.0, 11.0, -14.0, 15.0, 11.0, 11.0, 13.0, -21.0, 21.0, 19.0]"
1,1791637222.3607569,"[-50.80023, 88.77067799999998, 50.538093, 50.45020199999999, 0.0007679999999936626, 77.69641200000001, 50.713875, 50.098637999999994, 51.15333000000001, 88.155441, 50.098637999999994, 49.922855999999996, -1.8449430000000007, 103.18480199999999, 86.661294, 73.12608]","[0.0, 1.0, 3.0, 1.0, 1.0, 1.0, 1.0, 3.0, 1.0, 1.0, 4.0, 1.0, 0.0, 1.0, 1.0, 1.0]","[-10.0, 13.0, 14.0, 14.0, -13.0, 17.0, 9.0, 12.0, -13.0, 14.0, 9.0, 11.0, 13.0, -21.0, 27.0, 22.0]"
1,1791637222.5869288,"[-51.67913999999999, 88.77067799999998, 51.417002999999994, 51.417002999999994, 0.0007679999999936626, 77.69641200000001, 51.59278499999999, 50.801766000000015, 52.03224, 88.155441, 51.065439, 50.889657, -1.9328339999999855, 103.272693, 86.57340299999998, 73.12608]","[0.0, 1.0, 3.0, 3.0, 1.0, 1.0, 2.0, 5.0, 1.0, 1.0, 1.0, 2.0, 0.0, 1.0, 1.0, 0.0]","[-9.0, 12.0, 14.0, 14.0, -12.0, 16.0, 10.0, 11.0, 0.0, 15.0, 11.0, 11.0, 9.0, 0.0, 9.0, 13.0]"
1,1791637222.8108835,"[-52.64594099999999, 88.77067799999998, 52.208022, 52.29591300000001, 0.0007679999999936626, 77.69641200000001, 52.208022, 51.59278499999999, 53.08693199999999, 88.155441, 52.208022, 51.856458, -1.9328339999999855, 103.272693, 86.57340299999998, 73.12608]","[-2.0, 0.0, 1.0, 1.0, 1.0, 1.0, 1.0, 1.0, 1.0, 1.0, 3.0, 1.0, 0.0, 0.0, 0.0, 0.0]","[-9.0, 12.0, 15.0, 14.0, -12.0, 17.0, 11.0, 12.0, -1.0, 14.0, 10.0, 12.0, 9.0, 0.0, 10.0, 13.0]"
1,1791637223.034909,"[-53.788523999999995, 88.77067799999998, 53.08693199999999, 53.350605, -0.08712299999999118, 77.69641200000001, 52.559585999999996, 51.680676000000005, 54.053732999999994, 88.155441, 53.174823, 52.91114999999999, -1.9328339999999855, 103.272693, 86.57340299999998, 73.21397100000002]","[-3.0, 0.0, 3.0, 3.0, 0.0, 1.0, 1.0, 1.0, 1.0, 1.0, 2.0, 4.0, 0.0, 0.0, 1.0, 1.0]","[-9.0, 12.0, 15.0, 14.0, 0.0, 16.0, 13.0, 16.0, 0.0, 15.0, 10.0, 10.0, 9.0, 0.0, 7.0, 12.0]"
1,1791637223.2557938,"[-54.491652, 88.77067799999998, 54.053732999999994, 54.317406000000005, -0.08712299999999118, 77.69641200000001, 52.82325900000001, 52.03224, 55.020534, 88.155441, 53.96584200000001, 53.79006000000001, -1.9328339999999855, 103.272693, 86.57340299999998, 73.21397100000002]","[-1.0, 0.0, 3.0, 1.0, 0.0, 1.0, 1.0, 1.0, 0.0, 1.0, 2.0, 1.0, 0.0, 0.0, 0.0, 0.0]","[-9.0, 12.0, 15.0, 14.0, 0.0, 16.0, 16.0, 18.0, -2.0, 15.0, 10.0, 11.0, 9.0, 0.0, 10.0, 5.0]"
1,1791637223.482845,"[-55.37056199999999, 88.68278700000002, 54.66897, 55.196315999999996, -0.17501400000000444, 77.69641200000001, 52.91114999999999, 52.735367999999994, 56.075226000000015, 88.155441, 54.844752, 54.93264300000001, -1.9328339999999855, 103.272693, 86.57340299999998, 73.12608]","[0.0, 0.0, 1.0, 1.0, 0.0, 1.0, 1.0, 1.0, 1.0, 1.0, 1.0, 4.0, 0.0, 1.0, 0.0, 1.0]","[-11.0, 13.0, 17.0, 14.0, 11.0, 17.0, 18.0, 19.0, -1.0, 15.0, 10.0, 11.0, 9.0, -7.0, 8.0, 4.0]"
1,1791637223.7041438,"[-56.337362999999996, 88.68278700000002, 55.54787999999999, 56.163117, -0.17501400000000444, 77.608521, 53.350605, 53.08693199999999, 56.954136000000005, 88.33122300000002, 55.987335, 55.635771000000005, -1.9328339999999855, 103.272693, 86.661294, 73.21397100000002]","[0.0, 0.0, 1.0, 3.0, 0.0, 0.0, 1.0, 1.0, 1.0, 2.0, 1.0, 5.0, 0.0, 1.0, 1.0, 1.0]","[-10.0, 12.0, 19.0, 14.0, 11.0, 17.0, 24.0, 22.0, 0.0, 13.0, 10.0, 11.0, 10.0, -1.0, 0.0, 0.0]"
1,1791637223.9278424,"[-56.952600000000004, 88.594896, 56.690462999999994, 57.21780900000002, -0.17501400000000444, 77.608521, 53.174823, 52.999041000000005, 57.92093700000001, 88.41911399999998, 56.86624499999999, 56.86624499999999, -1.9328339999999855, 103.272693, 86.661294, 73.21397100000002]","[0.0, 1.0, 5.0, 2.0, 0.0, 0.0, 0.0, 0.0, 1.0, 1.0, 3.0, 2.0, 0.0, 0.0, 1.0, 1.0]","[-11.0, 13.0, 15.0, 15.0, 11.0, 10.0, 10.0, 10.0, 0.0, 14.0, 11.0, 11.0, 9.0, 0.0, 0.0, 0.0]"
1,1791637224.154835,"[-58.534638, 88.68278700000002, 58.272501000000005, 58.36039199999999, -0.17501400000000444, 77.608521, 53.174823, 52.999041000000005, 58.975629, 88.41911399999998, 57.74515500000001, 57.74515500000001, -1.9328339999999855, 103.272693, 86.661294, 73.21397100000002]","[-5.0, 1.0, 3.0, 3.0, 0.0, 0.0, 0.0, 0.0, 1.0, 0.0, 1.0, 3.0, 0.0, 1.0, 1.0, 1.0]","[-9.0, 12.0, 15.0, 14.0, 11.0, 10.0, 9.0, 9.0, 0.0, 13.0, 11.0, 11.0, 9.0, 0.0, 0.0, 0.0]"
1,1791637224.3788233,"[-59.149874999999994, 88.77067799999998, 59.67875699999999, 59.23930200000001, -0.17501400000000444, 77.52062999999998, 53.174823, 52.999041000000005, 59.94243, 88.41911399999998, 58.799847, 58.799847, -1.9328339999999855, 103.272693, 86.661294, 73.21397100000002]","[0.0, 1.0, 2.0, 2.0, 0.0, 0.0, 0.0, 0.0, 1.0, 0.0, 4.0, 2.0, 0.0, 0.0, 1.0, 1.0]","[-10.0, 12.0, 13.0, 13.0, 12.0, 10.0, 10.0, 10.0, 0.0, 14.0, 11.0, 12.0, 10.0, 0.0, 0.0, 0.0]"
1,1791637224.6000476,"[-60.468239999999994, 88.77067799999998, 60.645557999999994, 59.23930200000001, -0.17501400000000444, 77.52062999999998, 53.174823, 52.999041000000005, 60.99712199999999, 88.41911399999998, 59.85453900000002, 58.88773800000001, -1.9328339999999855, 103.272693, 86.661294, 73.21397100000002]","[-1.0, 1.0, 1.0, 1.0, 0.0, 0.0, 0.0, 0.0, 1.0, 0.0, 1.0, 1.0, 0.0, 0.0, 0.0, 1.0]","[-11.0, 12.0, 14.0, 15.0, 11.0, 10.0, 10.0, 11.0, 0.0, 13.0, 11.0, 11.0, 8.0, 0.0, 0.0, 0.0]"
1,1791637224.8267083,"[-61.610822999999996, 88.77067799999998, 61.788140999999996, 59.23930200000001, -0.17501400000000444, 77.52062999999998, 53.174823, 52.999041000000005, 61.963922999999994, 88.41911399999998, 61.085013000000004, 58.88773800000001, -1.9328339999999855, 103.272693, 86.661294, 73.21397100000002]","[0.0, 0.0, 1.0, 1.0, 0.0, 1.0, 0.0, 0.0, 2.0, 1.0, 1.0, 0.0, 0.0, 1.0, 1.0, 1.0]","[-9.0, 13.0, 14.0, 15.0, 11.0, 9.0, 10.0, 10.0, 0.0, 13.0, 11.0, 11.0, 10.0, 0.0, 0.0, 0.0]"
1,1791637225.0476558,"[-62.489733, 88.85856899999999, 62.667051000000015, 59.23930200000001, -0.17501400000000444, 77.52062999999998, 53.174823, 52.999041000000005, 62.84283300000001, 88.41911399999998, 62.227596000000005, 58.88773800000001, -1.9328339999999855, 103.272693, 86.661294, 73.21397100000002]","[0.0, 1.0, 1.0, 1.0, 0.0, 0.0, 0.0, 0.0, 2.0, 1.0, 3.0, 0.0, 0.0, 1.0, 1.0, 1.0]","[-9.0, 12.0, 13.0, 14.0, 11.0, 10.0, 9.0, 9.0, 13.0, 13.0, 10.0, 11.0, 11.0, -2.0, 0.0, 0.0]"
1,1791637225.2727282,"[-63.720207, 88.85856899999999, 63.80963400000002, 59.23930200000001, -0.17501400000000444, 77.52062999999998, 53.174823, 52.999041000000005, 63.985416000000015, 88.41911399999998, 63.19439700000001, 58.88773800000001, -1.9328339999999855, 103.272693, 86.661294, 73.21397100000002]","[-2.0, 1.0, 3.0, 1.0, 0.0, 0.0, 0.0, 0.0, 1.0, 0.0, 1.0, 1.0, 0.0, 0.0, 1.0, 1.0]","[-9.0, 12.0, 15.0, 15.0, 11.0, 10.0, 10.0, 8.0, 0.0, 14.0, 10.0, 11.0, 9.0, 0.0, 0.0, 0.0]"
1,1791637225.4959953,"[-64.68700799999999, 88.85856899999999, 64.68854400000001, 59.23930200000001, -0.17501400000000444, 77.52062999999998, 53.174823, 52.999041000000005, 64.95221699999999, 88.33122300000002, 63.985416000000015, 58.88773800000001, -1.9328339999999855, 103.272693, 86.661294, 73.21397100000002]","[0.0, 1.0, 1.0, 1.0, 0.0, 0.0, 1.0, 0.0, 1.0, 1.0, 1.0, 1.0, 0.0, 0.0, 1.0, 1.0]","[-9.0, 12.0, 13.0, 14.0, 11.0, 9.0, 9.0, 10.0, 0.0, 14.0, 10.0, 11.0, 9.0, 0.0, 0.0, 0.0]"
1,1791637225.7226515,"[-65.390136, 88.85856899999999, 65.65534500000001, 59.23930200000001, -0.17501400000000444, 77.52062999999998, 53.174823, 52.999041000000005, 65.919018, 88.41911399999998, 64.864326, 58.88773800000001, -1.9328339999999855, 103.272693, 86.661294, 73.21397100000002]","[0.0, 1.0, 2.0, 1.0, 0.0, 0.0, 1.0, 0.0, 1.0, 1.0, 1.0, 0.0, 0.0, 0.0, 0.0, 1.0]","[-10.0, 12.0, 12.0, 14.0, 11.0, 10.0, 9.0, 10.0, 0.0, 14.0, 10.0, 12.0, 10.0, 0.0, 0.0, 0.0]"
1,1791637225.9467106,"[-66.444828, 88.85856899999999, 66.710037, 59.23930200000001, -0.17501400000000444, 77.52062999999998, 53.174823, 52.999041000000005, 66.97371000000001, 88.33122300000002, 66.00690900000001, 58.88773800000001, -1.9328339999999855, 103.272693, 86.661294, 73.21397100000002]","[0.0, 1.0, 1.0, 1.0, 0.0, 0.0, 0.0, 0.0, 1.0, 1.0, 1.0, 1.0, 0.0, 2.0, 1.0, 1.0]","[-10.0, 11.0, 14.0, 14.0, 11.0, 9.0, 11.0, 9.0, 0.0, 14.0, 11.0, 11.0, 9.0, -8.0, 0.0, 0.0]"
1,1791637226.1679938,"[-67.49952, 88.85856899999999, 67.76472900000002, 59.23930200000001, -0.17501400000000444, 77.52062999999998, 53.174823, 52.999041000000005, 67.94051100000001, 88.41911399999998, 66.79792800000001, 58.88773800000001, -1.9328339999999855, 103.272693, 86.661294, 73.21397100000002]","[0.0, 1.0, 3.0, 1.0, 0.0, 1.0, 0.0, 0.0, 3.0, 2.0, 2.0, 1.0, 0.0, 1.0, 1.0, 1.0]","[-10.0, 12.0, 14.0, 14.0, 11.0, 10.0, 9.0, 10.0, 0.0, 13.0, 11.0, 10.0, 9.0, -3.0, 0.0, 0.0]"
1,1791637226.3911285,"[-68.37843, 88.85856899999999, 68.73152999999999, 59.23930200000001, -0.17501400000000444, 77.52062999999998, 53.174823, 52.999041000000005, 68.90731199999999, 88.41911399999998, 67.58894699999999, 58.88773800000001, -1.9328339999999855, 103.272693, 86.661294, 73.21397100000002]","[0.0, 1.0, 1.0, 1.0, 0.0, 1.0, 0.0, 0.0, 1.0, 1.0, 2.0, 1.0, 0.0, 0.0, 1.0, 1.0]","[-11.0, 12.0, 14.0, 15.0, 12.0, 10.0, 10.0, 11.0, 13.0, 14.0, 11.0, 10.0, 9.0, 0.0, 0.0, 0.0]"
1,1791637226.6187997,"[-69.433122, 89.298024, 69.61044000000001, 59.23930200000001, -0.17501400000000444, 77.52062999999998, 53.174823, 52.999041000000005, 69.874113, 88.41911399999998, 68.379966, 58.88773800000001, -1.9328339999999855, 103.272693, 86.661294, 73.21397100000002]","[-3.0, 1.0, 1.0, 1.0, 0.0, 0.0, 0.0, 0.0, 3.0, 1.0, 1.0, 1.0, 0.0, 0.0, 1.0, 1.0]","[-11.0, 11.0, 14.0, 13.0, 12.0, 9.0, 9.0, 9.0, 13.0, 13.0, 13.0, 11.0, 9.0, 0.0, 0.0, 0.0]"
1,1791637226.8425782,"[-70.399923, 89.298024, 70.137786, 59.23930200000001, -0.17501400000000444, 77.52062999999998, 53.174823, 52.999041000000005, 70.75302300000001, 88.33122300000002, 69.522549, 58.88773800000001, -1.9328339999999855, 103.272693, 86.661294, 73.21397100000002]","[-2.0, 1.0, 1.0, 1.0, 0.0, 0.0, 0.0, 0.0, 1.0, 0.0, 2.0, 1.0, 0.0, 0.0, 1.0, 1.0]","[-10.0, 11.0, 15.0, 14.0, 11.0, 10.0, 9.0, 10.0, 14.0, 14.0, 11.0, 10.0, 9.0, 0.0, 0.0, 0.0]"
1,1791637227.0654426,"[-71.366724, 89.38591500000001, 70.48935, 59.23930200000001, -0.17501400000000444, 77.52062999999998, 53.174823, 52.999041000000005, 71.807715, 88.41911399999998, 70.48935, 58.88773800000001, -1.9328339999999855, 103.272693, 86.661294, 73.21397100000002]","[-1.0, 1.0, 1.0, 1.0, 0.0, 1.0, 1.0, 0.0, 1.0, 1.0, 2.0, 0.0, 0.0, 0.0, 1.0, 1.0]","[-10.0, 10.0, 17.0, 15.0, 11.0, 10.0, 10.0, 10.0, 13.0, 14.0, 12.0, 11.0, 9.0, 0.0, 0.0, 0.0]"
1,1791637227.2869434,"[-72.50930699999999, 89.47380600000002, 70.75302300000001, 59.23930200000001, -0.17501400000000444, 77.52062999999998, 53.174823, 52.999041000000005, 72.59873400000001, 88.33122300000002, 71.36825999999999, 58.88773800000001, -1.9328339999999855, 103.272693, 86.661294, 73.21397100000002]","[-1.0, 1.0, 2.0, 1.0, 0.0, 0.0, 1.0, 0.0, 1.0, 0.0, 2.0, 1.0, 0.0, 0.0, 1.0, 1.0]","[-10.0, 11.0, 20.0, 14.0, 12.0, 9.0, 10.0, 9.0, 14.0, 13.0, 12.0, 11.0, 9.0, -1.0, 0.0, 0.0]"
1,1791637227.5122342,"[-73.212435, 89.649588, 71.456151, 59.23930200000001, -0.17501400000000444, 77.52062999999998, 53.174823, 52.999041000000005, 73.653426, 88.41911399999998, 72.42295200000001, 58.88773800000001, -1.9328339999999855, 103.272693, 86.661294, 73.21397100000002]","[0.0, 1.0, 1.0, 0.0, 0.0, 0.0, 1.0, 0.0, 1.0, 1.0, 3.0, 1.0, 0.0, 1.0, 1.0, 1.0]","[-10.0, 10.0, 21.0, 15.0, 12.0, 10.0, 10.0, 9.0, 14.0, 14.0, 11.0, 11.0, 9.0, 0.0, 0.0, 0.0]"
1,1791637227.7356017,"[-73.739781, 89.73747900000001, 71.807715, 59.23930200000001, -0.17501400000000444, 77.52062999999998, 53.174823, 52.999041000000005, 74.53233600000002, 88.41911399999998, 73.301862, 58.88773800000001, -1.9328339999999855, 103.272693, 86.661294, 73.21397100000002]","[-1.0, 1.0, 0.0, 1.0, 0.0, 0.0, 0.0, 0.0, 1.0, 0.0, 2.0, 1.0, 0.0, 1.0, 0.0, 1.0]","[-12.0, 11.0, 25.0, 14.0, 11.0, 10.0, 9.0, 9.0, 14.0, 14.0, 12.0, 12.0, 9.0, -2.0, 1.0, 0.0]"
1,1791637227.9590366,"[-73.739781, 89.91326099999998, 72.68662499999999, 59.151410999999996, -0.17501400000000444, 77.52062999999998, 53.174823, 52.999041000000005, 74.620227, 88.41911399999998, 74.092881, 58.88773800000001, -1.9328339999999855, 103.272693, 86.661294, 73.21397100000002]","[0.0, 3.0, 1.0, 0.0, 0.0, 0.0, 0.0, 0.0, 1.0, 0.0, 3.0, 1.0, 0.0, 0.0, 1.0, 1.0]","[-13.0, 0.0, 25.0, 14.0, 11.0, 10.0, 10.0, 9.0, 14.0, 14.0, 13.0, 12.0, 9.0, 0.0, 0.0, 0.0]"
1,1791637228.1865113,"[-73.739781, 89.91326099999998, 73.477644, 59.151410999999996, -0.17501400000000444, 77.52062999999998, 53.174823, 52.999041000000005, 74.620227, 88.41911399999998, 74.971791, 58.88773800000001, -1.9328339999999855, 103.272693, 86.661294, 73.21397100000002]","[0.0, 1.0, 1.0, 0.0, 0.0, 1.0, 1.0, 0.0, 0.0, 0.0, 2.0, 1.0, 0.0, 0.0, 0.0, 1.0]","[-12.0, 0.0, 27.0, 14.0, 11.0, 10.0, 10.0, 10.0, 15.0, 14.0, 13.0, 11.0, 10.0, 0.0, 0.0, 0.0]"
1,1791637228.4071975,"[-73.739781, 90.00115199999999, 74.18077199999999, 59.151410999999996, -0.17501400000000444, 77.52062999999998, 53.174823, 52.999041000000005, 74.620227, 88.41911399999998, 75.67491900000002, 58.88773800000001, -1.9328339999999855, 103.272693, 86.661294, 73.21397100000002]","[0.0, 1.0, 1.0, 0.0, 0.0, 0.0, 0.0, 0.0, 1.0, 0.0, 3.0, 1.0, 0.0, 1.0, 1.0, 1.0]","[-12.0, -5.0, 29.0, 15.0, 12.0, 11.0, 9.0, 10.0, 14.0, 13.0, 15.0, 11.0, 9.0, -2.0, 0.0, 0.0]"
1,1791637228.6341908,"[-73.739781, 90.00115199999999, 74.268663, 59.151410999999996, -0.17501400000000444, 77.52062999999998, 53.174823, 52.999041000000005, 74.620227, 88.33122300000002, 76.37804699999998, 58.88773800000001, -1.9328339999999855, 103.272693, 86.661294, 73.21397100000002]","[0.0, 1.0, 1.0, 0.0, 0.0, 0.0, 0.0, 0.0, 0.0, 0.0, 1.0, 1.0, 0.0, 1.0, 1.0, 1.0]","[-12.0, -9.0, 35.0, 14.0, 11.0, 10.0, 10.0, 10.0, 14.0, 13.0, 15.0, 11.0, 9.0, 0.0, 0.0, 0.0]"
1,1791637228.8584495,"[-73.739781, 90.00115199999999, 75.67491900000002, 59.151410999999996, -0.17501400000000444, 77.52062999999998, 53.174823, 52.999041000000005, 74.620227, 88.41911399999998, 77.52062999999998, 58.88773800000001, -1.9328339999999855, 103.272693, 86.661294, 73.21397100000002]","[0.0, 1.0, 2.0, 0.0, 0.0, 0.0, 0.0, 0.0, 0.0, 1.0, 3.0, 1.0, 0.0, 1.0, 1.0, 1.0]","[-12.0, -10.0, 32.0, 16.0, 11.0, 10.0, 9.0, 10.0, 14.0, 14.0, 14.0, 11.0, 10.0, 0.0, 0.0, 0.0]"
1,1791637229.0788925,"[-73.739781, 89.91326099999998, 75.67491900000002, 59.151410999999996, -0.17501400000000444, 77.52062999999998, 53.174823, 52.999041000000005, 74.620227, 88.33122300000002, 78.39954, 58.88773800000001, -1.9328339999999855, 103.272693, 86.661294, 73.21397100000002]","[0.0, 0.0, 1.0, 1.0, 0.0, 0.0, 0.0, 0.0, 1.0, 0.0, 1.0, 1.0, 0.0, 0.0, 1.0, 1.0]","[-12.0, -4.0, 40.0, 15.0, 12.0, 10.0, 10.0, 9.0, 14.0, 14.0, 15.0, 11.0, 9.0, 0.0, 0.0, 0.0]"
1,1791637229.3063707,"[-73.739781, 90.00115199999999, 75.49913699999999, 59.06352000000001, -0.17501400000000444, 77.52062999999998, 53.174823, 52.999041000000005, 74.620227, 88.41911399999998, 79.45423199999999, 58.88773800000001, -1.9328339999999855, 103.272693, 86.661294, 73.21397100000002]","[0.0, 1.0, 0.0, 0.0, 0.0, 0.0, 0.0, 0.0, 1.0, 1.0, 4.0, 1.0, 0.0, 1.0, 0.0, 1.0]","[0.0, -6.0, 13.0, 13.0, 12.0, 9.0, 9.0, 10.0, 14.0, 13.0, 14.0, 11.0, 9.0, 0.0, 2.0, 0.0]"
1,1791637229.528096,"[-73.739781, 89.91326099999998, 75.49913699999999, 59.06352000000001, -0.17501400000000444, 77.52062999999998, 53.174823, 52.999041000000005, 74.620227, 88.41911399999998, 80.50892399999998, 58.88773800000001, -1.9328339999999855, 103.272693, 86.661294, 73.21397100000002]","[0.0, 0.0, 0.0, 1.0, 0.0, 0.0, 0.0, 0.0, 0.0, 1.0, 4.0, 1.0, 0.0, 1.0, 1.0, 1.0]","[0.0, 0.0, 13.0, 13.0, 11.0, 10.0, 10.0, 11.0, 14.0, 13.0, 16.0, 11.0, 9.0, -1.0, 0.0, 0.0]"
1,1791637229.7542655,"[-73.739781, 90.00115199999999, 75.49913699999999, 59.06352000000001, -0.17501400000000444, 77.52062999999998, 53.174823, 52.999041000000005, 74.620227, 88.41911399999998, 81.47572500000001, 58.88773800000001, -1.9328339999999855, 103.272693, 86.661294, 73.21397100000002]","[0.0, 1.0, 0.0, 0.0, 0.0, 0.0, 1.0, 0.0, 1.0, 1.0, 4.0, 1.0, 0.0, 0.0, 1.0, 1.0]","[0.0, -10.0, 13.0, 13.0, 11.0, 10.0, 9.0, 10.0, 14.0, 13.0, 15.0, 11.0, 9.0, 0.0, 0.0, 0.0]"
1,1791637229.977359,"[-73.739781, 89.91326099999998, 75.49913699999999, 59.06352000000001, -0.17501400000000444, 77.52062999999998, 53.174823, 52.999041000000005, 74.620227, 88.41911399999998, 82.26674400000002, 58.88773800000001, -1.9328339999999855, 103.272693, 86.661294, 73.21397100000002]","[0.0, 0.0, 0.0, 0.0, 0.0, 0.0, 1.0, 0.0, 0.0, 1.0, 1.0, 1.0, 0.0, 0.0, 1.0, 1.0]","[0.0, -2.0, 14.0, 12.0, 12.0, 10.0, 9.0, 10.0, 14.0, 14.0, 16.0, 11.0, 9.0, -1.0, 0.0, 0.0]"
1,1791637230.199431,"[-73.739781, 90.00115199999999, 75.49913699999999, 59.06352000000001, -0.17501400000000444, 77.52062999999998, 53.174823, 52.999041000000005, 74.620227, 88.41911399999998, 83.23354499999999, 58.88773800000001, -1.9328339999999855, 103.272693, 86.661294, 73.21397100000002]","[0.0, 1.0, 0.0, 0.0, 0.0, 0.0, 0.0, 0.0, 1.0, 1.0, 3.0, 1.0, 0.0, 1.0, 1.0, 1.0]","[0.0, -11.0, 14.0, 12.0, 11.0, 10.0, 10.0, 9.0, 14.0, 14.0, 15.0, 11.0, 10.0, -2.0, 0.0, 0.0]"
1,1791637230.4262602,"[-73.739781, 90.00115199999999, 75.49913699999999, 59.06352000000001, -0.17501400000000444, 77.52062999999998, 53.174823, 52.999041000000005, 74.620227, 88.41911399999998, 84.11245500000001, 58.88773800000001, -1.9328339999999855, 103.272693, 86.661294, 73.21397100000002]","[0.0, 0.0, 0.0, 1.0, 0.0, 0.0, 0.0, 0.0, 1.0, 1.0, 3.0, 1.0, 0.0, 0.0, 1.0, 1.0]","[0.0, -4.0, 13.0, 12.0, 11.0, 9.0, 10.0, 10.0, 14.0, 14.0, 17.0, 11.0, 10.0, -1.0, 0.0, 0.0]"
1,1791637230.6502435,"[-73.739781, 89.91326099999998, 75.49913699999999, 59.06352000000001, -0.17501400000000444, 77.52062999999998, 53.174823, 52.999041000000005, 74.620227, 88.41911399999998, 84.55191000000002, 58.88773800000001, -1.9328339999999855, 103.272693, 86.661294, 73.21397100000002]","[0.0, -1.0, 0.0, 0.0, 0.0, 0.0, 0.0, 0.0, 0.0, 1.0, 1.0, 1.0, 0.0, 1.0, 1.0, 1.0]","[0.0, -2.0, 13.0, 12.0, 11.0, 10.0, 10.0, 10.0, 14.0, 14.0, 20.0, 11.0, 9.0, 0.0, 0.0, 0.0]"
1,1791637230.871624,"[-73.739781, 89.91326099999998, 75.49913699999999, 59.06352000000001, -0.17501400000000444, 77.52062999999998, 53.174823, 52.999041000000005, 74.53233600000002, 88.41911399999998, 85.518711, 58.88773800000001, -1.9328339999999855, 103.272693, 86.661294, 73.21397100000002]","[0.0, 1.0, 0.0, 0.0, 0.0, 0.0, 0.0, 0.0, 0.0, 0.0, 1.0, 1.0, 0.0, 0.0, 1.0, 1.0]","[0.0, -3.0, 14.0, 13.0, 11.0, 9.0, 9.0, 10.0, 13.0, 14.0, 19.0, 11.0, 8.0, 0.0, 0.0, 0.0]"
1,1791637231.0957446,"[-73.739781, 90.00115199999999, 75.49913699999999, 59.06352000000001, -0.17501400000000444, 77.52062999999998, 53.174823, 52.999041000000005, 74.620227, 88.41911399999998, 85.69449300000002, 58.88773800000001, -1.9328339999999855, 103.272693, 86.661294, 73.21397100000002]","[0.0, 1.0, 0.0, 1.0, 0.0, 0.0, 0.0, 0.0, 0.0, 1.0, 1.0, 1.0, 0.0, 1.0, 1.0, 1.0]","[0.0, -10.0, 14.0, 13.0, 12.0, 10.0, 9.0, 9.0, 15.0, 13.0, 26.0, 11.0, 9.0, -4.0, 0.0, 0.0]"
2,1791637233.114223,"[0.0007679999999936626, -5.009018999999995, -1.229705999999993, -0.17501400000000444, -0.08712299999999118, -5.4484740000000045, -0.08712299999999118, -0.35079600000000255, 0.08865900000000693, -5.272692000000006, -1.3175970000000063, 0.26444100000000503, -1.3175970000000063, 178.33160700000002, 40.07906399999999, 25.66494]","[0.0, 1.0, 1.0, 0.0, 1.0, 1.0, 1.0, 1.0, 0.0, 1.0, 1.0, 0.0, 1.0, 1.0, 0.0, 1.0]","[-8.0, 32.0, 17.0, 13.0, 0.0, 36.0, 0.0, 9.0, -14.0, 35.0, 11.0, -10.0, 12.0, 16.0, -10.0, -14.0]"
2,1791637233.3379736,"[0.0007679999999936626, -5.009018999999995, -1.229705999999993, 0.08865900000000693, -0.08712299999999118, -5.096910000000008, 0.44022300000000314, -0.35079600000000255, 0.08865900000000693, -5.272692000000006, -1.1418150000000082, 0.3523319999999899, -1.3175970000000063, 177.98004300000002, 40.166955, 25.752831000000015]","[0.0, 1.0, 1.0, 1.0, 1.0, 1.0, 1.0, 1.0, 0.0, 1.0, 1.0, 1.0, 1.0, 0.0, 1.0, 1.0]","[-9.0, 41.0, 19.0, 15.0, 0.0, 50.0, 12.0, 13.0, -13.0, 45.0, 14.0, 9.0, 17.0, -12.0, 11.0, 13.0]"
2,1791637233.5589736,"[0.0007679999999936626, -4.92112800000001, -0.08712299999999118, 0.44022300000000314, -0.08712299999999118, -3.7785450000000083, 0.9675689999999975, 0.44022300000000314, 0.08865900000000693, -5.272692000000006, -0.6144689999999855, 0.528113999999988, -1.3175970000000063, 177.62847900000003, 40.518519, 26.368067999999994]","[0.0, 1.0, 1.0, 1.0, 1.0, 1.0, 1.0, 2.0, 0.0, 1.0, 1.0, 1.0, 1.0, 1.0, 1.0, 2.0]","[-8.0, 49.0, 19.0, 16.0, 0.0, 58.0, 11.0, 13.0, -14.0, 56.0, 16.0, 12.0, 20.0, -25.0, 13.0, 14.0]"
2,1791637233.7858968,"[0.0007679999999936626, -4.393781999999987, 0.8796780000000126, 1.582806000000005, -0.08712299999999118, -2.6359620000000064, 1.6706969999999899, 1.407024000000007, 0.08865900000000693, -4.657454999999999, 0.08865900000000693, 0.6160050000000012, -1.3175970000000063, 176.48589600000003, 41.573211000000015, 27.159087]","[0.0, 1.0, 1.0, 4.0, 1.0, 8.0, 0.0, 1.0, 0.0, 1.0, 3.0, 1.0, 1.0, -3.0, 4.0, 1.0]","[-9.0, 54.0, 19.0, 15.0, 0.0, 62.0, 12.0, 12.0, -14.0, 60.0, 16.0, 16.0, 28.0, -36.0, 12.0, 15.0]"
2,1791637234.0067265,"[0.0007679999999936626, -4.393781999999987, 1.7585880000000031, 2.3738250000000107, -0.08712299999999118, 0.3523319999999899, 2.6374979999999937, 2.1101519999999994, 0.08865900000000693, -4.657454999999999, 1.3191329999999937, 2.0222610000000145, -1.3175970000000063, 173.14603799999998, 42.36422999999999, 28.03799699999999]","[0.0, 1.0, 1.0, 1.0, 1.0, 5.0, 3.0, 4.0, 0.0, 1.0, 3.0, 5.0, 1.0, -3.0, 2.0, 1.0]","[-8.0, 66.0, 19.0, 17.0, 0.0, 57.0, 12.0, 14.0, -14.0, 72.0, 16.0, 14.0, 35.0, -34.0, 14.0, 15.0]"
2,1791637234.233963,"[0.0007679999999936626, -2.9875260000000026, 2.813279999999992, 3.2527350000000013, -0.08712299999999118, 1.7585880000000031, 3.2527350000000013, 3.2527350000000013, 0.08865900000000693, -3.2511989999999855, 2.1101519999999994, 3.076953000000003, -1.3175970000000063, 169.71828900000003, 43.24314000000001, 29.268471000000005]","[0.0, 11.0, 3.0, 1.0, 1.0, 8.0, 1.0, 2.0, 0.0, 3.0, 1.0, 4.0, 1.0, -5.0, 3.0, 3.0]","[-9.0, 53.0, 19.0, 16.0, 0.0, 56.0, 14.0, 13.0, -13.0, 64.0, 16.0, 13.0, 44.0, -32.0, 14.0, 14.0]"
2,1791637234.4540598,"[0.0007679999999936626, -1.3175970000000063, 3.7800809999999956, 4.483208999999988, -0.08712299999999118, 3.6921900000000107, 4.30742699999999, 4.30742699999999, 0.08865900000000693, -3.2511989999999855, 3.076953000000003, 4.043754000000007, 0.528113999999988, 168.31203299999999, 44.473614, 30.147380999999996]","[0.0, 1.0, 1.0, 1.0, 1.0, 1.0, 1.0, 1.0, 0.0, 1.0, 3.0, 1.0, 8.0, 0.0, 3.0, 1.0]","[-8.0, 52.0, 20.0, 16.0, 0.0, 64.0, 13.0, 12.0, -14.0, 80.0, 17.0, 14.0, 33.0, -43.0, 13.0, 15.0]"
2,1791637234.681896,"[0.0007679999999936626, -1.3175970000000063, 4.746881999999999, 5.537901000000005, -0.08712299999999118, 5.9773560000000145, 5.362119000000007, 5.186337000000009, 0.08865900000000693, -3.2511989999999855, 4.30742699999999, 4.9226639999999975, 1.6706969999999899, 164.53271999999998, 44.649395999999996, 31.202073000000013]","[0.0, 1.0, 4.0, 3.0, 1.0, 5.0, 3.0, 1.0, 0.0, 1.0, 3.0, 1.0, 1.0, -7.0, 1.0, 1.0]","[-9.0, 64.0, 20.0, 15.0, 0.0, 58.0, 15.0, 14.0, -14.0, 93.0, 17.0, 13.0, 31.0, -35.0, 16.0, 14.0]"
2,1791637234.9026022,"[0.0007679999999936626, 0.3523319999999899, 5.889465000000001, 6.592592999999994, -0.08712299999999118, 6.592592999999994, 5.362119000000007, 6.504702000000009, 0.08865900000000693, 0.08865900000000693, 4.395318000000003, 6.2410289999999975, 2.6374979999999937, 161.36864400000002, 46.582998, 32.16887399999999]","[0.0, 1.0, 1.0, 3.0, 1.0, 8.0, 1.0, 4.0, 0.0, 14.0, 2.0, 2.0, 7.0, -7.0, 5.0, 1.0]","[-8.0, 54.0, 20.0, 17.0, 0.0, 70.0, 18.0, 13.0, -14.0, 59.0, 20.0, 13.0, 31.0, -34.0, 12.0, 15.0]"
2,1791637235.1298797,"[0.0007679999999936626, 0.3523319999999899, 6.328920000000011, 7.383611999999999, -0.08712299999999118, 10.108233000000013, 7.207830000000001, 7.471503000000013, 0.08865900000000693, 0.26444100000000503, 6.2410289999999975, 7.119938999999988, 3.9558629999999937, 158.11667699999998, 47.54979900000001, 33.31145699999999]","[0.0, 1.0, 6.0, 1.0, 1.0, 3.0, 1.0, 2.0, 0.0, 1.0, 2.0, 2.0, 4.0, -3.0, 3.0, 3.0]","[-9.0, 67.0, 20.0, 17.0, 0.0, 57.0, 14.0, 14.0, -14.0, 72.0, 15.0, 12.0, 31.0, -33.0, 14.0, 15.0]"
2,1791637235.3513165,"[0.0007679999999936626, 0.3523319999999899, 7.823067000000009, 8.614086000000015, -0.08712299999999118, 11.426598000000013, 8.26252199999999, 8.526195000000001, 0.08865900000000693, 1.2312420000000088, 7.119938999999988, 7.207830000000001, 4.131644999999992, 155.39205600000003, 48.34081800000001, 34.36614900000001]","[0.0, 1.0, 1.0, 4.0, 1.0, 1.0, 4.0, 3.0, 0.0, 4.0, 3.0, 1.0, 3.0, -3.0, 1.0, 3.0]","[-8.0, 76.0, 20.0, 16.0, 0.0, 66.0, 14.0, 12.0, -13.0, 71.0, 17.0, 16.0, 35.0, -35.0, 13.0, 15.0]"
2,1791637235.5749903,"[0.0007679999999936626, 3.4285169999999994, 8.877758999999998, 9.405104999999992, -0.08712299999999118, 13.623873000000003, 9.317214000000007, 9.405104999999992, 0.08865900000000693, 3.3406260000000145, 7.5593939999999975, 9.229322999999994, 6.153138000000013, 152.31587100000002, 49.571292, 35.33295000000001]","[0.0, 5.0, 4.0, 4.0, 1.0, 10.0, 3.0, 1.0, 0.0, 8.0, 6.0, 3.0, 6.0, -5.0, 4.0, 3.0]","[-9.0, 56.0, 21.0, 17.0, 0.0, 59.0, 14.0, 12.0, -14.0, 53.0, 18.0, 13.0, 28.0, -36.0, 12.0, 15.0]"
2,1791637235.8018515,"[0.0007679999999936626, 3.4285169999999994, 9.756668999999988, 10.547687999999994, -0.08712299999999118, 15.996929999999992, 10.28401500000001, 10.371905999999996, 0.08865900000000693, 4.219536000000005, 9.053540999999996, 10.108233000000013, 7.2957210000000146, 150.20648699999998, 50.538093, 36.21186]","[0.0, 1.0, 1.0, 1.0, 1.0, 3.0, 3.0, 2.0, 0.0, 1.0, 2.0, 4.0, 4.0, 0.0, 1.0, 2.0]","[-9.0, 68.0, 20.0, 16.0, 0.0, 62.0, 14.0, 14.0, -14.0, 60.0, 17.0, 14.0, 27.0, -42.0, 14.0, 14.0]"
2,1791637236.0231104,"[0.0007679999999936626, 3.4285169999999994, 10.547687999999994, 11.514488999999998, -0.08712299999999118, 17.315294999999992, 10.371905999999996, 11.338707, 0.08865900000000693, 4.219536000000005, 9.668778000000003, 10.89925199999999, 8.26252199999999, 147.13030200000003, 51.50489400000001, 37.354443]","[0.0, 1.0, 1.0, 2.0, 1.0, 10.0, 0.0, 1.0, 0.0, 1.0, 1.0, 3.0, 0.0, -4.0, 1.0, 3.0]","[-9.0, 79.0, 20.0, 17.0, 0.0, 59.0, 17.0, 14.0, -14.0, 71.0, 19.0, 14.0, 29.0, -44.0, 13.0, 14.0]"
2,1791637236.2497737,"[0.0007679999999936626, 5.889465000000001, 11.690270999999996, 12.569181000000015, -0.08712299999999118, 20.039916000000005, 12.21761699999999, 12.393398999999988, 0.08865900000000693, 4.219536000000005, 10.89925199999999, 12.041834999999992, 9.317214000000007, 143.614662, 52.64747700000001, 38.32124400000001]","[0.0, 6.0, 1.0, 3.0, 1.0, 2.0, 1.0, 1.0, 0.0, 1.0, 1.0, 3.0, 4.0, -8.0, 3.0, 2.0]","[-9.0, 55.0, 22.0, 15.0, 0.0, 58.0, 14.0, 12.0, -14.0, 86.0, 19.0, 13.0, 30.0, -33.0, 12.0, 13.0]"
2,1791637236.4720433,"[0.0007679999999936626, 7.2957210000000146, 12.569181000000015, 13.184417999999994, -0.08712299999999118, 20.39148, 13.272309000000007, 13.53598199999999, 0.08865900000000693, 7.2957210000000146, 10.89925199999999, 12.393398999999988, 10.371905999999996, 140.71425900000003, 53.526387, 39.46382700000001]","[0.0, 2.0, 1.0, 1.0, 1.0, 5.0, 1.0, 3.0, 0.0, 4.0, 1.0, 5.0, 7.0, 0.0, 3.0, 1.0]","[-9.0, 56.0, 20.0, 17.0, 0.0, 69.0, 13.0, 12.0, -14.0, 59.0, 23.0, 15.0, 26.0, -38.0, 13.0, 14.0]"
2,1791637236.6978185,"[0.0007679999999936626, 8.26252199999999, 13.799655000000001, 14.502782999999994, -0.08712299999999118, 24.522357, 14.327000999999996, 14.414892000000009, 0.08865900000000693, 8.438303999999988, 12.92074500000001, 13.887546000000015, 11.426598000000013, 137.28651000000002, 54.756861000000015, 40.518519]","[0.0, 1.0, 3.0, 4.0, 1.0, 6.0, 3.0, 1.0, 0.0, 1.0, 5.0, 1.0, 1.0, -4.0, 3.0, 3.0]","[-9.0, 57.0, 20.0, 16.0, 0.0, 55.0, 13.0, 14.0, -14.0, 58.0, 17.0, 15.0, 28.0, -33.0, 12.0, 13.0]"
2,1791637236.918644,"[0.0007679999999936626, 9.492996000000005, 14.766456000000005, 15.381693000000013, -0.08712299999999118, 26.192285999999996, 15.381693000000013, 15.733257000000009, 0.08865900000000693, 9.229322999999994, 13.53598199999999, 14.85434699999999, 12.657072, 134.122434, 55.635771000000005, 41.48532]","[0.0, 2.0, 2.0, 4.0, 1.0, 4.0, 1.0, 2.0, 0.0, 1.0, 1.0, 2.0, 4.0, -7.0, 1.0, 3.0]","[-9.0, 56.0, 19.0, 16.0, 0.0, 57.0, 13.0, 13.0, -14.0, 59.0, 19.0, 14.0, 28.0, -31.0, 12.0, 14.0]"
2,1791637237.1435544,"[0.0007679999999936626, 9.492996000000005, 15.645365999999996, 16.348493999999988, -0.08712299999999118, 28.30167, 16.524276000000015, 16.787948999999998, 0.08865900000000693, 9.229322999999994, 14.766456000000005, 15.996929999999992, 13.272309000000007, 130.782576, 56.86624499999999, 42.452121000000005]","[0.0, 1.0, 2.0, 1.0, 1.0, 3.0, 3.0, 1.0, 0.0, 1.0, 3.0, 2.0, 0.0, -2.0, 3.0, 2.0]","[-8.0, 67.0, 20.0, 15.0, 0.0, 54.0, 14.0, 12.0, -14.0, 70.0, 17.0, 14.0, 28.0, -30.0, 12.0, 14.0]"
2,1791637237.3688993,"[0.0007679999999936626, 11.250816000000015, 16.787948999999998, 17.403186000000005, -0.08712299999999118, 30.05949000000001, 17.578968000000003, 17.75475, 0.08865900000000693, 9.229322999999994, 15.996929999999992, 16.436385, 14.766456000000005, 127.61849999999998, 57.56937300000001, 43.41892200000001]","[0.0, 7.0, 1.0, 4.0, 1.0, 1.0, 5.0, 2.0, 0.0, 1.0, 3.0, 6.0, 5.0, -1.0, 5.0, 1.0]","[-8.0, 53.0, 20.0, 16.0, 0.0, 58.0, 13.0, 13.0, -14.0, 84.0, 17.0, 14.0, 26.0, -31.0, 12.0, 14.0]"
2,1791637237.5905535,"[0.0007679999999936626, 12.129726000000005, 17.930532, 17.842641000000015, -0.08712299999999118, 32.432547, 18.36998700000001, 18.633659999999992, 0.08865900000000693, 10.89925199999999, 16.787948999999998, 18.106313999999998, 15.55747500000001, 124.89387900000003, 59.06352000000001, 44.38572300000001]","[0.0, 1.0, 3.0, 6.0, 1.0, 6.0, 1.0, 3.0, 0.0, 7.0, 6.0, 5.0, 1.0, -5.0, 1.0, 1.0]","[-9.0, 61.0, 19.0, 17.0, 0.0, 55.0, 13.0, 11.0, -14.0, 69.0, 17.0, 13.0, 25.0, -29.0, 12.0, 14.0]"
2,1791637237.8148623,"[0.0007679999999936626, 12.129726000000005, 18.80944199999999, 19.336788000000013, -0.08712299999999118, 34.45403999999999, 19.248897, 19.68835200000001, 0.08865900000000693, 13.360199999999992, 18.106313999999998, 18.897333000000003, 16.700058000000013, 122.60871300000002, 60.20610300000001, 45.528306000000015]","[0.0, 1.0, 1.0, 1.0, 1.0, 1.0, 2.0, 3.0, 0.0, 2.0, 2.0, 1.0, 2.0, 0.0, 3.0, 1.0]","[-9.0, 72.0, 20.0, 16.0, 0.0, 56.0, 13.0, 12.0, -14.0, 56.0, 16.0, 14.0, 25.0, -36.0, 12.0, 14.0]"
2,1791637238.0416741,"[0.0007679999999936626, 12.129726000000005, 19.864134000000007, 20.39148, -0.08712299999999118, 36.914987999999994, 20.215698000000003, 20.655153000000013, 0.08865900000000693, 14.151218999999998, 18.985223999999988, 20.039916000000005, 17.842641000000015, 118.653618, 61.260795, 46.49510699999999]","[0.0, 1.0, 1.0, 3.0, 1.0, 7.0, 1.0, 1.0, 0.0, 1.0, 1.0, 3.0, 2.0, -4.0, 3.0, 3.0]","[-9.0, 85.0, 18.0, 17.0, 0.0, 43.0, 14.0, 12.0, -14.0, 60.0, 16.0, 13.0, 25.0, -30.0, 11.0, 15.0]"
2,1791637238.2623496,"[0.0007679999999936626, 14.678564999999992, 20.918825999999996, 21.44617199999999, -0.08712299999999118, 38.76069899999999, 21.00671700000001, 21.797736000000015, 0.08865900000000693, 14.151218999999998, 20.215698000000003, 21.00671700000001, 17.842641000000015, 115.22586899999999, 62.227596000000005, 47.54979900000001]","[0.0, 9.0, 2.0, 3.0, 1.0, 6.0, 3.0, 3.0, 0.0, 1.0, 3.0, 1.0, 1.0, -5.0, 2.0, 3.0]","[-9.0, 58.0, 19.0, 16.0, 0.0, 49.0, 15.0, 12.0, -14.0, 72.0, 16.0, 13.0, 29.0, -27.0, 11.0, 14.0]"
2,1791637238.4895532,"[0.0007679999999936626, 14.766456000000005, 22.061408999999998, 22.500864000000007, -0.08712299999999118, 40.870082999999994, 21.797736000000015, 22.76453699999999, 0.08865900000000693, 14.151218999999998, 21.00671700000001, 22.237190999999996, 20.215698000000003, 112.14968399999998, 63.45806999999999, 48.51660000000001]","[0.0, 1.0, 1.0, 2.0, 1.0, 6.0, 3.0, 1.0, 0.0, 1.0, 1.0, 2.0, 4.0, -4.0, 3.0, 1.0]","[-9.0, 79.0, 18.0, 16.0, 0.0, 47.0, 16.0, 12.0, -14.0, 87.0, 17.0, 13.0, 21.0, -25.0, 11.0, 13.0]"
2,1791637238.7105334,"[0.0007679999999936626, 17.139512999999994, 22.852428000000003, 22.588754999999992, -0.08712299999999118, 42.979467, 22.676646000000005, 23.64344700000001, 0.08865900000000693, 14.23911000000001, 21.094607999999994, 22.32508200000001, 21.270389999999992, 108.98560800000001, 64.600653, 49.39551]","[0.0, 8.0, 2.0, 1.0, 1.0, 4.0, 1.0, 2.0, 0.0, 1.0, 2.0, 1.0, 3.0, -3.0, 3.0, 1.0]","[-9.0, 57.0, 19.0, 19.0, 0.0, 46.0, 16.0, 13.0, -14.0, 99.0, 20.0, 17.0, 20.0, -26.0, 10.0, 14.0]"
2,1791637238.937548,"[0.0007679999999936626, 17.403186000000005, 23.731337999999994, 24.346575, -0.08712299999999118, 45.264633, 23.555555999999996, 24.78603000000001, 0.08865900000000693, 15.469583999999998, 23.116101000000015, 23.907119999999992, 22.14930000000001, 105.64575000000002, 65.47956300000001, 50.45020199999999]","[0.0, 1.0, 1.0, 3.0, 1.0, 8.0, 2.0, 1.0, 0.0, 19.0, 3.0, 3.0, 4.0, -6.0, 1.0, 3.0]","[-9.0, 67.0, 20.0, 17.0, 0.0, 43.0, 16.0, 13.0, -15.0, 76.0, 17.0, 12.0, 23.0, -21.0, 10.0, 15.0]"
2,1791637239.161579,"[0.0007679999999936626, 19.161006000000015, 24.78603000000001, 25.489158000000003, -0.08712299999999118, 47.901363, 24.873920999999996, 25.66494, 0.08865900000000693, 19.248897, 24.170793000000003, 25.313376000000005, 23.379773999999998, 102.21800100000002, 66.79792800000001, 51.50489400000001]","[0.0, 6.0, 3.0, 3.0, 0.0, 1.0, 4.0, 1.0, 1.0, 1.0, 3.0, 1.0, 3.0, -6.0, 2.0, 3.0]","[-9.0, 57.0, 20.0, 16.0, 0.0, 39.0, 16.0, 12.0, -14.0, 60.0, 17.0, 13.0, 21.0, -18.0, 10.0, 14.0]"
2,1791637239.3854964,"[0.0007679999999936626, 19.248897, 25.752831000000015, 26.368067999999994, -0.08712299999999118, 49.13183699999999, 25.752831000000015, 26.895413999999988, 0.08865900000000693, 19.336788000000013, 25.137594000000007, 26.28017700000001, 24.610248000000013, 99.05392499999999, 67.94051100000001, 52.559585999999996]","[0.0, 1.0, 2.0, 1.0, 1.0, 1.0, 1.0, 3.0, 0.0, 1.0, 2.0, 2.0, 3.0, -3.0, 1.0, 3.0]","[-9.0, 70.0, 19.0, 17.0, -5.0, 48.0, 15.0, 11.0, -15.0, 70.0, 16.0, 13.0, 20.0, -20.0, 9.0, 15.0]"
2,1791637239.606527,"[0.0007679999999936626, 19.336788000000013, 26.631741000000005, 27.510650999999996, -0.08712299999999118, 51.680676000000005, 27.071196000000015, 27.42276000000001, 0.08865900000000693, 19.424678999999998, 26.016503999999998, 27.510650999999996, 25.489158000000003, 95.80195800000001, 68.995203, 53.526387]","[0.0, 1.0, 2.0, 2.0, 0.0, 6.0, 5.0, 1.0, 0.0, 1.0, 1.0, 2.0, 3.0, -1.0, 2.0, 1.0]","[-8.0, 82.0, 21.0, 16.0, -5.0, 39.0, 15.0, 13.0, -14.0, 82.0, 18.0, 13.0, 19.0, -18.0, 10.0, 14.0]"
2,1791637239.8335297,"[0.0007679999999936626, 21.358281000000005, 27.510650999999996, 28.389561000000015, 0.0007679999999936626, 53.96584200000001, 28.125888000000003, 28.565343000000013, 0.08865900000000693, 19.424678999999998, 27.246978000000013, 28.477452, 26.71963199999999, 92.63788199999999, 70.04989499999999, 54.40529699999999]","[0.0, 20.0, 4.0, 1.0, 1.0, 4.0, 3.0, 3.0, 1.0, 1.0, 3.0, 1.0, 5.0, -5.0, 3.0, 1.0]","[-9.0, 56.0, 21.0, 16.0, -12.0, 36.0, 15.0, 12.0, -14.0, 96.0, 16.0, 13.0, 18.0, -17.0, 0.0, 14.0]"
2,1791637240.0574434,"[0.0007679999999936626, 22.852428000000003, 28.653233999999998, 29.620035, 0.0007679999999936626, 56.25100800000001, 29.268471000000005, 29.795817, 0.17654999999999177, 21.094607999999994, 28.03799699999999, 29.532143999999988, 27.510650999999996, 92.54999099999998, 70.92880500000001, 55.45998900000001]","[0.0, 0.0, 2.0, 2.0, 1.0, 5.0, 2.0, 3.0, 2.0, 22.0, 3.0, 3.0, 1.0, 0.0, 1.0, 1.0]","[-9.0, 62.0, 20.0, 15.0, -12.0, 39.0, 14.0, 11.0, -15.0, 69.0, 18.0, 12.0, 21.0, -18.0, 9.0, 14.0]"
2,1791637240.2783566,"[0.0007679999999936626, 24.08290199999999, 29.620035, 30.67472699999999, 0.0007679999999936626, 58.88773800000001, 30.498944999999992, 30.762618000000003, 0.17654999999999177, 25.225484999999992, 29.35636199999999, 30.67472699999999, 27.510650999999996, 92.46210000000002, 71.016696, 55.635771000000005]","[0.0, 2.0, 2.0, 3.0, 1.0, 5.0, 1.0, 1.0, 1.0, 1.0, 2.0, 4.0, 1.0, 0.0, 1.0, 0.0]","[-9.0, 59.0, 20.0, 15.0, -12.0, 34.0, 12.0, 11.0, -14.0, 49.0, 16.0, 11.0, 29.0, -18.0, 12.0, 16.0]"
2,1791637240.5053797,"[0.0007679999999936626, 24.08290199999999, 30.586836000000005, 31.729419000000007, 0.0007679999999936626, 60.909231000000005, 31.641527999999994, 31.905201000000005, 0.17654999999999177, 25.225484999999992, 30.147380999999996, 31.55363700000001, 27.510650999999996, 92.46210000000002, 71.016696, 55.811553]","[0.0, 1.0, 2.0, 1.0, 1.0, 5.0, 2.0, 2.0, 0.0, 1.0, 2.0, 1.0, 1.0, 0.0, 1.0, 1.0]","[-8.0, 69.0, 20.0, 16.0, -12.0, 31.0, 13.0, 12.0, -14.0, 59.0, 17.0, 12.0, 34.0, -18.0, 15.0, 18.0]"
2,1791637240.7260296,"[0.0007679999999936626, 26.807523000000003, 31.729419000000007, 32.52043800000001, 0.0007679999999936626, 63.106505999999996, 32.69622000000001, 32.784110999999996, 0.08865900000000693, 25.225484999999992, 31.026291000000015, 32.432547, 27.950106000000005, 92.54999099999998, 70.92880500000001, 56.25100800000001]","[0.0, 10.0, 4.0, 1.0, 1.0, 4.0, 4.0, 1.0, 0.0, 1.0, 1.0, 2.0, 1.0, 1.0, 0.0, 0.0]","[-9.0, 45.0, 20.0, 16.0, -12.0, 28.0, 12.0, 11.0, -14.0, 71.0, 17.0, 12.0, 38.0, -18.0, 20.0, 22.0]"
2,1791637240.9533134,"[0.0007679999999936626, 27.159087, 32.87200200000001, 33.83880300000001, 0.0007679999999936626, 65.919018, 33.926694, 34.01458500000001, 0.17654999999999177, 28.477452, 32.344656000000015, 33.48723899999999, 27.686432999999994, 92.54999099999998, 70.92880500000001, 56.163117]","[0.0, 1.0, 3.0, 4.0, 1.0, 6.0, 4.0, 3.0, 1.0, 5.0, 3.0, 3.0, 0.0, 1.0, 0.0, 0.0]","[-8.0, 58.0, 19.0, 15.0, -13.0, 26.0, 12.0, 12.0, -14.0, 47.0, 16.0, 12.0, 10.0, 0.0, 10.0, 12.0]"
2,1791637241.1765702,"[0.0007679999999936626, 29.004797999999994, 33.83880300000001, 34.62982199999999, 0.0007679999999936626, 67.58894699999999, 34.981386000000015, 34.981386000000015, 0.17654999999999177, 28.653233999999998, 33.48723899999999, 34.541931000000005, 27.686432999999994, 92.54999099999998, 70.92880500000001, 56.163117]","[0.0, 4.0, 2.0, 1.0, 1.0, 2.0, 2.0, 2.0, 1.0, 1.0, 3.0, 2.0, 0.0, 1.0, 0.0, 0.0]","[-9.0, 52.0, 19.0, 15.0, -12.0, 28.0, 12.0, 11.0, -14.0, 56.0, 16.0, 12.0, 9.0, 0.0, 10.0, 11.0]"
2,1791637241.3982568,"[0.0007679999999936626, 30.411054000000007, 34.981386000000015, 35.77240499999999, 0.0007679999999936626, 70.04989499999999, 36.21186, 35.94818699999999, 0.17654999999999177, 28.653233999999998, 34.45403999999999, 35.245059, 27.686432999999994, 92.54999099999998, 70.92880500000001, 56.163117]","[0.0, 7.0, 4.0, 2.0, 1.0, 7.0, 3.0, 1.0, 1.0, 1.0, 3.0, 2.0, 0.0, 1.0, 0.0, 0.0]","[-9.0, 44.0, 18.0, 15.0, -12.0, 24.0, 11.0, 12.0, -13.0, 67.0, 15.0, 13.0, 9.0, 0.0, 9.0, 12.0]"
2,1791637241.625298,"[0.0007679999999936626, 31.202073000000013, 36.12396899999999, 36.739205999999996, 0.0007679999999936626, 72.159279, 37.354443, 36.914987999999994, 0.17654999999999177, 28.653233999999998, 35.596622999999994, 36.387642, 27.686432999999994, 92.54999099999998, 70.92880500000001, 56.163117]","[0.0, 1.0, 3.0, 3.0, 1.0, 5.0, 2.0, 1.0, 1.0, 1.0, 2.0, 2.0, 0.0, 1.0, 0.0, 1.0]","[-8.0, 47.0, 18.0, 14.0, -12.0, 25.0, 10.0, 11.0, -13.0, 80.0, 16.0, 12.0, 10.0, 0.0, 10.0, 10.0]"
2,1791637241.8480847,"[0.0007679999999936626, 31.641527999999994, 37.178661000000005, 37.618116000000015, 0.0007679999999936626, 74.796009, 38.40913499999999, 38.057570999999996, 0.17654999999999177, 32.784110999999996, 36.47553300000001, 37.354443, 27.686432999999994, 92.54999099999998, 70.92880500000001, 56.163117]","[1.0, 2.0, 2.0, 3.0, 1.0, 6.0, 2.0, 1.0, 1.0, 9.0, 3.0, 2.0, 0.0, 1.0, 0.0, 1.0]","[-9.0, 53.0, 18.0, 16.0, -12.0, 18.0, 9.0, 12.0, -14.0, 49.0, 17.0, 13.0, 8.0, 0.0, 9.0, 12.0]"
2,1791637242.0732758,"[0.0007679999999936626, 33.31145699999999, 38.32124400000001, 38.32124400000001, 0.0007679999999936626, 76.72961099999998, 39.551717999999994, 39.11226300000001, 0.17654999999999177, 33.04778400000001, 37.706007, 38.497026000000005, 27.686432999999994, 92.54999099999998, 70.92880500000001, 56.163117]","[1.0, 5.0, 3.0, 0.0, 1.0, 3.0, 1.0, 3.0, 1.0, 1.0, 4.0, 3.0, 0.0, 1.0, 0.0, 0.0]","[-9.0, 46.0, 17.0, 17.0, -12.0, 20.0, 10.0, 12.0, -15.0, 51.0, 13.0, 13.0, 10.0, 0.0, 10.0, 13.0]"
2,1791637242.2945826,"[0.0007679999999936626, 33.48723899999999, 39.28804500000001, 39.46382700000001, 0.0007679999999936626, 79.01477699999998, 40.694300999999996, 39.991173, 0.17654999999999177, 34.36614900000001, 38.672808, 39.200154, 27.686432999999994, 92.54999099999998, 70.92880500000001, 56.163117]","[1.0, 1.0, 1.0, 3.0, 1.0, 7.0, 3.0, 3.0, 1.0, 7.0, 1.0, 3.0, 0.0, 1.0, 0.0, 0.0]","[-9.0, 58.0, 18.0, 16.0, -12.0, 16.0, 9.0, 12.0, -14.0, 44.0, 15.0, 12.0, 9.0, 0.0, 11.0, 12.0]"
2,1791637242.517113,"[0.0007679999999936626, 35.596622999999994, 40.43062800000001, 40.60641000000001, 0.0007679999999936626, 81.56361600000002, 41.661102, 40.870082999999994, 0.17654999999999177, 36.21186, 39.815391000000005, 40.518519, 27.686432999999994, 92.54999099999998, 70.92880500000001, 56.163117]","[1.0, 7.0, 3.0, 1.0, 1.0, 6.0, 1.0, 1.0, 1.0, 5.0, 4.0, 2.0, 0.0, 1.0, 0.0, 1.0]","[-9.0, 40.0, 17.0, 15.0, -13.0, 14.0, 9.0, 12.0, -14.0, 40.0, 13.0, 12.0, 10.0, 0.0, 11.0, 9.0]"
2,1791637242.745206,"[0.0007679999999936626, 36.387642, 41.661102, 41.48532, 0.0007679999999936626, 83.84878200000003, 42.891576000000015, 42.10055700000001, 0.17654999999999177, 36.21186, 41.04586499999999, 41.573211000000015, 27.686432999999994, 92.54999099999998, 70.92880500000001, 56.163117]","[0.0, 5.0, 3.0, 3.0, 1.0, 6.0, 3.0, 3.0, 1.0, 1.0, 4.0, 1.0, 0.0, 1.0, 0.0, 0.0]","[-8.0, 46.0, 16.0, 16.0, -12.0, 15.0, 9.0, 11.0, -14.0, 50.0, 13.0, 13.0, 9.0, 0.0, 10.0, 13.0]"
2,1791637242.9674752,"[0.0007679999999936626, 37.618116000000015, 42.627903, 42.803685, 0.0007679999999936626, 86.13394799999998, 43.85837699999999, 42.979467, 0.17654999999999177, 37.881789, 42.012665999999996, 42.627903, 27.686432999999994, 92.54999099999998, 70.92880500000001, 56.163117]","[1.0, 3.0, 2.0, 4.0, 1.0, 5.0, 3.0, 1.0, 1.0, 1.0, 1.0, 3.0, 0.0, 1.0, 0.0, 0.0]","[-8.0, 43.0, 17.0, 16.0, -12.0, 14.0, 7.0, 12.0, -14.0, 43.0, 13.0, 12.0, 9.0, 0.0, 10.0, 13.0]"
2,1791637243.1892707,"[0.0007679999999936626, 37.618116000000015, 43.68259499999999, 43.41892200000001, 0.0007679999999936626, 88.24333200000001, 44.825177999999994, 43.946268, 0.17654999999999177, 37.881789, 43.155249, 43.770486000000005, 27.686432999999994, 92.54999099999998, 70.92880500000001, 56.163117]","[1.0, 1.0, 3.0, 1.0, 1.0, 4.0, 1.0, 1.0, 1.0, 1.0, 3.0, 1.0, 0.0, 1.0, 0.0, 1.0]","[-4.0, 53.0, 16.0, 16.0, -12.0, 14.0, 9.0, 11.0, -14.0, 52.0, 13.0, 12.0, 10.0, 0.0, 10.0, 12.0]"
2,1791637243.414487,"[-0.08712299999999118, 40.07906399999999, 44.649395999999996, 44.73728700000001, 0.08865900000000693, 88.94646, 45.528306000000015, 44.91306900000001, 0.17654999999999177, 37.881789, 44.297832, 44.825177999999994, 27.686432999999994, 92.54999099999998, 70.92880500000001, 56.163117]","[0.0, 8.0, 1.0, 4.0, 1.0, 1.0, 1.0, 3.0, 1.0, 1.0, 3.0, 1.0, 1.0, 1.0, 0.0, 0.0]","[-2.0, 37.0, 17.0, 15.0, -12.0, 17.0, 10.0, 11.0, -14.0, 64.0, 12.0, 11.0, 9.0, 0.0, 10.0, 9.0]"
2,1791637243.6385508,"[-0.08712299999999118, 40.518519, 45.70408800000001, 45.791979, 0.17654999999999177, 89.298024, 45.791979, 45.35252399999999, 0.17654999999999177, 40.870082999999994, 45.00095999999999, 45.87987000000001, 27.686432999999994, 92.54999099999998, 70.92880500000001, 56.163117]","[1.0, 1.0, 1.0, 1.0, 1.0, 1.0, 1.0, 1.0, 1.0, 13.0, 3.0, 2.0, 2.0, 1.0, 0.0, 0.0]","[0.0, 44.0, 15.0, 15.0, -13.0, 30.0, 12.0, 13.0, -14.0, 38.0, 12.0, 12.0, 9.0, 0.0, 10.0, 10.0]"
2,1791637243.8651965,"[-0.08712299999999118, 40.95797400000001, 46.67088899999999, 47.19823500000001, 0.08865900000000693, 89.649588, 45.791979, 45.791979, 0.17654999999999177, 42.10055700000001, 46.05565200000001, 47.110344, 27.59854200000001, 92.54999099999998, 70.92880500000001, 56.25100800000001]","[0.0, 6.0, 1.0, 3.0, 0.0, 1.0, 1.0, 1.0, 1.0, 1.0, 1.0, 2.0, 1.0, 1.0, 0.0, 1.0]","[0.0, 51.0, 16.0, 14.0, -12.0, 35.0, 16.0, 16.0, -15.0, 40.0, 12.0, 12.0, 9.0, 0.0, 10.0, 8.0]"
2,1791637244.086285,"[-0.08712299999999118, 43.331030999999996, 47.81347199999999, 48.077145, 0.08865900000000693, 89.649588, 46.05565200000001, 46.05565200000001, 0.17654999999999177, 42.10055700000001, 47.286125999999996, 47.81347199999999, 27.59854200000001, 92.54999099999998, 70.92880500000001, 56.163117]","[0.0, 5.0, 3.0, 3.0, 1.0, 1.0, 0.0, 1.0, 1.0, 1.0, 2.0, 1.0, 1.0, 1.0, 0.0, 0.0]","[0.0, 36.0, 16.0, 15.0, -12.0, 35.0, 19.0, 18.0, -14.0, 51.0, 12.0, 11.0, 10.0, 0.0, 10.0, 12.0]"
2,1791637244.310375,"[-0.08712299999999118, 44.473614, 48.780272999999994, 49.219728, 0.0007679999999936626, 89.649588, 46.31932499999999, 46.143542999999994, 0.17654999999999177, 44.473614, 48.252927, 48.95605499999999, 27.59854200000001, 92.54999099999998, 70.92880500000001, 56.25100800000001]","[0.0, 2.0, 4.0, 3.0, 0.0, 1.0, 1.0, 1.0, 1.0, 9.0, 4.0, 1.0, 0.0, 1.0, 0.0, 1.0]","[0.0, 34.0, 16.0, 14.0, -11.0, 35.0, 22.0, 23.0, -14.0, 33.0, 12.0, 11.0, 10.0, 0.0, 10.0, 3.0]"
2,1791637244.5342631,"[-0.08712299999999118, 45.616197, 49.65918300000001, 50.45020199999999, 0.0007679999999936626, 89.47380600000002, 46.23143400000001, 46.143542999999994, 0.17654999999999177, 45.528306000000015, 49.30761899999999, 50.01074700000001, 27.59854200000001, 92.54999099999998, 70.92880500000001, 56.163117]","[0.0, 1.0, 1.0, 2.0, 1.0, 0.0, 0.0, 0.0, 1.0, 10.0, 1.0, 3.0, 1.0, 1.0, 0.0, 0.0]","[0.0, 34.0, 16.0, 15.0, 7.0, 9.0, 9.0, 5.0, -14.0, 33.0, 12.0, 11.0, 9.0, 0.0, 10.0, 13.0]"
2,1791637244.7610357,"[-0.08712299999999118, 45.616197, 50.713875, 51.417002999999994, 0.08865900000000693, 89.47380600000002, 46.23143400000001, 46.05565200000001, 0.17654999999999177, 46.934562, 50.538093, 50.801766000000015, 27.59854200000001, 92.54999099999998, 70.92880500000001, 56.163117]","[0.0, 1.0, 1.0, 3.0, 1.0, 0.0, 0.0, 0.0, 1.0, 2.0, 4.0, 3.0, 1.0, 1.0, 0.0, 0.0]","[0.0, 44.0, 16.0, 13.0, 7.0, 9.0, 9.0, 9.0, -14.0, 33.0, 11.0, 11.0, 10.0, 0.0, 10.0, 13.0]"
2,1791637244.983584,"[-0.08712299999999118, 47.901363, 51.94434900000002, 52.383804, 0.0007679999999936626, 89.47380600000002, 46.23143400000001, 46.05565200000001, 0.17654999999999177, 47.02245300000001, 51.680676000000005, 51.94434900000002, 27.59854200000001, 92.54999099999998, 70.92880500000001, 56.163117]","[0.0, 8.0, 2.0, 1.0, 0.0, 0.0, 0.0, 0.0, 1.0, 1.0, 4.0, 1.0, 0.0, 1.0, 0.0, 0.0]","[0.0, 30.0, 16.0, 14.0, 11.0, 10.0, 9.0, 9.0, -14.0, 42.0, 11.0, 11.0, 10.0, 0.0, 10.0, 13.0]"
2,1791637245.2057621,"[-0.08712299999999118, 49.13183699999999, 52.999041000000005, 53.438496000000015, 0.08865900000000693, 89.47380600000002, 46.23143400000001, 46.05565200000001, 0.17654999999999177, 47.02245300000001, 52.559585999999996, 52.999041000000005, 27.59854200000001, 92.54999099999998, 70.92880500000001, 56.163117]","[1.0, 3.0, 4.0, 3.0, 1.0, 0.0, 0.0, 1.0, 1.0, 1.0, 3.0, 3.0, 1.0, 1.0, 0.0, 0.0]","[-2.0, 31.0, 15.0, 14.0, 11.0, 10.0, 9.0, 7.0, -14.0, 52.0, 11.0, 11.0, 9.0, 0.0, 10.0, 13.0]"
2,1791637245.4329505,"[-0.08712299999999118, 50.01074700000001, 53.96584200000001, 54.22951499999999, 0.0007679999999936626, 89.47380600000002, 46.23143400000001, 46.05565200000001, 0.17654999999999177, 50.01074700000001, 53.526387, 53.79006000000001, 27.59854200000001, 92.54999099999998, 70.92880500000001, 56.163117]","[1.0, 2.0, 4.0, 4.0, 1.0, 0.0, 0.0, 0.0, 1.0, 9.0, 1.0, 1.0, 1.0, 1.0, 0.0, 1.0]","[0.0, 31.0, 15.0, 14.0, 2.0, 9.0, 9.0, 3.0, -14.0, 31.0, 11.0, 11.0, 9.0, 0.0, 10.0, 9.0]"
2,1791637245.6570733,"[-0.08712299999999118, 50.801766000000015, 55.196315999999996, 55.45998900000001, 0.0007679999999936626, 89.47380600000002, 46.23143400000001, 46.05565200000001, 0.17654999999999177, 51.065439, 54.66897, 55.020534, 27.59854200000001, 92.54999099999998, 70.92880500000001, 56.25100800000001]","[0.0, 3.0, 3.0, 3.0, 1.0, 0.0, 0.0, 1.0, 1.0, 1.0, 3.0, 2.0, 0.0, 1.0, 0.0, 1.0]","[0.0, 34.0, 15.0, 14.0, 8.0, 9.0, 10.0, 9.0, -14.0, 34.0, 11.0, 10.0, 9.0, 0.0, 10.0, 3.0]"
2,1791637245.8769562,"[-0.08712299999999118, 52.29591300000001, 56.075226000000015, 56.338899, 0.0007679999999936626, 89.47380600000002, 46.23143400000001, 46.05565200000001, 0.17654999999999177, 51.680676000000005, 55.635771000000005, 55.987335, 27.59854200000001, 92.54999099999998, 70.92880500000001, 56.163117]","[0.0, 5.0, 1.0, 1.0, 0.0, 0.0, 0.0, 0.0, 1.0, 1.0, 4.0, 1.0, 0.0, 1.0, 0.0, 1.0]","[0.0, 28.0, 15.0, 14.0, 9.0, 9.0, 9.0, 9.0, -14.0, 35.0, 12.0, 11.0, 9.0, 0.0, 10.0, 11.0]"
2,1791637246.1021798,"[0.0007679999999936626, 53.438496000000015, 57.129918, 57.21780900000002, 0.0007679999999936626, 89.47380600000002, 46.23143400000001, 46.143542999999994, 0.17654999999999177, 51.680676000000005, 56.42679000000001, 56.86624499999999, 27.59854200000001, 92.54999099999998, 70.92880500000001, 56.163117]","[2.0, 0.0, 1.0, 1.0, 0.0, 1.0, 0.0, 1.0, 1.0, 1.0, 1.0, 1.0, 1.0, 1.0, 0.0, 1.0]","[-7.0, 29.0, 15.0, 14.0, 10.0, 9.0, 9.0, 0.0, -14.0, 44.0, 12.0, 11.0, 10.0, 0.0, 9.0, 12.0]"
2,1791637246.3262668,"[-0.08712299999999118, 54.756861000000015, 58.36039199999999, 58.272501000000005, 0.0007679999999936626, 89.47380600000002, 46.23143400000001, 46.05565200000001, 0.17654999999999177, 54.053732999999994, 57.657264, 58.008827999999994, 27.59854200000001, 92.54999099999998, 70.92880500000001, 56.163117]","[-1.0, 1.0, 3.0, 3.0, 0.0, 1.0, 0.0, 0.0, 1.0, 9.0, 3.0, 3.0, 1.0, 1.0, 0.0, 0.0]","[0.0, 28.0, 14.0, 13.0, 11.0, 11.0, 9.0, 4.0, -15.0, 28.0, 11.0, 11.0, 9.0, 0.0, 10.0, 9.0]"
2,1791637246.552863,"[0.0007679999999936626, 55.811553, 59.50297499999999, 59.23930200000001, 0.0007679999999936626, 89.47380600000002, 46.23143400000001, 46.05565200000001, 0.17654999999999177, 55.372097999999994, 58.88773800000001, 58.88773800000001, 27.59854200000001, 92.54999099999998, 70.92880500000001, 56.25100800000001]","[0.0, 3.0, 2.0, 1.0, 0.0, 1.0, 0.0, 0.0, 1.0, 1.0, 3.0, 1.0, 0.0, 1.0, 0.0, 2.0]","[-2.0, 27.0, 14.0, 14.0, 12.0, 10.0, 9.0, 8.0, -14.0, 30.0, 10.0, 10.0, 9.0, 0.0, 10.0, 0.0]"
2,1791637246.7735941,"[-0.08712299999999118, 56.77835400000001, 59.590866000000005, 60.20610300000001, 0.08865900000000693, 89.47380600000002, 46.23143400000001, 46.05565200000001, 0.17654999999999177, 55.89944400000002, 58.975629, 60.030321000000015, 27.59854200000001, 92.54999099999998, 70.92880500000001, 56.25100800000001]","[0.0, 5.0, 1.0, 3.0, 1.0, 1.0, 0.0, 1.0, 1.0, 0.0, 1.0, 3.0, 0.0, 1.0, 0.0, 1.0]","[-1.0, 27.0, 14.0, 14.0, 8.0, 9.0, 9.0, 6.0, -15.0, 33.0, 10.0, 11.0, 10.0, 0.0, 10.0, 3.0]"
2,1791637246.999109,"[-0.08712299999999118, 58.09671900000001, 59.590866000000005, 61.260795, 0.08865900000000693, 89.47380600000002, 46.23143400000001, 46.05565200000001, 0.17654999999999177, 55.987335, 58.975629, 60.909231000000005, 27.59854200000001, 92.54999099999998, 70.92880500000001, 56.163117]","[0.0, 3.0, 1.0, 2.0, 1.0, 1.0, 0.0, 0.0, 1.0, 1.0, 0.0, 4.0, 0.0, 1.0, 0.0, 1.0]","[0.0, 25.0, 14.0, 15.0, 2.0, 9.0, 9.0, 5.0, -15.0, 41.0, 11.0, 10.0, 9.0, 0.0, 10.0, 7.0]"
2,1791637247.2218776,"[0.0007679999999936626, 58.36039199999999, 59.67875699999999, 62.13970499999999, 0.0007679999999936626, 89.47380600000002, 46.23143400000001, 46.05565200000001, 0.17654999999999177, 57.21780900000002, 59.06352000000001, 61.963922999999994, 27.59854200000001, 92.54999099999998, 70.92880500000001, 56.25100800000001]","[0.0, 5.0, 2.0, 1.0, 1.0, 1.0, 0.0, 1.0, 1.0, 6.0, 1.0, 2.0, 1.0, 1.0, 0.0, 1.0]","[-6.0, 28.0, 14.0, 15.0, 7.0, 9.0, 9.0, 3.0, -14.0, 35.0, 10.0, 11.0, 10.0, 0.0, 10.0, 4.0]"
2,1791637247.448807,"[0.0007679999999936626, 59.85453900000002, 59.766648, 63.282287999999994, 0.0007679999999936626, 89.47380600000002, 46.23143400000001, 46.143542999999994, 0.17654999999999177, 59.590866000000005, 59.23930200000001, 63.106505999999996, 27.59854200000001, 92.54999099999998, 70.92880500000001, 56.163117]","[1.0, 1.0, 1.0, 4.0, 0.0, 1.0, 0.0, 0.0, 1.0, 9.0, 1.0, 3.0, 1.0, 1.0, 0.0, 1.0]","[-9.0, 27.0, 14.0, 13.0, 11.0, 10.0, 9.0, 5.0, -14.0, 25.0, 10.0, 10.0, 10.0, 0.0, 10.0, 13.0]"
2,1791637247.6696944,"[0.0007679999999936626, 60.82133999999999, 59.85453900000002, 64.249089, 0.0007679999999936626, 89.47380600000002, 46.23143400000001, 46.143542999999994, 0.17654999999999177, 60.909231000000005, 59.327192999999994, 63.897525, 27.59854200000001, 92.54999099999998, 70.92880500000001, 56.25100800000001]","[1.0, 1.0, 1.0, 1.0, 0.0, 1.0, 0.0, 0.0, 1.0, 2.0, 1.0, 1.0, 0.0, 1.0, 0.0, 1.0]","[-8.0, 25.0, 13.0, 14.0, 11.0, 10.0, 10.0, 5.0, -14.0, 26.0, 9.0, 11.0, 10.0, 0.0, 10.0, 7.0]"
2,1791637247.8941271,"[-0.08712299999999118, 62.31548699999999, 59.85453900000002, 65.21589, 0.0007679999999936626, 89.47380600000002, 46.23143400000001, 46.05565200000001, 0.17654999999999177, 60.909231000000005, 59.41508400000001, 64.95221699999999, 27.59854200000001, 92.54999099999998, 70.92880500000001, 56.163117]","[1.0, 3.0, 1.0, 2.0, 1.0, 0.0, 0.0, 0.0, 1.0, 1.0, 1.0, 2.0, 1.0, 1.0, 0.0, 0.0]","[-2.0, 23.0, 14.0, 15.0, 3.0, 9.0, 9.0, 6.0, -14.0, 33.0, 10.0, 10.0, 10.0, 0.0, 10.0, 12.0]"
2,1791637248.1177647,"[0.0007679999999936626, 63.45806999999999, 59.85453900000002, 66.358473, 0.0007679999999936626, 89.47380600000002, 46.23143400000001, 46.143542999999994, 0.17654999999999177, 63.01861500000001, 59.41508400000001, 65.919018, 27.59854200000001, 92.54999099999998, 70.92880500000001, 56.163117]","[1.0, 4.0, 1.0, 2.0, 1.0, 0.0, 0.0, 1.0, 1.0, 5.0, 1.0, 3.0, 0.0, 1.0, 0.0, 1.0]","[-7.0, 21.0, 13.0, 13.0, 9.0, 10.0, 9.0, 3.0, -15.0, 24.0, 10.0, 12.0, 10.0, 0.0, 10.0, 10.0]"
2,1791637248.344747,"[0.0007679999999936626, 64.33698000000001, 59.85453900000002, 67.32527400000001, 0.08865900000000693, 89.47380600000002, 46.23143400000001, 46.05565200000001, 0.17654999999999177, 64.16119800000001, 59.41508400000001, 66.885819, 27.59854200000001, 92.54999099999998, 70.92880500000001, 56.163117]","[1.0, 1.0, 1.0, 3.0, 1.0, 1.0, 0.0, 0.0, 1.0, 2.0, 1.0, 1.0, 0.0, 1.0, 0.0, 1.0]","[-8.0, 23.0, 14.0, 13.0, 2.0, 10.0, 9.0, 10.0, -15.0, 24.0, 9.0, 11.0, 9.0, 0.0, 10.0, 9.0]"
2,1791637248.5659256,"[-0.08712299999999118, 65.21589, 59.85453900000002, 68.29207500000001, 0.0007679999999936626, 89.47380600000002, 46.23143400000001, 46.143542999999994, 0.17654999999999177, 65.391672, 59.41508400000001, 68.028402, 27.59854200000001, 92.54999099999998, 70.92880500000001, 56.163117]","[0.0, 7.0, 1.0, 1.0, 1.0, 1.0, 0.0, 2.0, 1.0, 1.0, 1.0, 2.0, 0.0, 1.0, 0.0, 0.0]","[0.0, 20.0, 14.0, 15.0, 8.0, 8.0, 10.0, 0.0, -15.0, 22.0, 9.0, 11.0, 10.0, 0.0, 10.0, 12.0]"
2,1791637248.7892578,"[0.0007679999999936626, 66.79792800000001, 59.85453900000002, 69.346767, 0.0007679999999936626, 89.47380600000002, 46.23143400000001, 46.05565200000001, 0.17654999999999177, 66.182691, 59.41508400000001, 68.819421, 27.59854200000001, 92.54999099999998, 70.92880500000001, 56.25100800000001]","[1.0, 2.0, 1.0, 3.0, 0.0, 1.0, 0.0, 0.0, 1.0, 1.0, 1.0, 1.0, 0.0, 1.0, 0.0, 0.0]","[-3.0, 19.0, 13.0, 13.0, 11.0, 10.0, 9.0, 8.0, -14.0, 24.0, 9.0, 11.0, 9.0, 0.0, 9.0, 6.0]"
2,1791637249.0166082,"[0.0007679999999936626, 66.79792800000001, 59.85453900000002, 70.313568, 0.0007679999999936626, 89.47380600000002, 46.23143400000001, 46.143542999999994, 0.17654999999999177, 67.237383, 59.41508400000001, 69.96200400000001, 27.59854200000001, 92.54999099999998, 70.92880500000001, 56.163117]","[1.0, 0.0, 1.0, 3.0, 0.0, 1.0, 0.0, 1.0, 1.0, 6.0, 1.0, 3.0, 0.0, 1.0, 0.0, 0.0]","[-2.0, 25.0, 13.0, 14.0, 10.0, 11.0, 9.0, 1.0, -14.0, 22.0, 10.0, 10.0, 11.0, 0.0, 10.0, 8.0]"
2,1791637249.238508,"[-0.08712299999999118, 68.90731199999999, 59.85453900000002, 71.28036900000001, 0.0007679999999936626, 89.47380600000002, 46.23143400000001, 46.05565200000001, 0.17654999999999177, 68.995203, 59.41508400000001, 70.92880500000001, 27.59854200000001, 92.54999099999998, 70.92880500000001, 56.163117]","[0.0, 4.0, 1.0, 2.0, 0.0, 0.0, 0.0, 0.0, 1.0, 4.0, 1.0, 3.0, 0.0, 1.0, 0.0, 0.0]","[-2.0, 20.0, 14.0, 14.0, 11.0, 9.0, 9.0, 8.0, -13.0, 19.0, 9.0, 10.0, 9.0, 0.0, 10.0, 10.0]"
2,1791637249.4619524,"[-0.08712299999999118, 69.522549, 59.85453900000002, 72.335061, 0.0007679999999936626, 89.47380600000002, 46.23143400000001, 46.05565200000001, 0.17654999999999177, 69.874113, 59.41508400000001, 72.07138800000001, 27.59854200000001, 92.54999099999998, 70.92880500000001, 56.163117]","[1.0, 4.0, 1.0, 1.0, 0.0, 0.0, 0.0, 0.0, 1.0, 1.0, 1.0, 3.0, 1.0, 1.0, 0.0, 0.0]","[-2.0, 20.0, 13.0, 14.0, 11.0, 10.0, 9.0, 6.0, -14.0, 20.0, 9.0, 10.0, 11.0, 0.0, 10.0, 13.0]"
2,1791637249.6885786,"[-0.08712299999999118, 71.28036900000001, 59.85453900000002, 73.301862, 0.0007679999999936626, 89.47380600000002, 46.23143400000001, 46.05565200000001, 0.17654999999999177, 70.75302300000001, 59.41508400000001, 72.950298, 27.59854200000001, 92.54999099999998, 70.92880500000001, 56.163117]","[0.0, 5.0, 1.0, 2.0, 0.0, 0.0, 0.0, 1.0, 1.0, 3.0, 1.0, 3.0, 1.0, 1.0, 0.0, 0.0]","[0.0, 16.0, 13.0, 14.0, 11.0, 10.0, 9.0, 9.0, -15.0, 20.0, 10.0, 11.0, 11.0, 0.0, 10.0, 13.0]"
2,1791637249.9126031,"[0.0007679999999936626, 72.24717000000001, 59.85453900000002, 74.35655400000002, 0.0007679999999936626, 89.47380600000002, 46.23143400000001, 46.05565200000001, 0.17654999999999177, 71.89560600000002, 59.41508400000001, 73.829208, 27.59854200000001, 92.54999099999998, 70.92880500000001, 56.163117]","[1.0, 1.0, 0.0, 3.0, 0.0, 1.0, 0.0, 0.0, 1.0, 3.0, 1.0, 1.0, 1.0, 1.0, 0.0, 1.0]","[-7.0, 18.0, 13.0, 14.0, 12.0, 9.0, 9.0, 9.0, -14.0, 19.0, 9.0, 11.0, 10.0, 0.0, 10.0, 8.0]"
2,1791637250.1338904,"[0.0007679999999936626, 73.477644, 59.85453900000002, 75.23546400000001, 0.0007679999999936626, 89.47380600000002, 46.23143400000001, 46.143542999999994, 0.17654999999999177, 73.12608, 59.41508400000001, 74.971791, 27.59854200000001, 92.54999099999998, 70.92880500000001, 56.163117]","[1.0, 3.0, 0.0, 2.0, 1.0, 0.0, 0.0, 1.0, 1.0, 3.0, 1.0, 4.0, 0.0, 1.0, 0.0, 1.0]","[-4.0, 16.0, 13.0, 13.0, 8.0, 9.0, 9.0, 2.0, -14.0, 19.0, 10.0, 11.0, 10.0, 0.0, 10.0, 8.0]"
2,1791637250.3605275,"[-0.08712299999999118, 74.35655400000002, 59.85453900000002, 76.29015600000002, 0.0007679999999936626, 89.47380600000002, 46.23143400000001, 46.05565200000001, 0.17654999999999177, 74.18077199999999, 59.41508400000001, 75.85070100000002, 27.686432999999994, 92.54999099999998, 70.92880500000001, 56.163117]","[1.0, 1.0, 1.0, 2.0, 0.0, 1.0, 0.0, 0.0, 1.0, 2.0, 1.0, 3.0, 1.0, 1.0, 0.0, 1.0]","[-1.0, 16.0, 1.0, 14.0, 11.0, 10.0, 9.0, 9.0, -14.0, 19.0, 10.0, 11.0, 10.0, 0.0, 10.0, 11.0]"
2,1791637250.5816016,"[-0.08712299999999118, 75.587028, 59.94243, 77.256957, 0.0007679999999936626, 89.47380600000002, 46.23143400000001, 46.05565200000001, 0.17654999999999177, 74.53233600000002, 59.41508400000001, 76.905393, 27.59854200000001, 92.54999099999998, 70.92880500000001, 56.163117]","[1.0, 1.0, 1.0, 1.0, 0.0, 1.0, 0.0, 1.0, 1.0, 0.0, 1.0, 1.0, 1.0, 1.0, 0.0, 1.0]","[-4.0, 15.0, 1.0, 14.0, 11.0, 9.0, 9.0, 9.0, -14.0, 23.0, 10.0, 10.0, 10.0, 0.0, 11.0, 11.0]"
2,1791637250.805613,"[0.0007679999999936626, 76.81750199999999, 59.94243, 78.13586700000002, 0.08865900000000693, 89.47380600000002, 46.23143400000001, 46.05565200000001, 0.17654999999999177, 75.49913699999999, 59.41508400000001, 77.78430300000002, 27.59854200000001, 92.54999099999998, 70.92880500000001, 56.163117]","[1.0, 3.0, 0.0, 1.0, 1.0, 1.0, 0.0, 1.0, 1.0, 1.0, 1.0, 2.0, 1.0, 1.0, 0.0, 1.0]","[-4.0, 15.0, 0.0, 14.0, 7.0, 10.0, 9.0, 8.0, -14.0, 21.0, 10.0, 11.0, 10.0, 0.0, 10.0, 7.0]"
2,1791637251.0300925,"[0.0007679999999936626, 77.78430300000002, 59.85453900000002, 79.19055900000001, 0.0007679999999936626, 89.47380600000002, 46.23143400000001, 46.05565200000001, 0.17654999999999177, 77.16906599999999, 59.41508400000001, 78.83899500000001, 27.59854200000001, 92.54999099999998, 70.92880500000001, 56.163117]","[1.0, 2.0, 0.0, 3.0, 1.0, 0.0, 0.0, 1.0, 1.0, 5.0, 0.0, 2.0, 1.0, 1.0, 0.0, 0.0]","[-8.0, 15.0, 4.0, 13.0, 11.0, 9.0, 10.0, 5.0, -14.0, 17.0, 9.0, 11.0, 9.0, 0.0, 9.0, 11.0]"
2,1791637251.2535691,"[0.0007679999999936626, 78.751104, 59.94243, 80.245251, 0.0007679999999936626, 89.38591500000001, 46.23143400000001, 46.05565200000001, 0.17654999999999177, 78.48743100000002, 59.41508400000001, 79.542123, 27.59854200000001, 92.54999099999998, 70.92880500000001, 56.163117]","[1.0, 1.0, 1.0, 3.0, 1.0, 0.0, 0.0, 1.0, 1.0, 3.0, 0.0, 4.0, 0.0, 1.0, 0.0, 0.0]","[-5.0, 16.0, 0.0, 15.0, 8.0, 9.0, 9.0, 8.0, -14.0, 16.0, 9.0, 12.0, 10.0, 0.0, 10.0, 13.0]"
2,1791637251.4804296,"[0.0007679999999936626, 80.15735999999998, 59.94243, 81.12416100000002, 0.0007679999999936626, 89.47380600000002, 46.23143400000001, 46.05565200000001, 0.17654999999999177, 79.19055900000001, 59.50297499999999, 80.684706, 27.59854200000001, 92.54999099999998, 70.92880500000001, 56.163117]","[1.0, 4.0, 0.0, 3.0, 1.0, 0.0, 0.0, 0.0, 1.0, 1.0, 0.0, 1.0, 0.0, 1.0, 0.0, 1.0]","[-6.0, 14.0, 0.0, 14.0, 7.0, 11.0, 9.0, 10.0, -14.0, 18.0, 10.0, 11.0, 10.0, 0.0, 10.0, 12.0]"
2,1791637251.7044406,"[-0.08712299999999118, 81.29994299999998, 59.94243, 82.178853, 0.0007679999999936626, 89.47380600000002, 46.23143400000001, 46.143542999999994, 0.17654999999999177, 80.245251, 59.41508400000001, 81.65150699999998, 27.59854200000001, 92.54999099999998, 70.92880500000001, 56.163117]","[0.0, 2.0, 1.0, 3.0, 1.0, 1.0, 0.0, 0.0, 1.0, 4.0, 0.0, 3.0, 0.0, 1.0, 0.0, 1.0]","[-4.0, 14.0, 0.0, 15.0, 8.0, 9.0, 9.0, 6.0, -14.0, 18.0, 9.0, 11.0, 10.0, 0.0, 10.0, 6.0]"
2,1791637251.926864,"[0.0007679999999936626, 82.26674400000002, 59.94243, 83.14565399999998, 0.0007679999999936626, 89.47380600000002, 46.23143400000001, 46.05565200000001, 0.17654999999999177, 81.21205200000003, 59.41508400000001, 82.79408999999998, 27.59854200000001, 92.54999099999998, 70.92880500000001, 56.163117]","[0.0, 3.0, 0.0, 2.0, 1.0, 0.0, 0.0, 0.0, 1.0, 3.0, 0.0, 2.0, 1.0, 1.0, 0.0, 1.0]","[-3.0, 15.0, 0.0, 14.0, 11.0, 11.0, 9.0, 7.0, -14.0, 18.0, 10.0, 11.0, 9.0, 0.0, 9.0, 13.0]"
2,1791637252.149174,"[-0.08712299999999118, 83.40932700000002, 59.94243, 84.11245500000001, 0.0007679999999936626, 89.38591500000001, 46.23143400000001, 46.05565200000001, 0.17654999999999177, 82.26674400000002, 59.50297499999999, 83.93667299999998, 27.59854200000001, 92.54999099999998, 70.92880500000001, 56.163117]","[1.0, 2.0, 1.0, 2.0, 0.0, 1.0, 0.0, 1.0, 1.0, 5.0, 1.0, 4.0, 1.0, 1.0, 0.0, 1.0]","[-1.0, 14.0, 0.0, 15.0, 11.0, 9.0, 9.0, 6.0, -15.0, 16.0, 10.0, 11.0, 9.0, 0.0, 10.0, 10.0]"
2,1791637252.3732886,"[-0.08712299999999118, 84.28823699999998, 59.94243, 85.167147, 0.0007679999999936626, 89.47380600000002, 46.23143400000001, 46.05565200000001, 0.17654999999999177, 83.49721799999998, 59.50297499999999, 84.72769199999999, 27.59854200000001, 92.54999099999998, 70.92880500000001, 56.163117]","[1.0, 1.0, 1.0, 3.0, 0.0, 0.0, 0.0, 0.0, 1.0, 2.0, 0.0, 3.0, 1.0, 1.0, 0.0, 0.0]","[-2.0, 12.0, 0.0, 15.0, 12.0, 10.0, 9.0, 10.0, -14.0, 18.0, 10.0, 11.0, 9.0, 0.0, 9.0, 12.0]"
2,1791637252.6003833,"[-0.08712299999999118, 85.60660200000001, 59.94243, 86.22183899999999, 0.0007679999999936626, 89.47380600000002, 46.23143400000001, 46.143542999999994, 0.17654999999999177, 84.024564, 59.41508400000001, 85.78238399999998, 27.59854200000001, 92.54999099999998, 70.92880500000001, 56.163117]","[1.0, 3.0, 1.0, 2.0, 0.0, 0.0, 0.0, 1.0, 1.0, 1.0, 0.0, 3.0, 0.0, 1.0, 0.0, 0.0]","[-1.0, 13.0, 0.0, 14.0, 12.0, 10.0, 9.0, 0.0, -14.0, 19.0, 9.0, 11.0, 10.0, 0.0, 10.0, 12.0]"
2,1791637252.8223097,"[-0.08712299999999118, 86.661294, 59.94243, 87.10074900000001, 0.0007679999999936626, 89.47380600000002, 46.23143400000001, 46.05565200000001, 0.17654999999999177, 84.63980099999998, 59.50297499999999, 86.661294, 27.59854200000001, 92.54999099999998, 70.92880500000001, 56.163117]","[0.0, 3.0, 1.0, 1.0, 0.0, 1.0, 0.0, 1.0, 1.0, 3.0, 1.0, 1.0, 0.0, 1.0, 0.0, 0.0]","[0.0, 12.0, 0.0, 15.0, 10.0, 9.0, 9.0, 9.0, -14.0, 21.0, 9.0, 12.0, 9.0, 0.0, 10.0, 11.0]"
2,1791637253.0483723,"[-0.08712299999999118, 87.54020400000002, 59.94243, 87.97965900000003, 0.0007679999999936626, 89.47380600000002, 46.23143400000001, 46.05565200000001, 0.17654999999999177, 85.60660200000001, 59.50297499999999, 87.54020400000002, 27.59854200000001, 92.54999099999998, 70.92880500000001, 56.25100800000001]","[0.0, 1.0, 1.0, 1.0, 1.0, 0.0, 0.0, 0.0, 1.0, 1.0, 1.0, 1.0, 1.0, 1.0, 0.0, 1.0]","[0.0, 13.0, 0.0, 15.0, 11.0, 10.0, 9.0, 10.0, -15.0, 23.0, 9.0, 13.0, 9.0, 0.0, 10.0, 4.0]"
2,1791637253.2688098,"[0.0007679999999936626, 88.594896, 59.94243, 88.94646, 0.0007679999999936626, 89.47380600000002, 46.23143400000001, 46.05565200000001, 0.17654999999999177, 86.57340299999998, 59.50297499999999, 88.594896, 27.59854200000001, 92.54999099999998, 70.92880500000001, 56.163117]","[1.0, 3.0, 1.0, 3.0, 1.0, 1.0, 0.0, 1.0, 1.0, 2.0, 1.0, 3.0, 0.0, 1.0, 0.0, 1.0]","[-5.0, 12.0, 0.0, 15.0, 11.0, 10.0, 9.0, 5.0, -14.0, 22.0, 9.0, 12.0, 10.0, 0.0, 10.0, 8.0]"
2,1791637253.4933703,"[0.0007679999999936626, 90.089043, 59.94243, 89.03435100000002, 0.0007679999999936626, 89.47380600000002, 46.23143400000001, 46.05565200000001, 0.17654999999999177, 87.452313, 59.50297499999999, 88.594896, 27.59854200000001, 92.54999099999998, 70.92880500000001, 56.163117]","[0.0, 2.0, 1.0, 1.0, 0.0, 1.0, 0.0, 0.0, 1.0, 2.0, 0.0, 1.0, 1.0, 1.0, 0.0, 0.0]","[-3.0, 11.0, 0.0, 13.0, 12.0, 10.0, 9.0, 9.0, -14.0, 23.0, 9.0, 12.0, 10.0, 0.0, 9.0, 10.0]"
2,1791637253.72029,"[-0.08712299999999118, 91.05584399999998, 59.94243, 89.03435100000002, 0.08865900000000693, 89.47380600000002, 46.23143400000001, 46.143542999999994, 0.17654999999999177, 87.54020400000002, 59.50297499999999, 88.594896, 27.59854200000001, 92.54999099999998, 70.92880500000001, 56.25100800000001]","[0.0, 2.0, 1.0, 1.0, 1.0, 0.0, 0.0, 0.0, 1.0, 1.0, 1.0, 1.0, 1.0, 1.0, 0.0, 1.0]","[-1.0, 12.0, 0.0, 15.0, 8.0, 10.0, 9.0, 8.0, -15.0, 29.0, 9.0, 12.0, 10.0, 0.0, 10.0, 4.0]"
2,1791637253.9442723,"[-0.08712299999999118, 91.67108100000002, 59.94243, 89.03435100000002, 0.08865900000000693, 89.47380600000002, 46.23143400000001, 46.05565200000001, 0.17654999999999177, 88.77067799999998, 59.50297499999999, 88.594896, 27.686432999999994, 92.54999099999998, 70.92880500000001, 56.25100800000001]","[0.0, 1.0, 1.0, 1.0, 1.0, 1.0, 0.0, 1.0, 1.0, 1.0, 1.0, 1.0, 1.0, 1.0, 0.0, 2.0]","[0.0, 13.0, 0.0, 15.0, 0.0, 10.0, 9.0, 4.0, -15.0, 28.0, 9.0, 13.0, 10.0, 0.0, 10.0, 0.0]"
2,1791637254.165703,"[-0.08712299999999118, 92.286318, 59.94243, 89.21013299999998, 0.0007679999999936626, 89.47380600000002, 46.23143400000001, 46.05565200000001, 0.17654999999999177, 88.77067799999998, 59.50297499999999, 88.594896, 27.59854200000001, 92.54999099999998, 70.92880500000001, 56.25100800000001]","[0.0, 1.0, 1.0, 1.0, 1.0, 1.0, 0.0, 1.0, 1.0, 1.0, 1.0, 1.0, 1.0, 1.0, 0.0, 0.0]","[0.0, 13.0, 0.0, 15.0, 11.0, 9.0, 9.0, 9.0, -14.0, 35.0, 9.0, 13.0, 10.0, 0.0, 10.0, 8.0]"
2,1791637254.3891828,"[-0.08712299999999118, 93.077337, 59.94243, 89.21013299999998, 0.0007679999999936626, 89.47380600000002, 46.23143400000001, 46.05565200000001, 0.17654999999999177, 90.440607, 59.50297499999999, 88.594896, 27.59854200000001, 92.54999099999998, 70.92880500000001, 56.163117]","[-1.0, 2.0, 1.0, 1.0, -1.0, 1.0, 0.0, 0.0, 1.0, 5.0, 1.0, 1.0, 0.0, 1.0, 0.0, 0.0]","[7.0, 14.0, 0.0, 15.0, 11.0, 9.0, 10.0, 9.0, -15.0, 30.0, 10.0, 12.0, 10.0, 0.0, 10.0, 11.0]"
3,1791637256.4074752,"[-0.08712299999999118, -4.92112800000001, -1.1418150000000082, -0.2629049999999893, -0.08712299999999118, -5.4484740000000045, -0.08712299999999118, -0.35079600000000255, 0.08865900000000693, -5.272692000000006, -1.1418150000000082, 0.08865900000000693, -2.196506999999997, 178.33160700000002, 40.07906399999999, 25.840722]","[0.0, 0.0, 1.0, 1.0, 1.0, 1.0, 1.0, 0.0, 1.0, 0.0, 1.0, 0.0, 1.0, 1.0, 1.0, 0.0]","[0.0, 32.0, 16.0, 14.0, 0.0, 35.0, 0.0, 11.0, -14.0, 37.0, 11.0, -10.0, 16.0, 17.0, -8.0, -14.0]"
3,1791637256.6320333,"[-0.5265780000000007, -4.833236999999997, -0.790251000000012, -0.08712299999999118, -0.08712299999999118, -4.92112800000001, 0.528113999999988, -0.2629049999999893, 0.7038960000000145, -5.272692000000006, -1.1418150000000082, 0.26444100000000503, -2.196506999999997, 178.06793399999998, 40.166955, 25.840722]","[0.0, 1.0, 1.0, 1.0, 1.0, 1.0, 0.0, 1.0, 1.0, 1.0, 1.0, 1.0, 0.0, 0.0, 1.0, 1.0]","[-10.0, 47.0, 18.0, 15.0, 0.0, 48.0, 10.0, 12.0, 13.0, 55.0, 14.0, 11.0, 20.0, -13.0, 12.0, 14.0]"
3,1791637256.8559804,"[-1.4054879999999912, -3.514871999999997, -0.08712299999999118, 0.44022300000000314, -0.08712299999999118, -3.7785450000000083, 1.2312420000000088, 0.08865900000000693, 0.7917869999999994, -3.866435999999993, -0.6144689999999855, 0.26444100000000503, -2.196506999999997, 177.71636999999998, 40.254846000000015, 26.368067999999994]","[0.0, 1.0, 2.0, 1.0, 1.0, 0.0, 2.0, 1.0, 1.0, 1.0, 1.0, 1.0, 1.0, 1.0, 2.0, 1.0]","[-9.0, 55.0, 18.0, 16.0, 0.0, 57.0, 12.0, 14.0, 16.0, 62.0, 16.0, 13.0, 25.0, -28.0, 14.0, 15.0]"
3,1791637257.0769546,"[-2.4601800000000082, -1.4054879999999912, 0.8796780000000126, 1.582806000000005, -0.08712299999999118, -1.8449430000000007, 1.846478999999988, 1.407024000000007, 2.813279999999992, -2.372288999999995, 0.0007679999999936626, 0.7917869999999994, -2.196506999999997, 176.661678, 41.573211000000015, 27.159087]","[-1.0, 8.0, 1.0, 3.0, 1.0, 6.0, 1.0, 1.0, 3.0, 1.0, 4.0, 1.0, 1.0, -3.0, 4.0, 1.0]","[-9.0, 48.0, 19.0, 16.0, 0.0, 52.0, 12.0, 13.0, 14.0, 70.0, 15.0, 16.0, 33.0, -36.0, 13.0, 14.0]"
3,1791637257.3039489,"[-3.426981000000012, 0.3523319999999899, 1.7585880000000031, 2.3738250000000107, -0.08712299999999118, 0.44022300000000314, 2.6374979999999937, 2.1980430000000126, 2.901171000000005, 0.26444100000000503, 1.2312420000000088, 2.0222610000000145, -2.196506999999997, 173.233929, 42.188447999999994, 28.03799699999999]","[0.0, 1.0, 1.0, 1.0, 1.0, 2.0, 1.0, 2.0, 1.0, 2.0, 3.0, 3.0, 1.0, -3.0, 1.0, 1.0]","[-10.0, 58.0, 19.0, 16.0, 0.0, 53.0, 13.0, 14.0, 16.0, 61.0, 16.0, 15.0, 42.0, -35.0, 14.0, 14.0]"
3,1791637257.524031,"[-4.393781999999987, 0.3523319999999899, 2.813279999999992, 3.6042989999999975, -0.08712299999999118, 2.0222610000000145, 3.4285169999999994, 3.164843999999988, 4.6589910000000145, 0.528113999999988, 2.0222610000000145, 3.076953000000003, -0.7023599999999988, 169.71828900000003, 43.06735800000001, 29.268471000000005]","[-1.0, 1.0, 2.0, 4.0, 1.0, 1.0, 1.0, 1.0, 1.0, 1.0, 1.0, 3.0, 12.0, -5.0, 1.0, 3.0]","[-9.0, 77.0, 18.0, 15.0, 0.0, 60.0, 13.0, 14.0, 14.0, 82.0, 17.0, 13.0, 32.0, -34.0, 15.0, 14.0]"
3,1791637257.7492356,"[-5.360582999999991, 4.30742699999999, 3.7800809999999956, 3.6042989999999975, -0.08712299999999118, 4.131644999999992, 4.30742699999999, 4.30742699999999, 5.62579199999999, 4.30742699999999, 2.2859339999999975, 4.043754000000007, 0.9675689999999975, 168.31203299999999, 44.473614, 29.35636199999999]","[0.0, 7.0, 3.0, 0.0, 1.0, 5.0, 1.0, 1.0, 1.0, 11.0, 1.0, 1.0, 3.0, 0.0, 3.0, 1.0]","[-9.0, 61.0, 23.0, 20.0, 0.0, 59.0, 14.0, 13.0, 14.0, 52.0, 20.0, 14.0, 32.0, -44.0, 13.0, 14.0]"
3,1791637257.9760094,"[-5.975819999999999, 4.30742699999999, 4.834773000000013, 5.62579199999999, -0.08712299999999118, 6.153138000000013, 5.362119000000007, 5.186337000000009, 5.801573999999988, 5.9773560000000145, 4.131644999999992, 4.9226639999999975, 0.9675689999999975, 164.620611, 45.440415, 29.268471000000005]","[0.0, 1.0, 3.0, 3.0, 1.0, 1.0, 3.0, 1.0, 2.0, 2.0, 5.0, 1.0, 1.0, -6.0, 3.0, 0.0]","[-11.0, 75.0, 20.0, 16.0, 0.0, 59.0, 13.0, 14.0, 15.0, 64.0, 16.0, 15.0, 40.0, -35.0, 13.0, 14.0]"
3,1791637258.197768,"[-7.2062939999999855, 8.526195000000001, 5.889465000000001, 6.680484000000007, -0.08712299999999118, 7.910957999999994, 5.362119000000007, 6.504702000000009, 7.735175999999996, 8.438303999999988, 5.010555000000011, 6.2410289999999975, 2.98906199999999, 161.36864400000002, 46.67088899999999, 29.268471000000005]","[0.0, 10.0, 1.0, 3.0, 1.0, 5.0, 1.0, 5.0, 3.0, 4.0, 2.0, 3.0, 4.0, -7.0, 4.0, 1.0]","[-10.0, 50.0, 20.0, 16.0, 0.0, 56.0, 18.0, 12.0, 13.0, 57.0, 17.0, 13.0, 31.0, -34.0, 13.0, 15.0]"
3,1791637258.4227154,"[-8.260986000000003, 10.108233000000013, 6.592592999999994, 7.5593939999999975, -0.08712299999999118, 10.108233000000013, 7.207830000000001, 7.383611999999999, 7.735175999999996, 9.668778000000003, 6.153138000000013, 7.207830000000001, 3.9558629999999937, 158.204568, 47.54979900000001, 29.35636199999999]","[-2.0, 1.0, 6.0, 2.0, 1.0, 5.0, 1.0, 1.0, 1.0, 1.0, 2.0, 3.0, 3.0, -3.0, 3.0, 1.0]","[-10.0, 60.0, 20.0, 16.0, 0.0, 55.0, 14.0, 13.0, 16.0, 66.0, 16.0, 14.0, 31.0, -33.0, 13.0, 14.0]"
3,1791637258.6479268,"[-9.315677999999991, 10.108233000000013, 7.823067000000009, 8.614086000000015, -0.08712299999999118, 11.514488999999998, 8.26252199999999, 8.526195000000001, 9.668778000000003, 9.668778000000003, 7.119938999999988, 7.207830000000001, 4.483208999999988, 155.47994699999998, 48.34081800000001, 29.268471000000005]","[-1.0, 1.0, 1.0, 1.0, 1.0, 1.0, 2.0, 3.0, 3.0, 0.0, 4.0, 1.0, 4.0, -3.0, 1.0, 1.0]","[-11.0, 85.0, 19.0, 15.0, 0.0, 65.0, 14.0, 12.0, 13.0, 94.0, 17.0, 17.0, 31.0, -35.0, 14.0, 15.0]"
3,1791637258.870133,"[-10.19458800000001, 14.151218999999998, 8.877758999999998, 9.492996000000005, -0.08712299999999118, 13.975437, 9.317214000000007, 9.405104999999992, 10.635579000000007, 13.887546000000015, 7.207830000000001, 9.317214000000007, 6.2410289999999975, 152.40376200000003, 49.30761899999999, 29.268471000000005]","[0.0, 6.0, 3.0, 5.0, 1.0, 7.0, 2.0, 1.0, 1.0, 18.0, 1.0, 4.0, 4.0, -5.0, 5.0, 0.0]","[-11.0, 60.0, 19.0, 16.0, 0.0, 59.0, 13.0, 14.0, 14.0, 55.0, 20.0, 14.0, 30.0, -33.0, 13.0, 15.0]"
3,1791637259.095901,"[-10.897716000000003, 15.733257000000009, 9.932451000000015, 10.635579000000007, -0.08712299999999118, 16.084821000000005, 10.371905999999996, 10.371905999999996, 11.60238000000001, 14.23911000000001, 9.053540999999996, 10.108233000000013, 6.680484000000007, 150.20648699999998, 50.362311000000005, 29.268471000000005]","[-2.0, 5.0, 3.0, 2.0, 1.0, 3.0, 3.0, 3.0, 1.0, 1.0, 1.0, 3.0, 1.0, 0.0, 2.0, 1.0]","[-10.0, 62.0, 20.0, 17.0, 0.0, 61.0, 14.0, 14.0, 14.0, 85.0, 17.0, 14.0, 33.0, -40.0, 13.0, 14.0]"
3,1791637259.319791,"[-12.216081000000003, 18.106313999999998, 10.89925199999999, 11.514488999999998, -0.08712299999999118, 17.930532, 10.371905999999996, 11.250816000000015, 12.657072, 14.23911000000001, 9.668778000000003, 10.987143000000003, 8.350413000000003, 147.13030200000003, 51.50489400000001, 29.268471000000005]","[-2.0, 1.0, 3.0, 1.0, 1.0, 9.0, 1.0, 3.0, 2.0, 1.0, 1.0, 2.0, 3.0, -4.0, 3.0, 1.0]","[-10.0, 57.0, 18.0, 14.0, 0.0, 53.0, 17.0, 14.0, 13.0, 115.0, 18.0, 15.0, 27.0, -43.0, 13.0, 14.0]"
3,1791637259.54337,"[-13.094990999999993, 20.215698000000003, 11.778162000000009, 12.657072, -0.08712299999999118, 20.12780699999999, 12.21761699999999, 12.393398999999988, 13.623873000000003, 20.215698000000003, 10.987143000000003, 12.129726000000005, 9.141432000000009, 143.614662, 52.47169500000001, 29.35636199999999]","[0.0, 4.0, 2.0, 3.0, 1.0, 3.0, 1.0, 1.0, 1.0, 9.0, 1.0, 4.0, 1.0, -8.0, 3.0, 1.0]","[-11.0, 58.0, 20.0, 15.0, 0.0, 59.0, 13.0, 14.0, 14.0, 58.0, 16.0, 13.0, 30.0, -33.0, 13.0, 15.0]"
3,1791637259.7673736,"[-14.237573999999995, 22.237190999999996, 12.832853999999998, 13.53598199999999, -0.08712299999999118, 21.358281000000005, 13.272309000000007, 13.448091000000005, 14.678564999999992, 20.303588999999988, 11.866052999999994, 12.744963000000013, 10.020342, 140.977932, 53.438496000000015, 29.268471000000005]","[0.0, 3.0, 3.0, 3.0, 1.0, 9.0, 3.0, 3.0, 2.0, 1.0, 3.0, 4.0, 9.0, 0.0, 2.0, 0.0]","[-10.0, 58.0, 19.0, 16.0, 0.0, 64.0, 13.0, 13.0, 13.0, 85.0, 18.0, 14.0, 28.0, -41.0, 12.0, 15.0]"
3,1791637259.9912517,"[-15.204374999999999, 23.907119999999992, 13.887546000000015, 13.623873000000003, -0.08712299999999118, 24.698138999999998, 14.327000999999996, 14.414892000000009, 15.645365999999996, 24.522357, 13.008635999999996, 13.887546000000015, 11.426598000000013, 137.37440099999998, 54.58107900000002, 29.35636199999999]","[0.0, 6.0, 3.0, 0.0, 1.0, 5.0, 2.0, 1.0, 1.0, 9.0, 6.0, 0.0, 0.0, -6.0, 2.0, 1.0]","[-9.0, 59.0, 19.0, 18.0, 0.0, 49.0, 13.0, 12.0, 14.0, 52.0, 16.0, 15.0, 28.0, -34.0, 13.0, 14.0]"
3,1791637260.2157419,"[-16.434848999999986, 26.631741000000005, 14.942238000000003, 15.469583999999998, -0.08712299999999118, 25.225484999999992, 15.381693000000013, 15.733257000000009, 16.787948999999998, 26.71963199999999, 13.975437, 14.85434699999999, 12.569181000000015, 134.03454299999999, 55.635771000000005, 29.35636199999999]","[-2.0, 8.0, 3.0, 4.0, 1.0, 8.0, 1.0, 2.0, 3.0, 3.0, 1.0, 1.0, 5.0, -7.0, 2.0, 1.0]","[-9.0, 48.0, 18.0, 17.0, 0.0, 61.0, 14.0, 13.0, 13.0, 50.0, 17.0, 15.0, 25.0, -30.0, 13.0, 14.0]"
3,1791637260.435799,"[-17.40164999999999, 28.565343000000013, 15.909039000000007, 16.524276000000015, -0.08712299999999118, 28.565343000000013, 16.524276000000015, 16.787948999999998, 17.666858999999988, 28.565343000000013, 15.118020000000001, 15.996929999999992, 12.657072, 130.782576, 56.514680999999996, 29.35636199999999]","[-1.0, 5.0, 3.0, 3.0, 1.0, 1.0, 3.0, 2.0, 1.0, 1.0, 3.0, 1.0, 1.0, -2.0, 1.0, 1.0]","[-9.0, 51.0, 18.0, 16.0, 0.0, 53.0, 14.0, 11.0, 14.0, 55.0, 16.0, 13.0, 33.0, -30.0, 13.0, 14.0]"
3,1791637260.6637344,"[-18.54423299999999, 31.114182, 17.139512999999994, 17.403186000000005, -0.08712299999999118, 30.05949000000001, 17.403186000000005, 17.75475, 18.633659999999992, 28.565343000000013, 16.084821000000005, 16.524276000000015, 14.502782999999994, 127.61849999999998, 57.74515500000001, 29.35636199999999]","[-2.0, 4.0, 5.0, 3.0, 1.0, 1.0, 6.0, 3.0, 1.0, 0.0, 1.0, 7.0, 5.0, -2.0, 2.0, 0.0]","[-9.0, 47.0, 19.0, 17.0, 0.0, 57.0, 14.0, 12.0, 14.0, 81.0, 17.0, 15.0, 28.0, -30.0, 12.0, 14.0]"
3,1791637260.8876367,"[-19.59892500000001, 32.784110999999996, 18.106313999999998, 18.36998700000001, -0.08712299999999118, 32.69622000000001, 18.36998700000001, 18.633659999999992, 19.161006000000015, 32.959892999999994, 17.315294999999992, 18.19420500000001, 15.55747500000001, 124.89387900000003, 58.975629, 29.35636199999999]","[-2.0, 4.0, 2.0, 2.0, 1.0, 7.0, 1.0, 2.0, 7.0, 15.0, 3.0, 3.0, 1.0, -5.0, 2.0, 1.0]","[-10.0, 54.0, 17.0, 17.0, 0.0, 48.0, 13.0, 13.0, 15.0, 46.0, 15.0, 13.0, 27.0, -29.0, 12.0, 14.0]"
3,1791637261.1116934,"[-20.565726000000012, 35.15716800000001, 19.161006000000015, 19.424678999999998, -0.08712299999999118, 34.45403999999999, 19.161006000000015, 19.600460999999996, 20.655153000000013, 33.13567499999999, 18.457877999999994, 18.985223999999988, 15.55747500000001, 122.52082200000001, 59.85453900000002, 29.35636199999999]","[-2.0, 7.0, 1.0, 2.0, 1.0, 2.0, 5.0, 1.0, 2.0, 1.0, 3.0, 1.0, 1.0, -1.0, 1.0, 0.0]","[-10.0, 41.0, 18.0, 15.0, 0.0, 56.0, 13.0, 12.0, 14.0, 71.0, 16.0, 14.0, 27.0, -35.0, 12.0, 14.0]"
3,1791637261.3354743,"[-21.7962, 37.178661000000005, 20.303588999999988, 20.567262, -0.08712299999999118, 37.00287900000001, 20.215698000000003, 20.655153000000013, 21.885627, 33.13567499999999, 19.424678999999998, 20.215698000000003, 15.55747500000001, 118.653618, 60.909231000000005, 29.35636199999999]","[-1.0, 5.0, 3.0, 2.0, 1.0, 6.0, 1.0, 1.0, 3.0, 1.0, 5.0, 4.0, 1.0, -4.0, 3.0, 1.0]","[-9.0, 49.0, 17.0, 15.0, 0.0, 52.0, 14.0, 12.0, 14.0, 99.0, 16.0, 14.0, 27.0, -30.0, 12.0, 14.0]"
3,1791637261.556512,"[-22.763001000000003, 39.28804500000001, 21.270389999999992, 21.709845, -0.08712299999999118, 38.84859, 21.094607999999994, 21.621953999999988, 22.412972999999994, 39.28804500000001, 20.655153000000013, 21.182499000000007, 15.55747500000001, 115.22586899999999, 61.963922999999994, 29.35636199999999]","[-2.0, 7.0, 1.0, 4.0, 1.0, 9.0, 3.0, 2.0, 1.0, 11.0, 4.0, 3.0, 1.0, -5.0, 4.0, 1.0]","[-9.0, 40.0, 18.0, 16.0, 0.0, 45.0, 15.0, 13.0, 14.0, 43.0, 14.0, 13.0, 27.0, -26.0, 11.0, 14.0]"
3,1791637261.7827146,"[-23.905584000000005, 41.39742899999999, 22.500864000000007, 22.588754999999992, -0.08712299999999118, 41.22164699999999, 21.885627, 22.76453699999999, 23.819229000000007, 41.92477500000001, 21.534063000000003, 22.32508200000001, 15.55747500000001, 112.14968399999998, 62.403378000000004, 29.35636199999999]","[0.0, 3.0, 1.0, 3.0, 1.0, 8.0, 2.0, 2.0, 4.0, 5.0, 3.0, 1.0, 1.0, -4.0, 6.0, 1.0]","[-9.0, 46.0, 18.0, 15.0, 0.0, 41.0, 16.0, 12.0, 13.0, 40.0, 15.0, 12.0, 28.0, -26.0, 13.0, 14.0]"
3,1791637262.0075896,"[-24.784493999999995, 42.27633900000001, 23.291883000000013, 22.588754999999992, -0.08712299999999118, 43.68259499999999, 22.588754999999992, 23.555555999999996, 24.873920999999996, 42.012665999999996, 22.676646000000005, 22.32508200000001, 15.55747500000001, 108.98560800000001, 64.073307, 29.35636199999999]","[0.0, 11.0, 1.0, 1.0, 1.0, 3.0, 0.0, 1.0, 1.0, 1.0, 2.0, 1.0, 1.0, -3.0, 3.0, 1.0]","[-9.0, 51.0, 18.0, 19.0, 0.0, 42.0, 16.0, 13.0, 13.0, 61.0, 14.0, 16.0, 27.0, -26.0, 12.0, 13.0]"
3,1791637262.231152,"[-25.927076999999997, 46.23143400000001, 24.170793000000003, 24.522357, -0.08712299999999118, 46.05565200000001, 23.64344700000001, 24.78603000000001, 25.840722, 46.31932499999999, 23.64344700000001, 24.170793000000003, 15.55747500000001, 105.64575000000002, 64.864326, 29.35636199999999]","[-2.0, 4.0, 1.0, 4.0, 1.0, 7.0, 3.0, 1.0, 1.0, 12.0, 1.0, 4.0, 1.0, -4.0, 1.0, 1.0]","[0.0, 37.0, 18.0, 15.0, 0.0, 37.0, 16.0, 12.0, 13.0, 34.0, 15.0, 12.0, 26.0, -22.0, 12.0, 14.0]"
3,1791637262.4528668,"[-26.981768999999986, 48.252927, 25.313376000000005, 25.577048999999988, 0.0007679999999936626, 47.901363, 24.873920999999996, 25.66494, 26.983305, 47.725581000000005, 24.78603000000001, 25.489158000000003, 15.55747500000001, 102.21800100000002, 66.09479999999999, 29.35636199999999]","[-2.0, 6.0, 2.0, 2.0, 2.0, 3.0, 3.0, 1.0, 1.0, 2.0, 4.0, 2.0, 1.0, -6.0, 3.0, 1.0]","[0.0, 33.0, 18.0, 16.0, -10.0, 41.0, 15.0, 12.0, 0.0, 41.0, 14.0, 11.0, 26.0, -18.0, 12.0, 14.0]"
3,1791637262.6766694,"[-27.94856999999999, 50.362311000000005, 26.28017700000001, 26.71963199999999, 0.0007679999999936626, 50.098637999999994, 25.840722, 26.895413999999988, 27.950106000000005, 50.889657, 25.928613000000013, 26.455959000000007, 15.55747500000001, 99.05392499999999, 67.061601, 29.35636199999999]","[0.0, 1.0, 1.0, 4.0, 1.0, 5.0, 2.0, 2.0, 0.0, 7.0, 4.0, 3.0, 1.0, -2.0, 1.0, 1.0]","[0.0, 38.0, 18.0, 16.0, -13.0, 38.0, 15.0, 10.0, 0.0, 31.0, 14.0, 11.0, 26.0, -18.0, 11.0, 14.0]"
3,1791637262.9034684,"[-28.82748000000001, 52.47169500000001, 27.246978000000013, 27.59854200000001, 0.0007679999999936626, 52.559585999999996, 27.071196000000015, 27.42276000000001, 29.092689000000007, 52.29591300000001, 26.895413999999988, 27.59854200000001, 15.55747500000001, 95.80195800000001, 68.204184, 29.35636199999999]","[0.0, 8.0, 2.0, 1.0, 1.0, 5.0, 3.0, 1.0, 1.0, 3.0, 2.0, 3.0, 1.0, -1.0, 1.0, 1.0]","[-9.0, 31.0, 18.0, 16.0, -12.0, 35.0, 15.0, 12.0, -12.0, 38.0, 14.0, 13.0, 26.0, -18.0, 11.0, 14.0]"
3,1791637263.1275115,"[-29.882171999999997, 55.10842500000001, 28.30167, 28.829015999999996, 0.0007679999999936626, 54.66897, 28.125888000000003, 28.565343000000013, 30.05949000000001, 54.756861000000015, 28.03799699999999, 28.653233999999998, 15.55747500000001, 92.63788199999999, 69.08309400000002, 29.35636199999999]","[-2.0, 2.0, 1.0, 3.0, 1.0, 5.0, 2.0, 3.0, 1.0, 10.0, 4.0, 2.0, 1.0, -4.0, 1.0, 1.0]","[-9.0, 32.0, 17.0, 15.0, -12.0, 34.0, 15.0, 11.0, 0.0, 31.0, 13.0, 12.0, 27.0, -18.0, 11.0, 14.0]"
3,1791637263.3488858,"[-30.936863999999986, 57.21780900000002, 29.35636199999999, 29.707926000000015, 0.0007679999999936626, 56.77835400000001, 29.35636199999999, 29.795817, 31.114182, 56.42679000000001, 29.004797999999994, 29.795817, 15.733257000000009, 89.82537000000002, 70.137786, 29.35636199999999]","[0.0, 6.0, 2.0, 2.0, 1.0, 2.0, 3.0, 3.0, 1.0, 1.0, 2.0, 3.0, 2.0, -3.0, 3.0, 1.0]","[0.0, 30.0, 17.0, 16.0, -12.0, 33.0, 14.0, 12.0, -6.0, 37.0, 12.0, 11.0, 25.0, -19.0, 11.0, 14.0]"
3,1791637263.572415,"[-31.991556000000003, 59.327192999999994, 30.498944999999992, 30.850508999999988, 0.0007679999999936626, 59.151410999999996, 30.498944999999992, 30.762618000000003, 32.080983, 56.42679000000001, 29.883708000000013, 30.850508999999988, 16.260603000000003, 86.57340299999998, 71.456151, 29.35636199999999]","[-2.0, 4.0, 1.0, 3.0, 1.0, 5.0, 2.0, 1.0, 1.0, 1.0, 1.0, 3.0, 1.0, -6.0, 3.0, 1.0]","[-1.0, 30.0, 16.0, 15.0, -12.0, 29.0, 13.0, 12.0, -2.0, 58.0, 14.0, 12.0, 24.0, -18.0, 11.0, 14.0]"
3,1791637263.7994716,"[-32.95835700000001, 61.260795, 31.37785500000001, 31.817309999999992, 0.0007679999999936626, 61.52446800000001, 31.641527999999994, 31.905201000000005, 33.04778400000001, 61.348686000000015, 31.114182, 31.817309999999992, 16.436385, 83.40932700000002, 72.42295200000001, 29.35636199999999]","[-1.0, 7.0, 1.0, 1.0, 1.0, 3.0, 1.0, 1.0, 1.0, 13.0, 5.0, 4.0, 1.0, -5.0, 3.0, 1.0]","[0.0, 26.0, 17.0, 15.0, -12.0, 25.0, 13.0, 12.0, 0.0, 27.0, 12.0, 11.0, 20.0, -16.0, 11.0, 14.0]"
3,1791637264.02068,"[-34.013048999999995, 63.897525, 32.608329, 32.87200200000001, 0.0007679999999936626, 63.897525, 32.69622000000001, 32.784110999999996, 34.01458500000001, 63.63385199999999, 32.344656000000015, 32.608329, 16.436385, 82.44252599999999, 73.38975300000001, 29.35636199999999]","[-1.0, 4.0, 2.0, 3.0, 1.0, 6.0, 3.0, 1.0, 1.0, 3.0, 5.0, 2.0, 1.0, 0.0, 3.0, 1.0]","[0.0, 25.0, 16.0, 15.0, -12.0, 24.0, 12.0, 12.0, -6.0, 28.0, 13.0, 12.0, 20.0, -16.0, 11.0, 15.0]"
3,1791637264.2473707,"[-35.06774100000001, 66.00690900000001, 33.750912, 33.83880300000001, 0.0007679999999936626, 66.27058199999999, 34.01458500000001, 34.01458500000001, 35.069277, 65.83112700000001, 33.31145699999999, 33.663021000000015, 16.436385, 82.26674400000002, 74.53233600000002, 29.620035]","[0.0, 7.0, 4.0, 1.0, 1.0, 5.0, 4.0, 3.0, 1.0, 3.0, 3.0, 3.0, 1.0, 0.0, 1.0, 4.0]","[0.0, 22.0, 16.0, 16.0, -12.0, 23.0, 11.0, 11.0, 0.0, 25.0, 11.0, 12.0, 21.0, -16.0, 11.0, 14.0]"
3,1791637264.4685504,"[-35.946651, 66.182691, 34.717713, 34.893495, 0.0007679999999936626, 68.11629300000001, 34.102475999999996, 34.893495, 36.036078, 65.919018, 34.45403999999999, 34.717713, 16.524276000000015, 82.178853, 75.49913699999999, 29.707926000000015]","[-2.0, 1.0, 1.0, 1.0, 1.0, 3.0, 1.0, 2.0, 1.0, 1.0, 3.0, 3.0, 1.0, 0.0, 2.0, 1.0]","[-9.0, 24.0, 16.0, 15.0, -13.0, 21.0, 11.0, 11.0, -3.0, 27.0, 12.0, 11.0, 18.0, -16.0, 10.0, 13.0]"
3,1791637264.6955109,"[-37.00134299999999, 66.182691, 35.77240499999999, 35.860296000000005, 0.0007679999999936626, 70.48935, 34.102475999999996, 35.94818699999999, 37.00287900000001, 65.919018, 35.33295000000001, 34.717713, 16.700058000000013, 82.09096199999999, 76.55382900000001, 29.707926000000015]","[-2.0, 1.0, 2.0, 1.0, 1.0, 1.0, 1.0, 1.0, 1.0, 1.0, 2.0, 1.0, 1.0, 0.0, 1.0, 1.0]","[0.0, 23.0, 16.0, 16.0, -12.0, 20.0, 11.0, 12.0, 0.0, 27.0, 12.0, 14.0, 20.0, -15.0, 10.0, 13.0]"
3,1791637264.9186163,"[-37.88025300000001, 66.182691, 36.914987999999994, 36.82709700000001, 0.0007679999999936626, 71.71982400000002, 34.102475999999996, 36.82709700000001, 38.057570999999996, 65.919018, 36.12396899999999, 36.47553300000001, 16.700058000000013, 82.09096199999999, 77.69641200000001, 29.707926000000015]","[0.0, 1.0, 2.0, 2.0, 1.0, 1.0, 1.0, 1.0, 0.0, 1.0, 1.0, 2.0, 1.0, 0.0, 2.0, 1.0]","[-9.0, 22.0, 16.0, 15.0, -12.0, 18.0, 11.0, 12.0, 0.0, 26.0, 12.0, 12.0, 20.0, -16.0, 10.0, 14.0]"
3,1791637265.1432803,"[-38.847053999999986, 66.182691, 37.881789, 37.881789, 0.0007679999999936626, 71.71982400000002, 34.102475999999996, 37.96968000000001, 39.024372, 65.919018, 37.44233399999999, 37.44233399999999, 16.700058000000013, 82.09096199999999, 78.66321299999998, 29.707926000000015]","[0.0, 1.0, 2.0, 4.0, 1.0, 1.0, 1.0, 1.0, 1.0, 1.0, 2.0, 2.0, 1.0, 0.0, 1.0, 1.0]","[-8.0, 23.0, 15.0, 16.0, -13.0, 20.0, 11.0, 11.0, 0.0, 26.0, 12.0, 13.0, 20.0, -15.0, 10.0, 13.0]"
3,1791637265.3672745,"[-39.98963699999999, 66.182691, 38.936481000000015, 38.672808, 0.0007679999999936626, 71.71982400000002, 34.102475999999996, 39.11226300000001, 39.991173, 65.919018, 38.58491699999999, 38.58491699999999, 16.700058000000013, 82.09096199999999, 79.71790500000003, 29.707926000000015]","[0.0, 1.0, 1.0, 3.0, 1.0, 0.0, 1.0, 4.0, 1.0, 1.0, 5.0, 2.0, 1.0, 0.0, 3.0, 1.0]","[-9.0, 23.0, 16.0, 15.0, -12.0, 21.0, 12.0, 10.0, 13.0, 27.0, 11.0, 12.0, 21.0, -16.0, 9.0, 13.0]"
3,1791637265.5895095,"[-40.69276500000001, 66.182691, 40.07906399999999, 39.63960900000001, 0.0007679999999936626, 71.71982400000002, 34.102475999999996, 39.991173, 40.95797400000001, 65.919018, 39.46382700000001, 39.63960900000001, 16.700058000000013, 82.09096199999999, 80.684706, 29.707926000000015]","[-1.0, 1.0, 2.0, 3.0, 1.0, 1.0, 1.0, 4.0, 1.0, 1.0, 3.0, 3.0, 1.0, 0.0, 3.0, 1.0]","[-9.0, 23.0, 16.0, 16.0, -12.0, 20.0, 11.0, 11.0, 14.0, 27.0, 12.0, 11.0, 21.0, -15.0, 10.0, 13.0]"
3,1791637265.812739,"[-42.01113000000001, 66.182691, 41.04586499999999, 40.694300999999996, 0.0007679999999936626, 71.71982400000002, 34.102475999999996, 40.870082999999994, 41.661102, 65.919018, 40.342737, 40.694300999999996, 16.700058000000013, 82.09096199999999, 81.47572500000001, 29.707926000000015]","[0.0, 1.0, 1.0, 1.0, 1.0, 1.0, 1.0, 1.0, 1.0, 1.0, 3.0, 4.0, 1.0, 0.0, 1.0, 1.0]","[0.0, 23.0, 16.0, 17.0, -12.0, 21.0, 11.0, 11.0, 14.0, 27.0, 12.0, 12.0, 20.0, -16.0, 11.0, 13.0]"
3,1791637266.0392308,"[-43.065822, 66.182691, 42.188447999999994, 41.573211000000015, 0.0007679999999936626, 71.71982400000002, 34.102475999999996, 42.012665999999996, 43.06735800000001, 65.919018, 41.573211000000015, 41.573211000000015, 16.700058000000013, 82.09096199999999, 82.61830800000001, 29.707926000000015]","[0.0, 0.0, 3.0, 4.0, 1.0, 1.0, 1.0, 4.0, 1.0, 0.0, 2.0, 1.0, 1.0, 0.0, 3.0, 1.0]","[0.0, 23.0, 15.0, 15.0, -13.0, 21.0, 11.0, 11.0, 0.0, 27.0, 12.0, 12.0, 21.0, -16.0, 10.0, 13.0]"
3,1791637266.2632465,"[-44.032623, 66.27058199999999, 43.155249, 42.891576000000015, 0.0007679999999936626, 71.71982400000002, 34.102475999999996, 42.979467, 43.946268, 65.919018, 42.36422999999999, 42.803685, 16.700058000000013, 82.09096199999999, 83.49721799999998, 29.707926000000015]","[0.0, 2.0, 2.0, 3.0, 1.0, 1.0, 1.0, 1.0, 1.0, 1.0, 1.0, 4.0, 0.0, 0.0, 2.0, 1.0]","[0.0, 21.0, 15.0, 15.0, -13.0, 21.0, 12.0, 11.0, 13.0, 27.0, 12.0, 12.0, 20.0, -15.0, 10.0, 13.0]"
3,1791637266.4853334,"[-45.08731499999999, 66.44636400000002, 44.297832, 43.506812999999994, 0.0007679999999936626, 71.71982400000002, 34.102475999999996, 43.85837699999999, 45.00095999999999, 65.919018, 43.68259499999999, 43.770486000000005, 16.700058000000013, 82.09096199999999, 84.376128, 29.707926000000015]","[0.0, 0.0, 4.0, 1.0, 1.0, 0.0, 1.0, 1.0, 0.0, 0.0, 3.0, 1.0, 1.0, 0.0, 3.0, 1.0]","[0.0, 23.0, 15.0, 16.0, -12.0, 20.0, 11.0, 12.0, -3.0, 26.0, 11.0, 11.0, 19.0, -15.0, 11.0, 13.0]"
3,1791637266.711149,"[-46.05411599999999, 66.44636400000002, 45.088851000000005, 44.825177999999994, 0.0007679999999936626, 71.807715, 34.102475999999996, 45.00095999999999, 45.967760999999996, 65.919018, 44.649395999999996, 44.91306900000001, 16.700058000000013, 82.09096199999999, 85.25503800000001, 29.707926000000015]","[0.0, 1.0, 1.0, 3.0, 1.0, 1.0, 1.0, 2.0, 1.0, 0.0, 3.0, 2.0, 0.0, 0.0, 1.0, 1.0]","[0.0, 22.0, 15.0, 16.0, -12.0, 21.0, 11.0, 12.0, 0.0, 26.0, 11.0, 12.0, 20.0, -16.0, 11.0, 14.0]"
3,1791637266.933921,"[-47.020917, 66.44636400000002, 46.05565200000001, 45.791979, 0.0007679999999936626, 71.71982400000002, 34.102475999999996, 45.87987000000001, 46.934562, 65.919018, 45.616197, 45.87987000000001, 16.700058000000013, 82.09096199999999, 86.30973, 29.707926000000015]","[0.0, 1.0, 2.0, 1.0, 1.0, 1.0, 1.0, 1.0, 0.0, 1.0, 3.0, 1.0, 1.0, 0.0, 2.0, 1.0]","[0.0, 23.0, 16.0, 15.0, -12.0, 21.0, 11.0, 11.0, 0.0, 26.0, 11.0, 11.0, 20.0, -15.0, 11.0, 14.0]"
3,1791637267.1592238,"[-47.72404499999999, 66.44636400000002, 47.110344, 47.19823500000001, 0.0007679999999936626, 71.71982400000002, 34.102475999999996, 47.02245300000001, 48.077145, 66.00690900000001, 46.67088899999999, 47.110344, 16.787948999999998, 82.09096199999999, 87.36442199999999, 29.707926000000015]","[-1.0, 1.0, 1.0, 3.0, 1.0, 1.0, 1.0, 3.0, 1.0, 1.0, 4.0, 3.0, 0.0, 0.0, 3.0, 1.0]","[-9.0, 22.0, 15.0, 15.0, -13.0, 20.0, 11.0, 11.0, -14.0, 27.0, 11.0, 10.0, 19.0, -16.0, 11.0, 13.0]"
3,1791637267.3831046,"[-49.04240999999999, 66.44636400000002, 47.98925399999999, 48.077145, 0.0007679999999936626, 71.71982400000002, 34.102475999999996, 47.901363, 49.043946000000005, 65.919018, 47.63768999999999, 47.98925399999999, 16.787948999999998, 82.09096199999999, 88.155441, 29.707926000000015]","[-2.0, 1.0, 1.0, 1.0, 1.0, 0.0, 1.0, 1.0, 1.0, 1.0, 2.0, 2.0, 1.0, 0.0, 1.0, 1.0]","[0.0, 22.0, 15.0, 15.0, -12.0, 21.0, 12.0, 10.0, -14.0, 26.0, 11.0, 10.0, 19.0, -15.0, 11.0, 13.0]"
3,1791637267.604841,"[-49.833428999999995, 66.44636400000002, 49.043946000000005, 49.219728, 0.0007679999999936626, 71.71982400000002, 34.102475999999996, 48.86816400000001, 49.922855999999996, 65.919018, 48.51660000000001, 49.043946000000005, 16.787948999999998, 82.09096199999999, 89.12224200000003, 29.707926000000015]","[0.0, 1.0, 3.0, 4.0, 1.0, 1.0, 1.0, 1.0, 1.0, 1.0, 1.0, 2.0, 0.0, 0.0, 1.0, 1.0]","[-9.0, 22.0, 15.0, 14.0, -13.0, 20.0, 11.0, 12.0, 0.0, 26.0, 12.0, 10.0, 19.0, -16.0, 12.0, 14.0]"
3,1791637267.831184,"[-50.80023, 66.44636400000002, 50.01074700000001, 50.45020199999999, 0.0007679999999936626, 71.71982400000002, 34.102475999999996, 50.01074700000001, 51.065439, 66.00690900000001, 49.483401000000015, 50.01074700000001, 16.787948999999998, 82.09096199999999, 89.298024, 29.707926000000015]","[0.0, 1.0, 1.0, 3.0, 1.0, 0.0, 1.0, 3.0, 1.0, 1.0, 2.0, 2.0, 1.0, 0.0, 1.0, 1.0]","[-9.0, 23.0, 15.0, 14.0, -12.0, 21.0, 11.0, 10.0, -8.0, 27.0, 12.0, 11.0, 18.0, -16.0, 15.0, 13.0]"
3,1791637268.052647,"[-51.767031, 66.44636400000002, 50.97754800000001, 51.32911200000001, 0.0007679999999936626, 71.71982400000002, 34.102475999999996, 50.801766000000015, 52.03224, 66.00690900000001, 50.62598400000002, 50.889657, 16.787948999999998, 82.09096199999999, 89.47380600000002, 29.707926000000015]","[0.0, 1.0, 2.0, 3.0, 1.0, 0.0, 1.0, 1.0, 1.0, 1.0, 2.0, 4.0, 1.0, 0.0, 1.0, 1.0]","[-11.0, 23.0, 16.0, 13.0, -12.0, 22.0, 11.0, 12.0, 0.0, 26.0, 11.0, 10.0, 19.0, -16.0, 17.0, 14.0]"
3,1791637268.2765925,"[-52.82172299999999, 66.44636400000002, 52.03224, 52.29591300000001, 0.0007679999999936626, 71.71982400000002, 34.102475999999996, 52.03224, 53.08693199999999, 66.00690900000001, 51.76856699999999, 51.94434900000002, 16.700058000000013, 82.09096199999999, 89.56169699999998, 29.707926000000015]","[-3.0, 1.0, 2.0, 1.0, 1.0, 1.0, 1.0, 4.0, 0.0, 1.0, 4.0, 2.0, 1.0, 0.0, 1.0, 1.0]","[-9.0, 23.0, 16.0, 14.0, -12.0, 20.0, 11.0, 11.0, 0.0, 26.0, 11.0, 10.0, 20.0, -16.0, 21.0, 14.0]"
3,1791637268.5029879,"[-53.876414999999994, 66.44636400000002, 52.999041000000005, 53.350605, 0.0007679999999936626, 71.807715, 34.102475999999996, 52.91114999999999, 54.053732999999994, 66.00690900000001, 52.559585999999996, 52.999041000000005, 16.700058000000013, 82.09096199999999, 89.56169699999998, 29.707926000000015]","[-2.0, 1.0, 3.0, 4.0, 1.0, 1.0, 1.0, 1.0, 1.0, 0.0, 2.0, 3.0, 0.0, 0.0, 1.0, 1.0]","[-10.0, 23.0, 15.0, 13.0, -12.0, 20.0, 11.0, 12.0, 0.0, 26.0, 11.0, 10.0, 19.0, -15.0, 27.0, 14.0]"
3,1791637268.7236893,"[-54.491652, 66.44636400000002, 53.96584200000001, 54.317406000000005, 0.0007679999999936626, 71.71982400000002, 34.102475999999996, 54.14162400000001, 55.10842500000001, 66.00690900000001, 53.526387, 53.79006000000001, 16.700058000000013, 82.09096199999999, 89.91326099999998, 29.620035]","[0.0, 1.0, 4.0, 3.0, 1.0, 0.0, 1.0, 3.0, 0.0, 0.0, 1.0, 1.0, 0.0, 0.0, 1.0, 0.0]","[-10.0, 21.0, 15.0, 14.0, -12.0, 21.0, 11.0, 11.0, -4.0, 25.0, 12.0, 12.0, 20.0, -16.0, 33.0, 14.0]"
3,1791637268.9485474,"[-55.546344000000005, 66.44636400000002, 55.10842500000001, 55.372097999999994, 0.0007679999999936626, 71.71982400000002, 34.102475999999996, 54.93264300000001, 56.163117, 66.00690900000001, 54.66897, 55.020534, 16.700058000000013, 82.09096199999999, 90.00115199999999, 29.620035]","[-1.0, 1.0, 3.0, 2.0, 1.0, 0.0, 1.0, 1.0, 0.0, 1.0, 4.0, 3.0, 0.0, 0.0, 1.0, 0.0]","[-10.0, 20.0, 15.0, 14.0, -12.0, 21.0, 11.0, 11.0, -7.0, 26.0, 12.0, 11.0, 19.0, -16.0, 41.0, 13.0]"
3,1791637269.1738908,"[-56.425253999999995, 66.710037, 55.987335, 56.338899, 0.0007679999999936626, 71.71982400000002, 34.102475999999996, 55.72366199999999, 56.954136000000005, 66.00690900000001, 55.45998900000001, 55.89944400000002, 16.700058000000013, 82.178853, 89.82537000000002, 29.620035]","[0.0, 1.0, 1.0, 4.0, 1.0, 1.0, 1.0, 1.0, 1.0, 1.0, 1.0, 3.0, 0.0, 0.0, 0.0, 1.0]","[-10.0, 19.0, 15.0, 13.0, -12.0, 21.0, 11.0, 11.0, 0.0, 26.0, 12.0, 11.0, 9.0, 0.0, 9.0, 13.0]"
3,1791637269.3989136,"[-57.128382, 66.885819, 56.954136000000005, 57.129918, 0.0007679999999936626, 71.807715, 34.102475999999996, 56.954136000000005, 57.92093700000001, 66.00690900000001, 56.42679000000001, 56.86624499999999, 16.700058000000013, 82.178853, 89.82537000000002, 29.620035]","[-1.0, 0.0, 1.0, 1.0, 1.0, 1.0, 1.0, 1.0, 1.0, 1.0, 2.0, 3.0, 0.0, 1.0, 0.0, 1.0]","[-11.0, 20.0, 16.0, 15.0, -12.0, 22.0, 11.0, 10.0, 0.0, 26.0, 12.0, 11.0, 8.0, 0.0, 9.0, 13.0]"
3,1791637269.6229248,"[-58.71042, 66.885819, 58.09671900000001, 58.008827999999994, 0.0007679999999936626, 71.71982400000002, 34.102475999999996, 57.92093700000001, 58.975629, 66.00690900000001, 57.3057, 57.92093700000001, 16.700058000000013, 82.178853, 89.82537000000002, 29.620035]","[-2.0, 1.0, 3.0, 1.0, 1.0, 0.0, 1.0, 1.0, 1.0, 1.0, 1.0, 4.0, 0.0, 1.0, 0.0, 1.0]","[-9.0, 20.0, 16.0, 15.0, -12.0, 21.0, 11.0, 10.0, 0.0, 26.0, 12.0, 11.0, 8.0, 0.0, 10.0, 13.0]"
3,1791637269.8444731,"[-59.149874999999994, 66.885819, 59.327192999999994, 59.06352000000001, 0.0007679999999936626, 71.807715, 34.102475999999996, 59.06352000000001, 59.94243, 66.00690900000001, 58.448283, 58.88773800000001, 16.700058000000013, 82.178853, 89.82537000000002, 29.620035]","[0.0, 1.0, 4.0, 1.0, 1.0, 1.0, 1.0, 1.0, 1.0, 1.0, 3.0, 3.0, 0.0, 1.0, 0.0, 1.0]","[-10.0, 20.0, 14.0, 14.0, -12.0, 21.0, 11.0, 11.0, 0.0, 26.0, 12.0, 11.0, 8.0, 0.0, 10.0, 12.0]"
3,1791637270.0679328,"[-60.468239999999994, 66.885819, 60.38188500000001, 59.23930200000001, 0.0007679999999936626, 71.807715, 34.102475999999996, 59.94243, 60.99712199999999, 66.00690900000001, 59.590866000000005, 58.88773800000001, 16.700058000000013, 82.178853, 89.82537000000002, 29.620035]","[-1.0, 1.0, 3.0, 1.0, 1.0, 1.0, 1.0, 1.0, 1.0, 1.0, 4.0, 1.0, 0.0, 1.0, 0.0, 1.0]","[-10.0, 19.0, 14.0, 14.0, -13.0, 21.0, 12.0, 11.0, 0.0, 26.0, 11.0, 11.0, 9.0, 0.0, 10.0, 12.0]"
3,1791637270.291404,"[-61.610822999999996, 66.885819, 61.348686000000015, 59.23930200000001, 0.0007679999999936626, 71.71982400000002, 34.102475999999996, 60.99712199999999, 61.963922999999994, 66.00690900000001, 60.82133999999999, 58.88773800000001, 16.700058000000013, 82.178853, 89.82537000000002, 29.620035]","[0.0, 1.0, 2.0, 1.0, 1.0, 0.0, 1.0, 3.0, 3.0, 1.0, 4.0, 1.0, 0.0, 1.0, 0.0, 1.0]","[-9.0, 20.0, 14.0, 14.0, -12.0, 22.0, 12.0, 11.0, 0.0, 26.0, 11.0, 11.0, 8.0, 0.0, 10.0, 13.0]"
3,1791637270.5161836,"[-62.489733, 66.885819, 62.31548699999999, 59.23930200000001, 0.0007679999999936626, 71.71982400000002, 34.102475999999996, 61.963922999999994, 62.84283300000001, 66.00690900000001, 61.87603200000001, 58.88773800000001, 16.700058000000013, 82.178853, 89.82537000000002, 29.620035]","[0.0, 1.0, 2.0, 1.0, 1.0, 0.0, 1.0, 3.0, 3.0, 1.0, 4.0, 1.0, 0.0, 0.0, 0.0, 1.0]","[-9.0, 20.0, 15.0, 14.0, -12.0, 21.0, 12.0, 11.0, 14.0, 27.0, 12.0, 11.0, 10.0, 1.0, 10.0, 13.0]"
3,1791637270.7428522,"[-63.720207, 66.885819, 63.37017900000001, 59.23930200000001, 0.0007679999999936626, 71.71982400000002, 34.102475999999996, 62.930724, 63.985416000000015, 66.00690900000001, 62.84283300000001, 58.88773800000001, 16.700058000000013, 82.178853, 89.82537000000002, 29.620035]","[0.0, 1.0, 1.0, 1.0, 1.0, 0.0, 1.0, 1.0, 1.0, 1.0, 2.0, 1.0, 0.0, 1.0, 0.0, 1.0]","[-9.0, 19.0, 14.0, 15.0, -13.0, 21.0, 11.0, 11.0, 0.0, 26.0, 10.0, 11.0, 9.0, 0.0, 9.0, 13.0]"
3,1791637270.9668038,"[-64.774899, 66.885819, 64.424871, 59.23930200000001, 0.0007679999999936626, 71.71982400000002, 34.102475999999996, 64.073307, 64.95221699999999, 66.00690900000001, 63.545961000000005, 58.88773800000001, 16.700058000000013, 82.178853, 89.82537000000002, 29.620035]","[-1.0, 1.0, 2.0, 1.0, 1.0, 0.0, 1.0, 3.0, 1.0, 1.0, 1.0, 1.0, 0.0, 1.0, 0.0, 1.0]","[-9.0, 20.0, 14.0, 14.0, -12.0, 21.0, 12.0, 11.0, 0.0, 26.0, 11.0, 12.0, 9.0, 0.0, 10.0, 13.0]"
3,1791637271.190746,"[-65.390136, 66.885819, 65.391672, 59.23930200000001, 0.0007679999999936626, 71.71982400000002, 34.102475999999996, 64.95221699999999, 65.919018, 66.00690900000001, 64.68854400000001, 58.88773800000001, 16.700058000000013, 82.178853, 89.82537000000002, 29.620035]","[0.0, 1.0, 1.0, 1.0, 1.0, 0.0, 1.0, 2.0, 1.0, 1.0, 2.0, 1.0, 0.0, 1.0, 0.0, 1.0]","[-10.0, 19.0, 14.0, 15.0, -12.0, 21.0, 12.0, 11.0, 0.0, 25.0, 12.0, 11.0, 8.0, 0.0, 10.0, 13.0]"
3,1791637271.412063,"[-66.532719, 66.885819, 66.44636400000002, 59.23930200000001, 0.0007679999999936626, 71.71982400000002, 34.102475999999996, 65.83112700000001, 66.97371000000001, 66.00690900000001, 65.83112700000001, 58.88773800000001, 16.700058000000013, 82.178853, 89.82537000000002, 29.620035]","[-1.0, 1.0, 3.0, 1.0, 1.0, 1.0, 1.0, 2.0, 1.0, 1.0, 3.0, 1.0, 0.0, 1.0, 0.0, 1.0]","[-9.0, 19.0, 14.0, 14.0, -13.0, 21.0, 12.0, 12.0, 0.0, 27.0, 11.0, 11.0, 8.0, 0.0, 10.0, 13.0]"
3,1791637271.6356723,"[-67.49952, 66.885819, 67.41316499999999, 59.23930200000001, 0.0007679999999936626, 71.71982400000002, 34.102475999999996, 66.710037, 67.94051100000001, 66.00690900000001, 66.62214600000001, 58.88773800000001, 16.700058000000013, 82.178853, 89.82537000000002, 29.620035]","[0.0, 1.0, 1.0, 1.0, 1.0, 1.0, 1.0, 1.0, 2.0, 1.0, 3.0, 1.0, 0.0, 1.0, 0.0, 1.0]","[-9.0, 19.0, 16.0, 15.0, -12.0, 20.0, 12.0, 11.0, 0.0, 25.0, 12.0, 11.0, 8.0, 0.0, 10.0, 13.0]"
3,1791637271.862548,"[-68.37843, 66.885819, 68.379966, 59.23930200000001, 0.0007679999999936626, 71.807715, 34.102475999999996, 67.85262, 68.90731199999999, 66.00690900000001, 67.237383, 58.88773800000001, 16.700058000000013, 82.178853, 89.82537000000002, 29.620035]","[0.0, 1.0, 2.0, 1.0, 1.0, 1.0, 1.0, 1.0, 1.0, 1.0, 1.0, 1.0, 0.0, 1.0, 0.0, 1.0]","[-9.0, 20.0, 14.0, 14.0, -13.0, 21.0, 12.0, 12.0, 13.0, 26.0, 12.0, 12.0, 8.0, 0.0, 10.0, 12.0]"
3,1791637272.083726,"[-69.433122, 66.885819, 69.43465800000001, 59.23930200000001, 0.0007679999999936626, 71.71982400000002, 34.102475999999996, 68.73152999999999, 69.78622200000001, 66.00690900000001, 68.29207500000001, 58.88773800000001, 16.700058000000013, 82.178853, 89.82537000000002, 29.620035]","[-2.0, 1.0, 2.0, 1.0, 1.0, 1.0, 1.0, 1.0, 1.0, 1.0, 1.0, 1.0, 0.0, 1.0, 0.0, 1.0]","[-10.0, 20.0, 14.0, 14.0, -12.0, 21.0, 11.0, 12.0, 13.0, 25.0, 13.0, 11.0, 8.0, 0.0, 10.0, 12.0]"
3,1791637272.310617,"[-69.433122, 66.885819, 70.313568, 59.23930200000001, 0.0007679999999936626, 71.807715, 34.102475999999996, 69.522549, 69.874113, 66.00690900000001, 69.25887600000001, 58.88773800000001, 16.700058000000013, 82.178853, 89.82537000000002, 29.620035]","[0.0, 1.0, 1.0, 1.0, 1.0, 1.0, 1.0, 1.0, 0.0, 1.0, 3.0, 1.0, 0.0, 1.0, 0.0, 1.0]","[-9.0, 20.0, 14.0, 14.0, -13.0, 21.0, 11.0, 13.0, 13.0, 26.0, 12.0, 11.0, 8.0, 0.0, 10.0, 13.0]"
3,1791637272.5346777,"[-69.433122, 66.885819, 71.192478, 59.23930200000001, 0.0007679999999936626, 71.71982400000002, 34.102475999999996, 70.840914, 69.874113, 66.00690900000001, 70.313568, 58.88773800000001, 16.700058000000013, 82.178853, 89.82537000000002, 29.620035]","[0.0, 1.0, 1.0, 1.0, 1.0, 1.0, 1.0, 4.0, 0.0, 1.0, 3.0, 1.0, 0.0, 1.0, 0.0, 1.0]","[-9.0, 19.0, 15.0, 14.0, -12.0, 21.0, 11.0, 12.0, 12.0, 26.0, 13.0, 11.0, 8.0, 0.0, 9.0, 12.0]"
3,1791637272.7586584,"[-69.433122, 66.885819, 72.07138800000001, 59.23930200000001, 0.0007679999999936626, 71.71982400000002, 34.102475999999996, 71.631933, 69.874113, 66.00690900000001, 71.192478, 58.88773800000001, 16.700058000000013, 82.178853, 89.82537000000002, 29.620035]","[0.0, 1.0, 0.0, 1.0, 1.0, 0.0, 1.0, 1.0, 0.0, 1.0, 3.0, 1.0, 0.0, 1.0, 0.0, 1.0]","[-10.0, 19.0, 15.0, 14.0, -12.0, 22.0, 11.0, 12.0, 14.0, 26.0, 12.0, 11.0, 8.0, 0.0, 10.0, 13.0]"
3,1791637272.982043,"[-69.433122, 66.885819, 73.03818900000002, 59.23930200000001, 0.0007679999999936626, 71.807715, 34.102475999999996, 72.774516, 69.874113, 66.00690900000001, 72.159279, 58.88773800000001, 16.700058000000013, 82.178853, 89.82537000000002, 29.620035]","[0.0, 1.0, 3.0, 1.0, 1.0, 1.0, 1.0, 1.0, 1.0, 1.0, 1.0, 1.0, 0.0, 1.0, 0.0, 1.0]","[-9.0, 20.0, 16.0, 15.0, -12.0, 21.0, 11.0, 11.0, 12.0, 26.0, 12.0, 11.0, 8.0, 0.0, 10.0, 12.0]"
3,1791637273.2032826,"[-69.433122, 66.885819, 74.00498999999999, 59.23930200000001, 0.0007679999999936626, 71.807715, 34.102475999999996, 73.74131700000001, 69.874113, 66.00690900000001, 73.21397100000002, 58.88773800000001, 16.700058000000013, 82.178853, 89.82537000000002, 29.620035]","[0.0, 1.0, 1.0, 1.0, 1.0, 1.0, 1.0, 3.0, 1.0, 1.0, 2.0, 1.0, 0.0, 1.0, 0.0, 1.0]","[-9.0, 19.0, 16.0, 14.0, -12.0, 20.0, 11.0, 13.0, 12.0, 26.0, 12.0, 11.0, 8.0, 0.0, 10.0, 12.0]"
3,1791637273.4279468,"[-69.433122, 66.885819, 74.88390000000001, 59.23930200000001, 0.0007679999999936626, 71.71982400000002, 34.102475999999996, 73.829208, 69.874113, 66.00690900000001, 74.092881, 58.88773800000001, 16.700058000000013, 82.178853, 89.82537000000002, 29.620035]","[0.0, 1.0, 2.0, 1.0, 1.0, 1.0, 1.0, 1.0, 0.0, 1.0, 2.0, 1.0, 0.0, 1.0, 0.0, 1.0]","[-10.0, 20.0, 17.0, 15.0, -12.0, 22.0, 11.0, 11.0, 14.0, 25.0, 13.0, 11.0, 8.0, 0.0, 10.0, 13.0]"
3,1791637273.6512253,"[-69.433122, 66.885819, 75.85070100000002, 59.23930200000001, 0.0007679999999936626, 71.807715, 34.102475999999996, 73.829208, 69.96200400000001, 66.00690900000001, 74.971791, 58.88773800000001, 16.700058000000013, 82.178853, 89.82537000000002, 29.620035]","[0.0, 1.0, 2.0, 1.0, 1.0, 1.0, 1.0, 1.0, 2.0, 1.0, 1.0, 1.0, 0.0, 1.0, 0.0, 1.0]","[-9.0, 19.0, 16.0, 14.0, -12.0, 20.0, 12.0, 13.0, 1.0, 26.0, 14.0, 11.0, 8.0, 0.0, 10.0, 13.0]"
3,1791637273.8767128,"[-69.433122, 66.885819, 76.81750199999999, 59.23930200000001, 0.0007679999999936626, 71.807715, 34.102475999999996, 73.829208, 69.874113, 66.00690900000001, 75.67491900000002, 58.88773800000001, 16.700058000000013, 82.178853, 89.82537000000002, 29.620035]","[0.0, 1.0, 2.0, 1.0, 1.0, 1.0, 1.0, 1.0, 1.0, 1.0, 3.0, 1.0, 0.0, 1.0, 0.0, 1.0]","[-9.0, 19.0, 16.0, 14.0, -12.0, 21.0, 11.0, 12.0, 8.0, 26.0, 14.0, 11.0, 8.0, 0.0, 9.0, 13.0]"
3,1791637274.1020505,"[-69.433122, 66.885819, 77.78430300000002, 59.23930200000001, 0.0007679999999936626, 71.71982400000002, 34.102475999999996, 73.829208, 69.874113, 66.00690900000001, 76.55382900000001, 58.88773800000001, 16.700058000000013, 82.178853, 89.82537000000002, 29.620035]","[0.0, 1.0, 1.0, 1.0, 1.0, 0.0, 1.0, 1.0, 0.0, 1.0, 3.0, 1.0, 0.0, 1.0, 0.0, 1.0]","[-10.0, 19.0, 16.0, 14.0, -11.0, 21.0, 11.0, 12.0, 9.0, 25.0, 14.0, 12.0, 9.0, 0.0, 10.0, 13.0]"
3,1791637274.3265157,"[-69.433122, 66.885819, 78.66321299999998, 59.23930200000001, 0.0007679999999936626, 71.71982400000002, 34.102475999999996, 73.829208, 69.96200400000001, 66.00690900000001, 77.608521, 58.88773800000001, 16.700058000000013, 82.178853, 89.82537000000002, 29.620035]","[0.0, 1.0, 2.0, 1.0, 1.0, 1.0, 1.0, 1.0, 1.0, 1.0, 3.0, 1.0, 0.0, 1.0, 0.0, 1.0]","[-10.0, 19.0, 17.0, 15.0, -12.0, 20.0, 12.0, 12.0, 9.0, 25.0, 15.0, 11.0, 8.0, 0.0, 10.0, 13.0]"
3,1791637274.5489514,"[-69.433122, 67.14949200000001, 79.63001400000002, 59.23930200000001, 0.0007679999999936626, 71.807715, 34.102475999999996, 73.829208, 69.874113, 66.00690900000001, 78.48743100000002, 58.88773800000001, 16.700058000000013, 82.178853, 89.82537000000002, 29.620035]","[0.0, 5.0, 2.0, 1.0, 1.0, 1.0, 1.0, 1.0, 1.0, 1.0, 1.0, 1.0, 0.0, 1.0, 0.0, 1.0]","[-10.0, 17.0, 16.0, 14.0, -12.0, 20.0, 12.0, 12.0, 13.0, 26.0, 15.0, 11.0, 8.0, 0.0, 11.0, 13.0]"
3,1791637274.7731965,"[-69.433122, 67.501056, 80.245251, 59.23930200000001, 0.0007679999999936626, 71.71982400000002, 34.102475999999996, 73.829208, 69.874113, 66.00690900000001, 79.542123, 58.88773800000001, 16.700058000000013, 82.178853, 89.82537000000002, 29.620035]","[0.0, 1.0, 1.0, 1.0, 1.0, 0.0, 1.0, 1.0, 1.0, 1.0, 3.0, 1.0, 0.0, 1.0, 0.0, 1.0]","[-10.0, 16.0, 18.0, 14.0, -12.0, 22.0, 12.0, 12.0, 10.0, 26.0, 15.0, 12.0, 10.0, 0.0, 10.0, 13.0]"
3,1791637274.9946473,"[-69.433122, 67.501056, 81.47572500000001, 59.23930200000001, 0.0007679999999936626, 71.807715, 34.102475999999996, 73.829208, 69.874113, 66.00690900000001, 80.42103300000002, 58.88773800000001, 16.700058000000013, 82.178853, 89.82537000000002, 29.620035]","[0.0, 1.0, 1.0, 1.0, 1.0, 1.0, 1.0, 1.0, 0.0, 1.0, 5.0, 1.0, 0.0, 1.0, 0.0, 1.0]","[-10.0, 17.0, 17.0, 14.0, -12.0, 21.0, 11.0, 12.0, 11.0, 25.0, 16.0, 11.0, 8.0, 0.0, 9.0, 12.0]"
3,1791637275.2194405,"[-69.433122, 67.501056, 82.178853, 59.23930200000001, 0.0007679999999936626, 71.71982400000002, 34.102475999999996, 73.829208, 69.874113, 66.00690900000001, 81.65150699999998, 58.88773800000001, 16.700058000000013, 82.178853, 89.82537000000002, 29.620035]","[0.0, 1.0, 2.0, 1.0, 1.0, 1.0, 1.0, 1.0, 1.0, 1.0, 4.0, 1.0, 0.0, 1.0, 0.0, 1.0]","[-11.0, 17.0, 18.0, 14.0, -12.0, 21.0, 11.0, 12.0, 2.0, 25.0, 15.0, 11.0, 8.0, 0.0, 10.0, 13.0]"
3,1791637275.4464142,"[-69.433122, 67.501056, 82.61830800000001, 59.23930200000001, 0.0007679999999936626, 71.71982400000002, 34.102475999999996, 73.829208, 69.874113, 66.00690900000001, 82.44252599999999, 58.88773800000001, 16.700058000000013, 82.178853, 89.82537000000002, 29.620035]","[0.0, 1.0, 1.0, 1.0, 1.0, 1.0, 1.0, 1.0, 0.0, 1.0, 1.0, 1.0, 0.0, 1.0, 0.0, 1.0]","[-9.0, 16.0, 24.0, 15.0, -12.0, 20.0, 11.0, 12.0, 13.0, 26.0, 15.0, 12.0, 9.0, 0.0, 10.0, 13.0]"
3,1791637275.6672628,"[-69.433122, 67.501056, 82.96987200000001, 59.23930200000001, 0.0007679999999936626, 71.71982400000002, 34.102475999999996, 73.829208, 69.874113, 66.00690900000001, 83.321436, 58.88773800000001, 16.700058000000013, 82.178853, 89.82537000000002, 29.620035]","[0.0, 1.0, 1.0, 1.0, 1.0, 1.0, 1.0, 1.0, 1.0, 1.0, 2.0, 1.0, 0.0, 1.0, 0.0, 1.0]","[-9.0, 17.0, 25.0, 14.0, -12.0, 20.0, 12.0, 12.0, 13.0, 26.0, 16.0, 11.0, 8.0, 0.0, 10.0, 13.0]"
3,1791637275.893246,"[-69.521013, 67.501056, 83.58510899999999, 59.23930200000001, 0.0007679999999936626, 71.807715, 34.102475999999996, 73.829208, 69.96200400000001, 66.00690900000001, 84.20034600000002, 58.88773800000001, 16.700058000000013, 82.178853, 89.82537000000002, 29.620035]","[0.0, 0.0, 1.0, 1.0, 1.0, 1.0, 1.0, 1.0, 1.0, 1.0, 1.0, 1.0, 0.0, 1.0, 0.0, 1.0]","[-9.0, 17.0, 27.0, 15.0, -13.0, 21.0, 11.0, 12.0, 7.0, 26.0, 16.0, 12.0, 8.0, 0.0, 10.0, 13.0]"
3,1791637276.1167881,"[-69.521013, 67.41316499999999, 84.20034600000002, 59.23930200000001, 0.0007679999999936626, 71.71982400000002, 34.102475999999996, 73.829208, 69.874113, 66.00690900000001, 84.99136500000003, 58.88773800000001, 16.700058000000013, 82.178853, 89.82537000000002, 29.620035]","[0.0, 0.0, 1.0, 1.0, 1.0, 1.0, 1.0, 1.0, 1.0, 1.0, 2.0, 1.0, 0.0, 0.0, 0.0, 1.0]","[-9.0, 17.0, 28.0, 13.0, -12.0, 21.0, 12.0, 12.0, 14.0, 26.0, 18.0, 11.0, 9.0, 0.0, 10.0, 13.0]"
3,1791637276.339543,"[-69.608904, 67.41316499999999, 84.20034600000002, 59.23930200000001, 0.0007679999999936626, 71.807715, 34.102475999999996, 73.829208, 69.874113, 66.00690900000001, 85.78238399999998, 58.88773800000001, 16.700058000000013, 82.178853, 89.82537000000002, 29.620035]","[0.0, 1.0, 1.0, 1.0, 1.0, 1.0, 1.0, 1.0, 1.0, 1.0, 2.0, 1.0, 0.0, 1.0, 0.0, 1.0]","[-9.0, 17.0, 33.0, 14.0, -13.0, 22.0, 11.0, 13.0, 12.0, 25.0, 19.0, 11.0, 8.0, 0.0, 10.0, 13.0]"
3,1791637276.5657122,"[-69.521013, 67.41316499999999, 85.78238399999998, 59.23930200000001, 0.0007679999999936626, 71.71982400000002, 34.102475999999996, 73.829208, 69.874113, 66.00690900000001, 86.661294, 58.88773800000001, 16.700058000000013, 82.178853, 89.82537000000002, 29.620035]","[0.0, 0.0, 1.0, 1.0, 1.0, 1.0, 1.0, 1.0, 0.0, 1.0, 1.0, 1.0, 0.0, 1.0, 0.0, 1.0]","[-9.0, 18.0, 32.0, 14.0, -12.0, 20.0, 11.0, 12.0, 13.0, 26.0, 18.0, 11.0, 8.0, 0.0, 10.0, 13.0]"
