grip,time,positions,velocities,currents
1,1791638747.941257,"[0.0007679999999936626, -5.009018999999995, -1.1418150000000082, -0.17501400000000444, 0.0007679999999936626, -4.92112800000001, 0.17654999999999177, -0.4386869999999874, 0.08865900000000693, -4.833236999999997, -0.9660330000000101, 0.3523319999999899, -1.8449430000000007, 178.41949799999998, 40.166955, 26.016503999999998]","[1.0, 1.0, 1.0, 0.0, 1.0, 0.0, 0.0, 1.0, 0.0, 1.0, 1.0, 0.0, 0.0, 1.0, 1.0, 1.0]","[-9.0, 33.0, 15.0, 14.0, -6.0, 31.0, -10.0, 11.0, -14.0, 32.0, 11.0, -11.0, 15.0, 15.0, -11.0, -16.0]"
1,1791638748.1661427,"[-0.5265780000000007, -4.833236999999997, -1.1418150000000082, 0.08865900000000693, 0.0007679999999936626, -4.833236999999997, 0.6160050000000012, -0.4386869999999874, 0.7038960000000145, -4.833236999999997, -0.9660330000000101, 0.3523319999999899, -1.8449430000000007, 178.243716, 40.166955, 26.016503999999998]","[0.0, 1.0, 1.0, 1.0, 0.0, 1.0, 1.0, 1.0, 1.0, 1.0, 1.0, 0.0, 0.0, 0.0, 1.0, 0.0]","[-9.0, 46.0, 19.0, 15.0, -7.0, 45.0, 11.0, 12.0, 14.0, 51.0, 13.0, 10.0, 14.0, -11.0, 11.0, 0.0]"
1,1791638748.3869793,"[-1.4054879999999912, -3.9543270000000064, -0.08712299999999118, 0.44022300000000314, 0.0007679999999936626, -3.60276300000001, 1.2312420000000088, 0.44022300000000314, 1.1433509999999956, -4.1301090000000045, -0.6144689999999855, 0.6160050000000012, -1.8449430000000007, 177.98004300000002, 40.518519, 26.28017700000001]","[1.0, 1.0, 1.0, 1.0, 0.0, 1.0, 2.0, 2.0, 5.0, 1.0, 1.0, 1.0, 0.0, 0.0, 1.0, 1.0]","[-10.0, 59.0, 19.0, 17.0, -4.0, 57.0, 11.0, 12.0, 15.0, 65.0, 16.0, 12.0, 14.0, -16.0, 14.0, 14.0]"
1,1791638748.6141343,"[-2.548070999999993, -1.6691610000000026, 0.8796780000000126, 1.582806000000005, 0.0007679999999936626, -3.60276300000001, 1.846478999999988, 1.407024000000007, 2.813279999999992, -2.372288999999995, 0.26444100000000503, 0.7917869999999994, -1.8449430000000007, 177.71636999999998, 41.309538, 27.159087]","[-1.0, 6.0, 1.0, 4.0, 1.0, 1.0, 1.0, 1.0, 2.0, 4.0, 1.0, 1.0, 0.0, 0.0, 4.0, 1.0]","[-9.0, 50.0, 19.0, 16.0, -9.0, 75.0, 13.0, 13.0, 13.0, 69.0, 17.0, 14.0, 14.0, -26.0, 14.0, 14.0]"
1,1791638748.8351426,"[-3.426981000000012, 0.17654999999999177, 1.7585880000000031, 2.3738250000000107, 0.0007679999999936626, 0.17654999999999177, 2.6374979999999937, 2.1980430000000126, 2.901171000000005, -2.372288999999995, 1.3191329999999937, 2.0222610000000145, -1.8449430000000007, 177.540588, 42.36422999999999, 28.03799699999999]","[-1.0, 1.0, 2.0, 5.0, 1.0, 8.0, 1.0, 2.0, 0.0, 1.0, 1.0, 5.0, 0.0, 0.0, 2.0, 2.0]","[-10.0, 58.0, 20.0, 17.0, -12.0, 54.0, 13.0, 13.0, 16.0, 97.0, 15.0, 13.0, 14.0, -37.0, 13.0, 15.0]"
1,1791638749.0620646,"[-4.481673000000001, 1.846478999999988, 2.813279999999992, 3.6042989999999975, 0.0007679999999936626, 1.9343700000000013, 3.4285169999999994, 3.3406260000000145, 4.746881999999999, 2.0222610000000145, 1.846478999999988, 3.076953000000003, -1.8449430000000007, 175.606986, 43.41892200000001, 29.180579999999992]","[-2.0, 7.0, 3.0, 4.0, 1.0, 3.0, 1.0, 4.0, 3.0, 9.0, 1.0, 3.0, 0.0, -4.0, 3.0, 3.0]","[-9.0, 53.0, 19.0, 16.0, -7.0, 57.0, 13.0, 13.0, 13.0, 58.0, 18.0, 13.0, 14.0, -35.0, 13.0, 15.0]"
1,1791638749.2838595,"[-5.360582999999991, 3.867972000000009, 3.7800809999999956, 4.483208999999988, 0.0007679999999936626, 3.6921900000000107, 4.30742699999999, 4.30742699999999, 5.713683000000003, 2.1980430000000126, 2.98906199999999, 4.043754000000007, -1.8449430000000007, 173.32182, 44.56150500000001, 30.147380999999996]","[0.0, 1.0, 2.0, 3.0, 1.0, 5.0, 1.0, 1.0, 2.0, 0.0, 5.0, 1.0, 0.0, 0.0, 3.0, 2.0]","[-10.0, 61.0, 20.0, 17.0, -12.0, 65.0, 14.0, 13.0, 14.0, 85.0, 18.0, 13.0, 14.0, -34.0, 13.0, 15.0]"
1,1791638749.510044,"[-5.975819999999999, 5.713683000000003, 4.746881999999999, 5.62579199999999, 0.0007679999999936626, 6.065246999999999, 5.362119000000007, 5.274227999999994, 6.328920000000011, 6.328920000000011, 4.219536000000005, 4.9226639999999975, -1.8449430000000007, 170.86087200000003, 45.528306000000015, 31.114182]","[0.0, 3.0, 4.0, 2.0, 1.0, 6.0, 4.0, 2.0, 4.0, 7.0, 5.0, 1.0, 0.0, -7.0, 2.0, 1.0]","[-11.0, 55.0, 19.0, 16.0, -12.0, 60.0, 14.0, 14.0, 14.0, 58.0, 16.0, 15.0, 15.0, -28.0, 13.0, 16.0]"
1,1791638749.7341154,"[-7.294184999999999, 8.350413000000003, 5.801573999999988, 6.680484000000007, -0.08712299999999118, 6.065246999999999, 6.153138000000013, 6.2410289999999975, 7.735175999999996, 8.26252199999999, 5.098445999999996, 6.2410289999999975, -1.8449430000000007, 169.27883400000002, 46.67088899999999, 32.16887399999999]","[-2.0, 8.0, 3.0, 2.0, 0.0, 0.0, 5.0, 3.0, 3.0, 7.0, 3.0, 3.0, 0.0, 1.0, 4.0, 2.0]","[-10.0, 51.0, 20.0, 16.0, -3.0, 84.0, 14.0, 14.0, 14.0, 56.0, 17.0, 13.0, 14.0, -37.0, 13.0, 13.0]"
1,1791638749.9554484,"[-8.260986000000003, 10.108233000000013, 5.889465000000001, 7.647285000000011, 0.0007679999999936626, 10.020342, 7.207830000000001, 7.383611999999999, 7.735175999999996, 9.58088699999999, 5.9773560000000145, 7.207830000000001, -1.8449430000000007, 168.487815, 47.461907999999994, 33.223566000000005]","[-2.0, 1.0, 1.0, 3.0, 0.0, 8.0, 1.0, 1.0, 1.0, 10.0, 1.0, 2.0, 0.0, 0.0, 2.0, 4.0]","[-10.0, 59.0, 25.0, 17.0, -11.0, 53.0, 13.0, 12.0, 16.0, 62.0, 18.0, 13.0, 15.0, -45.0, 13.0, 15.0]"
1,1791638750.1795518,"[-9.315677999999991, 10.108233000000013, 7.823067000000009, 8.614086000000015, 0.0007679999999936626, 11.426598000000013, 8.26252199999999, 8.526195000000001, 9.668778000000003, 9.668778000000003, 7.119938999999988, 7.5593939999999975, -1.8449430000000007, 166.554213, 48.428709, 34.19036700000001]","[-1.0, 1.0, 4.0, 1.0, 1.0, 3.0, 3.0, 3.0, 3.0, 1.0, 3.0, 5.0, 0.0, -8.0, 1.0, 2.0]","[-9.0, 84.0, 20.0, 16.0, -11.0, 67.0, 13.0, 13.0, 13.0, 93.0, 17.0, 15.0, 15.0, -39.0, 13.0, 14.0]"
1,1791638750.402104,"[-10.19458800000001, 14.063328000000013, 8.877758999999998, 9.668778000000003, 0.0007679999999936626, 13.096527000000009, 9.141432000000009, 9.405104999999992, 10.635579000000007, 12.92074500000001, 7.647285000000011, 9.317214000000007, -1.8449430000000007, 163.917483, 49.571292, 35.15716800000001]","[0.0, 6.0, 3.0, 3.0, 1.0, 10.0, 1.0, 1.0, 2.0, 21.0, 7.0, 4.0, 0.0, 0.0, 4.0, 3.0]","[-10.0, 59.0, 19.0, 17.0, -11.0, 68.0, 14.0, 13.0, 14.0, 60.0, 16.0, 13.0, 13.0, -39.0, 13.0, 15.0]"
1,1791638750.6269982,"[-10.985606999999987, 15.469583999999998, 9.756668999999988, 10.723469999999992, 0.0007679999999936626, 15.996929999999992, 10.28401500000001, 10.371905999999996, 11.60238000000001, 15.909039000000007, 9.229322999999994, 10.108233000000013, -1.8449430000000007, 161.632317, 50.362311000000005, 36.036078]","[-2.0, 7.0, 1.0, 3.0, 1.0, 4.0, 2.0, 3.0, 2.0, 2.0, 2.0, 2.0, 0.0, -6.0, 1.0, 2.0]","[-10.0, 61.0, 19.0, 16.0, -12.0, 58.0, 14.0, 14.0, 14.0, 65.0, 17.0, 14.0, 14.0, -35.0, 13.0, 15.0]"
1,1791638750.8509212,"[-12.216081000000003, 18.018423000000013, 10.811361000000005, 11.514488999999998, 0.0007679999999936626, 15.996929999999992, 11.162925000000001, 11.250816000000015, 12.657072, 15.909039000000007, 9.229322999999994, 11.075033999999988, -1.8449430000000007, 159.61082399999998, 51.32911200000001, 37.178661000000005]","[-2.0, 3.0, 2.0, 2.0, 1.0, 0.0, 3.0, 1.0, 2.0, 1.0, 1.0, 2.0, 0.0, 0.0, 3.0, 2.0]","[-11.0, 56.0, 19.0, 16.0, -12.0, 80.0, 15.0, 14.0, 13.0, 89.0, 20.0, 14.0, 13.0, -37.0, 13.0, 14.0]"
1,1791638751.0756316,"[-13.182882000000006, 20.12780699999999, 11.778162000000009, 12.744963000000013, 0.0007679999999936626, 20.039916000000005, 12.21761699999999, 12.393398999999988, 13.623873000000003, 19.864134000000007, 11.162925000000001, 12.129726000000005, -1.8449430000000007, 157.58933100000002, 52.29591300000001, 38.14546200000001]","[-1.0, 3.0, 1.0, 3.0, 1.0, 9.0, 1.0, 1.0, 1.0, 5.0, 4.0, 3.0, 0.0, 0.0, 3.0, 1.0]","[-10.0, 59.0, 19.0, 17.0, -12.0, 52.0, 15.0, 13.0, 14.0, 64.0, 15.0, 13.0, 14.0, -36.0, 13.0, 14.0]"
1,1791638751.3002908,"[-14.237573999999995, 22.237190999999996, 12.832853999999998, 13.096527000000009, 0.0007679999999936626, 20.567262, 13.272309000000007, 13.53598199999999, 14.678564999999992, 22.14930000000001, 11.426598000000013, 13.096527000000009, -1.8449430000000007, 155.919402, 53.174823, 39.375935999999996]","[0.0, 1.0, 3.0, 6.0, 1.0, 7.0, 2.0, 3.0, 3.0, 9.0, 1.0, 5.0, 0.0, -2.0, 1.0, 3.0]","[-10.0, 60.0, 20.0, 16.0, -11.0, 70.0, 14.0, 13.0, 13.0, 54.0, 20.0, 12.0, 14.0, -39.0, 13.0, 14.0]"
1,1791638751.5258298,"[-15.292266000000012, 23.907119999999992, 13.887546000000015, 14.502782999999994, 0.0007679999999936626, 24.346575, 14.327000999999996, 14.414892000000009, 15.645365999999996, 24.170793000000003, 13.096527000000009, 13.975437, -1.8449430000000007, 153.89790900000003, 54.317406000000005, 40.254846000000015]","[-1.0, 4.0, 2.0, 1.0, 1.0, 6.0, 3.0, 0.0, 1.0, 1.0, 3.0, 2.0, 0.0, -3.0, 3.0, 3.0]","[-10.0, 55.0, 19.0, 17.0, -12.0, 57.0, 13.0, 13.0, 14.0, 60.0, 17.0, 13.0, 14.0, -38.0, 14.0, 15.0]"
1,1791638751.749848,"[-16.434848999999986, 26.631741000000005, 14.942238000000003, 15.55747500000001, 0.0007679999999936626, 26.192285999999996, 15.381693000000013, 15.821147999999994, 16.787948999999998, 26.71963199999999, 13.975437, 14.942238000000003, -1.8449430000000007, 151.876416, 55.196315999999996, 41.22164699999999]","[-1.0, 7.0, 2.0, 2.0, 1.0, 4.0, 1.0, 2.0, 3.0, 6.0, 1.0, 1.0, 0.0, -4.0, 1.0, 1.0]","[-10.0, 46.0, 18.0, 17.0, -11.0, 59.0, 14.0, 12.0, 14.0, 49.0, 16.0, 15.0, 14.0, -36.0, 13.0, 14.0]"
1,1791638751.9738612,"[-17.40164999999999, 28.653233999999998, 15.909039000000007, 16.524276000000015, 0.0007679999999936626, 28.389561000000015, 16.524276000000015, 16.787948999999998, 17.666858999999988, 28.565343000000013, 15.118020000000001, 15.996929999999992, -1.8449430000000007, 150.645942, 56.25100800000001, 42.188447999999994]","[-2.0, 7.0, 4.0, 3.0, 1.0, 3.0, 3.0, 1.0, 1.0, 1.0, 2.0, 1.0, 0.0, 1.0, 1.0, 1.0]","[-10.0, 49.0, 19.0, 16.0, -12.0, 54.0, 14.0, 12.0, 13.0, 56.0, 17.0, 13.0, 14.0, -48.0, 14.0, 14.0]"
1,1791638752.1954005,"[-18.632124000000005, 31.202073000000013, 17.139512999999994, 17.403186000000005, 0.0007679999999936626, 30.05949000000001, 17.578968000000003, 17.75475, 18.633659999999992, 28.653233999999998, 16.084821000000005, 16.963730999999996, -1.8449430000000007, 148.536558, 57.3057, 43.24314000000001]","[-2.0, 5.0, 5.0, 3.0, 1.0, 2.0, 4.0, 3.0, 1.0, 1.0, 1.0, 4.0, 0.0, -2.0, 3.0, 2.0]","[-9.0, 45.0, 17.0, 16.0, -11.0, 58.0, 13.0, 12.0, 14.0, 81.0, 16.0, 14.0, 15.0, -44.0, 13.0, 14.0]"
1,1791638752.4181745,"[-19.686815999999993, 32.87200200000001, 18.106313999999998, 18.545769000000007, 0.0007679999999936626, 31.817309999999992, 18.36998700000001, 18.545769000000007, 19.600460999999996, 32.959892999999994, 17.315294999999992, 18.19420500000001, -1.8449430000000007, 146.33928300000002, 58.36039199999999, 44.209941000000015]","[-3.0, 4.0, 2.0, 4.0, 1.0, 13.0, 1.0, 2.0, 3.0, 15.0, 1.0, 3.0, 0.0, -4.0, 2.0, 1.0]","[-9.0, 53.0, 18.0, 16.0, -12.0, 55.0, 14.0, 13.0, 14.0, 46.0, 16.0, 12.0, 13.0, -41.0, 14.0, 15.0]"
1,1791638752.645954,"[-20.565726000000012, 35.245059, 19.248897, 19.51257000000001, 0.0007679999999936626, 34.45403999999999, 19.336788000000013, 19.68835200000001, 20.567262, 33.13567499999999, 18.545769000000007, 19.073115, -1.8449430000000007, 143.966226, 59.41508400000001, 45.264633]","[0.0, 6.0, 2.0, 2.0, 1.0, 1.0, 2.0, 3.0, 1.0, 1.0, 3.0, 2.0, 0.0, -6.0, 3.0, 2.0]","[-9.0, 46.0, 17.0, 16.0, -11.0, 53.0, 14.0, 11.0, 14.0, 70.0, 15.0, 13.0, 15.0, -35.0, 14.0, 13.0]"
1,1791638752.867131,"[-21.7962, 37.09076999999999, 20.39148, 20.479371000000015, 0.0007679999999936626, 36.82709700000001, 20.215698000000003, 20.655153000000013, 21.885627, 34.278257999999994, 19.424678999999998, 20.215698000000003, -1.8449430000000007, 141.68106, 60.20610300000001, 46.143542999999994]","[-1.0, 4.0, 4.0, 4.0, 1.0, 6.0, 1.0, 1.0, 2.0, 15.0, 3.0, 3.0, 0.0, -2.0, 1.0, 2.0]","[-9.0, 46.0, 17.0, 15.0, -11.0, 49.0, 14.0, 13.0, 13.0, 67.0, 16.0, 13.0, 14.0, -39.0, 14.0, 14.0]"
1,1791638753.093747,"[-22.850891999999988, 39.28804500000001, 21.44617199999999, 21.709845, 0.0007679999999936626, 38.84859, 21.00671700000001, 21.709845, 22.500864000000007, 39.28804500000001, 20.655153000000013, 21.270389999999992, -1.8449430000000007, 139.92324000000002, 61.348686000000015, 47.19823500000001]","[-1.0, 5.0, 2.0, 3.0, 1.0, 5.0, 3.0, 3.0, 2.0, 3.0, 1.0, 3.0, 0.0, -4.0, 3.0, 1.0]","[-9.0, 42.0, 16.0, 16.0, -12.0, 48.0, 15.0, 12.0, 14.0, 43.0, 15.0, 12.0, 13.0, -39.0, 13.0, 15.0]"
1,1791638753.317782,"[-23.905584000000005, 41.39742899999999, 22.500864000000007, 22.500864000000007, 0.0007679999999936626, 40.78219200000001, 21.797736000000015, 22.76453699999999, 23.907119999999992, 41.92477500000001, 21.709845, 22.32508200000001, -1.8449430000000007, 137.63807400000002, 62.403378000000004, 48.34081800000001]","[0.0, 3.0, 2.0, 5.0, 1.0, 8.0, 1.0, 1.0, 4.0, 5.0, 4.0, 1.0, 0.0, -4.0, 3.0, 3.0]","[-9.0, 46.0, 17.0, 15.0, -11.0, 48.0, 16.0, 12.0, 13.0, 40.0, 14.0, 13.0, 14.0, -37.0, 14.0, 14.0]"
1,1791638753.5400667,"[-24.87238500000001, 43.331030999999996, 23.379773999999998, 23.379773999999998, 0.0007679999999936626, 43.59470400000001, 22.588754999999992, 23.555555999999996, 24.873920999999996, 43.506812999999994, 22.76453699999999, 22.852428000000003, -1.8449430000000007, 135.79236300000002, 63.37017900000001, 49.30761899999999]","[-1.0, 11.0, 3.0, 3.0, 1.0, 5.0, 1.0, 1.0, 1.0, 4.0, 2.0, 3.0, 0.0, -2.0, 3.0, 2.0]","[-8.0, 40.0, 17.0, 17.0, -12.0, 41.0, 16.0, 12.0, 13.0, 41.0, 15.0, 13.0, 13.0, -39.0, 13.0, 14.0]"
1,1791638753.7623696,"[-25.927076999999997, 46.143542999999994, 24.258683999999988, 24.698138999999998, 0.0007679999999936626, 45.70408800000001, 23.64344700000001, 24.78603000000001, 25.840722, 46.31932499999999, 23.64344700000001, 24.258683999999988, -1.8449430000000007, 133.067742, 64.424871, 50.18652900000001]","[-2.0, 3.0, 2.0, 4.0, 1.0, 8.0, 3.0, 1.0, 1.0, 5.0, 1.0, 4.0, 0.0, -5.0, 3.0, 3.0]","[0.0, 35.0, 17.0, 16.0, -11.0, 40.0, 16.0, 12.0, 13.0, 38.0, 15.0, 12.0, 14.0, -31.0, 13.0, 14.0]"
1,1791638753.9897249,"[-26.981768999999986, 48.252927, 25.40126699999999, 25.577048999999988, 0.0007679999999936626, 47.901363, 24.873920999999996, 25.752831000000015, 26.983305, 47.98925399999999, 24.78603000000001, 25.66494, -1.8449430000000007, 131.22203100000002, 65.30378100000001, 51.065439]","[0.0, 5.0, 3.0, 2.0, 1.0, 2.0, 4.0, 2.0, 1.0, 4.0, 1.0, 4.0, 0.0, -2.0, 1.0, 1.0]","[0.0, 37.0, 17.0, 16.0, -11.0, 43.0, 16.0, 12.0, 0.0, 40.0, 14.0, 11.0, 14.0, -34.0, 14.0, 16.0]"
1,1791638754.2105331,"[-27.94856999999999, 50.362311000000005, 26.28017700000001, 26.807523000000003, 0.0007679999999936626, 49.922855999999996, 25.840722, 26.895413999999988, 27.950106000000005, 50.889657, 25.928613000000013, 26.455959000000007, -1.8449430000000007, 128.67319200000003, 66.44636400000002, 52.208022]","[0.0, 1.0, 1.0, 4.0, 1.0, 6.0, 1.0, 3.0, 1.0, 7.0, 3.0, 2.0, 0.0, -4.0, 3.0, 1.0]","[0.0, 36.0, 18.0, 16.0, -12.0, 39.0, 15.0, 11.0, 0.0, 32.0, 14.0, 13.0, 14.0, -29.0, 15.0, 14.0]"
1,1791638754.4348276,"[-28.82748000000001, 52.64747700000001, 27.246978000000013, 27.686432999999994, 0.0007679999999936626, 52.383804, 27.071196000000015, 27.42276000000001, 29.092689000000007, 52.29591300000001, 26.895413999999988, 27.774324000000007, -1.8449430000000007, 127.17904500000003, 67.501056, 53.174823]","[0.0, 8.0, 2.0, 2.0, 0.0, 7.0, 2.0, 1.0, 0.0, 3.0, 1.0, 4.0, 0.0, 0.0, 5.0, 1.0]","[-9.0, 33.0, 17.0, 15.0, -11.0, 33.0, 14.0, 13.0, -7.0, 38.0, 15.0, 12.0, 14.0, -33.0, 12.0, 15.0]"
1,1791638754.658621,"[-29.97006300000001, 55.28420700000001, 28.30167, 28.829015999999996, 0.0007679999999936626, 54.58107900000002, 28.125888000000003, 28.565343000000013, 30.05949000000001, 54.844752, 28.125888000000003, 28.74112500000001, -1.8449430000000007, 125.15755200000001, 68.64363900000001, 54.14162400000001]","[-3.0, 4.0, 1.0, 1.0, 0.0, 6.0, 2.0, 2.0, 0.0, 8.0, 3.0, 3.0, 0.0, -2.0, 2.0, 1.0]","[0.0, 30.0, 17.0, 15.0, -11.0, 40.0, 15.0, 13.0, -1.0, 30.0, 13.0, 12.0, 15.0, -31.0, 13.0, 14.0]"
1,1791638754.8856564,"[-30.936863999999986, 57.21780900000002, 29.268471000000005, 29.795817, 0.08865900000000693, 56.77835400000001, 29.444253000000003, 29.795817, 31.114182, 56.338899, 29.180579999999992, 29.795817, -1.8449430000000007, 123.575514, 69.43465800000001, 55.196315999999996]","[0.0, 5.0, 1.0, 3.0, 1.0, 3.0, 4.0, 2.0, 0.0, 0.0, 4.0, 1.0, 1.0, 0.0, 1.0, 3.0]","[0.0, 32.0, 17.0, 14.0, -12.0, 31.0, 14.0, 12.0, -12.0, 37.0, 12.0, 11.0, 16.0, -36.0, 12.0, 14.0]"
1,1791638755.107435,"[-31.991556000000003, 59.327192999999994, 30.498944999999992, 30.9384, 0.08865900000000693, 59.06352000000001, 30.586836000000005, 30.762618000000003, 32.16887399999999, 56.42679000000001, 29.883708000000013, 30.850508999999988, -1.7570519999999874, 121.290348, 70.75302300000001, 56.25100800000001]","[-2.0, 3.0, 1.0, 1.0, 0.0, 4.0, 3.0, 1.0, 1.0, 1.0, 1.0, 2.0, 1.0, -9.0, 4.0, 3.0]","[0.0, 30.0, 17.0, 15.0, -11.0, 29.0, 12.0, 12.0, -5.0, 57.0, 14.0, 11.0, 14.0, -30.0, 12.0, 14.0]"
1,1791638755.333746,"[-32.95835700000001, 61.348686000000015, 31.465745999999996, 31.905201000000005, 0.08865900000000693, 61.436577, 31.641527999999994, 31.905201000000005, 33.04778400000001, 61.260795, 31.114182, 31.817309999999992, -1.8449430000000007, 118.82940000000002, 71.71982400000002, 57.129918]","[0.0, 6.0, 2.0, 2.0, 0.0, 4.0, 1.0, 1.0, 1.0, 14.0, 3.0, 4.0, 0.0, 0.0, 2.0, 1.0]","[0.0, 28.0, 16.0, 15.0, -12.0, 24.0, 13.0, 12.0, -4.0, 27.0, 13.0, 12.0, 15.0, -30.0, 12.0, 14.0]"
1,1791638755.5576458,"[-34.013048999999995, 63.985416000000015, 32.608329, 32.959892999999994, 0.08865900000000693, 63.80963400000002, 32.784110999999996, 32.87200200000001, 34.102475999999996, 63.63385199999999, 32.344656000000015, 32.69622000000001, -1.8449430000000007, 116.63212500000003, 72.86240699999999, 58.36039199999999]","[0.0, 4.0, 3.0, 3.0, 0.0, 6.0, 3.0, 2.0, 0.0, 2.0, 4.0, 3.0, 1.0, -4.0, 1.0, 2.0]","[0.0, 24.0, 15.0, 15.0, -11.0, 25.0, 12.0, 12.0, -8.0, 28.0, 12.0, 10.0, 14.0, -28.0, 12.0, 13.0]"
1,1791638755.7815046,"[-35.06774100000001, 66.00690900000001, 33.663021000000015, 34.01458500000001, 0.08865900000000693, 66.09479999999999, 34.01458500000001, 34.01458500000001, 35.069277, 65.919018, 33.48723899999999, 33.663021000000015, -1.7570519999999874, 114.43484999999998, 73.91709900000001, 59.151410999999996]","[0.0, 6.0, 3.0, 4.0, 0.0, 5.0, 3.0, 5.0, 1.0, 3.0, 4.0, 4.0, 0.0, -2.0, 1.0, 1.0]","[0.0, 23.0, 16.0, 16.0, -12.0, 22.0, 12.0, 11.0, 0.0, 26.0, 12.0, 12.0, 14.0, -30.0, 12.0, 15.0]"
1,1791638756.0055962,"[-35.946651, 68.46785700000001, 34.717713, 35.069277, 0.08865900000000693, 68.11629300000001, 34.981386000000015, 34.893495, 36.12396899999999, 68.204184, 34.541931000000005, 34.717713, -1.8449430000000007, 112.41335700000002, 74.971791, 60.38188500000001]","[-1.0, 4.0, 1.0, 3.0, 1.0, 3.0, 3.0, 2.0, 1.0, 8.0, 2.0, 3.0, 0.0, -4.0, 2.0, 3.0]","[-8.0, 23.0, 16.0, 15.0, -13.0, 22.0, 12.0, 12.0, -13.0, 22.0, 12.0, 11.0, 13.0, -26.0, 11.0, 15.0]"
1,1791638756.2295642,"[-37.00134299999999, 70.48935, 35.860296000000005, 35.94818699999999, 0.08865900000000693, 70.48935, 36.21186, 35.94818699999999, 37.00287900000001, 70.40145900000002, 35.596622999999994, 34.981386000000015, -1.7570519999999874, 110.12819100000002, 76.20226500000001, 61.436577]","[0.0, 7.0, 2.0, 3.0, 1.0, 2.0, 4.0, 1.0, 1.0, 3.0, 3.0, 4.0, 1.0, -2.0, 3.0, 3.0]","[0.0, 18.0, 16.0, 16.0, -13.0, 20.0, 11.0, 11.0, 0.0, 20.0, 12.0, 12.0, 14.0, -26.0, 12.0, 14.0]"
1,1791638756.4509745,"[-37.968143999999995, 73.03818900000002, 37.178661000000005, 36.82709700000001, 0.08865900000000693, 72.774516, 37.26655199999999, 37.00287900000001, 38.057570999999996, 72.59873400000001, 36.65131500000001, 36.563424, -1.7570519999999874, 108.37037099999998, 77.16906599999999, 62.227596000000005]","[0.0, 3.0, 3.0, 1.0, 0.0, 5.0, 2.0, 2.0, 1.0, 5.0, 2.0, 2.0, 1.0, -2.0, 3.0, 1.0]","[-9.0, 17.0, 15.0, 15.0, -12.0, 18.0, 11.0, 11.0, 0.0, 20.0, 11.0, 12.0, 14.0, -29.0, 11.0, 15.0]"
1,1791638756.6742432,"[-38.847053999999986, 75.32335499999999, 38.14546200000001, 37.96968000000001, 0.08865900000000693, 74.18077199999999, 38.057570999999996, 37.79389800000001, 39.024372, 74.70811800000001, 37.881789, 37.44233399999999, -1.7570519999999874, 105.82153199999999, 78.22375799999998, 63.37017900000001]","[0.0, 5.0, 1.0, 3.0, 0.0, 1.0, 1.0, 2.0, 1.0, 1.0, 3.0, 1.0, 1.0, -3.0, 3.0, 1.0]","[-9.0, 16.0, 15.0, 16.0, -12.0, 24.0, 11.0, 11.0, 0.0, 20.0, 11.0, 12.0, 13.0, -24.0, 11.0, 14.0]"
1,1791638756.897548,"[-40.077528, 77.608521, 39.375935999999996, 38.76069899999999, 0.0007679999999936626, 74.53233600000002, 38.32124400000001, 38.32124400000001, 39.991173, 76.64172000000002, 38.76069899999999, 38.672808, -1.7570519999999874, 103.80003900000003, 79.36634099999998, 64.249089]","[-1.0, 4.0, 4.0, 3.0, 0.0, 0.0, 1.0, 1.0, 1.0, 6.0, 1.0, 2.0, 1.0, -1.0, 4.0, 2.0]","[0.0, 17.0, 15.0, 16.0, -11.0, 36.0, 14.0, 13.0, 8.0, 20.0, 11.0, 12.0, 13.0, -25.0, 11.0, 15.0]"
1,1791638757.1254804,"[-40.78065599999999, 79.80579599999999, 40.43062800000001, 39.72749999999999, 0.0007679999999936626, 74.444445, 38.32124400000001, 39.11226300000001, 40.95797400000001, 79.19055900000001, 39.90328199999999, 39.63960900000001, -1.7570519999999874, 103.80003900000003, 80.245251, 65.391672]","[-2.0, 5.0, 2.0, 3.0, 0.0, 1.0, 1.0, 1.0, 1.0, 1.0, 3.0, 3.0, 1.0, 0.0, 1.0, 3.0]","[-9.0, 14.0, 15.0, 14.0, -12.0, 36.0, 17.0, 13.0, 13.0, 17.0, 10.0, 11.0, 14.0, -25.0, 12.0, 14.0]"
1,1791638757.3493884,"[-42.09902099999999, 82.178853, 41.48532, 40.694300999999996, 0.0007679999999936626, 74.444445, 39.11226300000001, 39.991173, 41.661102, 81.29994299999998, 40.95797400000001, 40.78219200000001, -1.7570519999999874, 103.80003900000003, 81.29994299999998, 66.44636400000002]","[-1.0, 4.0, 2.0, 1.0, 0.0, 0.0, 1.0, 3.0, 1.0, 6.0, 2.0, 4.0, 1.0, 0.0, 3.0, 3.0]","[5.0, 14.0, 15.0, 15.0, -12.0, 37.0, 18.0, 14.0, 14.0, 17.0, 10.0, 10.0, 14.0, -25.0, 10.0, 14.0]"
1,1791638757.5733726,"[-43.065822, 84.28823699999998, 42.627903, 41.74899300000001, 0.0007679999999936626, 74.35655400000002, 39.63960900000001, 40.43062800000001, 43.06735800000001, 83.76089100000002, 42.10055700000001, 41.661102, -1.7570519999999874, 103.80003900000003, 82.35463500000003, 67.237383]","[0.0, 4.0, 3.0, 3.0, 0.0, 0.0, 1.0, 1.0, 1.0, 4.0, 1.0, 1.0, 1.0, 0.0, 3.0, 1.0]","[0.0, 13.0, 14.0, 16.0, -11.0, 38.0, 22.0, 16.0, 0.0, 16.0, 11.0, 11.0, 14.0, -25.0, 11.0, 15.0]"
1,1791638757.797334,"[-44.032623, 86.661294, 43.506812999999994, 42.71579399999999, 0.0007679999999936626, 74.35655400000002, 39.991173, 41.22164699999999, 44.03415899999999, 85.78238399999998, 43.24314000000001, 42.803685, -1.7570519999999874, 103.80003900000003, 83.14565399999998, 68.379966]","[0.0, 5.0, 1.0, 7.0, 0.0, 0.0, 1.0, 1.0, 1.0, 4.0, 3.0, 3.0, 1.0, 0.0, 0.0, 2.0]","[0.0, 12.0, 13.0, 16.0, -11.0, 38.0, 25.0, 16.0, 0.0, 15.0, 9.0, 11.0, 13.0, -26.0, 11.0, 14.0]"
1,1791638758.0207593,"[-45.08731499999999, 88.594896, 44.73728700000001, 43.68259499999999, 0.0007679999999936626, 74.35655400000002, 39.991173, 42.10055700000001, 44.91306900000001, 88.155441, 44.297832, 43.85837699999999, -1.7570519999999874, 103.80003900000003, 84.11245500000001, 69.346767]","[0.0, 5.0, 3.0, 4.0, 0.0, 0.0, 1.0, 2.0, 1.0, 4.0, 4.0, 2.0, 1.0, 0.0, 1.0, 2.0]","[0.0, 12.0, 14.0, 16.0, -12.0, 38.0, 31.0, 17.0, 0.0, 14.0, 9.0, 11.0, 13.0, -25.0, 11.0, 14.0]"
1,1791638758.242858,"[-46.05411599999999, 88.85856899999999, 45.616197, 45.088851000000005, 0.0007679999999936626, 74.268663, 40.694300999999996, 42.71579399999999, 46.05565200000001, 88.33122300000002, 45.17674199999999, 45.00095999999999, -1.7570519999999874, 103.80003900000003, 85.167147, 70.313568]","[0.0, 1.0, 1.0, 5.0, 0.0, 0.0, 1.0, 1.0, 1.0, 1.0, 1.0, 2.0, 1.0, 0.0, 3.0, 3.0]","[0.0, 12.0, 15.0, 15.0, -11.0, 39.0, 35.0, 19.0, -13.0, 14.0, 10.0, 10.0, 13.0, -25.0, 12.0, 15.0]"
1,1791638758.4669359,"[-47.020917, 88.85856899999999, 46.582998, 45.87987000000001, 0.0007679999999936626, 74.268663, 40.694300999999996, 43.506812999999994, 47.02245300000001, 88.33122300000002, 46.143542999999994, 45.967760999999996, -1.7570519999999874, 103.80003900000003, 85.87027499999999, 71.36825999999999]","[0.0, 1.0, 2.0, 2.0, 0.0, 0.0, 1.0, 4.0, 1.0, 1.0, 2.0, 2.0, 1.0, 0.0, 3.0, 4.0]","[0.0, 11.0, 14.0, 14.0, -12.0, 39.0, 43.0, 18.0, -13.0, 14.0, 10.0, 10.0, 13.0, -25.0, 11.0, 15.0]"
1,1791638758.6914876,"[-47.72404499999999, 89.03435100000002, 47.54979900000001, 47.19823500000001, 0.0007679999999936626, 72.950298, 40.60641000000001, 43.506812999999994, 48.077145, 88.33122300000002, 47.37401700000001, 47.110344, -1.7570519999999874, 103.80003900000003, 87.10074900000001, 72.24717000000001]","[0.0, 1.0, 1.0, 1.0, 0.0, 0.0, 1.0, 0.0, 1.0, 1.0, 3.0, 2.0, 0.0, 0.0, 3.0, 1.0]","[-9.0, 12.0, 14.0, 15.0, 11.0, 12.0, 10.0, 0.0, -13.0, 14.0, 9.0, 11.0, 14.0, -25.0, 11.0, 15.0]"
1,1791638758.9140391,"[-49.04240999999999, 88.94646, 48.428709, 48.165036000000015, 0.0007679999999936626, 73.03818900000002, 40.60641000000001, 43.506812999999994, 49.043946000000005, 88.33122300000002, 48.165036000000015, 47.901363, -1.7570519999999874, 103.80003900000003, 88.155441, 73.12608]","[-2.0, 0.0, 2.0, 2.0, 0.0, 0.0, 1.0, 0.0, 1.0, 1.0, 1.0, 2.0, 0.0, 0.0, 4.0, 1.0]","[0.0, 12.0, 14.0, 15.0, 11.0, 13.0, 10.0, 0.0, -14.0, 14.0, 9.0, 10.0, 14.0, -26.0, 11.0, 15.0]"
1,1791638759.1387808,"[-49.92132000000001, 88.94646, 49.39551, 49.219728, 0.0007679999999936626, 73.03818900000002, 40.60641000000001, 43.506812999999994, 50.01074700000001, 88.33122300000002, 49.043946000000005, 49.043946000000005, -1.7570519999999874, 103.80003900000003, 88.94646, 74.268663]","[0.0, 0.0, 1.0, 1.0, 0.0, 0.0, 1.0, 0.0, 1.0, 1.0, 1.0, 2.0, 1.0, 0.0, 1.0, 3.0]","[-9.0, 12.0, 15.0, 15.0, 11.0, 13.0, 10.0, 0.0, -13.0, 14.0, 10.0, 11.0, 14.0, -26.0, 12.0, 14.0]"
1,1791638759.3615286,"[-50.80023, 88.94646, 50.45020199999999, 50.45020199999999, 0.0007679999999936626, 73.03818900000002, 40.60641000000001, 43.506812999999994, 51.15333000000001, 88.33122300000002, 50.27441999999999, 50.01074700000001, -1.7570519999999874, 103.80003900000003, 90.089043, 75.32335499999999]","[0.0, 1.0, 3.0, 1.0, 0.0, 1.0, 1.0, 0.0, 1.0, 1.0, 1.0, 3.0, 1.0, 0.0, 3.0, 2.0]","[-9.0, 12.0, 14.0, 13.0, 12.0, 12.0, 10.0, 0.0, -14.0, 14.0, 10.0, 9.0, 15.0, -26.0, 11.0, 14.0]"
1,1791638759.5892432,"[-51.767031, 89.03435100000002, 51.417002999999994, 51.417002999999994, 0.0007679999999936626, 72.950298, 40.60641000000001, 43.506812999999994, 52.03224, 88.33122300000002, 51.15333000000001, 50.889657, -1.6691610000000026, 103.80003900000003, 91.05584399999998, 76.20226500000001]","[0.0, 1.0, 4.0, 3.0, 0.0, 0.0, 1.0, 0.0, 0.0, 1.0, 1.0, 3.0, 1.0, 0.0, 3.0, 2.0]","[-8.0, 13.0, 13.0, 14.0, 11.0, 13.0, 10.0, 0.0, 0.0, 13.0, 10.0, 11.0, 13.0, -26.0, 11.0, 15.0]"
1,1791638759.8131397,"[-52.82172299999999, 88.94646, 52.208022, 52.29591300000001, 0.0007679999999936626, 72.950298, 40.60641000000001, 43.506812999999994, 53.08693199999999, 88.33122300000002, 52.29591300000001, 51.94434900000002, -1.6691610000000026, 103.80003900000003, 92.11053600000002, 77.08117500000003]","[-3.0, 0.0, 1.0, 5.0, 0.0, 1.0, 1.0, 0.0, 0.0, 1.0, 3.0, 3.0, 1.0, 0.0, 3.0, 1.0]","[-8.0, 12.0, 15.0, 14.0, 11.0, 13.0, 9.0, 0.0, 0.0, 13.0, 10.0, 10.0, 13.0, -25.0, 12.0, 13.0]"
1,1791638760.0340033,"[-53.876414999999994, 88.94646, 52.999041000000005, 53.08693199999999, 0.0007679999999936626, 73.03818900000002, 40.60641000000001, 43.506812999999994, 54.053732999999994, 88.33122300000002, 53.174823, 52.999041000000005, -1.6691610000000026, 103.80003900000003, 93.16522800000001, 78.047976]","[-2.0, 0.0, 3.0, 0.0, 0.0, 0.0, 1.0, 0.0, 0.0, 1.0, 2.0, 4.0, 1.0, 0.0, 4.0, 2.0]","[-9.0, 12.0, 16.0, 15.0, 11.0, 13.0, 9.0, 0.0, -1.0, 14.0, 10.0, 10.0, 14.0, -26.0, 11.0, 15.0]"
1,1791638760.2611487,"[-54.579543, 88.94646, 53.702169, 54.14162400000001, 0.0007679999999936626, 72.950298, 40.60641000000001, 43.506812999999994, 55.020534, 88.33122300000002, 54.053732999999994, 53.79006000000001, -1.6691610000000026, 103.80003900000003, 93.69257399999998, 78.66321299999998]","[0.0, 0.0, 3.0, 1.0, 0.0, -1.0, 1.0, 0.0, 0.0, 1.0, 2.0, 1.0, 1.0, 0.0, 1.0, 2.0]","[-10.0, 13.0, 16.0, 14.0, 11.0, 13.0, 10.0, 0.0, -6.0, 14.0, 10.0, 10.0, 14.0, -26.0, 12.0, 16.0]"
1,1791638760.4838006,"[-55.634235000000004, 88.94646, 54.66897, 55.10842500000001, 0.0007679999999936626, 72.950298, 40.60641000000001, 43.506812999999994, 56.075226000000015, 88.33122300000002, 55.10842500000001, 54.93264300000001, -1.6691610000000026, 103.80003900000003, 94.21992, 78.66321299999998]","[-2.0, 0.0, 3.0, 2.0, 1.0, 1.0, 1.0, 0.0, 0.0, 1.0, 1.0, 2.0, 0.0, 0.0, 1.0, 1.0]","[-10.0, 12.0, 16.0, 15.0, 11.0, 12.0, 9.0, 0.0, -12.0, 14.0, 10.0, 11.0, 14.0, -25.0, 14.0, 15.0]"
1,1791638760.7061017,"[-56.513144999999994, 88.85856899999999, 55.45998900000001, 55.987335, 0.0007679999999936626, 72.950298, 40.60641000000001, 43.506812999999994, 56.954136000000005, 88.33122300000002, 56.075226000000015, 55.89944400000002, -1.6691610000000026, 103.80003900000003, 94.65937500000001, 78.66321299999998]","[0.0, 0.0, 3.0, 1.0, 1.0, 1.0, 1.0, 0.0, 0.0, 1.0, 3.0, 3.0, 0.0, 0.0, 1.0, 1.0]","[-9.0, 12.0, 17.0, 16.0, 11.0, 13.0, 9.0, 0.0, 0.0, 15.0, 10.0, 11.0, 14.0, -26.0, 16.0, 16.0]"
1,1791638760.9330792,"[-57.128382, 88.85856899999999, 55.987335, 56.77835400000001, 0.0007679999999936626, 72.950298, 40.60641000000001, 43.506812999999994, 57.92093700000001, 88.33122300000002, 56.86624499999999, 56.86624499999999, -1.7570519999999874, 103.80003900000003, 95.18672099999998, 78.66321299999998]","[0.0, 0.0, 3.0, 2.0, 0.0, 0.0, 1.0, 0.0, 1.0, 1.0, 1.0, 2.0, 1.0, 0.0, 1.0, 1.0]","[-10.0, 12.0, 18.0, 15.0, 12.0, 13.0, 10.0, 0.0, 0.0, 14.0, 11.0, 11.0, 14.0, -25.0, 20.0, 16.0]"
1,1791638761.1544251,"[-58.622529, 88.77067799999998, 57.129918, 58.008827999999994, 0.0007679999999936626, 72.950298, 40.60641000000001, 43.506812999999994, 58.975629, 88.33122300000002, 58.008827999999994, 57.74515500000001, -1.7570519999999874, 103.80003900000003, 95.80195800000001, 78.66321299999998]","[-4.0, 0.0, 2.0, 4.0, 0.0, 0.0, 1.0, 0.0, 1.0, 1.0, 4.0, 3.0, 0.0, 0.0, 1.0, 1.0]","[-9.0, 14.0, 18.0, 15.0, 11.0, 13.0, 9.0, 0.0, 0.0, 14.0, 11.0, 11.0, 13.0, -26.0, 20.0, 16.0]"
1,1791638761.376888,"[-59.149874999999994, 88.77067799999998, 58.36039199999999, 59.23930200000001, 0.0007679999999936626, 72.950298, 40.60641000000001, 43.506812999999994, 59.94243, 88.33122300000002, 58.975629, 58.799847, -1.7570519999999874, 103.80003900000003, 95.80195800000001, 78.66321299999998]","[0.0, 0.0, 5.0, 3.0, 0.0, 1.0, 1.0, 0.0, 1.0, 1.0, 2.0, 2.0, 0.0, 0.0, 1.0, 1.0]","[-10.0, 14.0, 17.0, 15.0, 11.0, 13.0, 9.0, 0.0, 0.0, 15.0, 11.0, 10.0, 13.0, -25.0, 25.0, 15.0]"
1,1791638761.6022868,"[-60.292457999999996, 88.77067799999998, 59.50297499999999, 59.23930200000001, 0.0007679999999936626, 72.950298, 40.60641000000001, 43.506812999999994, 60.99712199999999, 88.33122300000002, 60.20610300000001, 58.88773800000001, -1.7570519999999874, 103.88792999999998, 96.85665, 78.66321299999998]","[0.0, 0.0, 2.0, 1.0, 0.0, 0.0, 1.0, 0.0, 1.0, 1.0, 5.0, 0.0, 0.0, 1.0, 1.0, 1.0]","[-10.0, 14.0, 17.0, 15.0, 11.0, 13.0, 10.0, 0.0, 0.0, 14.0, 10.0, 11.0, 14.0, -25.0, 26.0, 16.0]"
1,1791638761.8259516,"[-61.522932, 88.68278700000002, 60.293994, 59.23930200000001, 0.0007679999999936626, 72.950298, 40.60641000000001, 43.506812999999994, 61.963922999999994, 88.33122300000002, 61.260795, 58.88773800000001, -1.7570519999999874, 103.88792999999998, 96.94454100000002, 78.66321299999998]","[0.0, 1.0, 3.0, 0.0, 0.0, 0.0, 1.0, 0.0, 1.0, 1.0, 3.0, 0.0, 0.0, 1.0, 1.0, 1.0]","[-9.0, 14.0, 18.0, 14.0, 12.0, 12.0, 10.0, 0.0, 0.0, 14.0, 10.0, 10.0, 14.0, -25.0, 31.0, 16.0]"
1,1791638762.0501478,"[-62.401842, 88.68278700000002, 61.17290400000002, 59.23930200000001, 0.0007679999999936626, 72.950298, 40.60641000000001, 43.506812999999994, 62.930724, 88.33122300000002, 62.403378000000004, 58.88773800000001, -1.7570519999999874, 103.88792999999998, 97.91134199999999, 78.66321299999998]","[-1.0, 0.0, 3.0, 0.0, 0.0, 0.0, 1.0, 0.0, 1.0, 1.0, 1.0, 1.0, 0.0, 1.0, 2.0, 1.0]","[-10.0, 12.0, 17.0, 14.0, 11.0, 14.0, 9.0, 0.0, 0.0, 14.0, 10.0, 11.0, 13.0, -26.0, 33.0, 15.0]"
1,1791638762.2772503,"[-63.456534000000005, 88.594896, 61.87603200000001, 59.23930200000001, 0.0007679999999936626, 72.950298, 40.60641000000001, 43.506812999999994, 63.985416000000015, 88.33122300000002, 63.19439700000001, 58.88773800000001, -1.7570519999999874, 103.88792999999998, 98.43868800000001, 78.66321299999998]","[-2.0, 0.0, 2.0, 0.0, 0.0, 0.0, 1.0, 0.0, 1.0, 1.0, 1.0, 1.0, 0.0, 1.0, 3.0, 0.0]","[-10.0, 13.0, 19.0, 15.0, 11.0, 13.0, 10.0, 0.0, 0.0, 14.0, 12.0, 11.0, 14.0, -26.0, 38.0, 16.0]"
1,1791638762.5004065,"[-64.423335, 88.50700499999999, 62.403378000000004, 59.23930200000001, 0.0007679999999936626, 72.950298, 40.60641000000001, 43.506812999999994, 64.95221699999999, 88.33122300000002, 64.249089, 58.88773800000001, -1.8449430000000007, 103.975821, 98.350797, 78.66321299999998]","[-2.0, 0.0, 2.0, 0.0, 0.0, 0.0, 1.0, 0.0, 1.0, 1.0, 3.0, 1.0, 0.0, 1.0, 0.0, 1.0]","[-9.0, 14.0, 22.0, 15.0, 11.0, 13.0, 10.0, 0.0, 0.0, 13.0, 10.0, 11.0, 9.0, -9.0, 10.0, 1.0]"
1,1791638762.721925,"[-65.214354, 88.50700499999999, 63.545961000000005, 59.23930200000001, 0.0007679999999936626, 72.950298, 40.60641000000001, 43.506812999999994, 65.919018, 88.33122300000002, 65.12799900000002, 58.88773800000001, -1.8449430000000007, 104.06371200000001, 98.350797, 78.66321299999998]","[0.0, 0.0, 3.0, 1.0, 0.0, 0.0, 1.0, 0.0, 1.0, 1.0, 1.0, 1.0, 0.0, 1.0, 0.0, 0.0]","[-10.0, 14.0, 20.0, 14.0, 10.0, 13.0, 9.0, 0.0, 0.0, 14.0, 10.0, 10.0, 10.0, -10.0, 10.0, 13.0]"
1,1791638762.948886,"[-66.181155, 88.33122300000002, 64.33698000000001, 59.23930200000001, 0.0007679999999936626, 72.950298, 40.60641000000001, 43.506812999999994, 66.97371000000001, 88.33122300000002, 66.00690900000001, 58.88773800000001, -1.8449430000000007, 104.06371200000001, 98.350797, 78.66321299999998]","[-1.0, -1.0, 2.0, 0.0, 0.0, 0.0, 1.0, 0.0, 1.0, 1.0, 1.0, 1.0, 0.0, 1.0, 0.0, 1.0]","[-11.0, 14.0, 21.0, 15.0, 12.0, 13.0, 9.0, 0.0, 0.0, 14.0, 10.0, 11.0, 10.0, -10.0, 10.0, 7.0]"
1,1791638763.1728747,"[-67.147956, 88.33122300000002, 65.12799900000002, 59.23930200000001, 0.0007679999999936626, 72.950298, 40.60641000000001, 43.506812999999994, 67.94051100000001, 88.33122300000002, 66.885819, 58.799847, -1.8449430000000007, 104.06371200000001, 98.350797, 78.66321299999998]","[0.0, 0.0, 1.0, 0.0, 0.0, 0.0, 1.0, 0.0, 2.0, 1.0, 2.0, 0.0, 0.0, 1.0, 0.0, 1.0]","[-10.0, 13.0, 23.0, 14.0, 11.0, 13.0, 9.0, 0.0, 0.0, 14.0, 11.0, 11.0, 9.0, -10.0, 10.0, 8.0]"
1,1791638763.396892,"[-68.202648, 88.33122300000002, 65.12799900000002, 59.327192999999994, 0.0007679999999936626, 72.950298, 40.60641000000001, 43.506812999999994, 68.995203, 88.33122300000002, 67.676838, 58.88773800000001, -1.8449430000000007, 104.06371200000001, 98.350797, 78.66321299999998]","[-1.0, 0.0, 1.0, 1.0, 0.0, 0.0, 1.0, 0.0, 2.0, 1.0, 2.0, 0.0, 0.0, 1.0, 0.0, 0.0]","[-11.0, 15.0, 30.0, 15.0, 11.0, 13.0, 9.0, 0.0, 0.0, 14.0, 11.0, 10.0, 10.0, -10.0, 10.0, 13.0]"
1,1791638763.6203828,"[-69.081558, 88.24333200000001, 67.14949200000001, 59.327192999999994, 0.0007679999999936626, 72.950298, 40.60641000000001, 43.506812999999994, 69.96200400000001, 88.33122300000002, 67.94051100000001, 58.88773800000001, -1.8449430000000007, 104.06371200000001, 98.350797, 78.66321299999998]","[-1.0, 0.0, 3.0, 1.0, 0.0, 0.0, 1.0, 0.0, 3.0, 1.0, 1.0, 1.0, 0.0, 1.0, 0.0, 0.0]","[-10.0, 14.0, 23.0, 14.0, 11.0, 13.0, 9.0, 0.0, 0.0, 14.0, 13.0, 11.0, 10.0, -10.0, 10.0, 13.0]"
1,1791638763.8417377,"[-70.575705, 88.50700499999999, 70.40145900000002, 59.67875699999999, 0.0007679999999936626, 72.950298, 40.60641000000001, 43.506812999999994, 70.92880500000001, 88.41911399999998, 68.29207500000001, 58.88773800000001, -1.8449430000000007, 104.06371200000001, 98.350797, 78.66321299999998]","[-2.0, 1.0, 1.0, 0.0, 0.0, 0.0, 1.0, 0.0, 2.0, 1.0, 1.0, 0.0, 0.0, 1.0, 1.0, 0.0]","[-9.0, 14.0, 15.0, 13.0, 12.0, 12.0, 9.0, 0.0, 0.0, 14.0, 16.0, 11.0, 10.0, -10.0, 10.0, 13.0]"
1,1791638764.068813,"[-71.542506, 88.50700499999999, 70.75302300000001, 59.590866000000005, 0.0007679999999936626, 72.950298, 40.60641000000001, 43.506812999999994, 71.89560600000002, 88.50700499999999, 68.819421, 58.799847, -1.8449430000000007, 104.06371200000001, 98.350797, 78.66321299999998]","[-1.0, 1.0, 1.0, 0.0, 0.0, 0.0, 1.0, 0.0, 2.0, 1.0, 2.0, 0.0, 0.0, 1.0, 0.0, 0.0]","[-10.0, 14.0, 17.0, 14.0, 11.0, 13.0, 9.0, 0.0, 14.0, 13.0, 19.0, 11.0, 10.0, -11.0, 10.0, 13.0]"
1,1791638764.292776,"[-72.50930699999999, 88.594896, 71.10458700000001, 59.590866000000005, 0.0007679999999936626, 72.950298, 40.60641000000001, 43.506812999999994, 72.774516, 88.594896, 68.995203, 58.799847, -1.8449430000000007, 104.06371200000001, 98.43868800000001, 78.66321299999998]","[-2.0, 0.0, 1.0, 0.0, 0.0, 0.0, 1.0, 0.0, 1.0, 1.0, 0.0, 0.0, 0.0, 1.0, 1.0, 1.0]","[-9.0, 13.0, 18.0, 13.0, 11.0, 12.0, 10.0, 0.0, 14.0, 13.0, 22.0, 11.0, 10.0, -11.0, 10.0, 10.0]"
1,1791638764.5167496,"[-73.388217, 88.594896, 71.456151, 59.590866000000005, 0.0007679999999936626, 72.950298, 40.60641000000001, 43.506812999999994, 73.477644, 88.77067799999998, 69.43465800000001, 58.799847, -1.8449430000000007, 104.06371200000001, 98.350797, 78.66321299999998]","[0.0, 1.0, 1.0, 0.0, 0.0, 0.0, 1.0, 0.0, 1.0, 1.0, 1.0, 0.0, 0.0, 1.0, 0.0, 1.0]","[-10.0, 12.0, 22.0, 13.0, 11.0, 13.0, 9.0, 0.0, 14.0, 12.0, 27.0, 11.0, 9.0, -10.0, 11.0, 10.0]"
1,1791638764.7377496,"[-73.739781, 88.594896, 71.807715, 59.50297499999999, 0.0007679999999936626, 72.950298, 40.60641000000001, 43.506812999999994, 74.18077199999999, 88.85856899999999, 69.874113, 58.799847, -1.8449430000000007, 104.06371200000001, 98.43868800000001, 78.66321299999998]","[0.0, 1.0, 1.0, 0.0, 0.0, 0.0, 1.0, 0.0, 1.0, 1.0, 1.0, 0.0, 0.0, 1.0, 1.0, 0.0]","[-11.0, 12.0, 25.0, 15.0, 11.0, 13.0, 9.0, 0.0, 15.0, 12.0, 33.0, 11.0, 10.0, -11.0, 10.0, 12.0]"
1,1791638764.962358,"[-73.915563, 88.594896, 72.24717000000001, 59.41508400000001, 0.0007679999999936626, 72.950298, 40.60641000000001, 43.506812999999994, 74.268663, 88.85856899999999, 69.96200400000001, 58.799847, -1.8449430000000007, 104.06371200000001, 98.350797, 78.66321299999998]","[0.0, 1.0, 1.0, 0.0, 0.0, 0.0, 1.0, 0.0, 1.0, 0.0, 1.0, 0.0, 0.0, 1.0, 1.0, 1.0]","[-12.0, 13.0, 29.0, 14.0, 10.0, 13.0, 10.0, 0.0, 15.0, 12.0, 40.0, 12.0, 10.0, -11.0, 10.0, 10.0]"
1,1791638765.1889162,"[-74.003454, 88.68278700000002, 72.86240699999999, 59.23930200000001, 0.0007679999999936626, 72.950298, 40.60641000000001, 43.506812999999994, 74.268663, 88.85856899999999, 69.78622200000001, 58.711956000000015, -1.8449430000000007, 104.06371200000001, 98.43868800000001, 78.66321299999998]","[0.0, 0.0, 0.0, 0.0, 1.0, 0.0, 1.0, 0.0, 1.0, 1.0, 0.0, 1.0, 0.0, 1.0, 1.0, 0.0]","[-11.0, 12.0, 32.0, 14.0, 11.0, 13.0, 10.0, 0.0, 13.0, 0.0, 9.0, 6.0, 10.0, -11.0, 10.0, 13.0]"
1,1791638765.4104996,"[-74.003454, 88.68278700000002, 73.03818900000002, 59.23930200000001, 0.0007679999999936626, 72.950298, 40.60641000000001, 43.506812999999994, 74.268663, 88.85856899999999, 69.78622200000001, 58.711956000000015, -1.8449430000000007, 104.06371200000001, 98.43868800000001, 78.66321299999998]","[1.0, 0.0, 1.0, 0.0, 0.0, 0.0, 1.0, 0.0, 1.0, 0.0, 1.0, 0.0, 0.0, 1.0, 1.0, 0.0]","[-12.0, 13.0, 38.0, 15.0, 11.0, 13.0, 9.0, 0.0, 13.0, 0.0, 9.0, 7.0, 10.0, -10.0, 10.0, 14.0]"
1,1791638765.6337655,"[-74.003454, 88.68278700000002, 72.950298, 59.151410999999996, 0.0007679999999936626, 72.950298, 40.60641000000001, 43.506812999999994, 74.268663, 88.85856899999999, 69.78622200000001, 58.711956000000015, -1.8449430000000007, 104.06371200000001, 98.43868800000001, 78.66321299999998]","[0.0, 0.0, 0.0, 1.0, 0.0, 0.0, 1.0, 0.0, 1.0, 0.0, 1.0, 0.0, 0.0, 1.0, 1.0, 1.0]","[0.0, 10.0, 14.0, 11.0, 11.0, 13.0, 10.0, 0.0, 13.0, 1.0, 9.0, 9.0, 9.0, -10.0, 10.0, 11.0]"
2,1791638767.651576,"[0.0007679999999936626, -5.096910000000008, -1.229705999999993, -0.2629049999999893, -0.08712299999999118, -5.184800999999993, 0.0007679999999936626, -0.35079600000000255, 0.0007679999999936626, -5.096910000000008, -1.053923999999995, 0.17654999999999177, -1.229705999999993, 178.33160700000002, 39.90328199999999, 25.40126699999999]","[0.0, 1.0, 1.0, 0.0, 1.0, 1.0, 1.0, 0.0, 0.0, 1.0, 1.0, 0.0, 0.0, 1.0, 0.0, 0.0]","[-9.0, 33.0, 16.0, 13.0, 0.0, 33.0, -10.0, 9.0, -14.0, 34.0, 10.0, -9.0, 13.0, 16.0, 3.0, -14.0]"
2,1791638767.8765237,"[0.0007679999999936626, -5.009018999999995, -1.229705999999993, 0.08865900000000693, -0.08712299999999118, -4.92112800000001, 0.6160050000000012, -0.2629049999999893, 0.0007679999999936626, -5.096910000000008, -0.9660330000000101, 0.3523319999999899, -1.229705999999993, 177.98004300000002, 40.07906399999999, 25.577048999999988]","[0.0, 1.0, 0.0, 1.0, 1.0, 1.0, 1.0, 1.0, 0.0, 1.0, 1.0, 1.0, 0.0, 0.0, 1.0, 1.0]","[-8.0, 39.0, 20.0, 15.0, 0.0, 49.0, 11.0, 13.0, -14.0, 43.0, 14.0, 11.0, 16.0, -13.0, 12.0, 13.0]"
2,1791638768.1003602,"[0.0007679999999936626, -5.009018999999995, -0.08712299999999118, 0.44022300000000314, 0.0007679999999936626, -3.7785450000000083, 1.2312420000000088, 0.44022300000000314, 0.0007679999999936626, -4.92112800000001, -0.6144689999999855, 0.44022300000000314, -1.229705999999993, 177.62847900000003, 40.07906399999999, 26.368067999999994]","[0.0, 0.0, 1.0, 1.0, 1.0, 1.0, 2.0, 1.0, 0.0, 1.0, 1.0, 1.0, 0.0, 0.0, 1.0, 2.0]","[-9.0, 49.0, 19.0, 17.0, 0.0, 59.0, 11.0, 14.0, -14.0, 52.0, 16.0, 12.0, 19.0, -24.0, 14.0, 14.0]"
2,1791638768.3245852,"[0.0007679999999936626, -4.5695639999999855, 0.8796780000000126, 1.582806000000005, -0.08712299999999118, -2.548070999999993, 1.846478999999988, 1.407024000000007, 0.0007679999999936626, -4.92112800000001, 0.26444100000000503, 0.9675689999999975, -1.1418150000000082, 176.92535099999998, 41.573211000000015, 27.159087]","[0.0, 1.0, 1.0, 4.0, 1.0, 4.0, 1.0, 1.0, 0.0, 1.0, 1.0, 2.0, 1.0, 0.0, 3.0, 1.0]","[-8.0, 55.0, 20.0, 16.0, -3.0, 68.0, 12.0, 13.0, -15.0, 63.0, 16.0, 15.0, 27.0, -40.0, 13.0, 14.0]"
2,1791638768.54511,"[0.0007679999999936626, -3.7785450000000083, 1.7585880000000031, 2.2859339999999975, -0.08712299999999118, 0.17654999999999177, 2.6374979999999937, 2.1980430000000126, 0.0007679999999936626, -4.92112800000001, 1.407024000000007, 1.0554600000000107, -1.1418150000000082, 173.40971100000002, 42.36422999999999, 28.125888000000003]","[0.0, 5.0, 2.0, 5.0, 1.0, 5.0, 1.0, 2.0, 0.0, 1.0, 3.0, 1.0, 1.0, -5.0, 2.0, 1.0]","[-9.0, 53.0, 19.0, 17.0, 0.0, 54.0, 13.0, 14.0, -14.0, 75.0, 16.0, 19.0, 33.0, -34.0, 14.0, 15.0]"
2,1791638768.7689922,"[0.0007679999999936626, -3.60276300000001, 2.813279999999992, 3.6042989999999975, -0.08712299999999118, 1.6706969999999899, 3.4285169999999994, 3.3406260000000145, 0.0007679999999936626, -3.2511989999999855, 1.846478999999988, 3.076953000000003, -1.1418150000000082, 169.894071, 43.155249, 29.268471000000005]","[0.0, 0.0, 3.0, 3.0, 1.0, 1.0, 0.0, 3.0, 0.0, 3.0, 1.0, 5.0, 1.0, -6.0, 2.0, 2.0]","[-8.0, 66.0, 19.0, 15.0, 0.0, 59.0, 13.0, 13.0, -14.0, 66.0, 18.0, 14.0, 40.0, -30.0, 14.0, 14.0]"
2,1791638768.9964895,"[0.0007679999999936626, -3.514871999999997, 3.7800809999999956, 4.483208999999988, -0.08712299999999118, 3.6921900000000107, 4.395318000000003, 4.30742699999999, 0.0007679999999936626, -3.2511989999999855, 3.076953000000003, 4.043754000000007, -1.1418150000000082, 168.487815, 44.473614, 30.147380999999996]","[0.0, 1.0, 4.0, 3.0, 0.0, 3.0, 2.0, 1.0, 0.0, 1.0, 5.0, 1.0, 1.0, 0.0, 3.0, 2.0]","[-9.0, 75.0, 20.0, 17.0, 0.0, 64.0, 14.0, 13.0, -14.0, 81.0, 17.0, 13.0, 49.0, -44.0, 13.0, 15.0]"
2,1791638769.2164023,"[0.0007679999999936626, -0.4386869999999874, 4.483208999999988, 5.537901000000005, -0.08712299999999118, 5.889465000000001, 4.9226639999999975, 5.186337000000009, 0.0007679999999936626, -3.2511989999999855, 4.219536000000005, 4.9226639999999975, 1.4949149999999918, 164.972175, 45.528306000000015, 31.202073000000013]","[0.0, 11.0, 5.0, 2.0, 0.0, 10.0, 1.0, 1.0, 0.0, 1.0, 4.0, 1.0, 8.0, -9.0, 3.0, 2.0]","[-9.0, 49.0, 20.0, 16.0, 0.0, 56.0, 16.0, 14.0, -14.0, 94.0, 16.0, 14.0, 31.0, -35.0, 13.0, 15.0]"
2,1791638769.4421866,"[0.0007679999999936626, -0.2629049999999893, 5.889465000000001, 6.680484000000007, -0.08712299999999118, 6.065246999999999, 6.328920000000011, 6.328920000000011, 0.0007679999999936626, 0.08865900000000693, 5.010555000000011, 6.2410289999999975, 2.549607000000009, 161.45653500000003, 46.67088899999999, 32.16887399999999]","[0.0, 1.0, 1.0, 2.0, 1.0, 1.0, 3.0, 4.0, 0.0, 10.0, 5.0, 3.0, 5.0, -7.0, 3.0, 1.0]","[-8.0, 63.0, 19.0, 16.0, 0.0, 84.0, 13.0, 14.0, -14.0, 59.0, 16.0, 13.0, 36.0, -33.0, 13.0, 16.0]"
2,1791638769.6683934,"[0.0007679999999936626, -0.2629049999999893, 5.889465000000001, 7.383611999999999, -0.08712299999999118, 10.020342, 7.207830000000001, 7.383611999999999, 0.0007679999999936626, 0.26444100000000503, 6.153138000000013, 7.207830000000001, 3.3406260000000145, 158.46824099999998, 47.54979900000001, 33.223566000000005]","[0.0, 1.0, 1.0, -1.0, 1.0, 8.0, 0.0, 1.0, 0.0, 1.0, 3.0, 3.0, 4.0, -2.0, 4.0, 2.0]","[-9.0, 75.0, 25.0, 17.0, -2.0, 55.0, 14.0, 14.0, -14.0, 73.0, 16.0, 13.0, 35.0, -35.0, 13.0, 14.0]"
2,1791638769.8896937,"[0.0007679999999936626, 2.2859339999999975, 7.910957999999994, 8.614086000000015, -0.08712299999999118, 11.426598000000013, 8.26252199999999, 8.526195000000001, 0.0007679999999936626, 0.528113999999988, 7.119938999999988, 7.823067000000009, 4.746881999999999, 155.919402, 48.428709, 34.278257999999994]","[0.0, 7.0, 4.0, 2.0, 0.0, 4.0, 3.0, 3.0, 0.0, 3.0, 4.0, 4.0, 2.0, -2.0, 2.0, 3.0]","[-9.0, 52.0, 19.0, 16.0, -2.0, 64.0, 14.0, 12.0, -14.0, 82.0, 16.0, 14.0, 31.0, -37.0, 13.0, 14.0]"
2,1791638770.1163545,"[0.0007679999999936626, 2.4617159999999956, 8.789868000000013, 9.58088699999999, -0.08712299999999118, 13.53598199999999, 9.229322999999994, 9.405104999999992, 0.0007679999999936626, 0.528113999999988, 7.823067000000009, 9.317214000000007, 6.065246999999999, 152.84321699999998, 49.571292, 35.33295000000001]","[0.0, 1.0, 4.0, 1.0, 1.0, 8.0, 1.0, 1.0, 0.0, 1.0, 6.0, 4.0, 4.0, -5.0, 1.0, 3.0]","[-8.0, 65.0, 19.0, 15.0, 0.0, 60.0, 14.0, 13.0, -14.0, 96.0, 17.0, 14.0, 28.0, -36.0, 13.0, 14.0]"
2,1791638770.3377564,"[0.0007679999999936626, 4.043754000000007, 9.756668999999988, 10.635579000000007, -0.08712299999999118, 15.909039000000007, 10.28401500000001, 10.371905999999996, 0.0007679999999936626, 4.131644999999992, 8.877758999999998, 10.108233000000013, 6.856266000000005, 150.382269, 50.538093, 36.21186]","[0.0, 4.0, 1.0, 2.0, 0.0, 5.0, 3.0, 3.0, 0.0, 15.0, 3.0, 4.0, 2.0, -1.0, 2.0, 2.0]","[-8.0, 60.0, 20.0, 16.0, 0.0, 57.0, 14.0, 14.0, -14.0, 54.0, 17.0, 13.0, 29.0, -41.0, 13.0, 14.0]"
2,1791638770.5628285,"[0.0007679999999936626, 4.043754000000007, 10.547687999999994, 11.426598000000013, -0.08712299999999118, 15.996929999999992, 11.162925000000001, 11.250816000000015, 0.0007679999999936626, 4.746881999999999, 9.668778000000003, 10.987143000000003, 8.086739999999992, 147.393975, 51.50489400000001, 37.354443]","[0.0, 1.0, 1.0, 4.0, 1.0, 1.0, 2.0, 1.0, 0.0, 1.0, 1.0, 2.0, 7.0, -4.0, 1.0, 2.0]","[-9.0, 69.0, 21.0, 17.0, -1.0, 84.0, 14.0, 13.0, -14.0, 65.0, 18.0, 14.0, 27.0, -44.0, 14.0, 14.0]"
2,1791638770.7853878,"[0.0007679999999936626, 5.889465000000001, 11.690270999999996, 12.569181000000015, 0.0007679999999936626, 20.039916000000005, 12.21761699999999, 12.393398999999988, 0.0007679999999936626, 6.065246999999999, 10.89925199999999, 12.129726000000005, 9.141432000000009, 143.966226, 52.559585999999996, 38.233352999999994]","[0.0, 6.0, 1.0, 3.0, 1.0, 7.0, 1.0, 1.0, 0.0, 3.0, 1.0, 4.0, 1.0, -8.0, 3.0, 1.0]","[-9.0, 60.0, 19.0, 16.0, -10.0, 55.0, 14.0, 14.0, -13.0, 56.0, 18.0, 14.0, 30.0, -35.0, 12.0, 14.0]"
2,1791638771.0107238,"[0.0007679999999936626, 7.471503000000013, 12.569181000000015, 13.448091000000005, 0.0007679999999936626, 20.12780699999999, 13.272309000000007, 13.53598199999999, 0.0007679999999936626, 6.153138000000013, 11.338707, 12.92074500000001, 9.141432000000009, 140.890041, 53.526387, 39.46382700000001]","[0.0, 4.0, 1.0, 2.0, 1.0, 1.0, 1.0, 3.0, 0.0, 1.0, 5.0, 4.0, 1.0, -1.0, 3.0, 1.0]","[-8.0, 53.0, 20.0, 16.0, -8.0, 82.0, 14.0, 13.0, -14.0, 72.0, 18.0, 13.0, 35.0, -41.0, 13.0, 15.0]"
2,1791638771.2363017,"[0.0007679999999936626, 7.647285000000011, 13.799655000000001, 14.414892000000009, 0.0007679999999936626, 24.258683999999988, 14.327000999999996, 14.414892000000009, 0.0007679999999936626, 8.438303999999988, 13.008635999999996, 13.887546000000015, 11.514488999999998, 137.63807400000002, 54.66897, 40.43062800000001]","[0.0, 1.0, 3.0, 2.0, 1.0, 11.0, 3.0, 1.0, 0.0, 6.0, 5.0, 1.0, 5.0, -6.0, 3.0, 3.0]","[-9.0, 66.0, 20.0, 17.0, -7.0, 60.0, 14.0, 13.0, -14.0, 53.0, 17.0, 14.0, 27.0, -37.0, 12.0, 14.0]"
2,1791638771.4602275,"[0.0007679999999936626, 8.614086000000015, 14.678564999999992, 15.469583999999998, -0.08712299999999118, 26.192285999999996, 15.381693000000013, 15.733257000000009, 0.0007679999999936626, 9.229322999999994, 13.53598199999999, 14.85434699999999, 11.690270999999996, 134.38610699999998, 55.72366199999999, 41.39742899999999]","[0.0, 11.0, 1.0, 3.0, 0.0, 4.0, 1.0, 1.0, 0.0, 1.0, 3.0, 1.0, 0.0, -5.0, 2.0, 3.0]","[-8.0, 59.0, 20.0, 15.0, -6.0, 55.0, 13.0, 12.0, -14.0, 59.0, 19.0, 16.0, 32.0, -33.0, 12.0, 14.0]"
2,1791638771.6810706,"[0.0007679999999936626, 10.108233000000013, 15.733257000000009, 16.436385, 0.0007679999999936626, 28.30167, 16.524276000000015, 16.787948999999998, 0.0007679999999936626, 9.229322999999994, 14.766456000000005, 15.996929999999992, 13.360199999999992, 131.046249, 56.77835400000001, 42.36422999999999]","[0.0, 1.0, 1.0, 1.0, 1.0, 5.0, 3.0, 2.0, 0.0, 1.0, 1.0, 2.0, 5.0, -3.0, 2.0, 1.0]","[-9.0, 59.0, 19.0, 16.0, -11.0, 54.0, 13.0, 12.0, -14.0, 71.0, 18.0, 14.0, 28.0, -31.0, 12.0, 14.0]"
2,1791638771.9055386,"[0.0007679999999936626, 10.108233000000013, 16.787948999999998, 17.403186000000005, 0.0007679999999936626, 29.883708000000013, 17.578968000000003, 17.75475, 0.0007679999999936626, 9.229322999999994, 15.996929999999992, 16.787948999999998, 14.590674000000007, 127.706391, 57.92093700000001, 43.41892200000001]","[0.0, 1.0, 1.0, 4.0, 1.0, 1.0, 5.0, 2.0, 0.0, 1.0, 3.0, 5.0, 4.0, -4.0, 1.0, 1.0]","[-9.0, 70.0, 19.0, 17.0, -12.0, 63.0, 12.0, 11.0, -14.0, 85.0, 18.0, 14.0, 27.0, -29.0, 12.0, 13.0]"
2,1791638772.1296444,"[0.0007679999999936626, 10.108233000000013, 17.930532, 18.282095999999996, 0.0007679999999936626, 32.432547, 18.36998700000001, 18.545769000000007, 0.0007679999999936626, 10.987143000000003, 16.787948999999998, 18.19420500000001, 15.55747500000001, 125.069661, 59.06352000000001, 44.38572300000001]","[0.0, 1.0, 3.0, 3.0, 1.0, 8.0, 1.0, 1.0, 0.0, 7.0, 5.0, 4.0, 1.0, -3.0, 1.0, 1.0]","[-9.0, 84.0, 19.0, 17.0, -11.0, 57.0, 13.0, 12.0, -14.0, 70.0, 18.0, 12.0, 27.0, -32.0, 12.0, 14.0]"
2,1791638772.3524969,"[0.0007679999999936626, 12.657072, 18.80944199999999, 19.336788000000013, 0.0007679999999936626, 34.45403999999999, 19.248897, 19.68835200000001, 0.0007679999999936626, 13.360199999999992, 18.106313999999998, 18.985223999999988, 16.524276000000015, 122.69660399999998, 60.118212, 45.528306000000015]","[0.0, 16.0, 3.0, 1.0, 1.0, 4.0, 4.0, 3.0, 0.0, 2.0, 1.0, 2.0, 6.0, 0.0, 3.0, 1.0]","[-9.0, 54.0, 19.0, 16.0, -11.0, 56.0, 14.0, 12.0, -14.0, 57.0, 16.0, 13.0, 26.0, -36.0, 12.0, 13.0]"
2,1791638772.5801208,"[0.0007679999999936626, 13.272309000000007, 19.952024999999992, 20.39148, 0.0007679999999936626, 36.739205999999996, 20.215698000000003, 20.655153000000013, 0.0007679999999936626, 14.151218999999998, 19.161006000000015, 20.215698000000003, 16.87584000000001, 118.91729099999998, 61.260795, 46.49510699999999]","[0.0, 1.0, 2.0, 1.0, 1.0, 7.0, 1.0, 1.0, 0.0, 2.0, 3.0, 4.0, 5.0, -5.0, 2.0, 3.0]","[-9.0, 70.0, 19.0, 17.0, -12.0, 45.0, 14.0, 13.0, -14.0, 60.0, 17.0, 13.0, 27.0, -31.0, 11.0, 14.0]"
2,1791638772.8016021,"[0.0007679999999936626, 14.502782999999994, 20.83093500000001, 21.534063000000003, 0.0007679999999936626, 38.76069899999999, 21.00671700000001, 21.709845, 0.0007679999999936626, 14.151218999999998, 20.215698000000003, 21.094607999999994, 18.897333000000003, 115.665324, 62.31548699999999, 47.54979900000001]","[0.0, 8.0, 1.0, 3.0, 1.0, 3.0, 3.0, 3.0, 0.0, 1.0, 1.0, 3.0, 4.0, -4.0, 3.0, 3.0]","[-9.0, 70.0, 20.0, 16.0, -12.0, 47.0, 15.0, 13.0, -14.0, 72.0, 16.0, 13.0, 25.0, -29.0, 11.0, 13.0]"
2,1791638773.0258713,"[0.0007679999999936626, 15.293802, 22.061408999999998, 22.500864000000007, 0.0007679999999936626, 40.60641000000001, 21.885627, 22.76453699999999, 0.0007679999999936626, 14.151218999999998, 21.00671700000001, 22.32508200000001, 20.12780699999999, 112.50124799999998, 63.45806999999999, 48.51660000000001]","[0.0, 8.0, 1.0, 2.0, 1.0, 6.0, 3.0, 1.0, 0.0, 1.0, 0.0, 2.0, 3.0, -4.0, 3.0, 1.0]","[-9.0, 60.0, 19.0, 17.0, -11.0, 46.0, 15.0, 12.0, -13.0, 85.0, 18.0, 13.0, 24.0, -29.0, 11.0, 13.0]"
2,1791638773.2520554,"[0.0007679999999936626, 17.227404000000007, 22.940318999999988, 22.588754999999992, 0.0007679999999936626, 42.71579399999999, 22.588754999999992, 23.555555999999996, 0.0007679999999936626, 14.23911000000001, 21.621953999999988, 22.32508200000001, 20.83093500000001, 109.33717200000001, 64.51276200000001, 49.483401000000015]","[0.0, 2.0, 2.0, 1.0, 1.0, 1.0, 1.0, 1.0, 0.0, 1.0, 6.0, 1.0, 4.0, -2.0, 2.0, 1.0]","[-8.0, 60.0, 19.0, 17.0, -11.0, 53.0, 17.0, 12.0, -14.0, 101.0, 17.0, 16.0, 25.0, -28.0, 11.0, 13.0]"
2,1791638773.4745975,"[0.0007679999999936626, 18.018423000000013, 23.731337999999994, 24.434466000000015, 0.0007679999999936626, 45.528306000000015, 23.64344700000001, 24.78603000000001, 0.0007679999999936626, 17.49107699999999, 23.203992, 24.08290199999999, 21.885627, 105.909423, 65.47956300000001, 50.538093]","[0.0, 5.0, 1.0, 3.0, 1.0, 10.0, 3.0, 1.0, 0.0, 23.0, 1.0, 4.0, 1.0, -5.0, 1.0, 3.0]","[-9.0, 59.0, 20.0, 16.0, -12.0, 37.0, 16.0, 12.0, -13.0, 59.0, 17.0, 13.0, 26.0, -21.0, 10.0, 13.0]"
2,1791638773.6961603,"[0.0007679999999936626, 18.018423000000013, 24.78603000000001, 25.489158000000003, 0.0007679999999936626, 47.461907999999994, 24.96181200000001, 25.752831000000015, 0.0007679999999936626, 19.161006000000015, 24.258683999999988, 25.40126699999999, 23.116101000000015, 102.65745600000002, 66.79792800000001, 51.417002999999994]","[0.0, 1.0, 1.0, 1.0, 1.0, 0.0, 4.0, 2.0, 0.0, 0.0, 3.0, 1.0, 2.0, -4.0, 3.0, 2.0]","[-9.0, 71.0, 20.0, 17.0, -12.0, 47.0, 15.0, 12.0, -14.0, 62.0, 17.0, 12.0, 22.0, -21.0, 10.0, 13.0]"
2,1791638773.9240103,"[0.0007679999999936626, 20.39148, 25.840722, 26.543849999999992, 0.0007679999999936626, 49.13183699999999, 25.840722, 26.895413999999988, 0.0007679999999936626, 19.248897, 25.137594000000007, 26.368067999999994, 24.434466000000015, 99.31759799999998, 67.94051100000001, 52.559585999999996]","[0.0, 7.0, 4.0, 4.0, 1.0, 1.0, 1.0, 3.0, 0.0, 1.0, 1.0, 1.0, 3.0, -2.0, 3.0, 4.0]","[-9.0, 51.0, 19.0, 16.0, -11.0, 49.0, 15.0, 12.0, -14.0, 73.0, 16.0, 12.0, 19.0, -20.0, 9.0, 13.0]"
2,1791638774.1466055,"[0.0007679999999936626, 21.44617199999999, 26.631741000000005, 27.59854200000001, 0.0007679999999936626, 51.417002999999994, 27.071196000000015, 27.42276000000001, 0.0007679999999936626, 19.248897, 26.016503999999998, 27.510650999999996, 25.137594000000007, 96.15352200000001, 68.64363900000001, 53.438496000000015]","[0.0, 2.0, 1.0, 1.0, 1.0, 11.0, 3.0, 2.0, 0.0, 1.0, 1.0, 1.0, 1.0, 0.0, 1.0, 1.0]","[-8.0, 55.0, 20.0, 16.0, -11.0, 41.0, 15.0, 13.0, -13.0, 83.0, 17.0, 13.0, 25.0, -21.0, 10.0, 14.0]"
2,1791638774.3701632,"[0.0007679999999936626, 21.797736000000015, 27.774324000000007, 28.653233999999998, 0.08865900000000693, 54.40529699999999, 28.213778999999988, 28.565343000000013, 0.0007679999999936626, 22.237190999999996, 27.246978000000013, 28.653233999999998, 25.137594000000007, 94.83515699999998, 68.64363900000001, 53.877950999999996]","[0.0, 1.0, 4.0, 3.0, 1.0, 9.0, 3.0, 3.0, 0.0, 15.0, 3.0, 2.0, 1.0, 0.0, 0.0, 1.0]","[-9.0, 62.0, 20.0, 16.0, -12.0, 33.0, 14.0, 13.0, -15.0, 49.0, 17.0, 12.0, 31.0, -32.0, 13.0, 15.0]"
2,1791638774.5926676,"[0.0007679999999936626, 22.76453699999999, 28.653233999999998, 29.532143999999988, 0.0007679999999936626, 56.25100800000001, 29.444253000000003, 29.795817, 0.0007679999999936626, 23.995011000000005, 28.30167, 29.620035, 25.137594000000007, 94.83515699999998, 68.64363900000001, 54.22951499999999]","[0.0, 4.0, 3.0, 3.0, 0.0, 1.0, 4.0, 3.0, 0.0, 1.0, 3.0, 1.0, 1.0, 0.0, 0.0, 1.0]","[-9.0, 61.0, 19.0, 16.0, -12.0, 40.0, 13.0, 11.0, -14.0, 51.0, 16.0, 12.0, 38.0, -32.0, 16.0, 16.0]"
2,1791638774.8199508,"[0.0007679999999936626, 23.995011000000005, 29.620035, 30.762618000000003, 0.0007679999999936626, 58.272501000000005, 30.498944999999992, 30.762618000000003, 0.0007679999999936626, 23.995011000000005, 29.35636199999999, 30.411054000000007, 25.137594000000007, 94.83515699999998, 68.64363900000001, 55.28420700000001]","[0.0, 5.0, 2.0, 3.0, 0.0, 5.0, 3.0, 1.0, 0.0, 1.0, 1.0, 3.0, 1.0, 0.0, 0.0, 3.0]","[-9.0, 58.0, 20.0, 14.0, -13.0, 35.0, 13.0, 12.0, -14.0, 62.0, 16.0, 12.0, 48.0, -32.0, 19.0, 17.0]"
2,1791638775.044159,"[-0.08712299999999118, 25.752831000000015, 30.67472699999999, 31.729419000000007, 0.0007679999999936626, 60.82133999999999, 31.641527999999994, 31.905201000000005, 0.0007679999999936626, 23.995011000000005, 30.147380999999996, 31.641527999999994, 25.313376000000005, 94.83515699999998, 68.73152999999999, 55.811553]","[0.0, 7.0, 2.0, 1.0, 1.0, 8.0, 1.0, 1.0, 0.0, 1.0, 1.0, 2.0, 0.0, 0.0, 1.0, 1.0]","[-5.0, 45.0, 20.0, 16.0, -12.0, 31.0, 13.0, 12.0, -14.0, 74.0, 17.0, 12.0, 51.0, -31.0, 25.0, 19.0]"
2,1791638775.2677977,"[0.0007679999999936626, 26.368067999999994, 31.729419000000007, 32.69622000000001, 0.08865900000000693, 63.45806999999999, 32.784110999999996, 32.87200200000001, 0.08865900000000693, 27.510650999999996, 31.289963999999998, 32.52043800000001, 24.873920999999996, 94.923048, 68.73152999999999, 55.811553]","[1.0, 1.0, 1.0, 3.0, 1.0, 7.0, 4.0, 2.0, 0.0, 9.0, 4.0, 1.0, 0.0, 1.0, 0.0, 0.0]","[-8.0, 53.0, 20.0, 16.0, -12.0, 27.0, 12.0, 11.0, -14.0, 43.0, 16.0, 13.0, 10.0, -12.0, 5.0, 0.0]"
2,1791638775.4885771,"[-0.08712299999999118, 27.862214999999992, 32.87200200000001, 33.83880300000001, 0.08865900000000693, 65.743236, 34.01458500000001, 34.01458500000001, 0.08865900000000693, 28.213778999999988, 32.344656000000015, 33.57513, 24.873920999999996, 95.01093900000001, 68.819421, 55.811553]","[0.0, 5.0, 4.0, 1.0, 1.0, 3.0, 4.0, 4.0, 1.0, 1.0, 1.0, 3.0, 0.0, 0.0, 1.0, 0.0]","[-7.0, 47.0, 19.0, 16.0, -13.0, 25.0, 11.0, 12.0, -13.0, 49.0, 16.0, 12.0, 10.0, -12.0, 3.0, 0.0]"
2,1791638775.7128296,"[0.0007679999999936626, 28.91690700000001, 33.83880300000001, 34.80560399999999, 0.08865900000000693, 67.676838, 34.981386000000015, 34.893495, 0.08865900000000693, 28.653233999999998, 33.57513, 34.541931000000005, 24.873920999999996, 95.01093900000001, 68.73152999999999, 55.811553]","[0.0, 1.0, 1.0, 3.0, 1.0, 4.0, 3.0, 1.0, 1.0, 1.0, 3.0, 2.0, 0.0, 0.0, 0.0, 0.0]","[-5.0, 51.0, 19.0, 16.0, -12.0, 26.0, 11.0, 12.0, -14.0, 55.0, 15.0, 12.0, 10.0, -11.0, 9.0, 0.0]"
2,1791638775.9371254,"[0.0007679999999936626, 28.91690700000001, 34.981386000000015, 35.860296000000005, 0.0007679999999936626, 69.96200400000001, 36.21186, 35.94818699999999, 0.08865900000000693, 28.653233999999998, 34.541931000000005, 35.245059, 24.873920999999996, 95.01093900000001, 68.73152999999999, 55.811553]","[1.0, 1.0, 3.0, 1.0, 0.0, 6.0, 3.0, 1.0, 1.0, 1.0, 2.0, 1.0, 0.0, 1.0, 1.0, 0.0]","[-3.0, 60.0, 19.0, 16.0, -13.0, 24.0, 11.0, 11.0, -14.0, 67.0, 16.0, 13.0, 11.0, -11.0, 8.0, 0.0]"
2,1791638776.1616476,"[0.0007679999999936626, 30.498944999999992, 35.94818699999999, 36.739205999999996, 0.08865900000000693, 72.42295200000001, 37.354443, 37.00287900000001, 0.08865900000000693, 31.114182, 35.596622999999994, 36.47553300000001, 24.873920999999996, 95.01093900000001, 68.73152999999999, 55.811553]","[1.0, 16.0, 1.0, 3.0, 0.0, 8.0, 2.0, 2.0, 1.0, 14.0, 1.0, 3.0, 0.0, 0.0, 1.0, 0.0]","[-8.0, 48.0, 20.0, 15.0, -13.0, 19.0, 10.0, 12.0, -14.0, 43.0, 16.0, 11.0, 11.0, -11.0, 9.0, 0.0]"
2,1791638776.3878095,"[0.0007679999999936626, 31.99309199999999, 37.178661000000005, 37.79389800000001, 0.0007679999999936626, 74.092881, 38.057570999999996, 37.79389800000001, 0.08865900000000693, 32.69622000000001, 36.739205999999996, 37.354443, 24.873920999999996, 95.01093900000001, 68.73152999999999, 55.811553]","[1.0, 1.0, 1.0, 4.0, 0.0, 1.0, 1.0, 1.0, 1.0, 0.0, 4.0, 1.0, 0.0, 1.0, 0.0, 0.0]","[-8.0, 49.0, 19.0, 15.0, -12.0, 24.0, 11.0, 12.0, -14.0, 45.0, 15.0, 12.0, 11.0, -11.0, 5.0, 0.0]"
2,1791638776.6119397,"[0.0007679999999936626, 33.223566000000005, 38.32124400000001, 38.40913499999999, 0.08865900000000693, 74.18077199999999, 38.32124400000001, 38.32124400000001, 0.08865900000000693, 32.69622000000001, 37.618116000000015, 38.497026000000005, 24.873920999999996, 95.01093900000001, 68.73152999999999, 55.811553]","[1.0, 1.0, 3.0, 1.0, 0.0, 1.0, 1.0, 1.0, 1.0, 0.0, 4.0, 1.0, 0.0, 0.0, 1.0, 0.0]","[-8.0, 48.0, 17.0, 17.0, -13.0, 38.0, 14.0, 13.0, -14.0, 54.0, 14.0, 12.0, 10.0, -11.0, 6.0, 0.0]"
2,1791638776.8334918,"[-0.08712299999999118, 34.36614900000001, 39.28804500000001, 39.551717999999994, 0.0007679999999936626, 74.70811800000001, 38.40913499999999, 38.76069899999999, 0.08865900000000693, 32.784110999999996, 38.672808, 39.200154, 24.873920999999996, 95.01093900000001, 68.73152999999999, 55.811553]","[1.0, 6.0, 1.0, 2.0, 0.0, 1.0, 1.0, 0.0, 1.0, 1.0, 1.0, 3.0, 0.0, 0.0, 0.0, 0.0]","[-2.0, 39.0, 18.0, 15.0, -13.0, 51.0, 16.0, 15.0, -14.0, 64.0, 14.0, 13.0, 11.0, -12.0, 5.0, 0.0]"
2,1791638777.0597577,"[-0.08712299999999118, 35.50873200000001, 40.518519, 40.694300999999996, 0.0007679999999936626, 74.796009, 38.58491699999999, 39.375935999999996, 0.08865900000000693, 35.33295000000001, 39.815391000000005, 40.694300999999996, 24.873920999999996, 95.01093900000001, 68.73152999999999, 55.811553]","[0.0, 0.0, 4.0, 2.0, 0.0, 1.0, 3.0, 1.0, 1.0, 9.0, 4.0, 4.0, 0.0, 1.0, 1.0, 0.0]","[0.0, 42.0, 17.0, 16.0, -11.0, 77.0, 21.0, 16.0, -14.0, 41.0, 13.0, 11.0, 11.0, -12.0, 10.0, 0.0]"
2,1791638777.282802,"[-0.08712299999999118, 36.563424, 41.573211000000015, 41.573211000000015, 0.0007679999999936626, 75.32335499999999, 38.76069899999999, 40.166955, 0.08865900000000693, 36.914987999999994, 41.04586499999999, 41.573211000000015, 24.873920999999996, 95.01093900000001, 68.73152999999999, 55.811553]","[1.0, 1.0, 3.0, 4.0, 0.0, 1.0, 1.0, 1.0, 1.0, 1.0, 4.0, 1.0, 0.0, 1.0, 1.0, 1.0]","[0.0, 41.0, 17.0, 16.0, -12.0, 94.0, 27.0, 18.0, -14.0, 41.0, 13.0, 12.0, 10.0, -12.0, 8.0, -1.0]"
2,1791638777.50614,"[-0.08712299999999118, 36.739205999999996, 42.627903, 42.803685, 0.0007679999999936626, 75.32335499999999, 39.024372, 40.694300999999996, 0.08865900000000693, 36.914987999999994, 41.92477500000001, 42.71579399999999, 24.873920999999996, 95.01093900000001, 68.819421, 55.811553]","[1.0, 0.0, 1.0, 2.0, 0.0, 1.0, 1.0, 1.0, 1.0, 1.0, 1.0, 3.0, 1.0, 1.0, 1.0, 1.0]","[-1.0, 52.0, 16.0, 16.0, -12.0, 126.0, 32.0, 19.0, -14.0, 52.0, 13.0, 11.0, 11.0, -12.0, 2.0, 0.0]"
2,1791638777.7316124,"[-0.08712299999999118, 37.79389800000001, 43.68259499999999, 43.506812999999994, 0.0007679999999936626, 74.00498999999999, 38.936481000000015, 40.694300999999996, 0.08865900000000693, 36.914987999999994, 43.06735800000001, 43.770486000000005, 24.873920999999996, 95.01093900000001, 68.819421, 55.811553]","[0.0, 12.0, 2.0, 1.0, 1.0, 0.0, 1.0, 1.0, 1.0, 0.0, 3.0, 2.0, 0.0, 1.0, 0.0, 1.0]","[0.0, 44.0, 17.0, 16.0, 6.0, 13.0, 9.0, 0.0, -14.0, 63.0, 14.0, 10.0, 10.0, -12.0, 6.0, 0.0]"
2,1791638777.9516187,"[-0.08712299999999118, 40.166955, 44.825177999999994, 44.91306900000001, 0.0007679999999936626, 74.00498999999999, 38.936481000000015, 40.694300999999996, 0.08865900000000693, 38.76069899999999, 44.297832, 44.91306900000001, 24.873920999999996, 95.01093900000001, 68.819421, 55.811553]","[0.0, 1.0, 2.0, 4.0, 1.0, 0.0, 1.0, 1.0, 1.0, 3.0, 4.0, 1.0, 0.0, 1.0, 1.0, 0.0]","[0.0, 38.0, 16.0, 15.0, 5.0, 14.0, 9.0, 0.0, -14.0, 54.0, 12.0, 10.0, 11.0, -12.0, 6.0, 0.0]"
2,1791638778.1769838,"[-0.08712299999999118, 40.342737, 45.791979, 45.791979, 0.0007679999999936626, 74.00498999999999, 38.936481000000015, 40.694300999999996, 0.08865900000000693, 40.870082999999994, 45.17674199999999, 45.87987000000001, 24.873920999999996, 95.01093900000001, 68.819421, 55.811553]","[0.0, 1.0, 2.0, 1.0, 1.0, 0.0, 1.0, 1.0, 1.0, 9.0, 3.0, 1.0, 1.0, 1.0, 1.0, 1.0]","[0.0, 43.0, 16.0, 15.0, 6.0, 13.0, 9.0, 0.0, -14.0, 40.0, 12.0, 12.0, 11.0, -12.0, 4.0, 0.0]"
2,1791638778.4003391,"[-0.08712299999999118, 41.836884, 46.75878, 47.19823500000001, 0.0007679999999936626, 74.00498999999999, 38.936481000000015, 40.694300999999996, 0.08865900000000693, 42.012665999999996, 46.407216000000005, 47.110344, 24.873920999999996, 95.01093900000001, 68.819421, 55.811553]","[0.0, 3.0, 1.0, 2.0, 1.0, 0.0, 1.0, 1.0, 1.0, 1.0, 3.0, 2.0, 1.0, 1.0, 0.0, 1.0]","[0.0, 41.0, 16.0, 15.0, 11.0, 12.0, 9.0, 0.0, -14.0, 41.0, 12.0, 11.0, 11.0, -10.0, 8.0, 0.0]"
2,1791638778.6275167,"[-0.08712299999999118, 43.24314000000001, 47.901363, 48.165036000000015, 0.0007679999999936626, 74.00498999999999, 38.936481000000015, 40.694300999999996, 0.08865900000000693, 42.10055700000001, 47.286125999999996, 48.077145, 24.873920999999996, 95.01093900000001, 68.819421, 55.811553]","[0.0, 5.0, 4.0, 2.0, 0.0, 0.0, 1.0, 1.0, 0.0, 1.0, 1.0, 4.0, 1.0, 1.0, 0.0, 0.0]","[0.0, 33.0, 15.0, 14.0, 12.0, 13.0, 9.0, 0.0, -15.0, 51.0, 12.0, 11.0, 11.0, -12.0, 3.0, 0.0]"
2,1791638778.8484488,"[-0.08712299999999118, 44.56150500000001, 48.780272999999994, 49.219728, 0.0007679999999936626, 74.00498999999999, 38.936481000000015, 40.694300999999996, 0.08865900000000693, 44.209941000000015, 48.51660000000001, 49.043946000000005, 24.873920999999996, 95.01093900000001, 68.73152999999999, 55.811553]","[0.0, 2.0, 3.0, 3.0, 0.0, 0.0, 1.0, 1.0, 0.0, 9.0, 3.0, 2.0, 0.0, 1.0, 0.0, 0.0]","[0.0, 34.0, 17.0, 14.0, 12.0, 14.0, 9.0, 0.0, -14.0, 37.0, 12.0, 11.0, 11.0, -11.0, 8.0, 0.0]"
2,1791638779.0726423,"[-0.08712299999999118, 45.616197, 49.747074, 50.538093, 0.0007679999999936626, 74.00498999999999, 38.936481000000015, 40.694300999999996, 0.08865900000000693, 45.967760999999996, 49.483401000000015, 50.18652900000001, 24.873920999999996, 95.01093900000001, 68.73152999999999, 55.811553]","[0.0, 1.0, 1.0, 1.0, 0.0, 0.0, 1.0, 1.0, 0.0, 2.0, 1.0, 4.0, 1.0, 1.0, 1.0, 1.0]","[0.0, 34.0, 16.0, 14.0, 11.0, 13.0, 10.0, 0.0, -14.0, 34.0, 12.0, 11.0, 11.0, -11.0, 3.0, 0.0]"
2,1791638779.2995126,"[-0.08712299999999118, 45.616197, 50.713875, 51.417002999999994, 0.0007679999999936626, 74.00498999999999, 38.936481000000015, 40.694300999999996, 0.08865900000000693, 45.967760999999996, 50.62598400000002, 50.97754800000001, 24.873920999999996, 95.01093900000001, 68.73152999999999, 55.811553]","[0.0, 1.0, 1.0, 3.0, 1.0, 0.0, 1.0, 1.0, 0.0, 1.0, 2.0, 1.0, 1.0, 1.0, 1.0, 0.0]","[0.0, 42.0, 16.0, 14.0, 11.0, 13.0, 9.0, 0.0, -14.0, 42.0, 12.0, 11.0, 10.0, -12.0, 6.0, 0.0]"
2,1791638779.523453,"[-0.08712299999999118, 48.077145, 51.94434900000002, 52.383804, 0.0007679999999936626, 74.00498999999999, 38.936481000000015, 40.694300999999996, 0.08865900000000693, 47.63768999999999, 51.76856699999999, 52.120131000000015, 24.873920999999996, 95.01093900000001, 68.73152999999999, 55.811553]","[0.0, 7.0, 1.0, 1.0, 0.0, 0.0, 1.0, 1.0, 0.0, 3.0, 2.0, 3.0, 1.0, 1.0, 1.0, 1.0]","[0.0, 30.0, 17.0, 15.0, 11.0, 12.0, 10.0, 0.0, -14.0, 37.0, 11.0, 11.0, 10.0, -11.0, 9.0, -3.0]"
2,1791638779.7442715,"[-0.08712299999999118, 48.95605499999999, 52.999041000000005, 53.526387, 0.0007679999999936626, 74.00498999999999, 38.936481000000015, 40.694300999999996, 0.08865900000000693, 47.725581000000005, 52.735367999999994, 53.08693199999999, 24.873920999999996, 95.01093900000001, 68.819421, 55.811553]","[0.0, 6.0, 4.0, 3.0, 0.0, 0.0, 1.0, 1.0, 0.0, 1.0, 1.0, 4.0, 1.0, 1.0, 1.0, 0.0]","[0.0, 30.0, 16.0, 13.0, 11.0, 13.0, 10.0, 0.0, -14.0, 44.0, 11.0, 10.0, 10.0, -11.0, 3.0, 0.0]"
2,1791638779.9714975,"[-0.08712299999999118, 50.18652900000001, 53.96584200000001, 54.317406000000005, 0.08865900000000693, 74.00498999999999, 38.936481000000015, 40.694300999999996, 0.08865900000000693, 50.362311000000005, 53.79006000000001, 53.877950999999996, 24.873920999999996, 95.01093900000001, 68.73152999999999, 55.811553]","[0.0, 2.0, 3.0, 1.0, 1.0, 0.0, 1.0, 1.0, 0.0, 9.0, 4.0, 1.0, 0.0, 1.0, 0.0, 0.0]","[0.0, 30.0, 15.0, 14.0, 3.0, 13.0, 9.0, 0.0, -14.0, 28.0, 11.0, 11.0, 11.0, -12.0, 9.0, 0.0]"
2,1791638780.1954086,"[-0.08712299999999118, 50.18652900000001, 55.196315999999996, 55.54787999999999, 0.0007679999999936626, 74.00498999999999, 38.936481000000015, 40.694300999999996, 0.08865900000000693, 51.417002999999994, 54.844752, 55.10842500000001, 24.873920999999996, 95.01093900000001, 68.73152999999999, 55.811553]","[0.0, 1.0, 3.0, 4.0, 0.0, 0.0, 1.0, 1.0, 0.0, 1.0, 1.0, 2.0, 1.0, 1.0, 0.0, 0.0]","[0.0, 38.0, 15.0, 14.0, 11.0, 13.0, 9.0, 0.0, -14.0, 31.0, 10.0, 10.0, 11.0, -11.0, 10.0, 0.0]"
2,1791638780.4194596,"[-0.08712299999999118, 52.03224, 56.075226000000015, 56.338899, 0.08865900000000693, 74.00498999999999, 38.936481000000015, 40.694300999999996, 0.08865900000000693, 51.417002999999994, 55.987335, 55.987335, 24.873920999999996, 95.01093900000001, 68.73152999999999, 55.811553]","[1.0, 9.0, 1.0, 5.0, 1.0, 0.0, 1.0, 1.0, 0.0, 1.0, 3.0, 1.0, 1.0, 1.0, 0.0, 0.0]","[-1.0, 29.0, 15.0, 15.0, 7.0, 13.0, 10.0, 0.0, -13.0, 38.0, 10.0, 11.0, 11.0, -12.0, 9.0, 0.0]"
2,1791638780.6434448,"[-0.08712299999999118, 53.702169, 57.21780900000002, 57.3057, 0.0007679999999936626, 74.00498999999999, 38.936481000000015, 40.694300999999996, 0.08865900000000693, 52.999041000000005, 56.86624499999999, 57.04202699999999, 24.873920999999996, 95.01093900000001, 68.819421, 55.811553]","[0.0, 3.0, 2.0, 1.0, 1.0, 0.0, 1.0, 1.0, 0.0, 1.0, 2.0, 2.0, 1.0, 1.0, 0.0, 1.0]","[0.0, 27.0, 14.0, 14.0, 10.0, 12.0, 10.0, 0.0, -14.0, 31.0, 10.0, 10.0, 11.0, -12.0, 1.0, -1.0]"
2,1791638780.8674135,"[-0.08712299999999118, 54.756861000000015, 58.36039199999999, 58.36039199999999, 0.0007679999999936626, 74.00498999999999, 38.936481000000015, 40.694300999999996, 0.08865900000000693, 54.756861000000015, 57.92093700000001, 58.008827999999994, 24.873920999999996, 95.01093900000001, 68.819421, 55.811553]","[0.0, 1.0, 4.0, 2.0, 0.0, 0.0, 1.0, 1.0, 0.0, 5.0, 4.0, 5.0, 1.0, 1.0, 1.0, 1.0]","[-5.0, 26.0, 14.0, 13.0, 11.0, 12.0, 9.0, 0.0, -14.0, 28.0, 10.0, 10.0, 11.0, -12.0, 5.0, -1.0]"
2,1791638781.0892966,"[-0.08712299999999118, 55.811553, 59.50297499999999, 59.23930200000001, 0.0007679999999936626, 74.00498999999999, 38.936481000000015, 40.694300999999996, 0.08865900000000693, 55.54787999999999, 59.06352000000001, 58.88773800000001, 24.873920999999996, 95.01093900000001, 68.819421, 55.811553]","[1.0, 1.0, 1.0, 3.0, 0.0, 0.0, 1.0, 1.0, 0.0, 1.0, 2.0, 1.0, 1.0, 1.0, 1.0, 0.0]","[0.0, 29.0, 13.0, 15.0, 11.0, 13.0, 10.0, 0.0, -14.0, 29.0, 9.0, 12.0, 10.0, -12.0, 2.0, 0.0]"
2,1791638781.3153682,"[-0.08712299999999118, 56.86624499999999, 59.590866000000005, 60.293994, 0.0007679999999936626, 74.00498999999999, 38.936481000000015, 40.694300999999996, 0.08865900000000693, 56.25100800000001, 59.327192999999994, 60.118212, 24.873920999999996, 95.01093900000001, 68.73152999999999, 55.811553]","[0.0, 5.0, 1.0, 3.0, 1.0, 0.0, 1.0, 1.0, 0.0, 1.0, 1.0, 1.0, 1.0, 1.0, 0.0, 0.0]","[-1.0, 27.0, 14.0, 14.0, 11.0, 12.0, 9.0, 0.0, -14.0, 30.0, 9.0, 12.0, 10.0, -11.0, 10.0, 0.0]"
2,1791638781.53936,"[-0.08712299999999118, 58.09671900000001, 59.590866000000005, 61.348686000000015, 0.0007679999999936626, 74.00498999999999, 38.936481000000015, 40.694300999999996, 0.08865900000000693, 56.42679000000001, 59.41508400000001, 61.085013000000004, 24.873920999999996, 95.01093900000001, 68.73152999999999, 55.811553]","[0.0, 1.0, 1.0, 3.0, 0.0, 0.0, 1.0, 1.0, 0.0, 1.0, 1.0, 2.0, 1.0, 1.0, 0.0, 0.0]","[0.0, 27.0, 15.0, 14.0, 11.0, 12.0, 10.0, 0.0, -14.0, 37.0, 10.0, 11.0, 11.0, -12.0, 10.0, 0.0]"
2,1791638781.7633507,"[-0.08712299999999118, 59.06352000000001, 59.590866000000005, 62.13970499999999, 0.0007679999999936626, 74.00498999999999, 38.936481000000015, 40.694300999999996, 0.08865900000000693, 56.42679000000001, 59.41508400000001, 62.13970499999999, 24.873920999999996, 95.01093900000001, 68.73152999999999, 55.811553]","[0.0, 3.0, 1.0, 1.0, 1.0, 0.0, 1.0, 1.0, 0.0, 1.0, 1.0, 3.0, 1.0, 1.0, 0.0, 0.0]","[-1.0, 21.0, 14.0, 16.0, 11.0, 13.0, 9.0, 0.0, -15.0, 46.0, 9.0, 11.0, 10.0, -12.0, 7.0, 0.0]"
2,1791638781.9839466,"[0.0007679999999936626, 59.590866000000005, 59.590866000000005, 63.37017900000001, 0.0007679999999936626, 74.00498999999999, 38.936481000000015, 40.694300999999996, 0.08865900000000693, 59.766648, 59.41508400000001, 63.19439700000001, 24.873920999999996, 95.01093900000001, 68.819421, 55.811553]","[2.0, 3.0, 1.0, 3.0, 1.0, 0.0, 1.0, 1.0, 0.0, 11.0, 1.0, 2.0, 1.0, 1.0, 1.0, 0.0]","[-8.0, 29.0, 14.0, 14.0, 11.0, 12.0, 10.0, 0.0, -14.0, 24.0, 9.0, 11.0, 12.0, -11.0, 4.0, 0.0]"
2,1791638782.2090392,"[-0.08712299999999118, 60.99712199999999, 59.766648, 64.249089, 0.0007679999999936626, 74.00498999999999, 38.936481000000015, 40.694300999999996, 0.08865900000000693, 61.085013000000004, 59.41508400000001, 63.897525, 24.873920999999996, 95.01093900000001, 68.819421, 55.811553]","[0.0, 4.0, 1.0, 1.0, 1.0, 0.0, 1.0, 1.0, 0.0, 1.0, 1.0, 1.0, 1.0, 1.0, 1.0, 0.0]","[-3.0, 24.0, 14.0, 14.0, 8.0, 13.0, 9.0, 0.0, -14.0, 26.0, 10.0, 11.0, 10.0, -11.0, 0.0, 0.0]"
2,1791638782.4347973,"[-0.08712299999999118, 62.403378000000004, 59.85453900000002, 65.30378100000001, 0.0007679999999936626, 74.00498999999999, 38.936481000000015, 40.694300999999996, 0.08865900000000693, 61.17290400000002, 59.41508400000001, 65.040108, 24.873920999999996, 95.01093900000001, 68.73152999999999, 55.811553]","[0.0, 3.0, 1.0, 2.0, 0.0, 0.0, 1.0, 1.0, 0.0, 1.0, 1.0, 2.0, 0.0, 1.0, 0.0, 0.0]","[-1.0, 22.0, 13.0, 14.0, 12.0, 13.0, 9.0, 0.0, -14.0, 31.0, 9.0, 10.0, 11.0, -12.0, 10.0, 0.0]"
2,1791638782.6562948,"[0.0007679999999936626, 63.45806999999999, 59.85453900000002, 66.44636400000002, 0.0007679999999936626, 74.00498999999999, 38.936481000000015, 40.694300999999996, 0.08865900000000693, 63.19439700000001, 59.41508400000001, 66.09479999999999, 24.873920999999996, 95.01093900000001, 68.73152999999999, 55.811553]","[1.0, 2.0, 1.0, 3.0, 1.0, 0.0, 1.0, 1.0, 1.0, 5.0, 1.0, 2.0, 0.0, 1.0, 1.0, 0.0]","[-8.0, 22.0, 13.0, 15.0, 11.0, 14.0, 9.0, 0.0, -15.0, 24.0, 9.0, 10.0, 11.0, -11.0, 10.0, 0.0]"
2,1791638782.8792841,"[0.0007679999999936626, 64.33698000000001, 59.85453900000002, 67.41316499999999, 0.0007679999999936626, 74.00498999999999, 38.936481000000015, 40.694300999999996, 0.08865900000000693, 63.63385199999999, 59.41508400000001, 67.14949200000001, 24.873920999999996, 95.01093900000001, 68.73152999999999, 55.811553]","[0.0, 1.0, 1.0, 3.0, 0.0, 0.0, 1.0, 1.0, 0.0, 1.0, 1.0, 3.0, 0.0, 1.0, 0.0, 0.0]","[-6.0, 21.0, 13.0, 14.0, 12.0, 13.0, 10.0, 0.0, -15.0, 28.0, 10.0, 10.0, 12.0, -11.0, 8.0, 0.0]"
2,1791638783.1040974,"[-0.08712299999999118, 65.47956300000001, 59.85453900000002, 68.379966, 0.0007679999999936626, 74.00498999999999, 38.936481000000015, 40.694300999999996, 0.08865900000000693, 64.600653, 59.41508400000001, 68.11629300000001, 24.873920999999996, 95.01093900000001, 68.73152999999999, 55.811553]","[0.0, 3.0, 1.0, 2.0, 1.0, 0.0, 1.0, 1.0, 0.0, 1.0, 1.0, 4.0, 1.0, 1.0, 0.0, 0.0]","[-3.0, 19.0, 13.0, 13.0, 12.0, 12.0, 9.0, 0.0, -14.0, 28.0, 9.0, 11.0, 10.0, -13.0, 7.0, 0.0]"
2,1791638783.3288202,"[-0.08712299999999118, 66.79792800000001, 59.85453900000002, 69.43465800000001, 0.08865900000000693, 74.00498999999999, 38.936481000000015, 40.694300999999996, 0.08865900000000693, 64.864326, 59.41508400000001, 68.90731199999999, 24.873920999999996, 95.01093900000001, 68.73152999999999, 55.811553]","[1.0, 3.0, 1.0, 2.0, 1.0, 0.0, 1.0, 1.0, 0.0, 1.0, 1.0, 1.0, 1.0, 1.0, 1.0, 0.0]","[-5.0, 20.0, 14.0, 15.0, 3.0, 13.0, 9.0, 0.0, -14.0, 33.0, 9.0, 11.0, 11.0, -12.0, 8.0, 0.0]"
2,1791638783.5551553,"[-0.08712299999999118, 67.58894699999999, 59.85453900000002, 70.137786, 0.0007679999999936626, 74.00498999999999, 38.936481000000015, 40.694300999999996, 0.08865900000000693, 64.864326, 59.41508400000001, 70.04989499999999, 24.873920999999996, 95.01093900000001, 68.73152999999999, 55.811553]","[1.0, 7.0, 1.0, 3.0, 0.0, 0.0, 1.0, 1.0, 0.0, 1.0, 1.0, 3.0, 1.0, 1.0, 0.0, 0.0]","[-5.0, 19.0, 14.0, 14.0, 11.0, 14.0, 9.0, 0.0, -13.0, 43.0, 10.0, 11.0, 10.0, -11.0, 10.0, 0.0]"
2,1791638783.776479,"[-0.08712299999999118, 68.90731199999999, 59.85453900000002, 71.456151, 0.0007679999999936626, 74.00498999999999, 38.936481000000015, 40.694300999999996, 0.17654999999999177, 67.061601, 59.41508400000001, 71.10458700000001, 24.873920999999996, 95.01093900000001, 68.819421, 55.811553]","[0.0, 2.0, 0.0, 3.0, 0.0, 0.0, 1.0, 1.0, 1.0, 8.0, 1.0, 2.0, 1.0, 1.0, 0.0, 1.0]","[-1.0, 18.0, 13.0, 14.0, 11.0, 13.0, 10.0, 0.0, -14.0, 29.0, 10.0, 10.0, 11.0, -11.0, 6.0, 0.0]"
2,1791638784.0019546,"[0.0007679999999936626, 69.522549, 59.85453900000002, 72.335061, 0.0007679999999936626, 74.00498999999999, 38.936481000000015, 40.694300999999996, 0.17654999999999177, 68.995203, 59.41508400000001, 72.07138800000001, 24.873920999999996, 95.01093900000001, 68.819421, 55.811553]","[1.0, 4.0, 0.0, 3.0, 0.0, 0.0, 1.0, 1.0, 1.0, 0.0, 1.0, 1.0, 0.0, 1.0, 1.0, 1.0]","[-4.0, 20.0, 14.0, 14.0, 11.0, 13.0, 10.0, 0.0, -14.0, 28.0, 10.0, 10.0, 10.0, -11.0, 0.0, 0.0]"
2,1791638784.2247295,"[-0.08712299999999118, 71.456151, 59.85453900000002, 73.301862, 0.08865900000000693, 74.00498999999999, 38.936481000000015, 40.694300999999996, 0.17654999999999177, 68.995203, 59.41508400000001, 72.950298, 24.873920999999996, 95.01093900000001, 68.819421, 55.811553]","[-1.0, 5.0, -1.0, 1.0, 1.0, 0.0, 1.0, 1.0, 1.0, 1.0, 1.0, 1.0, 0.0, 1.0, 1.0, 0.0]","[0.0, 16.0, 13.0, 14.0, 3.0, 12.0, 10.0, 0.0, -14.0, 32.0, 9.0, 11.0, 12.0, -12.0, 6.0, 0.0]"
2,1791638784.4511518,"[-0.08712299999999118, 72.42295200000001, 59.94243, 74.35655400000002, 0.08865900000000693, 74.00498999999999, 38.936481000000015, 40.694300999999996, 0.17654999999999177, 70.48935, 59.41508400000001, 73.91709900000001, 24.873920999999996, 95.01093900000001, 68.73152999999999, 55.811553]","[0.0, 3.0, 1.0, 1.0, 0.0, 0.0, 1.0, 1.0, 1.0, 3.0, 1.0, 2.0, 0.0, 1.0, 0.0, 0.0]","[-1.0, 17.0, 1.0, 14.0, 4.0, 13.0, 9.0, 0.0, -14.0, 30.0, 10.0, 12.0, 11.0, -11.0, 10.0, 0.0]"
2,1791638784.6723561,"[0.0007679999999936626, 73.477644, 59.85453900000002, 75.23546400000001, 0.08865900000000693, 74.00498999999999, 38.936481000000015, 40.694300999999996, 0.17654999999999177, 71.10458700000001, 59.41508400000001, 74.971791, 24.873920999999996, 95.01093900000001, 68.73152999999999, 55.811553]","[0.0, 3.0, 1.0, 1.0, 1.0, 0.0, 1.0, 1.0, 1.0, 1.0, 1.0, 1.0, 1.0, 1.0, -1.0, 0.0]","[-3.0, 16.0, 3.0, 14.0, 0.0, 12.0, 9.0, 0.0, -14.0, 31.0, 10.0, 11.0, 11.0, -11.0, 6.0, 0.0]"
2,1791638784.8958447,"[0.0007679999999936626, 74.444445, 59.94243, 76.37804699999998, 0.08865900000000693, 74.00498999999999, 38.936481000000015, 40.694300999999996, 0.17654999999999177, 72.07138800000001, 59.41508400000001, 75.938592, 24.873920999999996, 95.01093900000001, 68.819421, 55.811553]","[1.0, 2.0, 1.0, 2.0, 1.0, 0.0, 1.0, 1.0, 1.0, 1.0, 0.0, 1.0, 1.0, 1.0, 1.0, 0.0]","[-9.0, 17.0, 0.0, 13.0, 0.0, 14.0, 9.0, 0.0, -15.0, 32.0, 10.0, 11.0, 11.0, -12.0, 5.0, 0.0]"
2,1791638785.1230624,"[0.0007679999999936626, 75.67491900000002, 59.94243, 77.256957, 0.08865900000000693, 74.00498999999999, 38.936481000000015, 40.694300999999996, 0.17654999999999177, 72.86240699999999, 59.50297499999999, 76.905393, 24.873920999999996, 95.01093900000001, 68.73152999999999, 55.811553]","[0.0, 3.0, 0.0, 4.0, 1.0, 0.0, 1.0, 1.0, 1.0, 1.0, 1.0, 1.0, 0.0, 1.0, 0.0, 1.0]","[-3.0, 15.0, 0.0, 15.0, 0.0, 13.0, 9.0, 0.0, -14.0, 33.0, 10.0, 11.0, 11.0, -12.0, 8.0, -2.0]"
2,1791638785.3470716,"[0.0007679999999936626, 76.81750199999999, 59.94243, 78.13586700000002, 0.08865900000000693, 74.00498999999999, 38.936481000000015, 40.694300999999996, 0.17654999999999177, 73.56553500000001, 59.50297499999999, 77.96008499999999, 24.873920999999996, 95.01093900000001, 68.73152999999999, 55.811553]","[1.0, 2.0, 1.0, 1.0, 1.0, 0.0, 1.0, 1.0, 0.0, 1.0, 1.0, 4.0, 1.0, 1.0, 1.0, 0.0]","[-8.0, 16.0, 0.0, 15.0, 0.0, 13.0, 9.0, 0.0, -13.0, 36.0, 9.0, 11.0, 11.0, -12.0, 8.0, 0.0]"
2,1791638785.5709946,"[0.0007679999999936626, 77.87219399999998, 59.94243, 79.27845000000002, 0.08865900000000693, 74.00498999999999, 38.936481000000015, 40.694300999999996, 0.17654999999999177, 74.268663, 59.50297499999999, 78.83899500000001, 24.78603000000001, 95.01093900000001, 68.73152999999999, 55.811553]","[0.0, 3.0, 1.0, 3.0, 1.0, 0.0, 1.0, 1.0, 1.0, 1.0, 1.0, 3.0, 0.0, 1.0, 1.0, 0.0]","[-7.0, 15.0, 0.0, 14.0, 0.0, 12.0, 10.0, 0.0, -14.0, 38.0, 9.0, 11.0, 11.0, -11.0, 9.0, 0.0]"
2,1791638785.7950063,"[-0.08712299999999118, 78.92688600000002, 59.94243, 80.245251, 0.08865900000000693, 74.00498999999999, 38.936481000000015, 40.694300999999996, 0.17654999999999177, 74.35655400000002, 59.50297499999999, 79.80579599999999, 24.873920999999996, 95.01093900000001, 68.73152999999999, 55.811553]","[0.0, 3.0, 1.0, 4.0, 1.0, 0.0, 1.0, 1.0, 1.0, 1.0, 1.0, 1.0, 1.0, 1.0, 1.0, 0.0]","[-6.0, 15.0, 0.0, 14.0, 0.0, 13.0, 10.0, 0.0, -14.0, 46.0, 9.0, 10.0, 11.0, -11.0, 7.0, 0.0]"
2,1791638786.0171328,"[0.0007679999999936626, 80.15735999999998, 59.94243, 81.21205200000003, 0.08865900000000693, 74.00498999999999, 38.936481000000015, 40.694300999999996, 0.17654999999999177, 74.35655400000002, 59.50297499999999, 80.77259700000002, 24.873920999999996, 95.01093900000001, 68.73152999999999, 55.811553]","[1.0, 5.0, 1.0, 2.0, 1.0, 0.0, 1.0, 1.0, 1.0, 0.0, 1.0, 2.0, 1.0, 1.0, 0.0, 0.0]","[-8.0, 15.0, 0.0, 15.0, 0.0, 12.0, 10.0, 0.0, -15.0, 57.0, 9.0, 11.0, 11.0, -12.0, 6.0, 0.0]"
2,1791638786.2405825,"[-0.08712299999999118, 81.29994299999998, 59.94243, 82.26674400000002, 0.08865900000000693, 74.00498999999999, 38.936481000000015, 40.694300999999996, 0.17654999999999177, 76.114374, 59.50297499999999, 81.82728900000001, 24.873920999999996, 95.01093900000001, 68.73152999999999, 55.811553]","[0.0, 1.0, 1.0, 3.0, 1.0, 0.0, 1.0, 1.0, 0.0, 2.0, 1.0, 4.0, 1.0, 1.0, 1.0, 1.0]","[-3.0, 14.0, 0.0, 14.0, 0.0, 13.0, 9.0, 0.0, -14.0, 49.0, 9.0, 11.0, 10.0, -11.0, 9.0, 0.0]"
2,1791638786.4669979,"[0.0007679999999936626, 82.26674400000002, 59.94243, 83.14565399999998, -0.08712299999999118, 74.00498999999999, 38.936481000000015, 40.694300999999996, 0.17654999999999177, 80.15735999999998, 59.50297499999999, 82.79408999999998, 24.873920999999996, 95.01093900000001, 68.819421, 55.811553]","[1.0, 2.0, 1.0, 3.0, 0.0, 0.0, 1.0, 1.0, 2.0, 23.0, 1.0, 1.0, 1.0, 1.0, 1.0, 0.0]","[-7.0, 14.0, 0.0, 15.0, 11.0, 13.0, 10.0, 0.0, -14.0, 19.0, 10.0, 12.0, 10.0, -11.0, 0.0, 0.0]"
2,1791638786.690988,"[0.0007679999999936626, 83.40932700000002, 59.94243, 84.11245500000001, -0.08712299999999118, 74.00498999999999, 38.936481000000015, 40.694300999999996, 0.08865900000000693, 81.56361600000002, 59.50297499999999, 84.11245500000001, 24.873920999999996, 95.01093900000001, 68.819421, 55.811553]","[0.0, 2.0, 1.0, 1.0, 0.0, 0.0, 1.0, 1.0, 0.0, 1.0, 1.0, 1.0, 0.0, 1.0, 1.0, 1.0]","[-8.0, 15.0, 0.0, 15.0, 12.0, 14.0, 10.0, 0.0, -14.0, 23.0, 9.0, 10.0, 11.0, -12.0, 5.0, 0.0]"
2,1791638786.9148943,"[-0.08712299999999118, 84.55191000000002, 59.94243, 85.25503800000001, -0.08712299999999118, 74.00498999999999, 38.936481000000015, 40.694300999999996, 0.17654999999999177, 82.530417, 59.50297499999999, 85.25503800000001, 24.873920999999996, 95.01093900000001, 68.73152999999999, 55.811553]","[1.0, 3.0, 1.0, 2.0, 0.0, 0.0, 1.0, 1.0, 1.0, 2.0, 1.0, 3.0, 0.0, 1.0, 1.0, 1.0]","[-7.0, 13.0, 0.0, 14.0, 12.0, 12.0, 9.0, 0.0, -14.0, 20.0, 9.0, 10.0, 11.0, -12.0, 1.0, 0.0]"
2,1791638787.1360364,"[0.0007679999999936626, 85.60660200000001, 59.94243, 86.30973, -0.08712299999999118, 74.00498999999999, 38.936481000000015, 40.694300999999996, 0.08865900000000693, 83.321436, 59.50297499999999, 86.13394799999998, 24.873920999999996, 95.01093900000001, 68.73152999999999, 55.811553]","[1.0, 1.0, 1.0, 3.0, 0.0, 0.0, 1.0, 1.0, 0.0, 2.0, 0.0, 2.0, 1.0, 1.0, 0.0, 0.0]","[-6.0, 12.0, 0.0, 14.0, 11.0, 13.0, 9.0, 0.0, -15.0, 20.0, 9.0, 10.0, 11.0, -11.0, 10.0, 0.0]"
2,1791638787.3596487,"[0.0007679999999936626, 86.74918500000001, 59.94243, 87.18864000000002, -0.08712299999999118, 74.00498999999999, 38.936481000000015, 40.694300999999996, 0.17654999999999177, 83.93667299999998, 59.590866000000005, 87.012858, 24.873920999999996, 95.01093900000001, 68.819421, 55.811553]","[1.0, 1.0, 1.0, 2.0, 0.0, 0.0, 1.0, 1.0, 1.0, 1.0, 0.0, 1.0, 1.0, 1.0, 1.0, 0.0]","[-7.0, 12.0, 0.0, 14.0, 11.0, 13.0, 9.0, 0.0, -15.0, 27.0, 9.0, 11.0, 11.0, -11.0, 0.0, 0.0]"
2,1791638787.5834918,"[-0.08712299999999118, 87.62809500000003, 59.94243, 87.97965900000003, -0.08712299999999118, 74.00498999999999, 38.936481000000015, 40.694300999999996, 0.08865900000000693, 84.99136500000003, 59.590866000000005, 87.97965900000003, 24.873920999999996, 95.01093900000001, 68.73152999999999, 55.811553]","[1.0, 3.0, 1.0, 1.0, 0.0, 0.0, 1.0, 1.0, 0.0, 3.0, 1.0, 3.0, 1.0, 1.0, 1.0, 1.0]","[-2.0, 13.0, 0.0, 16.0, 12.0, 13.0, 10.0, 0.0, -14.0, 25.0, 9.0, 10.0, 11.0, -12.0, 7.0, 0.0]"
2,1791638787.8107846,"[-0.08712299999999118, 88.77067799999998, 59.94243, 89.03435100000002, -0.08712299999999118, 74.00498999999999, 38.936481000000015, 40.694300999999996, 0.08865900000000693, 86.22183899999999, 59.590866000000005, 89.12224200000003, 24.873920999999996, 95.01093900000001, 68.73152999999999, 55.811553]","[1.0, 4.0, 1.0, 2.0, 0.0, 0.0, 1.0, 1.0, 1.0, 4.0, 0.0, 3.0, 0.0, 1.0, 1.0, 0.0]","[-5.0, 12.0, 0.0, 14.0, 11.0, 13.0, 9.0, 0.0, -14.0, 23.0, 9.0, 9.0, 11.0, -11.0, 7.0, 0.0]"
2,1791638788.0348344,"[-0.08712299999999118, 90.17693400000002, 59.94243, 89.03435100000002, -0.08712299999999118, 74.00498999999999, 38.936481000000015, 40.694300999999996, 0.08865900000000693, 86.30973, 59.50297499999999, 89.12224200000003, 24.873920999999996, 95.01093900000001, 68.73152999999999, 55.811553]","[1.0, 4.0, 1.0, 1.0, 0.0, 0.0, 1.0, 1.0, 0.0, 1.0, 0.0, 1.0, 1.0, 1.0, 1.0, 0.0]","[-1.0, 12.0, 0.0, 15.0, 11.0, 12.0, 9.0, 0.0, -14.0, 31.0, 9.0, 11.0, 11.0, -12.0, 4.0, 0.0]"
2,1791638788.2549477,"[-0.08712299999999118, 91.05584399999998, 59.94243, 89.03435100000002, -0.08712299999999118, 74.00498999999999, 38.936481000000015, 40.694300999999996, 0.08865900000000693, 87.89176800000001, 59.590866000000005, 89.47380600000002, 24.873920999999996, 95.01093900000001, 68.73152999999999, 55.811553]","[0.0, 2.0, 1.0, 1.0, 0.0, 0.0, 1.0, 1.0, 0.0, 5.0, 1.0, 3.0, 0.0, 1.0, 1.0, 0.0]","[0.0, 12.0, 0.0, 14.0, 11.0, 13.0, 9.0, 0.0, -14.0, 28.0, 9.0, 10.0, 11.0, -11.0, 9.0, 0.0]"
2,1791638788.48273,"[-0.08712299999999118, 92.11053600000002, 59.94243, 89.03435100000002, -0.08712299999999118, 74.00498999999999, 38.936481000000015, 40.694300999999996, 0.08865900000000693, 88.77067799999998, 59.590866000000005, 89.56169699999998, 24.873920999999996, 95.01093900000001, 68.73152999999999, 55.811553]","[0.0, 0.0, 1.0, 1.0, 0.0, 0.0, 1.0, 1.0, 0.0, 1.0, 1.0, 1.0, 0.0, 1.0, 1.0, 0.0]","[0.0, 12.0, 0.0, 15.0, 12.0, 13.0, 10.0, 0.0, -14.0, 28.0, 9.0, 10.0, 11.0, -11.0, 5.0, 0.0]"
2,1791638788.7041733,"[-0.08712299999999118, 92.19842699999998, 59.94243, 89.03435100000002, -0.08712299999999118, 74.00498999999999, 38.936481000000015, 40.694300999999996, 0.08865900000000693, 88.77067799999998, 59.590866000000005, 89.649588, 24.873920999999996, 95.01093900000001, 68.73152999999999, 55.811553]","[0.0, 1.0, 1.0, 1.0, 0.0, 0.0, 1.0, 1.0, 0.0, 1.0, 1.0, 0.0, 0.0, 1.0, 1.0, 0.0]","[0.0, 15.0, 0.0, 15.0, 11.0, 14.0, 9.0, 0.0, -14.0, 35.0, 9.0, 9.0, 11.0, -11.0, 6.0, 0.0]"
2,1791638788.926662,"[-0.08712299999999118, 92.54999099999998, 59.94243, 89.21013299999998, -0.08712299999999118, 74.00498999999999, 38.936481000000015, 40.694300999999996, 0.08865900000000693, 88.77067799999998, 59.590866000000005, 89.649588, 24.873920999999996, 95.01093900000001, 68.73152999999999, 55.811553]","[1.0, 1.0, 1.0, 1.0, 0.0, 0.0, 1.0, 1.0, 0.0, 1.0, 1.0, 1.0, 1.0, 1.0, 1.0, 0.0]","[4.0, 19.0, 0.0, 14.0, 11.0, 13.0, 9.0, 0.0, -15.0, 43.0, 9.0, 10.0, 10.0, -12.0, 7.0, 0.0]"
3,1791638790.9431632,"[-0.08712299999999118, -5.184800999999993, -1.229705999999993, -0.35079600000000255, -0.08712299999999118, -5.009018999999995, 0.08865900000000693, -0.2629049999999893, 0.0007679999999936626, -5.272692000000006, -1.053923999999995, 0.0007679999999936626, -2.28439800000001, 178.33160700000002, 40.166955, 25.840722]","[1.0, 1.0, 0.0, 0.0, 0.0, 0.0, 0.0, 1.0, 0.0, 1.0, 1.0, 0.0, 0.0, 1.0, 0.0, 0.0]","[0.0, 33.0, 16.0, 12.0, 0.0, 33.0, -10.0, 9.0, -13.0, 35.0, 11.0, -9.0, 16.0, 15.0, -11.0, -16.0]"
3,1791638791.1705296,"[-0.5265780000000007, -4.833236999999997, -0.790251000000012, -0.08712299999999118, -0.08712299999999118, -4.92112800000001, 0.6160050000000012, -0.08712299999999118, 0.7917869999999994, -4.92112800000001, -0.9660330000000101, 0.26444100000000503, -2.28439800000001, 177.98004300000002, 40.254846000000015, 25.928613000000013]","[0.0, 1.0, 2.0, 1.0, 0.0, 1.0, 0.0, 1.0, 2.0, 1.0, 1.0, 2.0, 0.0, 0.0, 1.0, 1.0]","[-9.0, 47.0, 18.0, 16.0, 0.0, 47.0, 10.0, 12.0, 14.0, 51.0, 14.0, 11.0, 20.0, -13.0, 11.0, 12.0]"
3,1791638791.394489,"[-1.4054879999999912, -4.305891000000003, -0.08712299999999118, 0.44022300000000314, -0.08712299999999118, -3.7785450000000083, 1.2312420000000088, 0.17654999999999177, 0.7917869999999994, -4.92112800000001, -0.6144689999999855, 0.26444100000000503, -2.196506999999997, 177.62847900000003, 40.518519, 26.368067999999994]","[0.0, 1.0, 4.0, 1.0, 0.0, 1.0, 1.0, 1.0, 1.0, 1.0, 1.0, 1.0, 0.0, 0.0, 1.0, 1.0]","[-10.0, 59.0, 19.0, 16.0, 0.0, 56.0, 11.0, 14.0, 16.0, 74.0, 16.0, 14.0, 26.0, -24.0, 14.0, 14.0]"
3,1791638791.6170535,"[-2.548070999999993, -1.229705999999993, 0.8796780000000126, 1.582806000000005, -0.08712299999999118, -2.196506999999997, 2.0222610000000145, 1.407024000000007, 2.813279999999992, -1.9328339999999855, 0.26444100000000503, 1.0554600000000107, -2.196506999999997, 176.92535099999998, 41.309538, 27.159087]","[-1.0, 7.0, 1.0, 1.0, 0.0, 5.0, 1.0, 1.0, 3.0, 6.0, 1.0, 1.0, 1.0, 0.0, 4.0, 1.0]","[-9.0, 48.0, 19.0, 17.0, 0.0, 60.0, 12.0, 13.0, 14.0, 62.0, 16.0, 14.0, 34.0, -40.0, 13.0, 14.0]"
3,1791638791.8401103,"[-3.426981000000012, 0.3523319999999899, 1.7585880000000031, 2.4617159999999956, -0.08712299999999118, 0.17654999999999177, 2.6374979999999937, 2.1980430000000126, 2.901171000000005, 0.08865900000000693, 1.407024000000007, 1.0554600000000107, -2.196506999999997, 173.40971100000002, 42.188447999999994, 28.03799699999999]","[0.0, 2.0, 1.0, 2.0, 0.0, 7.0, 1.0, 2.0, 1.0, 1.0, 3.0, 1.0, 1.0, -5.0, 1.0, 1.0]","[-9.0, 54.0, 20.0, 17.0, 0.0, 55.0, 13.0, 12.0, 16.0, 63.0, 17.0, 17.0, 41.0, -33.0, 14.0, 15.0]"
3,1791638792.0664217,"[-4.481673000000001, 2.0222610000000145, 2.813279999999992, 3.6042989999999975, -0.08712299999999118, 1.7585880000000031, 3.4285169999999994, 3.2527350000000013, 4.6589910000000145, 0.08865900000000693, 2.1101519999999994, 3.076953000000003, -1.053923999999995, 169.981962, 43.06735800000001, 29.268471000000005]","[-2.0, 9.0, 3.0, 3.0, 0.0, 2.0, 1.0, 2.0, 2.0, 1.0, 3.0, 5.0, 12.0, -6.0, 1.0, 2.0]","[-9.0, 53.0, 19.0, 16.0, 0.0, 62.0, 13.0, 13.0, 14.0, 89.0, 17.0, 13.0, 33.0, -31.0, 13.0, 15.0]"
3,1791638792.2871883,"[-5.360582999999991, 4.043754000000007, 3.7800809999999956, 4.483208999999988, -0.08712299999999118, 3.7800809999999956, 4.395318000000003, 4.30742699999999, 5.713683000000003, 4.395318000000003, 2.3738250000000107, 4.043754000000007, 0.7038960000000145, 168.487815, 44.473614, 29.268471000000005]","[0.0, 0.0, 3.0, 2.0, 0.0, 3.0, 2.0, 1.0, 2.0, 11.0, 2.0, 1.0, 1.0, 0.0, 3.0, 1.0]","[-10.0, 59.0, 20.0, 17.0, 0.0, 58.0, 13.0, 13.0, 14.0, 53.0, 19.0, 14.0, 32.0, -43.0, 12.0, 15.0]"
3,1791638792.5136588,"[-5.975819999999999, 5.889465000000001, 4.834773000000013, 5.62579199999999, -0.08712299999999118, 6.065246999999999, 5.362119000000007, 5.274227999999994, 6.328920000000011, 5.9773560000000145, 4.219536000000005, 4.9226639999999975, 1.6706969999999899, 164.88428399999998, 45.528306000000015, 29.268471000000005]","[0.0, 3.0, 4.0, 3.0, 0.0, 5.0, 3.0, 2.0, 5.0, 1.0, 3.0, 1.0, 1.0, -8.0, 2.0, 1.0]","[-11.0, 61.0, 19.0, 16.0, 0.0, 61.0, 13.0, 13.0, 14.0, 62.0, 16.0, 15.0, 34.0, -37.0, 13.0, 15.0]"
3,1791638792.73802,"[-7.2062939999999855, 8.701977, 5.889465000000001, 5.801573999999988, -0.08712299999999118, 6.153138000000013, 6.328920000000011, 6.328920000000011, 7.735175999999996, 8.438303999999988, 4.834773000000013, 6.2410289999999975, 2.725389000000007, 161.632317, 46.67088899999999, 29.268471000000005]","[-2.0, 6.0, 2.0, 1.0, 0.0, 1.0, 4.0, 3.0, 3.0, 5.0, 5.0, 3.0, 5.0, -6.0, 3.0, 1.0]","[-10.0, 52.0, 20.0, 19.0, 0.0, 80.0, 14.0, 14.0, 14.0, 57.0, 17.0, 13.0, 32.0, -38.0, 14.0, 15.0]"
3,1791638792.9594889,"[-8.260986000000003, 10.108233000000013, 6.065246999999999, 7.647285000000011, -0.08712299999999118, 10.108233000000013, 7.207830000000001, 7.383611999999999, 7.735175999999996, 9.668778000000003, 6.2410289999999975, 7.207830000000001, 3.6042989999999975, 158.46824099999998, 47.37401700000001, 29.268471000000005]","[-2.0, 1.0, 4.0, 3.0, 0.0, 7.0, 1.0, 1.0, 1.0, 1.0, 3.0, 1.0, 0.0, -3.0, 3.0, 1.0]","[-10.0, 59.0, 23.0, 16.0, 0.0, 58.0, 14.0, 13.0, 16.0, 66.0, 16.0, 14.0, 33.0, -38.0, 13.0, 15.0]"
3,1791638793.1835725,"[-9.315677999999991, 12.393398999999988, 7.998849000000007, 8.614086000000015, -0.08712299999999118, 11.426598000000013, 8.26252199999999, 8.526195000000001, 9.668778000000003, 9.668778000000003, 7.119938999999988, 7.735175999999996, 4.746881999999999, 155.83151099999998, 48.34081800000001, 29.268471000000005]","[0.0, 3.0, 4.0, 1.0, 0.0, 1.0, 2.0, 3.0, 3.0, 1.0, 3.0, 5.0, 3.0, -2.0, 1.0, 1.0]","[-10.0, 58.0, 19.0, 16.0, 0.0, 65.0, 14.0, 13.0, 13.0, 94.0, 17.0, 14.0, 30.0, -38.0, 13.0, 14.0]"
3,1791638793.4102778,"[-10.19458800000001, 13.448091000000005, 8.789868000000013, 9.58088699999999, -0.08712299999999118, 13.272309000000007, 9.229322999999994, 9.405104999999992, 10.635579000000007, 13.799655000000001, 7.2957210000000146, 9.317214000000007, 6.065246999999999, 152.931108, 49.571292, 29.268471000000005]","[0.0, 1.0, 4.0, 2.0, 0.0, 9.0, 1.0, 2.0, 1.0, 19.0, 2.0, 4.0, 3.0, -5.0, 4.0, 1.0]","[-10.0, 68.0, 19.0, 16.0, 0.0, 61.0, 15.0, 12.0, 14.0, 54.0, 19.0, 14.0, 29.0, -38.0, 12.0, 14.0]"
3,1791638793.6320896,"[-10.985606999999987, 16.260603000000003, 9.932451000000015, 10.723469999999992, -0.08712299999999118, 15.996929999999992, 10.28401500000001, 10.371905999999996, 11.60238000000001, 14.23911000000001, 9.141432000000009, 10.108233000000013, 6.768374999999992, 150.47016000000002, 50.362311000000005, 29.268471000000005]","[-2.0, 9.0, 4.0, 3.0, 0.0, 5.0, 2.0, 3.0, 2.0, 0.0, 3.0, 2.0, 4.0, 0.0, 1.0, 1.0]","[-10.0, 54.0, 20.0, 17.0, 0.0, 57.0, 15.0, 13.0, 14.0, 85.0, 16.0, 14.0, 29.0, -44.0, 14.0, 15.0]"
3,1791638793.8547492,"[-12.216081000000003, 18.018423000000013, 10.811361000000005, 11.338707, -0.08712299999999118, 15.996929999999992, 10.987143000000003, 11.250816000000015, 12.657072, 14.23911000000001, 9.668778000000003, 11.075033999999988, 8.174631000000005, 147.393975, 51.50489400000001, 29.268471000000005]","[-3.0, 5.0, 3.0, 4.0, 0.0, 1.0, 5.0, 3.0, 2.0, 1.0, 1.0, 2.0, 3.0, -6.0, 4.0, 1.0]","[-9.0, 58.0, 19.0, 16.0, 0.0, 81.0, 13.0, 14.0, 14.0, 114.0, 18.0, 13.0, 30.0, -41.0, 13.0, 14.0]"
3,1791638794.0822587,"[-13.182882000000006, 20.39148, 11.778162000000009, 12.744963000000013, -0.08712299999999118, 20.039916000000005, 12.21761699999999, 12.393398999999988, 13.623873000000003, 20.215698000000003, 10.987143000000003, 12.129726000000005, 9.141432000000009, 143.966226, 52.559585999999996, 29.268471000000005]","[-2.0, 6.0, 1.0, 4.0, 1.0, 8.0, 1.0, 1.0, 1.0, 9.0, 1.0, 3.0, 1.0, -8.0, 4.0, 1.0]","[-9.0, 54.0, 20.0, 16.0, -5.0, 53.0, 14.0, 13.0, 14.0, 58.0, 16.0, 13.0, 32.0, -36.0, 13.0, 14.0]"
3,1791638794.303419,"[-14.237573999999995, 22.237190999999996, 12.832853999999998, 12.744963000000013, -0.08712299999999118, 20.303588999999988, 13.272309000000007, 13.53598199999999, 14.678564999999992, 20.303588999999988, 11.866052999999994, 13.184417999999994, 9.141432000000009, 140.977932, 53.438496000000015, 29.268471000000005]","[0.0, 1.0, 3.0, 1.0, 1.0, 3.0, 1.0, 3.0, 3.0, 1.0, 1.0, 2.0, 1.0, 0.0, 2.0, 1.0]","[-10.0, 59.0, 18.0, 18.0, 0.0, 72.0, 13.0, 13.0, 13.0, 83.0, 18.0, 14.0, 37.0, -40.0, 13.0, 15.0]"
3,1791638794.5295534,"[-15.292266000000012, 23.995011000000005, 13.887546000000015, 14.502782999999994, -0.08712299999999118, 24.346575, 14.327000999999996, 14.414892000000009, 15.645365999999996, 24.610248000000013, 12.92074500000001, 13.887546000000015, 11.426598000000013, 137.63807400000002, 54.493188, 29.268471000000005]","[-1.0, 4.0, 1.0, 1.0, 1.0, 6.0, 2.0, 1.0, 1.0, 9.0, 7.0, 1.0, 6.0, -5.0, 3.0, 1.0]","[-10.0, 54.0, 19.0, 17.0, -3.0, 54.0, 13.0, 14.0, 14.0, 54.0, 16.0, 15.0, 27.0, -35.0, 12.0, 14.0]"
3,1791638794.7530935,"[-16.434848999999986, 26.455959000000007, 14.85434699999999, 15.55747500000001, -0.08712299999999118, 26.016503999999998, 15.381693000000013, 15.821147999999994, 16.787948999999998, 26.807523000000003, 13.975437, 15.030128999999988, 11.866052999999994, 134.29821600000002, 55.635771000000005, 29.268471000000005]","[-2.0, 13.0, 2.0, 3.0, 0.0, 1.0, 1.0, 3.0, 3.0, 4.0, 1.0, 2.0, 1.0, -5.0, 1.0, 1.0]","[-10.0, 45.0, 19.0, 16.0, 0.0, 62.0, 14.0, 12.0, 12.0, 50.0, 17.0, 13.0, 30.0, -32.0, 12.0, 15.0]"
3,1791638794.978226,"[-17.40164999999999, 28.829015999999996, 15.909039000000007, 16.524276000000015, -0.08712299999999118, 28.389561000000015, 16.524276000000015, 16.787948999999998, 17.666858999999988, 28.565343000000013, 15.118020000000001, 15.996929999999992, 13.272309000000007, 130.95835799999998, 56.60257200000001, 29.268471000000005]","[-2.0, 3.0, 1.0, 3.0, 0.0, 3.0, 3.0, 1.0, 1.0, 1.0, 3.0, 1.0, 1.0, -3.0, 1.0, 1.0]","[-10.0, 51.0, 19.0, 16.0, 0.0, 53.0, 13.0, 13.0, 14.0, 54.0, 17.0, 14.0, 29.0, -31.0, 12.0, 15.0]"
3,1791638795.4386785,"[-18.807906000000003, 31.289963999999998, 17.139512999999994, 17.403186000000005, 0.0007679999999936626, 29.883708000000013, 17.75475, 17.75475, 18.633659999999992, 28.565343000000013, 16.084821000000005, 17.227404000000007, 14.327000999999996, 127.61849999999998, 57.74515500000001, 29.35636199999999]","[0.0, 1.0, 1.0, 1.0, 0.0, 1.0, 1.0, 1.0, 1.0, 1.0, 1.0, 1.0, 1.0, 1.0, 0.0, 1.0]","[-9.0, 47.0, 18.0, 17.0, -6.0, 65.0, 12.0, 13.0, 13.0, 81.0, 17.0, 13.0, 26.0, -30.0, 13.0, 15.0]"
3,1791638795.6631637,"[-19.59892500000001, 31.55363700000001, 18.018423000000013, 18.457877999999994, 0.0007679999999936626, 32.432547, 18.36998700000001, 18.721551000000005, 19.600460999999996, 32.959892999999994, 17.315294999999992, 17.578968000000003, 15.381693000000013, 125.069661, 58.88773800000001, 29.35636199999999]","[-3.0, 3.0, 1.0, 4.0, 0.0, 8.0, 1.0, 3.0, 3.0, 16.0, 2.0, 6.0, 1.0, -3.0, 4.0, 1.0]","[-9.0, 62.0, 19.0, 15.0, -12.0, 53.0, 13.0, 12.0, 14.0, 47.0, 15.0, 14.0, 28.0, -32.0, 12.0, 15.0]"
3,1791638795.8902025,"[-20.565726000000012, 35.420840999999996, 19.248897, 19.51257000000001, 0.0007679999999936626, 34.45403999999999, 19.336788000000013, 19.68835200000001, 20.655153000000013, 33.13567499999999, 18.545769000000007, 19.073115, 15.381693000000013, 122.69660399999998, 59.94243, 29.35636199999999]","[-1.0, 7.0, 2.0, 2.0, 0.0, 3.0, 3.0, 1.0, 1.0, 1.0, 3.0, 1.0, 1.0, -1.0, 3.0, 1.0]","[-9.0, 42.0, 17.0, 17.0, -12.0, 56.0, 14.0, 12.0, 13.0, 70.0, 15.0, 14.0, 29.0, -36.0, 11.0, 15.0]"
3,1791638796.1107943,"[-21.7962, 37.09076999999999, 20.303588999999988, 20.39148, 0.0007679999999936626, 36.739205999999996, 20.215698000000003, 20.655153000000013, 21.885627, 33.13567499999999, 19.424678999999998, 20.215698000000003, 15.381693000000013, 118.82940000000002, 60.909231000000005, 29.35636199999999]","[-1.0, 6.0, 3.0, 5.0, 1.0, 8.0, 1.0, 1.0, 3.0, 1.0, 3.0, 1.0, 1.0, -5.0, 2.0, 1.0]","[-9.0, 45.0, 17.0, 16.0, -12.0, 45.0, 14.0, 13.0, 14.0, 99.0, 15.0, 12.0, 29.0, -31.0, 12.0, 14.0]"
3,1791638796.3381476,"[-22.763001000000003, 39.46382700000001, 21.44617199999999, 21.709845, 0.0007679999999936626, 38.84859, 21.094607999999994, 21.709845, 22.412972999999994, 39.375935999999996, 20.655153000000013, 21.270389999999992, 15.381693000000013, 115.48954200000003, 61.963922999999994, 29.35636199999999]","[0.0, 7.0, 3.0, 2.0, 1.0, 5.0, 1.0, 3.0, 1.0, 11.0, 2.0, 3.0, 1.0, -5.0, 3.0, 1.0]","[-9.0, 41.0, 17.0, 16.0, -12.0, 48.0, 15.0, 13.0, 14.0, 44.0, 14.0, 13.0, 28.0, -29.0, 12.0, 14.0]"
3,1791638796.5580077,"[-23.905584000000005, 41.39742899999999, 22.500864000000007, 22.32508200000001, 0.0007679999999936626, 41.04586499999999, 21.973518000000013, 22.76453699999999, 23.907119999999992, 41.92477500000001, 21.621953999999988, 22.32508200000001, 15.381693000000013, 112.41335700000002, 62.84283300000001, 29.35636199999999]","[0.0, 1.0, 1.0, 7.0, 1.0, 8.0, 2.0, 1.0, 4.0, 5.0, 3.0, 1.0, 1.0, -3.0, 1.0, 1.0]","[-9.0, 42.0, 17.0, 16.0, -11.0, 44.0, 15.0, 13.0, 13.0, 40.0, 15.0, 13.0, 29.0, -28.0, 11.0, 15.0]"
3,1791638796.7825408,"[-24.87238500000001, 43.85837699999999, 23.379773999999998, 23.555555999999996, 0.0007679999999936626, 43.59470400000001, 22.676646000000005, 23.555555999999996, 24.873920999999996, 42.012665999999996, 22.76453699999999, 22.940318999999988, 15.381693000000013, 109.249281, 64.073307, 29.35636199999999]","[-1.0, 9.0, 1.0, 3.0, 1.0, 5.0, 1.0, 1.0, 1.0, 1.0, 2.0, 2.0, 1.0, -3.0, 3.0, 1.0]","[-8.0, 38.0, 17.0, 15.0, -11.0, 44.0, 15.0, 13.0, 13.0, 63.0, 14.0, 14.0, 29.0, -27.0, 12.0, 14.0]"
3,1791638797.0083275,"[-25.927076999999997, 46.143542999999994, 24.258683999999988, 24.698138999999998, 0.0007679999999936626, 45.87987000000001, 23.731337999999994, 24.78603000000001, 25.840722, 46.31932499999999, 23.64344700000001, 24.258683999999988, 15.381693000000013, 105.909423, 64.864326, 29.35636199999999]","[-2.0, 4.0, 1.0, 4.0, 1.0, 9.0, 3.0, 1.0, 1.0, 11.0, 1.0, 3.0, 1.0, -6.0, 2.0, 1.0]","[0.0, 40.0, 17.0, 15.0, -12.0, 36.0, 15.0, 12.0, 13.0, 36.0, 15.0, 12.0, 27.0, -22.0, 12.0, 14.0]"
3,1791638797.2340443,"[-26.981768999999986, 48.34081800000001, 25.40126699999999, 25.577048999999988, 0.0007679999999936626, 47.901363, 24.96181200000001, 25.752831000000015, 26.983305, 47.901363, 24.873920999999996, 25.577048999999988, 15.381693000000013, 102.65745600000002, 66.09479999999999, 29.35636199999999]","[-1.0, 6.0, 3.0, 2.0, 1.0, 2.0, 5.0, 1.0, 1.0, 4.0, 2.0, 3.0, 1.0, -4.0, 4.0, 1.0]","[0.0, 35.0, 18.0, 16.0, -12.0, 42.0, 14.0, 12.0, 0.0, 42.0, 14.0, 12.0, 27.0, -21.0, 12.0, 14.0]"
3,1791638797.4549482,"[-27.94856999999999, 50.362311000000005, 26.28017700000001, 26.71963199999999, 0.0007679999999936626, 50.098637999999994, 25.840722, 26.895413999999988, 27.950106000000005, 50.889657, 26.016503999999998, 26.455959000000007, 15.645365999999996, 99.22970700000002, 67.14949200000001, 29.35636199999999]","[0.0, 1.0, 1.0, 2.0, 1.0, 6.0, 1.0, 3.0, 1.0, 8.0, 4.0, 1.0, 1.0, -3.0, 2.0, 1.0]","[0.0, 37.0, 17.0, 16.0, -12.0, 41.0, 15.0, 12.0, 0.0, 31.0, 13.0, 12.0, 25.0, -19.0, 11.0, 14.0]"
3,1791638797.6800013,"[-28.82748000000001, 52.735367999999994, 27.334868999999998, 27.774324000000007, 0.0007679999999936626, 52.47169500000001, 27.071196000000015, 27.42276000000001, 29.092689000000007, 52.29591300000001, 26.895413999999988, 27.774324000000007, 15.996929999999992, 95.80195800000001, 68.29207500000001, 29.35636199999999]","[0.0, 7.0, 2.0, 4.0, 1.0, 6.0, 1.0, 1.0, 0.0, 2.0, 1.0, 4.0, 3.0, -2.0, 2.0, 1.0]","[-9.0, 30.0, 18.0, 15.0, -12.0, 35.0, 15.0, 12.0, -7.0, 38.0, 15.0, 11.0, 25.0, -18.0, 12.0, 14.0]"
3,1791638797.906016,"[-29.97006300000001, 55.28420700000001, 28.30167, 28.829015999999996, 0.0007679999999936626, 54.66897, 28.213778999999988, 28.565343000000013, 30.05949000000001, 54.93264300000001, 28.125888000000003, 28.74112500000001, 16.260603000000003, 92.725773, 69.08309400000002, 29.35636199999999]","[-3.0, 5.0, 1.0, 1.0, 0.0, 7.0, 1.0, 1.0, 1.0, 8.0, 3.0, 3.0, 1.0, -4.0, 1.0, 1.0]","[-1.0, 30.0, 17.0, 15.0, -11.0, 34.0, 14.0, 12.0, 0.0, 31.0, 13.0, 12.0, 26.0, -17.0, 11.0, 14.0]"
3,1791638798.1269264,"[-30.936863999999986, 57.3057, 29.35636199999999, 29.883708000000013, 0.0007679999999936626, 56.86624499999999, 29.444253000000003, 29.795817, 31.114182, 56.338899, 29.092689000000007, 29.795817, 16.260603000000003, 90.00115199999999, 70.313568, 29.35636199999999]","[0.0, 5.0, 2.0, 3.0, 0.0, 4.0, 3.0, 1.0, 1.0, -1.0, 3.0, 1.0, 1.0, -4.0, 3.0, 1.0]","[0.0, 31.0, 17.0, 15.0, -10.0, 32.0, 14.0, 12.0, -13.0, 37.0, 13.0, 11.0, 25.0, -20.0, 11.0, 15.0]"
3,1791638798.3538878,"[-31.991556000000003, 59.50297499999999, 30.498944999999992, 30.9384, 0.0007679999999936626, 59.06352000000001, 30.586836000000005, 30.762618000000003, 32.080983, 56.42679000000001, 29.971598999999998, 30.850508999999988, 16.260603000000003, 86.74918500000001, 71.456151, 29.35636199999999]","[-1.0, 3.0, 1.0, 1.0, 0.0, 4.0, 2.0, 1.0, 0.0, 1.0, 2.0, 3.0, 1.0, -6.0, 4.0, 1.0]","[0.0, 27.0, 17.0, 15.0, -12.0, 30.0, 13.0, 12.0, 0.0, 57.0, 14.0, 12.0, 25.0, -17.0, 11.0, 14.0]"
3,1791638798.5754888,"[-32.95835700000001, 61.436577, 31.55363700000001, 31.905201000000005, 0.0007679999999936626, 61.52446800000001, 31.729419000000007, 31.905201000000005, 33.04778400000001, 61.348686000000015, 31.114182, 31.817309999999992, 16.260603000000003, 83.84878200000003, 71.89560600000002, 29.35636199999999]","[0.0, 7.0, 4.0, 2.0, 0.0, 4.0, 2.0, 1.0, 1.0, 13.0, 3.0, 4.0, 1.0, -2.0, 1.0, 1.0]","[0.0, 25.0, 17.0, 14.0, -12.0, 27.0, 12.0, 12.0, -3.0, 27.0, 12.0, 12.0, 25.0, -18.0, 12.0, 13.0]"
3,1791638798.801743,"[-34.013048999999995, 64.073307, 32.608329, 32.959892999999994, 0.0007679999999936626, 63.80963400000002, 32.784110999999996, 32.87200200000001, 34.01458500000001, 63.80963400000002, 32.344656000000015, 32.608329, 16.260603000000003, 82.881981, 72.07138800000001, 29.35636199999999]","[-1.0, 5.0, 2.0, 3.0, 0.0, 5.0, 3.0, 2.0, 0.0, 3.0, 4.0, 2.0, 1.0, -1.0, 1.0, 1.0]","[0.0, 24.0, 16.0, 16.0, -12.0, 24.0, 12.0, 12.0, -1.0, 25.0, 12.0, 11.0, 27.0, -17.0, 14.0, 14.0]"
3,1791638799.0243661,"[-35.06774100000001, 66.182691, 33.750912, 34.01458500000001, 0.08865900000000693, 66.182691, 34.01458500000001, 34.01458500000001, 35.069277, 65.919018, 33.48723899999999, 33.663021000000015, 16.17271199999999, 82.70619900000003, 72.335061, 29.35636199999999]","[0.0, 7.0, 3.0, 3.0, 1.0, 5.0, 4.0, 5.0, 1.0, 3.0, 4.0, 4.0, 0.0, 0.0, 1.0, 1.0]","[0.0, 21.0, 17.0, 15.0, -12.0, 23.0, 12.0, 11.0, 0.0, 27.0, 11.0, 12.0, 25.0, -18.0, 18.0, 13.0]"
3,1791638799.2496784,"[-35.946651, 66.534255, 34.717713, 35.069277, 0.0007679999999936626, 68.204184, 34.102475999999996, 34.981386000000015, 36.12396899999999, 65.919018, 34.45403999999999, 34.717713, 16.17271199999999, 82.79408999999998, 72.335061, 29.35636199999999]","[-2.0, 1.0, 1.0, 3.0, 1.0, 4.0, 1.0, 2.0, 1.0, 0.0, 1.0, 3.0, 0.0, 1.0, 1.0, 1.0]","[-9.0, 21.0, 16.0, 16.0, -12.0, 21.0, 11.0, 10.0, -14.0, 27.0, 13.0, 11.0, 26.0, -17.0, 24.0, 15.0]"
3,1791638799.4711065,"[-37.00134299999999, 66.534255, 35.77240499999999, 35.94818699999999, 0.08865900000000693, 70.48935, 34.102475999999996, 35.94818699999999, 37.00287900000001, 65.919018, 35.420840999999996, 34.893495, 16.084821000000005, 82.70619900000003, 72.86240699999999, 29.268471000000005]","[-1.0, 0.0, 2.0, 1.0, 0.0, 2.0, 1.0, 1.0, 1.0, 0.0, 1.0, 4.0, 0.0, 0.0, 1.0, 0.0]","[0.0, 21.0, 16.0, 16.0, -12.0, 21.0, 11.0, 12.0, 0.0, 27.0, 11.0, 14.0, 26.0, -18.0, 26.0, 14.0]"
3,1791638799.694531,"[-37.968143999999995, 66.534255, 36.914987999999994, 36.82709700000001, 0.08865900000000693, 71.631933, 34.102475999999996, 37.00287900000001, 38.057570999999996, 65.919018, 36.387642, 36.563424, 16.084821000000005, 82.70619900000003, 72.86240699999999, 29.268471000000005]","[-1.0, 0.0, 1.0, 1.0, 1.0, 2.0, 1.0, 2.0, 1.0, 0.0, 4.0, 1.0, 0.0, 0.0, 0.0, 0.0]","[-9.0, 21.0, 16.0, 15.0, -12.0, 18.0, 12.0, 10.0, 0.0, 26.0, 11.0, 13.0, 26.0, -17.0, 33.0, 14.0]"
3,1791638799.9201658,"[-38.847053999999986, 66.534255, 37.96968000000001, 37.881789, 0.0007679999999936626, 71.631933, 34.102475999999996, 37.96968000000001, 39.024372, 65.919018, 37.44233399999999, 37.44233399999999, 15.996929999999992, 82.61830800000001, 73.301862, 29.180579999999992]","[0.0, 0.0, 3.0, 3.0, 0.0, 0.0, 1.0, 1.0, 1.0, 1.0, 1.0, 1.0, 0.0, 0.0, 1.0, 0.0]","[-9.0, 22.0, 16.0, 16.0, -12.0, 20.0, 11.0, 11.0, 0.0, 26.0, 12.0, 12.0, 26.0, -17.0, 38.0, 15.0]"
3,1791638800.1455488,"[-39.98963699999999, 66.534255, 39.024372, 38.672808, 0.08865900000000693, 71.631933, 34.102475999999996, 39.11226300000001, 39.991173, 65.919018, 38.672808, 38.672808, 15.55747500000001, 82.70619900000003, 73.21397100000002, 29.268471000000005]","[0.0, 0.0, 1.0, 3.0, 0.0, 0.0, 1.0, 3.0, 1.0, 0.0, 3.0, 2.0, 1.0, 1.0, 0.0, 0.0]","[-9.0, 22.0, 16.0, 17.0, -11.0, 20.0, 11.0, 12.0, 14.0, 27.0, 12.0, 12.0, 11.0, 0.0, 10.0, 4.0]"
3,1791638800.3697164,"[-40.69276500000001, 66.534255, 40.166955, 39.72749999999999, 0.08865900000000693, 71.71982400000002, 34.102475999999996, 40.07906399999999, 40.95797400000001, 66.00690900000001, 39.46382700000001, 39.63960900000001, 15.55747500000001, 82.70619900000003, 73.21397100000002, 29.268471000000005]","[-1.0, 1.0, 3.0, 3.0, 1.0, 0.0, 1.0, 2.0, 1.0, 1.0, 3.0, 3.0, 0.0, 1.0, 0.0, 1.0]","[-9.0, 21.0, 16.0, 15.0, -12.0, 19.0, 11.0, 11.0, 13.0, 27.0, 12.0, 12.0, 11.0, 0.0, 10.0, 0.0]"
3,1791638800.5927823,"[-42.01113000000001, 66.534255, 41.04586499999999, 40.694300999999996, 0.08865900000000693, 71.71982400000002, 34.102475999999996, 40.870082999999994, 41.661102, 66.00690900000001, 40.43062800000001, 40.78219200000001, 15.55747500000001, 82.70619900000003, 73.21397100000002, 29.268471000000005]","[0.0, 1.0, 1.0, 1.0, 1.0, 0.0, 1.0, 1.0, 1.0, 1.0, 3.0, 5.0, 0.0, 1.0, 0.0, 0.0]","[0.0, 21.0, 15.0, 15.0, -12.0, 20.0, 11.0, 12.0, 14.0, 26.0, 11.0, 11.0, 11.0, 0.0, 10.0, 6.0]"
3,1791638800.8152518,"[-43.065822, 66.534255, 42.188447999999994, 41.74899300000001, 0.0007679999999936626, 71.631933, 34.102475999999996, 42.10055700000001, 43.06735800000001, 66.00690900000001, 41.661102, 41.661102, 15.55747500000001, 82.70619900000003, 73.21397100000002, 29.268471000000005]","[0.0, 1.0, 1.0, 3.0, 0.0, 0.0, 1.0, 2.0, 1.0, 1.0, 2.0, 2.0, 0.0, 1.0, 0.0, 1.0]","[0.0, 21.0, 15.0, 16.0, -12.0, 20.0, 11.0, 12.0, 0.0, 26.0, 10.0, 11.0, 11.0, 0.0, 10.0, 1.0]"
3,1791638801.0410917,"[-44.032623, 66.62214600000001, 43.155249, 42.452121000000005, 0.08865900000000693, 71.71982400000002, 34.102475999999996, 42.979467, 44.03415899999999, 66.00690900000001, 42.452121000000005, 42.803685, 15.55747500000001, 82.70619900000003, 73.21397100000002, 29.268471000000005]","[0.0, 1.0, 1.0, 7.0, 1.0, 0.0, 1.0, 1.0, 2.0, 1.0, 1.0, 3.0, 0.0, 1.0, 0.0, 1.0]","[0.0, 21.0, 16.0, 16.0, -11.0, 19.0, 11.0, 12.0, 0.0, 26.0, 11.0, 12.0, 11.0, 0.0, 10.0, 4.0]"
3,1791638801.265642,"[-45.08731499999999, 66.62214600000001, 44.297832, 43.68259499999999, 0.0007679999999936626, 71.71982400000002, 34.102475999999996, 44.03415899999999, 44.91306900000001, 65.919018, 43.68259499999999, 43.85837699999999, 15.55747500000001, 82.70619900000003, 73.21397100000002, 29.180579999999992]","[0.0, 0.0, 3.0, 4.0, 0.0, 0.0, 1.0, 2.0, 1.0, 0.0, 2.0, 2.0, 0.0, 1.0, 0.0, 0.0]","[0.0, 21.0, 14.0, 16.0, -12.0, 18.0, 11.0, 10.0, -7.0, 26.0, 12.0, 11.0, 11.0, 0.0, 9.0, 1.0]"
3,1791638801.4897704,"[-46.05411599999999, 66.62214600000001, 45.088851000000005, 45.088851000000005, 0.08865900000000693, 71.631933, 34.102475999999996, 45.088851000000005, 45.967760999999996, 66.00690900000001, 44.73728700000001, 45.00095999999999, 15.55747500000001, 82.70619900000003, 73.21397100000002, 29.268471000000005]","[0.0, 1.0, 1.0, 4.0, 1.0, 0.0, 1.0, 3.0, 0.0, 1.0, 3.0, 2.0, 0.0, 1.0, 0.0, 1.0]","[0.0, 21.0, 15.0, 14.0, -13.0, 20.0, 12.0, 10.0, -7.0, 26.0, 11.0, 12.0, 11.0, 0.0, 10.0, 5.0]"
3,1791638801.7136366,"[-47.020917, 66.62214600000001, 46.143542999999994, 45.87987000000001, 0.08865900000000693, 71.71982400000002, 34.102475999999996, 45.87987000000001, 46.934562, 66.00690900000001, 45.616197, 45.87987000000001, 15.55747500000001, 82.70619900000003, 73.21397100000002, 29.268471000000005]","[0.0, 1.0, 3.0, 1.0, 0.0, 1.0, 1.0, 1.0, 0.0, 1.0, 2.0, 1.0, 0.0, 1.0, 0.0, 1.0]","[0.0, 21.0, 15.0, 16.0, -12.0, 19.0, 11.0, 12.0, 0.0, 26.0, 11.0, 10.0, 11.0, 0.0, 10.0, 0.0]"
3,1791638801.9376264,"[-47.72404499999999, 66.62214600000001, 47.110344, 47.19823500000001, 0.08865900000000693, 71.71982400000002, 34.102475999999996, 47.02245300000001, 48.077145, 66.00690900000001, 46.75878, 47.110344, 15.55747500000001, 82.70619900000003, 73.21397100000002, 29.268471000000005]","[0.0, 1.0, 1.0, 1.0, 1.0, 0.0, 1.0, 1.0, 0.0, 0.0, 3.0, 3.0, 0.0, 1.0, 0.0, 1.0]","[-9.0, 20.0, 15.0, 14.0, -12.0, 20.0, 11.0, 11.0, -14.0, 26.0, 11.0, 11.0, 11.0, 0.0, 10.0, 0.0]"
3,1791638802.1615977,"[-49.04240999999999, 66.62214600000001, 47.98925399999999, 48.165036000000015, 0.0007679999999936626, 71.71982400000002, 34.102475999999996, 47.901363, 49.043946000000005, 66.00690900000001, 47.725581000000005, 47.98925399999999, 15.55747500000001, 82.70619900000003, 73.21397100000002, 29.268471000000005]","[-1.0, 1.0, 1.0, 2.0, 0.0, 0.0, 1.0, 1.0, 1.0, 1.0, 3.0, 2.0, 0.0, 1.0, 0.0, 1.0]","[0.0, 21.0, 16.0, 15.0, -12.0, 20.0, 11.0, 11.0, -14.0, 26.0, 11.0, 10.0, 12.0, 0.0, 10.0, 0.0]"
3,1791638802.3815145,"[-49.92132000000001, 66.62214600000001, 49.13183699999999, 49.219728, 0.08865900000000693, 71.71982400000002, 34.102475999999996, 48.86816400000001, 49.922855999999996, 66.00690900000001, 48.51660000000001, 49.043946000000005, 15.55747500000001, 82.70619900000003, 73.21397100000002, 29.268471000000005]","[-1.0, 1.0, 3.0, 2.0, 1.0, 0.0, 1.0, 1.0, 0.0, 1.0, 1.0, 2.0, 0.0, 1.0, 0.0, 1.0]","[-8.0, 20.0, 15.0, 14.0, -13.0, 19.0, 12.0, 11.0, 0.0, 26.0, 12.0, 11.0, 10.0, 0.0, 9.0, 0.0]"
3,1791638802.6095157,"[-50.88812100000001, 66.62214600000001, 49.922855999999996, 50.45020199999999, 0.08865900000000693, 71.71982400000002, 34.102475999999996, 50.098637999999994, 51.15333000000001, 66.00690900000001, 49.65918300000001, 50.098637999999994, 15.55747500000001, 82.70619900000003, 73.21397100000002, 29.268471000000005]","[-1.0, 1.0, 1.0, 3.0, 0.0, 0.0, 1.0, 3.0, 1.0, 1.0, 3.0, 3.0, 0.0, 1.0, 0.0, 0.0]","[-9.0, 21.0, 15.0, 15.0, -12.0, 20.0, 11.0, 11.0, -14.0, 26.0, 11.0, 11.0, 11.0, 0.0, 10.0, 4.0]"
3,1791638802.8334658,"[-51.767031, 66.62214600000001, 50.889657, 51.417002999999994, 0.08865900000000693, 71.71982400000002, 34.102475999999996, 50.713875, 52.03224, 66.00690900000001, 50.62598400000002, 50.889657, 15.55747500000001, 82.70619900000003, 73.21397100000002, 29.268471000000005]","[0.0, 1.0, 1.0, 3.0, 1.0, 1.0, 1.0, 5.0, 1.0, 1.0, 1.0, 2.0, 0.0, 1.0, 0.0, 1.0]","[-9.0, 21.0, 15.0, 13.0, -12.0, 19.0, 12.0, 11.0, 0.0, 26.0, 11.0, 11.0, 11.0, 0.0, 10.0, 0.0]"
3,1791638803.0574853,"[-52.82172299999999, 66.62214600000001, 52.03224, 52.29591300000001, 0.0007679999999936626, 71.71982400000002, 34.102475999999996, 52.03224, 53.08693199999999, 66.00690900000001, 51.856458, 51.94434900000002, 15.55747500000001, 82.70619900000003, 73.21397100000002, 29.268471000000005]","[-2.0, 1.0, 2.0, 2.0, 0.0, 1.0, 1.0, 1.0, 1.0, 1.0, 2.0, 1.0, 0.0, 1.0, 0.0, 1.0]","[-10.0, 21.0, 15.0, 16.0, -12.0, 20.0, 11.0, 12.0, 0.0, 25.0, 11.0, 11.0, 11.0, 0.0, 10.0, 0.0]"
3,1791638803.2815197,"[-53.876414999999994, 66.62214600000001, 52.999041000000005, 53.526387, 0.0007679999999936626, 71.71982400000002, 34.102475999999996, 52.999041000000005, 54.053732999999994, 66.00690900000001, 52.64747700000001, 52.999041000000005, 15.55747500000001, 82.70619900000003, 73.21397100000002, 29.268471000000005]","[-2.0, 1.0, 2.0, 3.0, 1.0, 1.0, 1.0, 1.0, 1.0, 1.0, 2.0, 3.0, 0.0, 1.0, 0.0, 1.0]","[-8.0, 21.0, 16.0, 14.0, -12.0, 19.0, 11.0, 11.0, 0.0, 26.0, 11.0, 11.0, 11.0, 0.0, 10.0, 0.0]"
3,1791638803.5042334,"[-54.491652, 66.62214600000001, 53.96584200000001, 54.22951499999999, 0.08865900000000693, 71.71982400000002, 34.102475999999996, 54.14162400000001, 55.020534, 66.00690900000001, 53.526387, 53.79006000000001, 15.55747500000001, 82.70619900000003, 73.21397100000002, 29.268471000000005]","[0.0, 1.0, 4.0, 5.0, 1.0, 0.0, 1.0, 3.0, 0.0, 1.0, 1.0, 1.0, 1.0, 1.0, 0.0, 0.0]","[-10.0, 20.0, 16.0, 15.0, -12.0, 20.0, 12.0, 11.0, -3.0, 25.0, 11.0, 11.0, 10.0, 0.0, 10.0, 5.0]"
3,1791638803.7289333,"[-55.546344000000005, 66.62214600000001, 55.10842500000001, 55.45998900000001, 0.08865900000000693, 71.71982400000002, 34.102475999999996, 55.020534, 56.163117, 66.00690900000001, 54.756861000000015, 54.93264300000001, 15.55747500000001, 82.70619900000003, 73.21397100000002, 29.268471000000005]","[-1.0, 1.0, 3.0, 2.0, 1.0, 1.0, 1.0, 2.0, 1.0, 1.0, 3.0, 2.0, 0.0, 1.0, 0.0, 1.0]","[-9.0, 21.0, 16.0, 13.0, -13.0, 20.0, 12.0, 12.0, -14.0, 26.0, 11.0, 12.0, 11.0, 0.0, 11.0, 0.0]"
3,1791638803.9534323,"[-56.425253999999995, 66.710037, 55.987335, 56.338899, 0.0007679999999936626, 71.71982400000002, 34.102475999999996, 55.72366199999999, 56.954136000000005, 66.00690900000001, 55.635771000000005, 55.89944400000002, 15.55747500000001, 82.70619900000003, 73.21397100000002, 29.268471000000005]","[0.0, 1.0, 1.0, 2.0, 0.0, 0.0, 1.0, 1.0, 1.0, 1.0, 3.0, 2.0, 0.0, 1.0, 0.0, 1.0]","[-10.0, 20.0, 16.0, 15.0, -12.0, 20.0, 11.0, 12.0, 0.0, 26.0, 11.0, 10.0, 10.0, 0.0, 10.0, 3.0]"
3,1791638804.1746595,"[-57.128382, 66.710037, 56.954136000000005, 57.129918, 0.0007679999999936626, 71.71982400000002, 34.102475999999996, 56.954136000000005, 57.92093700000001, 66.00690900000001, 56.514680999999996, 56.86624499999999, 15.55747500000001, 82.70619900000003, 73.21397100000002, 29.268471000000005]","[-1.0, 1.0, 1.0, 3.0, 0.0, 1.0, 1.0, 1.0, 1.0, 1.0, 2.0, 1.0, 0.0, 1.0, 0.0, 1.0]","[-10.0, 19.0, 15.0, 15.0, -12.0, 20.0, 11.0, 11.0, 0.0, 26.0, 11.0, 12.0, 10.0, 0.0, 10.0, 3.0]"
3,1791638804.4013727,"[-58.71042, 66.710037, 58.09671900000001, 58.09671900000001, 0.0007679999999936626, 71.71982400000002, 34.102475999999996, 57.92093700000001, 58.975629, 66.00690900000001, 57.56937300000001, 58.008827999999994, 15.55747500000001, 82.70619900000003, 73.21397100000002, 29.268471000000005]","[-2.0, 1.0, 1.0, 2.0, 0.0, 1.0, 1.0, 1.0, 1.0, 1.0, 1.0, 4.0, 0.0, 1.0, 0.0, 0.0]","[-9.0, 19.0, 15.0, 15.0, -12.0, 19.0, 11.0, 11.0, 0.0, 26.0, 12.0, 12.0, 11.0, 0.0, 10.0, 0.0]"
3,1791638804.6239948,"[-59.149874999999994, 66.885819, 59.327192999999994, 59.23930200000001, 0.08865900000000693, 71.71982400000002, 34.102475999999996, 59.06352000000001, 59.94243, 66.00690900000001, 58.53617400000002, 58.799847, 15.55747500000001, 82.70619900000003, 73.21397100000002, 29.268471000000005]","[0.0, 1.0, 3.0, 3.0, 1.0, 1.0, 1.0, 2.0, 1.0, 1.0, 3.0, 1.0, 0.0, 1.0, 0.0, 1.0]","[-12.0, 19.0, 15.0, 15.0, -12.0, 20.0, 12.0, 11.0, 0.0, 25.0, 12.0, 11.0, 11.0, 0.0, 10.0, 0.0]"
3,1791638804.849402,"[-60.468239999999994, 66.885819, 60.38188500000001, 59.23930200000001, 0.0007679999999936626, 71.71982400000002, 34.102475999999996, 59.94243, 60.99712199999999, 66.00690900000001, 59.766648, 58.88773800000001, 15.55747500000001, 82.70619900000003, 73.21397100000002, 29.268471000000005]","[-2.0, 1.0, 3.0, 1.0, 0.0, 0.0, 1.0, 2.0, 1.0, 1.0, 5.0, 1.0, 0.0, 1.0, 0.0, 1.0]","[-10.0, 20.0, 14.0, 14.0, -12.0, 19.0, 11.0, 12.0, 0.0, 26.0, 11.0, 11.0, 10.0, 0.0, 10.0, 0.0]"
3,1791638805.0709047,"[-61.698713999999995, 66.885819, 61.348686000000015, 59.23930200000001, 0.0007679999999936626, 71.71982400000002, 34.102475999999996, 61.085013000000004, 61.963922999999994, 66.00690900000001, 60.909231000000005, 58.88773800000001, 15.55747500000001, 82.70619900000003, 73.21397100000002, 29.268471000000005]","[0.0, 1.0, 2.0, 1.0, 1.0, 1.0, 1.0, 4.0, 3.0, 1.0, 4.0, 1.0, 1.0, 1.0, 0.0, 1.0]","[-9.0, 19.0, 13.0, 15.0, -12.0, 20.0, 11.0, 11.0, 0.0, 26.0, 11.0, 11.0, 10.0, 0.0, 10.0, 1.0]"
3,1791638805.2973318,"[-62.489733, 66.885819, 62.31548699999999, 59.23930200000001, 0.0007679999999936626, 71.71982400000002, 34.102475999999996, 61.963922999999994, 62.84283300000001, 66.00690900000001, 61.87603200000001, 58.88773800000001, 15.55747500000001, 82.70619900000003, 73.21397100000002, 29.180579999999992]","[0.0, 1.0, 2.0, 1.0, 0.0, 0.0, 1.0, 1.0, 2.0, 1.0, 1.0, 1.0, 0.0, 1.0, 0.0, 0.0]","[-9.0, 19.0, 15.0, 15.0, -13.0, 19.0, 11.0, 11.0, 5.0, 25.0, 11.0, 10.0, 11.0, 0.0, 10.0, 1.0]"
3,1791638805.5213318,"[-63.720207, 66.885819, 63.37017900000001, 59.23930200000001, 0.0007679999999936626, 71.71982400000002, 34.102475999999996, 63.01861500000001, 63.985416000000015, 66.00690900000001, 63.01861500000001, 58.88773800000001, 15.55747500000001, 82.70619900000003, 73.21397100000002, 29.268471000000005]","[0.0, 1.0, 1.0, 1.0, -1.0, 1.0, 1.0, 2.0, 1.0, 1.0, 2.0, 1.0, 0.0, 1.0, 0.0, 0.0]","[-9.0, 19.0, 14.0, 14.0, -12.0, 19.0, 11.0, 11.0, 0.0, 26.0, 10.0, 11.0, 10.0, 0.0, 10.0, 4.0]"
3,1791638805.7431974,"[-64.774899, 66.885819, 64.33698000000001, 59.23930200000001, 0.0007679999999936626, 71.71982400000002, 34.102475999999996, 64.073307, 64.95221699999999, 66.00690900000001, 63.897525, 58.88773800000001, 15.55747500000001, 82.70619900000003, 73.21397100000002, 29.268471000000005]","[-2.0, 1.0, 1.0, 1.0, 1.0, 1.0, 1.0, 3.0, 1.0, 1.0, 2.0, 1.0, 0.0, 1.0, 0.0, 1.0]","[-10.0, 19.0, 15.0, 15.0, -12.0, 19.0, 11.0, 11.0, 0.0, 26.0, 11.0, 12.0, 11.0, 0.0, 10.0, 0.0]"
3,1791638805.969226,"[-65.390136, 67.237383, 65.391672, 59.23930200000001, 0.08865900000000693, 71.71982400000002, 34.102475999999996, 64.95221699999999, 65.919018, 66.00690900000001, 64.77643499999999, 58.88773800000001, 15.55747500000001, 82.70619900000003, 73.21397100000002, 29.268471000000005]","[0.0, 3.0, 1.0, 1.0, 0.0, 0.0, 1.0, 1.0, 1.0, 1.0, 1.0, 1.0, 0.0, 1.0, 0.0, 1.0]","[-10.0, 17.0, 15.0, 16.0, -12.0, 19.0, 11.0, 11.0, 0.0, 26.0, 11.0, 11.0, 10.0, 0.0, 10.0, 0.0]"
3,1791638806.1932445,"[-66.62061, 67.501056, 66.44636400000002, 59.23930200000001, 0.08865900000000693, 71.71982400000002, 34.102475999999996, 65.83112700000001, 66.97371000000001, 66.00690900000001, 65.919018, 58.88773800000001, 15.55747500000001, 82.70619900000003, 73.21397100000002, 29.268471000000005]","[-1.0, 1.0, 3.0, 1.0, 0.0, 1.0, 1.0, 1.0, 1.0, 1.0, 3.0, 1.0, 0.0, 1.0, 0.0, 0.0]","[-9.0, 16.0, 14.0, 16.0, -12.0, 19.0, 11.0, 11.0, 0.0, 25.0, 11.0, 10.0, 11.0, 0.0, 10.0, 4.0]"
3,1791638806.414619,"[-67.49952, 67.676838, 67.41316499999999, 59.23930200000001, 0.0007679999999936626, 71.71982400000002, 34.102475999999996, 66.710037, 67.94051100000001, 66.00690900000001, 66.710037, 58.88773800000001, 15.55747500000001, 82.70619900000003, 73.21397100000002, 29.268471000000005]","[0.0, 1.0, 1.0, 1.0, 1.0, 1.0, 1.0, 1.0, 2.0, 1.0, 2.0, 1.0, 0.0, 1.0, 0.0, 0.0]","[-10.0, 16.0, 14.0, 15.0, -12.0, 20.0, 12.0, 12.0, 0.0, 25.0, 12.0, 10.0, 10.0, 0.0, 11.0, 0.0]"
3,1791638806.6386108,"[-68.37843, 67.676838, 68.379966, 59.23930200000001, 0.08865900000000693, 71.71982400000002, 34.102475999999996, 67.94051100000001, 68.90731199999999, 66.00690900000001, 67.501056, 58.88773800000001, 15.55747500000001, 82.70619900000003, 73.21397100000002, 29.180579999999992]","[0.0, 1.0, 2.0, 1.0, 1.0, 1.0, 1.0, 1.0, 1.0, 1.0, 3.0, 1.0, 0.0, 1.0, 0.0, 0.0]","[-10.0, 16.0, 15.0, 15.0, -13.0, 20.0, 12.0, 12.0, 14.0, 26.0, 12.0, 10.0, 10.0, 0.0, 10.0, 8.0]"
3,1791638806.8651843,"[-69.433122, 67.676838, 69.346767, 59.23930200000001, 0.08865900000000693, 71.71982400000002, 34.102475999999996, 68.819421, 69.96200400000001, 66.00690900000001, 68.379966, 58.88773800000001, 15.55747500000001, 82.70619900000003, 73.21397100000002, 29.268471000000005]","[-2.0, 1.0, 1.0, 1.0, 1.0, 0.0, 1.0, 2.0, 3.0, 1.0, 1.0, 1.0, 0.0, 1.0, 0.0, 1.0]","[-10.0, 15.0, 15.0, 14.0, -13.0, 20.0, 11.0, 12.0, 6.0, 26.0, 12.0, 11.0, 11.0, 0.0, 9.0, 0.0]"
3,1791638807.0882044,"[-69.433122, 67.676838, 70.313568, 59.23930200000001, 0.0007679999999936626, 71.71982400000002, 34.102475999999996, 69.522549, 69.96200400000001, 66.00690900000001, 69.43465800000001, 58.88773800000001, 15.55747500000001, 82.70619900000003, 73.21397100000002, 29.268471000000005]","[0.0, 1.0, 1.0, 1.0, 0.0, 1.0, 1.0, 1.0, 1.0, 1.0, 4.0, 1.0, 0.0, 1.0, 0.0, 0.0]","[-10.0, 16.0, 15.0, 16.0, -12.0, 19.0, 11.0, 12.0, 0.0, 25.0, 11.0, 11.0, 11.0, 0.0, 10.0, 0.0]"
3,1791638807.309862,"[-69.433122, 67.676838, 71.192478, 59.23930200000001, 0.08865900000000693, 71.71982400000002, 34.102475999999996, 70.840914, 69.96200400000001, 66.00690900000001, 70.40145900000002, 58.88773800000001, 15.55747500000001, 82.70619900000003, 73.21397100000002, 29.268471000000005]","[1.0, 1.0, 1.0, 1.0, 0.0, 1.0, 1.0, 2.0, 1.0, 1.0, 1.0, 1.0, 0.0, 1.0, 0.0, 0.0]","[-11.0, 16.0, 15.0, 15.0, -12.0, 19.0, 11.0, 12.0, 0.0, 25.0, 12.0, 10.0, 11.0, 0.0, 11.0, 0.0]"
3,1791638807.5370765,"[-69.433122, 67.676838, 72.07138800000001, 59.23930200000001, 0.0007679999999936626, 71.71982400000002, 34.102475999999996, 71.71982400000002, 69.96200400000001, 66.00690900000001, 71.36825999999999, 58.88773800000001, 15.55747500000001, 82.70619900000003, 73.21397100000002, 29.268471000000005]","[1.0, 0.0, 1.0, 1.0, 1.0, 1.0, 1.0, 2.0, 1.0, 1.0, 3.0, 1.0, 0.0, 1.0, 0.0, 1.0]","[-11.0, 16.0, 15.0, 15.0, -12.0, 19.0, 11.0, 13.0, 0.0, 26.0, 11.0, 11.0, 11.0, 0.0, 10.0, 0.0]"
3,1791638807.7608967,"[-69.433122, 67.676838, 72.950298, 59.23930200000001, 0.08865900000000693, 71.71982400000002, 34.102475999999996, 72.774516, 69.96200400000001, 66.00690900000001, 72.42295200000001, 58.88773800000001, 15.55747500000001, 82.70619900000003, 73.21397100000002, 29.268471000000005]","[1.0, 1.0, 1.0, 1.0, 1.0, 0.0, 1.0, 1.0, 1.0, 1.0, 3.0, 1.0, 0.0, 1.0, 0.0, 1.0]","[-11.0, 16.0, 16.0, 15.0, -12.0, 19.0, 12.0, 11.0, 0.0, 26.0, 12.0, 10.0, 10.0, 0.0, 10.0, 1.0]"
3,1791638807.9850504,"[-69.433122, 67.676838, 74.00498999999999, 59.23930200000001, 0.08865900000000693, 71.71982400000002, 34.102475999999996, 73.829208, 69.96200400000001, 66.00690900000001, 73.301862, 58.88773800000001, 15.55747500000001, 82.70619900000003, 73.21397100000002, 29.268471000000005]","[1.0, 1.0, 1.0, 1.0, 1.0, 1.0, 1.0, 3.0, 1.0, 1.0, 2.0, 1.0, 0.0, 1.0, 0.0, 1.0]","[-10.0, 17.0, 16.0, 15.0, -13.0, 19.0, 11.0, 11.0, 0.0, 26.0, 13.0, 11.0, 10.0, 0.0, 10.0, 0.0]"
3,1791638808.2090478,"[-69.433122, 67.676838, 74.88390000000001, 59.23930200000001, 0.0007679999999936626, 71.71982400000002, 34.102475999999996, 73.829208, 69.96200400000001, 66.00690900000001, 74.092881, 58.88773800000001, 15.55747500000001, 82.70619900000003, 73.21397100000002, 29.268471000000005]","[1.0, 0.0, 3.0, 1.0, 0.0, 1.0, 1.0, 1.0, 1.0, 1.0, 3.0, 1.0, 0.0, 1.0, 0.0, 1.0]","[-11.0, 16.0, 17.0, 15.0, -12.0, 20.0, 12.0, 12.0, 0.0, 25.0, 14.0, 10.0, 10.0, 0.0, 10.0, 0.0]"
3,1791638808.4292572,"[-69.433122, 67.676838, 75.76281, 59.23930200000001, 0.0007679999999936626, 71.71982400000002, 34.102475999999996, 73.91709900000001, 69.96200400000001, 66.00690900000001, 75.05968200000001, 58.88773800000001, 15.55747500000001, 82.70619900000003, 73.21397100000002, 29.268471000000005]","[1.0, 0.0, 1.0, 1.0, 0.0, 0.0, 1.0, 1.0, 1.0, 1.0, 2.0, 1.0, 0.0, 1.0, 0.0, 1.0]","[-10.0, 16.0, 17.0, 14.0, -12.0, 20.0, 11.0, 12.0, 0.0, 25.0, 14.0, 11.0, 11.0, 0.0, 10.0, 0.0]"
3,1791638808.6570148,"[-69.433122, 67.76472900000002, 76.72961099999998, 59.23930200000001, 0.08865900000000693, 71.71982400000002, 34.102475999999996, 73.91709900000001, 69.96200400000001, 66.00690900000001, 75.85070100000002, 58.88773800000001, 15.55747500000001, 82.70619900000003, 73.21397100000002, 29.268471000000005]","[1.0, 1.0, 1.0, 1.0, 0.0, 1.0, 1.0, 1.0, 1.0, 1.0, 1.0, 1.0, 0.0, 1.0, 0.0, 0.0]","[-10.0, 16.0, 16.0, 14.0, -12.0, 19.0, 11.0, 13.0, 0.0, 25.0, 15.0, 11.0, 11.0, 0.0, 10.0, 2.0]"
3,1791638808.8810291,"[-69.433122, 67.676838, 77.78430300000002, 59.23930200000001, 0.0007679999999936626, 71.71982400000002, 34.102475999999996, 73.91709900000001, 69.96200400000001, 66.00690900000001, 76.37804699999998, 58.88773800000001, 15.55747500000001, 82.70619900000003, 73.21397100000002, 29.268471000000005]","[1.0, 1.0, 3.0, 1.0, 0.0, 1.0, 1.0, 1.0, 1.0, 1.0, 5.0, 1.0, 0.0, 1.0, 0.0, 1.0]","[-10.0, 16.0, 16.0, 14.0, -12.0, 20.0, 11.0, 12.0, 0.0, 25.0, 15.0, 11.0, 10.0, 0.0, 10.0, 0.0]"
3,1791638809.1026094,"[-69.433122, 67.676838, 78.57532200000003, 59.23930200000001, 0.08865900000000693, 71.71982400000002, 34.102475999999996, 73.91709900000001, 69.96200400000001, 66.00690900000001, 77.78430300000002, 58.88773800000001, 15.55747500000001, 82.70619900000003, 73.21397100000002, 29.268471000000005]","[1.0, 0.0, 1.0, 1.0, 1.0, 1.0, 1.0, 1.0, 1.0, 1.0, 3.0, 1.0, 0.0, 1.0, 0.0, 1.0]","[-10.0, 16.0, 16.0, 14.0, -12.0, 20.0, 12.0, 12.0, 0.0, 26.0, 14.0, 10.0, 11.0, 0.0, 10.0, 0.0]"
3,1791638809.3289385,"[-69.433122, 67.76472900000002, 79.45423199999999, 59.23930200000001, 0.0007679999999936626, 71.71982400000002, 34.102475999999996, 73.91709900000001, 69.96200400000001, 66.00690900000001, 78.66321299999998, 58.88773800000001, 15.55747500000001, 82.70619900000003, 73.21397100000002, 29.268471000000005]","[1.0, 1.0, 1.0, 1.0, 1.0, 1.0, 1.0, 1.0, 1.0, 1.0, 2.0, 1.0, 0.0, 1.0, 0.0, 0.0]","[-9.0, 16.0, 17.0, 14.0, -13.0, 20.0, 11.0, 11.0, 0.0, 25.0, 14.0, 11.0, 11.0, 0.0, 11.0, 0.0]"
3,1791638809.5529382,"[-69.433122, 67.76472900000002, 80.245251, 59.23930200000001, 0.0007679999999936626, 71.71982400000002, 34.102475999999996, 73.91709900000001, 69.96200400000001, 66.00690900000001, 79.542123, 58.88773800000001, 15.55747500000001, 82.70619900000003, 73.21397100000002, 29.268471000000005]","[1.0, 1.0, 1.0, 1.0, 0.0, 1.0, 1.0, 1.0, 1.0, 1.0, 1.0, 1.0, 0.0, 1.0, 0.0, 1.0]","[-10.0, 16.0, 17.0, 14.0, -12.0, 20.0, 12.0, 12.0, 0.0, 25.0, 15.0, 12.0, 11.0, 0.0, 10.0, 0.0]"
3,1791638809.7743804,"[-69.433122, 67.676838, 81.47572500000001, 59.23930200000001, 0.0007679999999936626, 71.71982400000002, 34.102475999999996, 73.91709900000001, 69.96200400000001, 66.00690900000001, 80.15735999999998, 58.88773800000001, 15.55747500000001, 82.70619900000003, 73.21397100000002, 29.268471000000005]","[1.0, 1.0, 1.0, 1.0, 0.0, 1.0, 1.0, 1.0, 1.0, 1.0, 1.0, 1.0, 0.0, 1.0, 0.0, 0.0]","[-10.0, 17.0, 17.0, 15.0, -12.0, 20.0, 11.0, 12.0, 0.0, 26.0, 17.0, 11.0, 11.0, 0.0, 10.0, 0.0]"
3,1791638809.9977138,"[-69.433122, 67.676838, 82.26674400000002, 59.23930200000001, 0.0007679999999936626, 71.71982400000002, 34.102475999999996, 73.91709900000001, 69.96200400000001, 66.00690900000001, 80.77259700000002, 58.88773800000001, 15.55747500000001, 82.70619900000003, 73.21397100000002, 29.268471000000005]","[1.0, 0.0, 1.0, 1.0, 0.0, 1.0, 1.0, 1.0, 1.0, 1.0, 1.0, 1.0, 0.0, 1.0, 0.0, 0.0]","[-10.0, 16.0, 17.0, 14.0, -12.0, 20.0, 11.0, 12.0, 0.0, 25.0, 19.0, 10.0, 11.0, 0.0, 10.0, 3.0]"
3,1791638810.2236662,"[-69.433122, 67.676838, 82.79408999999998, 59.23930200000001, 0.08865900000000693, 71.71982400000002, 34.102475999999996, 73.91709900000001, 69.96200400000001, 66.00690900000001, 81.56361600000002, 58.88773800000001, 15.55747500000001, 82.70619900000003, 73.21397100000002, 29.268471000000005]","[1.0, 0.0, 1.0, 1.0, 0.0, 1.0, 1.0, 1.0, 1.0, 1.0, 1.0, 1.0, 0.0, 1.0, 0.0, 0.0]","[-9.0, 17.0, 20.0, 15.0, -13.0, 21.0, 11.0, 12.0, 0.0, 26.0, 20.0, 11.0, 11.0, 0.0, 10.0, 0.0]"
3,1791638810.4458306,"[-69.433122, 67.676838, 83.40932700000002, 59.23930200000001, 0.0007679999999936626, 71.71982400000002, 34.102475999999996, 73.91709900000001, 69.96200400000001, 66.00690900000001, 82.00307099999998, 58.88773800000001, 15.55747500000001, 82.70619900000003, 73.21397100000002, 29.268471000000005]","[1.0, 0.0, 1.0, 1.0, 0.0, 1.0, 1.0, 1.0, 0.0, 1.0, 1.0, 1.0, 0.0, 1.0, 0.0, 0.0]","[-10.0, 16.0, 22.0, 15.0, -12.0, 21.0, 12.0, 11.0, 0.0, 25.0, 23.0, 11.0, 12.0, 0.0, 10.0, 1.0]"
3,1791638810.6728284,"[-69.521013, 67.676838, 84.11245500000001, 59.23930200000001, 0.08865900000000693, 71.71982400000002, 34.102475999999996, 73.91709900000001, 69.96200400000001, 66.00690900000001, 82.44252599999999, 58.88773800000001, 15.55747500000001, 82.70619900000003, 73.21397100000002, 29.268471000000005]","[-1.0, 0.0, 3.0, 1.0, 2.0, 1.0, 1.0, 1.0, 1.0, 1.0, 1.0, 1.0, 0.0, 1.0, 0.0, 0.0]","[-9.0, 16.0, 24.0, 14.0, -12.0, 20.0, 12.0, 12.0, -2.0, 26.0, 25.0, 11.0, 12.0, 0.0, 10.0, 7.0]"
3,1791638810.8968449,"[-69.521013, 67.676838, 84.20034600000002, 59.23930200000001, 0.0007679999999936626, 71.71982400000002, 34.102475999999996, 73.91709900000001, 69.96200400000001, 65.919018, 83.23354499999999, 58.88773800000001, 15.55747500000001, 82.70619900000003, 73.21397100000002, 29.268471000000005]","[0.0, 1.0, 1.0, 1.0, 0.0, 1.0, 1.0, 1.0, 0.0, 0.0, 1.0, 1.0, 0.0, 1.0, 0.0, 1.0]","[-9.0, 17.0, 29.0, 15.0, -12.0, 20.0, 11.0, 12.0, 0.0, 27.0, 28.0, 11.0, 12.0, 0.0, 10.0, 0.0]"
3,1791638811.1207926,"[-69.608904, 67.58894699999999, 85.78238399999998, 59.23930200000001, 0.0007679999999936626, 71.71982400000002, 34.102475999999996, 73.91709900000001, 70.04989499999999, 65.919018, 84.376128, 59.151410999999996, 15.55747500000001, 82.70619900000003, 73.21397100000002, 29.268471000000005]","[-1.0, 0.0, 2.0, 1.0, -1.0, 1.0, 1.0, 0.0, 1.0, 0.0, 1.0, 3.0, 0.0, 1.0, 0.0, 1.0]","[-10.0, 18.0, 27.0, 14.0, -12.0, 20.0, 12.0, 12.0, -12.0, 26.0, 28.0, 10.0, 11.0, 0.0, 10.0, 0.0]"
3,1791638811.3426309,"[-69.608904, 67.58894699999999, 85.87027499999999, 59.23930200000001, 0.08865900000000693, 71.71982400000002, 34.102475999999996, 73.91709900000001, 69.96200400000001, 65.919018, 84.46401900000001, 59.23930200000001, 15.55747500000001, 82.70619900000003, 73.21397100000002, 29.268471000000005]","[1.0, 0.0, 1.0, 1.0, 0.0, 1.0, 1.0, 1.0, 1.0, 0.0, 0.0, 1.0, 0.0, 1.0, 0.0, 1.0]","[-9.0, 18.0, 31.0, 15.0, -12.0, 21.0, 11.0, 12.0, -5.0, 26.0, 33.0, 10.0, 11.0, 0.0, 9.0, 0.0]"
