grip,time,positions,velocities,currents
1,1791635768.3323753,"[-0.08712299999999118, -5.184800999999993, -0.9660330000000101, -0.17501400000000444, -0.17501400000000444, -5.272692000000006, 0.08865900000000693, -0.5265780000000007, 0.08865900000000693, -4.833236999999997, -1.053923999999995, 0.3523319999999899, -1.7570519999999874, 178.33160700000002, 40.166955, 25.928613000000013]","[1.0, 0.0, 0.0, 0.0, 0.0, 1.0, 1.0, 1.0, 0.0, 0.0, 1.0, 0.0, 1.0, 0.0, 1.0, 0.0]","[0.0, 33.0, 15.0, 13.0, 11.0, 34.0, -10.0, 10.0, -14.0, 32.0, 11.0, -9.0, 13.0, 16.0, -11.0, -16.0]"
1,1791635768.556982,"[-0.5265780000000007, -5.009018999999995, -0.9660330000000101, 0.08865900000000693, -0.17501400000000444, -5.272692000000006, 0.44022300000000314, -0.5265780000000007, 0.6160050000000012, -4.833236999999997, -1.053923999999995, 0.44022300000000314, -1.7570519999999874, 178.243716, 40.166955, 25.928613000000013]","[0.0, 0.0, 0.0, 1.0, 0.0, 1.0, 1.0, 1.0, 1.0, 0.0, 1.0, 1.0, 1.0, 0.0, 1.0, 0.0]","[-9.0, 48.0, 18.0, 15.0, 12.0, 51.0, 11.0, 12.0, 13.0, 51.0, 13.0, 9.0, 13.0, -10.0, 12.0, 14.0]"
1,1791635768.7793014,"[-1.4054879999999912, -4.393781999999987, 0.0007679999999936626, 0.44022300000000314, -0.17501400000000444, -3.7785450000000083, 1.0554600000000107, 0.17654999999999177, 1.6706969999999899, -4.042217999999991, -0.790251000000012, 0.6160050000000012, -1.7570519999999874, 177.98004300000002, 40.518519, 26.192285999999996]","[0.0, 1.0, 1.0, 1.0, 0.0, 1.0, 1.0, 1.0, 3.0, 1.0, 1.0, 1.0, 1.0, 0.0, 1.0, 1.0]","[-9.0, 61.0, 18.0, 17.0, 12.0, 57.0, 12.0, 14.0, 14.0, 64.0, 16.0, 12.0, 14.0, -16.0, 14.0, 15.0]"
1,1791635769.0066676,"[-2.548070999999993, -4.042217999999991, 0.8796780000000126, 1.582806000000005, -0.17501400000000444, -2.548070999999993, 1.846478999999988, 1.407024000000007, 2.725389000000007, -2.372288999999995, 0.08865900000000693, 0.6160050000000012, -1.7570519999999874, 177.71636999999998, 40.870082999999994, 27.071196000000015]","[-1.0, 6.0, 1.0, 3.0, 0.0, 7.0, 2.0, 1.0, 4.0, 2.0, 1.0, 0.0, 1.0, 0.0, 6.0, 0.0]","[-10.0, 78.0, 19.0, 17.0, 11.0, 62.0, 11.0, 13.0, 14.0, 69.0, 16.0, 15.0, 13.0, -25.0, 14.0, 15.0]"
1,1791635769.2283568,"[-3.426981000000012, 0.3523319999999899, 1.7585880000000031, 2.3738250000000107, -0.17501400000000444, 0.26444100000000503, 2.6374979999999937, 2.1980430000000126, 3.6921900000000107, -2.372288999999995, 1.0554600000000107, 1.9343700000000013, -1.7570519999999874, 177.540588, 42.27633900000001, 28.03799699999999]","[0.0, 1.0, 1.0, 1.0, 0.0, 5.0, 3.0, 1.0, 1.0, 1.0, 1.0, 6.0, 1.0, 0.0, 2.0, 3.0]","[-9.0, 52.0, 19.0, 17.0, 12.0, 52.0, 12.0, 13.0, 14.0, 97.0, 17.0, 14.0, 13.0, -36.0, 14.0, 15.0]"
1,1791635769.4512203,"[-4.481673000000001, 0.3523319999999899, 2.813279999999992, 3.5164080000000126, -0.17501400000000444, 0.7917869999999994, 3.4285169999999994, 3.3406260000000145, 3.7800809999999956, 1.9343700000000013, 2.0222610000000145, 2.901171000000005, -1.7570519999999874, 175.43120399999998, 43.331030999999996, 29.180579999999992]","[-2.0, 1.0, 2.0, 3.0, 0.0, 7.0, 2.0, 3.0, 1.0, 8.0, 3.0, 3.0, 1.0, -5.0, 3.0, 5.0]","[-9.0, 79.0, 18.0, 16.0, 11.0, 67.0, 13.0, 13.0, 16.0, 59.0, 17.0, 14.0, 14.0, -37.0, 13.0, 14.0]"
1,1791635769.678617,"[-5.360582999999991, 4.043754000000007, 3.7800809999999956, 4.043754000000007, -0.17501400000000444, 4.043754000000007, 4.395318000000003, 4.30742699999999, 5.713683000000003, 4.395318000000003, 2.98906199999999, 4.043754000000007, -1.7570519999999874, 173.233929, 44.38572300000001, 30.147380999999996]","[0.0, 5.0, 4.0, 6.0, 0.0, 3.0, 2.0, 1.0, 3.0, 3.0, 3.0, 1.0, 1.0, -1.0, 2.0, 3.0]","[-9.0, 52.0, 20.0, 17.0, 10.0, 54.0, 14.0, 12.0, 14.0, 58.0, 17.0, 13.0, 13.0, -34.0, 14.0, 15.0]"
1,1791635769.9025872,"[-6.151601999999997, 4.746881999999999, 4.834773000000013, 5.62579199999999, -0.17501400000000444, 6.065246999999999, 5.274227999999994, 5.186337000000009, 6.416810999999996, 5.801573999999988, 4.131644999999992, 4.834773000000013, -1.7570519999999874, 170.77298100000002, 45.528306000000015, 31.114182]","[-1.0, 8.0, 3.0, 2.0, 0.0, 5.0, 3.0, 1.0, 3.0, 6.0, 4.0, 1.0, 1.0, -7.0, 1.0, 1.0]","[-10.0, 67.0, 20.0, 15.0, 12.0, 57.0, 14.0, 13.0, 14.0, 61.0, 17.0, 14.0, 13.0, -29.0, 13.0, 16.0]"
1,1791635770.1233742,"[-7.294184999999999, 8.350413000000003, 5.889465000000001, 6.592592999999994, -0.17501400000000444, 6.153138000000013, 5.362119000000007, 6.504702000000009, 7.647285000000011, 8.438303999999988, 5.098445999999996, 6.065246999999999, -1.7570519999999874, 169.27883400000002, 46.67088899999999, 32.16887399999999]","[-2.0, 5.0, 1.0, 1.0, 0.0, 0.0, 1.0, 5.0, 2.0, 7.0, 2.0, 2.0, 1.0, 0.0, 4.0, 3.0]","[-10.0, 52.0, 20.0, 17.0, 11.0, 84.0, 17.0, 13.0, 13.0, 58.0, 17.0, 13.0, 14.0, -36.0, 12.0, 14.0]"
1,1791635770.3481855,"[-8.260986000000003, 10.020342, 6.504702000000009, 7.471503000000013, -0.17501400000000444, 10.108233000000013, 7.207830000000001, 7.383611999999999, 8.614086000000015, 9.668778000000003, 6.153138000000013, 7.032048000000003, -1.7570519999999874, 168.487815, 47.37401700000001, 33.13567499999999]","[0.0, 2.0, 7.0, 1.0, 0.0, 5.0, 1.0, 1.0, 1.0, 1.0, 4.0, 1.0, 1.0, 0.0, 1.0, 3.0]","[-9.0, 58.0, 20.0, 16.0, 11.0, 53.0, 13.0, 14.0, 13.0, 66.0, 16.0, 13.0, 14.0, -45.0, 13.0, 15.0]"
1,1791635770.5745487,"[-9.315677999999991, 12.129726000000005, 7.910957999999994, 8.614086000000015, -0.17501400000000444, 11.426598000000013, 8.174631000000005, 8.526195000000001, 9.492996000000005, 9.668778000000003, 6.856266000000005, 7.998849000000007, -1.7570519999999874, 165.851085, 48.34081800000001, 34.19036700000001]","[0.0, 4.0, 3.0, 3.0, 0.0, 1.0, 3.0, 2.0, 3.0, 1.0, 1.0, 4.0, 1.0, -11.0, 1.0, 3.0]","[-9.0, 56.0, 18.0, 16.0, 11.0, 65.0, 14.0, 12.0, 13.0, 92.0, 16.0, 12.0, 13.0, -34.0, 13.0, 13.0]"
1,1791635770.7948203,"[-10.19458800000001, 12.129726000000005, 8.789868000000013, 9.492996000000005, -0.17501400000000444, 11.514488999999998, 9.229322999999994, 9.405104999999992, 10.635579000000007, 12.393398999999988, 7.998849000000007, 9.053540999999996, -1.7570519999999874, 163.829592, 49.483401000000015, 35.15716800000001]","[0.0, 1.0, 4.0, 3.0, 0.0, 1.0, 1.0, 1.0, 3.0, 22.0, 1.0, 2.0, 1.0, 0.0, 3.0, 3.0]","[-10.0, 83.0, 20.0, 17.0, 11.0, 87.0, 15.0, 13.0, 14.0, 67.0, 18.0, 14.0, 14.0, -39.0, 13.0, 14.0]"
1,1791635771.0225065,"[-10.985606999999987, 15.821147999999994, 9.932451000000015, 10.635579000000007, -0.17501400000000444, 16.084821000000005, 10.28401500000001, 10.371905999999996, 11.514488999999998, 15.909039000000007, 9.053540999999996, 9.932451000000015, -1.7570519999999874, 161.45653500000003, 50.098637999999994, 36.12396899999999]","[-3.0, 8.0, 4.0, 2.0, 0.0, 8.0, 4.0, 2.0, 3.0, 1.0, 3.0, 1.0, 1.0, -7.0, 3.0, 3.0]","[-11.0, 59.0, 19.0, 16.0, 12.0, 59.0, 13.0, 14.0, 14.0, 65.0, 17.0, 13.0, 14.0, -33.0, 14.0, 14.0]"
1,1791635771.2450006,"[-12.216081000000003, 17.930532, 10.811361000000005, 11.514488999999998, -0.17501400000000444, 17.403186000000005, 10.371905999999996, 11.426598000000013, 12.657072, 18.282095999999996, 9.668778000000003, 10.89925199999999, -1.7570519999999874, 159.52293300000002, 51.241220999999996, 37.178661000000005]","[-2.0, 3.0, 1.0, 1.0, 0.0, 7.0, 1.0, 4.0, 3.0, 4.0, 1.0, 0.0, 1.0, -1.0, 3.0, 2.0]","[-10.0, 57.0, 19.0, 16.0, 12.0, 56.0, 16.0, 14.0, 14.0, 59.0, 19.0, 14.0, 13.0, -37.0, 13.0, 14.0]"
1,1791635771.4671438,"[-13.182882000000006, 20.039916000000005, 11.778162000000009, 12.657072, -0.17501400000000444, 20.039916000000005, 12.21761699999999, 12.393398999999988, 13.623873000000003, 19.248897, 10.89925199999999, 11.866052999999994, -1.7570519999999874, 157.50144, 52.208022, 38.14546200000001]","[-2.0, 6.0, 1.0, 4.0, 0.0, 3.0, 1.0, 1.0, 1.0, 1.0, 1.0, 5.0, 1.0, 0.0, 3.0, 2.0]","[-10.0, 56.0, 20.0, 15.0, 10.0, 54.0, 15.0, 13.0, 14.0, 72.0, 19.0, 13.0, 15.0, -36.0, 13.0, 15.0]"
1,1791635771.6944497,"[-14.237573999999995, 21.973518000000013, 12.832853999999998, 13.448091000000005, -0.17501400000000444, 20.12780699999999, 13.272309000000007, 13.53598199999999, 14.590674000000007, 19.248897, 10.987143000000003, 13.008635999999996, -1.7570519999999874, 155.567838, 53.08693199999999, 39.375935999999996]","[0.0, 3.0, 3.0, 2.0, 0.0, 1.0, 3.0, 2.0, 2.0, 1.0, 1.0, 3.0, 1.0, -3.0, 3.0, 3.0]","[-11.0, 61.0, 19.0, 16.0, 11.0, 84.0, 13.0, 12.0, 14.0, 99.0, 22.0, 13.0, 13.0, -36.0, 14.0, 13.0]"
1,1791635771.914766,"[-15.292266000000012, 23.731337999999994, 13.887546000000015, 14.502782999999994, -0.17501400000000444, 24.346575, 14.23911000000001, 14.414892000000009, 15.733257000000009, 24.434466000000015, 13.096527000000009, 13.799655000000001, -1.7570519999999874, 153.634236, 54.22951499999999, 40.254846000000015]","[-1.0, 6.0, 3.0, 3.0, 0.0, 10.0, 3.0, 1.0, 1.0, 13.0, 7.0, 4.0, 1.0, -3.0, 4.0, 2.0]","[-11.0, 57.0, 20.0, 16.0, 11.0, 55.0, 13.0, 13.0, 13.0, 51.0, 17.0, 13.0, 13.0, -33.0, 13.0, 14.0]"
1,1791635772.1424868,"[-16.434848999999986, 26.455959000000007, 14.942238000000003, 15.469583999999998, -0.17501400000000444, 26.016503999999998, 15.381693000000013, 15.821147999999994, 16.787948999999998, 26.631741000000005, 13.975437, 14.502782999999994, -1.7570519999999874, 151.61274300000002, 55.196315999999996, 41.22164699999999]","[-1.0, 11.0, 3.0, 3.0, 0.0, 1.0, 1.0, 2.0, 3.0, 2.0, 1.0, 7.0, 1.0, -3.0, 3.0, 2.0]","[-10.0, 45.0, 18.0, 16.0, 11.0, 60.0, 13.0, 13.0, 13.0, 54.0, 18.0, 14.0, 14.0, -34.0, 14.0, 14.0]"
1,1791635772.3664026,"[-17.40164999999999, 28.565343000000013, 15.909039000000007, 16.436385, -0.17501400000000444, 28.389561000000015, 16.436385, 16.787948999999998, 17.666858999999988, 28.565343000000013, 15.030128999999988, 15.909039000000007, -1.7570519999999874, 150.382269, 56.163117, 42.188447999999994]","[-2.0, 3.0, 1.0, 2.0, 0.0, 4.0, 3.0, 2.0, 2.0, 1.0, 4.0, 3.0, 1.0, 0.0, 3.0, 2.0]","[-9.0, 52.0, 19.0, 16.0, 10.0, 53.0, 13.0, 12.0, 14.0, 55.0, 16.0, 14.0, 14.0, -41.0, 14.0, 15.0]"
1,1791635772.5872571,"[-18.632124000000005, 31.114182, 17.139512999999994, 17.403186000000005, -0.17501400000000444, 29.971598999999998, 17.578968000000003, 17.75475, 18.633659999999992, 28.565343000000013, 16.084821000000005, 15.996929999999992, -1.7570519999999874, 148.360776, 57.21780900000002, 43.155249]","[-2.0, 6.0, 5.0, 3.0, 0.0, 2.0, 4.0, 2.0, 2.0, 1.0, 1.0, 1.0, 1.0, -2.0, 3.0, 2.0]","[-9.0, 45.0, 18.0, 15.0, 11.0, 60.0, 14.0, 12.0, 14.0, 81.0, 17.0, 17.0, 13.0, -42.0, 14.0, 15.0]"
1,1791635772.811442,"[-19.686815999999993, 32.608329, 18.106313999999998, 18.282095999999996, -0.17501400000000444, 32.432547, 18.36998700000001, 18.721551000000005, 19.248897, 32.87200200000001, 17.315294999999992, 18.018423000000013, -1.7570519999999874, 145.899828, 58.18460999999999, 44.12205]","[-3.0, 5.0, 2.0, 4.0, 0.0, 9.0, 1.0, 3.0, 7.0, 15.0, 5.0, 4.0, 1.0, -2.0, 2.0, 1.0]","[-9.0, 53.0, 17.0, 16.0, 11.0, 54.0, 14.0, 12.0, 14.0, 45.0, 15.0, 12.0, 14.0, -39.0, 13.0, 14.0]"
1,1791635773.0383456,"[-20.565726000000012, 35.15716800000001, 19.161006000000015, 19.424678999999998, -0.17501400000000444, 34.45403999999999, 19.161006000000015, 19.68835200000001, 20.655153000000013, 33.399348, 18.457877999999994, 18.897333000000003, -1.7570519999999874, 143.526771, 59.327192999999994, 45.17674199999999]","[0.0, 6.0, 1.0, 2.0, 0.0, 1.0, 1.0, 1.0, 2.0, 1.0, 3.0, 2.0, 1.0, -7.0, 3.0, 3.0]","[-9.0, 44.0, 18.0, 15.0, 11.0, 56.0, 15.0, 12.0, 14.0, 68.0, 14.0, 13.0, 13.0, -33.0, 14.0, 15.0]"
1,1791635773.2623086,"[-21.7962, 36.914987999999994, 20.303588999999988, 20.39148, -0.17501400000000444, 36.82709700000001, 20.215698000000003, 20.655153000000013, 21.885627, 37.26655199999999, 19.424678999999998, 19.952024999999992, -1.7570519999999874, 141.50527799999998, 59.41508400000001, 46.05565200000001]","[-1.0, 5.0, 3.0, 1.0, 0.0, 7.0, 1.0, 1.0, 3.0, 11.0, 3.0, 3.0, 1.0, 0.0, 1.0, 1.0]","[-9.0, 48.0, 17.0, 16.0, 11.0, 45.0, 15.0, 12.0, 13.0, 42.0, 14.0, 13.0, 15.0, -36.0, 16.0, 15.0]"
1,1791635773.4862816,"[-22.850891999999988, 39.200154, 21.358281000000005, 21.621953999999988, -0.08712299999999118, 38.76069899999999, 20.83093500000001, 21.709845, 22.412972999999994, 37.354443, 20.655153000000013, 21.00671700000001, -1.7570519999999874, 139.92324000000002, 61.260795, 47.110344]","[-2.0, 5.0, 3.0, 4.0, 2.0, 5.0, 5.0, 4.0, 1.0, 1.0, 2.0, 1.0, 1.0, -8.0, 5.0, 1.0]","[-8.0, 45.0, 17.0, 14.0, 1.0, 48.0, 16.0, 13.0, 14.0, 69.0, 16.0, 13.0, 13.0, -38.0, 13.0, 15.0]"
1,1791635773.707361,"[-23.905584000000005, 41.22164699999999, 22.500864000000007, 22.500864000000007, -0.08712299999999118, 40.95797400000001, 21.797736000000015, 22.76453699999999, 23.819229000000007, 41.661102, 21.44617199999999, 22.237190999999996, -1.7570519999999874, 137.198619, 62.403378000000004, 48.165036000000015]","[0.0, 2.0, 3.0, 3.0, 1.0, 8.0, 2.0, 1.0, 4.0, 14.0, 6.0, 3.0, 1.0, -2.0, 3.0, 1.0]","[-9.0, 44.0, 17.0, 15.0, 8.0, 44.0, 16.0, 12.0, 14.0, 41.0, 15.0, 12.0, 13.0, -34.0, 13.0, 14.0]"
1,1791635773.9317374,"[-24.87238500000001, 42.979467, 23.379773999999998, 22.588754999999992, -0.08712299999999118, 43.59470400000001, 22.588754999999992, 23.555555999999996, 24.873920999999996, 43.59470400000001, 22.76453699999999, 22.32508200000001, -1.7570519999999874, 135.177126, 63.19439700000001, 49.13183699999999]","[-1.0, 11.0, 3.0, 0.0, 0.0, 5.0, 1.0, 1.0, 1.0, 4.0, 3.0, 1.0, 1.0, -5.0, 1.0, 2.0]","[-9.0, 44.0, 18.0, 18.0, 1.0, 44.0, 17.0, 13.0, 13.0, 44.0, 14.0, 17.0, 13.0, -31.0, 13.0, 15.0]"
1,1791635774.1557105,"[-25.927076999999997, 45.967760999999996, 24.170793000000003, 24.434466000000015, -0.08712299999999118, 45.791979, 23.46766500000001, 24.78603000000001, 25.840722, 46.407216000000005, 23.555555999999996, 24.08290199999999, -1.7570519999999874, 132.716178, 64.33698000000001, 50.098637999999994]","[-2.0, 3.0, 1.0, 3.0, 0.0, 9.0, 4.0, 1.0, 1.0, 6.0, 1.0, 5.0, 1.0, -6.0, 4.0, 3.0]","[0.0, 40.0, 17.0, 15.0, 0.0, 38.0, 17.0, 11.0, 13.0, 35.0, 16.0, 13.0, 14.0, -29.0, 13.0, 15.0]"
1,1791635774.3822627,"[-26.981768999999986, 48.165036000000015, 25.225484999999992, 25.489158000000003, -0.08712299999999118, 47.901363, 24.698138999999998, 25.752831000000015, 26.983305, 47.901363, 24.78603000000001, 25.313376000000005, -1.7570519999999874, 130.87046700000002, 64.424871, 51.065439]","[0.0, 6.0, 1.0, 1.0, 1.0, 3.0, 2.0, 1.0, 1.0, 4.0, 4.0, 1.0, 1.0, -3.0, 1.0, 3.0]","[0.0, 37.0, 18.0, 16.0, 0.0, 42.0, 15.0, 13.0, 0.0, 42.0, 15.0, 12.0, 13.0, -31.0, 17.0, 15.0]"
1,1791635774.6048477,"[-27.94856999999999, 50.362311000000005, 26.28017700000001, 26.71963199999999, -0.08712299999999118, 50.01074700000001, 25.840722, 26.895413999999988, 27.950106000000005, 50.97754800000001, 25.752831000000015, 26.28017700000001, -1.7570519999999874, 128.49741, 66.358473, 52.208022]","[1.0, 1.0, 1.0, 4.0, 1.0, 6.0, 2.0, 1.0, 1.0, 7.0, 2.0, 2.0, 1.0, -3.0, 5.0, 2.0]","[0.0, 37.0, 18.0, 15.0, 0.0, 37.0, 15.0, 11.0, 0.0, 32.0, 14.0, 13.0, 14.0, -29.0, 13.0, 15.0]"
1,1791635774.8289704,"[-28.82748000000001, 52.29591300000001, 27.159087, 27.59854200000001, -0.08712299999999118, 52.383804, 27.071196000000015, 27.42276000000001, 29.004797999999994, 52.29591300000001, 26.895413999999988, 27.510650999999996, -1.7570519999999874, 127.003263, 67.501056, 53.174823]","[0.0, 8.0, 1.0, 2.0, 1.0, 5.0, 3.0, 1.0, 1.0, 2.0, 2.0, 2.0, 1.0, 0.0, 3.0, 1.0]","[-9.0, 32.0, 18.0, 16.0, 0.0, 34.0, 14.0, 13.0, -2.0, 38.0, 14.0, 11.0, 12.0, -33.0, 13.0, 15.0]"
1,1791635775.0541317,"[-29.97006300000001, 55.10842500000001, 28.30167, 28.74112500000001, -0.08712299999999118, 54.58107900000002, 28.125888000000003, 28.565343000000013, 30.05949000000001, 54.844752, 28.03799699999999, 28.565343000000013, -1.7570519999999874, 124.89387900000003, 68.555748, 54.14162400000001]","[-2.0, 3.0, 1.0, 4.0, 1.0, 6.0, 2.0, 1.0, 1.0, 10.0, 4.0, 1.0, 1.0, -4.0, 4.0, 3.0]","[0.0, 32.0, 17.0, 14.0, 0.0, 32.0, 14.0, 13.0, 0.0, 30.0, 13.0, 11.0, 14.0, -28.0, 13.0, 15.0]"
1,1791635775.2766452,"[-30.936863999999986, 57.04202699999999, 29.180579999999992, 29.707926000000015, -0.08712299999999118, 56.690462999999994, 29.35636199999999, 29.795817, 31.026291000000015, 56.42679000000001, 29.004797999999994, 29.707926000000015, -1.7570519999999874, 123.48762299999999, 69.43465800000001, 55.196315999999996]","[0.0, 6.0, 1.0, 3.0, 1.0, 2.0, 4.0, 1.0, 1.0, 1.0, 3.0, 1.0, 1.0, 0.0, 3.0, 3.0]","[0.0, 32.0, 18.0, 14.0, 0.0, 33.0, 13.0, 12.0, 0.0, 38.0, 14.0, 11.0, 13.0, -35.0, 14.0, 14.0]"
1,1791635775.5020168,"[-31.991556000000003, 59.23930200000001, 30.498944999999992, 30.850508999999988, -0.08712299999999118, 58.975629, 30.586836000000005, 30.762618000000003, 32.080983, 56.42679000000001, 29.795817, 30.586836000000005, -1.7570519999999874, 120.49932899999999, 70.57724100000001, 56.25100800000001]","[-2.0, 3.0, 1.0, 2.0, 1.0, 3.0, 4.0, 1.0, 1.0, 1.0, 1.0, 4.0, 1.0, -8.0, 4.0, 4.0]","[0.0, 29.0, 17.0, 15.0, 0.0, 29.0, 13.0, 12.0, 0.0, 58.0, 15.0, 11.0, 12.0, -28.0, 12.0, 14.0]"
1,1791635775.7261147,"[-32.95835700000001, 61.085013000000004, 31.37785500000001, 31.817309999999992, -0.08712299999999118, 61.348686000000015, 31.641527999999994, 31.905201000000005, 33.04778400000001, 61.348686000000015, 31.026291000000015, 31.641527999999994, -1.7570519999999874, 118.38994500000001, 71.54404199999999, 57.21780900000002]","[0.0, 6.0, 1.0, 1.0, 1.0, 3.0, 2.0, 1.0, 1.0, 12.0, 5.0, 2.0, 1.0, -1.0, 1.0, 2.0]","[0.0, 27.0, 16.0, 15.0, 0.0, 27.0, 13.0, 12.0, 0.0, 27.0, 13.0, 10.0, 13.0, -28.0, 12.0, 15.0]"
1,1791635775.9500678,"[-34.013048999999995, 63.897525, 32.608329, 32.87200200000001, -0.08712299999999118, 63.80963400000002, 32.69622000000001, 32.87200200000001, 34.01458500000001, 63.721743000000004, 32.16887399999999, 32.432547, -1.7570519999999874, 116.28056099999998, 72.774516, 58.272501000000005]","[0.0, 5.0, 3.0, 3.0, 1.0, 6.0, 3.0, 2.0, 0.0, 3.0, 4.0, 1.0, 1.0, -4.0, 1.0, 2.0]","[0.0, 25.0, 17.0, 14.0, 0.0, 25.0, 12.0, 12.0, -3.0, 25.0, 11.0, 12.0, 13.0, -28.0, 12.0, 14.0]"
1,1791635776.1712804,"[-35.06774100000001, 65.919018, 33.750912, 33.83880300000001, -0.08712299999999118, 66.00690900000001, 34.01458500000001, 34.01458500000001, 35.069277, 65.919018, 33.223566000000005, 33.57513, -1.7570519999999874, 114.171177, 73.91709900000001, 59.23930200000001]","[0.0, 6.0, 3.0, 1.0, 1.0, 2.0, 4.0, 5.0, 1.0, 3.0, 1.0, 3.0, 1.0, -2.0, 3.0, 2.0]","[0.0, 22.0, 16.0, 15.0, 0.0, 22.0, 11.0, 10.0, 0.0, 27.0, 12.0, 11.0, 14.0, -27.0, 13.0, 14.0]"
1,1791635776.3976827,"[-35.946651, 68.29207500000001, 34.80560399999999, 34.893495, -0.08712299999999118, 68.028402, 34.981386000000015, 34.981386000000015, 36.036078, 68.204184, 34.45403999999999, 34.541931000000005, -1.7570519999999874, 111.886011, 74.88390000000001, 60.293994]","[0.0, 3.0, 1.0, 3.0, 1.0, 1.0, 4.0, 3.0, 0.0, 8.0, 3.0, 2.0, 1.0, -5.0, 3.0, 3.0]","[-9.0, 21.0, 15.0, 14.0, 0.0, 23.0, 11.0, 11.0, -4.0, 23.0, 12.0, 11.0, 13.0, -23.0, 12.0, 15.0]"
1,1791635776.6204834,"[-37.00134299999999, 70.313568, 35.860296000000005, 35.860296000000005, -0.08712299999999118, 70.48935, 36.21186, 35.94818699999999, 37.00287900000001, 70.40145900000002, 35.420840999999996, 35.245059, -1.7570519999999874, 109.77662700000002, 76.02648299999998, 61.348686000000015]","[0.0, 6.0, 3.0, 1.0, 1.0, 2.0, 4.0, 1.0, 1.0, 2.0, 2.0, 1.0, 1.0, -1.0, 3.0, 1.0]","[0.0, 20.0, 16.0, 15.0, 0.0, 22.0, 10.0, 11.0, 0.0, 21.0, 11.0, 12.0, 13.0, -26.0, 12.0, 14.0]"
1,1791635776.8460429,"[-37.968143999999995, 73.03818900000002, 37.09076999999999, 36.82709700000001, -0.08712299999999118, 72.86240699999999, 37.354443, 37.00287900000001, 38.057570999999996, 72.59873400000001, 36.563424, 36.47553300000001, -1.7570519999999874, 108.106698, 77.08117500000003, 62.227596000000005]","[0.0, 4.0, 2.0, 2.0, 1.0, 5.0, 2.0, 2.0, 1.0, 5.0, 3.0, 3.0, 1.0, -3.0, 3.0, 1.0]","[-9.0, 19.0, 15.0, 16.0, 0.0, 17.0, 11.0, 12.0, 0.0, 19.0, 12.0, 11.0, 13.0, -26.0, 12.0, 15.0]"
1,1791635777.0694995,"[-38.847053999999986, 75.147573, 38.14546200000001, 37.881789, -0.08712299999999118, 75.147573, 38.32124400000001, 37.96968000000001, 39.024372, 74.620227, 37.706007, 37.354443, -1.7570519999999874, 105.82153199999999, 77.78430300000002, 63.01861500000001]","[0.0, 6.0, 2.0, 4.0, 1.0, 5.0, 1.0, 1.0, 1.0, 1.0, 4.0, 2.0, 0.0, 0.0, 1.0, 1.0]","[-9.0, 17.0, 15.0, 15.0, 0.0, 18.0, 11.0, 11.0, 0.0, 21.0, 10.0, 12.0, 13.0, -24.0, 12.0, 15.0]"
1,1791635777.2941556,"[-40.077528, 77.52062999999998, 39.375935999999996, 38.672808, -0.08712299999999118, 77.256957, 39.551717999999994, 39.200154, 39.991173, 76.64172000000002, 38.672808, 38.497026000000005, -1.7570519999999874, 104.76684, 77.78430300000002, 63.106505999999996]","[-1.0, 5.0, 4.0, 2.0, 1.0, 6.0, 1.0, 3.0, 1.0, 7.0, 1.0, 3.0, 0.0, 0.0, 0.0, 1.0]","[0.0, 16.0, 15.0, 14.0, 0.0, 17.0, 10.0, 11.0, 13.0, 19.0, 11.0, 12.0, 13.0, -31.0, 16.0, 18.0]"
1,1791635777.5144327,"[-40.78065599999999, 79.63001400000002, 40.43062800000001, 39.63960900000001, -0.08712299999999118, 77.34484800000001, 40.60641000000001, 40.07906399999999, 40.95797400000001, 79.19055900000001, 39.815391000000005, 38.936481000000015, -1.7570519999999874, 104.76684, 77.87219399999998, 63.106505999999996]","[-3.0, 5.0, 3.0, 3.0, 1.0, 1.0, 2.0, 3.0, 2.0, 1.0, 4.0, 5.0, 0.0, 0.0, 0.0, 1.0]","[-8.0, 16.0, 14.0, 16.0, 0.0, 17.0, 10.0, 11.0, 13.0, 18.0, 10.0, 14.0, 13.0, -31.0, 18.0, 22.0]"
1,1791635777.7419221,"[-42.01113000000001, 82.00307099999998, 41.48532, 40.694300999999996, -0.08712299999999118, 77.34484800000001, 41.661102, 40.870082999999994, 41.661102, 81.29994299999998, 40.870082999999994, 40.518519, -1.8449430000000007, 104.94262200000003, 77.78430300000002, 63.106505999999996]","[0.0, 5.0, 1.0, 1.0, 1.0, 1.0, 2.0, 1.0, 1.0, 6.0, 2.0, 3.0, 0.0, 1.0, 0.0, 1.0]","[0.0, 15.0, 15.0, 15.0, 0.0, 16.0, 10.0, 11.0, 14.0, 17.0, 11.0, 12.0, 9.0, -10.0, 8.0, 13.0]"
1,1791635777.9624033,"[-43.065822, 84.28823699999998, 42.627903, 41.661102, -0.08712299999999118, 77.69641200000001, 42.71579399999999, 42.10055700000001, 43.06735800000001, 83.673, 42.012665999999996, 41.573211000000015, -1.8449430000000007, 104.94262200000003, 77.78430300000002, 63.106505999999996]","[0.0, 4.0, 3.0, 4.0, 1.0, 3.0, 3.0, 3.0, 3.0, 4.0, 2.0, 4.0, 1.0, 0.0, 1.0, 0.0]","[0.0, 14.0, 14.0, 15.0, 0.0, 16.0, 10.0, 11.0, 0.0, 16.0, 10.0, 12.0, 9.0, -9.0, 9.0, 13.0]"
1,1791635778.189895,"[-44.032623, 86.48551200000003, 43.59470400000001, 42.803685, -0.08712299999999118, 77.69641200000001, 43.68259499999999, 42.979467, 44.03415899999999, 85.78238399999998, 43.155249, 42.54001199999999, -1.9328339999999855, 104.94262200000003, 77.78430300000002, 63.106505999999996]","[0.0, 5.0, 1.0, 4.0, 1.0, 1.0, 2.0, 1.0, 2.0, 4.0, 4.0, 3.0, 0.0, 0.0, 0.0, 0.0]","[0.0, 13.0, 14.0, 15.0, 0.0, 15.0, 9.0, 12.0, 0.0, 15.0, 11.0, 12.0, 10.0, -11.0, 10.0, 13.0]"
1,1791635778.4138875,"[-45.08731499999999, 88.41911399999998, 44.649395999999996, 43.506812999999994, -0.08712299999999118, 77.69641200000001, 44.56150500000001, 44.12205, 44.91306900000001, 88.155441, 44.209941000000015, 43.770486000000005, -1.8449430000000007, 104.94262200000003, 77.78430300000002, 63.106505999999996]","[0.0, 6.0, 3.0, 1.0, 1.0, 1.0, 1.0, 3.0, 1.0, 4.0, 2.0, 2.0, 1.0, 1.0, 0.0, 0.0]","[0.0, 13.0, 13.0, 15.0, 0.0, 16.0, 11.0, 11.0, 0.0, 14.0, 9.0, 11.0, 8.0, -10.0, 10.0, 14.0]"
1,1791635778.6378312,"[-46.05411599999999, 88.594896, 45.528306000000015, 44.91306900000001, -0.08712299999999118, 77.69641200000001, 45.528306000000015, 45.00095999999999, 46.05565200000001, 88.33122300000002, 45.17674199999999, 44.825177999999994, -1.9328339999999855, 104.94262200000003, 77.78430300000002, 63.106505999999996]","[0.0, 1.0, 1.0, 4.0, 1.0, 1.0, 1.0, 1.0, 2.0, 2.0, 3.0, 3.0, 0.0, 1.0, 1.0, 0.0]","[0.0, 13.0, 14.0, 14.0, 0.0, 16.0, 11.0, 12.0, -14.0, 14.0, 10.0, 12.0, 9.0, -12.0, 9.0, 13.0]"
1,1791635778.8617818,"[-47.020917, 88.594896, 46.582998, 45.87987000000001, -0.08712299999999118, 77.69641200000001, 46.143542999999994, 45.967760999999996, 47.02245300000001, 88.33122300000002, 46.143542999999994, 45.791979, -1.9328339999999855, 104.94262200000003, 77.78430300000002, 63.106505999999996]","[0.0, 1.0, 2.0, 2.0, 1.0, 0.0, 1.0, 1.0, 0.0, 1.0, 2.0, 6.0, 0.0, 1.0, 0.0, 0.0]","[0.0, 13.0, 14.0, 14.0, 0.0, 16.0, 11.0, 11.0, -13.0, 14.0, 10.0, 11.0, 9.0, -7.0, 10.0, 14.0]"
1,1791635779.0852962,"[-47.72404499999999, 88.594896, 47.54979900000001, 47.19823500000001, -0.17501400000000444, 77.608521, 46.846671000000015, 47.110344, 48.077145, 88.33122300000002, 47.19823500000001, 47.02245300000001, -1.9328339999999855, 104.94262200000003, 77.78430300000002, 63.106505999999996]","[-1.0, 1.0, 1.0, 3.0, 0.0, 1.0, 2.0, 2.0, 0.0, 1.0, 3.0, 3.0, 0.0, 0.0, 1.0, 0.0]","[-9.0, 13.0, 14.0, 15.0, 11.0, 17.0, 12.0, 11.0, -11.0, 14.0, 10.0, 11.0, 11.0, -10.0, 6.0, 13.0]"
1,1791635779.3082988,"[-49.04240999999999, 88.594896, 48.428709, 48.077145, -0.17501400000000444, 77.608521, 47.461907999999994, 47.901363, 49.043946000000005, 88.33122300000002, 47.901363, 47.63768999999999, -1.9328339999999855, 104.94262200000003, 77.78430300000002, 63.106505999999996]","[-2.0, 1.0, 1.0, 1.0, 0.0, 0.0, 1.0, 1.0, 1.0, 1.0, 1.0, 1.0, 1.0, 0.0, 1.0, 0.0]","[0.0, 13.0, 14.0, 14.0, 12.0, 16.0, 13.0, 11.0, -14.0, 14.0, 10.0, 11.0, 9.0, -10.0, 9.0, 13.0]"
1,1791635779.531535,"[-49.833428999999995, 88.594896, 49.39551, 49.219728, -0.2629049999999893, 77.608521, 48.077145, 48.86816400000001, 50.01074700000001, 88.33122300000002, 48.51660000000001, 48.604490999999996, -1.9328339999999855, 104.94262200000003, 77.87219399999998, 63.106505999999996]","[0.0, 1.0, 1.0, 3.0, 1.0, 0.0, 1.0, 1.0, 1.0, 1.0, 1.0, 2.0, 0.0, 1.0, 1.0, 1.0]","[-10.0, 13.0, 15.0, 15.0, 11.0, 16.0, 15.0, 11.0, -14.0, 13.0, 12.0, 12.0, 9.0, -9.0, 4.0, 11.0]"
1,1791635779.755892,"[-50.80023, 88.594896, 50.45020199999999, 50.45020199999999, -0.2629049999999893, 77.52062999999998, 48.86816400000001, 50.01074700000001, 51.15333000000001, 88.33122300000002, 49.83496500000001, 49.747074, -1.9328339999999855, 104.94262200000003, 77.78430300000002, 63.106505999999996]","[0.0, 1.0, 2.0, 3.0, 0.0, 0.0, 2.0, 1.0, 1.0, 1.0, 4.0, 2.0, 1.0, 0.0, 0.0, 0.0]","[-9.0, 13.0, 15.0, 14.0, 12.0, 18.0, 15.0, 12.0, -14.0, 14.0, 11.0, 10.0, 9.0, -11.0, 7.0, 14.0]"
1,1791635779.9801025,"[-51.767031, 88.594896, 51.417002999999994, 51.32911200000001, -0.2629049999999893, 77.52062999999998, 48.95605499999999, 50.801766000000015, 52.03224, 88.33122300000002, 50.97754800000001, 50.713875, -1.9328339999999855, 104.94262200000003, 77.78430300000002, 63.106505999999996]","[0.0, 1.0, 4.0, 3.0, 0.0, 0.0, 1.0, 1.0, 0.0, 1.0, 1.0, 1.0, 1.0, 0.0, 0.0, 0.0]","[-9.0, 12.0, 16.0, 13.0, 11.0, 17.0, 19.0, 12.0, 0.0, 14.0, 10.0, 11.0, 10.0, -6.0, 10.0, 13.0]"
1,1791635780.204007,"[-52.82172299999999, 88.594896, 52.29591300000001, 52.29591300000001, -0.2629049999999893, 77.43273900000003, 50.098637999999994, 52.03224, 53.174823, 88.33122300000002, 51.417002999999994, 51.241220999999996, -1.9328339999999855, 104.94262200000003, 77.78430300000002, 63.106505999999996]","[-2.0, 1.0, 1.0, 1.0, 0.0, 0.0, 1.0, 2.0, 0.0, 0.0, 2.0, 1.0, 1.0, 0.0, 0.0, 0.0]","[-9.0, 12.0, 15.0, 14.0, 11.0, 20.0, 18.0, 12.0, -13.0, 15.0, 12.0, 13.0, 11.0, -10.0, 9.0, 12.0]"
1,1791635780.4296858,"[-53.876414999999994, 88.594896, 53.26271400000002, 53.350605, -0.2629049999999893, 77.43273900000003, 50.098637999999994, 52.999041000000005, 54.14162400000001, 88.33122300000002, 51.680676000000005, 51.76856699999999, -1.9328339999999855, 104.94262200000003, 77.87219399999998, 63.106505999999996]","[-2.0, 1.0, 1.0, 3.0, 0.0, 0.0, 1.0, 1.0, 1.0, 1.0, 1.0, 1.0, 0.0, 1.0, 1.0, 1.0]","[-8.0, 13.0, 15.0, 14.0, 11.0, 20.0, 24.0, 12.0, -14.0, 13.0, 15.0, 14.0, 10.0, -10.0, 1.0, 11.0]"
1,1791635780.6516838,"[-54.491652, 88.85856899999999, 54.40529699999999, 54.317406000000005, -0.2629049999999893, 77.34484800000001, 51.241220999999996, 54.14162400000001, 55.10842500000001, 88.33122300000002, 51.76856699999999, 52.383804, -1.9328339999999855, 104.94262200000003, 77.78430300000002, 63.106505999999996]","[0.0, 0.0, 2.0, 2.0, 0.0, 0.0, 2.0, 2.0, 1.0, 0.0, 1.0, 1.0, 0.0, 0.0, 0.0, 0.0]","[-10.0, 12.0, 15.0, 14.0, 11.0, 18.0, 24.0, 11.0, -14.0, 13.0, 18.0, 16.0, 10.0, -9.0, 10.0, 13.0]"
1,1791635780.8748841,"[-55.45845299999999, 88.77067799999998, 55.196315999999996, 55.28420700000001, -0.2629049999999893, 77.34484800000001, 51.32911200000001, 54.93264300000001, 56.163117, 88.33122300000002, 52.03224, 52.999041000000005, -1.9328339999999855, 104.85473100000002, 77.87219399999998, 63.106505999999996]","[0.0, -1.0, 1.0, 2.0, 0.0, 0.0, 1.0, 1.0, 1.0, 0.0, 1.0, 1.0, 0.0, 1.0, 1.0, 0.0]","[-10.0, 12.0, 16.0, 13.0, 11.0, 18.0, 31.0, 12.0, -14.0, 14.0, 23.0, 17.0, 9.0, -9.0, 5.0, 13.0]"
1,1791635781.0982397,"[-56.425253999999995, 88.77067799999998, 56.338899, 56.338899, -0.2629049999999893, 77.256957, 52.47169500000001, 55.811553, 57.04202699999999, 88.33122300000002, 52.03224, 53.702169, -1.9328339999999855, 104.94262200000003, 77.78430300000002, 63.106505999999996]","[0.0, 0.0, 3.0, 4.0, 0.0, 0.0, 2.0, 1.0, 1.0, 0.0, 0.0, 2.0, 0.0, 1.0, 1.0, 0.0]","[-10.0, 12.0, 14.0, 15.0, 12.0, 19.0, 30.0, 12.0, -14.0, 14.0, 28.0, 18.0, 9.0, -9.0, 7.0, 13.0]"
1,1791635781.3259413,"[-57.128382, 88.85856899999999, 57.3057, 57.129918, -0.2629049999999893, 77.256957, 52.47169500000001, 56.954136000000005, 58.008827999999994, 88.33122300000002, 52.559585999999996, 54.053732999999994, -1.9328339999999855, 104.94262200000003, 77.87219399999998, 63.106505999999996]","[-1.0, 1.0, 3.0, 3.0, 1.0, 0.0, 1.0, 1.0, 1.0, 0.0, 1.0, 1.0, 0.0, 1.0, 2.0, 1.0]","[-10.0, 12.0, 15.0, 14.0, 10.0, 19.0, 37.0, 12.0, -13.0, 13.0, 32.0, 22.0, 9.0, -10.0, 1.0, 14.0]"
1,1791635781.5495517,"[-58.622529, 88.85856899999999, 58.53617400000002, 58.008827999999994, -0.2629049999999893, 76.29015600000002, 52.383804, 56.954136000000005, 58.008827999999994, 88.33122300000002, 52.383804, 53.96584200000001, -1.9328339999999855, 104.94262200000003, 77.78430300000002, 63.106505999999996]","[-2.0, 0.0, 4.0, 1.0, 1.0, 1.0, 1.0, 1.0, 1.0, 0.0, 0.0, 0.0, 0.0, 0.0, 1.0, 0.0]","[-9.0, 12.0, 14.0, 15.0, 11.0, 13.0, 7.0, 0.0, 0.0, 0.0, 9.0, 10.0, 9.0, -10.0, 10.0, 14.0]"
1,1791635781.7728128,"[-59.149874999999994, 88.85856899999999, 59.590866000000005, 59.06352000000001, -0.2629049999999893, 76.29015600000002, 52.383804, 56.954136000000005, 58.008827999999994, 88.33122300000002, 52.383804, 53.96584200000001, -1.9328339999999855, 104.94262200000003, 77.78430300000002, 63.106505999999996]","[0.0, 1.0, 2.0, 3.0, 1.0, 1.0, 0.0, 1.0, 1.0, 0.0, 0.0, 0.0, 0.0, 1.0, 0.0, 1.0]","[-10.0, 13.0, 13.0, 13.0, 11.0, 14.0, 9.0, 0.0, 0.0, 0.0, 9.0, 9.0, 9.0, -9.0, 10.0, 7.0]"
1,1791635781.9946318,"[-60.468239999999994, 88.85856899999999, 60.55766700000001, 59.23930200000001, -0.2629049999999893, 76.20226500000001, 52.383804, 56.954136000000005, 58.008827999999994, 88.33122300000002, 52.383804, 53.96584200000001, -1.9328339999999855, 104.94262200000003, 77.78430300000002, 63.106505999999996]","[-2.0, 1.0, 1.0, 1.0, 1.0, 0.0, 0.0, 1.0, 1.0, 0.0, 0.0, 0.0, 0.0, 1.0, 0.0, 0.0]","[-10.0, 12.0, 14.0, 15.0, 11.0, 13.0, 10.0, 0.0, 0.0, 0.0, 9.0, 9.0, 9.0, -10.0, 9.0, 14.0]"
1,1791635782.2192726,"[-61.698713999999995, 88.85856899999999, 61.085013000000004, 59.23930200000001, -0.2629049999999893, 76.20226500000001, 52.383804, 56.954136000000005, 58.008827999999994, 88.33122300000002, 52.383804, 53.96584200000001, -1.9328339999999855, 104.94262200000003, 77.78430300000002, 63.106505999999996]","[0.0, 1.0, 1.0, 1.0, 1.0, 1.0, 0.0, 1.0, 1.0, 0.0, 0.0, 0.0, 0.0, 1.0, 1.0, 0.0]","[-9.0, 12.0, 16.0, 13.0, 11.0, 13.0, 10.0, 0.0, 0.0, 0.0, 9.0, 9.0, 9.0, -10.0, 10.0, 13.0]"
1,1791635782.4423213,"[-62.753406, 88.85856899999999, 61.52446800000001, 59.23930200000001, -0.2629049999999893, 76.20226500000001, 52.383804, 56.954136000000005, 58.008827999999994, 88.33122300000002, 52.383804, 53.96584200000001, -1.9328339999999855, 104.94262200000003, 77.78430300000002, 63.106505999999996]","[-2.0, 1.0, 1.0, 1.0, 1.0, 0.0, 1.0, 1.0, 1.0, 0.0, 0.0, 0.0, 0.0, 0.0, 0.0, 1.0]","[-8.0, 11.0, 16.0, 15.0, 11.0, 13.0, 9.0, 0.0, 0.0, 0.0, 9.0, 9.0, 10.0, -6.0, 10.0, 13.0]"
1,1791635782.6664972,"[-63.98388, 88.85856899999999, 61.963922999999994, 59.23930200000001, -0.2629049999999893, 76.20226500000001, 52.383804, 56.954136000000005, 58.008827999999994, 88.33122300000002, 52.383804, 53.96584200000001, -1.9328339999999855, 104.94262200000003, 77.78430300000002, 63.106505999999996]","[-1.0, 1.0, 1.0, 1.0, 1.0, 1.0, 0.0, 1.0, 1.0, 0.0, 0.0, 0.0, 0.0, 1.0, 0.0, 0.0]","[0.0, 12.0, 18.0, 15.0, 11.0, 13.0, 9.0, 0.0, 0.0, 0.0, 9.0, 9.0, 10.0, -10.0, 10.0, 13.0]"
1,1791635782.8934839,"[-64.950681, 88.94646, 62.31548699999999, 59.151410999999996, -0.2629049999999893, 76.20226500000001, 52.383804, 56.954136000000005, 58.008827999999994, 88.33122300000002, 52.383804, 53.96584200000001, -1.9328339999999855, 104.94262200000003, 77.78430300000002, 63.106505999999996]","[0.0, 1.0, 1.0, 0.0, 1.0, 1.0, 0.0, 1.0, 1.0, 0.0, 0.0, 0.0, 0.0, 0.0, 0.0, 1.0]","[0.0, 12.0, 21.0, 14.0, 12.0, 13.0, 9.0, 0.0, 0.0, 0.0, 9.0, 8.0, 9.0, -8.0, 10.0, 13.0]"
1,1791635783.1175263,"[-65.829591, 88.94646, 62.754942, 59.151410999999996, -0.2629049999999893, 76.20226500000001, 52.383804, 56.954136000000005, 58.008827999999994, 88.33122300000002, 52.383804, 53.96584200000001, -1.9328339999999855, 104.85473100000002, 77.78430300000002, 63.106505999999996]","[0.0, 1.0, 1.0, 0.0, 1.0, 0.0, 1.0, 0.0, 1.0, 0.0, 0.0, 0.0, 0.0, 0.0, 1.0, 0.0]","[-2.0, 12.0, 25.0, 15.0, 11.0, 14.0, 7.0, 0.0, 0.0, 0.0, 9.0, 9.0, 10.0, -7.0, 10.0, 13.0]"
1,1791635783.3396509,"[-66.972174, 88.94646, 63.282287999999994, 59.151410999999996, -0.2629049999999893, 76.20226500000001, 52.383804, 56.954136000000005, 58.008827999999994, 88.33122300000002, 52.383804, 53.96584200000001, -1.9328339999999855, 104.94262200000003, 77.78430300000002, 63.106505999999996]","[-2.0, 1.0, 0.0, 1.0, 1.0, 0.0, 0.0, 0.0, 1.0, 0.0, 0.0, 0.0, 0.0, 1.0, 0.0, 0.0]","[0.0, 13.0, 28.0, 14.0, 12.0, 14.0, 9.0, 0.0, 0.0, 0.0, 9.0, 9.0, 10.0, -7.0, 9.0, 14.0]"
1,1791635783.5654132,"[-67.851084, 88.94646, 63.63385199999999, 59.06352000000001, -0.2629049999999893, 76.20226500000001, 52.383804, 56.954136000000005, 58.008827999999994, 88.33122300000002, 52.383804, 53.96584200000001, -1.9328339999999855, 104.94262200000003, 77.87219399999998, 63.106505999999996]","[-1.0, 1.0, 1.0, 0.0, 1.0, 1.0, 0.0, 0.0, 1.0, 0.0, 0.0, 0.0, 0.0, 1.0, 1.0, 1.0]","[-8.0, 13.0, 33.0, 15.0, 11.0, 13.0, 10.0, 0.0, 0.0, 0.0, 9.0, 9.0, 10.0, -8.0, 6.0, 11.0]"
1,1791635783.7896793,"[-68.729994, 88.94646, 64.16119800000001, 59.06352000000001, -0.2629049999999893, 76.20226500000001, 52.383804, 56.954136000000005, 58.008827999999994, 88.33122300000002, 52.383804, 53.96584200000001, -1.9328339999999855, 104.94262200000003, 77.78430300000002, 63.106505999999996]","[-1.0, 1.0, 1.0, 0.0, 1.0, 0.0, 1.0, 0.0, 1.0, 0.0, 0.0, 0.0, 0.0, 0.0, 1.0, 0.0]","[-9.0, 14.0, 38.0, 16.0, 11.0, 13.0, 9.0, 0.0, 0.0, 0.0, 9.0, 9.0, 9.0, -4.0, 9.0, 13.0]"
1,1791635784.0111783,"[-68.729994, 88.94646, 63.985416000000015, 58.975629, -0.2629049999999893, 76.20226500000001, 52.383804, 56.954136000000005, 58.008827999999994, 88.33122300000002, 52.383804, 53.96584200000001, -1.9328339999999855, 104.94262200000003, 77.78430300000002, 63.106505999999996]","[0.0, 1.0, 1.0, 0.0, 1.0, 1.0, 1.0, 0.0, 1.0, 0.0, 0.0, 0.0, 0.0, 1.0, 0.0, 0.0]","[8.0, 11.0, 13.0, 13.0, 11.0, 14.0, 5.0, 0.0, 0.0, 0.0, 9.0, 9.0, 9.0, -11.0, 10.0, 13.0]"
2,1791635786.025555,"[0.0007679999999936626, -5.096910000000008, -1.229705999999993, -0.17501400000000444, -0.17501400000000444, -5.712146999999987, -0.08712299999999118, -0.4386869999999874, 0.17654999999999177, -5.360582999999991, -1.053923999999995, 0.3523319999999899, -1.3175970000000063, 178.243716, 40.166955, 25.752831000000015]","[1.0, 1.0, 0.0, 0.0, 1.0, 1.0, 1.0, 1.0, 0.0, 0.0, 1.0, 0.0, 1.0, 1.0, 0.0, 0.0]","[-8.0, 34.0, 16.0, 13.0, 11.0, 38.0, 0.0, 9.0, -14.0, 36.0, 11.0, -10.0, 12.0, 16.0, -10.0, -15.0]"
2,1791635786.253224,"[0.0007679999999936626, -5.096910000000008, -0.790251000000012, 0.08865900000000693, -0.17501400000000444, -5.272692000000006, 0.44022300000000314, -0.35079600000000255, 0.17654999999999177, -5.272692000000006, -1.053923999999995, 0.3523319999999899, -1.3175970000000063, 177.98004300000002, 40.254846000000015, 25.840722]","[1.0, 1.0, 1.0, 1.0, 1.0, 1.0, 1.0, 1.0, 0.0, 1.0, 1.0, 0.0, 1.0, 0.0, 1.0, 1.0]","[-9.0, 42.0, 17.0, 15.0, 12.0, 54.0, 11.0, 13.0, -14.0, 45.0, 16.0, 9.0, 16.0, -12.0, 11.0, 13.0]"
2,1791635786.4772885,"[0.0007679999999936626, -4.833236999999997, -0.08712299999999118, 0.44022300000000314, -0.17501400000000444, -4.1301090000000045, 0.9675689999999975, 0.44022300000000314, 0.17654999999999177, -5.272692000000006, -0.6144689999999855, 0.6160050000000012, -1.3175970000000063, 177.62847900000003, 40.518519, 26.28017700000001]","[1.0, 1.0, 2.0, 1.0, 1.0, 1.0, 1.0, 2.0, 0.0, 1.0, 1.0, 1.0, 1.0, 0.0, 1.0, 1.0]","[-9.0, 48.0, 18.0, 16.0, 11.0, 58.0, 12.0, 13.0, -14.0, 56.0, 16.0, 12.0, 21.0, -24.0, 14.0, 15.0]"
2,1791635786.697817,"[0.0007679999999936626, -4.833236999999997, 0.8796780000000126, 1.582806000000005, -0.17501400000000444, -2.548070999999993, 1.846478999999988, 1.407024000000007, 0.17654999999999177, -4.481673000000001, 0.17654999999999177, 0.6160050000000012, -1.3175970000000063, 176.310114, 41.39742899999999, 27.159087]","[1.0, 1.0, 1.0, 3.0, 1.0, 1.0, 1.0, 1.0, 0.0, 1.0, 3.0, 1.0, 1.0, -2.0, 3.0, 1.0]","[-9.0, 60.0, 19.0, 15.0, 11.0, 65.0, 12.0, 14.0, -14.0, 58.0, 17.0, 15.0, 28.0, -36.0, 13.0, 15.0]"
2,1791635786.9247653,"[0.0007679999999936626, -3.60276300000001, 1.7585880000000031, 2.4617159999999956, -0.17501400000000444, -0.08712299999999118, 2.6374979999999937, 2.1980430000000126, 0.17654999999999177, -4.481673000000001, 1.407024000000007, 1.9343700000000013, -1.3175970000000063, 173.14603799999998, 42.188447999999994, 28.03799699999999]","[1.0, 4.0, 1.0, 2.0, 1.0, 5.0, 1.0, 1.0, 0.0, 1.0, 1.0, 5.0, 1.0, -4.0, 1.0, 1.0]","[-9.0, 57.0, 19.0, 17.0, 11.0, 60.0, 12.0, 13.0, -14.0, 69.0, 16.0, 13.0, 35.0, -34.0, 14.0, 14.0]"
2,1791635787.1456957,"[0.0007679999999936626, -3.514871999999997, 2.901171000000005, 3.5164080000000126, -0.17501400000000444, 1.582806000000005, 3.4285169999999994, 3.3406260000000145, 0.17654999999999177, -4.481673000000001, 2.1980430000000126, 2.901171000000005, -1.3175970000000063, 169.80617999999998, 43.06735800000001, 29.180579999999992]","[1.0, 1.0, 2.0, 3.0, 1.0, 1.0, 1.0, 3.0, 0.0, 1.0, 2.0, 2.0, 1.0, -4.0, 1.0, 3.0]","[-9.0, 64.0, 18.0, 16.0, 11.0, 67.0, 13.0, 13.0, -14.0, 82.0, 16.0, 15.0, 42.0, -31.0, 14.0, 14.0]"
2,1791635787.3695538,"[0.0007679999999936626, -1.3175970000000063, 3.7800809999999956, 3.9558629999999937, -0.17501400000000444, 3.6921900000000107, 4.395318000000003, 4.30742699999999, 0.17654999999999177, -2.196506999999997, 3.164843999999988, 4.043754000000007, 0.6160050000000012, 168.31203299999999, 44.473614, 30.147380999999996]","[1.0, 5.0, 4.0, 6.0, 1.0, 5.0, 2.0, 1.0, 0.0, 3.0, 2.0, 1.0, 9.0, 0.0, 3.0, 2.0]","[-9.0, 53.0, 20.0, 17.0, 11.0, 59.0, 13.0, 13.0, -14.0, 64.0, 17.0, 13.0, 32.0, -44.0, 13.0, 15.0]"
2,1791635787.597103,"[0.0007679999999936626, -1.053923999999995, 4.834773000000013, 5.62579199999999, -0.17501400000000444, 5.801573999999988, 5.274227999999994, 5.274227999999994, 0.17654999999999177, -0.35079600000000255, 4.30742699999999, 4.746881999999999, 1.6706969999999899, 164.620611, 45.528306000000015, 31.202073000000013]","[0.0, 1.0, 3.0, 3.0, 1.0, 8.0, 3.0, 1.0, 0.0, 5.0, 1.0, 1.0, 1.0, -4.0, 1.0, 2.0]","[-8.0, 59.0, 20.0, 16.0, 11.0, 55.0, 14.0, 14.0, -14.0, 53.0, 16.0, 15.0, 31.0, -34.0, 13.0, 15.0]"
2,1791635787.8210309,"[0.0007679999999936626, 0.3523319999999899, 5.889465000000001, 6.592592999999994, -0.17501400000000444, 7.647285000000011, 5.537901000000005, 6.416810999999996, 0.17654999999999177, -0.35079600000000255, 5.186337000000009, 6.065246999999999, 2.901171000000005, 161.36864400000002, 46.67088899999999, 32.16887399999999]","[0.0, 1.0, 1.0, 1.0, 1.0, 5.0, 4.0, 5.0, 0.0, 0.0, 2.0, 3.0, 5.0, -7.0, 4.0, 1.0]","[-9.0, 54.0, 20.0, 15.0, 12.0, 60.0, 16.0, 12.0, -14.0, 70.0, 16.0, 13.0, 33.0, -34.0, 13.0, 15.0]"
2,1791635788.043086,"[0.0007679999999936626, 0.3523319999999899, 6.768374999999992, 7.471503000000013, -0.17501400000000444, 9.844560000000001, 7.207830000000001, 7.383611999999999, 0.17654999999999177, 0.26444100000000503, 6.328920000000011, 7.032048000000003, 3.4285169999999994, 158.38035000000002, 47.37401700000001, 33.223566000000005]","[0.0, 1.0, 3.0, 1.0, 1.0, 6.0, 1.0, 1.0, 0.0, 5.0, 2.0, 1.0, 6.0, -2.0, 1.0, 3.0]","[-5.0, 66.0, 20.0, 17.0, 11.0, 58.0, 14.0, 14.0, -14.0, 69.0, 16.0, 14.0, 32.0, -34.0, 15.0, 15.0]"
2,1791635788.2690961,"[0.0007679999999936626, 1.6706969999999899, 7.823067000000009, 8.614086000000015, -0.17501400000000444, 11.426598000000013, 8.26252199999999, 8.526195000000001, 0.17654999999999177, 0.528113999999988, 7.119938999999988, 7.998849000000007, 5.098445999999996, 155.304165, 48.34081800000001, 34.278257999999994]","[1.0, 10.0, 1.0, 3.0, 1.0, 4.0, 2.0, 3.0, 0.0, 1.0, 1.0, 4.0, 5.0, -5.0, 1.0, 3.0]","[-9.0, 56.0, 20.0, 16.0, 11.0, 61.0, 14.0, 12.0, -14.0, 82.0, 17.0, 14.0, 29.0, -35.0, 14.0, 14.0]"
2,1791635788.493026,"[0.0007679999999936626, 3.076953000000003, 8.877758999999998, 9.492996000000005, -0.17501400000000444, 12.393398999999988, 9.229322999999994, 9.405104999999992, 0.17654999999999177, 0.528113999999988, 8.26252199999999, 9.053540999999996, 6.065246999999999, 152.40376200000003, 49.571292, 35.33295000000001]","[0.0, 1.0, 1.0, 1.0, 1.0, 10.0, 1.0, 1.0, 0.0, 1.0, 3.0, 2.0, 7.0, -5.0, 2.0, 3.0]","[-6.0, 57.0, 19.0, 15.0, 11.0, 69.0, 14.0, 13.0, -14.0, 97.0, 16.0, 13.0, 27.0, -33.0, 13.0, 14.0]"
2,1791635788.7169974,"[0.0007679999999936626, 3.6042989999999975, 9.756668999999988, 10.635579000000007, -0.17501400000000444, 15.821147999999994, 10.28401500000001, 10.371905999999996, 0.17654999999999177, 3.5164080000000126, 9.053540999999996, 9.932451000000015, 7.471503000000013, 150.20648699999998, 50.362311000000005, 36.21186]","[0.0, 6.0, 1.0, 1.0, 1.0, 5.0, 3.0, 2.0, 0.0, 18.0, 4.0, 2.0, 6.0, 0.0, 2.0, 2.0]","[-9.0, 64.0, 20.0, 14.0, 11.0, 59.0, 16.0, 13.0, -15.0, 55.0, 17.0, 14.0, 27.0, -41.0, 14.0, 14.0]"
2,1791635788.9387035,"[0.0007679999999936626, 4.483208999999988, 10.811361000000005, 11.514488999999998, -0.17501400000000444, 17.666858999999988, 10.371905999999996, 11.426598000000013, 0.17654999999999177, 5.098445999999996, 10.108233000000013, 10.89925199999999, 7.998849000000007, 147.13030200000003, 51.50489400000001, 37.354443]","[1.0, 1.0, 2.0, 1.0, 1.0, 3.0, 1.0, 4.0, 0.0, 1.0, 3.0, 1.0, 1.0, -3.0, 3.0, 2.0]","[-9.0, 63.0, 19.0, 17.0, 12.0, 64.0, 16.0, 12.0, -14.0, 60.0, 17.0, 15.0, 29.0, -40.0, 13.0, 14.0]"
2,1791635789.1611643,"[0.0007679999999936626, 5.537901000000005, 11.778162000000009, 12.657072, -0.17501400000000444, 19.952024999999992, 12.21761699999999, 12.393398999999988, 0.17654999999999177, 5.098445999999996, 10.89925199999999, 11.778162000000009, 9.317214000000007, 143.35098900000003, 52.47169500000001, 38.233352999999994]","[1.0, 0.0, 1.0, 3.0, 1.0, 5.0, 2.0, 1.0, 0.0, 1.0, 1.0, 3.0, 4.0, -7.0, 3.0, 1.0]","[-9.0, 63.0, 20.0, 14.0, 11.0, 55.0, 14.0, 13.0, -14.0, 74.0, 19.0, 14.0, 28.0, -31.0, 13.0, 14.0]"
2,1791635789.3858106,"[0.0007679999999936626, 5.537901000000005, 12.569181000000015, 13.448091000000005, -0.17501400000000444, 21.358281000000005, 13.272309000000007, 13.53598199999999, 0.17654999999999177, 7.119938999999988, 11.778162000000009, 12.92074500000001, 10.459797000000009, 140.27480400000002, 53.526387, 39.46382700000001]","[0.0, 0.0, 1.0, 2.0, 1.0, 6.0, 3.0, 3.0, 0.0, 7.0, 5.0, 3.0, 7.0, -4.0, 4.0, 2.0]","[-9.0, 73.0, 20.0, 16.0, 11.0, 63.0, 13.0, 12.0, -14.0, 56.0, 18.0, 14.0, 27.0, -35.0, 13.0, 14.0]"
2,1791635789.6129453,"[0.0007679999999936626, 8.614086000000015, 13.799655000000001, 14.502782999999994, -0.17501400000000444, 24.346575, 14.327000999999996, 14.414892000000009, 0.17654999999999177, 7.207830000000001, 13.096527000000009, 13.799655000000001, 11.60238000000001, 137.110728, 54.66897, 40.43062800000001]","[1.0, 8.0, 3.0, 3.0, 1.0, 8.0, 4.0, 1.0, 0.0, 1.0, 4.0, 3.0, 1.0, -2.0, 4.0, 2.0]","[-10.0, 49.0, 19.0, 16.0, 11.0, 62.0, 15.0, 13.0, -14.0, 73.0, 17.0, 14.0, 27.0, -32.0, 12.0, 14.0]"
2,1791635789.8358808,"[0.0007679999999936626, 9.053540999999996, 14.85434699999999, 15.469583999999998, -0.17501400000000444, 26.016503999999998, 15.381693000000013, 15.733257000000009, 0.17654999999999177, 7.207830000000001, 13.887546000000015, 13.975437, 12.21761699999999, 133.85876100000002, 55.635771000000005, 41.48532]","[1.0, 1.0, 2.0, 3.0, 1.0, 3.0, 1.0, 1.0, 0.0, 1.0, 3.0, 3.0, 8.0, -6.0, 1.0, 3.0]","[-9.0, 61.0, 19.0, 16.0, 11.0, 60.0, 15.0, 12.0, -14.0, 85.0, 17.0, 17.0, 29.0, -29.0, 13.0, 14.0]"
2,1791635790.0608528,"[0.0007679999999936626, 10.020342, 15.733257000000009, 16.348493999999988, -0.17501400000000444, 28.389561000000015, 16.524276000000015, 16.787948999999998, 0.17654999999999177, 9.756668999999988, 15.030128999999988, 15.909039000000007, 13.711763999999988, 130.694685, 56.690462999999994, 42.452121000000005]","[1.0, 4.0, 3.0, 2.0, 1.0, 4.0, 3.0, 2.0, 0.0, 1.0, 4.0, 3.0, 4.0, -3.0, 3.0, 1.0]","[-9.0, 57.0, 19.0, 16.0, 12.0, 50.0, 14.0, 12.0, -14.0, 64.0, 16.0, 13.0, 28.0, -30.0, 13.0, 15.0]"
2,1791635790.2848294,"[0.0007679999999936626, 10.108233000000013, 16.787948999999998, 17.315294999999992, -0.17501400000000444, 29.883708000000013, 17.315294999999992, 17.75475, 0.17654999999999177, 9.756668999999988, 15.996929999999992, 15.996929999999992, 13.711763999999988, 127.61849999999998, 57.833045999999996, 43.41892200000001]","[1.0, 1.0, 1.0, 3.0, 1.0, 1.0, 5.0, 2.0, 0.0, 1.0, 1.0, 0.0, 1.0, 0.0, 1.0, 1.0]","[-9.0, 71.0, 20.0, 17.0, 11.0, 64.0, 13.0, 13.0, -14.0, 76.0, 17.0, 17.0, 32.0, -30.0, 11.0, 13.0]"
2,1791635790.5088215,"[0.0007679999999936626, 10.108233000000013, 17.930532, 17.842641000000015, -0.17501400000000444, 32.432547, 18.36998700000001, 18.545769000000007, 0.17654999999999177, 9.932451000000015, 17.227404000000007, 17.842641000000015, 15.821147999999994, 124.89387900000003, 58.975629, 44.38572300000001]","[1.0, 1.0, 3.0, 6.0, 1.0, 9.0, 1.0, 1.0, 0.0, 1.0, 4.0, 4.0, 5.0, -3.0, 4.0, 2.0]","[-9.0, 87.0, 19.0, 17.0, 11.0, 55.0, 14.0, 13.0, -15.0, 88.0, 16.0, 13.0, 24.0, -30.0, 12.0, 14.0]"
2,1791635790.7305262,"[0.0007679999999936626, 13.008635999999996, 18.897333000000003, 19.336788000000013, -0.17501400000000444, 34.36614900000001, 19.248897, 19.68835200000001, 0.17654999999999177, 9.932451000000015, 18.106313999999998, 18.721551000000005, 16.700058000000013, 122.432931, 60.030321000000015, 45.528306000000015]","[0.0, 5.0, 2.0, 1.0, 1.0, 4.0, 2.0, 1.0, 0.0, 0.0, 1.0, 1.0, 1.0, -1.0, 3.0, 3.0]","[-9.0, 59.0, 17.0, 17.0, 11.0, 55.0, 13.0, 12.0, -14.0, 104.0, 16.0, 15.0, 26.0, -37.0, 11.0, 14.0]"
2,1791635790.9568152,"[0.0007679999999936626, 13.008635999999996, 19.952024999999992, 20.39148, -0.17501400000000444, 36.563424, 20.215698000000003, 20.655153000000013, 0.17654999999999177, 9.932451000000015, 19.336788000000013, 19.864134000000007, 17.842641000000015, 118.47783600000002, 61.17290400000002, 46.49510699999999]","[0.0, 0.0, 2.0, 2.0, 0.0, 7.0, 1.0, 1.0, 0.0, 1.0, 4.0, 1.0, 1.0, -5.0, 3.0, 2.0]","[-8.0, 72.0, 19.0, 17.0, 11.0, 49.0, 14.0, 12.0, -14.0, 119.0, 17.0, 14.0, 23.0, -29.0, 12.0, 14.0]"
2,1791635791.1807964,"[0.0007679999999936626, 13.008635999999996, 21.00671700000001, 21.44617199999999, -0.17501400000000444, 38.936481000000015, 20.918825999999996, 21.709845, 0.17654999999999177, 15.118020000000001, 20.479371000000015, 20.83093500000001, 18.985223999999988, 115.13797799999998, 62.227596000000005, 47.461907999999994]","[1.0, 1.0, 2.0, 3.0, 0.0, 6.0, 4.0, 3.0, 0.0, 13.0, 5.0, 1.0, 5.0, -6.0, 2.0, 1.0]","[-9.0, 82.0, 19.0, 15.0, 12.0, 45.0, 15.0, 13.0, -14.0, 55.0, 15.0, 14.0, 21.0, -24.0, 11.0, 14.0]"
2,1791635791.4047256,"[0.0007679999999936626, 15.909039000000007, 22.061408999999998, 22.412972999999994, -0.08712299999999118, 40.870082999999994, 21.797736000000015, 22.76453699999999, 0.17654999999999177, 15.469583999999998, 21.094607999999994, 22.14930000000001, 19.336788000000013, 111.97390200000001, 63.37017900000001, 48.51660000000001]","[1.0, 9.0, 1.0, 2.0, 1.0, 8.0, 1.0, 2.0, 0.0, 1.0, 0.0, 2.0, 4.0, -5.0, 2.0, 2.0]","[-9.0, 56.0, 18.0, 15.0, 6.0, 46.0, 16.0, 12.0, -14.0, 69.0, 17.0, 12.0, 26.0, -24.0, 11.0, 14.0]"
2,1791635791.6263046,"[0.0007679999999936626, 16.87584000000001, 22.852428000000003, 22.500864000000007, -0.08712299999999118, 43.41892200000001, 22.588754999999992, 23.555555999999996, 0.17654999999999177, 15.469583999999998, 22.237190999999996, 22.76453699999999, 21.44617199999999, 108.897717, 64.51276200000001, 49.39551]","[1.0, 1.0, 1.0, 0.0, 1.0, 4.0, 1.0, 1.0, 0.0, 1.0, 3.0, 1.0, 2.0, -1.0, 3.0, 1.0]","[-9.0, 58.0, 19.0, 19.0, 0.0, 44.0, 16.0, 12.0, -15.0, 82.0, 17.0, 15.0, 20.0, -23.0, 11.0, 14.0]"
2,1791635791.8498437,"[0.0007679999999936626, 16.963730999999996, 23.731337999999994, 24.346575, -0.08712299999999118, 45.35252399999999, 23.555555999999996, 24.78603000000001, 0.17654999999999177, 15.469583999999998, 23.203992, 23.731337999999994, 21.44617199999999, 105.469968, 65.391672, 50.45020199999999]","[1.0, 1.0, 1.0, 3.0, 1.0, 4.0, 2.0, 1.0, 0.0, 1.0, 1.0, 2.0, 1.0, -6.0, 1.0, 3.0]","[-8.0, 71.0, 20.0, 16.0, 0.0, 44.0, 16.0, 11.0, -14.0, 95.0, 16.0, 15.0, 25.0, -20.0, 11.0, 14.0]"
2,1791635792.076677,"[0.0007679999999936626, 19.248897, 24.78603000000001, 25.489158000000003, -0.08712299999999118, 47.901363, 24.873920999999996, 25.66494, 0.17654999999999177, 19.336788000000013, 24.434466000000015, 25.225484999999992, 23.379773999999998, 102.21800100000002, 66.710037, 51.417002999999994]","[0.0, 5.0, 3.0, 2.0, 1.0, 5.0, 3.0, 1.0, 0.0, 4.0, 5.0, 4.0, 5.0, -6.0, 3.0, 2.0]","[-9.0, 53.0, 20.0, 16.0, 0.0, 43.0, 15.0, 12.0, -14.0, 59.0, 15.0, 13.0, 19.0, -18.0, 10.0, 14.0]"
2,1791635792.3006787,"[-0.08712299999999118, 19.336788000000013, 25.752831000000015, 26.368067999999994, -0.08712299999999118, 49.571292, 25.840722, 26.895413999999988, 0.17654999999999177, 19.424678999999998, 25.489158000000003, 26.016503999999998, 23.907119999999992, 99.58127100000002, 66.885819, 51.856458]","[1.0, 1.0, 2.0, 1.0, 1.0, 3.0, 2.0, 2.0, 0.0, 1.0, 3.0, 1.0, 1.0, -2.0, 0.0, 1.0]","[-3.0, 68.0, 20.0, 17.0, 0.0, 46.0, 16.0, 12.0, -14.0, 70.0, 16.0, 13.0, 25.0, -22.0, 12.0, 15.0]"
2,1791635792.522178,"[0.0007679999999936626, 19.336788000000013, 26.631741000000005, 27.59854200000001, -0.08712299999999118, 51.856458, 27.071196000000015, 27.42276000000001, 0.17654999999999177, 19.424678999999998, 26.28017700000001, 27.334868999999998, 23.819229000000007, 96.505086, 66.79792800000001, 51.94434900000002]","[0.0, 1.0, 1.0, 2.0, 1.0, 5.0, 2.0, 1.0, 0.0, 1.0, 5.0, 2.0, 0.0, -5.0, 0.0, 1.0]","[-8.0, 78.0, 20.0, 16.0, 0.0, 38.0, 15.0, 14.0, -14.0, 81.0, 16.0, 13.0, 31.0, -19.0, 16.0, 18.0]"
2,1791635792.7453775,"[-0.08712299999999118, 22.237190999999996, 27.686432999999994, 28.653233999999998, -0.08712299999999118, 53.96584200000001, 28.125888000000003, 28.565343000000013, 0.17654999999999177, 19.424678999999998, 27.334868999999998, 28.389561000000015, 23.819229000000007, 94.571484, 66.710037, 52.03224]","[1.0, 11.0, 4.0, 4.0, 1.0, 4.0, 1.0, 3.0, 0.0, 1.0, 1.0, 2.0, 0.0, 0.0, 0.0, 1.0]","[-3.0, 53.0, 19.0, 15.0, 0.0, 35.0, 15.0, 12.0, -14.0, 95.0, 16.0, 12.0, 40.0, -29.0, 20.0, 23.0]"
2,1791635792.9727798,"[-0.08712299999999118, 22.588754999999992, 28.653233999999998, 29.620035, -0.08712299999999118, 56.338899, 29.35636199999999, 29.795817, 0.17654999999999177, 21.270389999999992, 28.30167, 29.444253000000003, 23.379773999999998, 94.74726600000002, 66.534255, 52.03224]","[0.0, 1.0, 1.0, 1.0, 1.0, 5.0, 3.0, 3.0, 0.0, 23.0, 3.0, 5.0, 0.0, 1.0, 0.0, 1.0]","[-2.0, 65.0, 19.0, 15.0, 0.0, 36.0, 14.0, 11.0, -14.0, 64.0, 16.0, 12.0, 9.0, -10.0, 10.0, 9.0]"
2,1791635793.1965628,"[-0.08712299999999118, 23.379773999999998, 29.532143999999988, 30.67472699999999, -0.08712299999999118, 58.88773800000001, 30.586836000000005, 30.762618000000003, 0.17654999999999177, 25.225484999999992, 29.532143999999988, 30.586836000000005, 23.379773999999998, 94.74726600000002, 66.534255, 51.94434900000002]","[-1.0, 8.0, 1.0, 2.0, 1.0, 5.0, 3.0, 1.0, 0.0, 1.0, 1.0, 4.0, 0.0, 1.0, 1.0, 0.0]","[0.0, 58.0, 20.0, 15.0, 0.0, 33.0, 12.0, 11.0, -14.0, 50.0, 16.0, 12.0, 10.0, -10.0, 9.0, 11.0]"
2,1791635793.4198444,"[0.0007679999999936626, 25.928613000000013, 30.762618000000003, 31.729419000000007, -0.08712299999999118, 60.909231000000005, 31.641527999999994, 31.905201000000005, 0.17654999999999177, 25.225484999999992, 30.23527200000001, 31.465745999999996, 23.379773999999998, 94.74726600000002, 66.534255, 52.03224]","[1.0, 6.0, 2.0, 1.0, 1.0, 5.0, 1.0, 1.0, 0.0, 1.0, 1.0, 1.0, 0.0, 1.0, 0.0, 0.0]","[-6.0, 49.0, 19.0, 15.0, 0.0, 30.0, 13.0, 11.0, -14.0, 59.0, 17.0, 11.0, 9.0, -11.0, 10.0, 5.0]"
2,1791635793.6424725,"[-0.08712299999999118, 26.368067999999994, 31.729419000000007, 32.52043800000001, -0.08712299999999118, 63.19439700000001, 32.784110999999996, 32.784110999999996, 0.17654999999999177, 25.225484999999992, 31.37785500000001, 32.256765, 23.379773999999998, 94.74726600000002, 66.534255, 52.03224]","[0.0, 1.0, 4.0, 1.0, 1.0, 4.0, 4.0, 1.0, 0.0, 1.0, 3.0, 1.0, 0.0, 1.0, 1.0, 1.0]","[-1.0, 56.0, 20.0, 16.0, 0.0, 28.0, 12.0, 12.0, -14.0, 72.0, 16.0, 12.0, 10.0, -11.0, 10.0, 2.0]"
2,1791635793.8669508,"[-0.08712299999999118, 26.71963199999999, 32.87200200000001, 33.83880300000001, -0.08712299999999118, 65.919018, 34.01458500000001, 34.01458500000001, 0.17654999999999177, 28.477452, 32.52043800000001, 33.223566000000005, 23.379773999999998, 94.74726600000002, 66.534255, 51.94434900000002]","[0.0, 7.0, 2.0, 3.0, 1.0, 7.0, 4.0, 4.0, 0.0, 5.0, 3.0, 6.0, 0.0, 1.0, 1.0, 0.0]","[0.0, 57.0, 19.0, 16.0, 0.0, 26.0, 11.0, 12.0, -14.0, 46.0, 16.0, 12.0, 9.0, -10.0, 10.0, 9.0]"
2,1791635794.0926116,"[-0.08712299999999118, 29.180579999999992, 33.83880300000001, 34.717713, -0.08712299999999118, 67.58894699999999, 34.981386000000015, 34.981386000000015, 0.17654999999999177, 28.477452, 33.57513, 34.45403999999999, 23.379773999999998, 94.74726600000002, 66.534255, 51.94434900000002]","[1.0, 3.0, 1.0, 2.0, 1.0, 2.0, 3.0, 2.0, 0.0, 1.0, 2.0, 3.0, 0.0, 1.0, 1.0, 1.0]","[-1.0, 46.0, 19.0, 16.0, 0.0, 28.0, 11.0, 11.0, -15.0, 57.0, 16.0, 11.0, 10.0, -10.0, 10.0, 4.0]"
2,1791635794.3165283,"[-0.08712299999999118, 29.180579999999992, 35.069277, 35.860296000000005, -0.08712299999999118, 70.22567699999999, 36.21186, 35.94818699999999, 0.17654999999999177, 28.653233999999998, 34.62982199999999, 35.15716800000001, 23.379773999999998, 94.74726600000002, 66.534255, 52.03224]","[0.0, 1.0, 4.0, 3.0, 1.0, 8.0, 4.0, 1.0, 0.0, 1.0, 3.0, 1.0, 0.0, 1.0, 0.0, 1.0]","[-1.0, 58.0, 17.0, 15.0, 0.0, 20.0, 11.0, 11.0, -15.0, 66.0, 14.0, 13.0, 9.0, -10.0, 10.0, 5.0]"
2,1791635794.5380945,"[-0.08712299999999118, 31.37785500000001, 36.21186, 36.739205999999996, -0.08712299999999118, 72.510843, 37.354443, 37.00287900000001, 0.17654999999999177, 31.55363700000001, 35.596622999999994, 36.299751000000015, 23.379773999999998, 94.74726600000002, 66.534255, 51.94434900000002]","[1.0, 2.0, 4.0, 3.0, 1.0, 6.0, 2.0, 2.0, 0.0, 11.0, 3.0, 2.0, 0.0, 1.0, 0.0, 1.0]","[0.0, 46.0, 18.0, 16.0, 0.0, 19.0, 11.0, 11.0, -14.0, 43.0, 15.0, 12.0, 10.0, -10.0, 10.0, 9.0]"
2,1791635794.764485,"[-0.08712299999999118, 31.37785500000001, 37.178661000000005, 37.79389800000001, -0.08712299999999118, 74.70811800000001, 38.40913499999999, 37.96968000000001, 0.17654999999999177, 32.344656000000015, 36.82709700000001, 37.26655199999999, 23.379773999999998, 94.74726600000002, 66.62214600000001, 51.94434900000002]","[1.0, 0.0, 1.0, 3.0, 1.0, 5.0, 2.0, 1.0, 0.0, 1.0, 4.0, 1.0, 0.0, 1.0, 1.0, 1.0]","[0.0, 56.0, 17.0, 16.0, 0.0, 20.0, 10.0, 11.0, -14.0, 48.0, 14.0, 12.0, 10.0, -10.0, 11.0, 10.0]"
2,1791635794.9847617,"[-0.08712299999999118, 33.31145699999999, 38.32124400000001, 38.40913499999999, -0.08712299999999118, 76.72961099999998, 39.551717999999994, 39.11226300000001, 0.17654999999999177, 33.223566000000005, 37.79389800000001, 38.233352999999994, 23.379773999999998, 94.74726600000002, 66.534255, 51.94434900000002]","[1.0, 5.0, 2.0, 1.0, 1.0, 3.0, 1.0, 3.0, 0.0, 1.0, 4.0, 6.0, 0.0, 1.0, 0.0, 1.0]","[-1.0, 46.0, 17.0, 18.0, 0.0, 20.0, 11.0, 11.0, -14.0, 49.0, 14.0, 12.0, 9.0, -10.0, 10.0, 10.0]"
2,1791635795.2118363,"[-0.08712299999999118, 33.31145699999999, 39.28804500000001, 39.46382700000001, -0.08712299999999118, 79.102668, 40.694300999999996, 39.991173, 0.17654999999999177, 33.223566000000005, 38.936481000000015, 39.28804500000001, 23.379773999999998, 94.74726600000002, 66.534255, 52.03224]","[0.0, 0.0, 1.0, 1.0, 1.0, 6.0, 3.0, 3.0, 0.0, 1.0, 1.0, 4.0, 0.0, 1.0, 1.0, 2.0]","[0.0, 56.0, 18.0, 15.0, 0.0, 16.0, 10.0, 11.0, -14.0, 59.0, 13.0, 12.0, 10.0, -10.0, 10.0, 1.0]"
2,1791635795.4360447,"[-0.08712299999999118, 35.68451400000001, 40.518519, 40.60641000000001, -0.08712299999999118, 79.542123, 41.133756000000005, 40.870082999999994, 0.17654999999999177, 33.223566000000005, 39.815391000000005, 40.342737, 23.379773999999998, 94.74726600000002, 66.534255, 51.94434900000002]","[0.0, 5.0, 4.0, 1.0, 1.0, 1.0, 1.0, 1.0, 0.0, 1.0, 3.0, 3.0, 0.0, 1.0, 1.0, 0.0]","[0.0, 44.0, 16.0, 14.0, 0.0, 28.0, 11.0, 11.0, -14.0, 70.0, 14.0, 12.0, 10.0, -10.0, 10.0, 13.0]"
2,1791635795.6604393,"[-0.08712299999999118, 35.77240499999999, 41.661102, 41.573211000000015, -0.08712299999999118, 79.893687, 41.48532, 42.10055700000001, 0.17654999999999177, 36.387642, 40.95797400000001, 41.39742899999999, 23.379773999999998, 94.74726600000002, 66.62214600000001, 52.03224]","[0.0, 1.0, 4.0, 4.0, 1.0, 1.0, 1.0, 3.0, 0.0, 17.0, 4.0, 2.0, 0.0, 1.0, 2.0, 1.0]","[0.0, 52.0, 16.0, 16.0, 0.0, 40.0, 13.0, 10.0, -14.0, 40.0, 12.0, 12.0, 10.0, -10.0, 10.0, 8.0]"
2,1791635795.8824868,"[-0.08712299999999118, 37.618116000000015, 42.627903, 42.803685, -0.17501400000000444, 80.50892399999998, 41.836884, 42.979467, 0.17654999999999177, 37.44233399999999, 42.188447999999994, 42.54001199999999, 23.379773999999998, 94.74726600000002, 66.62214600000001, 52.03224]","[0.0, 5.0, 1.0, 4.0, 0.0, 1.0, 1.0, 1.0, 0.0, 1.0, 3.0, 2.0, 0.0, 1.0, 1.0, 0.0]","[0.0, 40.0, 16.0, 16.0, 11.0, 54.0, 15.0, 11.0, -14.0, 46.0, 12.0, 12.0, 10.0, -11.0, 11.0, 7.0]"
2,1791635796.10582,"[-0.08712299999999118, 37.79389800000001, 43.68259499999999, 43.41892200000001, -0.17501400000000444, 80.50892399999998, 42.36422999999999, 43.946268, 0.17654999999999177, 37.44233399999999, 43.155249, 43.68259499999999, 23.379773999999998, 94.74726600000002, 66.62214600000001, 51.94434900000002]","[0.0, 1.0, 2.0, 1.0, 0.0, 1.0, 1.0, 2.0, 0.0, 1.0, 1.0, 2.0, 0.0, 1.0, 0.0, 0.0]","[0.0, 51.0, 16.0, 16.0, 11.0, 78.0, 18.0, 11.0, -15.0, 57.0, 13.0, 11.0, 10.0, -10.0, 10.0, 8.0]"
2,1791635796.3322892,"[-0.08712299999999118, 37.79389800000001, 44.649395999999996, 44.825177999999994, -0.17501400000000444, 81.03627, 42.54001199999999, 45.00095999999999, 0.17654999999999177, 39.72749999999999, 44.297832, 44.73728700000001, 23.379773999999998, 94.74726600000002, 66.62214600000001, 51.94434900000002]","[0.0, 1.0, 1.0, 4.0, 0.0, 1.0, 1.0, 2.0, 0.0, 9.0, 3.0, 2.0, 0.0, 1.0, 1.0, 0.0]","[0.0, 62.0, 16.0, 15.0, 11.0, 88.0, 21.0, 11.0, -14.0, 39.0, 12.0, 11.0, 12.0, -10.0, 11.0, 11.0]"
2,1791635796.556617,"[-0.08712299999999118, 40.95797400000001, 45.70408800000001, 45.791979, -0.17501400000000444, 81.12416100000002, 42.54001199999999, 45.87987000000001, 0.17654999999999177, 41.48532, 45.264633, 45.791979, 23.379773999999998, 94.74726600000002, 66.62214600000001, 52.03224]","[0.0, 7.0, 2.0, 1.0, 0.0, 1.0, 1.0, 1.0, 0.0, 1.0, 2.0, 3.0, 0.0, 1.0, 0.0, 1.0]","[0.0, 42.0, 16.0, 14.0, 12.0, 130.0, 29.0, 12.0, -15.0, 37.0, 12.0, 10.0, 9.0, -10.0, 10.0, 0.0]"
2,1791635796.7781088,"[-0.08712299999999118, 41.661102, 46.67088899999999, 47.19823500000001, -0.17501400000000444, 79.80579599999999, 42.54001199999999, 45.87987000000001, 0.17654999999999177, 42.10055700000001, 46.49510699999999, 47.02245300000001, 23.379773999999998, 94.74726600000002, 66.62214600000001, 52.03224]","[0.0, 4.0, 1.0, 3.0, 0.0, 0.0, 1.0, 1.0, 0.0, 1.0, 3.0, 4.0, 0.0, 1.0, 0.0, 1.0]","[0.0, 43.0, 17.0, 15.0, 11.0, 13.0, 1.0, 0.0, -14.0, 41.0, 12.0, 11.0, 10.0, -10.0, 10.0, 0.0]"
2,1791635797.2263424,"[-0.08712299999999118, 43.331030999999996, 47.901363, 48.165036000000015, -0.17501400000000444, 79.80579599999999, 42.54001199999999, 45.87987000000001, 0.17654999999999177, 42.10055700000001, 47.63768999999999, 48.077145, 23.379773999999998, 94.74726600000002, 66.62214600000001, 52.03224]","[0.0, 1.0, 0.0, 1.0, 0.0, 0.0, 1.0, 1.0, 0.0, 1.0, 1.0, 4.0, 0.0, 1.0, 1.0, 1.0]","[0.0, 38.0, 16.0, 15.0, 11.0, 12.0, 0.0, 0.0, -14.0, 51.0, 12.0, 10.0, 9.0, -10.0, 10.0, 2.0]"
2,1791635797.4508913,"[-0.08712299999999118, 44.38572300000001, 48.780272999999994, 49.219728, -0.17501400000000444, 79.80579599999999, 42.54001199999999, 45.87987000000001, 0.17654999999999177, 44.473614, 48.428709, 48.95605499999999, 23.379773999999998, 94.74726600000002, 66.62214600000001, 52.03224]","[0.0, 5.0, 4.0, 3.0, 0.0, 0.0, 0.0, 1.0, 0.0, 6.0, 3.0, 3.0, 0.0, 1.0, 1.0, 1.0]","[0.0, 34.0, 15.0, 15.0, 12.0, 12.0, 5.0, 0.0, -15.0, 33.0, 12.0, 11.0, 10.0, -10.0, 10.0, 0.0]"
2,1791635797.6750197,"[-0.08712299999999118, 45.616197, 49.65918300000001, 50.45020199999999, -0.17501400000000444, 79.80579599999999, 42.54001199999999, 45.87987000000001, 0.17654999999999177, 44.649395999999996, 49.30761899999999, 49.922855999999996, 23.379773999999998, 94.74726600000002, 66.62214600000001, 51.94434900000002]","[0.0, 1.0, 2.0, 2.0, 0.0, 0.0, 1.0, 1.0, 0.0, 1.0, 2.0, 2.0, 0.0, 1.0, 0.0, 0.0]","[0.0, 34.0, 16.0, 14.0, 12.0, 12.0, 1.0, 0.0, -14.0, 45.0, 12.0, 11.0, 10.0, -10.0, 10.0, 13.0]"
2,1791635797.8980358,"[-0.08712299999999118, 45.616197, 50.801766000000015, 51.417002999999994, -0.17501400000000444, 79.80579599999999, 42.54001199999999, 45.87987000000001, 0.17654999999999177, 47.02245300000001, 50.62598400000002, 50.889657, 23.379773999999998, 94.74726600000002, 66.62214600000001, 52.03224]","[0.0, 1.0, 1.0, 3.0, 0.0, 0.0, 0.0, 1.0, 0.0, 5.0, 3.0, 2.0, 0.0, 1.0, 1.0, 0.0]","[0.0, 44.0, 16.0, 14.0, 12.0, 12.0, 0.0, 0.0, -14.0, 33.0, 11.0, 11.0, 9.0, -12.0, 10.0, 1.0]"
2,1791635798.120922,"[-0.08712299999999118, 47.81347199999999, 51.94434900000002, 52.383804, -0.17501400000000444, 79.80579599999999, 42.54001199999999, 45.87987000000001, 0.17654999999999177, 47.02245300000001, 51.76856699999999, 51.94434900000002, 23.379773999999998, 94.74726600000002, 66.62214600000001, 52.03224]","[0.0, 8.0, 3.0, 3.0, 0.0, 0.0, 1.0, 1.0, 0.0, 1.0, 1.0, 3.0, 0.0, 1.0, 0.0, 1.0]","[0.0, 29.0, 17.0, 14.0, 12.0, 13.0, 0.0, 0.0, -14.0, 42.0, 11.0, 11.0, 10.0, -10.0, 10.0, 4.0]"
2,1791635798.348116,"[-0.08712299999999118, 48.95605499999999, 52.999041000000005, 53.526387, -0.17501400000000444, 79.80579599999999, 42.54001199999999, 45.87987000000001, 0.17654999999999177, 47.02245300000001, 52.64747700000001, 52.91114999999999, 23.379773999999998, 94.74726600000002, 66.62214600000001, 52.03224]","[0.0, 1.0, 3.0, 4.0, 0.0, 0.0, 0.0, 1.0, 0.0, 1.0, 1.0, 4.0, 0.0, 1.0, 1.0, 1.0]","[0.0, 32.0, 14.0, 13.0, 11.0, 13.0, 5.0, 0.0, -14.0, 52.0, 11.0, 11.0, 10.0, -10.0, 10.0, 3.0]"
2,1791635798.5694597,"[-0.08712299999999118, 50.01074700000001, 53.96584200000001, 54.317406000000005, -0.17501400000000444, 79.80579599999999, 42.452121000000005, 45.87987000000001, 0.17654999999999177, 50.18652900000001, 53.79006000000001, 53.79006000000001, 23.379773999999998, 94.74726600000002, 66.62214600000001, 51.94434900000002]","[0.0, 1.0, 3.0, 1.0, 0.0, 0.0, 0.0, 1.0, 0.0, 9.0, 4.0, 1.0, 0.0, 1.0, 0.0, 0.0]","[0.0, 32.0, 15.0, 14.0, 11.0, 13.0, 3.0, 0.0, -14.0, 29.0, 11.0, 11.0, 10.0, -10.0, 10.0, 5.0]"
2,1791635798.7961037,"[-0.08712299999999118, 50.18652900000001, 55.196315999999996, 55.45998900000001, -0.17501400000000444, 79.80579599999999, 42.54001199999999, 45.87987000000001, 0.17654999999999177, 51.417002999999994, 54.844752, 55.020534, 23.379773999999998, 94.74726600000002, 66.62214600000001, 52.03224]","[0.0, 0.0, 3.0, 3.0, 0.0, 0.0, 0.0, 1.0, 0.0, 2.0, 2.0, 4.0, 0.0, 1.0, 1.0, 1.0]","[0.0, 39.0, 17.0, 13.0, 11.0, 12.0, 0.0, 0.0, -14.0, 32.0, 11.0, 11.0, 10.0, -10.0, 10.0, 6.0]"
2,1791635799.0200803,"[-0.08712299999999118, 52.03224, 56.163117, 56.338899, -0.17501400000000444, 79.80579599999999, 42.54001199999999, 45.87987000000001, 0.17654999999999177, 51.417002999999994, 55.811553, 55.89944400000002, 23.379773999999998, 94.74726600000002, 66.62214600000001, 52.03224]","[0.0, 8.0, 1.0, 1.0, 0.0, 0.0, 0.0, 1.0, 0.0, 1.0, 3.0, 2.0, 0.0, 1.0, 1.0, 0.0]","[0.0, 29.0, 15.0, 15.0, 12.0, 12.0, 3.0, 0.0, -14.0, 39.0, 11.0, 11.0, 10.0, -11.0, 10.0, 2.0]"
2,1791635799.2438402,"[-0.08712299999999118, 53.438496000000015, 57.21780900000002, 57.21780900000002, -0.17501400000000444, 79.80579599999999, 42.54001199999999, 45.87987000000001, 0.17654999999999177, 52.735367999999994, 56.86624499999999, 56.86624499999999, 23.379773999999998, 94.74726600000002, 66.62214600000001, 52.03224]","[0.0, 1.0, 2.0, 1.0, 0.0, 0.0, 1.0, 1.0, 0.0, 2.0, 3.0, 1.0, 0.0, 1.0, 1.0, 1.0]","[0.0, 29.0, 14.0, 14.0, 12.0, 12.0, 0.0, 0.0, -15.0, 35.0, 11.0, 11.0, 10.0, -10.0, 10.0, 2.0]"
2,1791635799.4679756,"[0.0007679999999936626, 54.756861000000015, 58.448283, 58.272501000000005, -0.17501400000000444, 79.80579599999999, 42.54001199999999, 45.87987000000001, 0.17654999999999177, 54.58107900000002, 57.74515500000001, 58.008827999999994, 23.379773999999998, 94.74726600000002, 66.62214600000001, 51.94434900000002]","[0.0, 1.0, 4.0, 3.0, 0.0, 0.0, 0.0, 1.0, 0.0, 7.0, 1.0, 4.0, 0.0, 1.0, 1.0, 1.0]","[-5.0, 28.0, 14.0, 14.0, 12.0, 13.0, 0.0, 0.0, -14.0, 26.0, 12.0, 10.0, 11.0, -10.0, 10.0, 8.0]"
2,1791635799.6885633,"[-0.08712299999999118, 55.635771000000005, 59.590866000000005, 59.23930200000001, -0.17501400000000444, 79.80579599999999, 42.54001199999999, 45.87987000000001, 0.17654999999999177, 55.372097999999994, 58.975629, 58.88773800000001, 23.379773999999998, 94.74726600000002, 66.62214600000001, 52.03224]","[1.0, 1.0, 3.0, 1.0, 0.0, 0.0, 1.0, 1.0, 0.0, 0.0, 3.0, 2.0, 0.0, 1.0, 1.0, 0.0]","[-1.0, 27.0, 14.0, 15.0, 12.0, 13.0, 2.0, 0.0, -14.0, 30.0, 11.0, 12.0, 10.0, -9.0, 10.0, 1.0]"
2,1791635799.915008,"[0.0007679999999936626, 56.86624499999999, 59.766648, 60.20610300000001, -0.17501400000000444, 79.80579599999999, 42.54001199999999, 45.87987000000001, 0.17654999999999177, 56.25100800000001, 59.151410999999996, 59.85453900000002, 23.379773999999998, 94.74726600000002, 66.62214600000001, 52.03224]","[1.0, 2.0, 1.0, 2.0, 0.0, 0.0, 1.0, 1.0, 0.0, 1.0, 2.0, 1.0, 0.0, 1.0, 0.0, 1.0]","[-5.0, 27.0, 14.0, 14.0, 11.0, 13.0, 0.0, 0.0, -15.0, 31.0, 9.0, 11.0, 10.0, -11.0, 11.0, 0.0]"
2,1791635800.1400814,"[-0.08712299999999118, 58.008827999999994, 59.766648, 61.348686000000015, -0.17501400000000444, 79.80579599999999, 42.54001199999999, 45.87987000000001, 0.17654999999999177, 56.25100800000001, 59.327192999999994, 60.99712199999999, 23.379773999999998, 94.74726600000002, 66.62214600000001, 52.03224]","[1.0, 3.0, 1.0, 2.0, 0.0, 0.0, 0.0, 1.0, 0.0, 1.0, 1.0, 2.0, 0.0, 1.0, 0.0, 0.0]","[-2.0, 26.0, 13.0, 14.0, 12.0, 12.0, 0.0, 0.0, -14.0, 38.0, 10.0, 11.0, 9.0, -10.0, 10.0, 7.0]"
2,1791635800.3620608,"[-0.08712299999999118, 58.975629, 59.766648, 62.13970499999999, -0.17501400000000444, 79.80579599999999, 42.54001199999999, 45.87987000000001, 0.17654999999999177, 57.833045999999996, 59.327192999999994, 61.788140999999996, 23.379773999999998, 94.74726600000002, 66.534255, 52.03224]","[1.0, 3.0, 1.0, 1.0, 0.0, 0.0, 1.0, 1.0, 0.0, 2.0, 1.0, 1.0, 0.0, 1.0, 0.0, 1.0]","[-4.0, 25.0, 13.0, 15.0, 12.0, 13.0, 0.0, 0.0, -14.0, 33.0, 10.0, 11.0, 11.0, -10.0, 10.0, 2.0]"
2,1791635800.5863547,"[0.0007679999999936626, 59.590866000000005, 59.766648, 63.37017900000001, -0.17501400000000444, 79.80579599999999, 42.54001199999999, 45.87987000000001, 0.17654999999999177, 58.624065, 59.327192999999994, 62.05181400000001, 23.379773999999998, 94.74726600000002, 66.62214600000001, 52.03224]","[0.0, 1.0, 1.0, 4.0, 0.0, 0.0, 0.0, 1.0, 0.0, 1.0, 1.0, 0.0, 0.0, 1.0, 2.0, 1.0]","[-8.0, 27.0, 13.0, 13.0, 11.0, 12.0, 2.0, 0.0, -15.0, 35.0, 9.0, 13.0, 9.0, -10.0, 10.0, 7.0]"
2,1791635800.8107684,"[-0.08712299999999118, 60.82133999999999, 59.85453900000002, 64.249089, -0.17501400000000444, 79.80579599999999, 42.54001199999999, 45.87987000000001, 0.17654999999999177, 58.711956000000015, 59.327192999999994, 62.49126900000002, 23.379773999999998, 94.74726600000002, 66.534255, 52.03224]","[1.0, 2.0, 1.0, 1.0, 0.0, 0.0, 0.0, 1.0, 0.0, 1.0, 1.0, 1.0, 0.0, 1.0, 0.0, 0.0]","[-1.0, 26.0, 14.0, 14.0, 10.0, 13.0, 3.0, 0.0, -14.0, 44.0, 10.0, 15.0, 11.0, -10.0, 11.0, 8.0]"
2,1791635801.035923,"[-0.08712299999999118, 61.788140999999996, 59.85453900000002, 65.12799900000002, -0.17501400000000444, 79.80579599999999, 42.54001199999999, 45.87987000000001, 0.08865900000000693, 59.85453900000002, 59.23930200000001, 62.930724, 23.379773999999998, 94.74726600000002, 66.534255, 51.94434900000002]","[0.0, 1.0, 0.0, 2.0, 0.0, 0.0, 0.0, 1.0, 0.0, 2.0, 0.0, 1.0, 0.0, 1.0, 1.0, 0.0]","[0.0, 27.0, 13.0, 14.0, 11.0, 12.0, 0.0, 0.0, -15.0, 42.0, 10.0, 17.0, 9.0, -10.0, 11.0, 12.0]"
2,1791635801.25612,"[-0.08712299999999118, 61.788140999999996, 59.85453900000002, 66.182691, -0.17501400000000444, 79.80579599999999, 42.54001199999999, 45.87987000000001, 0.08865900000000693, 59.85453900000002, 59.23930200000001, 63.19439700000001, 23.379773999999998, 94.74726600000002, 66.62214600000001, 51.94434900000002]","[0.0, 1.0, 1.0, 4.0, 0.0, 0.0, 0.0, 1.0, 0.0, 1.0, 0.0, 1.0, 0.0, 1.0, 1.0, -1.0]","[0.0, 32.0, 14.0, 14.0, 12.0, 13.0, 1.0, 0.0, -15.0, 53.0, 10.0, 20.0, 11.0, -10.0, 10.0, 13.0]"
2,1791635801.484162,"[-0.08712299999999118, 62.930724, 59.85453900000002, 67.061601, -0.17501400000000444, 79.80579599999999, 42.54001199999999, 45.87987000000001, 0.08865900000000693, 59.94243, 59.151410999999996, 63.721743000000004, 23.379773999999998, 94.74726600000002, 66.62214600000001, 51.94434900000002]","[0.0, 1.0, 1.0, 1.0, 0.0, 0.0, 0.0, 1.0, 0.0, 1.0, 0.0, 2.0, 0.0, 1.0, 1.0, 1.0]","[0.0, 32.0, 13.0, 14.0, 11.0, 13.0, 0.0, 0.0, -15.0, 63.0, 10.0, 26.0, 10.0, -10.0, 10.0, 11.0]"
2,1791635801.7050507,"[-0.08712299999999118, 63.45806999999999, 59.85453900000002, 68.11629300000001, -0.17501400000000444, 79.80579599999999, 42.54001199999999, 45.87987000000001, 0.08865900000000693, 59.50297499999999, 59.06352000000001, 63.63385199999999, 23.379773999999998, 94.74726600000002, 66.62214600000001, 51.94434900000002]","[0.0, 5.0, 0.0, 3.0, 0.0, 1.0, 0.0, 1.0, 0.0, 0.0, 1.0, 0.0, 0.0, 1.0, 1.0, 0.0]","[0.0, 31.0, 14.0, 14.0, 11.0, 13.0, 1.0, 0.0, 15.0, 11.0, 8.0, 9.0, 10.0, -10.0, 10.0, 9.0]"
2,1791635801.9290192,"[-0.08712299999999118, 63.80963400000002, 59.85453900000002, 68.995203, -0.17501400000000444, 79.80579599999999, 42.54001199999999, 45.87987000000001, 0.08865900000000693, 59.50297499999999, 59.06352000000001, 63.545961000000005, 23.379773999999998, 94.74726600000002, 66.534255, 52.03224]","[0.0, 1.0, 1.0, 2.0, 1.0, 1.0, 0.0, 1.0, 0.0, 0.0, 0.0, 0.0, 0.0, 1.0, 1.0, 1.0]","[2.0, 39.0, 13.0, 15.0, 11.0, 13.0, 0.0, 0.0, 14.0, 10.0, 9.0, 9.0, 10.0, -11.0, 10.0, 7.0]"
2,1791635802.155722,"[-0.08712299999999118, 64.600653, 59.766648, 69.874113, -0.17501400000000444, 79.80579599999999, 42.54001199999999, 45.87987000000001, 0.08865900000000693, 59.50297499999999, 59.06352000000001, 63.545961000000005, 23.379773999999998, 94.74726600000002, 66.62214600000001, 51.94434900000002]","[0.0, 2.0, 0.0, 2.0, 0.0, 0.0, 1.0, 1.0, 0.0, 0.0, 1.0, 0.0, 0.0, 1.0, 1.0, 1.0]","[8.0, 44.0, 13.0, 15.0, 11.0, 13.0, 0.0, 0.0, 14.0, 10.0, 9.0, 9.0, 10.0, -11.0, 9.0, 12.0]"
2,1791635802.378268,"[-0.08712299999999118, 64.95221699999999, 59.766648, 70.75302300000001, -0.17501400000000444, 79.80579599999999, 42.54001199999999, 45.87987000000001, 0.08865900000000693, 59.50297499999999, 59.06352000000001, 63.63385199999999, 23.379773999999998, 94.74726600000002, 66.534255, 51.94434900000002]","[0.0, 1.0, 0.0, 1.0, 0.0, 1.0, 0.0, 1.0, 0.0, 0.0, 1.0, 0.0, 0.0, 1.0, 0.0, 0.0]","[8.0, 51.0, 13.0, 16.0, 11.0, 12.0, 0.0, 0.0, 14.0, 10.0, 7.0, 10.0, 9.0, -10.0, 10.0, 13.0]"
2,1791635802.603776,"[-0.08712299999999118, 66.00690900000001, 59.67875699999999, 71.807715, -0.17501400000000444, 79.80579599999999, 42.54001199999999, 45.87987000000001, 0.08865900000000693, 59.50297499999999, 59.06352000000001, 63.63385199999999, 23.379773999999998, 94.74726600000002, 66.62214600000001, 51.94434900000002]","[0.0, 1.0, 0.0, 1.0, 0.0, 1.0, 1.0, 1.0, 0.0, 0.0, 0.0, 1.0, 0.0, 1.0, 1.0, 0.0]","[8.0, 49.0, 14.0, 15.0, 11.0, 13.0, 1.0, 0.0, 14.0, 10.0, 8.0, 9.0, 9.0, -11.0, 10.0, 13.0]"
2,1791635802.827772,"[-0.08712299999999118, 66.182691, 59.67875699999999, 72.159279, -0.17501400000000444, 79.80579599999999, 42.54001199999999, 45.87987000000001, 0.08865900000000693, 59.50297499999999, 59.06352000000001, 63.63385199999999, 23.379773999999998, 94.74726600000002, 66.534255, 51.94434900000002]","[0.0, 1.0, 0.0, 5.0, 0.0, 1.0, 0.0, 1.0, 0.0, 0.0, 0.0, 0.0, 0.0, 1.0, 0.0, 1.0]","[9.0, 56.0, 14.0, 16.0, 11.0, 13.0, 0.0, 0.0, 14.0, 10.0, 9.0, 9.0, 12.0, -11.0, 10.0, 12.0]"
2,1791635803.0482147,"[-0.08712299999999118, 67.58894699999999, 59.67875699999999, 73.653426, -0.17501400000000444, 79.80579599999999, 42.54001199999999, 45.87987000000001, 0.08865900000000693, 59.50297499999999, 59.06352000000001, 63.63385199999999, 23.379773999999998, 94.74726600000002, 66.534255, 51.94434900000002]","[0.0, 1.0, 0.0, 1.0, 0.0, 1.0, 1.0, 1.0, 0.0, 0.0, 1.0, 1.0, 0.0, 1.0, 1.0, 0.0]","[9.0, 52.0, 14.0, 15.0, 11.0, 12.0, 0.0, 0.0, 14.0, 10.0, 8.0, 9.0, 9.0, -11.0, 11.0, 13.0]"
2,1791635803.2750373,"[-0.17501400000000444, 67.85262, 59.67875699999999, 74.35655400000002, -0.08712299999999118, 79.71790500000003, 42.54001199999999, 45.87987000000001, 0.08865900000000693, 59.50297499999999, 59.151410999999996, 63.63385199999999, 23.379773999999998, 94.74726600000002, 66.534255, 51.94434900000002]","[1.0, 4.0, 0.0, 1.0, 1.0, 0.0, 0.0, 1.0, 0.0, 0.0, 1.0, 0.0, 0.0, 1.0, 1.0, 1.0]","[8.0, 57.0, 13.0, 17.0, 11.0, 12.0, 1.0, 0.0, 14.0, 10.0, 7.0, 10.0, 10.0, -10.0, 10.0, 13.0]"
2,1791635803.4997745,"[-0.17501400000000444, 68.64363900000001, 59.590866000000005, 75.49913699999999, -0.17501400000000444, 79.80579599999999, 42.54001199999999, 45.87987000000001, 0.08865900000000693, 59.50297499999999, 59.06352000000001, 63.63385199999999, 23.379773999999998, 94.74726600000002, 66.534255, 51.94434900000002]","[0.0, 1.0, 0.0, 4.0, 1.0, 1.0, 1.0, 1.0, 0.0, 0.0, 1.0, 0.0, 0.0, 1.0, 1.0, 0.0]","[8.0, 61.0, 14.0, 16.0, 11.0, 12.0, 0.0, 0.0, 14.0, 10.0, 10.0, 9.0, 10.0, -10.0, 11.0, 14.0]"
2,1791635803.7237005,"[-0.17501400000000444, 68.995203, 59.590866000000005, 75.76281, -0.17501400000000444, 79.80579599999999, 42.54001199999999, 45.87987000000001, 0.08865900000000693, 59.50297499999999, 59.06352000000001, 63.63385199999999, 23.379773999999998, 94.74726600000002, 66.62214600000001, 51.94434900000002]","[0.0, 1.0, 0.0, 4.0, 1.0, 1.0, 1.0, 1.0, 0.0, 0.0, 0.0, 1.0, 0.0, 1.0, 1.0, 0.0]","[8.0, 72.0, 14.0, 18.0, 3.0, 12.0, 0.0, 0.0, 14.0, 10.0, 9.0, 9.0, 9.0, -10.0, 10.0, 13.0]"
2,1791635803.9451115,"[-0.17501400000000444, 71.807715, 59.766648, 78.48743100000002, -0.08712299999999118, 79.80579599999999, 42.54001199999999, 45.87987000000001, 0.08865900000000693, 59.50297499999999, 59.151410999999996, 63.63385199999999, 23.379773999999998, 94.74726600000002, 66.534255, 51.94434900000002]","[0.0, 19.0, 2.0, 15.0, 1.0, 0.0, 1.0, 1.0, 0.0, 0.0, 1.0, 1.0, 0.0, 1.0, 0.0, 0.0]","[9.0, 41.0, 14.0, 12.0, 6.0, 12.0, 0.0, 0.0, 14.0, 11.0, 8.0, 10.0, 10.0, -10.0, 9.0, 13.0]"
2,1791635804.1688898,"[-0.08712299999999118, 74.444445, 59.94243, 79.80579599999999, -0.17501400000000444, 79.80579599999999, 42.54001199999999, 45.87987000000001, 0.08865900000000693, 59.50297499999999, 59.06352000000001, 63.63385199999999, 23.379773999999998, 94.74726600000002, 66.62214600000001, 51.94434900000002]","[0.0, 0.0, 1.0, 2.0, 0.0, 1.0, 0.0, 1.0, 0.0, 0.0, 1.0, 1.0, 0.0, 1.0, 1.0, 0.0]","[8.0, 44.0, 0.0, 13.0, 11.0, 13.0, 0.0, 0.0, 13.0, 10.0, 6.0, 9.0, 10.0, -10.0, 10.0, 13.0]"
2,1791635804.3916636,"[-0.08712299999999118, 74.53233600000002, 59.94243, 79.80579599999999, -0.17501400000000444, 79.80579599999999, 42.54001199999999, 45.87987000000001, 0.08865900000000693, 59.50297499999999, 59.06352000000001, 63.63385199999999, 23.379773999999998, 94.74726600000002, 66.534255, 51.94434900000002]","[0.0, 1.0, 1.0, 1.0, 0.0, 1.0, 1.0, 1.0, 0.0, 0.0, 0.0, 1.0, 0.0, 1.0, 1.0, 0.0]","[8.0, 45.0, 0.0, 15.0, 11.0, 13.0, 0.0, 0.0, 14.0, 11.0, 9.0, 10.0, 9.0, -11.0, 10.0, 13.0]"
2,1791635804.6196496,"[-0.08712299999999118, 75.23546400000001, 59.67875699999999, 80.59681499999999, -0.17501400000000444, 79.80579599999999, 42.54001199999999, 45.87987000000001, 0.08865900000000693, 59.50297499999999, 59.06352000000001, 63.545961000000005, 23.379773999999998, 94.74726600000002, 66.534255, 51.94434900000002]","[1.0, 1.0, 0.0, 1.0, 0.0, 1.0, 1.0, 1.0, 0.0, 0.0, 1.0, 0.0, 0.0, 1.0, 0.0, 0.0]","[8.0, 49.0, 14.0, 15.0, 11.0, 12.0, 0.0, 0.0, 14.0, 10.0, 8.0, 9.0, 10.0, -10.0, 9.0, 13.0]"
2,1791635804.8402162,"[-0.17501400000000444, 75.32335499999999, 59.67875699999999, 81.03627, -0.17501400000000444, 79.80579599999999, 42.54001199999999, 45.87987000000001, 0.08865900000000693, 59.50297499999999, 59.06352000000001, 63.63385199999999, 23.379773999999998, 94.74726600000002, 66.534255, 51.94434900000002]","[0.0, 1.0, 0.0, 0.0, 0.0, 1.0, 0.0, 1.0, 0.0, 0.0, 1.0, 1.0, 0.0, 1.0, 0.0, 0.0]","[9.0, 57.0, 13.0, 18.0, 11.0, 12.0, 0.0, 0.0, 14.0, 11.0, 9.0, 10.0, 9.0, -10.0, 10.0, 13.0]"
2,1791635805.0675607,"[-0.17501400000000444, 75.938592, 59.50297499999999, 81.47572500000001, -0.17501400000000444, 79.80579599999999, 42.54001199999999, 45.87987000000001, 0.08865900000000693, 59.50297499999999, 59.06352000000001, 63.63385199999999, 23.379773999999998, 94.74726600000002, 66.534255, 51.94434900000002]","[0.0, 1.0, 0.0, 2.0, 0.0, 0.0, 0.0, 1.0, 0.0, 0.0, 0.0, 0.0, 0.0, 1.0, 0.0, 0.0]","[8.0, 62.0, 14.0, 18.0, 12.0, 12.0, 0.0, 0.0, 14.0, 10.0, 9.0, 9.0, 10.0, -11.0, 11.0, 13.0]"
2,1791635805.2888246,"[-0.17501400000000444, 75.938592, 59.50297499999999, 81.739398, -0.17501400000000444, 79.80579599999999, 42.54001199999999, 45.87987000000001, 0.08865900000000693, 59.50297499999999, 59.06352000000001, 63.545961000000005, 23.379773999999998, 94.74726600000002, 66.534255, 51.94434900000002]","[-1.0, 1.0, 0.0, 1.0, 0.0, 0.0, 1.0, 1.0, 0.0, 0.0, 0.0, -1.0, 0.0, 1.0, 1.0, 0.0]","[8.0, 72.0, 15.0, 24.0, 11.0, 13.0, 0.0, 0.0, 14.0, 10.0, 9.0, 8.0, 9.0, -10.0, 10.0, 12.0]"
2,1791635805.5125573,"[-0.08712299999999118, 75.147573, 59.50297499999999, 81.739398, -0.17501400000000444, 79.80579599999999, 42.54001199999999, 45.87987000000001, 0.08865900000000693, 59.50297499999999, 59.06352000000001, 63.545961000000005, 23.379773999999998, 94.74726600000002, 66.62214600000001, 51.94434900000002]","[1.0, 0.0, 1.0, 1.0, 0.0, 1.0, 1.0, 1.0, 0.0, 0.0, 0.0, 1.0, 0.0, 1.0, 1.0, 0.0]","[0.0, 11.0, 0.0, 0.0, 11.0, 12.0, 0.0, 0.0, 14.0, 9.0, 9.0, 9.0, 9.0, -9.0, 11.0, 13.0]"
3,1791635807.5316064,"[-0.08712299999999118, -5.184800999999993, -1.1418150000000082, -0.2629049999999893, -0.17501400000000444, -5.4484740000000045, -0.08712299999999118, -0.35079600000000255, 0.08865900000000693, -4.745346000000012, -1.053923999999995, 0.26444100000000503, -2.108616000000012, 178.33160700000002, 40.166955, 25.840722]","[0.0, 1.0, 1.0, 0.0, 0.0, 1.0, 0.0, 1.0, 1.0, 1.0, 1.0, 0.0, 2.0, 1.0, 0.0, 0.0]","[0.0, 33.0, 15.0, 13.0, 11.0, 35.0, -1.0, 10.0, -15.0, 31.0, 11.0, -10.0, 15.0, 15.0, -11.0, -15.0]"
3,1791635807.7553399,"[-0.5265780000000007, -5.184800999999993, -0.790251000000012, -0.08712299999999118, -0.17501400000000444, -4.92112800000001, 0.528113999999988, -0.35079600000000255, 0.7038960000000145, -4.657454999999999, -0.9660330000000101, 0.3523319999999899, -2.108616000000012, 178.06793399999998, 40.254846000000015, 25.928613000000013]","[0.0, 1.0, 1.0, 1.0, 0.0, 1.0, 0.0, 1.0, 1.0, 1.0, 0.0, 0.0, 1.0, 0.0, 0.0, 1.0]","[-9.0, 52.0, 17.0, 15.0, 11.0, 47.0, 10.0, 12.0, 14.0, 49.0, 14.0, 9.0, 20.0, -12.0, 11.0, 13.0]"
3,1791635807.9792745,"[-1.4054879999999912, -3.7785450000000083, -0.08712299999999118, 0.44022300000000314, -0.17501400000000444, -3.7785450000000083, 1.2312420000000088, 0.44022300000000314, 1.6706969999999899, -4.657454999999999, -0.6144689999999855, 0.6160050000000012, -2.196506999999997, 177.71636999999998, 40.518519, 26.368067999999994]","[0.0, 1.0, 3.0, 1.0, 0.0, 1.0, 2.0, 2.0, 1.0, 1.0, 1.0, 1.0, 0.0, 1.0, 1.0, 1.0]","[-10.0, 57.0, 18.0, 17.0, 11.0, 58.0, 10.0, 13.0, 15.0, 69.0, 16.0, 11.0, 25.0, -25.0, 13.0, 15.0]"
3,1791635808.203353,"[-2.548070999999993, -1.4933790000000045, 0.8796780000000126, 1.582806000000005, -0.17501400000000444, -2.372288999999995, 1.846478999999988, 1.407024000000007, 2.725389000000007, -2.372288999999995, 0.17654999999999177, 0.6160050000000012, -2.108616000000012, 176.48589600000003, 41.22164699999999, 27.159087]","[-1.0, 6.0, 1.0, 1.0, 0.0, 3.0, 1.0, 1.0, 3.0, 1.0, 4.0, 1.0, -1.0, -4.0, 1.0, 1.0]","[-9.0, 53.0, 18.0, 16.0, 10.0, 56.0, 12.0, 13.0, 14.0, 68.0, 17.0, 16.0, 33.0, -34.0, 13.0, 15.0]"
3,1791635808.4243364,"[-3.426981000000012, 0.17654999999999177, 1.7585880000000031, 2.549607000000009, -0.17501400000000444, 0.3523319999999899, 2.6374979999999937, 2.1980430000000126, 3.7800809999999956, -2.372288999999995, 1.407024000000007, 1.9343700000000013, -2.196506999999997, 173.233929, 42.188447999999994, 28.03799699999999]","[0.0, 1.0, 1.0, 3.0, 0.0, 6.0, 1.0, 2.0, 2.0, 1.0, 3.0, 5.0, 0.0, -2.0, 1.0, 1.0]","[-9.0, 59.0, 19.0, 16.0, 11.0, 52.0, 13.0, 14.0, 15.0, 96.0, 16.0, 13.0, 39.0, -34.0, 13.0, 14.0]"
3,1791635808.6506977,"[-4.481673000000001, 2.0222610000000145, 2.813279999999992, 3.6042989999999975, -0.17501400000000444, 2.0222610000000145, 3.4285169999999994, 3.3406260000000145, 3.7800809999999956, 2.1101519999999994, 1.846478999999988, 2.901171000000005, -0.2629049999999893, 169.894071, 42.979467, 29.180579999999992]","[-2.0, 6.0, 2.0, 3.0, 0.0, 7.0, 3.0, 3.0, 1.0, 7.0, 1.0, 3.0, 7.0, -5.0, 1.0, 3.0]","[-9.0, 57.0, 18.0, 14.0, 11.0, 55.0, 14.0, 14.0, 16.0, 55.0, 18.0, 14.0, 32.0, -30.0, 14.0, 15.0]"
3,1791635808.8737488,"[-5.360582999999991, 3.867972000000009, 3.7800809999999956, 4.30742699999999, -0.17501400000000444, 3.7800809999999956, 4.395318000000003, 4.30742699999999, 5.713683000000003, 2.2859339999999975, 3.076953000000003, 4.043754000000007, 0.3523319999999899, 168.31203299999999, 44.38572300000001, 29.268471000000005]","[0.0, 1.0, 3.0, 7.0, 0.0, 1.0, 1.0, 1.0, 3.0, 1.0, 1.0, 1.0, 5.0, 0.0, 2.0, 1.0]","[-9.0, 61.0, 20.0, 16.0, 11.0, 62.0, 13.0, 13.0, 14.0, 85.0, 16.0, 13.0, 35.0, -41.0, 13.0, 15.0]"
3,1791635809.099219,"[-6.063711000000012, 5.537901000000005, 4.746881999999999, 5.713683000000003, -0.17501400000000444, 6.153138000000013, 5.362119000000007, 5.186337000000009, 6.328920000000011, 6.328920000000011, 4.30742699999999, 4.746881999999999, 1.6706969999999899, 164.620611, 45.528306000000015, 29.268471000000005]","[0.0, 8.0, 3.0, 3.0, 0.0, 4.0, 4.0, 1.0, 5.0, 8.0, 1.0, 0.0, 1.0, -5.0, 1.0, 1.0]","[-11.0, 61.0, 18.0, 15.0, 11.0, 59.0, 14.0, 15.0, 13.0, 57.0, 17.0, 15.0, 30.0, -36.0, 14.0, 14.0]"
3,1791635809.3221405,"[-7.382076000000012, 8.438303999999988, 5.889465000000001, 6.592592999999994, -0.17501400000000444, 7.823067000000009, 5.362119000000007, 6.416810999999996, 7.647285000000011, 6.416810999999996, 5.098445999999996, 6.065246999999999, 2.901171000000005, 161.45653500000003, 46.582998, 29.268471000000005]","[-2.0, 5.0, 1.0, 3.0, 0.0, 3.0, 1.0, 5.0, 1.0, 1.0, 1.0, 3.0, 4.0, -7.0, 3.0, 1.0]","[-10.0, 54.0, 19.0, 16.0, 10.0, 62.0, 18.0, 13.0, 14.0, 83.0, 18.0, 14.0, 31.0, -33.0, 12.0, 15.0]"
3,1791635809.5440161,"[-8.260986000000003, 10.108233000000013, 6.504702000000009, 7.647285000000011, -0.17501400000000444, 10.020342, 7.207830000000001, 7.2957210000000146, 8.614086000000015, 9.756668999999988, 6.328920000000011, 7.032048000000003, 3.4285169999999994, 158.38035000000002, 47.37401700000001, 29.268471000000005]","[0.0, 2.0, 6.0, 3.0, 0.0, 3.0, 1.0, 1.0, 3.0, 1.0, 2.0, 1.0, 6.0, -3.0, 2.0, 1.0]","[-9.0, 60.0, 19.0, 16.0, 11.0, 53.0, 14.0, 14.0, 14.0, 64.0, 16.0, 13.0, 32.0, -35.0, 14.0, 15.0]"
3,1791635809.7682502,"[-9.315677999999991, 10.547687999999994, 7.910957999999994, 8.614086000000015, -0.17501400000000444, 11.426598000000013, 8.26252199999999, 8.526195000000001, 9.492996000000005, 10.020342, 7.119938999999988, 7.998849000000007, 4.834773000000013, 155.47994699999998, 48.428709, 29.268471000000005]","[0.0, 8.0, 2.0, 1.0, 0.0, 1.0, 3.0, 3.0, 3.0, 1.0, 0.0, 4.0, 4.0, -4.0, 2.0, 1.0]","[-9.0, 69.0, 18.0, 15.0, 11.0, 65.0, 14.0, 12.0, 14.0, 89.0, 18.0, 12.0, 33.0, -37.0, 13.0, 15.0]"
3,1791635809.9951603,"[-10.282478999999995, 13.887546000000015, 8.789868000000013, 9.58088699999999, -0.17501400000000444, 13.623873000000003, 9.317214000000007, 9.405104999999992, 10.635579000000007, 12.129726000000005, 7.998849000000007, 9.053540999999996, 6.2410289999999975, 152.49165299999999, 49.571292, 29.268471000000005]","[-1.0, 1.0, 4.0, 2.0, 0.0, 7.0, 1.0, 1.0, 2.0, 21.0, 1.0, 2.0, 3.0, -4.0, 3.0, 0.0]","[-10.0, 62.0, 19.0, 16.0, 11.0, 55.0, 14.0, 12.0, 14.0, 69.0, 17.0, 15.0, 29.0, -35.0, 14.0, 14.0]"
3,1791635810.219102,"[-10.985606999999987, 13.887546000000015, 9.932451000000015, 10.635579000000007, -0.17501400000000444, 15.996929999999992, 10.28401500000001, 10.371905999999996, 11.60238000000001, 15.909039000000007, 9.229322999999994, 9.932451000000015, 6.416810999999996, 150.20648699999998, 50.362311000000005, 29.268471000000005]","[-3.0, 1.0, 3.0, 2.0, 0.0, 3.0, 2.0, 3.0, 2.0, 1.0, 1.0, 2.0, 1.0, 0.0, 1.0, 1.0]","[-10.0, 87.0, 19.0, 15.0, 11.0, 62.0, 15.0, 13.0, 14.0, 63.0, 17.0, 14.0, 34.0, -41.0, 14.0, 15.0]"
3,1791635810.443117,"[-12.216081000000003, 18.018423000000013, 10.811361000000005, 11.514488999999998, -0.17501400000000444, 16.87584000000001, 10.28401500000001, 11.250816000000015, 12.657072, 18.018423000000013, 10.020342, 10.89925199999999, 8.438303999999988, 147.13030200000003, 51.417002999999994, 29.268471000000005]","[-2.0, 13.0, 3.0, 3.0, 0.0, 10.0, 1.0, 2.0, 2.0, 10.0, 2.0, 1.0, 5.0, -6.0, 4.0, 1.0]","[-10.0, 60.0, 19.0, 15.0, 12.0, 63.0, 17.0, 13.0, 13.0, 57.0, 16.0, 14.0, 28.0, -41.0, 12.0, 14.0]"
3,1791635810.6670737,"[-13.182882000000006, 20.12780699999999, 11.778162000000009, 12.657072, -0.17501400000000444, 20.12780699999999, 12.21761699999999, 12.393398999999988, 13.623873000000003, 19.248897, 10.987143000000003, 11.953944000000007, 9.141432000000009, 143.43887999999998, 52.383804, 29.268471000000005]","[-1.0, 3.0, 1.0, 3.0, 0.0, 1.0, 1.0, 1.0, 1.0, 1.0, 0.0, 4.0, 1.0, -8.0, 3.0, 1.0]","[-10.0, 57.0, 19.0, 15.0, 11.0, 57.0, 14.0, 13.0, 14.0, 71.0, 17.0, 12.0, 30.0, -33.0, 12.0, 14.0]"
3,1791635810.8891945,"[-14.237573999999995, 22.061408999999998, 12.832853999999998, 13.448091000000005, -0.17501400000000444, 20.743043999999998, 13.272309000000007, 13.53598199999999, 14.590674000000007, 19.248897, 11.866052999999994, 13.008635999999996, 9.141432000000009, 140.71425900000003, 53.350605, 29.268471000000005]","[0.0, 4.0, 3.0, 3.0, 0.0, 9.0, 1.0, 3.0, 2.0, 0.0, 1.0, 4.0, 1.0, -1.0, 3.0, 1.0]","[-9.0, 59.0, 19.0, 16.0, 11.0, 66.0, 13.0, 12.0, 14.0, 98.0, 18.0, 12.0, 34.0, -37.0, 13.0, 15.0]"
3,1791635811.115071,"[-15.292266000000012, 23.819229000000007, 13.887546000000015, 14.502782999999994, -0.17501400000000444, 24.522357, 14.327000999999996, 14.414892000000009, 15.733257000000009, 24.434466000000015, 13.184417999999994, 13.711763999999988, 11.60238000000001, 137.198619, 54.58107900000002, 29.268471000000005]","[-1.0, 5.0, 1.0, 1.0, 1.0, 5.0, 4.0, 1.0, 1.0, 13.0, 5.0, 2.0, 5.0, -4.0, 3.0, 1.0]","[-10.0, 60.0, 19.0, 16.0, 11.0, 53.0, 14.0, 12.0, 13.0, 53.0, 15.0, 14.0, 27.0, -35.0, 12.0, 15.0]"
3,1791635811.339184,"[-16.434848999999986, 25.928613000000013, 14.85434699999999, 15.469583999999998, -0.17501400000000444, 26.192285999999996, 15.381693000000013, 15.733257000000009, 16.787948999999998, 26.71963199999999, 14.151218999999998, 14.590674000000007, 11.690270999999996, 133.94665200000003, 55.635771000000005, 29.268471000000005]","[0.0, 14.0, 2.0, 2.0, 0.0, 6.0, 1.0, 1.0, 3.0, 4.0, 3.0, 6.0, 1.0, -8.0, 2.0, 1.0]","[-10.0, 54.0, 19.0, 16.0, 11.0, 54.0, 14.0, 13.0, 13.0, 53.0, 17.0, 13.0, 32.0, -31.0, 13.0, 15.0]"
3,1791635811.5630753,"[-17.40164999999999, 28.74112500000001, 15.909039000000007, 16.524276000000015, -0.17501400000000444, 28.477452, 16.524276000000015, 16.787948999999998, 17.666858999999988, 28.565343000000013, 15.205911000000015, 15.821147999999994, 13.448091000000005, 130.782576, 56.514680999999996, 29.268471000000005]","[-1.0, 2.0, 1.0, 3.0, 0.0, 2.0, 3.0, 3.0, 2.0, 1.0, 2.0, 3.0, 3.0, -2.0, 1.0, 1.0]","[-9.0, 53.0, 19.0, 16.0, 11.0, 52.0, 13.0, 12.0, 13.0, 55.0, 16.0, 12.0, 27.0, -31.0, 13.0, 15.0]"
3,1791635811.785272,"[-18.632124000000005, 31.026291000000015, 17.139512999999994, 17.403186000000005, -0.17501400000000444, 30.05949000000001, 17.403186000000005, 17.75475, 18.633659999999992, 28.565343000000013, 16.436385, 16.87584000000001, 14.590674000000007, 127.61849999999998, 57.74515500000001, 29.268471000000005]","[-2.0, 7.0, 5.0, 4.0, 1.0, 3.0, 6.0, 3.0, 1.0, 0.0, 2.0, 3.0, 5.0, 0.0, 4.0, 1.0]","[-9.0, 45.0, 18.0, 17.0, 11.0, 59.0, 13.0, 12.0, 13.0, 80.0, 16.0, 14.0, 24.0, -30.0, 13.0, 14.0]"
3,1791635812.0079877,"[-19.686815999999993, 32.608329, 18.106313999999998, 18.36998700000001, -0.17501400000000444, 32.608329, 18.36998700000001, 18.633659999999992, 19.248897, 32.87200200000001, 17.315294999999992, 17.842641000000015, 15.55747500000001, 124.89387900000003, 58.88773800000001, 29.268471000000005]","[-3.0, 5.0, 2.0, 3.0, 1.0, 6.0, 1.0, 2.0, 7.0, 15.0, 1.0, 3.0, 1.0, -4.0, 3.0, 1.0]","[-9.0, 53.0, 17.0, 16.0, 8.0, 51.0, 14.0, 13.0, 14.0, 45.0, 16.0, 15.0, 28.0, -30.0, 12.0, 14.0]"
3,1791635812.2325208,"[-20.565726000000012, 35.069277, 19.161006000000015, 19.336788000000013, -0.08712299999999118, 34.45403999999999, 19.248897, 19.68835200000001, 20.655153000000013, 34.278257999999994, 18.545769000000007, 18.897333000000003, 15.55747500000001, 122.432931, 59.85453900000002, 29.35636199999999]","[0.0, 7.0, 1.0, 1.0, 1.0, 1.0, 2.0, 1.0, 3.0, 4.0, 1.0, 4.0, 1.0, -2.0, 1.0, 1.0]","[-10.0, 47.0, 18.0, 17.0, 5.0, 55.0, 14.0, 12.0, 14.0, 54.0, 16.0, 12.0, 29.0, -37.0, 13.0, 14.0]"
3,1791635812.4589093,"[-21.7962, 36.914987999999994, 20.39148, 20.39148, -0.17501400000000444, 37.00287900000001, 20.215698000000003, 20.655153000000013, 21.885627, 37.354443, 19.776242999999994, 19.864134000000007, 15.55747500000001, 118.56572699999998, 60.909231000000005, 29.35636199999999]","[-1.0, 3.0, 3.0, 1.0, 1.0, 7.0, 1.0, 1.0, 3.0, 6.0, 5.0, 1.0, 1.0, -4.0, 3.0, 1.0]","[-9.0, 50.0, 17.0, 17.0, 5.0, 49.0, 13.0, 12.0, 13.0, 45.0, 15.0, 14.0, 28.0, -28.0, 12.0, 14.0]"
3,1791635812.6813352,"[-22.850891999999988, 39.28804500000001, 21.358281000000005, 21.621953999999988, -0.08712299999999118, 38.84859, 21.00671700000001, 21.709845, 22.412972999999994, 37.354443, 20.655153000000013, 21.00671700000001, 15.55747500000001, 115.13797799999998, 61.788140999999996, 29.35636199999999]","[-2.0, 6.0, 2.0, 3.0, 1.0, 7.0, 3.0, 4.0, 1.0, 1.0, 1.0, 2.0, 1.0, -7.0, 3.0, 1.0]","[-8.0, 46.0, 17.0, 15.0, 0.0, 44.0, 15.0, 13.0, 13.0, 69.0, 15.0, 13.0, 28.0, -25.0, 11.0, 14.0]"
3,1791635812.9069417,"[-23.905584000000005, 41.309538, 22.500864000000007, 22.500864000000007, -0.08712299999999118, 41.22164699999999, 21.885627, 22.76453699999999, 23.819229000000007, 41.573211000000015, 21.709845, 22.14930000000001, 15.55747500000001, 112.06179300000002, 62.403378000000004, 29.35636199999999]","[0.0, 4.0, 2.0, 3.0, 1.0, 8.0, 1.0, 3.0, 4.0, 15.0, 4.0, 5.0, 1.0, -5.0, 6.0, 1.0]","[-9.0, 43.0, 17.0, 16.0, 0.0, 43.0, 17.0, 12.0, 13.0, 39.0, 14.0, 12.0, 28.0, -25.0, 13.0, 14.0]"
3,1791635813.1285388,"[-24.87238500000001, 41.92477500000001, 23.291883000000013, 22.588754999999992, -0.08712299999999118, 43.68259499999999, 22.588754999999992, 23.555555999999996, 24.873920999999996, 43.59470400000001, 23.02821, 22.852428000000003, 15.55747500000001, 108.98560800000001, 64.073307, 29.35636199999999]","[-1.0, 8.0, 1.0, 1.0, 1.0, 5.0, 1.0, 1.0, 1.0, 3.0, 4.0, 1.0, 1.0, -2.0, 4.0, 1.0]","[-9.0, 52.0, 17.0, 18.0, 0.0, 42.0, 16.0, 12.0, 13.0, 44.0, 13.0, 14.0, 28.0, -26.0, 12.0, 14.0]"
3,1791635813.3547797,"[-25.927076999999997, 46.143542999999994, 24.170793000000003, 24.522357, -0.08712299999999118, 45.967760999999996, 23.46766500000001, 24.78603000000001, 25.840722, 46.407216000000005, 23.64344700000001, 23.995011000000005, 15.55747500000001, 105.55785900000001, 64.864326, 29.35636199999999]","[-2.0, 5.0, 1.0, 3.0, 1.0, 7.0, 6.0, 1.0, 1.0, 6.0, 1.0, 4.0, 1.0, -6.0, 3.0, 1.0]","[0.0, 39.0, 18.0, 15.0, 0.0, 37.0, 16.0, 12.0, 13.0, 36.0, 14.0, 13.0, 27.0, -21.0, 13.0, 14.0]"
3,1791635813.5758255,"[-26.981768999999986, 48.077145, 25.225484999999992, 25.489158000000003, -0.08712299999999118, 47.901363, 24.96181200000001, 25.66494, 26.983305, 47.98925399999999, 25.049702999999994, 25.313376000000005, 15.55747500000001, 102.21800100000002, 66.00690900000001, 29.35636199999999]","[0.0, 6.0, 1.0, 1.0, 1.0, 3.0, 5.0, 1.0, 1.0, 3.0, 4.0, 2.0, 1.0, -6.0, 2.0, 1.0]","[0.0, 34.0, 18.0, 17.0, 0.0, 42.0, 15.0, 11.0, 0.0, 39.0, 12.0, 13.0, 28.0, -19.0, 11.0, 14.0]"
3,1791635813.8003883,"[-27.94856999999999, 50.362311000000005, 26.28017700000001, 26.71963199999999, -0.08712299999999118, 50.098637999999994, 25.840722, 26.895413999999988, 27.950106000000005, 50.889657, 26.016503999999998, 26.192285999999996, 15.55747500000001, 99.05392499999999, 67.061601, 29.35636199999999]","[0.0, 2.0, 1.0, 4.0, 1.0, 6.0, 1.0, 1.0, 1.0, 8.0, 3.0, 2.0, 1.0, -4.0, 1.0, 1.0]","[0.0, 36.0, 18.0, 16.0, 0.0, 39.0, 15.0, 12.0, 0.0, 32.0, 14.0, 13.0, 27.0, -19.0, 12.0, 15.0]"
3,1791635814.0268528,"[-28.82748000000001, 52.383804, 27.246978000000013, 27.59854200000001, -0.08712299999999118, 52.559585999999996, 27.071196000000015, 27.42276000000001, 29.004797999999994, 52.120131000000015, 26.895413999999988, 27.42276000000001, 15.55747500000001, 95.80195800000001, 68.204184, 29.35636199999999]","[0.0, 9.0, 2.0, 1.0, 1.0, 6.0, 1.0, 1.0, 1.0, 1.0, 1.0, 1.0, 1.0, 0.0, 2.0, 1.0]","[-9.0, 33.0, 17.0, 15.0, 0.0, 33.0, 14.0, 13.0, 0.0, 39.0, 13.0, 12.0, 27.0, -17.0, 11.0, 15.0]"
3,1791635814.472042,"[-29.97006300000001, 55.10842500000001, 28.30167, 28.829015999999996, -0.08712299999999118, 54.66897, 28.213778999999988, 28.565343000000013, 30.05949000000001, 55.10842500000001, 28.125888000000003, 28.477452, 15.733257000000009, 92.54999099999998, 69.08309400000002, 29.35636199999999]","[0.0, 1.0, 0.0, 1.0, 1.0, 1.0, 1.0, 1.0, 1.0, 1.0, 1.0, 0.0, 3.0, 0.0, 0.0, 1.0]","[0.0, 32.0, 17.0, 15.0, 0.0, 32.0, 14.0, 11.0, 0.0, 31.0, 13.0, 11.0, 26.0, -17.0, 12.0, 15.0]"
3,1791635814.6981378,"[-30.936863999999986, 57.129918, 29.268471000000005, 29.795817, -0.08712299999999118, 56.954136000000005, 29.444253000000003, 29.795817, 31.026291000000015, 56.338899, 29.35636199999999, 29.620035, 16.260603000000003, 89.82537000000002, 70.04989499999999, 29.35636199999999]","[0.0, 5.0, 2.0, 2.0, 1.0, 4.0, 4.0, 3.0, 0.0, 1.0, 4.0, 4.0, 1.0, -3.0, 3.0, 1.0]","[0.0, 29.0, 17.0, 15.0, 0.0, 31.0, 14.0, 11.0, -2.0, 37.0, 13.0, 12.0, 21.0, -20.0, 11.0, 15.0]"
3,1791635814.9195483,"[-31.991556000000003, 59.327192999999994, 30.498944999999992, 30.9384, -0.08712299999999118, 59.06352000000001, 30.586836000000005, 30.762618000000003, 32.080983, 56.42679000000001, 30.147380999999996, 30.67472699999999, 16.260603000000003, 86.48551200000003, 71.28036900000001, 29.35636199999999]","[-2.0, 5.0, 1.0, 3.0, 1.0, 4.0, 3.0, 1.0, 1.0, 1.0, 1.0, 3.0, 1.0, -6.0, 3.0, 1.0]","[0.0, 30.0, 17.0, 14.0, 0.0, 29.0, 12.0, 12.0, 0.0, 58.0, 13.0, 11.0, 21.0, -16.0, 12.0, 15.0]"
3,1791635815.146731,"[-32.95835700000001, 61.17290400000002, 31.465745999999996, 31.817309999999992, -0.08712299999999118, 61.612359, 31.641527999999994, 31.905201000000005, 33.04778400000001, 61.348686000000015, 31.114182, 31.55363700000001, 16.260603000000003, 83.40932700000002, 72.335061, 29.35636199999999]","[0.0, 7.0, 2.0, 1.0, 1.0, 5.0, 1.0, 1.0, 1.0, 14.0, 2.0, 2.0, 1.0, -5.0, 3.0, 1.0]","[0.0, 28.0, 16.0, 15.0, 0.0, 26.0, 13.0, 11.0, 0.0, 27.0, 14.0, 12.0, 23.0, -16.0, 11.0, 15.0]"
3,1791635815.3681571,"[-34.013048999999995, 63.897525, 32.608329, 32.959892999999994, -0.08712299999999118, 63.897525, 32.784110999999996, 32.784110999999996, 34.01458500000001, 63.721743000000004, 32.432547, 32.256765, 16.260603000000003, 82.530417, 73.301862, 29.620035]","[0.0, 4.0, 3.0, 4.0, 1.0, 6.0, 3.0, 1.0, 0.0, 3.0, 2.0, 1.0, 1.0, 0.0, 2.0, 3.0]","[0.0, 24.0, 16.0, 15.0, 0.0, 24.0, 12.0, 12.0, 0.0, 26.0, 12.0, 12.0, 23.0, -16.0, 11.0, 14.0]"
3,1791635815.5923066,"[-35.06774100000001, 65.919018, 33.750912, 33.926694, -0.08712299999999118, 66.27058199999999, 34.01458500000001, 34.01458500000001, 35.069277, 65.919018, 33.57513, 33.57513, 16.260603000000003, 82.35463500000003, 74.444445, 29.707926000000015]","[0.0, 7.0, 3.0, 2.0, 1.0, 5.0, 4.0, 4.0, 1.0, 3.0, 3.0, 4.0, 1.0, 0.0, 2.0, 1.0]","[0.0, 23.0, 17.0, 15.0, 0.0, 21.0, 11.0, 11.0, 0.0, 25.0, 12.0, 11.0, 22.0, -16.0, 11.0, 14.0]"
3,1791635815.8180158,"[-35.946651, 66.182691, 34.717713, 34.893495, -0.08712299999999118, 68.11629300000001, 34.102475999999996, 34.893495, 36.12396899999999, 66.00690900000001, 34.541931000000005, 34.541931000000005, 16.260603000000003, 82.26674400000002, 75.32335499999999, 29.707926000000015]","[0.0, 1.0, 1.0, 1.0, 1.0, 3.0, 1.0, 2.0, 1.0, 1.0, 2.0, 2.0, 1.0, 0.0, 1.0, 1.0]","[-9.0, 24.0, 16.0, 14.0, 0.0, 23.0, 11.0, 10.0, -9.0, 26.0, 12.0, 12.0, 22.0, -16.0, 11.0, 14.0]"
3,1791635816.264701,"[-37.089234000000005, 66.182691, 35.860296000000005, 35.94818699999999, -0.08712299999999118, 70.75302300000001, 34.102475999999996, 35.94818699999999, 37.00287900000001, 65.919018, 35.68451400000001, 35.245059, 16.260603000000003, 82.178853, 76.465938, 29.707926000000015]","[1.0, 1.0, 1.0, 1.0, 1.0, 0.0, 1.0, 0.0, 1.0, 0.0, 1.0, 1.0, 1.0, -1.0, 0.0, 1.0]","[0.0, 24.0, 16.0, 16.0, 0.0, 19.0, 11.0, 11.0, 0.0, 26.0, 12.0, 13.0, 22.0, -16.0, 12.0, 15.0]"
3,1791635816.4893017,"[-37.968143999999995, 66.182691, 36.914987999999994, 36.82709700000001, -0.08712299999999118, 71.631933, 34.102475999999996, 36.914987999999994, 38.057570999999996, 66.00690900000001, 36.47553300000001, 36.387642, 16.260603000000003, 82.09096199999999, 77.43273900000003, 29.707926000000015]","[0.0, 1.0, 2.0, 2.0, 1.0, 2.0, 1.0, 2.0, 1.0, 1.0, 1.0, 3.0, 1.0, 0.0, 1.0, 1.0]","[-9.0, 23.0, 16.0, 15.0, 0.0, 18.0, 11.0, 12.0, 0.0, 26.0, 12.0, 12.0, 22.0, -16.0, 11.0, 14.0]"
3,1791635816.7145557,"[-38.847053999999986, 66.182691, 37.881789, 37.881789, -0.08712299999999118, 71.71982400000002, 34.102475999999996, 37.96968000000001, 39.024372, 66.00690900000001, 37.44233399999999, 37.26655199999999, 16.260603000000003, 82.09096199999999, 78.31164899999999, 29.707926000000015]","[0.0, 1.0, 3.0, 3.0, 1.0, 1.0, 1.0, 1.0, 1.0, 1.0, 1.0, 1.0, 1.0, 0.0, 1.0, 1.0]","[-9.0, 24.0, 15.0, 15.0, 0.0, 19.0, 11.0, 12.0, 0.0, 26.0, 12.0, 12.0, 22.0, -15.0, 11.0, 14.0]"
3,1791635816.9369247,"[-39.98963699999999, 66.182691, 38.936481000000015, 38.672808, -0.08712299999999118, 71.71982400000002, 34.102475999999996, 39.11226300000001, 39.991173, 66.00690900000001, 38.672808, 38.40913499999999, 16.260603000000003, 82.09096199999999, 78.48743100000002, 29.707926000000015]","[0.0, 1.0, 1.0, 2.0, 1.0, 1.0, 1.0, 3.0, 1.0, 1.0, 1.0, 3.0, 1.0, 0.0, 1.0, 1.0]","[-8.0, 24.0, 16.0, 16.0, 0.0, 19.0, 11.0, 11.0, 14.0, 25.0, 12.0, 12.0, 23.0, -16.0, 13.0, 14.0]"
3,1791635817.1595075,"[-40.78065599999999, 66.182691, 40.166955, 39.72749999999999, -0.08712299999999118, 71.71982400000002, 34.102475999999996, 39.991173, 40.95797400000001, 66.00690900000001, 39.551717999999994, 38.936481000000015, 16.260603000000003, 82.09096199999999, 78.39954, 29.707926000000015]","[-3.0, 1.0, 3.0, 3.0, 1.0, 1.0, 1.0, 3.0, 2.0, 1.0, 1.0, 5.0, 1.0, 0.0, 0.0, 1.0]","[-9.0, 24.0, 15.0, 15.0, 0.0, 19.0, 11.0, 10.0, 13.0, 26.0, 12.0, 12.0, 22.0, -15.0, 18.0, 13.0]"
3,1791635817.3850195,"[-42.01113000000001, 66.182691, 41.04586499999999, 40.694300999999996, -0.08712299999999118, 71.71982400000002, 34.102475999999996, 40.870082999999994, 41.661102, 66.00690900000001, 40.60641000000001, 40.43062800000001, 16.260603000000003, 82.09096199999999, 78.66321299999998, 29.707926000000015]","[0.0, 1.0, 1.0, 1.0, 1.0, 1.0, 1.0, 1.0, 1.0, 1.0, 3.0, 3.0, 1.0, 0.0, 1.0, 1.0]","[0.0, 22.0, 16.0, 16.0, 0.0, 19.0, 11.0, 11.0, 14.0, 26.0, 11.0, 13.0, 22.0, -16.0, 20.0, 13.0]"
3,1791635817.610559,"[-43.065822, 66.182691, 42.188447999999994, 41.661102, -0.08712299999999118, 71.71982400000002, 34.102475999999996, 42.012665999999996, 43.06735800000001, 65.919018, 41.836884, 41.48532, 16.260603000000003, 82.09096199999999, 78.66321299999998, 29.707926000000015]","[0.0, 1.0, 3.0, 3.0, 1.0, 1.0, 1.0, 4.0, 3.0, 0.0, 4.0, 1.0, 0.0, 0.0, 1.0, 1.0]","[0.0, 22.0, 15.0, 15.0, 0.0, 19.0, 11.0, 11.0, 0.0, 26.0, 11.0, 12.0, 22.0, -16.0, 28.0, 14.0]"
3,1791635817.8344746,"[-44.032623, 66.44636400000002, 43.155249, 42.803685, -0.08712299999999118, 71.71982400000002, 34.102475999999996, 42.979467, 43.946268, 66.00690900000001, 42.71579399999999, 42.36422999999999, 16.17271199999999, 82.09096199999999, 78.83899500000001, 29.707926000000015]","[0.0, 0.0, 1.0, 6.0, 1.0, 1.0, 1.0, 1.0, 1.0, 1.0, 3.0, 1.0, 0.0, 0.0, 1.0, 1.0]","[0.0, 22.0, 15.0, 15.0, 0.0, 19.0, 11.0, 11.0, 13.0, 25.0, 11.0, 13.0, 23.0, -15.0, 34.0, 14.0]"
3,1791635818.055701,"[-45.08731499999999, 66.44636400000002, 44.297832, 43.506812999999994, -0.08712299999999118, 71.71982400000002, 34.102475999999996, 43.946268, 45.00095999999999, 66.00690900000001, 43.68259499999999, 43.59470400000001, 16.17271199999999, 82.09096199999999, 79.01477699999998, 29.620035]","[0.0, 1.0, 4.0, 1.0, 1.0, 1.0, 1.0, 1.0, 1.0, 0.0, 1.0, 4.0, 0.0, 0.0, 1.0, 0.0]","[0.0, 22.0, 14.0, 15.0, 0.0, 20.0, 11.0, 12.0, -7.0, 26.0, 11.0, 10.0, 23.0, -16.0, 40.0, 13.0]"
3,1791635818.2821963,"[-46.05411599999999, 66.44636400000002, 45.088851000000005, 45.00095999999999, -0.08712299999999118, 71.71982400000002, 34.102475999999996, 45.00095999999999, 45.967760999999996, 66.00690900000001, 44.825177999999994, 44.73728700000001, 16.084821000000005, 82.178853, 78.83899500000001, 29.620035]","[0.0, 0.0, 1.0, 4.0, 1.0, 0.0, 1.0, 3.0, 1.0, 1.0, 2.0, 2.0, 0.0, 1.0, 0.0, 0.0]","[0.0, 22.0, 16.0, 15.0, 0.0, 20.0, 11.0, 12.0, 0.0, 25.0, 11.0, 10.0, 10.0, 0.0, 10.0, 13.0]"
3,1791635818.5064666,"[-47.020917, 66.44636400000002, 46.05565200000001, 45.791979, -0.08712299999999118, 71.71982400000002, 34.102475999999996, 45.87987000000001, 46.934562, 66.00690900000001, 45.70408800000001, 45.791979, 16.084821000000005, 82.09096199999999, 78.83899500000001, 29.620035]","[0.0, 1.0, 2.0, 1.0, 1.0, 1.0, 1.0, 1.0, 1.0, 0.0, 2.0, 4.0, 0.0, 0.0, 0.0, 0.0]","[0.0, 23.0, 16.0, 15.0, 0.0, 20.0, 12.0, 12.0, 0.0, 25.0, 12.0, 11.0, 8.0, 8.0, 10.0, 13.0]"
3,1791635818.730501,"[-47.72404499999999, 66.358473, 47.110344, 47.19823500000001, -0.08712299999999118, 71.71982400000002, 34.102475999999996, 47.02245300000001, 48.077145, 66.00690900000001, 46.846671000000015, 46.934562, 16.084821000000005, 82.09096199999999, 78.83899500000001, 29.620035]","[0.0, 0.0, 1.0, 3.0, 1.0, 1.0, 1.0, 4.0, 1.0, 1.0, 2.0, 5.0, 0.0, 1.0, 0.0, 0.0]","[-9.0, 23.0, 15.0, 16.0, 0.0, 20.0, 11.0, 12.0, -14.0, 26.0, 11.0, 11.0, 9.0, 8.0, 10.0, 13.0]"
3,1791635818.9544506,"[-49.04240999999999, 66.44636400000002, 47.98925399999999, 48.077145, -0.08712299999999118, 71.71982400000002, 34.102475999999996, 47.901363, 49.043946000000005, 66.00690900000001, 47.725581000000005, 47.81347199999999, 16.084821000000005, 82.09096199999999, 78.83899500000001, 29.620035]","[0.0, 1.0, 1.0, 1.0, 1.0, 0.0, 1.0, 1.0, 0.0, 1.0, 1.0, 2.0, 0.0, 0.0, 0.0, 0.0]","[0.0, 23.0, 16.0, 15.0, 0.0, 20.0, 11.0, 12.0, -13.0, 26.0, 10.0, 11.0, 10.0, 7.0, 10.0, 13.0]"
3,1791635819.1783702,"[-49.92132000000001, 66.44636400000002, 49.043946000000005, 49.219728, -0.08712299999999118, 71.71982400000002, 34.102475999999996, 48.86816400000001, 50.01074700000001, 66.00690900000001, 48.780272999999994, 48.780272999999994, 16.084821000000005, 82.09096199999999, 78.83899500000001, 29.620035]","[-1.0, 1.0, 3.0, 2.0, 1.0, 0.0, 1.0, 1.0, 1.0, 1.0, 4.0, 1.0, 0.0, 1.0, 0.0, 0.0]","[-9.0, 22.0, 15.0, 15.0, 0.0, 20.0, 11.0, 12.0, 0.0, 26.0, 10.0, 10.0, 10.0, 6.0, 10.0, 13.0]"
3,1791635819.402313,"[-50.88812100000001, 66.44636400000002, 49.922855999999996, 50.45020199999999, -0.08712299999999118, 71.807715, 34.102475999999996, 50.01074700000001, 51.15333000000001, 66.00690900000001, 49.747074, 49.83496500000001, 16.084821000000005, 82.178853, 78.83899500000001, 29.620035]","[-1.0, 1.0, 1.0, 3.0, 1.0, 0.0, 1.0, 3.0, 1.0, 1.0, 3.0, 1.0, 0.0, 1.0, 0.0, 0.0]","[-8.0, 22.0, 16.0, 14.0, 0.0, 20.0, 11.0, 11.0, -6.0, 25.0, 11.0, 11.0, 9.0, 1.0, 9.0, 13.0]"
3,1791635819.6236148,"[-51.767031, 66.44636400000002, 50.889657, 51.32911200000001, -0.08712299999999118, 71.71982400000002, 34.102475999999996, 50.801766000000015, 52.03224, 66.00690900000001, 50.801766000000015, 50.801766000000015, 16.084821000000005, 82.09096199999999, 78.83899500000001, 29.620035]","[0.0, 1.0, 1.0, 3.0, 1.0, 0.0, 1.0, 1.0, 1.0, 1.0, 4.0, 2.0, 0.0, 0.0, 0.0, 0.0]","[-10.0, 23.0, 16.0, 13.0, 0.0, 22.0, 11.0, 12.0, 0.0, 26.0, 11.0, 10.0, 9.0, 6.0, 10.0, 13.0]"
3,1791635819.846721,"[-52.82172299999999, 66.44636400000002, 52.03224, 52.383804, -0.08712299999999118, 71.71982400000002, 34.102475999999996, 52.03224, 53.08693199999999, 66.00690900000001, 51.856458, 51.856458, 16.084821000000005, 82.178853, 78.83899500000001, 29.620035]","[-3.0, 1.0, 2.0, 1.0, 1.0, 0.0, 1.0, 3.0, 1.0, 1.0, 2.0, 3.0, 0.0, 0.0, 0.0, 0.0]","[-10.0, 22.0, 15.0, 14.0, 0.0, 21.0, 11.0, 11.0, 0.0, 26.0, 11.0, 11.0, 10.0, 0.0, 10.0, 13.0]"
3,1791635820.0718915,"[-53.876414999999994, 66.44636400000002, 52.999041000000005, 53.438496000000015, -0.08712299999999118, 71.807715, 34.102475999999996, 52.91114999999999, 54.053732999999994, 66.00690900000001, 52.735367999999994, 52.735367999999994, 16.084821000000005, 82.09096199999999, 78.83899500000001, 29.620035]","[-2.0, 1.0, 3.0, 3.0, 1.0, 1.0, 1.0, 1.0, 1.0, 1.0, 2.0, 2.0, 0.0, 1.0, 0.0, 0.0]","[-9.0, 21.0, 16.0, 13.0, 0.0, 20.0, 11.0, 11.0, 0.0, 26.0, 11.0, 11.0, 9.0, 5.0, 10.0, 13.0]"
3,1791635820.2982645,"[-54.491652, 66.44636400000002, 53.96584200000001, 54.22951499999999, -0.08712299999999118, 71.807715, 34.102475999999996, 54.14162400000001, 55.020534, 66.00690900000001, 53.79006000000001, 53.79006000000001, 16.084821000000005, 82.09096199999999, 78.83899500000001, 29.620035]","[0.0, 1.0, 4.0, 4.0, 1.0, 0.0, 1.0, 3.0, 0.0, 1.0, 2.0, 3.0, 0.0, 0.0, 0.0, 0.0]","[-9.0, 22.0, 16.0, 14.0, 0.0, 20.0, 11.0, 11.0, -1.0, 26.0, 11.0, 11.0, 10.0, 3.0, 10.0, 13.0]"
3,1791635820.52223,"[-55.546344000000005, 66.44636400000002, 55.10842500000001, 55.372097999999994, -0.08712299999999118, 71.807715, 34.102475999999996, 54.93264300000001, 56.075226000000015, 66.00690900000001, 54.22951499999999, 54.493188, 16.084821000000005, 82.09096199999999, 78.83899500000001, 29.620035]","[-1.0, 1.0, 2.0, 2.0, 1.0, 1.0, 1.0, 1.0, 1.0, 1.0, 1.0, 1.0, 0.0, 1.0, 0.0, 0.0]","[-9.0, 21.0, 15.0, 14.0, 0.0, 21.0, 11.0, 11.0, 0.0, 26.0, 13.0, 13.0, 10.0, 6.0, 10.0, 13.0]"
3,1791635820.7433197,"[-56.425253999999995, 66.710037, 55.987335, 56.338899, -0.08712299999999118, 71.807715, 34.102475999999996, 55.811553, 56.954136000000005, 66.00690900000001, 54.22951499999999, 54.493188, 16.084821000000005, 82.09096199999999, 78.83899500000001, 29.620035]","[0.0, 1.0, 1.0, 1.0, 1.0, 2.0, 1.0, 1.0, 1.0, 1.0, 1.0, 1.0, 0.0, 0.0, 0.0, 0.0]","[-9.0, 19.0, 16.0, 14.0, 0.0, 20.0, 11.0, 12.0, 0.0, 26.0, 16.0, 15.0, 10.0, 2.0, 10.0, 14.0]"
3,1791635820.970336,"[-57.128382, 66.885819, 56.954136000000005, 57.129918, -0.08712299999999118, 71.807715, 34.102475999999996, 56.954136000000005, 57.92093700000001, 66.00690900000001, 54.493188, 55.196315999999996, 16.084821000000005, 82.178853, 78.83899500000001, 29.620035]","[-1.0, 1.0, 1.0, 3.0, 1.0, 1.0, 1.0, 1.0, 2.0, 1.0, 1.0, 3.0, 0.0, 0.0, 0.0, 0.0]","[-10.0, 18.0, 16.0, 14.0, 0.0, 21.0, 11.0, 11.0, 0.0, 26.0, 20.0, 17.0, 10.0, 6.0, 10.0, 13.0]"
3,1791635821.194609,"[-58.71042, 66.885819, 58.09671900000001, 58.09671900000001, -0.08712299999999118, 71.807715, 34.102475999999996, 57.92093700000001, 58.88773800000001, 65.919018, 54.58107900000002, 55.196315999999996, 16.084821000000005, 82.178853, 78.83899500000001, 29.620035]","[-2.0, 1.0, 2.0, 2.0, 1.0, 0.0, 1.0, 1.0, 2.0, 0.0, 1.0, 0.0, 0.0, 1.0, 0.0, 0.0]","[-9.0, 18.0, 15.0, 15.0, 0.0, 19.0, 12.0, 12.0, 13.0, 26.0, 27.0, 21.0, 10.0, 0.0, 10.0, 13.0]"
3,1791635821.4177396,"[-59.149874999999994, 66.885819, 59.327192999999994, 59.151410999999996, -0.08712299999999118, 71.71982400000002, 34.102475999999996, 59.06352000000001, 58.975629, 65.65534500000001, 54.493188, 55.196315999999996, 16.084821000000005, 82.09096199999999, 78.83899500000001, 29.620035]","[0.0, 1.0, 3.0, 3.0, 1.0, 0.0, 1.0, 1.0, 1.0, 0.0, 0.0, 0.0, 0.0, 1.0, 0.0, 0.0]","[-11.0, 19.0, 15.0, 15.0, 0.0, 21.0, 11.0, 11.0, -14.0, 10.0, 9.0, 0.0, 10.0, 4.0, 10.0, 13.0]"
3,1791635821.64211,"[-60.468239999999994, 66.885819, 60.38188500000001, 59.23930200000001, -0.08712299999999118, 71.807715, 34.102475999999996, 59.94243, 58.975629, 65.65534500000001, 54.493188, 55.196315999999996, 16.084821000000005, 82.09096199999999, 78.83899500000001, 29.620035]","[-1.0, 1.0, 3.0, 1.0, 1.0, 0.0, 1.0, 1.0, 1.0, 0.0, 0.0, 0.0, 0.0, 0.0, 0.0, 0.0]","[-9.0, 19.0, 14.0, 15.0, 0.0, 21.0, 11.0, 12.0, -14.0, 10.0, 9.0, 0.0, 9.0, 4.0, 10.0, 13.0]"
3,1791635821.866177,"[-61.610822999999996, 66.885819, 61.348686000000015, 59.23930200000001, -0.08712299999999118, 71.807715, 34.102475999999996, 60.99712199999999, 58.975629, 65.65534500000001, 54.493188, 55.196315999999996, 16.084821000000005, 82.178853, 78.83899500000001, 29.620035]","[1.0, 1.0, 1.0, 1.0, 1.0, 0.0, 1.0, 4.0, 1.0, 0.0, 0.0, 0.0, 0.0, 1.0, 0.0, 0.0]","[-9.0, 18.0, 15.0, 14.0, 0.0, 21.0, 11.0, 12.0, -14.0, 11.0, 9.0, 0.0, 10.0, 1.0, 10.0, 13.0]"
3,1791635822.0901108,"[-62.489733, 66.885819, 62.31548699999999, 59.23930200000001, -0.08712299999999118, 71.807715, 34.102475999999996, 61.963922999999994, 58.975629, 65.65534500000001, 54.493188, 55.196315999999996, 16.084821000000005, 82.09096199999999, 78.83899500000001, 29.620035]","[0.0, 1.0, 2.0, 1.0, 1.0, 1.0, 1.0, 3.0, 1.0, 0.0, 0.0, 0.0, 0.0, 1.0, 0.0, 0.0]","[-9.0, 19.0, 14.0, 14.0, 0.0, 21.0, 11.0, 10.0, -14.0, 10.0, 9.0, 0.0, 9.0, 4.0, 10.0, 12.0]"
3,1791635822.3140962,"[-63.720207, 66.885819, 63.37017900000001, 59.23930200000001, -0.08712299999999118, 71.807715, 34.102475999999996, 62.930724, 58.975629, 65.65534500000001, 54.493188, 55.196315999999996, 16.084821000000005, 82.178853, 78.83899500000001, 29.620035]","[0.0, 1.0, 1.0, 1.0, 1.0, 1.0, 1.0, 1.0, 1.0, 0.0, 0.0, 0.0, 0.0, 0.0, 0.0, 0.0]","[-9.0, 19.0, 14.0, 15.0, 0.0, 21.0, 12.0, 11.0, -14.0, 10.0, 9.0, 0.0, 9.0, 2.0, 11.0, 13.0]"
3,1791635822.538036,"[-64.774899, 66.885819, 64.249089, 59.23930200000001, -0.08712299999999118, 71.807715, 34.102475999999996, 64.073307, 58.975629, 65.65534500000001, 54.493188, 55.196315999999996, 16.084821000000005, 82.178853, 78.83899500000001, 29.620035]","[-1.0, 1.0, 1.0, 1.0, 1.0, 1.0, 1.0, 2.0, 1.0, 0.0, 0.0, 0.0, 0.0, 1.0, 0.0, 0.0]","[-9.0, 19.0, 15.0, 14.0, 0.0, 20.0, 11.0, 12.0, -14.0, 10.0, 8.0, 0.0, 9.0, 0.0, 11.0, 13.0]"
3,1791635822.7620792,"[-65.390136, 66.885819, 64.68854400000001, 59.23930200000001, -0.08712299999999118, 71.71982400000002, 34.102475999999996, 64.95221699999999, 58.975629, 65.65534500000001, 54.493188, 55.196315999999996, 16.084821000000005, 82.178853, 78.83899500000001, 29.620035]","[0.0, 1.0, 1.0, 1.0, 1.0, 0.0, 1.0, 1.0, 1.0, 0.0, 0.0, 0.0, 0.0, 1.0, 0.0, 0.0]","[-9.0, 19.0, 16.0, 15.0, 0.0, 20.0, 10.0, 11.0, -14.0, 10.0, 9.0, 0.0, 9.0, 1.0, 10.0, 13.0]"
3,1791635822.9842424,"[-66.62061, 66.885819, 65.21589, 59.23930200000001, -0.08712299999999118, 71.71982400000002, 34.102475999999996, 65.83112700000001, 58.975629, 65.65534500000001, 54.493188, 55.196315999999996, 16.084821000000005, 82.178853, 78.83899500000001, 29.620035]","[0.0, 1.0, 1.0, 1.0, 1.0, 1.0, 1.0, 1.0, 1.0, 0.0, 0.0, 0.0, 0.0, 0.0, 0.0, 1.0]","[-8.0, 19.0, 18.0, 15.0, 0.0, 21.0, 11.0, 12.0, -13.0, 10.0, 9.0, 0.0, 11.0, 1.0, 10.0, 12.0]"
3,1791635823.208426,"[-67.587411, 66.885819, 65.65534500000001, 59.23930200000001, -0.08712299999999118, 71.807715, 34.102475999999996, 66.710037, 58.975629, 65.65534500000001, 54.493188, 55.196315999999996, 16.084821000000005, 82.178853, 78.83899500000001, 29.620035]","[0.0, 1.0, 1.0, 1.0, 1.0, 0.0, 1.0, 1.0, 1.0, 0.0, 0.0, 0.0, 0.0, 1.0, 0.0, 0.0]","[-9.0, 19.0, 20.0, 13.0, 0.0, 20.0, 11.0, 12.0, -14.0, 10.0, 8.0, 0.0, 9.0, 0.0, 10.0, 13.0]"
3,1791635823.4323342,"[-68.55421199999999, 66.885819, 66.44636400000002, 59.23930200000001, -0.08712299999999118, 71.71982400000002, 34.102475999999996, 67.85262, 58.975629, 65.65534500000001, 54.493188, 55.196315999999996, 16.084821000000005, 82.09096199999999, 78.83899500000001, 29.620035]","[0.0, 1.0, 1.0, 1.0, 1.0, 0.0, 1.0, 1.0, 1.0, 0.0, 0.0, 0.0, 0.0, 0.0, 0.0, 0.0]","[-9.0, 20.0, 21.0, 14.0, 0.0, 21.0, 11.0, 12.0, -14.0, 10.0, 9.0, 0.0, 9.0, 7.0, 10.0, 13.0]"
3,1791635823.655214,"[-69.608904, 66.79792800000001, 67.061601, 59.23930200000001, -0.08712299999999118, 71.807715, 34.102475999999996, 68.73152999999999, 58.975629, 65.65534500000001, 54.493188, 55.196315999999996, 16.084821000000005, 82.178853, 78.83899500000001, 29.620035]","[0.0, 1.0, 1.0, 1.0, 1.0, 0.0, 1.0, 1.0, 1.0, 0.0, 0.0, 0.0, 0.0, 1.0, 0.0, 0.0]","[-9.0, 20.0, 24.0, 13.0, 0.0, 21.0, 11.0, 13.0, -14.0, 10.0, 10.0, 0.0, 10.0, 0.0, 10.0, 13.0]"
3,1791635823.8818967,"[-69.521013, 66.79792800000001, 67.41316499999999, 59.23930200000001, -0.08712299999999118, 71.71982400000002, 34.102475999999996, 69.522549, 58.975629, 65.65534500000001, 54.493188, 55.196315999999996, 16.084821000000005, 82.178853, 78.83899500000001, 29.620035]","[1.0, 0.0, 1.0, 1.0, 1.0, 0.0, 1.0, 1.0, 1.0, 0.0, 0.0, 0.0, 0.0, 0.0, 0.0, 0.0]","[-9.0, 21.0, 28.0, 14.0, 0.0, 21.0, 11.0, 12.0, -14.0, 10.0, 8.0, 0.0, 9.0, 1.0, 10.0, 13.0]"
3,1791635824.1047976,"[-69.608904, 66.79792800000001, 67.76472900000002, 59.151410999999996, -0.08712299999999118, 71.807715, 34.102475999999996, 70.840914, 58.975629, 65.65534500000001, 54.493188, 55.196315999999996, 16.084821000000005, 82.178853, 78.83899500000001, 29.620035]","[0.0, 0.0, 3.0, 1.0, 1.0, 1.0, 1.0, 3.0, 1.0, 0.0, 0.0, 0.0, 0.0, 1.0, 0.0, 0.0]","[-9.0, 20.0, 34.0, 15.0, 0.0, 21.0, 11.0, 11.0, -14.0, 11.0, 8.0, 0.0, 9.0, 0.0, 10.0, 13.0]"
3,1791635824.330142,"[-69.608904, 66.79792800000001, 68.204184, 59.151410999999996, -0.08712299999999118, 71.807715, 34.102475999999996, 71.71982400000002, 58.975629, 65.65534500000001, 54.493188, 55.196315999999996, 16.084821000000005, 82.178853, 78.83899500000001, 29.620035]","[0.0, 0.0, 1.0, 0.0, 1.0, 1.0, 1.0, 1.0, 1.0, 0.0, 0.0, 0.0, 0.0, 1.0, 0.0, 0.0]","[-9.0, 21.0, 37.0, 14.0, 0.0, 21.0, 11.0, 12.0, -14.0, 10.0, 9.0, 0.0, 8.0, 0.0, 10.0, 13.0]"
3,1791635824.5526283,"[-69.608904, 66.710037, 68.204184, 59.151410999999996, -0.08712299999999118, 71.807715, 34.102475999999996, 72.774516, 58.975629, 65.65534500000001, 54.493188, 55.196315999999996, 16.084821000000005, 82.178853, 78.83899500000001, 29.620035]","[0.0, 0.0, 1.0, 0.0, 1.0, 0.0, 1.0, 1.0, 1.0, 0.0, 0.0, 0.0, 0.0, 1.0, 0.0, 0.0]","[9.0, 10.0, 14.0, 0.0, 0.0, 21.0, 10.0, 12.0, -14.0, 10.0, 9.0, 0.0, 10.0, 0.0, 10.0, 13.0]"
3,1791635824.774188,"[-69.608904, 66.710037, 68.204184, 59.151410999999996, -0.08712299999999118, 71.807715, 34.102475999999996, 73.74131700000001, 58.975629, 65.65534500000001, 54.493188, 55.196315999999996, 16.084821000000005, 82.09096199999999, 78.83899500000001, 29.620035]","[0.0, 0.0, 1.0, 0.0, 1.0, 1.0, 1.0, 4.0, 1.0, 0.0, 0.0, 0.0, 0.0, 0.0, 0.0, 0.0]","[9.0, 10.0, 14.0, 0.0, 0.0, 20.0, 11.0, 12.0, -14.0, 9.0, 9.0, 0.0, 9.0, 4.0, 9.0, 13.0]"
