grip,time,positions,velocities,currents
1,1791639485.8301787,"[0.0007679999999936626, -4.92112800000001, -1.229705999999993, -0.17501400000000444, -0.08712299999999118, -4.92112800000001, 0.17654999999999177, -0.5265780000000007, 0.08865900000000693, -4.833236999999997, -0.9660330000000101, 0.26444100000000503, -1.7570519999999874, 178.41949799999998, 40.07906399999999, 25.928613000000013]","[1.0, 1.0, 1.0, 0.0, 0.0, 1.0, 0.0, 1.0, 0.0, 0.0, 0.0, 0.0, 1.0, 1.0, 0.0, 0.0]","[-8.0, 32.0, 16.0, 13.0, -2.0, 32.0, -10.0, 11.0, -14.0, 31.0, 10.0, -10.0, 14.0, 16.0, -4.0, -15.0]"
1,1791639486.0556853,"[-0.5265780000000007, -4.833236999999997, -1.229705999999993, 0.0007679999999936626, 0.0007679999999936626, -4.92112800000001, 0.528113999999988, -0.5265780000000007, 0.7038960000000145, -4.833236999999997, -0.9660330000000101, 0.3523319999999899, -1.8449430000000007, 178.33160700000002, 40.07906399999999, 25.928613000000013]","[-1.0, 1.0, 0.0, 1.0, 1.0, 1.0, 1.0, 1.0, 2.0, 0.0, 0.0, 1.0, 1.0, 0.0, 1.0, 1.0]","[-9.0, 46.0, 20.0, 15.0, -13.0, 49.0, 10.0, 12.0, 14.0, 51.0, 13.0, 11.0, 15.0, -11.0, 12.0, 6.0]"
1,1791639486.2789047,"[-1.4054879999999912, -4.393781999999987, -0.17501400000000444, 0.44022300000000314, -0.08712299999999118, -3.7785450000000083, 1.0554600000000107, 0.17654999999999177, 1.582806000000005, -4.305891000000003, -0.6144689999999855, 0.528113999999988, -1.8449430000000007, 177.98004300000002, 40.07906399999999, 26.28017700000001]","[0.0, 1.0, 2.0, 1.0, -1.0, 1.0, 0.0, 2.0, 1.0, 3.0, 1.0, 1.0, 1.0, 0.0, 1.0, 1.0]","[-9.0, 63.0, 19.0, 17.0, -6.0, 59.0, 11.0, 13.0, 14.0, 64.0, 16.0, 11.0, 15.0, -16.0, 14.0, 15.0]"
1,1791639486.503654,"[-2.372288999999995, -1.6691610000000026, 0.8796780000000126, 1.4949149999999918, 0.0007679999999936626, -2.8996349999999893, 1.846478999999988, 1.407024000000007, 2.725389000000007, -2.372288999999995, 0.26444100000000503, 0.6160050000000012, -1.8449430000000007, 177.804261, 41.39742899999999, 27.159087]","[0.0, 7.0, 1.0, 4.0, 0.0, 8.0, 3.0, 1.0, 3.0, 7.0, 0.0, 1.0, 0.0, 0.0, 4.0, 1.0]","[-9.0, 50.0, 19.0, 16.0, -11.0, 64.0, 12.0, 13.0, 13.0, 69.0, 17.0, 16.0, 14.0, -27.0, 13.0, 15.0]"
1,1791639486.727651,"[-3.426981000000012, 0.08865900000000693, 1.7585880000000031, 2.3738250000000107, -0.08712299999999118, -0.08712299999999118, 2.6374979999999937, 2.1101519999999994, 3.6921900000000107, -2.372288999999995, 1.3191329999999937, 2.1101519999999994, -1.8449430000000007, 177.540588, 42.27633900000001, 28.03799699999999]","[-2.0, 1.0, 3.0, 2.0, 0.0, 4.0, 4.0, 2.0, 2.0, 1.0, 2.0, 4.0, 0.0, 0.0, 2.0, 2.0]","[-10.0, 59.0, 20.0, 17.0, -4.0, 58.0, 13.0, 14.0, 14.0, 96.0, 16.0, 13.0, 14.0, -38.0, 14.0, 15.0]"
1,1791639486.9489226,"[-4.305891000000003, 1.582806000000005, 2.725389000000007, 3.5164080000000126, -0.08712299999999118, 1.846478999999988, 3.4285169999999994, 3.2527350000000013, 4.571100000000001, 1.846478999999988, 1.846478999999988, 3.2527350000000013, -1.7570519999999874, 175.69487700000002, 43.41892200000001, 29.180579999999992]","[0.0, 8.0, 3.0, 3.0, 1.0, 5.0, 3.0, 2.0, 4.0, 9.0, 1.0, 3.0, 0.0, -3.0, 5.0, 3.0]","[-10.0, 57.0, 21.0, 15.0, -3.0, 56.0, 13.0, 13.0, 14.0, 59.0, 17.0, 13.0, 14.0, -37.0, 13.0, 14.0]"
1,1791639487.174173,"[-5.360582999999991, 3.867972000000009, 3.7800809999999956, 4.483208999999988, 0.0007679999999936626, 3.6921900000000107, 4.30742699999999, 4.30742699999999, 5.713683000000003, 4.30742699999999, 3.076953000000003, 4.131644999999992, -1.7570519999999874, 173.32182, 44.649395999999996, 30.147380999999996]","[-1.0, 1.0, 3.0, 1.0, 1.0, 1.0, 1.0, 1.0, 3.0, 2.0, 6.0, 1.0, 1.0, -2.0, 4.0, 2.0]","[-10.0, 62.0, 20.0, 17.0, -11.0, 65.0, 14.0, 13.0, 15.0, 58.0, 17.0, 14.0, 13.0, -33.0, 12.0, 15.0]"
1,1791639487.3963995,"[-5.975819999999999, 5.537901000000005, 4.746881999999999, 5.537901000000005, 0.0007679999999936626, 6.065246999999999, 5.274227999999994, 5.186337000000009, 6.504702000000009, 5.889465000000001, 4.219536000000005, 5.010555000000011, -1.7570519999999874, 170.86087200000003, 45.528306000000015, 31.114182]","[0.0, 3.0, 5.0, 1.0, 2.0, 5.0, 4.0, 1.0, 3.0, 4.0, 3.0, 1.0, 0.0, -7.0, 3.0, 1.0]","[-12.0, 62.0, 19.0, 15.0, -9.0, 59.0, 13.0, 13.0, 14.0, 63.0, 17.0, 14.0, 14.0, -30.0, 13.0, 15.0]"
1,1791639487.623619,"[-7.118403000000001, 8.438303999999988, 5.889465000000001, 6.680484000000007, 0.0007679999999936626, 6.065246999999999, 5.362119000000007, 6.328920000000011, 7.647285000000011, 8.350413000000003, 5.098445999999996, 6.416810999999996, -1.8449430000000007, 169.27883400000002, 46.67088899999999, 32.16887399999999]","[-1.0, 7.0, 2.0, 3.0, 1.0, 1.0, 1.0, 4.0, 2.0, 7.0, 2.0, 4.0, 1.0, 0.0, 2.0, 2.0]","[-10.0, 56.0, 19.0, 15.0, -8.0, 86.0, 18.0, 13.0, 14.0, 53.0, 17.0, 14.0, 15.0, -37.0, 13.0, 15.0]"
1,1791639487.847518,"[-8.260986000000003, 10.108233000000013, 5.889465000000001, 7.471503000000013, 0.0007679999999936626, 10.108233000000013, 7.207830000000001, 7.2957210000000146, 7.735175999999996, 9.668778000000003, 6.2410289999999975, 7.207830000000001, -1.7570519999999874, 168.487815, 47.54979900000001, 33.223566000000005]","[-1.0, 1.0, 1.0, 1.0, 1.0, 9.0, 1.0, 1.0, 1.0, 1.0, 4.0, 1.0, 0.0, 0.0, 3.0, 4.0]","[-10.0, 60.0, 25.0, 17.0, -3.0, 54.0, 14.0, 13.0, 16.0, 66.0, 15.0, 13.0, 14.0, -42.0, 12.0, 14.0]"
1,1791639488.0690606,"[-9.227787000000006, 10.108233000000013, 7.823067000000009, 8.614086000000015, -0.08712299999999118, 11.426598000000013, 8.26252199999999, 8.526195000000001, 9.58088699999999, 9.668778000000003, 7.119938999999988, 8.174631000000005, -1.8449430000000007, 166.02686699999998, 48.34081800000001, 34.19036700000001]","[0.0, 1.0, 4.0, 3.0, 0.0, 3.0, 4.0, 2.0, 3.0, 1.0, 4.0, 3.0, 0.0, -9.0, 1.0, 1.0]","[-10.0, 83.0, 19.0, 16.0, -7.0, 64.0, 14.0, 12.0, 14.0, 93.0, 17.0, 13.0, 14.0, -36.0, 13.0, 15.0]"
1,1791639488.2954817,"[-10.19458800000001, 14.063328000000013, 8.877758999999998, 9.492996000000005, -0.08712299999999118, 11.426598000000013, 9.229322999999994, 9.405104999999992, 10.635579000000007, 10.196123999999998, 7.207830000000001, 9.317214000000007, -1.7570519999999874, 163.829592, 49.571292, 35.245059]","[0.0, 6.0, 4.0, 2.0, 0.0, 1.0, 1.0, 1.0, 2.0, 8.0, 1.0, 1.0, 0.0, 0.0, 4.0, 3.0]","[-10.0, 67.0, 19.0, 16.0, -3.0, 91.0, 13.0, 13.0, 14.0, 103.0, 20.0, 14.0, 15.0, -40.0, 12.0, 13.0]"
1,1791639488.517034,"[-10.897716000000003, 15.55747500000001, 9.756668999999988, 10.547687999999994, 0.0007679999999936626, 15.909039000000007, 10.28401500000001, 10.371905999999996, 11.60238000000001, 16.436385, 9.229322999999994, 10.196123999999998, -1.8449430000000007, 161.45653500000003, 50.362311000000005, 36.12396899999999]","[-2.0, 8.0, 1.0, 1.0, 1.0, 10.0, 4.0, 3.0, 2.0, 6.0, 3.0, 2.0, 0.0, -7.0, 1.0, 1.0]","[-10.0, 61.0, 20.0, 16.0, -12.0, 56.0, 12.0, 14.0, 13.0, 53.0, 17.0, 13.0, 14.0, -33.0, 14.0, 14.0]"
1,1791639488.7403607,"[-12.12818999999999, 18.018423000000013, 10.811361000000005, 11.60238000000001, 0.0007679999999936626, 17.49107699999999, 11.075033999999988, 11.250816000000015, 12.657072, 16.524276000000015, 9.58088699999999, 11.162925000000001, -1.7570519999999874, 159.61082399999998, 51.417002999999994, 37.26655199999999]","[-1.0, 0.0, 3.0, 2.0, 1.0, 8.0, 2.0, 2.0, 2.0, 1.0, 6.0, 2.0, 1.0, -1.0, 3.0, 3.0]","[-10.0, 59.0, 19.0, 16.0, -13.0, 53.0, 14.0, 14.0, 13.0, 80.0, 18.0, 15.0, 14.0, -37.0, 13.0, 13.0]"
1,1791639488.9648921,"[-13.007100000000008, 20.215698000000003, 11.690270999999996, 12.657072, -0.08712299999999118, 19.952024999999992, 12.21761699999999, 12.393398999999988, 13.53598199999999, 19.600460999999996, 10.987143000000003, 12.21761699999999, -1.7570519999999874, 157.50144, 52.29591300000001, 38.14546200000001]","[0.0, 6.0, 1.0, 3.0, 1.0, 5.0, 2.0, 2.0, 1.0, 3.0, 1.0, 3.0, 0.0, 0.0, 3.0, 1.0]","[-11.0, 53.0, 20.0, 15.0, -11.0, 54.0, 14.0, 13.0, 15.0, 68.0, 17.0, 13.0, 15.0, -36.0, 14.0, 14.0]"
1,1791639489.190919,"[-14.237573999999995, 22.14930000000001, 12.832853999999998, 13.53598199999999, -0.08712299999999118, 21.270389999999992, 13.096527000000009, 13.53598199999999, 14.590674000000007, 21.973518000000013, 11.866052999999994, 13.184417999999994, -1.7570519999999874, 155.83151099999998, 53.174823, 39.375935999999996]","[0.0, 2.0, 4.0, 2.0, 0.0, 5.0, 2.0, 3.0, 2.0, 12.0, 3.0, 2.0, 1.0, -2.0, 1.0, 3.0]","[-10.0, 70.0, 19.0, 15.0, -8.0, 60.0, 14.0, 13.0, 14.0, 56.0, 19.0, 13.0, 14.0, -36.0, 14.0, 14.0]"
1,1791639489.4153862,"[-15.116483999999986, 23.819229000000007, 13.887546000000015, 14.327000999999996, -0.08712299999999118, 24.346575, 14.151218999999998, 14.414892000000009, 15.645365999999996, 23.995011000000005, 13.096527000000009, 13.975437, -1.8449430000000007, 153.89790900000003, 54.317406000000005, 40.254846000000015]","[0.0, 8.0, 2.0, 5.0, 0.0, 8.0, 1.0, 1.0, 1.0, 1.0, 5.0, 1.0, 0.0, -2.0, 4.0, 1.0]","[-10.0, 58.0, 19.0, 17.0, -3.0, 55.0, 15.0, 12.0, 14.0, 63.0, 18.0, 13.0, 15.0, -41.0, 13.0, 14.0]"
1,1791639489.6386094,"[-16.434848999999986, 26.631741000000005, 14.942238000000003, 15.55747500000001, 0.0007679999999936626, 26.10439500000001, 15.381693000000013, 15.733257000000009, 16.787948999999998, 26.71963199999999, 13.975437, 15.118020000000001, -1.8449430000000007, 151.96430700000002, 55.196315999999996, 41.22164699999999]","[-2.0, 9.0, 3.0, 2.0, 1.0, 2.0, 3.0, 1.0, 3.0, 6.0, 1.0, 3.0, 0.0, -4.0, 1.0, 1.0]","[-9.0, 47.0, 18.0, 17.0, -12.0, 56.0, 14.0, 12.0, 13.0, 48.0, 17.0, 13.0, 14.0, -40.0, 15.0, 14.0]"
1,1791639489.8617837,"[-17.313759000000005, 28.565343000000013, 15.821147999999994, 16.436385, 0.0007679999999936626, 28.125888000000003, 16.436385, 16.787948999999998, 17.578968000000003, 28.565343000000013, 14.85434699999999, 15.996929999999992, -1.7570519999999874, 150.733833, 56.338899, 42.27633900000001]","[-2.0, 8.0, 3.0, 2.0, 0.0, 1.0, 2.0, 1.0, 1.0, 6.0, 1.0, 1.0, 1.0, 0.0, 3.0, 2.0]","[-11.0, 51.0, 19.0, 16.0, -12.0, 58.0, 13.0, 13.0, 14.0, 55.0, 18.0, 14.0, 14.0, -50.0, 13.0, 15.0]"
1,1791639490.0855598,"[-18.54423299999999, 31.202073000000013, 17.139512999999994, 17.403186000000005, 0.0007679999999936626, 29.971598999999998, 17.578968000000003, 17.75475, 18.633659999999992, 28.565343000000013, 16.348493999999988, 17.139512999999994, -1.8449430000000007, 148.536558, 57.3057, 43.24314000000001]","[-3.0, 5.0, 4.0, 3.0, 1.0, 2.0, 4.0, 3.0, 2.0, 0.0, 3.0, 3.0, -1.0, -4.0, 3.0, 2.0]","[-9.0, 46.0, 17.0, 17.0, -12.0, 60.0, 12.0, 13.0, 14.0, 81.0, 16.0, 13.0, 15.0, -43.0, 14.0, 14.0]"
1,1791639490.3112242,"[-19.511033999999995, 32.784110999999996, 18.018423000000013, 18.457877999999994, -0.08712299999999118, 32.344656000000015, 18.36998700000001, 18.457877999999994, 19.51257000000001, 32.87200200000001, 17.315294999999992, 18.19420500000001, -1.7570519999999874, 146.163501, 58.18460999999999, 44.297832]","[-1.0, 5.0, 1.0, 3.0, 0.0, 11.0, 1.0, 1.0, 5.0, 16.0, 1.0, 6.0, 0.0, -4.0, 1.0, 2.0]","[-9.0, 51.0, 18.0, 17.0, -11.0, 53.0, 14.0, 12.0, 14.0, 44.0, 16.0, 13.0, 14.0, -40.0, 13.0, 14.0]"
1,1791639490.535048,"[-20.565726000000012, 35.245059, 19.248897, 19.424678999999998, 0.0007679999999936626, 34.45403999999999, 19.161006000000015, 19.68835200000001, 20.567262, 33.13567499999999, 18.545769000000007, 19.073115, -1.7570519999999874, 144.229899, 59.41508400000001, 45.264633]","[-2.0, 7.0, 2.0, 1.0, 1.0, 2.0, 1.0, 3.0, 1.0, 0.0, 3.0, 1.0, 1.0, -6.0, 3.0, 2.0]","[-9.0, 45.0, 18.0, 17.0, -12.0, 57.0, 15.0, 12.0, 14.0, 72.0, 15.0, 13.0, 14.0, -42.0, 14.0, 15.0]"
1,1791639490.758226,"[-21.7962, 37.09076999999999, 20.303588999999988, 20.479371000000015, 0.0007679999999936626, 36.82709700000001, 20.215698000000003, 20.655153000000013, 21.797736000000015, 33.13567499999999, 19.424678999999998, 20.303588999999988, -1.7570519999999874, 141.68106, 60.20610300000001, 46.05565200000001]","[-1.0, 4.0, 3.0, 3.0, 1.0, 8.0, 2.0, 1.0, 2.0, 1.0, 3.0, 3.0, 0.0, 0.0, 3.0, 1.0]","[-9.0, 48.0, 17.0, 16.0, -11.0, 46.0, 15.0, 12.0, 14.0, 100.0, 16.0, 12.0, 14.0, -39.0, 15.0, 15.0]"
1,1791639490.980701,"[-22.763001000000003, 39.28804500000001, 21.358281000000005, 21.709845, 0.0007679999999936626, 38.76069899999999, 20.743043999999998, 21.709845, 22.412972999999994, 39.28804500000001, 20.655153000000013, 21.270389999999992, -1.7570519999999874, 139.92324000000002, 61.348686000000015, 47.286125999999996]","[-1.0, 6.0, 3.0, 4.0, 1.0, 7.0, 5.0, 3.0, 1.0, 11.0, 2.0, 3.0, 1.0, -3.0, 3.0, 2.0]","[-8.0, 41.0, 17.0, 15.0, -12.0, 46.0, 15.0, 12.0, 14.0, 42.0, 14.0, 13.0, 15.0, -41.0, 14.0, 14.0]"
1,1791639491.2055457,"[-23.905584000000005, 41.39742899999999, 22.500864000000007, 22.588754999999992, 0.0007679999999936626, 40.95797400000001, 21.797736000000015, 22.76453699999999, 23.819229000000007, 41.836884, 21.709845, 22.32508200000001, -1.7570519999999874, 137.72596500000003, 62.49126900000002, 48.34081800000001]","[0.0, 3.0, 3.0, 2.0, 1.0, 8.0, 1.0, 2.0, 5.0, 4.0, 3.0, 1.0, 0.0, -4.0, 4.0, 3.0]","[-8.0, 46.0, 17.0, 17.0, -12.0, 46.0, 16.0, 13.0, 13.0, 41.0, 14.0, 14.0, 14.0, -36.0, 13.0, 14.0]"
1,1791639491.4312558,"[-24.784493999999995, 43.41892200000001, 23.291883000000013, 23.116101000000015, 0.0007679999999936626, 43.59470400000001, 22.588754999999992, 23.555555999999996, 24.873920999999996, 43.24314000000001, 22.76453699999999, 23.291883000000013, -1.7570519999999874, 135.79236300000002, 63.37017900000001, 49.30761899999999]","[0.0, 10.0, 3.0, 6.0, 1.0, 5.0, 1.0, 1.0, 1.0, 4.0, 4.0, 4.0, 0.0, -2.0, 3.0, 2.0]","[-9.0, 39.0, 18.0, 17.0, -12.0, 41.0, 16.0, 13.0, 13.0, 45.0, 14.0, 12.0, 15.0, -39.0, 14.0, 13.0]"
1,1791639491.655243,"[-25.927076999999997, 45.967760999999996, 24.170793000000003, 24.698138999999998, 0.0007679999999936626, 45.791979, 23.46766500000001, 24.78603000000001, 25.840722, 46.31932499999999, 23.64344700000001, 24.258683999999988, -1.7570519999999874, 133.15563300000002, 64.424871, 50.18652900000001]","[-3.0, 2.0, 1.0, 3.0, 1.0, 8.0, 5.0, 1.0, 1.0, 8.0, 1.0, 3.0, 0.0, -5.0, 1.0, 4.0]","[0.0, 38.0, 18.0, 16.0, -12.0, 40.0, 17.0, 11.0, 13.0, 37.0, 15.0, 12.0, 14.0, -31.0, 14.0, 14.0]"
1,1791639491.876311,"[-26.981768999999986, 48.34081800000001, 25.313376000000005, 25.577048999999988, 0.0007679999999936626, 47.901363, 24.698138999999998, 25.752831000000015, 26.983305, 47.725581000000005, 24.873920999999996, 25.752831000000015, -1.7570519999999874, 131.046249, 65.30378100000001, 51.065439]","[-2.0, 5.0, 3.0, 2.0, 1.0, 3.0, 3.0, 2.0, 1.0, 1.0, 3.0, 4.0, 0.0, -3.0, 1.0, 1.0]","[0.0, 36.0, 17.0, 16.0, -12.0, 43.0, 16.0, 12.0, 0.0, 41.0, 15.0, 11.0, 14.0, -32.0, 14.0, 15.0]"
1,1791639492.327354,"[-27.94856999999999, 50.362311000000005, 26.28017700000001, 26.807523000000003, 0.0007679999999936626, 50.098637999999994, 25.752831000000015, 26.895413999999988, 27.950106000000005, 50.97754800000001, 26.016503999999998, 26.455959000000007, -1.7570519999999874, 128.49741, 66.534255, 52.208022]","[0.0, 1.0, 1.0, 1.0, 0.0, 1.0, 0.0, 1.0, 1.0, 0.0, 1.0, 1.0, 1.0, 0.0, 1.0, 1.0]","[0.0, 38.0, 18.0, 15.0, -11.0, 42.0, 15.0, 12.0, 0.0, 34.0, 14.0, 13.0, 14.0, -31.0, 14.0, 14.0]"
1,1791639492.5501678,"[-28.82748000000001, 52.559585999999996, 27.159087, 27.59854200000001, 0.0007679999999936626, 52.383804, 27.071196000000015, 27.42276000000001, 29.092689000000007, 52.208022, 26.807523000000003, 27.774324000000007, -1.7570519999999874, 127.17904500000003, 67.58894699999999, 53.174823]","[0.0, 9.0, 1.0, 1.0, 1.0, 6.0, 4.0, 2.0, 0.0, 3.0, 4.0, 4.0, 1.0, -1.0, 4.0, 1.0]","[-9.0, 31.0, 19.0, 15.0, -12.0, 33.0, 14.0, 13.0, -3.0, 39.0, 15.0, 11.0, 14.0, -34.0, 12.0, 15.0]"
1,1791639492.7717664,"[-29.882171999999997, 55.28420700000001, 28.30167, 28.829015999999996, 0.0007679999999936626, 54.58107900000002, 28.125888000000003, 28.565343000000013, 30.05949000000001, 54.756861000000015, 28.125888000000003, 28.74112500000001, -1.7570519999999874, 124.98176999999998, 68.555748, 54.14162400000001]","[-2.0, 4.0, 1.0, 1.0, 0.0, 6.0, 3.0, 3.0, 1.0, 10.0, 4.0, 1.0, 1.0, -3.0, 1.0, 1.0]","[-9.0, 30.0, 18.0, 15.0, -12.0, 33.0, 15.0, 13.0, 0.0, 32.0, 13.0, 12.0, 15.0, -33.0, 13.0, 14.0]"
1,1791639492.9990573,"[-30.936863999999986, 57.3057, 29.180579999999992, 29.795817, 0.08865900000000693, 56.77835400000001, 29.268471000000005, 29.795817, 31.114182, 56.42679000000001, 29.180579999999992, 29.883708000000013, -1.7570519999999874, 123.575514, 69.43465800000001, 55.196315999999996]","[0.0, 6.0, 1.0, 2.0, 0.0, 3.0, 3.0, 3.0, 1.0, 1.0, 4.0, 2.0, 1.0, 0.0, 1.0, 2.0]","[0.0, 28.0, 18.0, 15.0, -12.0, 32.0, 13.0, 12.0, -13.0, 38.0, 13.0, 11.0, 14.0, -38.0, 13.0, 15.0]"
1,1791639493.2222762,"[-31.90366499999999, 59.327192999999994, 30.498944999999992, 30.9384, 0.0007679999999936626, 59.06352000000001, 30.498944999999992, 30.762618000000003, 32.080983, 56.42679000000001, 29.883708000000013, 30.850508999999988, -1.7570519999999874, 121.11456600000002, 70.75302300000001, 56.25100800000001]","[-1.0, 1.0, 2.0, 3.0, 0.0, 4.0, 3.0, 1.0, 1.0, 0.0, 1.0, 2.0, 0.0, -9.0, 4.0, 3.0]","[-3.0, 30.0, 17.0, 15.0, -12.0, 30.0, 14.0, 12.0, -3.0, 57.0, 14.0, 11.0, 14.0, -29.0, 12.0, 14.0]"
1,1791639493.447051,"[-32.95835700000001, 61.436577, 31.37785500000001, 31.905201000000005, 0.08865900000000693, 61.436577, 31.641527999999994, 31.905201000000005, 33.04778400000001, 61.348686000000015, 31.114182, 31.905201000000005, -1.7570519999999874, 118.74150900000001, 71.807715, 57.21780900000002]","[0.0, 7.0, 1.0, 2.0, 1.0, 5.0, 3.0, 1.0, 1.0, 14.0, 4.0, 5.0, 1.0, -2.0, 4.0, 2.0]","[0.0, 28.0, 17.0, 15.0, -11.0, 25.0, 13.0, 12.0, -2.0, 27.0, 13.0, 12.0, 14.0, -32.0, 12.0, 14.0]"
1,1791639493.667497,"[-34.013048999999995, 64.073307, 32.608329, 32.87200200000001, 0.08865900000000693, 63.721743000000004, 32.608329, 32.87200200000001, 34.102475999999996, 63.63385199999999, 32.432547, 32.69622000000001, -1.7570519999999874, 116.54423400000002, 72.86240699999999, 58.36039199999999]","[-1.0, 5.0, 5.0, 3.0, 1.0, 6.0, 3.0, 2.0, 1.0, 3.0, 4.0, 3.0, 1.0, -5.0, 2.0, 3.0]","[0.0, 26.0, 17.0, 15.0, -12.0, 25.0, 13.0, 12.0, -7.0, 28.0, 12.0, 11.0, 14.0, -30.0, 12.0, 14.0]"
1,1791639493.8950744,"[-35.06774100000001, 66.09479999999999, 33.663021000000015, 33.926694, 0.0007679999999936626, 66.09479999999999, 33.83880300000001, 34.01458500000001, 35.069277, 65.919018, 33.48723899999999, 33.663021000000015, -1.7570519999999874, 114.43484999999998, 73.91709900000001, 59.23930200000001]","[0.0, 7.0, 3.0, 2.0, 1.0, 4.0, 5.0, 5.0, 1.0, 3.0, 4.0, 3.0, 1.0, -2.0, 1.0, 1.0]","[0.0, 20.0, 16.0, 15.0, -11.0, 24.0, 12.0, 11.0, 0.0, 27.0, 11.0, 13.0, 14.0, -29.0, 12.0, 15.0]"
1,1791639494.1169143,"[-35.946651, 68.46785700000001, 34.717713, 34.981386000000015, 0.08865900000000693, 68.204184, 34.80560399999999, 34.981386000000015, 36.12396899999999, 68.11629300000001, 34.541931000000005, 34.717713, -1.7570519999999874, 112.325466, 75.05968200000001, 60.38188500000001]","[-2.0, 4.0, 2.0, 2.0, 1.0, 4.0, 2.0, 2.0, 1.0, 8.0, 3.0, 1.0, 1.0, -5.0, 2.0, 3.0]","[-9.0, 21.0, 17.0, 15.0, -12.0, 20.0, 12.0, 11.0, -9.0, 22.0, 12.0, 11.0, 14.0, -28.0, 12.0, 15.0]"
1,1791639494.342588,"[-37.00134299999999, 70.57724100000001, 35.860296000000005, 35.94818699999999, 0.0007679999999936626, 70.48935, 36.12396899999999, 35.94818699999999, 37.00287900000001, 70.40145900000002, 35.596622999999994, 35.245059, -1.7570519999999874, 110.0403, 76.20226500000001, 61.436577]","[-2.0, 6.0, 2.0, 3.0, 1.0, 2.0, 3.0, 1.0, 1.0, 2.0, 3.0, 5.0, 1.0, -2.0, 3.0, 2.0]","[0.0, 19.0, 16.0, 15.0, -12.0, 21.0, 11.0, 10.0, 0.0, 20.0, 11.0, 12.0, 14.0, -27.0, 12.0, 14.0]"
1,1791639494.567026,"[-37.88025300000001, 73.21397100000002, 37.09076999999999, 36.82709700000001, 0.0007679999999936626, 71.192478, 36.65131500000001, 36.65131500000001, 38.057570999999996, 72.59873400000001, 36.65131500000001, 36.65131500000001, -1.7570519999999874, 108.72193500000003, 77.16906599999999, 62.227596000000005]","[0.0, 4.0, 2.0, 1.0, 0.0, 0.0, 1.0, 1.0, 1.0, 4.0, 2.0, 3.0, 1.0, 0.0, 3.0, 1.0]","[-8.0, 17.0, 15.0, 16.0, -11.0, 31.0, 12.0, 12.0, 0.0, 20.0, 11.0, 12.0, 14.0, -30.0, 12.0, 14.0]"
1,1791639494.7880466,"[-38.847053999999986, 75.32335499999999, 38.14546200000001, 37.881789, 0.0007679999999936626, 71.631933, 36.739205999999996, 37.09076999999999, 39.024372, 74.70811800000001, 37.881789, 37.530225, -1.7570519999999874, 105.82153199999999, 78.22375799999998, 63.37017900000001]","[0.0, 5.0, 2.0, 3.0, 0.0, 1.0, 1.0, 1.0, 1.0, 2.0, 3.0, 2.0, 1.0, -5.0, 1.0, 1.0]","[-8.0, 16.0, 16.0, 15.0, -11.0, 43.0, 15.0, 13.0, 0.0, 21.0, 11.0, 12.0, 14.0, -23.0, 11.0, 15.0]"
1,1791639495.0149078,"[-39.98963699999999, 77.69641200000001, 39.375935999999996, 38.76069899999999, 0.0007679999999936626, 72.159279, 37.00287900000001, 37.881789, 39.991173, 76.64172000000002, 38.76069899999999, 38.672808, -1.7570519999999874, 103.80003900000003, 79.36634099999998, 64.249089]","[0.0, 4.0, 4.0, 3.0, 0.0, 1.0, 1.0, 1.0, 1.0, 7.0, 1.0, 2.0, 1.0, 0.0, 4.0, 1.0]","[-8.0, 16.0, 15.0, 16.0, -12.0, 57.0, 19.0, 14.0, 14.0, 20.0, 11.0, 12.0, 14.0, -25.0, 10.0, 14.0]"
1,1791639495.2356918,"[-40.604873999999995, 79.893687, 40.342737, 39.72749999999999, 0.0007679999999936626, 72.159279, 37.00287900000001, 38.672808, 40.95797400000001, 79.19055900000001, 39.90328199999999, 39.63960900000001, -1.7570519999999874, 103.80003900000003, 80.245251, 65.391672]","[0.0, 6.0, 2.0, 4.0, 0.0, 1.0, 1.0, 2.0, 2.0, 1.0, 4.0, 1.0, 1.0, 0.0, 1.0, 3.0]","[-10.0, 14.0, 15.0, 16.0, -11.0, 57.0, 24.0, 16.0, 14.0, 17.0, 11.0, 12.0, 14.0, -26.0, 11.0, 15.0]"
1,1791639495.4611971,"[-42.01113000000001, 82.178853, 41.48532, 40.694300999999996, 0.0007679999999936626, 72.159279, 37.706007, 39.11226300000001, 41.661102, 81.29994299999998, 40.95797400000001, 40.78219200000001, -1.7570519999999874, 103.80003900000003, 81.29994299999998, 66.44636400000002]","[0.0, 5.0, 3.0, 1.0, 0.0, 0.0, 1.0, 1.0, 1.0, 5.0, 2.0, 3.0, 1.0, 0.0, 3.0, 2.0]","[2.0, 14.0, 15.0, 15.0, -12.0, 57.0, 27.0, 17.0, 14.0, 17.0, 11.0, 11.0, 14.0, -25.0, 11.0, 15.0]"
1,1791639495.6869845,"[-43.065822, 84.46401900000001, 42.627903, 41.661102, -0.08712299999999118, 72.07138800000001, 38.32124400000001, 39.90328199999999, 43.06735800000001, 83.673, 42.10055700000001, 41.661102, -1.7570519999999874, 103.80003900000003, 82.35463500000003, 67.237383]","[0.0, 5.0, 3.0, 3.0, 0.0, 0.0, 1.0, 2.0, 2.0, 4.0, 1.0, 1.0, 1.0, 0.0, 3.0, 1.0]","[0.0, 12.0, 14.0, 15.0, -5.0, 59.0, 29.0, 19.0, 0.0, 15.0, 10.0, 12.0, 14.0, -26.0, 11.0, 14.0]"
1,1791639495.9105911,"[-44.032623, 86.661294, 43.506812999999994, 42.891576000000015, 0.0007679999999936626, 72.07138800000001, 38.672808, 39.90328199999999, 44.03415899999999, 85.78238399999998, 43.24314000000001, 42.803685, -1.7570519999999874, 103.80003900000003, 83.14565399999998, 68.379966]","[0.0, 4.0, 1.0, 2.0, 1.0, 0.0, 4.0, 1.0, 2.0, 4.0, 3.0, 2.0, 1.0, 0.0, 1.0, 2.0]","[0.0, 13.0, 15.0, 16.0, -6.0, 61.0, 35.0, 22.0, 0.0, 15.0, 10.0, 11.0, 14.0, -25.0, 12.0, 13.0]"
1,1791639496.1348257,"[-45.08731499999999, 88.68278700000002, 44.649395999999996, 43.59470400000001, 0.0007679999999936626, 70.48935, 38.58491699999999, 39.90328199999999, 44.91306900000001, 88.155441, 44.297832, 43.85837699999999, -1.7570519999999874, 103.80003900000003, 84.11245500000001, 69.346767]","[0.0, 6.0, 3.0, 2.0, 1.0, 0.0, 1.0, 0.0, 0.0, 5.0, 3.0, 2.0, 1.0, 0.0, 1.0, 1.0]","[0.0, 12.0, 14.0, 16.0, 11.0, 14.0, 9.0, 0.0, -2.0, 13.0, 9.0, 11.0, 14.0, -26.0, 11.0, 14.0]"
1,1791639496.358475,"[-46.05411599999999, 88.85856899999999, 45.528306000000015, 45.088851000000005, 0.0007679999999936626, 70.48935, 38.58491699999999, 39.90328199999999, 46.05565200000001, 88.33122300000002, 45.264633, 45.00095999999999, -1.7570519999999874, 103.80003900000003, 85.167147, 70.313568]","[0.0, 1.0, 1.0, 4.0, 1.0, 0.0, 1.0, 0.0, 0.0, 1.0, 2.0, 2.0, 1.0, 0.0, 3.0, 2.0]","[0.0, 12.0, 15.0, 15.0, 10.0, 13.0, 10.0, 0.0, -13.0, 14.0, 10.0, 11.0, 14.0, -25.0, 12.0, 13.0]"
1,1791639496.5816987,"[-47.020917, 88.85856899999999, 46.49510699999999, 45.791979, 0.0007679999999936626, 70.48935, 38.58491699999999, 39.90328199999999, 47.02245300000001, 88.33122300000002, 46.143542999999994, 46.143542999999994, -1.7570519999999874, 103.80003900000003, 86.04605700000002, 71.36825999999999]","[0.0, 0.0, 2.0, 1.0, 1.0, 0.0, 1.0, 0.0, 1.0, 1.0, 1.0, 4.0, 1.0, 0.0, 4.0, 3.0]","[0.0, 12.0, 14.0, 16.0, 11.0, 13.0, 10.0, 0.0, -14.0, 14.0, 9.0, 11.0, 14.0, -25.0, 11.0, 14.0]"
1,1791639496.804703,"[-47.72404499999999, 88.85856899999999, 47.54979900000001, 47.19823500000001, 0.0007679999999936626, 70.48935, 38.58491699999999, 39.90328199999999, 48.077145, 88.33122300000002, 47.37401700000001, 47.110344, -1.7570519999999874, 103.80003900000003, 87.10074900000001, 72.24717000000001]","[-1.0, 0.0, 1.0, 2.0, 1.0, 0.0, 1.0, 0.0, 0.0, 1.0, 2.0, 3.0, 1.0, 0.0, 3.0, 1.0]","[-10.0, 12.0, 15.0, 15.0, 11.0, 14.0, 9.0, 0.0, -11.0, 15.0, 10.0, 11.0, 14.0, -25.0, 11.0, 14.0]"
1,1791639497.0308387,"[-49.04240999999999, 88.85856899999999, 48.428709, 48.165036000000015, 0.0007679999999936626, 70.48935, 38.58491699999999, 39.90328199999999, 49.043946000000005, 88.33122300000002, 48.165036000000015, 48.165036000000015, -1.7570519999999874, 103.80003900000003, 88.06754999999998, 73.12608]","[-2.0, 1.0, 1.0, 2.0, 1.0, 0.0, 1.0, 0.0, 1.0, 1.0, 1.0, 4.0, 0.0, 1.0, 3.0, 1.0]","[0.0, 11.0, 14.0, 15.0, 10.0, 14.0, 9.0, 0.0, -14.0, 13.0, 10.0, 11.0, 13.0, -26.0, 11.0, 14.0]"
1,1791639497.2547088,"[-49.833428999999995, 88.85856899999999, 49.39551, 49.219728, 0.0007679999999936626, 70.48935, 38.58491699999999, 39.90328199999999, 50.01074700000001, 88.33122300000002, 49.13183699999999, 49.043946000000005, -1.7570519999999874, 103.80003900000003, 88.594896, 74.268663]","[0.0, 1.0, 1.0, 3.0, 1.0, 0.0, 1.0, 0.0, 1.0, 1.0, 1.0, 2.0, 0.0, 1.0, 5.0, 3.0]","[-9.0, 12.0, 15.0, 14.0, 11.0, 13.0, 9.0, 0.0, -14.0, 13.0, 9.0, 10.0, 15.0, -25.0, 12.0, 14.0]"
1,1791639497.4786816,"[-50.80023, 89.03435100000002, 50.45020199999999, 50.45020199999999, 0.0007679999999936626, 70.48935, 38.58491699999999, 39.90328199999999, 51.15333000000001, 88.33122300000002, 50.18652900000001, 50.098637999999994, -1.7570519999999874, 103.80003900000003, 90.089043, 75.23546400000001]","[0.0, 1.0, 2.0, 2.0, 1.0, 0.0, 1.0, 0.0, 1.0, 1.0, 2.0, 4.0, 1.0, 1.0, 3.0, 2.0]","[-10.0, 12.0, 15.0, 14.0, 11.0, 14.0, 10.0, 0.0, -14.0, 14.0, 10.0, 10.0, 15.0, -26.0, 11.0, 15.0]"
1,1791639497.7026718,"[-51.767031, 88.94646, 51.417002999999994, 51.32911200000001, 0.0007679999999936626, 70.48935, 38.58491699999999, 39.90328199999999, 52.03224, 88.33122300000002, 51.15333000000001, 50.889657, -1.7570519999999874, 103.80003900000003, 90.96795300000002, 76.20226500000001]","[0.0, 1.0, 4.0, 2.0, 1.0, 0.0, 1.0, 0.0, 1.0, 1.0, 1.0, 2.0, 0.0, 1.0, 2.0, 2.0]","[-9.0, 11.0, 15.0, 14.0, 11.0, 14.0, 10.0, 0.0, -5.0, 14.0, 10.0, 11.0, 14.0, -26.0, 12.0, 15.0]"
1,1791639497.9254286,"[-52.73383199999999, 88.94646, 52.208022, 52.29591300000001, 0.0007679999999936626, 70.48935, 38.58491699999999, 39.90328199999999, 53.08693199999999, 88.33122300000002, 52.208022, 51.94434900000002, -1.6691610000000026, 103.80003900000003, 92.02264500000001, 77.16906599999999]","[-2.0, 0.0, 1.0, 1.0, 1.0, 0.0, 1.0, 0.0, 1.0, 1.0, 2.0, 1.0, 1.0, 1.0, 2.0, 2.0]","[-9.0, 12.0, 15.0, 15.0, 11.0, 14.0, 9.0, 0.0, -3.0, 13.0, 10.0, 10.0, 14.0, -26.0, 12.0, 15.0]"
1,1791639498.1481335,"[-53.788523999999995, 88.94646, 52.999041000000005, 53.08693199999999, 0.0007679999999936626, 70.48935, 38.58491699999999, 39.90328199999999, 54.053732999999994, 88.33122300000002, 53.174823, 52.91114999999999, -1.6691610000000026, 103.80003900000003, 93.077337, 78.047976]","[-2.0, 0.0, 3.0, 1.0, 1.0, 0.0, 1.0, 0.0, 0.0, 1.0, 2.0, 4.0, 1.0, 1.0, 3.0, 2.0]","[-9.0, 12.0, 15.0, 15.0, 11.0, 14.0, 9.0, 0.0, 0.0, 14.0, 10.0, 10.0, 15.0, -26.0, 11.0, 16.0]"
1,1791639498.3746345,"[-54.491652, 88.94646, 53.702169, 54.14162400000001, 0.0007679999999936626, 70.48935, 38.58491699999999, 39.90328199999999, 55.10842500000001, 88.33122300000002, 54.053732999999994, 53.79006000000001, -1.6691610000000026, 103.80003900000003, 94.04413799999998, 79.19055900000001]","[0.0, 0.0, 3.0, 2.0, 1.0, 0.0, 1.0, 0.0, 0.0, 1.0, 2.0, 1.0, 0.0, 1.0, 1.0, 3.0]","[-10.0, 12.0, 16.0, 15.0, 11.0, 14.0, 9.0, 0.0, -5.0, 13.0, 10.0, 11.0, 14.0, -26.0, 11.0, 15.0]"
1,1791639498.5986109,"[-55.546344000000005, 88.94646, 54.66897, 55.196315999999996, 0.0007679999999936626, 70.48935, 38.58491699999999, 39.90328199999999, 56.075226000000015, 88.33122300000002, 55.196315999999996, 54.93264300000001, -1.6691610000000026, 103.80003900000003, 95.27461199999999, 79.19055900000001]","[-1.0, 0.0, 3.0, 1.0, 1.0, 0.0, 1.0, 0.0, 1.0, 1.0, 2.0, 2.0, 1.0, 1.0, 1.0, 1.0]","[-10.0, 12.0, 16.0, 14.0, 11.0, 14.0, 10.0, 0.0, -5.0, 14.0, 10.0, 10.0, 14.0, -26.0, 11.0, 15.0]"
1,1791639498.820248,"[-56.425253999999995, 88.85856899999999, 55.45998900000001, 55.987335, 0.0007679999999936626, 70.48935, 38.58491699999999, 39.90328199999999, 56.954136000000005, 88.33122300000002, 56.075226000000015, 55.89944400000002, -1.6691610000000026, 103.80003900000003, 96.065631, 79.19055900000001]","[0.0, 0.0, 1.0, 1.0, 1.0, 0.0, 1.0, 0.0, 1.0, 1.0, 3.0, 3.0, 0.0, 1.0, 1.0, 1.0]","[-10.0, 12.0, 17.0, 15.0, 10.0, 14.0, 9.0, 0.0, 0.0, 14.0, 10.0, 11.0, 14.0, -26.0, 12.0, 15.0]"
1,1791639499.0462499,"[-56.952600000000004, 88.85856899999999, 56.163117, 56.86624499999999, 0.0007679999999936626, 70.48935, 38.58491699999999, 39.90328199999999, 57.92093700000001, 88.33122300000002, 56.954136000000005, 56.86624499999999, -1.6691610000000026, 103.80003900000003, 97.03243200000003, 79.19055900000001]","[-1.0, 0.0, 3.0, 3.0, 1.0, 0.0, 1.0, 0.0, 1.0, 1.0, 2.0, 2.0, 1.0, 1.0, 3.0, 1.0]","[-11.0, 12.0, 18.0, 14.0, 11.0, 13.0, 9.0, 0.0, -1.0, 14.0, 11.0, 12.0, 13.0, -26.0, 12.0, 14.0]"
1,1791639499.2671008,"[-58.358856, 88.77067799999998, 57.129918, 57.92093700000001, 0.0007679999999936626, 70.48935, 38.58491699999999, 39.90328199999999, 58.975629, 88.33122300000002, 58.008827999999994, 57.92093700000001, -1.6691610000000026, 103.80003900000003, 98.08712400000002, 79.19055900000001]","[-4.0, 0.0, 3.0, 3.0, 1.0, 0.0, 1.0, 0.0, 1.0, 1.0, 4.0, 4.0, 1.0, 1.0, 1.0, 1.0]","[-10.0, 14.0, 17.0, 16.0, 11.0, 14.0, 9.0, 0.0, 0.0, 14.0, 10.0, 11.0, 14.0, -26.0, 11.0, 15.0]"
1,1791639499.4910853,"[-59.061983999999995, 88.77067799999998, 57.92093700000001, 58.975629, 0.0007679999999936626, 70.48935, 38.58491699999999, 39.90328199999999, 59.94243, 88.33122300000002, 58.975629, 58.799847, -1.6691610000000026, 103.80003900000003, 99.05392499999999, 79.19055900000001]","[0.0, 1.0, 3.0, 4.0, 1.0, 0.0, 1.0, 0.0, 1.0, 1.0, 2.0, 2.0, 1.0, 1.0, 2.0, 1.0]","[-11.0, 14.0, 19.0, 15.0, 11.0, 14.0, 9.0, 0.0, 0.0, 14.0, 10.0, 10.0, 13.0, -26.0, 11.0, 14.0]"
1,1791639499.7184699,"[-60.204567, 88.68278700000002, 58.975629, 59.23930200000001, 0.0007679999999936626, 70.48935, 38.58491699999999, 39.90328199999999, 60.99712199999999, 88.33122300000002, 60.20610300000001, 58.88773800000001, -1.6691610000000026, 103.80003900000003, 100.28439900000001, 79.19055900000001]","[0.0, 0.0, 3.0, 1.0, 1.0, 0.0, 1.0, 0.0, 1.0, 1.0, 3.0, 1.0, 1.0, 1.0, 4.0, 1.0]","[-9.0, 14.0, 19.0, 15.0, 10.0, 13.0, 10.0, 0.0, 0.0, 14.0, 10.0, 11.0, 13.0, -26.0, 12.0, 15.0]"
1,1791639499.9425251,"[-61.435041, 88.594896, 59.85453900000002, 59.23930200000001, 0.0007679999999936626, 70.48935, 38.58491699999999, 39.90328199999999, 61.963922999999994, 88.33122300000002, 61.260795, 58.88773800000001, -1.6691610000000026, 103.80003900000003, 101.16330900000003, 79.19055900000001]","[-1.0, 0.0, 2.0, 1.0, 1.0, 0.0, 1.0, 0.0, 1.0, 1.0, 3.0, 1.0, 1.0, 1.0, 2.0, 1.0]","[-10.0, 13.0, 18.0, 14.0, 11.0, 14.0, 9.0, 0.0, 0.0, 14.0, 9.0, 11.0, 13.0, -26.0, 11.0, 15.0]"
1,1791639500.1645243,"[-62.313951, 88.50700499999999, 60.38188500000001, 59.23930200000001, 0.0007679999999936626, 70.48935, 38.58491699999999, 39.90328199999999, 62.930724, 88.33122300000002, 62.13970499999999, 58.88773800000001, -1.6691610000000026, 103.80003900000003, 102.04221899999999, 79.19055900000001]","[-2.0, 0.0, 1.0, 1.0, 1.0, 0.0, 1.0, 0.0, 1.0, 1.0, 1.0, 1.0, 1.0, 1.0, 1.0, 1.0]","[-10.0, 14.0, 21.0, 15.0, 10.0, 13.0, 9.0, 0.0, 0.0, 14.0, 10.0, 12.0, 13.0, -26.0, 12.0, 15.0]"
1,1791639500.3896368,"[-63.456534000000005, 88.50700499999999, 61.436577, 59.23930200000001, 0.0007679999999936626, 70.48935, 38.58491699999999, 39.90328199999999, 63.985416000000015, 88.33122300000002, 62.57916, 58.799847, -1.5812699999999893, 103.80003900000003, 103.272693, 79.19055900000001]","[-2.0, 0.0, 2.0, 1.0, 1.0, 0.0, 1.0, 0.0, 1.0, 1.0, 1.0, 1.0, 1.0, 1.0, 4.0, 1.0]","[-10.0, 14.0, 20.0, 15.0, 11.0, 13.0, 10.0, 0.0, 0.0, 14.0, 12.0, 11.0, 13.0, -26.0, 11.0, 15.0]"
1,1791639500.6144547,"[-64.423335, 88.50700499999999, 62.13970499999999, 59.23930200000001, 0.0007679999999936626, 70.48935, 38.58491699999999, 39.90328199999999, 64.95221699999999, 88.33122300000002, 62.84283300000001, 58.88773800000001, -1.5812699999999893, 103.80003900000003, 104.23949399999998, 79.19055900000001]","[-2.0, 0.0, 3.0, 1.0, 1.0, 0.0, 1.0, 0.0, 1.0, 1.0, 1.0, 1.0, 1.0, 1.0, 2.0, 1.0]","[-9.0, 14.0, 23.0, 14.0, 11.0, 13.0, 9.0, 0.0, 0.0, 13.0, 13.0, 11.0, 13.0, -26.0, 10.0, 15.0]"
1,1791639500.837664,"[-65.214354, 88.33122300000002, 62.930724, 59.23930200000001, 0.0007679999999936626, 70.48935, 38.58491699999999, 39.90328199999999, 65.919018, 88.41911399999998, 63.19439700000001, 58.799847, -1.5812699999999893, 103.80003900000003, 105.55785900000001, 79.19055900000001]","[-1.0, 0.0, 3.0, 1.0, 1.0, 0.0, 1.0, 0.0, 1.0, 0.0, 1.0, 0.0, 1.0, 1.0, 1.0, 1.0]","[-9.0, 14.0, 24.0, 15.0, 11.0, 14.0, 9.0, 0.0, 0.0, 13.0, 15.0, 11.0, 13.0, -26.0, 11.0, 15.0]"
1,1791639501.0598478,"[-66.093264, 88.33122300000002, 63.545961000000005, 59.23930200000001, 0.0007679999999936626, 70.48935, 38.58491699999999, 39.90328199999999, 66.97371000000001, 88.594896, 63.63385199999999, 58.799847, -1.5812699999999893, 103.80003900000003, 106.612551, 79.19055900000001]","[-1.0, 0.0, 1.0, 1.0, 1.0, 0.0, 1.0, 0.0, 1.0, 1.0, 1.0, 0.0, 1.0, 1.0, 1.0, 1.0]","[-10.0, 13.0, 27.0, 15.0, 10.0, 13.0, 10.0, 0.0, 0.0, 13.0, 18.0, 12.0, 13.0, -26.0, 10.0, 15.0]"
1,1791639501.2864647,"[-66.972174, 88.24333200000001, 64.68854400000001, 59.23930200000001, 0.0007679999999936626, 70.48935, 38.58491699999999, 39.90328199999999, 67.94051100000001, 88.77067799999998, 64.073307, 58.799847, -1.5812699999999893, 103.80003900000003, 107.31567899999999, 79.19055900000001]","[-1.0, 0.0, 4.0, 1.0, 1.0, 0.0, 1.0, 0.0, 1.0, 2.0, 1.0, 0.0, 1.0, 1.0, 2.0, 1.0]","[-11.0, 14.0, 25.0, 15.0, 12.0, 14.0, 9.0, 0.0, 0.0, 12.0, 24.0, 11.0, 13.0, -26.0, 11.0, 15.0]"
1,1791639501.50854,"[-68.114757, 88.24333200000001, 65.743236, 59.23930200000001, 0.0007679999999936626, 70.48935, 38.58491699999999, 39.90328199999999, 68.995203, 88.77067799999998, 64.51276200000001, 58.711956000000015, -1.5812699999999893, 103.80003900000003, 108.37037099999998, 79.19055900000001]","[-1.0, 0.0, 1.0, 1.0, 1.0, 0.0, 1.0, 0.0, 0.0, 1.0, 1.0, 0.0, 0.0, 1.0, 4.0, 0.0]","[-11.0, 14.0, 27.0, 14.0, 10.0, 14.0, 9.0, 0.0, -6.0, 12.0, 30.0, 12.0, 13.0, -26.0, 11.0, 15.0]"
1,1791639501.7343905,"[-68.905776, 88.24333200000001, 66.97371000000001, 59.327192999999994, 0.0007679999999936626, 70.48935, 38.58491699999999, 39.90328199999999, 70.04989499999999, 88.85856899999999, 64.864326, 58.711956000000015, -1.4933790000000045, 103.80003900000003, 108.98560800000001, 79.19055900000001]","[0.0, 0.0, 3.0, 1.0, 1.0, 0.0, 1.0, 0.0, 1.0, 1.0, 2.0, 0.0, 1.0, 1.0, 1.0, 1.0]","[-11.0, 15.0, 26.0, 14.0, 11.0, 14.0, 9.0, 0.0, -13.0, 12.0, 32.0, 11.0, 14.0, -26.0, 11.0, 15.0]"
1,1791639501.9582934,"[-69.696795, 88.24333200000001, 67.237383, 59.327192999999994, 0.0007679999999936626, 70.48935, 38.58491699999999, 39.90328199999999, 70.92880500000001, 88.85856899999999, 65.21589, 58.711956000000015, -1.4933790000000045, 103.80003900000003, 109.16138999999998, 79.19055900000001]","[0.0, 0.0, 1.0, 1.0, 1.0, 0.0, 1.0, 0.0, 0.0, 1.0, 1.0, 0.0, 0.0, 1.0, 1.0, 0.0]","[-12.0, 14.0, 29.0, 14.0, 12.0, 13.0, 10.0, 0.0, 0.0, 11.0, 37.0, 12.0, 14.0, -26.0, 11.0, 15.0]"
1,1791639502.1789074,"[-70.839378, 88.24333200000001, 68.819421, 59.590866000000005, 0.0007679999999936626, 70.48935, 38.58491699999999, 39.90328199999999, 71.016696, 88.85856899999999, 65.12799900000002, 58.624065, -1.4933790000000045, 103.80003900000003, 109.16138999999998, 79.19055900000001]","[-3.0, 0.0, 5.0, 1.0, 1.0, 0.0, 1.0, 0.0, 1.0, 1.0, 0.0, 0.0, 1.0, 1.0, 1.0, 0.0]","[-12.0, 14.0, 25.0, 14.0, 11.0, 14.0, 10.0, 0.0, -6.0, 0.0, 8.0, 9.0, 13.0, -26.0, 11.0, 14.0]"
1,1791639502.406276,"[-71.718288, 88.24333200000001, 68.90731199999999, 59.590866000000005, 0.0007679999999936626, 70.48935, 38.58491699999999, 39.90328199999999, 70.92880500000001, 88.85856899999999, 65.12799900000002, 58.624065, -1.4933790000000045, 103.80003900000003, 109.16138999999998, 79.19055900000001]","[-2.0, 0.0, 1.0, 1.0, 1.0, 0.0, 1.0, 0.0, 1.0, 1.0, 0.0, 0.0, 1.0, 1.0, 1.0, 0.0]","[-11.0, 15.0, 31.0, 13.0, 11.0, 14.0, 10.0, 0.0, -3.0, 0.0, 9.0, 9.0, 13.0, -26.0, 11.0, 15.0]"
1,1791639502.6302688,"[-72.597198, 88.155441, 69.25887600000001, 59.590866000000005, 0.0007679999999936626, 70.48935, 38.58491699999999, 39.90328199999999, 71.016696, 88.85856899999999, 65.12799900000002, 58.624065, -1.4933790000000045, 103.80003900000003, 109.688736, 79.19055900000001]","[-1.0, 0.0, 1.0, 1.0, 1.0, 0.0, 1.0, 0.0, 1.0, 1.0, 0.0, 0.0, 1.0, 1.0, 5.0, 0.0]","[-12.0, 15.0, 35.0, 14.0, 11.0, 13.0, 9.0, 0.0, -4.0, 0.0, 8.0, 9.0, 13.0, -26.0, 10.0, 14.0]"
1,1791639502.854395,"[-73.563999, 88.155441, 69.698331, 59.50297499999999, 0.0007679999999936626, 70.48935, 38.58491699999999, 39.90328199999999, 70.92880500000001, 88.85856899999999, 65.12799900000002, 58.624065, -1.4933790000000045, 103.80003900000003, 109.77662700000002, 79.19055900000001]","[0.0, 1.0, 1.0, 0.0, 1.0, 0.0, 1.0, 0.0, 0.0, 1.0, 0.0, 0.0, 1.0, 1.0, 1.0, 0.0]","[-12.0, 15.0, 40.0, 13.0, 10.0, 14.0, 9.0, 0.0, -1.0, 0.0, 8.0, 9.0, 13.0, -27.0, 9.0, 14.0]"
1,1791639503.075672,"[-73.65189, 87.012858, 69.698331, 59.590866000000005, 0.0007679999999936626, 70.48935, 38.58491699999999, 39.90328199999999, 70.92880500000001, 88.85856899999999, 65.12799900000002, 58.624065, -1.4933790000000045, 103.80003900000003, 109.77662700000002, 79.19055900000001]","[0.0, 0.0, 1.0, 1.0, 1.0, 0.0, 1.0, 0.0, 1.0, 1.0, 0.0, 0.0, 1.0, 1.0, 1.0, 0.0]","[9.0, 12.0, 13.0, -11.0, 12.0, 14.0, 10.0, 0.0, -5.0, 0.0, 9.0, 9.0, 12.0, -26.0, 11.0, 15.0]"
2,1791639505.0942893,"[0.0007679999999936626, -5.009018999999995, -1.229705999999993, -0.17501400000000444, -0.08712299999999118, -5.096910000000008, -0.08712299999999118, -0.2629049999999893, 0.17654999999999177, -5.272692000000006, -1.053923999999995, 0.17654999999999177, -1.3175970000000063, 178.33160700000002, 39.991173, 25.40126699999999]","[0.0, 0.0, 1.0, 1.0, 0.0, 0.0, 1.0, 0.0, 1.0, 1.0, 1.0, 0.0, 1.0, 0.0, 0.0, 0.0]","[-9.0, 32.0, 16.0, 13.0, 0.0, 33.0, 0.0, 9.0, -15.0, 35.0, 11.0, -10.0, 13.0, 16.0, 6.0, -15.0]"
2,1791639505.3181098,"[0.0007679999999936626, -5.009018999999995, -1.1418150000000082, 0.0007679999999936626, -0.08712299999999118, -4.92112800000001, 0.44022300000000314, -0.08712299999999118, 0.08865900000000693, -5.272692000000006, -0.9660330000000101, 0.26444100000000503, -1.3175970000000063, 178.06793399999998, 40.07906399999999, 25.577048999999988]","[0.0, 0.0, 0.0, 1.0, 0.0, 1.0, 1.0, 1.0, 1.0, 1.0, 1.0, 1.0, 1.0, 0.0, 1.0, 1.0]","[-9.0, 41.0, 19.0, 15.0, 0.0, 45.0, 10.0, 12.0, -13.0, 45.0, 14.0, 10.0, 18.0, -13.0, 12.0, 14.0]"
2,1791639505.5402555,"[0.0007679999999936626, -4.833236999999997, -0.08712299999999118, 0.44022300000000314, -0.08712299999999118, -3.7785450000000083, 1.0554600000000107, 0.08865900000000693, 0.08865900000000693, -4.92112800000001, -0.5265780000000007, 0.44022300000000314, -1.3175970000000063, 177.71636999999998, 40.07906399999999, 26.368067999999994]","[0.0, 1.0, 1.0, 0.0, 0.0, 1.0, 1.0, 1.0, 0.0, 1.0, 2.0, 1.0, 1.0, 1.0, 0.0, 2.0]","[-8.0, 45.0, 18.0, 17.0, 0.0, 59.0, 11.0, 14.0, -14.0, 52.0, 14.0, 12.0, 22.0, -25.0, 14.0, 14.0]"
2,1791639505.7650094,"[0.0007679999999936626, -4.833236999999997, 0.8796780000000126, 1.582806000000005, -0.08712299999999118, -2.548070999999993, 1.846478999999988, 1.407024000000007, 0.08865900000000693, -4.92112800000001, 0.44022300000000314, 0.8796780000000126, -1.3175970000000063, 176.92535099999998, 41.661102, 27.159087]","[0.0, 1.0, 1.0, 4.0, 0.0, 2.0, 1.0, 3.0, 0.0, 1.0, 2.0, 1.0, 1.0, 0.0, 5.0, 1.0]","[-9.0, 59.0, 19.0, 16.0, 0.0, 67.0, 12.0, 13.0, -14.0, 64.0, 16.0, 14.0, 29.0, -39.0, 12.0, 15.0]"
2,1791639505.9864721,"[0.0007679999999936626, -3.514871999999997, 1.7585880000000031, 2.3738250000000107, -0.08712299999999118, -0.08712299999999118, 2.6374979999999937, 2.1980430000000126, 0.08865900000000693, -4.92112800000001, 1.407024000000007, 2.1101519999999994, -1.3175970000000063, 173.40971100000002, 42.36422999999999, 28.125888000000003]","[0.0, 3.0, 1.0, 1.0, 0.0, 8.0, 2.0, 1.0, 0.0, 1.0, 1.0, 3.0, 1.0, -5.0, 2.0, 1.0]","[-9.0, 55.0, 20.0, 16.0, 0.0, 60.0, 13.0, 13.0, -14.0, 75.0, 16.0, 13.0, 35.0, -34.0, 14.0, 15.0]"
2,1791639506.2140567,"[0.0007679999999936626, -3.514871999999997, 2.901171000000005, 3.5164080000000126, -0.08712299999999118, 1.9343700000000013, 3.4285169999999994, 3.3406260000000145, 0.08865900000000693, -3.2511989999999855, 2.1101519999999994, 3.2527350000000013, -1.3175970000000063, 169.894071, 43.331030999999996, 29.268471000000005]","[0.0, 1.0, 2.0, 3.0, 0.0, 3.0, 2.0, 4.0, 0.0, 1.0, 3.0, 3.0, 1.0, -5.0, 4.0, 3.0]","[-9.0, 67.0, 19.0, 16.0, 0.0, 58.0, 13.0, 13.0, -14.0, 66.0, 16.0, 12.0, 43.0, -30.0, 13.0, 15.0]"
2,1791639506.4380183,"[0.0007679999999936626, -1.5812699999999893, 3.3406260000000145, 4.483208999999988, -0.08712299999999118, 3.6042989999999975, 4.30742699999999, 4.30742699999999, 0.08865900000000693, -3.2511989999999855, 3.076953000000003, 4.043754000000007, 0.44022300000000314, 168.31203299999999, 44.473614, 30.147380999999996]","[0.0, 9.0, 1.0, 3.0, 0.0, 7.0, 1.0, 1.0, 0.0, 1.0, 1.0, 1.0, 8.0, 0.0, 3.0, 1.0]","[-8.0, 54.0, 21.0, 17.0, 0.0, 59.0, 14.0, 12.0, -14.0, 79.0, 17.0, 14.0, 33.0, -43.0, 13.0, 15.0]"
2,1791639506.6590807,"[0.0007679999999936626, -1.1418150000000082, 4.834773000000013, 5.537901000000005, -0.08712299999999118, 5.9773560000000145, 5.274227999999994, 5.274227999999994, 0.08865900000000693, -3.2511989999999855, 4.30742699999999, 5.010555000000011, 1.4949149999999918, 164.708502, 45.440415, 31.202073000000013]","[0.0, 0.0, 3.0, 1.0, 0.0, 6.0, 3.0, 2.0, 0.0, 1.0, 3.0, 2.0, 7.0, -9.0, 2.0, 1.0]","[-8.0, 62.0, 20.0, 16.0, 0.0, 54.0, 14.0, 13.0, -14.0, 94.0, 16.0, 15.0, 33.0, -37.0, 14.0, 14.0]"
2,1791639506.8829842,"[0.0007679999999936626, 0.17654999999999177, 5.801573999999988, 6.680484000000007, -0.08712299999999118, 6.2410289999999975, 5.362119000000007, 6.2410289999999975, 0.08865900000000693, 0.26444100000000503, 5.098445999999996, 6.2410289999999975, 2.4617159999999956, 161.45653500000003, 46.67088899999999, 32.16887399999999]","[0.0, 8.0, 2.0, 3.0, 1.0, 4.0, 1.0, 3.0, 0.0, 9.0, 5.0, 2.0, 6.0, -7.0, 3.0, 1.0]","[-9.0, 58.0, 20.0, 15.0, 0.0, 72.0, 18.0, 14.0, -14.0, 57.0, 17.0, 13.0, 33.0, -33.0, 13.0, 15.0]"
2,1791639507.109439,"[0.0007679999999936626, 0.3523319999999899, 5.889465000000001, 7.471503000000013, -0.08712299999999118, 10.020342, 7.207830000000001, 7.383611999999999, 0.08865900000000693, 0.26444100000000503, 6.2410289999999975, 7.207830000000001, 3.6921900000000107, 158.292459, 47.63768999999999, 33.31145699999999]","[0.0, 1.0, 1.0, 0.0, 0.0, 3.0, 1.0, 0.0, 1.0, 1.0, 3.0, 1.0, 2.0, -3.0, 3.0, 3.0]","[-9.0, 69.0, 25.0, 16.0, 0.0, 58.0, 14.0, 13.0, -14.0, 71.0, 15.0, 14.0, 34.0, -34.0, 12.0, 15.0]"
2,1791639507.3338938,"[0.0007679999999936626, 2.1101519999999994, 7.823067000000009, 8.614086000000015, -0.08712299999999118, 11.426598000000013, 8.174631000000005, 8.526195000000001, 0.08865900000000693, 0.26444100000000503, 7.119938999999988, 8.086739999999992, 4.395318000000003, 155.655729, 48.428709, 34.36614900000001]","[0.0, 8.0, 3.0, 3.0, 1.0, 4.0, 1.0, 3.0, 0.0, 1.0, 4.0, 5.0, 1.0, -2.0, 1.0, 3.0]","[-9.0, 51.0, 20.0, 16.0, 0.0, 62.0, 14.0, 12.0, -14.0, 85.0, 17.0, 13.0, 34.0, -36.0, 14.0, 14.0]"
2,1791639507.5579083,"[0.0007679999999936626, 3.076953000000003, 8.877758999999998, 9.492996000000005, -0.08712299999999118, 13.360199999999992, 9.229322999999994, 9.405104999999992, 0.08865900000000693, 2.901171000000005, 7.910957999999994, 9.317214000000007, 6.153138000000013, 152.75532600000003, 49.571292, 35.33295000000001]","[0.0, 0.0, 4.0, 1.0, 0.0, 8.0, 1.0, 1.0, 0.0, 11.0, 7.0, 4.0, 5.0, -4.0, 1.0, 3.0]","[-9.0, 59.0, 20.0, 15.0, 0.0, 58.0, 14.0, 13.0, -13.0, 56.0, 17.0, 14.0, 30.0, -37.0, 13.0, 14.0]"
2,1791639507.7818844,"[0.0007679999999936626, 3.076953000000003, 9.756668999999988, 10.547687999999994, -0.08712299999999118, 15.645365999999996, 10.28401500000001, 10.371905999999996, 0.08865900000000693, 4.219536000000005, 9.053540999999996, 10.108233000000013, 6.856266000000005, 150.382269, 50.538093, 36.21186]","[0.0, 1.0, 1.0, 1.0, 1.0, 1.0, 3.0, 2.0, 1.0, 1.0, 1.0, 1.0, 1.0, 0.0, 1.0, 2.0]","[-9.0, 69.0, 20.0, 17.0, 0.0, 58.0, 14.0, 13.0, -14.0, 59.0, 17.0, 14.0, 31.0, -41.0, 13.0, 14.0]"
2,1791639508.005809,"[0.0007679999999936626, 4.834773000000013, 10.547687999999994, 11.60238000000001, -0.08712299999999118, 17.842641000000015, 11.075033999999988, 11.250816000000015, 0.08865900000000693, 4.6589910000000145, 10.020342, 11.075033999999988, 8.350413000000003, 147.306084, 51.50489400000001, 37.354443]","[0.0, 7.0, 1.0, 2.0, 0.0, 4.0, 4.0, 1.0, 1.0, 1.0, 3.0, 1.0, 3.0, -5.0, 1.0, 3.0]","[-9.0, 54.0, 21.0, 16.0, 0.0, 57.0, 14.0, 13.0, -14.0, 66.0, 16.0, 14.0, 29.0, -40.0, 13.0, 14.0]"
2,1791639508.2297757,"[0.0007679999999936626, 5.098445999999996, 11.690270999999996, 12.657072, -0.08712299999999118, 19.776242999999994, 12.21761699999999, 12.393398999999988, 0.08865900000000693, 4.6589910000000145, 10.89925199999999, 12.129726000000005, 9.141432000000009, 143.966226, 52.64747700000001, 38.32124400000001]","[0.0, 1.0, 1.0, 3.0, 0.0, 2.0, 1.0, 1.0, 0.0, 1.0, 1.0, 2.0, 1.0, -7.0, 3.0, 2.0]","[-9.0, 69.0, 20.0, 15.0, 0.0, 59.0, 14.0, 13.0, -14.0, 79.0, 18.0, 12.0, 29.0, -36.0, 12.0, 14.0]"
2,1791639508.453796,"[0.0007679999999936626, 7.207830000000001, 12.569181000000015, 13.360199999999992, -0.08712299999999118, 21.270389999999992, 13.272309000000007, 13.53598199999999, 0.08865900000000693, 7.207830000000001, 10.89925199999999, 13.096527000000009, 10.459797000000009, 140.80214999999998, 53.526387, 39.46382700000001]","[0.0, 9.0, 1.0, 3.0, 0.0, 7.0, 3.0, 3.0, 1.0, 7.0, 1.0, 3.0, 5.0, -1.0, 3.0, 2.0]","[-8.0, 53.0, 20.0, 16.0, 0.0, 59.0, 14.0, 13.0, -14.0, 59.0, 22.0, 13.0, 26.0, -41.0, 14.0, 14.0]"
2,1791639508.677794,"[0.0007679999999936626, 7.998849000000007, 13.799655000000001, 14.502782999999994, -0.08712299999999118, 24.258683999999988, 14.151218999999998, 14.414892000000009, 0.08865900000000693, 7.207830000000001, 13.008635999999996, 13.887546000000015, 11.60238000000001, 137.63807400000002, 54.756861000000015, 40.518519]","[0.0, 1.0, 3.0, 2.0, 1.0, 8.0, 1.0, 1.0, 0.0, 1.0, 6.0, 1.0, 4.0, -5.0, 3.0, 4.0]","[-9.0, 58.0, 20.0, 16.0, -3.0, 58.0, 14.0, 14.0, -14.0, 74.0, 17.0, 15.0, 28.0, -35.0, 12.0, 13.0]"
2,1791639508.8984597,"[0.0007679999999936626, 9.492996000000005, 14.678564999999992, 15.469583999999998, 0.0007679999999936626, 26.016503999999998, 15.381693000000013, 15.733257000000009, 0.08865900000000693, 9.317214000000007, 13.448091000000005, 14.85434699999999, 11.690270999999996, 134.29821600000002, 55.811553, 41.48532]","[0.0, 5.0, 1.0, 3.0, 1.0, 2.0, 1.0, 2.0, 0.0, 9.0, 7.0, 1.0, 1.0, -5.0, 2.0, 4.0]","[-9.0, 54.0, 20.0, 16.0, -8.0, 56.0, 14.0, 12.0, -15.0, 58.0, 18.0, 15.0, 32.0, -33.0, 12.0, 14.0]"
2,1791639509.1257517,"[0.0007679999999936626, 9.668778000000003, 15.733257000000009, 16.348493999999988, -0.08712299999999118, 28.125888000000003, 16.524276000000015, 16.787948999999998, 0.08865900000000693, 9.492996000000005, 14.766456000000005, 15.996929999999992, 13.448091000000005, 130.95835799999998, 56.86624499999999, 42.36422999999999]","[0.0, 0.0, 2.0, 1.0, 1.0, 1.0, 3.0, 1.0, 0.0, 1.0, 0.0, 1.0, 4.0, -3.0, 4.0, 1.0]","[-9.0, 67.0, 20.0, 16.0, -6.0, 59.0, 12.0, 12.0, -15.0, 68.0, 18.0, 14.0, 27.0, -30.0, 12.0, 14.0]"
2,1791639509.3497252,"[0.0007679999999936626, 11.250816000000015, 16.787948999999998, 17.403186000000005, 0.0007679999999936626, 29.883708000000013, 17.403186000000005, 17.75475, 0.08865900000000693, 9.492996000000005, 15.996929999999992, 16.963730999999996, 14.502782999999994, 127.79428200000001, 57.92093700000001, 43.41892200000001]","[0.0, 7.0, 1.0, 4.0, 1.0, 0.0, 3.0, 1.0, 0.0, 1.0, 1.0, 3.0, 3.0, -3.0, 2.0, 1.0]","[-9.0, 53.0, 20.0, 17.0, -11.0, 63.0, 13.0, 13.0, -14.0, 82.0, 17.0, 13.0, 26.0, -29.0, 12.0, 14.0]"
2,1791639509.5700586,"[0.0007679999999936626, 12.041834999999992, 17.930532, 18.282095999999996, 0.0007679999999936626, 32.256765, 18.36998700000001, 18.633659999999992, 0.08865900000000693, 9.756668999999988, 16.87584000000001, 18.19420500000001, 15.55747500000001, 125.069661, 59.06352000000001, 44.38572300000001]","[0.0, 2.0, 3.0, 3.0, 0.0, 10.0, 1.0, 2.0, 1.0, 1.0, 1.0, 3.0, 1.0, -3.0, 1.0, 1.0]","[-9.0, 58.0, 19.0, 17.0, -12.0, 53.0, 14.0, 12.0, -15.0, 90.0, 17.0, 13.0, 27.0, -32.0, 12.0, 15.0]"
2,1791639509.796982,"[0.0007679999999936626, 12.129726000000005, 18.80944199999999, 19.336788000000013, 0.0007679999999936626, 34.45403999999999, 19.161006000000015, 19.68835200000001, 0.08865900000000693, 12.041834999999992, 18.106313999999998, 18.897333000000003, 16.348493999999988, 122.69660399999998, 60.20610300000001, 45.528306000000015]","[0.0, 1.0, 1.0, 1.0, 1.0, 7.0, 1.0, 3.0, 0.0, 16.0, 3.0, 1.0, 7.0, -1.0, 3.0, 1.0]","[-9.0, 73.0, 19.0, 16.0, -11.0, 53.0, 14.0, 12.0, -13.0, 64.0, 16.0, 14.0, 26.0, -36.0, 11.0, 14.0]"
2,1791639510.0216799,"[0.0007679999999936626, 12.129726000000005, 19.952024999999992, 20.39148, 0.0007679999999936626, 36.739205999999996, 20.215698000000003, 20.655153000000013, 0.17654999999999177, 14.151218999999998, 19.248897, 20.215698000000003, 17.842641000000015, 118.82940000000002, 61.348686000000015, 46.49510699999999]","[0.0, 1.0, 2.0, 3.0, 1.0, 7.0, 1.0, 1.0, 1.0, 1.0, 2.0, 3.0, 2.0, -6.0, 4.0, 3.0]","[-9.0, 85.0, 18.0, 16.0, -10.0, 50.0, 14.0, 12.0, -14.0, 59.0, 16.0, 14.0, 26.0, -30.0, 11.0, 14.0]"
2,1791639510.2456996,"[0.0007679999999936626, 14.85434699999999, 20.918825999999996, 21.534063000000003, 0.0007679999999936626, 38.672808, 20.83093500000001, 21.709845, 0.08865900000000693, 14.151218999999998, 20.215698000000003, 21.182499000000007, 17.842641000000015, 115.665324, 62.31548699999999, 47.54979900000001]","[0.0, 7.0, 2.0, 3.0, 1.0, 5.0, 1.0, 3.0, 1.0, 1.0, 3.0, 2.0, 1.0, -2.0, 3.0, 3.0]","[-9.0, 56.0, 18.0, 16.0, -11.0, 53.0, 15.0, 12.0, -14.0, 71.0, 16.0, 13.0, 30.0, -30.0, 11.0, 14.0]"
2,1791639510.4664083,"[0.0007679999999936626, 14.942238000000003, 22.061408999999998, 22.500864000000007, 0.0007679999999936626, 40.78219200000001, 21.797736000000015, 22.76453699999999, 0.17654999999999177, 14.151218999999998, 21.00671700000001, 22.237190999999996, 20.12780699999999, 112.41335700000002, 63.45806999999999, 48.51660000000001]","[0.0, 1.0, 1.0, 2.0, 1.0, 8.0, 1.0, 1.0, 1.0, 1.0, 1.0, 2.0, 8.0, -6.0, 3.0, 1.0]","[-8.0, 74.0, 19.0, 17.0, -12.0, 51.0, 16.0, 12.0, -14.0, 85.0, 18.0, 12.0, 21.0, -29.0, 10.0, 14.0]"
2,1791639510.693596,"[0.0007679999999936626, 14.942238000000003, 22.852428000000003, 22.588754999999992, 0.0007679999999936626, 42.71579399999999, 22.588754999999992, 23.555555999999996, 0.08865900000000693, 14.23911000000001, 21.885627, 22.32508200000001, 21.094607999999994, 109.33717200000001, 64.51276200000001, 49.483401000000015]","[0.0, 1.0, 1.0, 1.0, 1.0, 1.0, 1.0, 1.0, 0.0, 1.0, 3.0, 1.0, 2.0, -1.0, 1.0, 1.0]","[-9.0, 83.0, 20.0, 20.0, -11.0, 54.0, 16.0, 13.0, -15.0, 100.0, 17.0, 16.0, 22.0, -28.0, 11.0, 13.0]"
2,1791639510.913736,"[0.0007679999999936626, 18.457877999999994, 23.819229000000007, 24.434466000000015, 0.0007679999999936626, 45.00095999999999, 23.555555999999996, 24.78603000000001, 0.08865900000000693, 14.502782999999994, 23.116101000000015, 24.170793000000003, 21.270389999999992, 105.909423, 65.47956300000001, 50.538093]","[0.0, 6.0, 2.0, 2.0, 1.0, 5.0, 3.0, 1.0, 1.0, 5.0, 0.0, 3.0, 1.0, -5.0, 2.0, 2.0]","[-8.0, 54.0, 19.0, 16.0, -12.0, 47.0, 15.0, 13.0, -14.0, 92.0, 17.0, 12.0, 30.0, -23.0, 11.0, 14.0]"
2,1791639511.1415603,"[0.0007679999999936626, 18.457877999999994, 24.610248000000013, 25.489158000000003, 0.0007679999999936626, 48.077145, 24.873920999999996, 25.66494, 0.17654999999999177, 19.336788000000013, 24.346575, 25.489158000000003, 23.203992, 102.56956500000001, 66.79792800000001, 51.417002999999994]","[0.0, 1.0, 1.0, 1.0, 1.0, 2.0, 4.0, 1.0, 1.0, 2.0, 3.0, 2.0, 4.0, -6.0, 3.0, 3.0]","[-9.0, 69.0, 21.0, 16.0, -12.0, 41.0, 15.0, 13.0, -14.0, 58.0, 17.0, 12.0, 21.0, -22.0, 10.0, 14.0]"
2,1791639511.3655674,"[0.0007679999999936626, 20.303588999999988, 25.66494, 26.543849999999992, 0.0007679999999936626, 48.95605499999999, 25.840722, 26.895413999999988, 0.08865900000000693, 19.336788000000013, 25.137594000000007, 26.28017700000001, 24.434466000000015, 99.31759799999998, 68.028402, 52.559585999999996]","[0.0, 6.0, 1.0, 4.0, 1.0, 1.0, 2.0, 1.0, 1.0, 1.0, 1.0, 1.0, 1.0, -2.0, 3.0, 3.0]","[-9.0, 49.0, 19.0, 16.0, -12.0, 51.0, 15.0, 12.0, -14.0, 69.0, 17.0, 12.0, 21.0, -21.0, 0.0, 14.0]"
2,1791639511.5886362,"[0.0007679999999936626, 21.534063000000003, 26.631741000000005, 27.59854200000001, 0.0007679999999936626, 51.50489400000001, 27.071196000000015, 27.42276000000001, 0.08865900000000693, 19.424678999999998, 26.016503999999998, 27.59854200000001, 25.489158000000003, 95.80195800000001, 69.08309400000002, 53.526387]","[0.0, 1.0, 1.0, 1.0, 1.0, 10.0, 4.0, 1.0, 0.0, 1.0, 1.0, 2.0, 3.0, -3.0, 1.0, 1.0]","[-8.0, 52.0, 20.0, 16.0, -11.0, 37.0, 14.0, 13.0, -14.0, 80.0, 17.0, 11.0, 20.0, -20.0, 6.0, 13.0]"
2,1791639511.813501,"[0.0007679999999936626, 21.534063000000003, 27.686432999999994, 28.653233999999998, 0.0007679999999936626, 53.79006000000001, 28.125888000000003, 28.565343000000013, 0.08865900000000693, 19.424678999999998, 27.246978000000013, 28.653233999999998, 25.489158000000003, 92.725773, 70.04989499999999, 54.40529699999999]","[0.0, 1.0, 4.0, 3.0, 0.0, 5.0, 3.0, 3.0, 0.0, 1.0, 1.0, 2.0, 1.0, -4.0, 3.0, 1.0]","[-9.0, 66.0, 20.0, 15.0, -11.0, 42.0, 15.0, 12.0, -14.0, 96.0, 17.0, 13.0, 26.0, -19.0, 0.0, 14.0]"
2,1791639512.0337918,"[0.0007679999999936626, 22.76453699999999, 28.477452, 29.620035, 0.0007679999999936626, 56.338899, 29.268471000000005, 29.795817, 0.08865900000000693, 22.14930000000001, 28.125888000000003, 29.620035, 27.334868999999998, 92.54999099999998, 71.10458700000001, 55.54787999999999]","[0.0, 7.0, 3.0, 4.0, 2.0, 8.0, 3.0, 3.0, 0.0, 26.0, 1.0, 1.0, 1.0, 0.0, 2.0, 1.0]","[-9.0, 60.0, 21.0, 16.0, -11.0, 34.0, 13.0, 12.0, -15.0, 54.0, 16.0, 12.0, 21.0, -18.0, -8.0, 14.0]"
2,1791639512.2615912,"[0.0007679999999936626, 24.258683999999988, 29.620035, 30.67472699999999, 0.08865900000000693, 58.448283, 30.586836000000005, 30.762618000000003, 0.17654999999999177, 25.225484999999992, 29.35636199999999, 30.762618000000003, 28.30167, 92.54999099999998, 72.07138800000001, 56.60257200000001]","[0.0, 3.0, 1.0, 1.0, 2.0, 1.0, 3.0, 1.0, 0.0, 1.0, 1.0, 3.0, 2.0, 0.0, 2.0, 2.0]","[-9.0, 55.0, 21.0, 15.0, -11.0, 33.0, 13.0, 11.0, -14.0, 49.0, 15.0, 12.0, 23.0, -18.0, 0.0, 14.0]"
2,1791639512.4838808,"[0.0007679999999936626, 24.258683999999988, 30.67472699999999, 31.729419000000007, 0.08865900000000693, 60.909231000000005, 31.641527999999994, 31.905201000000005, 0.17654999999999177, 25.225484999999992, 30.23527200000001, 31.641527999999994, 29.444253000000003, 92.54999099999998, 72.950298, 57.56937300000001]","[0.0, 1.0, 2.0, 1.0, 1.0, 4.0, 2.0, 1.0, 0.0, 1.0, 1.0, 2.0, 1.0, 0.0, 1.0, 2.0]","[-9.0, 68.0, 20.0, 16.0, -12.0, 32.0, 13.0, 13.0, -15.0, 59.0, 16.0, 12.0, 22.0, -19.0, 9.0, 13.0]"
2,1791639512.7094808,"[0.0007679999999936626, 24.258683999999988, 31.641527999999994, 32.608329, 0.08865900000000693, 63.19439700000001, 32.69622000000001, 32.87200200000001, 0.17654999999999177, 25.225484999999992, 31.37785500000001, 32.432547, 29.444253000000003, 92.54999099999998, 73.21397100000002, 58.36039199999999]","[0.0, 1.0, 3.0, 1.0, 0.0, 5.0, 4.0, 2.0, 0.0, 0.0, 4.0, 1.0, 0.0, 0.0, 1.0, 1.0]","[-9.0, 76.0, 20.0, 15.0, -11.0, 28.0, 12.0, 12.0, -14.0, 72.0, 15.0, 14.0, 28.0, -18.0, 11.0, 15.0]"
2,1791639512.9334033,"[0.0007679999999936626, 28.30167, 32.87200200000001, 33.83880300000001, 0.0007679999999936626, 65.919018, 33.926694, 34.01458500000001, 0.17654999999999177, 28.477452, 32.432547, 33.663021000000015, 29.707926000000015, 92.54999099999998, 73.477644, 59.151410999999996]","[0.0, 8.0, 5.0, 3.0, 0.0, 6.0, 5.0, 5.0, 1.0, 4.0, 2.0, 4.0, 1.0, 0.0, 1.0, 1.0]","[-9.0, 43.0, 19.0, 15.0, -13.0, 26.0, 12.0, 12.0, -14.0, 45.0, 15.0, 12.0, 35.0, -19.0, 14.0, 14.0]"
2,1791639513.1548638,"[0.0007679999999936626, 28.477452, 33.83880300000001, 34.717713, 0.0007679999999936626, 67.676838, 34.981386000000015, 34.981386000000015, 0.17654999999999177, 28.653233999999998, 33.57513, 34.541931000000005, 29.707926000000015, 92.54999099999998, 73.829208, 60.030321000000015]","[0.0, 0.0, 2.0, 2.0, 0.0, 4.0, 4.0, 3.0, 1.0, 0.0, 3.0, 2.0, 1.0, 0.0, 1.0, 1.0]","[-8.0, 55.0, 19.0, 15.0, -12.0, 26.0, 12.0, 11.0, -14.0, 56.0, 15.0, 12.0, 35.0, -18.0, 17.0, 15.0]"
2,1791639513.378316,"[0.0007679999999936626, 30.323162999999994, 34.893495, 35.860296000000005, 0.08865900000000693, 69.96200400000001, 36.036078, 35.94818699999999, 0.17654999999999177, 28.653233999999998, 34.541931000000005, 35.245059, 29.707926000000015, 92.54999099999998, 74.092881, 61.085013000000004]","[0.0, 8.0, 3.0, 3.0, 1.0, 7.0, 2.0, 1.0, 1.0, 1.0, 2.0, 1.0, 1.0, 0.0, 1.0, 3.0]","[-8.0, 41.0, 18.0, 15.0, -12.0, 25.0, 12.0, 11.0, -15.0, 66.0, 15.0, 12.0, 36.0, -19.0, 18.0, 15.0]"
2,1791639513.604509,"[0.0007679999999936626, 31.37785500000001, 36.12396899999999, 36.739205999999996, 0.0007679999999936626, 70.92880500000001, 36.739205999999996, 36.739205999999996, 0.17654999999999177, 28.653233999999998, 35.596622999999994, 36.47553300000001, 29.707926000000015, 92.54999099999998, 74.18077199999999, 61.87603200000001]","[0.0, 1.0, 3.0, 3.0, 0.0, 1.0, 1.0, 1.0, 1.0, 1.0, 1.0, 3.0, 0.0, 0.0, 1.0, 2.0]","[-8.0, 48.0, 18.0, 16.0, -11.0, 33.0, 12.0, 12.0, -14.0, 80.0, 16.0, 12.0, 36.0, -19.0, 25.0, 16.0]"
2,1791639513.8290205,"[0.0007679999999936626, 31.37785500000001, 37.178661000000005, 37.706007, 0.0007679999999936626, 71.10458700000001, 37.00287900000001, 37.09076999999999, 0.17654999999999177, 32.608329, 36.563424, 37.354443, 29.620035, 92.54999099999998, 74.70811800000001, 62.754942]","[0.0, 1.0, 3.0, 3.0, 0.0, 1.0, 1.0, 0.0, 1.0, 13.0, 3.0, 1.0, 0.0, 1.0, 1.0, 1.0]","[-9.0, 57.0, 18.0, 15.0, -11.0, 51.0, 14.0, 14.0, -14.0, 40.0, 15.0, 12.0, 36.0, -18.0, 29.0, 15.0]"
2,1791639514.0504882,"[0.0007679999999936626, 33.223566000000005, 38.32124400000001, 38.40913499999999, 0.0007679999999936626, 71.807715, 37.178661000000005, 37.79389800000001, 0.17654999999999177, 32.69622000000001, 37.79389800000001, 38.497026000000005, 29.620035, 92.54999099999998, 74.70811800000001, 63.37017900000001]","[0.0, 7.0, 4.0, 1.0, 0.0, 2.0, 1.0, 1.0, 1.0, 0.0, 3.0, 1.0, 0.0, 1.0, 1.0, 1.0]","[-9.0, 46.0, 18.0, 17.0, -11.0, 61.0, 19.0, 15.0, -15.0, 53.0, 15.0, 12.0, 37.0, -18.0, 34.0, 16.0]"
2,1791639514.2753325,"[0.0007679999999936626, 34.62982199999999, 39.28804500000001, 39.46382700000001, 0.0007679999999936626, 71.807715, 37.178661000000005, 38.32124400000001, 0.17654999999999177, 32.784110999999996, 38.672808, 39.551717999999994, 29.620035, 92.54999099999998, 74.796009, 64.51276200000001]","[0.0, 4.0, 1.0, 1.0, 0.0, 1.0, 1.0, 1.0, 1.0, 1.0, 1.0, 4.0, 0.0, 0.0, 1.0, 2.0]","[-9.0, 45.0, 17.0, 16.0, -11.0, 89.0, 25.0, 17.0, -15.0, 64.0, 15.0, 11.0, 36.0, -18.0, 34.0, 16.0]"
2,1791639514.4996574,"[0.0007679999999936626, 34.717713, 40.342737, 40.694300999999996, 0.0007679999999936626, 72.335061, 37.44233399999999, 38.936481000000015, 0.17654999999999177, 35.069277, 39.815391000000005, 40.60641000000001, 29.620035, 92.63788199999999, 74.796009, 65.65534500000001]","[0.0, 0.0, 3.0, 2.0, 0.0, 0.0, 1.0, 1.0, 1.0, 10.0, 4.0, 3.0, 0.0, 1.0, 1.0, 2.0]","[-9.0, 55.0, 17.0, 16.0, -11.0, 106.0, 30.0, 19.0, -14.0, 45.0, 13.0, 11.0, 36.0, -18.0, 34.0, 16.0]"
2,1791639514.72189,"[0.0007679999999936626, 36.65131500000001, 41.573211000000015, 41.48532, 0.0007679999999936626, 72.86240699999999, 37.44233399999999, 39.28804500000001, 0.17654999999999177, 36.563424, 40.95797400000001, 41.573211000000015, 29.620035, 92.63788199999999, 74.796009, 66.534255]","[0.0, 6.0, 2.0, 3.0, 1.0, 1.0, 1.0, 1.0, 1.0, 1.0, 4.0, 1.0, 0.0, 1.0, 0.0, 2.0]","[-9.0, 40.0, 17.0, 16.0, -12.0, 133.0, 37.0, 20.0, -14.0, 46.0, 12.0, 12.0, 38.0, -19.0, 35.0, 16.0]"
2,1791639514.9464576,"[0.0007679999999936626, 36.65131500000001, 42.627903, 42.803685, 0.0007679999999936626, 70.92880500000001, 37.354443, 39.28804500000001, 0.17654999999999177, 36.563424, 41.92477500000001, 42.71579399999999, 29.620035, 92.63788199999999, 74.88390000000001, 67.85262]","[0.0, 1.0, 2.0, 3.0, 1.0, 0.0, 1.0, 0.0, 1.0, 1.0, 1.0, 3.0, 0.0, 1.0, 1.0, 2.0]","[-9.0, 52.0, 17.0, 15.0, 11.0, 14.0, 10.0, 0.0, -14.0, 56.0, 14.0, 11.0, 37.0, -19.0, 35.0, 16.0]"
2,1791639515.1732306,"[0.0007679999999936626, 36.739205999999996, 43.68259499999999, 43.506812999999994, 0.0007679999999936626, 70.92880500000001, 37.354443, 39.28804500000001, 0.17654999999999177, 37.881789, 43.06735800000001, 43.770486000000005, 29.620035, 92.63788199999999, 74.88390000000001, 68.46785700000001]","[0.0, 2.0, 4.0, 2.0, 1.0, 0.0, 1.0, 1.0, 1.0, 7.0, 3.0, 2.0, 0.0, 1.0, 1.0, 1.0]","[-9.0, 60.0, 16.0, 16.0, 11.0, 14.0, 9.0, -3.0, -15.0, 52.0, 12.0, 12.0, 36.0, -19.0, 35.0, 17.0]"
2,1791639515.397161,"[-0.08712299999999118, 40.166955, 44.73728700000001, 44.825177999999994, 0.0007679999999936626, 70.92880500000001, 37.354443, 39.28804500000001, 0.17654999999999177, 37.881789, 44.297832, 44.91306900000001, 29.620035, 92.63788199999999, 74.88390000000001, 69.698331]","[0.0, 9.0, 1.0, 4.0, 1.0, 0.0, 1.0, 0.0, 1.0, 1.0, 3.0, 2.0, 0.0, 1.0, 1.0, 2.0]","[0.0, 35.0, 16.0, 15.0, 11.0, 14.0, 10.0, -1.0, -14.0, 64.0, 12.0, 11.0, 36.0, -19.0, 35.0, 15.0]"
2,1791639515.6211522,"[-0.08712299999999118, 40.342737, 45.70408800000001, 45.791979, 0.0007679999999936626, 70.92880500000001, 37.354443, 39.28804500000001, 0.17654999999999177, 37.881789, 45.088851000000005, 45.87987000000001, 29.620035, 92.63788199999999, 74.88390000000001, 70.92880500000001]","[0.0, 0.0, 1.0, 1.0, 1.0, 0.0, 1.0, 0.0, 1.0, 1.0, 1.0, 1.0, 0.0, 1.0, 1.0, 3.0]","[0.0, 46.0, 15.0, 15.0, 11.0, 14.0, 9.0, 0.0, -14.0, 76.0, 13.0, 11.0, 36.0, -19.0, 35.0, 16.0]"
2,1791639515.8451848,"[-0.08712299999999118, 41.836884, 46.75878, 47.19823500000001, 0.0007679999999936626, 70.92880500000001, 37.354443, 39.28804500000001, 0.17654999999999177, 42.012665999999996, 46.31932499999999, 47.110344, 29.620035, 92.63788199999999, 74.88390000000001, 71.89560600000002]","[0.0, 5.0, 1.0, 3.0, 1.0, 0.0, 1.0, 0.0, 1.0, 17.0, 5.0, 3.0, 0.0, 1.0, 1.0, 1.0]","[0.0, 40.0, 16.0, 15.0, 10.0, 15.0, 10.0, 0.0, -14.0, 37.0, 12.0, 11.0, 37.0, -19.0, 35.0, 15.0]"
2,1791639516.066036,"[-0.08712299999999118, 43.24314000000001, 47.81347199999999, 48.165036000000015, 0.0007679999999936626, 70.92880500000001, 37.354443, 39.28804500000001, 0.17654999999999177, 42.54001199999999, 47.54979900000001, 48.077145, 29.620035, 92.63788199999999, 74.88390000000001, 72.68662499999999]","[0.0, 6.0, 4.0, 2.0, 1.0, 0.0, 1.0, 1.0, 1.0, 1.0, 3.0, 3.0, 0.0, 1.0, 1.0, 1.0]","[0.0, 33.0, 15.0, 16.0, 11.0, 15.0, 9.0, -1.0, -14.0, 45.0, 11.0, 11.0, 37.0, -19.0, 36.0, 16.0]"
2,1791639516.2931266,"[-0.08712299999999118, 44.56150500000001, 48.780272999999994, 49.219728, 0.0007679999999936626, 70.92880500000001, 37.354443, 39.28804500000001, 0.17654999999999177, 44.38572300000001, 48.51660000000001, 49.043946000000005, 29.268471000000005, 92.725773, 74.88390000000001, 72.68662499999999]","[0.0, 1.0, 3.0, 3.0, 1.0, 0.0, 1.0, 0.0, 1.0, 7.0, 3.0, 2.0, 0.0, 1.0, 0.0, 1.0]","[0.0, 33.0, 16.0, 15.0, 11.0, 15.0, 9.0, 0.0, -14.0, 34.0, 13.0, 11.0, 11.0, -11.0, 9.0, 13.0]"
2,1791639516.5171702,"[-0.08712299999999118, 45.616197, 49.65918300000001, 50.45020199999999, 0.0007679999999936626, 70.92880500000001, 37.354443, 39.28804500000001, 0.17654999999999177, 45.967760999999996, 49.39551, 50.098637999999994, 29.268471000000005, 92.725773, 74.88390000000001, 72.68662499999999]","[0.0, 1.0, 1.0, 1.0, 1.0, 0.0, 1.0, 0.0, 1.0, 1.0, 1.0, 3.0, 0.0, 1.0, 0.0, 1.0]","[0.0, 35.0, 16.0, 13.0, 11.0, 14.0, 10.0, 0.0, -15.0, 34.0, 12.0, 11.0, 12.0, -11.0, 10.0, 13.0]"
2,1791639516.7382643,"[-0.08712299999999118, 45.616197, 50.713875, 51.417002999999994, 0.0007679999999936626, 70.92880500000001, 37.354443, 39.28804500000001, 0.17654999999999177, 46.846671000000015, 50.62598400000002, 50.97754800000001, 29.268471000000005, 92.725773, 74.88390000000001, 72.68662499999999]","[0.0, 1.0, 1.0, 3.0, 1.0, 0.0, 1.0, 0.0, 1.0, 1.0, 1.0, 3.0, 0.0, 1.0, 1.0, 1.0]","[0.0, 41.0, 16.0, 13.0, 10.0, 14.0, 10.0, 0.0, -15.0, 35.0, 11.0, 10.0, 11.0, -10.0, 10.0, 14.0]"
2,1791639516.9650452,"[-0.08712299999999118, 48.077145, 51.94434900000002, 52.383804, 0.0007679999999936626, 70.92880500000001, 37.354443, 39.28804500000001, 0.17654999999999177, 47.19823500000001, 51.76856699999999, 52.03224, 29.268471000000005, 92.725773, 74.88390000000001, 72.68662499999999]","[0.0, 6.0, 3.0, 2.0, 1.0, 0.0, 1.0, 1.0, 1.0, 1.0, 2.0, 2.0, 0.0, 1.0, 0.0, 1.0]","[0.0, 29.0, 15.0, 14.0, 12.0, 15.0, 10.0, 0.0, -14.0, 39.0, 11.0, 11.0, 11.0, -11.0, 10.0, 13.0]"
2,1791639517.1875727,"[-0.08712299999999118, 48.604490999999996, 52.91114999999999, 53.526387, 0.0007679999999936626, 70.92880500000001, 37.354443, 39.28804500000001, 0.17654999999999177, 47.286125999999996, 52.735367999999994, 53.08693199999999, 29.268471000000005, 92.725773, 74.88390000000001, 72.68662499999999]","[0.0, 6.0, 3.0, 3.0, 1.0, 0.0, 1.0, 0.0, 1.0, 0.0, 3.0, 4.0, 0.0, 1.0, 0.0, 1.0]","[0.0, 31.0, 15.0, 14.0, 11.0, 14.0, 9.0, 0.0, -14.0, 51.0, 11.0, 11.0, 11.0, -10.0, 9.0, 13.0]"
2,1791639517.4097784,"[-0.08712299999999118, 50.18652900000001, 53.96584200000001, 54.22951499999999, 0.0007679999999936626, 70.92880500000001, 37.354443, 39.28804500000001, 0.17654999999999177, 50.362311000000005, 53.79006000000001, 53.877950999999996, 29.268471000000005, 92.725773, 74.88390000000001, 72.68662499999999]","[1.0, 1.0, 4.0, 4.0, 1.0, 0.0, 1.0, 1.0, 1.0, 9.0, 4.0, 2.0, 0.0, 1.0, 0.0, 1.0]","[-3.0, 31.0, 15.0, 14.0, 11.0, 14.0, 10.0, -1.0, -14.0, 28.0, 11.0, 11.0, 10.0, -11.0, 10.0, 14.0]"
2,1791639517.6341977,"[-0.08712299999999118, 50.18652900000001, 55.10842500000001, 55.45998900000001, 0.0007679999999936626, 70.92880500000001, 37.354443, 39.28804500000001, 0.17654999999999177, 51.417002999999994, 54.844752, 55.10842500000001, 29.268471000000005, 92.725773, 74.88390000000001, 72.68662499999999]","[0.0, 1.0, 3.0, 2.0, 1.0, 0.0, 1.0, 0.0, 1.0, 1.0, 1.0, 2.0, 0.0, 1.0, 1.0, 1.0]","[0.0, 38.0, 15.0, 13.0, 11.0, 14.0, 10.0, 0.0, -15.0, 31.0, 11.0, 10.0, 10.0, -11.0, 9.0, 12.0]"
2,1791639517.86105,"[-0.08712299999999118, 52.120131000000015, 56.075226000000015, 56.338899, 0.0007679999999936626, 70.92880500000001, 37.354443, 39.28804500000001, 0.17654999999999177, 51.417002999999994, 55.987335, 55.987335, 29.268471000000005, 92.725773, 74.971791, 72.68662499999999]","[1.0, 9.0, 2.0, 1.0, 1.0, 0.0, 1.0, 0.0, 1.0, 1.0, 3.0, 1.0, 0.0, 1.0, 1.0, 1.0]","[0.0, 28.0, 15.0, 14.0, 11.0, 15.0, 10.0, 0.0, -14.0, 38.0, 10.0, 11.0, 10.0, -11.0, 7.0, 13.0]"
2,1791639518.0821683,"[0.0007679999999936626, 53.702169, 57.129918, 57.129918, 0.0007679999999936626, 70.92880500000001, 37.354443, 39.28804500000001, 0.17654999999999177, 52.91114999999999, 56.86624499999999, 57.04202699999999, 29.268471000000005, 92.725773, 74.88390000000001, 72.68662499999999]","[0.0, 2.0, 2.0, 1.0, 1.0, 0.0, 1.0, 0.0, 1.0, 1.0, 1.0, 4.0, 0.0, 1.0, 0.0, 1.0]","[-2.0, 27.0, 15.0, 15.0, 11.0, 14.0, 10.0, 0.0, -14.0, 33.0, 11.0, 10.0, 10.0, -10.0, 10.0, 13.0]"
2,1791639518.3088722,"[0.0007679999999936626, 54.93264300000001, 58.36039199999999, 58.272501000000005, 0.0007679999999936626, 70.92880500000001, 37.354443, 39.28804500000001, 0.17654999999999177, 54.66897, 58.008827999999994, 58.008827999999994, 29.268471000000005, 92.725773, 74.88390000000001, 72.68662499999999]","[1.0, 4.0, 3.0, 3.0, 1.0, 0.0, 1.0, 0.0, 1.0, 8.0, 5.0, 6.0, 0.0, 1.0, 0.0, 1.0]","[-8.0, 25.0, 14.0, 14.0, 11.0, 15.0, 10.0, 0.0, -14.0, 26.0, 11.0, 11.0, 11.0, -11.0, 10.0, 13.0]"
2,1791639518.5302484,"[0.0007679999999936626, 55.72366199999999, 59.50297499999999, 59.23930200000001, 0.0007679999999936626, 70.92880500000001, 37.354443, 39.28804500000001, 0.17654999999999177, 55.54787999999999, 59.151410999999996, 58.88773800000001, 29.268471000000005, 92.725773, 74.88390000000001, 72.68662499999999]","[1.0, 2.0, 2.0, 1.0, 1.0, 0.0, 1.0, 0.0, 1.0, 2.0, 3.0, 1.0, 0.0, 1.0, 1.0, 1.0]","[-8.0, 28.0, 14.0, 15.0, 11.0, 15.0, 9.0, 0.0, -14.0, 28.0, 10.0, 11.0, 11.0, -11.0, 9.0, 13.0]"
2,1791639518.7544942,"[0.0007679999999936626, 56.954136000000005, 59.590866000000005, 60.293994, 0.0007679999999936626, 70.92880500000001, 37.354443, 39.28804500000001, 0.17654999999999177, 56.163117, 59.327192999999994, 60.030321000000015, 29.268471000000005, 92.725773, 74.88390000000001, 72.68662499999999]","[0.0, 4.0, 1.0, 3.0, 1.0, 0.0, 1.0, 0.0, 1.0, 2.0, 1.0, 2.0, 0.0, 1.0, 0.0, 1.0]","[-2.0, 23.0, 15.0, 14.0, 11.0, 15.0, 9.0, 0.0, -14.0, 30.0, 10.0, 11.0, 10.0, -10.0, 10.0, 13.0]"
2,1791639518.9776602,"[-0.08712299999999118, 58.09671900000001, 59.590866000000005, 61.348686000000015, 0.0007679999999936626, 70.92880500000001, 37.354443, 39.28804500000001, 0.17654999999999177, 56.42679000000001, 59.41508400000001, 60.99712199999999, 29.268471000000005, 92.725773, 74.88390000000001, 72.68662499999999]","[1.0, 3.0, 1.0, 2.0, 1.0, 0.0, 1.0, 0.0, 1.0, 1.0, 1.0, 1.0, 0.0, 1.0, 0.0, 1.0]","[-4.0, 26.0, 13.0, 14.0, 11.0, 14.0, 10.0, 0.0, -14.0, 38.0, 9.0, 12.0, 10.0, -10.0, 11.0, 13.0]"
2,1791639519.204776,"[0.0007679999999936626, 59.06352000000001, 59.590866000000005, 62.13970499999999, 0.0007679999999936626, 70.92880500000001, 37.354443, 39.28804500000001, 0.17654999999999177, 56.42679000000001, 59.41508400000001, 62.05181400000001, 29.268471000000005, 92.725773, 74.88390000000001, 72.68662499999999]","[1.0, 3.0, 1.0, 1.0, 1.0, 0.0, 1.0, 0.0, 1.0, 1.0, 1.0, 3.0, 0.0, 1.0, 0.0, 1.0]","[-5.0, 24.0, 14.0, 15.0, 11.0, 15.0, 9.0, 0.0, -13.0, 45.0, 10.0, 11.0, 10.0, -10.0, 9.0, 13.0]"
2,1791639519.425499,"[0.0007679999999936626, 59.50297499999999, 59.590866000000005, 63.37017900000001, 0.0007679999999936626, 70.92880500000001, 37.354443, 39.28804500000001, 0.17654999999999177, 59.85453900000002, 59.41508400000001, 63.106505999999996, 29.268471000000005, 92.725773, 74.88390000000001, 72.68662499999999]","[1.0, 2.0, 1.0, 4.0, 1.0, 0.0, 1.0, 0.0, 1.0, 11.0, 1.0, 2.0, 0.0, 1.0, 0.0, 1.0]","[-8.0, 28.0, 14.0, 15.0, 12.0, 15.0, 9.0, 0.0, -14.0, 24.0, 9.0, 11.0, 10.0, -10.0, 10.0, 13.0]"
2,1791639519.6529553,"[0.0007679999999936626, 60.99712199999999, 59.590866000000005, 64.249089, 0.0007679999999936626, 70.92880500000001, 37.354443, 39.28804500000001, 0.17654999999999177, 60.645557999999994, 59.41508400000001, 63.897525, 29.268471000000005, 92.725773, 74.88390000000001, 72.68662499999999]","[1.0, 4.0, 1.0, 1.0, 1.0, 0.0, 1.0, 0.0, 1.0, 1.0, 1.0, 1.0, 0.0, 1.0, 0.0, 1.0]","[-6.0, 25.0, 14.0, 14.0, 11.0, 15.0, 9.0, 0.0, -14.0, 28.0, 10.0, 11.0, 11.0, -11.0, 10.0, 13.0]"
2,1791639519.8770607,"[0.0007679999999936626, 62.403378000000004, 59.67875699999999, 65.21589, 0.0007679999999936626, 70.92880500000001, 37.354443, 39.28804500000001, 0.17654999999999177, 61.085013000000004, 59.41508400000001, 65.040108, 29.268471000000005, 92.725773, 74.88390000000001, 72.68662499999999]","[0.0, 3.0, 1.0, 2.0, 1.0, 0.0, 1.0, 0.0, 1.0, 1.0, 1.0, 3.0, 0.0, 1.0, 0.0, 1.0]","[-1.0, 22.0, 14.0, 13.0, 12.0, 15.0, 9.0, 0.0, -14.0, 31.0, 9.0, 11.0, 10.0, -11.0, 10.0, 13.0]"
2,1791639520.0983021,"[0.0007679999999936626, 63.45806999999999, 59.67875699999999, 66.358473, 0.0007679999999936626, 70.92880500000001, 37.354443, 39.28804500000001, 0.17654999999999177, 62.05181400000001, 59.41508400000001, 65.919018, 29.268471000000005, 92.725773, 74.88390000000001, 72.68662499999999]","[1.0, 1.0, 1.0, 2.0, 1.0, 0.0, 1.0, 0.0, 1.0, 1.0, 1.0, 1.0, 0.0, 1.0, 0.0, 1.0]","[-8.0, 20.0, 14.0, 14.0, 11.0, 15.0, 9.0, 0.0, -14.0, 32.0, 10.0, 12.0, 10.0, -11.0, 10.0, 13.0]"
2,1791639520.3219285,"[-0.08712299999999118, 64.33698000000001, 59.85453900000002, 67.41316499999999, 0.0007679999999936626, 70.92880500000001, 37.354443, 39.28804500000001, 0.17654999999999177, 62.05181400000001, 59.41508400000001, 66.885819, 29.268471000000005, 92.725773, 74.88390000000001, 72.68662499999999]","[0.0, 1.0, 1.0, 4.0, 1.0, 0.0, 1.0, 0.0, 0.0, 1.0, 1.0, 2.0, 0.0, 1.0, 0.0, 1.0]","[-3.0, 23.0, 14.0, 14.0, 11.0, 14.0, 10.0, 0.0, -14.0, 41.0, 10.0, 11.0, 11.0, -11.0, 10.0, 13.0]"
2,1791639520.5469449,"[0.0007679999999936626, 65.567454, 59.85453900000002, 68.29207500000001, 0.0007679999999936626, 70.92880500000001, 37.354443, 39.28804500000001, 0.17654999999999177, 62.31548699999999, 59.41508400000001, 68.028402, 29.268471000000005, 92.725773, 74.88390000000001, 72.68662499999999]","[1.0, 3.0, 1.0, 1.0, 1.0, 0.0, 1.0, 0.0, 0.0, 1.0, 1.0, 3.0, 0.0, 1.0, 0.0, 0.0]","[-4.0, 21.0, 14.0, 15.0, 12.0, 15.0, 10.0, 0.0, -14.0, 49.0, 10.0, 10.0, 10.0, -10.0, 10.0, 13.0]"
2,1791639520.7711248,"[-0.08712299999999118, 66.885819, 59.85453900000002, 69.43465800000001, 0.0007679999999936626, 70.92880500000001, 37.354443, 39.28804500000001, 0.17654999999999177, 63.01861500000001, 59.41508400000001, 68.73152999999999, 29.268471000000005, 92.725773, 74.88390000000001, 72.774516]","[1.0, 3.0, 1.0, 3.0, 1.0, 0.0, 1.0, 0.0, 0.0, 1.0, 1.0, 1.0, 0.0, 1.0, 1.0, 1.0]","[-5.0, 19.0, 13.0, 14.0, 11.0, 15.0, 9.0, 0.0, -14.0, 51.0, 10.0, 12.0, 11.0, -10.0, 9.0, 1.0]"
2,1791639520.9966965,"[-0.08712299999999118, 67.94051100000001, 59.85453900000002, 70.04989499999999, 0.0007679999999936626, 70.92880500000001, 37.354443, 39.28804500000001, 0.17654999999999177, 63.01861500000001, 59.41508400000001, 69.61044000000001, 29.268471000000005, 92.725773, 74.88390000000001, 72.774516]","[1.0, 3.0, 1.0, 6.0, 1.0, 0.0, 1.0, 0.0, 0.0, 1.0, 1.0, 3.0, 0.0, 1.0, 1.0, 0.0]","[-1.0, 18.0, 13.0, 15.0, 11.0, 14.0, 11.0, 0.0, -14.0, 62.0, 10.0, 11.0, 11.0, -11.0, 6.0, 0.0]"
2,1791639521.2173643,"[-0.08712299999999118, 68.90731199999999, 59.85453900000002, 71.456151, 0.0007679999999936626, 70.92880500000001, 37.354443, 39.28804500000001, 0.17654999999999177, 63.63385199999999, 59.41508400000001, 70.92880500000001, 29.268471000000005, 92.725773, 74.88390000000001, 72.774516]","[0.0, 3.0, 1.0, 2.0, 1.0, 0.0, 1.0, 0.0, 0.0, 1.0, 1.0, 3.0, 0.0, 1.0, 1.0, 1.0]","[-1.0, 19.0, 13.0, 14.0, 11.0, 14.0, 9.0, 0.0, -14.0, 67.0, 10.0, 11.0, 10.0, -11.0, 10.0, 0.0]"
2,1791639521.4416811,"[-0.08712299999999118, 69.698331, 59.85453900000002, 72.335061, 0.0007679999999936626, 70.92880500000001, 37.354443, 39.28804500000001, 0.17654999999999177, 63.985416000000015, 59.327192999999994, 71.807715, 29.268471000000005, 92.725773, 74.88390000000001, 72.774516]","[0.0, 3.0, 1.0, 2.0, 1.0, 0.0, 1.0, 0.0, 0.0, 1.0, 0.0, 1.0, 0.0, 1.0, 0.0, 1.0]","[-1.0, 18.0, 10.0, 14.0, 11.0, 15.0, 9.0, 0.0, -14.0, 74.0, 10.0, 10.0, 11.0, -11.0, 10.0, 0.0]"
2,1791639521.6654491,"[-0.08712299999999118, 71.36825999999999, 59.85453900000002, 73.301862, 0.0007679999999936626, 70.92880500000001, 37.354443, 39.28804500000001, 0.17654999999999177, 64.33698000000001, 59.327192999999994, 72.950298, 29.268471000000005, 92.725773, 74.971791, 72.774516]","[0.0, 5.0, 1.0, 3.0, 1.0, 0.0, 1.0, 0.0, 0.0, 1.0, 0.0, 3.0, 0.0, 1.0, 1.0, 1.0]","[0.0, 16.0, 13.0, 14.0, 11.0, 14.0, 9.0, 0.0, -14.0, 82.0, 11.0, 11.0, 11.0, -11.0, 8.0, 0.0]"
2,1791639521.8888466,"[0.0007679999999936626, 72.42295200000001, 59.85453900000002, 74.35655400000002, 0.0007679999999936626, 70.92880500000001, 37.354443, 39.28804500000001, 0.17654999999999177, 64.33698000000001, 59.327192999999994, 73.74131700000001, 29.268471000000005, 92.725773, 74.88390000000001, 72.774516]","[1.0, 3.0, -1.0, 1.0, 0.0, 0.0, 1.0, 0.0, 0.0, 1.0, 0.0, 1.0, 0.0, 1.0, 1.0, 1.0]","[-4.0, 17.0, 13.0, 15.0, 12.0, 15.0, 9.0, 0.0, -14.0, 97.0, 10.0, 11.0, 10.0, -10.0, 10.0, 0.0]"
2,1791639522.1166556,"[0.0007679999999936626, 73.477644, 59.94243, 75.23546400000001, 0.0007679999999936626, 70.92880500000001, 37.354443, 39.28804500000001, 0.17654999999999177, 64.864326, 59.327192999999994, 74.88390000000001, 29.268471000000005, 92.725773, 74.88390000000001, 72.774516]","[1.0, 3.0, 0.0, 1.0, 0.0, 0.0, 1.0, 0.0, 0.0, 6.0, 0.0, 2.0, 0.0, 1.0, 0.0, 1.0]","[-2.0, 17.0, 5.0, 16.0, 11.0, 14.0, 9.0, 0.0, -14.0, 96.0, 10.0, 10.0, 11.0, -10.0, 9.0, 0.0]"
2,1791639522.3405933,"[-0.08712299999999118, 74.444445, 59.94243, 76.29015600000002, 0.0007679999999936626, 70.92880500000001, 37.354443, 39.28804500000001, 0.17654999999999177, 64.95221699999999, 59.327192999999994, 76.02648299999998, 29.268471000000005, 92.725773, 74.971791, 72.774516]","[0.0, 1.0, 1.0, 1.0, 0.0, 0.0, 1.0, 0.0, 0.0, 1.0, 0.0, 3.0, 0.0, 0.0, 1.0, 1.0]","[0.0, 17.0, 0.0, 14.0, 11.0, 15.0, 9.0, 0.0, -13.0, 118.0, 10.0, 10.0, 11.0, -11.0, 9.0, 0.0]"
2,1791639522.564575,"[-0.08712299999999118, 75.76281, 59.94243, 77.34484800000001, 0.0007679999999936626, 70.92880500000001, 37.354443, 39.28804500000001, 0.17654999999999177, 64.95221699999999, 59.327192999999994, 77.256957, 29.268471000000005, 92.725773, 74.88390000000001, 72.774516]","[0.0, 4.0, 1.0, 2.0, 0.0, 0.0, 1.0, 1.0, 0.0, 1.0, 0.0, 3.0, 0.0, 1.0, 1.0, 1.0]","[0.0, 16.0, 0.0, 14.0, 11.0, 14.0, 10.0, 0.0, -14.0, 135.0, 10.0, 10.0, 11.0, -10.0, 9.0, 0.0]"
2,1791639522.7846007,"[-0.08712299999999118, 76.81750199999999, 59.94243, 78.13586700000002, 0.0007679999999936626, 70.92880500000001, 37.354443, 39.28804500000001, 0.17654999999999177, 65.743236, 59.327192999999994, 78.48743100000002, 29.268471000000005, 92.725773, 74.88390000000001, 72.774516]","[0.0, 1.0, 1.0, 1.0, 0.0, 0.0, 1.0, 0.0, 1.0, 1.0, 1.0, 3.0, 0.0, 0.0, 0.0, 1.0]","[0.0, 15.0, 0.0, 14.0, 11.0, 14.0, 10.0, 0.0, -14.0, 135.0, 10.0, 9.0, 11.0, -11.0, 10.0, -2.0]"
2,1791639523.009129,"[-0.08712299999999118, 77.96008499999999, 59.94243, 79.27845000000002, 0.0007679999999936626, 70.92880500000001, 37.354443, 39.28804500000001, 0.17654999999999177, 65.743236, 59.23930200000001, 78.92688600000002, 29.268471000000005, 92.725773, 74.88390000000001, 72.86240699999999]","[1.0, 2.0, 1.0, 3.0, 0.0, 0.0, 0.0, 0.0, 1.0, 1.0, 0.0, 4.0, 0.0, 0.0, 1.0, 1.0]","[-3.0, 15.0, 0.0, 13.0, 11.0, 14.0, 9.0, 0.0, -14.0, 156.0, 9.0, 10.0, 11.0, -11.0, 10.0, -8.0]"
2,1791639523.234781,"[0.0007679999999936626, 78.92688600000002, 59.94243, 80.15735999999998, 0.0007679999999936626, 70.92880500000001, 37.354443, 39.375935999999996, 0.17654999999999177, 64.51276200000001, 59.23930200000001, 79.01477699999998, 29.268471000000005, 92.725773, 74.88390000000001, 72.774516]","[1.0, 4.0, 1.0, 3.0, 0.0, 0.0, 0.0, 1.0, 1.0, 0.0, 0.0, 1.0, 0.0, 0.0, 0.0, 1.0]","[-1.0, 14.0, 0.0, 15.0, 11.0, 14.0, 9.0, -5.0, 13.0, 13.0, 0.0, -6.0, 11.0, -11.0, 11.0, -1.0]"
2,1791639523.4578004,"[-0.08712299999999118, 80.245251, 59.94243, 81.12416100000002, 0.0007679999999936626, 70.92880500000001, 37.354443, 39.28804500000001, 0.17654999999999177, 64.51276200000001, 59.23930200000001, 78.92688600000002, 29.268471000000005, 92.725773, 74.88390000000001, 72.774516]","[0.0, 5.0, 1.0, 1.0, 0.0, 0.0, 0.0, 0.0, 1.0, 1.0, 0.0, 0.0, 0.0, 1.0, 0.0, 0.0]","[0.0, 14.0, 0.0, 14.0, 12.0, 14.0, 9.0, -1.0, 13.0, 13.0, 0.0, 0.0, 11.0, -11.0, 10.0, 0.0]"
2,1791639523.6816003,"[-0.08712299999999118, 81.387834, 59.94243, 82.178853, 0.0007679999999936626, 70.92880500000001, 37.354443, 39.28804500000001, 0.17654999999999177, 64.51276200000001, 59.23930200000001, 78.92688600000002, 29.268471000000005, 92.81366400000002, 74.88390000000001, 72.774516]","[0.0, 2.0, 1.0, 3.0, 0.0, 0.0, 1.0, 0.0, 1.0, 0.0, 0.0, 0.0, 0.0, 1.0, 0.0, 0.0]","[0.0, 14.0, 0.0, 14.0, 11.0, 14.0, 10.0, 0.0, 13.0, 13.0, 0.0, -2.0, 11.0, -10.0, 10.0, 0.0]"
2,1791639523.9084759,"[-0.08712299999999118, 82.26674400000002, 59.94243, 83.23354499999999, 0.0007679999999936626, 70.92880500000001, 37.354443, 39.28804500000001, 0.17654999999999177, 64.51276200000001, 59.23930200000001, 78.92688600000002, 29.268471000000005, 92.725773, 74.88390000000001, 72.774516]","[0.0, 2.0, 1.0, 3.0, 0.0, 0.0, 0.0, 0.0, 1.0, 1.0, 0.0, 0.0, 0.0, 1.0, 1.0, 0.0]","[0.0, 14.0, 0.0, 14.0, 11.0, 14.0, 9.0, 0.0, 13.0, 12.0, 0.0, -3.0, 12.0, -11.0, 10.0, 0.0]"
2,1791639524.1293428,"[-0.08712299999999118, 83.49721799999998, 59.94243, 84.11245500000001, 0.0007679999999936626, 70.92880500000001, 37.354443, 39.28804500000001, 0.17654999999999177, 64.51276200000001, 59.23930200000001, 79.01477699999998, 29.268471000000005, 92.725773, 74.88390000000001, 72.774516]","[0.0, 2.0, 1.0, 3.0, 0.0, 0.0, 0.0, 0.0, 1.0, 0.0, 1.0, 0.0, 0.0, 1.0, 1.0, 0.0]","[0.0, 14.0, 0.0, 14.0, 12.0, 14.0, 10.0, 0.0, 14.0, 12.0, 0.0, -4.0, 12.0, -10.0, 9.0, 0.0]"
2,1791639524.3563364,"[-0.08712299999999118, 84.55191000000002, 59.94243, 85.167147, 0.0007679999999936626, 70.92880500000001, 37.354443, 39.28804500000001, 0.17654999999999177, 64.51276200000001, 59.23930200000001, 79.01477699999998, 29.268471000000005, 92.725773, 74.88390000000001, 72.774516]","[0.0, 3.0, 1.0, 2.0, 0.0, 0.0, 1.0, 0.0, 1.0, 1.0, 0.0, 1.0, 0.0, 0.0, 0.0, 1.0]","[0.0, 13.0, 0.0, 14.0, 11.0, 15.0, 9.0, 0.0, 13.0, 13.0, 0.0, -6.0, 11.0, -10.0, 10.0, 0.0]"
2,1791639524.5804737,"[-0.08712299999999118, 85.69449300000002, 59.94243, 86.22183899999999, 0.0007679999999936626, 70.92880500000001, 37.44233399999999, 39.28804500000001, 0.17654999999999177, 64.51276200000001, 59.23930200000001, 78.92688600000002, 29.268471000000005, 92.81366400000002, 74.88390000000001, 72.774516]","[0.0, 3.0, 1.0, 3.0, 0.0, 0.0, 1.0, 1.0, 1.0, 0.0, 1.0, 0.0, 0.0, 1.0, 1.0, 1.0]","[0.0, 12.0, 0.0, 15.0, 11.0, 15.0, 3.0, 0.0, 14.0, 12.0, 0.0, -1.0, 11.0, -11.0, 10.0, 0.0]"
2,1791639524.801443,"[-0.08712299999999118, 86.74918500000001, 59.94243, 87.10074900000001, 0.0007679999999936626, 70.92880500000001, 37.354443, 39.28804500000001, 0.17654999999999177, 64.51276200000001, 59.23930200000001, 79.01477699999998, 29.268471000000005, 92.725773, 74.88390000000001, 72.774516]","[0.0, 1.0, 1.0, 1.0, 0.0, 0.0, 1.0, 0.0, 1.0, 1.0, 0.0, 0.0, 0.0, 0.0, 0.0, 0.0]","[0.0, 13.0, 0.0, 15.0, 11.0, 15.0, 10.0, 0.0, 13.0, 12.0, 0.0, -4.0, 11.0, -11.0, 10.0, 0.0]"
2,1791639525.2658904,"[-0.08712299999999118, 87.89176800000001, 59.94243, 87.97965900000003, 0.0007679999999936626, 70.92880500000001, 37.354443, 39.28804500000001, 0.17654999999999177, 64.51276200000001, 59.23930200000001, 78.92688600000002, 29.268471000000005, 92.725773, 74.88390000000001, 72.774516]","[0.0, 1.0, 1.0, 1.0, 0.0, 0.0, 0.0, 0.0, 1.0, 1.0, 0.0, 0.0, 0.0, 1.0, 0.0, 0.0]","[0.0, 12.0, 0.0, 15.0, 11.0, 14.0, 9.0, 0.0, 13.0, 12.0, 0.0, -6.0, 11.0, -11.0, 10.0, 0.0]"
2,1791639525.4923809,"[-0.08712299999999118, 88.594896, 59.94243, 88.94646, 0.0007679999999936626, 70.92880500000001, 37.354443, 39.28804500000001, 0.17654999999999177, 64.51276200000001, 59.23930200000001, 78.92688600000002, 29.268471000000005, 92.725773, 74.88390000000001, 72.774516]","[0.0, 3.0, 1.0, 1.0, 0.0, 0.0, 0.0, 1.0, 1.0, 1.0, 1.0, 1.0, 0.0, 0.0, 0.0, 0.0]","[0.0, 13.0, 0.0, 14.0, 11.0, 14.0, 9.0, 0.0, 14.0, 13.0, 0.0, -10.0, 11.0, -10.0, 9.0, 0.0]"
2,1791639525.7163997,"[-0.08712299999999118, 90.17693400000002, 59.94243, 89.03435100000002, 0.0007679999999936626, 70.92880500000001, 37.354443, 39.28804500000001, 0.17654999999999177, 64.51276200000001, 59.23930200000001, 79.01477699999998, 29.268471000000005, 92.725773, 74.88390000000001, 72.774516]","[0.0, 3.0, 1.0, 1.0, 0.0, 0.0, 0.0, 0.0, 1.0, 1.0, 1.0, 1.0, 0.0, 0.0, 1.0, 0.0]","[0.0, 11.0, 0.0, 14.0, 12.0, 14.0, 10.0, 0.0, 13.0, 12.0, 0.0, -3.0, 11.0, -11.0, 10.0, 0.0]"
2,1791639525.9371557,"[-0.08712299999999118, 91.05584399999998, 59.94243, 89.03435100000002, 0.0007679999999936626, 70.92880500000001, 37.354443, 39.28804500000001, 0.17654999999999177, 64.51276200000001, 59.23930200000001, 78.92688600000002, 29.268471000000005, 92.725773, 74.88390000000001, 72.774516]","[0.0, 1.0, 1.0, 1.0, 0.0, 0.0, 1.0, 1.0, 1.0, 0.0, 0.0, 0.0, 0.0, 0.0, 0.0, 0.0]","[0.0, 12.0, 0.0, 15.0, 11.0, 14.0, 9.0, -1.0, 13.0, 12.0, 0.0, -6.0, 11.0, -10.0, 10.0, 0.0]"
2,1791639526.1611955,"[-0.08712299999999118, 92.37420900000001, 59.94243, 89.03435100000002, 0.0007679999999936626, 70.92880500000001, 37.354443, 39.28804500000001, 0.17654999999999177, 64.51276200000001, 59.23930200000001, 78.92688600000002, 29.268471000000005, 92.81366400000002, 74.88390000000001, 72.774516]","[0.0, 3.0, 1.0, 1.0, 0.0, 0.0, 0.0, 0.0, 1.0, 0.0, 1.0, 1.0, 0.0, 0.0, 0.0, 0.0]","[0.0, 11.0, 0.0, 14.0, 11.0, 14.0, 10.0, 0.0, 13.0, 12.0, 0.0, -1.0, 11.0, -10.0, 9.0, 0.0]"
2,1791639526.3871152,"[-0.08712299999999118, 93.428901, 59.94243, 89.03435100000002, 0.0007679999999936626, 70.92880500000001, 37.354443, 39.28804500000001, 0.17654999999999177, 64.51276200000001, 59.23930200000001, 79.01477699999998, 29.268471000000005, 92.725773, 74.88390000000001, 72.774516]","[0.0, 1.0, 1.0, 1.0, 0.0, 0.0, 0.0, 0.0, 1.0, 1.0, 0.0, 1.0, 0.0, 1.0, 0.0, 1.0]","[0.0, 11.0, 0.0, 15.0, 12.0, 15.0, 10.0, 0.0, 13.0, 13.0, 0.0, -8.0, 11.0, -11.0, 9.0, 0.0]"
2,1791639526.6090615,"[-0.08712299999999118, 94.65937500000001, 59.94243, 89.03435100000002, 0.0007679999999936626, 70.92880500000001, 37.354443, 39.28804500000001, 0.17654999999999177, 64.51276200000001, 59.23930200000001, 79.01477699999998, 29.268471000000005, 92.725773, 74.88390000000001, 72.774516]","[0.0, 4.0, 1.0, 1.0, 0.0, 0.0, 0.0, 0.0, 1.0, 1.0, 0.0, 1.0, 0.0, 1.0, 0.0, 0.0]","[0.0, 10.0, 0.0, 15.0, 11.0, 15.0, 9.0, 0.0, 14.0, 13.0, 0.0, -4.0, 11.0, -11.0, 11.0, 0.0]"
3,1791639528.6283088,"[-0.08712299999999118, -5.009018999999995, -1.1418150000000082, -0.2629049999999893, -0.08712299999999118, -5.009018999999995, 0.0007679999999936626, -0.2629049999999893, 0.08865900000000693, -4.92112800000001, -0.9660330000000101, 0.17654999999999177, -2.372288999999995, 178.33160700000002, 40.07906399999999, 25.577048999999988]","[1.0, 1.0, 1.0, 1.0, 0.0, 1.0, 0.0, 0.0, 1.0, 0.0, 1.0, 0.0, 1.0, 0.0, 0.0, 0.0]","[0.0, 32.0, 16.0, 14.0, 0.0, 32.0, -10.0, 11.0, -14.0, 32.0, 11.0, -9.0, 17.0, 16.0, -11.0, -15.0]"
3,1791639528.8492844,"[-0.5265780000000007, -4.833236999999997, -0.790251000000012, -0.08712299999999118, -0.08712299999999118, -4.745346000000012, 0.6160050000000012, -0.08712299999999118, 0.7038960000000145, -4.833236999999997, -0.9660330000000101, 0.3523319999999899, -2.372288999999995, 178.06793399999998, 40.254846000000015, 25.752831000000015]","[0.0, 1.0, 1.0, 1.0, 0.0, 0.0, 1.0, 1.0, 1.0, 1.0, 1.0, 0.0, 1.0, 0.0, 1.0, 1.0]","[-9.0, 47.0, 17.0, 16.0, 0.0, 45.0, 10.0, 12.0, 14.0, 51.0, 13.0, 10.0, 23.0, -13.0, 11.0, 13.0]"
3,1791639529.0760686,"[-1.4054879999999912, -3.514871999999997, -0.17501400000000444, 0.44022300000000314, -0.08712299999999118, -3.7785450000000083, 1.2312420000000088, 0.08865900000000693, 0.7917869999999994, -4.042217999999991, -0.6144689999999855, 0.3523319999999899, -2.372288999999995, 177.62847900000003, 40.518519, 26.368067999999994]","[0.0, 1.0, 2.0, 1.0, 1.0, 1.0, 1.0, 1.0, 1.0, 1.0, 1.0, 1.0, 1.0, 0.0, 1.0, 1.0]","[-9.0, 54.0, 19.0, 16.0, 0.0, 58.0, 11.0, 14.0, 16.0, 63.0, 16.0, 13.0, 29.0, -25.0, 14.0, 14.0]"
3,1791639529.29709,"[-2.4601800000000082, -1.1418150000000082, 0.8796780000000126, 1.582806000000005, -0.08712299999999118, -2.196506999999997, 1.9343700000000013, 1.407024000000007, 2.901171000000005, -2.372288999999995, 0.26444100000000503, 1.0554600000000107, -2.372288999999995, 176.92535099999998, 41.309538, 27.159087]","[-1.0, 5.0, 1.0, 2.0, 0.0, 2.0, 2.0, 3.0, 4.0, 1.0, 1.0, 1.0, 1.0, 0.0, 4.0, 1.0]","[-9.0, 60.0, 19.0, 17.0, 0.0, 60.0, 11.0, 14.0, 13.0, 69.0, 16.0, 13.0, 33.0, -41.0, 13.0, 14.0]"
3,1791639529.5207713,"[-3.426981000000012, -1.053923999999995, 1.7585880000000031, 2.4617159999999956, -0.08712299999999118, -0.08712299999999118, 2.6374979999999937, 2.1101519999999994, 2.901171000000005, -2.372288999999995, 1.407024000000007, 1.0554600000000107, -1.4933790000000045, 173.40971100000002, 42.36422999999999, 28.125888000000003]","[-1.0, 2.0, 2.0, 2.0, 0.0, 5.0, 1.0, 1.0, 1.0, 1.0, 2.0, 1.0, 6.0, -6.0, 2.0, 2.0]","[-9.0, 72.0, 20.0, 16.0, 0.0, 61.0, 13.0, 13.0, 16.0, 97.0, 17.0, 17.0, 35.0, -34.0, 13.0, 15.0]"
3,1791639529.7457972,"[-4.393781999999987, 2.6374979999999937, 2.901171000000005, 3.6042989999999975, -0.08712299999999118, 2.0222610000000145, 3.4285169999999994, 3.3406260000000145, 4.746881999999999, 2.1980430000000126, 1.846478999999988, 3.164843999999988, -0.4386869999999874, 169.80617999999998, 43.41892200000001, 29.268471000000005]","[-2.0, 7.0, 4.0, 3.0, 0.0, 3.0, 1.0, 3.0, 3.0, 8.0, 1.0, 5.0, 1.0, -6.0, 4.0, 3.0]","[-8.0, 53.0, 18.0, 16.0, 0.0, 60.0, 13.0, 13.0, 12.0, 58.0, 17.0, 13.0, 34.0, -29.0, 12.0, 14.0]"
3,1791639529.9704354,"[-5.272692000000006, 2.901171000000005, 3.6042989999999975, 4.483208999999988, -0.08712299999999118, 3.6921900000000107, 4.395318000000003, 4.30742699999999, 5.713683000000003, 2.1980430000000126, 3.076953000000003, 4.131644999999992, 0.6160050000000012, 168.31203299999999, 44.56150500000001, 29.35636199999999]","[-1.0, 5.0, 1.0, 1.0, 0.0, 3.0, 2.0, 1.0, 3.0, 1.0, 4.0, 2.0, 1.0, 0.0, 3.0, 0.0]","[-9.0, 63.0, 20.0, 16.0, 0.0, 66.0, 13.0, 14.0, 13.0, 86.0, 16.0, 14.0, 33.0, -44.0, 12.0, 14.0]"
3,1791639530.1922169,"[-5.975819999999999, 6.416810999999996, 4.483208999999988, 5.62579199999999, -0.08712299999999118, 6.065246999999999, 5.362119000000007, 5.186337000000009, 6.328920000000011, 6.328920000000011, 4.219536000000005, 5.010555000000011, 1.6706969999999899, 164.708502, 45.440415, 29.35636199999999]","[0.0, 7.0, 5.0, 3.0, 0.0, 5.0, 4.0, 1.0, 5.0, 7.0, 5.0, 2.0, 2.0, -8.0, 6.0, 1.0]","[-10.0, 56.0, 20.0, 16.0, 0.0, 59.0, 13.0, 14.0, 14.0, 57.0, 16.0, 14.0, 30.0, -36.0, 12.0, 14.0]"
3,1791639530.419999,"[-7.118403000000001, 8.701977, 5.889465000000001, 6.680484000000007, -0.08712299999999118, 7.383611999999999, 6.2410289999999975, 6.153138000000013, 7.735175999999996, 6.328920000000011, 4.746881999999999, 6.328920000000011, 2.3738250000000107, 161.36864400000002, 46.67088899999999, 29.35636199999999]","[0.0, 4.0, 1.0, 3.0, 0.0, 11.0, 5.0, 3.0, 3.0, 1.0, 6.0, 1.0, 6.0, -7.0, 3.0, 0.0]","[-9.0, 52.0, 20.0, 17.0, 0.0, 61.0, 14.0, 15.0, 13.0, 83.0, 17.0, 12.0, 32.0, -33.0, 13.0, 15.0]"
3,1791639530.6417418,"[-8.260986000000003, 10.28401500000001, 6.416810999999996, 7.647285000000011, -0.08712299999999118, 9.932451000000015, 7.207830000000001, 7.383611999999999, 7.735175999999996, 9.756668999999988, 6.2410289999999975, 7.207830000000001, 3.6042989999999975, 158.292459, 47.54979900000001, 29.35636199999999]","[-2.0, 1.0, 7.0, 3.0, 1.0, 3.0, 1.0, 1.0, 1.0, 1.0, 3.0, 1.0, 1.0, -4.0, 4.0, 0.0]","[-10.0, 57.0, 20.0, 16.0, 0.0, 62.0, 14.0, 13.0, 15.0, 64.0, 16.0, 14.0, 33.0, -33.0, 13.0, 15.0]"
3,1791639530.867569,"[-9.227787000000006, 12.305508000000003, 7.910957999999994, 8.614086000000015, -0.08712299999999118, 11.426598000000013, 8.26252199999999, 8.526195000000001, 9.668778000000003, 9.756668999999988, 7.119938999999988, 8.174631000000005, 4.6589910000000145, 155.655729, 48.428709, 29.35636199999999]","[0.0, 8.0, 2.0, 1.0, 0.0, 1.0, 2.0, 3.0, 3.0, 1.0, 2.0, 3.0, 4.0, -2.0, 1.0, 1.0]","[-10.0, 52.0, 19.0, 16.0, 0.0, 68.0, 13.0, 12.0, 14.0, 90.0, 17.0, 14.0, 34.0, -36.0, 13.0, 14.0]"
3,1791639531.091885,"[-10.19458800000001, 13.448091000000005, 8.789868000000013, 9.58088699999999, -0.08712299999999118, 13.53598199999999, 9.317214000000007, 9.405104999999992, 10.635579000000007, 14.063328000000013, 7.207830000000001, 9.317214000000007, 6.065246999999999, 152.667435, 49.571292, 29.35636199999999]","[0.0, 1.0, 4.0, 2.0, 0.0, 8.0, 1.0, 1.0, 1.0, 14.0, 1.0, 3.0, 4.0, -4.0, 1.0, 0.0]","[-10.0, 68.0, 19.0, 16.0, 0.0, 62.0, 14.0, 14.0, 13.0, 55.0, 19.0, 13.0, 29.0, -37.0, 12.0, 14.0]"
3,1791639531.315281,"[-10.897716000000003, 16.260603000000003, 9.932451000000015, 10.723469999999992, -0.08712299999999118, 15.909039000000007, 10.28401500000001, 10.371905999999996, 11.60238000000001, 14.151218999999998, 9.141432000000009, 10.108233000000013, 6.856266000000005, 150.382269, 50.538093, 29.35636199999999]","[-2.0, 9.0, 3.0, 3.0, 0.0, 4.0, 3.0, 3.0, 2.0, 1.0, 3.0, 1.0, 0.0, 0.0, 3.0, 1.0]","[-10.0, 53.0, 21.0, 16.0, 0.0, 56.0, 15.0, 14.0, 14.0, 85.0, 16.0, 14.0, 31.0, -42.0, 12.0, 14.0]"
3,1791639531.53691,"[-12.12818999999999, 18.018423000000013, 10.811361000000005, 11.514488999999998, -0.08712299999999118, 15.996929999999992, 11.162925000000001, 11.162925000000001, 12.657072, 14.151218999999998, 9.668778000000003, 11.162925000000001, 8.086739999999992, 147.393975, 51.50489400000001, 29.35636199999999]","[-1.0, 1.0, 3.0, 4.0, 1.0, 1.0, 2.0, 1.0, 2.0, 1.0, 1.0, 2.0, 5.0, -4.0, 1.0, 1.0]","[-9.0, 60.0, 19.0, 16.0, 0.0, 84.0, 14.0, 14.0, 13.0, 115.0, 17.0, 13.0, 27.0, -44.0, 14.0, 14.0]"
3,1791639531.7638476,"[-13.007100000000008, 20.479371000000015, 11.778162000000009, 12.744963000000013, -0.08712299999999118, 20.12780699999999, 12.21761699999999, 12.393398999999988, 13.272309000000007, 19.952024999999992, 10.987143000000003, 12.21761699999999, 9.141432000000009, 143.966226, 52.559585999999996, 29.35636199999999]","[0.0, 6.0, 2.0, 3.0, 1.0, 8.0, 1.0, 2.0, 7.0, 11.0, 1.0, 2.0, 1.0, -8.0, 3.0, 1.0]","[-11.0, 51.0, 20.0, 16.0, 0.0, 59.0, 14.0, 13.0, 14.0, 58.0, 18.0, 13.0, 31.0, -37.0, 11.0, 14.0]"
3,1791639531.9846838,"[-14.237573999999995, 22.237190999999996, 12.832853999999998, 13.53598199999999, -0.08712299999999118, 21.270389999999992, 13.272309000000007, 13.53598199999999, 14.766456000000005, 22.237190999999996, 11.866052999999994, 13.184417999999994, 9.141432000000009, 140.80214999999998, 53.438496000000015, 29.35636199999999]","[1.0, 1.0, 3.0, 3.0, 0.0, 5.0, 2.0, 3.0, 2.0, 9.0, 1.0, 3.0, 1.0, -2.0, 3.0, 1.0]","[-11.0, 59.0, 19.0, 16.0, 0.0, 62.0, 14.0, 12.0, 14.0, 54.0, 18.0, 14.0, 38.0, -41.0, 13.0, 14.0]"
3,1791639532.211845,"[-15.116483999999986, 24.08290199999999, 13.887546000000015, 14.502782999999994, 0.0007679999999936626, 24.346575, 14.327000999999996, 14.414892000000009, 14.85434699999999, 23.995011000000005, 13.096527000000009, 13.975437, 11.426598000000013, 137.63807400000002, 54.58107900000002, 29.35636199999999]","[0.0, 5.0, 1.0, 4.0, 1.0, 8.0, 4.0, 1.0, 1.0, 1.0, 3.0, 2.0, 6.0, -5.0, 3.0, 1.0]","[-11.0, 59.0, 19.0, 17.0, -3.0, 57.0, 13.0, 13.0, 16.0, 62.0, 17.0, 13.0, 29.0, -36.0, 12.0, 13.0]"
3,1791639532.4324362,"[-16.346958, 26.71963199999999, 15.030128999999988, 15.55747500000001, -0.08712299999999118, 26.192285999999996, 15.381693000000013, 15.733257000000009, 16.87584000000001, 26.807523000000003, 13.975437, 15.030128999999988, 12.305508000000003, 134.38610699999998, 55.635771000000005, 29.35636199999999]","[-1.0, 6.0, 3.0, 2.0, 0.0, 4.0, 2.0, 1.0, 3.0, 7.0, 1.0, 2.0, 3.0, -4.0, 1.0, 1.0]","[-10.0, 49.0, 18.0, 15.0, 0.0, 56.0, 13.0, 13.0, 13.0, 48.0, 17.0, 13.0, 28.0, -34.0, 14.0, 15.0]"
3,1791639532.659781,"[-17.313759000000005, 28.829015999999996, 15.909039000000007, 16.524276000000015, 0.0007679999999936626, 28.30167, 16.524276000000015, 16.787948999999998, 16.963730999999996, 28.565343000000013, 15.118020000000001, 15.996929999999992, 13.096527000000009, 130.95835799999998, 56.690462999999994, 29.35636199999999]","[-2.0, 4.0, 3.0, 3.0, 1.0, 4.0, 3.0, 2.0, 1.0, 4.0, 3.0, 1.0, 1.0, -3.0, 2.0, 1.0]","[-10.0, 48.0, 19.0, 16.0, -10.0, 55.0, 13.0, 12.0, 15.0, 55.0, 16.0, 13.0, 30.0, -30.0, 12.0, 15.0]"
3,1791639532.881012,"[-18.54423299999999, 31.202073000000013, 17.139512999999994, 17.403186000000005, 0.0007679999999936626, 29.883708000000013, 17.666858999999988, 17.75475, 18.633659999999992, 28.565343000000013, 16.084821000000005, 17.139512999999994, 14.327000999999996, 127.79428200000001, 57.833045999999996, 29.35636199999999]","[-2.0, 9.0, 4.0, 3.0, 1.0, 1.0, 4.0, 2.0, 1.0, 1.0, 1.0, 3.0, 3.0, -2.0, 2.0, 1.0]","[-9.0, 45.0, 18.0, 17.0, -9.0, 59.0, 12.0, 12.0, 14.0, 80.0, 17.0, 12.0, 28.0, -30.0, 12.0, 14.0]"
3,1791639533.1077642,"[-19.511033999999995, 32.87200200000001, 18.018423000000013, 18.457877999999994, 0.0007679999999936626, 32.344656000000015, 18.36998700000001, 18.457877999999994, 19.600460999999996, 32.87200200000001, 17.315294999999992, 17.403186000000005, 15.381693000000013, 124.98176999999998, 58.975629, 29.35636199999999]","[-1.0, 7.0, 1.0, 3.0, 1.0, 11.0, 1.0, 1.0, 2.0, 16.0, 2.0, 4.0, 1.0, -4.0, 3.0, 1.0]","[-9.0, 46.0, 18.0, 16.0, -9.0, 53.0, 14.0, 14.0, 14.0, 45.0, 16.0, 15.0, 28.0, -32.0, 11.0, 14.0]"
3,1791639533.3279095,"[-20.565726000000012, 35.33295000000001, 19.248897, 19.424678999999998, 0.0007679999999936626, 34.45403999999999, 19.248897, 19.68835200000001, 20.567262, 33.13567499999999, 18.545769000000007, 19.161006000000015, 15.381693000000013, 122.69660399999998, 59.85453900000002, 29.35636199999999]","[-2.0, 7.0, 2.0, 2.0, 1.0, 1.0, 3.0, 2.0, 3.0, 1.0, 3.0, 2.0, 1.0, -1.0, 3.0, 1.0]","[-9.0, 44.0, 18.0, 16.0, -11.0, 56.0, 13.0, 12.0, 14.0, 70.0, 15.0, 12.0, 28.0, -37.0, 12.0, 14.0]"
3,1791639533.555798,"[-21.708308999999986, 37.26655199999999, 20.39148, 20.479371000000015, 0.0007679999999936626, 36.82709700000001, 20.215698000000003, 20.655153000000013, 21.885627, 33.13567499999999, 19.424678999999998, 20.215698000000003, 15.381693000000013, 118.82940000000002, 60.909231000000005, 29.35636199999999]","[-1.0, 3.0, 4.0, 2.0, 1.0, 7.0, 1.0, 1.0, 2.0, 1.0, 5.0, 1.0, 1.0, -6.0, 1.0, 1.0]","[-9.0, 43.0, 17.0, 15.0, -11.0, 46.0, 14.0, 12.0, 13.0, 100.0, 16.0, 13.0, 28.0, -30.0, 12.0, 14.0]"
3,1791639533.7796671,"[-22.763001000000003, 39.28804500000001, 21.358281000000005, 21.709845, 0.0007679999999936626, 38.76069899999999, 21.00671700000001, 21.709845, 22.412972999999994, 39.28804500000001, 20.655153000000013, 21.270389999999992, 15.381693000000013, 115.665324, 61.963922999999994, 29.35636199999999]","[-1.0, 7.0, 3.0, 3.0, 1.0, 7.0, 2.0, 4.0, 1.0, 12.0, 2.0, 3.0, 1.0, -2.0, 1.0, 1.0]","[-9.0, 41.0, 17.0, 16.0, -11.0, 45.0, 15.0, 12.0, 13.0, 43.0, 14.0, 13.0, 27.0, -30.0, 12.0, 14.0]"
3,1791639533.9997709,"[-23.905584000000005, 41.39742899999999, 22.500864000000007, 22.588754999999992, 0.0007679999999936626, 40.95797400000001, 21.797736000000015, 22.76453699999999, 23.907119999999992, 41.92477500000001, 21.709845, 22.32508200000001, 15.469583999999998, 112.41335700000002, 62.930724, 29.35636199999999]","[0.0, 1.0, 1.0, 3.0, 1.0, 9.0, 3.0, 2.0, 4.0, 6.0, 4.0, 1.0, 2.0, -5.0, 2.0, 1.0]","[-8.0, 47.0, 17.0, 16.0, -12.0, 43.0, 16.0, 12.0, 13.0, 40.0, 14.0, 13.0, 26.0, -27.0, 12.0, 14.0]"
3,1791639534.227434,"[-24.784493999999995, 43.946268, 23.379773999999998, 23.379773999999998, 0.0007679999999936626, 43.59470400000001, 22.588754999999992, 23.555555999999996, 24.873920999999996, 43.41892200000001, 22.76453699999999, 23.02821, 15.55747500000001, 109.249281, 64.073307, 29.35636199999999]","[0.0, 9.0, 1.0, 3.0, 1.0, 4.0, 1.0, 1.0, 1.0, 5.0, 3.0, 2.0, 1.0, -2.0, 1.0, 1.0]","[-9.0, 37.0, 17.0, 16.0, -11.0, 45.0, 15.0, 13.0, 14.0, 44.0, 15.0, 12.0, 28.0, -28.0, 12.0, 14.0]"
3,1791639534.4516752,"[-25.927076999999997, 46.23143400000001, 24.170793000000003, 24.610248000000013, 0.0007679999999936626, 45.87987000000001, 23.64344700000001, 24.78603000000001, 24.96181200000001, 46.31932499999999, 23.64344700000001, 24.258683999999988, 15.55747500000001, 105.909423, 65.040108, 29.35636199999999]","[-2.0, 5.0, 1.0, 4.0, 1.0, 9.0, 3.0, 1.0, 1.0, 4.0, 1.0, 3.0, 1.0, -6.0, 4.0, 1.0]","[0.0, 38.0, 18.0, 15.0, -11.0, 37.0, 16.0, 12.0, 15.0, 38.0, 15.0, 12.0, 27.0, -22.0, 12.0, 13.0]"
3,1791639534.6755893,"[-26.981768999999986, 48.34081800000001, 25.40126699999999, 25.577048999999988, 0.0007679999999936626, 47.901363, 24.873920999999996, 25.752831000000015, 26.983305, 47.901363, 24.873920999999996, 25.66494, 15.55747500000001, 102.56956500000001, 66.182691, 29.35636199999999]","[-2.0, 6.0, 4.0, 2.0, 1.0, 3.0, 4.0, 2.0, 1.0, 3.0, 2.0, 4.0, 1.0, -6.0, 4.0, 1.0]","[0.0, 33.0, 17.0, 15.0, -11.0, 42.0, 15.0, 13.0, 0.0, 41.0, 15.0, 12.0, 27.0, -19.0, 12.0, 14.0]"
3,1791639534.8961787,"[-27.94856999999999, 50.362311000000005, 26.28017700000001, 26.71963199999999, 0.0007679999999936626, 50.098637999999994, 25.840722, 26.895413999999988, 27.950106000000005, 50.889657, 25.928613000000013, 26.455959000000007, 15.55747500000001, 99.31759799999998, 67.237383, 29.35636199999999]","[0.0, 1.0, 1.0, 3.0, 1.0, 6.0, 1.0, 3.0, 1.0, 7.0, 4.0, 1.0, 1.0, -2.0, 2.0, 1.0]","[0.0, 37.0, 18.0, 15.0, -12.0, 40.0, 15.0, 11.0, 0.0, 31.0, 13.0, 12.0, 27.0, -20.0, 11.0, 14.0]"
3,1791639535.1213546,"[-28.82748000000001, 52.82325900000001, 27.246978000000013, 27.774324000000007, 0.0007679999999936626, 52.47169500000001, 27.071196000000015, 27.334868999999998, 29.092689000000007, 52.208022, 26.895413999999988, 27.774324000000007, 15.55747500000001, 95.88984900000003, 68.29207500000001, 29.35636199999999]","[0.0, 8.0, 2.0, 3.0, 0.0, 6.0, 2.0, 1.0, 1.0, 2.0, 3.0, 3.0, 1.0, -3.0, 1.0, 1.0]","[-8.0, 31.0, 18.0, 15.0, -12.0, 35.0, 15.0, 13.0, -11.0, 38.0, 14.0, 12.0, 27.0, -18.0, 11.0, 14.0]"
3,1791639535.3457618,"[-29.882171999999997, 55.372097999999994, 28.30167, 28.829015999999996, 0.0007679999999936626, 54.66897, 28.213778999999988, 28.565343000000013, 30.05949000000001, 54.756861000000015, 28.125888000000003, 28.74112500000001, 15.55747500000001, 92.725773, 69.08309400000002, 29.35636199999999]","[-2.0, 4.0, 1.0, 1.0, 0.0, 7.0, 2.0, 2.0, 1.0, 10.0, 3.0, 3.0, 1.0, -5.0, 1.0, 1.0]","[-8.0, 29.0, 17.0, 16.0, -12.0, 33.0, 14.0, 12.0, 0.0, 30.0, 13.0, 12.0, 27.0, -17.0, 12.0, 15.0]"
3,1791639535.571467,"[-30.936863999999986, 57.393591000000015, 29.268471000000005, 29.707926000000015, 0.0007679999999936626, 56.86624499999999, 29.444253000000003, 29.795817, 31.114182, 56.338899, 29.180579999999992, 29.795817, 15.645365999999996, 90.00115199999999, 70.313568, 29.35636199999999]","[0.0, 6.0, 1.0, 1.0, 0.0, 4.0, 4.0, 3.0, 1.0, 1.0, 4.0, 1.0, 1.0, -3.0, 4.0, 1.0]","[0.0, 28.0, 17.0, 15.0, -11.0, 32.0, 13.0, 11.0, -14.0, 38.0, 12.0, 12.0, 27.0, -20.0, 11.0, 14.0]"
3,1791639535.7938628,"[-31.90366499999999, 59.327192999999994, 30.498944999999992, 30.9384, 0.08865900000000693, 59.06352000000001, 30.586836000000005, 30.762618000000003, 32.080983, 56.338899, 29.883708000000013, 30.850508999999988, 15.645365999999996, 86.74918500000001, 71.456151, 29.35636199999999]","[-1.0, 1.0, 1.0, 2.0, 1.0, 3.0, 3.0, 1.0, 1.0, 1.0, 1.0, 3.0, 1.0, -5.0, 3.0, 1.0]","[-8.0, 30.0, 17.0, 16.0, -12.0, 29.0, 13.0, 12.0, -1.0, 58.0, 13.0, 12.0, 24.0, -17.0, 11.0, 14.0]"
3,1791639536.0167332,"[-32.95835700000001, 61.612359, 31.465745999999996, 31.905201000000005, 0.08865900000000693, 61.52446800000001, 31.641527999999994, 31.905201000000005, 33.04778400000001, 61.348686000000015, 31.114182, 31.817309999999992, 16.436385, 83.58510899999999, 72.510843, 29.35636199999999]","[-1.0, 8.0, 2.0, 2.0, 0.0, 5.0, 1.0, 1.0, 1.0, 13.0, 3.0, 4.0, 1.0, -4.0, 3.0, 1.0]","[0.0, 26.0, 16.0, 14.0, -12.0, 28.0, 12.0, 11.0, -1.0, 27.0, 13.0, 11.0, 21.0, -16.0, 10.0, 14.0]"
3,1791639536.2435043,"[-34.013048999999995, 64.073307, 32.608329, 32.959892999999994, 0.0007679999999936626, 63.897525, 32.784110999999996, 32.784110999999996, 34.01458500000001, 63.63385199999999, 32.432547, 32.608329, 16.436385, 82.530417, 73.56553500000001, 29.35636199999999]","[-1.0, 5.0, 3.0, 4.0, 0.0, 6.0, 4.0, 2.0, 0.0, 3.0, 4.0, 2.0, 0.0, -1.0, 4.0, 1.0]","[0.0, 24.0, 16.0, 15.0, -12.0, 24.0, 12.0, 12.0, -9.0, 28.0, 12.0, 12.0, 20.0, -17.0, 11.0, 15.0]"
3,1791639536.4637752,"[-35.06774100000001, 66.182691, 33.750912, 34.01458500000001, 0.0007679999999936626, 66.182691, 34.01458500000001, 34.01458500000001, 35.069277, 65.919018, 33.48723899999999, 33.663021000000015, 16.524276000000015, 82.530417, 74.53233600000002, 29.444253000000003]","[0.0, 6.0, 3.0, 4.0, 0.0, 5.0, 5.0, 5.0, 1.0, 3.0, 4.0, 3.0, 0.0, 0.0, 1.0, 1.0]","[0.0, 21.0, 16.0, 15.0, -12.0, 21.0, 11.0, 12.0, 0.0, 26.0, 11.0, 12.0, 20.0, -17.0, 11.0, 14.0]"
3,1791639536.691446,"[-35.946651, 66.534255, 34.717713, 35.069277, 0.08865900000000693, 68.204184, 34.102475999999996, 34.80560399999999, 36.12396899999999, 65.919018, 34.45403999999999, 34.717713, 16.436385, 82.530417, 75.67491900000002, 29.707926000000015]","[-2.0, 1.0, 1.0, 3.0, 2.0, 3.0, 1.0, 1.0, 0.0, 1.0, 1.0, 3.0, 0.0, 0.0, 4.0, 1.0]","[-9.0, 20.0, 16.0, 14.0, -12.0, 20.0, 12.0, 13.0, -9.0, 27.0, 13.0, 12.0, 21.0, -17.0, 10.0, 14.0]"
3,1791639536.9153414,"[-37.00134299999999, 66.534255, 35.77240499999999, 35.94818699999999, 0.0007679999999936626, 70.48935, 34.102475999999996, 35.94818699999999, 37.00287900000001, 65.919018, 35.33295000000001, 35.245059, 16.524276000000015, 82.530417, 76.55382900000001, 29.707926000000015]","[-2.0, 1.0, 2.0, 3.0, -1.0, 2.0, 1.0, 1.0, 1.0, 1.0, 1.0, 3.0, 1.0, 0.0, 1.0, 1.0]","[0.0, 21.0, 17.0, 16.0, -13.0, 21.0, 12.0, 11.0, 0.0, 26.0, 12.0, 12.0, 21.0, -17.0, 11.0, 14.0]"
3,1791639537.1368403,"[-37.88025300000001, 66.534255, 36.914987999999994, 36.82709700000001, 0.08865900000000693, 71.54404199999999, 34.102475999999996, 37.00287900000001, 38.057570999999996, 65.919018, 36.47553300000001, 36.563424, 16.524276000000015, 82.530417, 76.81750199999999, 29.707926000000015]","[0.0, 0.0, 1.0, 1.0, 0.0, 1.0, 1.0, 2.0, 1.0, 1.0, 3.0, 2.0, 1.0, 0.0, 1.0, 1.0]","[-8.0, 21.0, 16.0, 15.0, -12.0, 19.0, 11.0, 12.0, 0.0, 27.0, 12.0, 12.0, 23.0, -17.0, 12.0, 14.0]"
3,1791639537.3633418,"[-38.847053999999986, 66.534255, 37.881789, 37.881789, 0.08865900000000693, 71.631933, 34.102475999999996, 37.96968000000001, 39.024372, 65.919018, 37.44233399999999, 37.44233399999999, 16.436385, 82.530417, 76.99328400000002, 29.707926000000015]","[-1.0, 0.0, 2.0, 4.0, 1.0, 1.0, 1.0, 3.0, 1.0, 1.0, 1.0, 1.0, 0.0, 0.0, 1.0, 1.0]","[-9.0, 22.0, 15.0, 16.0, -12.0, 20.0, 11.0, 12.0, 0.0, 26.0, 13.0, 13.0, 22.0, -17.0, 15.0, 14.0]"
3,1791639537.5873573,"[-39.98963699999999, 66.534255, 38.936481000000015, 38.672808, 0.08865900000000693, 71.631933, 34.102475999999996, 38.84859, 39.991173, 65.919018, 38.672808, 38.58491699999999, 16.436385, 82.530417, 77.08117500000003, 29.707926000000015]","[0.0, 0.0, 1.0, 2.0, 1.0, 1.0, 1.0, 1.0, 1.0, 1.0, 3.0, 2.0, 0.0, 1.0, 1.0, 1.0]","[-9.0, 22.0, 16.0, 16.0, -12.0, 20.0, 12.0, 12.0, 13.0, 26.0, 12.0, 11.0, 22.0, -17.0, 19.0, 13.0]"
3,1791639537.8085327,"[-40.604873999999995, 66.534255, 40.07906399999999, 39.63960900000001, 0.0007679999999936626, 71.631933, 34.102475999999996, 39.551717999999994, 41.04586499999999, 65.919018, 39.46382700000001, 39.63960900000001, 16.436385, 82.44252599999999, 77.43273900000003, 29.620035]","[0.0, 1.0, 3.0, 4.0, 0.0, 1.0, 1.0, 1.0, 2.0, 1.0, 3.0, 3.0, 0.0, 0.0, 0.0, 0.0]","[-9.0, 21.0, 16.0, 16.0, -12.0, 20.0, 11.0, 12.0, 5.0, 27.0, 12.0, 12.0, 23.0, -17.0, 24.0, 13.0]"
3,1791639538.0329034,"[-42.01113000000001, 66.534255, 41.04586499999999, 40.694300999999996, 0.08865900000000693, 71.631933, 34.102475999999996, 40.43062800000001, 41.661102, 65.919018, 40.43062800000001, 40.78219200000001, 16.436385, 82.44252599999999, 77.52062999999998, 29.620035]","[0.0, 1.0, 1.0, 1.0, 1.0, 1.0, 1.0, 1.0, 1.0, 1.0, 3.0, 5.0, 0.0, 0.0, 1.0, 0.0]","[0.0, 21.0, 16.0, 16.0, -12.0, 20.0, 11.0, 12.0, 14.0, 27.0, 11.0, 11.0, 23.0, -17.0, 25.0, 14.0]"
3,1791639538.2593384,"[-43.065822, 66.534255, 42.188447999999994, 41.661102, 0.0007679999999936626, 71.631933, 34.102475999999996, 41.573211000000015, 43.06735800000001, 65.919018, 41.661102, 41.661102, 16.348493999999988, 82.44252599999999, 77.87219399999998, 29.620035]","[0.0, 1.0, 3.0, 3.0, 0.0, 1.0, 1.0, 1.0, 1.0, 1.0, 1.0, 2.0, 0.0, 0.0, 1.0, 0.0]","[0.0, 21.0, 15.0, 16.0, -12.0, 20.0, 11.0, 13.0, 0.0, 26.0, 10.0, 11.0, 24.0, -17.0, 31.0, 13.0]"
3,1791639538.4799051,"[-44.032623, 66.534255, 43.155249, 42.803685, 0.0007679999999936626, 71.631933, 34.102475999999996, 42.36422999999999, 44.03415899999999, 65.919018, 42.627903, 42.803685, 16.348493999999988, 82.35463500000003, 77.96008499999999, 29.620035]","[0.0, 1.0, 1.0, 5.0, 1.0, 1.0, 1.0, 4.0, 2.0, 1.0, 3.0, 3.0, 0.0, 1.0, 1.0, 0.0]","[0.0, 21.0, 15.0, 16.0, -12.0, 20.0, 11.0, 13.0, 0.0, 26.0, 11.0, 11.0, 24.0, -17.0, 42.0, 14.0]"
3,1791639538.7041028,"[-45.08731499999999, 66.62214600000001, 44.297832, 43.506812999999994, 0.0007679999999936626, 71.54404199999999, 34.102475999999996, 43.24314000000001, 45.00095999999999, 65.919018, 43.68259499999999, 43.770486000000005, 15.996929999999992, 82.44252599999999, 77.96008499999999, 29.620035]","[0.0, 1.0, 4.0, 1.0, 0.0, 1.0, 1.0, 1.0, 1.0, 1.0, 2.0, 1.0, 0.0, 1.0, 0.0, 1.0]","[0.0, 20.0, 15.0, 16.0, -11.0, 20.0, 12.0, 14.0, -14.0, 26.0, 11.0, 11.0, 11.0, 0.0, 10.0, 12.0]"
3,1791639538.9290485,"[-46.05411599999999, 66.62214600000001, 45.088851000000005, 45.00095999999999, 0.0007679999999936626, 71.54404199999999, 34.01458500000001, 44.12205, 45.967760999999996, 65.919018, 44.73728700000001, 44.91306900000001, 15.996929999999992, 82.44252599999999, 77.96008499999999, 29.620035]","[0.0, 1.0, 1.0, 3.0, 0.0, 0.0, 0.0, 1.0, 1.0, 0.0, 4.0, 1.0, 0.0, 1.0, 0.0, 1.0]","[0.0, 21.0, 15.0, 15.0, -12.0, 21.0, 12.0, 13.0, 0.0, 27.0, 11.0, 11.0, 10.0, 0.0, 10.0, 12.0]"
3,1791639539.1525497,"[-47.020917, 66.62214600000001, 46.05565200000001, 45.791979, 0.0007679999999936626, 71.54404199999999, 34.01458500000001, 45.00095999999999, 46.934562, 65.919018, 45.616197, 45.87987000000001, 15.996929999999992, 82.44252599999999, 77.96008499999999, 29.620035]","[0.0, 0.0, 3.0, 1.0, 0.0, 0.0, 0.0, 1.0, 1.0, 1.0, 2.0, 1.0, 0.0, 1.0, 0.0, 1.0]","[0.0, 20.0, 15.0, 15.0, -12.0, 21.0, 12.0, 15.0, 0.0, 26.0, 12.0, 11.0, 11.0, 0.0, 9.0, 12.0]"
3,1791639539.3753276,"[-47.72404499999999, 66.62214600000001, 47.110344, 47.19823500000001, 0.0007679999999936626, 71.54404199999999, 34.01458500000001, 45.70408800000001, 48.077145, 65.919018, 46.75878, 47.110344, 15.996929999999992, 82.44252599999999, 77.96008499999999, 29.620035]","[-2.0, 1.0, 1.0, 3.0, 0.0, 0.0, 0.0, 3.0, 1.0, 0.0, 3.0, 3.0, 0.0, 1.0, 0.0, 1.0]","[-9.0, 21.0, 15.0, 15.0, -12.0, 22.0, 12.0, 16.0, -14.0, 26.0, 10.0, 10.0, 10.0, 0.0, 10.0, 12.0]"
3,1791639539.6031053,"[-49.04240999999999, 66.62214600000001, 47.98925399999999, 48.165036000000015, 0.0007679999999936626, 71.54404199999999, 34.01458500000001, 46.67088899999999, 49.043946000000005, 66.00690900000001, 47.725581000000005, 47.98925399999999, 15.996929999999992, 82.44252599999999, 77.96008499999999, 29.620035]","[-2.0, 1.0, 1.0, 2.0, 0.0, 0.0, 0.0, 1.0, 1.0, 2.0, 2.0, 2.0, 0.0, 1.0, 0.0, 1.0]","[0.0, 21.0, 16.0, 13.0, -12.0, 22.0, 12.0, 16.0, -14.0, 26.0, 11.0, 10.0, 11.0, 0.0, 9.0, 13.0]"
3,1791639539.827187,"[-49.833428999999995, 66.62214600000001, 49.043946000000005, 49.219728, 0.0007679999999936626, 71.456151, 34.01458500000001, 47.461907999999994, 49.922855999999996, 65.919018, 48.51660000000001, 48.95605499999999, 15.996929999999992, 82.44252599999999, 77.96008499999999, 29.620035]","[0.0, 1.0, 3.0, 3.0, 0.0, 1.0, 0.0, 1.0, 1.0, 1.0, 1.0, 1.0, 0.0, 1.0, 0.0, 1.0]","[-9.0, 20.0, 15.0, 14.0, -11.0, 22.0, 11.0, 16.0, 0.0, 26.0, 11.0, 10.0, 10.0, 0.0, 10.0, 13.0]"
3,1791639540.0505943,"[-50.80023, 66.62214600000001, 49.922855999999996, 50.45020199999999, 0.0007679999999936626, 71.456151, 34.01458500000001, 48.69238200000001, 51.15333000000001, 66.00690900000001, 49.65918300000001, 50.01074700000001, 15.996929999999992, 82.44252599999999, 77.96008499999999, 29.620035]","[0.0, 1.0, 1.0, 3.0, 0.0, 0.0, 0.0, 5.0, 1.0, 0.0, 3.0, 2.0, 0.0, 1.0, 0.0, 1.0]","[-9.0, 20.0, 16.0, 14.0, -13.0, 24.0, 12.0, 15.0, -14.0, 25.0, 12.0, 10.0, 10.0, 0.0, 10.0, 13.0]"
3,1791639540.2722394,"[-51.767031, 66.62214600000001, 50.97754800000001, 51.32911200000001, 0.0007679999999936626, 71.456151, 34.01458500000001, 49.65918300000001, 52.03224, 66.00690900000001, 50.62598400000002, 50.889657, 15.996929999999992, 82.44252599999999, 77.96008499999999, 29.620035]","[0.0, 1.0, 2.0, 3.0, 0.0, 0.0, 0.0, 2.0, 1.0, 1.0, 1.0, 3.0, 0.0, 1.0, 0.0, 1.0]","[-10.0, 21.0, 16.0, 13.0, -12.0, 24.0, 12.0, 14.0, 0.0, 27.0, 11.0, 11.0, 11.0, 0.0, 10.0, 12.0]"
3,1791639540.4967527,"[-52.73383199999999, 66.62214600000001, 51.94434900000002, 52.29591300000001, 0.0007679999999936626, 71.456151, 34.01458500000001, 50.62598400000002, 53.08693199999999, 66.00690900000001, 51.76856699999999, 51.94434900000002, 15.996929999999992, 82.44252599999999, 77.96008499999999, 29.620035]","[-2.0, 1.0, 2.0, 1.0, 0.0, 0.0, 0.0, 1.0, 1.0, 1.0, 1.0, 3.0, 0.0, 1.0, 0.0, 1.0]","[-9.0, 21.0, 16.0, 14.0, -12.0, 25.0, 11.0, 16.0, 0.0, 25.0, 11.0, 11.0, 11.0, 0.0, 10.0, 13.0]"
3,1791639540.7211566,"[-53.788523999999995, 66.62214600000001, 52.999041000000005, 53.350605, 0.0007679999999936626, 71.36825999999999, 33.926694, 51.59278499999999, 54.053732999999994, 66.00690900000001, 52.735367999999994, 52.999041000000005, 15.996929999999992, 82.44252599999999, 77.96008499999999, 29.620035]","[-2.0, 1.0, 3.0, 3.0, 0.0, 0.0, 0.0, 2.0, 1.0, 1.0, 2.0, 3.0, 0.0, 1.0, 0.0, 1.0]","[-9.0, 22.0, 16.0, 14.0, -12.0, 23.0, 13.0, 15.0, 0.0, 25.0, 12.0, 11.0, 10.0, 0.0, 10.0, 13.0]"
3,1791639540.9470391,"[-54.491652, 66.62214600000001, 53.96584200000001, 54.317406000000005, 0.0007679999999936626, 71.36825999999999, 33.926694, 52.64747700000001, 55.10842500000001, 66.00690900000001, 53.61427800000001, 53.79006000000001, 15.996929999999992, 82.44252599999999, 77.96008499999999, 29.620035]","[0.0, 1.0, 4.0, 3.0, 0.0, 0.0, 0.0, 3.0, 1.0, 1.0, 2.0, 1.0, 0.0, 1.0, 0.0, 1.0]","[-9.0, 21.0, 16.0, 14.0, -12.0, 25.0, 14.0, 16.0, -14.0, 25.0, 11.0, 11.0, 11.0, 0.0, 10.0, 13.0]"
3,1791639541.1711018,"[-55.45845299999999, 66.62214600000001, 55.10842500000001, 55.372097999999994, 0.0007679999999936626, 71.36825999999999, 33.926694, 53.61427800000001, 56.075226000000015, 66.00690900000001, 54.756861000000015, 54.93264300000001, 15.996929999999992, 82.44252599999999, 77.96008499999999, 29.620035]","[0.0, 1.0, 2.0, 3.0, 0.0, 0.0, 0.0, 1.0, 0.0, 1.0, 3.0, 2.0, 0.0, 1.0, 0.0, 1.0]","[-9.0, 20.0, 16.0, 14.0, -12.0, 25.0, 13.0, 16.0, -9.0, 26.0, 12.0, 12.0, 11.0, 0.0, 10.0, 13.0]"
3,1791639541.3950565,"[-56.425253999999995, 66.62214600000001, 55.987335, 56.338899, 0.0007679999999936626, 71.36825999999999, 33.926694, 54.22951499999999, 56.954136000000005, 66.00690900000001, 55.54787999999999, 55.89944400000002, 15.996929999999992, 82.44252599999999, 77.96008499999999, 29.620035]","[0.0, 0.0, 1.0, 3.0, 0.0, 0.0, 0.0, 3.0, 1.0, 1.0, 2.0, 3.0, 0.0, 1.0, 0.0, 1.0]","[-10.0, 19.0, 15.0, 15.0, -12.0, 24.0, 13.0, 17.0, 0.0, 26.0, 12.0, 11.0, 10.0, 0.0, 10.0, 13.0]"
3,1791639541.6177125,"[-57.128382, 66.710037, 56.954136000000005, 57.129918, 0.0007679999999936626, 71.36825999999999, 33.926694, 55.196315999999996, 57.92093700000001, 66.00690900000001, 56.514680999999996, 56.86624499999999, 15.996929999999992, 82.44252599999999, 77.96008499999999, 29.620035]","[-1.0, 0.0, 1.0, 2.0, 0.0, 0.0, 0.0, 1.0, 1.0, 1.0, 2.0, 2.0, 0.0, 1.0, 0.0, 1.0]","[-10.0, 20.0, 16.0, 14.0, -12.0, 24.0, 13.0, 16.0, 0.0, 26.0, 10.0, 11.0, 10.0, 0.0, 10.0, 14.0]"
3,1791639541.8423176,"[-58.71042, 66.710037, 58.09671900000001, 58.008827999999994, 0.0007679999999936626, 71.36825999999999, 33.926694, 56.86624499999999, 58.975629, 66.00690900000001, 57.657264, 57.92093700000001, 15.996929999999992, 82.44252599999999, 77.96008499999999, 29.620035]","[-2.0, 1.0, 2.0, 1.0, 0.0, 1.0, 0.0, 1.0, 1.0, 1.0, 2.0, 4.0, 0.0, 1.0, 0.0, 1.0]","[-9.0, 20.0, 16.0, 15.0, -12.0, 24.0, 13.0, 15.0, 0.0, 25.0, 11.0, 11.0, 10.0, 0.0, 10.0, 13.0]"
3,1791639542.0636914,"[-59.149874999999994, 66.710037, 59.327192999999994, 59.151410999999996, 0.0007679999999936626, 71.28036900000001, 33.926694, 57.833045999999996, 59.94243, 66.00690900000001, 58.53617400000002, 58.799847, 15.996929999999992, 82.44252599999999, 77.96008499999999, 29.620035]","[0.0, 1.0, 4.0, 2.0, 0.0, 1.0, 0.0, 1.0, 1.0, 1.0, 3.0, 2.0, 0.0, 1.0, 0.0, 1.0]","[-11.0, 19.0, 15.0, 14.0, -10.0, 25.0, 13.0, 15.0, 0.0, 26.0, 12.0, 10.0, 11.0, 0.0, 10.0, 13.0]"
3,1791639542.2870672,"[-60.468239999999994, 66.885819, 60.38188500000001, 59.23930200000001, 0.0007679999999936626, 71.28036900000001, 33.926694, 58.799847, 60.99712199999999, 66.00690900000001, 59.766648, 58.88773800000001, 15.996929999999992, 82.44252599999999, 77.96008499999999, 29.620035]","[-2.0, 1.0, 4.0, 1.0, 1.0, 1.0, 0.0, 1.0, 1.0, 1.0, 4.0, 0.0, 0.0, 1.0, 0.0, 1.0]","[-10.0, 19.0, 15.0, 14.0, -12.0, 25.0, 13.0, 15.0, 0.0, 26.0, 11.0, 11.0, 11.0, 0.0, 10.0, 12.0]"
3,1791639542.5148675,"[-61.610822999999996, 66.885819, 61.348686000000015, 59.23930200000001, 0.0007679999999936626, 71.28036900000001, 33.926694, 59.327192999999994, 61.963922999999994, 66.00690900000001, 60.909231000000005, 58.88773800000001, 15.996929999999992, 82.44252599999999, 77.96008499999999, 29.620035]","[1.0, 1.0, 3.0, 1.0, 1.0, 0.0, 0.0, 0.0, 2.0, 1.0, 4.0, 1.0, 0.0, 1.0, 0.0, 1.0]","[-9.0, 19.0, 14.0, 15.0, -12.0, 25.0, 13.0, 16.0, 0.0, 25.0, 10.0, 11.0, 11.0, 0.0, 11.0, 13.0]"
3,1791639542.7389724,"[-62.489733, 66.885819, 62.31548699999999, 59.23930200000001, 0.0007679999999936626, 71.28036900000001, 33.926694, 60.293994, 62.930724, 66.00690900000001, 61.87603200000001, 58.88773800000001, 15.996929999999992, 82.44252599999999, 77.96008499999999, 29.620035]","[0.0, 1.0, 2.0, 1.0, 0.0, 0.0, 0.0, 1.0, 2.0, 1.0, 1.0, 0.0, 0.0, 1.0, 0.0, 1.0]","[-9.0, 19.0, 14.0, 14.0, -5.0, 25.0, 13.0, 16.0, 0.0, 26.0, 11.0, 11.0, 11.0, 0.0, 10.0, 13.0]"
3,1791639542.9606717,"[-63.720207, 67.237383, 63.37017900000001, 59.23930200000001, 0.0007679999999936626, 71.28036900000001, 33.83880300000001, 61.260795, 63.985416000000015, 66.00690900000001, 62.667051000000015, 58.88773800000001, 15.996929999999992, 82.44252599999999, 77.96008499999999, 29.620035]","[0.0, 4.0, 1.0, 1.0, 0.0, 0.0, 0.0, 2.0, 1.0, 1.0, 0.0, 1.0, 0.0, 1.0, 0.0, 1.0]","[-9.0, 17.0, 15.0, 13.0, -12.0, 24.0, 13.0, 16.0, 0.0, 26.0, 11.0, 11.0, 11.0, 0.0, 10.0, 13.0]"
3,1791639543.1868956,"[-64.774899, 67.501056, 64.33698000000001, 59.23930200000001, 0.0007679999999936626, 71.28036900000001, 33.83880300000001, 61.963922999999994, 64.95221699999999, 66.00690900000001, 63.01861500000001, 58.88773800000001, 15.996929999999992, 82.44252599999999, 77.96008499999999, 29.620035]","[-2.0, 1.0, 2.0, 1.0, 0.0, 0.0, 0.0, 4.0, 1.0, 1.0, 1.0, 1.0, 0.0, 1.0, 0.0, 1.0]","[-9.0, 16.0, 15.0, 14.0, -7.0, 25.0, 13.0, 19.0, 0.0, 26.0, 14.0, 11.0, 12.0, 0.0, 9.0, 13.0]"
3,1791639543.4078116,"[-65.390136, 67.501056, 65.391672, 59.23930200000001, 0.0007679999999936626, 71.28036900000001, 33.83880300000001, 62.930724, 65.919018, 66.00690900000001, 63.37017900000001, 58.799847, 15.996929999999992, 82.44252599999999, 77.96008499999999, 29.620035]","[0.0, 1.0, 2.0, 1.0, 1.0, 0.0, 0.0, 1.0, 1.0, 1.0, 0.0, 1.0, 0.0, 1.0, 0.0, 1.0]","[-9.0, 17.0, 15.0, 15.0, -12.0, 25.0, 14.0, 17.0, 0.0, 26.0, 16.0, 11.0, 11.0, 0.0, 10.0, 14.0]"
3,1791639543.632234,"[-66.532719, 67.501056, 66.358473, 59.23930200000001, 0.0007679999999936626, 71.28036900000001, 33.83880300000001, 64.51276200000001, 66.97371000000001, 66.00690900000001, 63.80963400000002, 58.88773800000001, 15.996929999999992, 82.44252599999999, 77.96008499999999, 29.620035]","[-1.0, 1.0, 2.0, 1.0, 0.0, 1.0, 0.0, 3.0, 1.0, 1.0, 1.0, 1.0, 0.0, 1.0, 0.0, 1.0]","[-9.0, 17.0, 15.0, 14.0, -12.0, 25.0, 13.0, 16.0, 0.0, 26.0, 17.0, 11.0, 10.0, 0.0, 10.0, 14.0]"
3,1791639543.8587759,"[-67.49952, 67.501056, 67.41316499999999, 59.23930200000001, 0.0007679999999936626, 71.28036900000001, 33.83880300000001, 65.567454, 67.94051100000001, 66.00690900000001, 64.16119800000001, 58.799847, 15.996929999999992, 82.44252599999999, 77.96008499999999, 29.620035]","[0.0, 1.0, 1.0, 1.0, 1.0, 0.0, 0.0, 1.0, 1.0, 1.0, 1.0, -1.0, 0.0, 1.0, 0.0, 1.0]","[-9.0, 16.0, 14.0, 14.0, -12.0, 25.0, 14.0, 15.0, 0.0, 26.0, 24.0, 11.0, 10.0, 0.0, 10.0, 13.0]"
3,1791639544.0800495,"[-68.37843, 67.58894699999999, 68.379966, 59.23930200000001, 0.0007679999999936626, 71.28036900000001, 33.83880300000001, 66.358473, 68.90731199999999, 66.00690900000001, 64.51276200000001, 58.799847, 15.996929999999992, 82.44252599999999, 77.96008499999999, 29.620035]","[0.0, 1.0, 2.0, 1.0, 1.0, 0.0, 0.0, 1.0, 1.0, 1.0, 0.0, 1.0, 0.0, 1.0, 0.0, 1.0]","[-9.0, 16.0, 14.0, 15.0, -12.0, 25.0, 14.0, 16.0, 13.0, 26.0, 27.0, 12.0, 11.0, 0.0, 10.0, 13.0]"
3,1791639544.3031452,"[-69.433122, 67.676838, 69.346767, 59.23930200000001, 0.0007679999999936626, 71.28036900000001, 33.83880300000001, 67.676838, 69.96200400000001, 66.00690900000001, 65.040108, 58.799847, 15.996929999999992, 82.44252599999999, 77.96008499999999, 29.620035]","[-2.0, 1.0, 1.0, 1.0, 0.0, 0.0, 0.0, 3.0, 3.0, 1.0, 3.0, 0.0, 0.0, 1.0, 0.0, 0.0]","[-10.0, 16.0, 15.0, 14.0, -10.0, 25.0, 14.0, 16.0, 0.0, 26.0, 32.0, 10.0, 10.0, 0.0, 10.0, 14.0]"
3,1791639544.527863,"[-69.433122, 67.676838, 70.313568, 59.23930200000001, 0.0007679999999936626, 71.28036900000001, 33.83880300000001, 69.346767, 69.96200400000001, 66.00690900000001, 65.040108, 58.711956000000015, 15.996929999999992, 82.44252599999999, 77.96008499999999, 29.620035]","[0.0, 1.0, 1.0, 1.0, 1.0, 0.0, 0.0, 5.0, 1.0, 1.0, 1.0, 0.0, 0.0, 1.0, 0.0, 1.0]","[-9.0, 17.0, 14.0, 16.0, -12.0, 25.0, 14.0, 13.0, 0.0, 26.0, 37.0, 12.0, 11.0, 0.0, 9.0, 12.0]"
3,1791639544.7547019,"[-69.433122, 67.676838, 71.192478, 59.23930200000001, -0.08712299999999118, 71.28036900000001, 33.83880300000001, 70.40145900000002, 69.96200400000001, 65.83112700000001, 65.040108, 58.711956000000015, 15.996929999999992, 82.44252599999999, 77.96008499999999, 29.620035]","[0.0, 1.0, 1.0, 1.0, 1.0, 1.0, 0.0, 2.0, 1.0, 0.0, 1.0, 0.0, 0.0, 1.0, 0.0, 1.0]","[-9.0, 16.0, 15.0, 14.0, -6.0, 25.0, 14.0, 12.0, 0.0, 10.0, 9.0, 0.0, 11.0, 0.0, 10.0, 13.0]"
3,1791639544.975773,"[-69.433122, 67.676838, 71.983497, 59.23930200000001, 0.0007679999999936626, 71.28036900000001, 33.83880300000001, 71.28036900000001, 69.96200400000001, 65.83112700000001, 65.040108, 58.711956000000015, 15.996929999999992, 82.44252599999999, 77.96008499999999, 29.620035]","[0.0, 0.0, 0.0, 1.0, 1.0, 1.0, 0.0, 1.0, 1.0, 0.0, 1.0, 0.0, 0.0, 1.0, 0.0, 1.0]","[-9.0, 16.0, 15.0, 14.0, -11.0, 24.0, 14.0, 14.0, 0.0, 10.0, 9.0, 0.0, 11.0, 0.0, 10.0, 13.0]"
3,1791639545.2026594,"[-69.433122, 67.676838, 72.950298, 59.23930200000001, 0.0007679999999936626, 71.28036900000001, 33.83880300000001, 71.631933, 69.96200400000001, 65.83112700000001, 65.040108, 58.711956000000015, 15.996929999999992, 82.44252599999999, 77.96008499999999, 29.620035]","[0.0, 0.0, 2.0, 1.0, 1.0, 1.0, 0.0, 1.0, 1.0, 1.0, 1.0, 0.0, 0.0, 1.0, 0.0, 1.0]","[-11.0, 17.0, 15.0, 15.0, -12.0, 25.0, 14.0, 15.0, 0.0, 10.0, 9.0, 0.0, 11.0, 0.0, 10.0, 13.0]"
3,1791639545.423602,"[-69.433122, 67.676838, 74.00498999999999, 59.23930200000001, 0.0007679999999936626, 71.28036900000001, 33.83880300000001, 72.774516, 69.96200400000001, 65.83112700000001, 65.040108, 58.711956000000015, 15.996929999999992, 82.44252599999999, 77.96008499999999, 29.620035]","[0.0, 0.0, 1.0, 1.0, 0.0, 1.0, 0.0, 1.0, 1.0, 1.0, 1.0, 0.0, 0.0, 1.0, 0.0, 1.0]","[-10.0, 16.0, 16.0, 14.0, -12.0, 26.0, 13.0, 15.0, 0.0, 10.0, 9.0, 0.0, 11.0, 0.0, 10.0, 13.0]"
3,1791639545.646864,"[-69.433122, 67.676838, 74.88390000000001, 59.23930200000001, 0.0007679999999936626, 71.28036900000001, 33.83880300000001, 72.774516, 69.96200400000001, 65.83112700000001, 65.040108, 58.711956000000015, 15.996929999999992, 82.44252599999999, 77.96008499999999, 29.620035]","[0.0, 0.0, 2.0, 1.0, 0.0, 1.0, 0.0, 1.0, 1.0, 1.0, 1.0, 0.0, 0.0, 1.0, 0.0, 1.0]","[-10.0, 17.0, 16.0, 14.0, -10.0, 25.0, 14.0, 15.0, 0.0, 10.0, 9.0, 0.0, 11.0, 0.0, 10.0, 12.0]"
3,1791639545.87469,"[-69.433122, 67.676838, 75.76281, 59.23930200000001, 0.0007679999999936626, 71.28036900000001, 33.83880300000001, 72.774516, 69.96200400000001, 65.83112700000001, 65.040108, 58.711956000000015, 15.996929999999992, 82.44252599999999, 77.96008499999999, 29.620035]","[0.0, 0.0, 1.0, 1.0, 1.0, 1.0, 0.0, 0.0, 1.0, 1.0, 1.0, 0.0, 0.0, 1.0, 0.0, 1.0]","[-10.0, 16.0, 17.0, 14.0, -13.0, 24.0, 14.0, 14.0, 0.0, 9.0, 9.0, 0.0, 11.0, 0.0, 9.0, 13.0]"
3,1791639546.0985694,"[-69.433122, 67.676838, 76.72961099999998, 59.23930200000001, 0.0007679999999936626, 71.28036900000001, 33.83880300000001, 72.774516, 69.96200400000001, 65.83112700000001, 65.040108, 58.711956000000015, 15.996929999999992, 82.44252599999999, 77.96008499999999, 29.620035]","[0.0, 0.0, 1.0, 1.0, 1.0, 1.0, 0.0, 0.0, 1.0, 1.0, 1.0, 0.0, 0.0, 1.0, 0.0, 1.0]","[-9.0, 17.0, 16.0, 14.0, -10.0, 25.0, 14.0, 14.0, 0.0, 9.0, 8.0, 0.0, 11.0, 0.0, 10.0, 12.0]"
3,1791639546.3225708,"[-69.433122, 67.676838, 77.78430300000002, 59.23930200000001, 0.0007679999999936626, 71.28036900000001, 33.83880300000001, 72.86240699999999, 69.96200400000001, 65.83112700000001, 65.040108, 58.711956000000015, 15.996929999999992, 82.44252599999999, 77.96008499999999, 29.620035]","[0.0, 0.0, 2.0, 1.0, 1.0, 1.0, 0.0, 1.0, 1.0, 1.0, 1.0, 0.0, 0.0, 1.0, 0.0, 0.0]","[-10.0, 16.0, 16.0, 14.0, -12.0, 25.0, 14.0, 16.0, 0.0, 10.0, 8.0, 0.0, 11.0, 0.0, 9.0, 12.0]"
3,1791639546.5465167,"[-69.433122, 67.676838, 78.57532200000003, 59.23930200000001, 0.0007679999999936626, 71.28036900000001, 33.83880300000001, 72.86240699999999, 69.96200400000001, 65.83112700000001, 65.040108, 58.711956000000015, 15.996929999999992, 82.44252599999999, 77.96008499999999, 29.620035]","[0.0, 0.0, 1.0, 1.0, 1.0, 1.0, 0.0, 1.0, 1.0, 0.0, 1.0, 0.0, 0.0, 1.0, 0.0, 1.0]","[-9.0, 17.0, 17.0, 15.0, -12.0, 25.0, 13.0, 16.0, 0.0, 9.0, 9.0, 0.0, 13.0, 0.0, 9.0, 13.0]"
3,1791639546.7671769,"[-69.433122, 67.676838, 79.45423199999999, 59.23930200000001, 0.0007679999999936626, 71.28036900000001, 33.83880300000001, 72.86240699999999, 69.96200400000001, 65.83112700000001, 65.040108, 58.711956000000015, 15.996929999999992, 82.44252599999999, 77.96008499999999, 29.620035]","[0.0, 0.0, 1.0, 1.0, 1.0, 1.0, 0.0, 1.0, 1.0, 1.0, 1.0, 0.0, 0.0, 1.0, 0.0, 0.0]","[-9.0, 16.0, 17.0, 14.0, -12.0, 25.0, 13.0, 16.0, 0.0, 9.0, 8.0, 0.0, 11.0, 0.0, 10.0, 13.0]"
3,1791639546.991199,"[-69.433122, 67.676838, 80.245251, 59.23930200000001, 0.0007679999999936626, 71.28036900000001, 33.83880300000001, 72.86240699999999, 69.96200400000001, 65.83112700000001, 65.040108, 58.711956000000015, 15.996929999999992, 82.44252599999999, 77.96008499999999, 29.620035]","[0.0, 0.0, 1.0, 1.0, 1.0, 1.0, 0.0, 1.0, 1.0, 1.0, 1.0, 0.0, 0.0, 1.0, 0.0, 1.0]","[-10.0, 16.0, 17.0, 15.0, -10.0, 25.0, 14.0, 16.0, 0.0, 10.0, 9.0, 0.0, 11.0, 0.0, 11.0, 13.0]"
3,1791639547.2150803,"[-69.433122, 67.676838, 81.47572500000001, 59.23930200000001, 0.0007679999999936626, 71.28036900000001, 33.83880300000001, 72.86240699999999, 69.96200400000001, 65.83112700000001, 65.040108, 58.711956000000015, 15.996929999999992, 82.44252599999999, 77.96008499999999, 29.620035]","[0.0, 0.0, 1.0, 1.0, 0.0, 1.0, 0.0, 1.0, 1.0, 1.0, 1.0, 0.0, 0.0, 1.0, 0.0, 1.0]","[-10.0, 16.0, 17.0, 14.0, -7.0, 25.0, 13.0, 16.0, 0.0, 10.0, 8.0, 0.0, 10.0, 0.0, 10.0, 13.0]"
3,1791639547.4425588,"[-69.433122, 67.676838, 82.26674400000002, 59.23930200000001, 0.0007679999999936626, 71.28036900000001, 33.83880300000001, 72.86240699999999, 69.96200400000001, 65.83112700000001, 65.040108, 58.711956000000015, 15.996929999999992, 82.44252599999999, 77.96008499999999, 29.620035]","[0.0, 0.0, 1.0, 1.0, 1.0, 1.0, 0.0, 1.0, 1.0, 1.0, 1.0, 0.0, 0.0, 1.0, 0.0, 1.0]","[-9.0, 16.0, 18.0, 14.0, -12.0, 25.0, 14.0, 15.0, 0.0, 10.0, 8.0, 0.0, 11.0, 0.0, 10.0, 13.0]"
3,1791639547.6630254,"[-69.433122, 67.676838, 83.40932700000002, 59.23930200000001, 0.0007679999999936626, 71.28036900000001, 33.83880300000001, 72.86240699999999, 69.96200400000001, 65.83112700000001, 65.040108, 58.711956000000015, 15.996929999999992, 82.44252599999999, 77.96008499999999, 29.620035]","[0.0, 1.0, 2.0, 1.0, 1.0, 1.0, 0.0, 1.0, 1.0, 1.0, 1.0, 0.0, 0.0, 1.0, 0.0, 1.0]","[-10.0, 16.0, 18.0, 14.0, -12.0, 25.0, 13.0, 16.0, 0.0, 9.0, 9.0, 0.0, 10.0, 0.0, 10.0, 13.0]"
3,1791639547.8871741,"[-69.433122, 67.676838, 84.11245500000001, 59.23930200000001, -0.08712299999999118, 71.28036900000001, 33.83880300000001, 72.86240699999999, 69.96200400000001, 65.83112700000001, 65.040108, 58.711956000000015, 15.996929999999992, 82.44252599999999, 77.96008499999999, 29.620035]","[0.0, 0.0, 1.0, 1.0, 0.0, 1.0, 0.0, 1.0, 1.0, 0.0, 1.0, 0.0, 0.0, 1.0, 0.0, 1.0]","[-9.0, 16.0, 19.0, 14.0, -8.0, 25.0, 13.0, 16.0, 0.0, 10.0, 9.0, 0.0, 10.0, 0.0, 10.0, 13.0]"
3,1791639548.1144507,"[-69.433122, 67.676838, 84.72769199999999, 59.23930200000001, 0.0007679999999936626, 71.28036900000001, 33.83880300000001, 72.86240699999999, 69.96200400000001, 65.83112700000001, 65.040108, 58.711956000000015, 15.996929999999992, 82.44252599999999, 77.96008499999999, 29.620035]","[0.0, 0.0, 1.0, 1.0, 0.0, 1.0, 0.0, 1.0, 1.0, 1.0, 1.0, 0.0, 0.0, 1.0, 0.0, 1.0]","[-9.0, 17.0, 21.0, 15.0, -8.0, 25.0, 13.0, 15.0, 0.0, 10.0, 9.0, 0.0, 11.0, 0.0, 10.0, 13.0]"
3,1791639548.3354225,"[-69.433122, 67.676838, 85.25503800000001, 59.23930200000001, 0.0007679999999936626, 71.28036900000001, 33.83880300000001, 72.86240699999999, 69.96200400000001, 65.83112700000001, 65.040108, 58.711956000000015, 15.996929999999992, 82.44252599999999, 77.96008499999999, 29.620035]","[0.0, 0.0, 1.0, 1.0, 1.0, 1.0, 0.0, 1.0, 1.0, 0.0, 1.0, 0.0, 0.0, 1.0, 0.0, 1.0]","[-10.0, 17.0, 24.0, 15.0, -12.0, 25.0, 13.0, 15.0, 0.0, 10.0, 9.0, 0.0, 11.0, 0.0, 9.0, 13.0]"
3,1791639548.5590546,"[-69.433122, 67.676838, 85.69449300000002, 59.23930200000001, 0.0007679999999936626, 71.28036900000001, 33.83880300000001, 72.86240699999999, 69.96200400000001, 65.83112700000001, 65.040108, 58.711956000000015, 15.996929999999992, 82.44252599999999, 77.96008499999999, 29.620035]","[0.0, 0.0, 1.0, 1.0, 0.0, 1.0, 0.0, 1.0, 1.0, 1.0, 1.0, 0.0, 0.0, 1.0, 0.0, 1.0]","[-9.0, 16.0, 26.0, 14.0, -11.0, 25.0, 13.0, 16.0, 0.0, 10.0, 9.0, 0.0, 11.0, 0.0, 10.0, 13.0]"
3,1791639548.7832081,"[-69.521013, 67.676838, 86.22183899999999, 59.23930200000001, 0.0007679999999936626, 71.28036900000001, 33.83880300000001, 72.86240699999999, 69.96200400000001, 65.83112700000001, 65.040108, 58.711956000000015, 15.996929999999992, 82.44252599999999, 77.96008499999999, 29.620035]","[0.0, 0.0, 1.0, 1.0, 1.0, 1.0, 0.0, 1.0, 1.0, 1.0, 1.0, 0.0, 0.0, 1.0, 0.0, 1.0]","[-9.0, 16.0, 30.0, 14.0, -8.0, 25.0, 14.0, 15.0, 0.0, 10.0, 9.0, 0.0, 10.0, 0.0, 10.0, 13.0]"
