grip,time,positions,velocities,currents
1,1791632440.0702922,"[-0.08712299999999118, -4.92112800000001, -1.1418150000000082, -0.08712299999999118, -0.08712299999999118, -4.657454999999999, 0.26444100000000503, -0.17501400000000444, 0.17654999999999177, -4.745346000000012, -0.8781419999999969, 0.528113999999988, -1.5812699999999893, 178.155825, 40.342737, 25.928613000000013]","[1.0, 1.0, 0.0, 0.0, 0.0, 1.0, 0.0, 0.0, 0.0, 0.0, 1.0, 1.0, 0.0, 1.0, 0.0, 0.0]","[0.0, 32.0, 16.0, 0.0, 0.0, 29.0, -11.0, 11.0, -14.0, 31.0, 12.0, -10.0, 13.0, 16.0, -11.0, -15.0]"
1,1791632440.2926192,"[-0.6144689999999855, -4.92112800000001, -0.790251000000012, 0.17654999999999177, -0.08712299999999118, -4.481673000000001, 0.7038960000000145, -0.08712299999999118, 0.6160050000000012, -4.657454999999999, -0.9660330000000101, 0.528113999999988, -1.5812699999999893, 178.06793399999998, 40.43062800000001, 26.016503999999998]","[0.0, 1.0, 1.0, 1.0, 0.0, 2.0, 1.0, 1.0, 1.0, 1.0, 0.0, 1.0, 0.0, 0.0, 1.0, 1.0]","[-9.0, 51.0, 18.0, 15.0, 0.0, 44.0, 10.0, 12.0, 14.0, 49.0, 13.0, 10.0, 12.0, 0.0, 11.0, 0.0]"
1,1791632440.519048,"[-1.4933790000000045, -3.9543270000000064, -0.08712299999999118, 0.7038960000000145, -0.08712299999999118, -3.514871999999997, 1.2312420000000088, 0.17654999999999177, 1.582806000000005, -3.7785450000000083, -0.6144689999999855, 0.7917869999999994, -1.5812699999999893, 177.71636999999998, 40.518519, 26.368067999999994]","[-1.0, 1.0, 3.0, 1.0, 0.0, 1.0, 0.0, 1.0, 2.0, 1.0, 1.0, 1.0, 0.0, 0.0, 1.0, 1.0]","[-9.0, 60.0, 18.0, 16.0, 0.0, 55.0, 11.0, 14.0, 14.0, 61.0, 16.0, 12.0, 12.0, -15.0, 13.0, 14.0]"
1,1791632440.7430406,"[-2.6359620000000064, -1.5812699999999893, 0.8796780000000126, 1.582806000000005, -0.08712299999999118, -1.6691610000000026, 2.0222610000000145, 1.582806000000005, 2.725389000000007, -2.372288999999995, 0.26444100000000503, 1.0554600000000107, -1.5812699999999893, 177.452697, 41.22164699999999, 27.071196000000015]","[0.0, 8.0, 1.0, 4.0, 0.0, 7.0, 1.0, 3.0, 1.0, 2.0, 1.0, 1.0, 0.0, 0.0, 2.0, 1.0]","[-9.0, 50.0, 19.0, 17.0, 0.0, 56.0, 11.0, 13.0, 14.0, 69.0, 17.0, 15.0, 12.0, -23.0, 13.0, 14.0]"
1,1791632440.9670832,"[-3.514871999999997, 0.17654999999999177, 1.7585880000000031, 2.3738250000000107, -0.08712299999999118, 0.8796780000000126, 2.813279999999992, 2.2859339999999975, 3.6921900000000107, -2.372288999999995, 1.4949149999999918, 1.9343700000000013, -1.5812699999999893, 177.27691500000003, 42.188447999999994, 28.03799699999999]","[-1.0, 0.0, 1.0, 1.0, 0.0, 4.0, 2.0, 1.0, 2.0, 0.0, 2.0, 3.0, 0.0, 0.0, 1.0, 1.0]","[-9.0, 59.0, 20.0, 17.0, 0.0, 54.0, 12.0, 13.0, 14.0, 98.0, 16.0, 14.0, 12.0, -35.0, 14.0, 16.0]"
1,1791632441.191085,"[-4.5695639999999855, 2.1980430000000126, 2.813279999999992, 3.6042989999999975, -0.08712299999999118, 2.4617159999999956, 3.5164080000000126, 3.4285169999999994, 4.571100000000001, 2.1980430000000126, 1.846478999999988, 3.076953000000003, -1.5812699999999893, 175.43120399999998, 43.24314000000001, 29.268471000000005]","[-1.0, 7.0, 2.0, 3.0, 0.0, 1.0, 1.0, 1.0, 2.0, 9.0, 1.0, 4.0, 0.0, -4.0, 4.0, 3.0]","[-9.0, 52.0, 19.0, 16.0, 0.0, 56.0, 13.0, 13.0, 14.0, 59.0, 18.0, 14.0, 12.0, -35.0, 13.0, 15.0]"
1,1791632441.4150167,"[-5.4484740000000045, 3.867972000000009, 3.7800809999999956, 4.483208999999988, -0.08712299999999118, 2.4617159999999956, 4.483208999999988, 4.395318000000003, 5.537901000000005, 4.483208999999988, 3.4285169999999994, 4.131644999999992, -1.5812699999999893, 173.14603799999998, 44.297832, 30.147380999999996]","[0.0, 1.0, 4.0, 1.0, 0.0, 1.0, 1.0, 1.0, 4.0, 5.0, 5.0, 2.0, 0.0, -1.0, 5.0, 1.0]","[-10.0, 61.0, 20.0, 16.0, 0.0, 81.0, 14.0, 14.0, 14.0, 57.0, 16.0, 14.0, 13.0, -35.0, 14.0, 14.0]"
1,1791632441.638952,"[-6.327383999999995, 5.889465000000001, 4.834773000000013, 5.713683000000003, -0.08712299999999118, 6.680484000000007, 5.362119000000007, 5.274227999999994, 6.592592999999994, 5.9773560000000145, 4.30742699999999, 4.9226639999999975, -1.5812699999999893, 170.86087200000003, 45.528306000000015, 31.202073000000013]","[0.0, 5.0, 4.0, 3.0, 0.0, 8.0, 2.0, 1.0, 1.0, 1.0, 1.0, 1.0, 0.0, -7.0, 1.0, 2.0]","[-10.0, 58.0, 20.0, 16.0, 0.0, 52.0, 14.0, 14.0, 14.0, 63.0, 16.0, 16.0, 12.0, -29.0, 14.0, 15.0]"
1,1791632441.8598573,"[-7.469966999999997, 8.614086000000015, 5.889465000000001, 6.592592999999994, -0.08712299999999118, 8.26252199999999, 6.416810999999996, 6.592592999999994, 7.2957210000000146, 8.526195000000001, 5.450009999999992, 6.328920000000011, -1.5812699999999893, 169.27883400000002, 46.67088899999999, 32.16887399999999]","[-2.0, 4.0, 1.0, 4.0, 0.0, 8.0, 3.0, 2.0, 7.0, 5.0, 4.0, 2.0, 0.0, 0.0, 3.0, 1.0]","[-9.0, 52.0, 20.0, 16.0, 0.0, 58.0, 12.0, 13.0, 15.0, 54.0, 17.0, 12.0, 12.0, -37.0, 13.0, 15.0]"
1,1791632442.086968,"[-8.348876999999987, 10.108233000000013, 6.504702000000009, 7.647285000000011, -0.08712299999999118, 10.635579000000007, 7.383611999999999, 7.735175999999996, 8.614086000000015, 9.668778000000003, 6.328920000000011, 7.207830000000001, -1.5812699999999893, 168.57570600000003, 47.37401700000001, 33.223566000000005]","[0.0, 1.0, 6.0, 2.0, 0.0, 2.0, 3.0, 1.0, 1.0, 1.0, 3.0, 3.0, 0.0, 0.0, 2.0, 3.0]","[-9.0, 61.0, 21.0, 15.0, 0.0, 51.0, 14.0, 12.0, 14.0, 66.0, 17.0, 14.0, 12.0, -54.0, 13.0, 15.0]"
1,1791632442.3082798,"[-9.403569000000005, 10.196123999999998, 7.910957999999994, 8.614086000000015, -0.08712299999999118, 11.866052999999994, 8.26252199999999, 8.701977, 9.405104999999992, 9.668778000000003, 7.207830000000001, 8.086739999999992, -1.5812699999999893, 168.487815, 48.34081800000001, 34.278257999999994]","[-1.0, 1.0, 2.0, 0.0, 0.0, 1.0, 2.0, 2.0, 2.0, 1.0, 1.0, 4.0, 0.0, 0.0, 1.0, 3.0]","[-9.0, 82.0, 18.0, 16.0, 0.0, 63.0, 14.0, 13.0, 14.0, 94.0, 16.0, 14.0, 12.0, -65.0, 13.0, 14.0]"
1,1791632442.5348618,"[-10.370370000000008, 14.151218999999998, 8.701977, 9.668778000000003, -0.08712299999999118, 14.414892000000009, 9.317214000000007, 9.58088699999999, 10.635579000000007, 13.272309000000007, 8.438303999999988, 9.229322999999994, -1.5812699999999893, 163.829592, 49.483401000000015, 35.33295000000001]","[-1.0, 5.0, 5.0, 3.0, 0.0, 9.0, 0.0, 1.0, 2.0, 22.0, 2.0, 3.0, 0.0, -9.0, 4.0, 3.0]","[-11.0, 58.0, 20.0, 16.0, 0.0, 55.0, 14.0, 13.0, 13.0, 57.0, 16.0, 13.0, 13.0, -40.0, 13.0, 14.0]"
1,1791632442.7588727,"[-11.073498, 15.645365999999996, 9.932451000000015, 10.723469999999992, -0.08712299999999118, 16.436385, 10.28401500000001, 10.723469999999992, 11.514488999999998, 15.909039000000007, 9.229322999999994, 10.108233000000013, -1.5812699999999893, 161.720208, 49.571292, 36.12396899999999]","[-2.0, 6.0, 3.0, 1.0, 0.0, 1.0, 1.0, 4.0, 1.0, 1.0, 1.0, 3.0, 0.0, -5.0, 1.0, 1.0]","[-10.0, 64.0, 19.0, 16.0, 0.0, 56.0, 14.0, 12.0, 14.0, 65.0, 17.0, 13.0, 13.0, -37.0, 16.0, 15.0]"
1,1791632442.9830248,"[-12.303971999999987, 18.282095999999996, 10.89925199999999, 11.60238000000001, -0.08712299999999118, 18.633659999999992, 11.338707, 11.514488999999998, 12.657072, 18.457877999999994, 10.371905999999996, 11.075033999999988, -1.5812699999999893, 159.52293300000002, 51.241220999999996, 37.26655199999999]","[0.0, 4.0, 2.0, 3.0, 0.0, 6.0, 4.0, 1.0, 2.0, 7.0, 5.0, 3.0, 0.0, -2.0, 4.0, 3.0]","[-9.0, 57.0, 18.0, 15.0, 0.0, 54.0, 12.0, 13.0, 14.0, 56.0, 16.0, 13.0, 12.0, -39.0, 13.0, 14.0]"
1,1791632443.2030337,"[-13.358664000000005, 20.303588999999988, 11.778162000000009, 12.744963000000013, -0.08712299999999118, 20.479371000000015, 12.305508000000003, 12.744963000000013, 13.623873000000003, 19.248897, 11.338707, 12.129726000000005, -1.5812699999999893, 157.413549, 52.29591300000001, 38.233352999999994]","[-2.0, 4.0, 2.0, 3.0, 0.0, 2.0, 2.0, 4.0, 2.0, 4.0, 1.0, 4.0, 1.0, -2.0, 3.0, 1.0]","[-10.0, 50.0, 20.0, 15.0, 0.0, 56.0, 14.0, 12.0, 14.0, 71.0, 16.0, 13.0, 12.0, -38.0, 14.0, 15.0]"
1,1791632443.430845,"[-14.325465000000008, 22.061408999999998, 12.832853999999998, 13.53598199999999, -0.08712299999999118, 21.797736000000015, 13.272309000000007, 13.711763999999988, 14.590674000000007, 21.709845, 11.866052999999994, 13.096527000000009, -1.5812699999999893, 155.567838, 53.08693199999999, 39.375935999999996]","[-1.0, 1.0, 3.0, 2.0, 0.0, 10.0, 1.0, 2.0, 2.0, 15.0, 1.0, 3.0, 0.0, -3.0, 1.0, 1.0]","[-9.0, 59.0, 19.0, 16.0, 0.0, 59.0, 14.0, 13.0, 14.0, 57.0, 17.0, 13.0, 11.0, -38.0, 15.0, 14.0]"
1,1791632443.6530094,"[-15.292266000000012, 23.907119999999992, 13.887546000000015, 14.502782999999994, -0.08712299999999118, 24.96181200000001, 14.327000999999996, 14.590674000000007, 15.733257000000009, 24.873920999999996, 13.53598199999999, 13.887546000000015, -1.5812699999999893, 153.54634500000003, 54.053732999999994, 40.342737]","[0.0, 1.0, 1.0, 5.0, 0.0, 1.0, 1.0, 1.0, 2.0, 4.0, 3.0, 1.0, 0.0, -3.0, 4.0, 2.0]","[-11.0, 61.0, 19.0, 16.0, 0.0, 51.0, 13.0, 12.0, 14.0, 54.0, 17.0, 14.0, 12.0, -35.0, 15.0, 15.0]"
1,1791632443.877931,"[-16.434848999999986, 26.631741000000005, 15.030128999999988, 15.55747500000001, -0.08712299999999118, 26.895413999999988, 15.381693000000013, 16.084821000000005, 16.700058000000013, 26.807523000000003, 13.53598199999999, 14.85434699999999, -1.5812699999999893, 151.61274300000002, 55.372097999999994, 41.309538]","[0.0, 8.0, 3.0, 1.0, 1.0, 7.0, 1.0, 3.0, 2.0, 5.0, 0.0, 1.0, 0.0, -3.0, 3.0, 3.0]","[-10.0, 48.0, 18.0, 16.0, -2.0, 50.0, 14.0, 10.0, 14.0, 50.0, 20.0, 15.0, 12.0, -38.0, 14.0, 15.0]"
1,1791632444.1015496,"[-17.489541000000003, 28.653233999999998, 15.909039000000007, 16.524276000000015, -0.08712299999999118, 28.91690700000001, 16.524276000000015, 16.87584000000001, 17.578968000000003, 28.653233999999998, 15.55747500000001, 15.996929999999992, -1.5812699999999893, 150.294378, 55.987335, 42.27633900000001]","[-1.0, 9.0, 3.0, 4.0, 0.0, 5.0, 1.0, 2.0, 1.0, 0.0, 6.0, 1.0, 0.0, -1.0, 0.0, 1.0]","[-9.0, 50.0, 19.0, 16.0, 0.0, 51.0, 13.0, 13.0, 14.0, 55.0, 15.0, 14.0, 12.0, -42.0, 15.0, 14.0]"
1,1791632444.3232698,"[-18.72001499999999, 31.289963999999998, 17.139512999999994, 17.403186000000005, -0.08712299999999118, 30.498944999999992, 17.666858999999988, 18.018423000000013, 18.633659999999992, 28.653233999999998, 15.996929999999992, 16.963730999999996, -1.5812699999999893, 148.360776, 57.21780900000002, 43.24314000000001]","[-2.0, 4.0, 3.0, 2.0, 0.0, 2.0, 4.0, 3.0, 2.0, 0.0, 7.0, 1.0, 0.0, -1.0, 3.0, 3.0]","[-9.0, 46.0, 18.0, 17.0, -1.0, 56.0, 13.0, 12.0, 15.0, 80.0, 17.0, 14.0, 13.0, -44.0, 14.0, 16.0]"
1,1791632444.5507865,"[-19.686815999999993, 32.784110999999996, 18.19420500000001, 18.457877999999994, 0.0007679999999936626, 33.13567499999999, 18.36998700000001, 18.897333000000003, 19.161006000000015, 33.04778400000001, 17.75475, 18.19420500000001, -1.5812699999999893, 145.98771900000003, 58.18460999999999, 44.209941000000015]","[0.0, 7.0, 3.0, 4.0, 1.0, 6.0, 2.0, 3.0, 6.0, 14.0, 3.0, 3.0, 0.0, -6.0, 4.0, 1.0]","[-9.0, 47.0, 18.0, 16.0, -3.0, 49.0, 14.0, 12.0, 15.0, 45.0, 15.0, 13.0, 12.0, -40.0, 15.0, 15.0]"
1,1791632444.7742043,"[-20.74150800000001, 35.245059, 19.248897, 19.51257000000001, -0.08712299999999118, 35.069277, 18.985223999999988, 19.776242999999994, 20.567262, 33.13567499999999, 18.633659999999992, 19.073115, -1.5812699999999893, 143.526771, 59.41508400000001, 45.264633]","[-2.0, 9.0, 1.0, 2.0, 1.0, 4.0, 1.0, 1.0, 1.0, 1.0, 0.0, 2.0, 0.0, -7.0, 4.0, 2.0]","[-9.0, 43.0, 18.0, 16.0, -2.0, 45.0, 15.0, 12.0, 14.0, 72.0, 15.0, 13.0, 12.0, -33.0, 14.0, 14.0]"
1,1791632445.220571,"[-21.884091000000012, 37.178661000000005, 20.39148, 20.743043999999998, -0.08712299999999118, 37.44233399999999, 20.039916000000005, 20.743043999999998, 21.885627, 37.44233399999999, 20.12780699999999, 20.303588999999988, -1.5812699999999893, 141.50527799999998, 59.41508400000001, 46.31932499999999]","[1.0, 1.0, 1.0, 1.0, 0.0, 1.0, 1.0, 1.0, 1.0, 1.0, 1.0, 1.0, 1.0, 1.0, 1.0, 1.0]","[-8.0, 50.0, 17.0, 14.0, 0.0, 48.0, 15.0, 13.0, 13.0, 46.0, 13.0, 12.0, 12.0, -38.0, 17.0, 14.0]"
1,1791632445.4466703,"[-22.938783, 39.28804500000001, 21.44617199999999, 21.709845, -0.08712299999999118, 39.28804500000001, 20.83093500000001, 21.885627, 22.412972999999994, 37.44233399999999, 20.655153000000013, 21.182499000000007, -1.5812699999999893, 139.65956699999998, 61.260795, 47.286125999999996]","[-2.0, 6.0, 3.0, 4.0, 0.0, 4.0, 1.0, 1.0, 1.0, 1.0, 1.0, 3.0, 0.0, -5.0, 5.0, 1.0]","[0.0, 43.0, 17.0, 15.0, 0.0, 46.0, 16.0, 12.0, 15.0, 70.0, 14.0, 12.0, 13.0, -37.0, 14.0, 15.0]"
1,1791632445.6674123,"[-23.99347499999999, 41.39742899999999, 22.500864000000007, 22.588754999999992, -0.08712299999999118, 41.573211000000015, 21.885627, 22.940318999999988, 23.731337999999994, 41.74899300000001, 21.973518000000013, 22.32508200000001, -1.5812699999999893, 137.198619, 62.31548699999999, 48.252927]","[0.0, 2.0, 1.0, 1.0, 0.0, 12.0, 3.0, 2.0, 5.0, 14.0, 5.0, 1.0, 1.0, -4.0, 1.0, 2.0]","[0.0, 47.0, 17.0, 16.0, 0.0, 40.0, 16.0, 12.0, 14.0, 38.0, 14.0, 13.0, 12.0, -33.0, 14.0, 15.0]"
1,1791632445.8923113,"[-24.87238500000001, 43.41892200000001, 23.379773999999998, 23.379773999999998, -0.08712299999999118, 44.12205, 22.588754999999992, 23.995011000000005, 24.873920999999996, 43.59470400000001, 23.116101000000015, 22.940318999999988, -1.5812699999999893, 135.265017, 63.282287999999994, 49.13183699999999]","[0.0, 9.0, 3.0, 5.0, 0.0, 3.0, 1.0, 2.0, 1.0, 5.0, 3.0, 2.0, 0.0, -5.0, 2.0, 1.0]","[-9.0, 40.0, 18.0, 16.0, 0.0, 39.0, 17.0, 11.0, 13.0, 45.0, 13.0, 16.0, 12.0, -32.0, 15.0, 14.0]"
1,1791632446.1174915,"[-25.927076999999997, 46.23143400000001, 24.346575, 24.610248000000013, -0.08712299999999118, 46.49510699999999, 23.555555999999996, 24.96181200000001, 25.840722, 46.407216000000005, 23.907119999999992, 24.258683999999988, -1.5812699999999893, 132.628287, 64.33698000000001, 50.18652900000001]","[0.0, 3.0, 2.0, 3.0, 1.0, 7.0, 3.0, 2.0, 1.0, 6.0, 6.0, 3.0, 0.0, -4.0, 2.0, 3.0]","[0.0, 38.0, 17.0, 16.0, 0.0, 35.0, 16.0, 11.0, 14.0, 35.0, 13.0, 12.0, 12.0, -29.0, 14.0, 14.0]"
1,1791632446.3402188,"[-26.981768999999986, 48.252927, 25.40126699999999, 25.577048999999988, -0.08712299999999118, 48.51660000000001, 24.78603000000001, 26.016503999999998, 26.983305, 48.077145, 25.137594000000007, 25.577048999999988, -1.5812699999999893, 130.60679399999998, 64.424871, 51.065439]","[0.0, 5.0, 3.0, 3.0, 0.0, 4.0, 4.0, 3.0, 1.0, 5.0, 1.0, 2.0, 1.0, -4.0, 1.0, 1.0]","[0.0, 35.0, 17.0, 16.0, 0.0, 36.0, 15.0, 11.0, 0.0, 38.0, 13.0, 11.0, 12.0, -31.0, 17.0, 15.0]"
1,1791632446.5665915,"[-27.94856999999999, 50.362311000000005, 26.28017700000001, 26.71963199999999, -0.08712299999999118, 50.538093, 25.840722, 26.983305, 27.950106000000005, 50.97754800000001, 26.10439500000001, 26.455959000000007, -1.4933790000000045, 128.32162799999998, 66.358473, 52.208022]","[1.0, 1.0, 1.0, 4.0, 0.0, 6.0, 2.0, 1.0, 1.0, 7.0, 2.0, 4.0, 1.0, -2.0, 6.0, 1.0]","[0.0, 36.0, 18.0, 16.0, 0.0, 33.0, 16.0, 12.0, -2.0, 33.0, 13.0, 12.0, 11.0, -29.0, 13.0, 15.0]"
1,1791632446.7888832,"[-28.82748000000001, 52.559585999999996, 27.334868999999998, 27.774324000000007, -0.08712299999999118, 52.999041000000005, 27.071196000000015, 27.686432999999994, 29.004797999999994, 52.383804, 27.246978000000013, 27.686432999999994, -1.4933790000000045, 127.003263, 67.501056, 53.174823]","[0.0, 9.0, 2.0, 2.0, 0.0, 4.0, 1.0, 1.0, 0.0, 1.0, 3.0, 4.0, 1.0, 0.0, 2.0, 1.0]","[-9.0, 32.0, 17.0, 15.0, 0.0, 33.0, 15.0, 12.0, -3.0, 37.0, 13.0, 11.0, 12.0, -33.0, 13.0, 15.0]"
1,1791632447.014505,"[-29.97006300000001, 55.28420700000001, 28.30167, 28.829015999999996, -0.08712299999999118, 55.28420700000001, 28.125888000000003, 28.653233999999998, 30.05949000000001, 54.93264300000001, 28.213778999999988, 28.74112500000001, -1.5812699999999893, 124.98176999999998, 68.555748, 54.14162400000001]","[0.0, 4.0, 1.0, 1.0, 0.0, 5.0, 1.0, 2.0, 1.0, 8.0, 1.0, 2.0, 0.0, -4.0, 3.0, 1.0]","[0.0, 28.0, 17.0, 15.0, 0.0, 28.0, 15.0, 12.0, 0.0, 30.0, 13.0, 12.0, 12.0, -31.0, 13.0, 15.0]"
1,1791632447.23488,"[-30.936863999999986, 57.129918, 29.444253000000003, 29.883708000000013, -0.08712299999999118, 57.481482, 29.444253000000003, 29.971598999999998, 31.114182, 56.42679000000001, 29.444253000000003, 29.795817, -1.4933790000000045, 123.31184100000002, 69.43465800000001, 55.372097999999994]","[0.0, 6.0, 4.0, 4.0, 0.0, 6.0, 4.0, 2.0, 1.0, 1.0, 2.0, 2.0, 1.0, 0.0, 3.0, 3.0]","[0.0, 31.0, 17.0, 15.0, 0.0, 27.0, 13.0, 11.0, -10.0, 37.0, 13.0, 11.0, 12.0, -36.0, 13.0, 13.0]"
1,1791632447.4626937,"[-31.991556000000003, 59.327192999999994, 30.498944999999992, 30.9384, 0.0007679999999936626, 59.590866000000005, 30.498944999999992, 31.114182, 32.080983, 56.42679000000001, 30.23527200000001, 30.762618000000003, -1.4933790000000045, 120.41143799999998, 70.57724100000001, 56.338899]","[0.0, 2.0, 1.0, 1.0, 1.0, 6.0, 1.0, 3.0, 1.0, 1.0, 1.0, 1.0, 1.0, -8.0, 5.0, 2.0]","[0.0, 30.0, 17.0, 14.0, -2.0, 26.0, 13.0, 12.0, 0.0, 58.0, 14.0, 12.0, 12.0, -26.0, 12.0, 14.0]"
1,1791632447.6865182,"[-32.95835700000001, 61.436577, 31.55363700000001, 31.99309199999999, -0.08712299999999118, 61.963922999999994, 31.641527999999994, 31.99309199999999, 33.04778400000001, 61.436577, 31.37785500000001, 31.817309999999992, -1.4933790000000045, 118.38994500000001, 71.71982400000002, 57.21780900000002]","[0.0, 7.0, 3.0, 2.0, 0.0, 3.0, 1.0, 1.0, 1.0, 12.0, 4.0, 3.0, 1.0, 0.0, 3.0, 1.0]","[0.0, 27.0, 16.0, 14.0, 0.0, 24.0, 12.0, 11.0, 0.0, 27.0, 11.0, 11.0, 13.0, -28.0, 12.0, 14.0]"
1,1791632447.9103978,"[-34.013048999999995, 64.073307, 32.69622000000001, 32.959892999999994, -0.08712299999999118, 64.33698000000001, 32.784110999999996, 32.87200200000001, 34.102475999999996, 63.80963400000002, 32.432547, 32.52043800000001, -1.4933790000000045, 116.016888, 72.86240699999999, 58.36039199999999]","[0.0, 5.0, 2.0, 3.0, 1.0, 4.0, 3.0, 1.0, 1.0, 2.0, 1.0, 1.0, 1.0, -5.0, 2.0, 1.0]","[0.0, 24.0, 16.0, 15.0, -6.0, 21.0, 12.0, 11.0, -14.0, 27.0, 12.0, 12.0, 11.0, -26.0, 12.0, 13.0]"
1,1791632448.1344526,"[-35.06774100000001, 66.00690900000001, 33.750912, 34.102475999999996, -0.08712299999999118, 65.30378100000001, 33.223566000000005, 33.57513, 35.069277, 66.00690900000001, 33.663021000000015, 33.663021000000015, -1.4933790000000045, 113.99539500000003, 73.91709900000001, 59.327192999999994]","[0.0, 7.0, 3.0, 4.0, 0.0, 1.0, 1.0, 1.0, 0.0, 3.0, 1.0, 3.0, 1.0, -3.0, 1.0, 1.0]","[0.0, 22.0, 16.0, 14.0, 0.0, 29.0, 15.0, 13.0, 0.0, 25.0, 12.0, 12.0, 12.0, -25.0, 12.0, 14.0]"
1,1791632448.3577912,"[-36.03454199999999, 68.46785700000001, 34.80560399999999, 35.069277, -0.08712299999999118, 65.65534500000001, 33.223566000000005, 34.36614900000001, 36.12396899999999, 68.379966, 34.80560399999999, 34.717713, -1.4933790000000045, 111.534447, 74.971791, 60.469775999999996]","[0.0, 4.0, 1.0, 3.0, 1.0, 1.0, 1.0, 1.0, 1.0, 8.0, 4.0, 4.0, 1.0, -6.0, 2.0, 3.0]","[-4.0, 26.0, 16.0, 15.0, -1.0, 44.0, 19.0, 13.0, -13.0, 20.0, 11.0, 11.0, 12.0, -21.0, 12.0, 14.0]"
1,1791632448.5813227,"[-37.00134299999999, 70.57724100000001, 35.860296000000005, 35.860296000000005, -0.08712299999999118, 66.358473, 33.48723899999999, 35.069277, 37.00287900000001, 70.57724100000001, 35.77240499999999, 34.981386000000015, -1.4933790000000045, 109.688736, 76.02648299999998, 61.52446800000001]","[0.0, 8.0, 1.0, 1.0, 0.0, 1.0, 1.0, 2.0, 1.0, 4.0, 3.0, 4.0, 1.0, 0.0, 1.0, 2.0]","[0.0, 18.0, 15.0, 15.0, 0.0, 59.0, 23.0, 14.0, 0.0, 20.0, 11.0, 12.0, 12.0, -22.0, 13.0, 15.0]"
1,1791632448.8063323,"[-37.968143999999995, 73.12608, 37.178661000000005, 36.82709700000001, -0.08712299999999118, 66.44636400000002, 33.83880300000001, 35.420840999999996, 38.057570999999996, 72.774516, 36.914987999999994, 36.563424, -1.4933790000000045, 107.57935200000003, 77.08117500000003, 62.403378000000004]","[0.0, 4.0, 3.0, 1.0, 1.0, 1.0, 1.0, 0.0, 1.0, 5.0, 4.0, 2.0, 1.0, -6.0, 2.0, 1.0]","[-9.0, 17.0, 14.0, 15.0, -1.0, 83.0, 28.0, 15.0, 0.0, 19.0, 11.0, 13.0, 12.0, -21.0, 12.0, 14.0]"
1,1791632449.0305943,"[-38.847053999999986, 75.411246, 38.14546200000001, 37.96968000000001, -0.08712299999999118, 66.44636400000002, 33.83880300000001, 36.299751000000015, 39.024372, 74.796009, 38.057570999999996, 37.354443, -1.4933790000000045, 105.03051299999998, 78.22375799999998, 63.45806999999999]","[0.0, 6.0, 1.0, 3.0, 0.0, 1.0, 0.0, 1.0, 1.0, 2.0, 3.0, 1.0, 1.0, -2.0, 1.0, 2.0]","[-8.0, 17.0, 15.0, 15.0, 0.0, 110.0, 32.0, 17.0, 0.0, 20.0, 10.0, 12.0, 12.0, -19.0, 11.0, 14.0]"
1,1791632449.2530541,"[-40.077528, 77.78430300000002, 39.375935999999996, 38.76069899999999, 0.0007679999999936626, 65.47956300000001, 33.750912, 36.299751000000015, 39.991173, 76.81750199999999, 39.11226300000001, 38.58491699999999, -1.4933790000000045, 103.975821, 78.57532200000003, 63.985416000000015]","[-1.0, 4.0, 3.0, 3.0, 1.0, 0.0, 0.0, 1.0, 1.0, 7.0, 2.0, 1.0, 1.0, 0.0, 1.0, 1.0]","[0.0, 14.0, 15.0, 15.0, -12.0, 11.0, 9.0, 0.0, 13.0, 18.0, 10.0, 12.0, 12.0, -27.0, 13.0, 15.0]"
1,1791632449.478247,"[-40.95643799999999, 79.80579599999999, 40.518519, 39.815391000000005, 0.0007679999999936626, 65.47956300000001, 33.750912, 36.299751000000015, 40.870082999999994, 79.27845000000002, 39.991173, 39.63960900000001, -1.5812699999999893, 103.975821, 78.66321299999998, 64.33698000000001]","[-3.0, 5.0, 3.0, 3.0, 1.0, 0.0, 0.0, 0.0, 2.0, 1.0, 1.0, 3.0, 0.0, 0.0, 1.0, 1.0]","[-8.0, 16.0, 15.0, 15.0, -12.0, 12.0, 9.0, 0.0, 13.0, 18.0, 10.0, 11.0, 12.0, -26.0, 16.0, 17.0]"
1,1791632449.7023306,"[-42.09902099999999, 82.178853, 41.48532, 40.694300999999996, 0.0007679999999936626, 65.47956300000001, 33.750912, 36.299751000000015, 41.661102, 81.47572500000001, 41.22164699999999, 40.78219200000001, -1.5812699999999893, 103.88792999999998, 78.66321299999998, 65.040108]","[0.0, 5.0, 1.0, 1.0, 1.0, 0.0, 0.0, 0.0, 1.0, 5.0, 2.0, 3.0, 0.0, 0.0, 1.0, 1.0]","[3.0, 14.0, 15.0, 15.0, -12.0, 12.0, 10.0, 0.0, 14.0, 16.0, 10.0, 11.0, 12.0, -25.0, 19.0, 18.0]"
1,1791632449.925164,"[-43.065822, 84.28823699999998, 42.71579399999999, 41.74899300000001, 0.0007679999999936626, 65.47956300000001, 33.750912, 36.299751000000015, 43.06735800000001, 83.76089100000002, 42.36422999999999, 41.661102, -1.5812699999999893, 103.975821, 78.66321299999998, 65.567454]","[0.0, 3.0, 4.0, 3.0, 1.0, 0.0, 0.0, 0.0, 3.0, 3.0, 3.0, 1.0, 0.0, 0.0, 1.0, 1.0]","[0.0, 13.0, 14.0, 15.0, -12.0, 11.0, 10.0, 0.0, 8.0, 15.0, 10.0, 12.0, 12.0, -26.0, 29.0, 20.0]"
1,1791632450.1500924,"[-44.032623, 86.661294, 43.59470400000001, 42.891576000000015, 0.0007679999999936626, 65.391672, 33.750912, 36.299751000000015, 44.03415899999999, 85.958166, 43.331030999999996, 42.803685, -1.5812699999999893, 103.88792999999998, 78.92688600000002, 66.182691]","[0.0, 4.0, 2.0, 3.0, 1.0, 1.0, 0.0, 0.0, 3.0, 5.0, 2.0, 3.0, 1.0, 0.0, 1.0, 1.0]","[0.0, 13.0, 14.0, 15.0, -11.0, 12.0, 10.0, 0.0, 0.0, 15.0, 9.0, 11.0, 12.0, -26.0, 32.0, 23.0]"
1,1791632450.3718493,"[-45.08731499999999, 88.594896, 44.73728700000001, 43.68259499999999, 0.0007679999999936626, 65.391672, 33.750912, 36.299751000000015, 44.91306900000001, 88.24333200000001, 44.473614, 43.85837699999999, -1.6691610000000026, 103.975821, 78.92688600000002, 66.182691]","[0.0, 4.0, 3.0, 3.0, 1.0, 0.0, 0.0, 0.0, 1.0, 3.0, 3.0, 2.0, 0.0, 1.0, 1.0, 1.0]","[0.0, 13.0, 14.0, 16.0, -12.0, 12.0, 10.0, 0.0, 0.0, 13.0, 9.0, 11.0, 9.0, -10.0, 9.0, 13.0]"
1,1791632450.596489,"[-46.05411599999999, 88.85856899999999, 45.616197, 45.17674199999999, 0.0007679999999936626, 65.391672, 33.750912, 36.299751000000015, 45.967760999999996, 88.41911399999998, 45.35252399999999, 45.00095999999999, -1.6691610000000026, 103.975821, 78.92688600000002, 66.182691]","[0.0, 1.0, 1.0, 5.0, 1.0, 1.0, 0.0, 0.0, 0.0, 0.0, 3.0, 2.0, 0.0, 1.0, 1.0, 1.0]","[0.0, 12.0, 15.0, 14.0, -12.0, 12.0, 10.0, 0.0, -4.0, 14.0, 9.0, 11.0, 9.0, -10.0, 10.0, 13.0]"
1,1791632450.8191664,"[-47.020917, 88.85856899999999, 46.582998, 45.967760999999996, 0.0007679999999936626, 65.391672, 33.750912, 36.299751000000015, 47.02245300000001, 88.41911399999998, 46.407216000000005, 45.87987000000001, -1.6691610000000026, 103.975821, 78.92688600000002, 66.182691]","[0.0, 1.0, 3.0, 2.0, 1.0, 0.0, 0.0, 0.0, 1.0, 0.0, 3.0, 1.0, 0.0, 1.0, 1.0, 1.0]","[0.0, 12.0, 14.0, 15.0, -12.0, 13.0, 9.0, 0.0, -14.0, 13.0, 8.0, 11.0, 8.0, -10.0, 10.0, 13.0]"
1,1791632451.044613,"[-47.72404499999999, 88.85856899999999, 47.54979900000001, 47.19823500000001, 0.0007679999999936626, 65.391672, 33.750912, 36.299751000000015, 48.077145, 88.41911399999998, 47.37401700000001, 47.110344, -1.6691610000000026, 103.975821, 78.92688600000002, 66.182691]","[0.0, 1.0, 1.0, 1.0, 1.0, 0.0, 0.0, 0.0, 1.0, 1.0, 1.0, 2.0, 0.0, 1.0, 1.0, 1.0]","[-9.0, 13.0, 14.0, 14.0, -11.0, 12.0, 10.0, 0.0, -14.0, 13.0, 9.0, 11.0, 9.0, -11.0, 10.0, 13.0]"
1,1791632451.2695792,"[-49.04240999999999, 88.85856899999999, 48.51660000000001, 48.165036000000015, 0.0007679999999936626, 65.391672, 33.750912, 36.299751000000015, 49.043946000000005, 88.41911399999998, 48.51660000000001, 48.165036000000015, -1.6691610000000026, 103.975821, 78.92688600000002, 66.182691]","[0.0, 1.0, 1.0, 1.0, 1.0, 0.0, 0.0, 0.0, 1.0, 1.0, 3.0, 4.0, 0.0, 1.0, 1.0, 1.0]","[0.0, 13.0, 14.0, 15.0, -12.0, 13.0, 9.0, 0.0, -14.0, 14.0, 10.0, 11.0, 9.0, -10.0, 9.0, 13.0]"
1,1791632451.494178,"[-49.92132000000001, 88.85856899999999, 49.483401000000015, 49.30761899999999, 0.0007679999999936626, 65.391672, 33.750912, 36.299751000000015, 50.01074700000001, 88.41911399999998, 49.39551, 48.95605499999999, -1.6691610000000026, 103.975821, 78.92688600000002, 66.182691]","[-1.0, 1.0, 2.0, 3.0, 1.0, 0.0, 0.0, 0.0, 1.0, 0.0, 2.0, 1.0, 0.0, 1.0, 1.0, 1.0]","[-9.0, 12.0, 14.0, 14.0, -12.0, 12.0, 9.0, 0.0, -14.0, 13.0, 10.0, 9.0, 8.0, -10.0, 9.0, 13.0]"
1,1791632451.942346,"[-51.06390300000001, 88.85856899999999, 50.538093, 50.538093, 0.0007679999999936626, 65.391672, 33.750912, 36.299751000000015, 51.15333000000001, 88.41911399999998, 50.62598400000002, 50.18652900000001, -1.6691610000000026, 103.975821, 78.92688600000002, 66.182691]","[0.0, 1.0, 1.0, 1.0, 1.0, 0.0, 0.0, 0.0, 1.0, 1.0, 2.0, 0.0, 0.0, 1.0, 1.0, 1.0]","[0.0, 12.0, 13.0, 14.0, -12.0, 12.0, 10.0, 0.0, -14.0, 14.0, 9.0, 10.0, 8.0, -10.0, 10.0, 13.0]"
1,1791632452.1632748,"[-51.767031, 88.85856899999999, 51.417002999999994, 51.417002999999994, 0.0007679999999936626, 65.391672, 33.750912, 36.299751000000015, 52.03224, 88.41911399999998, 51.32911200000001, 50.889657, -1.6691610000000026, 103.975821, 78.92688600000002, 66.182691]","[0.0, 1.0, 4.0, 3.0, 1.0, 0.0, 0.0, 0.0, 1.0, 1.0, 4.0, 1.0, 0.0, 1.0, 1.0, 1.0]","[-10.0, 13.0, 14.0, 13.0, -12.0, 12.0, 10.0, 0.0, 0.0, 14.0, 9.0, 10.0, 8.0, -12.0, 9.0, 13.0]"
1,1791632452.390022,"[-52.909614000000005, 88.85856899999999, 52.29591300000001, 52.383804, 0.0007679999999936626, 65.391672, 33.750912, 36.299751000000015, 53.174823, 88.41911399999998, 52.29591300000001, 51.94434900000002, -1.6691610000000026, 103.975821, 78.92688600000002, 66.182691]","[-3.0, 1.0, 1.0, 1.0, 1.0, 0.0, 0.0, 0.0, 1.0, 1.0, 1.0, 1.0, 0.0, 1.0, 1.0, 1.0]","[-8.0, 12.0, 15.0, 14.0, -12.0, 11.0, 9.0, 0.0, -11.0, 13.0, 10.0, 10.0, 8.0, -11.0, 11.0, 13.0]"
1,1791632452.6140056,"[-53.96430599999999, 88.85856899999999, 53.174823, 53.438496000000015, 0.0007679999999936626, 65.391672, 33.750912, 36.299751000000015, 54.053732999999994, 88.41911399999998, 53.438496000000015, 52.999041000000005, -1.6691610000000026, 103.975821, 78.92688600000002, 66.182691]","[-3.0, 1.0, 1.0, 3.0, 1.0, 0.0, 0.0, 0.0, 2.0, 1.0, 4.0, 3.0, 0.0, 1.0, 1.0, 1.0]","[-9.0, 12.0, 16.0, 14.0, -12.0, 12.0, 11.0, 0.0, -7.0, 14.0, 9.0, 10.0, 8.0, -10.0, 10.0, 13.0]"
1,1791632452.8379686,"[-54.491652, 88.85856899999999, 53.877950999999996, 54.14162400000001, 0.0007679999999936626, 65.391672, 33.750912, 36.299751000000015, 55.10842500000001, 88.41911399999998, 54.317406000000005, 53.79006000000001, -1.6691610000000026, 103.975821, 78.92688600000002, 66.182691]","[0.0, 0.0, 1.0, 5.0, 1.0, 0.0, 0.0, 0.0, 1.0, 1.0, 3.0, 1.0, 0.0, 1.0, 1.0, 1.0]","[-10.0, 13.0, 16.0, 14.0, -12.0, 13.0, 10.0, 0.0, -10.0, 14.0, 9.0, 12.0, 9.0, -11.0, 10.0, 14.0]"
1,1791632453.0606713,"[-55.546344000000005, 88.77067799999998, 54.93264300000001, 55.45998900000001, 0.0007679999999936626, 65.391672, 33.750912, 36.299751000000015, 56.075226000000015, 88.41911399999998, 55.28420700000001, 55.020534, -1.6691610000000026, 103.975821, 78.92688600000002, 66.182691]","[0.0, 0.0, 2.0, 2.0, 1.0, 1.0, 0.0, 0.0, 0.0, 1.0, 2.0, 2.0, 0.0, 1.0, 1.0, 1.0]","[-9.0, 13.0, 15.0, 14.0, -12.0, 12.0, 9.0, 0.0, -3.0, 13.0, 10.0, 11.0, 9.0, -11.0, 10.0, 13.0]"
1,1791632453.2859614,"[-56.513144999999994, 88.77067799999998, 55.635771000000005, 56.338899, 0.0007679999999936626, 65.391672, 33.750912, 36.299751000000015, 56.954136000000005, 88.41911399999998, 56.075226000000015, 55.89944400000002, -1.6691610000000026, 103.975821, 78.92688600000002, 66.182691]","[0.0, 0.0, 1.0, 2.0, 1.0, 0.0, 0.0, 0.0, 1.0, 1.0, 1.0, 2.0, 0.0, 1.0, 1.0, 1.0]","[-9.0, 13.0, 16.0, 14.0, -12.0, 12.0, 9.0, 0.0, 0.0, 14.0, 10.0, 11.0, 9.0, -10.0, 10.0, 13.0]"
1,1791632453.507451,"[-57.216273, 88.77067799999998, 56.77835400000001, 57.129918, 0.0007679999999936626, 65.391672, 33.750912, 36.299751000000015, 58.008827999999994, 88.41911399999998, 57.21780900000002, 56.86624499999999, -1.6691610000000026, 103.975821, 78.92688600000002, 66.182691]","[-1.0, 0.0, 3.0, 1.0, 1.0, 1.0, 0.0, 0.0, 0.0, 0.0, 5.0, 3.0, 0.0, 1.0, 1.0, 1.0]","[-11.0, 13.0, 16.0, 15.0, -12.0, 12.0, 10.0, 0.0, -14.0, 13.0, 9.0, 12.0, 8.0, -11.0, 10.0, 13.0]"
1,1791632453.7317975,"[-58.71042, 88.77067799999998, 57.92093700000001, 58.272501000000005, 0.0007679999999936626, 65.391672, 33.750912, 36.299751000000015, 58.975629, 88.41911399999998, 58.09671900000001, 57.92093700000001, -1.6691610000000026, 103.975821, 78.92688600000002, 66.182691]","[-1.0, 0.0, 3.0, 3.0, 1.0, 0.0, 0.0, 0.0, 1.0, 1.0, 2.0, 2.0, 0.0, 1.0, 1.0, 1.0]","[-9.0, 13.0, 15.0, 14.0, -12.0, 12.0, 10.0, 0.0, 0.0, 14.0, 10.0, 10.0, 9.0, -10.0, 9.0, 14.0]"
1,1791632453.9578555,"[-59.41354799999999, 88.85856899999999, 59.590866000000005, 59.23930200000001, 0.0007679999999936626, 65.391672, 33.750912, 36.299751000000015, 59.94243, 88.41911399999998, 59.06352000000001, 58.799847, -1.6691610000000026, 103.975821, 78.92688600000002, 66.182691]","[-1.0, 1.0, 3.0, 1.0, 0.0, 0.0, 0.0, 0.0, 1.0, 1.0, 2.0, 1.0, 0.0, 1.0, 1.0, 1.0]","[-9.0, 12.0, 14.0, 14.0, -11.0, 12.0, 10.0, 0.0, 0.0, 13.0, 10.0, 11.0, 8.0, -11.0, 11.0, 13.0]"
1,1791632454.1792014,"[-60.819804000000005, 88.85856899999999, 60.73344900000001, 59.23930200000001, 0.0007679999999936626, 65.391672, 33.750912, 36.299751000000015, 60.99712199999999, 88.41911399999998, 60.293994, 58.88773800000001, -1.6691610000000026, 103.975821, 78.92688600000002, 66.182691]","[-4.0, 1.0, 2.0, 1.0, 1.0, 0.0, 0.0, 0.0, 1.0, 1.0, 2.0, 1.0, 0.0, 1.0, 1.0, 1.0]","[-9.0, 12.0, 13.0, 14.0, -12.0, 12.0, 10.0, 0.0, 0.0, 13.0, 10.0, 11.0, 9.0, -10.0, 10.0, 13.0]"
1,1791632454.402856,"[-61.698713999999995, 89.03435100000002, 61.788140999999996, 59.23930200000001, 0.0007679999999936626, 65.391672, 33.750912, 36.299751000000015, 61.963922999999994, 88.41911399999998, 61.436577, 58.88773800000001, -1.6691610000000026, 103.975821, 78.92688600000002, 66.182691]","[0.0, 2.0, 1.0, 1.0, 1.0, 0.0, 0.0, 0.0, 1.0, 1.0, 3.0, 1.0, 0.0, 1.0, 1.0, 1.0]","[-9.0, 12.0, 14.0, 15.0, -12.0, 13.0, 9.0, 0.0, 0.0, 13.0, 9.0, 10.0, 9.0, -10.0, 9.0, 13.0]"
1,1791632454.6270163,"[-62.665515, 89.21013299999998, 62.667051000000015, 59.23930200000001, 0.0007679999999936626, 65.391672, 33.750912, 36.299751000000015, 62.84283300000001, 88.41911399999998, 62.403378000000004, 58.88773800000001, -1.6691610000000026, 103.975821, 78.92688600000002, 66.182691]","[-1.0, 1.0, 1.0, 1.0, 1.0, 0.0, 0.0, 0.0, 1.0, 1.0, 1.0, 1.0, 0.0, 1.0, 1.0, 1.0]","[-9.0, 12.0, 14.0, 13.0, -12.0, 12.0, 9.0, 0.0, 14.0, 14.0, 9.0, 11.0, 8.0, -10.0, 10.0, 13.0]"
1,1791632454.853784,"[-63.720207, 89.21013299999998, 63.80963400000002, 59.23930200000001, 0.0007679999999936626, 65.391672, 33.750912, 36.299751000000015, 63.985416000000015, 88.41911399999998, 63.45806999999999, 58.88773800000001, -1.6691610000000026, 103.975821, 78.92688600000002, 66.182691]","[0.0, 0.0, 2.0, 1.0, 1.0, 0.0, 0.0, 0.0, 1.0, 1.0, 3.0, 1.0, 0.0, 1.0, 1.0, 1.0]","[-10.0, 12.0, 14.0, 14.0, -12.0, 12.0, 10.0, 0.0, 0.0, 14.0, 10.0, 10.0, 8.0, -10.0, 9.0, 13.0]"
1,1791632455.0769181,"[-64.86279, 89.21013299999998, 64.68854400000001, 59.23930200000001, 0.0007679999999936626, 65.391672, 33.750912, 36.299751000000015, 64.95221699999999, 88.41911399999998, 64.424871, 58.88773800000001, -1.6691610000000026, 103.975821, 78.92688600000002, 66.182691]","[-2.0, 1.0, 1.0, 1.0, 1.0, 0.0, 0.0, 0.0, 1.0, 1.0, 3.0, 1.0, 0.0, 1.0, 1.0, 1.0]","[-9.0, 11.0, 15.0, 14.0, -12.0, 12.0, 10.0, 0.0, 1.0, 13.0, 10.0, 11.0, 8.0, -11.0, 9.0, 13.0]"
1,1791632455.3017373,"[-65.478027, 89.298024, 65.743236, 59.23930200000001, 0.0007679999999936626, 65.391672, 33.750912, 36.299751000000015, 65.919018, 88.41911399999998, 65.30378100000001, 58.88773800000001, -1.6691610000000026, 103.975821, 78.92688600000002, 66.182691]","[-1.0, 1.0, 2.0, 1.0, 1.0, 0.0, 0.0, 0.0, 1.0, 1.0, 1.0, 1.0, 0.0, 1.0, 1.0, 1.0]","[-9.0, 12.0, 14.0, 14.0, -12.0, 12.0, 10.0, 0.0, 0.0, 13.0, 10.0, 11.0, 9.0, -10.0, 10.0, 13.0]"
1,1791632455.5242214,"[-66.62061, 89.298024, 66.710037, 59.23930200000001, 0.0007679999999936626, 65.391672, 33.750912, 36.299751000000015, 66.97371000000001, 88.41911399999998, 66.358473, 58.88773800000001, -1.6691610000000026, 103.975821, 78.92688600000002, 66.182691]","[-1.0, 0.0, 1.0, 1.0, 1.0, 0.0, 0.0, 0.0, 1.0, 1.0, 3.0, 1.0, 0.0, 1.0, 1.0, 1.0]","[-9.0, 11.0, 13.0, 14.0, -12.0, 11.0, 9.0, 0.0, 0.0, 14.0, 9.0, 11.0, 8.0, -11.0, 10.0, 13.0]"
1,1791632455.7497203,"[-67.587411, 89.298024, 67.85262, 59.23930200000001, 0.0007679999999936626, 65.391672, 33.750912, 36.299751000000015, 67.94051100000001, 88.41911399999998, 67.061601, 58.88773800000001, -1.6691610000000026, 103.975821, 78.92688600000002, 66.182691]","[0.0, 1.0, 4.0, 1.0, 1.0, 0.0, 0.0, 0.0, 1.0, 1.0, 4.0, 1.0, 0.0, 1.0, 1.0, 1.0]","[-9.0, 12.0, 13.0, 14.0, -11.0, 12.0, 9.0, 0.0, 13.0, 13.0, 10.0, 11.0, 10.0, -10.0, 10.0, 13.0]"
1,1791632455.97349,"[-68.55421199999999, 89.298024, 68.64363900000001, 59.23930200000001, 0.0007679999999936626, 65.391672, 33.750912, 36.299751000000015, 68.90731199999999, 88.41911399999998, 67.94051100000001, 58.88773800000001, -1.6691610000000026, 103.975821, 78.92688600000002, 66.182691]","[0.0, 1.0, 1.0, 1.0, 1.0, 0.0, 0.0, 0.0, 1.0, 1.0, 1.0, 1.0, 0.0, 1.0, 1.0, 1.0]","[-10.0, 11.0, 14.0, 14.0, -11.0, 12.0, 10.0, 0.0, 13.0, 14.0, 11.0, 11.0, 9.0, -11.0, 10.0, 13.0]"
1,1791632456.1962936,"[-69.521013, 89.298024, 69.08309400000002, 59.23930200000001, 0.0007679999999936626, 65.391672, 33.750912, 36.299751000000015, 69.874113, 88.41911399999998, 68.379966, 58.975629, -1.6691610000000026, 103.975821, 78.92688600000002, 66.182691]","[0.0, 1.0, 1.0, 1.0, 1.0, 1.0, 0.0, 0.0, 3.0, 1.0, 1.0, 1.0, 0.0, 1.0, 1.0, 1.0]","[-9.0, 11.0, 16.0, 14.0, -12.0, 12.0, 10.0, 0.0, 14.0, 13.0, 13.0, 10.0, 9.0, -10.0, 11.0, 13.0]"
1,1791632456.421721,"[-70.487814, 89.298024, 69.43465800000001, 59.23930200000001, 0.0007679999999936626, 65.391672, 33.750912, 36.299751000000015, 70.840914, 88.41911399999998, 68.73152999999999, 58.88773800000001, -1.6691610000000026, 103.975821, 78.92688600000002, 66.182691]","[0.0, 1.0, 1.0, 1.0, 1.0, 0.0, 0.0, 0.0, 1.0, 1.0, 1.0, 1.0, 0.0, 1.0, 1.0, 1.0]","[-9.0, 11.0, 17.0, 14.0, -12.0, 12.0, 9.0, 0.0, 14.0, 13.0, 15.0, 10.0, 9.0, -11.0, 10.0, 13.0]"
1,1791632456.6457338,"[-71.454615, 89.298024, 69.874113, 59.23930200000001, 0.0007679999999936626, 65.391672, 33.750912, 36.299751000000015, 71.89560600000002, 88.594896, 69.170985, 58.975629, -1.6691610000000026, 103.975821, 78.92688600000002, 66.182691]","[-2.0, 1.0, 1.0, 1.0, 1.0, 0.0, 0.0, 0.0, 2.0, 1.0, 1.0, 1.0, 0.0, 1.0, 1.0, 1.0]","[-9.0, 11.0, 20.0, 15.0, -12.0, 12.0, 10.0, 0.0, 14.0, 13.0, 16.0, 11.0, 9.0, -10.0, 10.0, 13.0]"
1,1791632456.8664672,"[-72.50930699999999, 89.38591500000001, 70.40145900000002, 59.23930200000001, 0.0007679999999936626, 65.391672, 33.750912, 36.299751000000015, 72.86240699999999, 88.85856899999999, 69.43465800000001, 58.975629, -1.6691610000000026, 103.975821, 78.92688600000002, 66.182691]","[-2.0, 1.0, 1.0, 1.0, 1.0, 0.0, 0.0, 0.0, 1.0, 1.0, 1.0, 1.0, 0.0, 1.0, 1.0, 1.0]","[-9.0, 11.0, 22.0, 13.0, -11.0, 12.0, 10.0, 0.0, 13.0, 12.0, 20.0, 11.0, 9.0, -10.0, 9.0, 13.0]"
1,1791632457.0933723,"[-73.212435, 89.47380600000002, 70.75302300000001, 59.23930200000001, 0.0007679999999936626, 65.391672, 33.750912, 36.299751000000015, 73.829208, 88.85856899999999, 69.96200400000001, 58.975629, -1.6691610000000026, 103.975821, 78.92688600000002, 66.182691]","[0.0, 1.0, 1.0, 1.0, 1.0, 0.0, 0.0, 0.0, 1.0, 1.0, 1.0, 1.0, 0.0, 1.0, 1.0, 1.0]","[-11.0, 10.0, 26.0, 14.0, -12.0, 13.0, 10.0, 0.0, 13.0, 12.0, 25.0, 11.0, 8.0, -10.0, 10.0, 13.0]"
1,1791632457.31619,"[-73.739781, 89.56169699999998, 71.10458700000001, 59.151410999999996, 0.0007679999999936626, 65.391672, 33.750912, 36.299751000000015, 74.70811800000001, 88.94646, 70.137786, 58.975629, -1.6691610000000026, 103.975821, 78.92688600000002, 66.182691]","[0.0, 1.0, 1.0, 0.0, 1.0, 0.0, 0.0, 0.0, 1.0, 2.0, 1.0, 1.0, 0.0, 1.0, 1.0, 1.0]","[-12.0, 11.0, 32.0, 14.0, -11.0, 12.0, 9.0, 0.0, 14.0, 12.0, 30.0, 11.0, 8.0, -10.0, 10.0, 12.0]"
1,1791632457.538454,"[-73.739781, 89.56169699999998, 71.10458700000001, 59.151410999999996, 0.0007679999999936626, 65.391672, 33.750912, 36.299751000000015, 74.70811800000001, 88.94646, 70.137786, 58.975629, -1.6691610000000026, 103.975821, 78.92688600000002, 66.182691]","[0.0, 0.0, 1.0, 0.0, 1.0, 0.0, 0.0, 0.0, 1.0, 1.0, 0.0, 1.0, 0.0, 1.0, 1.0, 1.0]","[0.0, 0.0, 14.0, 0.0, -12.0, 13.0, 9.0, 0.0, 14.0, 11.0, 35.0, 12.0, 9.0, -10.0, 11.0, 13.0]"
1,1791632457.7627954,"[-73.739781, 89.47380600000002, 71.10458700000001, 59.151410999999996, 0.0007679999999936626, 65.391672, 33.750912, 36.299751000000015, 74.70811800000001, 88.94646, 70.04989499999999, 58.975629, -1.6691610000000026, 103.975821, 78.92688600000002, 66.182691]","[0.0, 0.0, 1.0, 0.0, 1.0, 0.0, 0.0, 0.0, 1.0, 1.0, 0.0, 1.0, 0.0, 1.0, 1.0, 1.0]","[0.0, 4.0, 13.0, 0.0, -12.0, 13.0, 10.0, 0.0, 13.0, 0.0, 9.0, 0.0, 8.0, -11.0, 10.0, 13.0]"
2,1791632459.7789233,"[-0.08712299999999118, -5.096910000000008, -1.229705999999993, -0.17501400000000444, -0.08712299999999118, -4.657454999999999, 0.17654999999999177, -0.17501400000000444, 0.17654999999999177, -5.184800999999993, -1.1418150000000082, 0.3523319999999899, -1.229705999999993, 177.98004300000002, 40.342737, 25.840722]","[1.0, 0.0, 1.0, 0.0, 1.0, 0.0, 0.0, 0.0, 0.0, 0.0, 0.0, 0.0, 0.0, 0.0, 1.0, 1.0]","[0.0, 34.0, 16.0, 2.0, 0.0, 30.0, -10.0, 10.0, -15.0, 35.0, 12.0, -10.0, 11.0, 17.0, -11.0, -15.0]"
2,1791632460.002518,"[-0.08712299999999118, -5.096910000000008, -0.790251000000012, 0.08865900000000693, -0.08712299999999118, -4.481673000000001, 0.7038960000000145, 0.0007679999999936626, 0.17654999999999177, -4.833236999999997, -0.9660330000000101, 0.44022300000000314, -1.229705999999993, 177.71636999999998, 40.518519, 25.840722]","[0.0, 1.0, 1.0, 1.0, 1.0, 1.0, 1.0, 1.0, 0.0, 0.0, 2.0, 1.0, 0.0, 0.0, 1.0, 1.0]","[0.0, 41.0, 17.0, 14.0, 0.0, 47.0, 10.0, 13.0, -15.0, 41.0, 16.0, 10.0, 15.0, -12.0, 11.0, 13.0]"
2,1791632460.2293272,"[-0.08712299999999118, -4.745346000000012, -0.08712299999999118, 0.6160050000000012, -0.08712299999999118, -3.60276300000001, 1.407024000000007, 0.08865900000000693, 0.17654999999999177, -4.833236999999997, -0.6144689999999855, 0.6160050000000012, -1.229705999999993, 177.452697, 40.518519, 26.368067999999994]","[0.0, 1.0, 3.0, 2.0, 1.0, 0.0, 2.0, 1.0, 0.0, 0.0, 1.0, 1.0, 0.0, 0.0, 1.0, 1.0]","[0.0, 48.0, 19.0, 15.0, 0.0, 56.0, 11.0, 15.0, -14.0, 51.0, 16.0, 11.0, 19.0, -23.0, 13.0, 15.0]"
2,1791632460.4513252,"[-0.08712299999999118, -4.745346000000012, 0.8796780000000126, 1.582806000000005, -0.08712299999999118, -2.0207249999999988, 2.0222610000000145, 1.582806000000005, 0.17654999999999177, -4.833236999999997, 0.26444100000000503, 0.8796780000000126, -1.1418150000000082, 176.398005, 41.309538, 27.159087]","[0.0, 1.0, 1.0, 3.0, 1.0, 9.0, 1.0, 3.0, 0.0, 1.0, 1.0, 1.0, 0.0, -2.0, 4.0, 1.0]","[0.0, 59.0, 19.0, 17.0, 0.0, 56.0, 12.0, 13.0, -15.0, 62.0, 17.0, 13.0, 26.0, -35.0, 14.0, 14.0]"
2,1791632460.6743886,"[-0.08712299999999118, -3.514871999999997, 1.7585880000000031, 2.3738250000000107, -0.08712299999999118, 0.7917869999999994, 2.813279999999992, 2.2859339999999975, 0.17654999999999177, -4.833236999999997, 1.4949149999999918, 1.9343700000000013, -1.1418150000000082, 173.14603799999998, 42.188447999999994, 28.125888000000003]","[0.0, 4.0, 1.0, 1.0, 1.0, 5.0, 1.0, 1.0, 0.0, 1.0, 1.0, 3.0, 1.0, -4.0, 1.0, 2.0]","[0.0, 55.0, 20.0, 16.0, 0.0, 52.0, 12.0, 15.0, -14.0, 74.0, 15.0, 13.0, 32.0, -35.0, 14.0, 14.0]"
2,1791632460.8982313,"[-0.08712299999999118, -3.2511989999999855, 2.901171000000005, 3.6042989999999975, -0.08712299999999118, 2.1101519999999994, 3.6042989999999975, 3.4285169999999994, 0.17654999999999177, -3.1633080000000007, 2.2859339999999975, 3.076953000000003, -1.1418150000000082, 169.71828900000003, 42.979467, 29.268471000000005]","[1.0, 1.0, 3.0, 3.0, 1.0, 1.0, 3.0, 1.0, 0.0, 1.0, 2.0, 4.0, 1.0, -5.0, 4.0, 3.0]","[0.0, 64.0, 18.0, 15.0, 0.0, 61.0, 13.0, 12.0, -14.0, 65.0, 17.0, 13.0, 40.0, -32.0, 14.0, 14.0]"
2,1791632461.1240082,"[-0.08712299999999118, -1.053923999999995, 3.7800809999999956, 4.483208999999988, -0.08712299999999118, 4.131644999999992, 4.483208999999988, 4.395318000000003, 0.17654999999999177, -3.1633080000000007, 3.3406260000000145, 4.043754000000007, 1.2312420000000088, 168.487815, 44.56150500000001, 30.147380999999996]","[0.0, 5.0, 3.0, 1.0, 1.0, 3.0, 1.0, 1.0, 0.0, 1.0, 4.0, 1.0, 9.0, 1.0, 4.0, 1.0]","[0.0, 55.0, 23.0, 17.0, 0.0, 61.0, 14.0, 14.0, -14.0, 80.0, 16.0, 13.0, 28.0, -46.0, 13.0, 14.0]"
2,1791632461.3454213,"[-0.08712299999999118, -1.053923999999995, 4.834773000000013, 5.713683000000003, -0.08712299999999118, 6.328920000000011, 5.362119000000007, 5.274227999999994, 0.17654999999999177, -1.7570519999999874, 4.30742699999999, 4.9226639999999975, 2.1101519999999994, 164.708502, 44.649395999999996, 31.202073000000013]","[1.0, 1.0, 2.0, 2.0, 1.0, 2.0, 1.0, 1.0, 0.0, 13.0, 1.0, 2.0, 1.0, -10.0, 1.0, 1.0]","[0.0, 63.0, 20.0, 15.0, 0.0, 57.0, 14.0, 14.0, -15.0, 65.0, 16.0, 13.0, 30.0, -38.0, 16.0, 14.0]"
2,1791632461.5710132,"[-0.08712299999999118, -1.053923999999995, 5.889465000000001, 6.592592999999994, -0.08712299999999118, 8.26252199999999, 6.504702000000009, 6.592592999999994, 0.17654999999999177, 0.08865900000000693, 5.537901000000005, 6.2410289999999975, 3.3406260000000145, 161.544426, 46.582998, 32.256765]","[0.0, 1.0, 1.0, 3.0, 1.0, 2.0, 3.0, 1.0, 0.0, 1.0, 3.0, 3.0, 3.0, -6.0, 5.0, 2.0]","[0.0, 73.0, 20.0, 16.0, 0.0, 60.0, 13.0, 12.0, -14.0, 63.0, 16.0, 14.0, 29.0, -35.0, 13.0, 14.0]"
2,1791632461.797296,"[-0.08712299999999118, 1.4949149999999918, 6.065246999999999, 7.5593939999999975, -0.08712299999999118, 10.371905999999996, 7.383611999999999, 7.735175999999996, 0.17654999999999177, 0.08865900000000693, 5.537901000000005, 7.032048000000003, 4.219536000000005, 158.204568, 47.461907999999994, 33.31145699999999]","[0.0, 5.0, 4.0, 2.0, 1.0, 3.0, 3.0, 2.0, 0.0, 1.0, 1.0, 1.0, 1.0, -4.0, 2.0, 2.0]","[0.0, 55.0, 23.0, 16.0, 0.0, 58.0, 13.0, 12.0, -14.0, 76.0, 19.0, 13.0, 29.0, -33.0, 13.0, 14.0]"
2,1791632462.0203028,"[0.0007679999999936626, 1.4949149999999918, 7.910957999999994, 8.614086000000015, -0.08712299999999118, 11.690270999999996, 8.350413000000003, 8.701977, 0.17654999999999177, 0.08865900000000693, 7.383611999999999, 8.086739999999992, 5.537901000000005, 155.304165, 48.34081800000001, 34.36614900000001]","[1.0, 1.0, 2.0, 1.0, 1.0, 3.0, 3.0, 2.0, 0.0, 1.0, 4.0, 3.0, 8.0, -4.0, 1.0, 3.0]","[-1.0, 67.0, 19.0, 16.0, 0.0, 62.0, 14.0, 13.0, -14.0, 88.0, 15.0, 13.0, 26.0, -36.0, 13.0, 14.0]"
2,1791632462.2452667,"[-0.08712299999999118, 3.4285169999999994, 8.701977, 9.668778000000003, -0.08712299999999118, 13.975437, 9.317214000000007, 9.492996000000005, 0.17654999999999177, 3.076953000000003, 8.350413000000003, 9.229322999999994, 6.592592999999994, 152.40376200000003, 49.571292, 35.33295000000001]","[0.0, 7.0, 3.0, 4.0, 1.0, 10.0, 1.0, 1.0, 0.0, 12.0, 1.0, 3.0, 0.0, -5.0, 5.0, 1.0]","[0.0, 53.0, 20.0, 16.0, 0.0, 59.0, 13.0, 13.0, -14.0, 57.0, 17.0, 13.0, 26.0, -34.0, 13.0, 14.0]"
2,1791632462.4686785,"[-0.08712299999999118, 3.5164080000000126, 9.844560000000001, 10.723469999999992, -0.08712299999999118, 16.348493999999988, 10.28401500000001, 10.635579000000007, 0.17654999999999177, 4.30742699999999, 9.229322999999994, 9.932451000000015, 7.735175999999996, 150.20648699999998, 50.45020199999999, 36.21186]","[0.0, 1.0, 2.0, 3.0, 1.0, 2.0, 1.0, 4.0, 0.0, 1.0, 4.0, 1.0, 7.0, 0.0, 3.0, 1.0]","[0.0, 68.0, 20.0, 16.0, 0.0, 55.0, 13.0, 12.0, -14.0, 60.0, 16.0, 13.0, 25.0, -42.0, 13.0, 14.0]"
2,1791632462.693141,"[-0.08712299999999118, 3.5164080000000126, 10.723469999999992, 11.514488999999998, -0.08712299999999118, 18.36998700000001, 11.075033999999988, 11.514488999999998, 0.17654999999999177, 4.746881999999999, 9.932451000000015, 10.987143000000003, 8.877758999999998, 147.13030200000003, 51.50489400000001, 37.44233399999999]","[1.0, 1.0, 3.0, 3.0, 1.0, 6.0, 6.0, 1.0, 0.0, 2.0, 6.0, 1.0, 2.0, -2.0, 1.0, 1.0]","[-1.0, 81.0, 19.0, 16.0, 0.0, 52.0, 14.0, 12.0, -13.0, 66.0, 16.0, 13.0, 23.0, -43.0, 13.0, 14.0]"
2,1791632462.9149804,"[-0.08712299999999118, 6.065246999999999, 11.690270999999996, 12.657072, -0.08712299999999118, 20.303588999999988, 12.21761699999999, 12.744963000000013, 0.17654999999999177, 6.065246999999999, 10.89925199999999, 11.953944000000007, 8.877758999999998, 143.43887999999998, 52.47169500000001, 38.32124400000001]","[0.0, 11.0, 1.0, 3.0, 1.0, 5.0, 1.0, 5.0, 0.0, 6.0, 1.0, 2.0, 1.0, -8.0, 3.0, 1.0]","[0.0, 57.0, 20.0, 16.0, 0.0, 54.0, 14.0, 12.0, -14.0, 59.0, 18.0, 13.0, 30.0, -33.0, 13.0, 13.0]"
2,1791632463.140297,"[-0.08712299999999118, 7.647285000000011, 12.744963000000013, 13.53598199999999, -0.08712299999999118, 22.412972999999994, 13.272309000000007, 13.711763999999988, 0.17654999999999177, 7.207830000000001, 11.866052999999994, 12.832853999999998, 11.162925000000001, 140.27480400000002, 53.526387, 39.46382700000001]","[0.0, 1.0, 3.0, 1.0, 1.0, 8.0, 1.0, 2.0, 0.0, 1.0, 1.0, 4.0, 5.0, -4.0, 4.0, 0.0]","[0.0, 54.0, 20.0, 16.0, 0.0, 51.0, 14.0, 13.0, -14.0, 60.0, 19.0, 12.0, 20.0, -35.0, 13.0, 14.0]"
2,1791632463.3630118,"[-0.08712299999999118, 7.647285000000011, 13.799655000000001, 14.414892000000009, -0.08712299999999118, 24.78603000000001, 14.327000999999996, 14.502782999999994, 0.17654999999999177, 7.207830000000001, 13.096527000000009, 13.799655000000001, 11.338707, 137.198619, 54.58107900000002, 40.518519]","[0.0, 1.0, 3.0, 3.0, 1.0, 2.0, 1.0, 1.0, 0.0, 0.0, 1.0, 1.0, 2.0, -2.0, 2.0, 3.0]","[0.0, 67.0, 19.0, 16.0, 0.0, 55.0, 14.0, 14.0, -14.0, 73.0, 18.0, 15.0, 28.0, -33.0, 12.0, 14.0]"
2,1791632463.5863817,"[-0.08712299999999118, 7.823067000000009, 14.85434699999999, 15.469583999999998, -0.08712299999999118, 26.895413999999988, 15.55747500000001, 15.996929999999992, 0.17654999999999177, 7.910957999999994, 13.975437, 14.766456000000005, 13.096527000000009, 133.77087, 55.635771000000005, 41.48532]","[0.0, 3.0, 2.0, 3.0, 1.0, 6.0, 3.0, 4.0, 0.0, 10.0, 1.0, 3.0, 1.0, -7.0, 1.0, 1.0]","[0.0, 70.0, 20.0, 16.0, 0.0, 54.0, 12.0, 12.0, -13.0, 65.0, 18.0, 13.0, 25.0, -29.0, 13.0, 14.0]"
2,1791632463.810421,"[-0.08712299999999118, 10.547687999999994, 15.821147999999994, 16.436385, -0.08712299999999118, 28.829015999999996, 16.524276000000015, 16.87584000000001, 0.17654999999999177, 9.756668999999988, 15.118020000000001, 15.909039000000007, 13.887546000000015, 130.431012, 56.77835400000001, 42.54001199999999]","[0.0, 1.0, 1.0, 2.0, 1.0, 3.0, 1.0, 1.0, 0.0, 1.0, 1.0, 2.0, 1.0, -5.0, 3.0, 3.0]","[0.0, 58.0, 19.0, 16.0, 0.0, 47.0, 14.0, 12.0, -13.0, 66.0, 17.0, 15.0, 25.0, -27.0, 11.0, 14.0]"
2,1791632464.0370374,"[-0.08712299999999118, 10.547687999999994, 16.787948999999998, 17.403186000000005, -0.08712299999999118, 30.323162999999994, 17.75475, 17.930532, 0.17654999999999177, 9.756668999999988, 16.084821000000005, 16.87584000000001, 15.381693000000013, 127.44271800000001, 57.74515500000001, 43.506812999999994]","[0.0, 1.0, 1.0, 3.0, 1.0, 1.0, 4.0, 3.0, 0.0, 1.0, 1.0, 4.0, 4.0, -2.0, 5.0, 2.0]","[0.0, 69.0, 19.0, 17.0, 0.0, 60.0, 12.0, 11.0, -14.0, 79.0, 17.0, 15.0, 22.0, -29.0, 13.0, 14.0]"
2,1791632464.2609823,"[-0.08712299999999118, 10.547687999999994, 17.930532, 18.282095999999996, -0.08712299999999118, 33.04778400000001, 18.36998700000001, 18.897333000000003, 0.17654999999999177, 9.756668999999988, 17.315294999999992, 18.018423000000013, 15.381693000000013, 124.89387900000003, 59.06352000000001, 44.38572300000001]","[1.0, 1.0, 1.0, 1.0, 1.0, 7.0, 1.0, 2.0, 0.0, 1.0, 1.0, 4.0, 1.0, -3.0, 3.0, 1.0]","[0.0, 81.0, 18.0, 16.0, 0.0, 48.0, 14.0, 12.0, -14.0, 92.0, 16.0, 13.0, 27.0, -30.0, 12.0, 13.0]"
2,1791632464.48219,"[-0.08712299999999118, 13.096527000000009, 18.897333000000003, 19.424678999999998, -0.08712299999999118, 34.893495, 18.985223999999988, 19.776242999999994, 0.17654999999999177, 9.756668999999988, 18.282095999999996, 18.897333000000003, 17.315294999999992, 122.34503999999998, 60.030321000000015, 45.528306000000015]","[0.0, 7.0, 3.0, 2.0, 1.0, 3.0, 1.0, 1.0, 0.0, 1.0, 2.0, 2.0, 5.0, -2.0, 3.0, 1.0]","[0.0, 60.0, 18.0, 16.0, 0.0, 53.0, 15.0, 12.0, -15.0, 106.0, 16.0, 13.0, 19.0, -32.0, 12.0, 14.0]"
2,1791632464.7090523,"[-0.08712299999999118, 13.096527000000009, 19.952024999999992, 20.39148, -0.08712299999999118, 37.26655199999999, 20.039916000000005, 20.743043999999998, 0.17654999999999177, 14.063328000000013, 19.424678999999998, 20.039916000000005, 17.842641000000015, 118.38994500000001, 61.17290400000002, 46.49510699999999]","[1.0, 1.0, 1.0, 1.0, 1.0, 9.0, 3.0, 1.0, 0.0, 20.0, 5.0, 3.0, 1.0, -6.0, 2.0, 1.0]","[0.0, 73.0, 19.0, 16.0, 0.0, 43.0, 14.0, 13.0, -15.0, 53.0, 16.0, 13.0, 23.0, -29.0, 11.0, 13.0]"
2,1791632464.9317596,"[-0.08712299999999118, 14.063328000000013, 21.00671700000001, 21.534063000000003, -0.08712299999999118, 39.200154, 20.83093500000001, 21.885627, 0.17654999999999177, 14.414892000000009, 20.567262, 21.094607999999994, 19.424678999999998, 114.87430499999999, 62.227596000000005, 47.725581000000005]","[0.0, 11.0, 2.0, 2.0, 1.0, 2.0, 1.0, 3.0, 0.0, 1.0, 2.0, 2.0, 3.0, -6.0, 2.0, 3.0]","[0.0, 61.0, 19.0, 16.0, 0.0, 50.0, 16.0, 12.0, -14.0, 70.0, 16.0, 12.0, 20.0, -24.0, 10.0, 13.0]"
2,1791632465.1546135,"[-0.08712299999999118, 16.436385, 22.061408999999998, 22.500864000000007, -0.08712299999999118, 41.573211000000015, 21.973518000000013, 22.852428000000003, 0.17654999999999177, 14.502782999999994, 20.655153000000013, 22.237190999999996, 20.567262, 111.71022900000003, 63.45806999999999, 48.604490999999996]","[0.0, 7.0, 1.0, 1.0, 1.0, 5.0, 2.0, 2.0, 0.0, 1.0, 1.0, 2.0, 1.0, -6.0, 3.0, 2.0]","[0.0, 54.0, 19.0, 16.0, 0.0, 45.0, 15.0, 12.0, -14.0, 82.0, 18.0, 13.0, 20.0, -23.0, 10.0, 14.0]"
2,1791632465.380938,"[-0.08712299999999118, 16.787948999999998, 22.852428000000003, 23.116101000000015, -0.08712299999999118, 43.946268, 22.588754999999992, 23.995011000000005, 0.17654999999999177, 17.139512999999994, 22.32508200000001, 22.32508200000001, 21.709845, 108.80982599999999, 64.51276200000001, 49.483401000000015]","[0.0, 1.0, 1.0, 6.0, 1.0, 12.0, 1.0, 3.0, 0.0, 10.0, 2.0, 1.0, 4.0, -2.0, 3.0, 1.0]","[0.0, 64.0, 20.0, 17.0, 0.0, 36.0, 16.0, 12.0, -14.0, 55.0, 16.0, 15.0, 19.0, -25.0, 11.0, 14.0]"
2,1791632465.6022294,"[-0.08712299999999118, 16.787948999999998, 23.907119999999992, 24.522357, -0.08712299999999118, 46.05565200000001, 23.64344700000001, 24.96181200000001, 0.17654999999999177, 18.985223999999988, 23.46766500000001, 24.08290199999999, 21.709845, 105.20629500000001, 64.68854400000001, 50.45020199999999]","[0.0, 1.0, 3.0, 2.0, 1.0, 3.0, 3.0, 2.0, 0.0, 1.0, 2.0, 4.0, 1.0, -7.0, 3.0, 2.0]","[0.0, 75.0, 20.0, 16.0, 0.0, 38.0, 16.0, 12.0, -14.0, 53.0, 16.0, 12.0, 26.0, -18.0, 12.0, 14.0]"
2,1791632465.8271325,"[-0.08712299999999118, 19.336788000000013, 24.78603000000001, 25.489158000000003, -0.08712299999999118, 47.37401700000001, 24.78603000000001, 25.840722, 0.17654999999999177, 18.985223999999988, 24.346575, 25.313376000000005, 22.500864000000007, 103.71214800000001, 65.65534500000001, 50.97754800000001]","[0.0, 3.0, 1.0, 1.0, 1.0, 3.0, 3.0, 2.0, 0.0, 1.0, 1.0, 1.0, 1.0, 0.0, 1.0, 1.0]","[0.0, 57.0, 20.0, 17.0, 0.0, 47.0, 16.0, 12.0, -15.0, 65.0, 16.0, 12.0, 28.0, -30.0, 12.0, 15.0]"
2,1791632466.0511036,"[-0.08712299999999118, 19.336788000000013, 25.752831000000015, 26.543849999999992, -0.08712299999999118, 49.219728, 25.840722, 26.895413999999988, 0.17654999999999177, 19.864134000000007, 25.489158000000003, 26.192285999999996, 22.588754999999992, 103.18480199999999, 65.567454, 51.15333000000001]","[0.0, 0.0, 2.0, 3.0, 1.0, 2.0, 2.0, 1.0, 0.0, 7.0, 4.0, 1.0, 1.0, 0.0, 0.0, 1.0]","[0.0, 67.0, 20.0, 15.0, 0.0, 51.0, 16.0, 12.0, -14.0, 60.0, 16.0, 14.0, 34.0, -54.0, 16.0, 18.0]"
2,1791632466.274202,"[-0.08712299999999118, 21.621953999999988, 26.631741000000005, 27.59854200000001, -0.08712299999999118, 52.208022, 27.071196000000015, 27.686432999999994, 0.17654999999999177, 22.32508200000001, 25.66494, 27.510650999999996, 22.500864000000007, 102.30589200000003, 65.65534500000001, 51.32911200000001]","[0.0, 8.0, 1.0, 1.0, 1.0, 7.0, 1.0, 1.0, 0.0, 8.0, 1.0, 2.0, 1.0, 0.0, 1.0, 1.0]","[0.0, 52.0, 20.0, 16.0, 0.0, 35.0, 14.0, 12.0, -15.0, 43.0, 17.0, 12.0, 42.0, -80.0, 23.0, 20.0]"
2,1791632466.500014,"[-0.08712299999999118, 21.621953999999988, 27.774324000000007, 28.74112500000001, -0.08712299999999118, 54.22951499999999, 28.213778999999988, 28.74112500000001, 0.17654999999999177, 23.731337999999994, 27.59854200000001, 28.565343000000013, 22.237190999999996, 102.74534699999998, 65.65534500000001, 51.32911200000001]","[0.0, 1.0, 3.0, 3.0, 1.0, 3.0, 2.0, 2.0, 0.0, 2.0, 2.0, 2.0, 0.0, 1.0, 1.0, 0.0]","[0.0, 63.0, 20.0, 16.0, 0.0, 39.0, 15.0, 12.0, -13.0, 41.0, 16.0, 13.0, 8.0, -10.0, 10.0, 7.0]"
2,1791632466.7248094,"[-0.08712299999999118, 22.852428000000003, 28.653233999999998, 29.620035, -0.08712299999999118, 56.60257200000001, 29.444253000000003, 29.971598999999998, 0.17654999999999177, 23.819229000000007, 28.477452, 29.620035, 22.237190999999996, 102.74534699999998, 65.65534500000001, 51.32911200000001]","[0.0, 5.0, 3.0, 3.0, 1.0, 6.0, 4.0, 1.0, 0.0, 1.0, 1.0, 2.0, 0.0, 1.0, 1.0, 0.0]","[0.0, 60.0, 20.0, 16.0, 0.0, 33.0, 14.0, 12.0, -14.0, 54.0, 16.0, 12.0, 9.0, -11.0, 9.0, 0.0]"
2,1791632466.9494395,"[-0.08712299999999118, 24.170793000000003, 29.795817, 30.850508999999988, -0.08712299999999118, 58.711956000000015, 30.586836000000005, 31.114182, 0.17654999999999177, 23.819229000000007, 29.707926000000015, 30.67472699999999, 22.237190999999996, 102.74534699999998, 65.65534500000001, 51.241220999999996]","[0.0, 1.0, 4.0, 3.0, 0.0, 5.0, 3.0, 4.0, 0.0, 1.0, 3.0, 3.0, 0.0, 0.0, 1.0, 0.0]","[0.0, 60.0, 20.0, 14.0, 0.0, 33.0, 13.0, 11.0, -14.0, 66.0, 15.0, 12.0, 9.0, -11.0, 10.0, 13.0]"
2,1791632467.1711037,"[-0.08712299999999118, 26.016503999999998, 30.67472699999999, 31.729419000000007, -0.08712299999999118, 61.612359, 31.55363700000001, 31.99309199999999, 0.17654999999999177, 26.192285999999996, 30.23527200000001, 31.55363700000001, 22.237190999999996, 102.74534699999998, 65.65534500000001, 51.241220999999996]","[0.0, 7.0, 1.0, 1.0, 0.0, 8.0, 1.0, 1.0, 0.0, 11.0, 1.0, 1.0, 0.0, 1.0, 1.0, 1.0]","[0.0, 46.0, 19.0, 16.0, 0.0, 26.0, 14.0, 11.0, -14.0, 44.0, 16.0, 12.0, 9.0, -11.0, 10.0, 12.0]"
2,1791632467.395705,"[-0.08712299999999118, 26.368067999999994, 31.729419000000007, 32.784110999999996, -0.08712299999999118, 63.721743000000004, 32.784110999999996, 32.87200200000001, 0.17654999999999177, 27.862214999999992, 31.465745999999996, 32.432547, 22.237190999999996, 102.74534699999998, 65.65534500000001, 51.241220999999996]","[0.0, 1.0, 1.0, 3.0, 0.0, 5.0, 3.0, 1.0, 0.0, 2.0, 1.0, 1.0, 0.0, 1.0, 1.0, 1.0]","[0.0, 58.0, 22.0, 15.0, 0.0, 26.0, 12.0, 11.0, -14.0, 43.0, 15.0, 12.0, 8.0, -11.0, 10.0, 13.0]"
2,1791632467.6209106,"[-0.08712299999999118, 26.368067999999994, 32.959892999999994, 33.83880300000001, 0.0007679999999936626, 64.95221699999999, 33.399348, 33.83880300000001, 0.17654999999999177, 28.477452, 32.784110999999996, 33.57513, 22.237190999999996, 102.74534699999998, 65.65534500000001, 51.32911200000001]","[0.0, 1.0, 4.0, 1.0, 1.0, 1.0, 1.0, 1.0, 0.0, 1.0, 2.0, 4.0, 0.0, 1.0, 1.0, 1.0]","[0.0, 68.0, 18.0, 15.0, -10.0, 33.0, 14.0, 11.0, -14.0, 47.0, 15.0, 11.0, 8.0, -11.0, 10.0, 3.0]"
2,1791632467.8425512,"[-0.08712299999999118, 29.268471000000005, 33.926694, 34.893495, 0.0007679999999936626, 64.95221699999999, 33.399348, 34.36614900000001, 0.17654999999999177, 28.477452, 33.57513, 34.45403999999999, 22.237190999999996, 102.74534699999998, 65.65534500000001, 51.241220999999996]","[0.0, 7.0, 3.0, 3.0, 1.0, 1.0, 1.0, 3.0, 0.0, 1.0, 1.0, 2.0, 0.0, 1.0, 1.0, 0.0]","[0.0, 45.0, 19.0, 14.0, -11.0, 52.0, 18.0, 13.0, -14.0, 58.0, 16.0, 12.0, 9.0, -11.0, 10.0, 10.0]"
2,1791632468.0673215,"[-0.08712299999999118, 30.586836000000005, 35.069277, 35.860296000000005, -0.08712299999999118, 65.567454, 33.663021000000015, 34.981386000000015, 0.17654999999999177, 28.477452, 34.80560399999999, 35.245059, 22.237190999999996, 102.74534699999998, 65.65534500000001, 51.241220999999996]","[0.0, 3.0, 4.0, 1.0, 0.0, 1.0, 1.0, 1.0, 0.0, 1.0, 3.0, 2.0, 0.0, 1.0, 1.0, 1.0]","[0.0, 46.0, 18.0, 16.0, 0.0, 66.0, 21.0, 16.0, -14.0, 69.0, 15.0, 13.0, 9.0, -12.0, 9.0, 13.0]"
2,1791632468.2927568,"[-0.08712299999999118, 30.586836000000005, 36.21186, 36.739205999999996, -0.08712299999999118, 65.65534500000001, 33.750912, 35.420840999999996, 0.17654999999999177, 30.9384, 35.596622999999994, 36.387642, 22.237190999999996, 102.74534699999998, 65.65534500000001, 51.32911200000001]","[0.0, 1.0, 4.0, 1.0, 0.0, 1.0, 1.0, 1.0, 0.0, 10.0, 3.0, 1.0, 0.0, 1.0, 1.0, 1.0]","[0.0, 55.0, 18.0, 16.0, 0.0, 92.0, 29.0, 17.0, -15.0, 49.0, 15.0, 12.0, 8.0, -11.0, 10.0, 3.0]"
2,1791632468.5161407,"[-0.08712299999999118, 32.16887399999999, 37.178661000000005, 37.881789, -0.08712299999999118, 66.27058199999999, 33.750912, 35.77240499999999, 0.17654999999999177, 32.256765, 36.82709700000001, 37.354443, 22.237190999999996, 102.74534699999998, 65.65534500000001, 51.241220999999996]","[0.0, 3.0, 1.0, 3.0, 0.0, 1.0, 1.0, 1.0, 0.0, 1.0, 4.0, 2.0, 0.0, 1.0, 1.0, 1.0]","[0.0, 47.0, 17.0, 16.0, 0.0, 114.0, 36.0, 18.0, -13.0, 49.0, 14.0, 12.0, 8.0, -11.0, 10.0, 11.0]"
2,1791632468.7384539,"[-0.08712299999999118, 32.256765, 38.40913499999999, 38.58491699999999, -0.08712299999999118, 64.95221699999999, 33.663021000000015, 35.77240499999999, 0.17654999999999177, 32.256765, 37.79389800000001, 38.497026000000005, 22.237190999999996, 102.74534699999998, 65.65534500000001, 51.241220999999996]","[0.0, 1.0, 2.0, 1.0, 0.0, 0.0, 0.0, 1.0, 0.0, 0.0, 2.0, 4.0, 0.0, 1.0, 1.0, 1.0]","[0.0, 61.0, 17.0, 16.0, 0.0, 13.0, 11.0, 0.0, -15.0, 59.0, 14.0, 12.0, 8.0, -11.0, 10.0, 11.0]"
2,1791632468.962911,"[-0.08712299999999118, 34.45403999999999, 39.28804500000001, 39.63960900000001, -0.08712299999999118, 64.864326, 33.663021000000015, 35.77240499999999, 0.17654999999999177, 32.256765, 38.936481000000015, 39.46382700000001, 22.237190999999996, 102.74534699999998, 65.65534500000001, 51.241220999999996]","[0.0, 9.0, 1.0, 2.0, 1.0, 1.0, 0.0, 0.0, 0.0, 0.0, 1.0, 3.0, 0.0, 1.0, 1.0, 0.0]","[0.0, 43.0, 18.0, 16.0, -1.0, 14.0, 10.0, 0.0, -14.0, 71.0, 13.0, 12.0, 8.0, -12.0, 10.0, 13.0]"
2,1791632469.1858602,"[-0.08712299999999118, 35.50873200000001, 40.518519, 40.694300999999996, -0.08712299999999118, 64.864326, 33.663021000000015, 35.77240499999999, 0.17654999999999177, 34.981386000000015, 39.90328199999999, 40.60641000000001, 22.237190999999996, 102.74534699999998, 65.65534500000001, 51.241220999999996]","[0.0, 1.0, 2.0, 1.0, 0.0, 0.0, 0.0, 1.0, 0.0, 9.0, 2.0, 3.0, 0.0, 1.0, 1.0, 0.0]","[0.0, 44.0, 17.0, 16.0, 0.0, 14.0, 10.0, 0.0, -14.0, 47.0, 14.0, 12.0, 8.0, -11.0, 10.0, 13.0]"
2,1791632469.4124322,"[-0.08712299999999118, 35.596622999999994, 41.74899300000001, 41.661102, -0.08712299999999118, 64.864326, 33.663021000000015, 35.77240499999999, 0.17654999999999177, 36.82709700000001, 41.133756000000005, 41.573211000000015, 22.237190999999996, 102.74534699999998, 65.65534500000001, 51.241220999999996]","[0.0, 1.0, 4.0, 3.0, 0.0, 0.0, 0.0, 1.0, 0.0, 2.0, 1.0, 1.0, 0.0, 1.0, 1.0, 1.0]","[0.0, 55.0, 16.0, 16.0, 0.0, 14.0, 10.0, 0.0, -14.0, 43.0, 13.0, 11.0, 9.0, -11.0, 9.0, 13.0]"
2,1791632469.635039,"[-0.08712299999999118, 37.79389800000001, 42.71579399999999, 42.891576000000015, -0.08712299999999118, 64.864326, 33.663021000000015, 35.77240499999999, 0.17654999999999177, 37.00287900000001, 42.36422999999999, 42.71579399999999, 22.237190999999996, 102.74534699999998, 65.65534500000001, 51.241220999999996]","[0.0, 3.0, 2.0, 3.0, 1.0, 0.0, 0.0, 1.0, 0.0, 1.0, 2.0, 3.0, 0.0, 1.0, 1.0, 1.0]","[0.0, 39.0, 16.0, 15.0, 0.0, 13.0, 9.0, 0.0, -14.0, 52.0, 13.0, 11.0, 9.0, -11.0, 10.0, 13.0]"
2,1791632469.859824,"[-0.08712299999999118, 37.79389800000001, 43.770486000000005, 43.506812999999994, -0.08712299999999118, 64.864326, 33.663021000000015, 35.77240499999999, 0.17654999999999177, 37.00287900000001, 43.155249, 43.68259499999999, 22.237190999999996, 102.74534699999998, 65.65534500000001, 51.241220999999996]","[0.0, 1.0, 2.0, 1.0, 0.0, 0.0, 0.0, 1.0, 0.0, 1.0, 1.0, 3.0, 0.0, 1.0, 1.0, 1.0]","[0.0, 50.0, 15.0, 15.0, 0.0, 14.0, 9.0, 0.0, -15.0, 63.0, 13.0, 11.0, 9.0, -12.0, 10.0, 13.0]"
2,1791632470.084459,"[-0.08712299999999118, 37.881789, 44.73728700000001, 45.00095999999999, 0.0007679999999936626, 64.864326, 33.663021000000015, 35.77240499999999, 0.17654999999999177, 39.72749999999999, 44.38572300000001, 44.91306900000001, 22.237190999999996, 102.74534699999998, 65.65534500000001, 51.241220999999996]","[0.0, 1.0, 1.0, 4.0, 1.0, 0.0, 0.0, 1.0, 0.0, 10.0, 1.0, 3.0, 0.0, 1.0, 1.0, 0.0]","[0.0, 62.0, 16.0, 15.0, -3.0, 13.0, 9.0, 0.0, -15.0, 39.0, 13.0, 10.0, 9.0, -11.0, 10.0, 13.0]"
2,1791632470.3075583,"[-0.08712299999999118, 41.04586499999999, 45.791979, 45.87987000000001, -0.08712299999999118, 64.864326, 33.663021000000015, 35.77240499999999, 0.17654999999999177, 41.661102, 45.528306000000015, 45.87987000000001, 22.237190999999996, 102.74534699999998, 65.65534500000001, 51.241220999999996]","[0.0, 5.0, 3.0, 2.0, 0.0, 0.0, 0.0, 1.0, 0.0, 1.0, 3.0, 1.0, 0.0, 1.0, 1.0, 1.0]","[0.0, 40.0, 17.0, 14.0, 0.0, 13.0, 10.0, 0.0, -14.0, 35.0, 12.0, 11.0, 9.0, -11.0, 10.0, 13.0]"
2,1791632470.5300457,"[-0.08712299999999118, 41.661102, 46.846671000000015, 47.19823500000001, -0.08712299999999118, 64.864326, 33.663021000000015, 35.77240499999999, 0.17654999999999177, 41.661102, 46.49510699999999, 47.110344, 22.237190999999996, 102.74534699999998, 65.65534500000001, 51.241220999999996]","[0.0, 1.0, 2.0, 1.0, 0.0, 0.0, 0.0, 1.0, 0.0, 1.0, 1.0, 2.0, 0.0, 1.0, 1.0, 1.0]","[0.0, 42.0, 16.0, 14.0, 0.0, 13.0, 10.0, 0.0, -14.0, 45.0, 11.0, 11.0, 11.0, -10.0, 10.0, 13.0]"
2,1791632470.756436,"[-0.08712299999999118, 43.331030999999996, 47.901363, 48.165036000000015, -0.08712299999999118, 64.864326, 33.663021000000015, 35.77240499999999, 0.17654999999999177, 43.41892200000001, 47.63768999999999, 48.165036000000015, 22.237190999999996, 102.74534699999998, 65.65534500000001, 51.241220999999996]","[0.0, 4.0, 3.0, 1.0, 0.0, 0.0, 0.0, 1.0, 0.0, 3.0, 3.0, 4.0, 0.0, 1.0, 1.0, 0.0]","[0.0, 37.0, 16.0, 15.0, 0.0, 13.0, 10.0, 0.0, -14.0, 37.0, 11.0, 10.0, 10.0, -11.0, 10.0, 13.0]"
2,1791632470.9777997,"[-0.08712299999999118, 44.56150500000001, 48.780272999999994, 49.30761899999999, -0.08712299999999118, 64.864326, 33.663021000000015, 35.77240499999999, 0.17654999999999177, 43.41892200000001, 48.51660000000001, 49.043946000000005, 22.237190999999996, 102.74534699999998, 65.65534500000001, 51.241220999999996]","[0.0, 1.0, 1.0, 3.0, 0.0, 0.0, 0.0, 1.0, 0.0, 1.0, 1.0, 1.0, 0.0, 1.0, 1.0, 1.0]","[0.0, 37.0, 16.0, 15.0, 0.0, 14.0, 10.0, 0.0, -14.0, 47.0, 12.0, 11.0, 9.0, -12.0, 9.0, 8.0]"
2,1791632471.2044115,"[-0.08712299999999118, 45.616197, 49.83496500000001, 50.538093, -0.08712299999999118, 64.864326, 33.663021000000015, 35.77240499999999, 0.17654999999999177, 46.23143400000001, 49.65918300000001, 50.18652900000001, 22.237190999999996, 102.74534699999998, 65.65534500000001, 51.241220999999996]","[0.0, 1.0, 2.0, 3.0, 0.0, 0.0, 0.0, 1.0, 0.0, 7.0, 3.0, 4.0, 0.0, 1.0, 1.0, 0.0]","[0.0, 36.0, 16.0, 14.0, 0.0, 14.0, 10.0, 0.0, -15.0, 31.0, 12.0, 10.0, 8.0, -12.0, 10.0, 14.0]"
2,1791632471.42707,"[-0.08712299999999118, 45.616197, 50.801766000000015, 51.50489400000001, -0.08712299999999118, 64.864326, 33.663021000000015, 35.77240499999999, 0.17654999999999177, 46.846671000000015, 50.889657, 50.97754800000001, 22.237190999999996, 102.74534699999998, 65.65534500000001, 51.241220999999996]","[0.0, 0.0, 2.0, 2.0, 0.0, 0.0, 0.0, 1.0, 0.0, 0.0, 4.0, 3.0, 0.0, 1.0, 1.0, 0.0]","[0.0, 45.0, 16.0, 14.0, 0.0, 14.0, 10.0, 0.0, -14.0, 34.0, 10.0, 11.0, 9.0, -12.0, 11.0, 13.0]"
2,1791632471.6507308,"[-0.08712299999999118, 47.98925399999999, 51.94434900000002, 52.559585999999996, -0.08712299999999118, 64.864326, 33.663021000000015, 35.77240499999999, 0.17654999999999177, 47.725581000000005, 51.856458, 52.03224, 22.237190999999996, 102.74534699999998, 65.65534500000001, 51.241220999999996]","[0.0, 6.0, 1.0, 2.0, 1.0, 0.0, 0.0, 1.0, 0.0, 4.0, 1.0, 1.0, 0.0, 1.0, 1.0, 0.0]","[0.0, 31.0, 15.0, 14.0, 0.0, 13.0, 10.0, 0.0, -14.0, 36.0, 11.0, 10.0, 9.0, -11.0, 10.0, 13.0]"
2,1791632471.874273,"[-0.08712299999999118, 49.13183699999999, 52.999041000000005, 53.526387, -0.08712299999999118, 64.864326, 33.663021000000015, 35.77240499999999, 0.17654999999999177, 49.219728, 52.999041000000005, 53.08693199999999, 22.237190999999996, 102.74534699999998, 65.65534500000001, 51.241220999999996]","[0.0, 1.0, 3.0, 1.0, 1.0, 0.0, 0.0, 1.0, 0.0, 7.0, 4.0, 3.0, 0.0, 1.0, 1.0, 1.0]","[0.0, 31.0, 16.0, 13.0, 0.0, 13.0, 10.0, 0.0, -14.0, 30.0, 11.0, 11.0, 10.0, -11.0, 10.0, 13.0]"
2,1791632472.098487,"[-0.08712299999999118, 50.18652900000001, 54.053732999999994, 54.40529699999999, -0.08712299999999118, 64.864326, 33.663021000000015, 35.77240499999999, 0.17654999999999177, 50.62598400000002, 53.877950999999996, 53.877950999999996, 22.237190999999996, 102.74534699999998, 65.65534500000001, 51.241220999999996]","[1.0, 4.0, 4.0, 2.0, 1.0, 0.0, 0.0, 1.0, 0.0, 1.0, 1.0, 1.0, 0.0, 1.0, 1.0, 0.0]","[0.0, 31.0, 14.0, 14.0, 0.0, 14.0, 10.0, 0.0, -14.0, 29.0, 12.0, 11.0, 9.0, -10.0, 10.0, 13.0]"
2,1791632472.323974,"[-0.08712299999999118, 50.18652900000001, 55.10842500000001, 55.635771000000005, -0.08712299999999118, 64.864326, 33.663021000000015, 35.77240499999999, 0.17654999999999177, 51.417002999999994, 54.844752, 55.020534, 22.237190999999996, 102.74534699999998, 65.65534500000001, 51.241220999999996]","[0.0, 1.0, 2.0, 3.0, 1.0, 0.0, 0.0, 1.0, 0.0, 5.0, 1.0, 1.0, 0.0, 1.0, 1.0, 0.0]","[0.0, 40.0, 15.0, 14.0, -4.0, 14.0, 10.0, 0.0, -14.0, 31.0, 11.0, 11.0, 10.0, -11.0, 10.0, 13.0]"
2,1791632472.5454535,"[0.0007679999999936626, 52.03224, 56.163117, 56.42679000000001, -0.08712299999999118, 64.864326, 33.663021000000015, 35.77240499999999, 0.17654999999999177, 51.680676000000005, 55.987335, 55.987335, 22.237190999999996, 102.74534699999998, 65.65534500000001, 51.241220999999996]","[0.0, 9.0, 2.0, 3.0, 0.0, 0.0, 0.0, 1.0, 0.0, 1.0, 1.0, 2.0, 0.0, 1.0, 1.0, 1.0]","[-1.0, 29.0, 15.0, 14.0, 0.0, 13.0, 10.0, 0.0, -14.0, 35.0, 10.0, 11.0, 9.0, -11.0, 10.0, 8.0]"
2,1791632472.772196,"[-0.08712299999999118, 53.702169, 57.21780900000002, 57.3057, -0.08712299999999118, 64.864326, 33.663021000000015, 35.77240499999999, 0.17654999999999177, 53.08693199999999, 56.86624499999999, 56.954136000000005, 22.237190999999996, 102.74534699999998, 65.65534500000001, 51.241220999999996]","[1.0, 3.0, 2.0, 1.0, 1.0, 0.0, 0.0, 1.0, 0.0, 4.0, 1.0, 1.0, 0.0, 1.0, 1.0, 0.0]","[0.0, 27.0, 15.0, 14.0, 0.0, 14.0, 9.0, 0.0, -14.0, 30.0, 11.0, 10.0, 11.0, -12.0, 10.0, 14.0]"
2,1791632472.9962523,"[0.0007679999999936626, 54.756861000000015, 58.448283, 58.36039199999999, -0.08712299999999118, 64.864326, 33.663021000000015, 35.77240499999999, 0.17654999999999177, 53.174823, 58.09671900000001, 58.008827999999994, 22.237190999999996, 102.74534699999998, 65.65534500000001, 51.241220999999996]","[1.0, 1.0, 4.0, 3.0, 1.0, 0.0, 0.0, 1.0, 0.0, 1.0, 2.0, 3.0, 0.0, 1.0, 1.0, 0.0]","[-5.0, 29.0, 13.0, 14.0, 0.0, 13.0, 10.0, 0.0, -14.0, 40.0, 10.0, 10.0, 9.0, -11.0, 10.0, 13.0]"
2,1791632473.2202728,"[-0.08712299999999118, 55.811553, 59.590866000000005, 59.23930200000001, -0.08712299999999118, 64.864326, 33.663021000000015, 35.77240499999999, 0.17654999999999177, 55.28420700000001, 59.06352000000001, 58.975629, 22.237190999999996, 102.74534699999998, 65.65534500000001, 51.241220999999996]","[0.0, 1.0, 3.0, 1.0, 0.0, 0.0, 0.0, 1.0, 0.0, 14.0, 4.0, 2.0, 0.0, 1.0, 1.0, 0.0]","[0.0, 28.0, 14.0, 14.0, 0.0, 13.0, 11.0, 0.0, -14.0, 26.0, 10.0, 10.0, 9.0, -11.0, 10.0, 13.0]"
2,1791632473.4437075,"[-0.08712299999999118, 56.954136000000005, 59.766648, 60.293994, -0.08712299999999118, 64.864326, 33.663021000000015, 35.77240499999999, 0.17654999999999177, 56.25100800000001, 59.41508400000001, 60.030321000000015, 22.237190999999996, 102.74534699999998, 65.65534500000001, 51.241220999999996]","[0.0, 3.0, 1.0, 1.0, 1.0, 0.0, 0.0, 1.0, 0.0, 0.0, 1.0, 1.0, 0.0, 1.0, 1.0, 0.0]","[0.0, 24.0, 13.0, 13.0, 0.0, 13.0, 9.0, 0.0, -14.0, 31.0, 10.0, 10.0, 10.0, -11.0, 9.0, 13.0]"
2,1791632473.6665084,"[-0.08712299999999118, 58.09671900000001, 59.766648, 61.436577, -0.08712299999999118, 64.864326, 33.663021000000015, 35.77240499999999, 0.17654999999999177, 56.25100800000001, 59.41508400000001, 60.99712199999999, 22.237190999999996, 102.74534699999998, 65.65534500000001, 51.241220999999996]","[1.0, 2.0, 1.0, 2.0, 0.0, 0.0, 0.0, 1.0, 0.0, 1.0, 1.0, 1.0, 0.0, 1.0, 1.0, 1.0]","[-4.0, 29.0, 14.0, 14.0, 0.0, 13.0, 10.0, 0.0, -15.0, 38.0, 9.0, 10.0, 10.0, -11.0, 10.0, 13.0]"
2,1791632473.8904755,"[0.0007679999999936626, 58.36039199999999, 59.766648, 62.13970499999999, -0.08712299999999118, 64.864326, 33.663021000000015, 35.77240499999999, 0.17654999999999177, 57.481482, 59.41508400000001, 62.13970499999999, 22.237190999999996, 102.74534699999998, 65.65534500000001, 51.241220999999996]","[0.0, 4.0, 0.0, 1.0, 1.0, 0.0, 0.0, 1.0, 0.0, 1.0, 1.0, 4.0, 0.0, 1.0, 1.0, 0.0]","[-2.0, 27.0, 13.0, 15.0, 0.0, 14.0, 10.0, 0.0, -15.0, 36.0, 10.0, 10.0, 9.0, -11.0, 9.0, 13.0]"
2,1791632474.114856,"[0.0007679999999936626, 59.85453900000002, 59.85453900000002, 63.37017900000001, -0.08712299999999118, 64.864326, 33.663021000000015, 35.77240499999999, 0.17654999999999177, 57.481482, 59.41508400000001, 63.106505999999996, 22.237190999999996, 102.74534699999998, 65.65534500000001, 51.241220999999996]","[1.0, 1.0, 1.0, 3.0, 1.0, 0.0, 0.0, 1.0, 0.0, 1.0, 1.0, 3.0, 0.0, 1.0, 1.0, 0.0]","[-9.0, 27.0, 13.0, 15.0, -1.0, 14.0, 9.0, 0.0, -14.0, 46.0, 10.0, 10.0, 10.0, -11.0, 10.0, 13.0]"
2,1791632474.3401277,"[0.0007679999999936626, 61.085013000000004, 59.85453900000002, 64.249089, -0.08712299999999118, 64.864326, 33.663021000000015, 35.77240499999999, 0.17654999999999177, 57.481482, 59.41508400000001, 63.985416000000015, 22.237190999999996, 102.74534699999998, 65.65534500000001, 51.241220999999996]","[2.0, 4.0, 1.0, 1.0, 0.0, 0.0, 0.0, 1.0, 0.0, 0.0, 1.0, 2.0, 0.0, 1.0, 1.0, 1.0]","[-9.0, 27.0, 14.0, 14.0, 0.0, 14.0, 10.0, 0.0, -14.0, 56.0, 9.0, 10.0, 11.0, -11.0, 11.0, 11.0]"
2,1791632474.562113,"[-0.08712299999999118, 62.403378000000004, 59.85453900000002, 65.30378100000001, 0.0007679999999936626, 64.864326, 33.663021000000015, 35.77240499999999, 0.17654999999999177, 60.645557999999994, 59.41508400000001, 65.040108, 22.237190999999996, 102.74534699999998, 65.65534500000001, 51.241220999999996]","[0.0, 3.0, 1.0, 1.0, 0.0, 0.0, 0.0, 1.0, 0.0, 5.0, 1.0, 1.0, 0.0, 1.0, 1.0, 1.0]","[-4.0, 21.0, 14.0, 14.0, -5.0, 13.0, 10.0, 0.0, -14.0, 36.0, 10.0, 10.0, 9.0, -11.0, 10.0, 12.0]"
2,1791632474.7881331,"[-0.08712299999999118, 63.45806999999999, 59.85453900000002, 66.44636400000002, 0.0007679999999936626, 64.864326, 33.663021000000015, 35.77240499999999, 0.17654999999999177, 61.085013000000004, 59.41508400000001, 66.00690900000001, 22.237190999999996, 102.74534699999998, 65.65534500000001, 51.241220999999996]","[0.0, 3.0, 1.0, 2.0, 0.0, 0.0, 0.0, 1.0, 0.0, 1.0, 1.0, 1.0, 0.0, 1.0, 1.0, 1.0]","[-6.0, 23.0, 14.0, 14.0, -11.0, 14.0, 10.0, 0.0, -14.0, 41.0, 10.0, 11.0, 9.0, -12.0, 9.0, 12.0]"
2,1791632475.012047,"[-0.08712299999999118, 64.33698000000001, 59.85453900000002, 67.501056, 0.0007679999999936626, 64.864326, 33.663021000000015, 35.77240499999999, 0.17654999999999177, 61.085013000000004, 59.41508400000001, 67.061601, 22.237190999999996, 102.74534699999998, 65.65534500000001, 51.241220999999996]","[1.0, 1.0, 1.0, 3.0, 0.0, 0.0, 0.0, 1.0, 0.0, 1.0, 1.0, 3.0, 0.0, 1.0, 1.0, 1.0]","[-3.0, 22.0, 14.0, 13.0, -12.0, 13.0, 9.0, 0.0, -14.0, 52.0, 10.0, 9.0, 10.0, -11.0, 9.0, 9.0]"
2,1791632475.2343795,"[0.0007679999999936626, 65.567454, 59.85453900000002, 68.46785700000001, -0.08712299999999118, 64.864326, 33.663021000000015, 35.77240499999999, 0.26444100000000503, 64.16119800000001, 59.41508400000001, 68.11629300000001, 22.237190999999996, 102.74534699999998, 65.65534500000001, 51.241220999999996]","[0.0, 3.0, 1.0, 2.0, 0.0, 0.0, 0.0, 0.0, 1.0, 12.0, 1.0, 3.0, 0.0, 1.0, 1.0, 0.0]","[-3.0, 21.0, 13.0, 14.0, 0.0, 14.0, 10.0, 0.0, -15.0, 27.0, 10.0, 11.0, 10.0, -11.0, 10.0, 13.0]"
2,1791632475.4572282,"[-0.08712299999999118, 66.79792800000001, 59.85453900000002, 69.522549, -0.08712299999999118, 64.864326, 33.663021000000015, 35.77240499999999, 0.17654999999999177, 66.44636400000002, 59.41508400000001, 68.90731199999999, 22.237190999999996, 102.74534699999998, 65.65534500000001, 51.32911200000001]","[0.0, 4.0, 1.0, 2.0, 0.0, 0.0, 0.0, 1.0, 0.0, 1.0, 1.0, 2.0, 0.0, 1.0, 1.0, 1.0]","[-3.0, 18.0, 14.0, 13.0, 0.0, 13.0, 10.0, 0.0, -14.0, 23.0, 9.0, 10.0, 10.0, -11.0, 9.0, 8.0]"
2,1791632475.6839933,"[-0.08712299999999118, 67.676838, 59.85453900000002, 70.313568, -0.08712299999999118, 64.864326, 33.663021000000015, 35.77240499999999, 0.17654999999999177, 67.676838, 59.41508400000001, 70.04989499999999, 22.237190999999996, 102.74534699999998, 65.65534500000001, 51.241220999999996]","[0.0, 8.0, 1.0, 3.0, 0.0, 0.0, 0.0, 1.0, 0.0, 4.0, 1.0, 2.0, 0.0, 1.0, 1.0, 1.0]","[-1.0, 19.0, 14.0, 15.0, 0.0, 13.0, 9.0, 0.0, -14.0, 21.0, 10.0, 10.0, 9.0, -11.0, 10.0, 9.0]"
2,1791632475.907996,"[-0.08712299999999118, 68.819421, 59.85453900000002, 71.54404199999999, -0.08712299999999118, 64.864326, 33.663021000000015, 35.77240499999999, 0.17654999999999177, 69.08309400000002, 59.41508400000001, 71.10458700000001, 22.237190999999996, 102.74534699999998, 65.65534500000001, 51.241220999999996]","[1.0, 2.0, 1.0, 3.0, 0.0, 0.0, 0.0, 1.0, 0.0, 2.0, 0.0, 3.0, 0.0, 1.0, 1.0, 1.0]","[-6.0, 19.0, 14.0, 13.0, 0.0, 13.0, 10.0, 0.0, -14.0, 19.0, 10.0, 10.0, 10.0, -12.0, 10.0, 13.0]"
2,1791632476.1286182,"[0.0007679999999936626, 69.78622200000001, 59.85453900000002, 72.42295200000001, -0.08712299999999118, 64.864326, 33.663021000000015, 35.77240499999999, 0.17654999999999177, 69.874113, 59.41508400000001, 72.07138800000001, 22.237190999999996, 102.74534699999998, 65.65534500000001, 51.241220999999996]","[1.0, 3.0, 1.0, 3.0, 0.0, 0.0, 0.0, 1.0, 0.0, 1.0, 1.0, 1.0, 0.0, 1.0, 1.0, 1.0]","[-1.0, 21.0, 14.0, 13.0, 0.0, 13.0, 10.0, 0.0, -14.0, 20.0, 9.0, 10.0, 9.0, -11.0, 10.0, 13.0]"
2,1791632476.3520246,"[-0.08712299999999118, 71.456151, 59.85453900000002, 73.477644, -0.08712299999999118, 64.864326, 33.663021000000015, 35.77240499999999, 0.17654999999999177, 70.75302300000001, 59.41508400000001, 72.950298, 22.237190999999996, 102.74534699999998, 65.65534500000001, 51.241220999999996]","[0.0, 6.0, 0.0, 3.0, 0.0, 0.0, 0.0, 1.0, 0.0, 1.0, 1.0, 1.0, 0.0, 1.0, 1.0, 1.0]","[-4.0, 16.0, 14.0, 13.0, 0.0, 13.0, 9.0, 0.0, -14.0, 20.0, 10.0, 10.0, 9.0, -11.0, 10.0, 12.0]"
2,1791632476.579946,"[0.0007679999999936626, 72.510843, 59.85453900000002, 74.35655400000002, -0.08712299999999118, 64.864326, 33.663021000000015, 35.77240499999999, 0.17654999999999177, 71.983497, 59.41508400000001, 74.00498999999999, 22.237190999999996, 102.74534699999998, 65.65534500000001, 51.241220999999996]","[1.0, 4.0, 1.0, 1.0, 0.0, 0.0, 0.0, 1.0, 0.0, 2.0, 0.0, 2.0, 0.0, 1.0, 1.0, 0.0]","[-9.0, 16.0, 14.0, 14.0, 0.0, 13.0, 10.0, 0.0, -14.0, 19.0, 10.0, 11.0, 9.0, -11.0, 10.0, 13.0]"
2,1791632476.8038726,"[0.0007679999999936626, 73.477644, 59.85453900000002, 75.411246, -0.08712299999999118, 64.864326, 33.663021000000015, 35.77240499999999, 0.26444100000000503, 73.12608, 59.41508400000001, 74.971791, 22.237190999999996, 102.74534699999998, 65.65534500000001, 51.241220999999996]","[1.0, 3.0, 1.0, 3.0, 0.0, 0.0, 0.0, 1.0, 2.0, 3.0, 0.0, 1.0, 0.0, 1.0, 1.0, 0.0]","[-8.0, 17.0, 6.0, 14.0, 0.0, 13.0, 10.0, 0.0, -14.0, 19.0, 9.0, 12.0, 9.0, -12.0, 9.0, 13.0]"
2,1791632477.0269666,"[0.0007679999999936626, 74.53233600000002, 59.85453900000002, 76.465938, -0.08712299999999118, 64.864326, 33.663021000000015, 35.77240499999999, 0.26444100000000503, 73.91709900000001, 59.41508400000001, 75.938592, 22.237190999999996, 102.74534699999998, 65.65534500000001, 51.241220999999996]","[1.0, 1.0, 0.0, 3.0, 0.0, 0.0, 0.0, 1.0, 1.0, 2.0, 1.0, 1.0, 0.0, 1.0, 1.0, 1.0]","[-8.0, 16.0, 7.0, 14.0, 0.0, 13.0, 9.0, 0.0, -14.0, 20.0, 10.0, 11.0, 9.0, -11.0, 10.0, 12.0]"
2,1791632477.251959,"[0.0007679999999936626, 75.85070100000002, 59.94243, 77.34484800000001, -0.08712299999999118, 64.864326, 33.663021000000015, 35.77240499999999, 0.26444100000000503, 74.53233600000002, 59.41508400000001, 76.905393, 22.237190999999996, 102.74534699999998, 65.65534500000001, 51.241220999999996]","[1.0, 4.0, 1.0, 3.0, 0.0, 0.0, 0.0, 1.0, 1.0, 1.0, 1.0, 1.0, 0.0, 1.0, 1.0, 0.0]","[-5.0, 15.0, 1.0, 14.0, 0.0, 13.0, 9.0, 0.0, -14.0, 23.0, 9.0, 10.0, 9.0, -11.0, 10.0, 13.0]"
2,1791632477.4733942,"[0.0007679999999936626, 76.81750199999999, 59.94243, 78.39954, -0.08712299999999118, 64.864326, 33.663021000000015, 35.77240499999999, 0.26444100000000503, 74.53233600000002, 59.41508400000001, 77.96008499999999, 22.237190999999996, 102.74534699999998, 65.65534500000001, 51.241220999999996]","[1.0, 1.0, 0.0, 2.0, 0.0, 0.0, 0.0, 1.0, 1.0, 1.0, 1.0, 3.0, 0.0, 1.0, 1.0, 0.0]","[-8.0, 16.0, 0.0, 14.0, 0.0, 13.0, 10.0, 0.0, -14.0, 27.0, 9.0, 11.0, 9.0, -12.0, 10.0, 12.0]"
2,1791632477.6998491,"[-0.08712299999999118, 77.96008499999999, 59.94243, 79.36634099999998, -0.08712299999999118, 64.864326, 33.663021000000015, 35.77240499999999, 0.26444100000000503, 76.29015600000002, 59.50297499999999, 78.83899500000001, 22.237190999999996, 102.74534699999998, 65.65534500000001, 51.241220999999996]","[0.0, 1.0, 1.0, 2.0, 0.0, 0.0, 0.0, 1.0, 1.0, 1.0, 1.0, 3.0, 0.0, 1.0, 1.0, 0.0]","[-6.0, 16.0, 0.0, 14.0, 0.0, 13.0, 9.0, 0.0, -14.0, 23.0, 10.0, 11.0, 9.0, -12.0, 10.0, 13.0]"
2,1791632477.923807,"[0.0007679999999936626, 79.01477699999998, 59.94243, 80.245251, -0.08712299999999118, 64.864326, 33.663021000000015, 35.77240499999999, 0.17654999999999177, 77.78430300000002, 59.50297499999999, 79.893687, 22.237190999999996, 102.74534699999998, 65.65534500000001, 51.241220999999996]","[1.0, 4.0, 0.0, 1.0, 0.0, 0.0, 0.0, 1.0, 1.0, 3.0, 0.0, 1.0, 0.0, 1.0, 1.0, 1.0]","[-8.0, 16.0, 2.0, 15.0, 0.0, 13.0, 10.0, 0.0, -14.0, 19.0, 9.0, 10.0, 10.0, -11.0, 10.0, 13.0]"
2,1791632478.1477678,"[0.0007679999999936626, 80.245251, 59.94243, 81.29994299999998, -0.08712299999999118, 64.864326, 33.663021000000015, 35.77240499999999, 0.26444100000000503, 78.751104, 59.50297499999999, 80.94837899999999, 22.237190999999996, 102.74534699999998, 65.65534500000001, 51.241220999999996]","[0.0, 4.0, 0.0, 3.0, 0.0, 0.0, 0.0, 1.0, 0.0, 1.0, 1.0, 4.0, 0.0, 1.0, 1.0, 0.0]","[-5.0, 13.0, 8.0, 14.0, 0.0, 13.0, 11.0, 0.0, -14.0, 20.0, 10.0, 11.0, 9.0, -11.0, 10.0, 13.0]"
2,1791632478.3693242,"[0.0007679999999936626, 81.387834, 59.94243, 82.35463500000003, -0.08712299999999118, 64.864326, 33.663021000000015, 35.77240499999999, 0.17654999999999177, 79.36634099999998, 59.50297499999999, 81.56361600000002, 22.237190999999996, 102.74534699999998, 65.65534500000001, 51.241220999999996]","[0.0, 2.0, 0.0, 4.0, 0.0, 0.0, 0.0, 1.0, 0.0, 1.0, 1.0, 2.0, 0.0, 1.0, 1.0, 0.0]","[-6.0, 14.0, 1.0, 14.0, 0.0, 14.0, 10.0, 0.0, -14.0, 23.0, 9.0, 11.0, 10.0, -11.0, 10.0, 13.0]"
2,1791632478.5957139,"[0.0007679999999936626, 82.26674400000002, 59.94243, 83.23354499999999, -0.08712299999999118, 64.864326, 33.663021000000015, 35.77240499999999, 0.17654999999999177, 80.50892399999998, 59.50297499999999, 82.96987200000001, 22.237190999999996, 102.74534699999998, 65.65534500000001, 51.241220999999996]","[1.0, 1.0, 1.0, 2.0, 0.0, 0.0, 0.0, 1.0, 1.0, 3.0, 1.0, 2.0, 0.0, 1.0, 1.0, 0.0]","[-8.0, 15.0, 0.0, 15.0, 0.0, 14.0, 11.0, 0.0, -14.0, 20.0, 9.0, 10.0, 10.0, -12.0, 9.0, 13.0]"
2,1791632479.0435617,"[0.0007679999999936626, 83.49721799999998, 59.94243, 84.55191000000002, -0.08712299999999118, 64.864326, 33.663021000000015, 35.77240499999999, 0.17654999999999177, 81.65150699999998, 59.50297499999999, 84.024564, 22.237190999999996, 102.74534699999998, 65.65534500000001, 51.241220999999996]","[1.0, 1.0, 1.0, 1.0, 0.0, 0.0, 0.0, 1.0, 0.0, 1.0, 1.0, 1.0, 0.0, 1.0, 1.0, 0.0]","[-9.0, 14.0, 0.0, 14.0, 0.0, 13.0, 10.0, 0.0, -15.0, 22.0, 9.0, 11.0, 9.0, -11.0, 10.0, 12.0]"
2,1791632479.2677147,"[-0.08712299999999118, 84.28823699999998, 59.94243, 85.07925599999999, -0.08712299999999118, 64.864326, 33.663021000000015, 35.77240499999999, 0.17654999999999177, 82.70619900000003, 59.50297499999999, 84.99136500000003, 22.237190999999996, 102.74534699999998, 65.65534500000001, 51.241220999999996]","[0.0, 1.0, 1.0, 5.0, 0.0, 0.0, 0.0, 1.0, 0.0, 3.0, 1.0, 3.0, 0.0, 1.0, 1.0, 1.0]","[0.0, 14.0, 0.0, 14.0, 0.0, 14.0, 9.0, 0.0, -14.0, 21.0, 9.0, 11.0, 10.0, -11.0, 10.0, 12.0]"
2,1791632479.4917812,"[-0.08712299999999118, 85.25503800000001, 59.94243, 86.30973, -0.08712299999999118, 64.864326, 33.663021000000015, 35.77240499999999, 0.17654999999999177, 83.673, 59.50297499999999, 86.04605700000002, 22.237190999999996, 102.74534699999998, 65.65534500000001, 51.241220999999996]","[0.0, 1.0, 1.0, 2.0, 0.0, 0.0, 0.0, 1.0, 0.0, 1.0, 1.0, 3.0, 0.0, 1.0, 1.0, 1.0]","[0.0, 13.0, 0.0, 15.0, 0.0, 14.0, 10.0, 0.0, -14.0, 21.0, 10.0, 11.0, 9.0, -10.0, 10.0, 12.0]"
2,1791632479.7156868,"[-0.08712299999999118, 85.518711, 59.94243, 87.27653099999998, -0.08712299999999118, 64.864326, 33.663021000000015, 35.77240499999999, 0.17654999999999177, 84.20034600000002, 59.50297499999999, 86.57340299999998, 22.237190999999996, 102.74534699999998, 65.65534500000001, 51.241220999999996]","[0.0, 0.0, 1.0, 2.0, 0.0, 0.0, 0.0, 1.0, 1.0, 1.0, 1.0, 3.0, 0.0, 1.0, 1.0, 1.0]","[0.0, 17.0, 0.0, 15.0, 0.0, 13.0, 10.0, 0.0, -14.0, 25.0, 9.0, 12.0, 9.0, -11.0, 10.0, 14.0]"
2,1791632479.9376502,"[-0.08712299999999118, 86.30973, 59.94243, 88.33122300000002, -0.08712299999999118, 64.864326, 33.663021000000015, 35.77240499999999, 0.26444100000000503, 84.20034600000002, 59.50297499999999, 87.54020400000002, 22.237190999999996, 102.74534699999998, 65.65534500000001, 51.241220999999996]","[0.0, 1.0, 1.0, 3.0, 0.0, 0.0, 0.0, 1.0, 1.0, 1.0, 1.0, 1.0, 0.0, 1.0, 1.0, 1.0]","[8.0, 18.0, 0.0, 13.0, 0.0, 14.0, 9.0, 0.0, -14.0, 32.0, 10.0, 13.0, 9.0, -11.0, 10.0, 13.0]"
2,1791632480.1618495,"[-0.08712299999999118, 86.30973, 59.94243, 88.41911399999998, -0.08712299999999118, 64.864326, 33.663021000000015, 35.77240499999999, 0.26444100000000503, 84.815583, 59.50297499999999, 88.85856899999999, 22.237190999999996, 102.74534699999998, 65.65534500000001, 51.241220999999996]","[0.0, 1.0, 1.0, 1.0, 0.0, 0.0, 0.0, 1.0, 1.0, 1.0, 1.0, 3.0, 0.0, 1.0, 1.0, 0.0]","[9.0, 23.0, 0.0, 16.0, 0.0, 14.0, 10.0, 0.0, -15.0, 35.0, 9.0, 11.0, 9.0, -11.0, 10.0, 14.0]"
2,1791632480.3875597,"[-0.08712299999999118, 87.452313, 59.94243, 89.03435100000002, -0.08712299999999118, 64.864326, 33.663021000000015, 35.77240499999999, 0.26444100000000503, 84.99136500000003, 59.50297499999999, 89.12224200000003, 22.237190999999996, 102.74534699999998, 65.65534500000001, 51.32911200000001]","[0.0, 3.0, 0.0, 3.0, 0.0, 0.0, 0.0, 1.0, 1.0, 1.0, 1.0, 0.0, 0.0, 1.0, 1.0, 1.0]","[8.0, 22.0, 0.0, 14.0, 0.0, 14.0, 10.0, 0.0, -14.0, 42.0, 9.0, 11.0, 9.0, -11.0, 10.0, 5.0]"
2,1791632480.6116974,"[-0.17501400000000444, 87.97965900000003, 59.94243, 89.21013299999998, -0.08712299999999118, 64.864326, 33.663021000000015, 35.77240499999999, 0.26444100000000503, 84.99136500000003, 59.50297499999999, 89.12224200000003, 22.237190999999996, 102.74534699999998, 65.65534500000001, 51.241220999999996]","[1.0, 1.0, 0.0, 1.0, 0.0, 0.0, 0.0, 1.0, 0.0, 1.0, 1.0, 1.0, 1.0, 1.0, 1.0, 1.0]","[8.0, 30.0, 5.0, 14.0, 0.0, 13.0, 10.0, 0.0, -15.0, 52.0, 9.0, 10.0, 9.0, -12.0, 10.0, 9.0]"
2,1791632480.8338473,"[-0.17501400000000444, 87.97965900000003, 59.94243, 89.21013299999998, -0.08712299999999118, 64.864326, 33.663021000000015, 35.77240499999999, 0.3523319999999899, 86.661294, 59.50297499999999, 89.12224200000003, 22.237190999999996, 102.74534699999998, 65.65534500000001, 51.241220999999996]","[0.0, 1.0, 1.0, 1.0, 0.0, 0.0, 0.0, 1.0, 1.0, 3.0, 1.0, 1.0, 1.0, 1.0, 1.0, 0.0]","[8.0, 32.0, 0.0, 14.0, 0.0, 14.0, 10.0, 0.0, -14.0, 45.0, 9.0, 10.0, 10.0, -11.0, 10.0, 11.0]"
2,1791632481.058489,"[-0.2629049999999893, 90.00115199999999, 59.94243, 89.21013299999998, -0.08712299999999118, 64.864326, 33.663021000000015, 35.77240499999999, 0.3523319999999899, 86.661294, 59.50297499999999, 89.12224200000003, 22.237190999999996, 102.74534699999998, 65.65534500000001, 51.32911200000001]","[0.0, 5.0, 1.0, 1.0, 0.0, 0.0, 0.0, 1.0, 0.0, 1.0, 1.0, 1.0, 1.0, 1.0, 1.0, 1.0]","[8.0, 25.0, 1.0, 15.0, 0.0, 13.0, 10.0, 0.0, -15.0, 57.0, 9.0, 11.0, 9.0, -11.0, 10.0, 11.0]"
2,1791632481.2809381,"[-0.2629049999999893, 90.35271599999999, 59.85453900000002, 89.21013299999998, -0.08712299999999118, 64.864326, 33.663021000000015, 35.77240499999999, 0.44022300000000314, 88.06754999999998, 59.50297499999999, 89.12224200000003, 22.237190999999996, 102.74534699999998, 65.65534500000001, 51.32911200000001]","[0.0, 0.0, 1.0, 0.0, 0.0, 0.0, 0.0, 1.0, 1.0, 1.0, 1.0, 1.0, 1.0, 1.0, 1.0, 1.0]","[8.0, 29.0, 8.0, 14.0, 0.0, 13.0, 10.0, 0.0, -16.0, 52.0, 10.0, 11.0, 10.0, -11.0, 10.0, 10.0]"
3,1791632483.2969239,"[-0.08712299999999118, -4.92112800000001, -1.1418150000000082, -0.17501400000000444, -0.08712299999999118, -4.657454999999999, 0.26444100000000503, -0.17501400000000444, 0.17654999999999177, -5.360582999999991, -1.1418150000000082, 0.26444100000000503, -1.8449430000000007, 178.06793399999998, 40.518519, 25.928613000000013]","[1.0, 1.0, 0.0, 1.0, 1.0, 1.0, 0.0, 0.0, 1.0, 0.0, 0.0, 0.0, 1.0, 1.0, 0.0, 0.0]","[0.0, 32.0, 15.0, 13.0, 0.0, 29.0, -10.0, 9.0, -14.0, 37.0, 10.0, -10.0, 14.0, 16.0, -11.0, -16.0]"
3,1791632483.5232034,"[-0.7023599999999988, -4.745346000000012, -0.790251000000012, -0.08712299999999118, -0.08712299999999118, -4.481673000000001, 0.7917869999999994, 0.0007679999999936626, 0.7038960000000145, -4.833236999999997, -1.053923999999995, 0.3523319999999899, -1.8449430000000007, 177.804261, 40.518519, 26.016503999999998]","[0.0, 1.0, 1.0, 1.0, 1.0, 1.0, 1.0, 1.0, 2.0, 1.0, 1.0, 1.0, 1.0, 0.0, 1.0, 1.0]","[-9.0, 49.0, 17.0, 15.0, 0.0, 45.0, 9.0, 12.0, 14.0, 50.0, 13.0, 10.0, 18.0, -12.0, 10.0, 0.0]"
3,1791632483.744574,"[-1.4933790000000045, -3.514871999999997, 0.0007679999999936626, 0.6160050000000012, -0.08712299999999118, -3.514871999999997, 1.407024000000007, 0.08865900000000693, 1.6706969999999899, -3.7785450000000083, -0.6144689999999855, 0.6160050000000012, -1.8449430000000007, 177.452697, 40.60641000000001, 26.368067999999994]","[0.0, 1.0, 2.0, 2.0, 1.0, 1.0, 1.0, 0.0, 2.0, 1.0, 1.0, 1.0, 1.0, 0.0, 1.0, 1.0]","[-9.0, 55.0, 19.0, 15.0, 0.0, 54.0, 11.0, 13.0, 14.0, 62.0, 16.0, 12.0, 24.0, -24.0, 13.0, 14.0]"
3,1791632483.9687018,"[-2.6359620000000064, -1.053923999999995, 0.8796780000000126, 1.582806000000005, -0.08712299999999118, -1.4933790000000045, 2.0222610000000145, 1.582806000000005, 2.725389000000007, -3.0754169999999874, 0.26444100000000503, 0.6160050000000012, -1.7570519999999874, 176.48589600000003, 41.309538, 27.159087]","[-1.0, 5.0, 1.0, 4.0, 1.0, 5.0, 1.0, 3.0, 3.0, 10.0, 2.0, 1.0, 0.0, -2.0, 1.0, 1.0]","[-9.0, 58.0, 19.0, 16.0, 0.0, 53.0, 11.0, 12.0, 14.0, 70.0, 17.0, 16.0, 30.0, -36.0, 13.0, 14.0]"
3,1791632484.1910954,"[-3.514871999999997, -1.053923999999995, 1.7585880000000031, 2.4617159999999956, -0.08712299999999118, 0.7917869999999994, 2.813279999999992, 2.2859339999999975, 3.6921900000000107, 0.44022300000000314, 1.582806000000005, 1.9343700000000013, -1.6691610000000026, 173.14603799999998, 42.188447999999994, 28.03799699999999]","[0.0, 1.0, 1.0, 1.0, 1.0, 6.0, 1.0, 1.0, 1.0, 1.0, 3.0, 3.0, 1.0, -4.0, 1.0, 1.0]","[-10.0, 72.0, 20.0, 17.0, 0.0, 53.0, 12.0, 14.0, 14.0, 59.0, 15.0, 14.0, 34.0, -35.0, 14.0, 15.0]"
3,1791632484.4169154,"[-4.5695639999999855, 2.6374979999999937, 2.901171000000005, 3.6042989999999975, -0.08712299999999118, 2.4617159999999956, 3.6921900000000107, 3.4285169999999994, 3.7800809999999956, 0.528113999999988, 1.846478999999988, 3.076953000000003, 0.3523319999999899, 169.80617999999998, 43.24314000000001, 29.268471000000005]","[-1.0, 6.0, 3.0, 3.0, 1.0, 3.0, 3.0, 1.0, 1.0, 1.0, 1.0, 3.0, 4.0, -7.0, 4.0, 3.0]","[-9.0, 51.0, 19.0, 16.0, 0.0, 57.0, 12.0, 13.0, 16.0, 82.0, 19.0, 13.0, 28.0, -29.0, 13.0, 14.0]"
3,1791632484.6415017,"[-5.360582999999991, 2.725389000000007, 3.7800809999999956, 4.483208999999988, -0.08712299999999118, 2.4617159999999956, 4.483208999999988, 4.395318000000003, 5.62579199999999, 4.30742699999999, 3.3406260000000145, 4.043754000000007, 0.44022300000000314, 168.487815, 44.56150500000001, 29.35636199999999]","[0.0, 1.0, 4.0, 1.0, 1.0, 1.0, 1.0, 1.0, 3.0, 14.0, 5.0, 1.0, 1.0, 0.0, 4.0, 1.0]","[-9.0, 77.0, 19.0, 16.0, 0.0, 83.0, 14.0, 13.0, 13.0, 54.0, 16.0, 13.0, 37.0, -46.0, 13.0, 14.0]"
3,1791632484.86501,"[-6.23949300000001, 6.416810999999996, 4.834773000000013, 5.713683000000003, -0.08712299999999118, 6.680484000000007, 5.362119000000007, 5.274227999999994, 6.592592999999994, 6.153138000000013, 4.30742699999999, 4.9226639999999975, 2.3738250000000107, 164.708502, 44.649395999999996, 29.35636199999999]","[-2.0, 9.0, 4.0, 3.0, 1.0, 9.0, 1.0, 1.0, 2.0, 3.0, 1.0, 1.0, 6.0, -9.0, 1.0, 1.0]","[-9.0, 52.0, 19.0, 15.0, 0.0, 51.0, 14.0, 14.0, 14.0, 61.0, 16.0, 15.0, 28.0, -35.0, 15.0, 15.0]"
3,1791632485.0883715,"[-7.469966999999997, 8.789868000000013, 5.889465000000001, 6.592592999999994, -0.08712299999999118, 8.350413000000003, 6.504702000000009, 6.592592999999994, 7.471503000000013, 8.526195000000001, 5.362119000000007, 6.2410289999999975, 2.549607000000009, 161.632317, 46.582998, 29.268471000000005]","[-2.0, 5.0, 1.0, 4.0, 1.0, 3.0, 3.0, 2.0, 4.0, 5.0, 4.0, 3.0, 1.0, -5.0, 5.0, 0.0]","[-9.0, 51.0, 20.0, 16.0, 0.0, 59.0, 13.0, 13.0, 14.0, 53.0, 16.0, 13.0, 35.0, -38.0, 13.0, 14.0]"
3,1791632485.3153393,"[-8.524658999999986, 10.196123999999998, 6.680484000000007, 7.647285000000011, -0.08712299999999118, 10.547687999999994, 7.2957210000000146, 7.735175999999996, 8.614086000000015, 9.668778000000003, 6.328920000000011, 7.032048000000003, 4.395318000000003, 158.292459, 47.461907999999994, 29.35636199999999]","[-1.0, 1.0, 7.0, 3.0, 1.0, 3.0, 3.0, 1.0, 1.0, 1.0, 1.0, 1.0, 3.0, -4.0, 1.0, 0.0]","[-10.0, 59.0, 20.0, 16.0, 0.0, 55.0, 13.0, 13.0, 13.0, 67.0, 17.0, 13.0, 30.0, -34.0, 13.0, 15.0]"
3,1791632485.5391436,"[-9.403569000000005, 12.393398999999988, 7.998849000000007, 8.701977, -0.08712299999999118, 11.866052999999994, 8.26252199999999, 8.614086000000015, 9.405104999999992, 9.668778000000003, 7.207830000000001, 8.086739999999992, 5.537901000000005, 155.47994699999998, 48.34081800000001, 29.35636199999999]","[0.0, 5.0, 3.0, 1.0, 1.0, 1.0, 1.0, 1.0, 1.0, 1.0, 1.0, 2.0, 4.0, -4.0, 1.0, 1.0]","[-9.0, 59.0, 20.0, 16.0, 0.0, 62.0, 14.0, 12.0, 14.0, 94.0, 16.0, 14.0, 28.0, -37.0, 13.0, 15.0]"
3,1791632485.7599277,"[-10.370370000000008, 13.448091000000005, 8.789868000000013, 9.668778000000003, -0.08712299999999118, 14.327000999999996, 9.317214000000007, 9.492996000000005, 10.635579000000007, 13.360199999999992, 8.350413000000003, 9.053540999999996, 6.2410289999999975, 152.49165299999999, 49.571292, 29.268471000000005]","[-1.0, 6.0, 4.0, 4.0, 1.0, 8.0, 0.0, 1.0, 2.0, 22.0, 3.0, 1.0, 8.0, -5.0, 4.0, 0.0]","[-10.0, 66.0, 19.0, 16.0, 0.0, 59.0, 13.0, 13.0, 14.0, 58.0, 17.0, 13.0, 27.0, -33.0, 13.0, 14.0]"
3,1791632485.9871445,"[-11.073498, 16.17271199999999, 9.932451000000015, 10.723469999999992, -0.08712299999999118, 16.436385, 10.28401500000001, 10.635579000000007, 11.514488999999998, 15.996929999999992, 9.229322999999994, 10.108233000000013, 7.910957999999994, 150.20648699999998, 50.45020199999999, 29.268471000000005]","[-2.0, 9.0, 3.0, 3.0, 1.0, 3.0, 1.0, 5.0, 1.0, 2.0, 1.0, 3.0, 1.0, 0.0, 4.0, 1.0]","[-10.0, 55.0, 19.0, 15.0, 0.0, 58.0, 13.0, 13.0, 14.0, 62.0, 17.0, 14.0, 26.0, -43.0, 14.0, 14.0]"
3,1791632486.2077627,"[-12.303971999999987, 18.282095999999996, 10.89925199999999, 11.60238000000001, -0.08712299999999118, 18.545769000000007, 10.987143000000003, 11.514488999999998, 12.657072, 18.457877999999994, 10.371905999999996, 11.075033999999988, 8.438303999999988, 147.13030200000003, 51.50489400000001, 29.35636199999999]","[-1.0, 4.0, 3.0, 2.0, 1.0, 5.0, 8.0, 1.0, 3.0, 4.0, 5.0, 2.0, 2.0, -4.0, 2.0, 1.0]","[-9.0, 58.0, 19.0, 15.0, 0.0, 56.0, 13.0, 14.0, 14.0, 57.0, 15.0, 13.0, 29.0, -44.0, 13.0, 14.0]"
3,1791632486.4342625,"[-13.358664000000005, 20.39148, 11.778162000000009, 12.744963000000013, -0.08712299999999118, 20.39148, 12.393398999999988, 12.744963000000013, 13.623873000000003, 18.545769000000007, 10.987143000000003, 12.041834999999992, 9.932451000000015, 143.43887999999998, 52.47169500000001, 29.35636199999999]","[-3.0, 5.0, 1.0, 2.0, 1.0, 2.0, 3.0, 4.0, 3.0, 1.0, 1.0, 2.0, 5.0, -8.0, 3.0, 1.0]","[-10.0, 53.0, 19.0, 16.0, 0.0, 53.0, 13.0, 11.0, 14.0, 83.0, 19.0, 13.0, 26.0, -34.0, 13.0, 15.0]"
3,1791632486.656787,"[-14.237573999999995, 22.237190999999996, 12.832853999999998, 13.53598199999999, -0.08712299999999118, 22.32508200000001, 13.272309000000007, 13.711763999999988, 14.502782999999994, 22.32508200000001, 11.866052999999994, 12.832853999999998, 10.811361000000005, 140.538477, 53.526387, 29.268471000000005]","[0.0, 2.0, 1.0, 2.0, 1.0, 9.0, 1.0, 2.0, 3.0, 13.0, 0.0, 3.0, 1.0, -2.0, 3.0, 0.0]","[-10.0, 59.0, 19.0, 16.0, 0.0, 49.0, 14.0, 12.0, 14.0, 52.0, 17.0, 13.0, 27.0, -40.0, 14.0, 14.0]"
3,1791632486.8800642,"[-15.292266000000012, 23.907119999999992, 13.887546000000015, 14.327000999999996, -0.08712299999999118, 24.96181200000001, 14.327000999999996, 14.502782999999994, 15.733257000000009, 24.434466000000015, 13.53598199999999, 13.887546000000015, 11.778162000000009, 137.198619, 54.58107900000002, 29.35636199999999]","[0.0, 6.0, 1.0, 5.0, 1.0, 3.0, 1.0, 1.0, 3.0, 1.0, 4.0, 1.0, 1.0, -3.0, 3.0, 1.0]","[-10.0, 59.0, 19.0, 15.0, 0.0, 51.0, 13.0, 14.0, 13.0, 58.0, 18.0, 15.0, 26.0, -33.0, 14.0, 14.0]"
3,1791632487.1040554,"[-16.434848999999986, 26.807523000000003, 15.030128999999988, 15.55747500000001, -0.08712299999999118, 26.895413999999988, 15.55747500000001, 15.996929999999992, 16.612167, 26.807523000000003, 13.53598199999999, 14.766456000000005, 12.92074500000001, 133.77087, 55.635771000000005, 29.35636199999999]","[0.0, 8.0, 3.0, 3.0, 1.0, 6.0, 3.0, 3.0, 3.0, 7.0, 1.0, 5.0, 1.0, -7.0, 1.0, 1.0]","[-9.0, 52.0, 19.0, 16.0, 0.0, 52.0, 13.0, 12.0, 14.0, 51.0, 20.0, 14.0, 22.0, -29.0, 13.0, 15.0]"
3,1791632487.3278143,"[-17.489541000000003, 28.91690700000001, 15.909039000000007, 16.524276000000015, -0.08712299999999118, 29.004797999999994, 16.524276000000015, 16.787948999999998, 17.578968000000003, 28.653233999999998, 15.469583999999998, 15.909039000000007, 13.360199999999992, 130.51890300000002, 56.514680999999996, 29.35636199999999]","[-1.0, 5.0, 1.0, 3.0, 1.0, 5.0, 1.0, 1.0, 0.0, 1.0, 5.0, 1.0, 3.0, -5.0, 1.0, 1.0]","[-9.0, 51.0, 18.0, 17.0, 0.0, 49.0, 13.0, 12.0, 14.0, 56.0, 16.0, 15.0, 28.0, -28.0, 14.0, 15.0]"
3,1791632487.5524185,"[-18.72001499999999, 28.91690700000001, 17.139512999999994, 17.403186000000005, -0.08712299999999118, 30.586836000000005, 17.75475, 17.930532, 18.633659999999992, 28.653233999999998, 16.524276000000015, 16.787948999999998, 15.205911000000015, 127.44271800000001, 57.74515500000001, 29.35636199999999]","[-2.0, 0.0, 4.0, 3.0, 1.0, 2.0, 4.0, 3.0, 2.0, 1.0, 3.0, 5.0, 4.0, -3.0, 3.0, 1.0]","[-9.0, 75.0, 18.0, 17.0, 0.0, 54.0, 13.0, 12.0, 15.0, 81.0, 16.0, 14.0, 21.0, -29.0, 12.0, 14.0]"
3,1791632487.7789805,"[-19.686815999999993, 33.223566000000005, 18.282095999999996, 18.457877999999994, -0.08712299999999118, 33.31145699999999, 18.36998700000001, 18.897333000000003, 19.336788000000013, 33.04778400000001, 17.75475, 18.018423000000013, 15.381693000000013, 124.89387900000003, 58.88773800000001, 29.35636199999999]","[-1.0, 7.0, 4.0, 4.0, 1.0, 7.0, 1.0, 3.0, 8.0, 13.0, 5.0, 3.0, 1.0, -3.0, 3.0, 1.0]","[-10.0, 50.0, 17.0, 15.0, 0.0, 50.0, 15.0, 12.0, 14.0, 45.0, 15.0, 14.0, 31.0, -29.0, 11.0, 14.0]"
3,1791632488.0029716,"[-20.74150800000001, 35.33295000000001, 19.248897, 19.51257000000001, -0.08712299999999118, 35.15716800000001, 18.985223999999988, 19.68835200000001, 20.567262, 33.13567499999999, 18.633659999999992, 18.897333000000003, 15.381693000000013, 122.25714900000003, 59.85453900000002, 29.35636199999999]","[-2.0, 8.0, 2.0, 2.0, 1.0, 4.0, 1.0, 1.0, 1.0, 1.0, 1.0, 1.0, 1.0, -3.0, 1.0, 1.0]","[-10.0, 44.0, 18.0, 16.0, 0.0, 45.0, 15.0, 12.0, 15.0, 73.0, 16.0, 14.0, 29.0, -32.0, 12.0, 15.0]"
3,1791632488.2240837,"[-21.7962, 37.178661000000005, 20.39148, 20.39148, -0.08712299999999118, 37.44233399999999, 20.12780699999999, 20.743043999999998, 21.885627, 37.354443, 19.864134000000007, 20.12780699999999, 15.381693000000013, 118.47783600000002, 60.909231000000005, 29.35636199999999]","[0.0, 5.0, 3.0, 2.0, 1.0, 5.0, 2.0, 1.0, 3.0, 14.0, 4.0, 3.0, 1.0, -5.0, 2.0, 1.0]","[-9.0, 48.0, 18.0, 16.0, 0.0, 46.0, 14.0, 13.0, 14.0, 42.0, 14.0, 13.0, 29.0, -28.0, 13.0, 14.0]"
3,1791632488.4508944,"[-22.938783, 39.46382700000001, 21.534063000000003, 21.709845, -0.08712299999999118, 39.28804500000001, 21.00671700000001, 21.885627, 22.412972999999994, 38.40913499999999, 20.655153000000013, 21.094607999999994, 15.381693000000013, 114.962196, 61.963922999999994, 29.35636199999999]","[-2.0, 6.0, 4.0, 3.0, 1.0, 1.0, 4.0, 2.0, 1.0, 1.0, 1.0, 3.0, 1.0, -6.0, 3.0, 1.0]","[0.0, 44.0, 17.0, 15.0, 0.0, 46.0, 15.0, 11.0, 14.0, 58.0, 14.0, 12.0, 29.0, -25.0, 12.0, 13.0]"
3,1791632488.6733627,"[-23.99347499999999, 41.39742899999999, 22.500864000000007, 22.500864000000007, -0.08712299999999118, 42.012665999999996, 21.885627, 22.76453699999999, 23.819229000000007, 41.92477500000001, 21.885627, 22.32508200000001, 15.381693000000013, 111.886011, 61.963922999999994, 29.35636199999999]","[-1.0, 1.0, 1.0, 2.0, 1.0, 8.0, 4.0, 0.0, 5.0, 10.0, 3.0, 3.0, 1.0, -5.0, 1.0, 1.0]","[0.0, 46.0, 18.0, 16.0, 0.0, 39.0, 15.0, 12.0, 13.0, 39.0, 15.0, 13.0, 28.0, -25.0, 15.0, 15.0]"
3,1791632488.896217,"[-24.87238500000001, 43.506812999999994, 23.379773999999998, 23.203992, -0.08712299999999118, 44.12205, 22.588754999999992, 23.995011000000005, 24.873920999999996, 43.68259499999999, 23.116101000000015, 22.412972999999994, 15.909039000000007, 108.897717, 63.897525, 29.35636199999999]","[0.0, 9.0, 1.0, 6.0, 1.0, 3.0, 1.0, 3.0, 1.0, 6.0, 4.0, 2.0, 7.0, -1.0, 4.0, 1.0]","[-9.0, 40.0, 18.0, 16.0, 0.0, 40.0, 16.0, 12.0, 13.0, 40.0, 14.0, 15.0, 24.0, -26.0, 12.0, 14.0]"
3,1791632489.1188815,"[-25.927076999999997, 46.143542999999994, 24.434466000000015, 24.698138999999998, -0.08712299999999118, 46.582998, 23.64344700000001, 24.873920999999996, 25.840722, 46.582998, 23.995011000000005, 24.170793000000003, 16.260603000000003, 105.29418600000002, 64.95221699999999, 29.35636199999999]","[0.0, 3.0, 3.0, 4.0, 1.0, 6.0, 2.0, 1.0, 1.0, 6.0, 3.0, 1.0, 1.0, -7.0, 2.0, 1.0]","[0.0, 39.0, 17.0, 16.0, 0.0, 34.0, 17.0, 12.0, 14.0, 35.0, 14.0, 13.0, 24.0, -20.0, 11.0, 14.0]"
3,1791632489.3468397,"[-26.981768999999986, 48.252927, 25.40126699999999, 25.489158000000003, -0.08712299999999118, 48.604490999999996, 24.96181200000001, 26.016503999999998, 26.983305, 47.98925399999999, 25.137594000000007, 25.40126699999999, 16.260603000000003, 102.13011, 66.182691, 29.35636199999999]","[0.0, 5.0, 3.0, 3.0, 1.0, 4.0, 5.0, 4.0, 1.0, 5.0, 3.0, 2.0, 1.0, -5.0, 4.0, 1.0]","[0.0, 36.0, 18.0, 15.0, 0.0, 36.0, 15.0, 12.0, 0.0, 38.0, 13.0, 13.0, 24.0, -18.0, 12.0, 15.0]"
3,1791632489.5702596,"[-27.94856999999999, 50.362311000000005, 26.28017700000001, 26.807523000000003, -0.08712299999999118, 50.62598400000002, 25.928613000000013, 26.983305, 27.950106000000005, 51.065439, 26.10439500000001, 26.455959000000007, 16.260603000000003, 99.05392499999999, 67.14949200000001, 29.35636199999999]","[1.0, 1.0, 1.0, 3.0, 1.0, 7.0, 3.0, 2.0, 1.0, 8.0, 2.0, 4.0, 1.0, -3.0, 2.0, 1.0]","[0.0, 36.0, 18.0, 16.0, 0.0, 31.0, 14.0, 10.0, 0.0, 32.0, 14.0, 12.0, 24.0, -20.0, 11.0, 15.0]"
3,1791632489.7950761,"[-28.82748000000001, 52.735367999999994, 27.334868999999998, 27.774324000000007, -0.08712299999999118, 52.999041000000005, 27.159087, 27.686432999999994, 29.004797999999994, 52.383804, 27.246978000000013, 27.510650999999996, 16.260603000000003, 95.80195800000001, 68.204184, 29.35636199999999]","[0.0, 8.0, 2.0, 3.0, 1.0, 5.0, 2.0, 3.0, 1.0, 1.0, 3.0, 3.0, 1.0, 0.0, 1.0, 1.0]","[-9.0, 31.0, 18.0, 16.0, 0.0, 33.0, 15.0, 13.0, 0.0, 37.0, 13.0, 12.0, 25.0, -18.0, 11.0, 14.0]"
3,1791632490.0154808,"[-29.97006300000001, 55.28420700000001, 28.30167, 28.829015999999996, -0.08712299999999118, 55.28420700000001, 28.213778999999988, 28.653233999999998, 30.05949000000001, 55.020534, 28.213778999999988, 28.653233999999998, 16.260603000000003, 92.54999099999998, 69.08309400000002, 29.35636199999999]","[-1.0, 4.0, 1.0, 1.0, 0.0, 6.0, 2.0, 1.0, 1.0, 7.0, 1.0, 1.0, 1.0, -4.0, 2.0, 1.0]","[0.0, 28.0, 18.0, 16.0, 0.0, 30.0, 15.0, 13.0, 0.0, 29.0, 13.0, 12.0, 24.0, -17.0, 12.0, 14.0]"
3,1791632490.2427216,"[-30.936863999999986, 57.21780900000002, 29.444253000000003, 29.883708000000013, -0.08712299999999118, 57.481482, 29.444253000000003, 29.883708000000013, 31.026291000000015, 56.42679000000001, 29.444253000000003, 29.795817, 16.436385, 89.73747900000001, 70.137786, 29.35636199999999]","[0.0, 5.0, 3.0, 3.0, 1.0, 5.0, 3.0, 1.0, -1.0, 1.0, 3.0, 3.0, 3.0, -4.0, 3.0, 1.0]","[0.0, 32.0, 17.0, 15.0, -6.0, 28.0, 14.0, 12.0, -4.0, 38.0, 12.0, 12.0, 25.0, -17.0, 11.0, 14.0]"
3,1791632490.4668045,"[-31.991556000000003, 59.41508400000001, 30.498944999999992, 30.9384, -0.08712299999999118, 59.67875699999999, 30.586836000000005, 31.114182, 32.080983, 58.88773800000001, 30.23527200000001, 30.762618000000003, 16.700058000000013, 87.10074900000001, 70.57724100000001, 29.35636199999999]","[0.0, 3.0, 1.0, 0.0, 0.0, 6.0, 3.0, 3.0, 1.0, 11.0, 1.0, 3.0, 1.0, -1.0, 1.0, 1.0]","[0.0, 30.0, 17.0, 15.0, -1.0, 26.0, 13.0, 11.0, 0.0, 29.0, 14.0, 12.0, 20.0, -20.0, 14.0, 15.0]"
3,1791632490.6907516,"[-32.95835700000001, 61.436577, 31.55363700000001, 31.99309199999999, -0.08712299999999118, 61.963922999999994, 31.729419000000007, 31.99309199999999, 33.04778400000001, 61.612359, 31.465745999999996, 31.817309999999992, 16.612167, 84.46401900000001, 70.57724100000001, 29.268471000000005]","[0.0, 6.0, 3.0, 2.0, 1.0, 3.0, 4.0, 1.0, 1.0, 1.0, 4.0, 3.0, 0.0, -4.0, 0.0, 0.0]","[0.0, 26.0, 16.0, 14.0, 0.0, 24.0, 12.0, 11.0, 0.0, 29.0, 12.0, 12.0, 20.0, -21.0, 16.0, 15.0]"
3,1791632490.9112675,"[-34.013048999999995, 64.073307, 32.69622000000001, 32.959892999999994, -0.08712299999999118, 64.33698000000001, 32.784110999999996, 32.87200200000001, 34.102475999999996, 63.897525, 32.432547, 32.432547, 16.612167, 83.23354499999999, 70.48935, 29.268471000000005]","[0.0, 4.0, 3.0, 3.0, 0.0, 5.0, 3.0, 1.0, 0.0, 4.0, 1.0, 1.0, 0.0, -3.0, 1.0, 0.0]","[0.0, 22.0, 16.0, 15.0, 0.0, 21.0, 12.0, 12.0, -13.0, 26.0, 12.0, 12.0, 20.0, -21.0, 22.0, 14.0]"
3,1791632491.1364253,"[-35.06774100000001, 66.09479999999999, 33.750912, 34.102475999999996, -0.08712299999999118, 65.21589, 33.223566000000005, 33.48723899999999, 35.069277, 66.00690900000001, 33.663021000000015, 33.663021000000015, 16.612167, 83.23354499999999, 70.57724100000001, 29.268471000000005]","[0.0, 6.0, 3.0, 4.0, 0.0, 1.0, 1.0, 1.0, 1.0, 1.0, 3.0, 2.0, 1.0, 0.0, 1.0, 0.0]","[0.0, 22.0, 16.0, 14.0, 0.0, 30.0, 15.0, 13.0, 0.0, 25.0, 13.0, 12.0, 22.0, -20.0, 29.0, 14.0]"
3,1791632491.3594081,"[-35.946651, 66.44636400000002, 34.717713, 35.069277, -0.08712299999999118, 65.391672, 33.223566000000005, 34.36614900000001, 36.036078, 66.00690900000001, 34.62982199999999, 34.541931000000005, 16.524276000000015, 83.23354499999999, 70.840914, 29.268471000000005]","[0.0, 1.0, 1.0, 3.0, 0.0, 1.0, 0.0, 1.0, 1.0, 1.0, 2.0, 1.0, 0.0, 0.0, 1.0, 0.0]","[-6.0, 22.0, 17.0, 15.0, 0.0, 45.0, 15.0, 13.0, 0.0, 26.0, 11.0, 11.0, 22.0, -20.0, 34.0, 15.0]"
3,1791632491.583574,"[-37.00134299999999, 66.44636400000002, 35.860296000000005, 35.77240499999999, -0.08712299999999118, 66.00690900000001, 33.13567499999999, 34.717713, 37.00287900000001, 66.00690900000001, 35.596622999999994, 35.245059, 16.084821000000005, 83.321436, 70.840914, 29.268471000000005]","[0.0, 1.0, 2.0, 6.0, 0.0, 1.0, 0.0, 1.0, 1.0, 1.0, 2.0, 1.0, 0.0, 1.0, 1.0, 0.0]","[2.0, 23.0, 16.0, 15.0, 0.0, 61.0, 15.0, 16.0, 0.0, 26.0, 12.0, 12.0, 10.0, 0.0, 9.0, 13.0]"
3,1791632491.8070583,"[-37.968143999999995, 66.44636400000002, 36.914987999999994, 36.82709700000001, -0.08712299999999118, 66.00690900000001, 33.13567499999999, 35.50873200000001, 38.057570999999996, 66.00690900000001, 36.65131500000001, 36.47553300000001, 16.084821000000005, 83.321436, 70.840914, 29.268471000000005]","[0.0, 1.0, 1.0, 1.0, 0.0, 1.0, 0.0, 1.0, 1.0, 1.0, 1.0, 1.0, 1.0, 1.0, 1.0, 0.0]","[-9.0, 23.0, 16.0, 16.0, 0.0, 76.0, 15.0, 16.0, 0.0, 26.0, 12.0, 11.0, 10.0, 0.0, 10.0, 14.0]"
3,1791632492.032416,"[-38.847053999999986, 66.44636400000002, 38.057570999999996, 37.881789, -0.08712299999999118, 66.00690900000001, 33.13567499999999, 36.299751000000015, 39.024372, 66.00690900000001, 37.706007, 37.354443, 16.084821000000005, 83.321436, 70.840914, 29.268471000000005]","[0.0, 1.0, 4.0, 2.0, 1.0, 1.0, 0.0, 2.0, 1.0, 1.0, 4.0, 1.0, 0.0, 1.0, 1.0, 0.0]","[-9.0, 23.0, 15.0, 16.0, 0.0, 76.0, 15.0, 17.0, 0.0, 26.0, 10.0, 12.0, 10.0, 0.0, 9.0, 13.0]"
3,1791632492.2561145,"[-40.077528, 66.44636400000002, 39.024372, 38.76069899999999, -0.08712299999999118, 66.00690900000001, 33.13567499999999, 36.65131500000001, 39.991173, 66.00690900000001, 38.672808, 38.497026000000005, 15.996929999999992, 83.321436, 70.840914, 29.268471000000005]","[-1.0, 1.0, 1.0, 3.0, 0.0, 1.0, 0.0, 6.0, 1.0, 1.0, 1.0, 1.0, 0.0, 1.0, 1.0, 0.0]","[0.0, 23.0, 15.0, 16.0, 0.0, 77.0, 15.0, 19.0, 13.0, 25.0, 11.0, 11.0, 10.0, 0.0, 10.0, 13.0]"
3,1791632492.4828446,"[-40.95643799999999, 66.44636400000002, 40.166955, 39.63960900000001, -0.08712299999999118, 66.00690900000001, 33.13567499999999, 38.233352999999994, 40.870082999999994, 66.00690900000001, 39.551717999999994, 39.63960900000001, 15.996929999999992, 83.321436, 70.840914, 29.268471000000005]","[-3.0, 1.0, 3.0, 4.0, 1.0, 1.0, 0.0, 1.0, 5.0, 1.0, 1.0, 2.0, 0.0, 1.0, 1.0, 0.0]","[-8.0, 23.0, 16.0, 16.0, 0.0, 77.0, 16.0, 17.0, 13.0, 25.0, 11.0, 12.0, 10.0, 0.0, 10.0, 13.0]"
3,1791632492.7060065,"[-42.01113000000001, 66.44636400000002, 41.133756000000005, 40.694300999999996, -0.08712299999999118, 66.00690900000001, 33.13567499999999, 38.76069899999999, 41.661102, 66.00690900000001, 40.78219200000001, 40.694300999999996, 15.996929999999992, 83.321436, 70.75302300000001, 29.268471000000005]","[0.0, 1.0, 2.0, 1.0, 1.0, 1.0, 0.0, 1.0, 1.0, 1.0, 3.0, 4.0, 0.0, 1.0, 0.0, 0.0]","[4.0, 23.0, 15.0, 16.0, 0.0, 76.0, 15.0, 20.0, 13.0, 25.0, 11.0, 12.0, 10.0, 0.0, 9.0, 13.0]"
3,1791632492.9305623,"[-43.065822, 66.44636400000002, 42.27633900000001, 41.661102, -0.08712299999999118, 66.00690900000001, 33.04778400000001, 39.90328199999999, 43.06735800000001, 66.00690900000001, 41.836884, 41.573211000000015, 15.996929999999992, 83.321436, 70.75302300000001, 29.268471000000005]","[0.0, 1.0, 2.0, 3.0, 0.0, 1.0, 0.0, 2.0, 3.0, 1.0, 3.0, 1.0, 0.0, 1.0, 1.0, 0.0]","[0.0, 23.0, 15.0, 16.0, 0.0, 76.0, 16.0, 19.0, 0.0, 26.0, 12.0, 12.0, 10.0, 0.0, 10.0, 13.0]"
3,1791632493.1545653,"[-44.032623, 66.44636400000002, 43.24314000000001, 42.891576000000015, -0.08712299999999118, 66.00690900000001, 33.04778400000001, 40.518519, 43.946268, 66.00690900000001, 42.803685, 42.71579399999999, 15.996929999999992, 83.321436, 70.75302300000001, 29.268471000000005]","[0.0, 1.0, 2.0, 4.0, 0.0, 1.0, 0.0, 4.0, 1.0, 1.0, 2.0, 3.0, 0.0, 1.0, 0.0, 0.0]","[0.0, 23.0, 15.0, 15.0, 0.0, 76.0, 15.0, 19.0, 13.0, 26.0, 11.0, 11.0, 11.0, 0.0, 10.0, 13.0]"
3,1791632493.3755784,"[-45.08731499999999, 66.44636400000002, 44.297832, 43.506812999999994, -0.08712299999999118, 66.00690900000001, 33.04778400000001, 41.573211000000015, 44.91306900000001, 66.00690900000001, 43.68259499999999, 43.68259499999999, 15.909039000000007, 83.321436, 70.75302300000001, 29.268471000000005]","[0.0, 1.0, 3.0, 1.0, 0.0, 1.0, 0.0, 1.0, 1.0, 1.0, 1.0, 2.0, 0.0, 1.0, 0.0, 0.0]","[0.0, 23.0, 16.0, 16.0, 0.0, 77.0, 16.0, 20.0, -12.0, 26.0, 11.0, 11.0, 10.0, 0.0, 10.0, 13.0]"
3,1791632493.5989783,"[-46.05411599999999, 66.44636400000002, 45.088851000000005, 45.00095999999999, -0.08712299999999118, 65.919018, 33.04778400000001, 42.71579399999999, 46.05565200000001, 66.00690900000001, 44.825177999999994, 44.91306900000001, 15.733257000000009, 83.321436, 70.75302300000001, 29.268471000000005]","[0.0, 1.0, 1.0, 4.0, 1.0, 0.0, 0.0, 3.0, 1.0, 1.0, 1.0, 3.0, 0.0, 1.0, 0.0, 0.0]","[0.0, 24.0, 16.0, 14.0, 0.0, 78.0, 15.0, 19.0, -3.0, 25.0, 11.0, 11.0, 11.0, 0.0, 10.0, 14.0]"
3,1791632493.8235288,"[-47.020917, 66.44636400000002, 46.143542999999994, 45.87987000000001, -0.08712299999999118, 65.919018, 33.04778400000001, 43.59470400000001, 47.02245300000001, 66.00690900000001, 45.70408800000001, 45.87987000000001, 15.733257000000009, 83.321436, 70.75302300000001, 29.268471000000005]","[0.0, 1.0, 3.0, 2.0, 0.0, 0.0, 0.0, 5.0, 1.0, 1.0, 1.0, 2.0, 0.0, 1.0, 0.0, 0.0]","[0.0, 22.0, 16.0, 14.0, 0.0, 78.0, 15.0, 19.0, -3.0, 25.0, 11.0, 11.0, 11.0, 0.0, 10.0, 13.0]"
3,1791632494.0507238,"[-47.811936, 66.44636400000002, 47.110344, 47.19823500000001, -0.08712299999999118, 65.919018, 33.04778400000001, 44.473614, 48.077145, 66.00690900000001, 46.934562, 47.02245300000001, 15.733257000000009, 83.321436, 70.75302300000001, 29.268471000000005]","[-1.0, 1.0, 1.0, 1.0, 0.0, 0.0, 0.0, 1.0, 1.0, 1.0, 3.0, 3.0, 0.0, 1.0, 0.0, 0.0]","[-9.0, 22.0, 15.0, 14.0, 0.0, 78.0, 15.0, 21.0, -14.0, 25.0, 11.0, 11.0, 11.0, 0.0, 10.0, 13.0]"
3,1791632494.2705524,"[-49.04240999999999, 66.44636400000002, 48.077145, 48.165036000000015, 0.0007679999999936626, 64.16119800000001, 33.04778400000001, 44.473614, 49.043946000000005, 66.00690900000001, 47.901363, 47.901363, 15.733257000000009, 83.321436, 70.840914, 29.268471000000005]","[0.0, 1.0, 1.0, 2.0, 1.0, 1.0, 1.0, 1.0, 1.0, 1.0, 3.0, 2.0, 0.0, 1.0, 1.0, 0.0]","[0.0, 22.0, 16.0, 14.0, -12.0, 15.0, 9.0, 0.0, -15.0, 27.0, 10.0, 12.0, 12.0, 0.0, 10.0, 13.0]"
3,1791632494.4954214,"[-49.92132000000001, 66.44636400000002, 49.13183699999999, 49.219728, 0.0007679999999936626, 64.16119800000001, 33.04778400000001, 44.473614, 49.922855999999996, 66.00690900000001, 48.604490999999996, 48.95605499999999, 15.733257000000009, 83.321436, 70.840914, 29.268471000000005]","[0.0, 1.0, 3.0, 1.0, 0.0, 0.0, 1.0, 1.0, 0.0, 1.0, 1.0, 1.0, 0.0, 1.0, 0.0, 0.0]","[-9.0, 22.0, 15.0, 14.0, -6.0, 15.0, 10.0, 0.0, 0.0, 26.0, 11.0, 11.0, 10.0, 0.0, 10.0, 13.0]"
3,1791632494.71924,"[-50.976012, 66.44636400000002, 50.01074700000001, 50.538093, 0.0007679999999936626, 64.16119800000001, 33.04778400000001, 44.473614, 51.15333000000001, 66.00690900000001, 49.747074, 50.01074700000001, 15.733257000000009, 83.321436, 70.840914, 29.268471000000005]","[-2.0, 1.0, 2.0, 2.0, 0.0, 0.0, 1.0, 1.0, 1.0, 1.0, 1.0, 2.0, 0.0, 1.0, 0.0, 0.0]","[-8.0, 21.0, 16.0, 14.0, -4.0, 15.0, 10.0, 0.0, -14.0, 25.0, 11.0, 10.0, 11.0, 0.0, 10.0, 12.0]"
3,1791632494.9461174,"[-51.767031, 66.44636400000002, 50.889657, 51.417002999999994, 0.0007679999999936626, 64.16119800000001, 33.04778400000001, 44.473614, 52.03224, 66.00690900000001, 50.97754800000001, 50.889657, 15.733257000000009, 83.321436, 70.840914, 29.268471000000005]","[0.0, 1.0, 1.0, 3.0, 1.0, 0.0, 1.0, 1.0, 1.0, 1.0, 4.0, 3.0, 0.0, 1.0, 0.0, 0.0]","[-9.0, 21.0, 16.0, 14.0, -12.0, 14.0, 10.0, 0.0, 0.0, 25.0, 10.0, 10.0, 11.0, 0.0, 10.0, 14.0]"
3,1791632495.169276,"[-52.909614000000005, 66.710037, 52.03224, 52.47169500000001, 0.0007679999999936626, 64.16119800000001, 33.04778400000001, 44.473614, 53.08693199999999, 66.00690900000001, 51.856458, 51.856458, 15.733257000000009, 83.321436, 70.840914, 29.268471000000005]","[-3.0, 3.0, 2.0, 2.0, 1.0, 0.0, 1.0, 1.0, 1.0, 1.0, 1.0, 1.0, 0.0, 1.0, 1.0, 0.0]","[-9.0, 20.0, 15.0, 15.0, -8.0, 16.0, 9.0, 0.0, 0.0, 26.0, 11.0, 10.0, 11.0, 0.0, 10.0, 13.0]"
3,1791632495.3935368,"[-53.96430599999999, 66.710037, 52.999041000000005, 53.526387, 0.0007679999999936626, 64.16119800000001, 33.04778400000001, 44.473614, 54.053732999999994, 66.00690900000001, 52.91114999999999, 52.91114999999999, 15.733257000000009, 83.321436, 70.840914, 29.268471000000005]","[-2.0, 0.0, 1.0, 3.0, 0.0, 0.0, 1.0, 1.0, 1.0, 1.0, 4.0, 1.0, 0.0, 1.0, 1.0, 0.0]","[-8.0, 19.0, 16.0, 14.0, -4.0, 13.0, 9.0, 0.0, 0.0, 25.0, 10.0, 10.0, 11.0, 0.0, 10.0, 12.0]"
3,1791632495.6169477,"[-54.491652, 66.710037, 53.96584200000001, 54.317406000000005, 0.0007679999999936626, 64.16119800000001, 33.04778400000001, 44.473614, 55.020534, 66.00690900000001, 53.79006000000001, 53.79006000000001, 15.733257000000009, 83.321436, 70.840914, 29.268471000000005]","[0.0, 1.0, 3.0, 4.0, 1.0, 0.0, 1.0, 1.0, 1.0, 1.0, 1.0, 1.0, 0.0, 1.0, 1.0, 0.0]","[-9.0, 20.0, 16.0, 14.0, -7.0, 15.0, 10.0, 0.0, 0.0, 26.0, 11.0, 11.0, 11.0, 0.0, 10.0, 13.0]"
3,1791632495.8393528,"[-55.634235000000004, 66.710037, 55.10842500000001, 55.45998900000001, 0.0007679999999936626, 64.16119800000001, 33.04778400000001, 44.473614, 56.163117, 66.00690900000001, 54.756861000000015, 54.93264300000001, 15.733257000000009, 83.321436, 70.840914, 29.268471000000005]","[-2.0, 0.0, 3.0, 3.0, 1.0, 0.0, 1.0, 1.0, 1.0, 1.0, 1.0, 3.0, 0.0, 1.0, 1.0, 0.0]","[-9.0, 20.0, 15.0, 14.0, -6.0, 15.0, 10.0, 0.0, -14.0, 25.0, 11.0, 11.0, 11.0, 0.0, 10.0, 13.0]"
3,1791632496.065488,"[-56.513144999999994, 66.710037, 55.987335, 56.338899, 0.0007679999999936626, 64.16119800000001, 33.04778400000001, 44.473614, 56.954136000000005, 66.00690900000001, 55.635771000000005, 55.72366199999999, 15.733257000000009, 83.321436, 70.840914, 29.268471000000005]","[0.0, 0.0, 1.0, 1.0, 0.0, 0.0, 1.0, 1.0, 1.0, 1.0, 1.0, 4.0, 0.0, 1.0, 0.0, 0.0]","[-9.0, 20.0, 16.0, 14.0, -6.0, 15.0, 9.0, 0.0, 0.0, 25.0, 12.0, 11.0, 11.0, 0.0, 10.0, 13.0]"
3,1791632496.290242,"[-57.304164, 66.710037, 56.954136000000005, 57.129918, -0.08712299999999118, 64.16119800000001, 33.04778400000001, 44.473614, 57.92093700000001, 66.00690900000001, 56.77835400000001, 56.86624499999999, 15.733257000000009, 83.321436, 70.840914, 29.268471000000005]","[-2.0, 1.0, 1.0, 1.0, 0.0, 1.0, 1.0, 1.0, 1.0, 1.0, 4.0, 2.0, 0.0, 1.0, 1.0, 0.0]","[-9.0, 20.0, 16.0, 15.0, -3.0, 16.0, 9.0, 0.0, 0.0, 26.0, 11.0, 11.0, 11.0, 0.0, 10.0, 14.0]"
3,1791632496.5108323,"[-58.798311, 66.710037, 58.09671900000001, 58.272501000000005, 0.0007679999999936626, 64.16119800000001, 33.04778400000001, 44.473614, 58.975629, 66.00690900000001, 57.657264, 57.92093700000001, 15.733257000000009, 83.321436, 70.840914, 29.268471000000005]","[-1.0, 0.0, 2.0, 3.0, 1.0, 0.0, 1.0, 1.0, 1.0, 1.0, 3.0, 5.0, 0.0, 1.0, 1.0, 0.0]","[-9.0, 20.0, 15.0, 14.0, -12.0, 15.0, 10.0, 0.0, 0.0, 26.0, 11.0, 11.0, 11.0, 0.0, 10.0, 14.0]"
3,1791632496.738171,"[-59.32565699999999, 66.710037, 59.327192999999994, 59.23930200000001, 0.0007679999999936626, 64.16119800000001, 33.04778400000001, 44.473614, 59.94243, 66.00690900000001, 58.53617400000002, 58.799847, 15.733257000000009, 83.321436, 70.840914, 29.268471000000005]","[-2.0, 1.0, 3.0, 1.0, 1.0, 1.0, 1.0, 1.0, 1.0, 1.0, 1.0, 1.0, 0.0, 1.0, 0.0, 0.0]","[-10.0, 20.0, 15.0, 14.0, -12.0, 15.0, 10.0, 0.0, 0.0, 26.0, 12.0, 11.0, 11.0, 0.0, 10.0, 13.0]"
3,1791632496.95939,"[-60.55613099999999, 66.710037, 60.469775999999996, 59.23930200000001, 0.0007679999999936626, 64.16119800000001, 33.04778400000001, 44.473614, 60.99712199999999, 66.00690900000001, 59.766648, 58.88773800000001, 15.733257000000009, 83.321436, 70.840914, 29.268471000000005]","[-2.0, 1.0, 4.0, 1.0, 0.0, 1.0, 1.0, 1.0, 1.0, 1.0, 1.0, 0.0, 0.0, 1.0, 1.0, 0.0]","[-9.0, 20.0, 15.0, 14.0, -12.0, 14.0, 10.0, 0.0, 0.0, 26.0, 11.0, 10.0, 11.0, 0.0, 9.0, 13.0]"
3,1791632497.1861374,"[-61.698713999999995, 66.710037, 61.436577, 59.23930200000001, 0.0007679999999936626, 64.16119800000001, 33.04778400000001, 44.473614, 61.963922999999994, 66.00690900000001, 60.99712199999999, 58.88773800000001, 15.733257000000009, 83.321436, 70.840914, 29.268471000000005]","[0.0, 1.0, 2.0, 1.0, 1.0, 0.0, 1.0, 1.0, 2.0, 1.0, 2.0, 1.0, 0.0, 1.0, 1.0, 0.0]","[-9.0, 20.0, 15.0, 14.0, -12.0, 15.0, 10.0, 0.0, 0.0, 25.0, 11.0, 11.0, 11.0, 0.0, 10.0, 14.0]"
3,1791632497.4072332,"[-62.577624, 66.710037, 62.403378000000004, 59.23930200000001, 0.0007679999999936626, 64.16119800000001, 33.04778400000001, 44.473614, 62.667051000000015, 66.00690900000001, 61.963922999999994, 58.88773800000001, 15.733257000000009, 83.321436, 70.840914, 29.268471000000005]","[-1.0, 1.0, 2.0, 1.0, 1.0, 0.0, 1.0, 1.0, 1.0, 1.0, 2.0, 1.0, 0.0, 1.0, 1.0, 0.0]","[-9.0, 20.0, 15.0, 14.0, -12.0, 14.0, 10.0, 0.0, 14.0, 27.0, 11.0, 11.0, 11.0, 0.0, 11.0, 13.0]"
3,1791632497.6341312,"[-63.720207, 66.710037, 63.37017900000001, 59.23930200000001, 0.0007679999999936626, 64.16119800000001, 33.04778400000001, 44.473614, 63.985416000000015, 66.00690900000001, 63.106505999999996, 58.799847, 15.733257000000009, 83.321436, 70.840914, 29.268471000000005]","[0.0, 1.0, 1.0, 1.0, 1.0, 1.0, 1.0, 1.0, 3.0, 1.0, 2.0, 0.0, 0.0, 1.0, 1.0, 0.0]","[-9.0, 19.0, 15.0, 14.0, -8.0, 15.0, 9.0, 0.0, 0.0, 26.0, 11.0, 11.0, 10.0, 0.0, 10.0, 13.0]"
3,1791632497.8559499,"[-64.86279, 66.79792800000001, 64.51276200000001, 59.23930200000001, 0.0007679999999936626, 64.16119800000001, 33.04778400000001, 44.473614, 64.95221699999999, 66.00690900000001, 63.897525, 58.88773800000001, 15.733257000000009, 83.321436, 70.840914, 29.268471000000005]","[-1.0, 2.0, 3.0, 1.0, 1.0, 0.0, 1.0, 1.0, 2.0, 0.0, 1.0, 1.0, 0.0, 1.0, 1.0, 0.0]","[-9.0, 19.0, 14.0, 14.0, -12.0, 14.0, 10.0, 0.0, 0.0, 25.0, 11.0, 11.0, 11.0, 0.0, 10.0, 13.0]"
3,1791632498.0784671,"[-65.478027, 67.41316499999999, 65.391672, 59.23930200000001, -0.08712299999999118, 64.16119800000001, 33.04778400000001, 44.473614, 65.919018, 66.00690900000001, 64.77643499999999, 58.88773800000001, 15.733257000000009, 83.321436, 70.840914, 29.268471000000005]","[-1.0, 2.0, 1.0, 1.0, 0.0, 0.0, 1.0, 1.0, 1.0, 0.0, 1.0, 1.0, 0.0, 1.0, 0.0, 0.0]","[-9.0, 16.0, 15.0, 15.0, -8.0, 15.0, 10.0, 0.0, 0.0, 26.0, 11.0, 11.0, 11.0, 0.0, 10.0, 13.0]"
3,1791632498.3021224,"[-66.62061, 67.501056, 66.534255, 59.23930200000001, -0.08712299999999118, 64.16119800000001, 33.04778400000001, 44.473614, 66.97371000000001, 66.09479999999999, 66.00690900000001, 58.88773800000001, 15.733257000000009, 83.321436, 70.840914, 29.268471000000005]","[-2.0, 1.0, 3.0, 1.0, 0.0, 0.0, 1.0, 1.0, 1.0, 0.0, 2.0, 1.0, 0.0, 1.0, 1.0, 0.0]","[-9.0, 17.0, 14.0, 15.0, -8.0, 14.0, 10.0, 0.0, 0.0, 25.0, 10.0, 12.0, 11.0, 0.0, 10.0, 13.0]"
3,1791632498.5282006,"[-67.587411, 67.501056, 67.41316499999999, 59.23930200000001, 0.0007679999999936626, 64.16119800000001, 33.04778400000001, 44.473614, 67.85262, 66.00690900000001, 66.79792800000001, 58.88773800000001, 15.733257000000009, 83.321436, 70.840914, 29.268471000000005]","[0.0, 1.0, 1.0, 1.0, 0.0, 0.0, 1.0, 1.0, 2.0, 0.0, 1.0, 1.0, 0.0, 1.0, 0.0, 0.0]","[-9.0, 17.0, 14.0, 15.0, -12.0, 14.0, 10.0, 0.0, 13.0, 25.0, 11.0, 11.0, 11.0, 0.0, 10.0, 12.0]"
3,1791632498.751303,"[-68.55421199999999, 67.501056, 68.46785700000001, 59.23930200000001, 0.0007679999999936626, 64.16119800000001, 33.04778400000001, 44.473614, 68.90731199999999, 66.09479999999999, 67.58894699999999, 58.88773800000001, 15.733257000000009, 83.321436, 70.840914, 29.268471000000005]","[0.0, 1.0, 1.0, 1.0, 1.0, 0.0, 1.0, 1.0, 2.0, 0.0, 3.0, 1.0, 0.0, 1.0, 1.0, 0.0]","[-9.0, 17.0, 14.0, 15.0, -12.0, 15.0, 10.0, 0.0, 13.0, 25.0, 11.0, 11.0, 11.0, 0.0, 11.0, 13.0]"
3,1791632498.9780219,"[-69.433122, 67.501056, 69.522549, 59.23930200000001, 0.0007679999999936626, 64.16119800000001, 33.04778400000001, 44.473614, 69.78622200000001, 66.00690900000001, 68.64363900000001, 58.88773800000001, 15.733257000000009, 83.321436, 70.75302300000001, 29.268471000000005]","[0.0, 1.0, 3.0, 1.0, 1.0, 0.0, 1.0, 1.0, 4.0, 0.0, 4.0, 1.0, 0.0, 1.0, 1.0, 0.0]","[-10.0, 17.0, 15.0, 14.0, -12.0, 14.0, 9.0, 0.0, 14.0, 25.0, 10.0, 11.0, 11.0, 0.0, 9.0, 13.0]"
3,1791632499.1985517,"[-69.433122, 67.501056, 70.40145900000002, 59.23930200000001, 0.0007679999999936626, 64.16119800000001, 33.04778400000001, 44.473614, 69.78622200000001, 66.09479999999999, 69.61044000000001, 58.88773800000001, 15.733257000000009, 83.321436, 70.840914, 29.268471000000005]","[1.0, -1.0, 2.0, 1.0, 1.0, 0.0, 1.0, 1.0, 1.0, 0.0, 3.0, 1.0, 0.0, 1.0, 1.0, 0.0]","[-9.0, 17.0, 15.0, 14.0, -12.0, 15.0, 10.0, 0.0, 14.0, 26.0, 11.0, 11.0, 12.0, 0.0, 10.0, 13.0]"
3,1791632499.4261122,"[-69.433122, 67.58894699999999, 71.36825999999999, 59.23930200000001, -0.08712299999999118, 64.16119800000001, 33.04778400000001, 44.473614, 69.78622200000001, 66.09479999999999, 70.40145900000002, 58.88773800000001, 15.733257000000009, 83.321436, 70.840914, 29.268471000000005]","[1.0, 1.0, 2.0, 1.0, 0.0, 0.0, 1.0, 1.0, 1.0, 1.0, 1.0, 1.0, 0.0, 1.0, 1.0, 0.0]","[-10.0, 15.0, 16.0, 13.0, -8.0, 14.0, 10.0, 0.0, 13.0, 25.0, 12.0, 11.0, 11.0, 0.0, 10.0, 13.0]"
3,1791632499.6463172,"[-69.521013, 67.58894699999999, 72.159279, 59.23930200000001, 0.0007679999999936626, 64.16119800000001, 33.04778400000001, 44.473614, 69.78622200000001, 66.09479999999999, 71.631933, 58.88773800000001, 15.733257000000009, 83.321436, 70.840914, 29.268471000000005]","[1.0, 1.0, 2.0, 1.0, 1.0, 0.0, 1.0, 1.0, 1.0, 0.0, 4.0, 1.0, 0.0, 1.0, 1.0, 0.0]","[-10.0, 16.0, 15.0, 14.0, -9.0, 15.0, 10.0, 0.0, 13.0, 25.0, 11.0, 10.0, 12.0, 0.0, 10.0, 12.0]"
3,1791632499.8733926,"[-69.433122, 67.58894699999999, 73.12608, 59.23930200000001, -0.08712299999999118, 64.16119800000001, 33.04778400000001, 44.473614, 69.78622200000001, 66.09479999999999, 72.510843, 58.88773800000001, 15.733257000000009, 83.321436, 70.840914, 29.268471000000005]","[0.0, 1.0, 2.0, 1.0, 0.0, 0.0, 1.0, 1.0, 0.0, 0.0, 3.0, 1.0, 0.0, 1.0, 1.0, 0.0]","[-9.0, 16.0, 15.0, 15.0, -7.0, 15.0, 9.0, 0.0, 14.0, 25.0, 12.0, 11.0, 11.0, 0.0, 10.0, 13.0]"
3,1791632500.0970697,"[-69.521013, 67.58894699999999, 73.477644, 59.23930200000001, 0.0007679999999936626, 64.16119800000001, 33.04778400000001, 44.473614, 69.874113, 66.00690900000001, 73.12608, 58.88773800000001, 15.733257000000009, 83.321436, 70.840914, 29.268471000000005]","[0.0, 1.0, 2.0, 1.0, 0.0, 1.0, 1.0, 1.0, 1.0, 0.0, 1.0, 1.0, 0.0, 1.0, 1.0, 0.0]","[-9.0, 16.0, 17.0, 15.0, -8.0, 15.0, 10.0, 0.0, 13.0, 25.0, 14.0, 11.0, 11.0, 0.0, 9.0, 13.0]"
3,1791632500.320968,"[-69.608904, 67.58894699999999, 73.91709900000001, 59.23930200000001, 0.0007679999999936626, 64.16119800000001, 33.04778400000001, 44.473614, 69.874113, 66.09479999999999, 73.301862, 58.88773800000001, 15.733257000000009, 83.321436, 70.840914, 29.268471000000005]","[-1.0, 1.0, 1.0, 1.0, 0.0, 0.0, 1.0, 1.0, 1.0, 0.0, 1.0, 1.0, 0.0, 1.0, 0.0, 0.0]","[-9.0, 17.0, 19.0, 14.0, -8.0, 14.0, 9.0, 0.0, 13.0, 26.0, 17.0, 11.0, 11.0, 0.0, 10.0, 13.0]"
3,1791632500.5458257,"[-69.608904, 67.58894699999999, 74.268663, 59.23930200000001, -0.08712299999999118, 64.16119800000001, 33.04778400000001, 44.473614, 69.874113, 66.00690900000001, 73.653426, 58.88773800000001, 15.733257000000009, 83.321436, 70.840914, 29.268471000000005]","[0.0, 1.0, 1.0, 1.0, 0.0, 0.0, 1.0, 0.0, 1.0, 1.0, 1.0, 1.0, 0.0, 1.0, 1.0, 0.0]","[-10.0, 17.0, 23.0, 14.0, -6.0, 15.0, 10.0, 0.0, 13.0, 25.0, 20.0, 11.0, 11.0, 0.0, 10.0, 13.0]"
3,1791632500.7694821,"[-69.608904, 67.58894699999999, 75.05968200000001, 59.23930200000001, 0.0007679999999936626, 64.16119800000001, 33.04778400000001, 44.473614, 69.874113, 66.00690900000001, 74.00498999999999, 58.88773800000001, 15.733257000000009, 83.321436, 70.75302300000001, 29.268471000000005]","[0.0, 1.0, 3.0, 1.0, 0.0, 0.0, 1.0, 1.0, 1.0, 0.0, 1.0, 1.0, 0.0, 1.0, 0.0, 0.0]","[-10.0, 17.0, 24.0, 14.0, -6.0, 14.0, 10.0, 0.0, 13.0, 25.0, 24.0, 11.0, 11.0, 0.0, 10.0, 13.0]"
3,1791632500.9938283,"[-69.608904, 67.58894699999999, 75.05968200000001, 59.23930200000001, 0.0007679999999936626, 64.249089, 33.04778400000001, 44.473614, 69.874113, 66.00690900000001, 74.35655400000002, 58.88773800000001, 15.733257000000009, 83.321436, 70.840914, 29.268471000000005]","[0.0, 1.0, 0.0, 1.0, 1.0, 1.0, 1.0, 1.0, 1.0, 0.0, 1.0, 0.0, 0.0, 1.0, 1.0, 0.0]","[-9.0, 17.0, 29.0, 13.0, -12.0, 14.0, 10.0, 0.0, 14.0, 26.0, 28.0, 12.0, 11.0, 0.0, 10.0, 14.0]"
3,1791632501.216425,"[-69.608904, 67.58894699999999, 76.29015600000002, 59.23930200000001, 0.0007679999999936626, 64.16119800000001, 33.04778400000001, 44.473614, 69.874113, 66.00690900000001, 74.70811800000001, 58.88773800000001, 15.733257000000009, 83.321436, 70.75302300000001, 29.268471000000005]","[0.0, 1.0, 1.0, 1.0, 1.0, 0.0, 1.0, 1.0, 1.0, 0.0, 0.0, 0.0, 0.0, 1.0, 1.0, 0.0]","[-9.0, 17.0, 28.0, 14.0, -12.0, 14.0, 10.0, 0.0, 13.0, 26.0, 35.0, 11.0, 10.0, 0.0, 10.0, 13.0]"
3,1791632501.442246,"[-69.608904, 67.58894699999999, 76.29015600000002, 59.23930200000001, 0.0007679999999936626, 64.16119800000001, 33.04778400000001, 44.473614, 69.874113, 65.743236, 74.70811800000001, 58.799847, 15.733257000000009, 83.321436, 70.75302300000001, 29.268471000000005]","[0.0, 1.0, 1.0, 1.0, 1.0, 0.0, 1.0, 1.0, 1.0, 0.0, 0.0, 0.0, 0.0, 1.0, 1.0, 0.0]","[-9.0, 18.0, 35.0, 14.0, -7.0, 14.0, 9.0, 0.0, 0.0, 10.0, 9.0, 9.0, 11.0, 0.0, 10.0, 13.0]"
3,1791632501.6651483,"[-69.608904, 67.41316499999999, 76.20226500000001, 59.23930200000001, 0.0007679999999936626, 64.16119800000001, 33.04778400000001, 44.473614, 69.874113, 65.743236, 74.70811800000001, 58.799847, 15.733257000000009, 83.321436, 70.75302300000001, 29.268471000000005]","[0.0, 0.0, 0.0, 1.0, 1.0, 1.0, 1.0, 1.0, 1.0, 0.0, 0.0, 0.0, 0.0, 1.0, 0.0, 0.0]","[8.0, 10.0, 13.0, 0.0, -7.0, 15.0, 9.0, 0.0, 0.0, 10.0, 8.0, 8.0, 11.0, 0.0, 10.0, 14.0]"
