grip,time,positions,velocities,currents
1,1791641049.8299923,"[-0.08712299999999118, -5.009018999999995, -1.1418150000000082, -0.17501400000000444, 0.0007679999999936626, -4.92112800000001, 0.17654999999999177, -0.2629049999999893, 0.08865900000000693, -4.745346000000012, -0.9660330000000101, 0.26444100000000503, -1.8449430000000007, 178.41949799999998, 39.991173, 25.928613000000013]","[0.0, 0.0, 1.0, 0.0, 1.0, 1.0, 0.0, 1.0, 1.0, 1.0, 1.0, 0.0, 0.0, 1.0, 0.0, 0.0]","[-6.0, 33.0, 16.0, 13.0, -11.0, 32.0, -10.0, 11.0, -14.0, 32.0, 11.0, -10.0, 13.0, 16.0, 0.0, -15.0]"
1,1791641050.0547547,"[-0.5265780000000007, -4.833236999999997, -0.9660330000000101, 0.08865900000000693, 0.0007679999999936626, -4.92112800000001, 0.528113999999988, -0.2629049999999893, 0.7038960000000145, -4.745346000000012, -0.9660330000000101, 0.3523319999999899, -1.8449430000000007, 178.33160700000002, 40.07906399999999, 25.928613000000013]","[0.0, 1.0, 1.0, 1.0, 1.0, 1.0, 1.0, 1.0, 1.0, 1.0, 1.0, 1.0, 0.0, 0.0, 1.0, 1.0]","[-9.0, 47.0, 18.0, 14.0, -11.0, 47.0, 11.0, 13.0, 14.0, 49.0, 14.0, 10.0, 14.0, -11.0, 11.0, 13.0]"
1,1791641050.278555,"[-1.4054879999999912, -4.042217999999991, -0.08712299999999118, 0.44022300000000314, 0.0007679999999936626, -3.7785450000000083, 1.0554600000000107, 0.08865900000000693, 1.582806000000005, -4.657454999999999, -0.6144689999999855, 0.6160050000000012, -1.8449430000000007, 178.06793399999998, 40.07906399999999, 26.192285999999996]","[0.0, 2.0, 2.0, 1.0, 1.0, 0.0, 1.0, 1.0, 1.0, 0.0, 1.0, 1.0, 0.0, 1.0, 1.0, 1.0]","[-9.0, 60.0, 19.0, 16.0, -12.0, 56.0, 12.0, 14.0, 14.0, 78.0, 16.0, 13.0, 14.0, -16.0, 14.0, 15.0]"
1,1791641050.503461,"[-2.4601800000000082, -1.5812699999999893, 0.8796780000000126, 1.582806000000005, 0.0007679999999936626, -2.8996349999999893, 1.846478999999988, 1.3191329999999937, 2.725389000000007, -2.372288999999995, 0.26444100000000503, 0.6160050000000012, -1.8449430000000007, 177.804261, 41.48532, 27.159087]","[0.0, 6.0, 1.0, 2.0, 1.0, 7.0, 1.0, 3.0, 3.0, 1.0, 3.0, 1.0, 0.0, 0.0, 4.0, 1.0]","[-9.0, 55.0, 19.0, 16.0, -12.0, 66.0, 12.0, 14.0, 13.0, 69.0, 16.0, 16.0, 14.0, -25.0, 12.0, 15.0]"
1,1791641050.7279043,"[-3.426981000000012, 0.08865900000000693, 1.7585880000000031, 2.6374979999999937, 0.0007679999999936626, -0.08712299999999118, 2.6374979999999937, 2.0222610000000145, 3.6921900000000107, -2.372288999999995, 1.3191329999999937, 2.1101519999999994, -1.8449430000000007, 177.540588, 42.452121000000005, 28.03799699999999]","[0.0, -1.0, 1.0, 3.0, 0.0, 6.0, 1.0, 2.0, 2.0, 1.0, 4.0, 4.0, 0.0, 0.0, 2.0, 2.0]","[-9.0, 59.0, 20.0, 16.0, -6.0, 59.0, 12.0, 14.0, 14.0, 97.0, 15.0, 13.0, 14.0, -37.0, 12.0, 16.0]"
1,1791641050.9534075,"[-4.393781999999987, 2.0222610000000145, 2.813279999999992, 3.6042989999999975, 0.0007679999999936626, 1.9343700000000013, 3.4285169999999994, 3.164843999999988, 4.131644999999992, 2.0222610000000145, 1.846478999999988, 3.2527350000000013, -1.8449430000000007, 175.69487700000002, 43.41892200000001, 29.180579999999992]","[-1.0, 6.0, 3.0, 1.0, 1.0, 3.0, 3.0, 1.0, 5.0, 8.0, 1.0, 4.0, 0.0, -3.0, 4.0, 3.0]","[-10.0, 58.0, 19.0, 15.0, -10.0, 55.0, 14.0, 14.0, 14.0, 59.0, 18.0, 13.0, 14.0, -39.0, 13.0, 15.0]"
1,1791641051.1739438,"[-5.360582999999991, 3.9558629999999937, 3.7800809999999956, 4.571100000000001, 0.0007679999999936626, 3.6921900000000107, 4.30742699999999, 4.30742699999999, 5.713683000000003, 2.1980430000000126, 2.901171000000005, 4.131644999999992, -1.8449430000000007, 173.233929, 44.649395999999996, 30.147380999999996]","[0.0, 3.0, 3.0, 2.0, 0.0, 7.0, 1.0, 1.0, 3.0, 1.0, 5.0, 1.0, 0.0, -2.0, 3.0, 2.0]","[-9.0, 56.0, 20.0, 16.0, -11.0, 68.0, 14.0, 13.0, 14.0, 86.0, 17.0, 14.0, 13.0, -34.0, 12.0, 15.0]"
1,1791641051.3978832,"[-5.975819999999999, 5.537901000000005, 4.571100000000001, 5.801573999999988, 0.0007679999999936626, 5.889465000000001, 5.274227999999994, 5.186337000000009, 6.328920000000011, 6.328920000000011, 4.219536000000005, 5.010555000000011, -1.8449430000000007, 170.77298100000002, 45.17674199999999, 31.114182]","[0.0, 5.0, 5.0, 4.0, 1.0, 10.0, 3.0, 1.0, 4.0, 6.0, 4.0, 1.0, 0.0, -7.0, 6.0, 1.0]","[-11.0, 62.0, 20.0, 16.0, -11.0, 58.0, 14.0, 13.0, 14.0, 58.0, 16.0, 13.0, 13.0, -29.0, 13.0, 15.0]"
1,1791641051.625354,"[-7.2062939999999855, 8.438303999999988, 5.889465000000001, 6.065246999999999, 0.0007679999999936626, 7.647285000000011, 6.328920000000011, 6.2410289999999975, 7.647285000000011, 6.328920000000011, 5.010555000000011, 6.416810999999996, -1.8449430000000007, 169.27883400000002, 46.67088899999999, 32.16887399999999]","[-1.0, 6.0, 2.0, 5.0, 0.0, 7.0, 4.0, 3.0, 3.0, 1.0, 2.0, 4.0, 0.0, 0.0, 1.0, 1.0]","[-9.0, 52.0, 20.0, 16.0, -2.0, 57.0, 13.0, 12.0, 14.0, 84.0, 17.0, 12.0, 13.0, -35.0, 13.0, 14.0]"
1,1791641051.849492,"[-8.260986000000003, 10.108233000000013, 5.889465000000001, 7.823067000000009, 0.0007679999999936626, 9.844560000000001, 7.207830000000001, 7.2957210000000146, 7.735175999999996, 9.756668999999988, 6.065246999999999, 7.2957210000000146, -1.8449430000000007, 168.487815, 47.54979900000001, 33.223566000000005]","[-2.0, 2.0, 1.0, 4.0, 1.0, 5.0, 1.0, 0.0, 1.0, 1.0, 2.0, 3.0, 0.0, 0.0, 2.0, 4.0]","[-9.0, 61.0, 25.0, 16.0, -12.0, 62.0, 13.0, 14.0, 16.0, 64.0, 17.0, 13.0, 14.0, -46.0, 13.0, 15.0]"
1,1791641052.0693023,"[-9.227787000000006, 10.108233000000013, 7.823067000000009, 8.614086000000015, -0.08712299999999118, 11.426598000000013, 8.26252199999999, 8.438303999999988, 9.58088699999999, 9.932451000000015, 7.119938999999988, 8.26252199999999, -1.8449430000000007, 166.02686699999998, 48.428709, 34.19036700000001]","[0.0, 1.0, 3.0, 1.0, 0.0, 1.0, 3.0, 3.0, 3.0, 1.0, 4.0, 3.0, 0.0, -9.0, 2.0, 3.0]","[-10.0, 85.0, 19.0, 16.0, -10.0, 64.0, 13.0, 13.0, 14.0, 88.0, 16.0, 13.0, 14.0, -36.0, 12.0, 14.0]"
1,1791641052.2941587,"[-10.19458800000001, 14.063328000000013, 8.877758999999998, 9.756668999999988, 0.0007679999999936626, 13.53598199999999, 9.229322999999994, 9.405104999999992, 10.635579000000007, 9.932451000000015, 7.823067000000009, 9.317214000000007, -1.8449430000000007, 163.74170099999998, 49.571292, 35.245059]","[0.0, 5.0, 3.0, 4.0, 0.0, 8.0, 1.0, 1.0, 2.0, 1.0, 5.0, 1.0, 0.0, -1.0, 2.0, 3.0]","[-11.0, 60.0, 20.0, 19.0, -6.0, 61.0, 14.0, 13.0, 14.0, 117.0, 17.0, 13.0, 13.0, -38.0, 13.0, 14.0]"
1,1791641052.5177426,"[-10.985606999999987, 15.55747500000001, 9.756668999999988, 10.723469999999992, 0.0007679999999936626, 15.909039000000007, 10.28401500000001, 10.371905999999996, 11.514488999999998, 16.348493999999988, 9.053540999999996, 10.196123999999998, -1.8449430000000007, 161.36864400000002, 50.362311000000005, 36.12396899999999]","[-3.0, 7.0, 1.0, 1.0, 1.0, 5.0, 3.0, 3.0, 3.0, 8.0, 3.0, 2.0, 0.0, -6.0, 1.0, 3.0]","[-11.0, 60.0, 20.0, 16.0, -11.0, 57.0, 12.0, 14.0, 14.0, 55.0, 16.0, 13.0, 14.0, -35.0, 14.0, 14.0]"
1,1791641052.7425287,"[-12.12818999999999, 18.018423000000013, 10.89925199999999, 11.60238000000001, -0.08712299999999118, 15.996929999999992, 11.162925000000001, 11.250816000000015, 12.657072, 16.524276000000015, 9.668778000000003, 11.162925000000001, -1.8449430000000007, 159.61082399999998, 51.417002999999994, 37.178661000000005]","[-2.0, 1.0, 2.0, 2.0, 0.0, 1.0, 3.0, 1.0, 2.0, 1.0, 2.0, 1.0, 0.0, 0.0, 4.0, 1.0]","[-10.0, 59.0, 19.0, 16.0, -9.0, 83.0, 14.0, 13.0, 13.0, 80.0, 17.0, 13.0, 14.0, -36.0, 13.0, 15.0]"
1,1791641052.9672384,"[-13.007100000000008, 20.215698000000003, 11.778162000000009, 12.744963000000013, 0.0007679999999936626, 19.952024999999992, 12.21761699999999, 12.393398999999988, 12.657072, 19.600460999999996, 10.987143000000003, 12.21761699999999, -1.8449430000000007, 157.58933100000002, 52.29591300000001, 38.14546200000001]","[0.0, 4.0, 2.0, 3.0, 0.0, 7.0, 1.0, 2.0, 1.0, 2.0, 2.0, 1.0, 0.0, -1.0, 3.0, 1.0]","[-12.0, 56.0, 20.0, 15.0, -11.0, 56.0, 13.0, 13.0, 16.0, 68.0, 17.0, 12.0, 14.0, -35.0, 13.0, 14.0]"
1,1791641053.1932166,"[-14.237573999999995, 22.237190999999996, 12.832853999999998, 13.623873000000003, 0.0007679999999936626, 20.39148, 13.184417999999994, 13.53598199999999, 14.678564999999992, 22.14930000000001, 11.866052999999994, 13.184417999999994, -1.8449430000000007, 155.83151099999998, 53.174823, 39.375935999999996]","[0.0, 2.0, 3.0, 4.0, 1.0, 5.0, 2.0, 3.0, 3.0, 9.0, 3.0, 1.0, 0.0, -3.0, 1.0, 3.0]","[-10.0, 57.0, 19.0, 15.0, -11.0, 68.0, 13.0, 13.0, 13.0, 54.0, 19.0, 13.0, 14.0, -36.0, 13.0, 14.0]"
1,1791641053.4171972,"[-15.204374999999999, 23.907119999999992, 13.887546000000015, 14.502782999999994, 0.0007679999999936626, 24.258683999999988, 14.23911000000001, 14.414892000000009, 14.766456000000005, 24.258683999999988, 13.096527000000009, 13.975437, -1.8449430000000007, 153.89790900000003, 54.317406000000005, 40.254846000000015]","[-1.0, 5.0, 3.0, 1.0, 0.0, 6.0, 1.0, 1.0, 1.0, 2.0, 5.0, 1.0, 0.0, -3.0, 4.0, 2.0]","[-10.0, 59.0, 19.0, 17.0, -9.0, 56.0, 14.0, 14.0, 16.0, 55.0, 17.0, 14.0, 13.0, -39.0, 13.0, 15.0]"
1,1791641053.6412952,"[-16.434848999999986, 26.543849999999992, 14.942238000000003, 15.55747500000001, 0.0007679999999936626, 26.016503999999998, 15.381693000000013, 15.733257000000009, 16.787948999999998, 25.752831000000015, 13.975437, 15.118020000000001, -1.8449430000000007, 151.788525, 55.196315999999996, 41.22164699999999]","[-2.0, 9.0, 1.0, 3.0, 1.0, 3.0, 2.0, 2.0, 3.0, 14.0, 3.0, 3.0, 0.0, -4.0, 1.0, 2.0]","[-9.0, 47.0, 20.0, 16.0, -11.0, 60.0, 14.0, 13.0, 14.0, 54.0, 17.0, 13.0, 13.0, -39.0, 14.0, 14.0]"
1,1791641053.8623476,"[-17.40164999999999, 28.653233999999998, 15.909039000000007, 16.524276000000015, 0.0007679999999936626, 28.125888000000003, 16.436385, 16.787948999999998, 17.578968000000003, 28.653233999999998, 15.118020000000001, 16.084821000000005, -1.8449430000000007, 150.733833, 56.338899, 42.27633900000001]","[-2.0, 2.0, 2.0, 1.0, 0.0, 2.0, 3.0, 3.0, 1.0, 0.0, 3.0, 2.0, 0.0, 0.0, 3.0, 2.0]","[-10.0, 53.0, 19.0, 16.0, -12.0, 59.0, 13.0, 13.0, 14.0, 55.0, 16.0, 13.0, 14.0, -48.0, 12.0, 14.0]"
1,1791641054.0862122,"[-18.632124000000005, 31.114182, 17.139512999999994, 17.403186000000005, 0.0007679999999936626, 29.883708000000013, 17.578968000000003, 17.75475, 18.545769000000007, 28.653233999999998, 16.260603000000003, 17.227404000000007, -1.8449430000000007, 148.62444900000003, 57.3057, 43.24314000000001]","[-3.0, 6.0, 4.0, 1.0, 1.0, 1.0, 3.0, 3.0, 1.0, 1.0, 3.0, 3.0, 0.0, -4.0, 3.0, 2.0]","[-9.0, 46.0, 18.0, 18.0, -12.0, 63.0, 13.0, 13.0, 14.0, 79.0, 15.0, 13.0, 13.0, -44.0, 14.0, 15.0]"
1,1791641054.3132408,"[-19.59892500000001, 32.87200200000001, 18.018423000000013, 18.545769000000007, 0.0007679999999936626, 32.344656000000015, 18.36998700000001, 18.545769000000007, 19.68835200000001, 33.04778400000001, 17.315294999999992, 18.282095999999996, -1.8449430000000007, 146.33928300000002, 58.272501000000005, 44.297832]","[-2.0, 6.0, 1.0, 3.0, 1.0, 9.0, 1.0, 2.0, 3.0, 10.0, 1.0, 4.0, 0.0, -4.0, 3.0, 2.0]","[-10.0, 51.0, 18.0, 15.0, -11.0, 53.0, 14.0, 12.0, 14.0, 44.0, 16.0, 12.0, 14.0, -43.0, 14.0, 15.0]"
1,1791641054.5370739,"[-20.565726000000012, 35.33295000000001, 19.161006000000015, 19.51257000000001, 0.0007679999999936626, 34.36614900000001, 19.161006000000015, 19.600460999999996, 20.567262, 33.13567499999999, 18.545769000000007, 19.073115, -1.8449430000000007, 144.14200799999998, 59.41508400000001, 45.264633]","[-1.0, 7.0, 1.0, 2.0, 1.0, 4.0, 1.0, 1.0, 2.0, 1.0, 3.0, 1.0, 0.0, -5.0, 3.0, 2.0]","[-10.0, 45.0, 20.0, 17.0, -11.0, 55.0, 15.0, 12.0, 14.0, 73.0, 15.0, 13.0, 13.0, -39.0, 14.0, 14.0]"
1,1791641054.7572415,"[-21.7962, 37.178661000000005, 20.303588999999988, 20.479371000000015, 0.0007679999999936626, 36.65131500000001, 20.215698000000003, 20.655153000000013, 21.797736000000015, 33.57513, 19.424678999999998, 20.303588999999988, -1.8449430000000007, 141.68106, 60.20610300000001, 46.05565200000001]","[-2.0, 5.0, 3.0, 5.0, 1.0, 8.0, 2.0, 1.0, 2.0, 8.0, 1.0, 1.0, 0.0, -2.0, 1.0, 1.0]","[-9.0, 49.0, 17.0, 16.0, -11.0, 48.0, 14.0, 13.0, 13.0, 76.0, 16.0, 12.0, 13.0, -39.0, 13.0, 14.0]"
1,1791641054.9825256,"[-22.763001000000003, 39.28804500000001, 21.358281000000005, 21.709845, 0.0007679999999936626, 38.672808, 20.83093500000001, 21.709845, 22.500864000000007, 39.551717999999994, 20.655153000000013, 21.358281000000005, -1.8449430000000007, 140.01113099999998, 61.436577, 47.286125999999996]","[-2.0, 4.0, 3.0, 1.0, 1.0, 1.0, 1.0, 3.0, 1.0, 6.0, 1.0, 3.0, 0.0, -4.0, 3.0, 3.0]","[-9.0, 42.0, 17.0, 15.0, -11.0, 53.0, 16.0, 13.0, 14.0, 44.0, 15.0, 12.0, 14.0, -40.0, 13.0, 14.0]"
1,1791641055.2090707,"[-23.905584000000005, 41.39742899999999, 22.500864000000007, 22.588754999999992, 0.0007679999999936626, 40.870082999999994, 21.797736000000015, 22.76453699999999, 23.907119999999992, 41.836884, 21.621953999999988, 22.412972999999994, -1.8449430000000007, 137.72596500000003, 62.403378000000004, 48.34081800000001]","[0.0, 3.0, 2.0, 1.0, 1.0, 7.0, 2.0, 2.0, 4.0, 6.0, 3.0, 2.0, 0.0, -4.0, 3.0, 4.0]","[-8.0, 45.0, 18.0, 17.0, -12.0, 44.0, 17.0, 12.0, 13.0, 41.0, 15.0, 12.0, 13.0, -37.0, 13.0, 14.0]"
1,1791641055.4331467,"[-24.87238500000001, 43.59470400000001, 23.379773999999998, 23.555555999999996, 0.0007679999999936626, 43.506812999999994, 22.588754999999992, 23.555555999999996, 24.873920999999996, 42.012665999999996, 22.76453699999999, 23.291883000000013, -1.8449430000000007, 135.968145, 63.37017900000001, 49.30761899999999]","[-1.0, 8.0, 3.0, 3.0, 1.0, 5.0, 1.0, 1.0, 1.0, 1.0, 1.0, 4.0, 0.0, -2.0, 1.0, 3.0]","[-8.0, 39.0, 18.0, 15.0, -11.0, 42.0, 17.0, 12.0, 14.0, 62.0, 15.0, 13.0, 13.0, -38.0, 13.0, 15.0]"
1,1791641055.6537304,"[-25.927076999999997, 45.967760999999996, 24.170793000000003, 24.698138999999998, 0.0007679999999936626, 45.791979, 23.46766500000001, 24.78603000000001, 25.577048999999988, 46.31932499999999, 23.64344700000001, 24.434466000000015, -1.8449430000000007, 133.24352399999998, 64.424871, 50.18652900000001]","[-2.0, 1.0, 1.0, 4.0, 1.0, 8.0, 1.0, 2.0, 5.0, 10.0, 1.0, 5.0, 0.0, -5.0, 3.0, 3.0]","[0.0, 41.0, 19.0, 15.0, -12.0, 37.0, 17.0, 12.0, 14.0, 36.0, 15.0, 12.0, 14.0, -32.0, 13.0, 16.0]"
1,1791641055.881041,"[-26.981768999999986, 48.252927, 25.313376000000005, 25.66494, 0.0007679999999936626, 47.901363, 24.698138999999998, 25.752831000000015, 26.983305, 47.19823500000001, 24.78603000000001, 25.752831000000015, -1.8449430000000007, 131.39781299999999, 65.30378100000001, 51.065439]","[-1.0, 4.0, 2.0, 4.0, 1.0, 2.0, 3.0, 2.0, 1.0, 1.0, 3.0, 4.0, 0.0, 0.0, 1.0, 1.0]","[0.0, 36.0, 17.0, 16.0, -11.0, 40.0, 16.0, 13.0, 0.0, 50.0, 15.0, 11.0, 12.0, -36.0, 13.0, 14.0]"
1,1791641056.102408,"[-27.94856999999999, 50.362311000000005, 26.28017700000001, 26.807523000000003, 0.0007679999999936626, 50.01074700000001, 25.840722, 26.895413999999988, 27.950106000000005, 50.801766000000015, 25.928613000000013, 26.455959000000007, -1.8449430000000007, 128.67319200000003, 66.534255, 52.208022]","[0.0, 1.0, 2.0, 3.0, 0.0, 6.0, 2.0, 3.0, 1.0, 9.0, 4.0, 1.0, 0.0, -4.0, 3.0, 1.0]","[0.0, 38.0, 19.0, 15.0, -12.0, 40.0, 16.0, 12.0, 0.0, 32.0, 13.0, 12.0, 13.0, -32.0, 14.0, 15.0]"
1,1791641056.3267767,"[-28.82748000000001, 52.64747700000001, 27.159087, 27.774324000000007, 0.0007679999999936626, 52.383804, 27.071196000000015, 27.42276000000001, 29.004797999999994, 52.29591300000001, 26.895413999999988, 27.862214999999992, -1.8449430000000007, 127.17904500000003, 67.501056, 53.174823]","[0.0, 9.0, 1.0, 3.0, 0.0, 6.0, 4.0, 1.0, 0.0, 2.0, 1.0, 1.0, 0.0, 0.0, 5.0, 1.0]","[-9.0, 32.0, 18.0, 15.0, -12.0, 34.0, 15.0, 13.0, -4.0, 38.0, 14.0, 11.0, 14.0, -32.0, 13.0, 15.0]"
1,1791641056.5487697,"[-29.97006300000001, 55.28420700000001, 28.30167, 28.829015999999996, 0.08865900000000693, 54.58107900000002, 28.125888000000003, 28.565343000000013, 30.05949000000001, 54.756861000000015, 28.03799699999999, 28.829015999999996, -1.8449430000000007, 125.069661, 68.64363900000001, 54.14162400000001]","[-2.0, 5.0, 1.0, 1.0, 1.0, 6.0, 3.0, 2.0, 1.0, 9.0, 3.0, 2.0, 0.0, -2.0, 2.0, 1.0]","[0.0, 31.0, 18.0, 15.0, -12.0, 30.0, 15.0, 13.0, 0.0, 30.0, 14.0, 11.0, 14.0, -34.0, 12.0, 14.0]"
1,1791641056.77377,"[-30.936863999999986, 57.21780900000002, 29.180579999999992, 29.883708000000013, 0.08865900000000693, 56.77835400000001, 29.268471000000005, 29.795817, 31.114182, 56.42679000000001, 29.180579999999992, 29.883708000000013, -1.8449430000000007, 123.575514, 69.43465800000001, 55.196315999999996]","[0.0, 6.0, 1.0, 3.0, 1.0, 2.0, 3.0, 2.0, 1.0, 1.0, 4.0, 1.0, 0.0, 0.0, 1.0, 3.0]","[0.0, 31.0, 18.0, 15.0, -11.0, 32.0, 14.0, 11.0, -13.0, 37.0, 13.0, 11.0, 13.0, -36.0, 13.0, 15.0]"
1,1791641057.000918,"[-31.991556000000003, 59.327192999999994, 30.498944999999992, 30.9384, 0.08865900000000693, 58.975629, 30.498944999999992, 30.762618000000003, 32.080983, 58.624065, 29.883708000000013, 30.850508999999988, -1.8449430000000007, 121.02667500000001, 70.75302300000001, 56.25100800000001]","[-2.0, 1.0, 3.0, 1.0, 1.0, 3.0, 3.0, 1.0, 1.0, 11.0, 1.0, 1.0, 0.0, -8.0, 4.0, 3.0]","[0.0, 30.0, 17.0, 15.0, -12.0, 27.0, 13.0, 11.0, -5.0, 31.0, 13.0, 11.0, 13.0, -30.0, 13.0, 14.0]"
1,1791641057.2222235,"[-32.95835700000001, 61.436577, 31.37785500000001, 31.905201000000005, 0.08865900000000693, 61.348686000000015, 31.55363700000001, 31.905201000000005, 33.04778400000001, 61.52446800000001, 31.114182, 31.99309199999999, -1.8449430000000007, 118.74150900000001, 71.807715, 57.21780900000002]","[0.0, 7.0, 1.0, 1.0, 0.0, 3.0, 1.0, 1.0, 1.0, 3.0, 1.0, 3.0, 0.0, -2.0, 4.0, 2.0]","[0.0, 26.0, 17.0, 15.0, -12.0, 29.0, 13.0, 11.0, 0.0, 29.0, 13.0, 10.0, 14.0, -31.0, 11.0, 14.0]"
1,1791641057.4489403,"[-34.013048999999995, 64.073307, 32.608329, 32.959892999999994, 0.08865900000000693, 63.80963400000002, 32.69622000000001, 32.87200200000001, 34.102475999999996, 63.63385199999999, 32.432547, 32.69622000000001, -1.8449430000000007, 116.63212500000003, 72.86240699999999, 58.36039199999999]","[0.0, 5.0, 4.0, 2.0, 1.0, 6.0, 4.0, 2.0, 2.0, 3.0, 5.0, 3.0, 0.0, -4.0, 2.0, 2.0]","[0.0, 25.0, 16.0, 15.0, -12.0, 24.0, 12.0, 12.0, -9.0, 28.0, 12.0, 12.0, 13.0, -29.0, 12.0, 14.0]"
1,1791641057.67286,"[-35.06774100000001, 66.09479999999999, 33.663021000000015, 34.102475999999996, 0.08865900000000693, 65.567454, 33.663021000000015, 33.83880300000001, 35.069277, 65.919018, 33.48723899999999, 33.750912, -1.8449430000000007, 114.43484999999998, 73.91709900000001, 59.23930200000001]","[0.0, 7.0, 3.0, 3.0, 1.0, 2.0, 2.0, 2.0, 1.0, 3.0, 4.0, 2.0, 0.0, -1.0, 1.0, 1.0]","[0.0, 22.0, 16.0, 15.0, -12.0, 28.0, 13.0, 12.0, -5.0, 27.0, 12.0, 11.0, 13.0, -30.0, 12.0, 15.0]"
1,1791641057.8939652,"[-35.946651, 68.46785700000001, 34.717713, 35.069277, 0.08865900000000693, 65.567454, 33.663021000000015, 34.45403999999999, 36.12396899999999, 68.204184, 34.541931000000005, 34.717713, -1.8449430000000007, 112.41335700000002, 75.05968200000001, 60.38188500000001]","[-2.0, 3.0, 2.0, 3.0, 0.0, 1.0, 1.0, 2.0, 1.0, 8.0, 2.0, 1.0, 0.0, -4.0, 2.0, 3.0]","[-9.0, 23.0, 16.0, 15.0, -12.0, 40.0, 17.0, 14.0, -14.0, 21.0, 12.0, 11.0, 13.0, -28.0, 12.0, 13.0]"
1,1791641058.1179543,"[-37.00134299999999, 70.57724100000001, 35.860296000000005, 35.94818699999999, 0.0007679999999936626, 66.27058199999999, 33.83880300000001, 34.981386000000015, 37.00287900000001, 70.48935, 35.50873200000001, 35.596622999999994, -1.8449430000000007, 110.0403, 76.114374, 61.436577]","[-2.0, 7.0, 2.0, 1.0, 0.0, 1.0, 1.0, 1.0, 1.0, 3.0, 3.0, 5.0, 0.0, -3.0, 3.0, 3.0]","[0.0, 19.0, 15.0, 16.0, -12.0, 59.0, 20.0, 14.0, 0.0, 21.0, 11.0, 11.0, 13.0, -30.0, 12.0, 15.0]"
1,1791641058.3449085,"[-37.968143999999995, 73.03818900000002, 37.00287900000001, 36.82709700000001, 0.0007679999999936626, 66.27058199999999, 33.83880300000001, 35.596622999999994, 38.057570999999996, 72.59873400000001, 36.65131500000001, 36.65131500000001, -1.8449430000000007, 108.37037099999998, 77.16906599999999, 62.227596000000005]","[-1.0, 2.0, 2.0, 1.0, 0.0, 1.0, 1.0, 0.0, 1.0, 5.0, 2.0, 2.0, 1.0, -2.0, 2.0, 1.0]","[-9.0, 19.0, 15.0, 15.0, -11.0, 79.0, 26.0, 17.0, 0.0, 20.0, 12.0, 11.0, 13.0, -28.0, 11.0, 15.0]"
1,1791641058.567616,"[-38.847053999999986, 75.411246, 38.14546200000001, 37.96968000000001, 0.0007679999999936626, 66.79792800000001, 34.102475999999996, 35.860296000000005, 39.024372, 74.70811800000001, 37.881789, 37.530225, -1.8449430000000007, 105.909423, 78.22375799999998, 63.37017900000001]","[0.0, 6.0, 3.0, 3.0, 0.0, 1.0, 1.0, 1.0, 1.0, 1.0, 3.0, 1.0, 1.0, -4.0, 1.0, 1.0]","[-9.0, 16.0, 15.0, 15.0, -11.0, 106.0, 32.0, 20.0, 0.0, 21.0, 11.0, 12.0, 13.0, -23.0, 11.0, 15.0]"
1,1791641058.7899754,"[-40.077528, 77.608521, 39.375935999999996, 38.84859, 0.0007679999999936626, 66.79792800000001, 34.102475999999996, 36.563424, 39.991173, 76.64172000000002, 38.76069899999999, 38.672808, -1.7570519999999874, 103.80003900000003, 79.27845000000002, 64.249089]","[-1.0, 4.0, 4.0, 1.0, 0.0, 1.0, 1.0, 1.0, 1.0, 7.0, 1.0, 1.0, 1.0, -2.0, 4.0, 1.0]","[0.0, 16.0, 15.0, 16.0, -12.0, 140.0, 40.0, 20.0, 14.0, 20.0, 11.0, 11.0, 13.0, -24.0, 11.0, 15.0]"
1,1791641059.014566,"[-40.69276500000001, 79.893687, 40.342737, 39.90328199999999, 0.0007679999999936626, 65.30378100000001, 34.01458500000001, 36.563424, 41.04586499999999, 79.102668, 39.90328199999999, 39.72749999999999, -1.7570519999999874, 103.80003900000003, 80.245251, 65.391672]","[-1.0, 5.0, 3.0, 3.0, 1.0, 0.0, 1.0, 1.0, 2.0, 2.0, 3.0, 2.0, 1.0, 0.0, 3.0, 3.0]","[-9.0, 14.0, 15.0, 15.0, 11.0, 13.0, 9.0, 0.0, 0.0, 18.0, 10.0, 11.0, 12.0, -25.0, 11.0, 13.0]"
1,1791641059.237902,"[-42.01113000000001, 82.178853, 41.48532, 40.694300999999996, 0.0007679999999936626, 65.30378100000001, 34.01458500000001, 36.563424, 41.661102, 81.29994299999998, 40.95797400000001, 40.694300999999996, -1.7570519999999874, 103.80003900000003, 81.21205200000003, 66.44636400000002]","[0.0, 4.0, 3.0, 1.0, 1.0, 0.0, 1.0, 1.0, 1.0, 7.0, 1.0, 5.0, 1.0, 0.0, 3.0, 3.0]","[0.0, 14.0, 14.0, 15.0, 12.0, 13.0, 10.0, 0.0, 14.0, 17.0, 9.0, 12.0, 13.0, -25.0, 11.0, 14.0]"
1,1791641059.4648435,"[-43.065822, 84.28823699999998, 42.627903, 41.74899300000001, 0.0007679999999936626, 65.30378100000001, 34.01458500000001, 36.563424, 43.06735800000001, 83.673, 42.10055700000001, 41.661102, -1.7570519999999874, 103.80003900000003, 82.35463500000003, 67.237383]","[0.0, 4.0, 3.0, 3.0, 1.0, 0.0, 1.0, 1.0, 1.0, 4.0, 1.0, 1.0, 1.0, 0.0, 3.0, 1.0]","[0.0, 14.0, 14.0, 17.0, 12.0, 13.0, 9.0, 0.0, 0.0, 16.0, 10.0, 12.0, 13.0, -26.0, 11.0, 15.0]"
1,1791641059.6886337,"[-44.032623, 86.661294, 43.506812999999994, 42.979467, 0.0007679999999936626, 65.30378100000001, 34.01458500000001, 36.563424, 44.03415899999999, 85.78238399999998, 43.24314000000001, 42.891576000000015, -1.7570519999999874, 103.80003900000003, 83.14565399999998, 68.379966]","[0.0, 5.0, 1.0, 3.0, 1.0, 0.0, 1.0, 1.0, 1.0, 4.0, 4.0, 2.0, 1.0, 0.0, 1.0, 3.0]","[0.0, 13.0, 15.0, 15.0, 11.0, 12.0, 9.0, 0.0, 0.0, 15.0, 9.0, 10.0, 12.0, -26.0, 11.0, 14.0]"
1,1791641059.9126563,"[-45.08731499999999, 88.594896, 44.649395999999996, 43.06735800000001, 0.0007679999999936626, 65.30378100000001, 34.01458500000001, 36.563424, 45.00095999999999, 88.155441, 44.297832, 43.85837699999999, -1.7570519999999874, 103.80003900000003, 84.11245500000001, 69.346767]","[0.0, 5.0, 3.0, 1.0, 1.0, 0.0, 1.0, 1.0, 1.0, 5.0, 4.0, 1.0, 1.0, 0.0, 2.0, 2.0]","[0.0, 11.0, 15.0, 18.0, 10.0, 14.0, 9.0, 0.0, -14.0, 14.0, 10.0, 11.0, 12.0, -26.0, 12.0, 14.0]"
1,1791641060.1366837,"[-46.05411599999999, 88.77067799999998, 45.528306000000015, 45.088851000000005, 0.0007679999999936626, 65.30378100000001, 34.01458500000001, 36.563424, 46.05565200000001, 88.155441, 45.264633, 45.088851000000005, -1.7570519999999874, 103.80003900000003, 85.07925599999999, 70.313568]","[0.0, 1.0, 1.0, 5.0, 1.0, 0.0, 1.0, 1.0, 0.0, 1.0, 2.0, 2.0, 1.0, 0.0, 3.0, 2.0]","[0.0, 12.0, 15.0, 15.0, 11.0, 14.0, 10.0, 0.0, -8.0, 14.0, 10.0, 11.0, 13.0, -27.0, 11.0, 15.0]"
1,1791641060.358176,"[-47.020917, 88.77067799999998, 46.49510699999999, 45.967760999999996, 0.0007679999999936626, 65.30378100000001, 34.01458500000001, 36.563424, 47.02245300000001, 88.33122300000002, 46.143542999999994, 46.143542999999994, -1.7570519999999874, 103.80003900000003, 85.958166, 71.28036900000001]","[0.0, 1.0, 2.0, 3.0, 1.0, 0.0, 1.0, 1.0, 2.0, 1.0, 1.0, 4.0, 1.0, 0.0, 3.0, 3.0]","[0.0, 12.0, 14.0, 14.0, 11.0, 13.0, 10.0, 0.0, -8.0, 14.0, 11.0, 10.0, 12.0, -27.0, 11.0, 14.0]"
1,1791641060.5845773,"[-47.72404499999999, 88.77067799999998, 47.54979900000001, 47.286125999999996, 0.0007679999999936626, 65.30378100000001, 34.01458500000001, 36.563424, 48.077145, 88.33122300000002, 47.37401700000001, 47.110344, -1.7570519999999874, 103.80003900000003, 87.10074900000001, 72.24717000000001]","[-1.0, 1.0, 1.0, 1.0, 1.0, 0.0, 1.0, 1.0, 1.0, 1.0, 3.0, 2.0, 1.0, 0.0, 3.0, 2.0]","[-9.0, 12.0, 14.0, 15.0, 11.0, 14.0, 9.0, 0.0, -14.0, 14.0, 10.0, 10.0, 12.0, -26.0, 12.0, 14.0]"
1,1791641060.8055177,"[-49.04240999999999, 88.77067799999998, 48.428709, 48.165036000000015, 0.0007679999999936626, 65.30378100000001, 34.01458500000001, 36.563424, 49.043946000000005, 88.33122300000002, 48.165036000000015, 48.252927, -1.7570519999999874, 103.80003900000003, 88.06754999999998, 73.12608]","[-2.0, 1.0, 1.0, 1.0, 1.0, 0.0, 1.0, 1.0, 1.0, 1.0, 1.0, 4.0, 1.0, 0.0, 4.0, 1.0]","[0.0, 12.0, 15.0, 14.0, 11.0, 13.0, 9.0, 0.0, -14.0, 13.0, 11.0, 11.0, 12.0, -26.0, 11.0, 15.0]"
1,1791641061.0326283,"[-49.833428999999995, 88.77067799999998, 49.39551, 49.30761899999999, 0.0007679999999936626, 65.30378100000001, 34.01458500000001, 36.563424, 50.01074700000001, 88.33122300000002, 49.13183699999999, 49.043946000000005, -1.7570519999999874, 103.80003900000003, 88.155441, 74.268663]","[0.0, 1.0, 1.0, 3.0, 1.0, 0.0, 1.0, 1.0, 1.0, 1.0, 2.0, 2.0, 1.0, 0.0, 0.0, 3.0]","[-9.0, 13.0, 14.0, 15.0, 11.0, 13.0, 10.0, 0.0, -10.0, 14.0, 10.0, 11.0, 12.0, -27.0, 14.0, 14.0]"
1,1791641061.2538972,"[-50.80023, 88.77067799999998, 50.362311000000005, 50.538093, 0.0007679999999936626, 65.30378100000001, 34.01458500000001, 36.563424, 51.15333000000001, 88.33122300000002, 50.18652900000001, 50.098637999999994, -1.7570519999999874, 103.80003900000003, 90.00115199999999, 75.23546400000001]","[0.0, 1.0, 2.0, 2.0, 1.0, 0.0, 1.0, 1.0, 1.0, 1.0, 2.0, 3.0, 1.0, 0.0, 4.0, 3.0]","[-8.0, 12.0, 15.0, 13.0, 11.0, 13.0, 9.0, 0.0, -13.0, 14.0, 10.0, 11.0, 12.0, -26.0, 11.0, 14.0]"
1,1791641061.4776452,"[-51.767031, 88.77067799999998, 51.32911200000001, 51.50489400000001, 0.0007679999999936626, 65.30378100000001, 34.01458500000001, 36.563424, 52.03224, 88.33122300000002, 51.15333000000001, 50.97754800000001, -1.7570519999999874, 103.80003900000003, 90.88006200000001, 76.20226500000001]","[0.0, 0.0, 3.0, 3.0, 1.0, 0.0, 1.0, 1.0, 1.0, 1.0, 2.0, 2.0, 1.0, 0.0, 1.0, 2.0]","[-10.0, 12.0, 15.0, 14.0, 12.0, 14.0, 9.0, 0.0, 0.0, 14.0, 11.0, 11.0, 12.0, -26.0, 12.0, 14.0]"
1,1791641061.7023892,"[-52.82172299999999, 88.77067799999998, 52.29591300000001, 52.47169500000001, 0.0007679999999936626, 65.30378100000001, 34.01458500000001, 36.563424, 53.174823, 88.33122300000002, 52.29591300000001, 52.03224, -1.7570519999999874, 103.80003900000003, 91.934754, 77.08117500000003]","[-3.0, 1.0, 1.0, 3.0, 1.0, 0.0, 1.0, 1.0, 1.0, 1.0, 3.0, 2.0, 1.0, 0.0, 1.0, 1.0]","[-9.0, 12.0, 15.0, 14.0, 12.0, 13.0, 9.0, 0.0, -6.0, 14.0, 10.0, 11.0, 13.0, -26.0, 12.0, 14.0]"
1,1791641061.928509,"[-53.788523999999995, 88.77067799999998, 53.08693199999999, 53.438496000000015, 0.0007679999999936626, 65.30378100000001, 34.01458500000001, 36.563424, 54.053732999999994, 88.33122300000002, 53.174823, 52.999041000000005, -1.7570519999999874, 103.80003900000003, 92.90155500000003, 78.047976]","[-2.0, 0.0, 1.0, 3.0, 1.0, 0.0, 1.0, 1.0, 1.0, 1.0, 1.0, 5.0, 0.0, 0.0, 1.0, 2.0]","[-9.0, 12.0, 16.0, 14.0, 11.0, 14.0, 10.0, 0.0, 0.0, 14.0, 10.0, 10.0, 12.0, -26.0, 12.0, 16.0]"
1,1791641062.1498528,"[-54.491652, 88.77067799999998, 53.877950999999996, 54.317406000000005, 0.0007679999999936626, 65.30378100000001, 34.01458500000001, 36.563424, 55.10842500000001, 88.33122300000002, 54.053732999999994, 53.79006000000001, -1.7570519999999874, 103.80003900000003, 94.04413799999998, 79.19055900000001]","[0.0, 0.0, 1.0, 3.0, 1.0, 0.0, 1.0, 1.0, 1.0, 1.0, 3.0, 1.0, 1.0, 0.0, 2.0, 3.0]","[-10.0, 12.0, 16.0, 14.0, 11.0, 13.0, 10.0, 0.0, -14.0, 14.0, 9.0, 11.0, 12.0, -27.0, 11.0, 14.0]"
1,1791641062.37373,"[-55.45845299999999, 88.77067799999998, 54.756861000000015, 55.28420700000001, 0.0007679999999936626, 65.30378100000001, 34.01458500000001, 36.563424, 56.163117, 88.33122300000002, 55.196315999999996, 54.93264300000001, -1.7570519999999874, 103.80003900000003, 95.18672099999998, 79.19055900000001]","[0.0, 0.0, 1.0, 3.0, 1.0, 0.0, 1.0, 1.0, 1.0, 1.0, 1.0, 2.0, 0.0, 0.0, 3.0, 1.0]","[-9.0, 12.0, 16.0, 15.0, 12.0, 14.0, 10.0, 0.0, -14.0, 14.0, 9.0, 11.0, 12.0, -26.0, 12.0, 15.0]"
1,1791641062.5973961,"[-56.425253999999995, 88.68278700000002, 55.54787999999999, 56.25100800000001, 0.0007679999999936626, 65.30378100000001, 34.01458500000001, 36.563424, 56.954136000000005, 88.33122300000002, 56.075226000000015, 55.89944400000002, -1.7570519999999874, 103.80003900000003, 95.88984900000003, 79.19055900000001]","[0.0, 0.0, 1.0, 3.0, 1.0, 0.0, 1.0, 1.0, 1.0, 1.0, 3.0, 1.0, 1.0, 0.0, 3.0, 1.0]","[-9.0, 13.0, 17.0, 15.0, 11.0, 13.0, 10.0, 0.0, 0.0, 14.0, 10.0, 11.0, 12.0, -26.0, 12.0, 15.0]"
1,1791641062.824469,"[-57.040491, 88.594896, 56.338899, 56.954136000000005, 0.0007679999999936626, 65.30378100000001, 34.01458500000001, 36.563424, 57.92093700000001, 88.33122300000002, 56.954136000000005, 56.86624499999999, -1.6691610000000026, 103.80003900000003, 96.85665, 79.19055900000001]","[-1.0, 0.0, 2.0, 3.0, 1.0, 0.0, 1.0, 1.0, 1.0, 1.0, 2.0, 1.0, 0.0, 0.0, 5.0, 1.0]","[-11.0, 12.0, 17.0, 14.0, 11.0, 13.0, 10.0, 0.0, 0.0, 14.0, 11.0, 11.0, 12.0, -27.0, 12.0, 15.0]"
1,1791641063.0484018,"[-58.446747, 88.594896, 57.129918, 58.008827999999994, 0.0007679999999936626, 65.30378100000001, 34.01458500000001, 36.563424, 58.975629, 88.33122300000002, 58.008827999999994, 58.008827999999994, -1.6691610000000026, 103.80003900000003, 98.08712400000002, 79.19055900000001]","[-4.0, 0.0, 1.0, 1.0, 1.0, 0.0, 1.0, 1.0, 1.0, 1.0, 3.0, 5.0, 0.0, 0.0, 3.0, 1.0]","[-9.0, 13.0, 17.0, 15.0, 11.0, 14.0, 10.0, 0.0, 0.0, 14.0, 11.0, 11.0, 13.0, -27.0, 11.0, 15.0]"
1,1791641063.271353,"[-59.149874999999994, 88.594896, 57.92093700000001, 59.06352000000001, 0.0007679999999936626, 65.30378100000001, 34.01458500000001, 36.563424, 59.94243, 88.33122300000002, 58.975629, 58.799847, -1.6691610000000026, 103.80003900000003, 98.79025200000001, 79.19055900000001]","[0.0, 0.0, 1.0, 3.0, 1.0, 0.0, 1.0, 1.0, 1.0, 1.0, 3.0, 2.0, 1.0, 0.0, 6.0, 1.0]","[-11.0, 13.0, 20.0, 14.0, 12.0, 13.0, 9.0, 0.0, 0.0, 14.0, 10.0, 10.0, 12.0, -27.0, 11.0, 15.0]"
1,1791641063.4963381,"[-60.292457999999996, 88.50700499999999, 59.151410999999996, 59.23930200000001, 0.0007679999999936626, 65.30378100000001, 34.01458500000001, 36.563424, 60.99712199999999, 88.33122300000002, 60.20610300000001, 58.88773800000001, -1.6691610000000026, 103.80003900000003, 100.196508, 79.19055900000001]","[0.0, 0.0, 3.0, 1.0, 1.0, 0.0, 1.0, 1.0, 1.0, 1.0, 3.0, 1.0, 1.0, 0.0, 4.0, 1.0]","[-9.0, 13.0, 19.0, 14.0, 10.0, 14.0, 9.0, 0.0, 0.0, 14.0, 10.0, 11.0, 12.0, -26.0, 11.0, 14.0]"
1,1791641063.7180254,"[-61.522932, 88.41911399999998, 59.94243, 59.23930200000001, 0.0007679999999936626, 65.30378100000001, 34.01458500000001, 36.563424, 61.963922999999994, 88.33122300000002, 61.348686000000015, 58.88773800000001, -1.6691610000000026, 103.80003900000003, 101.07541800000001, 79.19055900000001]","[1.0, 0.0, 1.0, 1.0, 1.0, 0.0, 1.0, 1.0, 3.0, 1.0, 4.0, 0.0, 1.0, 0.0, 3.0, 1.0]","[-8.0, 15.0, 19.0, 14.0, 11.0, 14.0, 9.0, 0.0, 0.0, 14.0, 10.0, 11.0, 13.0, -26.0, 12.0, 15.0]"
1,1791641063.9410799,"[-62.313951, 88.41911399999998, 60.73344900000001, 59.23930200000001, 0.0007679999999936626, 65.30378100000001, 34.01458500000001, 36.563424, 62.930724, 88.33122300000002, 62.403378000000004, 58.88773800000001, -1.6691610000000026, 103.80003900000003, 102.04221899999999, 79.19055900000001]","[0.0, 0.0, 3.0, 1.0, 1.0, 0.0, 1.0, 1.0, 3.0, 1.0, 2.0, 0.0, 1.0, 0.0, 2.0, 1.0]","[-9.0, 15.0, 20.0, 14.0, 11.0, 13.0, 10.0, 0.0, 0.0, 14.0, 10.0, 11.0, 12.0, -26.0, 11.0, 15.0]"
1,1791641064.1650312,"[-63.456534000000005, 88.41911399999998, 61.52446800000001, 59.23930200000001, 0.0007679999999936626, 65.30378100000001, 34.01458500000001, 36.563424, 63.985416000000015, 88.33122300000002, 63.19439700000001, 58.88773800000001, -1.6691610000000026, 103.80003900000003, 103.272693, 79.19055900000001]","[-2.0, 0.0, 3.0, 1.0, 1.0, 0.0, 1.0, 1.0, 1.0, 1.0, 1.0, 1.0, 1.0, 0.0, 5.0, 1.0]","[-9.0, 15.0, 21.0, 15.0, 11.0, 13.0, 9.0, 0.0, 0.0, 14.0, 10.0, 11.0, 14.0, -26.0, 11.0, 15.0]"
1,1791641064.3887565,"[-64.423335, 88.41911399999998, 62.31548699999999, 59.23930200000001, 0.0007679999999936626, 65.30378100000001, 34.01458500000001, 36.563424, 64.95221699999999, 88.33122300000002, 64.249089, 58.88773800000001, -1.6691610000000026, 103.80003900000003, 104.32738499999999, 79.19055900000001]","[-2.0, 0.0, 3.0, 1.0, 1.0, 0.0, 1.0, 1.0, 1.0, 1.0, 3.0, 1.0, 1.0, 0.0, 2.0, 1.0]","[-9.0, 15.0, 22.0, 13.0, 12.0, 13.0, 9.0, 0.0, 0.0, 14.0, 9.0, 12.0, 12.0, -27.0, 11.0, 15.0]"
1,1791641064.6162517,"[-65.126463, 88.33122300000002, 63.106505999999996, 59.23930200000001, 0.0007679999999936626, 65.30378100000001, 34.01458500000001, 36.563424, 65.919018, 88.33122300000002, 65.12799900000002, 58.88773800000001, -1.6691610000000026, 103.80003900000003, 105.64575000000002, 79.19055900000001]","[0.0, 1.0, 3.0, 1.0, 1.0, 0.0, 1.0, 1.0, 1.0, 1.0, 1.0, 1.0, 1.0, 0.0, 2.0, 1.0]","[-10.0, 14.0, 23.0, 14.0, 11.0, 13.0, 9.0, 0.0, 0.0, 14.0, 10.0, 11.0, 12.0, -27.0, 11.0, 15.0]"
1,1791641064.8368902,"[-65.91748199999999, 88.33122300000002, 63.897525, 59.23930200000001, 0.0007679999999936626, 65.30378100000001, 34.01458500000001, 36.563424, 66.97371000000001, 88.33122300000002, 65.567454, 58.88773800000001, -1.5812699999999893, 103.80003900000003, 106.612551, 79.19055900000001]","[0.0, 0.0, 3.0, 1.0, 1.0, 0.0, 1.0, 1.0, 1.0, 1.0, 1.0, 1.0, 1.0, 0.0, 3.0, 1.0]","[-10.0, 14.0, 25.0, 15.0, 11.0, 13.0, 9.0, 0.0, 0.0, 13.0, 12.0, 12.0, 12.0, -27.0, 10.0, 15.0]"
1,1791641065.062597,"[-66.972174, 88.33122300000002, 64.424871, 59.23930200000001, 0.0007679999999936626, 65.30378100000001, 34.01458500000001, 36.563424, 67.94051100000001, 88.33122300000002, 65.919018, 58.88773800000001, -1.5812699999999893, 103.80003900000003, 107.22778799999998, 79.19055900000001]","[-2.0, 0.0, 2.0, 1.0, 1.0, 0.0, 1.0, 1.0, 1.0, 0.0, 1.0, 0.0, 1.0, 0.0, 5.0, 1.0]","[-10.0, 13.0, 27.0, 16.0, 11.0, 13.0, 9.0, 0.0, 0.0, 15.0, 14.0, 12.0, 13.0, -27.0, 11.0, 15.0]"
1,1791641065.2882419,"[-68.026866, 88.24333200000001, 66.00690900000001, 59.23930200000001, 0.0007679999999936626, 65.30378100000001, 34.01458500000001, 36.563424, 68.995203, 88.41911399999998, 66.44636400000002, 58.88773800000001, -1.5812699999999893, 103.80003900000003, 108.37037099999998, 79.19055900000001]","[-2.0, 1.0, 3.0, 1.0, 1.0, 0.0, 1.0, 1.0, 1.0, 1.0, 1.0, 1.0, 1.0, 0.0, 4.0, 1.0]","[-12.0, 14.0, 25.0, 15.0, 11.0, 13.0, 9.0, 0.0, 0.0, 13.0, 17.0, 11.0, 12.0, -27.0, 11.0, 15.0]"
1,1791641065.511026,"[-68.905776, 88.24333200000001, 67.061601, 59.41508400000001, 0.0007679999999936626, 65.30378100000001, 34.01458500000001, 36.563424, 69.96200400000001, 88.85856899999999, 66.97371000000001, 58.88773800000001, -1.5812699999999893, 103.80003900000003, 109.07349900000003, 79.19055900000001]","[0.0, 0.0, 5.0, 1.0, 1.0, 0.0, 1.0, 1.0, 1.0, 1.0, 4.0, 1.0, 1.0, 0.0, 2.0, 1.0]","[-11.0, 14.0, 25.0, 14.0, 11.0, 13.0, 9.0, 0.0, 0.0, 12.0, 16.0, 11.0, 12.0, -27.0, 12.0, 15.0]"
1,1791641065.7341485,"[-69.696795, 88.24333200000001, 67.58894699999999, 59.41508400000001, 0.0007679999999936626, 65.30378100000001, 34.01458500000001, 36.563424, 70.92880500000001, 88.94646, 67.41316499999999, 58.88773800000001, -1.5812699999999893, 103.80003900000003, 109.16138999999998, 79.19055900000001]","[0.0, 0.0, 1.0, 1.0, 1.0, 0.0, 1.0, 1.0, 1.0, 1.0, 1.0, 0.0, 0.0, 0.0, 1.0, 1.0]","[-11.0, 15.0, 27.0, 15.0, 10.0, 13.0, 9.0, 0.0, 0.0, 11.0, 20.0, 11.0, 14.0, -27.0, 11.0, 14.0]"
1,1791641065.957341,"[-70.839378, 88.24333200000001, 67.676838, 59.41508400000001, 0.0007679999999936626, 65.30378100000001, 34.01458500000001, 36.563424, 71.983497, 89.21013299999998, 67.76472900000002, 58.799847, -1.5812699999999893, 103.80003900000003, 109.16138999999998, 79.19055900000001]","[-2.0, 0.0, 1.0, 1.0, 1.0, 0.0, 1.0, 1.0, 1.0, 2.0, 1.0, 0.0, 1.0, 0.0, 1.0, 1.0]","[-11.0, 15.0, 34.0, 13.0, 12.0, 14.0, 9.0, 0.0, 0.0, 11.0, 29.0, 12.0, 14.0, -27.0, 12.0, 15.0]"
1,1791641066.1841767,"[-71.718288, 88.24333200000001, 69.346767, 59.590866000000005, 0.0007679999999936626, 65.30378100000001, 34.01458500000001, 36.563424, 72.950298, 89.38591500000001, 68.11629300000001, 58.799847, -1.4933790000000045, 103.80003900000003, 109.249281, 79.19055900000001]","[-2.0, 0.0, 1.0, 1.0, 1.0, 0.0, 1.0, 1.0, 1.0, 1.0, 1.0, 0.0, 1.0, 0.0, 1.0, 1.0]","[-11.0, 14.0, 28.0, 14.0, 11.0, 14.0, 9.0, 0.0, 0.0, 10.0, 29.0, 12.0, 13.0, -26.0, 11.0, 15.0]"
1,1791641066.4048996,"[-72.685089, 88.24333200000001, 69.61044000000001, 59.590866000000005, 0.0007679999999936626, 65.30378100000001, 34.01458500000001, 36.563424, 73.74131700000001, 89.47380600000002, 68.64363900000001, 58.711956000000015, -1.4933790000000045, 103.80003900000003, 109.688736, 79.19055900000001]","[-1.0, 0.0, 1.0, 1.0, 1.0, 0.0, 1.0, 1.0, 1.0, 1.0, 1.0, 0.0, 1.0, 0.0, 3.0, 1.0]","[-11.0, 15.0, 33.0, 15.0, 11.0, 13.0, 9.0, 0.0, 14.0, 10.0, 33.0, 12.0, 12.0, -26.0, 11.0, 16.0]"
1,1791641066.6325734,"[-73.65189, 88.24333200000001, 69.698331, 59.50297499999999, 0.0007679999999936626, 65.30378100000001, 34.01458500000001, 36.563424, 74.53233600000002, 89.47380600000002, 68.73152999999999, 58.711956000000015, -1.4933790000000045, 103.80003900000003, 109.77662700000002, 79.19055900000001]","[0.0, 0.0, 1.0, 0.0, 1.0, 0.0, 1.0, 1.0, 1.0, 1.0, 1.0, 0.0, 1.0, 0.0, 0.0, 1.0]","[-12.0, 14.0, 40.0, 13.0, 11.0, 14.0, 10.0, 0.0, 15.0, 10.0, 38.0, 11.0, 13.0, -26.0, 10.0, 15.0]"
1,1791641066.8542383,"[-73.65189, 87.10074900000001, 69.698331, 59.50297499999999, 0.0007679999999936626, 65.30378100000001, 34.01458500000001, 36.563424, 74.53233600000002, 89.56169699999998, 68.46785700000001, 58.711956000000015, -1.4933790000000045, 103.80003900000003, 109.77662700000002, 79.19055900000001]","[0.0, 0.0, 1.0, 0.0, 1.0, 0.0, 1.0, 1.0, 1.0, 0.0, 0.0, 0.0, 1.0, 0.0, 1.0, 1.0]","[0.0, 13.0, 13.0, 0.0, 11.0, 13.0, 9.0, 0.0, 14.0, -1.0, 9.0, 0.0, 12.0, -27.0, 10.0, 15.0]"
2,1791641068.8683102,"[0.0007679999999936626, -4.92112800000001, -1.229705999999993, -0.17501400000000444, -0.08712299999999118, -5.009018999999995, 0.0007679999999936626, -0.2629049999999893, 0.0007679999999936626, -5.272692000000006, -1.1418150000000082, 0.17654999999999177, -1.3175970000000063, 178.33160700000002, 39.90328199999999, 25.40126699999999]","[1.0, 1.0, 1.0, 0.0, 0.0, 1.0, 1.0, 0.0, 0.0, 1.0, 1.0, 0.0, 1.0, 1.0, 1.0, 0.0]","[-9.0, 31.0, 16.0, 14.0, -1.0, 30.0, -10.0, 11.0, -15.0, 35.0, 11.0, -10.0, 12.0, 15.0, 10.0, -14.0]"
2,1791641069.0947487,"[0.0007679999999936626, -4.833236999999997, -1.229705999999993, 0.08865900000000693, 0.0007679999999936626, -4.92112800000001, 0.528113999999988, -0.08712299999999118, 0.0007679999999936626, -5.272692000000006, -1.053923999999995, 0.3523319999999899, -1.3175970000000063, 178.06793399999998, 39.991173, 25.577048999999988]","[0.0, 1.0, 1.0, 1.0, 0.0, 1.0, 1.0, 1.0, 0.0, 1.0, 2.0, 1.0, 1.0, 0.0, 1.0, 1.0]","[-8.0, 39.0, 19.0, 14.0, 0.0, 48.0, 11.0, 12.0, -14.0, 45.0, 13.0, 11.0, 16.0, -13.0, 11.0, 14.0]"
2,1791641069.319822,"[0.0007679999999936626, -4.833236999999997, -0.08712299999999118, 0.528113999999988, -0.08712299999999118, -3.7785450000000083, 1.2312420000000088, 0.08865900000000693, 0.0007679999999936626, -4.833236999999997, -0.6144689999999855, 0.44022300000000314, -1.3175970000000063, 177.71636999999998, 40.43062800000001, 26.28017700000001]","[1.0, 1.0, 1.0, 1.0, 0.0, 1.0, 2.0, 1.0, 0.0, 1.0, 1.0, 2.0, 1.0, 0.0, 1.0, 2.0]","[-9.0, 47.0, 19.0, 16.0, 0.0, 53.0, 11.0, 14.0, -15.0, 51.0, 16.0, 12.0, 20.0, -26.0, 13.0, 14.0]"
2,1791641069.5438797,"[0.0007679999999936626, -4.393781999999987, 0.8796780000000126, 1.582806000000005, -0.08712299999999118, -3.0754169999999874, 1.846478999999988, 1.407024000000007, 0.0007679999999936626, -4.745346000000012, 0.26444100000000503, 1.0554600000000107, -1.3175970000000063, 176.92535099999998, 41.573211000000015, 27.159087]","[1.0, 1.0, 1.0, 1.0, 0.0, 6.0, 1.0, 3.0, 0.0, 1.0, 1.0, 1.0, 1.0, 0.0, 6.0, 1.0]","[-8.0, 55.0, 19.0, 16.0, -4.0, 62.0, 12.0, 13.0, -14.0, 61.0, 16.0, 14.0, 29.0, -39.0, 13.0, 15.0]"
2,1791641069.7678664,"[0.0007679999999936626, -4.393781999999987, 1.7585880000000031, 2.549607000000009, 0.0007679999999936626, -0.17501400000000444, 2.6374979999999937, 2.1101519999999994, 0.0007679999999936626, -4.745346000000012, 1.3191329999999937, 1.0554600000000107, -1.3175970000000063, 173.32182, 42.36422999999999, 28.03799699999999]","[1.0, 1.0, 1.0, 3.0, 0.0, 8.0, 1.0, 1.0, 0.0, 1.0, 1.0, 1.0, 1.0, -4.0, 1.0, 1.0]","[-9.0, 63.0, 20.0, 16.0, -4.0, 56.0, 13.0, 13.0, -14.0, 72.0, 16.0, 17.0, 34.0, -33.0, 13.0, 15.0]"
2,1791641069.9881876,"[0.0007679999999936626, -2.372288999999995, 2.901171000000005, 3.6042989999999975, -0.08712299999999118, 1.7585880000000031, 3.4285169999999994, 3.2527350000000013, 0.0007679999999936626, -3.2511989999999855, 1.846478999999988, 3.2527350000000013, -1.3175970000000063, 169.80617999999998, 43.331030999999996, 29.268471000000005]","[1.0, 9.0, 3.0, 3.0, 1.0, 3.0, 1.0, 2.0, 0.0, 1.0, 1.0, 5.0, 1.0, -5.0, 4.0, 3.0]","[-8.0, 53.0, 19.0, 15.0, 0.0, 59.0, 13.0, 13.0, -14.0, 66.0, 17.0, 12.0, 43.0, -30.0, 13.0, 14.0]"
2,1791641070.213428,"[0.0007679999999936626, -1.7570519999999874, 3.7800809999999956, 4.483208999999988, 0.0007679999999936626, 3.5164080000000126, 4.30742699999999, 4.30742699999999, 0.0007679999999936626, -3.2511989999999855, 2.98906199999999, 4.131644999999992, 0.528113999999988, 168.31203299999999, 44.56150500000001, 30.147380999999996]","[0.0, 4.0, 4.0, 1.0, 1.0, 3.0, 1.0, 1.0, 0.0, 1.0, 5.0, 1.0, 7.0, 0.0, 4.0, 1.0]","[-8.0, 54.0, 20.0, 18.0, -6.0, 65.0, 14.0, 13.0, -14.0, 80.0, 17.0, 13.0, 31.0, -45.0, 12.0, 15.0]"
2,1791641070.4369433,"[0.0007679999999936626, -0.7023599999999988, 4.834773000000013, 5.713683000000003, 0.0007679999999936626, 5.713683000000003, 5.186337000000009, 5.186337000000009, 0.0007679999999936626, -1.4933790000000045, 3.9558629999999937, 5.010555000000011, 1.407024000000007, 164.708502, 45.440415, 31.202073000000013]","[1.0, 1.0, 4.0, 3.0, 1.0, 12.0, 4.0, 1.0, 0.0, 14.0, 2.0, 1.0, 8.0, -8.0, 4.0, 2.0]","[-9.0, 57.0, 19.0, 17.0, -11.0, 62.0, 13.0, 14.0, -14.0, 59.0, 17.0, 13.0, 32.0, -36.0, 13.0, 14.0]"
2,1791641070.660932,"[0.0007679999999936626, 0.3523319999999899, 5.889465000000001, 6.2410289999999975, 0.0007679999999936626, 7.823067000000009, 6.328920000000011, 6.416810999999996, 0.0007679999999936626, 0.08865900000000693, 5.098445999999996, 6.416810999999996, 2.725389000000007, 161.36864400000002, 46.67088899999999, 32.16887399999999]","[1.0, 1.0, 2.0, 7.0, 1.0, 3.0, 2.0, 5.0, 0.0, 1.0, 2.0, 4.0, 3.0, -6.0, 1.0, 1.0]","[-9.0, 54.0, 20.0, 17.0, -5.0, 62.0, 13.0, 13.0, -14.0, 62.0, 18.0, 12.0, 32.0, -34.0, 13.0, 15.0]"
2,1791641070.885109,"[0.0007679999999936626, 0.3523319999999899, 5.889465000000001, 7.735175999999996, 0.0007679999999936626, 9.756668999999988, 7.207830000000001, 7.2957210000000146, 0.0007679999999936626, 0.08865900000000693, 5.9773560000000145, 7.207830000000001, 3.6042989999999975, 158.38035000000002, 47.63768999999999, 33.31145699999999]","[1.0, 1.0, 1.0, 2.0, 1.0, 6.0, 1.0, 1.0, 0.0, 1.0, 1.0, 1.0, 6.0, -1.0, 4.0, 3.0]","[-8.0, 66.0, 24.0, 15.0, -9.0, 57.0, 15.0, 13.0, -14.0, 75.0, 17.0, 13.0, 33.0, -34.0, 13.0, 14.0]"
2,1791641071.1117404,"[0.0007679999999936626, 1.4949149999999918, 7.823067000000009, 8.614086000000015, 0.0007679999999936626, 11.426598000000013, 8.174631000000005, 8.526195000000001, 0.0007679999999936626, 0.08865900000000693, 7.119938999999988, 8.26252199999999, 4.395318000000003, 155.655729, 48.51660000000001, 34.36614900000001]","[1.0, 11.0, 4.0, 2.0, 1.0, 3.0, 1.0, 2.0, 0.0, 1.0, 3.0, 3.0, 1.0, -2.0, 3.0, 4.0]","[-9.0, 55.0, 20.0, 17.0, -12.0, 66.0, 14.0, 12.0, -13.0, 88.0, 19.0, 12.0, 33.0, -38.0, 12.0, 14.0]"
2,1791641071.3319836,"[0.0007679999999936626, 3.164843999999988, 8.877758999999998, 9.756668999999988, 0.0007679999999936626, 13.53598199999999, 9.317214000000007, 9.405104999999992, 0.0007679999999936626, 3.164843999999988, 7.5593939999999975, 9.405104999999992, 6.065246999999999, 152.667435, 49.571292, 35.33295000000001]","[1.0, 1.0, 2.0, 3.0, 0.0, 8.0, 1.0, 1.0, 0.0, 10.0, 7.0, 2.0, 5.0, -4.0, 1.0, 3.0]","[-8.0, 57.0, 20.0, 16.0, -6.0, 61.0, 14.0, 13.0, -14.0, 54.0, 18.0, 13.0, 28.0, -37.0, 12.0, 14.0]"
2,1791641071.5566707,"[0.0007679999999936626, 3.4285169999999994, 9.756668999999988, 10.723469999999992, 0.0007679999999936626, 15.821147999999994, 10.28401500000001, 10.371905999999996, 0.0007679999999936626, 4.219536000000005, 9.053540999999996, 10.196123999999998, 6.856266000000005, 150.382269, 50.538093, 36.21186]","[1.0, 1.0, 1.0, 1.0, 1.0, 3.0, 3.0, 2.0, 0.0, 0.0, 2.0, 2.0, 1.0, 0.0, 1.0, 2.0]","[-8.0, 67.0, 20.0, 16.0, -11.0, 60.0, 13.0, 13.0, -13.0, 59.0, 17.0, 12.0, 30.0, -42.0, 12.0, 15.0]"
2,1791641071.7819483,"[0.0007679999999936626, 4.571100000000001, 10.547687999999994, 11.514488999999998, 0.0007679999999936626, 17.666858999999988, 11.162925000000001, 11.338707, 0.0007679999999936626, 4.6589910000000145, 9.932451000000015, 11.162925000000001, 8.26252199999999, 147.306084, 51.50489400000001, 37.354443]","[1.0, 6.0, 1.0, 5.0, 2.0, 2.0, 3.0, 2.0, 0.0, 1.0, 2.0, 1.0, 3.0, -4.0, 1.0, 3.0]","[-8.0, 58.0, 20.0, 16.0, -8.0, 60.0, 14.0, 13.0, -13.0, 66.0, 16.0, 15.0, 31.0, -41.0, 13.0, 14.0]"
2,1791641072.0077014,"[0.0007679999999936626, 5.537901000000005, 11.690270999999996, 12.744963000000013, 0.0007679999999936626, 19.864134000000007, 12.21761699999999, 12.393398999999988, 0.0007679999999936626, 6.065246999999999, 10.89925199999999, 12.21761699999999, 9.141432000000009, 143.79044399999998, 52.64747700000001, 38.32124400000001]","[1.0, 1.0, 1.0, 3.0, 1.0, 2.0, 1.0, 1.0, 0.0, 3.0, 2.0, 3.0, 1.0, -7.0, 3.0, 2.0]","[-8.0, 65.0, 20.0, 15.0, -12.0, 60.0, 14.0, 13.0, -14.0, 55.0, 19.0, 13.0, 30.0, -35.0, 12.0, 14.0]"
2,1791641072.2315397,"[0.0007679999999936626, 5.537901000000005, 12.569181000000015, 13.53598199999999, -0.08712299999999118, 21.358281000000005, 13.272309000000007, 13.53598199999999, 0.0007679999999936626, 6.153138000000013, 10.89925199999999, 13.184417999999994, 9.492996000000005, 140.890041, 53.526387, 39.46382700000001]","[1.0, 1.0, 1.0, 3.0, 0.0, 4.0, 3.0, 3.0, 0.0, 1.0, 1.0, 2.0, 5.0, -1.0, 3.0, 2.0]","[-9.0, 73.0, 20.0, 16.0, -8.0, 67.0, 14.0, 13.0, -14.0, 71.0, 22.0, 13.0, 31.0, -40.0, 13.0, 14.0]"
2,1791641072.4555936,"[0.0007679999999936626, 8.701977, 13.799655000000001, 14.502782999999994, 0.0007679999999936626, 24.258683999999988, 14.23911000000001, 14.414892000000009, 0.0007679999999936626, 8.438303999999988, 12.92074500000001, 13.975437, 11.60238000000001, 137.63807400000002, 54.756861000000015, 40.43062800000001]","[1.0, 8.0, 4.0, 2.0, 1.0, 8.0, 2.0, 1.0, 0.0, 6.0, 5.0, 1.0, 4.0, -4.0, 3.0, 3.0]","[-9.0, 50.0, 19.0, 17.0, -12.0, 55.0, 13.0, 13.0, -14.0, 54.0, 18.0, 13.0, 27.0, -36.0, 12.0, 14.0]"
2,1791641072.676829,"[0.0007679999999936626, 8.877758999999998, 14.766456000000005, 15.55747500000001, 0.0007679999999936626, 26.016503999999998, 15.381693000000013, 15.821147999999994, 0.0007679999999936626, 9.229322999999994, 13.53598199999999, 15.118020000000001, 11.690270999999996, 134.473998, 55.72366199999999, 41.39742899999999]","[1.0, 1.0, 2.0, 2.0, 1.0, 1.0, 2.0, 2.0, 0.0, 1.0, 1.0, 3.0, 1.0, -4.0, 2.0, 3.0]","[-8.0, 63.0, 19.0, 16.0, -11.0, 63.0, 14.0, 12.0, -14.0, 59.0, 18.0, 12.0, 32.0, -33.0, 13.0, 13.0]"
2,1791641072.9035575,"[0.0007679999999936626, 10.108233000000013, 15.733257000000009, 16.524276000000015, 0.0007679999999936626, 28.125888000000003, 16.524276000000015, 16.787948999999998, 0.0007679999999936626, 9.229322999999994, 14.766456000000005, 15.996929999999992, 13.448091000000005, 131.046249, 56.954136000000005, 42.36422999999999]","[1.0, 5.0, 4.0, 3.0, 1.0, 1.0, 3.0, 1.0, 0.0, 1.0, 1.0, 1.0, 3.0, -3.0, 4.0, 1.0]","[-9.0, 60.0, 19.0, 16.0, -12.0, 58.0, 13.0, 11.0, -14.0, 71.0, 19.0, 14.0, 27.0, -32.0, 11.0, 14.0]"
2,1791641073.1276188,"[0.0007679999999936626, 10.108233000000013, 16.787948999999998, 17.403186000000005, 0.0007679999999936626, 29.883708000000013, 17.49107699999999, 17.75475, 0.0007679999999936626, 9.229322999999994, 15.996929999999992, 17.227404000000007, 14.590674000000007, 127.79428200000001, 57.92093700000001, 43.41892200000001]","[1.0, 1.0, 1.0, 3.0, 1.0, 1.0, 4.0, 3.0, 0.0, 1.0, 3.0, 4.0, 4.0, -4.0, 2.0, 1.0]","[-9.0, 72.0, 20.0, 17.0, -11.0, 59.0, 13.0, 12.0, -14.0, 85.0, 18.0, 13.0, 26.0, -30.0, 11.0, 14.0]"
2,1791641073.3516088,"[0.0007679999999936626, 10.547687999999994, 17.930532, 18.36998700000001, 0.0007679999999936626, 32.344656000000015, 18.36998700000001, 18.721551000000005, 0.0007679999999936626, 11.162925000000001, 16.87584000000001, 18.19420500000001, 15.55747500000001, 125.069661, 59.06352000000001, 44.38572300000001]","[1.0, 8.0, 3.0, 2.0, 0.0, 10.0, 1.0, 3.0, 0.0, 7.0, 3.0, 5.0, 1.0, -2.0, 1.0, 1.0]","[-9.0, 67.0, 19.0, 16.0, -12.0, 54.0, 14.0, 12.0, -14.0, 67.0, 17.0, 12.0, 27.0, -31.0, 12.0, 14.0]"
2,1791641073.575497,"[0.0007679999999936626, 13.008635999999996, 18.985223999999988, 19.51257000000001, 0.0007679999999936626, 34.36614900000001, 19.161006000000015, 19.68835200000001, 0.0007679999999936626, 13.53598199999999, 18.106313999999998, 19.073115, 16.524276000000015, 122.69660399999998, 60.20610300000001, 45.528306000000015]","[1.0, 1.0, 3.0, 2.0, 1.0, 4.0, 1.0, 3.0, 0.0, 2.0, 1.0, 1.0, 6.0, 0.0, 3.0, 1.0]","[-8.0, 60.0, 19.0, 17.0, -11.0, 57.0, 15.0, 12.0, -14.0, 56.0, 16.0, 13.0, 24.0, -38.0, 11.0, 14.0]"
2,1791641073.7987456,"[0.0007679999999936626, 13.008635999999996, 19.952024999999992, 20.215698000000003, 0.0007679999999936626, 36.65131500000001, 20.215698000000003, 20.655153000000013, 0.0007679999999936626, 13.623873000000003, 19.161006000000015, 20.303588999999988, 17.666858999999988, 118.91729099999998, 61.260795, 46.49510699999999]","[1.0, 1.0, 2.0, 5.0, 1.0, 7.0, 1.0, 1.0, 0.0, 0.0, 4.0, 2.0, 7.0, -6.0, 4.0, 2.0]","[-8.0, 73.0, 19.0, 16.0, -11.0, 48.0, 15.0, 14.0, -13.0, 67.0, 16.0, 12.0, 22.0, -29.0, 11.0, 15.0]"
2,1791641074.023452,"[0.0007679999999936626, 13.53598199999999, 21.00671700000001, 21.621953999999988, 0.0007679999999936626, 38.672808, 21.00671700000001, 21.709845, 0.0007679999999936626, 14.23911000000001, 20.215698000000003, 21.270389999999992, 18.018423000000013, 115.665324, 62.227596000000005, 47.54979900000001]","[1.0, 8.0, 2.0, 3.0, 1.0, 3.0, 2.0, 4.0, 0.0, 1.0, 1.0, 2.0, 4.0, -4.0, 1.0, 3.0]","[-8.0, 68.0, 20.0, 17.0, -11.0, 53.0, 15.0, 12.0, -14.0, 71.0, 17.0, 13.0, 27.0, -30.0, 11.0, 14.0]"
2,1791641074.2444472,"[0.0007679999999936626, 16.436385, 22.061408999999998, 22.588754999999992, 0.0007679999999936626, 40.694300999999996, 21.797736000000015, 22.76453699999999, 0.0007679999999936626, 14.23911000000001, 21.00671700000001, 22.32508200000001, 20.215698000000003, 112.50124799999998, 63.45806999999999, 48.51660000000001]","[1.0, 5.0, 1.0, 3.0, 1.0, 7.0, 3.0, 1.0, 0.0, 1.0, 1.0, 1.0, 5.0, -5.0, 2.0, 1.0]","[-8.0, 53.0, 19.0, 16.0, -11.0, 48.0, 16.0, 13.0, -13.0, 84.0, 17.0, 12.0, 21.0, -28.0, 11.0, 13.0]"
2,1791641074.4714067,"[0.0007679999999936626, 16.612167, 22.852428000000003, 23.291883000000013, 0.0007679999999936626, 42.71579399999999, 22.588754999999992, 23.555555999999996, 0.0007679999999936626, 14.23911000000001, 21.797736000000015, 23.02821, 20.83093500000001, 109.249281, 64.600653, 49.483401000000015]","[1.0, 1.0, 1.0, 3.0, 1.0, 1.0, 1.0, 1.0, 0.0, 1.0, 5.0, 2.0, 4.0, -3.0, 3.0, 1.0]","[-9.0, 64.0, 20.0, 16.0, -11.0, 54.0, 16.0, 13.0, -14.0, 99.0, 17.0, 13.0, 24.0, -26.0, 10.0, 14.0]"
2,1791641074.693953,"[0.0007679999999936626, 18.19420500000001, 23.731337999999994, 24.522357, 0.0007679999999936626, 45.616197, 23.555555999999996, 24.78603000000001, 0.0007679999999936626, 18.018423000000013, 23.203992, 24.170793000000003, 21.885627, 105.909423, 65.567454, 50.538093]","[1.0, 3.0, 1.0, 3.0, 1.0, 12.0, 3.0, 1.0, 0.0, 20.0, 3.0, 2.0, 1.0, -6.0, 2.0, 2.0]","[-8.0, 54.0, 20.0, 16.0, -11.0, 36.0, 16.0, 12.0, -13.0, 53.0, 17.0, 12.0, 23.0, -22.0, 10.0, 13.0]"
2,1791641074.9163868,"[0.0007679999999936626, 19.248897, 24.78603000000001, 25.489158000000003, 0.0007679999999936626, 47.37401700000001, 24.873920999999996, 25.752831000000015, 0.0007679999999936626, 19.161006000000015, 24.258683999999988, 25.66494, 23.02821, 102.56956500000001, 66.79792800000001, 51.50489400000001]","[1.0, 1.0, 1.0, 1.0, 1.0, 1.0, 4.0, 1.0, 0.0, 1.0, 4.0, 4.0, 5.0, -6.0, 2.0, 3.0]","[-8.0, 59.0, 20.0, 15.0, -12.0, 47.0, 15.0, 11.0, -14.0, 62.0, 15.0, 12.0, 21.0, -20.0, 10.0, 13.0]"
2,1791641075.1401465,"[0.0007679999999936626, 19.248897, 25.752831000000015, 26.631741000000005, 0.0007679999999936626, 49.043946000000005, 25.840722, 26.895413999999988, 0.0007679999999936626, 19.161006000000015, 25.137594000000007, 26.455959000000007, 24.434466000000015, 99.31759799999998, 68.028402, 52.559585999999996]","[1.0, 0.0, 2.0, 3.0, 1.0, 3.0, 3.0, 1.0, 0.0, 1.0, 1.0, 3.0, 3.0, -2.0, 3.0, 4.0]","[-8.0, 69.0, 20.0, 16.0, -11.0, 48.0, 15.0, 11.0, -14.0, 74.0, 17.0, 12.0, 18.0, -20.0, 5.0, 13.0]"
2,1791641075.3664942,"[0.0007679999999936626, 19.248897, 26.631741000000005, 27.59854200000001, 0.0007679999999936626, 51.241220999999996, 27.071196000000015, 27.42276000000001, 0.0007679999999936626, 19.248897, 26.016503999999998, 27.59854200000001, 25.489158000000003, 95.88984900000003, 68.995203, 53.526387]","[1.0, 1.0, 1.0, 2.0, 1.0, 9.0, 4.0, 1.0, 0.0, 1.0, 1.0, 3.0, 4.0, -2.0, 2.0, 1.0]","[-8.0, 81.0, 21.0, 16.0, -12.0, 41.0, 15.0, 12.0, -14.0, 83.0, 17.0, 11.0, 18.0, -17.0, 9.0, 14.0]"
2,1791641075.5880518,"[0.0007679999999936626, 22.14930000000001, 27.59854200000001, 28.829015999999996, 0.0007679999999936626, 54.053732999999994, 28.125888000000003, 28.565343000000013, 0.0007679999999936626, 21.270389999999992, 27.246978000000013, 28.74112500000001, 26.016503999999998, 92.725773, 70.04989499999999, 54.40529699999999]","[1.0, 16.0, 4.0, 3.0, 1.0, 10.0, 2.0, 2.0, 0.0, 18.0, 3.0, 1.0, 6.0, -4.0, 4.0, 1.0]","[-9.0, 52.0, 20.0, 15.0, -12.0, 32.0, 15.0, 11.0, -14.0, 59.0, 17.0, 12.0, 20.0, -19.0, 0.0, 13.0]"
2,1791641075.8153417,"[0.0007679999999936626, 22.76453699999999, 28.653233999999998, 29.620035, 0.0007679999999936626, 56.42679000000001, 29.35636199999999, 29.795817, 0.0007679999999936626, 23.995011000000005, 28.30167, 29.795817, 27.42276000000001, 92.54999099999998, 71.016696, 55.54787999999999]","[1.0, 1.0, 3.0, 1.0, -1.0, 1.0, 3.0, 2.0, 0.0, 1.0, 4.0, 1.0, 1.0, 0.0, 1.0, 1.0]","[-8.0, 61.0, 20.0, 16.0, -12.0, 34.0, 14.0, 11.0, -14.0, 51.0, 15.0, 11.0, 20.0, -17.0, 0.0, 14.0]"
2,1791641076.0362287,"[0.0007679999999936626, 22.76453699999999, 29.532143999999988, 30.850508999999988, 0.08865900000000693, 58.09671900000001, 30.498944999999992, 30.762618000000003, 0.0007679999999936626, 23.995011000000005, 29.35636199999999, 30.762618000000003, 28.565343000000013, 92.54999099999998, 72.07138800000001, 56.60257200000001]","[1.0, 1.0, 1.0, 3.0, 1.0, 3.0, 3.0, 1.0, 0.0, 1.0, 1.0, 1.0, 3.0, 0.0, 3.0, 2.0]","[-8.0, 73.0, 20.0, 15.0, -12.0, 36.0, 13.0, 12.0, -13.0, 63.0, 17.0, 12.0, 19.0, -18.0, 0.0, 13.0]"
2,1791641076.2603517,"[0.0007679999999936626, 25.752831000000015, 30.67472699999999, 31.729419000000007, 0.08865900000000693, 60.469775999999996, 31.55363700000001, 31.905201000000005, 0.0007679999999936626, 24.258683999999988, 30.147380999999996, 31.817309999999992, 29.532143999999988, 92.54999099999998, 73.03818900000002, 57.56937300000001]","[1.0, 10.0, 3.0, 3.0, 1.0, 9.0, 1.0, 1.0, 0.0, 4.0, 1.0, 3.0, 0.0, 0.0, 0.0, 3.0]","[-8.0, 46.0, 20.0, 15.0, -12.0, 31.0, 14.0, 12.0, -14.0, 63.0, 18.0, 10.0, 18.0, -18.0, -7.0, 13.0]"
2,1791641076.486987,"[0.0007679999999936626, 26.543849999999992, 31.729419000000007, 32.784110999999996, 0.08865900000000693, 63.37017900000001, 32.69622000000001, 32.784110999999996, 0.08865900000000693, 27.774324000000007, 31.114182, 32.52043800000001, 30.586836000000005, 92.54999099999998, 74.092881, 58.53617400000002]","[1.0, 1.0, 1.0, 3.0, 0.0, 4.0, 3.0, 1.0, 1.0, 4.0, 1.0, 1.0, 1.0, 0.0, 1.0, 1.0]","[-8.0, 51.0, 19.0, 15.0, -12.0, 29.0, 12.0, 12.0, -14.0, 42.0, 16.0, 11.0, 18.0, -18.0, -11.0, 13.0]"
2,1791641076.7082663,"[-0.08712299999999118, 27.950106000000005, 32.87200200000001, 33.83880300000001, 0.08865900000000693, 65.30378100000001, 33.83880300000001, 33.926694, 0.0007679999999936626, 27.774324000000007, 32.52043800000001, 33.663021000000015, 31.55363700000001, 92.54999099999998, 75.147573, 59.590866000000005]","[0.0, 1.0, 4.0, 1.0, 0.0, 3.0, 3.0, 3.0, 0.0, 1.0, 3.0, 2.0, 5.0, 0.0, 0.0, 3.0]","[-1.0, 46.0, 19.0, 16.0, -12.0, 27.0, 12.0, 12.0, -14.0, 54.0, 15.0, 11.0, 17.0, -18.0, -11.0, 13.0]"
2,1791641076.9327266,"[0.0007679999999936626, 27.950106000000005, 33.83880300000001, 34.893495, 0.0007679999999936626, 65.65534500000001, 34.01458500000001, 34.62982199999999, 0.08865900000000693, 28.829015999999996, 33.48723899999999, 34.717713, 31.817309999999992, 92.54999099999998, 76.114374, 60.645557999999994]","[1.0, 1.0, 3.0, 2.0, 0.0, 1.0, 1.0, 3.0, 0.0, 1.0, 1.0, 3.0, 1.0, 0.0, 1.0, 2.0]","[-8.0, 59.0, 19.0, 15.0, -11.0, 40.0, 15.0, 12.0, -14.0, 53.0, 17.0, 11.0, 18.0, -19.0, -10.0, 14.0]"
2,1791641077.15873,"[0.0007679999999936626, 30.147380999999996, 34.893495, 35.860296000000005, 0.0007679999999936626, 66.09479999999999, 34.19036700000001, 35.069277, 0.08865900000000693, 28.829015999999996, 34.45403999999999, 35.069277, 31.817309999999992, 92.54999099999998, 77.16906599999999, 61.70025000000001]","[1.0, 10.0, 3.0, 1.0, 0.0, 1.0, 1.0, 2.0, 1.0, 1.0, 3.0, 4.0, 1.0, 0.0, 1.0, 3.0]","[-6.0, 42.0, 20.0, 15.0, -12.0, 60.0, 18.0, 13.0, -14.0, 65.0, 16.0, 13.0, 19.0, -18.0, -10.0, 13.0]"
2,1791641077.3804514,"[-0.08712299999999118, 31.37785500000001, 36.12396899999999, 36.739205999999996, 0.0007679999999936626, 66.44636400000002, 34.278257999999994, 35.50873200000001, 0.08865900000000693, 28.829015999999996, 35.596622999999994, 36.563424, 31.817309999999992, 92.54999099999998, 78.13586700000002, 62.667051000000015]","[-1.0, 1.0, 2.0, 1.0, 1.0, 1.0, 1.0, 1.0, 1.0, 0.0, 3.0, 2.0, 1.0, 0.0, 1.0, 3.0]","[-2.0, 47.0, 18.0, 15.0, -11.0, 79.0, 24.0, 17.0, -14.0, 77.0, 17.0, 12.0, 18.0, -18.0, -10.0, 13.0]"
2,1791641077.6072443,"[-0.08712299999999118, 31.37785500000001, 37.178661000000005, 37.881789, -0.08712299999999118, 67.32527400000001, 34.45403999999999, 35.68451400000001, 0.08865900000000693, 32.344656000000015, 36.47553300000001, 37.354443, 31.817309999999992, 92.54999099999998, 79.102668, 63.545961000000005]","[1.0, 1.0, 3.0, 4.0, 0.0, 2.0, 1.0, 1.0, 1.0, 10.0, 3.0, 1.0, 1.0, 0.0, 1.0, 1.0]","[0.0, 56.0, 18.0, 15.0, -5.0, 93.0, 29.0, 18.0, -14.0, 45.0, 16.0, 13.0, 19.0, -18.0, -10.0, 14.0]"
2,1791641077.831277,"[-0.08712299999999118, 33.399348, 38.233352999999994, 38.58491699999999, 0.0007679999999936626, 69.170985, 34.981386000000015, 36.739205999999996, 0.08865900000000693, 33.399348, 37.618116000000015, 38.58491699999999, 31.817309999999992, 92.63788199999999, 79.63001400000002, 64.249089]","[0.0, 6.0, 4.0, 3.0, 1.0, 1.0, 1.0, 1.0, 1.0, 2.0, 3.0, 1.0, 1.0, 1.0, 1.0, 1.0]","[0.0, 49.0, 17.0, 15.0, 0.0, 90.0, 34.0, 18.0, -14.0, 46.0, 13.0, 12.0, 18.0, -19.0, 10.0, 15.0]"
2,1791641078.0554054,"[-0.08712299999999118, 33.48723899999999, 39.28804500000001, 39.63960900000001, -0.08712299999999118, 69.170985, 34.981386000000015, 37.44233399999999, 0.08865900000000693, 33.399348, 38.672808, 39.63960900000001, 31.817309999999992, 92.63788199999999, 79.63001400000002, 64.68854400000001]","[1.0, 1.0, 1.0, 1.0, 1.0, 1.0, 1.0, 1.0, 1.0, 1.0, 1.0, 3.0, 1.0, 1.0, 1.0, 2.0]","[0.0, 57.0, 18.0, 16.0, 0.0, 128.0, 40.0, 20.0, -15.0, 57.0, 15.0, 11.0, 19.0, -19.0, 10.0, 16.0]"
2,1791641078.276349,"[-0.08712299999999118, 35.77240499999999, 40.43062800000001, 40.694300999999996, 0.0007679999999936626, 67.41316499999999, 34.80560399999999, 37.44233399999999, 0.08865900000000693, 33.399348, 39.72749999999999, 40.78219200000001, 31.817309999999992, 92.63788199999999, 79.80579599999999, 66.00690900000001]","[1.0, 7.0, 4.0, 1.0, 1.0, 0.0, 0.0, 0.0, 1.0, 1.0, 4.0, 4.0, 1.0, 1.0, 2.0, 3.0]","[0.0, 40.0, 17.0, 16.0, -11.0, 14.0, 10.0, 0.0, -14.0, 68.0, 14.0, 11.0, 18.0, -19.0, 10.0, 15.0]"
2,1791641078.503061,"[-0.08712299999999118, 36.563424, 41.573211000000015, 41.661102, 0.0007679999999936626, 67.41316499999999, 34.893495, 37.44233399999999, 0.08865900000000693, 33.399348, 40.694300999999996, 41.661102, 31.817309999999992, 92.54999099999998, 79.80579599999999, 67.061601]","[0.0, 3.0, 2.0, 3.0, 1.0, 0.0, 1.0, 0.0, 1.0, 1.0, 1.0, 2.0, 1.0, 0.0, 1.0, 1.0]","[0.0, 41.0, 16.0, 16.0, -12.0, 14.0, 11.0, 0.0, -13.0, 82.0, 13.0, 11.0, 19.0, -19.0, 10.0, 14.0]"
2,1791641078.7270575,"[-0.08712299999999118, 37.618116000000015, 42.627903, 42.891576000000015, 0.0007679999999936626, 67.41316499999999, 34.80560399999999, 37.44233399999999, 0.08865900000000693, 33.399348, 41.92477500000001, 42.803685, 31.817309999999992, 92.63788199999999, 79.893687, 68.028402]","[1.0, 3.0, 3.0, 3.0, 1.0, 0.0, 0.0, 0.0, 1.0, 1.0, 1.0, 3.0, 1.0, 0.0, 1.0, 1.0]","[0.0, 43.0, 16.0, 16.0, -11.0, 15.0, 10.0, 0.0, -15.0, 96.0, 14.0, 11.0, 19.0, -19.0, 9.0, 15.0]"
2,1791641078.94894,"[-0.08712299999999118, 37.96968000000001, 43.68259499999999, 43.506812999999994, 0.0007679999999936626, 67.41316499999999, 34.80560399999999, 37.44233399999999, 0.08865900000000693, 38.497026000000005, 43.06735800000001, 43.85837699999999, 31.817309999999992, 92.63788199999999, 79.893687, 68.90731199999999]","[0.0, 2.0, 2.0, 1.0, 1.0, 0.0, 1.0, 0.0, 1.0, 10.0, 5.0, 2.0, 1.0, 1.0, 0.0, 3.0]","[0.0, 48.0, 16.0, 16.0, -12.0, 14.0, 9.0, 0.0, -14.0, 42.0, 12.0, 10.0, 18.0, -19.0, 9.0, 16.0]"
2,1791641079.1749747,"[-0.08712299999999118, 40.166955, 44.73728700000001, 45.00095999999999, 0.0007679999999936626, 67.41316499999999, 34.80560399999999, 37.44233399999999, 0.08865900000000693, 38.58491699999999, 44.297832, 45.00095999999999, 31.817309999999992, 92.63788199999999, 79.893687, 69.78622200000001]","[0.0, 7.0, 1.0, 4.0, 1.0, 0.0, 1.0, 0.0, 1.0, 1.0, 2.0, 1.0, 1.0, 1.0, 1.0, 2.0]","[0.0, 36.0, 17.0, 15.0, -12.0, 14.0, 9.0, 0.0, -14.0, 56.0, 12.0, 11.0, 18.0, -19.0, 10.0, 15.0]"
2,1791641079.396109,"[-0.08712299999999118, 40.254846000000015, 45.70408800000001, 45.87987000000001, 0.0007679999999936626, 67.41316499999999, 34.80560399999999, 37.44233399999999, 0.08865900000000693, 38.58491699999999, 45.17674199999999, 46.143542999999994, 31.817309999999992, 92.63788199999999, 79.80579599999999, 70.840914]","[0.0, 0.0, 1.0, 2.0, 1.0, 0.0, 0.0, 0.0, 1.0, 0.0, 3.0, 3.0, 1.0, 1.0, 1.0, 2.0]","[0.0, 47.0, 16.0, 15.0, -11.0, 14.0, 9.0, 0.0, -14.0, 67.0, 12.0, 10.0, 18.0, -18.0, 10.0, 16.0]"
2,1791641079.6200435,"[-0.08712299999999118, 41.836884, 46.67088899999999, 47.19823500000001, 0.0007679999999936626, 67.41316499999999, 34.80560399999999, 37.44233399999999, 0.08865900000000693, 42.36422999999999, 46.31932499999999, 47.110344, 31.817309999999992, 92.63788199999999, 79.80579599999999, 71.89560600000002]","[0.0, 5.0, 1.0, 3.0, 1.0, 0.0, 0.0, 1.0, 1.0, 11.0, 5.0, 3.0, 1.0, 1.0, 0.0, 3.0]","[0.0, 38.0, 17.0, 15.0, -12.0, 14.0, 10.0, 0.0, -14.0, 37.0, 11.0, 10.0, 19.0, -19.0, 10.0, 16.0]"
2,1791641079.8463843,"[-0.08712299999999118, 43.331030999999996, 47.81347199999999, 48.165036000000015, 0.0007679999999936626, 67.41316499999999, 34.80560399999999, 37.44233399999999, 0.08865900000000693, 42.54001199999999, 47.461907999999994, 48.252927, 31.817309999999992, 92.63788199999999, 79.80579599999999, 72.68662499999999]","[0.0, 6.0, 4.0, 2.0, 1.0, 0.0, 0.0, 0.0, 1.0, 1.0, 3.0, 3.0, 1.0, 1.0, 1.0, 1.0]","[0.0, 35.0, 16.0, 15.0, -11.0, 14.0, 9.0, 0.0, -14.0, 46.0, 12.0, 10.0, 19.0, -20.0, 10.0, 16.0]"
2,1791641080.0709856,"[-0.08712299999999118, 44.56150500000001, 48.780272999999994, 49.219728, 0.0007679999999936626, 67.41316499999999, 34.80560399999999, 37.44233399999999, 0.08865900000000693, 42.54001199999999, 48.428709, 49.043946000000005, 31.817309999999992, 92.54999099999998, 79.893687, 73.653426]","[0.0, 1.0, 4.0, 1.0, 1.0, 0.0, 0.0, 0.0, 1.0, 1.0, 2.0, 1.0, 1.0, 0.0, 0.0, 4.0]","[0.0, 34.0, 16.0, 15.0, -11.0, 15.0, 10.0, 0.0, -14.0, 55.0, 11.0, 11.0, 19.0, -19.0, 9.0, 16.0]"
2,1791641080.2926264,"[-0.08712299999999118, 45.616197, 49.65918300000001, 50.538093, 0.0007679999999936626, 67.41316499999999, 34.80560399999999, 37.44233399999999, 0.08865900000000693, 46.05565200000001, 49.39551, 50.18652900000001, 31.817309999999992, 92.63788199999999, 79.893687, 74.620227]","[0.0, 1.0, 1.0, 1.0, 0.0, 0.0, 0.0, 0.0, 1.0, 10.0, 3.0, 3.0, 1.0, 0.0, 1.0, 2.0]","[0.0, 34.0, 17.0, 14.0, -12.0, 13.0, 11.0, 0.0, -14.0, 31.0, 11.0, 11.0, 18.0, -19.0, 10.0, 16.0]"
2,1791641080.5164661,"[-0.08712299999999118, 46.67088899999999, 50.713875, 51.50489400000001, 0.0007679999999936626, 67.41316499999999, 34.80560399999999, 37.44233399999999, 0.08865900000000693, 46.75878, 50.62598400000002, 51.065439, 31.817309999999992, 92.63788199999999, 79.893687, 75.67491900000002]","[0.0, 3.0, 1.0, 3.0, 0.0, 0.0, 0.0, 0.0, 1.0, 0.0, 1.0, 2.0, 1.0, 1.0, 1.0, 2.0]","[0.0, 33.0, 16.0, 15.0, -11.0, 14.0, 9.0, 0.0, -13.0, 35.0, 11.0, 11.0, 19.0, -19.0, 10.0, 15.0]"
2,1791641080.7400672,"[-0.08712299999999118, 47.98925399999999, 51.94434900000002, 52.47169500000001, 0.0007679999999936626, 67.41316499999999, 34.80560399999999, 37.44233399999999, 0.08865900000000693, 47.02245300000001, 51.856458, 52.120131000000015, 31.817309999999992, 92.63788199999999, 79.893687, 76.55382900000001]","[0.0, 4.0, 2.0, 3.0, 1.0, 0.0, 0.0, 0.0, 1.0, 1.0, 1.0, 2.0, 1.0, 1.0, 1.0, 3.0]","[0.0, 30.0, 16.0, 14.0, -12.0, 14.0, 10.0, 0.0, -14.0, 42.0, 11.0, 10.0, 18.0, -19.0, 10.0, 16.0]"
2,1791641080.9642375,"[-0.08712299999999118, 49.043946000000005, 52.91114999999999, 53.526387, 0.0007679999999936626, 67.41316499999999, 34.80560399999999, 37.44233399999999, 0.08865900000000693, 49.13183699999999, 52.735367999999994, 53.174823, 31.817309999999992, 92.63788199999999, 79.80579599999999, 77.256957]","[0.0, 6.0, 4.0, 3.0, 1.0, 0.0, 1.0, 0.0, 1.0, 8.0, 3.0, 3.0, 1.0, 1.0, 1.0, 2.0]","[0.0, 28.0, 16.0, 14.0, -12.0, 14.0, 10.0, 0.0, -14.0, 29.0, 11.0, 10.0, 17.0, -19.0, 10.0, 17.0]"
2,1791641081.1865537,"[-0.08712299999999118, 50.098637999999994, 53.96584200000001, 54.317406000000005, 0.0007679999999936626, 67.41316499999999, 34.80560399999999, 37.44233399999999, 0.08865900000000693, 50.538093, 53.877950999999996, 54.053732999999994, 31.817309999999992, 92.63788199999999, 79.893687, 78.31164899999999]","[0.0, 2.0, 4.0, 1.0, 1.0, 0.0, 0.0, 0.0, 1.0, 1.0, 3.0, 2.0, 1.0, 1.0, 1.0, 2.0]","[0.0, 31.0, 16.0, 14.0, -12.0, 14.0, 10.0, 0.0, -14.0, 30.0, 11.0, 10.0, 18.0, -19.0, 10.0, 17.0]"
2,1791641081.4122891,"[-0.08712299999999118, 50.18652900000001, 55.10842500000001, 55.54787999999999, 0.0007679999999936626, 67.41316499999999, 34.80560399999999, 37.44233399999999, 0.08865900000000693, 50.538093, 54.844752, 55.10842500000001, 31.817309999999992, 92.63788199999999, 79.893687, 79.45423199999999]","[1.0, 1.0, 3.0, 4.0, 0.0, 0.0, 0.0, 0.0, 1.0, 1.0, 1.0, 2.0, 1.0, 1.0, 1.0, 3.0]","[-3.0, 39.0, 15.0, 14.0, -12.0, 15.0, 10.0, 0.0, -14.0, 38.0, 11.0, 11.0, 18.0, -19.0, 11.0, 16.0]"
2,1791641081.6389742,"[-0.08712299999999118, 52.208022, 55.987335, 56.163117, 0.0007679999999936626, 67.41316499999999, 34.80560399999999, 37.44233399999999, 0.08865900000000693, 52.120131000000015, 55.987335, 55.987335, 31.817309999999992, 92.63788199999999, 79.80579599999999, 80.42103300000002]","[1.0, 8.0, 1.0, 4.0, 0.0, 0.0, 0.0, 0.0, 1.0, 1.0, 4.0, 1.0, 1.0, 1.0, 1.0, 2.0]","[-1.0, 28.0, 15.0, 13.0, -12.0, 14.0, 9.0, 0.0, -14.0, 32.0, 10.0, 11.0, 19.0, -19.0, 10.0, 17.0]"
2,1791641081.860721,"[0.0007679999999936626, 53.702169, 57.129918, 57.3057, 0.0007679999999936626, 67.41316499999999, 34.80560399999999, 37.44233399999999, 0.08865900000000693, 52.91114999999999, 56.86624499999999, 57.04202699999999, 31.817309999999992, 92.63788199999999, 79.80579599999999, 81.47572500000001]","[1.0, 3.0, 2.0, 2.0, 1.0, 0.0, 0.0, 0.0, 1.0, 1.0, 1.0, 1.0, 1.0, 0.0, 0.0, 4.0]","[-3.0, 27.0, 15.0, 14.0, -12.0, 14.0, 9.0, 0.0, -14.0, 33.0, 11.0, 11.0, 19.0, -19.0, 10.0, 16.0]"
2,1791641082.0844405,"[-0.08712299999999118, 54.756861000000015, 58.272501000000005, 58.36039199999999, 0.0007679999999936626, 67.41316499999999, 34.80560399999999, 37.44233399999999, 0.08865900000000693, 54.58107900000002, 58.008827999999994, 58.09671900000001, 31.817309999999992, 92.63788199999999, 79.80579599999999, 82.26674400000002]","[0.0, 1.0, 3.0, 3.0, 1.0, 0.0, 0.0, 0.0, 1.0, 9.0, 5.0, 3.0, 1.0, 0.0, 0.0, 2.0]","[-3.0, 27.0, 15.0, 13.0, -12.0, 14.0, 9.0, 0.0, -14.0, 26.0, 10.0, 10.0, 18.0, -19.0, 11.0, 17.0]"
2,1791641082.308406,"[-0.08712299999999118, 55.811553, 59.50297499999999, 59.23930200000001, 0.0007679999999936626, 67.41316499999999, 34.80560399999999, 37.44233399999999, 0.08865900000000693, 55.54787999999999, 59.06352000000001, 58.975629, 31.817309999999992, 92.63788199999999, 79.893687, 83.14565399999998]","[0.0, 1.0, 2.0, 1.0, 1.0, 0.0, 0.0, 0.0, 1.0, 1.0, 3.0, 2.0, 1.0, 1.0, 1.0, 2.0]","[-1.0, 29.0, 14.0, 14.0, -12.0, 15.0, 10.0, 0.0, -15.0, 29.0, 9.0, 11.0, 18.0, -19.0, 10.0, 17.0]"
2,1791641082.5320117,"[0.0007679999999936626, 56.954136000000005, 59.590866000000005, 60.20610300000001, 0.0007679999999936626, 67.41316499999999, 34.893495, 37.44233399999999, 0.08865900000000693, 55.54787999999999, 59.327192999999994, 60.118212, 31.817309999999992, 92.63788199999999, 79.80579599999999, 84.024564]","[1.0, 3.0, 1.0, 3.0, 1.0, 0.0, 1.0, 0.0, 1.0, 1.0, 1.0, 2.0, 1.0, 0.0, 1.0, 2.0]","[-4.0, 24.0, 14.0, 14.0, -12.0, 14.0, 10.0, 0.0, -14.0, 36.0, 9.0, 9.0, 18.0, -19.0, 10.0, 17.0]"
2,1791641082.7587857,"[-0.08712299999999118, 58.09671900000001, 59.590866000000005, 61.260795, 0.0007679999999936626, 67.41316499999999, 34.80560399999999, 37.44233399999999, 0.08865900000000693, 56.338899, 59.327192999999994, 60.99712199999999, 31.817309999999992, 92.63788199999999, 79.80579599999999, 84.90347400000002]","[2.0, 2.0, 1.0, 1.0, 0.0, 0.0, 0.0, 0.0, 1.0, 1.0, 1.0, 1.0, 1.0, 1.0, 0.0, 2.0]","[-7.0, 28.0, 15.0, 14.0, -9.0, 14.0, 9.0, 0.0, -14.0, 37.0, 10.0, 10.0, 18.0, -19.0, 10.0, 18.0]"
2,1791641082.9804761,"[-0.08712299999999118, 58.09671900000001, 59.590866000000005, 62.13970499999999, 0.0007679999999936626, 67.41316499999999, 34.80560399999999, 37.44233399999999, 0.08865900000000693, 56.338899, 59.327192999999994, 62.05181400000001, 31.817309999999992, 92.63788199999999, 79.80579599999999, 85.958166]","[1.0, 1.0, 1.0, 1.0, 1.0, 0.0, 0.0, 1.0, 1.0, 1.0, 1.0, 3.0, 1.0, 1.0, 1.0, 2.0]","[-1.0, 31.0, 15.0, 14.0, -12.0, 14.0, 9.0, 0.0, -14.0, 46.0, 9.0, 10.0, 18.0, -19.0, 10.0, 17.0]"
2,1791641083.2067084,"[-0.08712299999999118, 60.030321000000015, 59.590866000000005, 63.37017900000001, 0.0007679999999936626, 67.41316499999999, 34.80560399999999, 37.44233399999999, 0.08865900000000693, 56.338899, 59.327192999999994, 63.01861500000001, 31.817309999999992, 92.63788199999999, 79.80579599999999, 86.92496699999998]","[-1.0, 3.0, 1.0, 3.0, 1.0, 0.0, 0.0, 0.0, 1.0, 1.0, 1.0, 2.0, 1.0, 1.0, 0.0, 1.0]","[0.0, 24.0, 15.0, 14.0, -11.0, 14.0, 10.0, 0.0, -14.0, 59.0, 9.0, 10.0, 19.0, -19.0, 11.0, 19.0]"
2,1791641083.4279366,"[-0.08712299999999118, 60.118212, 59.590866000000005, 64.249089, 0.0007679999999936626, 67.41316499999999, 34.80560399999999, 37.44233399999999, 0.08865900000000693, 56.338899, 59.327192999999994, 63.80963400000002, 31.817309999999992, 92.63788199999999, 79.80579599999999, 87.71598599999999]","[1.0, 1.0, 1.0, 1.0, 0.0, 0.0, 0.0, 0.0, 1.0, 1.0, 1.0, 1.0, 1.0, 1.0, 0.0, 1.0]","[-6.0, 32.0, 14.0, 14.0, -11.0, 14.0, 10.0, 0.0, -15.0, 69.0, 10.0, 11.0, 18.0, -19.0, 10.0, 19.0]"
2,1791641083.651658,"[0.0007679999999936626, 62.227596000000005, 59.590866000000005, 65.21589, 0.0007679999999936626, 67.41316499999999, 34.80560399999999, 37.44233399999999, 0.08865900000000693, 56.338899, 59.327192999999994, 64.864326, 31.817309999999992, 92.63788199999999, 79.80579599999999, 88.155441]","[1.0, 7.0, 1.0, 2.0, 1.0, 0.0, 0.0, 0.0, 1.0, 1.0, 1.0, 2.0, 1.0, 0.0, 0.0, 1.0]","[-2.0, 20.0, 14.0, 14.0, -11.0, 14.0, 9.0, 0.0, -14.0, 72.0, 10.0, 11.0, 18.0, -19.0, 10.0, 21.0]"
2,1791641083.8766406,"[-0.08712299999999118, 63.545961000000005, 59.590866000000005, 66.44636400000002, 0.0007679999999936626, 67.41316499999999, 34.893495, 37.44233399999999, 0.0007679999999936626, 58.272501000000005, 59.23930200000001, 65.743236, 31.817309999999992, 92.81366400000002, 79.80579599999999, 88.155441]","[0.0, 2.0, 0.0, 2.0, 1.0, 0.0, 1.0, 0.0, 0.0, 1.0, 0.0, 2.0, 1.0, 1.0, 0.0, 1.0]","[-3.0, 19.0, 14.0, 14.0, -11.0, 15.0, 9.0, 0.0, -14.0, 70.0, 10.0, 11.0, 0.0, -11.0, 9.0, 0.0]"
2,1791641084.0994291,"[-0.08712299999999118, 64.33698000000001, 59.67875699999999, 67.41316499999999, 0.0007679999999936626, 67.41316499999999, 34.893495, 37.44233399999999, 0.0007679999999936626, 58.272501000000005, 59.23930200000001, 66.358473, 31.817309999999992, 92.81366400000002, 79.80579599999999, 88.155441]","[0.0, 1.0, 1.0, 3.0, 1.0, 0.0, 1.0, 0.0, 0.0, 1.0, 0.0, 3.0, 1.0, 1.0, 0.0, 1.0]","[-3.0, 23.0, 14.0, 15.0, -12.0, 14.0, 9.0, 0.0, -14.0, 82.0, 10.0, 13.0, 0.0, -10.0, 11.0, 0.0]"
2,1791641084.3265612,"[0.0007679999999936626, 65.21589, 59.67875699999999, 68.379966, 0.0007679999999936626, 67.41316499999999, 34.893495, 37.44233399999999, 0.0007679999999936626, 58.272501000000005, 59.23930200000001, 68.11629300000001, 31.817309999999992, 92.81366400000002, 79.80579599999999, 88.155441]","[2.0, 7.0, 1.0, 3.0, 1.0, 0.0, 1.0, 0.0, 0.0, 1.0, 0.0, 3.0, 0.0, 1.0, 0.0, 1.0]","[-6.0, 19.0, 15.0, 13.0, -12.0, 14.0, 9.0, 0.0, -14.0, 99.0, 10.0, 10.0, 3.0, -11.0, 10.0, 0.0]"
2,1791641084.5480998,"[0.0007679999999936626, 66.79792800000001, 59.67875699999999, 69.43465800000001, 0.0007679999999936626, 67.41316499999999, 34.981386000000015, 37.44233399999999, 0.0007679999999936626, 59.67875699999999, 59.23930200000001, 68.90731199999999, 31.729419000000007, 92.81366400000002, 79.80579599999999, 88.155441]","[1.0, 1.0, 1.0, 3.0, 1.0, 0.0, 1.0, 0.0, 0.0, 1.0, 1.0, 1.0, 0.0, 1.0, 0.0, 1.0]","[-6.0, 19.0, 14.0, 15.0, -12.0, 14.0, 4.0, -1.0, -14.0, 93.0, 10.0, 10.0, 8.0, -10.0, 10.0, 0.0]"
2,1791641084.7717607,"[0.0007679999999936626, 67.85262, 59.766648, 70.313568, 0.08865900000000693, 67.41316499999999, 34.893495, 37.44233399999999, 0.0007679999999936626, 59.67875699999999, 59.23930200000001, 70.40145900000002, 31.729419000000007, 92.81366400000002, 79.80579599999999, 88.155441]","[1.0, 5.0, 2.0, 4.0, 0.0, 0.0, 1.0, 0.0, 0.0, 1.0, 1.0, 3.0, 0.0, 0.0, 0.0, 1.0]","[-9.0, 19.0, 14.0, 14.0, -12.0, 14.0, 2.0, 0.0, -14.0, 107.0, 10.0, 10.0, 8.0, -10.0, 10.0, 0.0]"
2,1791641084.9952395,"[-0.08712299999999118, 68.73152999999999, 59.85453900000002, 71.36825999999999, 0.08865900000000693, 67.41316499999999, 34.893495, 37.44233399999999, 0.0007679999999936626, 60.469775999999996, 59.23930200000001, 71.456151, 31.729419000000007, 92.81366400000002, 79.80579599999999, 88.155441]","[1.0, 2.0, 1.0, 3.0, 1.0, 0.0, 0.0, 0.0, 0.0, 12.0, 1.0, 2.0, 0.0, 1.0, 0.0, 1.0]","[-2.0, 20.0, 13.0, 14.0, -12.0, 14.0, 6.0, 0.0, -14.0, 101.0, 10.0, 10.0, 3.0, -11.0, 10.0, 0.0]"
2,1791641085.2226017,"[0.0007679999999936626, 69.78622200000001, 59.85453900000002, 72.335061, 0.08865900000000693, 67.501056, 34.981386000000015, 37.44233399999999, 0.0007679999999936626, 60.73344900000001, 59.23930200000001, 72.24717000000001, 31.729419000000007, 92.90155500000003, 79.80579599999999, 88.155441]","[1.0, 3.0, 1.0, 1.0, 0.0, 0.0, 1.0, 0.0, 0.0, 1.0, 1.0, 1.0, 0.0, 1.0, 0.0, 1.0]","[-8.0, 20.0, 14.0, 14.0, -11.0, 13.0, 0.0, 0.0, -14.0, 121.0, 10.0, 10.0, 8.0, -10.0, 10.0, 0.0]"
2,1791641085.4465423,"[0.0007679999999936626, 71.28036900000001, 59.85453900000002, 73.38975300000001, 0.08865900000000693, 67.501056, 34.981386000000015, 37.44233399999999, 0.0007679999999936626, 61.87603200000001, 59.151410999999996, 73.12608, 31.729419000000007, 92.90155500000003, 79.80579599999999, 88.155441]","[1.0, 5.0, 1.0, 2.0, 1.0, 1.0, 1.0, 0.0, 0.0, 1.0, 0.0, 3.0, 0.0, 1.0, 0.0, 1.0]","[-6.0, 17.0, 14.0, 14.0, -11.0, 14.0, 0.0, 0.0, -14.0, 118.0, 11.0, 10.0, 9.0, -11.0, 9.0, 0.0]"
2,1791641085.6704788,"[-0.08712299999999118, 72.42295200000001, 59.85453900000002, 74.35655400000002, 0.08865900000000693, 67.501056, 34.981386000000015, 37.44233399999999, 0.0007679999999936626, 61.963922999999994, 59.151410999999996, 73.829208, 31.729419000000007, 92.90155500000003, 79.80579599999999, 88.155441]","[0.0, 3.0, 0.0, 1.0, 0.0, 1.0, 1.0, 1.0, 0.0, 1.0, 0.0, 1.0, 0.0, 1.0, 0.0, 1.0]","[-3.0, 17.0, 10.0, 14.0, -12.0, 13.0, 0.0, 0.0, -14.0, 134.0, 11.0, 11.0, 8.0, -11.0, 10.0, 0.0]"
2,1791641085.8934324,"[-0.08712299999999118, 73.301862, 59.94243, 75.23546400000001, 0.0007679999999936626, 67.501056, 34.981386000000015, 37.44233399999999, 0.0007679999999936626, 61.963922999999994, 59.151410999999996, 74.620227, 31.729419000000007, 92.90155500000003, 79.80579599999999, 88.155441]","[1.0, 1.0, 2.0, 1.0, 0.0, 1.0, 1.0, 0.0, 0.0, 1.0, 0.0, 1.0, 0.0, 1.0, 0.0, 1.0]","[-1.0, 17.0, 2.0, 14.0, -12.0, 14.0, 0.0, 0.0, -14.0, 151.0, 10.0, 12.0, 8.0, -11.0, 10.0, 0.0]"
2,1791641086.1184297,"[0.0007679999999936626, 74.53233600000002, 59.94243, 76.465938, 0.08865900000000693, 67.501056, 34.981386000000015, 37.44233399999999, 0.08865900000000693, 60.469775999999996, 59.151410999999996, 74.620227, 31.729419000000007, 92.90155500000003, 79.80579599999999, 88.155441]","[1.0, 1.0, 1.0, 4.0, 1.0, 1.0, 1.0, 1.0, 1.0, 0.0, 0.0, 1.0, 0.0, 1.0, 0.0, 1.0]","[-5.0, 17.0, 4.0, 14.0, -12.0, 14.0, 0.0, 0.0, 0.0, 14.0, 0.0, -3.0, 8.0, -11.0, 10.0, 0.0]"
2,1791641086.3424413,"[0.0007679999999936626, 75.76281, 59.85453900000002, 77.34484800000001, 0.08865900000000693, 67.501056, 34.981386000000015, 37.44233399999999, 0.08865900000000693, 60.469775999999996, 59.151410999999996, 74.620227, 31.729419000000007, 92.90155500000003, 79.80579599999999, 88.155441]","[1.0, 4.0, 0.0, 3.0, 0.0, 0.0, 1.0, 0.0, 1.0, 0.0, 0.0, 1.0, 0.0, 1.0, 0.0, 1.0]","[-2.0, 16.0, 1.0, 14.0, -12.0, 14.0, 0.0, 0.0, 0.0, 13.0, 0.0, 0.0, 8.0, -10.0, 10.0, 0.0]"
2,1791641086.5647273,"[-0.08712299999999118, 76.72961099999998, 59.94243, 78.31164899999999, 0.08865900000000693, 67.501056, 34.981386000000015, 37.44233399999999, 0.08865900000000693, 60.469775999999996, 59.151410999999996, 74.620227, 31.729419000000007, 92.90155500000003, 79.80579599999999, 88.155441]","[0.0, 1.0, 0.0, 3.0, 0.0, 1.0, 1.0, 0.0, 1.0, 1.0, 0.0, 0.0, 0.0, 1.0, 0.0, 1.0]","[0.0, 16.0, 0.0, 14.0, -12.0, 13.0, 0.0, 0.0, 0.0, 13.0, 0.0, 0.0, 8.0, -9.0, 11.0, 0.0]"
2,1791641086.786902,"[0.0007679999999936626, 77.87219399999998, 59.94243, 79.36634099999998, 0.08865900000000693, 67.501056, 34.981386000000015, 37.44233399999999, 0.08865900000000693, 60.469775999999996, 59.151410999999996, 74.620227, 31.729419000000007, 92.90155500000003, 79.80579599999999, 88.155441]","[1.0, 2.0, 0.0, 3.0, 0.0, 1.0, 1.0, 0.0, 1.0, 0.0, 0.0, 0.0, 0.0, 1.0, 0.0, 1.0]","[-3.0, 15.0, 0.0, 14.0, -12.0, 14.0, 0.0, 0.0, 0.0, 13.0, 0.0, 0.0, 8.0, -10.0, 9.0, 0.0]"
2,1791641087.014355,"[0.0007679999999936626, 78.92688600000002, 59.94243, 80.245251, 0.08865900000000693, 67.501056, 34.981386000000015, 37.44233399999999, 0.08865900000000693, 60.469775999999996, 59.151410999999996, 74.620227, 31.729419000000007, 92.90155500000003, 79.80579599999999, 88.155441]","[1.0, 4.0, 1.0, 1.0, 1.0, 0.0, 1.0, 0.0, 1.0, 0.0, 0.0, 0.0, 0.0, 1.0, 0.0, 1.0]","[-7.0, 14.0, 0.0, 13.0, -11.0, 14.0, 0.0, 0.0, 0.0, 13.0, 0.0, 0.0, 8.0, -11.0, 11.0, 0.0]"
2,1791641087.2383654,"[0.0007679999999936626, 80.15735999999998, 59.94243, 81.12416100000002, 0.08865900000000693, 67.41316499999999, 34.981386000000015, 37.44233399999999, 0.08865900000000693, 60.469775999999996, 59.151410999999996, 74.620227, 31.729419000000007, 92.90155500000003, 79.80579599999999, 88.155441]","[1.0, 4.0, 1.0, 1.0, 1.0, 1.0, 1.0, 0.0, 1.0, 0.0, 0.0, 1.0, 0.0, 1.0, 0.0, 1.0]","[-8.0, 15.0, 0.0, 14.0, -12.0, 14.0, 0.0, 0.0, 0.0, 13.0, 0.0, 0.0, 8.0, -11.0, 10.0, 0.0]"
2,1791641087.4623196,"[0.0007679999999936626, 81.29994299999998, 59.94243, 82.35463500000003, 0.08865900000000693, 67.501056, 34.981386000000015, 37.44233399999999, 0.08865900000000693, 60.469775999999996, 59.151410999999996, 74.620227, 31.729419000000007, 92.90155500000003, 79.80579599999999, 88.155441]","[1.0, 1.0, 1.0, 3.0, 1.0, 0.0, 1.0, 0.0, 1.0, 0.0, 0.0, 0.0, 0.0, 1.0, 0.0, 1.0]","[-4.0, 14.0, 0.0, 13.0, -12.0, 14.0, 0.0, 0.0, 0.0, 13.0, 0.0, 0.0, 9.0, -11.0, 10.0, 0.0]"
2,1791641087.6833613,"[-0.08712299999999118, 82.35463500000003, 59.94243, 83.23354499999999, 0.08865900000000693, 67.41316499999999, 34.981386000000015, 37.44233399999999, 0.08865900000000693, 60.469775999999996, 59.151410999999996, 74.620227, 31.729419000000007, 92.90155500000003, 79.80579599999999, 88.155441]","[1.0, 3.0, 1.0, 3.0, 1.0, 0.0, 1.0, 0.0, 1.0, 0.0, 0.0, 1.0, 0.0, 1.0, 0.0, 1.0]","[-1.0, 13.0, 0.0, 15.0, -12.0, 14.0, 0.0, 0.0, 0.0, 13.0, 0.0, -1.0, 8.0, -11.0, 10.0, 0.0]"
2,1791641087.9102225,"[-0.08712299999999118, 83.321436, 59.94243, 84.11245500000001, 0.08865900000000693, 67.501056, 34.981386000000015, 37.44233399999999, 0.08865900000000693, 60.469775999999996, 59.151410999999996, 74.620227, 31.729419000000007, 92.90155500000003, 79.80579599999999, 88.155441]","[1.0, 1.0, 1.0, 1.0, 1.0, 1.0, 1.0, 0.0, 1.0, 0.0, 0.0, 0.0, 0.0, 1.0, 0.0, 1.0]","[-1.0, 15.0, 0.0, 15.0, -12.0, 14.0, 0.0, 0.0, 0.0, 13.0, 0.0, 0.0, 8.0, -11.0, 10.0, 0.0]"
2,1791641088.1313908,"[-0.08712299999999118, 84.55191000000002, 59.94243, 85.25503800000001, 0.08865900000000693, 67.501056, 34.981386000000015, 37.44233399999999, 0.08865900000000693, 60.469775999999996, 59.151410999999996, 74.620227, 31.729419000000007, 92.90155500000003, 79.80579599999999, 88.155441]","[0.0, 3.0, 1.0, 2.0, 0.0, 1.0, 1.0, 0.0, 1.0, 0.0, 0.0, 0.0, 0.0, 1.0, 0.0, 1.0]","[-4.0, 13.0, 0.0, 14.0, -12.0, 13.0, 0.0, 0.0, 0.0, 13.0, 0.0, 0.0, 8.0, -11.0, 9.0, 0.0]"
2,1791641088.3560064,"[0.0007679999999936626, 85.60660200000001, 59.94243, 86.30973, 0.08865900000000693, 67.501056, 34.981386000000015, 37.44233399999999, 0.08865900000000693, 60.469775999999996, 59.151410999999996, 74.620227, 31.729419000000007, 92.90155500000003, 79.80579599999999, 88.155441]","[1.0, 1.0, 1.0, 2.0, 1.0, 0.0, 1.0, 0.0, 1.0, 0.0, 0.0, 1.0, 0.0, 1.0, 0.0, 1.0]","[-2.0, 12.0, 0.0, 14.0, -11.0, 14.0, 0.0, 0.0, 0.0, 13.0, 0.0, 0.0, 8.0, -11.0, 10.0, 0.0]"
2,1791641088.5812676,"[-0.08712299999999118, 86.74918500000001, 59.94243, 87.18864000000002, 0.08865900000000693, 67.41316499999999, 34.981386000000015, 37.44233399999999, 0.08865900000000693, 60.469775999999996, 59.151410999999996, 74.620227, 31.729419000000007, 92.90155500000003, 79.80579599999999, 88.155441]","[0.0, 2.0, 1.0, 2.0, 1.0, 0.0, 1.0, 0.0, 1.0, 0.0, 0.0, 1.0, 0.0, 1.0, 0.0, 1.0]","[-2.0, 13.0, 0.0, 14.0, -12.0, 14.0, 0.0, 0.0, 0.0, 13.0, 0.0, -1.0, 9.0, -11.0, 10.0, 0.0]"
2,1791641088.8033743,"[-0.08712299999999118, 87.36442199999999, 59.94243, 87.97965900000003, 0.08865900000000693, 67.501056, 34.981386000000015, 37.44233399999999, 0.08865900000000693, 60.469775999999996, 59.151410999999996, 74.620227, 31.729419000000007, 92.90155500000003, 79.80579599999999, 88.155441]","[0.0, 4.0, 1.0, 1.0, 1.0, 1.0, 1.0, 0.0, 1.0, 0.0, 0.0, 0.0, 0.0, 1.0, 0.0, 1.0]","[0.0, 13.0, 0.0, 16.0, -12.0, 14.0, 0.0, 0.0, 0.0, 13.0, 0.0, 0.0, 9.0, -11.0, 10.0, 0.0]"
2,1791641089.0267751,"[0.0007679999999936626, 88.77067799999998, 59.94243, 89.03435100000002, 0.08865900000000693, 67.501056, 34.981386000000015, 37.44233399999999, 0.08865900000000693, 60.469775999999996, 59.151410999999996, 74.620227, 31.729419000000007, 92.90155500000003, 79.80579599999999, 88.155441]","[1.0, 4.0, 1.0, 2.0, 1.0, 1.0, 1.0, 0.0, 1.0, 0.0, 0.0, 0.0, 0.0, 1.0, 0.0, 1.0]","[-5.0, 12.0, 0.0, 14.0, -13.0, 13.0, 0.0, 0.0, 0.0, 14.0, 0.0, 0.0, 8.0, -11.0, 10.0, 0.0]"
2,1791641089.251139,"[0.0007679999999936626, 90.089043, 59.94243, 89.03435100000002, 0.08865900000000693, 67.501056, 34.981386000000015, 37.44233399999999, 0.08865900000000693, 60.469775999999996, 59.151410999999996, 74.620227, 31.729419000000007, 92.90155500000003, 79.80579599999999, 88.155441]","[1.0, 3.0, 1.0, 1.0, 1.0, 0.0, 1.0, 0.0, 1.0, 0.0, 0.0, 1.0, 0.0, 1.0, 0.0, 1.0]","[-7.0, 11.0, 0.0, 15.0, -12.0, 14.0, 0.0, 0.0, 0.0, 14.0, 0.0, 0.0, 9.0, -11.0, 10.0, 0.0]"
2,1791641089.4755816,"[0.0007679999999936626, 91.05584399999998, 59.94243, 89.03435100000002, 0.08865900000000693, 67.41316499999999, 34.981386000000015, 37.44233399999999, 0.08865900000000693, 60.469775999999996, 59.151410999999996, 74.620227, 31.729419000000007, 92.90155500000003, 79.80579599999999, 88.155441]","[1.0, 3.0, 1.0, 1.0, 1.0, 0.0, 1.0, 0.0, 1.0, 0.0, 0.0, 0.0, 0.0, 1.0, 0.0, 1.0]","[-4.0, 12.0, 0.0, 15.0, -12.0, 13.0, 0.0, 0.0, 0.0, 13.0, 0.0, 0.0, 9.0, -10.0, 10.0, 0.0]"
2,1791641089.7020538,"[0.0007679999999936626, 92.286318, 59.94243, 89.03435100000002, 0.08865900000000693, 67.501056, 34.981386000000015, 37.44233399999999, 0.08865900000000693, 60.469775999999996, 59.151410999999996, 74.620227, 31.729419000000007, 92.90155500000003, 79.80579599999999, 88.155441]","[1.0, 3.0, 1.0, 1.0, 1.0, 1.0, 1.0, 0.0, 1.0, 0.0, 0.0, 0.0, 0.0, 1.0, 0.0, 1.0]","[-2.0, 11.0, 0.0, 14.0, -12.0, 14.0, 0.0, 0.0, 0.0, 13.0, 0.0, 0.0, 8.0, -11.0, 10.0, 0.0]"
2,1791641089.9261696,"[0.0007679999999936626, 93.428901, 59.94243, 89.21013299999998, 0.08865900000000693, 67.41316499999999, 34.981386000000015, 37.44233399999999, 0.08865900000000693, 60.469775999999996, 59.151410999999996, 74.620227, 31.729419000000007, 92.90155500000003, 79.80579599999999, 88.155441]","[1.0, 2.0, 1.0, 1.0, 1.0, 1.0, 1.0, 1.0, 1.0, 0.0, 0.0, 1.0, 0.0, 1.0, 0.0, 1.0]","[-3.0, 11.0, 0.0, 15.0, -12.0, 13.0, 0.0, -1.0, 0.0, 13.0, 0.0, 0.0, 8.0, -10.0, 10.0, 0.0]"
2,1791641090.1474295,"[-0.08712299999999118, 94.65937500000001, 59.94243, 89.21013299999998, 0.08865900000000693, 67.41316499999999, 34.981386000000015, 37.44233399999999, 0.08865900000000693, 60.469775999999996, 59.151410999999996, 74.620227, 31.729419000000007, 92.90155500000003, 79.80579599999999, 88.155441]","[0.0, 4.0, 1.0, 1.0, 1.0, 0.0, 1.0, 0.0, 1.0, 0.0, 0.0, 0.0, 0.0, 1.0, 0.0, 1.0]","[-3.0, 11.0, 0.0, 15.0, -12.0, 14.0, 0.0, 0.0, 0.0, 13.0, 0.0, 0.0, 8.0, -11.0, 10.0, 0.0]"
3,1791641092.166176,"[-0.08712299999999118, -4.92112800000001, -1.1418150000000082, -0.2629049999999893, -0.08712299999999118, -4.92112800000001, 0.0007679999999936626, -0.2629049999999893, 0.08865900000000693, -4.657454999999999, -0.9660330000000101, 0.17654999999999177, -2.196506999999997, 178.41949799999998, 39.991173, 25.40126699999999]","[0.0, 1.0, 1.0, 1.0, 1.0, 1.0, 0.0, 0.0, 1.0, 0.0, 1.0, 0.0, 1.0, 1.0, 0.0, 0.0]","[0.0, 31.0, 16.0, 14.0, 0.0, 30.0, -10.0, 10.0, -14.0, 31.0, 11.0, -10.0, 14.0, 15.0, 3.0, -15.0]"
3,1791641092.3868957,"[-0.5265780000000007, -4.657454999999999, -0.9660330000000101, -0.08712299999999118, -0.08712299999999118, -4.92112800000001, 0.6160050000000012, -0.08712299999999118, 0.7038960000000145, -4.657454999999999, -0.9660330000000101, 0.3523319999999899, -2.196506999999997, 178.06793399999998, 40.07906399999999, 25.577048999999988]","[0.0, 1.0, 4.0, 1.0, 1.0, 1.0, 1.0, 1.0, 1.0, 1.0, 1.0, 1.0, 1.0, 0.0, 1.0, 1.0]","[-9.0, 47.0, 18.0, 16.0, 0.0, 50.0, 10.0, 12.0, 14.0, 49.0, 14.0, 10.0, 19.0, -13.0, 12.0, 15.0]"
3,1791641092.6138816,"[-1.4054879999999912, -3.339089999999999, -0.08712299999999118, 0.7038960000000145, -0.08712299999999118, -3.7785450000000083, 1.2312420000000088, 0.08865900000000693, 1.2312420000000088, -3.866435999999993, -0.6144689999999855, 0.6160050000000012, -2.196506999999997, 177.71636999999998, 40.07906399999999, 26.368067999999994]","[0.0, 3.0, 1.0, 3.0, 1.0, 1.0, 1.0, 1.0, 5.0, 1.0, 1.0, 1.0, 1.0, 1.0, 1.0, 3.0]","[-9.0, 60.0, 18.0, 16.0, 0.0, 58.0, 12.0, 15.0, 15.0, 62.0, 16.0, 12.0, 23.0, -25.0, 13.0, 14.0]"
3,1791641092.8353791,"[-2.548070999999993, -1.4933790000000045, 0.8796780000000126, 1.582806000000005, -0.08712299999999118, -2.548070999999993, 1.9343700000000013, 1.407024000000007, 2.813279999999992, -3.866435999999993, 0.26444100000000503, 0.6160050000000012, -2.196506999999997, 176.92535099999998, 41.48532, 27.159087]","[-1.0, 11.0, 1.0, 1.0, 1.0, 1.0, 2.0, 2.0, 2.0, 1.0, 1.0, 1.0, 1.0, 0.0, 5.0, 1.0]","[-9.0, 49.0, 19.0, 17.0, 0.0, 68.0, 11.0, 12.0, 14.0, 89.0, 16.0, 17.0, 31.0, -41.0, 12.0, 15.0]"
3,1791641093.0590267,"[-3.426981000000012, 0.3523319999999899, 1.7585880000000031, 2.6374979999999937, -0.08712299999999118, -0.08712299999999118, 2.725389000000007, 2.1101519999999994, 2.901171000000005, 0.3523319999999899, 1.407024000000007, 2.1101519999999994, -2.108616000000012, 173.32182, 42.36422999999999, 28.125888000000003]","[0.0, 1.0, 1.0, 1.0, 1.0, 7.0, 1.0, 1.0, 1.0, 8.0, 3.0, 3.0, 0.0, -6.0, 2.0, 3.0]","[-10.0, 55.0, 20.0, 16.0, 0.0, 57.0, 13.0, 13.0, 16.0, 56.0, 15.0, 13.0, 40.0, -33.0, 15.0, 15.0]"
3,1791641093.2860293,"[-4.393781999999987, 2.4617159999999956, 2.901171000000005, 3.6042989999999975, -0.08712299999999118, 1.9343700000000013, 3.4285169999999994, 3.2527350000000013, 4.6589910000000145, 0.44022300000000314, 1.846478999999988, 3.2527350000000013, -1.4933790000000045, 169.894071, 43.06735800000001, 29.268471000000005]","[-2.0, 7.0, 2.0, 0.0, 1.0, 3.0, 2.0, 2.0, 3.0, -1.0, 1.0, 2.0, 10.0, -4.0, 1.0, 3.0]","[-9.0, 51.0, 18.0, 16.0, 0.0, 56.0, 13.0, 13.0, 14.0, 82.0, 18.0, 14.0, 37.0, -29.0, 14.0, 15.0]"
3,1791641093.506038,"[-5.360582999999991, 4.043754000000007, 3.6042989999999975, 4.746881999999999, -0.08712299999999118, 3.6921900000000107, 4.395318000000003, 4.30742699999999, 5.713683000000003, 4.131644999999992, 3.076953000000003, 4.30742699999999, 0.9675689999999975, 168.31203299999999, 44.56150500000001, 29.35636199999999]","[0.0, 5.0, 4.0, 4.0, 1.0, 4.0, 1.0, 1.0, 2.0, 15.0, 5.0, 3.0, 3.0, 0.0, 4.0, 1.0]","[-10.0, 58.0, 20.0, 16.0, 0.0, 61.0, 14.0, 12.0, 14.0, 52.0, 17.0, 14.0, 29.0, -44.0, 12.0, 14.0]"
3,1791641093.7337987,"[-5.975819999999999, 6.153138000000013, 4.834773000000013, 5.801573999999988, -0.08712299999999118, 5.9773560000000145, 5.362119000000007, 5.274227999999994, 6.153138000000013, 6.153138000000013, 4.219536000000005, 5.010555000000011, 1.0554600000000107, 164.708502, 44.73728700000001, 29.35636199999999]","[0.0, 6.0, 3.0, 3.0, 1.0, 7.0, 3.0, 2.0, 6.0, 3.0, 3.0, 1.0, 0.0, -8.0, 2.0, 0.0]","[-10.0, 52.0, 19.0, 15.0, 0.0, 54.0, 14.0, 15.0, 15.0, 60.0, 16.0, 15.0, 38.0, -36.0, 16.0, 15.0]"
3,1791641093.9549596,"[-7.294184999999999, 8.701977, 5.889465000000001, 6.680484000000007, -0.08712299999999118, 6.065246999999999, 5.9773560000000145, 6.416810999999996, 7.735175999999996, 8.438303999999988, 4.9226639999999975, 6.416810999999996, 2.98906199999999, 161.36864400000002, 46.67088899999999, 29.35636199999999]","[-2.0, 4.0, 1.0, 5.0, 1.0, 1.0, 7.0, 5.0, 3.0, 6.0, 4.0, 4.0, 6.0, -7.0, 5.0, 0.0]","[-9.0, 53.0, 20.0, 16.0, 0.0, 85.0, 14.0, 14.0, 14.0, 57.0, 15.0, 14.0, 30.0, -34.0, 13.0, 14.0]"
3,1791641094.1781497,"[-8.260986000000003, 10.28401500000001, 5.889465000000001, 7.823067000000009, -0.08712299999999118, 9.932451000000015, 7.207830000000001, 7.2957210000000146, 7.735175999999996, 9.668778000000003, 6.2410289999999975, 7.2957210000000146, 3.164843999999988, 158.38035000000002, 47.54979900000001, 29.35636199999999]","[0.0, 1.0, 1.0, 3.0, 1.0, 7.0, 1.0, 1.0, 1.0, 1.0, 3.0, 1.0, 1.0, -3.0, 3.0, 0.0]","[-10.0, 58.0, 25.0, 16.0, 0.0, 60.0, 14.0, 13.0, 16.0, 66.0, 15.0, 13.0, 37.0, -35.0, 13.0, 15.0]"
3,1791641094.4030802,"[-9.315677999999991, 12.393398999999988, 7.910957999999994, 8.701977, -0.08712299999999118, 11.426598000000013, 8.26252199999999, 8.526195000000001, 9.668778000000003, 9.668778000000003, 7.119938999999988, 8.26252199999999, 4.9226639999999975, 155.74362000000002, 48.428709, 29.35636199999999]","[-1.0, 5.0, 5.0, 0.0, 1.0, 3.0, 2.0, 2.0, 4.0, 1.0, 3.0, 3.0, 4.0, -2.0, 2.0, 1.0]","[-9.0, 56.0, 18.0, 16.0, 0.0, 64.0, 14.0, 12.0, 14.0, 93.0, 17.0, 13.0, 29.0, -36.0, 13.0, 14.0]"
3,1791641094.6267638,"[-10.19458800000001, 13.448091000000005, 8.789868000000013, 9.844560000000001, -0.08712299999999118, 13.008635999999996, 9.229322999999994, 9.405104999999992, 10.635579000000007, 13.887546000000015, 8.086739999999992, 9.405104999999992, 6.153138000000013, 152.667435, 49.571292, 29.35636199999999]","[0.0, 1.0, 4.0, 4.0, 1.0, 10.0, 1.0, 1.0, 1.0, 18.0, 5.0, 3.0, 3.0, -5.0, 1.0, 0.0]","[-10.0, 69.0, 19.0, 15.0, 0.0, 61.0, 14.0, 13.0, 14.0, 53.0, 16.0, 14.0, 29.0, -36.0, 12.0, 14.0]"
3,1791641094.853705,"[-10.985606999999987, 16.260603000000003, 9.844560000000001, 10.635579000000007, -0.08712299999999118, 15.821147999999994, 10.28401500000001, 10.371905999999996, 11.60238000000001, 14.23911000000001, 9.141432000000009, 10.196123999999998, 6.856266000000005, 150.47016000000002, 50.45020199999999, 29.35636199999999]","[-2.0, 9.0, 2.0, 5.0, 1.0, 3.0, 2.0, 1.0, 2.0, 1.0, 1.0, 1.0, 3.0, 0.0, 2.0, 0.0]","[-9.0, 52.0, 20.0, 15.0, 0.0, 60.0, 13.0, 14.0, 14.0, 84.0, 16.0, 14.0, 28.0, -44.0, 14.0, 15.0]"
3,1791641095.0771964,"[-12.216081000000003, 18.19420500000001, 10.89925199999999, 11.690270999999996, -0.08712299999999118, 17.666858999999988, 11.162925000000001, 11.426598000000013, 12.569181000000015, 14.23911000000001, 9.844560000000001, 11.162925000000001, 8.350413000000003, 147.393975, 51.50489400000001, 29.35636199999999]","[-3.0, 3.0, 2.0, 2.0, 1.0, 3.0, 2.0, 4.0, 1.0, 1.0, 1.0, 1.0, 2.0, -4.0, 1.0, 1.0]","[-9.0, 56.0, 19.0, 15.0, 0.0, 62.0, 14.0, 14.0, 14.0, 114.0, 17.0, 14.0, 30.0, -41.0, 13.0, 15.0]"
3,1791641095.2979484,"[-13.094990999999993, 20.39148, 11.690270999999996, 12.744963000000013, -0.08712299999999118, 19.864134000000007, 12.21761699999999, 12.393398999999988, 13.623873000000003, 20.12780699999999, 10.987143000000003, 12.21761699999999, 9.141432000000009, 143.878335, 52.559585999999996, 29.35636199999999]","[-1.0, 5.0, 1.0, 1.0, 1.0, 3.0, 1.0, 1.0, 1.0, 8.0, 1.0, 1.0, 1.0, -8.0, 3.0, 0.0]","[-10.0, 51.0, 20.0, 16.0, 0.0, 56.0, 13.0, 13.0, 14.0, 58.0, 18.0, 13.0, 27.0, -37.0, 12.0, 15.0]"
3,1791641095.5257385,"[-14.237573999999995, 22.412972999999994, 12.832853999999998, 13.623873000000003, -0.08712299999999118, 21.358281000000005, 13.272309000000007, 13.53598199999999, 14.678564999999992, 22.412972999999994, 11.866052999999994, 13.184417999999994, 9.317214000000007, 140.80214999999998, 53.526387, 29.35636199999999]","[0.0, 4.0, 2.0, 1.0, 1.0, 1.0, 3.0, 2.0, 3.0, 10.0, 3.0, 1.0, 4.0, -2.0, 3.0, 0.0]","[-10.0, 55.0, 19.0, 16.0, 0.0, 67.0, 14.0, 13.0, 14.0, 50.0, 17.0, 13.0, 31.0, -40.0, 13.0, 14.0]"
3,1791641095.749634,"[-15.292266000000012, 23.995011000000005, 13.887546000000015, 14.678564999999992, -0.08712299999999118, 24.258683999999988, 14.327000999999996, 14.502782999999994, 15.645365999999996, 23.995011000000005, 13.096527000000009, 14.23911000000001, 11.60238000000001, 137.462292, 54.66897, 29.35636199999999]","[-1.0, 6.0, 2.0, 3.0, 1.0, 6.0, 3.0, 1.0, 1.0, 1.0, 4.0, 3.0, 4.0, -5.0, 3.0, 1.0]","[-10.0, 53.0, 19.0, 16.0, 0.0, 58.0, 14.0, 14.0, 13.0, 62.0, 17.0, 14.0, 27.0, -36.0, 12.0, 14.0]"
3,1791641095.9712708,"[-16.434848999999986, 26.71963199999999, 14.942238000000003, 15.733257000000009, -0.08712299999999118, 26.016503999999998, 15.381693000000013, 15.821147999999994, 16.787948999999998, 26.895413999999988, 13.975437, 15.205911000000015, 11.690270999999996, 134.38610699999998, 55.635771000000005, 29.35636199999999]","[-2.0, 8.0, 3.0, 2.0, 1.0, 1.0, 1.0, 2.0, 3.0, 6.0, 1.0, 2.0, 0.0, -5.0, 1.0, 1.0]","[-9.0, 53.0, 18.0, 16.0, 0.0, 59.0, 13.0, 13.0, 14.0, 51.0, 17.0, 14.0, 32.0, -34.0, 13.0, 14.0]"
3,1791641096.1975994,"[-17.40164999999999, 28.91690700000001, 15.909039000000007, 16.524276000000015, -0.08712299999999118, 28.30167, 16.524276000000015, 16.787948999999998, 17.666858999999988, 28.565343000000013, 15.118020000000001, 16.084821000000005, 13.272309000000007, 131.046249, 56.60257200000001, 29.35636199999999]","[-2.0, 5.0, 2.0, 2.0, 1.0, 3.0, 3.0, 1.0, 1.0, 1.0, 2.0, 1.0, 4.0, -2.0, 1.0, 1.0]","[-10.0, 52.0, 19.0, 16.0, 0.0, 54.0, 13.0, 12.0, 14.0, 55.0, 17.0, 14.0, 28.0, -32.0, 13.0, 14.0]"
3,1791641096.4215467,"[-18.632124000000005, 31.202073000000013, 17.139512999999994, 17.403186000000005, -0.08712299999999118, 29.883708000000013, 17.403186000000005, 17.75475, 18.633659999999992, 28.565343000000013, 16.260603000000003, 17.315294999999992, 14.327000999999996, 127.706391, 57.833045999999996, 29.35636199999999]","[-3.0, 10.0, 4.0, 1.0, 1.0, 0.0, 5.0, 3.0, 1.0, 1.0, 4.0, 2.0, 1.0, -3.0, 1.0, 1.0]","[-9.0, 45.0, 18.0, 17.0, 0.0, 59.0, 13.0, 12.0, 15.0, 81.0, 16.0, 12.0, 26.0, -29.0, 12.0, 14.0]"
3,1791641096.6436176,"[-19.59892500000001, 32.959892999999994, 18.106313999999998, 18.721551000000005, -0.08712299999999118, 32.432547, 18.36998700000001, 18.721551000000005, 19.600460999999996, 32.959892999999994, 17.315294999999992, 18.282095999999996, 15.381693000000013, 125.069661, 58.975629, 29.35636199999999]","[-2.0, 5.0, 2.0, 3.0, 1.0, 9.0, 1.0, 4.0, 3.0, 13.0, 1.0, 2.0, 1.0, -4.0, 3.0, 1.0]","[-9.0, 47.0, 18.0, 16.0, 0.0, 56.0, 13.0, 13.0, 14.0, 47.0, 16.0, 14.0, 27.0, -33.0, 11.0, 15.0]"
3,1791641096.8695138,"[-20.565726000000012, 35.245059, 19.161006000000015, 19.51257000000001, -0.08712299999999118, 34.45403999999999, 19.336788000000013, 19.68835200000001, 20.567262, 33.13567499999999, 18.545769000000007, 19.336788000000013, 15.381693000000013, 122.69660399999998, 59.85453900000002, 29.35636199999999]","[-2.0, 9.0, 1.0, 1.0, 1.0, 3.0, 2.0, 2.0, 2.0, 1.0, 3.0, 4.0, 1.0, 0.0, 3.0, 1.0]","[-8.0, 41.0, 18.0, 16.0, 0.0, 56.0, 13.0, 12.0, 14.0, 71.0, 15.0, 13.0, 26.0, -38.0, 12.0, 14.0]"
3,1791641097.0906165,"[-21.7962, 37.26655199999999, 20.39148, 20.655153000000013, -0.08712299999999118, 36.739205999999996, 20.215698000000003, 20.655153000000013, 21.797736000000015, 33.13567499999999, 19.424678999999998, 20.303588999999988, 15.381693000000013, 118.91729099999998, 60.909231000000005, 29.35636199999999]","[-2.0, 3.0, 4.0, 3.0, 1.0, 8.0, 1.0, 1.0, 1.0, 1.0, 1.0, 1.0, 1.0, -6.0, 3.0, 1.0]","[-9.0, 44.0, 17.0, 16.0, 0.0, 47.0, 14.0, 12.0, 13.0, 90.0, 15.0, 12.0, 26.0, -30.0, 12.0, 15.0]"
3,1791641097.538791,"[-22.938783, 39.63960900000001, 21.534063000000003, 21.709845, 0.0007679999999936626, 39.024372, 21.00671700000001, 21.709845, 22.500864000000007, 39.551717999999994, 20.83093500000001, 21.534063000000003, 15.381693000000013, 115.22586899999999, 61.963922999999994, 29.35636199999999]","[0.0, 1.0, 1.0, 1.0, 0.0, 0.0, 0.0, 0.0, 1.0, 1.0, 1.0, 1.0, 0.0, 0.0, 1.0, 1.0]","[0.0, 45.0, 17.0, 16.0, -9.0, 49.0, 15.0, 13.0, 14.0, 45.0, 14.0, 13.0, 26.0, -28.0, 12.0, 14.0]"
3,1791641097.765462,"[-23.905584000000005, 41.39742899999999, 22.500864000000007, 22.588754999999992, 0.0007679999999936626, 40.07906399999999, 21.797736000000015, 22.76453699999999, 23.907119999999992, 41.836884, 21.094607999999994, 22.412972999999994, 15.381693000000013, 112.58913899999999, 62.84283300000001, 29.35636199999999]","[0.0, 3.0, 2.0, 1.0, 1.0, 8.0, 3.0, 1.0, 4.0, 7.0, 1.0, 1.0, 0.0, -4.0, 4.0, 1.0]","[-8.0, 45.0, 18.0, 17.0, -11.0, 54.0, 16.0, 13.0, 13.0, 40.0, 15.0, 13.0, 27.0, -28.0, 11.0, 14.0]"
3,1791641097.9894958,"[-24.87238500000001, 43.770486000000005, 23.379773999999998, 23.64344700000001, 0.0007679999999936626, 43.59470400000001, 22.676646000000005, 23.555555999999996, 24.873920999999996, 43.41892200000001, 22.852428000000003, 23.291883000000013, 15.469583999999998, 109.42506300000002, 64.073307, 29.35636199999999]","[-1.0, 9.0, 2.0, 3.0, 1.0, 5.0, 2.0, 1.0, 1.0, 3.0, 3.0, 1.0, 1.0, -2.0, 3.0, 1.0]","[-9.0, 36.0, 17.0, 16.0, -11.0, 43.0, 16.0, 14.0, 7.0, 41.0, 14.0, 13.0, 28.0, -29.0, 13.0, 14.0]"
3,1791641098.2107108,"[-25.927076999999997, 46.143542999999994, 24.258683999999988, 24.698138999999998, 0.0007679999999936626, 45.791979, 23.64344700000001, 24.78603000000001, 25.752831000000015, 46.407216000000005, 23.64344700000001, 24.522357, 15.55747500000001, 105.99731400000002, 65.040108, 29.35636199999999]","[-3.0, 4.0, 2.0, 1.0, 1.0, 7.0, 2.0, 1.0, 6.0, 4.0, 1.0, 5.0, 1.0, -7.0, 3.0, 1.0]","[0.0, 36.0, 18.0, 17.0, -12.0, 40.0, 16.0, 12.0, 14.0, 33.0, 15.0, 12.0, 26.0, -23.0, 12.0, 14.0]"
3,1791641098.437395,"[-26.981768999999986, 48.34081800000001, 25.40126699999999, 25.66494, 0.0007679999999936626, 47.81347199999999, 24.96181200000001, 25.752831000000015, 26.983305, 47.901363, 24.873920999999996, 25.752831000000015, 15.645365999999996, 102.65745600000002, 66.09479999999999, 29.35636199999999]","[-2.0, 6.0, 4.0, 1.0, 1.0, 1.0, 5.0, 1.0, 1.0, 5.0, 2.0, 1.0, 1.0, -5.0, 3.0, 1.0]","[0.0, 33.0, 17.0, 16.0, -12.0, 42.0, 15.0, 13.0, 0.0, 40.0, 15.0, 11.0, 25.0, -20.0, 11.0, 14.0]"
3,1791641098.6610274,"[-27.94856999999999, 50.538093, 26.28017700000001, 26.895413999999988, 0.0007679999999936626, 50.01074700000001, 25.840722, 26.895413999999988, 27.950106000000005, 50.889657, 26.016503999999998, 26.543849999999992, 15.645365999999996, 99.31759799999998, 67.14949200000001, 29.35636199999999]","[0.0, 2.0, 1.0, 2.0, 0.0, 6.0, 1.0, 2.0, 1.0, 7.0, 4.0, 1.0, 1.0, -2.0, 2.0, 1.0]","[0.0, 34.0, 18.0, 16.0, -11.0, 39.0, 14.0, 11.0, 0.0, 32.0, 13.0, 11.0, 25.0, -20.0, 11.0, 14.0]"
3,1791641098.8818169,"[-28.82748000000001, 52.735367999999994, 27.246978000000013, 27.950106000000005, 0.08865900000000693, 52.383804, 27.071196000000015, 27.42276000000001, 29.004797999999994, 52.29591300000001, 26.895413999999988, 27.862214999999992, 15.645365999999996, 95.88984900000003, 68.29207500000001, 29.35636199999999]","[0.0, 7.0, 2.0, 3.0, 1.0, 6.0, 1.0, 1.0, 1.0, 2.0, 1.0, 2.0, 1.0, -2.0, 1.0, 1.0]","[-9.0, 30.0, 17.0, 15.0, -11.0, 32.0, 14.0, 13.0, -3.0, 38.0, 14.0, 12.0, 25.0, -19.0, 11.0, 15.0]"
3,1791641099.1093895,"[-29.97006300000001, 55.28420700000001, 28.30167, 28.829015999999996, 0.08865900000000693, 54.58107900000002, 28.125888000000003, 28.565343000000013, 30.05949000000001, 54.844752, 28.125888000000003, 28.91690700000001, 15.645365999999996, 92.725773, 69.08309400000002, 29.35636199999999]","[-3.0, 3.0, 1.0, 1.0, 2.0, 6.0, 1.0, 1.0, 1.0, 9.0, 4.0, 3.0, 1.0, -5.0, 1.0, 1.0]","[0.0, 31.0, 17.0, 16.0, -12.0, 31.0, 15.0, 13.0, 0.0, 30.0, 14.0, 12.0, 24.0, -17.0, 11.0, 14.0]"
3,1791641099.333323,"[-30.936863999999986, 57.3057, 29.268471000000005, 29.971598999999998, 0.08865900000000693, 56.77835400000001, 29.444253000000003, 29.795817, 31.026291000000015, 56.42679000000001, 29.180579999999992, 29.883708000000013, 16.260603000000003, 90.00115199999999, 70.22567699999999, 29.35636199999999]","[0.0, 5.0, 1.0, 3.0, 1.0, 2.0, 3.0, 1.0, 0.0, 1.0, 4.0, 2.0, 5.0, -2.0, 3.0, 1.0]","[0.0, 30.0, 17.0, 14.0, -11.0, 31.0, 14.0, 11.0, -4.0, 37.0, 13.0, 11.0, 21.0, -21.0, 11.0, 14.0]"
3,1791641099.5538921,"[-31.991556000000003, 59.327192999999994, 30.498944999999992, 30.9384, 0.08865900000000693, 58.88773800000001, 30.586836000000005, 30.850508999999988, 32.080983, 58.272501000000005, 29.883708000000013, 31.026291000000015, 16.260603000000003, 86.83707600000002, 71.456151, 29.35636199999999]","[-2.0, 1.0, 1.0, 1.0, 0.0, 1.0, 3.0, 2.0, 1.0, 11.0, 1.0, 3.0, 1.0, -4.0, 3.0, 1.0]","[0.0, 31.0, 18.0, 15.0, -12.0, 30.0, 13.0, 12.0, -1.0, 32.0, 14.0, 10.0, 20.0, -18.0, 11.0, 14.0]"
3,1791641099.7813358,"[-32.95835700000001, 61.52446800000001, 31.465745999999996, 31.99309199999999, 0.08865900000000693, 61.348686000000015, 31.641527999999994, 31.905201000000005, 33.04778400000001, 61.52446800000001, 31.114182, 31.99309199999999, 16.260603000000003, 83.673, 72.42295200000001, 29.35636199999999]","[0.0, 7.0, 2.0, 1.0, 1.0, 3.0, 1.0, 1.0, 1.0, 2.0, 1.0, 3.0, 1.0, -4.0, 3.0, 1.0]","[0.0, 25.0, 17.0, 15.0, -11.0, 27.0, 13.0, 11.0, 0.0, 29.0, 13.0, 11.0, 21.0, -17.0, 11.0, 14.0]"
3,1791641100.0053895,"[-34.013048999999995, 64.073307, 32.608329, 32.959892999999994, 0.0007679999999936626, 63.80963400000002, 32.69622000000001, 32.87200200000001, 34.102475999999996, 63.721743000000004, 32.344656000000015, 32.69622000000001, 16.260603000000003, 82.61830800000001, 73.477644, 29.35636199999999]","[-1.0, 5.0, 3.0, 1.0, 0.0, 6.0, 2.0, 2.0, 2.0, 3.0, 4.0, 1.0, 1.0, -1.0, 2.0, 1.0]","[0.0, 27.0, 17.0, 16.0, -11.0, 24.0, 12.0, 12.0, -14.0, 25.0, 12.0, 12.0, 21.0, -16.0, 10.0, 15.0]"
3,1791641100.229286,"[-35.06774100000001, 66.182691, 33.750912, 34.19036700000001, 0.08865900000000693, 65.65534500000001, 33.750912, 33.926694, 35.069277, 65.919018, 33.48723899999999, 33.83880300000001, 16.260603000000003, 82.530417, 74.53233600000002, 29.35636199999999]","[0.0, 7.0, 3.0, 3.0, 0.0, 1.0, 2.0, 3.0, 1.0, 2.0, 4.0, 2.0, 0.0, 0.0, 2.0, 0.0]","[0.0, 20.0, 16.0, 16.0, -12.0, 26.0, 12.0, 12.0, -1.0, 26.0, 11.0, 12.0, 20.0, -17.0, 10.0, 15.0]"
3,1791641100.4532378,"[-35.946651, 66.534255, 34.717713, 35.069277, 0.08865900000000693, 66.00690900000001, 33.750912, 34.36614900000001, 36.12396899999999, 65.919018, 34.45403999999999, 34.717713, 16.260603000000003, 82.530417, 75.587028, 29.444253000000003]","[-2.0, 1.0, 1.0, 2.0, 1.0, 3.0, 1.0, 1.0, 0.0, 1.0, 1.0, 1.0, 1.0, 0.0, 4.0, 1.0]","[-8.0, 20.0, 16.0, 16.0, -11.0, 38.0, 12.0, 14.0, -13.0, 26.0, 12.0, 11.0, 21.0, -17.0, 10.0, 14.0]"
3,1791641100.6769438,"[-37.00134299999999, 66.534255, 35.77240499999999, 36.036078, 0.0007679999999936626, 66.534255, 33.750912, 35.069277, 37.00287900000001, 65.919018, 35.33295000000001, 35.68451400000001, 16.260603000000003, 82.530417, 76.55382900000001, 29.707926000000015]","[-2.0, 1.0, 2.0, 2.0, 0.0, 1.0, 0.0, 1.0, 1.0, 1.0, 1.0, 5.0, 0.0, 0.0, 2.0, 1.0]","[0.0, 20.0, 16.0, 15.0, -12.0, 54.0, 12.0, 14.0, 0.0, 26.0, 12.0, 11.0, 21.0, -17.0, 10.0, 14.0]"
3,1791641100.9002614,"[-37.88025300000001, 66.534255, 36.914987999999994, 36.82709700000001, 0.0007679999999936626, 66.534255, 33.750912, 35.68451400000001, 38.057570999999996, 65.919018, 36.47553300000001, 36.739205999999996, 16.260603000000003, 82.530417, 77.78430300000002, 29.707926000000015]","[0.0, 1.0, 1.0, 1.0, 0.0, 1.0, 1.0, 1.0, 1.0, 0.0, 3.0, 2.0, 0.0, 0.0, 2.0, 1.0]","[-8.0, 20.0, 16.0, 15.0, -12.0, 65.0, 13.0, 16.0, 0.0, 27.0, 12.0, 11.0, 21.0, -17.0, 10.0, 13.0]"
3,1791641101.1252494,"[-38.847053999999986, 66.534255, 37.881789, 37.96968000000001, 0.0007679999999936626, 66.534255, 33.750912, 36.65131500000001, 39.024372, 65.919018, 37.44233399999999, 37.44233399999999, 16.260603000000003, 82.530417, 78.66321299999998, 29.707926000000015]","[0.0, 1.0, 2.0, 1.0, 0.0, 1.0, 0.0, 3.0, 1.0, 0.0, 1.0, 1.0, 0.0, 0.0, 3.0, 1.0]","[-10.0, 20.0, 15.0, 16.0, -12.0, 66.0, 12.0, 16.0, 0.0, 26.0, 13.0, 12.0, 23.0, -18.0, 10.0, 13.0]"
3,1791641101.348828,"[-39.98963699999999, 66.534255, 38.936481000000015, 38.84859, 0.0007679999999936626, 67.41316499999999, 33.663021000000015, 38.233352999999994, 39.991173, 65.919018, 38.672808, 38.672808, 16.260603000000003, 82.530417, 79.45423199999999, 29.707926000000015]","[0.0, 0.0, 1.0, 1.0, 0.0, 6.0, 0.0, 1.0, 1.0, 1.0, 3.0, 1.0, 0.0, 0.0, 0.0, 1.0]","[-9.0, 20.0, 16.0, 16.0, -12.0, 57.0, 12.0, 15.0, 13.0, 26.0, 12.0, 12.0, 21.0, -17.0, 11.0, 13.0]"
3,1791641101.5731418,"[-40.69276500000001, 66.534255, 40.07906399999999, 39.90328199999999, 0.0007679999999936626, 67.41316499999999, 33.663021000000015, 39.024372, 40.95797400000001, 65.919018, 39.46382700000001, 39.815391000000005, 16.260603000000003, 82.530417, 79.45423199999999, 29.707926000000015]","[-1.0, 0.0, 3.0, 4.0, 0.0, 1.0, 0.0, 1.0, 1.0, 0.0, 2.0, 3.0, 0.0, 0.0, 1.0, 1.0]","[-9.0, 21.0, 15.0, 15.0, -11.0, 59.0, 12.0, 15.0, 13.0, 27.0, 12.0, 11.0, 22.0, -17.0, 13.0, 14.0]"
3,1791641101.7941957,"[-42.01113000000001, 66.534255, 41.04586499999999, 40.694300999999996, 0.0007679999999936626, 67.41316499999999, 33.663021000000015, 39.90328199999999, 41.74899300000001, 65.919018, 40.43062800000001, 40.694300999999996, 16.260603000000003, 82.530417, 79.63001400000002, 29.707926000000015]","[0.0, 0.0, 1.0, 1.0, 0.0, 1.0, 1.0, 3.0, 2.0, 0.0, 3.0, 5.0, 0.0, 0.0, 0.0, 1.0]","[0.0, 21.0, 15.0, 16.0, -12.0, 59.0, 12.0, 14.0, 14.0, 26.0, 10.0, 12.0, 24.0, -18.0, 17.0, 14.0]"
3,1791641102.0209029,"[-43.065822, 66.534255, 42.188447999999994, 41.74899300000001, 0.0007679999999936626, 67.41316499999999, 33.663021000000015, 40.95797400000001, 43.06735800000001, 65.919018, 41.661102, 41.661102, 16.260603000000003, 82.530417, 80.33314200000001, 29.707926000000015]","[0.0, 0.0, 3.0, 3.0, 0.0, 1.0, 0.0, 3.0, 1.0, 1.0, 3.0, 1.0, 0.0, 0.0, 2.0, 1.0]","[0.0, 21.0, 15.0, 16.0, -11.0, 60.0, 12.0, 15.0, 0.0, 26.0, 11.0, 12.0, 23.0, -18.0, 16.0, 13.0]"
3,1791641102.24382,"[-44.032623, 66.534255, 43.155249, 42.979467, 0.0007679999999936626, 67.41316499999999, 33.663021000000015, 42.10055700000001, 44.03415899999999, 65.919018, 42.71579399999999, 42.891576000000015, 16.260603000000003, 82.530417, 81.12416100000002, 29.707926000000015]","[0.0, 1.0, 2.0, 3.0, 0.0, 1.0, 1.0, 2.0, 1.0, 1.0, 3.0, 3.0, 0.0, 0.0, 2.0, 1.0]","[0.0, 20.0, 15.0, 16.0, -12.0, 60.0, 13.0, 15.0, 0.0, 27.0, 11.0, 11.0, 21.0, -17.0, 19.0, 14.0]"
3,1791641102.4675345,"[-45.08731499999999, 66.534255, 44.209941000000015, 43.06735800000001, 0.0007679999999936626, 67.41316499999999, 33.750912, 43.24314000000001, 44.91306900000001, 65.919018, 43.68259499999999, 43.85837699999999, 16.260603000000003, 82.530417, 82.44252599999999, 29.707926000000015]","[0.0, 1.0, 3.0, 1.0, 0.0, 2.0, 1.0, 3.0, 0.0, 1.0, 2.0, 1.0, 1.0, 0.0, 6.0, 1.0]","[0.0, 20.0, 15.0, 17.0, -12.0, 56.0, 12.0, 13.0, 0.0, 26.0, 11.0, 11.0, 21.0, -17.0, 16.0, 13.0]"
3,1791641102.6913898,"[-46.05411599999999, 66.62214600000001, 45.088851000000005, 45.088851000000005, 0.0007679999999936626, 68.29207500000001, 33.663021000000015, 44.473614, 45.967760999999996, 66.00690900000001, 44.73728700000001, 45.088851000000005, 16.260603000000003, 82.530417, 83.23354499999999, 29.707926000000015]","[0.0, 2.0, 1.0, 5.0, 0.0, 8.0, 0.0, 3.0, 0.0, 1.0, 4.0, 3.0, 1.0, 0.0, 2.0, 1.0]","[0.0, 20.0, 15.0, 15.0, -12.0, 41.0, 12.0, 12.0, 0.0, 25.0, 11.0, 11.0, 21.0, -17.0, 18.0, 14.0]"
3,1791641102.9171028,"[-47.020917, 66.62214600000001, 46.05565200000001, 45.967760999999996, 0.08865900000000693, 70.40145900000002, 33.750912, 45.70408800000001, 46.934562, 65.919018, 45.616197, 46.143542999999994, 16.260603000000003, 82.530417, 84.376128, 29.707926000000015]","[0.0, 0.0, 2.0, 3.0, 1.0, 5.0, 1.0, 4.0, 1.0, 0.0, 2.0, 3.0, 1.0, 0.0, 3.0, 1.0]","[0.0, 21.0, 15.0, 15.0, -12.0, 30.0, 12.0, 12.0, -7.0, 25.0, 12.0, 11.0, 22.0, -18.0, 18.0, 14.0]"
3,1791641103.1396668,"[-47.72404499999999, 66.62214600000001, 47.110344, 47.19823500000001, 0.08865900000000693, 70.40145900000002, 33.83880300000001, 46.67088899999999, 48.077145, 66.00690900000001, 46.75878, 47.110344, 16.260603000000003, 82.530417, 85.43081999999998, 29.707926000000015]","[0.0, 1.0, 1.0, 1.0, 0.0, 1.0, 1.0, 1.0, 1.0, 0.0, 3.0, 2.0, 1.0, 0.0, 3.0, 1.0]","[-9.0, 19.0, 15.0, 15.0, -12.0, 30.0, 12.0, 12.0, -14.0, 26.0, 11.0, 11.0, 22.0, -18.0, 18.0, 13.0]"
3,1791641103.361753,"[-49.04240999999999, 66.62214600000001, 47.98925399999999, 48.165036000000015, 0.0007679999999936626, 70.40145900000002, 33.83880300000001, 47.81347199999999, 49.043946000000005, 66.00690900000001, 47.725581000000005, 48.252927, 16.260603000000003, 82.530417, 85.43081999999998, 29.707926000000015]","[-2.0, 1.0, 1.0, 1.0, 1.0, 1.0, 1.0, 1.0, 1.0, 0.0, 2.0, 3.0, 1.0, 0.0, 1.0, 1.0]","[0.0, 20.0, 15.0, 15.0, -12.0, 30.0, 13.0, 12.0, -13.0, 25.0, 11.0, 11.0, 22.0, -18.0, 21.0, 13.0]"
3,1791641103.586063,"[-49.833428999999995, 66.62214600000001, 48.95605499999999, 49.30761899999999, 0.08865900000000693, 70.40145900000002, 33.83880300000001, 48.780272999999994, 49.922855999999996, 65.919018, 48.51660000000001, 49.043946000000005, 16.260603000000003, 82.530417, 86.83707600000002, 29.707926000000015]","[0.0, 1.0, 2.0, 2.0, 1.0, 1.0, 1.0, 5.0, 1.0, 0.0, 1.0, 1.0, 1.0, 0.0, 4.0, 1.0]","[-9.0, 20.0, 15.0, 14.0, -12.0, 29.0, 12.0, 12.0, -1.0, 26.0, 12.0, 11.0, 23.0, -18.0, 19.0, 14.0]"
3,1791641103.8129683,"[-50.80023, 66.62214600000001, 49.922855999999996, 50.538093, 0.08865900000000693, 70.75302300000001, 33.83880300000001, 49.922855999999996, 51.065439, 66.00690900000001, 49.65918300000001, 50.18652900000001, 16.260603000000003, 82.530417, 87.71598599999999, 29.707926000000015]","[0.0, 1.0, 1.0, 2.0, 1.0, 4.0, 1.0, 2.0, 1.0, 1.0, 3.0, 3.0, 1.0, 0.0, 3.0, 1.0]","[-9.0, 21.0, 16.0, 13.0, -12.0, 25.0, 13.0, 11.0, -1.0, 26.0, 11.0, 10.0, 22.0, -17.0, 21.0, 13.0]"
3,1791641104.0369315,"[-51.767031, 66.62214600000001, 50.889657, 51.417002999999994, 0.08865900000000693, 71.28036900000001, 34.01458500000001, 50.801766000000015, 52.03224, 66.00690900000001, 50.62598400000002, 50.97754800000001, 16.260603000000003, 82.530417, 89.12224200000003, 29.707926000000015]","[0.0, 1.0, 2.0, 3.0, 1.0, 4.0, 1.0, 1.0, 1.0, 1.0, 1.0, 1.0, 1.0, 0.0, 4.0, 1.0]","[-9.0, 20.0, 16.0, 15.0, -11.0, 24.0, 11.0, 12.0, 0.0, 26.0, 11.0, 10.0, 23.0, -17.0, 17.0, 13.0]"
3,1791641104.2586124,"[-52.82172299999999, 66.62214600000001, 51.94434900000002, 52.383804, 0.08865900000000693, 71.28036900000001, 34.102475999999996, 52.120131000000015, 53.08693199999999, 66.00690900000001, 51.76856699999999, 52.120131000000015, 16.260603000000003, 82.530417, 90.089043, 29.707926000000015]","[-2.0, 1.0, 1.0, 1.0, 1.0, 1.0, 1.0, 3.0, 0.0, 1.0, 1.0, 3.0, 1.0, 0.0, 6.0, 1.0]","[-9.0, 20.0, 16.0, 14.0, -12.0, 23.0, 12.0, 11.0, 0.0, 26.0, 11.0, 11.0, 22.0, -17.0, 18.0, 14.0]"
3,1791641104.484991,"[-53.788523999999995, 66.62214600000001, 52.999041000000005, 53.526387, 0.08865900000000693, 71.28036900000001, 34.102475999999996, 53.08693199999999, 54.053732999999994, 66.00690900000001, 52.735367999999994, 52.999041000000005, 16.260603000000003, 82.530417, 91.67108100000002, 29.707926000000015]","[-2.0, 1.0, 3.0, 3.0, 0.0, 1.0, 1.0, 2.0, 1.0, 1.0, 2.0, 2.0, 1.0, 0.0, 6.0, 1.0]","[-9.0, 21.0, 15.0, 14.0, -12.0, 23.0, 11.0, 12.0, 0.0, 25.0, 11.0, 11.0, 23.0, -17.0, 15.0, 13.0]"
3,1791641104.7088752,"[-54.491652, 66.62214600000001, 53.877950999999996, 54.317406000000005, 0.08865900000000693, 71.28036900000001, 34.102475999999996, 54.14162400000001, 55.10842500000001, 66.00690900000001, 53.61427800000001, 53.877950999999996, 17.315294999999992, 82.530417, 94.13202899999999, 29.707926000000015]","[0.0, 1.0, 3.0, 3.0, 1.0, 1.0, 1.0, 3.0, 1.0, 1.0, 1.0, 1.0, 5.0, 0.0, 4.0, 1.0]","[-9.0, 21.0, 16.0, 15.0, -12.0, 23.0, 11.0, 11.0, -14.0, 25.0, 11.0, 12.0, 16.0, -17.0, 11.0, 13.0]"
3,1791641104.9318335,"[-55.546344000000005, 66.62214600000001, 55.020534, 55.45998900000001, 0.08865900000000693, 71.36825999999999, 34.102475999999996, 55.020534, 56.075226000000015, 66.00690900000001, 54.756861000000015, 55.020534, 17.75475, 82.35463500000003, 95.62617599999999, 29.795817]","[-1.0, 1.0, 2.0, 2.0, 0.0, 1.0, 0.0, 1.0, 0.0, 1.0, 2.0, 1.0, 2.0, 0.0, 4.0, 1.0]","[-9.0, 21.0, 15.0, 14.0, -12.0, 24.0, 11.0, 11.0, -1.0, 25.0, 11.0, 11.0, 15.0, -17.0, 10.0, 13.0]"
3,1791641105.1542578,"[-56.425253999999995, 66.62214600000001, 55.987335, 56.338899, 0.08865900000000693, 71.28036900000001, 34.102475999999996, 55.811553, 57.04202699999999, 66.00690900000001, 55.635771000000005, 55.987335, 17.75475, 82.35463500000003, 96.32930399999998, 29.795817]","[0.0, 1.0, 1.0, 1.0, 1.0, 1.0, 2.0, 1.0, 1.0, 1.0, 2.0, 1.0, 1.0, 0.0, 2.0, 1.0]","[-9.0, 20.0, 15.0, 14.0, -12.0, 24.0, 12.0, 12.0, -14.0, 26.0, 11.0, 12.0, 15.0, -17.0, 11.0, 13.0]"
3,1791641105.3769321,"[-57.128382, 66.62214600000001, 56.954136000000005, 57.129918, 0.08865900000000693, 71.28036900000001, 34.102475999999996, 56.954136000000005, 57.92093700000001, 66.00690900000001, 56.514680999999996, 56.954136000000005, 17.75475, 82.35463500000003, 97.29610500000001, 29.883708000000013]","[-2.0, 0.0, 2.0, 1.0, 1.0, 0.0, 0.0, 1.0, 1.0, 1.0, 2.0, 2.0, 1.0, 0.0, 3.0, 1.0]","[-10.0, 20.0, 16.0, 14.0, -12.0, 24.0, 12.0, 12.0, 0.0, 26.0, 11.0, 11.0, 15.0, -17.0, 11.0, 13.0]"
3,1791641105.602527,"[-58.71042, 66.710037, 58.008827999999994, 58.272501000000005, 0.08865900000000693, 71.28036900000001, 34.102475999999996, 58.09671900000001, 58.975629, 66.00690900000001, 57.56937300000001, 57.92093700000001, 17.75475, 82.35463500000003, 98.17501500000003, 29.883708000000013]","[-2.0, 1.0, 1.0, 3.0, 0.0, 1.0, 0.0, 3.0, 1.0, 1.0, 1.0, 5.0, 1.0, 0.0, 1.0, 1.0]","[-9.0, 19.0, 16.0, 16.0, -12.0, 24.0, 11.0, 11.0, 0.0, 26.0, 11.0, 11.0, 15.0, -17.0, 11.0, 13.0]"
3,1791641105.8288157,"[-59.149874999999994, 66.885819, 59.23930200000001, 59.23930200000001, 0.08865900000000693, 71.28036900000001, 34.19036700000001, 59.06352000000001, 59.94243, 66.00690900000001, 58.53617400000002, 58.88773800000001, 17.930532, 82.35463500000003, 99.141816, 29.883708000000013]","[0.0, 1.0, 3.0, 2.0, 1.0, 1.0, 2.0, 1.0, 1.0, 1.0, 3.0, 1.0, 1.0, 0.0, 2.0, 0.0]","[-11.0, 20.0, 15.0, 14.0, -12.0, 24.0, 11.0, 11.0, 0.0, 26.0, 12.0, 11.0, 14.0, -17.0, 11.0, 13.0]"
3,1791641106.0527658,"[-60.468239999999994, 66.885819, 60.293994, 59.23930200000001, 0.08865900000000693, 71.28036900000001, 34.19036700000001, 60.20610300000001, 60.99712199999999, 66.00690900000001, 59.766648, 58.88773800000001, 17.930532, 82.35463500000003, 99.40548899999999, 29.883708000000013]","[0.0, 1.0, 3.0, 1.0, 0.0, 0.0, 1.0, 4.0, 1.0, 1.0, 5.0, 1.0, 1.0, 0.0, 1.0, 1.0]","[-10.0, 20.0, 15.0, 14.0, -11.0, 24.0, 12.0, 11.0, 0.0, 25.0, 11.0, 11.0, 13.0, -18.0, 10.0, 13.0]"
3,1791641106.2750666,"[-61.698713999999995, 66.885819, 61.348686000000015, 59.23930200000001, 0.08865900000000693, 71.28036900000001, 34.19036700000001, 61.085013000000004, 61.963922999999994, 66.00690900000001, 60.909231000000005, 58.88773800000001, 17.930532, 82.35463500000003, 99.40548899999999, 29.883708000000013]","[1.0, 0.0, 3.0, 1.0, 1.0, 0.0, 1.0, 3.0, 3.0, 1.0, 4.0, 1.0, 1.0, 0.0, 1.0, 0.0]","[-9.0, 19.0, 15.0, 15.0, -12.0, 25.0, 12.0, 11.0, 0.0, 25.0, 10.0, 10.0, 14.0, -17.0, 11.0, 14.0]"
3,1791641106.5007145,"[-62.489733, 66.885819, 62.227596000000005, 59.23930200000001, 0.08865900000000693, 71.28036900000001, 34.102475999999996, 61.963922999999994, 62.930724, 66.00690900000001, 61.87603200000001, 58.88773800000001, 17.930532, 82.35463500000003, 99.40548899999999, 29.883708000000013]","[0.0, 1.0, 1.0, 1.0, 1.0, 1.0, 0.0, 1.0, 3.0, 1.0, 1.0, 1.0, 0.0, 0.0, 1.0, 0.0]","[-10.0, 19.0, 14.0, 14.0, -12.0, 24.0, 12.0, 12.0, 0.0, 25.0, 10.0, 10.0, 14.0, -17.0, 11.0, 13.0]"
3,1791641106.7246947,"[-63.720207, 66.885819, 63.37017900000001, 59.23930200000001, 0.08865900000000693, 71.28036900000001, 34.19036700000001, 63.106505999999996, 63.897525, 66.00690900000001, 63.01861500000001, 58.88773800000001, 17.930532, 82.35463500000003, 99.40548899999999, 29.883708000000013]","[0.0, 1.0, 1.0, 1.0, 1.0, 0.0, 1.0, 3.0, 1.0, 1.0, 3.0, 1.0, 0.0, 0.0, 1.0, 1.0]","[-8.0, 19.0, 15.0, 15.0, -12.0, 24.0, 11.0, 11.0, 13.0, 26.0, 11.0, 12.0, 14.0, -18.0, 11.0, 13.0]"
3,1791641106.9487972,"[-64.774899, 66.885819, 64.249089, 59.23930200000001, 0.08865900000000693, 71.28036900000001, 34.102475999999996, 64.073307, 64.95221699999999, 66.00690900000001, 63.897525, 59.151410999999996, 17.930532, 82.35463500000003, 99.40548899999999, 29.883708000000013]","[-1.0, 1.0, 1.0, 1.0, 0.0, 1.0, 1.0, 1.0, 1.0, 1.0, 2.0, 1.0, 0.0, 0.0, 1.0, 0.0]","[-9.0, 19.0, 14.0, 15.0, -12.0, 25.0, 11.0, 11.0, 0.0, 25.0, 11.0, 11.0, 16.0, -17.0, 11.0, 14.0]"
3,1791641107.1726995,"[-65.390136, 66.885819, 65.391672, 59.23930200000001, 0.08865900000000693, 71.28036900000001, 34.19036700000001, 65.040108, 65.919018, 66.00690900000001, 64.77643499999999, 59.151410999999996, 17.930532, 82.35463500000003, 99.40548899999999, 29.883708000000013]","[0.0, 1.0, 2.0, 1.0, 1.0, 0.0, 1.0, 2.0, 1.0, 1.0, 1.0, 1.0, 0.0, 0.0, 1.0, 1.0]","[-9.0, 19.0, 14.0, 13.0, -12.0, 25.0, 11.0, 12.0, 0.0, 25.0, 11.0, 11.0, 15.0, -17.0, 11.0, 13.0]"
3,1791641107.396733,"[-66.532719, 66.885819, 66.27058199999999, 59.23930200000001, 0.08865900000000693, 71.28036900000001, 34.19036700000001, 66.09479999999999, 66.97371000000001, 66.00690900000001, 65.919018, 59.151410999999996, 18.018423000000013, 82.35463500000003, 99.40548899999999, 29.883708000000013]","[0.0, 1.0, 1.0, 1.0, 0.0, 1.0, 1.0, 4.0, 1.0, 1.0, 3.0, 1.0, 1.0, 0.0, 1.0, 1.0]","[-9.0, 19.0, 14.0, 14.0, -12.0, 24.0, 12.0, 11.0, 0.0, 26.0, 11.0, 10.0, 14.0, -17.0, 11.0, 13.0]"
3,1791641107.620606,"[-67.49952, 66.885819, 67.41316499999999, 59.23930200000001, 0.08865900000000693, 71.28036900000001, 34.102475999999996, 66.710037, 67.94051100000001, 66.00690900000001, 66.710037, 59.151410999999996, 17.930532, 82.35463500000003, 99.40548899999999, 29.883708000000013]","[0.0, 1.0, 3.0, 1.0, 1.0, 1.0, 1.0, 1.0, 2.0, 1.0, 2.0, 1.0, 0.0, 0.0, 1.0, 0.0]","[-9.0, 19.0, 15.0, 15.0, -12.0, 25.0, 12.0, 12.0, 5.0, 26.0, 12.0, 11.0, 14.0, -17.0, 11.0, 13.0]"
3,1791641107.8446121,"[-68.37843, 67.41316499999999, 68.29207500000001, 59.23930200000001, 0.08865900000000693, 71.28036900000001, 34.19036700000001, 67.94051100000001, 68.90731199999999, 66.00690900000001, 67.501056, 59.151410999999996, 17.930532, 82.35463500000003, 99.40548899999999, 29.883708000000013]","[0.0, 4.0, 1.0, 1.0, 1.0, 1.0, 1.0, 2.0, 1.0, 1.0, 3.0, 1.0, 0.0, 0.0, 1.0, 1.0]","[-10.0, 17.0, 15.0, 14.0, -12.0, 25.0, 12.0, 12.0, 13.0, 26.0, 11.0, 11.0, 14.0, -17.0, 11.0, 13.0]"
3,1791641108.0656374,"[-69.433122, 67.676838, 69.346767, 59.23930200000001, 0.08865900000000693, 71.28036900000001, 34.19036700000001, 68.819421, 69.96200400000001, 66.00690900000001, 68.379966, 59.151410999999996, 17.930532, 82.35463500000003, 99.40548899999999, 29.883708000000013]","[-2.0, 1.0, 3.0, 1.0, 0.0, 0.0, 1.0, 1.0, 2.0, 1.0, 2.0, 1.0, 0.0, 0.0, 1.0, 1.0]","[-9.0, 17.0, 14.0, 15.0, -12.0, 25.0, 12.0, 12.0, 0.0, 26.0, 12.0, 12.0, 15.0, -17.0, 11.0, 13.0]"
3,1791641108.2925296,"[-69.433122, 67.676838, 70.313568, 59.23930200000001, 0.08865900000000693, 71.28036900000001, 34.102475999999996, 69.61044000000001, 69.96200400000001, 66.00690900000001, 69.25887600000001, 59.151410999999996, 17.930532, 82.35463500000003, 99.40548899999999, 29.883708000000013]","[1.0, 1.0, 3.0, 1.0, 1.0, 0.0, 0.0, 1.0, 1.0, 1.0, 1.0, 1.0, 1.0, 0.0, 1.0, 1.0]","[-9.0, 16.0, 15.0, 15.0, -12.0, 25.0, 11.0, 11.0, 0.0, 25.0, 12.0, 11.0, 14.0, -17.0, 10.0, 13.0]"
3,1791641108.5138643,"[-69.433122, 67.676838, 71.192478, 59.23930200000001, 0.08865900000000693, 71.36825999999999, 34.19036700000001, 70.840914, 69.96200400000001, 66.00690900000001, 70.40145900000002, 59.151410999999996, 17.930532, 82.35463500000003, 99.40548899999999, 29.883708000000013]","[0.0, 1.0, 3.0, 1.0, 1.0, 1.0, 1.0, 1.0, 1.0, 1.0, 1.0, 1.0, 1.0, 0.0, 1.0, 1.0]","[-9.0, 16.0, 15.0, 15.0, -12.0, 24.0, 11.0, 11.0, 0.0, 27.0, 13.0, 11.0, 14.0, -17.0, 11.0, 13.0]"
3,1791641108.7406003,"[-69.433122, 67.676838, 71.983497, 59.23930200000001, 0.08865900000000693, 71.28036900000001, 34.102475999999996, 71.807715, 69.96200400000001, 66.00690900000001, 71.36825999999999, 59.151410999999996, 17.930532, 82.35463500000003, 99.40548899999999, 29.883708000000013]","[1.0, 1.0, 1.0, 1.0, 1.0, 0.0, 1.0, 1.0, 1.0, 1.0, 2.0, 1.0, 1.0, 0.0, 1.0, 1.0]","[-10.0, 16.0, 16.0, 14.0, -12.0, 25.0, 11.0, 10.0, 0.0, 26.0, 12.0, 11.0, 16.0, -17.0, 11.0, 13.0]"
3,1791641108.9645267,"[-69.433122, 67.676838, 72.86240699999999, 59.23930200000001, 0.08865900000000693, 71.28036900000001, 34.19036700000001, 72.86240699999999, 69.96200400000001, 66.00690900000001, 72.335061, 59.151410999999996, 17.930532, 82.35463500000003, 99.40548899999999, 29.883708000000013]","[0.0, 1.0, 1.0, 1.0, 1.0, -1.0, 1.0, 2.0, 1.0, 1.0, 3.0, 1.0, 0.0, 0.0, 1.0, 1.0]","[-10.0, 16.0, 16.0, 14.0, -12.0, 24.0, 11.0, 11.0, 0.0, 25.0, 11.0, 11.0, 14.0, -17.0, 10.0, 13.0]"
3,1791641109.428129,"[-69.433122, 67.676838, 74.00498999999999, 59.23930200000001, 0.08865900000000693, 71.36825999999999, 34.19036700000001, 73.829208, 69.96200400000001, 66.00690900000001, 73.301862, 59.151410999999996, 17.930532, 82.35463500000003, 99.40548899999999, 29.883708000000013]","[1.0, 0.0, 1.0, 1.0, 1.0, 1.0, 1.0, 1.0, 1.0, 1.0, 0.0, 1.0, 0.0, 0.0, 1.0, 1.0]","[-9.0, 16.0, 15.0, 14.0, -12.0, 23.0, 11.0, 11.0, 0.0, 26.0, 12.0, 10.0, 14.0, -18.0, 11.0, 13.0]"
3,1791641109.6494122,"[-69.433122, 67.676838, 74.796009, 59.23930200000001, 0.08865900000000693, 71.28036900000001, 34.19036700000001, 73.91709900000001, 69.96200400000001, 66.00690900000001, 74.092881, 59.151410999999996, 17.930532, 82.35463500000003, 99.40548899999999, 29.883708000000013]","[0.0, 0.0, 3.0, 1.0, 1.0, 0.0, 0.0, 0.0, 1.0, 1.0, 3.0, 1.0, 1.0, 0.0, 1.0, 0.0]","[-9.0, 17.0, 16.0, 15.0, -11.0, 23.0, 11.0, 12.0, 0.0, 26.0, 13.0, 11.0, 15.0, -17.0, 11.0, 13.0]"
3,1791641109.8764758,"[-69.433122, 67.676838, 75.76281, 59.23930200000001, 0.08865900000000693, 71.28036900000001, 34.102475999999996, 73.91709900000001, 69.96200400000001, 66.00690900000001, 75.05968200000001, 59.151410999999996, 17.930532, 82.35463500000003, 99.40548899999999, 29.795817]","[1.0, 0.0, 1.0, 1.0, 0.0, 1.0, 1.0, 1.0, 1.0, 1.0, 1.0, 1.0, 1.0, 0.0, 1.0, 0.0]","[-9.0, 16.0, 16.0, 14.0, -12.0, 25.0, 12.0, 12.0, 0.0, 26.0, 14.0, 10.0, 15.0, -17.0, 12.0, 13.0]"
3,1791641110.1004882,"[-69.433122, 67.676838, 76.72961099999998, 59.23930200000001, 0.08865900000000693, 71.28036900000001, 34.19036700000001, 73.91709900000001, 69.96200400000001, 66.00690900000001, 75.85070100000002, 59.151410999999996, 17.930532, 82.35463500000003, 99.40548899999999, 29.883708000000013]","[1.0, 0.0, 3.0, 1.0, 1.0, 0.0, 0.0, 1.0, 1.0, 1.0, 2.0, 1.0, 0.0, 0.0, 1.0, 1.0]","[-10.0, 16.0, 16.0, 14.0, -11.0, 24.0, 11.0, 12.0, 0.0, 25.0, 13.0, 11.0, 15.0, -17.0, 10.0, 13.0]"
3,1791641110.3244257,"[-69.433122, 67.676838, 77.69641200000001, 59.23930200000001, 0.08865900000000693, 71.28036900000001, 34.102475999999996, 73.91709900000001, 69.96200400000001, 66.00690900000001, 76.64172000000002, 59.151410999999996, 18.018423000000013, 82.35463500000003, 99.40548899999999, 29.883708000000013]","[1.0, 0.0, 3.0, 1.0, 0.0, 0.0, 1.0, 1.0, 1.0, 1.0, 3.0, 1.0, 1.0, 0.0, 1.0, 1.0]","[-9.0, 16.0, 16.0, 15.0, -11.0, 25.0, 11.0, 12.0, 0.0, 27.0, 15.0, 10.0, 15.0, -17.0, 11.0, 13.0]"
3,1791641110.5465252,"[-69.433122, 67.676838, 78.57532200000003, 59.23930200000001, 0.08865900000000693, 71.28036900000001, 34.102475999999996, 73.91709900000001, 69.96200400000001, 66.00690900000001, 77.608521, 59.151410999999996, 18.018423000000013, 82.35463500000003, 99.40548899999999, 29.883708000000013]","[1.0, 0.0, 1.0, 1.0, 0.0, 1.0, 1.0, 1.0, 1.0, 1.0, 1.0, 1.0, 1.0, 0.0, 1.0, 1.0]","[-9.0, 16.0, 17.0, 14.0, -11.0, 24.0, 12.0, 12.0, 0.0, 26.0, 14.0, 11.0, 14.0, -17.0, 11.0, 13.0]"
3,1791641110.7692294,"[-69.433122, 67.676838, 79.45423199999999, 59.23930200000001, 0.08865900000000693, 71.28036900000001, 34.102475999999996, 73.91709900000001, 69.96200400000001, 66.00690900000001, 78.66321299999998, 59.151410999999996, 17.930532, 82.35463500000003, 99.40548899999999, 29.883708000000013]","[1.0, 1.0, 1.0, 1.0, 0.0, 0.0, 1.0, 1.0, 1.0, 1.0, 2.0, 1.0, 0.0, 0.0, 1.0, 1.0]","[-10.0, 16.0, 17.0, 14.0, -12.0, 25.0, 11.0, 12.0, 0.0, 27.0, 14.0, 11.0, 14.0, -17.0, 11.0, 14.0]"
3,1791641110.9939234,"[-69.433122, 67.676838, 80.245251, 59.23930200000001, 0.08865900000000693, 71.28036900000001, 34.102475999999996, 73.91709900000001, 69.96200400000001, 66.00690900000001, 79.542123, 59.151410999999996, 17.930532, 82.35463500000003, 99.40548899999999, 29.883708000000013]","[1.0, 0.0, 1.0, 1.0, 1.0, 1.0, -1.0, 1.0, 1.0, 1.0, 2.0, 1.0, 0.0, 0.0, 1.0, 1.0]","[-9.0, 17.0, 18.0, 13.0, -12.0, 25.0, 11.0, 13.0, 0.0, 26.0, 15.0, 10.0, 14.0, -17.0, 11.0, 14.0]"
3,1791641111.2202644,"[-69.433122, 67.676838, 81.47572500000001, 59.23930200000001, 0.08865900000000693, 71.28036900000001, 34.19036700000001, 73.91709900000001, 69.96200400000001, 66.00690900000001, 80.59681499999999, 59.151410999999996, 17.930532, 82.35463500000003, 99.40548899999999, 29.883708000000013]","[1.0, 0.0, 3.0, 1.0, 1.0, 1.0, 1.0, 1.0, 1.0, 1.0, 2.0, 1.0, 1.0, 0.0, 1.0, 0.0]","[-9.0, 16.0, 17.0, 14.0, -12.0, 25.0, 11.0, 12.0, 0.0, 27.0, 13.0, 10.0, 15.0, -17.0, 10.0, 13.0]"
3,1791641111.44433,"[-69.433122, 67.676838, 82.26674400000002, 59.23930200000001, 0.08865900000000693, 71.28036900000001, 34.19036700000001, 73.91709900000001, 69.96200400000001, 66.00690900000001, 81.65150699999998, 59.151410999999996, 17.930532, 82.35463500000003, 99.40548899999999, 29.883708000000013]","[1.0, 0.0, 1.0, 1.0, 1.0, 0.0, 1.0, 1.0, 1.0, 1.0, 1.0, 1.0, 0.0, 0.0, 1.0, 1.0]","[-10.0, 16.0, 18.0, 15.0, -12.0, 25.0, 11.0, 13.0, 0.0, 26.0, 16.0, 11.0, 14.0, -17.0, 11.0, 13.0]"
3,1791641111.6677544,"[-69.433122, 67.676838, 83.321436, 59.23930200000001, 0.08865900000000693, 71.36825999999999, 34.19036700000001, 73.91709900000001, 69.96200400000001, 66.00690900000001, 82.530417, 59.151410999999996, 17.930532, 82.35463500000003, 99.40548899999999, 29.883708000000013]","[0.0, 1.0, 1.0, 1.0, 0.0, 0.0, 1.0, 1.0, 1.0, 1.0, 2.0, 1.0, 1.0, 0.0, 1.0, 1.0]","[-10.0, 17.0, 18.0, 14.0, -12.0, 24.0, 11.0, 13.0, 0.0, 27.0, 16.0, 11.0, 14.0, -17.0, 11.0, 13.0]"
3,1791641111.8923976,"[-69.433122, 67.676838, 84.28823699999998, 59.23930200000001, 0.0007679999999936626, 71.28036900000001, 34.102475999999996, 73.91709900000001, 69.96200400000001, 66.00690900000001, 83.321436, 59.151410999999996, 17.930532, 82.35463500000003, 99.40548899999999, 29.883708000000013]","[1.0, 1.0, 3.0, 1.0, 0.0, 0.0, 0.0, 1.0, 1.0, 1.0, 1.0, 1.0, 1.0, 0.0, 1.0, 1.0]","[-9.0, 17.0, 18.0, 15.0, -12.0, 24.0, 12.0, 12.0, 0.0, 26.0, 16.0, 11.0, 15.0, -17.0, 11.0, 13.0]"
3,1791641112.1133425,"[-69.433122, 67.676838, 85.167147, 59.23930200000001, 0.08865900000000693, 71.28036900000001, 34.19036700000001, 73.91709900000001, 69.96200400000001, 66.00690900000001, 84.20034600000002, 59.151410999999996, 17.930532, 82.35463500000003, 99.40548899999999, 29.883708000000013]","[1.0, 0.0, 3.0, 1.0, 0.0, 1.0, 0.0, 1.0, 1.0, 1.0, 1.0, 1.0, 0.0, 0.0, 1.0, 1.0]","[-9.0, 16.0, 18.0, 15.0, -12.0, 24.0, 11.0, 13.0, 0.0, 26.0, 16.0, 11.0, 14.0, -17.0, 11.0, 14.0]"
3,1791641112.339257,"[-69.433122, 67.676838, 85.958166, 59.23930200000001, 0.08865900000000693, 71.28036900000001, 34.102475999999996, 73.91709900000001, 69.96200400000001, 66.00690900000001, 84.99136500000003, 59.151410999999996, 17.930532, 82.35463500000003, 99.40548899999999, 29.883708000000013]","[1.0, 0.0, 1.0, 1.0, 1.0, 0.0, 0.0, 1.0, 1.0, 1.0, 1.0, 1.0, 1.0, 0.0, 1.0, 0.0]","[-9.0, 17.0, 20.0, 14.0, -11.0, 24.0, 11.0, 12.0, 0.0, 26.0, 18.0, 11.0, 14.0, -17.0, 11.0, 13.0]"
3,1791641112.5615551,"[-69.433122, 67.676838, 86.74918500000001, 59.23930200000001, 0.08865900000000693, 71.28036900000001, 34.102475999999996, 73.91709900000001, 69.96200400000001, 66.00690900000001, 85.78238399999998, 59.151410999999996, 17.930532, 82.35463500000003, 99.40548899999999, 29.883708000000013]","[1.0, 1.0, 1.0, 1.0, 1.0, 1.0, 1.0, 1.0, 1.0, 1.0, 1.0, 1.0, 1.0, 0.0, 1.0, 1.0]","[-10.0, 17.0, 19.0, 14.0, -12.0, 25.0, 12.0, 13.0, 0.0, 26.0, 19.0, 11.0, 14.0, -17.0, 11.0, 13.0]"
3,1791641112.7854161,"[-69.433122, 67.676838, 87.62809500000003, 59.23930200000001, 0.08865900000000693, 71.28036900000001, 34.19036700000001, 73.91709900000001, 69.96200400000001, 66.00690900000001, 86.661294, 59.151410999999996, 17.930532, 82.35463500000003, 99.40548899999999, 29.883708000000013]","[1.0, 0.0, 1.0, 1.0, 1.0, 1.0, 0.0, 1.0, 1.0, 1.0, 1.0, 1.0, 0.0, 0.0, 1.0, 0.0]","[-10.0, 16.0, 20.0, 14.0, -12.0, 24.0, 12.0, 13.0, 0.0, 26.0, 19.0, 11.0, 13.0, -17.0, 11.0, 13.0]"
