grip,time,positions,velocities,currents
1,1791639693.8263423,"[0.0007679999999936626, -5.009018999999995, -1.1418150000000082, -0.17501400000000444, -0.08712299999999118, -5.009018999999995, 0.08865900000000693, -0.35079600000000255, 0.08865900000000693, -4.745346000000012, -0.9660330000000101, 0.26444100000000503, -1.8449430000000007, 178.41949799999998, 39.991173, 25.928613000000013]","[0.0, 0.0, 1.0, 0.0, 1.0, 1.0, 0.0, 0.0, 0.0, 1.0, 1.0, 0.0, 1.0, 1.0, 0.0, 0.0]","[-8.0, 33.0, 15.0, 13.0, 0.0, 33.0, -10.0, 11.0, -14.0, 31.0, 12.0, -10.0, 14.0, 15.0, 0.0, -15.0]"
1,1791639694.0516787,"[-0.5265780000000007, -4.92112800000001, -0.9660330000000101, 0.08865900000000693, -0.08712299999999118, -4.92112800000001, 0.6160050000000012, -0.35079600000000255, 0.7038960000000145, -4.745346000000012, -0.9660330000000101, 0.3523319999999899, -1.8449430000000007, 178.243716, 40.07906399999999, 25.928613000000013]","[0.0, 1.0, 3.0, 1.0, 1.0, 1.0, 1.0, 0.0, 1.0, 1.0, 1.0, 1.0, 1.0, 0.0, 1.0, 0.0]","[-9.0, 45.0, 18.0, 16.0, 0.0, 49.0, 9.0, 12.0, 14.0, 49.0, 14.0, 9.0, 15.0, -10.0, 12.0, 13.0]"
1,1791639694.2780693,"[-1.4054879999999912, -4.393781999999987, -0.08712299999999118, 0.528113999999988, -0.08712299999999118, -3.7785450000000083, 1.0554600000000107, 0.44022300000000314, 1.407024000000007, -4.657454999999999, -0.6144689999999855, 0.6160050000000012, -1.8449430000000007, 177.98004300000002, 40.07906399999999, 26.28017700000001]","[0.0, 1.0, 1.0, 1.0, 1.0, 1.0, 1.0, 1.0, 5.0, 1.0, 1.0, 2.0, 1.0, 0.0, 1.0, 1.0]","[-9.0, 62.0, 18.0, 16.0, 0.0, 59.0, 12.0, 12.0, 14.0, 71.0, 16.0, 12.0, 14.0, -16.0, 15.0, 15.0]"
1,1791639694.5004368,"[-2.4601800000000082, -1.5812699999999893, 0.8796780000000126, 1.582806000000005, -0.08712299999999118, -2.548070999999993, 1.846478999999988, 1.407024000000007, 2.813279999999992, -2.372288999999995, 0.26444100000000503, 0.6160050000000012, -1.8449430000000007, 177.71636999999998, 41.39742899999999, 27.159087]","[-1.0, 6.0, 1.0, 1.0, 1.0, 1.0, 1.0, 1.0, 2.0, 1.0, 3.0, 1.0, 1.0, 0.0, 5.0, 1.0]","[-10.0, 55.0, 19.0, 17.0, 0.0, 61.0, 12.0, 13.0, 14.0, 69.0, 16.0, 16.0, 14.0, -25.0, 13.0, 16.0]"
1,1791639694.7243276,"[-3.426981000000012, 0.08865900000000693, 1.7585880000000031, 2.6374979999999937, -0.08712299999999118, 0.26444100000000503, 2.6374979999999937, 2.1980430000000126, 2.901171000000005, -2.372288999999995, 1.3191329999999937, 2.1101519999999994, -1.8449430000000007, 177.540588, 42.36422999999999, 28.03799699999999]","[-1.0, 0.0, 1.0, 3.0, 1.0, 5.0, 1.0, 1.0, 1.0, 1.0, 2.0, 3.0, 1.0, 0.0, 2.0, 3.0]","[-9.0, 58.0, 19.0, 16.0, 0.0, 53.0, 13.0, 13.0, 15.0, 95.0, 16.0, 13.0, 14.0, -39.0, 13.0, 15.0]"
1,1791639694.9501665,"[-4.393781999999987, 1.846478999999988, 2.813279999999992, 3.6042989999999975, -0.08712299999999118, 1.7585880000000031, 3.2527350000000013, 3.4285169999999994, 4.746881999999999, 2.0222610000000145, 1.846478999999988, 3.164843999999988, -1.8449430000000007, 175.69487700000002, 43.41892200000001, 29.180579999999992]","[-2.0, 8.0, 4.0, 2.0, 1.0, 8.0, 1.0, 3.0, 2.0, 7.0, 0.0, 4.0, 1.0, -4.0, 4.0, 4.0]","[-9.0, 58.0, 19.0, 16.0, 0.0, 58.0, 14.0, 13.0, 13.0, 58.0, 17.0, 13.0, 14.0, -38.0, 13.0, 15.0]"
1,1791639695.170662,"[-5.360582999999991, 3.867972000000009, 3.7800809999999956, 4.483208999999988, -0.08712299999999118, 3.867972000000009, 4.395318000000003, 4.395318000000003, 5.713683000000003, 2.1980430000000126, 2.98906199999999, 4.131644999999992, -1.8449430000000007, 173.32182, 44.649395999999996, 30.147380999999996]","[-1.0, 1.0, 3.0, 1.0, 1.0, 3.0, 1.0, 1.0, 2.0, 1.0, 5.0, 1.0, 1.0, -3.0, 4.0, 2.0]","[-9.0, 61.0, 20.0, 16.0, 0.0, 56.0, 13.0, 14.0, 14.0, 86.0, 17.0, 12.0, 15.0, -35.0, 12.0, 14.0]"
1,1791639695.3946505,"[-5.975819999999999, 5.537901000000005, 4.131644999999992, 5.713683000000003, -0.08712299999999118, 6.065246999999999, 5.274227999999994, 5.274227999999994, 6.2410289999999975, 6.328920000000011, 4.043754000000007, 5.010555000000011, -1.8449430000000007, 170.94876299999999, 45.528306000000015, 31.114182]","[0.0, 1.0, 6.0, 3.0, 1.0, 3.0, 3.0, 1.0, 6.0, 7.0, 5.0, 1.0, 1.0, -6.0, 4.0, 1.0]","[-11.0, 64.0, 21.0, 17.0, 0.0, 58.0, 13.0, 13.0, 15.0, 58.0, 17.0, 15.0, 15.0, -29.0, 13.0, 15.0]"
1,1791639695.6219318,"[-7.118403000000001, 8.438303999999988, 5.889465000000001, 6.328920000000011, -0.08712299999999118, 7.471503000000013, 5.62579199999999, 6.592592999999994, 7.735175999999996, 6.328920000000011, 5.098445999999996, 6.328920000000011, -1.8449430000000007, 169.27883400000002, 46.67088899999999, 32.16887399999999]","[0.0, 7.0, 3.0, 8.0, 1.0, 10.0, 6.0, 3.0, 3.0, 0.0, 1.0, 2.0, 1.0, 0.0, 3.0, 1.0]","[-10.0, 53.0, 20.0, 16.0, 0.0, 59.0, 15.0, 12.0, 14.0, 85.0, 18.0, 12.0, 14.0, -37.0, 13.0, 14.0]"
1,1791639695.84598,"[-8.260986000000003, 10.108233000000013, 5.889465000000001, 7.823067000000009, -0.08712299999999118, 9.932451000000015, 7.207830000000001, 7.5593939999999975, 7.823067000000009, 9.756668999999988, 6.153138000000013, 7.207830000000001, -1.8449430000000007, 168.487815, 47.54979900000001, 33.223566000000005]","[-1.0, 1.0, 1.0, 3.0, 1.0, 1.0, 1.0, 3.0, 2.0, 1.0, 3.0, 3.0, 1.0, 0.0, 3.0, 4.0]","[-9.0, 59.0, 25.0, 16.0, 0.0, 60.0, 13.0, 13.0, 15.0, 64.0, 16.0, 13.0, 14.0, -47.0, 12.0, 15.0]"
1,1791639696.0699766,"[-9.227787000000006, 10.108233000000013, 7.823067000000009, 8.614086000000015, -0.08712299999999118, 11.426598000000013, 8.26252199999999, 8.614086000000015, 9.668778000000003, 9.932451000000015, 7.119938999999988, 8.086739999999992, -1.8449430000000007, 166.114758, 48.34081800000001, 34.19036700000001]","[0.0, 1.0, 3.0, 3.0, 1.0, 1.0, 1.0, 1.0, 3.0, 1.0, 3.0, 6.0, 1.0, -9.0, 1.0, 1.0]","[-10.0, 82.0, 19.0, 18.0, 0.0, 66.0, 14.0, 13.0, 13.0, 90.0, 18.0, 13.0, 14.0, -37.0, 12.0, 14.0]"
1,1791639696.2908683,"[-10.19458800000001, 14.063328000000013, 8.877758999999998, 9.756668999999988, -0.08712299999999118, 13.623873000000003, 9.317214000000007, 9.405104999999992, 10.635579000000007, 13.887546000000015, 7.910957999999994, 9.317214000000007, -1.8449430000000007, 163.829592, 49.571292, 35.245059]","[0.0, 3.0, 4.0, 4.0, 1.0, 9.0, 2.0, 1.0, 2.0, 17.0, 7.0, 3.0, 1.0, 0.0, 4.0, 3.0]","[-10.0, 60.0, 20.0, 15.0, 0.0, 59.0, 13.0, 14.0, 14.0, 54.0, 17.0, 13.0, 14.0, -41.0, 12.0, 14.0]"
1,1791639696.5169137,"[-10.897716000000003, 15.55747500000001, 9.756668999999988, 10.723469999999992, -0.08712299999999118, 15.996929999999992, 10.28401500000001, 10.547687999999994, 11.60238000000001, 14.23911000000001, 9.053540999999996, 10.108233000000013, -1.8449430000000007, 161.544426, 50.362311000000005, 36.12396899999999]","[-2.0, 7.0, 1.0, 3.0, 1.0, 4.0, 3.0, 3.0, 2.0, 2.0, 1.0, 1.0, 1.0, -6.0, 3.0, 1.0]","[-10.0, 69.0, 20.0, 17.0, 0.0, 60.0, 13.0, 13.0, 14.0, 85.0, 17.0, 15.0, 14.0, -35.0, 14.0, 15.0]"
1,1791639696.7418575,"[-12.12818999999999, 18.018423000000013, 10.811361000000005, 11.514488999999998, -0.08712299999999118, 17.315294999999992, 10.987143000000003, 11.514488999999998, 12.657072, 14.23911000000001, 9.932451000000015, 11.162925000000001, -1.8449430000000007, 159.698715, 51.32911200000001, 37.26655199999999]","[-1.0, 1.0, 3.0, 5.0, 1.0, 11.0, 1.0, 2.0, 2.0, 0.0, 4.0, 1.0, 1.0, -1.0, 3.0, 2.0]","[-10.0, 59.0, 19.0, 16.0, 0.0, 60.0, 14.0, 12.0, 13.0, 115.0, 16.0, 14.0, 15.0, -38.0, 14.0, 14.0]"
1,1791639696.9659479,"[-13.007100000000008, 20.12780699999999, 11.778162000000009, 12.744963000000013, -0.08712299999999118, 20.039916000000005, 12.21761699999999, 12.393398999999988, 13.53598199999999, 20.039916000000005, 10.987143000000003, 12.129726000000005, -1.8449430000000007, 157.58933100000002, 52.29591300000001, 38.14546200000001]","[0.0, 3.0, 2.0, 3.0, 1.0, 2.0, 1.0, 1.0, 2.0, 9.0, 3.0, 1.0, 1.0, -1.0, 3.0, 1.0]","[-11.0, 58.0, 20.0, 16.0, 0.0, 56.0, 14.0, 13.0, 14.0, 63.0, 17.0, 13.0, 15.0, -35.0, 14.0, 14.0]"
1,1791639697.1892798,"[-14.237573999999995, 22.237190999999996, 12.832853999999998, 13.53598199999999, -0.08712299999999118, 20.743043999999998, 13.272309000000007, 13.623873000000003, 14.678564999999992, 22.061408999999998, 11.866052999999994, 13.184417999999994, -1.8449430000000007, 155.83151099999998, 53.174823, 39.375935999999996]","[-1.0, 1.0, 3.0, 3.0, 1.0, 8.0, 3.0, 2.0, 2.0, 7.0, 3.0, 3.0, 1.0, -2.0, 1.0, 3.0]","[-10.0, 59.0, 19.0, 15.0, 0.0, 64.0, 14.0, 13.0, 13.0, 55.0, 19.0, 14.0, 14.0, -37.0, 14.0, 15.0]"
1,1791639697.4106376,"[-15.204374999999999, 23.203992, 13.887546000000015, 14.502782999999994, -0.08712299999999118, 24.346575, 14.327000999999996, 14.502782999999994, 15.645365999999996, 23.995011000000005, 13.008635999999996, 13.975437, -1.8449430000000007, 153.89790900000003, 54.317406000000005, 40.254846000000015]","[-1.0, 4.0, 3.0, 1.0, 1.0, 3.0, 4.0, 0.0, 1.0, 1.0, 6.0, 1.0, 1.0, -2.0, 4.0, 1.0]","[-10.0, 64.0, 19.0, 17.0, 0.0, 54.0, 13.0, 13.0, 14.0, 64.0, 16.0, 14.0, 15.0, -40.0, 12.0, 15.0]"
1,1791639697.6346664,"[-16.434848999999986, 26.631741000000005, 14.942238000000003, 15.55747500000001, -0.08712299999999118, 26.016503999999998, 15.381693000000013, 15.909039000000007, 16.87584000000001, 26.807523000000003, 13.975437, 15.118020000000001, -1.8449430000000007, 151.876416, 55.196315999999996, 41.22164699999999]","[-2.0, 6.0, 3.0, 2.0, 1.0, 1.0, 1.0, 4.0, 2.0, 6.0, 1.0, 3.0, 1.0, -4.0, 1.0, 2.0]","[-9.0, 48.0, 18.0, 16.0, 0.0, 61.0, 14.0, 11.0, 14.0, 49.0, 17.0, 13.0, 15.0, -36.0, 14.0, 14.0]"
1,1791639697.8617077,"[-17.313759000000005, 28.653233999999998, 15.909039000000007, 16.524276000000015, -0.08712299999999118, 28.477452, 16.524276000000015, 16.787948999999998, 17.666858999999988, 28.477452, 14.942238000000003, 15.996929999999992, -1.8449430000000007, 150.733833, 56.25100800000001, 42.27633900000001]","[-2.0, 4.0, 4.0, 2.0, 1.0, 5.0, 3.0, 2.0, 2.0, 8.0, 1.0, 1.0, 1.0, 0.0, 1.0, 1.0]","[-10.0, 53.0, 19.0, 16.0, 0.0, 54.0, 12.0, 11.0, 14.0, 54.0, 16.0, 14.0, 15.0, -46.0, 14.0, 15.0]"
1,1791639698.085888,"[-18.54423299999999, 31.114182, 17.139512999999994, 17.403186000000005, -0.08712299999999118, 29.883708000000013, 17.578968000000003, 17.75475, 18.633659999999992, 28.653233999999998, 16.348493999999988, 17.05162200000001, -1.8449430000000007, 148.536558, 57.3057, 43.24314000000001]","[-2.0, 6.0, 4.0, 3.0, 1.0, 2.0, 4.0, 1.0, 1.0, 1.0, 4.0, 5.0, 1.0, -2.0, 1.0, 2.0]","[-9.0, 51.0, 17.0, 17.0, 0.0, 63.0, 13.0, 12.0, 14.0, 80.0, 14.0, 13.0, 15.0, -42.0, 14.0, 15.0]"
1,1791639698.3079498,"[-19.59892500000001, 32.784110999999996, 18.018423000000013, 18.545769000000007, -0.08712299999999118, 32.432547, 18.36998700000001, 18.80944199999999, 19.68835200000001, 32.959892999999994, 17.315294999999992, 18.282095999999996, -1.8449430000000007, 146.42717399999998, 58.272501000000005, 44.297832]","[-2.0, 5.0, 1.0, 4.0, 1.0, 10.0, 1.0, 3.0, 4.0, 13.0, 2.0, 3.0, 1.0, -3.0, 2.0, 2.0]","[-9.0, 52.0, 18.0, 15.0, 0.0, 53.0, 14.0, 11.0, 14.0, 45.0, 16.0, 13.0, 15.0, -40.0, 14.0, 14.0]"
1,1791639698.5312414,"[-20.565726000000012, 35.245059, 19.161006000000015, 19.51257000000001, -0.08712299999999118, 34.45403999999999, 19.248897, 19.68835200000001, 20.655153000000013, 33.13567499999999, 18.457877999999994, 19.073115, -1.8449430000000007, 144.31779, 59.41508400000001, 45.264633]","[-2.0, 7.0, 1.0, 2.0, 1.0, 3.0, 2.0, 1.0, 2.0, 1.0, 1.0, 3.0, 1.0, -5.0, 3.0, 2.0]","[-9.0, 48.0, 18.0, 16.0, 0.0, 57.0, 14.0, 12.0, 14.0, 71.0, 15.0, 13.0, 15.0, -40.0, 14.0, 14.0]"
1,1791639698.7579057,"[-21.708308999999986, 37.09076999999999, 20.303588999999988, 20.39148, -0.08712299999999118, 36.739205999999996, 20.215698000000003, 20.743043999999998, 21.885627, 33.13567499999999, 19.424678999999998, 20.215698000000003, -1.8449430000000007, 141.85684200000003, 60.20610300000001, 46.23143400000001]","[-1.0, 4.0, 4.0, 4.0, 1.0, 7.0, 1.0, 2.0, 3.0, 1.0, 1.0, 1.0, 1.0, -1.0, 1.0, 3.0]","[-9.0, 48.0, 17.0, 18.0, 0.0, 46.0, 14.0, 12.0, 14.0, 100.0, 15.0, 13.0, 15.0, -41.0, 14.0, 14.0]"
1,1791639698.9790664,"[-22.763001000000003, 39.28804500000001, 21.358281000000005, 21.709845, -0.08712299999999118, 38.76069899999999, 20.918825999999996, 21.797736000000015, 22.412972999999994, 39.28804500000001, 20.655153000000013, 21.270389999999992, -1.8449430000000007, 140.01113099999998, 61.348686000000015, 47.19823500000001]","[-1.0, 6.0, 2.0, 2.0, 1.0, 7.0, 2.0, 3.0, 1.0, 10.0, 1.0, 3.0, 1.0, -4.0, 3.0, 1.0]","[-9.0, 44.0, 17.0, 16.0, 0.0, 45.0, 15.0, 12.0, 14.0, 43.0, 15.0, 13.0, 15.0, -39.0, 13.0, 15.0]"
1,1791639699.2056441,"[-23.905584000000005, 41.39742899999999, 22.500864000000007, 22.588754999999992, -0.08712299999999118, 41.04586499999999, 21.885627, 22.76453699999999, 23.907119999999992, 41.836884, 21.709845, 22.32508200000001, -1.8449430000000007, 137.72596500000003, 62.403378000000004, 48.165036000000015]","[0.0, 2.0, 3.0, 3.0, 1.0, 8.0, 2.0, 1.0, 4.0, 3.0, 4.0, 1.0, 1.0, -5.0, 3.0, 1.0]","[-9.0, 47.0, 17.0, 16.0, 0.0, 43.0, 16.0, 13.0, 13.0, 42.0, 15.0, 12.0, 16.0, -36.0, 13.0, 14.0]"
1,1791639699.6509745,"[-24.87238500000001, 44.03415899999999, 23.379773999999998, 23.819229000000007, 0.0007679999999936626, 43.59470400000001, 22.588754999999992, 23.64344700000001, 24.96181200000001, 43.331030999999996, 23.02821, 23.291883000000013, -1.8449430000000007, 135.79236300000002, 63.37017900000001, 49.219728]","[0.0, 1.0, 1.0, 0.0, 1.0, 1.0, 1.0, 1.0, 1.0, 1.0, 0.0, 1.0, 1.0, 0.0, 1.0, 1.0]","[-9.0, 40.0, 17.0, 15.0, -11.0, 44.0, 16.0, 12.0, 0.0, 47.0, 15.0, 12.0, 15.0, -40.0, 13.0, 14.0]"
1,1791639699.8755357,"[-25.927076999999997, 45.967760999999996, 24.170793000000003, 23.907119999999992, 0.0007679999999936626, 45.791979, 23.555555999999996, 24.78603000000001, 25.049702999999994, 46.31932499999999, 23.64344700000001, 24.258683999999988, -1.8449430000000007, 133.331415, 64.424871, 50.098637999999994]","[-3.0, 3.0, 1.0, 2.0, 1.0, 9.0, 3.0, 1.0, 1.0, 7.0, 2.0, 4.0, 1.0, -5.0, 4.0, 3.0]","[0.0, 41.0, 18.0, 16.0, -11.0, 39.0, 16.0, 12.0, 15.0, 38.0, 15.0, 12.0, 14.0, -33.0, 13.0, 15.0]"
1,1791639700.0995355,"[-26.981768999999986, 48.34081800000001, 25.313376000000005, 25.66494, 0.0007679999999936626, 47.901363, 24.873920999999996, 25.752831000000015, 26.983305, 47.98925399999999, 24.78603000000001, 25.66494, -1.8449430000000007, 131.39781299999999, 65.21589, 51.065439]","[-2.0, 5.0, 3.0, 3.0, 1.0, 2.0, 4.0, 1.0, 1.0, 2.0, 1.0, 4.0, 1.0, 0.0, 5.0, 1.0]","[0.0, 36.0, 17.0, 16.0, -12.0, 39.0, 14.0, 12.0, 0.0, 41.0, 14.0, 11.0, 16.0, -34.0, 14.0, 15.0]"
1,1791639700.3256335,"[-27.94856999999999, 50.362311000000005, 26.28017700000001, 26.807523000000003, 0.0007679999999936626, 50.098637999999994, 25.840722, 26.895413999999988, 27.950106000000005, 50.801766000000015, 25.928613000000013, 26.455959000000007, -1.8449430000000007, 128.76108299999999, 66.44636400000002, 52.208022]","[0.0, 1.0, 1.0, 2.0, 1.0, 5.0, 1.0, 1.0, 1.0, 7.0, 3.0, 3.0, 1.0, -3.0, 3.0, 1.0]","[0.0, 38.0, 17.0, 16.0, -12.0, 41.0, 14.0, 12.0, 0.0, 32.0, 13.0, 13.0, 15.0, -31.0, 13.0, 14.0]"
1,1791639700.548413,"[-28.82748000000001, 52.64747700000001, 27.159087, 27.774324000000007, 0.0007679999999936626, 52.47169500000001, 27.071196000000015, 27.42276000000001, 29.004797999999994, 52.208022, 26.895413999999988, 27.774324000000007, -1.8449430000000007, 127.17904500000003, 67.58894699999999, 53.174823]","[0.0, 8.0, 1.0, 3.0, 1.0, 6.0, 2.0, 1.0, 1.0, 3.0, 2.0, 4.0, 1.0, 0.0, 3.0, 1.0]","[-8.0, 31.0, 17.0, 16.0, -12.0, 33.0, 15.0, 13.0, -4.0, 39.0, 14.0, 12.0, 16.0, -33.0, 12.0, 15.0]"
1,1791639700.7735386,"[-29.882171999999997, 55.28420700000001, 28.30167, 28.829015999999996, 0.0007679999999936626, 54.66897, 28.125888000000003, 28.565343000000013, 30.05949000000001, 54.756861000000015, 28.03799699999999, 28.74112500000001, -1.8449430000000007, 125.15755200000001, 68.64363900000001, 54.14162400000001]","[-2.0, 4.0, 1.0, 1.0, 1.0, 6.0, 2.0, 1.0, 1.0, 10.0, 3.0, 2.0, 1.0, -4.0, 3.0, 2.0]","[-8.0, 31.0, 17.0, 16.0, -13.0, 35.0, 15.0, 12.0, 0.0, 31.0, 13.0, 12.0, 15.0, -33.0, 13.0, 15.0]"
1,1791639700.9955287,"[-30.936863999999986, 57.3057, 29.180579999999992, 29.883708000000013, 0.0007679999999936626, 56.690462999999994, 29.444253000000003, 29.883708000000013, 31.114182, 56.42679000000001, 29.092689000000007, 29.795817, -1.8449430000000007, 123.575514, 69.43465800000001, 55.196315999999996]","[0.0, 6.0, 1.0, 4.0, 1.0, 2.0, 4.0, 1.0, 1.0, 1.0, 2.0, 1.0, 1.0, 0.0, 1.0, 2.0]","[0.0, 31.0, 17.0, 15.0, -12.0, 32.0, 14.0, 11.0, -15.0, 37.0, 11.0, 11.0, 14.0, -37.0, 13.0, 14.0]"
1,1791639701.4443552,"[-31.991556000000003, 59.327192999999994, 30.498944999999992, 30.9384, 0.0007679999999936626, 59.23930200000001, 30.67472699999999, 31.114182, 32.16887399999999, 56.42679000000001, 30.23527200000001, 30.850508999999988, -1.8449430000000007, 120.49932899999999, 70.75302300000001, 56.338899]","[0.0, 1.0, 1.0, 1.0, 1.0, 1.0, 0.0, 0.0, 0.0, 1.0, 1.0, 1.0, 1.0, 0.0, 1.0, 1.0]","[0.0, 30.0, 17.0, 17.0, -12.0, 31.0, 13.0, 11.0, -10.0, 57.0, 13.0, 11.0, 14.0, -30.0, 12.0, 14.0]"
1,1791639701.6694398,"[-32.95835700000001, 61.436577, 31.37785500000001, 31.905201000000005, 0.0007679999999936626, 61.348686000000015, 31.641527999999994, 31.905201000000005, 33.04778400000001, 61.348686000000015, 31.026291000000015, 31.905201000000005, -1.8449430000000007, 118.82940000000002, 71.71982400000002, 57.129918]","[0.0, 7.0, 1.0, 2.0, 0.0, 2.0, 2.0, 1.0, 1.0, 11.0, 5.0, 4.0, 1.0, -1.0, 2.0, 1.0]","[0.0, 26.0, 17.0, 15.0, -13.0, 29.0, 13.0, 11.0, 0.0, 28.0, 14.0, 11.0, 15.0, -30.0, 12.0, 15.0]"
1,1791639701.8934784,"[-34.013048999999995, 63.985416000000015, 32.608329, 32.959892999999994, 0.0007679999999936626, 63.897525, 32.69622000000001, 32.87200200000001, 34.01458500000001, 63.63385199999999, 32.344656000000015, 32.69622000000001, -1.8449430000000007, 116.63212500000003, 72.86240699999999, 58.36039199999999]","[-1.0, 3.0, 3.0, 3.0, 0.0, 5.0, 3.0, 2.0, 1.0, 3.0, 5.0, 3.0, 1.0, -4.0, 1.0, 3.0]","[0.0, 24.0, 16.0, 15.0, -12.0, 24.0, 13.0, 12.0, -1.0, 29.0, 12.0, 12.0, 14.0, -29.0, 12.0, 14.0]"
1,1791639702.1174474,"[-35.06774100000001, 66.09479999999999, 33.663021000000015, 34.01458500000001, 0.0007679999999936626, 66.182691, 33.926694, 34.102475999999996, 35.069277, 65.919018, 33.399348, 33.663021000000015, -1.8449430000000007, 114.522741, 73.91709900000001, 59.327192999999994]","[0.0, 7.0, 3.0, 3.0, 0.0, 6.0, 3.0, 4.0, 0.0, 4.0, 4.0, 3.0, 1.0, 0.0, 1.0, 1.0]","[0.0, 21.0, 16.0, 15.0, -12.0, 22.0, 12.0, 12.0, 0.0, 24.0, 12.0, 12.0, 14.0, -31.0, 12.0, 16.0]"
1,1791639702.339118,"[-35.946651, 68.46785700000001, 34.717713, 35.069277, 0.0007679999999936626, 68.028402, 34.981386000000015, 35.069277, 36.12396899999999, 68.11629300000001, 34.45403999999999, 34.717713, -1.8449430000000007, 112.50124799999998, 75.05968200000001, 60.38188500000001]","[-2.0, 3.0, 1.0, 4.0, 0.0, 1.0, 3.0, 3.0, 1.0, 8.0, 1.0, 2.0, 1.0, -4.0, 2.0, 3.0]","[-9.0, 21.0, 16.0, 15.0, -12.0, 22.0, 11.0, 12.0, -14.0, 22.0, 12.0, 12.0, 15.0, -30.0, 11.0, 14.0]"
1,1791639702.565417,"[-37.00134299999999, 70.57724100000001, 35.860296000000005, 35.94818699999999, 0.0007679999999936626, 70.48935, 36.21186, 35.94818699999999, 37.00287900000001, 70.313568, 35.596622999999994, 34.981386000000015, -1.8449430000000007, 110.21608200000003, 76.20226500000001, 61.436577]","[-2.0, 7.0, 3.0, 1.0, 0.0, 1.0, 4.0, 1.0, 1.0, 1.0, 3.0, 5.0, 1.0, -3.0, 3.0, 2.0]","[0.0, 19.0, 15.0, 15.0, -12.0, 20.0, 11.0, 12.0, 0.0, 22.0, 12.0, 13.0, 14.0, -27.0, 11.0, 15.0]"
1,1791639702.7855644,"[-37.968143999999995, 73.12608, 37.09076999999999, 36.82709700000001, 0.0007679999999936626, 72.510843, 37.178661000000005, 37.00287900000001, 38.057570999999996, 72.59873400000001, 36.65131500000001, 36.65131500000001, -1.8449430000000007, 108.72193500000003, 77.16906599999999, 62.403378000000004]","[-1.0, 1.0, 2.0, 1.0, 0.0, 1.0, 1.0, 2.0, 1.0, 5.0, 2.0, 3.0, 1.0, 0.0, 2.0, 4.0]","[-9.0, 17.0, 15.0, 16.0, -12.0, 21.0, 11.0, 12.0, 0.0, 20.0, 11.0, 11.0, 14.0, -31.0, 10.0, 15.0]"
1,1791639703.01337,"[-38.847053999999986, 75.32335499999999, 38.14546200000001, 37.96968000000001, -0.08712299999999118, 72.86240699999999, 37.354443, 37.178661000000005, 39.024372, 74.620227, 37.881789, 37.44233399999999, -1.8449430000000007, 105.82153199999999, 78.22375799999998, 63.37017900000001]","[0.0, 6.0, 2.0, 3.0, 0.0, 1.0, 1.0, 0.0, 1.0, 1.0, 3.0, 1.0, 0.0, -5.0, 1.0, 1.0]","[-9.0, 17.0, 14.0, 15.0, 0.0, 33.0, 13.0, 13.0, 0.0, 21.0, 11.0, 13.0, 13.0, -24.0, 11.0, 15.0]"
1,1791639703.2350318,"[-40.077528, 77.69641200000001, 39.375935999999996, 38.76069899999999, -0.17501400000000444, 73.653426, 37.44233399999999, 37.881789, 40.07906399999999, 76.64172000000002, 38.76069899999999, 38.672808, -1.7570519999999874, 103.80003900000003, 79.36634099999998, 64.249089]","[-1.0, 4.0, 4.0, 4.0, 0.0, 0.0, 1.0, 1.0, 2.0, 7.0, 0.0, 2.0, 1.0, 0.0, 5.0, 1.0]","[-1.0, 17.0, 15.0, 16.0, 2.0, 42.0, 17.0, 15.0, 1.0, 19.0, 11.0, 11.0, 13.0, -26.0, 11.0, 15.0]"
1,1791639703.4588609,"[-40.69276500000001, 79.893687, 40.342737, 39.72749999999999, -0.17501400000000444, 73.653426, 37.530225, 38.14546200000001, 40.95797400000001, 79.19055900000001, 39.90328199999999, 39.63960900000001, -1.7570519999999874, 103.80003900000003, 80.245251, 65.391672]","[-1.0, 5.0, 2.0, 2.0, 1.0, 0.0, 1.0, 1.0, 1.0, 1.0, 3.0, 1.0, 1.0, 0.0, 1.0, 3.0]","[-9.0, 15.0, 15.0, 15.0, 7.0, 44.0, 21.0, 18.0, 13.0, 18.0, 10.0, 12.0, 13.0, -26.0, 11.0, 14.0]"
1,1791639703.6829739,"[-42.01113000000001, 82.178853, 41.48532, 40.694300999999996, -0.17501400000000444, 73.653426, 37.530225, 38.497026000000005, 41.74899300000001, 81.21205200000003, 40.870082999999994, 40.78219200000001, -1.7570519999999874, 103.80003900000003, 81.21205200000003, 66.44636400000002]","[0.0, 5.0, 3.0, 1.0, 0.0, 1.0, 1.0, 2.0, 1.0, 6.0, 1.0, 2.0, 1.0, 0.0, 2.0, 3.0]","[0.0, 14.0, 15.0, 16.0, 12.0, 44.0, 29.0, 20.0, 14.0, 17.0, 10.0, 11.0, 14.0, -26.0, 11.0, 14.0]"
1,1791639703.9085178,"[-43.065822, 84.28823699999998, 42.627903, 41.74899300000001, -0.17501400000000444, 73.56553500000001, 38.057570999999996, 39.024372, 43.06735800000001, 83.673, 42.10055700000001, 41.661102, -1.7570519999999874, 103.80003900000003, 82.35463500000003, 67.237383]","[0.0, 5.0, 3.0, 3.0, 0.0, 0.0, 1.0, 2.0, 1.0, 5.0, 1.0, 1.0, 1.0, 0.0, 4.0, 1.0]","[0.0, 13.0, 14.0, 16.0, 11.0, 44.0, 32.0, 24.0, 0.0, 16.0, 10.0, 12.0, 14.0, -26.0, 10.0, 15.0]"
1,1791639704.131516,"[-44.032623, 86.661294, 43.59470400000001, 42.803685, -0.17501400000000444, 72.774516, 37.881789, 38.936481000000015, 44.03415899999999, 85.69449300000002, 43.24314000000001, 42.803685, -1.7570519999999874, 103.80003900000003, 83.14565399999998, 68.379966]","[0.0, 5.0, 1.0, 5.0, 0.0, 0.0, 0.0, 0.0, 1.0, 4.0, 3.0, 3.0, 1.0, 0.0, 1.0, 2.0]","[0.0, 12.0, 14.0, 17.0, 11.0, 11.0, 9.0, 10.0, 0.0, 16.0, 10.0, 11.0, 13.0, -26.0, 11.0, 14.0]"
1,1791639704.3532898,"[-45.08731499999999, 88.594896, 44.649395999999996, 43.506812999999994, -0.17501400000000444, 72.774516, 37.881789, 38.936481000000015, 44.91306900000001, 88.155441, 44.297832, 43.85837699999999, -1.7570519999999874, 103.80003900000003, 84.11245500000001, 69.346767]","[0.0, 5.0, 3.0, 1.0, 0.0, 0.0, 0.0, 0.0, 0.0, 5.0, 4.0, 2.0, 1.0, 0.0, 1.0, 2.0]","[0.0, 13.0, 13.0, 16.0, 12.0, 11.0, 10.0, 10.0, -5.0, 15.0, 9.0, 11.0, 13.0, -26.0, 12.0, 14.0]"
1,1791639704.5811682,"[-46.05411599999999, 88.77067799999998, 45.528306000000015, 45.17674199999999, -0.17501400000000444, 72.774516, 37.881789, 38.936481000000015, 46.05565200000001, 88.24333200000001, 45.264633, 45.00095999999999, -1.7570519999999874, 103.80003900000003, 85.07925599999999, 70.313568]","[0.0, 0.0, 1.0, 6.0, 0.0, 0.0, 0.0, 0.0, 0.0, 2.0, 2.0, 3.0, 1.0, 0.0, 3.0, 2.0]","[0.0, 12.0, 14.0, 15.0, 11.0, 11.0, 10.0, 10.0, -4.0, 13.0, 10.0, 11.0, 13.0, -26.0, 11.0, 15.0]"
1,1791639704.8051891,"[-47.020917, 88.85856899999999, 46.49510699999999, 45.87987000000001, -0.17501400000000444, 72.774516, 37.881789, 38.936481000000015, 47.02245300000001, 88.33122300000002, 46.143542999999994, 45.967760999999996, -1.7570519999999874, 103.80003900000003, 85.43081999999998, 70.840914]","[0.0, 1.0, 2.0, 2.0, 0.0, 0.0, 0.0, 1.0, 1.0, 1.0, 1.0, 2.0, 1.0, 0.0, 1.0, 0.0]","[0.0, 12.0, 13.0, 15.0, 12.0, 12.0, 9.0, 7.0, -15.0, 14.0, 10.0, 10.0, 13.0, -26.0, 13.0, 16.0]"
1,1791639705.0266366,"[-47.636154000000005, 88.85856899999999, 47.54979900000001, 47.19823500000001, -0.17501400000000444, 72.774516, 37.881789, 39.024372, 48.077145, 88.33122300000002, 47.37401700000001, 47.110344, -1.7570519999999874, 103.80003900000003, 85.43081999999998, 71.10458700000001]","[0.0, 0.0, 1.0, 3.0, 0.0, 0.0, 0.0, 1.0, 0.0, 1.0, 2.0, 2.0, 1.0, 0.0, 0.0, 1.0]","[-9.0, 11.0, 14.0, 15.0, 11.0, 11.0, 9.0, 3.0, -13.0, 14.0, 9.0, 11.0, 13.0, -26.0, 17.0, 18.0]"
1,1791639705.2533982,"[-49.04240999999999, 88.85856899999999, 48.428709, 48.165036000000015, -0.17501400000000444, 72.774516, 37.881789, 38.936481000000015, 49.043946000000005, 88.33122300000002, 48.165036000000015, 48.165036000000015, -1.7570519999999874, 103.80003900000003, 85.43081999999998, 71.28036900000001]","[-2.0, 1.0, 1.0, 1.0, 0.0, 0.0, 0.0, 1.0, 1.0, 1.0, 1.0, 4.0, 1.0, 0.0, 0.0, 1.0]","[0.0, 12.0, 14.0, 15.0, 11.0, 11.0, 10.0, 9.0, -14.0, 14.0, 10.0, 11.0, 13.0, -26.0, 22.0, 22.0]"
1,1791639705.4752421,"[-49.833428999999995, 88.85856899999999, 49.39551, 49.219728, -0.17501400000000444, 72.774516, 37.881789, 38.936481000000015, 50.01074700000001, 88.33122300000002, 49.043946000000005, 49.043946000000005, -1.8449430000000007, 103.88792999999998, 85.34292900000003, 71.28036900000001]","[0.0, 1.0, 1.0, 1.0, 0.0, 0.0, 0.0, 0.0, 1.0, 1.0, 1.0, 2.0, 0.0, 1.0, 0.0, 1.0]","[-9.0, 12.0, 14.0, 14.0, 11.0, 12.0, 9.0, 10.0, -14.0, 14.0, 11.0, 10.0, 9.0, 0.0, 3.0, 13.0]"
1,1791639705.7011259,"[-50.80023, 88.94646, 50.45020199999999, 50.45020199999999, -0.17501400000000444, 72.774516, 37.881789, 38.936481000000015, 51.15333000000001, 88.33122300000002, 50.18652900000001, 50.098637999999994, -1.8449430000000007, 103.88792999999998, 85.34292900000003, 71.28036900000001]","[0.0, 2.0, 3.0, 1.0, 0.0, 0.0, 0.0, 1.0, 1.0, 1.0, 3.0, 3.0, 0.0, 1.0, 1.0, 1.0]","[-9.0, 12.0, 13.0, 15.0, 11.0, 11.0, 9.0, 10.0, -14.0, 13.0, 9.0, 10.0, 10.0, 0.0, 0.0, 13.0]"
1,1791639705.92513,"[-51.767031, 89.03435100000002, 51.417002999999994, 51.417002999999994, -0.17501400000000444, 72.774516, 37.881789, 38.936481000000015, 52.03224, 88.33122300000002, 51.15333000000001, 50.889657, -1.8449430000000007, 103.88792999999998, 85.34292900000003, 71.28036900000001]","[0.0, 1.0, 4.0, 3.0, 0.0, 0.0, 0.0, 1.0, 1.0, 1.0, 1.0, 3.0, 0.0, 1.0, 1.0, 1.0]","[-9.0, 12.0, 14.0, 14.0, 12.0, 11.0, 9.0, 9.0, 0.0, 14.0, 11.0, 11.0, 10.0, 0.0, 0.0, 13.0]"
1,1791639706.1491392,"[-52.73383199999999, 88.94646, 52.208022, 52.29591300000001, -0.17501400000000444, 72.774516, 37.881789, 38.936481000000015, 53.174823, 88.33122300000002, 52.29591300000001, 51.94434900000002, -1.8449430000000007, 103.88792999999998, 85.34292900000003, 71.28036900000001]","[-2.0, 1.0, 1.0, 1.0, 0.0, 0.0, 0.0, 0.0, 1.0, 1.0, 2.0, 1.0, 0.0, 1.0, 0.0, 1.0]","[-9.0, 12.0, 15.0, 15.0, 11.0, 11.0, 9.0, 9.0, -8.0, 14.0, 10.0, 10.0, 10.0, 0.0, 1.0, 13.0]"
1,1791639706.3709347,"[-53.788523999999995, 88.94646, 52.999041000000005, 53.26271400000002, -0.17501400000000444, 72.774516, 37.881789, 38.936481000000015, 54.053732999999994, 88.33122300000002, 53.174823, 52.999041000000005, -1.8449430000000007, 103.88792999999998, 85.34292900000003, 71.28036900000001]","[-2.0, 0.0, 3.0, 2.0, 0.0, 0.0, 0.0, 1.0, 1.0, 1.0, 1.0, 3.0, 0.0, 1.0, 0.0, 1.0]","[-8.0, 12.0, 16.0, 15.0, 11.0, 11.0, 9.0, 9.0, -1.0, 14.0, 10.0, 10.0, 9.0, 0.0, 9.0, 13.0]"
1,1791639706.5966752,"[-54.491652, 88.94646, 53.526387, 54.317406000000005, -0.17501400000000444, 72.774516, 37.881789, 38.936481000000015, 55.10842500000001, 88.33122300000002, 54.053732999999994, 53.79006000000001, -1.8449430000000007, 103.88792999999998, 85.34292900000003, 71.28036900000001]","[0.0, 0.0, 1.0, 2.0, 0.0, 0.0, 0.0, 1.0, 1.0, 1.0, 2.0, 1.0, 0.0, 1.0, 1.0, 0.0]","[-9.0, 12.0, 17.0, 14.0, 12.0, 12.0, 9.0, 10.0, -14.0, 13.0, 10.0, 11.0, 10.0, 0.0, 0.0, 14.0]"
1,1791639706.8173997,"[-55.45845299999999, 88.85856899999999, 54.493188, 55.10842500000001, -0.17501400000000444, 72.774516, 37.881789, 38.936481000000015, 56.163117, 88.33122300000002, 55.10842500000001, 55.020534, -1.8449430000000007, 103.88792999999998, 85.34292900000003, 71.28036900000001]","[0.0, 0.0, 2.0, 2.0, 0.0, 0.0, 0.0, 1.0, 1.0, 1.0, 1.0, 2.0, 0.0, 1.0, 1.0, 0.0]","[-10.0, 12.0, 17.0, 15.0, 12.0, 10.0, 10.0, 9.0, -14.0, 14.0, 10.0, 11.0, 11.0, 0.0, 0.0, 13.0]"
1,1791639707.0449212,"[-56.425253999999995, 88.85856899999999, 55.10842500000001, 55.987335, -0.17501400000000444, 72.774516, 37.881789, 38.936481000000015, 56.954136000000005, 88.33122300000002, 56.075226000000015, 55.89944400000002, -1.8449430000000007, 103.88792999999998, 85.34292900000003, 71.28036900000001]","[1.0, 0.0, 1.0, 1.0, 0.0, 0.0, 0.0, 1.0, 1.0, 1.0, 3.0, 2.0, 0.0, 1.0, 1.0, 1.0]","[-11.0, 12.0, 18.0, 15.0, 12.0, 11.0, 9.0, 10.0, 0.0, 14.0, 10.0, 12.0, 12.0, 0.0, 0.0, 13.0]"
1,1791639707.2666516,"[-57.040491, 88.77067799999998, 55.89944400000002, 56.954136000000005, -0.17501400000000444, 72.774516, 37.881789, 38.936481000000015, 57.92093700000001, 88.33122300000002, 56.86624499999999, 56.86624499999999, -1.8449430000000007, 103.88792999999998, 85.34292900000003, 71.28036900000001]","[0.0, 0.0, 1.0, 2.0, 0.0, 0.0, 0.0, 1.0, 0.0, 1.0, 1.0, 2.0, 0.0, 1.0, 1.0, 0.0]","[-10.0, 13.0, 19.0, 14.0, 11.0, 11.0, 9.0, 9.0, 0.0, 14.0, 11.0, 10.0, 10.0, 0.0, 2.0, 7.0]"
1,1791639707.4890528,"[-58.534638, 88.77067799999998, 57.129918, 58.008827999999994, -0.17501400000000444, 72.774516, 37.881789, 38.936481000000015, 58.975629, 88.33122300000002, 58.008827999999994, 57.92093700000001, -1.8449430000000007, 103.88792999999998, 85.34292900000003, 71.36825999999999]","[-3.0, 0.0, 4.0, 1.0, 0.0, 0.0, 0.0, 0.0, 1.0, 1.0, 3.0, 5.0, 0.0, 1.0, 0.0, 0.0]","[-9.0, 14.0, 18.0, 15.0, 11.0, 11.0, 9.0, 9.0, 0.0, 14.0, 11.0, 11.0, 9.0, 0.0, 1.0, 5.0]"
1,1791639707.7168977,"[-59.149874999999994, 88.77067799999998, 58.008827999999994, 59.23930200000001, -0.17501400000000444, 72.774516, 37.881789, 38.936481000000015, 59.94243, 88.33122300000002, 58.975629, 58.799847, -1.8449430000000007, 103.88792999999998, 85.34292900000003, 71.36825999999999]","[0.0, 0.0, 1.0, 3.0, 0.0, 0.0, 0.0, 0.0, 1.0, 1.0, 3.0, 2.0, 0.0, 1.0, 1.0, 1.0]","[-11.0, 14.0, 18.0, 15.0, 11.0, 11.0, 9.0, 10.0, 0.0, 14.0, 11.0, 10.0, 9.0, 0.0, 0.0, 0.0]"
1,1791639707.9393306,"[-60.204567, 88.68278700000002, 59.151410999999996, 59.23930200000001, -0.17501400000000444, 72.774516, 37.881789, 38.936481000000015, 60.99712199999999, 88.33122300000002, 60.20610300000001, 58.88773800000001, -1.8449430000000007, 103.88792999999998, 85.34292900000003, 71.36825999999999]","[-1.0, 0.0, 2.0, 1.0, 0.0, 0.0, 0.0, 1.0, 1.0, 1.0, 3.0, 1.0, 0.0, 1.0, 1.0, 1.0]","[-10.0, 15.0, 17.0, 15.0, 12.0, 11.0, 10.0, 9.0, 0.0, 14.0, 10.0, 11.0, 9.0, 0.0, 1.0, 0.0]"
1,1791639708.1615844,"[-61.34715, 88.68278700000002, 59.94243, 59.327192999999994, -0.17501400000000444, 72.774516, 37.881789, 38.936481000000015, 61.963922999999994, 88.33122300000002, 61.348686000000015, 58.88773800000001, -1.8449430000000007, 103.88792999999998, 85.34292900000003, 71.36825999999999]","[0.0, 0.0, 6.0, 2.0, 0.0, 0.0, 0.0, 0.0, 1.0, 1.0, 4.0, 0.0, 0.0, 1.0, 0.0, 1.0]","[-9.0, 12.0, 18.0, 15.0, 11.0, 10.0, 9.0, 10.0, 0.0, 14.0, 10.0, 10.0, 9.0, 0.0, 0.0, 0.0]"
1,1791639708.3862844,"[-62.577624, 88.85856899999999, 62.754942, 59.50297499999999, -0.17501400000000444, 72.774516, 37.881789, 38.936481000000015, 62.930724, 88.33122300000002, 62.31548699999999, 58.88773800000001, -1.8449430000000007, 103.88792999999998, 85.34292900000003, 71.36825999999999]","[-2.0, 3.0, 8.0, 1.0, 0.0, 0.0, 0.0, 0.0, 1.0, 1.0, 1.0, 1.0, 0.0, 1.0, 0.0, 1.0]","[-9.0, 12.0, 13.0, 13.0, 12.0, 12.0, 9.0, 10.0, 0.0, 14.0, 10.0, 12.0, 10.0, 0.0, 0.0, 0.0]"
1,1791639708.6092894,"[-63.720207, 88.94646, 63.80963400000002, 59.50297499999999, -0.17501400000000444, 72.774516, 37.881789, 38.936481000000015, 63.985416000000015, 88.33122300000002, 63.19439700000001, 58.88773800000001, -1.8449430000000007, 103.88792999999998, 85.34292900000003, 71.36825999999999]","[0.0, 1.0, 1.0, 1.0, 0.0, 0.0, 0.0, 0.0, 1.0, 1.0, 1.0, 1.0, 0.0, 1.0, 1.0, 1.0]","[-9.0, 12.0, 14.0, 14.0, 11.0, 11.0, 10.0, 10.0, 0.0, 14.0, 10.0, 11.0, 10.0, 0.0, 0.0, 0.0]"
1,1791639708.8337636,"[-64.774899, 89.03435100000002, 64.68854400000001, 59.50297499999999, -0.17501400000000444, 72.774516, 37.881789, 38.936481000000015, 64.95221699999999, 88.33122300000002, 64.249089, 58.88773800000001, -1.8449430000000007, 103.88792999999998, 85.34292900000003, 71.36825999999999]","[0.0, 1.0, 1.0, 1.0, 0.0, 0.0, 0.0, 1.0, 1.0, 1.0, 4.0, 1.0, 0.0, 1.0, 0.0, 1.0]","[-8.0, 12.0, 14.0, 13.0, 12.0, 11.0, 10.0, 7.0, 0.0, 14.0, 9.0, 11.0, 9.0, 0.0, 0.0, 0.0]"
1,1791639709.0608191,"[-65.390136, 89.03435100000002, 65.47956300000001, 59.50297499999999, -0.17501400000000444, 72.774516, 37.881789, 38.936481000000015, 65.919018, 88.33122300000002, 65.21589, 58.88773800000001, -1.8449430000000007, 103.88792999999998, 85.34292900000003, 71.36825999999999]","[0.0, 0.0, 1.0, 1.0, 0.0, 0.0, 0.0, 0.0, 1.0, 1.0, 2.0, 1.0, 0.0, 1.0, 0.0, 1.0]","[-9.0, 12.0, 14.0, 14.0, 11.0, 11.0, 10.0, 8.0, 0.0, 15.0, 10.0, 11.0, 10.0, 0.0, 0.0, 0.0]"
1,1791639709.282819,"[-66.62061, 89.03435100000002, 66.710037, 59.50297499999999, -0.17501400000000444, 72.774516, 37.881789, 38.936481000000015, 66.97371000000001, 88.33122300000002, 66.00690900000001, 58.88773800000001, -1.8449430000000007, 103.88792999999998, 85.34292900000003, 71.36825999999999]","[-1.0, 1.0, 3.0, 1.0, 0.0, 0.0, 0.0, 1.0, 1.0, 1.0, 1.0, 0.0, 0.0, 1.0, 1.0, 1.0]","[-10.0, 11.0, 14.0, 15.0, 12.0, 11.0, 9.0, 5.0, 0.0, 14.0, 11.0, 10.0, 10.0, 0.0, 0.0, 0.0]"
1,1791639709.5085683,"[-67.49952, 89.03435100000002, 67.58894699999999, 59.50297499999999, -0.17501400000000444, 72.774516, 37.881789, 38.936481000000015, 67.94051100000001, 88.33122300000002, 66.79792800000001, 58.88773800000001, -1.8449430000000007, 103.88792999999998, 85.25503800000001, 71.36825999999999]","[0.0, 1.0, 1.0, 1.0, 0.0, 0.0, 0.0, 0.0, 1.0, 1.0, 1.0, 1.0, 0.0, 1.0, 0.0, 1.0]","[-10.0, 12.0, 14.0, 13.0, 11.0, 11.0, 9.0, 10.0, 0.0, 14.0, 12.0, 11.0, 9.0, 0.0, 0.0, 0.0]"
1,1791639709.732744,"[-68.37843, 89.03435100000002, 68.73152999999999, 59.50297499999999, -0.17501400000000444, 72.774516, 37.881789, 38.936481000000015, 68.995203, 88.33122300000002, 67.58894699999999, 58.88773800000001, -1.8449430000000007, 103.88792999999998, 85.34292900000003, 71.36825999999999]","[0.0, 1.0, 4.0, 1.0, 0.0, 0.0, 0.0, 0.0, 1.0, 1.0, 1.0, 1.0, 0.0, 1.0, 0.0, 1.0]","[-10.0, 12.0, 14.0, 14.0, 11.0, 11.0, 10.0, 9.0, 0.0, 14.0, 12.0, 11.0, 9.0, 0.0, 1.0, 0.0]"
1,1791639709.9559941,"[-69.433122, 89.03435100000002, 69.522549, 59.50297499999999, -0.17501400000000444, 72.774516, 37.881789, 38.936481000000015, 69.96200400000001, 88.33122300000002, 67.94051100000001, 58.88773800000001, -1.8449430000000007, 103.88792999999998, 85.34292900000003, 71.36825999999999]","[-1.0, 1.0, 1.0, 1.0, 0.0, 0.0, 0.0, 0.0, 3.0, 1.0, 1.0, 1.0, 0.0, 1.0, 0.0, 1.0]","[-9.0, 12.0, 14.0, 14.0, 10.0, 12.0, 10.0, 10.0, 0.0, 14.0, 13.0, 11.0, 11.0, 0.0, 0.0, 0.0]"
1,1791639710.1806843,"[-70.312032, 89.03435100000002, 70.40145900000002, 59.50297499999999, -0.17501400000000444, 72.774516, 37.881789, 38.936481000000015, 70.92880500000001, 88.41911399999998, 68.555748, 58.88773800000001, -1.8449430000000007, 103.88792999999998, 85.34292900000003, 71.36825999999999]","[-1.0, 1.0, 1.0, 1.0, 0.0, 0.0, 0.0, 0.0, 2.0, 1.0, 2.0, 0.0, 0.0, 1.0, 0.0, 1.0]","[-10.0, 11.0, 15.0, 13.0, 11.0, 11.0, 10.0, 10.0, 0.0, 13.0, 14.0, 11.0, 10.0, 0.0, 0.0, 0.0]"
1,1791639710.402222,"[-71.103051, 89.298024, 71.36825999999999, 59.50297499999999, -0.17501400000000444, 72.774516, 37.881789, 38.936481000000015, 71.89560600000002, 88.85856899999999, 69.08309400000002, 58.88773800000001, -1.8449430000000007, 103.88792999999998, 85.34292900000003, 71.36825999999999]","[0.0, 1.0, 2.0, 1.0, 0.0, 0.0, 0.0, 0.0, 3.0, 2.0, 2.0, 0.0, 0.0, 1.0, 1.0, 1.0]","[-11.0, 11.0, 15.0, 14.0, 12.0, 11.0, 10.0, 6.0, 13.0, 12.0, 17.0, 12.0, 10.0, 0.0, 0.0, 0.0]"
1,1791639710.6245186,"[-72.245634, 89.298024, 72.159279, 59.50297499999999, -0.17501400000000444, 72.774516, 37.881789, 38.936481000000015, 72.59873400000001, 89.03435100000002, 69.698331, 58.88773800000001, -1.8449430000000007, 103.88792999999998, 85.34292900000003, 71.36825999999999]","[-1.0, 1.0, 2.0, 1.0, 0.0, 0.0, 0.0, 1.0, 0.0, 2.0, 1.0, 0.0, 0.0, 1.0, 0.0, 1.0]","[-11.0, 11.0, 14.0, 15.0, 11.0, 12.0, 9.0, 4.0, 14.0, 12.0, 18.0, 11.0, 10.0, 0.0, 3.0, 0.0]"
1,1791639710.8527424,"[-73.036653, 89.38591500000001, 72.774516, 59.50297499999999, -0.17501400000000444, 72.774516, 37.881789, 39.024372, 73.38975300000001, 89.21013299999998, 70.04989499999999, 58.799847, -1.8449430000000007, 103.88792999999998, 85.34292900000003, 71.36825999999999]","[0.0, 1.0, 1.0, 1.0, 0.0, 0.0, 0.0, 1.0, 1.0, 2.0, 1.0, 0.0, 0.0, 1.0, 0.0, 1.0]","[-11.0, 10.0, 16.0, 14.0, 12.0, 11.0, 9.0, 4.0, 14.0, 11.0, 25.0, 12.0, 10.0, 0.0, 0.0, 0.0]"
1,1791639711.074351,"[-73.563999, 89.56169699999998, 73.03818900000002, 59.50297499999999, -0.17501400000000444, 72.774516, 37.881789, 38.936481000000015, 74.092881, 89.298024, 70.22567699999999, 58.88773800000001, -1.8449430000000007, 103.88792999999998, 85.34292900000003, 71.36825999999999]","[0.0, 1.0, 1.0, 1.0, 0.0, 0.0, 0.0, 1.0, 1.0, 1.0, 1.0, 1.0, 0.0, 1.0, 0.0, 1.0]","[-12.0, 11.0, 18.0, 14.0, 12.0, 11.0, 10.0, 7.0, 15.0, 11.0, 28.0, 11.0, 10.0, 0.0, 0.0, 0.0]"
1,1791639711.2970004,"[-73.563999, 89.649588, 73.477644, 59.41508400000001, -0.17501400000000444, 72.774516, 37.881789, 38.936481000000015, 74.092881, 89.298024, 70.57724100000001, 58.799847, -1.8449430000000007, 103.88792999999998, 85.34292900000003, 71.36825999999999]","[0.0, 1.0, 1.0, 0.0, 0.0, 0.0, 0.0, 1.0, 1.0, 0.0, 1.0, 0.0, 0.0, 1.0, 1.0, 1.0]","[-12.0, 10.0, 21.0, 14.0, 12.0, 11.0, 9.0, 9.0, 15.0, 11.0, 36.0, 11.0, 9.0, 0.0, 0.0, 0.0]"
1,1791639711.520282,"[-73.739781, 89.73747900000001, 73.91709900000001, 59.23930200000001, -0.17501400000000444, 72.774516, 37.881789, 38.936481000000015, 74.092881, 89.298024, 70.40145900000002, 58.799847, -1.8449430000000007, 103.88792999999998, 85.34292900000003, 71.36825999999999]","[0.0, 1.0, 0.0, 0.0, 0.0, 0.0, 0.0, 1.0, 1.0, 0.0, 0.0, 0.0, 0.0, 1.0, 1.0, 1.0]","[-12.0, 11.0, 25.0, 15.0, 11.0, 12.0, 11.0, 9.0, 13.0, 0.0, 9.0, 2.0, 9.0, 0.0, 0.0, 0.0]"
1,1791639711.7486434,"[-73.739781, 89.73747900000001, 74.268663, 59.23930200000001, -0.17501400000000444, 72.774516, 37.881789, 39.024372, 74.092881, 89.298024, 70.40145900000002, 58.711956000000015, -1.8449430000000007, 103.88792999999998, 85.34292900000003, 71.36825999999999]","[0.0, 1.0, 1.0, 0.0, 0.0, 0.0, 0.0, 1.0, 1.0, 1.0, 0.0, 0.0, 0.0, 1.0, 0.0, 1.0]","[-12.0, 10.0, 27.0, 15.0, 11.0, 12.0, 10.0, 7.0, 14.0, -1.0, 9.0, 9.0, 10.0, 0.0, 0.0, 0.0]"
1,1791639711.9703817,"[-73.82767199999999, 89.82537000000002, 74.796009, 59.151410999999996, -0.17501400000000444, 72.774516, 37.881789, 38.936481000000015, 74.092881, 89.298024, 70.40145900000002, 58.799847, -1.8449430000000007, 103.88792999999998, 85.34292900000003, 71.36825999999999]","[0.0, 1.0, 2.0, 0.0, 0.0, 0.0, 0.0, 1.0, 1.0, 1.0, 0.0, 0.0, 0.0, 1.0, 1.0, 1.0]","[-11.0, 10.0, 33.0, 15.0, 11.0, 12.0, 10.0, 9.0, 14.0, 0.0, 9.0, 7.0, 10.0, 0.0, 0.0, 0.0]"
1,1791639712.19322,"[-73.915563, 89.82537000000002, 75.05968200000001, 59.151410999999996, -0.17501400000000444, 72.774516, 37.881789, 38.936481000000015, 74.092881, 89.298024, 70.40145900000002, 58.711956000000015, -1.8449430000000007, 103.88792999999998, 85.25503800000001, 71.36825999999999]","[1.0, 1.0, 1.0, 0.0, 0.0, 0.0, 0.0, 1.0, 1.0, 0.0, 0.0, 0.0, 0.0, 1.0, 0.0, 1.0]","[-11.0, 11.0, 37.0, 15.0, 11.0, 11.0, 10.0, 8.0, 13.0, -3.0, 10.0, 8.0, 11.0, 0.0, 1.0, 0.0]"
1,1791639712.4187727,"[-73.915563, 89.82537000000002, 74.971791, 59.151410999999996, -0.17501400000000444, 72.774516, 37.881789, 38.936481000000015, 74.092881, 89.298024, 70.40145900000002, 58.799847, -1.8449430000000007, 103.88792999999998, 85.34292900000003, 71.36825999999999]","[1.0, 1.0, 1.0, 0.0, 0.0, 0.0, 0.0, 0.0, 1.0, 0.0, 0.0, 2.0, 0.0, 1.0, 1.0, 1.0]","[0.0, 10.0, 13.0, 0.0, 11.0, 11.0, 10.0, 11.0, 13.0, 0.0, 9.0, 0.0, 9.0, 0.0, 0.0, 0.0]"
2,1791639714.4360673,"[0.0007679999999936626, -4.92112800000001, -1.229705999999993, -0.17501400000000444, -0.08712299999999118, -5.096910000000008, 0.0007679999999936626, -0.2629049999999893, 0.08865900000000693, -5.272692000000006, -1.053923999999995, 0.17654999999999177, -1.3175970000000063, 178.243716, 39.991173, 25.577048999999988]","[0.0, 1.0, 1.0, 0.0, 0.0, 1.0, 1.0, 0.0, 1.0, 0.0, 1.0, 0.0, 0.0, 1.0, 0.0, 0.0]","[-9.0, 31.0, 16.0, 14.0, 0.0, 33.0, -10.0, 10.0, -14.0, 35.0, 10.0, -9.0, 12.0, 16.0, 0.0, -15.0]"
2,1791639714.6582825,"[0.0007679999999936626, -4.92112800000001, -1.229705999999993, 0.08865900000000693, -0.08712299999999118, -4.92112800000001, 0.6160050000000012, -0.08712299999999118, 0.0007679999999936626, -5.272692000000006, -1.053923999999995, 0.26444100000000503, -1.3175970000000063, 177.98004300000002, 40.07906399999999, 25.752831000000015]","[0.0, 1.0, 1.0, 1.0, 0.0, 1.0, 1.0, 1.0, 0.0, 0.0, 0.0, 1.0, 0.0, 0.0, 0.0, 1.0]","[-8.0, 38.0, 21.0, 14.0, 0.0, 51.0, 10.0, 12.0, -14.0, 45.0, 14.0, 10.0, 16.0, -13.0, 11.0, 14.0]"
2,1791639714.8803067,"[0.0007679999999936626, -4.745346000000012, -0.08712299999999118, 0.44022300000000314, -0.08712299999999118, -3.7785450000000083, 1.2312420000000088, 0.08865900000000693, 0.0007679999999936626, -4.833236999999997, -0.6144689999999855, 0.44022300000000314, -1.3175970000000063, 177.62847900000003, 40.518519, 26.368067999999994]","[0.0, 1.0, 1.0, 1.0, 0.0, 1.0, 2.0, 1.0, 0.0, 1.0, 1.0, 1.0, 0.0, 0.0, 2.0, 2.0]","[-10.0, 46.0, 18.0, 17.0, 0.0, 59.0, 11.0, 14.0, -14.0, 51.0, 16.0, 11.0, 20.0, -25.0, 15.0, 14.0]"
2,1791639715.1051526,"[0.0007679999999936626, -4.745346000000012, 0.8796780000000126, 1.582806000000005, -0.08712299999999118, -2.8117440000000045, 1.846478999999988, 1.407024000000007, 0.0007679999999936626, -4.657454999999999, 0.44022300000000314, 1.0554600000000107, -1.3175970000000063, 176.92535099999998, 41.48532, 27.159087]","[0.0, 1.0, 1.0, 4.0, 0.0, 2.0, 1.0, 1.0, 1.0, 2.0, 4.0, 2.0, 0.0, 0.0, 5.0, 1.0]","[-9.0, 56.0, 19.0, 16.0, 0.0, 63.0, 12.0, 13.0, -14.0, 60.0, 16.0, 16.0, 29.0, -42.0, 13.0, 14.0]"
2,1791639715.3323705,"[0.0007679999999936626, -3.514871999999997, 1.7585880000000031, 2.4617159999999956, -0.08712299999999118, 0.17654999999999177, 2.6374979999999937, 2.1101519999999994, 0.0007679999999936626, -4.657454999999999, 1.407024000000007, 1.0554600000000107, -1.3175970000000063, 173.40971100000002, 42.452121000000005, 28.125888000000003]","[0.0, 1.0, 1.0, 2.0, 0.0, 6.0, 1.0, 1.0, 1.0, 1.0, 3.0, 1.0, 0.0, -5.0, 2.0, 1.0]","[-8.0, 55.0, 19.0, 16.0, 0.0, 54.0, 13.0, 14.0, -13.0, 68.0, 16.0, 18.0, 36.0, -33.0, 13.0, 15.0]"
2,1791639715.5562987,"[0.0007679999999936626, -3.514871999999997, 2.813279999999992, 3.6042989999999975, -0.08712299999999118, 1.846478999999988, 3.4285169999999994, 3.3406260000000145, 0.0007679999999936626, -3.2511989999999855, 1.846478999999988, 3.076953000000003, -1.3175970000000063, 169.894071, 43.155249, 29.268471000000005]","[0.0, 1.0, 3.0, 3.0, 0.0, 4.0, 1.0, 3.0, 0.0, 1.0, 1.0, 5.0, 0.0, -5.0, 2.0, 2.0]","[-8.0, 64.0, 19.0, 16.0, 0.0, 61.0, 13.0, 13.0, -13.0, 66.0, 18.0, 13.0, 43.0, -29.0, 14.0, 15.0]"
2,1791639715.7770832,"[0.0007679999999936626, -1.3175970000000063, 3.4285169999999994, 4.483208999999988, -0.08712299999999118, 3.6921900000000107, 4.395318000000003, 4.30742699999999, 0.08865900000000693, -3.2511989999999855, 3.076953000000003, 4.043754000000007, 0.44022300000000314, 168.31203299999999, 44.56150500000001, 30.147380999999996]","[0.0, 5.0, 1.0, 3.0, 0.0, 3.0, 1.0, 1.0, 1.0, 1.0, 3.0, 1.0, 7.0, 0.0, 4.0, 1.0]","[-9.0, 51.0, 22.0, 18.0, 0.0, 65.0, 14.0, 12.0, -13.0, 81.0, 17.0, 14.0, 31.0, -44.0, 13.0, 15.0]"
2,1791639716.0033398,"[0.0007679999999936626, -1.1418150000000082, 4.834773000000013, 5.537901000000005, -0.08712299999999118, 5.889465000000001, 5.274227999999994, 5.274227999999994, 0.0007679999999936626, -3.2511989999999855, 4.219536000000005, 5.010555000000011, 1.6706969999999899, 164.79639300000002, 45.440415, 31.202073000000013]","[0.0, 0.0, 3.0, 1.0, 0.0, 8.0, 4.0, 1.0, 0.0, 1.0, 4.0, 1.0, 3.0, -8.0, 5.0, 1.0]","[-8.0, 61.0, 19.0, 16.0, 0.0, 58.0, 14.0, 14.0, -13.0, 94.0, 15.0, 15.0, 33.0, -35.0, 12.0, 14.0]"
2,1791639716.2282085,"[0.0007679999999936626, -1.053923999999995, 5.889465000000001, 6.680484000000007, -0.08712299999999118, 7.735175999999996, 6.2410289999999975, 6.504702000000009, 0.0007679999999936626, 0.17654999999999177, 5.098445999999996, 6.2410289999999975, 2.1101519999999994, 161.632317, 46.67088899999999, 32.16887399999999]","[0.0, 1.0, 2.0, 2.0, 0.0, 6.0, 5.0, 6.0, 1.0, 11.0, 2.0, 3.0, 6.0, -6.0, 3.0, 1.0]","[-9.0, 69.0, 20.0, 15.0, 0.0, 57.0, 13.0, 13.0, -13.0, 57.0, 19.0, 12.0, 34.0, -36.0, 13.0, 15.0]"
2,1791639716.4499218,"[0.0007679999999936626, 1.2312420000000088, 6.2410289999999975, 7.5593939999999975, -0.08712299999999118, 9.844560000000001, 7.207830000000001, 7.383611999999999, 0.0007679999999936626, 0.26444100000000503, 6.2410289999999975, 7.207830000000001, 3.7800809999999956, 158.38035000000002, 47.63768999999999, 33.31145699999999]","[0.0, 1.0, 6.0, 2.0, 0.0, 4.0, 0.0, 1.0, 1.0, 1.0, 4.0, 1.0, 4.0, -4.0, 3.0, 3.0]","[-9.0, 55.0, 21.0, 17.0, 0.0, 62.0, 14.0, 14.0, -14.0, 73.0, 15.0, 14.0, 33.0, -36.0, 12.0, 14.0]"
2,1791639716.6722305,"[0.0007679999999936626, 1.2312420000000088, 7.823067000000009, 8.701977, -0.08712299999999118, 11.426598000000013, 8.26252199999999, 8.526195000000001, 0.0007679999999936626, 0.3523319999999899, 6.94415699999999, 7.735175999999996, 4.395318000000003, 155.655729, 48.428709, 34.36614900000001]","[0.0, 1.0, 1.0, 1.0, 0.0, 1.0, 2.0, 2.0, 1.0, 2.0, 4.0, 5.0, 1.0, -3.0, 2.0, 4.0]","[-9.0, 68.0, 19.0, 17.0, 0.0, 65.0, 14.0, 13.0, -14.0, 78.0, 16.0, 14.0, 32.0, -36.0, 14.0, 14.0]"
2,1791639716.8967466,"[0.0007679999999936626, 3.3406260000000145, 8.877758999999998, 9.58088699999999, -0.08712299999999118, 13.53598199999999, 9.317214000000007, 9.405104999999992, 0.0007679999999936626, 3.2527350000000013, 7.998849000000007, 9.317214000000007, 5.9773560000000145, 152.667435, 49.571292, 35.33295000000001]","[0.0, 4.0, 4.0, 2.0, 0.0, 9.0, 2.0, 1.0, 0.0, 10.0, 1.0, 2.0, 5.0, -5.0, 1.0, 3.0]","[-9.0, 51.0, 20.0, 16.0, 0.0, 59.0, 14.0, 13.0, -13.0, 56.0, 18.0, 13.0, 30.0, -35.0, 14.0, 13.0]"
2,1791639717.1229184,"[0.0007679999999936626, 3.4285169999999994, 9.756668999999988, 10.635579000000007, -0.08712299999999118, 15.909039000000007, 10.28401500000001, 10.371905999999996, 0.0007679999999936626, 4.219536000000005, 9.053540999999996, 10.108233000000013, 6.856266000000005, 150.294378, 50.538093, 36.21186]","[0.0, 1.0, 1.0, 2.0, 0.0, 3.0, 2.0, 1.0, 0.0, 1.0, 3.0, 3.0, 1.0, 0.0, 2.0, 2.0]","[-9.0, 68.0, 20.0, 16.0, 0.0, 58.0, 14.0, 12.0, -14.0, 59.0, 18.0, 15.0, 30.0, -43.0, 12.0, 15.0]"
2,1791639717.3481157,"[0.0007679999999936626, 3.4285169999999994, 10.547687999999994, 11.514488999999998, -0.08712299999999118, 16.348493999999988, 11.162925000000001, 11.338707, 0.0007679999999936626, 4.219536000000005, 9.668778000000003, 11.075033999999988, 8.086739999999992, 147.393975, 51.50489400000001, 37.354443]","[0.0, 1.0, 1.0, 3.0, 0.0, 7.0, 3.0, 2.0, 1.0, 1.0, 1.0, 2.0, 8.0, -5.0, 1.0, 3.0]","[-9.0, 78.0, 21.0, 16.0, 0.0, 75.0, 14.0, 13.0, -13.0, 71.0, 19.0, 13.0, 28.0, -41.0, 14.0, 14.0]"
2,1791639717.5717366,"[0.0007679999999936626, 6.065246999999999, 11.690270999999996, 12.569181000000015, -0.08712299999999118, 20.039916000000005, 12.21761699999999, 12.393398999999988, 0.08865900000000693, 6.153138000000013, 10.89925199999999, 12.129726000000005, 9.141432000000009, 143.878335, 52.64747700000001, 38.32124400000001]","[0.0, 6.0, 1.0, 3.0, 0.0, 3.0, 1.0, 1.0, 0.0, 6.0, 1.0, 2.0, 1.0, -8.0, 3.0, 2.0]","[-8.0, 59.0, 20.0, 16.0, 0.0, 56.0, 14.0, 14.0, -14.0, 57.0, 18.0, 13.0, 29.0, -36.0, 12.0, 15.0]"
2,1791639717.7961617,"[0.0007679999999936626, 7.471503000000013, 12.569181000000015, 13.448091000000005, -0.08712299999999118, 20.303588999999988, 13.272309000000007, 13.53598199999999, 0.08865900000000693, 6.328920000000011, 11.514488999999998, 13.096527000000009, 9.141432000000009, 140.80214999999998, 53.526387, 39.46382700000001]","[0.0, 3.0, 1.0, 3.0, 0.0, 3.0, 1.0, 3.0, 0.0, 1.0, 4.0, 5.0, 1.0, -2.0, 4.0, 1.0]","[-8.0, 55.0, 20.0, 16.0, 0.0, 70.0, 13.0, 12.0, -14.0, 70.0, 19.0, 13.0, 34.0, -41.0, 12.0, 15.0]"
2,1791639718.0171173,"[0.0007679999999936626, 7.647285000000011, 13.799655000000001, 14.502782999999994, -0.08712299999999118, 24.346575, 14.327000999999996, 14.414892000000009, 0.0007679999999936626, 6.328920000000011, 12.92074500000001, 13.887546000000015, 11.426598000000013, 137.550183, 54.66897, 40.518519]","[0.0, 1.0, 3.0, 2.0, 0.0, 7.0, 3.0, 2.0, 1.0, 1.0, 4.0, 1.0, 4.0, -6.0, 3.0, 3.0]","[-9.0, 65.0, 20.0, 16.0, 0.0, 54.0, 14.0, 13.0, -13.0, 83.0, 17.0, 15.0, 27.0, -33.0, 12.0, 14.0]"
2,1791639718.241938,"[0.0007679999999936626, 9.492996000000005, 14.678564999999992, 15.381693000000013, -0.08712299999999118, 26.192285999999996, 15.381693000000013, 15.821147999999994, 0.08865900000000693, 9.405104999999992, 13.887546000000015, 14.942238000000003, 11.690270999999996, 134.29821600000002, 55.635771000000005, 41.48532]","[0.0, 7.0, 1.0, 3.0, 0.0, 3.0, 1.0, 2.0, 1.0, 13.0, 4.0, 2.0, 1.0, -6.0, 1.0, 3.0]","[-8.0, 54.0, 20.0, 17.0, 0.0, 59.0, 14.0, 12.0, -14.0, 54.0, 17.0, 14.0, 32.0, -32.0, 12.0, 14.0]"
2,1791639718.468021,"[0.0007679999999936626, 9.668778000000003, 15.645365999999996, 16.348493999999988, -0.08712299999999118, 28.30167, 16.524276000000015, 16.787948999999998, 0.08865900000000693, 9.492996000000005, 14.766456000000005, 15.996929999999992, 13.448091000000005, 131.046249, 56.86624499999999, 42.452121000000005]","[0.0, 1.0, 2.0, 1.0, 0.0, 3.0, 3.0, 1.0, 1.0, 1.0, 2.0, 1.0, 4.0, -2.0, 4.0, 2.0]","[-9.0, 66.0, 20.0, 15.0, 0.0, 59.0, 14.0, 12.0, -14.0, 68.0, 18.0, 14.0, 27.0, -31.0, 11.0, 13.0]"
2,1791639718.6896024,"[0.0007679999999936626, 9.668778000000003, 16.787948999999998, 17.403186000000005, -0.08712299999999118, 29.883708000000013, 17.578968000000003, 17.75475, 0.0007679999999936626, 9.492996000000005, 16.084821000000005, 17.05162200000001, 14.590674000000007, 127.79428200000001, 57.92093700000001, 43.41892200000001]","[0.0, 1.0, 1.0, 4.0, 0.0, 1.0, 5.0, 2.0, 1.0, 2.0, 3.0, 4.0, 4.0, -2.0, 3.0, 1.0]","[-8.0, 77.0, 20.0, 15.0, 0.0, 65.0, 13.0, 13.0, -13.0, 82.0, 17.0, 13.0, 26.0, -30.0, 12.0, 14.0]"
2,1791639718.9130614,"[0.0007679999999936626, 12.129726000000005, 17.930532, 18.282095999999996, -0.08712299999999118, 32.344656000000015, 18.36998700000001, 18.457877999999994, 0.0007679999999936626, 9.668778000000003, 16.87584000000001, 18.19420500000001, 15.55747500000001, 125.15755200000001, 59.06352000000001, 44.38572300000001]","[0.0, 11.0, 4.0, 4.0, 0.0, 8.0, 1.0, 1.0, 0.0, 1.0, 1.0, 3.0, 1.0, -3.0, 1.0, 1.0]","[-9.0, 58.0, 18.0, 17.0, 0.0, 59.0, 13.0, 13.0, -14.0, 93.0, 18.0, 13.0, 26.0, -31.0, 13.0, 14.0]"
2,1791639719.1399913,"[0.0007679999999936626, 12.481290000000001, 18.80944199999999, 19.336788000000013, -0.08712299999999118, 34.36614900000001, 19.336788000000013, 19.68835200000001, 0.08865900000000693, 9.668778000000003, 18.106313999999998, 18.897333000000003, 16.436385, 122.78449499999999, 60.118212, 45.528306000000015]","[0.0, 1.0, 1.0, 1.0, 0.0, 5.0, 2.0, 1.0, 1.0, 0.0, 3.0, 1.0, 8.0, 0.0, 3.0, 0.0]","[-8.0, 65.0, 19.0, 17.0, 0.0, 56.0, 14.0, 11.0, -14.0, 107.0, 16.0, 14.0, 27.0, -37.0, 12.0, 14.0]"
2,1791639719.3607864,"[0.0007679999999936626, 12.569181000000015, 19.952024999999992, 20.39148, -0.08712299999999118, 36.65131500000001, 20.215698000000003, 20.655153000000013, 0.08865900000000693, 14.23911000000001, 19.161006000000015, 20.215698000000003, 17.842641000000015, 118.82940000000002, 61.260795, 46.49510699999999]","[0.0, 1.0, 2.0, 3.0, 0.0, 8.0, 1.0, 1.0, 1.0, 14.0, 4.0, 4.0, 3.0, -6.0, 3.0, 2.0]","[-8.0, 78.0, 19.0, 17.0, 0.0, 48.0, 14.0, 13.0, -14.0, 59.0, 16.0, 12.0, 26.0, -30.0, 11.0, 14.0]"
2,1791639719.5849066,"[0.0007679999999936626, 14.590674000000007, 20.83093500000001, 21.44617199999999, -0.08712299999999118, 38.672808, 21.00671700000001, 21.709845, 0.0007679999999936626, 14.23911000000001, 20.215698000000003, 21.182499000000007, 17.842641000000015, 115.57743299999998, 62.227596000000005, 47.54979900000001]","[0.0, 6.0, 1.0, 3.0, 1.0, 1.0, 1.0, 3.0, 1.0, 1.0, 1.0, 3.0, 1.0, -4.0, 2.0, 2.0]","[-8.0, 59.0, 20.0, 16.0, 0.0, 54.0, 14.0, 13.0, -14.0, 72.0, 16.0, 14.0, 29.0, -29.0, 11.0, 14.0]"
2,1791639719.8102086,"[0.0007679999999936626, 14.766456000000005, 22.061408999999998, 22.500864000000007, 0.0007679999999936626, 40.78219200000001, 21.885627, 22.76453699999999, 0.0007679999999936626, 15.645365999999996, 21.094607999999994, 22.32508200000001, 20.12780699999999, 112.58913899999999, 63.45806999999999, 48.51660000000001]","[0.0, 1.0, 1.0, 3.0, 1.0, 8.0, 3.0, 1.0, 1.0, 9.0, 2.0, 2.0, 6.0, -3.0, 3.0, 1.0]","[-8.0, 77.0, 19.0, 16.0, -11.0, 48.0, 16.0, 12.0, -14.0, 60.0, 17.0, 13.0, 23.0, -31.0, 11.0, 14.0]"
2,1791639720.0358975,"[0.0007679999999936626, 17.139512999999994, 22.852428000000003, 22.588754999999992, 0.0007679999999936626, 43.506812999999994, 22.588754999999992, 23.555555999999996, 0.0007679999999936626, 17.578968000000003, 22.14930000000001, 22.32508200000001, 20.918825999999996, 109.33717200000001, 64.51276200000001, 49.483401000000015]","[0.0, 8.0, 1.0, 1.0, 1.0, 5.0, 1.0, 1.0, 0.0, 4.0, 4.0, 1.0, 5.0, -2.0, 1.0, 1.0]","[-8.0, 55.0, 20.0, 20.0, -12.0, 41.0, 17.0, 12.0, -14.0, 56.0, 16.0, 16.0, 23.0, -28.0, 10.0, 14.0]"
2,1791639720.2591808,"[0.0007679999999936626, 17.403186000000005, 23.731337999999994, 24.434466000000015, 0.0007679999999936626, 45.264633, 23.64344700000001, 24.78603000000001, 0.0007679999999936626, 17.666858999999988, 23.116101000000015, 24.170793000000003, 21.885627, 105.909423, 65.567454, 50.45020199999999]","[0.0, 1.0, 1.0, 3.0, 1.0, 2.0, 2.0, 1.0, 0.0, 1.0, 1.0, 3.0, 1.0, -8.0, 2.0, 3.0]","[-9.0, 62.0, 19.0, 16.0, -12.0, 47.0, 17.0, 12.0, -14.0, 66.0, 17.0, 14.0, 23.0, -22.0, 10.0, 14.0]"
2,1791639720.4838457,"[0.0007679999999936626, 19.336788000000013, 24.78603000000001, 25.489158000000003, 0.0007679999999936626, 47.63768999999999, 24.873920999999996, 25.752831000000015, 0.08865900000000693, 19.424678999999998, 24.258683999999988, 25.489158000000003, 23.203992, 102.56956500000001, 66.79792800000001, 51.417002999999994]","[0.0, 4.0, 3.0, 1.0, 1.0, 4.0, 4.0, 2.0, 1.0, 2.0, 3.0, 2.0, 2.0, -6.0, 2.0, 3.0]","[-8.0, 57.0, 20.0, 16.0, -12.0, 43.0, 15.0, 12.0, -15.0, 58.0, 16.0, 12.0, 20.0, -20.0, 10.0, 14.0]"
2,1791639720.7049756,"[0.0007679999999936626, 19.248897, 25.752831000000015, 26.455959000000007, 0.0007679999999936626, 49.13183699999999, 25.840722, 26.895413999999988, 0.0007679999999936626, 19.424678999999998, 25.137594000000007, 26.28017700000001, 24.434466000000015, 99.31759799999998, 68.028402, 52.559585999999996]","[0.0, 0.0, 2.0, 2.0, 1.0, 1.0, 1.0, 2.0, 1.0, 1.0, 2.0, 1.0, 1.0, -2.0, 3.0, 3.0]","[-8.0, 69.0, 19.0, 16.0, -12.0, 50.0, 15.0, 12.0, -14.0, 70.0, 17.0, 12.0, 21.0, -21.0, 0.0, 13.0]"
2,1791639720.9292965,"[0.0007679999999936626, 19.336788000000013, 26.631741000000005, 27.59854200000001, 0.0007679999999936626, 51.50489400000001, 27.071196000000015, 27.334868999999998, 0.08865900000000693, 19.424678999999998, 26.016503999999998, 27.59854200000001, 25.489158000000003, 95.88984900000003, 69.08309400000002, 53.526387]","[0.0, 1.0, 1.0, 2.0, 1.0, 10.0, 4.0, 1.0, 1.0, 1.0, 1.0, 2.0, 2.0, -3.0, 4.0, 1.0]","[-9.0, 78.0, 21.0, 16.0, -12.0, 39.0, 14.0, 12.0, -14.0, 81.0, 17.0, 12.0, 20.0, -18.0, 0.0, 13.0]"
2,1791639721.1558511,"[0.0007679999999936626, 22.412972999999994, 27.59854200000001, 28.653233999999998, 0.0007679999999936626, 53.79006000000001, 28.213778999999988, 28.565343000000013, 0.0007679999999936626, 19.424678999999998, 27.246978000000013, 28.653233999999998, 25.489158000000003, 94.04413799999998, 69.43465800000001, 54.053732999999994]","[0.0, 11.0, 4.0, 3.0, 1.0, 4.0, 2.0, 1.0, 1.0, 1.0, 1.0, 2.0, 1.0, 0.0, 1.0, 1.0]","[-8.0, 52.0, 20.0, 15.0, -12.0, 42.0, 15.0, 12.0, -14.0, 95.0, 17.0, 11.0, 27.0, -28.0, 11.0, 15.0]"
2,1791639721.376513,"[0.0007679999999936626, 22.588754999999992, 28.565343000000013, 29.620035, 0.0007679999999936626, 56.690462999999994, 29.35636199999999, 29.795817, 0.08865900000000693, 23.555555999999996, 28.125888000000003, 29.620035, 25.577048999999988, 94.04413799999998, 69.43465800000001, 54.053732999999994]","[0.0, 1.0, 2.0, 3.0, 1.0, 9.0, 3.0, 3.0, 2.0, 20.0, 1.0, 1.0, 1.0, 0.0, 0.0, 1.0]","[-9.0, 64.0, 20.0, 15.0, -11.0, 33.0, 13.0, 12.0, -13.0, 49.0, 17.0, 12.0, 35.0, -29.0, 14.0, 18.0]"
2,1791639721.6013691,"[0.0007679999999936626, 22.588754999999992, 29.532143999999988, 30.67472699999999, 0.0007679999999936626, 58.36039199999999, 30.586836000000005, 30.762618000000003, 0.0007679999999936626, 23.995011000000005, 29.35636199999999, 30.586836000000005, 25.752831000000015, 94.04413799999998, 69.346767, 54.58107900000002]","[0.0, 1.0, 1.0, 3.0, 0.0, 3.0, 3.0, 1.0, 1.0, 1.0, 1.0, 4.0, 1.0, 1.0, 0.0, 1.0]","[-9.0, 76.0, 20.0, 16.0, -12.0, 36.0, 13.0, 12.0, -14.0, 63.0, 17.0, 12.0, 37.0, -29.0, 17.0, 20.0]"
2,1791639721.8257189,"[0.0007679999999936626, 25.577048999999988, 30.67472699999999, 31.729419000000007, 0.08865900000000693, 60.82133999999999, 31.55363700000001, 31.905201000000005, 0.08865900000000693, 24.96181200000001, 30.147380999999996, 31.641527999999994, 25.928613000000013, 94.04413799999998, 69.25887600000001, 54.93264300000001]","[0.0, 11.0, 3.0, 1.0, 1.0, 8.0, 1.0, 1.0, 2.0, 13.0, 2.0, 2.0, 1.0, 1.0, 1.0, 1.0]","[-9.0, 45.0, 20.0, 15.0, -11.0, 34.0, 13.0, 12.0, -14.0, 53.0, 17.0, 12.0, 51.0, -29.0, 23.0, 24.0]"
2,1791639722.0517533,"[0.0007679999999936626, 26.543849999999992, 31.641527999999994, 32.608329, 0.0007679999999936626, 63.37017900000001, 32.69622000000001, 32.87200200000001, 0.08865900000000693, 27.774324000000007, 31.37785500000001, 32.52043800000001, 25.577048999999988, 94.13202899999999, 69.25887600000001, 54.844752]","[0.0, 1.0, 1.0, 2.0, 1.0, 4.0, 3.0, 3.0, 1.0, 2.0, 4.0, 1.0, 0.0, 1.0, 0.0, 0.0]","[-8.0, 49.0, 20.0, 15.0, -12.0, 30.0, 13.0, 12.0, -14.0, 44.0, 15.0, 12.0, 11.0, -10.0, 10.0, 9.0]"
2,1791639722.274635,"[0.0007679999999936626, 27.774324000000007, 32.87200200000001, 33.83880300000001, 0.0007679999999936626, 65.47956300000001, 34.01458500000001, 34.102475999999996, 0.08865900000000693, 27.774324000000007, 32.52043800000001, 33.663021000000015, 25.577048999999988, 94.13202899999999, 69.25887600000001, 54.93264300000001]","[0.0, 1.0, 4.0, 2.0, 0.0, 1.0, 5.0, 5.0, 1.0, 0.0, 4.0, 3.0, 0.0, 1.0, 1.0, 1.0]","[-8.0, 50.0, 19.0, 15.0, -12.0, 29.0, 12.0, 11.0, -14.0, 54.0, 14.0, 12.0, 11.0, -11.0, 9.0, 5.0]"
2,1791639722.4963503,"[0.0007679999999936626, 28.91690700000001, 33.83880300000001, 34.80560399999999, 0.08865900000000693, 67.76472900000002, 34.981386000000015, 34.981386000000015, 0.08865900000000693, 29.092689000000007, 33.48723899999999, 34.541931000000005, 25.577048999999988, 94.13202899999999, 69.25887600000001, 54.844752]","[0.0, 2.0, 3.0, 2.0, 1.0, 5.0, 3.0, 2.0, 1.0, 3.0, 3.0, 1.0, 0.0, 1.0, 1.0, 0.0]","[-9.0, 52.0, 19.0, 14.0, -11.0, 24.0, 12.0, 12.0, -14.0, 50.0, 17.0, 12.0, 10.0, -10.0, 10.0, 13.0]"
2,1791639722.7210834,"[0.0007679999999936626, 28.91690700000001, 34.893495, 35.860296000000005, 0.0007679999999936626, 70.04989499999999, 36.21186, 35.94818699999999, 0.08865900000000693, 29.092689000000007, 34.541931000000005, 35.245059, 25.577048999999988, 94.13202899999999, 69.25887600000001, 54.844752]","[0.0, 1.0, 3.0, 2.0, 0.0, 6.0, 4.0, 1.0, 1.0, 1.0, 2.0, 1.0, 0.0, 1.0, 1.0, 0.0]","[-8.0, 61.0, 19.0, 15.0, -12.0, 24.0, 11.0, 11.0, -13.0, 61.0, 14.0, 12.0, 10.0, -10.0, 10.0, 9.0]"
2,1791639722.9448233,"[0.0007679999999936626, 31.55363700000001, 36.12396899999999, 36.739205999999996, 0.0007679999999936626, 72.42295200000001, 37.26655199999999, 37.00287900000001, 0.08865900000000693, 31.729419000000007, 35.596622999999994, 36.47553300000001, 25.577048999999988, 94.13202899999999, 69.25887600000001, 54.844752]","[0.0, 6.0, 4.0, 5.0, 0.0, 6.0, 1.0, 2.0, 1.0, 11.0, 2.0, 1.0, 0.0, 1.0, 0.0, 0.0]","[-8.0, 43.0, 18.0, 15.0, -12.0, 22.0, 10.0, 10.0, -14.0, 39.0, 15.0, 12.0, 10.0, -10.0, 10.0, 12.0]"
2,1791639723.1684344,"[0.0007679999999936626, 31.55363700000001, 37.178661000000005, 37.79389800000001, -0.08712299999999118, 72.86240699999999, 37.530225, 37.09076999999999, 0.08865900000000693, 32.344656000000015, 36.563424, 37.354443, 25.577048999999988, 94.13202899999999, 69.25887600000001, 54.844752]","[0.0, 1.0, 2.0, 4.0, 0.0, 1.0, 1.0, 1.0, 1.0, 1.0, 1.0, 1.0, 0.0, 1.0, 0.0, 1.0]","[-9.0, 53.0, 18.0, 15.0, 0.0, 33.0, 13.0, 14.0, -14.0, 47.0, 15.0, 13.0, 10.0, -10.0, 10.0, 12.0]"
2,1791639723.3956094,"[0.0007679999999936626, 33.31145699999999, 38.32124400000001, 38.40913499999999, -0.08712299999999118, 73.38975300000001, 37.618116000000015, 37.881789, 0.08865900000000693, 33.13567499999999, 37.706007, 38.497026000000005, 25.577048999999988, 94.13202899999999, 69.25887600000001, 54.844752]","[0.0, 5.0, 4.0, 1.0, 0.0, 1.0, 1.0, 1.0, 1.0, 3.0, 4.0, 1.0, 0.0, 1.0, 0.0, 0.0]","[-9.0, 44.0, 18.0, 17.0, 0.0, 46.0, 19.0, 14.0, -14.0, 49.0, 14.0, 12.0, 10.0, -10.0, 10.0, 8.0]"
2,1791639723.6195638,"[0.0007679999999936626, 33.48723899999999, 39.28804500000001, 39.46382700000001, -0.08712299999999118, 73.653426, 37.618116000000015, 38.233352999999994, 0.08865900000000693, 33.13567499999999, 38.672808, 39.551717999999994, 25.577048999999988, 94.13202899999999, 69.25887600000001, 54.844752]","[0.0, 1.0, 1.0, 1.0, 0.0, 0.0, 1.0, 1.0, 1.0, 1.0, 1.0, 5.0, 0.0, 1.0, 0.0, 1.0]","[-9.0, 57.0, 18.0, 16.0, 0.0, 64.0, 22.0, 16.0, -13.0, 58.0, 14.0, 12.0, 10.0, -11.0, 10.0, 11.0]"
2,1791639723.8403118,"[0.0007679999999936626, 35.68451400000001, 40.43062800000001, 40.694300999999996, -0.17501400000000444, 74.18077199999999, 37.79389800000001, 38.672808, 0.08865900000000693, 33.13567499999999, 39.815391000000005, 40.694300999999996, 25.577048999999988, 94.13202899999999, 69.25887600000001, 54.93264300000001]","[0.0, 4.0, 4.0, 2.0, 0.0, 1.0, 1.0, 1.0, 1.0, 1.0, 4.0, 4.0, 0.0, 1.0, 0.0, 1.0]","[-8.0, 42.0, 17.0, 16.0, 11.0, 82.0, 26.0, 20.0, -14.0, 72.0, 14.0, 12.0, 10.0, -10.0, 10.0, 1.0]"
2,1791639724.0674074,"[0.0007679999999936626, 35.77240499999999, 41.573211000000015, 41.573211000000015, -0.17501400000000444, 74.268663, 37.79389800000001, 38.76069899999999, 0.08865900000000693, 33.13567499999999, 40.78219200000001, 41.573211000000015, 25.577048999999988, 94.13202899999999, 69.25887600000001, 54.844752]","[0.0, 0.0, 2.0, 3.0, 0.0, 1.0, 0.0, 1.0, 1.0, 1.0, 2.0, 1.0, 0.0, 1.0, 0.0, 1.0]","[-5.0, 51.0, 17.0, 17.0, 11.0, 113.0, 34.0, 25.0, -14.0, 86.0, 13.0, 11.0, 11.0, -10.0, 10.0, 10.0]"
2,1791639724.2915175,"[0.0007679999999936626, 37.79389800000001, 42.627903, 42.803685, -0.17501400000000444, 73.12608, 37.618116000000015, 38.76069899999999, 0.08865900000000693, 37.618116000000015, 42.012665999999996, 42.803685, 25.577048999999988, 94.13202899999999, 69.346767, 54.844752]","[1.0, 5.0, 1.0, 3.0, 0.0, 0.0, 0.0, 1.0, 1.0, 7.0, 2.0, 4.0, 0.0, 1.0, 1.0, 0.0]","[-9.0, 41.0, 16.0, 15.0, 12.0, 12.0, 9.0, 0.0, -14.0, 44.0, 13.0, 11.0, 10.0, -11.0, 8.0, 12.0]"
2,1791639724.5127316,"[-0.08712299999999118, 37.79389800000001, 43.68259499999999, 43.506812999999994, -0.17501400000000444, 73.12608, 37.618116000000015, 38.76069899999999, 0.08865900000000693, 37.618116000000015, 43.06735800000001, 43.770486000000005, 25.577048999999988, 94.13202899999999, 69.25887600000001, 54.93264300000001]","[-1.0, 1.0, 3.0, 1.0, 1.0, 0.0, 1.0, 1.0, 1.0, 0.0, 3.0, 1.0, 0.0, 1.0, 1.0, 1.0]","[-3.0, 52.0, 17.0, 16.0, 11.0, 12.0, 10.0, 0.0, -14.0, 56.0, 13.0, 11.0, 10.0, -11.0, 9.0, 11.0]"
2,1791639724.7394264,"[-0.08712299999999118, 39.90328199999999, 44.73728700000001, 44.825177999999994, -0.17501400000000444, 73.12608, 37.618116000000015, 38.76069899999999, 0.08865900000000693, 38.497026000000005, 44.209941000000015, 45.00095999999999, 25.577048999999988, 94.13202899999999, 69.25887600000001, 54.844752]","[1.0, 9.0, 1.0, 3.0, 0.0, 0.0, 0.0, 1.0, 0.0, 1.0, 3.0, 2.0, 0.0, 1.0, 0.0, 0.0]","[0.0, 37.0, 17.0, 16.0, 11.0, 12.0, 9.0, 0.0, -13.0, 57.0, 12.0, 9.0, 11.0, -10.0, 10.0, 12.0]"
2,1791639724.963233,"[-0.08712299999999118, 40.518519, 45.70408800000001, 45.791979, -0.17501400000000444, 73.12608, 37.618116000000015, 38.76069899999999, 0.08865900000000693, 38.58491699999999, 45.17674199999999, 45.87987000000001, 25.577048999999988, 94.13202899999999, 69.25887600000001, 54.844752]","[0.0, 1.0, 1.0, 1.0, 0.0, 0.0, 0.0, 1.0, 0.0, 0.0, 2.0, 1.0, 0.0, 1.0, 1.0, 0.0]","[0.0, 44.0, 16.0, 15.0, 11.0, 12.0, 10.0, 0.0, -13.0, 68.0, 13.0, 11.0, 11.0, -10.0, 9.0, 12.0]"
2,1791639725.184755,"[-0.08712299999999118, 41.661102, 46.75878, 47.19823500000001, -0.17501400000000444, 73.12608, 37.618116000000015, 38.76069899999999, 0.08865900000000693, 42.27633900000001, 46.407216000000005, 47.110344, 25.577048999999988, 94.13202899999999, 69.25887600000001, 54.93264300000001]","[0.0, 3.0, 2.0, 3.0, 1.0, 0.0, 0.0, 1.0, 1.0, 9.0, 5.0, 2.0, 0.0, 1.0, 0.0, 1.0]","[0.0, 41.0, 16.0, 15.0, 11.0, 12.0, 10.0, 0.0, -14.0, 36.0, 12.0, 11.0, 10.0, -10.0, 9.0, 5.0]"
2,1791639725.4114163,"[-0.08712299999999118, 43.24314000000001, 47.81347199999999, 48.165036000000015, -0.17501400000000444, 73.12608, 37.618116000000015, 38.76069899999999, 0.17654999999999177, 42.36422999999999, 47.54979900000001, 48.165036000000015, 25.577048999999988, 94.13202899999999, 69.25887600000001, 54.93264300000001]","[0.0, 5.0, 3.0, 2.0, 1.0, 0.0, 1.0, 1.0, 1.0, 0.0, 4.0, 4.0, 0.0, 1.0, 0.0, 1.0]","[0.0, 34.0, 16.0, 14.0, 11.0, 13.0, 10.0, 0.0, -14.0, 50.0, 11.0, 10.0, 11.0, -10.0, 10.0, 5.0]"
2,1791639725.632302,"[-0.08712299999999118, 44.56150500000001, 48.780272999999994, 49.219728, -0.17501400000000444, 73.12608, 37.618116000000015, 38.76069899999999, 0.08865900000000693, 44.473614, 48.428709, 49.043946000000005, 25.577048999999988, 94.13202899999999, 69.25887600000001, 54.844752]","[0.0, 3.0, 3.0, 3.0, 0.0, 0.0, 0.0, 1.0, 0.0, 6.0, 3.0, 2.0, 0.0, 1.0, 0.0, 1.0]","[0.0, 35.0, 16.0, 15.0, 11.0, 12.0, 10.0, 0.0, -14.0, 35.0, 11.0, 10.0, 10.0, -11.0, 9.0, 13.0]"
2,1791639725.8555918,"[-0.08712299999999118, 45.616197, 49.65918300000001, 50.45020199999999, -0.08712299999999118, 73.12608, 37.618116000000015, 38.76069899999999, 0.08865900000000693, 44.649395999999996, 49.30761899999999, 50.18652900000001, 25.577048999999988, 94.13202899999999, 69.25887600000001, 54.844752]","[0.0, 1.0, 1.0, 3.0, 1.0, 0.0, 0.0, 1.0, 0.0, 1.0, 1.0, 3.0, 0.0, 1.0, 0.0, 0.0]","[0.0, 35.0, 16.0, 14.0, 7.0, 12.0, 11.0, 0.0, -14.0, 45.0, 12.0, 10.0, 11.0, -10.0, 10.0, 13.0]"
2,1791639726.0834503,"[-0.08712299999999118, 45.616197, 50.713875, 51.417002999999994, -0.17501400000000444, 73.12608, 37.618116000000015, 38.76069899999999, 0.08865900000000693, 46.934562, 50.62598400000002, 50.97754800000001, 25.577048999999988, 94.13202899999999, 69.25887600000001, 54.844752]","[0.0, 1.0, 1.0, 3.0, 1.0, 0.0, 0.0, 1.0, 0.0, 3.0, 3.0, 1.0, 0.0, 1.0, 0.0, 0.0]","[0.0, 43.0, 16.0, 14.0, 11.0, 12.0, 9.0, 0.0, -14.0, 32.0, 11.0, 10.0, 11.0, -11.0, 10.0, 12.0]"
2,1791639726.3061795,"[-0.08712299999999118, 47.98925399999999, 51.94434900000002, 52.383804, -0.17501400000000444, 73.12608, 37.618116000000015, 38.76069899999999, 0.08865900000000693, 47.02245300000001, 51.76856699999999, 52.120131000000015, 25.577048999999988, 94.13202899999999, 69.25887600000001, 54.844752]","[0.0, 7.0, 3.0, 3.0, 1.0, 0.0, 1.0, 1.0, 0.0, 1.0, 1.0, 3.0, 0.0, 1.0, 0.0, 0.0]","[0.0, 29.0, 16.0, 13.0, 12.0, 12.0, 10.0, 0.0, -14.0, 42.0, 12.0, 10.0, 10.0, -11.0, 9.0, 13.0]"
2,1791639726.528003,"[-0.08712299999999118, 49.13183699999999, 52.999041000000005, 53.438496000000015, -0.17501400000000444, 73.12608, 37.618116000000015, 38.76069899999999, 0.08865900000000693, 47.02245300000001, 52.735367999999994, 53.08693199999999, 25.577048999999988, 94.13202899999999, 69.25887600000001, 54.93264300000001]","[1.0, 2.0, 4.0, 3.0, 0.0, 0.0, 0.0, 1.0, 0.0, 1.0, 2.0, 4.0, 0.0, 1.0, 0.0, 1.0]","[-2.0, 30.0, 16.0, 14.0, 12.0, 12.0, 10.0, 0.0, -14.0, 53.0, 11.0, 11.0, 11.0, -11.0, 10.0, 4.0]"
2,1791639726.7529302,"[-0.08712299999999118, 50.098637999999994, 53.96584200000001, 54.317406000000005, -0.17501400000000444, 73.12608, 37.706007, 38.76069899999999, 0.08865900000000693, 50.27441999999999, 53.79006000000001, 53.877950999999996, 25.577048999999988, 94.13202899999999, 69.25887600000001, 54.844752]","[1.0, 1.0, 4.0, 1.0, 1.0, 0.0, 1.0, 1.0, 0.0, 11.0, 4.0, 1.0, 0.0, 1.0, 0.0, 1.0]","[-5.0, 30.0, 15.0, 15.0, 12.0, 12.0, 10.0, 0.0, -14.0, 27.0, 10.0, 11.0, 11.0, -10.0, 10.0, 13.0]"
2,1791639726.9763613,"[-0.08712299999999118, 50.18652900000001, 55.196315999999996, 55.45998900000001, -0.17501400000000444, 73.12608, 37.618116000000015, 38.76069899999999, 0.08865900000000693, 51.417002999999994, 54.844752, 55.10842500000001, 25.577048999999988, 94.13202899999999, 69.25887600000001, 54.844752]","[1.0, 1.0, 4.0, 2.0, 0.0, 0.0, 0.0, 0.0, 0.0, 1.0, 1.0, 2.0, 0.0, 1.0, 1.0, 1.0]","[0.0, 39.0, 15.0, 14.0, 11.0, 11.0, 10.0, 0.0, -15.0, 30.0, 11.0, 10.0, 10.0, -10.0, 8.0, 13.0]"
2,1791639727.1998389,"[-0.08712299999999118, 52.120131000000015, 56.075226000000015, 56.338899, -0.17501400000000444, 73.12608, 37.618116000000015, 38.76069899999999, 0.08865900000000693, 51.680676000000005, 55.987335, 55.987335, 25.577048999999988, 94.13202899999999, 69.25887600000001, 54.93264300000001]","[0.0, 8.0, 1.0, 1.0, 1.0, 0.0, 1.0, 1.0, 0.0, 1.0, 3.0, 1.0, 0.0, 1.0, 0.0, 0.0]","[0.0, 28.0, 15.0, 15.0, 11.0, 11.0, 9.0, 0.0, -14.0, 36.0, 10.0, 10.0, 11.0, -11.0, 10.0, 6.0]"
2,1791639727.424063,"[-0.08712299999999118, 53.702169, 57.129918, 57.21780900000002, -0.17501400000000444, 73.12608, 37.618116000000015, 38.76069899999999, 0.08865900000000693, 52.91114999999999, 56.86624499999999, 57.04202699999999, 25.577048999999988, 94.13202899999999, 69.25887600000001, 54.844752]","[1.0, 3.0, 2.0, 1.0, 1.0, 0.0, 1.0, 1.0, 0.0, 1.0, 1.0, 3.0, 0.0, 1.0, 0.0, 1.0]","[-3.0, 27.0, 15.0, 14.0, 11.0, 13.0, 10.0, 0.0, -15.0, 33.0, 10.0, 11.0, 11.0, -11.0, 10.0, 7.0]"
2,1791639727.650423,"[-0.08712299999999118, 54.844752, 58.36039199999999, 58.272501000000005, -0.17501400000000444, 73.12608, 37.618116000000015, 38.76069899999999, 0.08865900000000693, 54.756861000000015, 57.92093700000001, 58.008827999999994, 25.577048999999988, 94.13202899999999, 69.25887600000001, 54.844752]","[0.0, 2.0, 4.0, 3.0, 1.0, 0.0, 1.0, 1.0, 0.0, 8.0, 4.0, 4.0, 0.0, 1.0, 0.0, 1.0]","[0.0, 25.0, 15.0, 14.0, 11.0, 12.0, 9.0, 0.0, -14.0, 26.0, 11.0, 10.0, 11.0, -11.0, 10.0, 13.0]"
2,1791639727.8738782,"[0.0007679999999936626, 55.635771000000005, 59.50297499999999, 59.23930200000001, -0.08712299999999118, 73.12608, 37.706007, 38.76069899999999, 0.08865900000000693, 55.54787999999999, 59.06352000000001, 58.88773800000001, 25.577048999999988, 94.13202899999999, 69.25887600000001, 54.93264300000001]","[1.0, 1.0, 2.0, 2.0, 1.0, 0.0, 1.0, 0.0, 0.0, 1.0, 3.0, 1.0, 0.0, 1.0, 0.0, 1.0]","[-7.0, 29.0, 14.0, 14.0, 2.0, 12.0, 10.0, 0.0, -14.0, 29.0, 10.0, 12.0, 11.0, -11.0, 9.0, 8.0]"
2,1791639728.0992484,"[-0.08712299999999118, 56.954136000000005, 59.590866000000005, 60.20610300000001, -0.17501400000000444, 73.12608, 37.706007, 38.76069899999999, 0.08865900000000693, 55.987335, 59.327192999999994, 60.030321000000015, 25.577048999999988, 94.13202899999999, 69.25887600000001, 54.844752]","[0.0, 3.0, 1.0, 3.0, 0.0, 0.0, 1.0, 1.0, 0.0, 1.0, 1.0, 1.0, 0.0, 1.0, 0.0, 1.0]","[-4.0, 24.0, 13.0, 14.0, 11.0, 12.0, 10.0, 0.0, -14.0, 32.0, 10.0, 11.0, 10.0, -10.0, 9.0, 12.0]"
2,1791639728.3204737,"[-0.08712299999999118, 58.09671900000001, 59.590866000000005, 61.260795, -0.17501400000000444, 73.12608, 37.618116000000015, 38.76069899999999, 0.08865900000000693, 56.690462999999994, 59.41508400000001, 60.99712199999999, 25.577048999999988, 94.13202899999999, 69.25887600000001, 54.844752]","[1.0, 2.0, 1.0, 1.0, 0.0, 0.0, 0.0, 1.0, 0.0, 1.0, 2.0, 1.0, 0.0, 1.0, 0.0, 0.0]","[-1.0, 24.0, 14.0, 14.0, 12.0, 12.0, 9.0, 0.0, -14.0, 35.0, 11.0, 11.0, 11.0, -11.0, 10.0, 13.0]"
2,1791639728.5435069,"[-0.08712299999999118, 58.799847, 59.590866000000005, 62.13970499999999, -0.17501400000000444, 73.12608, 37.618116000000015, 38.76069899999999, 0.08865900000000693, 58.448283, 59.41508400000001, 62.05181400000001, 25.577048999999988, 94.13202899999999, 69.25887600000001, 54.844752]","[1.0, 5.0, 1.0, 1.0, 1.0, 0.0, 1.0, 1.0, 0.0, 7.0, 1.0, 3.0, 0.0, 1.0, 0.0, 0.0]","[-4.0, 25.0, 14.0, 14.0, 11.0, 12.0, 9.0, 0.0, -14.0, 26.0, 10.0, 10.0, 11.0, -11.0, 10.0, 7.0]"
2,1791639728.7681735,"[0.0007679999999936626, 59.766648, 59.590866000000005, 63.37017900000001, -0.17501400000000444, 73.12608, 37.618116000000015, 38.76069899999999, 0.08865900000000693, 60.293994, 59.41508400000001, 63.106505999999996, 25.577048999999988, 94.13202899999999, 69.25887600000001, 54.93264300000001]","[1.0, 1.0, 1.0, 4.0, 0.0, 0.0, 1.0, 1.0, 0.0, 3.0, 1.0, 3.0, 0.0, 1.0, 0.0, 1.0]","[-8.0, 28.0, 14.0, 15.0, 11.0, 12.0, 10.0, 0.0, -14.0, 25.0, 10.0, 10.0, 11.0, -9.0, 10.0, 5.0]"
2,1791639728.9919844,"[0.0007679999999936626, 60.82133999999999, 59.590866000000005, 64.16119800000001, -0.17501400000000444, 73.12608, 37.618116000000015, 38.76069899999999, 0.08865900000000693, 60.55766700000001, 59.41508400000001, 63.985416000000015, 25.577048999999988, 94.13202899999999, 69.25887600000001, 54.844752]","[1.0, 3.0, 1.0, 1.0, 1.0, 0.0, 0.0, 1.0, 1.0, 5.0, 1.0, 2.0, 0.0, 1.0, 1.0, 0.0]","[-9.0, 25.0, 14.0, 14.0, 11.0, 12.0, 9.0, 0.0, -15.0, 26.0, 10.0, 10.0, 10.0, -10.0, 10.0, 14.0]"
2,1791639729.2155526,"[0.0007679999999936626, 62.403378000000004, 59.590866000000005, 65.21589, -0.17501400000000444, 73.12608, 37.618116000000015, 38.76069899999999, 0.08865900000000693, 61.348686000000015, 59.41508400000001, 64.68854400000001, 25.577048999999988, 94.13202899999999, 69.25887600000001, 54.844752]","[1.0, 3.0, 1.0, 2.0, 0.0, 0.0, 0.0, 1.0, 0.0, 1.0, 1.0, 1.0, 0.0, 1.0, 0.0, 1.0]","[-8.0, 20.0, 14.0, 14.0, 11.0, 12.0, 10.0, 0.0, -15.0, 30.0, 10.0, 12.0, 11.0, -11.0, 10.0, 10.0]"
2,1791639729.4407756,"[0.0007679999999936626, 63.545961000000005, 59.67875699999999, 66.358473, -0.17501400000000444, 73.12608, 37.618116000000015, 38.76069899999999, 0.08865900000000693, 62.13970499999999, 59.41508400000001, 65.567454, 25.577048999999988, 94.13202899999999, 69.25887600000001, 54.844752]","[1.0, 3.0, 1.0, 1.0, 1.0, 0.0, 0.0, 1.0, 0.0, 1.0, 1.0, 1.0, 0.0, 1.0, 0.0, 0.0]","[-4.0, 20.0, 14.0, 15.0, 12.0, 12.0, 9.0, 0.0, -14.0, 32.0, 9.0, 11.0, 10.0, -10.0, 9.0, 11.0]"
2,1791639729.6672008,"[-0.08712299999999118, 64.33698000000001, 59.67875699999999, 67.41316499999999, -0.17501400000000444, 73.12608, 37.618116000000015, 38.76069899999999, 0.08865900000000693, 62.31548699999999, 59.41508400000001, 66.182691, 25.577048999999988, 94.13202899999999, 69.25887600000001, 54.93264300000001]","[0.0, 1.0, 1.0, 3.0, 1.0, 0.0, 0.0, 1.0, 0.0, 1.0, 1.0, 1.0, 0.0, 1.0, 1.0, 1.0]","[-1.0, 22.0, 14.0, 13.0, 11.0, 12.0, 9.0, 0.0, -14.0, 38.0, 10.0, 12.0, 11.0, -11.0, 9.0, 7.0]"
2,1791639729.8885977,"[-0.08712299999999118, 65.47956300000001, 59.67875699999999, 68.379966, -0.17501400000000444, 73.12608, 37.618116000000015, 38.76069899999999, 0.08865900000000693, 62.31548699999999, 59.41508400000001, 67.237383, 25.577048999999988, 94.13202899999999, 69.25887600000001, 54.93264300000001]","[1.0, 3.0, 1.0, 3.0, 1.0, 0.0, 0.0, 1.0, 0.0, 1.0, 1.0, 1.0, 0.0, 1.0, 0.0, 1.0]","[-1.0, 19.0, 13.0, 13.0, 10.0, 12.0, 10.0, 0.0, -14.0, 49.0, 9.0, 13.0, 11.0, -10.0, 10.0, 3.0]"
2,1791639730.1123571,"[0.0007679999999936626, 66.710037, 59.85453900000002, 69.43465800000001, -0.17501400000000444, 73.12608, 37.618116000000015, 38.76069899999999, 0.08865900000000693, 63.63385199999999, 59.327192999999994, 68.204184, 25.577048999999988, 94.13202899999999, 69.25887600000001, 54.93264300000001]","[1.0, 7.0, 2.0, 3.0, 0.0, 0.0, 0.0, 0.0, 0.0, 3.0, 0.0, 3.0, 1.0, 1.0, 0.0, 0.0]","[-6.0, 18.0, 14.0, 14.0, 11.0, 12.0, 10.0, 0.0, -14.0, 44.0, 10.0, 14.0, 11.0, -11.0, 10.0, 7.0]"
2,1791639730.339015,"[0.0007679999999936626, 67.85262, 59.85453900000002, 70.04989499999999, -0.17501400000000444, 73.12608, 37.618116000000015, 38.76069899999999, 0.08865900000000693, 63.63385199999999, 59.327192999999994, 68.204184, 25.577048999999988, 94.13202899999999, 69.25887600000001, 54.93264300000001]","[1.0, 2.0, 1.0, 4.0, 0.0, 0.0, 0.0, 1.0, 0.0, 0.0, 0.0, 1.0, 1.0, 1.0, 1.0, 0.0]","[-1.0, 19.0, 14.0, 13.0, 11.0, 12.0, 10.0, 0.0, -14.0, 56.0, 9.0, 17.0, 11.0, -11.0, 10.0, 10.0]"
2,1791639730.5603108,"[-0.08712299999999118, 68.204184, 59.85453900000002, 71.10458700000001, -0.17501400000000444, 73.12608, 37.618116000000015, 38.76069899999999, 0.08865900000000693, 64.424871, 59.23930200000001, 69.08309400000002, 25.577048999999988, 94.13202899999999, 69.25887600000001, 54.93264300000001]","[0.0, 1.0, 1.0, 1.0, 1.0, 0.0, 0.0, 1.0, 0.0, 1.0, 0.0, 1.0, 0.0, 1.0, 0.0, 1.0]","[0.0, 23.0, 13.0, 15.0, 12.0, 12.0, 10.0, 0.0, -14.0, 58.0, 11.0, 17.0, 10.0, -11.0, 10.0, 6.0]"
2,1791639730.7839425,"[-0.08712299999999118, 68.46785700000001, 59.85453900000002, 71.807715, -0.17501400000000444, 73.12608, 37.618116000000015, 38.76069899999999, 0.08865900000000693, 64.424871, 59.151410999999996, 69.346767, 25.577048999999988, 94.13202899999999, 69.25887600000001, 54.844752]","[0.0, 1.0, 1.0, 1.0, 0.0, 0.0, 1.0, 1.0, 0.0, 1.0, 0.0, 1.0, 0.0, 1.0, 0.0, 1.0]","[0.0, 30.0, 13.0, 15.0, 11.0, 13.0, 10.0, 0.0, -14.0, 70.0, 11.0, 26.0, 11.0, -11.0, 10.0, 6.0]"
2,1791639731.011054,"[-0.08712299999999118, 68.995203, 59.85453900000002, 72.68662499999999, -0.17501400000000444, 73.12608, 37.618116000000015, 38.76069899999999, 0.08865900000000693, 63.545961000000005, 59.06352000000001, 69.25887600000001, 25.577048999999988, 94.13202899999999, 69.25887600000001, 54.844752]","[0.0, 1.0, 1.0, 2.0, 0.0, 0.0, 0.0, 1.0, 0.0, 0.0, 0.0, 1.0, 0.0, 1.0, 0.0, 0.0]","[0.0, 29.0, 13.0, 16.0, 11.0, 12.0, 10.0, 0.0, 13.0, 13.0, 9.0, 4.0, 11.0, -11.0, 9.0, 13.0]"
2,1791639731.2320163,"[-0.08712299999999118, 69.43465800000001, 59.85453900000002, 73.477644, -0.17501400000000444, 73.12608, 37.618116000000015, 38.76069899999999, 0.08865900000000693, 63.545961000000005, 59.06352000000001, 69.25887600000001, 25.577048999999988, 94.13202899999999, 69.25887600000001, 54.844752]","[1.0, 1.0, 1.0, 2.0, 1.0, 0.0, 0.0, 1.0, 0.0, 0.0, 0.0, 0.0, 1.0, 1.0, 0.0, 0.0]","[0.0, 33.0, 13.0, 16.0, 12.0, 12.0, 10.0, 0.0, 14.0, 11.0, 9.0, 6.0, 10.0, -10.0, 10.0, 7.0]"
2,1791639731.4559493,"[-0.08712299999999118, 70.40145900000002, 59.766648, 74.268663, -0.17501400000000444, 73.12608, 37.618116000000015, 38.76069899999999, 0.08865900000000693, 63.545961000000005, 59.06352000000001, 69.25887600000001, 25.577048999999988, 94.13202899999999, 69.25887600000001, 54.844752]","[0.0, 1.0, 0.0, 1.0, 0.0, 0.0, 0.0, 1.0, 0.0, 0.0, 0.0, 1.0, 1.0, 1.0, 1.0, 0.0]","[8.0, 36.0, 14.0, 17.0, 11.0, 13.0, 10.0, 0.0, 13.0, 11.0, 10.0, 6.0, 9.0, -10.0, 9.0, 11.0]"
2,1791639731.6795192,"[-0.08712299999999118, 70.48935, 59.67875699999999, 74.88390000000001, -0.17501400000000444, 73.12608, 37.618116000000015, 38.76069899999999, 0.08865900000000693, 63.545961000000005, 59.06352000000001, 69.25887600000001, 25.577048999999988, 94.13202899999999, 69.25887600000001, 54.93264300000001]","[0.0, 1.0, 0.0, 1.0, 0.0, 0.0, 1.0, 1.0, 0.0, 0.0, 0.0, 1.0, 1.0, 1.0, 0.0, 1.0]","[8.0, 42.0, 14.0, 18.0, 11.0, 12.0, 10.0, 0.0, 14.0, 12.0, 9.0, 3.0, 11.0, -10.0, 10.0, 8.0]"
2,1791639731.9037564,"[-0.08712299999999118, 71.192478, 59.590866000000005, 76.02648299999998, -0.17501400000000444, 73.12608, 37.618116000000015, 38.76069899999999, 0.08865900000000693, 63.545961000000005, 59.06352000000001, 69.25887600000001, 25.577048999999988, 94.13202899999999, 69.25887600000001, 54.93264300000001]","[0.0, 1.0, 0.0, 2.0, 0.0, 0.0, 1.0, 1.0, 0.0, 0.0, 0.0, 0.0, 0.0, 1.0, 0.0, 1.0]","[8.0, 45.0, 15.0, 18.0, 12.0, 12.0, 10.0, 0.0, 13.0, 12.0, 9.0, 5.0, 11.0, -11.0, 10.0, 9.0]"
2,1791639732.1305635,"[-0.08712299999999118, 71.71982400000002, 59.590866000000005, 76.465938, -0.17501400000000444, 73.12608, 37.706007, 38.76069899999999, 0.08865900000000693, 63.545961000000005, 59.06352000000001, 69.25887600000001, 25.577048999999988, 94.13202899999999, 69.25887600000001, 54.93264300000001]","[0.0, 1.0, 0.0, 1.0, 0.0, 0.0, 1.0, 1.0, 0.0, 0.0, 0.0, 1.0, 1.0, 1.0, 0.0, 1.0]","[8.0, 51.0, 14.0, 19.0, 11.0, 12.0, 10.0, 0.0, 13.0, 12.0, 9.0, 8.0, 10.0, -11.0, 10.0, 4.0]"
2,1791639732.3513503,"[-0.08712299999999118, 72.42295200000001, 59.50297499999999, 77.256957, -0.17501400000000444, 73.12608, 37.618116000000015, 38.76069899999999, 0.08865900000000693, 63.545961000000005, 59.06352000000001, 69.346767, 25.577048999999988, 94.13202899999999, 69.25887600000001, 54.844752]","[0.0, 2.0, 0.0, 1.0, 1.0, 0.0, 0.0, 1.0, 0.0, 0.0, 0.0, 1.0, 1.0, 1.0, 0.0, 0.0]","[8.0, 49.0, 15.0, 21.0, 9.0, 12.0, 10.0, 0.0, 13.0, 11.0, 9.0, 0.0, 11.0, -11.0, 9.0, 10.0]"
2,1791639732.5775325,"[-0.08712299999999118, 71.71982400000002, 59.50297499999999, 77.16906599999999, -0.17501400000000444, 73.12608, 37.618116000000015, 38.76069899999999, 0.08865900000000693, 63.545961000000005, 59.06352000000001, 69.346767, 25.577048999999988, 94.13202899999999, 69.25887600000001, 54.844752]","[0.0, 0.0, 1.0, 0.0, 0.0, 0.0, 1.0, 1.0, 0.0, 0.0, 0.0, 1.0, 1.0, 1.0, 0.0, 0.0]","[8.0, 12.0, 0.0, 13.0, 11.0, 12.0, 9.0, 0.0, 13.0, 12.0, 9.0, 0.0, 12.0, -10.0, 10.0, 13.0]"
3,1791639734.592492,"[-0.08712299999999118, -5.009018999999995, -1.053923999999995, -0.2629049999999893, -0.08712299999999118, -5.096910000000008, 0.0007679999999936626, -0.2629049999999893, 0.08865900000000693, -4.745346000000012, -0.9660330000000101, 0.17654999999999177, -2.372288999999995, 178.41949799999998, 40.166955, 25.840722]","[0.0, 1.0, 1.0, 0.0, 1.0, 0.0, 0.0, 1.0, 1.0, 1.0, 1.0, 0.0, 0.0, 1.0, 0.0, 0.0]","[0.0, 32.0, 16.0, 14.0, 0.0, 33.0, -10.0, 11.0, -14.0, 31.0, 10.0, -9.0, 16.0, 15.0, -11.0, -15.0]"
3,1791639734.8163595,"[-0.5265780000000007, -5.009018999999995, -0.790251000000012, -0.08712299999999118, -0.08712299999999118, -4.657454999999999, 0.7038960000000145, -0.08712299999999118, 0.7038960000000145, -4.745346000000012, -0.9660330000000101, 0.26444100000000503, -2.372288999999995, 178.06793399999998, 40.254846000000015, 25.928613000000013]","[0.0, 1.0, 1.0, 1.0, 1.0, 0.0, 2.0, 1.0, 1.0, 1.0, 1.0, 0.0, 0.0, 0.0, 1.0, 1.0]","[-9.0, 49.0, 18.0, 16.0, 0.0, 44.0, 10.0, 12.0, 14.0, 50.0, 13.0, 10.0, 21.0, -13.0, 11.0, 13.0]"
3,1791639735.0396278,"[-1.4054879999999912, -3.60276300000001, -0.08712299999999118, 0.528113999999988, -0.08712299999999118, -3.60276300000001, 1.2312420000000088, 0.08865900000000693, 0.8796780000000126, -3.866435999999993, -0.6144689999999855, 0.3523319999999899, -2.372288999999995, 177.71636999999998, 40.518519, 26.368067999999994]","[0.0, 1.0, 3.0, 1.0, 1.0, 1.0, 1.0, 1.0, 2.0, 1.0, 1.0, 1.0, 0.0, 1.0, 1.0, 1.0]","[-9.0, 56.0, 18.0, 16.0, 0.0, 55.0, 11.0, 14.0, 15.0, 62.0, 15.0, 12.0, 27.0, -25.0, 13.0, 14.0]"
3,1791639735.2627845,"[-2.548070999999993, -3.60276300000001, 0.8796780000000126, 1.582806000000005, -0.08712299999999118, -3.60276300000001, 1.9343700000000013, 1.407024000000007, 2.813279999999992, -2.723852999999991, 0.17654999999999177, 1.0554600000000107, -2.372288999999995, 176.92535099999998, 41.133756000000005, 27.159087]","[-1.0, 1.0, 1.0, 1.0, 1.0, 1.0, 1.0, 3.0, 2.0, 10.0, 1.0, 1.0, 1.0, 0.0, 2.0, 1.0]","[-9.0, 78.0, 19.0, 16.0, 0.0, 75.0, 12.0, 13.0, 14.0, 65.0, 18.0, 15.0, 31.0, -41.0, 14.0, 15.0]"
3,1791639735.4907582,"[-3.426981000000012, 0.528113999999988, 1.7585880000000031, 2.549607000000009, -0.08712299999999118, 0.3523319999999899, 2.725389000000007, 2.1101519999999994, 2.901171000000005, 0.17654999999999177, 1.407024000000007, 1.0554600000000107, -2.108616000000012, 173.40971100000002, 42.188447999999994, 28.03799699999999]","[0.0, 5.0, 1.0, 3.0, 1.0, 9.0, 2.0, 1.0, 1.0, 1.0, 4.0, 1.0, 1.0, -5.0, 1.0, 1.0]","[-9.0, 52.0, 20.0, 16.0, 0.0, 51.0, 12.0, 14.0, 16.0, 58.0, 16.0, 17.0, 39.0, -33.0, 14.0, 15.0]"
3,1791639735.7112758,"[-4.393781999999987, 0.528113999999988, 2.813279999999992, 3.6042989999999975, -0.08712299999999118, 1.9343700000000013, 3.164843999999988, 3.3406260000000145, 4.6589910000000145, 0.528113999999988, 1.846478999999988, 3.076953000000003, -0.5265780000000007, 169.80617999999998, 43.06735800000001, 29.268471000000005]","[-1.0, 0.0, 1.0, 3.0, 1.0, 3.0, 6.0, 4.0, 1.0, 1.0, 1.0, 4.0, 6.0, -6.0, 1.0, 2.0]","[-9.0, 76.0, 19.0, 16.0, 0.0, 58.0, 13.0, 12.0, 14.0, 81.0, 17.0, 13.0, 33.0, -29.0, 13.0, 14.0]"
3,1791639735.9355187,"[-5.360582999999991, 4.131644999999992, 3.7800809999999956, 4.483208999999988, -0.08712299999999118, 3.6921900000000107, 4.483208999999988, 4.30742699999999, 5.713683000000003, 4.30742699999999, 2.98906199999999, 4.043754000000007, 0.6160050000000012, 168.31203299999999, 44.473614, 29.268471000000005]","[0.0, 6.0, 4.0, 3.0, 1.0, 1.0, 2.0, 1.0, 2.0, 13.0, 4.0, 1.0, 3.0, 0.0, 3.0, 1.0]","[-9.0, 54.0, 20.0, 17.0, 0.0, 64.0, 14.0, 12.0, 13.0, 56.0, 16.0, 14.0, 35.0, -42.0, 12.0, 14.0]"
3,1791639736.1625721,"[-5.975819999999999, 5.537901000000005, 4.834773000000013, 5.62579199999999, -0.08712299999999118, 6.153138000000013, 5.362119000000007, 5.274227999999994, 6.504702000000009, 5.9773560000000145, 4.219536000000005, 5.010555000000011, 1.6706969999999899, 164.79639300000002, 45.440415, 29.268471000000005]","[1.0, 3.0, 4.0, 2.0, 1.0, 3.0, 4.0, 1.0, 1.0, 1.0, 4.0, 1.0, 3.0, -8.0, 1.0, 1.0]","[-10.0, 64.0, 19.0, 16.0, 0.0, 59.0, 13.0, 13.0, 14.0, 62.0, 16.0, 14.0, 33.0, -34.0, 14.0, 14.0]"
3,1791639736.3840604,"[-7.294184999999999, 8.350413000000003, 5.889465000000001, 6.592592999999994, -0.08712299999999118, 7.823067000000009, 5.362119000000007, 6.416810999999996, 7.735175999999996, 8.438303999999988, 5.098445999999996, 6.2410289999999975, 2.2859339999999975, 161.544426, 46.67088899999999, 29.268471000000005]","[-2.0, 9.0, 3.0, 1.0, 1.0, 5.0, 1.0, 5.0, 3.0, 4.0, 3.0, 3.0, 7.0, -6.0, 4.0, 1.0]","[-10.0, 51.0, 20.0, 17.0, 0.0, 65.0, 17.0, 12.0, 14.0, 58.0, 18.0, 12.0, 37.0, -35.0, 13.0, 14.0]"
3,1791639736.6077693,"[-8.260986000000003, 10.108233000000013, 6.065246999999999, 7.647285000000011, -0.08712299999999118, 10.108233000000013, 7.207830000000001, 7.383611999999999, 8.26252199999999, 9.668778000000003, 6.2410289999999975, 7.207830000000001, 3.6042989999999975, 158.38035000000002, 47.37401700000001, 29.268471000000005]","[-1.0, 1.0, 4.0, 3.0, 1.0, 4.0, 1.0, 1.0, 6.0, 1.0, 4.0, 1.0, 1.0, -4.0, 3.0, 1.0]","[-10.0, 60.0, 23.0, 16.0, 0.0, 57.0, 14.0, 14.0, 14.0, 66.0, 15.0, 13.0, 35.0, -35.0, 12.0, 14.0]"
3,1791639736.8336349,"[-9.315677999999991, 11.778162000000009, 7.910957999999994, 8.614086000000015, -0.08712299999999118, 11.426598000000013, 8.26252199999999, 8.526195000000001, 9.668778000000003, 9.668778000000003, 6.768374999999992, 7.735175999999996, 4.483208999999988, 155.74362000000002, 48.34081800000001, 29.268471000000005]","[-1.0, 12.0, 2.0, 1.0, 1.0, 1.0, 1.0, 3.0, 2.0, 1.0, 1.0, 5.0, 2.0, -2.0, 1.0, 1.0]","[-9.0, 55.0, 19.0, 17.0, 0.0, 64.0, 14.0, 12.0, 14.0, 94.0, 17.0, 13.0, 32.0, -36.0, 13.0, 15.0]"
3,1791639737.0584762,"[-10.19458800000001, 13.360199999999992, 8.701977, 9.668778000000003, -0.08712299999999118, 13.711763999999988, 9.317214000000007, 9.405104999999992, 10.635579000000007, 13.623873000000003, 7.998849000000007, 9.317214000000007, 6.065246999999999, 152.667435, 49.571292, 29.268471000000005]","[0.0, 0.0, 3.0, 4.0, 1.0, 7.0, 1.0, 1.0, 1.0, 21.0, 1.0, 3.0, 5.0, -5.0, 3.0, 1.0]","[-11.0, 70.0, 19.0, 15.0, 0.0, 56.0, 13.0, 13.0, 15.0, 55.0, 16.0, 13.0, 29.0, -36.0, 12.0, 15.0]"
3,1791639737.282482,"[-10.985606999999987, 15.821147999999994, 9.844560000000001, 10.723469999999992, -0.08712299999999118, 15.996929999999992, 10.28401500000001, 10.371905999999996, 11.60238000000001, 14.414892000000009, 9.053540999999996, 10.108233000000013, 6.768374999999992, 150.294378, 50.45020199999999, 29.268471000000005]","[-3.0, 7.0, 2.0, 3.0, 1.0, 5.0, 2.0, 1.0, 2.0, 1.0, 2.0, 3.0, 5.0, 0.0, 1.0, 1.0]","[-10.0, 57.0, 19.0, 16.0, 0.0, 62.0, 14.0, 13.0, 14.0, 82.0, 17.0, 13.0, 32.0, -42.0, 12.0, 15.0]"
3,1791639737.503784,"[-12.216081000000003, 18.018423000000013, 10.811361000000005, 11.426598000000013, -0.08712299999999118, 17.75475, 11.162925000000001, 11.426598000000013, 12.657072, 18.282095999999996, 9.932451000000015, 11.075033999999988, 8.26252199999999, 147.306084, 51.50489400000001, 29.268471000000005]","[-3.0, 1.0, 3.0, 3.0, 1.0, 7.0, 3.0, 3.0, 1.0, 9.0, 4.0, 2.0, 4.0, -5.0, 2.0, 1.0]","[-10.0, 59.0, 20.0, 16.0, 0.0, 57.0, 14.0, 13.0, 14.0, 59.0, 16.0, 13.0, 30.0, -40.0, 13.0, 15.0]"
3,1791639737.7304122,"[-13.094990999999993, 20.12780699999999, 11.778162000000009, 12.657072, -0.08712299999999118, 20.039916000000005, 12.21761699999999, 12.393398999999988, 13.53598199999999, 19.161006000000015, 10.89925199999999, 12.129726000000005, 9.141432000000009, 143.966226, 52.559585999999996, 29.268471000000005]","[-1.0, 6.0, 2.0, 3.0, 1.0, 3.0, 1.0, 1.0, 5.0, 0.0, 1.0, 2.0, 1.0, -7.0, 4.0, 1.0]","[-9.0, 55.0, 20.0, 15.0, 0.0, 56.0, 14.0, 12.0, 14.0, 73.0, 18.0, 13.0, 30.0, -36.0, 12.0, 15.0]"
3,1791639737.954419,"[-14.237573999999995, 22.14930000000001, 12.832853999999998, 13.272309000000007, -0.08712299999999118, 20.12780699999999, 13.272309000000007, 13.53598199999999, 14.678564999999992, 19.864134000000007, 11.514488999999998, 13.096527000000009, 9.141432000000009, 140.977932, 53.438496000000015, 29.268471000000005]","[0.0, 3.0, 3.0, 4.0, 1.0, 1.0, 3.0, 1.0, 3.0, 8.0, 5.0, 4.0, 1.0, 0.0, 2.0, 1.0]","[-9.0, 59.0, 19.0, 17.0, 0.0, 84.0, 14.0, 13.0, 14.0, 81.0, 18.0, 13.0, 37.0, -41.0, 12.0, 16.0]"
3,1791639738.1749985,"[-15.292266000000012, 23.819229000000007, 13.887546000000015, 14.502782999999994, -0.08712299999999118, 24.434466000000015, 14.327000999999996, 14.414892000000009, 15.733257000000009, 24.78603000000001, 13.096527000000009, 13.975437, 11.426598000000013, 137.63807400000002, 54.22951499999999, 29.268471000000005]","[-1.0, 7.0, 1.0, 1.0, 1.0, 8.0, 3.0, 1.0, 1.0, 5.0, 1.0, 1.0, 6.0, -5.0, 6.0, 1.0]","[-10.0, 60.0, 20.0, 17.0, 0.0, 52.0, 14.0, 13.0, 14.0, 54.0, 17.0, 14.0, 28.0, -37.0, 12.0, 14.0]"
3,1791639738.3996325,"[-16.434848999999986, 26.543849999999992, 14.942238000000003, 15.55747500000001, -0.08712299999999118, 26.016503999999998, 15.381693000000013, 15.821147999999994, 16.87584000000001, 26.807523000000003, 13.975437, 14.942238000000003, 12.041834999999992, 134.38610699999998, 55.635771000000005, 29.268471000000005]","[-2.0, 8.0, 2.0, 2.0, 1.0, 1.0, 1.0, 3.0, 2.0, 5.0, 1.0, 1.0, 5.0, -4.0, 1.0, 1.0]","[-9.0, 48.0, 19.0, 17.0, 0.0, 61.0, 14.0, 12.0, 14.0, 49.0, 17.0, 13.0, 29.0, -34.0, 13.0, 15.0]"
3,1791639738.6225636,"[-17.40164999999999, 28.565343000000013, 15.909039000000007, 16.524276000000015, -0.08712299999999118, 28.389561000000015, 16.524276000000015, 16.787948999999998, 17.666858999999988, 28.565343000000013, 15.118020000000001, 15.996929999999992, 13.272309000000007, 130.95835799999998, 56.60257200000001, 29.268471000000005]","[-2.0, 7.0, 3.0, 3.0, 1.0, 4.0, 3.0, 1.0, 1.0, 1.0, 3.0, 1.0, 3.0, -3.0, 1.0, 1.0]","[-9.0, 50.0, 18.0, 17.0, 0.0, 51.0, 13.0, 13.0, 14.0, 56.0, 17.0, 13.0, 28.0, -33.0, 12.0, 14.0]"
3,1791639738.8502715,"[-18.632124000000005, 31.114182, 17.139512999999994, 17.315294999999992, -0.08712299999999118, 29.883708000000013, 17.578968000000003, 17.75475, 18.633659999999992, 28.565343000000013, 16.260603000000003, 17.05162200000001, 14.327000999999996, 127.79428200000001, 57.74515500000001, 29.268471000000005]","[-3.0, 4.0, 4.0, 5.0, 1.0, 1.0, 5.0, 1.0, 1.0, 0.0, 4.0, 5.0, 5.0, -4.0, 1.0, 1.0]","[-9.0, 50.0, 18.0, 15.0, 0.0, 63.0, 12.0, 12.0, 14.0, 80.0, 15.0, 12.0, 30.0, -31.0, 12.0, 15.0]"
3,1791639739.0729558,"[-19.59892500000001, 32.784110999999996, 18.106313999999998, 18.457877999999994, -0.08712299999999118, 32.432547, 18.36998700000001, 18.633659999999992, 19.68835200000001, 32.959892999999994, 17.315294999999992, 18.282095999999996, 15.381693000000013, 124.98176999999998, 58.88773800000001, 29.268471000000005]","[-2.0, 4.0, 2.0, 3.0, 1.0, 8.0, 1.0, 2.0, 3.0, 13.0, 3.0, 2.0, 1.0, -3.0, 3.0, 1.0]","[-9.0, 53.0, 17.0, 16.0, 0.0, 55.0, 14.0, 12.0, 14.0, 46.0, 15.0, 13.0, 29.0, -34.0, 12.0, 14.0]"
3,1791639739.296089,"[-20.565726000000012, 35.245059, 19.161006000000015, 19.51257000000001, -0.08712299999999118, 34.45403999999999, 19.336788000000013, 19.68835200000001, 20.567262, 33.13567499999999, 18.545769000000007, 19.073115, 15.381693000000013, 122.78449499999999, 59.85453900000002, 29.268471000000005]","[-1.0, 7.0, 1.0, 2.0, 1.0, 3.0, 3.0, 1.0, 1.0, 1.0, 4.0, 2.0, 1.0, 0.0, 1.0, 1.0]","[-9.0, 49.0, 19.0, 16.0, 0.0, 57.0, 13.0, 12.0, 14.0, 71.0, 15.0, 13.0, 29.0, -39.0, 12.0, 15.0]"
3,1791639739.5196893,"[-21.7962, 37.09076999999999, 20.303588999999988, 20.39148, -0.08712299999999118, 36.82709700000001, 20.215698000000003, 20.655153000000013, 21.885627, 34.45403999999999, 19.424678999999998, 20.215698000000003, 15.381693000000013, 118.82940000000002, 60.909231000000005, 29.35636199999999]","[-2.0, 4.0, 4.0, 3.0, 1.0, 7.0, 1.0, 2.0, 2.0, 17.0, 3.0, 3.0, 1.0, -6.0, 3.0, 1.0]","[-9.0, 49.0, 17.0, 16.0, 0.0, 47.0, 14.0, 12.0, 14.0, 65.0, 16.0, 13.0, 29.0, -30.0, 12.0, 14.0]"
3,1791639739.7435398,"[-22.763001000000003, 39.28804500000001, 21.44617199999999, 21.709845, -0.08712299999999118, 38.672808, 21.00671700000001, 21.797736000000015, 22.500864000000007, 39.375935999999996, 20.655153000000013, 21.270389999999992, 15.381693000000013, 115.48954200000003, 61.963922999999994, 29.35636199999999]","[-1.0, 5.0, 2.0, 4.0, 1.0, 3.0, 1.0, 4.0, 2.0, 4.0, 1.0, 3.0, 1.0, -5.0, 3.0, 1.0]","[-9.0, 44.0, 16.0, 16.0, 0.0, 53.0, 15.0, 12.0, 14.0, 44.0, 15.0, 13.0, 29.0, -30.0, 12.0, 14.0]"
3,1791639739.9672523,"[-23.905584000000005, 41.39742899999999, 22.500864000000007, 22.500864000000007, 0.0007679999999936626, 41.04586499999999, 21.885627, 22.76453699999999, 23.907119999999992, 41.92477500000001, 21.621953999999988, 22.32508200000001, 15.381693000000013, 112.50124799999998, 62.84283300000001, 29.35636199999999]","[0.0, 2.0, 3.0, 4.0, 1.0, 8.0, 2.0, 1.0, 4.0, 6.0, 3.0, 1.0, 1.0, -3.0, 1.0, 1.0]","[-9.0, 46.0, 17.0, 16.0, -2.0, 43.0, 16.0, 13.0, 13.0, 39.0, 14.0, 13.0, 28.0, -29.0, 12.0, 14.0]"
3,1791639740.1941931,"[-24.87238500000001, 43.770486000000005, 23.379773999999998, 23.379773999999998, -0.08712299999999118, 43.59470400000001, 22.588754999999992, 23.555555999999996, 24.873920999999996, 42.012665999999996, 22.76453699999999, 22.940318999999988, 15.381693000000013, 109.249281, 64.073307, 29.35636199999999]","[-1.0, 8.0, 2.0, 3.0, 1.0, 4.0, 1.0, 1.0, 1.0, 1.0, 2.0, 2.0, 1.0, -2.0, 3.0, 1.0]","[-8.0, 38.0, 17.0, 17.0, -5.0, 43.0, 17.0, 14.0, 13.0, 62.0, 15.0, 13.0, 28.0, -27.0, 12.0, 14.0]"
3,1791639740.418226,"[-25.927076999999997, 45.967760999999996, 24.258683999999988, 24.610248000000013, 0.0007679999999936626, 45.87987000000001, 23.64344700000001, 24.78603000000001, 25.840722, 46.31932499999999, 23.64344700000001, 24.346575, 15.381693000000013, 105.909423, 64.864326, 29.35636199999999]","[-2.0, 1.0, 2.0, 3.0, 1.0, 8.0, 3.0, 1.0, 1.0, 10.0, 1.0, 4.0, 1.0, -7.0, 3.0, 1.0]","[0.0, 39.0, 18.0, 14.0, -12.0, 37.0, 16.0, 12.0, 13.0, 35.0, 15.0, 12.0, 28.0, -24.0, 12.0, 14.0]"
3,1791639740.6420763,"[-26.981768999999986, 48.34081800000001, 25.40126699999999, 25.489158000000003, 0.0007679999999936626, 47.901363, 24.96181200000001, 25.752831000000015, 26.983305, 47.63768999999999, 24.873920999999996, 25.66494, 15.381693000000013, 102.65745600000002, 66.09479999999999, 29.35636199999999]","[0.0, 4.0, 4.0, 1.0, 1.0, 3.0, 5.0, 1.0, 1.0, 1.0, 3.0, 4.0, 0.0, -5.0, 4.0, 1.0]","[0.0, 36.0, 17.0, 16.0, -12.0, 42.0, 14.0, 12.0, 0.0, 46.0, 14.0, 11.0, 27.0, -20.0, 11.0, 15.0]"
3,1791639740.862739,"[-27.94856999999999, 50.362311000000005, 26.28017700000001, 26.71963199999999, 0.0007679999999936626, 50.098637999999994, 25.840722, 26.895413999999988, 27.950106000000005, 50.889657, 25.928613000000013, 26.455959000000007, 15.469583999999998, 99.31759799999998, 67.14949200000001, 29.35636199999999]","[0.0, 1.0, 1.0, 3.0, 1.0, 5.0, 1.0, 1.0, 1.0, 8.0, 3.0, 1.0, 1.0, -2.0, 2.0, 1.0]","[0.0, 36.0, 17.0, 15.0, -12.0, 40.0, 14.0, 12.0, 0.0, 31.0, 13.0, 11.0, 27.0, -21.0, 11.0, 15.0]"
3,1791639741.0871246,"[-28.82748000000001, 52.735367999999994, 27.246978000000013, 27.59854200000001, 0.0007679999999936626, 52.47169500000001, 27.071196000000015, 27.42276000000001, 29.092689000000007, 52.29591300000001, 26.895413999999988, 27.774324000000007, 15.909039000000007, 95.88984900000003, 68.29207500000001, 29.35636199999999]","[0.0, 8.0, 2.0, 2.0, 1.0, 5.0, 1.0, 1.0, 1.0, 3.0, 1.0, 4.0, 3.0, -3.0, 3.0, 1.0]","[-8.0, 29.0, 18.0, 16.0, -13.0, 35.0, 14.0, 13.0, -7.0, 38.0, 14.0, 11.0, 24.0, -19.0, 11.0, 15.0]"
3,1791639741.3116548,"[-29.97006300000001, 55.28420700000001, 28.30167, 28.829015999999996, 0.0007679999999936626, 54.66897, 28.30167, 28.565343000000013, 30.05949000000001, 54.844752, 28.125888000000003, 28.74112500000001, 16.084821000000005, 92.725773, 69.08309400000002, 29.35636199999999]","[-3.0, 4.0, 1.0, 1.0, 1.0, 5.0, 2.0, 1.0, 1.0, 10.0, 4.0, 3.0, 2.0, -4.0, 1.0, 1.0]","[0.0, 31.0, 17.0, 16.0, -12.0, 36.0, 13.0, 13.0, 0.0, 30.0, 13.0, 11.0, 23.0, -19.0, 12.0, 14.0]"
3,1791639741.537554,"[-30.936863999999986, 57.3057, 29.268471000000005, 29.795817, 0.0007679999999936626, 56.86624499999999, 29.444253000000003, 29.883708000000013, 31.026291000000015, 56.42679000000001, 29.180579999999992, 29.795817, 16.260603000000003, 90.00115199999999, 70.313568, 29.35636199999999]","[0.0, 6.0, 1.0, 2.0, 0.0, 4.0, 4.0, 2.0, 0.0, 1.0, 4.0, 1.0, 1.0, -3.0, 3.0, 1.0]","[0.0, 31.0, 16.0, 15.0, -12.0, 31.0, 14.0, 11.0, -7.0, 45.0, 13.0, 11.0, 26.0, -20.0, 10.0, 15.0]"
3,1791639741.7592218,"[-31.991556000000003, 59.327192999999994, 30.498944999999992, 30.9384, 0.0007679999999936626, 59.151410999999996, 30.586836000000005, 30.762618000000003, 32.080983, 56.954136000000005, 30.05949000000001, 30.850508999999988, 16.260603000000003, 86.83707600000002, 71.456151, 29.35636199999999]","[-1.0, 1.0, 1.0, 2.0, 0.0, 6.0, 2.0, 1.0, 0.0, 10.0, 3.0, 3.0, 1.0, -5.0, 4.0, 1.0]","[0.0, 30.0, 17.0, 15.0, -12.0, 27.0, 13.0, 12.0, 0.0, 44.0, 13.0, 11.0, 25.0, -18.0, 11.0, 15.0]"
3,1791639741.986066,"[-32.95835700000001, 61.52446800000001, 31.465745999999996, 31.817309999999992, 0.0007679999999936626, 61.52446800000001, 31.641527999999994, 31.905201000000005, 33.04778400000001, 61.52446800000001, 31.114182, 31.905201000000005, 16.260603000000003, 83.58510899999999, 72.42295200000001, 29.532143999999988]","[0.0, 7.0, 2.0, 1.0, 0.0, 5.0, 1.0, 1.0, 1.0, 4.0, 2.0, 4.0, 1.0, -5.0, 3.0, 2.0]","[0.0, 24.0, 16.0, 15.0, -11.0, 28.0, 12.0, 11.0, 0.0, 29.0, 13.0, 12.0, 25.0, -16.0, 11.0, 14.0]"
3,1791639742.209705,"[-34.013048999999995, 64.073307, 32.608329, 32.959892999999994, 0.0007679999999936626, 63.897525, 32.784110999999996, 32.87200200000001, 34.102475999999996, 63.63385199999999, 32.432547, 32.69622000000001, 16.260603000000003, 82.61830800000001, 73.38975300000001, 29.707926000000015]","[-1.0, 4.0, 3.0, 3.0, 0.0, 5.0, 3.0, 1.0, 1.0, 2.0, 5.0, 3.0, 1.0, -1.0, 3.0, 1.0]","[0.0, 24.0, 16.0, 14.0, -11.0, 25.0, 12.0, 12.0, -13.0, 28.0, 12.0, 11.0, 25.0, -17.0, 10.0, 13.0]"
3,1791639742.4337113,"[-35.06774100000001, 66.182691, 33.750912, 34.01458500000001, 0.0007679999999936626, 66.27058199999999, 34.01458500000001, 34.102475999999996, 35.069277, 65.919018, 33.48723899999999, 33.663021000000015, 16.260603000000003, 82.530417, 74.53233600000002, 29.707926000000015]","[0.0, 8.0, 3.0, 4.0, 0.0, 5.0, 4.0, 5.0, 0.0, 3.0, 4.0, 3.0, 1.0, 0.0, 3.0, 1.0]","[0.0, 24.0, 15.0, 15.0, -12.0, 20.0, 11.0, 11.0, 0.0, 26.0, 11.0, 12.0, 25.0, -17.0, 11.0, 14.0]"
3,1791639742.655171,"[-35.946651, 66.534255, 34.717713, 35.069277, 0.0007679999999936626, 68.11629300000001, 34.102475999999996, 35.069277, 36.12396899999999, 65.919018, 34.45403999999999, 34.717713, 16.260603000000003, 82.530417, 75.411246, 29.707926000000015]","[-2.0, 1.0, 1.0, 4.0, 0.0, 3.0, 1.0, 4.0, 0.0, 1.0, 1.0, 1.0, 1.0, 0.0, 1.0, 1.0]","[-9.0, 20.0, 16.0, 15.0, -12.0, 22.0, 11.0, 11.0, -8.0, 26.0, 12.0, 11.0, 25.0, -17.0, 11.0, 13.0]"
3,1791639742.882025,"[-37.00134299999999, 66.534255, 35.77240499999999, 35.94818699999999, 0.0007679999999936626, 70.48935, 34.102475999999996, 35.94818699999999, 37.00287900000001, 66.00690900000001, 35.33295000000001, 35.245059, 16.260603000000003, 82.530417, 76.55382900000001, 29.707926000000015]","[-1.0, 1.0, 1.0, 5.0, 1.0, 1.0, 1.0, 1.0, 1.0, 1.0, 2.0, 1.0, 1.0, 0.0, 1.0, 1.0]","[0.0, 21.0, 16.0, 15.0, -11.0, 21.0, 11.0, 11.0, 0.0, 27.0, 12.0, 12.0, 25.0, -17.0, 11.0, 14.0]"
3,1791639743.104452,"[-37.968143999999995, 66.534255, 36.914987999999994, 36.82709700000001, 0.0007679999999936626, 71.71982400000002, 34.102475999999996, 37.09076999999999, 38.057570999999996, 66.00690900000001, 36.47553300000001, 36.65131500000001, 16.260603000000003, 82.530417, 77.69641200000001, 29.707926000000015]","[-1.0, 1.0, 2.0, 1.0, 0.0, 2.0, 1.0, 4.0, 1.0, 1.0, 3.0, 2.0, 1.0, 0.0, 2.0, 1.0]","[-9.0, 21.0, 15.0, 15.0, -12.0, 18.0, 11.0, 10.0, 0.0, 27.0, 11.0, 11.0, 26.0, -17.0, 10.0, 14.0]"
3,1791639743.329956,"[-38.847053999999986, 66.534255, 37.881789, 37.881789, 0.0007679999999936626, 71.71982400000002, 34.102475999999996, 37.96968000000001, 39.024372, 65.919018, 37.44233399999999, 37.44233399999999, 16.260603000000003, 82.530417, 78.66321299999998, 29.707926000000015]","[0.0, 1.0, 2.0, 3.0, 0.0, 1.0, 1.0, 1.0, 1.0, 1.0, 1.0, 1.0, 1.0, 0.0, 2.0, 1.0]","[-9.0, 22.0, 16.0, 16.0, -12.0, 19.0, 12.0, 11.0, 0.0, 27.0, 12.0, 12.0, 25.0, -17.0, 10.0, 14.0]"
3,1791639743.551062,"[-39.98963699999999, 66.534255, 38.936481000000015, 38.672808, 0.0007679999999936626, 71.71982400000002, 34.102475999999996, 39.200154, 39.991173, 65.919018, 38.672808, 38.672808, 16.260603000000003, 82.530417, 79.71790500000003, 29.707926000000015]","[0.0, 0.0, 1.0, 3.0, 0.0, 1.0, 1.0, 2.0, 1.0, 0.0, 3.0, 2.0, 0.0, 0.0, 3.0, 1.0]","[-9.0, 22.0, 16.0, 16.0, -12.0, 20.0, 11.0, 10.0, 14.0, 26.0, 11.0, 12.0, 25.0, -17.0, 10.0, 14.0]"
3,1791639743.7777863,"[-40.78065599999999, 66.534255, 40.07906399999999, 39.63960900000001, 0.0007679999999936626, 71.71982400000002, 34.102475999999996, 39.991173, 40.95797400000001, 65.919018, 39.551717999999994, 39.63960900000001, 16.260603000000003, 82.530417, 80.684706, 29.707926000000015]","[-3.0, 0.0, 3.0, 3.0, 1.0, 1.0, 1.0, 2.0, 2.0, 1.0, 2.0, 3.0, 1.0, 0.0, 3.0, 1.0]","[-9.0, 21.0, 16.0, 16.0, -12.0, 21.0, 11.0, 11.0, 8.0, 26.0, 11.0, 12.0, 25.0, -17.0, 10.0, 14.0]"
3,1791639744.001844,"[-42.01113000000001, 66.534255, 41.04586499999999, 40.694300999999996, 0.08865900000000693, 71.71982400000002, 34.102475999999996, 40.870082999999994, 41.92477500000001, 65.919018, 40.43062800000001, 40.78219200000001, 16.260603000000003, 82.530417, 81.29994299999998, 29.707926000000015]","[0.0, 0.0, 1.0, 1.0, 1.0, 1.0, 1.0, 1.0, 3.0, 1.0, 3.0, 3.0, 0.0, 0.0, 1.0, 1.0]","[0.0, 21.0, 16.0, 16.0, -12.0, 20.0, 12.0, 11.0, 14.0, 26.0, 11.0, 12.0, 25.0, -18.0, 12.0, 14.0]"
3,1791639744.2258458,"[-43.065822, 66.534255, 42.188447999999994, 41.661102, 0.0007679999999936626, 71.71982400000002, 34.102475999999996, 42.10055700000001, 43.06735800000001, 66.00690900000001, 41.661102, 41.661102, 16.260603000000003, 82.530417, 81.47572500000001, 29.707926000000015]","[0.0, 0.0, 3.0, 3.0, 0.0, 1.0, 1.0, 3.0, 1.0, 1.0, 2.0, 2.0, 0.0, 0.0, 1.0, 1.0]","[0.0, 21.0, 15.0, 16.0, -12.0, 21.0, 11.0, 11.0, 0.0, 26.0, 10.0, 12.0, 26.0, -17.0, 13.0, 14.0]"
3,1791639744.4459531,"[-44.032623, 66.62214600000001, 43.06735800000001, 42.36422999999999, 0.0007679999999936626, 71.71982400000002, 34.102475999999996, 42.979467, 44.03415899999999, 65.919018, 42.627903, 42.803685, 16.260603000000003, 82.530417, 81.739398, 29.707926000000015]","[0.0, 1.0, 1.0, 7.0, 0.0, 1.0, 1.0, 1.0, 1.0, 0.0, 4.0, 3.0, 0.0, 0.0, 1.0, 1.0]","[0.0, 20.0, 16.0, 16.0, -13.0, 22.0, 11.0, 10.0, 0.0, 27.0, 11.0, 11.0, 24.0, -17.0, 16.0, 14.0]"
3,1791639744.6738505,"[-45.08731499999999, 66.62214600000001, 44.209941000000015, 43.68259499999999, 0.0007679999999936626, 71.71982400000002, 34.102475999999996, 44.12205, 45.00095999999999, 65.919018, 43.68259499999999, 43.85837699999999, 16.260603000000003, 82.530417, 81.739398, 29.707926000000015]","[0.0, 2.0, 3.0, 3.0, 1.0, 1.0, 1.0, 4.0, 1.0, 0.0, 3.0, 2.0, 0.0, 0.0, 1.0, 1.0]","[0.0, 20.0, 15.0, 15.0, -12.0, 21.0, 11.0, 12.0, -14.0, 26.0, 11.0, 12.0, 25.0, -17.0, 21.0, 14.0]"
3,1791639744.8978117,"[-46.05411599999999, 66.62214600000001, 45.088851000000005, 45.00095999999999, 0.0007679999999936626, 71.71982400000002, 34.102475999999996, 44.649395999999996, 45.967760999999996, 66.00690900000001, 44.73728700000001, 45.00095999999999, 16.260603000000003, 82.530417, 82.35463500000003, 29.620035]","[0.0, 0.0, 1.0, 4.0, 1.0, 1.0, 1.0, 1.0, 1.0, 1.0, 4.0, 2.0, 0.0, 0.0, 1.0, 0.0]","[0.0, 20.0, 15.0, 14.0, -12.0, 21.0, 11.0, 12.0, -1.0, 26.0, 11.0, 11.0, 25.0, -17.0, 24.0, 13.0]"
3,1791639745.1187723,"[-47.020917, 66.62214600000001, 46.05565200000001, 45.791979, 0.0007679999999936626, 71.71982400000002, 34.102475999999996, 45.35252399999999, 46.934562, 66.00690900000001, 45.616197, 45.967760999999996, 16.17271199999999, 82.530417, 82.44252599999999, 29.620035]","[0.0, 1.0, 2.0, 3.0, 0.0, 1.0, 1.0, 1.0, 1.0, 1.0, 1.0, 2.0, 1.0, 0.0, 1.0, 0.0]","[0.0, 21.0, 15.0, 16.0, -12.0, 21.0, 11.0, 13.0, 0.0, 26.0, 11.0, 11.0, 25.0, -17.0, 29.0, 13.0]"
3,1791639745.342428,"[-47.72404499999999, 66.534255, 47.110344, 47.19823500000001, -0.08712299999999118, 71.71982400000002, 34.102475999999996, 46.23143400000001, 48.077145, 66.00690900000001, 46.75878, 47.02245300000001, 16.17271199999999, 82.530417, 82.881981, 29.532143999999988]","[-1.0, 0.0, 1.0, 3.0, 0.0, 1.0, 1.0, 1.0, 1.0, 1.0, 4.0, 4.0, 0.0, 0.0, 1.0, 0.0]","[-10.0, 21.0, 15.0, 16.0, -5.0, 21.0, 12.0, 15.0, -13.0, 25.0, 11.0, 10.0, 26.0, -17.0, 33.0, 14.0]"
3,1791639745.5667858,"[-49.04240999999999, 66.62214600000001, 47.98925399999999, 48.165036000000015, -0.08712299999999118, 71.71982400000002, 34.102475999999996, 46.67088899999999, 49.043946000000005, 66.00690900000001, 47.725581000000005, 48.165036000000015, 16.17271199999999, 82.530417, 83.05776300000002, 29.532143999999988]","[-2.0, 1.0, 1.0, 2.0, 0.0, 1.0, 1.0, 1.0, 1.0, 0.0, 2.0, 4.0, 0.0, 0.0, 0.0, 0.0]","[0.0, 21.0, 15.0, 15.0, 0.0, 21.0, 11.0, 15.0, -14.0, 26.0, 11.0, 11.0, 25.0, -17.0, 40.0, 14.0]"
3,1791639745.7912118,"[-49.92132000000001, 66.62214600000001, 49.043946000000005, 49.219728, -0.08712299999999118, 71.631933, 34.01458500000001, 47.461907999999994, 49.922855999999996, 66.00690900000001, 48.51660000000001, 48.95605499999999, 16.084821000000005, 82.61830800000001, 82.881981, 29.532143999999988]","[0.0, 1.0, 3.0, 3.0, 0.0, 0.0, 0.0, 1.0, 1.0, 1.0, 1.0, 1.0, 0.0, 0.0, 0.0, 0.0]","[-9.0, 20.0, 15.0, 14.0, 0.0, 22.0, 11.0, 16.0, -3.0, 26.0, 12.0, 11.0, 11.0, 0.0, 10.0, 14.0]"
3,1791639746.0176919,"[-50.88812100000001, 66.62214600000001, 49.922855999999996, 50.362311000000005, -0.17501400000000444, 71.631933, 34.01458500000001, 48.165036000000015, 51.15333000000001, 66.00690900000001, 49.65918300000001, 50.098637999999994, 16.084821000000005, 82.61830800000001, 82.881981, 29.532143999999988]","[0.0, 1.0, 1.0, 2.0, 0.0, 0.0, 0.0, 0.0, 0.0, 0.0, 3.0, 3.0, 0.0, 0.0, 0.0, 0.0]","[-9.0, 20.0, 15.0, 14.0, 3.0, 22.0, 11.0, 16.0, -7.0, 25.0, 11.0, 11.0, 11.0, 0.0, 10.0, 13.0]"
3,1791639746.2414966,"[-51.767031, 66.62214600000001, 50.889657, 51.32911200000001, -0.17501400000000444, 71.631933, 34.01458500000001, 48.86816400000001, 52.03224, 66.00690900000001, 50.62598400000002, 50.889657, 16.084821000000005, 82.61830800000001, 82.881981, 29.532143999999988]","[0.0, 1.0, 1.0, 2.0, 0.0, 0.0, 0.0, 1.0, 1.0, 1.0, 1.0, 4.0, 0.0, 1.0, 0.0, 0.0]","[-9.0, 21.0, 16.0, 13.0, 12.0, 22.0, 12.0, 18.0, 0.0, 25.0, 12.0, 10.0, 10.0, -2.0, 11.0, 13.0]"
3,1791639746.46568,"[-52.82172299999999, 66.62214600000001, 52.03224, 52.29591300000001, -0.17501400000000444, 71.631933, 33.926694, 49.39551, 53.08693199999999, 66.00690900000001, 51.76856699999999, 52.03224, 16.084821000000005, 82.61830800000001, 82.881981, 29.532143999999988]","[-3.0, 1.0, 2.0, 1.0, 0.0, 0.0, 0.0, 1.0, 1.0, 1.0, 1.0, 1.0, 0.0, 0.0, 0.0, 0.0]","[-9.0, 20.0, 16.0, 14.0, 11.0, 22.0, 12.0, 19.0, 0.0, 25.0, 11.0, 10.0, 10.0, 0.0, 10.0, 13.0]"
3,1791639746.6868317,"[-53.788523999999995, 66.62214600000001, 52.999041000000005, 53.350605, -0.17501400000000444, 71.54404199999999, 33.926694, 50.18652900000001, 54.053732999999994, 66.00690900000001, 52.64747700000001, 52.999041000000005, 16.084821000000005, 82.61830800000001, 82.881981, 29.532143999999988]","[-1.0, 1.0, 3.0, 3.0, 0.0, 0.0, 0.0, 1.0, 1.0, 1.0, 2.0, 5.0, 0.0, 1.0, 0.0, 0.0]","[-9.0, 21.0, 16.0, 14.0, 12.0, 22.0, 12.0, 23.0, 0.0, 25.0, 11.0, 11.0, 10.0, -3.0, 10.0, 13.0]"
3,1791639746.9136174,"[-54.491652, 66.62214600000001, 53.877950999999996, 54.317406000000005, -0.17501400000000444, 70.92880500000001, 33.83880300000001, 50.18652900000001, 55.10842500000001, 66.00690900000001, 53.526387, 53.79006000000001, 16.084821000000005, 82.70619900000003, 82.881981, 29.532143999999988]","[0.0, 1.0, 3.0, 1.0, 0.0, 0.0, 0.0, 1.0, 0.0, 1.0, 0.0, 1.0, 0.0, 1.0, 0.0, 0.0]","[-9.0, 21.0, 16.0, 14.0, 11.0, 11.0, 9.0, 0.0, -13.0, 26.0, 12.0, 11.0, 11.0, -6.0, 10.0, 13.0]"
3,1791639747.1338398,"[-55.546344000000005, 66.62214600000001, 55.10842500000001, 55.372097999999994, -0.17501400000000444, 70.92880500000001, 33.83880300000001, 50.18652900000001, 56.075226000000015, 66.00690900000001, 54.756861000000015, 54.93264300000001, 16.084821000000005, 82.61830800000001, 82.881981, 29.532143999999988]","[-1.0, 1.0, 3.0, 3.0, 0.0, 0.0, 0.0, 0.0, 0.0, 1.0, 3.0, 1.0, 0.0, 0.0, 0.0, 0.0]","[-9.0, 21.0, 15.0, 14.0, 12.0, 10.0, 9.0, 4.0, -8.0, 26.0, 11.0, 10.0, 11.0, 0.0, 10.0, 13.0]"
3,1791639747.3615692,"[-56.425253999999995, 66.710037, 55.987335, 56.338899, -0.17501400000000444, 70.92880500000001, 33.83880300000001, 50.098637999999994, 57.04202699999999, 66.00690900000001, 55.635771000000005, 55.89944400000002, 16.084821000000005, 82.70619900000003, 82.881981, 29.532143999999988]","[0.0, 1.0, 1.0, 4.0, 0.0, 0.0, 0.0, 0.0, 2.0, 1.0, 2.0, 3.0, 0.0, 0.0, 0.0, 0.0]","[-9.0, 20.0, 16.0, 15.0, 12.0, 11.0, 10.0, 3.0, -13.0, 26.0, 12.0, 11.0, 11.0, -2.0, 10.0, 12.0]"
3,1791639747.583723,"[-57.128382, 66.710037, 56.954136000000005, 57.129918, -0.17501400000000444, 70.92880500000001, 33.83880300000001, 50.18652900000001, 57.92093700000001, 66.00690900000001, 56.514680999999996, 56.86624499999999, 16.084821000000005, 82.61830800000001, 82.881981, 29.532143999999988]","[-1.0, 1.0, 2.0, 2.0, 0.0, 0.0, 0.0, 1.0, 1.0, 1.0, 2.0, 1.0, 0.0, 0.0, 0.0, 0.0]","[-10.0, 19.0, 15.0, 15.0, 11.0, 11.0, 9.0, 2.0, 0.0, 26.0, 12.0, 11.0, 11.0, -1.0, 10.0, 13.0]"
3,1791639747.80955,"[-58.71042, 66.710037, 58.09671900000001, 58.008827999999994, -0.17501400000000444, 70.92880500000001, 33.83880300000001, 50.18652900000001, 58.975629, 66.00690900000001, 57.657264, 58.008827999999994, 16.084821000000005, 82.70619900000003, 82.881981, 29.532143999999988]","[-2.0, 1.0, 2.0, 1.0, 0.0, 0.0, 0.0, 0.0, 1.0, 1.0, 2.0, 4.0, 0.0, 1.0, 0.0, 0.0]","[-9.0, 19.0, 15.0, 15.0, 11.0, 11.0, 10.0, 3.0, 0.0, 26.0, 11.0, 10.0, 10.0, -5.0, 10.0, 13.0]"
3,1791639748.0335617,"[-59.149874999999994, 66.710037, 59.327192999999994, 59.23930200000001, -0.17501400000000444, 70.92880500000001, 33.83880300000001, 50.098637999999994, 59.94243, 66.00690900000001, 58.53617400000002, 58.88773800000001, 16.084821000000005, 82.61830800000001, 82.881981, 29.532143999999988]","[0.0, 1.0, 4.0, 3.0, 0.0, 0.0, 0.0, 0.0, 1.0, 1.0, 3.0, 4.0, 0.0, 1.0, 0.0, 0.0]","[-10.0, 19.0, 15.0, 14.0, 11.0, 11.0, 10.0, 6.0, 0.0, 25.0, 12.0, 11.0, 9.0, -8.0, 11.0, 12.0]"
3,1791639748.2552626,"[-60.468239999999994, 66.710037, 60.293994, 59.23930200000001, -0.17501400000000444, 70.92880500000001, 33.83880300000001, 50.18652900000001, 60.99712199999999, 66.00690900000001, 59.766648, 58.88773800000001, 16.084821000000005, 82.61830800000001, 82.881981, 29.532143999999988]","[-1.0, 1.0, 3.0, 1.0, 0.0, 0.0, 0.0, 0.0, 1.0, 1.0, 4.0, 1.0, 0.0, 0.0, 0.0, 0.0]","[-10.0, 19.0, 14.0, 15.0, 12.0, 10.0, 9.0, 0.0, 0.0, 25.0, 11.0, 11.0, 11.0, -2.0, 10.0, 13.0]"
3,1791639748.4815204,"[-61.698713999999995, 66.885819, 61.348686000000015, 59.23930200000001, -0.17501400000000444, 70.92880500000001, 33.83880300000001, 50.098637999999994, 61.963922999999994, 66.00690900000001, 60.909231000000005, 58.88773800000001, 16.084821000000005, 82.70619900000003, 82.881981, 29.532143999999988]","[0.0, 1.0, 3.0, 1.0, 0.0, 0.0, 0.0, 0.0, 3.0, 1.0, 4.0, 1.0, 0.0, 1.0, 0.0, 0.0]","[-9.0, 18.0, 14.0, 15.0, 11.0, 11.0, 9.0, 3.0, 0.0, 26.0, 10.0, 11.0, 11.0, -6.0, 10.0, 13.0]"
3,1791639748.70426,"[-62.489733, 67.32527400000001, 62.31548699999999, 59.23930200000001, -0.17501400000000444, 70.92880500000001, 33.83880300000001, 50.18652900000001, 62.930724, 66.00690900000001, 61.87603200000001, 58.88773800000001, 16.084821000000005, 82.61830800000001, 82.881981, 29.532143999999988]","[0.0, 1.0, 2.0, 1.0, 0.0, 0.0, 0.0, 0.0, 2.0, 1.0, 1.0, 1.0, 0.0, -1.0, 0.0, 0.0]","[-9.0, 18.0, 14.0, 14.0, 12.0, 11.0, 9.0, 1.0, 0.0, 26.0, 12.0, 10.0, 11.0, 0.0, 10.0, 13.0]"
3,1791639748.9261327,"[-63.720207, 67.32527400000001, 63.37017900000001, 59.23930200000001, -0.17501400000000444, 70.92880500000001, 33.83880300000001, 50.18652900000001, 63.985416000000015, 66.00690900000001, 63.01861500000001, 58.88773800000001, 16.084821000000005, 82.61830800000001, 82.881981, 29.532143999999988]","[0.0, 1.0, 1.0, 1.0, 0.0, 0.0, 0.0, 1.0, 1.0, 1.0, 3.0, 1.0, 0.0, 0.0, 0.0, 0.0]","[-9.0, 18.0, 14.0, 14.0, 12.0, 11.0, 9.0, 0.0, 0.0, 26.0, 10.0, 11.0, 11.0, 0.0, 10.0, 14.0]"
3,1791639749.153424,"[-64.774899, 67.32527400000001, 64.33698000000001, 59.23930200000001, -0.17501400000000444, 70.92880500000001, 33.83880300000001, 50.18652900000001, 64.95221699999999, 66.00690900000001, 63.897525, 58.88773800000001, 16.084821000000005, 82.61830800000001, 82.881981, 29.532143999999988]","[-2.0, 0.0, 2.0, 1.0, 0.0, 0.0, 0.0, 1.0, 1.0, 1.0, 3.0, 1.0, 0.0, 1.0, 0.0, 0.0]","[-9.0, 18.0, 14.0, 15.0, 12.0, 11.0, 10.0, 0.0, 0.0, 26.0, 10.0, 10.0, 11.0, -4.0, 10.0, 13.0]"
3,1791639749.377412,"[-65.390136, 67.32527400000001, 65.391672, 59.23930200000001, -0.17501400000000444, 70.92880500000001, 33.83880300000001, 50.18652900000001, 65.919018, 66.00690900000001, 64.424871, 58.88773800000001, 16.084821000000005, 82.70619900000003, 82.881981, 29.532143999999988]","[0.0, 1.0, 3.0, 1.0, 0.0, 0.0, 0.0, 0.0, 1.0, 1.0, 2.0, 1.0, 0.0, 1.0, 0.0, 0.0]","[-9.0, 18.0, 14.0, 14.0, 12.0, 12.0, 9.0, 3.0, 0.0, 26.0, 11.0, 11.0, 11.0, -8.0, 10.0, 13.0]"
3,1791639749.6013842,"[-66.62061, 67.32527400000001, 66.358473, 59.23930200000001, -0.17501400000000444, 70.92880500000001, 33.83880300000001, 50.18652900000001, 66.97371000000001, 66.00690900000001, 64.68854400000001, 58.88773800000001, 16.084821000000005, 82.70619900000003, 82.881981, 29.532143999999988]","[-1.0, 1.0, 2.0, 1.0, 0.0, 0.0, 0.0, 0.0, 1.0, 1.0, 1.0, 1.0, 0.0, 1.0, 0.0, 0.0]","[-9.0, 18.0, 14.0, 14.0, 12.0, 11.0, 10.0, 0.0, 0.0, 26.0, 14.0, 10.0, 10.0, -5.0, 11.0, 13.0]"
3,1791639749.8226027,"[-67.49952, 67.32527400000001, 67.41316499999999, 59.23930200000001, -0.17501400000000444, 70.92880500000001, 33.83880300000001, 50.18652900000001, 67.76472900000002, 66.00690900000001, 65.21589, 58.88773800000001, 16.084821000000005, 82.61830800000001, 82.881981, 29.532143999999988]","[0.0, 1.0, 3.0, 1.0, 0.0, 0.0, 0.0, 1.0, 1.0, 1.0, 1.0, 0.0, 0.0, 0.0, 0.0, 0.0]","[-9.0, 17.0, 14.0, 14.0, 11.0, 11.0, 9.0, 1.0, 14.0, 26.0, 17.0, 12.0, 10.0, 0.0, 10.0, 13.0]"
3,1791639750.0485833,"[-68.466321, 67.32527400000001, 68.29207500000001, 59.23930200000001, -0.17501400000000444, 70.92880500000001, 33.83880300000001, 50.18652900000001, 68.819421, 66.00690900000001, 65.391672, 58.88773800000001, 16.084821000000005, 82.61830800000001, 82.881981, 29.532143999999988]","[-1.0, 1.0, 1.0, 1.0, 0.0, 0.0, 0.0, 1.0, 2.0, 1.0, 1.0, 1.0, 0.0, 1.0, 0.0, 0.0]","[-9.0, 18.0, 16.0, 14.0, 12.0, 12.0, 9.0, 0.0, 13.0, 26.0, 22.0, 11.0, 11.0, -7.0, 10.0, 13.0]"
3,1791639750.2706418,"[-69.433122, 67.501056, 68.555748, 59.23930200000001, -0.17501400000000444, 70.92880500000001, 33.83880300000001, 50.18652900000001, 69.522549, 66.00690900000001, 65.65534500000001, 58.799847, 16.084821000000005, 82.61830800000001, 82.881981, 29.532143999999988]","[-2.0, 2.0, 1.0, 1.0, 0.0, 0.0, 0.0, 1.0, 5.0, 1.0, 1.0, 0.0, 0.0, 0.0, 0.0, 0.0]","[-9.0, 17.0, 17.0, 14.0, 12.0, 11.0, 9.0, 2.0, 13.0, 25.0, 31.0, 11.0, 10.0, -1.0, 10.0, 13.0]"
3,1791639750.4973812,"[-69.433122, 67.501056, 68.90731199999999, 59.23930200000001, -0.17501400000000444, 70.92880500000001, 33.83880300000001, 50.18652900000001, 69.698331, 66.00690900000001, 65.743236, 58.799847, 16.084821000000005, 82.70619900000003, 82.881981, 29.532143999999988]","[0.0, 0.0, 1.0, 1.0, 0.0, 0.0, 0.0, 0.0, 1.0, 1.0, 1.0, 1.0, 0.0, 1.0, 0.0, 0.0]","[-9.0, 17.0, 20.0, 13.0, 12.0, 11.0, 10.0, 2.0, 14.0, 26.0, 33.0, 11.0, 10.0, -2.0, 10.0, 13.0]"
3,1791639750.721492,"[-69.521013, 67.501056, 69.25887600000001, 59.151410999999996, -0.17501400000000444, 70.92880500000001, 33.83880300000001, 50.18652900000001, 69.698331, 66.00690900000001, 66.09479999999999, 58.799847, 16.084821000000005, 82.61830800000001, 82.881981, 29.532143999999988]","[0.0, 1.0, 1.0, 0.0, 0.0, 0.0, 0.0, 1.0, 0.0, 1.0, 0.0, 0.0, 0.0, 0.0, 0.0, 0.0]","[-9.0, 17.0, 23.0, 14.0, 11.0, 11.0, 9.0, 2.0, 14.0, 25.0, 40.0, 11.0, 10.0, -4.0, 11.0, 13.0]"
3,1791639750.9417129,"[-69.608904, 67.501056, 69.698331, 59.151410999999996, -0.17501400000000444, 70.92880500000001, 33.83880300000001, 50.18652900000001, 69.698331, 65.743236, 66.00690900000001, 58.711956000000015, 16.084821000000005, 82.70619900000003, 82.881981, 29.532143999999988]","[0.0, 1.0, 1.0, 0.0, 0.0, 0.0, 0.0, 1.0, 1.0, 0.0, 0.0, 1.0, 0.0, 1.0, 0.0, 0.0]","[-9.0, 17.0, 27.0, 15.0, 11.0, 11.0, 10.0, 0.0, 0.0, 11.0, 9.0, 9.0, 10.0, -3.0, 10.0, 13.0]"
3,1791639751.1692584,"[-69.608904, 67.501056, 69.698331, 59.151410999999996, -0.17501400000000444, 70.92880500000001, 33.83880300000001, 50.18652900000001, 69.698331, 65.743236, 66.00690900000001, 58.711956000000015, 16.084821000000005, 82.61830800000001, 82.881981, 29.532143999999988]","[0.0, 1.0, 1.0, 0.0, 0.0, 0.0, 0.0, 1.0, 1.0, 1.0, 0.0, 1.0, 0.0, 1.0, 0.0, 0.0]","[-9.0, 17.0, 32.0, 15.0, 11.0, 10.0, 10.0, 0.0, 0.0, 10.0, 9.0, 6.0, 10.0, -1.0, 10.0, 13.0]"
3,1791639751.3930447,"[-69.608904, 67.501056, 70.75302300000001, 59.151410999999996, -0.17501400000000444, 70.92880500000001, 33.83880300000001, 50.18652900000001, 69.698331, 65.743236, 66.00690900000001, 58.711956000000015, 16.084821000000005, 82.61830800000001, 82.881981, 29.532143999999988]","[0.0, 1.0, 1.0, 0.0, 0.0, 0.0, 0.0, 0.0, 1.0, 0.0, 1.0, 0.0, 0.0, 1.0, 0.0, 0.0]","[-9.0, 18.0, 33.0, 15.0, 11.0, 10.0, 10.0, 0.0, 0.0, 10.0, 8.0, 9.0, 11.0, -7.0, 10.0, 13.0]"
3,1791639751.6174793,"[-69.608904, 67.41316499999999, 71.10458700000001, 59.06352000000001, -0.17501400000000444, 70.92880500000001, 33.83880300000001, 50.18652900000001, 69.698331, 65.743236, 65.919018, 58.711956000000015, 16.084821000000005, 82.61830800000001, 82.881981, 29.532143999999988]","[0.0, 0.0, 1.0, 0.0, 0.0, 0.0, 0.0, 1.0, 1.0, 1.0, 0.0, 1.0, 0.0, 1.0, 0.0, 0.0]","[-9.0, 18.0, 37.0, 15.0, 12.0, 10.0, 9.0, 1.0, 0.0, 10.0, 9.0, 8.0, 10.0, -7.0, 10.0, 14.0]"
3,1791639751.8383129,"[-69.608904, 67.32527400000001, 71.016696, 59.06352000000001, -0.17501400000000444, 70.92880500000001, 33.83880300000001, 50.18652900000001, 69.698331, 65.743236, 66.00690900000001, 58.711956000000015, 16.084821000000005, 82.70619900000003, 82.881981, 29.532143999999988]","[0.0, 0.0, 1.0, 0.0, 0.0, 0.0, 0.0, 0.0, 1.0, 0.0, 0.0, 0.0, 0.0, 1.0, 0.0, 0.0]","[8.0, 6.0, 14.0, 0.0, 12.0, 11.0, 9.0, 1.0, 0.0, 10.0, 9.0, 9.0, 11.0, -3.0, 10.0, 13.0]"
