grip,time,positions,velocities,currents
1,1791638431.7101042,"[0.08865900000000693, -4.393781999999987, -1.229705999999993, -0.17501400000000444, -0.08712299999999118, -5.272692000000006, 0.17654999999999177, -0.4386869999999874, 0.08865900000000693, -4.833236999999997, -1.053923999999995, 0.26444100000000503, -1.8449430000000007, 178.41949799999998, 39.991173, 25.928613000000013]","[1.0, 1.0, 1.0, 0.0, 0.0, 0.0, 0.0, 1.0, 0.0, 0.0, 1.0, 0.0, 1.0, 1.0, 1.0, 0.0]","[-9.0, 29.0, 16.0, 14.0, 0.0, 34.0, -10.0, 11.0, -14.0, 32.0, 11.0, -10.0, 14.0, 15.0, 0.0, -15.0]"
1,1791638431.9370675,"[-0.4386869999999874, -4.305891000000003, -1.229705999999993, 0.0007679999999936626, -0.08712299999999118, -4.92112800000001, 0.6160050000000012, -0.35079600000000255, 0.7038960000000145, -4.833236999999997, -1.053923999999995, 0.3523319999999899, -1.8449430000000007, 178.243716, 40.07906399999999, 25.928613000000013]","[-1.0, 1.0, 1.0, 1.0, 0.0, 1.0, 1.0, 0.0, 1.0, 0.0, 1.0, 1.0, 1.0, 1.0, 1.0, 0.0]","[-10.0, 42.0, 20.0, 15.0, 0.0, 48.0, 10.0, 13.0, 14.0, 51.0, 13.0, 10.0, 14.0, -11.0, 13.0, 13.0]"
1,1791638432.1609316,"[-1.3175970000000063, -3.426981000000012, -0.08712299999999118, 0.44022300000000314, -0.08712299999999118, -3.7785450000000083, 1.1433509999999956, 0.44022300000000314, 0.7917869999999994, -4.042217999999991, -0.6144689999999855, 0.6160050000000012, -1.8449430000000007, 177.98004300000002, 40.07906399999999, 26.192285999999996]","[-2.0, 2.0, 1.0, 1.0, 0.0, 3.0, 1.0, 1.0, 1.0, 1.0, 1.0, 1.0, 1.0, 0.0, 1.0, 1.0]","[-9.0, 50.0, 18.0, 16.0, 0.0, 58.0, 11.0, 12.0, 16.0, 63.0, 16.0, 12.0, 16.0, -16.0, 15.0, 14.0]"
1,1791638432.3848739,"[-2.28439800000001, -2.9875260000000026, 0.8796780000000126, 1.407024000000007, -0.08712299999999118, -3.0754169999999874, 1.846478999999988, 1.407024000000007, 2.901171000000005, -2.372288999999995, 0.17654999999999177, 0.6160050000000012, -1.8449430000000007, 177.71636999999998, 41.573211000000015, 27.159087]","[-1.0, 7.0, 1.0, 4.0, 0.0, 8.0, 1.0, 1.0, 4.0, 3.0, 2.0, 1.0, 1.0, 0.0, 5.0, 1.0]","[-9.0, 63.0, 19.0, 17.0, 0.0, 62.0, 12.0, 13.0, 14.0, 68.0, 16.0, 15.0, 14.0, -25.0, 13.0, 15.0]"
1,1791638432.6089287,"[-3.2511989999999855, 0.44022300000000314, 1.7585880000000031, 2.3738250000000107, -0.08712299999999118, 0.26444100000000503, 2.6374979999999937, 2.1101519999999994, 2.901171000000005, -2.372288999999995, 1.3191329999999937, 2.0222610000000145, -1.8449430000000007, 177.452697, 42.452121000000005, 28.03799699999999]","[-2.0, 1.0, 1.0, 1.0, 0.0, 5.0, 1.0, 1.0, 1.0, 1.0, 4.0, 3.0, 1.0, 0.0, 2.0, 2.0]","[-10.0, 54.0, 19.0, 18.0, 0.0, 53.0, 12.0, 13.0, 16.0, 96.0, 16.0, 14.0, 14.0, -36.0, 12.0, 15.0]"
1,1791638432.831478,"[-4.1301090000000045, 2.1101519999999994, 2.813279999999992, 3.2527350000000013, -0.08712299999999118, 2.0222610000000145, 3.4285169999999994, 3.3406260000000145, 4.746881999999999, 2.1101519999999994, 1.846478999999988, 3.164843999999988, -1.8449430000000007, 175.606986, 42.54001199999999, 29.180579999999992]","[0.0, 6.0, 1.0, 1.0, 0.0, 5.0, 1.0, 3.0, 3.0, 9.0, 1.0, 4.0, 1.0, -4.0, 1.0, 4.0]","[-9.0, 54.0, 19.0, 16.0, 0.0, 56.0, 13.0, 13.0, 13.0, 56.0, 17.0, 13.0, 15.0, -36.0, 15.0, 14.0]"
1,1791638433.0564873,"[-5.272692000000006, 3.867972000000009, 3.7800809999999956, 4.483208999999988, -0.08712299999999118, 3.6921900000000107, 4.395318000000003, 4.30742699999999, 5.713683000000003, 4.30742699999999, 3.076953000000003, 4.043754000000007, -1.8449430000000007, 173.233929, 44.56150500000001, 30.147380999999996]","[-1.0, 1.0, 4.0, 3.0, 0.0, 4.0, 1.0, 1.0, 3.0, 7.0, 4.0, 1.0, 1.0, 0.0, 5.0, 2.0]","[-10.0, 61.0, 19.0, 16.0, 0.0, 64.0, 13.0, 13.0, 14.0, 59.0, 17.0, 14.0, 14.0, -34.0, 13.0, 15.0]"
1,1791638433.2776058,"[-5.8879289999999855, 5.537901000000005, 4.571100000000001, 5.537901000000005, -0.08712299999999118, 6.065246999999999, 5.186337000000009, 5.274227999999994, 6.504702000000009, 5.889465000000001, 4.30742699999999, 4.9226639999999975, -1.8449430000000007, 170.77298100000002, 45.528306000000015, 31.114182]","[-1.0, 1.0, 6.0, 3.0, 0.0, 6.0, 5.0, 2.0, 4.0, 4.0, 3.0, 1.0, 1.0, -7.0, 2.0, 1.0]","[-11.0, 64.0, 19.0, 16.0, 0.0, 57.0, 14.0, 14.0, 13.0, 61.0, 16.0, 14.0, 14.0, -30.0, 13.0, 15.0]"
1,1791638433.5020444,"[-7.030511999999987, 8.526195000000001, 5.889465000000001, 6.592592999999994, -0.08712299999999118, 6.065246999999999, 6.328920000000011, 6.504702000000009, 7.735175999999996, 8.438303999999988, 5.098445999999996, 6.2410289999999975, -1.8449430000000007, 169.36672500000003, 46.67088899999999, 32.16887399999999]","[-2.0, 5.0, 2.0, 3.0, 0.0, 1.0, 1.0, 6.0, 3.0, 7.0, 2.0, 3.0, 1.0, 0.0, 1.0, 2.0]","[-10.0, 49.0, 19.0, 17.0, 0.0, 87.0, 14.0, 12.0, 14.0, 58.0, 17.0, 12.0, 14.0, -37.0, 13.0, 15.0]"
1,1791638433.953167,"[-7.997312999999991, 10.108233000000013, 6.768374999999992, 7.383611999999999, -0.08712299999999118, 9.932451000000015, 7.207830000000001, 7.383611999999999, 8.614086000000015, 9.668778000000003, 6.328920000000011, 7.207830000000001, -1.8449430000000007, 168.487815, 47.725581000000005, 33.223566000000005]","[0.0, 1.0, 1.0, 1.0, 0.0, 1.0, 1.0, 0.0, 1.0, 1.0, 1.0, 1.0, 1.0, 0.0, 1.0, 1.0]","[-10.0, 60.0, 20.0, 18.0, 0.0, 59.0, 14.0, 13.0, 14.0, 66.0, 17.0, 13.0, 16.0, -45.0, 12.0, 15.0]"
1,1791638434.1745405,"[-9.139895999999993, 10.108233000000013, 7.823067000000009, 8.526195000000001, -0.08712299999999118, 11.426598000000013, 8.26252199999999, 8.526195000000001, 9.58088699999999, 9.668778000000003, 7.119938999999988, 7.471503000000013, -1.8449430000000007, 166.114758, 48.34081800000001, 34.19036700000001]","[-1.0, 1.0, 1.0, 3.0, 0.0, 1.0, 2.0, 2.0, 3.0, 1.0, 3.0, 5.0, 1.0, -9.0, 1.0, 3.0]","[-10.0, 82.0, 20.0, 16.0, 0.0, 65.0, 13.0, 12.0, 14.0, 93.0, 17.0, 15.0, 14.0, -38.0, 13.0, 14.0]"
1,1791638434.397953,"[-10.106696999999997, 14.151218999999998, 8.877758999999998, 9.492996000000005, -0.08712299999999118, 13.360199999999992, 9.317214000000007, 9.405104999999992, 10.635579000000007, 13.799655000000001, 8.086739999999992, 9.317214000000007, -1.8449430000000007, 163.829592, 49.571292, 35.15716800000001]","[0.0, 4.0, 5.0, 4.0, 0.0, 8.0, 2.0, 1.0, 1.0, 19.0, 4.0, 4.0, 1.0, 0.0, 3.0, 3.0]","[-12.0, 58.0, 20.0, 17.0, 0.0, 59.0, 15.0, 14.0, 14.0, 57.0, 15.0, 13.0, 14.0, -40.0, 13.0, 15.0]"
1,1791638434.6227076,"[-10.634042999999991, 15.733257000000009, 9.756668999999988, 10.547687999999994, -0.08712299999999118, 15.821147999999994, 10.28401500000001, 10.459797000000009, 11.60238000000001, 14.23911000000001, 9.229322999999994, 10.108233000000013, -1.8449430000000007, 161.45653500000003, 50.362311000000005, 36.12396899999999]","[-3.0, 6.0, 1.0, 2.0, 0.0, 3.0, 2.0, 2.0, 2.0, 1.0, 2.0, 1.0, 1.0, -6.0, 1.0, 3.0]","[-12.0, 58.0, 19.0, 16.0, 0.0, 58.0, 14.0, 13.0, 14.0, 84.0, 16.0, 14.0, 14.0, -33.0, 14.0, 14.0]"
1,1791638434.8466403,"[-11.952407999999991, 18.018423000000013, 10.811361000000005, 11.514488999999998, -0.08712299999999118, 17.75475, 11.250816000000015, 11.250816000000015, 12.657072, 14.23911000000001, 9.668778000000003, 11.075033999999988, -1.8449430000000007, 159.61082399999998, 51.417002999999994, 37.178661000000005]","[-1.0, 0.0, 1.0, 3.0, 0.0, 3.0, 3.0, 1.0, 2.0, 1.0, 6.0, 1.0, 1.0, 0.0, 4.0, 2.0]","[-11.0, 58.0, 19.0, 15.0, 0.0, 63.0, 14.0, 13.0, 14.0, 113.0, 17.0, 14.0, 14.0, -35.0, 13.0, 15.0]"
1,1791638435.0725567,"[-12.919208999999995, 20.215698000000003, 11.778162000000009, 12.481290000000001, -0.08712299999999118, 19.952024999999992, 12.21761699999999, 12.393398999999988, 13.53598199999999, 20.039916000000005, 10.987143000000003, 12.129726000000005, -1.8449430000000007, 157.50144, 52.383804, 38.14546200000001]","[0.0, 4.0, 1.0, 2.0, 0.0, 3.0, 1.0, 1.0, 1.0, 10.0, 1.0, 3.0, 1.0, -2.0, 3.0, 1.0]","[-12.0, 58.0, 20.0, 16.0, 0.0, 52.0, 14.0, 13.0, 14.0, 59.0, 18.0, 13.0, 15.0, -38.0, 13.0, 15.0]"
1,1791638435.294126,"[-14.061791999999997, 22.237190999999996, 12.832853999999998, 13.184417999999994, -0.08712299999999118, 21.358281000000005, 13.272309000000007, 13.53598199999999, 14.678564999999992, 22.061408999999998, 11.866052999999994, 13.184417999999994, -1.8449430000000007, 155.74362000000002, 53.08693199999999, 39.375935999999996]","[0.0, 3.0, 3.0, 1.0, 0.0, 2.0, 3.0, 1.0, 3.0, 8.0, 1.0, 2.0, 1.0, -2.0, 1.0, 3.0]","[-10.0, 58.0, 19.0, 16.0, 0.0, 66.0, 14.0, 12.0, 13.0, 54.0, 19.0, 13.0, 14.0, -39.0, 14.0, 14.0]"
1,1791638435.5195563,"[-15.116483999999986, 23.819229000000007, 13.887546000000015, 14.414892000000009, -0.08712299999999118, 24.346575, 14.327000999999996, 14.414892000000009, 15.645365999999996, 24.258683999999988, 13.096527000000009, 13.975437, -1.8449430000000007, 153.722127, 54.317406000000005, 40.254846000000015]","[0.0, 5.0, 2.0, 2.0, 0.0, 7.0, 3.0, 1.0, 1.0, 2.0, 1.0, 2.0, 1.0, -3.0, 3.0, 2.0]","[-11.0, 62.0, 19.0, 16.0, 0.0, 58.0, 14.0, 13.0, 14.0, 57.0, 18.0, 13.0, 15.0, -38.0, 13.0, 15.0]"
1,1791638435.7446609,"[-16.259066999999988, 26.543849999999992, 14.942238000000003, 15.293802, -0.08712299999999118, 26.016503999999998, 15.381693000000013, 15.821147999999994, 16.787948999999998, 26.71963199999999, 14.063328000000013, 14.942238000000003, -1.8449430000000007, 151.61274300000002, 55.196315999999996, 41.22164699999999]","[-2.0, 11.0, 1.0, 5.0, 0.0, 1.0, 1.0, 2.0, 2.0, 5.0, 2.0, 1.0, 1.0, -4.0, 1.0, 2.0]","[-10.0, 48.0, 19.0, 17.0, 0.0, 62.0, 14.0, 12.0, 14.0, 48.0, 15.0, 13.0, 15.0, -34.0, 15.0, 14.0]"
1,1791638435.9655542,"[-17.22586799999999, 28.653233999999998, 15.909039000000007, 16.436385, -0.08712299999999118, 28.30167, 16.524276000000015, 16.787948999999998, 17.666858999999988, 28.565343000000013, 15.118020000000001, 15.996929999999992, -1.8449430000000007, 150.47016000000002, 56.338899, 42.188447999999994]","[-2.0, 1.0, 1.0, 2.0, 0.0, 2.0, 3.0, 2.0, 1.0, 1.0, 2.0, 1.0, 1.0, 0.0, 2.0, 1.0]","[-9.0, 53.0, 18.0, 16.0, 0.0, 54.0, 14.0, 12.0, 14.0, 55.0, 17.0, 13.0, 15.0, -46.0, 13.0, 15.0]"
1,1791638436.189621,"[-18.456342000000006, 31.202073000000013, 17.139512999999994, 17.227404000000007, -0.08712299999999118, 30.05949000000001, 17.578968000000003, 17.75475, 18.633659999999992, 28.565343000000013, 16.348493999999988, 17.05162200000001, -1.8449430000000007, 148.448667, 57.3057, 43.24314000000001]","[-3.0, 6.0, 4.0, 3.0, 0.0, 2.0, 3.0, 2.0, 1.0, 1.0, 3.0, 2.0, 1.0, -1.0, 3.0, 2.0]","[-9.0, 48.0, 18.0, 17.0, 0.0, 60.0, 13.0, 13.0, 14.0, 80.0, 16.0, 13.0, 14.0, -45.0, 14.0, 14.0]"
1,1791638436.416576,"[-19.335251999999997, 32.784110999999996, 18.106313999999998, 18.282095999999996, -0.08712299999999118, 32.432547, 18.36998700000001, 18.633659999999992, 19.68835200000001, 32.959892999999994, 17.315294999999992, 18.19420500000001, -1.8449430000000007, 146.07560999999998, 58.36039199999999, 44.297832]","[0.0, 4.0, 2.0, 3.0, 0.0, 9.0, 1.0, 1.0, 3.0, 14.0, 1.0, 3.0, 1.0, -4.0, 3.0, 2.0]","[-10.0, 53.0, 18.0, 17.0, 0.0, 53.0, 14.0, 13.0, 14.0, 46.0, 16.0, 13.0, 14.0, -40.0, 14.0, 14.0]"
1,1791638436.64057,"[-20.477835, 35.245059, 19.161006000000015, 19.336788000000013, -0.08712299999999118, 34.45403999999999, 19.248897, 19.68835200000001, 20.567262, 33.13567499999999, 18.545769000000007, 19.073115, -1.8449430000000007, 145.19670000000002, 59.41508400000001, 45.264633]","[-2.0, 7.0, 1.0, 1.0, 0.0, 3.0, 3.0, 1.0, 1.0, 1.0, 3.0, 2.0, 1.0, -9.0, 1.0, 2.0]","[-9.0, 43.0, 18.0, 16.0, 0.0, 56.0, 14.0, 12.0, 13.0, 71.0, 16.0, 12.0, 14.0, -46.0, 14.0, 14.0]"
1,1791638436.8613145,"[-21.620418, 37.09076999999999, 20.39148, 20.39148, -0.08712299999999118, 36.82709700000001, 20.215698000000003, 20.655153000000013, 21.885627, 33.31145699999999, 19.424678999999998, 20.215698000000003, -1.8449430000000007, 141.68106, 60.20610300000001, 46.23143400000001]","[-2.0, 4.0, 4.0, 3.0, 0.0, 7.0, 1.0, 1.0, 3.0, 3.0, 2.0, 3.0, 1.0, -2.0, 0.0, 3.0]","[-9.0, 50.0, 16.0, 16.0, 0.0, 46.0, 14.0, 13.0, 14.0, 83.0, 15.0, 12.0, 15.0, -38.0, 15.0, 14.0]"
1,1791638437.085207,"[-22.587219000000005, 39.28804500000001, 21.44617199999999, 21.534063000000003, -0.08712299999999118, 38.76069899999999, 21.00671700000001, 21.709845, 22.500864000000007, 39.46382700000001, 20.655153000000013, 21.270389999999992, -1.8449430000000007, 139.92324000000002, 61.436577, 47.286125999999996]","[0.0, 7.0, 3.0, 3.0, 0.0, 6.0, 2.0, 3.0, 1.0, 6.0, 1.0, 3.0, 1.0, -4.0, 3.0, 2.0]","[-9.0, 41.0, 17.0, 16.0, 0.0, 50.0, 15.0, 13.0, 14.0, 42.0, 14.0, 12.0, 14.0, -40.0, 13.0, 14.0]"
1,1791638437.3125398,"[-23.81769299999999, 41.39742899999999, 22.500864000000007, 22.500864000000007, -0.08712299999999118, 40.95797400000001, 21.797736000000015, 22.76453699999999, 23.907119999999992, 41.836884, 21.709845, 22.32508200000001, -1.8449430000000007, 137.550183, 62.49126900000002, 48.34081800000001]","[0.0, 3.0, 1.0, 3.0, 0.0, 7.0, 1.0, 1.0, 4.0, 7.0, 3.0, 1.0, 1.0, -4.0, 4.0, 3.0]","[-9.0, 46.0, 18.0, 16.0, 0.0, 44.0, 16.0, 12.0, 13.0, 40.0, 14.0, 12.0, 14.0, -34.0, 13.0, 14.0]"
1,1791638437.5364583,"[-24.69660300000001, 43.41892200000001, 23.379773999999998, 22.676646000000005, -0.08712299999999118, 43.59470400000001, 22.588754999999992, 23.555555999999996, 24.873920999999996, 43.41892200000001, 22.76453699999999, 22.940318999999988, -1.8449430000000007, 135.704472, 63.37017900000001, 49.30761899999999]","[-2.0, 11.0, 3.0, 2.0, 0.0, 4.0, 1.0, 1.0, 1.0, 3.0, 3.0, 2.0, 1.0, -2.0, 3.0, 3.0]","[-9.0, 38.0, 17.0, 18.0, 0.0, 45.0, 17.0, 13.0, 14.0, 42.0, 14.0, 14.0, 15.0, -36.0, 14.0, 15.0]"
1,1791638437.7604995,"[-25.751295, 46.23143400000001, 24.346575, 24.522357, 0.0007679999999936626, 45.87987000000001, 23.64344700000001, 24.78603000000001, 25.840722, 46.31932499999999, 23.64344700000001, 24.346575, -1.8449430000000007, 132.979851, 64.424871, 50.18652900000001]","[-2.0, 3.0, 1.0, 2.0, 1.0, 7.0, 3.0, 1.0, 2.0, 5.0, 1.0, 4.0, 1.0, -5.0, 3.0, 4.0]","[-9.0, 37.0, 17.0, 16.0, -3.0, 35.0, 17.0, 12.0, 13.0, 39.0, 15.0, 12.0, 13.0, -31.0, 13.0, 15.0]"
1,1791638437.9844887,"[-26.893878, 48.252927, 25.40126699999999, 25.577048999999988, 0.0007679999999936626, 47.901363, 24.873920999999996, 25.752831000000015, 26.983305, 48.077145, 24.78603000000001, 25.577048999999988, -1.8449430000000007, 131.13414, 65.30378100000001, 51.065439]","[-1.0, 5.0, 3.0, 2.0, 1.0, 3.0, 4.0, 1.0, 1.0, 4.0, 1.0, 3.0, 0.0, -2.0, 1.0, 1.0]","[-9.0, 35.0, 18.0, 17.0, -12.0, 42.0, 16.0, 12.0, 0.0, 39.0, 15.0, 12.0, 14.0, -32.0, 12.0, 15.0]"
1,1791638438.2084346,"[-27.94856999999999, 50.362311000000005, 26.28017700000001, 26.631741000000005, 0.0007679999999936626, 50.098637999999994, 25.840722, 26.895413999999988, 27.950106000000005, 50.889657, 25.928613000000013, 26.455959000000007, -1.8449430000000007, 128.58530100000002, 66.534255, 52.208022]","[0.0, 1.0, 1.0, 3.0, 1.0, 6.0, 1.0, 1.0, 1.0, 7.0, 4.0, 1.0, 0.0, -2.0, 3.0, 1.0]","[0.0, 35.0, 18.0, 16.0, -12.0, 38.0, 16.0, 12.0, 0.0, 31.0, 13.0, 12.0, 14.0, -27.0, 13.0, 14.0]"
1,1791638438.4324026,"[-28.82748000000001, 52.735367999999994, 27.334868999999998, 27.59854200000001, 0.0007679999999936626, 52.383804, 27.071196000000015, 27.42276000000001, 29.004797999999994, 52.29591300000001, 26.895413999999988, 27.774324000000007, -1.8449430000000007, 127.003263, 67.58894699999999, 53.174823]","[0.0, 7.0, 2.0, 1.0, 1.0, 5.0, 2.0, 1.0, 1.0, 3.0, 2.0, 4.0, 1.0, -2.0, 4.0, 1.0]","[-9.0, 29.0, 17.0, 16.0, -12.0, 32.0, 15.0, 13.0, -1.0, 38.0, 14.0, 12.0, 14.0, -33.0, 12.0, 14.0]"
1,1791638438.6528995,"[-29.794281000000012, 55.28420700000001, 28.30167, 28.74112500000001, 0.0007679999999936626, 54.66897, 28.125888000000003, 28.565343000000013, 30.05949000000001, 54.756861000000015, 28.125888000000003, 28.74112500000001, -1.8449430000000007, 125.069661, 68.64363900000001, 54.14162400000001]","[-2.0, 5.0, 1.0, 3.0, 1.0, 6.0, 1.0, 1.0, 1.0, 9.0, 4.0, 3.0, 0.0, -2.0, 3.0, 1.0]","[-9.0, 33.0, 17.0, 15.0, -12.0, 34.0, 15.0, 12.0, 0.0, 31.0, 14.0, 12.0, 14.0, -30.0, 12.0, 15.0]"
1,1791638438.8770947,"[-30.936863999999986, 57.3057, 29.444253000000003, 29.620035, 0.0007679999999936626, 56.77835400000001, 29.444253000000003, 29.795817, 31.026291000000015, 56.42679000000001, 29.180579999999992, 29.795817, -1.8449430000000007, 123.575514, 69.43465800000001, 55.196315999999996]","[0.0, 6.0, 3.0, 3.0, 1.0, 2.0, 4.0, 1.0, 0.0, 1.0, 4.0, 2.0, 1.0, 0.0, 1.0, 1.0]","[-7.0, 30.0, 16.0, 15.0, -11.0, 32.0, 14.0, 12.0, -12.0, 37.0, 12.0, 11.0, 14.0, -37.0, 14.0, 15.0]"
1,1791638439.1026685,"[-31.815774000000005, 59.41508400000001, 30.498944999999992, 30.762618000000003, 0.0007679999999936626, 59.06352000000001, 30.586836000000005, 30.762618000000003, 32.080983, 56.42679000000001, 29.883708000000013, 30.762618000000003, -1.7570519999999874, 121.02667500000001, 70.665132, 56.25100800000001]","[0.0, 3.0, 1.0, 2.0, 1.0, 4.0, 3.0, 1.0, 0.0, 1.0, 1.0, 2.0, 1.0, -9.0, 3.0, 3.0]","[-9.0, 27.0, 17.0, 15.0, -11.0, 29.0, 13.0, 12.0, 0.0, 57.0, 12.0, 12.0, 14.0, -29.0, 13.0, 14.0]"
1,1791638439.3285046,"[-32.87046599999999, 61.52446800000001, 31.55363700000001, 31.817309999999992, 0.0007679999999936626, 61.52446800000001, 31.641527999999994, 31.905201000000005, 33.04778400000001, 61.436577, 31.114182, 31.905201000000005, -1.7570519999999874, 118.653618, 71.807715, 57.21780900000002]","[0.0, 7.0, 3.0, 2.0, 1.0, 4.0, 1.0, 1.0, 1.0, 12.0, 3.0, 4.0, 1.0, -2.0, 4.0, 2.0]","[-9.0, 25.0, 16.0, 16.0, -12.0, 26.0, 14.0, 12.0, 0.0, 27.0, 13.0, 11.0, 14.0, -31.0, 12.0, 14.0]"
1,1791638439.5490706,"[-33.92515800000001, 64.073307, 32.69622000000001, 32.784110999999996, 0.0007679999999936626, 63.80963400000002, 32.69622000000001, 32.87200200000001, 34.102475999999996, 63.63385199999999, 32.344656000000015, 32.69622000000001, -1.7570519999999874, 116.54423400000002, 72.86240699999999, 58.36039199999999]","[-1.0, 3.0, 3.0, 3.0, 1.0, 6.0, 2.0, 1.0, 1.0, 2.0, 4.0, 3.0, 1.0, -5.0, 1.0, 2.0]","[-8.0, 24.0, 16.0, 15.0, -12.0, 25.0, 13.0, 12.0, -12.0, 29.0, 12.0, 11.0, 14.0, -29.0, 12.0, 14.0]"
1,1791638439.7762864,"[-35.06774100000001, 66.27058199999999, 33.750912, 33.83880300000001, 0.0007679999999936626, 66.09479999999999, 34.01458500000001, 34.102475999999996, 35.069277, 65.919018, 33.399348, 33.663021000000015, -1.7570519999999874, 114.43484999999998, 74.00498999999999, 59.23930200000001]","[-2.0, 7.0, 3.0, 1.0, 1.0, 4.0, 4.0, 4.0, 0.0, 4.0, 4.0, 3.0, 1.0, -1.0, 2.0, 2.0]","[0.0, 21.0, 16.0, 16.0, -12.0, 22.0, 12.0, 12.0, 0.0, 25.0, 11.0, 12.0, 14.0, -30.0, 12.0, 14.0]"
1,1791638439.9969144,"[-35.85875999999999, 68.555748, 34.80560399999999, 34.80560399999999, 0.0007679999999936626, 68.204184, 34.981386000000015, 34.981386000000015, 36.036078, 68.204184, 34.541931000000005, 34.717713, -1.7570519999999874, 112.325466, 75.05968200000001, 60.293994]","[-1.0, 2.0, 2.0, 3.0, 1.0, 4.0, 3.0, 2.0, 1.0, 8.0, 2.0, 3.0, 1.0, -5.0, 1.0, 3.0]","[-8.0, 22.0, 16.0, 16.0, -12.0, 20.0, 12.0, 12.0, -6.0, 22.0, 12.0, 11.0, 14.0, -28.0, 12.0, 14.0]"
1,1791638440.2242362,"[-36.91345200000001, 70.75302300000001, 35.94818699999999, 35.860296000000005, 0.0007679999999936626, 70.48935, 36.21186, 35.94818699999999, 37.00287900000001, 70.313568, 35.596622999999994, 35.15716800000001, -1.7570519999999874, 110.0403, 76.20226500000001, 61.348686000000015]","[-1.0, 6.0, 3.0, 1.0, 1.0, 1.0, 4.0, 1.0, 1.0, 1.0, 3.0, 5.0, 1.0, -2.0, 3.0, 1.0]","[-9.0, 19.0, 16.0, 16.0, -12.0, 21.0, 12.0, 11.0, 0.0, 23.0, 12.0, 12.0, 15.0, -25.0, 11.0, 14.0]"
1,1791638440.4472566,"[-37.88025300000001, 73.21397100000002, 37.178661000000005, 36.739205999999996, 0.0007679999999936626, 72.950298, 37.354443, 37.09076999999999, 38.057570999999996, 72.59873400000001, 36.65131500000001, 36.563424, -1.7570519999999874, 108.37037099999998, 77.16906599999999, 62.227596000000005]","[0.0, 4.0, 3.0, 4.0, 1.0, 6.0, 2.0, 3.0, 1.0, 5.0, 2.0, 2.0, 1.0, -1.0, 3.0, 1.0]","[-8.0, 17.0, 15.0, 16.0, -12.0, 17.0, 10.0, 11.0, 0.0, 19.0, 12.0, 12.0, 14.0, -29.0, 11.0, 15.0]"
1,1791638440.6683602,"[-38.847053999999986, 75.411246, 38.14546200000001, 37.881789, 0.0007679999999936626, 75.147573, 38.40913499999999, 37.96968000000001, 39.024372, 74.70811800000001, 37.79389800000001, 37.44233399999999, -1.7570519999999874, 105.73364099999998, 78.22375799999998, 63.37017900000001]","[-1.0, 4.0, 1.0, 5.0, 1.0, 5.0, 2.0, 2.0, 1.0, 2.0, 3.0, 1.0, 1.0, -4.0, 4.0, 1.0]","[-9.0, 16.0, 15.0, 15.0, -12.0, 18.0, 11.0, 11.0, 0.0, 20.0, 10.0, 13.0, 14.0, -22.0, 11.0, 14.0]"
1,1791638440.8936434,"[-39.98963699999999, 77.69641200000001, 39.375935999999996, 38.40913499999999, 0.0007679999999936626, 77.256957, 39.551717999999994, 39.11226300000001, 40.07906399999999, 76.64172000000002, 38.76069899999999, 38.672808, -1.7570519999999874, 103.80003900000003, 79.36634099999998, 64.249089]","[-2.0, 4.0, 2.0, 1.0, 0.0, 3.0, 2.0, 1.0, 1.0, 7.0, 1.0, 3.0, 1.0, 0.0, 4.0, 1.0]","[-9.0, 15.0, 15.0, 16.0, -12.0, 19.0, 10.0, 11.0, 0.0, 19.0, 11.0, 11.0, 13.0, -25.0, 10.0, 15.0]"
1,1791638441.1202497,"[-40.51698300000001, 79.98157800000001, 40.518519, 39.63960900000001, 0.0007679999999936626, 77.256957, 39.63960900000001, 39.28804500000001, 41.04586499999999, 79.19055900000001, 39.90328199999999, 39.63960900000001, -1.7570519999999874, 103.80003900000003, 80.245251, 65.391672]","[0.0, 6.0, 3.0, 3.0, 0.0, 0.0, 1.0, 1.0, 2.0, 2.0, 3.0, 2.0, 1.0, 0.0, 2.0, 3.0]","[-9.0, 15.0, 14.0, 16.0, -12.0, 18.0, 13.0, 13.0, 0.0, 17.0, 10.0, 12.0, 13.0, -25.0, 11.0, 13.0]"
1,1791638441.3439772,"[-42.01113000000001, 82.26674400000002, 41.48532, 40.694300999999996, 0.08865900000000693, 77.16906599999999, 40.166955, 39.815391000000005, 41.661102, 81.29994299999998, 40.95797400000001, 40.78219200000001, -1.7570519999999874, 103.80003900000003, 81.29994299999998, 66.44636400000002]","[-2.0, 4.0, 1.0, 1.0, 1.0, 0.0, 1.0, 1.0, 1.0, 7.0, 2.0, 3.0, 1.0, 0.0, 2.0, 2.0]","[0.0, 13.0, 15.0, 15.0, -12.0, 18.0, 15.0, 14.0, 14.0, 17.0, 10.0, 11.0, 13.0, -24.0, 10.0, 14.0]"
1,1791638441.5654294,"[-43.065822, 84.55191000000002, 42.71579399999999, 41.573211000000015, 0.08865900000000693, 77.16906599999999, 40.342737, 40.342737, 43.06735800000001, 83.673, 42.10055700000001, 41.661102, -1.7570519999999874, 103.80003900000003, 82.44252599999999, 67.237383]","[0.0, 5.0, 3.0, 4.0, 1.0, 0.0, 1.0, 1.0, 1.0, 4.0, 1.0, 1.0, 1.0, 0.0, 3.0, 1.0]","[0.0, 13.0, 14.0, 15.0, -12.0, 19.0, 17.0, 16.0, 0.0, 16.0, 10.0, 11.0, 14.0, -25.0, 11.0, 14.0]"
1,1791638441.7888901,"[-44.032623, 86.74918500000001, 43.59470400000001, 42.803685, 0.08865900000000693, 77.16906599999999, 40.694300999999996, 40.694300999999996, 44.03415899999999, 85.78238399999998, 43.24314000000001, 42.803685, -1.7570519999999874, 103.80003900000003, 83.23354499999999, 68.379966]","[0.0, 5.0, 1.0, 3.0, 1.0, 0.0, 1.0, 1.0, 1.0, 4.0, 4.0, 3.0, 1.0, 0.0, 0.0, 2.0]","[0.0, 13.0, 14.0, 16.0, -12.0, 18.0, 20.0, 19.0, 0.0, 15.0, 10.0, 12.0, 14.0, -25.0, 12.0, 14.0]"
1,1791638442.016102,"[-45.08731499999999, 88.68278700000002, 44.73728700000001, 43.506812999999994, 0.08865900000000693, 77.08117500000003, 40.870082999999994, 41.39742899999999, 45.00095999999999, 88.155441, 44.297832, 43.85837699999999, -1.7570519999999874, 103.80003900000003, 84.11245500000001, 69.346767]","[0.0, 5.0, 3.0, 2.0, 1.0, 1.0, 3.0, 1.0, 1.0, 4.0, 4.0, 2.0, 1.0, 0.0, 1.0, 1.0]","[0.0, 11.0, 14.0, 16.0, -12.0, 20.0, 26.0, 20.0, -14.0, 14.0, 10.0, 10.0, 14.0, -25.0, 11.0, 14.0]"
1,1791638442.2372017,"[-46.05411599999999, 88.94646, 45.616197, 44.825177999999994, 0.08865900000000693, 77.08117500000003, 41.309538, 42.452121000000005, 46.05565200000001, 88.33122300000002, 45.264633, 44.91306900000001, -1.7570519999999874, 103.80003900000003, 85.167147, 70.313568]","[0.0, 1.0, 1.0, 4.0, 1.0, 0.0, 2.0, 4.0, 1.0, 1.0, 2.0, 1.0, 0.0, 0.0, 2.0, 2.0]","[0.0, 12.0, 13.0, 14.0, -12.0, 22.0, 29.0, 19.0, -14.0, 14.0, 10.0, 11.0, 15.0, -25.0, 11.0, 13.0]"
1,1791638442.7039683,"[-47.020917, 89.03435100000002, 46.75878, 45.87987000000001, 0.17654999999999177, 77.16906599999999, 45.35252399999999, 45.440415, 47.02245300000001, 88.33122300000002, 46.143542999999994, 46.143542999999994, -1.7570519999999874, 103.80003900000003, 85.518711, 71.016696]","[0.0, 1.0, 1.0, 1.0, 1.0, 0.0, 1.0, 1.0, 1.0, 1.0, 1.0, 1.0, 0.0, 0.0, 1.0, 1.0]","[0.0, 12.0, 14.0, 15.0, -11.0, 18.0, 14.0, 13.0, -14.0, 14.0, 10.0, 11.0, 14.0, -25.0, 13.0, 15.0]"
1,1791638442.9279912,"[-47.54826299999999, 89.03435100000002, 47.63768999999999, 47.19823500000001, 0.17654999999999177, 77.16906599999999, 45.967760999999996, 46.23143400000001, 48.077145, 88.33122300000002, 47.37401700000001, 46.934562, -1.7570519999999874, 103.80003900000003, 85.518711, 71.456151]","[-1.0, 1.0, 1.0, 3.0, 1.0, 0.0, 2.0, 1.0, 0.0, 1.0, 3.0, 5.0, 0.0, 0.0, 1.0, 1.0]","[-9.0, 11.0, 14.0, 14.0, -12.0, 19.0, 16.0, 14.0, -14.0, 14.0, 10.0, 11.0, 13.0, -25.0, 17.0, 16.0]"
1,1791638443.1494899,"[-49.04240999999999, 89.03435100000002, 48.51660000000001, 48.077145, 0.17654999999999177, 77.16906599999999, 46.582998, 46.846671000000015, 49.043946000000005, 88.33122300000002, 48.165036000000015, 47.98925399999999, -1.7570519999999874, 103.80003900000003, 86.04605700000002, 72.24717000000001]","[-2.0, 1.0, 1.0, 2.0, 1.0, 0.0, 1.0, 1.0, 1.0, 1.0, 1.0, 2.0, 0.0, 0.0, 1.0, 1.0]","[-6.0, 11.0, 13.0, 15.0, -12.0, 19.0, 15.0, 14.0, -13.0, 14.0, 10.0, 11.0, 14.0, -25.0, 17.0, 17.0]"
1,1791638443.3727593,"[-49.833428999999995, 89.03435100000002, 49.571292, 49.219728, 0.17654999999999177, 77.16906599999999, 47.19823500000001, 47.725581000000005, 50.01074700000001, 88.33122300000002, 49.13183699999999, 48.95605499999999, -1.7570519999999874, 103.80003900000003, 86.04605700000002, 73.21397100000002]","[-1.0, 1.0, 3.0, 4.0, 1.0, 0.0, 1.0, 1.0, 1.0, 1.0, 1.0, 1.0, 0.0, 0.0, 1.0, 3.0]","[-8.0, 12.0, 13.0, 14.0, -13.0, 19.0, 18.0, 15.0, -14.0, 14.0, 10.0, 10.0, 14.0, -25.0, 24.0, 17.0]"
1,1791638443.5972457,"[-50.80023, 89.03435100000002, 50.538093, 50.45020199999999, 0.17654999999999177, 77.08117500000003, 47.81347199999999, 48.34081800000001, 51.15333000000001, 88.33122300000002, 50.18652900000001, 50.01074700000001, -1.7570519999999874, 103.80003900000003, 87.012858, 73.74131700000001]","[-1.0, 1.0, 3.0, 3.0, 1.0, 0.0, 1.0, 2.0, 1.0, 1.0, 2.0, 2.0, 0.0, 0.0, 1.0, 1.0]","[-9.0, 11.0, 14.0, 14.0, -12.0, 22.0, 21.0, 17.0, -14.0, 14.0, 10.0, 11.0, 14.0, -25.0, 26.0, 19.0]"
1,1791638443.8240705,"[-51.67913999999999, 89.03435100000002, 51.417002999999994, 51.32911200000001, 0.17654999999999177, 77.08117500000003, 48.252927, 49.483401000000015, 52.03224, 88.33122300000002, 51.065439, 50.889657, -1.7570519999999874, 103.80003900000003, 87.012858, 74.444445]","[0.0, 1.0, 1.0, 3.0, 1.0, 0.0, 1.0, 2.0, 1.0, 1.0, 1.0, 3.0, 0.0, 0.0, 1.0, 1.0]","[-9.0, 11.0, 15.0, 13.0, -13.0, 21.0, 22.0, 16.0, 0.0, 14.0, 10.0, 11.0, 14.0, -25.0, 31.0, 20.0]"
1,1791638444.0447662,"[-52.73383199999999, 89.03435100000002, 52.29591300000001, 52.29591300000001, 0.17654999999999177, 77.08117500000003, 49.30761899999999, 50.362311000000005, 53.174823, 88.33122300000002, 52.29591300000001, 51.856458, -1.7570519999999874, 103.88792999999998, 88.24333200000001, 75.411246]","[-2.0, 1.0, 1.0, 1.0, 1.0, 0.0, 2.0, 2.0, 0.0, 1.0, 3.0, 1.0, 0.0, 1.0, 4.0, 1.0]","[-9.0, 11.0, 14.0, 15.0, -12.0, 23.0, 25.0, 17.0, -6.0, 14.0, 10.0, 12.0, 14.0, -25.0, 32.0, 20.0]"
1,1791638444.271885,"[-53.700632999999996, 88.94646, 53.350605, 53.438496000000015, 0.17654999999999177, 77.08117500000003, 50.18652900000001, 51.59278499999999, 54.053732999999994, 88.33122300000002, 53.174823, 52.999041000000005, -1.7570519999999874, 103.88792999999998, 89.73747900000001, 76.64172000000002]","[-3.0, -1.0, 3.0, 5.0, 1.0, 0.0, 2.0, 7.0, 0.0, 1.0, 1.0, 4.0, 0.0, 1.0, 10.0, 3.0]","[-9.0, 12.0, 14.0, 13.0, -12.0, 23.0, 22.0, 16.0, 0.0, 14.0, 10.0, 10.0, 14.0, -25.0, 23.0, 18.0]"
1,1791638444.493002,"[-54.315870000000004, 88.85856899999999, 54.40529699999999, 54.756861000000015, 0.08865900000000693, 77.16906599999999, 53.61427800000001, 53.526387, 55.10842500000001, 88.33122300000002, 54.053732999999994, 53.79006000000001, -1.7570519999999874, 103.80003900000003, 92.54999099999998, 78.48743100000002]","[0.0, 0.0, 1.0, 2.0, 1.0, 1.0, 4.0, 4.0, 0.0, 1.0, 2.0, 1.0, 0.0, 0.0, 4.0, 2.0]","[-9.0, 12.0, 15.0, 15.0, -12.0, 22.0, 12.0, 12.0, -13.0, 13.0, 9.0, 11.0, 14.0, -25.0, 15.0, 16.0]"
1,1791638444.7169318,"[-55.37056199999999, 88.85856899999999, 55.10842500000001, 55.45998900000001, 0.08865900000000693, 77.256957, 55.10842500000001, 54.40529699999999, 56.075226000000015, 88.33122300000002, 55.10842500000001, 54.93264300000001, -1.7570519999999874, 103.80003900000003, 94.21992, 78.66321299999998]","[0.0, 0.0, 2.0, 3.0, 0.0, 1.0, 4.0, 1.0, 0.0, 1.0, 1.0, 3.0, 0.0, 0.0, 5.0, 1.0]","[-10.0, 12.0, 15.0, 13.0, -12.0, 21.0, 11.0, 12.0, 0.0, 14.0, 10.0, 12.0, 13.0, -26.0, 13.0, 16.0]"
1,1791638444.9407306,"[-56.337362999999996, 88.85856899999999, 55.54787999999999, 56.075226000000015, 0.17654999999999177, 77.16906599999999, 55.89944400000002, 55.28420700000001, 56.954136000000005, 88.33122300000002, 56.075226000000015, 55.89944400000002, -1.7570519999999874, 103.80003900000003, 95.45039400000002, 78.83899500000001]","[1.0, 0.0, 1.0, 2.0, 1.0, 0.0, 1.0, 2.0, 1.0, 1.0, 3.0, 2.0, 0.0, 0.0, 3.0, 1.0]","[-10.0, 12.0, 16.0, 15.0, -13.0, 21.0, 12.0, 14.0, 0.0, 13.0, 11.0, 10.0, 14.0, -26.0, 14.0, 16.0]"
1,1791638445.4058652,"[-57.040491, 88.77067799999998, 56.163117, 56.690462999999994, 0.17654999999999177, 77.16906599999999, 56.338899, 55.54787999999999, 57.92093700000001, 88.33122300000002, 56.954136000000005, 56.86624499999999, -1.7570519999999874, 103.80003900000003, 95.45039400000002, 78.83899500000001]","[0.0, 0.0, 1.0, 1.0, 1.0, 0.0, 1.0, 1.0, 1.0, 1.0, 0.0, 1.0, 0.0, 0.0, 1.0, 1.0]","[-11.0, 12.0, 18.0, 16.0, -12.0, 20.0, 14.0, 16.0, -2.0, 14.0, 10.0, 11.0, 14.0, -24.0, 16.0, 15.0]"
1,1791638445.6279852,"[-58.358856, 88.77067799999998, 57.129918, 58.008827999999994, 0.08865900000000693, 77.256957, 57.21780900000002, 56.690462999999994, 58.975629, 88.33122300000002, 58.008827999999994, 57.833045999999996, -1.7570519999999874, 103.80003900000003, 97.38399600000002, 78.83899500000001]","[-4.0, 0.0, 1.0, 2.0, 0.0, 1.0, 8.0, 6.0, 1.0, 1.0, 3.0, 4.0, 0.0, 0.0, 6.0, 1.0]","[-9.0, 14.0, 18.0, 14.0, -12.0, 21.0, 12.0, 15.0, 0.0, 14.0, 11.0, 11.0, 14.0, -25.0, 13.0, 16.0]"
1,1791638445.8557951,"[-59.149874999999994, 88.68278700000002, 58.008827999999994, 59.23930200000001, 0.08865900000000693, 77.256957, 59.67875699999999, 58.711956000000015, 59.94243, 88.33122300000002, 58.975629, 58.799847, -1.6691610000000026, 103.80003900000003, 98.61446999999998, 78.83899500000001]","[0.0, 0.0, 1.0, 2.0, 1.0, 1.0, 3.0, 2.0, 1.0, 1.0, 2.0, 2.0, 1.0, 0.0, 3.0, 1.0]","[-11.0, 14.0, 20.0, 14.0, -13.0, 17.0, 10.0, 12.0, 0.0, 14.0, 10.0, 11.0, 13.0, -25.0, 13.0, 16.0]"
1,1791638446.0768175,"[-60.292457999999996, 88.594896, 59.151410999999996, 59.23930200000001, 0.08865900000000693, 77.256957, 60.73344900000001, 59.41508400000001, 60.99712199999999, 88.33122300000002, 60.20610300000001, 58.88773800000001, -1.6691610000000026, 103.80003900000003, 99.66916200000003, 78.83899500000001]","[-1.0, 0.0, 3.0, 1.0, 1.0, 1.0, 4.0, 1.0, 1.0, 1.0, 3.0, 1.0, 1.0, 1.0, 3.0, 1.0]","[-11.0, 13.0, 18.0, 14.0, -12.0, 18.0, 11.0, 12.0, 0.0, 15.0, 11.0, 12.0, 13.0, -25.0, 12.0, 15.0]"
1,1791638446.3025897,"[-61.522932, 88.50700499999999, 59.94243, 59.23930200000001, 0.08865900000000693, 77.256957, 61.348686000000015, 60.20610300000001, 61.963922999999994, 88.33122300000002, 61.260795, 58.88773800000001, -1.6691610000000026, 103.80003900000003, 100.54807199999999, 78.83899500000001]","[0.0, 0.0, 3.0, 1.0, 1.0, 1.0, 1.0, 1.0, 1.0, 1.0, 3.0, 0.0, 1.0, 0.0, 3.0, 1.0]","[-10.0, 13.0, 19.0, 14.0, -12.0, 18.0, 11.0, 13.0, 0.0, 15.0, 10.0, 11.0, 13.0, -25.0, 12.0, 16.0]"
1,1791638446.5277834,"[-62.401842, 88.50700499999999, 60.293994, 59.23930200000001, 0.08865900000000693, 77.256957, 61.788140999999996, 60.55766700000001, 62.930724, 88.33122300000002, 62.31548699999999, 58.88773800000001, -1.6691610000000026, 103.80003900000003, 100.987527, 78.83899500000001]","[0.0, 0.0, 1.0, 1.0, 1.0, 1.0, 1.0, 1.0, 1.0, 1.0, 1.0, 0.0, 1.0, 0.0, 5.0, 1.0]","[-9.0, 13.0, 21.0, 14.0, -13.0, 19.0, 13.0, 15.0, 0.0, 14.0, 10.0, 11.0, 14.0, -25.0, 14.0, 16.0]"
1,1791638446.7512,"[-63.632316, 88.50700499999999, 61.436577, 59.23930200000001, 0.08865900000000693, 77.256957, 62.05181400000001, 61.436577, 63.985416000000015, 88.33122300000002, 63.19439700000001, 58.88773800000001, -1.6691610000000026, 103.80003900000003, 102.30589200000003, 78.83899500000001]","[-2.0, 0.0, 3.0, 0.0, 1.0, 1.0, 1.0, 1.0, 1.0, 1.0, 1.0, 1.0, 1.0, 0.0, 1.0, 1.0]","[-9.0, 14.0, 22.0, 14.0, -13.0, 19.0, 15.0, 16.0, 0.0, 15.0, 10.0, 11.0, 14.0, -25.0, 14.0, 16.0]"
1,1791638446.9751773,"[-64.59911699999999, 88.41911399999998, 61.963922999999994, 59.327192999999994, 0.08865900000000693, 77.256957, 62.667051000000015, 61.87603200000001, 64.95221699999999, 88.33122300000002, 64.249089, 58.88773800000001, -1.6691610000000026, 103.80003900000003, 103.18480199999999, 78.83899500000001]","[0.0, -1.0, 2.0, 1.0, 1.0, 1.0, 0.0, 1.0, 1.0, 1.0, 4.0, 1.0, 1.0, 0.0, 5.0, 1.0]","[-9.0, 14.0, 24.0, 14.0, -12.0, 19.0, 17.0, 18.0, 0.0, 15.0, 9.0, 11.0, 14.0, -25.0, 14.0, 15.0]"
1,1791638447.1987913,"[-65.390136, 88.33122300000002, 63.01861500000001, 59.327192999999994, 0.08865900000000693, 77.256957, 63.282287999999994, 62.05181400000001, 65.919018, 88.33122300000002, 65.21589, 58.88773800000001, -1.6691610000000026, 103.80003900000003, 104.59105799999998, 78.92688600000002]","[0.0, 0.0, 4.0, 0.0, 0.0, 1.0, 1.0, 1.0, 1.0, 1.0, 2.0, 0.0, 1.0, 0.0, 3.0, 1.0]","[-9.0, 14.0, 22.0, 15.0, -12.0, 18.0, 18.0, 18.0, 0.0, 14.0, 11.0, 12.0, 15.0, -25.0, 13.0, 15.0]"
1,1791638447.4224253,"[-66.62061, 88.33122300000002, 64.073307, 59.327192999999994, 0.08865900000000693, 77.16906599999999, 64.51276200000001, 62.13970499999999, 66.97371000000001, 88.33122300000002, 66.00690900000001, 58.88773800000001, -1.6691610000000026, 103.80003900000003, 106.08520500000003, 79.19055900000001]","[-1.0, 0.0, 2.0, 1.0, 1.0, 0.0, 1.0, 1.0, 1.0, 1.0, 1.0, 1.0, 1.0, 0.0, 2.0, 1.0]","[-9.0, 15.0, 23.0, 14.0, -12.0, 19.0, 18.0, 19.0, 0.0, 13.0, 11.0, 11.0, 13.0, -25.0, 11.0, 14.0]"
1,1791638447.6463604,"[-67.323738, 88.33122300000002, 64.600653, 59.327192999999994, 0.0007679999999936626, 77.256957, 64.51276200000001, 62.13970499999999, 67.94051100000001, 88.33122300000002, 66.885819, 58.88773800000001, -1.5812699999999893, 103.80003900000003, 106.612551, 79.19055900000001]","[0.0, 0.0, 1.0, 1.0, 1.0, 2.0, 1.0, 1.0, 2.0, 1.0, 1.0, 1.0, 1.0, 0.0, 1.0, 1.0]","[-10.0, 14.0, 27.0, 15.0, -12.0, 18.0, 21.0, 18.0, 0.0, 14.0, 11.0, 11.0, 13.0, -25.0, 13.0, 15.0]"
1,1791638447.86907,"[-68.202648, 88.33122300000002, 64.68854400000001, 59.327192999999994, 0.0007679999999936626, 77.16906599999999, 65.21589, 62.13970499999999, 68.995203, 88.33122300000002, 67.76472900000002, 58.799847, -1.5812699999999893, 103.80003900000003, 106.96411499999999, 79.19055900000001]","[-1.0, 0.0, 1.0, 1.0, 0.0, 0.0, 1.0, 1.0, 1.0, 1.0, 4.0, 0.0, 0.0, 0.0, 1.0, 1.0]","[-9.0, 14.0, 34.0, 15.0, -12.0, 18.0, 25.0, 17.0, 0.0, 14.0, 11.0, 11.0, 14.0, -25.0, 16.0, 15.0]"
1,1791638448.09562,"[-68.905776, 88.24333200000001, 65.47956300000001, 59.23930200000001, 0.0007679999999936626, 77.16906599999999, 65.743236, 62.13970499999999, 69.96200400000001, 88.33122300000002, 68.73152999999999, 58.88773800000001, -1.5812699999999893, 103.80003900000003, 107.57935200000003, 79.19055900000001]","[0.0, 0.0, 1.0, 0.0, 0.0, 0.0, 0.0, 1.0, 2.0, 0.0, 3.0, 0.0, 0.0, 0.0, 1.0, 1.0]","[-11.0, 14.0, 34.0, 14.0, -12.0, 19.0, 28.0, 18.0, 0.0, 14.0, 11.0, 11.0, 13.0, -25.0, 17.0, 14.0]"
1,1791638448.3192046,"[-69.696795, 88.24333200000001, 65.47956300000001, 59.23930200000001, 0.0007679999999936626, 77.16906599999999, 66.182691, 62.13970499999999, 70.840914, 88.33122300000002, 69.61044000000001, 58.88773800000001, -1.5812699999999893, 103.80003900000003, 107.57935200000003, 79.19055900000001]","[0.0, 0.0, 1.0, 1.0, 0.0, 0.0, 1.0, 1.0, 2.0, 0.0, 1.0, 0.0, 1.0, 0.0, 1.0, 1.0]","[-11.0, 14.0, 41.0, 15.0, -12.0, 19.0, 32.0, 19.0, 13.0, 14.0, 12.0, 12.0, 13.0, -25.0, 16.0, 14.0]"
1,1791638448.5408425,"[-69.696795, 87.36442199999999, 65.391672, 59.23930200000001, 0.0007679999999936626, 77.16906599999999, 66.182691, 62.13970499999999, 71.807715, 88.33122300000002, 70.48935, 58.799847, -1.5812699999999893, 103.80003900000003, 107.755134, 79.19055900000001]","[1.0, 0.0, 0.0, 0.0, 0.0, 0.0, 1.0, 1.0, 1.0, 0.0, 1.0, 0.0, 1.0, 0.0, 1.0, 1.0]","[8.0, 12.0, 13.0, 0.0, -12.0, 19.0, 41.0, 18.0, 14.0, 14.0, 12.0, 12.0, 13.0, -25.0, 16.0, 15.0]"
1,1791638448.7675543,"[-69.784686, 87.36442199999999, 65.391672, 59.23930200000001, 0.0007679999999936626, 76.99328400000002, 66.182691, 62.05181400000001, 72.59873400000001, 88.33122300000002, 71.54404199999999, 58.88773800000001, -1.5812699999999893, 103.80003900000003, 107.755134, 79.19055900000001]","[1.0, 0.0, 0.0, 0.0, 0.0, 0.0, 1.0, 0.0, 1.0, 0.0, 4.0, 0.0, 1.0, 0.0, 1.0, 1.0]","[8.0, 12.0, 14.0, 0.0, 11.0, 10.0, 10.0, 11.0, 14.0, 14.0, 11.0, 10.0, 13.0, -25.0, 17.0, 15.0]"
1,1791638448.9881363,"[-69.696795, 87.36442199999999, 65.391672, 59.23930200000001, 0.0007679999999936626, 76.99328400000002, 66.09479999999999, 62.05181400000001, 73.74131700000001, 88.33122300000002, 72.510843, 58.88773800000001, -1.5812699999999893, 103.80003900000003, 107.755134, 79.19055900000001]","[0.0, 0.0, 0.0, 0.0, 0.0, 0.0, 1.0, 0.0, 3.0, 0.0, 2.0, 1.0, 1.0, 0.0, 1.0, 1.0]","[8.0, 11.0, 13.0, 0.0, 11.0, 10.0, 10.0, 10.0, 14.0, 14.0, 12.0, 12.0, 13.0, -25.0, 17.0, 14.0]"
1,1791638449.2154331,"[-69.784686, 87.36442199999999, 65.391672, 59.23930200000001, 0.0007679999999936626, 76.99328400000002, 66.09479999999999, 62.05181400000001, 73.74131700000001, 88.33122300000002, 73.38975300000001, 58.88773800000001, -1.5812699999999893, 103.80003900000003, 107.755134, 79.19055900000001]","[1.0, 0.0, 0.0, 0.0, 0.0, 0.0, 1.0, 0.0, 1.0, 1.0, 2.0, 0.0, 1.0, 0.0, 1.0, 1.0]","[9.0, 12.0, 14.0, 0.0, 11.0, 10.0, 10.0, 10.0, 16.0, 14.0, 13.0, 11.0, 13.0, -25.0, 16.0, 14.0]"
1,1791638449.4394908,"[-69.784686, 87.36442199999999, 65.391672, 59.23930200000001, 0.0007679999999936626, 76.99328400000002, 66.09479999999999, 62.05181400000001, 74.620227, 88.41911399999998, 74.18077199999999, 58.88773800000001, -1.5812699999999893, 103.80003900000003, 107.755134, 79.19055900000001]","[0.0, 0.0, 0.0, 0.0, 0.0, 0.0, 1.0, 0.0, 1.0, 1.0, 3.0, 1.0, 1.0, 0.0, 1.0, 1.0]","[8.0, 12.0, 13.0, 0.0, 11.0, 10.0, 10.0, 11.0, 15.0, 14.0, 13.0, 11.0, 13.0, -25.0, 17.0, 15.0]"
1,1791638449.6620083,"[-69.696795, 87.36442199999999, 65.391672, 59.23930200000001, 0.0007679999999936626, 76.99328400000002, 66.09479999999999, 62.05181400000001, 74.620227, 88.33122300000002, 75.05968200000001, 58.88773800000001, -1.5812699999999893, 103.80003900000003, 107.755134, 79.19055900000001]","[1.0, 0.0, 0.0, 0.0, 0.0, 0.0, 0.0, 0.0, 0.0, 1.0, 1.0, 0.0, 1.0, 1.0, 1.0, 1.0]","[9.0, 12.0, 14.0, 0.0, 11.0, 10.0, 10.0, 10.0, 14.0, 14.0, 12.0, 11.0, 13.0, -25.0, 16.0, 14.0]"
1,1791638449.8851688,"[-69.784686, 87.36442199999999, 65.391672, 59.23930200000001, 0.0007679999999936626, 76.99328400000002, 66.09479999999999, 62.05181400000001, 74.620227, 88.33122300000002, 75.85070100000002, 58.88773800000001, -1.5812699999999893, 103.80003900000003, 107.755134, 79.19055900000001]","[0.0, 0.0, 0.0, 0.0, 0.0, 0.0, 0.0, 0.0, 1.0, 0.0, 1.0, 1.0, 1.0, 0.0, 1.0, 1.0]","[8.0, 11.0, 13.0, 0.0, 11.0, 10.0, 10.0, 11.0, 14.0, 14.0, 15.0, 11.0, 13.0, -25.0, 16.0, 15.0]"
1,1791638450.1086013,"[-69.784686, 87.36442199999999, 65.391672, 59.23930200000001, 0.0007679999999936626, 76.99328400000002, 66.09479999999999, 62.05181400000001, 74.620227, 88.33122300000002, 76.29015600000002, 58.88773800000001, -1.5812699999999893, 103.80003900000003, 107.755134, 79.19055900000001]","[0.0, 0.0, 0.0, 0.0, 0.0, 0.0, 1.0, 0.0, 0.0, 0.0, 5.0, 0.0, 1.0, 0.0, 1.0, 1.0]","[8.0, 12.0, 13.0, 0.0, 11.0, 9.0, 10.0, 10.0, 14.0, 14.0, 17.0, 11.0, 13.0, -25.0, 16.0, 14.0]"
1,1791638450.3340242,"[-69.784686, 87.36442199999999, 65.391672, 59.23930200000001, 0.0007679999999936626, 76.99328400000002, 66.182691, 62.05181400000001, 74.620227, 88.33122300000002, 77.608521, 58.799847, -1.5812699999999893, 103.88792999999998, 107.755134, 79.19055900000001]","[0.0, 0.0, 0.0, 0.0, 0.0, 0.0, 1.0, 0.0, 1.0, 0.0, 1.0, 0.0, 1.0, 1.0, 1.0, 1.0]","[9.0, 12.0, 13.0, 0.0, 11.0, 10.0, 10.0, 11.0, 14.0, 14.0, 15.0, 11.0, 14.0, -26.0, 17.0, 14.0]"
1,1791638450.556079,"[-69.784686, 87.36442199999999, 65.391672, 59.23930200000001, 0.0007679999999936626, 76.99328400000002, 66.09479999999999, 62.05181400000001, 74.620227, 88.33122300000002, 78.66321299999998, 58.88773800000001, -1.5812699999999893, 103.80003900000003, 107.755134, 79.19055900000001]","[0.0, 0.0, 0.0, 0.0, 0.0, 0.0, 1.0, 0.0, 0.0, 0.0, 3.0, 1.0, 1.0, 0.0, 1.0, 1.0]","[8.0, 12.0, 13.0, 0.0, 11.0, 10.0, 10.0, 11.0, 15.0, 14.0, 15.0, 11.0, 13.0, -25.0, 17.0, 14.0]"
1,1791638450.7824636,"[-69.696795, 87.36442199999999, 65.391672, 59.23930200000001, 0.0007679999999936626, 76.99328400000002, 66.09479999999999, 62.05181400000001, 74.620227, 88.33122300000002, 79.542123, 58.88773800000001, -1.5812699999999893, 103.80003900000003, 107.755134, 79.19055900000001]","[1.0, 0.0, 0.0, 0.0, 0.0, 0.0, 0.0, 0.0, 0.0, 1.0, 3.0, 1.0, 1.0, 1.0, 1.0, 1.0]","[8.0, 12.0, 13.0, 0.0, 11.0, 9.0, 10.0, 10.0, 14.0, 14.0, 15.0, 11.0, 13.0, -25.0, 17.0, 15.0]"
1,1791638451.0053647,"[-69.784686, 87.36442199999999, 65.391672, 59.23930200000001, 0.0007679999999936626, 76.99328400000002, 66.09479999999999, 62.05181400000001, 74.620227, 88.33122300000002, 80.42103300000002, 58.799847, -1.5812699999999893, 103.80003900000003, 107.755134, 79.19055900000001]","[1.0, 0.0, 0.0, 0.0, 0.0, 0.0, 0.0, 0.0, 0.0, 1.0, 5.0, 1.0, 1.0, 0.0, 1.0, 1.0]","[8.0, 11.0, 13.0, 0.0, 11.0, 10.0, 9.0, 10.0, 14.0, 14.0, 15.0, 11.0, 13.0, -25.0, 17.0, 14.0]"
1,1791638451.2306767,"[-69.696795, 87.36442199999999, 65.391672, 59.23930200000001, 0.0007679999999936626, 76.99328400000002, 66.09479999999999, 62.05181400000001, 74.620227, 88.33122300000002, 81.56361600000002, 58.88773800000001, -1.5812699999999893, 103.80003900000003, 107.755134, 79.19055900000001]","[1.0, 1.0, 0.0, 0.0, 0.0, 0.0, 0.0, 0.0, 1.0, 0.0, 3.0, 0.0, 1.0, 0.0, 1.0, 1.0]","[8.0, 12.0, 13.0, 0.0, 12.0, 10.0, 11.0, 10.0, 14.0, 15.0, 15.0, 11.0, 13.0, -25.0, 16.0, 14.0]"
1,1791638451.453161,"[-69.784686, 87.36442199999999, 65.391672, 59.23930200000001, 0.0007679999999936626, 76.99328400000002, 66.09479999999999, 62.05181400000001, 74.620227, 88.33122300000002, 82.44252599999999, 58.88773800000001, -1.5812699999999893, 103.80003900000003, 107.755134, 79.19055900000001]","[1.0, 1.0, 0.0, 0.0, 0.0, 1.0, 0.0, 0.0, 1.0, 0.0, 2.0, 1.0, 1.0, 0.0, 1.0, 1.0]","[8.0, 12.0, 13.0, 0.0, 11.0, 10.0, 9.0, 11.0, 14.0, 14.0, 15.0, 11.0, 14.0, -25.0, 17.0, 14.0]"
1,1791638451.6792657,"[-69.696795, 87.36442199999999, 65.391672, 59.23930200000001, 0.0007679999999936626, 76.99328400000002, 66.09479999999999, 62.05181400000001, 74.620227, 88.33122300000002, 83.23354499999999, 58.88773800000001, -1.5812699999999893, 103.80003900000003, 107.755134, 79.19055900000001]","[1.0, 1.0, 0.0, 0.0, 0.0, 1.0, 1.0, 0.0, 1.0, 1.0, 3.0, 0.0, 0.0, 0.0, 1.0, 1.0]","[8.0, 12.0, 13.0, 0.0, 12.0, 9.0, 10.0, 11.0, 14.0, 14.0, 15.0, 11.0, 13.0, -25.0, 17.0, 14.0]"
1,1791638451.9026926,"[-69.784686, 87.36442199999999, 65.391672, 59.23930200000001, 0.0007679999999936626, 76.99328400000002, 66.09479999999999, 62.05181400000001, 74.620227, 88.33122300000002, 84.11245500000001, 58.88773800000001, -1.5812699999999893, 103.80003900000003, 107.755134, 79.19055900000001]","[0.0, 1.0, 0.0, 0.0, 0.0, 1.0, 1.0, 0.0, 0.0, 0.0, 1.0, 1.0, 1.0, 0.0, 1.0, 1.0]","[8.0, 12.0, 14.0, 0.0, 11.0, 10.0, 10.0, 11.0, 14.0, 14.0, 17.0, 12.0, 13.0, -25.0, 17.0, 14.0]"
1,1791638452.1264367,"[-69.784686, 87.36442199999999, 65.391672, 59.23930200000001, 0.0007679999999936626, 76.99328400000002, 66.09479999999999, 62.05181400000001, 74.620227, 88.33122300000002, 84.90347400000002, 58.88773800000001, -1.5812699999999893, 103.80003900000003, 107.755134, 79.19055900000001]","[0.0, 1.0, 0.0, 0.0, 0.0, 1.0, 0.0, 0.0, 0.0, 0.0, 2.0, 0.0, 0.0, 0.0, 1.0, 1.0]","[8.0, 12.0, 14.0, 0.0, 11.0, 10.0, 10.0, 10.0, 14.0, 14.0, 16.0, 11.0, 13.0, -25.0, 17.0, 15.0]"
1,1791638452.3511837,"[-69.696795, 87.36442199999999, 65.391672, 59.23930200000001, 0.0007679999999936626, 76.99328400000002, 66.182691, 62.05181400000001, 74.620227, 88.33122300000002, 85.60660200000001, 58.88773800000001, -1.5812699999999893, 103.80003900000003, 107.755134, 79.19055900000001]","[1.0, 1.0, 0.0, 0.0, 0.0, 1.0, 1.0, 0.0, 1.0, 0.0, 3.0, 1.0, 1.0, 0.0, 1.0, 1.0]","[8.0, 12.0, 12.0, 0.0, 11.0, 10.0, 10.0, 11.0, 14.0, 15.0, 17.0, 10.0, 14.0, -26.0, 17.0, 15.0]"
1,1791638452.572702,"[-69.784686, 87.36442199999999, 65.391672, 59.23930200000001, 0.0007679999999936626, 76.99328400000002, 66.09479999999999, 62.05181400000001, 74.53233600000002, 88.33122300000002, 86.661294, 58.88773800000001, -1.5812699999999893, 103.80003900000003, 107.755134, 79.19055900000001]","[-1.0, 1.0, 0.0, 0.0, 0.0, 1.0, 1.0, 0.0, 0.0, 0.0, 2.0, 1.0, 1.0, 0.0, 1.0, 1.0]","[8.0, 12.0, 14.0, 0.0, 11.0, 10.0, 10.0, 11.0, 15.0, 14.0, 18.0, 11.0, 13.0, -25.0, 17.0, 15.0]"
2,1791638454.5901012,"[0.0007679999999936626, -4.481673000000001, -1.1418150000000082, -0.17501400000000444, -0.08712299999999118, -5.272692000000006, -0.08712299999999118, -0.5265780000000007, 0.0007679999999936626, -5.624256000000003, -1.3175970000000063, 0.17654999999999177, -1.229705999999993, 178.33160700000002, 39.90328199999999, 25.40126699999999]","[0.0, 1.0, 0.0, 0.0, 0.0, 1.0, 0.0, 0.0, 1.0, 1.0, 1.0, 0.0, 0.0, 1.0, 0.0, 0.0]","[-8.0, 28.0, 16.0, 13.0, 0.0, 33.0, 0.0, 10.0, -14.0, 38.0, 11.0, -10.0, 12.0, 15.0, 9.0, -15.0]"
2,1791638454.8150132,"[0.0007679999999936626, -4.481673000000001, -0.790251000000012, 0.08865900000000693, -0.08712299999999118, -4.92112800000001, 0.44022300000000314, -0.5265780000000007, 0.08865900000000693, -5.360582999999991, -1.3175970000000063, 0.26444100000000503, -1.229705999999993, 177.98004300000002, 40.07906399999999, 25.577048999999988]","[0.0, 1.0, 1.0, 1.0, 0.0, 1.0, 1.0, 0.0, 2.0, 1.0, 1.0, 1.0, 0.0, 1.0, 1.0, 1.0]","[-9.0, 34.0, 17.0, 15.0, 0.0, 46.0, 11.0, 13.0, -14.0, 46.0, 15.0, 11.0, 16.0, -12.0, 12.0, 15.0]"
2,1791638455.0376663,"[0.0007679999999936626, -4.305891000000003, -0.08712299999999118, 0.44022300000000314, -0.08712299999999118, -3.7785450000000083, 0.9675689999999975, 0.44022300000000314, 0.08865900000000693, -5.360582999999991, -0.6144689999999855, 0.44022300000000314, -1.229705999999993, 177.71636999999998, 40.07906399999999, 26.28017700000001]","[0.0, 1.0, 4.0, 0.0, 0.0, 1.0, 1.0, 3.0, 1.0, 0.0, 1.0, 2.0, 0.0, 0.0, 1.0, 2.0]","[-8.0, 43.0, 18.0, 16.0, 0.0, 58.0, 13.0, 13.0, -13.0, 56.0, 16.0, 12.0, 20.0, -25.0, 14.0, 14.0]"
2,1791638455.2608774,"[0.0007679999999936626, -4.305891000000003, 0.8796780000000126, 1.582806000000005, -0.08712299999999118, -2.4601800000000082, 1.846478999999988, 1.407024000000007, 0.08865900000000693, -5.272692000000006, 0.17654999999999177, 0.7917869999999994, -1.229705999999993, 176.749569, 41.661102, 27.159087]","[0.0, 1.0, 1.0, 3.0, 0.0, 4.0, 2.0, 1.0, 1.0, 1.0, 1.0, 1.0, 0.0, -2.0, 4.0, 1.0]","[-9.0, 53.0, 19.0, 15.0, 0.0, 60.0, 13.0, 13.0, -14.0, 67.0, 17.0, 15.0, 28.0, -41.0, 12.0, 14.0]"
2,1791638455.4869795,"[0.0007679999999936626, -3.514871999999997, 1.7585880000000031, 2.3738250000000107, -0.08712299999999118, 0.26444100000000503, 2.6374979999999937, 2.1980430000000126, 0.0007679999999936626, -4.042217999999991, 1.3191329999999937, 2.0222610000000145, -1.1418150000000082, 173.40971100000002, 42.36422999999999, 28.03799699999999]","[0.0, 5.0, 1.0, 1.0, 0.0, 5.0, 1.0, 1.0, 1.0, 1.0, 2.0, 3.0, 1.0, -4.0, 2.0, 1.0]","[-8.0, 54.0, 20.0, 17.0, 0.0, 49.0, 13.0, 13.0, -14.0, 64.0, 16.0, 14.0, 34.0, -34.0, 14.0, 15.0]"
2,1791638455.7084467,"[0.0007679999999936626, -3.514871999999997, 2.901171000000005, 3.6042989999999975, -0.08712299999999118, 1.7585880000000031, 3.3406260000000145, 3.3406260000000145, 0.08865900000000693, -3.866435999999993, 1.846478999999988, 3.076953000000003, -1.1418150000000082, 169.894071, 43.331030999999996, 29.268471000000005]","[0.0, 1.0, 2.0, 4.0, 0.0, 6.0, 2.0, 3.0, 1.0, 0.0, 1.0, 4.0, 1.0, -5.0, 3.0, 3.0]","[-9.0, 64.0, 18.0, 16.0, 0.0, 59.0, 14.0, 14.0, -14.0, 74.0, 17.0, 13.0, 40.0, -30.0, 12.0, 14.0]"
2,1791638455.9323938,"[0.0007679999999936626, -1.053923999999995, 3.7800809999999956, 4.483208999999988, -0.08712299999999118, 3.6921900000000107, 4.395318000000003, 4.395318000000003, 0.08865900000000693, -2.372288999999995, 3.076953000000003, 4.043754000000007, 0.17654999999999177, 168.31203299999999, 44.56150500000001, 30.147380999999996]","[0.0, 4.0, 3.0, 3.0, 0.0, 1.0, 1.0, 2.0, 1.0, 1.0, 1.0, 1.0, 9.0, 0.0, 3.0, 1.0]","[-9.0, 52.0, 20.0, 17.0, 0.0, 61.0, 14.0, 14.0, -14.0, 69.0, 16.0, 13.0, 36.0, -43.0, 12.0, 15.0]"
2,1791638456.1556163,"[0.0007679999999936626, -1.053923999999995, 4.834773000000013, 5.62579199999999, -0.08712299999999118, 6.065246999999999, 5.362119000000007, 5.186337000000009, 0.0007679999999936626, -2.372288999999995, 4.30742699999999, 4.9226639999999975, 1.6706969999999899, 164.708502, 45.440415, 31.202073000000013]","[0.0, 0.0, 3.0, 1.0, 0.0, 3.0, 3.0, 1.0, 0.0, 1.0, 3.0, 1.0, 1.0, -9.0, 5.0, 2.0]","[-8.0, 61.0, 21.0, 16.0, 0.0, 57.0, 14.0, 14.0, -14.0, 83.0, 16.0, 15.0, 33.0, -38.0, 13.0, 15.0]"
2,1791638456.3828938,"[0.0007679999999936626, -1.053923999999995, 5.889465000000001, 6.768374999999992, -0.08712299999999118, 6.065246999999999, 6.153138000000013, 6.328920000000011, 0.0007679999999936626, -2.372288999999995, 5.098445999999996, 6.2410289999999975, 2.725389000000007, 161.45653500000003, 46.67088899999999, 32.16887399999999]","[0.0, 1.0, 1.0, 2.0, 0.0, 1.0, 5.0, 4.0, 1.0, 1.0, 3.0, 3.0, 4.0, -7.0, 2.0, 1.0]","[-9.0, 71.0, 19.0, 16.0, 0.0, 87.0, 13.0, 14.0, -15.0, 95.0, 18.0, 13.0, 34.0, -33.0, 13.0, 14.0]"
2,1791638456.6041079,"[0.0007679999999936626, 1.2312420000000088, 5.889465000000001, 7.647285000000011, -0.08712299999999118, 10.020342, 7.207830000000001, 7.383611999999999, 0.08865900000000693, 0.9675689999999975, 6.2410289999999975, 7.119938999999988, 3.5164080000000126, 158.38035000000002, 47.63768999999999, 33.31145699999999]","[0.0, 4.0, 1.0, 4.0, 0.0, 9.0, 1.0, 2.0, 1.0, 8.0, 4.0, 2.0, 5.0, -4.0, 3.0, 3.0]","[-9.0, 58.0, 24.0, 16.0, 0.0, 57.0, 14.0, 13.0, -14.0, 63.0, 16.0, 13.0, 33.0, -36.0, 12.0, 14.0]"
2,1791638456.8298402,"[0.0007679999999936626, 1.2312420000000088, 7.823067000000009, 8.614086000000015, -0.08712299999999118, 11.426598000000013, 8.174631000000005, 8.526195000000001, 0.0007679999999936626, 0.9675689999999975, 7.119938999999988, 7.823067000000009, 4.395318000000003, 155.567838, 48.51660000000001, 34.36614900000001]","[0.0, 1.0, 3.0, 1.0, 0.0, 1.0, 1.0, 2.0, -1.0, 1.0, 1.0, 4.0, 0.0, -4.0, 2.0, 3.0]","[-8.0, 69.0, 19.0, 16.0, 0.0, 66.0, 14.0, 13.0, -13.0, 75.0, 17.0, 15.0, 31.0, -36.0, 13.0, 14.0]"
2,1791638457.052049,"[0.0007679999999936626, 3.2527350000000013, 8.789868000000013, 9.492996000000005, -0.08712299999999118, 13.184417999999994, 9.229322999999994, 9.405104999999992, 0.08865900000000693, 3.076953000000003, 7.998849000000007, 9.317214000000007, 6.065246999999999, 152.579544, 49.571292, 35.33295000000001]","[0.0, 6.0, 4.0, 1.0, 0.0, 10.0, 2.0, 1.0, 1.0, 9.0, 5.0, 4.0, 5.0, -5.0, 1.0, 3.0]","[-8.0, 55.0, 19.0, 16.0, 0.0, 61.0, 14.0, 13.0, -14.0, 57.0, 17.0, 14.0, 28.0, -34.0, 13.0, 14.0]"
2,1791638457.278825,"[0.0007679999999936626, 3.4285169999999994, 9.844560000000001, 10.635579000000007, -0.08712299999999118, 15.996929999999992, 10.28401500000001, 10.371905999999996, 0.0007679999999936626, 4.219536000000005, 9.053540999999996, 10.108233000000013, 6.856266000000005, 150.294378, 50.538093, 36.21186]","[0.0, 1.0, 2.0, 2.0, 0.0, 4.0, 3.0, 1.0, 1.0, 1.0, 2.0, 3.0, 2.0, 0.0, 1.0, 2.0]","[-9.0, 68.0, 19.0, 16.0, 0.0, 59.0, 14.0, 14.0, -14.0, 60.0, 17.0, 14.0, 29.0, -43.0, 13.0, 14.0]"
2,1791638457.5020099,"[0.0007679999999936626, 3.4285169999999994, 10.723469999999992, 11.60238000000001, -0.08712299999999118, 15.996929999999992, 11.162925000000001, 11.250816000000015, 0.0007679999999936626, 4.219536000000005, 9.668778000000003, 11.075033999999988, 8.26252199999999, 147.306084, 51.59278499999999, 37.354443]","[0.0, 1.0, 3.0, 2.0, 0.0, 1.0, 3.0, 1.0, 1.0, 1.0, 1.0, 3.0, 1.0, -5.0, 2.0, 2.0]","[-9.0, 78.0, 19.0, 16.0, 0.0, 84.0, 14.0, 14.0, -14.0, 71.0, 18.0, 14.0, 30.0, -39.0, 12.0, 14.0]"
2,1791638457.723133,"[0.0007679999999936626, 6.065246999999999, 11.690270999999996, 12.657072, -0.08712299999999118, 20.039916000000005, 12.21761699999999, 12.393398999999988, 0.0007679999999936626, 4.219536000000005, 10.89925199999999, 12.129726000000005, 9.141432000000009, 143.878335, 52.64747700000001, 38.233352999999994]","[0.0, 6.0, 1.0, 3.0, 0.0, 8.0, 1.0, 1.0, 0.0, 1.0, 1.0, 4.0, 1.0, -8.0, 2.0, 1.0]","[-9.0, 55.0, 20.0, 14.0, 0.0, 54.0, 14.0, 14.0, -13.0, 85.0, 19.0, 13.0, 31.0, -37.0, 12.0, 13.0]"
2,1791638457.950795,"[0.0007679999999936626, 7.471503000000013, 12.657072, 13.272309000000007, -0.08712299999999118, 20.479371000000015, 13.272309000000007, 13.53598199999999, 0.0007679999999936626, 7.207830000000001, 10.89925199999999, 13.008635999999996, 9.141432000000009, 140.890041, 53.526387, 39.46382700000001]","[0.0, 1.0, 2.0, 2.0, 0.0, 7.0, 2.0, 1.0, 0.0, 7.0, 1.0, 5.0, 1.0, -1.0, 4.0, 2.0]","[-9.0, 55.0, 19.0, 16.0, 0.0, 75.0, 14.0, 12.0, -14.0, 58.0, 23.0, 12.0, 35.0, -40.0, 12.0, 14.0]"
2,1791638458.1730902,"[0.0007679999999936626, 7.647285000000011, 13.799655000000001, 14.502782999999994, -0.08712299999999118, 24.346575, 14.327000999999996, 14.414892000000009, 0.08865900000000693, 7.207830000000001, 13.008635999999996, 13.887546000000015, 11.514488999999998, 137.550183, 54.756861000000015, 40.43062800000001]","[0.0, 1.0, 2.0, 2.0, 0.0, 6.0, 3.0, 1.0, 1.0, 1.0, 6.0, 1.0, 3.0, -6.0, 4.0, 3.0]","[-8.0, 63.0, 19.0, 15.0, 0.0, 54.0, 15.0, 14.0, -14.0, 73.0, 17.0, 16.0, 27.0, -34.0, 12.0, 13.0]"
2,1791638458.395965,"[0.0007679999999936626, 9.492996000000005, 14.678564999999992, 15.381693000000013, -0.08712299999999118, 26.192285999999996, 15.469583999999998, 15.821147999999994, 0.08865900000000693, 9.317214000000007, 13.711763999999988, 14.85434699999999, 11.690270999999996, 134.29821600000002, 55.635771000000005, 41.48532]","[0.0, 6.0, 1.0, 4.0, 0.0, 4.0, 2.0, 2.0, 0.0, 10.0, 4.0, 1.0, 0.0, -6.0, 1.0, 4.0]","[-9.0, 53.0, 20.0, 16.0, 0.0, 55.0, 13.0, 12.0, -14.0, 57.0, 17.0, 14.0, 33.0, -32.0, 12.0, 14.0]"
2,1791638458.6215243,"[0.0007679999999936626, 9.668778000000003, 15.733257000000009, 16.436385, -0.08712299999999118, 28.30167, 16.524276000000015, 16.787948999999998, 0.08865900000000693, 9.405104999999992, 14.766456000000005, 15.996929999999992, 13.360199999999992, 130.95835799999998, 56.86624499999999, 42.36422999999999]","[0.0, 1.0, 2.0, 2.0, 0.0, 4.0, 3.0, 3.0, 0.0, 1.0, 1.0, 1.0, 4.0, -3.0, 3.0, 1.0]","[-9.0, 65.0, 19.0, 16.0, 0.0, 55.0, 13.0, 12.0, -14.0, 69.0, 18.0, 14.0, 29.0, -31.0, 12.0, 14.0]"
2,1791638458.84442,"[0.0007679999999936626, 9.668778000000003, 16.787948999999998, 17.315294999999992, -0.08712299999999118, 29.971598999999998, 17.578968000000003, 17.75475, 0.0007679999999936626, 9.405104999999992, 15.996929999999992, 16.963730999999996, 14.590674000000007, 127.706391, 57.92093700000001, 43.41892200000001]","[0.0, 1.0, 1.0, 4.0, 1.0, 3.0, 4.0, 3.0, 0.0, 1.0, 1.0, 5.0, 4.0, -3.0, 3.0, 1.0]","[-9.0, 79.0, 20.0, 16.0, 0.0, 63.0, 12.0, 13.0, -14.0, 82.0, 19.0, 14.0, 27.0, -28.0, 12.0, 14.0]"
2,1791638459.0706508,"[0.0007679999999936626, 12.305508000000003, 17.930532, 18.282095999999996, -0.08712299999999118, 32.344656000000015, 18.36998700000001, 18.545769000000007, 0.0007679999999936626, 9.668778000000003, 16.87584000000001, 18.19420500000001, 15.55747500000001, 125.069661, 59.06352000000001, 44.38572300000001]","[0.0, 9.0, 4.0, 3.0, 0.0, 10.0, 1.0, 1.0, 1.0, 4.0, 2.0, 4.0, 1.0, -3.0, 1.0, 1.0]","[-9.0, 53.0, 19.0, 17.0, 0.0, 55.0, 14.0, 14.0, -14.0, 91.0, 17.0, 13.0, 27.0, -31.0, 12.0, 14.0]"
2,1791638459.2906961,"[0.0007679999999936626, 12.393398999999988, 18.897333000000003, 19.336788000000013, 0.0007679999999936626, 34.45403999999999, 19.336788000000013, 19.68835200000001, 0.08865900000000693, 12.393398999999988, 18.106313999999998, 18.985223999999988, 16.700058000000013, 122.69660399999998, 60.118212, 45.616197]","[0.0, 1.0, 1.0, 1.0, 1.0, 3.0, 3.0, 2.0, 2.0, 13.0, 3.0, 2.0, 6.0, 0.0, 3.0, 2.0]","[-9.0, 65.0, 18.0, 17.0, -11.0, 57.0, 14.0, 13.0, -14.0, 59.0, 17.0, 13.0, 24.0, -38.0, 11.0, 13.0]"
2,1791638459.5159423,"[0.0007679999999936626, 13.448091000000005, 19.952024999999992, 20.39148, 0.0007679999999936626, 36.739205999999996, 20.215698000000003, 20.655153000000013, 0.0007679999999936626, 14.151218999999998, 19.161006000000015, 20.215698000000003, 17.578968000000003, 118.82940000000002, 61.260795, 46.49510699999999]","[0.0, 1.0, 3.0, 1.0, 1.0, 6.0, 1.0, 1.0, 2.0, 1.0, 2.0, 3.0, 7.0, -6.0, 3.0, 3.0]","[-9.0, 67.0, 19.0, 17.0, -12.0, 45.0, 14.0, 13.0, -14.0, 60.0, 16.0, 13.0, 25.0, -29.0, 11.0, 13.0]"
2,1791638459.7425678,"[0.0007679999999936626, 14.414892000000009, 20.83093500000001, 21.534063000000003, 0.0007679999999936626, 38.84859, 21.00671700000001, 21.709845, 0.08865900000000693, 14.151218999999998, 20.215698000000003, 21.182499000000007, 18.80944199999999, 115.48954200000003, 62.227596000000005, 47.54979900000001]","[0.0, 6.0, 1.0, 3.0, 1.0, 6.0, 1.0, 3.0, 1.0, 1.0, 1.0, 4.0, 4.0, -5.0, 2.0, 2.0]","[-9.0, 65.0, 19.0, 16.0, -12.0, 46.0, 14.0, 13.0, -14.0, 71.0, 17.0, 12.0, 24.0, -30.0, 10.0, 14.0]"
2,1791638459.9640203,"[0.0007679999999936626, 14.502782999999994, 22.061408999999998, 22.500864000000007, 0.0007679999999936626, 40.342737, 21.973518000000013, 22.76453699999999, 0.08865900000000693, 14.151218999999998, 21.00671700000001, 22.32508200000001, 20.12780699999999, 112.41335700000002, 63.45806999999999, 48.51660000000001]","[0.0, 1.0, 1.0, 3.0, 1.0, 1.0, 3.0, 1.0, 1.0, 2.0, 1.0, 3.0, 3.0, -4.0, 2.0, 1.0]","[-9.0, 79.0, 18.0, 17.0, -13.0, 56.0, 15.0, 13.0, -14.0, 85.0, 18.0, 13.0, 24.0, -28.0, 11.0, 13.0]"
2,1791638460.1905553,"[0.0007679999999936626, 17.05162200000001, 22.852428000000003, 22.588754999999992, 0.0007679999999936626, 42.36422999999999, 22.676646000000005, 23.555555999999996, 0.08865900000000693, 14.23911000000001, 21.709845, 22.76453699999999, 20.655153000000013, 109.249281, 64.51276200000001, 49.483401000000015]","[0.0, 11.0, 1.0, 1.0, 1.0, 1.0, 5.0, 1.0, 1.0, 1.0, 5.0, 5.0, 1.0, -2.0, 1.0, 1.0]","[-8.0, 53.0, 20.0, 20.0, -12.0, 56.0, 16.0, 13.0, -14.0, 100.0, 17.0, 14.0, 23.0, -28.0, 11.0, 14.0]"
2,1791638460.4111776,"[0.0007679999999936626, 17.842641000000015, 23.907119999999992, 24.434466000000015, 0.0007679999999936626, 46.143542999999994, 23.731337999999994, 24.78603000000001, 0.08865900000000693, 18.545769000000007, 23.203992, 24.08290199999999, 21.885627, 105.73364099999998, 65.47956300000001, 50.62598400000002]","[0.0, 2.0, 4.0, 3.0, 1.0, 7.0, 2.0, 1.0, 1.0, 6.0, 1.0, 2.0, 1.0, -6.0, 1.0, 3.0]","[-8.0, 62.0, 19.0, 16.0, -13.0, 37.0, 15.0, 12.0, -14.0, 56.0, 17.0, 12.0, 24.0, -22.0, 10.0, 14.0]"
2,1791638460.6353385,"[0.0007679999999936626, 19.248897, 24.78603000000001, 25.489158000000003, 0.0007679999999936626, 46.934562, 24.96181200000001, 25.752831000000015, 0.08865900000000693, 18.985223999999988, 24.170793000000003, 25.40126699999999, 23.116101000000015, 102.481674, 66.79792800000001, 51.50489400000001]","[0.0, 4.0, 3.0, 1.0, 1.0, 1.0, 4.0, 1.0, 1.0, 1.0, 3.0, 2.0, 3.0, -5.0, 3.0, 2.0]","[-9.0, 53.0, 20.0, 16.0, -13.0, 53.0, 15.0, 13.0, -14.0, 64.0, 16.0, 12.0, 23.0, -19.0, 10.0, 13.0]"
2,1791638460.8615332,"[0.0007679999999936626, 19.248897, 25.752831000000015, 26.368067999999994, 0.08865900000000693, 48.604490999999996, 25.752831000000015, 26.895413999999988, 0.08865900000000693, 19.51257000000001, 25.137594000000007, 26.455959000000007, 24.434466000000015, 99.05392499999999, 67.94051100000001, 52.559585999999996]","[0.0, 1.0, 2.0, 1.0, 0.0, 5.0, 0.0, 2.0, 1.0, 1.0, 2.0, 3.0, 3.0, -4.0, 3.0, 2.0]","[-9.0, 66.0, 20.0, 16.0, -12.0, 52.0, 16.0, 12.0, -14.0, 69.0, 17.0, 12.0, 21.0, -20.0, 10.0, 13.0]"
2,1791638461.08377,"[0.0007679999999936626, 19.336788000000013, 26.631741000000005, 27.59854200000001, 0.0007679999999936626, 50.889657, 27.071196000000015, 27.42276000000001, 0.08865900000000693, 22.14930000000001, 26.016503999999998, 27.510650999999996, 25.489158000000003, 95.80195800000001, 68.995203, 53.526387]","[0.0, 1.0, 1.0, 2.0, 0.0, 12.0, 4.0, 1.0, 1.0, 12.0, 1.0, 2.0, 4.0, -1.0, 1.0, 1.0]","[-9.0, 80.0, 20.0, 17.0, -11.0, 42.0, 15.0, 14.0, -14.0, 42.0, 17.0, 12.0, 20.0, -17.0, 10.0, 14.0]"
2,1791638461.3104708,"[0.0007679999999936626, 22.412972999999994, 27.774324000000007, 28.653233999999998, 0.0007679999999936626, 52.91114999999999, 28.213778999999988, 28.565343000000013, 0.08865900000000693, 23.995011000000005, 27.246978000000013, 28.653233999999998, 25.66494, 93.51679200000001, 69.61044000000001, 54.22951499999999]","[0.0, 10.0, 5.0, 3.0, -1.0, 1.0, 3.0, 1.0, 1.0, 1.0, 3.0, 2.0, 1.0, 0.0, 1.0, 1.0]","[-9.0, 50.0, 19.0, 16.0, -12.0, 48.0, 15.0, 12.0, -14.0, 41.0, 17.0, 12.0, 28.0, -25.0, 10.0, 14.0]"
2,1791638461.5319219,"[0.0007679999999936626, 22.500864000000007, 28.653233999999998, 29.532143999999988, 0.0007679999999936626, 55.89944400000002, 29.268471000000005, 29.795817, 0.08865900000000693, 24.08290199999999, 28.30167, 29.620035, 26.016503999999998, 93.51679200000001, 69.61044000000001, 54.40529699999999]","[0.0, 1.0, 3.0, 3.0, 1.0, 9.0, 3.0, 2.0, 1.0, 1.0, 3.0, 1.0, 1.0, 1.0, 1.0, 1.0]","[-8.0, 64.0, 19.0, 16.0, -12.0, 41.0, 14.0, 12.0, -14.0, 51.0, 16.0, 12.0, 30.0, -25.0, 13.0, 16.0]"
2,1791638461.7559228,"[0.0007679999999936626, 22.588754999999992, 29.532143999999988, 30.67472699999999, 0.0007679999999936626, 57.92093700000001, 30.586836000000005, 30.762618000000003, 0.08865900000000693, 24.08290199999999, 29.35636199999999, 30.762618000000003, 26.631741000000005, 93.51679200000001, 69.698331, 55.020534]","[0.0, 1.0, 1.0, 1.0, 0.0, 4.0, 3.0, 1.0, 1.0, 1.0, 1.0, 3.0, 1.0, 1.0, 1.0, 1.0]","[-8.0, 75.0, 20.0, 16.0, -11.0, 39.0, 13.0, 12.0, -14.0, 61.0, 17.0, 11.0, 32.0, -25.0, 17.0, 18.0]"
2,1791638461.982378,"[0.0007679999999936626, 25.928613000000013, 30.67472699999999, 31.729419000000007, 0.0007679999999936626, 60.55766700000001, 31.55363700000001, 31.905201000000005, 0.08865900000000693, 26.631741000000005, 30.147380999999996, 31.55363700000001, 27.950106000000005, 93.51679200000001, 71.192478, 56.690462999999994]","[0.0, 9.0, 1.0, 1.0, 1.0, 9.0, 1.0, 1.0, 1.0, 9.0, 3.0, 1.0, 9.0, 1.0, 10.0, 7.0]","[-9.0, 47.0, 20.0, 15.0, -11.0, 31.0, 14.0, 12.0, -14.0, 40.0, 17.0, 12.0, 29.0, -25.0, 13.0, 15.0]"
2,1791638462.206021,"[0.0007679999999936626, 26.368067999999994, 31.729419000000007, 32.52043800000001, 0.0007679999999936626, 62.667051000000015, 32.69622000000001, 32.87200200000001, 0.08865900000000693, 28.213778999999988, 31.026291000000015, 32.52043800000001, 30.23527200000001, 93.51679200000001, 73.56553500000001, 58.272501000000005]","[0.0, 0.0, 2.0, 1.0, 1.0, 6.0, 3.0, 2.0, 1.0, 1.0, 1.0, 1.0, 3.0, 0.0, 4.0, 3.0]","[-8.0, 57.0, 20.0, 16.0, -11.0, 31.0, 12.0, 12.0, -14.0, 39.0, 17.0, 12.0, 24.0, -25.0, 11.0, 14.0]"
2,1791638462.42943,"[0.0007679999999936626, 26.368067999999994, 32.784110999999996, 33.83880300000001, 0.0007679999999936626, 65.391672, 34.01458500000001, 34.01458500000001, 0.08865900000000693, 28.213778999999988, 32.344656000000015, 33.663021000000015, 30.498944999999992, 93.51679200000001, 74.444445, 59.151410999999996]","[0.0, 1.0, 3.0, 3.0, 1.0, 6.0, 4.0, 5.0, 1.0, 1.0, 1.0, 4.0, 1.0, 0.0, 6.0, 3.0]","[-9.0, 58.0, 19.0, 16.0, -12.0, 27.0, 11.0, 11.0, -14.0, 49.0, 15.0, 12.0, 28.0, -25.0, 11.0, 14.0]"
2,1791638462.6537616,"[0.0007679999999936626, 29.268471000000005, 33.83880300000001, 34.717713, 0.0007679999999936626, 67.41316499999999, 34.981386000000015, 34.893495, 0.08865900000000693, 28.653233999999998, 33.48723899999999, 34.541931000000005, 30.498944999999992, 93.60468300000002, 75.49913699999999, 60.118212]","[0.0, 3.0, 1.0, 2.0, 0.0, 6.0, 3.0, 2.0, 1.0, 6.0, 2.0, 2.0, 1.0, 1.0, 2.0, 1.0]","[-9.0, 55.0, 19.0, 16.0, -12.0, 27.0, 12.0, 12.0, -14.0, 56.0, 16.0, 11.0, 27.0, -25.0, 10.0, 16.0]"
2,1791638462.8783379,"[0.0007679999999936626, 29.35636199999999, 34.981386000000015, 35.860296000000005, 0.0007679999999936626, 69.43465800000001, 36.12396899999999, 35.94818699999999, 0.08865900000000693, 28.653233999999998, 34.541931000000005, 35.245059, 30.762618000000003, 93.51679200000001, 76.465938, 61.17290400000002]","[0.0, 1.0, 3.0, 2.0, 1.0, 5.0, 3.0, 1.0, 1.0, 1.0, 2.0, 1.0, 2.0, 1.0, 1.0, 2.0]","[-9.0, 53.0, 18.0, 16.0, -11.0, 26.0, 11.0, 12.0, -14.0, 66.0, 14.0, 14.0, 25.0, -25.0, 11.0, 15.0]"
2,1791638463.1023486,"[0.0007679999999936626, 31.55363700000001, 36.12396899999999, 36.739205999999996, 0.0007679999999936626, 72.42295200000001, 37.354443, 37.09076999999999, 0.08865900000000693, 31.729419000000007, 35.596622999999994, 36.47553300000001, 31.114182, 93.51679200000001, 77.69641200000001, 62.05181400000001]","[0.0, 2.0, 3.0, 4.0, 0.0, 9.0, 3.0, 3.0, 1.0, 9.0, 2.0, 1.0, 2.0, 0.0, 2.0, 1.0]","[-9.0, 44.0, 18.0, 15.0, -12.0, 18.0, 10.0, 11.0, -14.0, 39.0, 15.0, 12.0, 24.0, -25.0, 10.0, 15.0]"
2,1791638463.323501,"[0.0007679999999936626, 31.55363700000001, 37.178661000000005, 37.79389800000001, 0.08865900000000693, 74.18077199999999, 38.40913499999999, 37.96968000000001, 0.08865900000000693, 32.959892999999994, 36.65131500000001, 37.354443, 31.114182, 93.51679200000001, 78.48743100000002, 63.106505999999996]","[0.0, 1.0, 1.0, 4.0, 0.0, 2.0, 2.0, 1.0, 1.0, 1.0, 3.0, 1.0, 1.0, 0.0, 3.0, 2.0]","[-9.0, 54.0, 18.0, 16.0, -11.0, 22.0, 11.0, 11.0, -14.0, 42.0, 15.0, 12.0, 25.0, -25.0, 11.0, 15.0]"
2,1791638463.5498567,"[0.0007679999999936626, 33.31145699999999, 38.32124400000001, 38.40913499999999, 0.08865900000000693, 75.32335499999999, 39.024372, 38.76069899999999, 0.08865900000000693, 33.04778400000001, 37.79389800000001, 38.497026000000005, 31.114182, 93.51679200000001, 79.01477699999998, 63.80963400000002]","[0.0, 7.0, 3.0, 1.0, 1.0, 1.0, 1.0, 1.0, 1.0, 1.0, 2.0, 1.0, 0.0, 1.0, 1.0, 1.0]","[-9.0, 46.0, 17.0, 16.0, -12.0, 28.0, 12.0, 12.0, -14.0, 51.0, 15.0, 12.0, 24.0, -25.0, 12.0, 16.0]"
2,1791638463.7742484,"[0.0007679999999936626, 34.278257999999994, 39.28804500000001, 39.46382700000001, 0.08865900000000693, 75.938592, 39.11226300000001, 39.024372, 0.08865900000000693, 33.04778400000001, 38.84859, 39.551717999999994, 31.026291000000015, 93.51679200000001, 79.01477699999998, 64.16119800000001]","[0.0, 7.0, 1.0, 1.0, 1.0, 1.0, 1.0, 1.0, 1.0, 1.0, 3.0, 5.0, 1.0, 1.0, 1.0, 1.0]","[-9.0, 43.0, 17.0, 16.0, -12.0, 41.0, 15.0, 15.0, -14.0, 61.0, 13.0, 12.0, 25.0, -26.0, 12.0, 18.0]"
2,1791638463.99687,"[0.0007679999999936626, 35.68451400000001, 40.518519, 40.694300999999996, 0.08865900000000693, 76.81750199999999, 39.28804500000001, 39.28804500000001, 0.08865900000000693, 35.50873200000001, 39.72749999999999, 40.694300999999996, 31.026291000000015, 93.60468300000002, 78.92688600000002, 64.77643499999999]","[0.0, 1.0, 4.0, 1.0, 1.0, 4.0, 1.0, 1.0, 0.0, 7.0, 4.0, 3.0, 0.0, 1.0, 0.0, 3.0]","[-9.0, 42.0, 17.0, 15.0, -12.0, 46.0, 18.0, 17.0, -14.0, 41.0, 13.0, 11.0, 25.0, -27.0, 13.0, 21.0]"
2,1791638464.222289,"[0.0007679999999936626, 35.77240499999999, 41.661102, 41.573211000000015, 0.08865900000000693, 77.69641200000001, 39.200154, 39.375935999999996, 0.08865900000000693, 36.739205999999996, 41.04586499999999, 41.661102, 30.9384, 93.95624700000002, 79.01477699999998, 64.864326]","[0.0, 1.0, 3.0, 4.0, 1.0, 1.0, 0.0, 0.0, 0.0, 2.0, 4.0, 2.0, 0.0, 1.0, 0.0, 1.0]","[-9.0, 51.0, 16.0, 16.0, -12.0, 63.0, 25.0, 20.0, -15.0, 43.0, 13.0, 12.0, 10.0, -11.0, 3.0, 0.0]"
2,1791638464.4447854,"[0.0007679999999936626, 37.79389800000001, 42.627903, 42.803685, 0.08865900000000693, 77.78430300000002, 39.375935999999996, 39.815391000000005, 0.08865900000000693, 36.914987999999994, 41.92477500000001, 42.71579399999999, 30.9384, 94.04413799999998, 78.92688600000002, 64.864326]","[0.0, 4.0, 1.0, 3.0, 1.0, 1.0, 1.0, 2.0, 0.0, 0.0, 1.0, 3.0, 0.0, 1.0, 0.0, 0.0]","[-9.0, 42.0, 17.0, 15.0, -12.0, 85.0, 30.0, 24.0, -15.0, 52.0, 14.0, 11.0, 10.0, -11.0, 8.0, 0.0]"
2,1791638464.6676483,"[0.0007679999999936626, 37.79389800000001, 43.68259499999999, 43.506812999999994, 0.17654999999999177, 76.905393, 39.200154, 39.72749999999999, 0.08865900000000693, 37.618116000000015, 43.06735800000001, 43.770486000000005, 30.9384, 93.95624700000002, 78.92688600000002, 64.864326]","[0.0, 1.0, 1.0, 1.0, 1.0, 0.0, 0.0, 0.0, 0.0, 1.0, 3.0, 2.0, 0.0, 0.0, 0.0, 0.0]","[-8.0, 51.0, 16.0, 16.0, 0.0, 11.0, 10.0, 9.0, -14.0, 54.0, 12.0, 11.0, 10.0, -11.0, 9.0, 0.0]"
2,1791638464.892707,"[0.0007679999999936626, 40.07906399999999, 44.73728700000001, 44.825177999999994, 0.17654999999999177, 76.905393, 39.200154, 39.72749999999999, 0.17654999999999177, 37.618116000000015, 44.03415899999999, 44.825177999999994, 30.9384, 94.04413799999998, 78.92688600000002, 64.864326]","[0.0, 8.0, 1.0, 3.0, 1.0, 0.0, 0.0, 0.0, 0.0, 1.0, 2.0, 1.0, 0.0, 0.0, 1.0, 0.0]","[-9.0, 36.0, 16.0, 15.0, 0.0, 11.0, 11.0, 11.0, -14.0, 67.0, 13.0, 11.0, 11.0, -11.0, 10.0, 0.0]"
2,1791638465.118058,"[0.0007679999999936626, 40.518519, 45.791979, 45.791979, 0.17654999999999177, 76.905393, 39.200154, 39.72749999999999, 0.17654999999999177, 39.90328199999999, 45.088851000000005, 45.87987000000001, 30.9384, 93.95624700000002, 79.01477699999998, 64.864326]","[0.0, 0.0, 2.0, 1.0, 1.0, 0.0, 0.0, 0.0, 2.0, 11.0, 3.0, 2.0, 0.0, 0.0, 1.0, 0.0]","[-9.0, 45.0, 16.0, 15.0, 0.0, 12.0, 10.0, 9.0, -15.0, 45.0, 12.0, 11.0, 10.0, -11.0, 2.0, 0.0]"
2,1791638465.3421335,"[0.0007679999999936626, 41.74899300000001, 46.75878, 47.19823500000001, 0.17654999999999177, 76.905393, 39.200154, 39.72749999999999, 0.17654999999999177, 41.836884, 46.31932499999999, 47.110344, 30.9384, 94.04413799999998, 78.92688600000002, 64.864326]","[0.0, 6.0, 2.0, 3.0, 1.0, 0.0, 0.0, 0.0, 0.0, 1.0, 5.0, 2.0, 0.0, 0.0, 0.0, 0.0]","[-9.0, 39.0, 16.0, 15.0, 0.0, 12.0, 10.0, 9.0, -14.0, 42.0, 12.0, 10.0, 10.0, -10.0, 10.0, 0.0]"
2,1791638465.5660748,"[0.0007679999999936626, 43.06735800000001, 47.901363, 48.165036000000015, 0.17654999999999177, 76.905393, 39.200154, 39.72749999999999, 0.17654999999999177, 42.012665999999996, 47.286125999999996, 48.077145, 30.9384, 93.95624700000002, 78.92688600000002, 64.864326]","[0.0, 8.0, 4.0, 2.0, 1.0, 0.0, 0.0, 0.0, 1.0, 1.0, 1.0, 3.0, 0.0, 0.0, 1.0, 0.0]","[-9.0, 39.0, 15.0, 15.0, 0.0, 12.0, 10.0, 10.0, -14.0, 51.0, 13.0, 10.0, 10.0, -10.0, 1.0, 0.0]"
2,1791638465.788935,"[0.0007679999999936626, 44.649395999999996, 48.780272999999994, 49.219728, 0.17654999999999177, 76.905393, 39.200154, 39.72749999999999, 0.17654999999999177, 42.012665999999996, 48.34081800000001, 49.043946000000005, 30.9384, 93.95624700000002, 78.92688600000002, 64.864326]","[0.0, 3.0, 3.0, 3.0, 1.0, 0.0, 0.0, 0.0, 0.0, 1.0, 4.0, 2.0, 0.0, 1.0, 1.0, 1.0]","[-9.0, 33.0, 16.0, 13.0, 0.0, 11.0, 10.0, 9.0, -14.0, 62.0, 12.0, 11.0, 10.0, -10.0, 8.0, 0.0]"
2,1791638466.0133736,"[0.0007679999999936626, 45.616197, 49.65918300000001, 50.538093, 0.17654999999999177, 76.905393, 39.200154, 39.72749999999999, 0.17654999999999177, 45.00095999999999, 49.39551, 50.098637999999994, 30.9384, 94.04413799999998, 78.92688600000002, 64.864326]","[0.0, 1.0, 1.0, 2.0, 1.0, 0.0, 0.0, 0.0, 1.0, 15.0, 3.0, 3.0, 0.0, 0.0, 0.0, 0.0]","[-9.0, 36.0, 16.0, 14.0, 0.0, 11.0, 10.0, 10.0, -13.0, 37.0, 12.0, 10.0, 10.0, -11.0, 5.0, 0.0]"
2,1791638466.2380507,"[0.0007679999999936626, 46.67088899999999, 50.801766000000015, 51.417002999999994, 0.17654999999999177, 76.905393, 39.200154, 39.72749999999999, 0.17654999999999177, 46.75878, 50.62598400000002, 50.97754800000001, 30.9384, 93.95624700000002, 78.92688600000002, 64.864326]","[0.0, 4.0, 2.0, 3.0, 1.0, 0.0, 0.0, 0.0, 0.0, 1.0, 2.0, 3.0, 0.0, 0.0, 1.0, 0.0]","[-8.0, 33.0, 15.0, 14.0, 0.0, 11.0, 10.0, 10.0, -14.0, 35.0, 11.0, 11.0, 10.0, -11.0, 9.0, 0.0]"
2,1791638466.4619796,"[0.0007679999999936626, 47.98925399999999, 51.94434900000002, 52.383804, 0.17654999999999177, 76.905393, 39.200154, 39.72749999999999, 0.08865900000000693, 46.75878, 51.76856699999999, 52.03224, 30.9384, 94.04413799999998, 78.92688600000002, 64.864326]","[1.0, 4.0, 1.0, 1.0, 1.0, 0.0, 0.0, 0.0, 1.0, 1.0, 1.0, 2.0, 0.0, 0.0, 0.0, 0.0]","[-8.0, 29.0, 16.0, 15.0, 0.0, 12.0, 10.0, 10.0, -14.0, 45.0, 11.0, 10.0, 10.0, -10.0, 9.0, 0.0]"
2,1791638466.6859934,"[0.0007679999999936626, 48.51660000000001, 52.999041000000005, 53.526387, 0.17654999999999177, 76.905393, 39.200154, 39.72749999999999, 0.08865900000000693, 48.34081800000001, 52.64747700000001, 52.82325900000001, 30.9384, 94.04413799999998, 78.92688600000002, 64.864326]","[1.0, 6.0, 4.0, 3.0, 1.0, 0.0, 0.0, 0.0, 1.0, 6.0, 2.0, 4.0, 0.0, 1.0, 0.0, 0.0]","[-9.0, 31.0, 15.0, 15.0, 0.0, 12.0, 10.0, 10.0, -14.0, 35.0, 11.0, 10.0, 11.0, -11.0, 8.0, 0.0]"
2,1791638466.9087007,"[0.0007679999999936626, 50.18652900000001, 53.96584200000001, 54.317406000000005, 0.17654999999999177, 76.905393, 39.200154, 39.72749999999999, 0.08865900000000693, 50.18652900000001, 53.79006000000001, 53.877950999999996, 30.9384, 93.95624700000002, 79.01477699999998, 64.864326]","[1.0, 1.0, 3.0, 3.0, 1.0, 1.0, 0.0, 0.0, 1.0, 5.0, 3.0, 1.0, 0.0, 0.0, 0.0, 0.0]","[-9.0, 32.0, 15.0, 14.0, 0.0, 11.0, 10.0, 10.0, -14.0, 30.0, 10.0, 10.0, 10.0, -11.0, 6.0, 0.0]"
2,1791638467.1316266,"[0.0007679999999936626, 50.18652900000001, 55.196315999999996, 55.45998900000001, 0.17654999999999177, 76.905393, 39.200154, 39.72749999999999, 0.08865900000000693, 50.97754800000001, 54.844752, 55.020534, 30.9384, 94.04413799999998, 79.01477699999998, 64.864326]","[0.0, 1.0, 3.0, 2.0, 1.0, 1.0, 0.0, 0.0, 1.0, 1.0, 2.0, 1.0, 0.0, 1.0, 1.0, 0.0]","[-9.0, 38.0, 15.0, 14.0, 0.0, 11.0, 10.0, 9.0, -14.0, 35.0, 11.0, 11.0, 11.0, -11.0, 4.0, 0.0]"
2,1791638467.357589,"[0.0007679999999936626, 52.29591300000001, 56.075226000000015, 56.42679000000001, 0.17654999999999177, 76.905393, 39.200154, 39.72749999999999, 0.08865900000000693, 51.680676000000005, 55.89944400000002, 55.987335, 30.9384, 93.95624700000002, 78.92688600000002, 64.864326]","[1.0, 9.0, 1.0, 1.0, 1.0, 1.0, 0.0, 0.0, 1.0, 1.0, 4.0, 1.0, 0.0, 0.0, 0.0, 0.0]","[-9.0, 28.0, 15.0, 14.0, 0.0, 11.0, 9.0, 10.0, -14.0, 36.0, 11.0, 11.0, 11.0, -11.0, 9.0, 0.0]"
2,1791638467.5818863,"[0.0007679999999936626, 53.702169, 57.21780900000002, 57.21780900000002, 0.17654999999999177, 76.905393, 39.200154, 39.72749999999999, 0.08865900000000693, 51.856458, 56.86624499999999, 56.86624499999999, 30.9384, 94.04413799999998, 78.92688600000002, 64.864326]","[1.0, 1.0, 2.0, 1.0, 1.0, 1.0, 0.0, 0.0, 0.0, 3.0, 3.0, 1.0, 0.0, 1.0, 0.0, 0.0]","[-9.0, 26.0, 14.0, 14.0, 0.0, 12.0, 10.0, 10.0, -14.0, 41.0, 11.0, 10.0, 10.0, -10.0, 7.0, 0.0]"
2,1791638467.8058963,"[0.0007679999999936626, 54.93264300000001, 58.36039199999999, 58.36039199999999, 0.17654999999999177, 76.905393, 39.200154, 39.72749999999999, 0.08865900000000693, 54.40529699999999, 57.74515500000001, 58.008827999999994, 30.9384, 94.04413799999998, 78.92688600000002, 64.864326]","[1.0, 3.0, 4.0, 3.0, 1.0, 1.0, 0.0, 0.0, 0.0, 9.0, 1.0, 1.0, 0.0, 1.0, 0.0, 0.0]","[-9.0, 26.0, 14.0, 14.0, 0.0, 11.0, 10.0, 10.0, -14.0, 27.0, 11.0, 11.0, 10.0, -11.0, 5.0, 0.0]"
2,1791638468.0292141,"[0.0007679999999936626, 55.72366199999999, 59.50297499999999, 59.23930200000001, 0.17654999999999177, 76.905393, 39.200154, 39.72749999999999, 0.08865900000000693, 55.54787999999999, 59.06352000000001, 58.88773800000001, 30.9384, 93.95624700000002, 78.92688600000002, 64.864326]","[1.0, 3.0, 1.0, 3.0, 1.0, 1.0, 0.0, 0.0, 0.0, 1.0, 3.0, 1.0, 0.0, 1.0, 1.0, 0.0]","[-9.0, 28.0, 15.0, 15.0, 0.0, 12.0, 10.0, 10.0, -14.0, 28.0, 10.0, 11.0, 11.0, -11.0, 9.0, 0.0]"
2,1791638468.253871,"[0.0007679999999936626, 57.04202699999999, 59.590866000000005, 60.293994, 0.17654999999999177, 76.81750199999999, 39.200154, 39.72749999999999, 0.08865900000000693, 55.987335, 59.327192999999994, 60.030321000000015, 30.9384, 94.04413799999998, 78.92688600000002, 64.864326]","[1.0, 4.0, 1.0, 3.0, 1.0, 0.0, 0.0, 0.0, 0.0, 1.0, 1.0, 3.0, 0.0, 1.0, 0.0, 0.0]","[-9.0, 23.0, 14.0, 14.0, 0.0, 11.0, 10.0, 9.0, -14.0, 33.0, 10.0, 11.0, 9.0, -10.0, 10.0, 0.0]"
2,1791638468.475563,"[0.0007679999999936626, 58.09671900000001, 59.590866000000005, 61.348686000000015, 0.17654999999999177, 76.905393, 39.200154, 39.72749999999999, 0.08865900000000693, 56.514680999999996, 59.41508400000001, 60.99712199999999, 30.9384, 93.95624700000002, 78.92688600000002, 64.864326]","[0.0, 3.0, 1.0, 1.0, 1.0, 0.0, 0.0, 0.0, 0.0, 0.0, 1.0, 2.0, 0.0, 0.0, 1.0, 0.0]","[-9.0, 25.0, 14.0, 14.0, 0.0, 11.0, 10.0, 10.0, -14.0, 37.0, 9.0, 12.0, 10.0, -12.0, 8.0, 0.0]"
2,1791638468.6992924,"[0.0007679999999936626, 59.06352000000001, 59.590866000000005, 62.13970499999999, 0.17654999999999177, 76.905393, 39.200154, 39.72749999999999, 0.08865900000000693, 58.272501000000005, 59.41508400000001, 62.05181400000001, 30.9384, 94.04413799999998, 78.92688600000002, 64.864326]","[1.0, 4.0, 1.0, 1.0, 1.0, 0.0, 0.0, 0.0, 0.0, 6.0, 1.0, 3.0, 0.0, 1.0, 1.0, 0.0]","[-9.0, 23.0, 14.0, 15.0, 0.0, 12.0, 10.0, 10.0, -14.0, 28.0, 9.0, 9.0, 9.0, -11.0, 8.0, 0.0]"
2,1791638468.9257588,"[0.0007679999999936626, 59.590866000000005, 59.67875699999999, 63.37017900000001, 0.17654999999999177, 76.905393, 39.200154, 39.72749999999999, 0.08865900000000693, 60.20610300000001, 59.41508400000001, 63.106505999999996, 30.9384, 94.04413799999998, 78.92688600000002, 64.864326]","[1.0, 3.0, 1.0, 4.0, 1.0, 1.0, 0.0, 0.0, 0.0, 3.0, 1.0, 3.0, 0.0, 0.0, 1.0, 0.0]","[-9.0, 29.0, 14.0, 14.0, 0.0, 12.0, 9.0, 10.0, -14.0, 25.0, 10.0, 10.0, 9.0, -11.0, 6.0, 0.0]"
2,1791638469.1497633,"[0.0007679999999936626, 61.085013000000004, 59.766648, 64.249089, 0.17654999999999177, 76.905393, 39.200154, 39.72749999999999, 0.08865900000000693, 60.55766700000001, 59.41508400000001, 63.897525, 30.9384, 94.04413799999998, 79.01477699999998, 64.864326]","[1.0, 5.0, 1.0, 1.0, 1.0, 1.0, 0.0, 0.0, 0.0, 4.0, 1.0, 1.0, 0.0, 1.0, 1.0, 0.0]","[-8.0, 22.0, 13.0, 14.0, 0.0, 11.0, 10.0, 9.0, -15.0, 27.0, 10.0, 11.0, 9.0, -10.0, 3.0, 0.0]"
2,1791638469.3725839,"[0.0007679999999936626, 62.403378000000004, 59.766648, 65.21589, 0.17654999999999177, 76.905393, 39.200154, 39.72749999999999, 0.08865900000000693, 62.05181400000001, 59.41508400000001, 65.040108, 30.9384, 94.04413799999998, 79.01477699999998, 64.864326]","[1.0, 1.0, 1.0, 1.0, 1.0, 0.0, 0.0, 0.0, 0.0, 2.0, 1.0, 3.0, 0.0, 1.0, 1.0, 0.0]","[-9.0, 20.0, 13.0, 14.0, 0.0, 11.0, 9.0, 10.0, -14.0, 24.0, 10.0, 11.0, 9.0, -11.0, 4.0, 0.0]"
2,1791638469.5977707,"[0.0007679999999936626, 63.545961000000005, 59.85453900000002, 66.44636400000002, 0.17654999999999177, 76.905393, 39.200154, 39.72749999999999, 0.08865900000000693, 63.282287999999994, 59.41508400000001, 66.00690900000001, 30.9384, 93.95624700000002, 79.01477699999998, 64.864326]","[1.0, 2.0, 1.0, 2.0, 1.0, 1.0, 0.0, 0.0, 0.0, 5.0, 1.0, 1.0, 0.0, 1.0, 1.0, 0.0]","[-9.0, 19.0, 13.0, 14.0, 0.0, 12.0, 10.0, 10.0, -14.0, 25.0, 10.0, 10.0, 10.0, -10.0, 0.0, 0.0]"
2,1791638469.8179805,"[0.0007679999999936626, 64.33698000000001, 59.85453900000002, 67.41316499999999, 0.17654999999999177, 76.905393, 39.200154, 39.72749999999999, 0.08865900000000693, 64.33698000000001, 59.41508400000001, 66.97371000000001, 30.9384, 94.04413799999998, 78.92688600000002, 64.864326]","[1.0, 1.0, 1.0, 4.0, 1.0, 0.0, 0.0, 0.0, 0.0, 3.0, 1.0, 2.0, 0.0, 0.0, 0.0, 0.0]","[-9.0, 22.0, 13.0, 13.0, 0.0, 11.0, 10.0, 9.0, -14.0, 23.0, 10.0, 10.0, 11.0, -11.0, 7.0, 0.0]"
2,1791638470.0456784,"[0.0007679999999936626, 65.47956300000001, 59.85453900000002, 68.29207500000001, 0.17654999999999177, 76.905393, 39.200154, 39.72749999999999, 0.08865900000000693, 65.30378100000001, 59.41508400000001, 68.028402, 30.9384, 93.95624700000002, 79.01477699999998, 64.864326]","[1.0, 4.0, 1.0, 2.0, 1.0, 0.0, 0.0, 0.0, 1.0, 1.0, 1.0, 1.0, 0.0, 0.0, 1.0, 0.0]","[-9.0, 20.0, 13.0, 15.0, 0.0, 12.0, 9.0, 9.0, -14.0, 25.0, 9.0, 10.0, 11.0, -11.0, 4.0, 0.0]"
2,1791638470.2677186,"[0.0007679999999936626, 66.79792800000001, 59.85453900000002, 69.346767, 0.17654999999999177, 76.905393, 39.200154, 39.72749999999999, 0.08865900000000693, 65.743236, 59.41508400000001, 68.819421, 30.9384, 93.95624700000002, 78.92688600000002, 64.864326]","[1.0, 4.0, 1.0, 3.0, 1.0, 1.0, 0.0, 0.0, 1.0, 4.0, 1.0, 1.0, 0.0, 0.0, 1.0, 0.0]","[-9.0, 20.0, 13.0, 14.0, 0.0, 12.0, 10.0, 9.0, -14.0, 27.0, 9.0, 11.0, 10.0, -11.0, 9.0, 0.0]"
2,1791638470.4915154,"[0.0007679999999936626, 67.76472900000002, 59.85453900000002, 70.313568, 0.17654999999999177, 76.905393, 39.200154, 39.72749999999999, 0.08865900000000693, 65.743236, 59.41508400000001, 69.96200400000001, 30.9384, 94.04413799999998, 78.92688600000002, 64.864326]","[1.0, 6.0, 1.0, 4.0, 1.0, 1.0, 0.0, 0.0, 0.0, 1.0, 1.0, 4.0, 0.0, 1.0, 1.0, 0.0]","[-9.0, 17.0, 13.0, 13.0, 0.0, 11.0, 10.0, 10.0, -14.0, 34.0, 10.0, 10.0, 10.0, -11.0, 10.0, 0.0]"
2,1791638470.7147126,"[0.0007679999999936626, 68.90731199999999, 59.85453900000002, 71.36825999999999, 0.17654999999999177, 76.905393, 39.200154, 39.72749999999999, 0.08865900000000693, 67.14949200000001, 59.41508400000001, 71.016696, 30.9384, 93.95624700000002, 78.92688600000002, 64.864326]","[1.0, 3.0, 1.0, 2.0, 1.0, 1.0, 0.0, 0.0, 1.0, 1.0, 1.0, 3.0, 0.0, 1.0, 1.0, 0.0]","[-9.0, 20.0, 13.0, 14.0, 0.0, 11.0, 10.0, 9.0, -14.0, 32.0, 10.0, 11.0, 10.0, -11.0, 1.0, 0.0]"
2,1791638470.9401042,"[0.0007679999999936626, 69.698331, 59.85453900000002, 72.335061, 0.17654999999999177, 76.905393, 39.200154, 39.72749999999999, 0.08865900000000693, 67.41316499999999, 59.41508400000001, 72.07138800000001, 30.9384, 93.95624700000002, 78.92688600000002, 64.864326]","[1.0, 3.0, 1.0, 1.0, 1.0, 1.0, 0.0, 0.0, 0.0, 4.0, 1.0, 2.0, 0.0, 0.0, 0.0, 0.0]","[-9.0, 18.0, 13.0, 14.0, 0.0, 12.0, 10.0, 10.0, -14.0, 37.0, 10.0, 10.0, 10.0, -11.0, 8.0, 0.0]"
2,1791638471.4055192,"[0.0007679999999936626, 71.631933, 59.94243, 73.56553500000001, 0.17654999999999177, 76.905393, 39.200154, 39.72749999999999, 0.08865900000000693, 68.46785700000001, 59.41508400000001, 73.03818900000002, 30.9384, 93.95624700000002, 78.92688600000002, 64.864326]","[1.0, 1.0, 1.0, 1.0, 1.0, 1.0, 0.0, 0.0, 0.0, 2.0, 1.0, 2.0, 0.0, 0.0, 1.0, 0.0]","[-9.0, 16.0, 0.0, 14.0, 0.0, 11.0, 9.0, 10.0, -15.0, 36.0, 9.0, 11.0, 9.0, -11.0, 6.0, 0.0]"
2,1791638471.626496,"[0.0007679999999936626, 72.42295200000001, 59.94243, 74.35655400000002, 0.17654999999999177, 76.905393, 39.200154, 39.72749999999999, 0.17654999999999177, 68.46785700000001, 59.41508400000001, 73.829208, 30.9384, 94.04413799999998, 78.92688600000002, 64.864326]","[1.0, 4.0, 0.0, 4.0, 1.0, 1.0, 0.0, 0.0, 1.0, 1.0, 1.0, 1.0, 0.0, 2.0, 1.0, 0.0]","[-9.0, 17.0, 5.0, 14.0, 0.0, 12.0, 11.0, 10.0, -14.0, 45.0, 10.0, 11.0, 10.0, -10.0, 5.0, 0.0]"
2,1791638471.8510063,"[0.0007679999999936626, 73.477644, 59.85453900000002, 75.23546400000001, 0.17654999999999177, 76.905393, 39.200154, 39.72749999999999, 0.17654999999999177, 69.25887600000001, 59.41508400000001, 74.971791, 30.9384, 94.04413799999998, 79.01477699999998, 64.864326]","[1.0, 3.0, 1.0, 4.0, 1.0, 1.0, 0.0, 0.0, 1.0, 1.0, 1.0, 4.0, 0.0, 1.0, 1.0, 0.0]","[-9.0, 17.0, 3.0, 14.0, 0.0, 11.0, 10.0, 11.0, -14.0, 47.0, 9.0, 10.0, 9.0, -11.0, 1.0, 0.0]"
2,1791638472.0775476,"[0.0007679999999936626, 74.53233600000002, 59.94243, 76.29015600000002, 0.17654999999999177, 76.905393, 39.200154, 39.72749999999999, 0.17654999999999177, 69.61044000000001, 59.41508400000001, 75.938592, 30.9384, 93.95624700000002, 78.92688600000002, 64.864326]","[1.0, 2.0, 0.0, 2.0, 1.0, 1.0, 0.0, 0.0, 1.0, 1.0, 1.0, 2.0, 0.0, 1.0, 1.0, 1.0]","[-9.0, 16.0, 2.0, 14.0, 0.0, 12.0, 10.0, 10.0, -15.0, 54.0, 9.0, 10.0, 10.0, -11.0, 6.0, -1.0]"
2,1791638472.3014655,"[0.0007679999999936626, 75.76281, 59.85453900000002, 77.256957, 0.17654999999999177, 76.905393, 39.200154, 39.72749999999999, 0.17654999999999177, 69.61044000000001, 59.41508400000001, 76.905393, 30.9384, 94.04413799999998, 78.92688600000002, 64.864326]","[1.0, 4.0, 0.0, 1.0, 1.0, 1.0, 0.0, 0.0, 1.0, 1.0, 1.0, 1.0, 0.0, 0.0, 0.0, 1.0]","[-9.0, 15.0, 2.0, 15.0, 0.0, 11.0, 10.0, 10.0, -14.0, 66.0, 9.0, 11.0, 9.0, -11.0, 10.0, 0.0]"
2,1791638472.5255072,"[0.0007679999999936626, 76.81750199999999, 59.94243, 78.13586700000002, 0.17654999999999177, 76.905393, 39.200154, 39.72749999999999, 0.17654999999999177, 73.38975300000001, 59.41508400000001, 77.78430300000002, 30.9384, 93.95624700000002, 78.92688600000002, 64.864326]","[1.0, 3.0, 1.0, 1.0, 1.0, 1.0, 0.0, 0.0, 1.0, 22.0, 1.0, 2.0, 0.0, 0.0, 0.0, 0.0]","[-8.0, 15.0, 0.0, 14.0, 0.0, 12.0, 10.0, 9.0, -14.0, 29.0, 10.0, 11.0, 10.0, -11.0, 7.0, 0.0]"
2,1791638472.7494464,"[0.0007679999999936626, 77.87219399999998, 59.94243, 79.27845000000002, 0.17654999999999177, 76.905393, 39.200154, 39.72749999999999, 0.17654999999999177, 74.35655400000002, 59.41508400000001, 78.83899500000001, 30.9384, 94.04413799999998, 78.92688600000002, 64.864326]","[1.0, 3.0, 1.0, 3.0, 1.0, 1.0, 0.0, 0.0, 1.0, 1.0, 1.0, 3.0, 0.0, 0.0, 0.0, 1.0]","[-9.0, 15.0, 0.0, 15.0, 0.0, 11.0, 10.0, 9.0, -14.0, 38.0, 10.0, 12.0, 9.0, -11.0, 6.0, 0.0]"
2,1791638472.9723167,"[0.0007679999999936626, 78.92688600000002, 59.94243, 80.06946900000003, 0.17654999999999177, 76.905393, 39.200154, 39.72749999999999, 0.17654999999999177, 74.35655400000002, 59.41508400000001, 79.71790500000003, 30.9384, 94.04413799999998, 78.92688600000002, 64.864326]","[1.0, 3.0, 1.0, 3.0, 1.0, 1.0, 0.0, 0.0, 1.0, 1.0, 1.0, 2.0, 0.0, 1.0, 1.0, 0.0]","[-9.0, 15.0, 0.0, 14.0, 0.0, 12.0, 10.0, 9.0, -14.0, 47.0, 9.0, 11.0, 10.0, -11.0, 4.0, 0.0]"
2,1791638473.19423,"[0.0007679999999936626, 80.15735999999998, 59.94243, 81.12416100000002, 0.17654999999999177, 76.905393, 39.200154, 39.72749999999999, 0.17654999999999177, 74.444445, 59.41508400000001, 80.684706, 30.9384, 94.04413799999998, 79.01477699999998, 64.864326]","[1.0, 5.0, 1.0, 1.0, 1.0, 1.0, 0.0, 0.0, 1.0, 0.0, 1.0, 1.0, 0.0, 1.0, 1.0, 1.0]","[-9.0, 13.0, 0.0, 14.0, 0.0, 12.0, 10.0, 10.0, -14.0, 57.0, 9.0, 11.0, 10.0, -11.0, 4.0, 0.0]"
2,1791638473.4214337,"[0.0007679999999936626, 81.29994299999998, 59.94243, 82.178853, 0.17654999999999177, 76.905393, 39.200154, 39.72749999999999, 0.17654999999999177, 76.55382900000001, 59.41508400000001, 81.65150699999998, 30.9384, 93.95624700000002, 78.92688600000002, 64.864326]","[1.0, 1.0, 1.0, 3.0, 1.0, 1.0, 0.0, 0.0, 1.0, 5.0, 1.0, 3.0, 1.0, 0.0, 0.0, 0.0]","[-9.0, 14.0, 0.0, 14.0, 0.0, 11.0, 10.0, 10.0, -15.0, 41.0, 10.0, 11.0, 11.0, -11.0, 9.0, 0.0]"
2,1791638473.6454105,"[0.0007679999999936626, 82.35463500000003, 59.94243, 83.23354499999999, 0.17654999999999177, 76.905393, 39.200154, 39.72749999999999, 0.17654999999999177, 77.96008499999999, 59.41508400000001, 82.79408999999998, 30.9384, 93.95624700000002, 79.01477699999998, 64.864326]","[1.0, 2.0, 1.0, 3.0, 1.0, 1.0, 0.0, 0.0, 1.0, 4.0, 1.0, 2.0, 1.0, -1.0, 0.0, 0.0]","[-9.0, 13.0, 0.0, 14.0, 0.0, 12.0, 10.0, 10.0, -14.0, 38.0, 9.0, 11.0, 9.0, -11.0, 2.0, 0.0]"
2,1791638473.8669436,"[0.0007679999999936626, 83.321436, 59.94243, 84.024564, 0.17654999999999177, 76.905393, 39.200154, 39.72749999999999, 0.17654999999999177, 78.047976, 59.50297499999999, 83.84878200000003, 30.9384, 93.95624700000002, 78.92688600000002, 64.864326]","[1.0, 1.0, 1.0, 2.0, 1.0, 1.0, 0.0, 0.0, 1.0, 1.0, 1.0, 2.0, 0.0, 0.0, 1.0, 1.0]","[-9.0, 15.0, 0.0, 15.0, 0.0, 12.0, 10.0, 10.0, -14.0, 51.0, 9.0, 11.0, 10.0, -11.0, 2.0, 0.0]"
2,1791638474.0926049,"[0.0007679999999936626, 84.55191000000002, 59.94243, 85.167147, 0.17654999999999177, 76.905393, 39.200154, 39.72749999999999, 0.17654999999999177, 79.102668, 59.50297499999999, 84.815583, 30.9384, 94.04413799999998, 78.92688600000002, 64.864326]","[1.0, 3.0, 1.0, 1.0, 1.0, 1.0, 0.0, 0.0, 1.0, 1.0, 1.0, 2.0, 1.0, 0.0, 1.0, 0.0]","[-9.0, 13.0, 0.0, 15.0, 0.0, 12.0, 10.0, 9.0, -14.0, 50.0, 10.0, 12.0, 10.0, -11.0, 6.0, 0.0]"
2,1791638474.313543,"[0.0007679999999936626, 85.60660200000001, 59.94243, 86.22183899999999, 0.17654999999999177, 76.905393, 39.200154, 39.72749999999999, 0.17654999999999177, 79.19055900000001, 59.50297499999999, 85.78238399999998, 30.9384, 94.04413799999998, 79.01477699999998, 64.864326]","[1.0, 1.0, 1.0, 3.0, 1.0, 1.0, 0.0, 0.0, 1.0, 1.0, 1.0, 5.0, 1.0, 1.0, 1.0, 0.0]","[-9.0, 12.0, 0.0, 15.0, 0.0, 12.0, 10.0, 9.0, -14.0, 59.0, 9.0, 10.0, 10.0, -11.0, 4.0, 0.0]"
2,1791638474.541309,"[0.0007679999999936626, 86.74918500000001, 59.94243, 87.10074900000001, 0.17654999999999177, 76.905393, 39.200154, 39.72749999999999, 0.17654999999999177, 79.27845000000002, 59.50297499999999, 86.74918500000001, 30.9384, 94.04413799999998, 79.01477699999998, 64.864326]","[1.0, 2.0, 1.0, 1.0, 1.0, 1.0, 0.0, 0.0, 1.0, 2.0, 1.0, 2.0, 0.0, 0.0, 1.0, 0.0]","[-9.0, 12.0, 0.0, 15.0, 0.0, 11.0, 10.0, 10.0, -14.0, 63.0, 9.0, 12.0, 10.0, -11.0, 7.0, 0.0]"
2,1791638474.7653487,"[0.0007679999999936626, 87.62809500000003, 59.94243, 87.97965900000003, 0.17654999999999177, 76.905393, 39.200154, 39.72749999999999, 0.17654999999999177, 81.387834, 59.50297499999999, 87.54020400000002, 30.9384, 93.95624700000002, 79.01477699999998, 64.95221699999999]","[1.0, 3.0, 1.0, 1.0, 1.0, 1.0, 0.0, 0.0, 1.0, 1.0, 1.0, 1.0, 0.0, 1.0, 1.0, 0.0]","[-9.0, 13.0, 0.0, 15.0, 0.0, 12.0, 10.0, 10.0, -14.0, 58.0, 9.0, 12.0, 9.0, -11.0, 7.0, -13.0]"
2,1791638474.9892457,"[0.0007679999999936626, 88.77067799999998, 59.94243, 88.94646, 0.17654999999999177, 76.905393, 39.200154, 39.72749999999999, 0.17654999999999177, 81.387834, 59.50297499999999, 88.594896, 30.9384, 93.95624700000002, 78.92688600000002, 64.95221699999999]","[1.0, 4.0, 1.0, 1.0, 1.0, 1.0, 0.0, 0.0, 1.0, 1.0, 1.0, 2.0, 1.0, 0.0, 0.0, 1.0]","[-9.0, 12.0, 0.0, 16.0, 0.0, 12.0, 10.0, 10.0, -14.0, 70.0, 10.0, 12.0, 10.0, -12.0, 9.0, -13.0]"
2,1791638475.2132607,"[0.0007679999999936626, 90.17693400000002, 59.94243, 89.03435100000002, 0.17654999999999177, 76.99328400000002, 39.200154, 39.72749999999999, 0.17654999999999177, 82.61830800000001, 59.50297499999999, 88.594896, 30.850508999999988, 94.04413799999998, 79.01477699999998, 64.95221699999999]","[1.0, 4.0, 1.0, 1.0, 1.0, 1.0, 0.0, 0.0, 1.0, 2.0, 1.0, 1.0, 0.0, 1.0, 1.0, 1.0]","[-9.0, 11.0, 0.0, 15.0, 0.0, 11.0, 9.0, 9.0, -15.0, 66.0, 9.0, 12.0, 10.0, -11.0, 7.0, -13.0]"
2,1791638475.4373684,"[0.0007679999999936626, 91.14373499999999, 59.94243, 89.03435100000002, 0.17654999999999177, 76.81750199999999, 39.200154, 39.72749999999999, 0.17654999999999177, 90.35271599999999, 59.590866000000005, 88.594896, 30.9384, 94.04413799999998, 79.01477699999998, 64.864326]","[1.0, 3.0, 1.0, 1.0, 1.0, 1.0, 0.0, 0.0, 1.0, 7.0, 1.0, 1.0, 0.0, 0.0, 1.0, 0.0]","[-9.0, 11.0, 0.0, 15.0, 0.0, 12.0, 9.0, 9.0, -14.0, 13.0, 9.0, 12.0, 10.0, -10.0, 1.0, 0.0]"
2,1791638475.6612277,"[0.0007679999999936626, 92.37420900000001, 59.94243, 89.03435100000002, 0.17654999999999177, 76.81750199999999, 39.200154, 39.72749999999999, 0.17654999999999177, 91.40740799999998, 59.590866000000005, 88.594896, 30.9384, 94.04413799999998, 79.01477699999998, 64.864326]","[1.0, 3.0, 1.0, 1.0, 1.0, 1.0, 0.0, 0.0, 1.0, 2.0, 1.0, 1.0, 1.0, 2.0, 1.0, 0.0]","[-9.0, 11.0, 0.0, 15.0, 0.0, 12.0, 9.0, 10.0, -14.0, 13.0, 9.0, 12.0, 10.0, -11.0, 1.0, 0.0]"
2,1791638476.1060557,"[0.0007679999999936626, 93.60468300000002, 59.94243, 89.03435100000002, 0.17654999999999177, 76.81750199999999, 39.200154, 39.72749999999999, 0.17654999999999177, 92.63788199999999, 59.590866000000005, 88.594896, 30.9384, 93.95624700000002, 79.01477699999998, 64.864326]","[1.0, 1.0, 1.0, 1.0, 1.0, 0.0, 0.0, 0.0, 1.0, 0.0, 0.0, 1.0, 1.0, 1.0, 0.0, 0.0]","[-9.0, 11.0, 0.0, 15.0, 0.0, 12.0, 10.0, 9.0, -15.0, 12.0, 9.0, 11.0, 9.0, -11.0, 3.0, 0.0]"
2,1791638476.3311658,"[0.0007679999999936626, 94.571484, 59.94243, 89.03435100000002, 0.17654999999999177, 76.81750199999999, 39.200154, 39.72749999999999, 0.17654999999999177, 93.51679200000001, 59.590866000000005, 88.594896, 30.9384, 93.95624700000002, 78.92688600000002, 64.864326]","[1.0, 2.0, 1.0, 1.0, 1.0, 0.0, 0.0, 0.0, 1.0, 3.0, 1.0, 1.0, 0.0, 1.0, -1.0, 0.0]","[-9.0, 10.0, 0.0, 15.0, 0.0, 11.0, 10.0, 10.0, -14.0, 13.0, 9.0, 12.0, 10.0, -11.0, 9.0, 0.0]"
3,1791638478.3492439,"[0.0007679999999936626, -4.393781999999987, -1.1418150000000082, -0.2629049999999893, 0.0007679999999936626, -5.184800999999993, 0.0007679999999936626, -0.2629049999999893, 0.0007679999999936626, -5.624256000000003, -1.053923999999995, 0.0007679999999936626, -2.372288999999995, 178.41949799999998, 40.07906399999999, 25.66494]","[0.0, 1.0, 0.0, 1.0, 1.0, 1.0, 1.0, 1.0, 1.0, 1.0, 0.0, 0.0, 1.0, 1.0, 0.0, 0.0]","[-9.0, 28.0, 16.0, 14.0, -13.0, 33.0, -10.0, 10.0, -15.0, 38.0, 11.0, -9.0, 16.0, 17.0, -8.0, -15.0]"
3,1791638478.5731401,"[-0.4386869999999874, -4.305891000000003, -0.790251000000012, -0.08712299999999118, 0.0007679999999936626, -4.92112800000001, 0.6160050000000012, -0.08712299999999118, 0.7917869999999994, -5.096910000000008, -0.9660330000000101, 0.26444100000000503, -2.372288999999995, 178.06793399999998, 40.166955, 25.752831000000015]","[0.0, 1.0, 1.0, 1.0, 1.0, 1.0, 1.0, 1.0, 1.0, 3.0, 1.0, 1.0, 1.0, 0.0, 1.0, 1.0]","[-10.0, 43.0, 18.0, 15.0, -11.0, 49.0, 10.0, 12.0, 14.0, 52.0, 14.0, 11.0, 23.0, -13.0, 11.0, 14.0]"
3,1791638478.7944012,"[-1.3175970000000063, -3.339089999999999, -0.08712299999999118, 0.528113999999988, 0.0007679999999936626, -3.7785450000000083, 1.2312420000000088, 0.08865900000000693, 1.407024000000007, -4.481673000000001, -0.6144689999999855, 0.26444100000000503, -2.372288999999995, 177.71636999999998, 40.518519, 26.368067999999994]","[0.0, 1.0, 3.0, 1.0, 0.0, 1.0, 1.0, 1.0, 6.0, 1.0, 1.0, 1.0, 1.0, 0.0, 1.0, 2.0]","[-9.0, 60.0, 18.0, 16.0, -7.0, 57.0, 11.0, 14.0, 15.0, 69.0, 15.0, 13.0, 29.0, -25.0, 13.0, 14.0]"
3,1791638479.0209508,"[-2.372288999999995, -1.053923999999995, 0.8796780000000126, 1.582806000000005, 0.0007679999999936626, -2.372288999999995, 1.9343700000000013, 1.407024000000007, 2.813279999999992, -1.9328339999999855, 0.44022300000000314, 1.0554600000000107, -2.372288999999995, 176.92535099999998, 41.48532, 27.159087]","[-2.0, 5.0, 1.0, 1.0, 0.0, 3.0, 2.0, 3.0, 2.0, 6.0, 4.0, 3.0, 1.0, 0.0, 5.0, 1.0]","[-10.0, 50.0, 19.0, 16.0, -11.0, 67.0, 12.0, 14.0, 13.0, 61.0, 15.0, 14.0, 34.0, -40.0, 12.0, 15.0]"
3,1791638479.2449775,"[-3.339089999999999, 0.3523319999999899, 1.7585880000000031, 2.4617159999999956, 0.0007679999999936626, 0.17654999999999177, 2.6374979999999937, 2.1101519999999994, 2.901171000000005, 0.08865900000000693, 1.4949149999999918, 1.0554600000000107, -2.108616000000012, 173.32182, 42.36422999999999, 28.03799699999999]","[-2.0, 1.0, 2.0, 3.0, 0.0, 6.0, 1.0, 1.0, 1.0, 1.0, 3.0, 1.0, 1.0, -4.0, 2.0, 1.0]","[-9.0, 56.0, 19.0, 16.0, -12.0, 53.0, 13.0, 13.0, 15.0, 62.0, 15.0, 17.0, 39.0, -33.0, 13.0, 15.0]"
3,1791638479.468914,"[-4.217999999999989, 1.4949149999999918, 2.813279999999992, 3.6042989999999975, 0.0007679999999936626, 1.7585880000000031, 3.4285169999999994, 3.164843999999988, 4.746881999999999, 0.528113999999988, 1.846478999999988, 3.076953000000003, -0.4386869999999874, 169.80617999999998, 43.331030999999996, 29.268471000000005]","[-1.0, 11.0, 1.0, 4.0, 1.0, 3.0, 1.0, 1.0, 2.0, 0.0, 1.0, 4.0, 3.0, -6.0, 4.0, 3.0]","[-10.0, 55.0, 19.0, 15.0, -12.0, 57.0, 14.0, 13.0, 13.0, 81.0, 18.0, 13.0, 33.0, -28.0, 13.0, 14.0]"
3,1791638479.692953,"[-5.272692000000006, 4.219536000000005, 3.7800809999999956, 4.483208999999988, 0.0007679999999936626, 3.6921900000000107, 4.395318000000003, 4.30742699999999, 5.713683000000003, 4.30742699999999, 3.076953000000003, 4.043754000000007, 0.6160050000000012, 168.31203299999999, 44.473614, 29.268471000000005]","[-2.0, 3.0, 1.0, 4.0, 1.0, 1.0, 1.0, 1.0, 3.0, 11.0, 4.0, 1.0, 1.0, 0.0, 4.0, 1.0]","[-10.0, 57.0, 20.0, 16.0, -12.0, 66.0, 14.0, 13.0, 13.0, 54.0, 18.0, 13.0, 34.0, -42.0, 13.0, 14.0]"
3,1791638479.9168723,"[-5.800038000000001, 5.537901000000005, 4.834773000000013, 5.537901000000005, 0.0007679999999936626, 6.065246999999999, 5.186337000000009, 5.186337000000009, 6.416810999999996, 5.450009999999992, 4.219536000000005, 4.9226639999999975, 1.6706969999999899, 164.708502, 44.649395999999996, 29.268471000000005]","[0.0, 6.0, 4.0, 2.0, 1.0, 5.0, 5.0, 1.0, 4.0, 9.0, 3.0, 1.0, 1.0, -9.0, 1.0, 0.0]","[-12.0, 60.0, 19.0, 16.0, -12.0, 58.0, 13.0, 13.0, 14.0, 63.0, 17.0, 15.0, 33.0, -35.0, 16.0, 15.0]"
3,1791638480.139357,"[-7.030511999999987, 8.701977, 5.889465000000001, 6.680484000000007, 0.0007679999999936626, 6.153138000000013, 6.328920000000011, 6.2410289999999975, 7.735175999999996, 8.438303999999988, 4.30742699999999, 6.2410289999999975, 2.725389000000007, 161.36864400000002, 46.67088899999999, 29.35636199999999]","[0.0, 7.0, 2.0, 3.0, 1.0, 1.0, 1.0, 3.0, 3.0, 2.0, 1.0, 3.0, 6.0, -7.0, 4.0, 0.0]","[-11.0, 52.0, 19.0, 16.0, -11.0, 84.0, 14.0, 13.0, 13.0, 57.0, 19.0, 13.0, 33.0, -34.0, 13.0, 15.0]"
3,1791638480.3647974,"[-7.997312999999991, 10.108233000000013, 5.889465000000001, 7.647285000000011, 0.0007679999999936626, 10.108233000000013, 7.207830000000001, 7.383611999999999, 7.735175999999996, 9.668778000000003, 6.2410289999999975, 7.207830000000001, 3.5164080000000126, 158.38035000000002, 47.54979900000001, 29.268471000000005]","[0.0, 1.0, 1.0, 4.0, 1.0, 8.0, 1.0, 1.0, 1.0, 1.0, 3.0, 2.0, 6.0, -4.0, 3.0, 1.0]","[-10.0, 60.0, 24.0, 16.0, -12.0, 53.0, 14.0, 14.0, 15.0, 66.0, 16.0, 13.0, 34.0, -36.0, 13.0, 14.0]"
3,1791638480.5885353,"[-9.139895999999993, 12.305508000000003, 7.910957999999994, 8.614086000000015, 0.0007679999999936626, 11.426598000000013, 8.26252199999999, 8.526195000000001, 9.668778000000003, 9.668778000000003, 7.119938999999988, 7.823067000000009, 4.395318000000003, 155.567838, 48.34081800000001, 29.268471000000005]","[0.0, 7.0, 5.0, 2.0, 1.0, 1.0, 3.0, 3.0, 3.0, 1.0, 3.0, 4.0, 1.0, -4.0, 1.0, 0.0]","[-10.0, 53.0, 18.0, 16.0, -12.0, 66.0, 14.0, 12.0, 13.0, 93.0, 16.0, 14.0, 35.0, -39.0, 13.0, 14.0]"
3,1791638480.8128011,"[-10.19458800000001, 13.448091000000005, 8.877758999999998, 9.492996000000005, 0.0007679999999936626, 13.623873000000003, 9.317214000000007, 9.405104999999992, 10.635579000000007, 13.799655000000001, 8.086739999999992, 9.317214000000007, 5.9773560000000145, 152.579544, 49.571292, 29.268471000000005]","[0.0, 3.0, 4.0, 1.0, 0.0, 8.0, 1.0, 1.0, 1.0, 18.0, 3.0, 4.0, 6.0, -5.0, 3.0, 0.0]","[-11.0, 68.0, 20.0, 16.0, -12.0, 59.0, 14.0, 14.0, 14.0, 55.0, 16.0, 13.0, 31.0, -34.0, 13.0, 15.0]"
3,1791638481.036976,"[-10.546152000000006, 15.996929999999992, 9.932451000000015, 10.635579000000007, 0.0007679999999936626, 15.996929999999992, 10.28401500000001, 10.371905999999996, 11.60238000000001, 14.23911000000001, 9.229322999999994, 10.108233000000013, 6.856266000000005, 150.294378, 50.538093, 29.35636199999999]","[-1.0, 7.0, 3.0, 2.0, 1.0, 4.0, 1.0, 3.0, 2.0, 1.0, 2.0, 3.0, 1.0, 0.0, 3.0, 0.0]","[-12.0, 56.0, 19.0, 16.0, -12.0, 56.0, 14.0, 13.0, 14.0, 85.0, 17.0, 14.0, 31.0, -42.0, 13.0, 15.0]"
3,1791638481.2580142,"[-11.952407999999991, 18.018423000000013, 10.89925199999999, 10.723469999999992, 0.0007679999999936626, 17.75475, 11.250816000000015, 11.250816000000015, 12.657072, 14.23911000000001, 9.229322999999994, 11.075033999999988, 8.26252199999999, 147.306084, 51.50489400000001, 29.35636199999999]","[-2.0, 0.0, 3.0, 1.0, 1.0, 7.0, 3.0, 1.0, 2.0, 1.0, 1.0, 2.0, 4.0, -4.0, 1.0, 1.0]","[-10.0, 58.0, 19.0, 18.0, -11.0, 56.0, 13.0, 14.0, 14.0, 114.0, 20.0, 13.0, 30.0, -40.0, 13.0, 15.0]"
3,1791638481.4830024,"[-12.919208999999995, 20.215698000000003, 11.778162000000009, 12.744963000000013, 0.0007679999999936626, 20.039916000000005, 12.21761699999999, 12.393398999999988, 13.623873000000003, 20.12780699999999, 11.162925000000001, 12.129726000000005, 9.141432000000009, 143.878335, 52.559585999999996, 29.35636199999999]","[0.0, 4.0, 2.0, 3.0, 0.0, 3.0, 1.0, 1.0, 1.0, 9.0, 4.0, 3.0, 1.0, -7.0, 3.0, 1.0]","[-11.0, 57.0, 19.0, 16.0, -11.0, 56.0, 14.0, 13.0, 14.0, 59.0, 16.0, 12.0, 32.0, -37.0, 13.0, 15.0]"
3,1791638481.7087395,"[-14.14968300000001, 22.237190999999996, 12.832853999999998, 13.360199999999992, 0.0007679999999936626, 20.918825999999996, 13.272309000000007, 13.53598199999999, 14.678564999999992, 22.14930000000001, 11.690270999999996, 13.096527000000009, 9.141432000000009, 140.890041, 53.526387, 29.268471000000005]","[-1.0, 1.0, 1.0, 3.0, 1.0, 10.0, 3.0, 3.0, 3.0, 9.0, 1.0, 2.0, 1.0, -1.0, 4.0, 0.0]","[-10.0, 58.0, 19.0, 16.0, -11.0, 63.0, 14.0, 12.0, 13.0, 55.0, 19.0, 14.0, 37.0, -41.0, 12.0, 16.0]"
3,1791638481.93268,"[-15.116483999999986, 23.819229000000007, 13.887546000000015, 14.502782999999994, 0.0007679999999936626, 24.522357, 14.327000999999996, 14.414892000000009, 15.645365999999996, 24.346575, 13.096527000000009, 13.975437, 11.426598000000013, 137.63807400000002, 54.58107900000002, 29.35636199999999]","[0.0, 4.0, 1.0, 1.0, 1.0, 5.0, 2.0, 1.0, 1.0, 2.0, 1.0, 1.0, 6.0, -5.0, 3.0, 1.0]","[-11.0, 61.0, 19.0, 16.0, -12.0, 55.0, 13.0, 13.0, 14.0, 57.0, 18.0, 13.0, 29.0, -37.0, 12.0, 15.0]"
3,1791638482.1560736,"[-16.259066999999988, 26.631741000000005, 14.942238000000003, 15.381693000000013, 0.0007679999999936626, 26.016503999999998, 15.381693000000013, 15.821147999999994, 16.787948999999998, 26.28017700000001, 13.975437, 14.942238000000003, 12.041834999999992, 134.29821600000002, 55.635771000000005, 29.35636199999999]","[-2.0, 10.0, 3.0, 5.0, 1.0, 1.0, 1.0, 2.0, 3.0, 13.0, 1.0, 3.0, 3.0, -5.0, 1.0, 1.0]","[-10.0, 46.0, 17.0, 16.0, -12.0, 60.0, 14.0, 12.0, 13.0, 53.0, 17.0, 13.0, 31.0, -33.0, 13.0, 15.0]"
3,1791638482.37947,"[-17.22586799999999, 28.74112500000001, 15.909039000000007, 16.524276000000015, 0.0007679999999936626, 28.565343000000013, 16.524276000000015, 16.787948999999998, 17.666858999999988, 28.653233999999998, 15.118020000000001, 15.996929999999992, 13.272309000000007, 130.95835799999998, 56.690462999999994, 29.35636199999999]","[-2.0, 2.0, 2.0, 3.0, 1.0, 4.0, 2.0, 2.0, 1.0, 1.0, 1.0, 1.0, 3.0, -2.0, 2.0, 1.0]","[-10.0, 51.0, 19.0, 16.0, -12.0, 55.0, 13.0, 11.0, 14.0, 56.0, 17.0, 13.0, 34.0, -30.0, 13.0, 15.0]"
3,1791638482.6046076,"[-18.456342000000006, 31.202073000000013, 17.139512999999994, 17.403186000000005, 0.0007679999999936626, 29.883708000000013, 17.666858999999988, 17.75475, 18.633659999999992, 28.653233999999998, 16.348493999999988, 17.05162200000001, 14.151218999999998, 127.706391, 57.74515500000001, 29.35636199999999]","[-2.0, 5.0, 5.0, 3.0, 1.0, 1.0, 5.0, 3.0, 1.0, 1.0, 4.0, 3.0, 5.0, -3.0, 1.0, 1.0]","[-10.0, 48.0, 17.0, 17.0, -12.0, 55.0, 13.0, 13.0, 14.0, 80.0, 14.0, 13.0, 29.0, -29.0, 12.0, 15.0]"
3,1791638482.828296,"[-19.42314300000001, 32.87200200000001, 18.19420500000001, 18.282095999999996, 0.0007679999999936626, 32.432547, 18.36998700000001, 18.633659999999992, 19.600460999999996, 32.959892999999994, 17.315294999999992, 18.19420500000001, 15.381693000000013, 124.98176999999998, 58.88773800000001, 29.35636199999999]","[-1.0, 4.0, 4.0, 1.0, 1.0, 8.0, 1.0, 1.0, 3.0, 14.0, 1.0, 3.0, 1.0, -3.0, 3.0, 1.0]","[-9.0, 48.0, 17.0, 17.0, -12.0, 54.0, 13.0, 12.0, 14.0, 45.0, 15.0, 12.0, 28.0, -32.0, 12.0, 15.0]"
3,1791638483.0521111,"[-20.477835, 35.245059, 19.161006000000015, 19.424678999999998, 0.0007679999999936626, 34.45403999999999, 19.424678999999998, 19.68835200000001, 20.567262, 33.13567499999999, 18.545769000000007, 19.073115, 15.381693000000013, 122.69660399999998, 59.94243, 29.35636199999999]","[-3.0, 7.0, 1.0, 1.0, 1.0, 1.0, 3.0, 2.0, 1.0, 1.0, 2.0, 2.0, 1.0, 0.0, 2.0, 0.0]","[-9.0, 42.0, 18.0, 16.0, -12.0, 56.0, 13.0, 11.0, 14.0, 70.0, 15.0, 12.0, 28.0, -37.0, 12.0, 14.0]"
3,1791638483.2732117,"[-21.620418, 37.178661000000005, 20.39148, 20.479371000000015, 0.0007679999999936626, 36.82709700000001, 20.215698000000003, 20.655153000000013, 21.885627, 33.83880300000001, 19.424678999999998, 20.215698000000003, 15.381693000000013, 118.82940000000002, 60.909231000000005, 29.35636199999999]","[-1.0, 3.0, 4.0, 1.0, 1.0, 7.0, 1.0, 1.0, 3.0, 12.0, 2.0, 3.0, 1.0, -6.0, 2.0, 1.0]","[-9.0, 46.0, 17.0, 15.0, -11.0, 46.0, 14.0, 13.0, 14.0, 76.0, 16.0, 12.0, 29.0, -29.0, 12.0, 14.0]"
3,1791638483.50064,"[-22.587219000000005, 39.46382700000001, 21.44617199999999, 21.709845, 0.0007679999999936626, 38.936481000000015, 21.00671700000001, 21.709845, 22.500864000000007, 39.46382700000001, 20.655153000000013, 21.270389999999992, 15.381693000000013, 115.48954200000003, 61.963922999999994, 29.35636199999999]","[0.0, 5.0, 3.0, 3.0, 1.0, 6.0, 1.0, 4.0, 1.0, 5.0, 1.0, 3.0, 1.0, -5.0, 3.0, 1.0]","[-9.0, 41.0, 17.0, 16.0, -11.0, 47.0, 15.0, 12.0, 14.0, 41.0, 15.0, 13.0, 28.0, -30.0, 12.0, 14.0]"
3,1791638483.724551,"[-23.81769299999999, 41.39742899999999, 22.500864000000007, 22.588754999999992, 0.0007679999999936626, 41.04586499999999, 21.973518000000013, 22.76453699999999, 23.907119999999992, 41.836884, 21.621953999999988, 22.32508200000001, 15.381693000000013, 112.50124799999998, 62.57916, 29.35636199999999]","[0.0, 1.0, 1.0, 2.0, 1.0, 8.0, 2.0, 2.0, 4.0, 7.0, 4.0, 1.0, 1.0, -3.0, 7.0, 1.0]","[-9.0, 43.0, 18.0, 15.0, -11.0, 44.0, 15.0, 12.0, 13.0, 39.0, 13.0, 13.0, 28.0, -29.0, 12.0, 14.0]"
3,1791638483.9465845,"[-24.69660300000001, 43.770486000000005, 23.379773999999998, 23.291883000000013, 0.0007679999999936626, 43.59470400000001, 22.852428000000003, 23.555555999999996, 24.873920999999996, 43.41892200000001, 22.76453699999999, 22.852428000000003, 15.381693000000013, 109.249281, 64.073307, 29.35636199999999]","[-1.0, 9.0, 1.0, 4.0, 1.0, 4.0, 3.0, 1.0, 1.0, 3.0, 3.0, 1.0, 1.0, -3.0, 3.0, 1.0]","[-9.0, 36.0, 17.0, 16.0, -12.0, 44.0, 16.0, 12.0, 13.0, 45.0, 15.0, 13.0, 29.0, -28.0, 12.0, 15.0]"
3,1791638484.1704972,"[-25.839186000000012, 46.143542999999994, 24.346575, 24.610248000000013, 0.0007679999999936626, 45.87987000000001, 23.64344700000001, 24.78603000000001, 25.840722, 46.407216000000005, 23.64344700000001, 24.258683999999988, 15.381693000000013, 105.82153199999999, 64.95221699999999, 29.35636199999999]","[-2.0, 3.0, 2.0, 2.0, 1.0, 8.0, 1.0, 1.0, 1.0, 5.0, 1.0, 3.0, 1.0, -6.0, 3.0, 1.0]","[-9.0, 44.0, 18.0, 15.0, -11.0, 39.0, 16.0, 12.0, 13.0, 37.0, 14.0, 12.0, 29.0, -23.0, 11.0, 14.0]"
3,1791638484.39362,"[-26.893878, 48.34081800000001, 25.40126699999999, 25.225484999999992, 0.0007679999999936626, 47.901363, 24.96181200000001, 25.752831000000015, 26.983305, 47.901363, 24.78603000000001, 25.577048999999988, 15.381693000000013, 102.481674, 66.09479999999999, 29.35636199999999]","[-2.0, 7.0, 3.0, 7.0, 0.0, 3.0, 5.0, 1.0, 1.0, 3.0, 1.0, 3.0, 0.0, -6.0, 4.0, 1.0]","[-9.0, 34.0, 17.0, 16.0, -12.0, 42.0, 15.0, 12.0, 0.0, 41.0, 14.0, 12.0, 28.0, -19.0, 12.0, 14.0]"
3,1791638484.617883,"[-27.94856999999999, 50.362311000000005, 26.28017700000001, 26.71963199999999, 0.0007679999999936626, 50.098637999999994, 25.840722, 26.895413999999988, 27.950106000000005, 50.889657, 26.016503999999998, 26.455959000000007, 15.55747500000001, 99.05392499999999, 67.14949200000001, 29.35636199999999]","[0.0, 1.0, 1.0, 3.0, 1.0, 6.0, 1.0, 2.0, 1.0, 6.0, 4.0, 2.0, 1.0, -4.0, 2.0, 1.0]","[0.0, 36.0, 18.0, 15.0, -12.0, 40.0, 15.0, 12.0, 0.0, 31.0, 14.0, 12.0, 27.0, -19.0, 11.0, 14.0]"
3,1791638484.8445072,"[-28.82748000000001, 52.735367999999994, 27.334868999999998, 27.59854200000001, 0.0007679999999936626, 52.47169500000001, 27.071196000000015, 27.42276000000001, 29.092689000000007, 52.29591300000001, 26.895413999999988, 27.774324000000007, 15.645365999999996, 95.80195800000001, 68.29207500000001, 29.35636199999999]","[0.0, 8.0, 2.0, 1.0, 0.0, 5.0, 1.0, 1.0, 1.0, 3.0, 1.0, 4.0, 1.0, -2.0, 2.0, 1.0]","[-9.0, 29.0, 17.0, 15.0, -12.0, 34.0, 14.0, 13.0, -13.0, 38.0, 14.0, 12.0, 25.0, -19.0, 11.0, 14.0]"
3,1791638485.0656302,"[-29.794281000000012, 55.28420700000001, 28.30167, 28.829015999999996, 0.08865900000000693, 54.66897, 28.213778999999988, 28.565343000000013, 30.05949000000001, 54.844752, 28.125888000000003, 28.74112500000001, 16.084821000000005, 92.63788199999999, 69.08309400000002, 29.35636199999999]","[-2.0, 3.0, 1.0, 1.0, 0.0, 6.0, 2.0, 1.0, 1.0, 10.0, 4.0, 3.0, 2.0, -4.0, 1.0, 1.0]","[-9.0, 31.0, 17.0, 16.0, -11.0, 33.0, 14.0, 12.0, 0.0, 29.0, 14.0, 12.0, 23.0, -18.0, 12.0, 14.0]"
3,1791638485.292416,"[-30.936863999999986, 57.3057, 29.444253000000003, 29.707926000000015, 0.08865900000000693, 56.77835400000001, 29.444253000000003, 29.795817, 31.026291000000015, 56.42679000000001, 29.180579999999992, 29.795817, 16.260603000000003, 89.91326099999998, 70.313568, 29.35636199999999]","[-1.0, 5.0, 4.0, 1.0, 1.0, 3.0, 4.0, 2.0, 0.0, 1.0, 4.0, 2.0, 1.0, -2.0, 4.0, 1.0]","[0.0, 30.0, 17.0, 15.0, -11.0, 32.0, 14.0, 12.0, 0.0, 38.0, 13.0, 11.0, 26.0, -19.0, 12.0, 15.0]"
3,1791638485.5163908,"[-31.815774000000005, 59.41508400000001, 30.498944999999992, 30.9384, 0.08865900000000693, 59.151410999999996, 30.586836000000005, 30.762618000000003, 32.080983, 57.74515500000001, 30.05949000000001, 30.762618000000003, 16.260603000000003, 86.661294, 71.456151, 29.35636199999999]","[0.0, 3.0, 1.0, 2.0, 0.0, 6.0, 2.0, 1.0, 2.0, 13.0, 3.0, 3.0, 1.0, -4.0, 3.0, 1.0]","[-9.0, 27.0, 17.0, 15.0, -12.0, 28.0, 13.0, 12.0, -10.0, 39.0, 13.0, 13.0, 24.0, -17.0, 11.0, 14.0]"
3,1791638485.7403824,"[-32.87046599999999, 61.436577, 31.55363700000001, 31.817309999999992, 0.0007679999999936626, 61.52446800000001, 31.641527999999994, 31.905201000000005, 33.04778400000001, 61.52446800000001, 31.114182, 31.817309999999992, 16.260603000000003, 83.58510899999999, 72.42295200000001, 29.35636199999999]","[0.0, 7.0, 3.0, 1.0, 0.0, 5.0, 1.0, 1.0, 1.0, 3.0, 2.0, 4.0, 1.0, -4.0, 2.0, 1.0]","[-9.0, 25.0, 17.0, 16.0, -12.0, 26.0, 13.0, 12.0, 0.0, 29.0, 13.0, 10.0, 25.0, -16.0, 11.0, 15.0]"
3,1791638485.9643722,"[-33.92515800000001, 64.073307, 32.69622000000001, 32.959892999999994, 0.0007679999999936626, 63.897525, 32.69622000000001, 32.87200200000001, 34.102475999999996, 63.63385199999999, 32.344656000000015, 32.608329, 16.260603000000003, 82.530417, 73.477644, 29.707926000000015]","[-2.0, 4.0, 3.0, 4.0, 0.0, 7.0, 1.0, 2.0, 1.0, 2.0, 4.0, 2.0, 1.0, -1.0, 3.0, 2.0]","[-9.0, 23.0, 15.0, 14.0, -11.0, 24.0, 12.0, 12.0, -13.0, 28.0, 12.0, 12.0, 24.0, -17.0, 10.0, 15.0]"
3,1791638486.1884365,"[-35.06774100000001, 66.182691, 33.750912, 33.926694, 0.0007679999999936626, 66.182691, 34.01458500000001, 34.01458500000001, 35.069277, 65.919018, 33.399348, 33.663021000000015, 16.260603000000003, 82.530417, 74.53233600000002, 29.707926000000015]","[-2.0, 8.0, 3.0, 2.0, -1.0, 5.0, 4.0, 5.0, 1.0, 3.0, 4.0, 3.0, 1.0, 0.0, 2.0, 1.0]","[0.0, 23.0, 16.0, 14.0, -11.0, 21.0, 12.0, 12.0, 0.0, 26.0, 11.0, 11.0, 25.0, -17.0, 10.0, 14.0]"
3,1791638486.411111,"[-35.770869000000005, 66.44636400000002, 34.717713, 35.069277, 0.08865900000000693, 68.11629300000001, 34.102475999999996, 34.893495, 36.12396899999999, 66.00690900000001, 34.45403999999999, 34.717713, 16.260603000000003, 82.530417, 75.587028, 29.707926000000015]","[0.0, 1.0, 1.0, 3.0, 0.0, 3.0, 1.0, 2.0, 1.0, 1.0, 1.0, 3.0, 1.0, 0.0, 4.0, 1.0]","[-8.0, 22.0, 16.0, 16.0, -11.0, 23.0, 11.0, 12.0, -12.0, 26.0, 12.0, 12.0, 25.0, -18.0, 10.0, 14.0]"
3,1791638486.6324227,"[-36.91345200000001, 66.44636400000002, 35.860296000000005, 35.77240499999999, 0.08865900000000693, 70.48935, 34.102475999999996, 35.94818699999999, 37.00287900000001, 66.00690900000001, 35.33295000000001, 35.245059, 16.260603000000003, 82.530417, 76.55382900000001, 29.707926000000015]","[-1.0, 1.0, 2.0, 5.0, 0.0, 1.0, 1.0, 1.0, 1.0, 1.0, 1.0, 3.0, 1.0, 0.0, 3.0, 1.0]","[-9.0, 21.0, 15.0, 16.0, -12.0, 21.0, 12.0, 11.0, 0.0, 25.0, 12.0, 12.0, 25.0, -18.0, 10.0, 13.0]"
3,1791638486.860266,"[-37.88025300000001, 66.534255, 36.914987999999994, 36.82709700000001, 0.08865900000000693, 71.71982400000002, 34.102475999999996, 37.09076999999999, 38.057570999999996, 66.00690900000001, 36.47553300000001, 36.47553300000001, 16.260603000000003, 82.530417, 77.69641200000001, 29.707926000000015]","[0.0, 1.0, 1.0, 1.0, 1.0, 2.0, 1.0, 4.0, 1.0, 1.0, 3.0, 1.0, 1.0, 0.0, 3.0, 1.0]","[-9.0, 20.0, 16.0, 15.0, -12.0, 19.0, 11.0, 12.0, 0.0, 25.0, 12.0, 11.0, 24.0, -17.0, 10.0, 13.0]"
3,1791638487.0838127,"[-38.759163, 66.534255, 38.057570999999996, 37.881789, 0.08865900000000693, 71.71982400000002, 34.102475999999996, 37.96968000000001, 39.024372, 65.919018, 37.44233399999999, 37.44233399999999, 16.260603000000003, 82.530417, 78.66321299999998, 29.707926000000015]","[0.0, 1.0, 3.0, 4.0, 1.0, 1.0, 1.0, 1.0, 1.0, 1.0, 1.0, 1.0, 1.0, 0.0, 3.0, 1.0]","[-9.0, 20.0, 15.0, 16.0, -12.0, 19.0, 12.0, 11.0, 0.0, 25.0, 12.0, 12.0, 25.0, -17.0, 10.0, 14.0]"
3,1791638487.305642,"[-39.98963699999999, 66.534255, 39.024372, 38.672808, 0.08865900000000693, 71.71982400000002, 34.102475999999996, 39.11226300000001, 39.991173, 65.919018, 38.58491699999999, 38.58491699999999, 16.260603000000003, 82.530417, 79.80579599999999, 29.707926000000015]","[-2.0, 0.0, 2.0, 3.0, 1.0, 1.0, 1.0, 2.0, 1.0, 0.0, 3.0, 2.0, 1.0, 0.0, 4.0, 1.0]","[-9.0, 21.0, 15.0, 16.0, -12.0, 18.0, 11.0, 11.0, 13.0, 26.0, 11.0, 12.0, 25.0, -17.0, 9.0, 14.0]"
3,1791638487.5322206,"[-40.51698300000001, 66.534255, 40.166955, 39.46382700000001, 0.0007679999999936626, 71.71982400000002, 34.102475999999996, 39.991173, 40.95797400000001, 66.00690900000001, 39.46382700000001, 39.63960900000001, 16.260603000000003, 82.530417, 80.684706, 29.707926000000015]","[0.0, 0.0, 3.0, 3.0, 0.0, 1.0, 1.0, 3.0, 1.0, 1.0, 3.0, 3.0, 1.0, 0.0, 1.0, 1.0]","[-10.0, 21.0, 15.0, 16.0, -12.0, 20.0, 11.0, 10.0, 6.0, 26.0, 12.0, 12.0, 25.0, -17.0, 10.0, 14.0]"
3,1791638487.756253,"[-42.01113000000001, 66.62214600000001, 41.133756000000005, 40.694300999999996, 0.08865900000000693, 71.71982400000002, 34.102475999999996, 40.870082999999994, 41.661102, 66.00690900000001, 40.43062800000001, 40.78219200000001, 16.260603000000003, 82.530417, 81.56361600000002, 29.707926000000015]","[-2.0, 0.0, 2.0, 1.0, 0.0, 1.0, 1.0, 1.0, 1.0, 1.0, 3.0, 5.0, 1.0, 0.0, 1.0, 1.0]","[0.0, 21.0, 15.0, 16.0, -12.0, 21.0, 11.0, 12.0, 13.0, 26.0, 12.0, 11.0, 24.0, -17.0, 10.0, 14.0]"
3,1791638487.9768589,"[-42.97793100000001, 66.62214600000001, 42.27633900000001, 41.661102, 0.08865900000000693, 71.71982400000002, 34.102475999999996, 42.012665999999996, 43.06735800000001, 66.00690900000001, 41.661102, 41.661102, 16.260603000000003, 82.530417, 82.70619900000003, 29.707926000000015]","[0.0, 1.0, 2.0, 3.0, 1.0, 1.0, 1.0, 1.0, 1.0, 1.0, 2.0, 2.0, 1.0, 0.0, 2.0, 1.0]","[-8.0, 21.0, 14.0, 15.0, -13.0, 20.0, 12.0, 11.0, 0.0, 26.0, 11.0, 12.0, 24.0, -17.0, 10.0, 13.0]"
3,1791638488.2030149,"[-44.032623, 66.534255, 43.24314000000001, 42.803685, 0.08865900000000693, 71.71982400000002, 34.102475999999996, 42.979467, 44.03415899999999, 66.00690900000001, 42.627903, 42.803685, 16.260603000000003, 82.530417, 83.58510899999999, 29.707926000000015]","[0.0, 0.0, 2.0, 4.0, 0.0, 0.0, 1.0, 1.0, 2.0, 0.0, 3.0, 4.0, 1.0, 0.0, 3.0, 1.0]","[0.0, 20.0, 16.0, 16.0, -11.0, 21.0, 12.0, 12.0, 0.0, 26.0, 11.0, 11.0, 24.0, -17.0, 10.0, 14.0]"
3,1791638488.4281394,"[-45.08731499999999, 66.62214600000001, 44.297832, 43.506812999999994, 0.0007679999999936626, 71.71982400000002, 34.102475999999996, 44.03415899999999, 45.00095999999999, 66.00690900000001, 43.68259499999999, 43.770486000000005, 16.260603000000003, 82.530417, 84.28823699999998, 29.707926000000015]","[0.0, 1.0, 2.0, 1.0, 0.0, 1.0, 1.0, 2.0, 0.0, 0.0, 3.0, 1.0, 0.0, 1.0, 1.0, 1.0]","[0.0, 21.0, 15.0, 16.0, -12.0, 21.0, 11.0, 12.0, -13.0, 26.0, 11.0, 12.0, 23.0, -17.0, 11.0, 14.0]"
3,1791638488.6491067,"[-46.05411599999999, 66.62214600000001, 45.088851000000005, 44.91306900000001, 0.0007679999999936626, 71.71982400000002, 34.102475999999996, 45.00095999999999, 46.05565200000001, 66.00690900000001, 44.73728700000001, 44.825177999999994, 16.260603000000003, 82.530417, 84.28823699999998, 29.707926000000015]","[0.0, 1.0, 1.0, 4.0, 0.0, 0.0, 1.0, 3.0, 1.0, 0.0, 4.0, 1.0, 1.0, 1.0, 0.0, 1.0]","[0.0, 20.0, 15.0, 16.0, -12.0, 21.0, 11.0, 11.0, -12.0, 25.0, 11.0, 12.0, 23.0, -17.0, 13.0, 14.0]"
3,1791638488.876145,"[-47.020917, 66.62214600000001, 46.23143400000001, 45.791979, 0.08865900000000693, 71.71982400000002, 34.102475999999996, 45.87987000000001, 46.934562, 66.00690900000001, 45.616197, 45.87987000000001, 16.260603000000003, 82.530417, 84.63980099999998, 29.707926000000015]","[-1.0, 1.0, 1.0, 1.0, 0.0, 0.0, 1.0, 1.0, 0.0, 0.0, 3.0, 2.0, 0.0, 1.0, 1.0, 1.0]","[0.0, 20.0, 14.0, 15.0, -12.0, 21.0, 11.0, 11.0, 0.0, 26.0, 11.0, 12.0, 24.0, -17.0, 17.0, 13.0]"
3,1791638489.1001573,"[-47.636154000000005, 66.62214600000001, 47.19823500000001, 47.19823500000001, 0.08865900000000693, 71.71982400000002, 34.102475999999996, 47.02245300000001, 48.077145, 66.00690900000001, 46.75878, 47.110344, 16.260603000000003, 82.44252599999999, 84.90347400000002, 29.707926000000015]","[-1.0, 1.0, 2.0, 3.0, 1.0, 1.0, 1.0, 3.0, 1.0, 1.0, 3.0, 2.0, 0.0, -1.0, 2.0, 1.0]","[-9.0, 20.0, 15.0, 14.0, -12.0, 21.0, 12.0, 11.0, -13.0, 25.0, 11.0, 11.0, 24.0, -17.0, 18.0, 14.0]"
3,1791638489.3240051,"[-48.954519000000005, 66.62214600000001, 48.077145, 48.165036000000015, 0.08865900000000693, 71.71982400000002, 34.102475999999996, 47.901363, 49.043946000000005, 66.00690900000001, 47.725581000000005, 47.901363, 16.260603000000003, 82.44252599999999, 84.90347400000002, 29.707926000000015]","[-2.0, 1.0, 1.0, 2.0, 1.0, 1.0, 1.0, 1.0, 1.0, 1.0, 2.0, 2.0, 0.0, 0.0, 1.0, 1.0]","[-8.0, 20.0, 15.0, 14.0, -11.0, 20.0, 11.0, 11.0, -13.0, 26.0, 11.0, 11.0, 23.0, -16.0, 25.0, 14.0]"
3,1791638489.5480244,"[-49.833428999999995, 66.62214600000001, 49.219728, 49.219728, 0.08865900000000693, 71.71982400000002, 34.102475999999996, 48.86816400000001, 49.922855999999996, 66.00690900000001, 48.51660000000001, 48.95605499999999, 16.17271199999999, 82.44252599999999, 85.34292900000003, 29.620035]","[0.0, 1.0, 4.0, 3.0, 1.0, 1.0, 1.0, 0.0, 0.0, 1.0, 1.0, 1.0, 0.0, 0.0, 0.0, 0.0]","[-9.0, 21.0, 14.0, 14.0, -12.0, 21.0, 11.0, 12.0, 0.0, 26.0, 11.0, 10.0, 24.0, -17.0, 30.0, 14.0]"
3,1791638489.769044,"[-50.712338999999986, 66.62214600000001, 50.098637999999994, 50.45020199999999, 0.08865900000000693, 71.71982400000002, 34.102475999999996, 50.01074700000001, 51.15333000000001, 66.00690900000001, 49.65918300000001, 50.01074700000001, 16.17271199999999, 82.44252599999999, 85.34292900000003, 29.620035]","[0.0, 1.0, 3.0, 3.0, 1.0, 1.0, 1.0, 3.0, 1.0, 1.0, 4.0, 2.0, 0.0, 1.0, 1.0, 0.0]","[-9.0, 22.0, 15.0, 15.0, -12.0, 20.0, 12.0, 12.0, -14.0, 26.0, 11.0, 10.0, 24.0, -17.0, 38.0, 13.0]"
3,1791638489.993535,"[-51.67913999999999, 66.62214600000001, 50.97754800000001, 51.417002999999994, 0.08865900000000693, 71.71982400000002, 34.102475999999996, 50.801766000000015, 52.03224, 66.00690900000001, 50.62598400000002, 50.889657, 16.17271199999999, 82.44252599999999, 85.25503800000001, 29.620035]","[0.0, 1.0, 1.0, 3.0, 1.0, 1.0, 1.0, 2.0, 1.0, 1.0, 1.0, 1.0, 0.0, 0.0, 0.0, 0.0]","[-9.0, 22.0, 15.0, 13.0, -12.0, 21.0, 11.0, 11.0, 0.0, 26.0, 11.0, 10.0, 10.0, 12.0, 11.0, 13.0]"
3,1791638490.2176266,"[-52.73383199999999, 66.62214600000001, 52.03224, 52.383804, 0.08865900000000693, 71.71982400000002, 34.102475999999996, 52.03224, 53.08693199999999, 66.00690900000001, 51.76856699999999, 51.856458, 16.17271199999999, 82.44252599999999, 85.25503800000001, 29.620035]","[-2.0, 1.0, 1.0, 0.0, 1.0, 1.0, 1.0, 3.0, 1.0, 1.0, 1.0, 2.0, 0.0, 1.0, 0.0, 0.0]","[-9.0, 21.0, 15.0, 15.0, -12.0, 21.0, 12.0, 11.0, 0.0, 25.0, 11.0, 11.0, 10.0, 5.0, 9.0, 13.0]"
3,1791638490.4439363,"[-53.788523999999995, 66.62214600000001, 53.08693199999999, 53.438496000000015, 0.08865900000000693, 71.807715, 34.102475999999996, 52.999041000000005, 54.053732999999994, 66.00690900000001, 52.64747700000001, 52.999041000000005, 16.17271199999999, 82.44252599999999, 85.25503800000001, 29.620035]","[-3.0, 1.0, 2.0, 4.0, 1.0, 1.0, 1.0, 1.0, 1.0, 1.0, 3.0, 3.0, 0.0, 0.0, 0.0, 0.0]","[-9.0, 21.0, 15.0, 14.0, -12.0, 22.0, 12.0, 12.0, 0.0, 25.0, 11.0, 11.0, 10.0, 6.0, 10.0, 13.0]"
3,1791638490.6679263,"[-54.491652, 66.62214600000001, 54.053732999999994, 54.317406000000005, 0.08865900000000693, 71.71982400000002, 34.102475999999996, 54.14162400000001, 55.10842500000001, 66.00690900000001, 53.526387, 53.79006000000001, 16.17271199999999, 82.44252599999999, 85.25503800000001, 29.620035]","[0.0, 1.0, 3.0, 3.0, 1.0, -1.0, 1.0, 3.0, 1.0, 1.0, 1.0, 1.0, 0.0, 1.0, 0.0, 1.0]","[-10.0, 21.0, 14.0, 15.0, -11.0, 21.0, 11.0, 11.0, -14.0, 25.0, 11.0, 11.0, 10.0, 5.0, 10.0, 14.0]"
3,1791638490.891925,"[-55.37056199999999, 66.62214600000001, 55.196315999999996, 55.372097999999994, 0.08865900000000693, 71.807715, 34.102475999999996, 54.93264300000001, 56.163117, 66.00690900000001, 54.756861000000015, 54.93264300000001, 16.17271199999999, 82.44252599999999, 85.25503800000001, 29.620035]","[1.0, 1.0, 3.0, 3.0, 1.0, 0.0, 1.0, 1.0, 1.0, 1.0, 3.0, 3.0, 0.0, 0.0, 0.0, 1.0]","[-10.0, 21.0, 16.0, 14.0, -12.0, 22.0, 11.0, 12.0, -14.0, 26.0, 11.0, 12.0, 10.0, 4.0, 10.0, 13.0]"
3,1791638491.1159081,"[-56.425253999999995, 66.62214600000001, 56.075226000000015, 56.338899, 0.08865900000000693, 71.71982400000002, 34.102475999999996, 55.72366199999999, 56.954136000000005, 66.00690900000001, 55.54787999999999, 55.89944400000002, 16.17271199999999, 82.44252599999999, 85.25503800000001, 29.620035]","[0.0, 1.0, 2.0, 2.0, 0.0, 0.0, 1.0, 1.0, 1.0, 1.0, 2.0, 2.0, 0.0, 0.0, 0.0, 1.0]","[-10.0, 21.0, 15.0, 14.0, -12.0, 21.0, 11.0, 12.0, 0.0, 26.0, 11.0, 10.0, 9.0, 10.0, 10.0, 13.0]"
3,1791638491.339662,"[-57.040491, 66.62214600000001, 57.04202699999999, 57.129918, 0.0007679999999936626, 71.71982400000002, 34.102475999999996, 56.954136000000005, 57.92093700000001, 66.00690900000001, 56.42679000000001, 56.86624499999999, 16.17271199999999, 82.530417, 85.25503800000001, 29.620035]","[-1.0, 1.0, 1.0, 1.0, 0.0, 0.0, 1.0, 1.0, 1.0, 1.0, 1.0, 2.0, 0.0, 1.0, 0.0, 1.0]","[-10.0, 20.0, 15.0, 15.0, -13.0, 21.0, 12.0, 12.0, 0.0, 26.0, 11.0, 11.0, 10.0, 4.0, 9.0, 13.0]"
3,1791638491.5639565,"[-58.622529, 66.710037, 58.09671900000001, 58.008827999999994, 0.08865900000000693, 71.71982400000002, 34.102475999999996, 57.92093700000001, 58.975629, 66.00690900000001, 57.56937300000001, 57.92093700000001, 16.17271199999999, 82.530417, 85.25503800000001, 29.620035]","[-3.0, 1.0, 1.0, 1.0, 1.0, 0.0, 1.0, 1.0, 1.0, 1.0, 1.0, 4.0, 0.0, 1.0, 0.0, 1.0]","[-9.0, 19.0, 15.0, 15.0, -12.0, 21.0, 11.0, 11.0, 0.0, 26.0, 11.0, 10.0, 10.0, 2.0, 9.0, 12.0]"
3,1791638491.7852602,"[-59.149874999999994, 66.710037, 59.327192999999994, 59.151410999999996, 0.08865900000000693, 71.807715, 34.102475999999996, 59.06352000000001, 59.94243, 66.00690900000001, 58.53617400000002, 58.799847, 16.17271199999999, 82.530417, 85.25503800000001, 29.620035]","[0.0, 1.0, 1.0, 3.0, 1.0, 1.0, 1.0, 1.0, 1.0, 1.0, 3.0, 2.0, 0.0, 0.0, 0.0, 1.0]","[-11.0, 20.0, 15.0, 16.0, -12.0, 21.0, 12.0, 12.0, 0.0, 25.0, 12.0, 11.0, 9.0, 8.0, 9.0, 13.0]"
3,1791638492.0118477,"[-60.380348999999995, 67.061601, 60.469775999999996, 59.23930200000001, 0.0007679999999936626, 71.71982400000002, 34.102475999999996, 60.030321000000015, 60.99712199999999, 66.00690900000001, 59.766648, 58.88773800000001, 16.17271199999999, 82.44252599999999, 85.25503800000001, 29.620035]","[-2.0, 1.0, 3.0, 1.0, 0.0, 1.0, 1.0, 2.0, 1.0, 1.0, 4.0, 1.0, 0.0, 1.0, 0.0, 1.0]","[-11.0, 19.0, 14.0, 15.0, -11.0, 22.0, 11.0, 11.0, 0.0, 26.0, 11.0, 11.0, 10.0, 10.0, 10.0, 12.0]"
3,1791638492.2358072,"[-61.610822999999996, 67.32527400000001, 61.436577, 59.23930200000001, 0.08865900000000693, 71.71982400000002, 34.102475999999996, 61.085013000000004, 61.963922999999994, 66.00690900000001, 60.909231000000005, 58.88773800000001, 16.17271199999999, 82.530417, 85.25503800000001, 29.620035]","[0.0, 0.0, 2.0, 1.0, 0.0, 1.0, 1.0, 4.0, 2.0, 1.0, 4.0, 0.0, 0.0, 0.0, 0.0, 1.0]","[-9.0, 18.0, 14.0, 15.0, -12.0, 21.0, 12.0, 11.0, 0.0, 25.0, 11.0, 11.0, 10.0, 9.0, 9.0, 13.0]"
3,1791638492.4557726,"[-62.489733, 67.32527400000001, 62.49126900000002, 59.23930200000001, 0.08865900000000693, 71.71982400000002, 34.102475999999996, 61.87603200000001, 62.84283300000001, 66.00690900000001, 61.87603200000001, 58.88773800000001, 16.17271199999999, 82.530417, 85.25503800000001, 29.620035]","[0.0, 1.0, 2.0, 1.0, 1.0, 0.0, 1.0, 1.0, 2.0, 1.0, 1.0, 1.0, 0.0, 1.0, 0.0, 1.0]","[-10.0, 18.0, 14.0, 15.0, -12.0, 22.0, 12.0, 10.0, 8.0, 26.0, 11.0, 11.0, 10.0, 10.0, 10.0, 13.0]"
3,1791638492.680464,"[-63.720207, 67.32527400000001, 63.45806999999999, 59.23930200000001, 0.08865900000000693, 71.71982400000002, 34.102475999999996, 62.754942, 63.985416000000015, 66.00690900000001, 63.01861500000001, 58.88773800000001, 16.17271199999999, 82.530417, 85.25503800000001, 29.620035]","[-2.0, 1.0, 2.0, 1.0, 1.0, 0.0, 1.0, 1.0, 1.0, 1.0, 3.0, 1.0, 0.0, 0.0, 0.0, 1.0]","[-9.0, 18.0, 14.0, 15.0, -12.0, 23.0, 12.0, 12.0, 0.0, 26.0, 11.0, 11.0, 10.0, 4.0, 10.0, 13.0]"
3,1791638492.907748,"[-64.68700799999999, 67.32527400000001, 64.51276200000001, 59.23930200000001, 0.08865900000000693, 71.71982400000002, 34.102475999999996, 63.63385199999999, 64.95221699999999, 66.00690900000001, 63.897525, 58.88773800000001, 16.17271199999999, 82.530417, 85.25503800000001, 29.620035]","[-1.0, 1.0, 3.0, 1.0, 1.0, 0.0, 1.0, 2.0, 1.0, 1.0, 2.0, 1.0, 0.0, 1.0, 0.0, 1.0]","[-9.0, 17.0, 13.0, 15.0, -11.0, 21.0, 11.0, 12.0, 0.0, 26.0, 11.0, 11.0, 11.0, 0.0, 9.0, 13.0]"
3,1791638493.1316817,"[-65.390136, 67.32527400000001, 65.391672, 59.23930200000001, 0.08865900000000693, 71.71982400000002, 34.102475999999996, 64.33698000000001, 65.919018, 66.00690900000001, 64.77643499999999, 58.88773800000001, 16.17271199999999, 82.44252599999999, 85.25503800000001, 29.620035]","[0.0, 1.0, 1.0, 1.0, 1.0, 0.0, 1.0, 4.0, 1.0, 1.0, 1.0, 0.0, 0.0, 0.0, 0.0, 1.0]","[-9.0, 17.0, 15.0, 13.0, -12.0, 22.0, 12.0, 13.0, 0.0, 26.0, 11.0, 10.0, 11.0, 11.0, 10.0, 13.0]"
3,1791638493.3556843,"[-66.444828, 67.32527400000001, 66.534255, 59.23930200000001, 0.08865900000000693, 71.71982400000002, 34.102475999999996, 65.30378100000001, 66.97371000000001, 66.00690900000001, 65.919018, 58.88773800000001, 16.17271199999999, 82.530417, 85.25503800000001, 29.620035]","[0.0, 1.0, 3.0, 1.0, 1.0, 0.0, 1.0, 1.0, 1.0, 1.0, 3.0, 1.0, 0.0, 1.0, 0.0, 1.0]","[-9.0, 18.0, 14.0, 15.0, -12.0, 22.0, 12.0, 12.0, 0.0, 26.0, 11.0, 10.0, 10.0, 3.0, 10.0, 13.0]"
3,1791638493.5796995,"[-67.49952, 67.32527400000001, 67.41316499999999, 59.23930200000001, 0.08865900000000693, 71.71982400000002, 34.01458500000001, 66.182691, 67.94051100000001, 66.00690900000001, 66.710037, 58.88773800000001, 16.17271199999999, 82.530417, 85.25503800000001, 29.620035]","[0.0, 1.0, 1.0, 1.0, 1.0, 0.0, 0.0, 1.0, 3.0, 1.0, 2.0, 0.0, 0.0, 0.0, 0.0, 1.0]","[-9.0, 18.0, 14.0, 15.0, -12.0, 22.0, 12.0, 14.0, 0.0, 25.0, 12.0, 11.0, 10.0, 7.0, 10.0, 13.0]"
3,1791638493.8037086,"[-68.37843, 67.32527400000001, 68.555748, 59.23930200000001, 0.08865900000000693, 71.71982400000002, 34.01458500000001, 66.97371000000001, 68.90731199999999, 66.00690900000001, 67.501056, 58.88773800000001, 16.17271199999999, 82.44252599999999, 85.25503800000001, 29.620035]","[0.0, 1.0, 3.0, 1.0, 0.0, 0.0, 1.0, 3.0, 1.0, 1.0, 3.0, 1.0, 0.0, 0.0, 0.0, 1.0]","[-10.0, 18.0, 15.0, 14.0, -12.0, 22.0, 12.0, 14.0, 13.0, 26.0, 12.0, 11.0, 10.0, 9.0, 10.0, 13.0]"
3,1791638494.0267687,"[-69.433122, 67.32527400000001, 69.522549, 59.23930200000001, 0.08865900000000693, 71.631933, 34.01458500000001, 68.11629300000001, 69.874113, 66.00690900000001, 68.29207500000001, 58.88773800000001, 16.17271199999999, 82.530417, 85.25503800000001, 29.620035]","[-3.0, 1.0, 3.0, 1.0, 0.0, 0.0, 1.0, 3.0, 1.0, 1.0, 1.0, 1.0, 0.0, 1.0, 0.0, 1.0]","[-10.0, 18.0, 14.0, 14.0, -12.0, 22.0, 12.0, 14.0, 13.0, 25.0, 12.0, 12.0, 9.0, 2.0, 10.0, 13.0]"
3,1791638494.2516515,"[-69.433122, 67.32527400000001, 70.313568, 59.23930200000001, 0.08865900000000693, 71.631933, 34.01458500000001, 68.995203, 69.96200400000001, 66.00690900000001, 69.43465800000001, 58.88773800000001, 16.17271199999999, 82.530417, 85.25503800000001, 29.620035]","[0.0, 1.0, 1.0, 1.0, 0.0, 0.0, 0.0, 1.0, 1.0, 1.0, 4.0, 1.0, 1.0, 2.0, 0.0, 1.0]","[-10.0, 18.0, 15.0, 14.0, -12.0, 23.0, 12.0, 15.0, 0.0, 26.0, 11.0, 12.0, 10.0, 0.0, 10.0, 13.0]"
3,1791638494.475614,"[-69.433122, 67.32527400000001, 71.28036900000001, 59.23930200000001, 0.08865900000000693, 71.631933, 34.01458500000001, 70.22567699999999, 69.96200400000001, 66.00690900000001, 70.40145900000002, 58.88773800000001, 16.17271199999999, 82.530417, 85.25503800000001, 29.620035]","[0.0, 1.0, 2.0, 1.0, 0.0, 0.0, 0.0, 3.0, 1.0, 1.0, 1.0, 0.0, 0.0, 1.0, 0.0, 1.0]","[-9.0, 18.0, 15.0, 15.0, -12.0, 22.0, 11.0, 14.0, 0.0, 26.0, 12.0, 11.0, 11.0, 0.0, 10.0, 13.0]"
3,1791638494.6996078,"[-69.433122, 67.32527400000001, 72.07138800000001, 59.23930200000001, 0.08865900000000693, 71.631933, 34.01458500000001, 71.36825999999999, 69.96200400000001, 66.00690900000001, 71.36825999999999, 58.88773800000001, 16.084821000000005, 82.530417, 85.25503800000001, 29.620035]","[0.0, 1.0, 1.0, 1.0, 0.0, 0.0, 0.0, 2.0, 1.0, 1.0, 3.0, 1.0, 1.0, 1.0, 0.0, 1.0]","[-9.0, 18.0, 15.0, 14.0, -12.0, 23.0, 12.0, 12.0, 0.0, 26.0, 11.0, 12.0, 10.0, 0.0, 10.0, 13.0]"
3,1791638494.9236634,"[-69.433122, 67.32527400000001, 73.12608, 59.23930200000001, 0.08865900000000693, 71.631933, 34.01458500000001, 72.42295200000001, 69.96200400000001, 66.00690900000001, 72.42295200000001, 58.88773800000001, 16.17271199999999, 82.530417, 85.25503800000001, 29.620035]","[0.0, 1.0, 2.0, 1.0, 0.0, 0.0, 1.0, 4.0, 1.0, 1.0, 3.0, 0.0, 1.0, 1.0, 0.0, 1.0]","[-9.0, 18.0, 15.0, 14.0, -12.0, 22.0, 11.0, 13.0, 0.0, 26.0, 12.0, 11.0, 10.0, 0.0, 10.0, 13.0]"
3,1791638495.1462946,"[-69.433122, 67.32527400000001, 74.00498999999999, 59.23930200000001, 0.08865900000000693, 71.631933, 34.01458500000001, 73.38975300000001, 69.96200400000001, 66.00690900000001, 73.301862, 58.88773800000001, 16.084821000000005, 82.530417, 85.25503800000001, 29.620035]","[0.0, 1.0, 1.0, 1.0, 0.0, 0.0, 0.0, 2.0, 1.0, 1.0, 3.0, 1.0, 0.0, 1.0, 0.0, 1.0]","[-10.0, 18.0, 16.0, 14.0, -12.0, 21.0, 12.0, 13.0, 0.0, 26.0, 13.0, 10.0, 10.0, 0.0, 10.0, 12.0]"
3,1791638495.3715518,"[-69.433122, 67.32527400000001, 74.88390000000001, 59.23930200000001, 0.08865900000000693, 71.631933, 34.01458500000001, 73.38975300000001, 69.96200400000001, 66.00690900000001, 74.18077199999999, 58.88773800000001, 16.084821000000005, 82.530417, 85.25503800000001, 29.620035]","[0.0, 1.0, 1.0, 1.0, 0.0, 0.0, 1.0, 1.0, 1.0, 1.0, 3.0, 1.0, 1.0, 1.0, 0.0, 1.0]","[-9.0, 18.0, 16.0, 15.0, -11.0, 22.0, 12.0, 13.0, 0.0, 25.0, 14.0, 11.0, 10.0, 0.0, 10.0, 13.0]"
3,1791638495.5943213,"[-69.433122, 67.32527400000001, 75.938592, 59.23930200000001, 0.08865900000000693, 71.631933, 34.01458500000001, 73.38975300000001, 69.96200400000001, 66.00690900000001, 75.05968200000001, 58.88773800000001, 16.17271199999999, 82.530417, 85.25503800000001, 29.620035]","[0.0, 1.0, 1.0, 1.0, 0.0, 0.0, 0.0, 1.0, 1.0, 1.0, 1.0, 1.0, 1.0, 1.0, 0.0, 1.0]","[-10.0, 18.0, 15.0, 15.0, -12.0, 22.0, 12.0, 12.0, 0.0, 26.0, 13.0, 11.0, 11.0, 0.0, 10.0, 13.0]"
3,1791638495.8195543,"[-69.433122, 67.32527400000001, 76.905393, 59.23930200000001, 0.08865900000000693, 71.631933, 34.01458500000001, 73.38975300000001, 69.96200400000001, 66.00690900000001, 75.85070100000002, 58.88773800000001, 16.17271199999999, 82.530417, 85.25503800000001, 29.620035]","[0.0, 1.0, 2.0, 1.0, 0.0, 0.0, 0.0, 1.0, 1.0, 1.0, 1.0, 0.0, 1.0, 1.0, 0.0, 1.0]","[-9.0, 18.0, 16.0, 14.0, -12.0, 21.0, 11.0, 12.0, 0.0, 25.0, 15.0, 11.0, 11.0, 0.0, 10.0, 13.0]"
3,1791638496.0434773,"[-69.433122, 67.32527400000001, 77.78430300000002, 59.23930200000001, 0.08865900000000693, 71.631933, 34.01458500000001, 73.38975300000001, 69.96200400000001, 66.00690900000001, 76.55382900000001, 58.88773800000001, 16.17271199999999, 82.530417, 85.25503800000001, 29.620035]","[0.0, 1.0, 1.0, 1.0, 0.0, 0.0, 1.0, 0.0, 1.0, 1.0, 4.0, 0.0, 0.0, 1.0, 0.0, 1.0]","[-10.0, 18.0, 16.0, 15.0, -11.0, 21.0, 12.0, 13.0, 0.0, 25.0, 14.0, 11.0, 10.0, 0.0, 10.0, 12.0]"
3,1791638496.2650518,"[-69.433122, 67.32527400000001, 78.751104, 59.23930200000001, 0.08865900000000693, 71.631933, 34.01458500000001, 73.38975300000001, 69.96200400000001, 66.00690900000001, 77.608521, 58.88773800000001, 16.084821000000005, 82.530417, 85.25503800000001, 29.620035]","[0.0, 1.0, 2.0, 1.0, 0.0, 0.0, 1.0, 1.0, 1.0, 1.0, 1.0, 1.0, 0.0, 1.0, 0.0, 1.0]","[-10.0, 17.0, 16.0, 14.0, -12.0, 22.0, 11.0, 13.0, 0.0, 25.0, 14.0, 11.0, 10.0, 0.0, 11.0, 14.0]"
3,1791638496.4914322,"[-69.433122, 67.32527400000001, 79.63001400000002, 59.23930200000001, 0.08865900000000693, 71.631933, 34.01458500000001, 73.38975300000001, 69.96200400000001, 66.00690900000001, 78.66321299999998, 58.88773800000001, 16.084821000000005, 82.530417, 85.25503800000001, 29.620035]","[0.0, 1.0, 3.0, 1.0, 0.0, 0.0, 1.0, 1.0, 1.0, 1.0, 2.0, 0.0, 1.0, 1.0, 0.0, 1.0]","[-10.0, 17.0, 16.0, 15.0, -11.0, 22.0, 12.0, 12.0, 0.0, 26.0, 14.0, 11.0, 9.0, 0.0, 11.0, 13.0]"
3,1791638496.715434,"[-69.433122, 67.76472900000002, 80.50892399999998, 59.23930200000001, 0.08865900000000693, 71.631933, 34.01458500000001, 73.38975300000001, 69.96200400000001, 66.00690900000001, 79.542123, 58.88773800000001, 16.17271199999999, 82.530417, 85.25503800000001, 29.620035]","[0.0, 3.0, 3.0, 1.0, 0.0, 0.0, 0.0, 1.0, 1.0, 1.0, 1.0, 1.0, 1.0, 1.0, 0.0, 1.0]","[-9.0, 15.0, 16.0, 14.0, -12.0, 23.0, 12.0, 13.0, 0.0, 26.0, 15.0, 10.0, 10.0, 0.0, 10.0, 13.0]"
3,1791638496.9359982,"[-69.433122, 67.76472900000002, 81.47572500000001, 59.23930200000001, 0.08865900000000693, 71.631933, 34.01458500000001, 73.38975300000001, 69.96200400000001, 66.00690900000001, 80.50892399999998, 58.88773800000001, 16.084821000000005, 82.530417, 85.25503800000001, 29.620035]","[0.0, 1.0, 1.0, 1.0, 0.0, 0.0, 0.0, 1.0, 1.0, 1.0, 2.0, 0.0, 1.0, 0.0, 0.0, 1.0]","[-10.0, 15.0, 17.0, 15.0, -12.0, 21.0, 12.0, 13.0, 0.0, 25.0, 13.0, 11.0, 10.0, 0.0, 10.0, 12.0]"
3,1791638497.1624398,"[-69.433122, 67.76472900000002, 82.530417, 59.23930200000001, 0.08865900000000693, 71.631933, 34.01458500000001, 73.38975300000001, 69.96200400000001, 66.00690900000001, 81.65150699999998, 58.88773800000001, 16.17271199999999, 82.530417, 85.25503800000001, 29.620035]","[0.0, 0.0, 4.0, 1.0, 0.0, 0.0, 1.0, 1.0, 1.0, 1.0, 1.0, 1.0, 1.0, 1.0, 0.0, 1.0]","[-9.0, 16.0, 16.0, 14.0, -12.0, 21.0, 12.0, 13.0, 0.0, 25.0, 15.0, 11.0, 10.0, 0.0, 10.0, 13.0]"
3,1791638497.3874507,"[-69.433122, 67.76472900000002, 83.49721799999998, 59.23930200000001, 0.08865900000000693, 71.631933, 34.01458500000001, 73.38975300000001, 69.96200400000001, 66.00690900000001, 82.530417, 58.88773800000001, 16.17271199999999, 82.530417, 85.25503800000001, 29.620035]","[0.0, 0.0, 2.0, 1.0, 0.0, 0.0, 0.0, 1.0, 1.0, 1.0, 2.0, 1.0, 1.0, 1.0, 0.0, 1.0]","[-9.0, 16.0, 17.0, 14.0, -12.0, 22.0, 12.0, 13.0, 0.0, 25.0, 16.0, 11.0, 10.0, 0.0, 10.0, 13.0]"
3,1791638497.6087732,"[-69.433122, 67.676838, 84.28823699999998, 59.23930200000001, 0.08865900000000693, 71.631933, 34.01458500000001, 73.38975300000001, 69.96200400000001, 66.00690900000001, 83.321436, 58.88773800000001, 16.084821000000005, 82.530417, 85.25503800000001, 29.620035]","[0.0, 0.0, 1.0, 1.0, 0.0, 0.0, 1.0, 1.0, 1.0, 1.0, 1.0, 1.0, 1.0, 1.0, 0.0, 1.0]","[-10.0, 16.0, 18.0, 14.0, -12.0, 22.0, 12.0, 13.0, 0.0, 25.0, 16.0, 10.0, 10.0, 0.0, 10.0, 13.0]"
3,1791638497.8353257,"[-69.433122, 67.76472900000002, 85.167147, 59.23930200000001, 0.08865900000000693, 71.631933, 34.01458500000001, 73.38975300000001, 69.96200400000001, 66.00690900000001, 84.20034600000002, 58.88773800000001, 16.084821000000005, 82.530417, 85.25503800000001, 29.620035]","[0.0, 1.0, 1.0, 1.0, 0.0, 0.0, 1.0, 1.0, 1.0, 1.0, 1.0, 1.0, 0.0, 0.0, 0.0, 1.0]","[-9.0, 16.0, 20.0, 15.0, -12.0, 21.0, 12.0, 13.0, 0.0, 26.0, 15.0, 11.0, 12.0, 0.0, 10.0, 13.0]"
3,1791638498.0589476,"[-69.433122, 67.676838, 85.518711, 59.23930200000001, 0.08865900000000693, 71.631933, 34.102475999999996, 73.38975300000001, 69.96200400000001, 66.00690900000001, 84.99136500000003, 58.88773800000001, 16.17271199999999, 82.530417, 85.25503800000001, 29.620035]","[0.0, 0.0, 1.0, 1.0, 0.0, 0.0, 1.0, 1.0, 1.0, 1.0, 1.0, 1.0, 0.0, 1.0, 0.0, 1.0]","[-9.0, 16.0, 21.0, 15.0, -12.0, 22.0, 12.0, 14.0, 0.0, 25.0, 18.0, 11.0, 11.0, 0.0, 9.0, 13.0]"
3,1791638498.283307,"[-69.433122, 67.676838, 85.958166, 59.23930200000001, 0.08865900000000693, 71.631933, 34.01458500000001, 73.38975300000001, 69.96200400000001, 66.00690900000001, 85.78238399999998, 58.88773800000001, 16.17271199999999, 82.530417, 85.25503800000001, 29.620035]","[0.0, 0.0, 1.0, 1.0, 0.0, 0.0, 1.0, 1.0, 1.0, 1.0, 1.0, 1.0, 1.0, 1.0, 0.0, 1.0]","[-10.0, 16.0, 25.0, 14.0, -12.0, 21.0, 12.0, 14.0, 0.0, 27.0, 18.0, 11.0, 10.0, 0.0, 10.0, 13.0]"
3,1791638498.5037212,"[-69.433122, 67.676838, 86.57340299999998, 59.23930200000001, 0.08865900000000693, 71.631933, 34.01458500000001, 73.38975300000001, 69.96200400000001, 66.00690900000001, 86.661294, 58.88773800000001, 16.084821000000005, 82.530417, 85.25503800000001, 29.620035]","[0.0, 0.0, 2.0, 1.0, 0.0, 0.0, 0.0, 1.0, 1.0, 1.0, 1.0, 1.0, 0.0, 1.0, 0.0, 1.0]","[-10.0, 16.0, 25.0, 14.0, -12.0, 21.0, 11.0, 14.0, 0.0, 26.0, 18.0, 11.0, 10.0, 0.0, 9.0, 13.0]"
