grip,time,positions,velocities,currents
1,1791638249.6131308,"[0.0007679999999936626, -4.393781999999987, -1.229705999999993, -0.17501400000000444, -0.08712299999999118, -5.272692000000006, 0.08865900000000693, -0.4386869999999874, 0.08865900000000693, -4.833236999999997, -0.9660330000000101, 0.3523319999999899, -1.7570519999999874, 178.41949799999998, 39.991173, 25.928613000000013]","[0.0, 1.0, 1.0, 0.0, 0.0, 0.0, 0.0, 1.0, 0.0, 1.0, 1.0, 1.0, 1.0, 1.0, 0.0, 0.0]","[-9.0, 29.0, 16.0, 12.0, 0.0, 34.0, -10.0, 10.0, -14.0, 32.0, 11.0, -10.0, 14.0, 16.0, 0.0, -15.0]"
1,1791638249.840498,"[-0.4386869999999874, -4.305891000000003, -1.229705999999993, 0.08865900000000693, -0.08712299999999118, -4.92112800000001, 0.6160050000000012, -0.4386869999999874, 0.7038960000000145, -4.833236999999997, -0.9660330000000101, 0.3523319999999899, -1.7570519999999874, 178.243716, 40.07906399999999, 25.928613000000013]","[-1.0, 1.0, 1.0, 1.0, 0.0, 1.0, 1.0, 1.0, 1.0, 1.0, 1.0, 1.0, 1.0, 0.0, 1.0, 0.0]","[-9.0, 42.0, 20.0, 15.0, 0.0, 46.0, 9.0, 12.0, 13.0, 50.0, 14.0, 10.0, 13.0, -10.0, 12.0, 13.0]"
1,1791638250.0643907,"[-1.3175970000000063, -3.426981000000012, -0.08712299999999118, 0.44022300000000314, -0.08712299999999118, -3.7785450000000083, 1.1433509999999956, 0.3523319999999899, 0.7917869999999994, -4.042217999999991, -0.6144689999999855, 0.6160050000000012, -1.7570519999999874, 177.98004300000002, 40.07906399999999, 26.28017700000001]","[0.0, 1.0, 2.0, 1.0, 0.0, 1.0, 2.0, 2.0, 1.0, 1.0, 1.0, 1.0, 1.0, 1.0, 1.0, 1.0]","[-10.0, 50.0, 19.0, 16.0, 0.0, 56.0, 11.0, 13.0, 16.0, 64.0, 17.0, 12.0, 13.0, -16.0, 15.0, 14.0]"
1,1791638250.2859962,"[-2.372288999999995, -2.9875260000000026, 0.8796780000000126, 1.4949149999999918, -0.08712299999999118, -2.723852999999991, 1.846478999999988, 1.407024000000007, 2.901171000000005, -2.372288999999995, 0.26444100000000503, 0.6160050000000012, -1.7570519999999874, 177.71636999999998, 41.48532, 27.159087]","[0.0, 8.0, 1.0, 4.0, 0.0, 8.0, 1.0, 1.0, 4.0, 2.0, 2.0, 1.0, 1.0, 0.0, 5.0, 1.0]","[-9.0, 63.0, 19.0, 17.0, 0.0, 61.0, 12.0, 13.0, 14.0, 69.0, 17.0, 16.0, 13.0, -25.0, 13.0, 15.0]"
1,1791638250.5093734,"[-3.2511989999999855, 0.44022300000000314, 1.7585880000000031, 2.3738250000000107, -0.08712299999999118, 0.3523319999999899, 2.6374979999999937, 2.1980430000000126, 2.901171000000005, -2.372288999999995, 1.407024000000007, 2.0222610000000145, -1.7570519999999874, 177.452697, 42.452121000000005, 28.03799699999999]","[-1.0, 1.0, 1.0, 3.0, 0.0, 5.0, 1.0, 1.0, 1.0, 1.0, 2.0, 3.0, 1.0, 0.0, 2.0, 1.0]","[-10.0, 52.0, 20.0, 16.0, 0.0, 53.0, 13.0, 13.0, 16.0, 96.0, 16.0, 15.0, 13.0, -37.0, 13.0, 15.0]"
1,1791638250.9605181,"[-4.305891000000003, 2.1980430000000126, 2.901171000000005, 3.2527350000000013, -0.08712299999999118, 2.0222610000000145, 3.4285169999999994, 3.3406260000000145, 4.834773000000013, 2.2859339999999975, 2.1980430000000126, 3.3406260000000145, -1.7570519999999874, 175.519095, 43.59470400000001, 29.268471000000005]","[0.0, 0.0, 1.0, 0.0, 0.0, 1.0, 1.0, 1.0, 1.0, 1.0, 1.0, 1.0, 1.0, 0.0, 1.0, 1.0]","[-10.0, 59.0, 19.0, 17.0, 0.0, 60.0, 14.0, 12.0, 13.0, 60.0, 17.0, 13.0, 13.0, -37.0, 13.0, 14.0]"
1,1791638251.1842508,"[-5.272692000000006, 3.867972000000009, 3.7800809999999956, 4.483208999999988, -0.08712299999999118, 3.6921900000000107, 4.395318000000003, 4.30742699999999, 5.713683000000003, 2.1980430000000126, 3.076953000000003, 4.043754000000007, -1.7570519999999874, 173.40971100000002, 44.56150500000001, 30.147380999999996]","[-2.0, 1.0, 4.0, 2.0, 0.0, 4.0, 2.0, 1.0, 2.0, 1.0, 3.0, 1.0, 1.0, -1.0, 4.0, 2.0]","[-9.0, 61.0, 20.0, 17.0, 0.0, 64.0, 14.0, 14.0, 14.0, 85.0, 17.0, 13.0, 15.0, -36.0, 12.0, 15.0]"
1,1791638251.4071908,"[-5.8879289999999855, 5.801573999999988, 4.6589910000000145, 5.450009999999992, -0.08712299999999118, 6.065246999999999, 5.362119000000007, 5.186337000000009, 6.328920000000011, 6.328920000000011, 4.30742699999999, 4.9226639999999975, -1.7570519999999874, 170.86087200000003, 45.528306000000015, 31.114182]","[0.0, 4.0, 5.0, 3.0, 0.0, 6.0, 4.0, 2.0, 5.0, 7.0, 2.0, 1.0, 1.0, -7.0, 5.0, 1.0]","[-10.0, 66.0, 20.0, 17.0, 0.0, 57.0, 14.0, 14.0, 14.0, 57.0, 16.0, 15.0, 13.0, -28.0, 13.0, 15.0]"
1,1791638251.6322224,"[-7.030511999999987, 8.438303999999988, 5.889465000000001, 6.592592999999994, -0.08712299999999118, 6.153138000000013, 6.2410289999999975, 6.416810999999996, 7.735175999999996, 6.328920000000011, 5.098445999999996, 6.2410289999999975, -1.7570519999999874, 169.36672500000003, 46.67088899999999, 32.16887399999999]","[-2.0, 8.0, 4.0, 3.0, 0.0, 0.0, 5.0, 5.0, 3.0, 0.0, 1.0, 2.0, 1.0, 0.0, 1.0, 2.0]","[-11.0, 53.0, 20.0, 15.0, 0.0, 85.0, 14.0, 13.0, 13.0, 84.0, 17.0, 13.0, 15.0, -36.0, 13.0, 14.0]"
1,1791638251.856189,"[-7.997312999999991, 10.108233000000013, 6.328920000000011, 7.383611999999999, -0.08712299999999118, 10.020342, 7.207830000000001, 7.383611999999999, 7.735175999999996, 9.844560000000001, 6.328920000000011, 7.207830000000001, -1.7570519999999874, 168.57570600000003, 47.63768999999999, 33.223566000000005]","[0.0, 1.0, 6.0, 1.0, 0.0, 9.0, 1.0, 1.0, 1.0, 1.0, 1.0, 2.0, 1.0, 1.0, 3.0, 4.0]","[-11.0, 59.0, 23.0, 17.0, 0.0, 52.0, 15.0, 13.0, 16.0, 63.0, 16.0, 13.0, 14.0, -45.0, 12.0, 14.0]"
1,1791638252.0801907,"[-9.139895999999993, 12.21761699999999, 7.910957999999994, 8.614086000000015, -0.08712299999999118, 11.426598000000013, 8.26252199999999, 8.526195000000001, 9.668778000000003, 9.932451000000015, 7.119938999999988, 8.086739999999992, -1.7570519999999874, 167.87257799999998, 48.34081800000001, 34.19036700000001]","[0.0, 4.0, 3.0, 3.0, 0.0, 1.0, 3.0, 3.0, 3.0, 1.0, 1.0, 6.0, 1.0, -9.0, 1.0, 2.0]","[-10.0, 58.0, 19.0, 15.0, 0.0, 66.0, 14.0, 12.0, 14.0, 89.0, 17.0, 13.0, 13.0, -52.0, 13.0, 15.0]"
1,1791638252.3014312,"[-10.106696999999997, 13.448091000000005, 8.614086000000015, 9.229322999999994, -0.08712299999999118, 13.623873000000003, 9.229322999999994, 9.405104999999992, 10.635579000000007, 13.711763999999988, 8.26252199999999, 9.317214000000007, -1.7570519999999874, 163.829592, 49.571292, 35.15716800000001]","[0.0, 0.0, 4.0, 5.0, 0.0, 8.0, 1.0, 1.0, 2.0, 19.0, 4.0, 4.0, 1.0, 0.0, 4.0, 2.0]","[-12.0, 68.0, 20.0, 16.0, 0.0, 58.0, 14.0, 13.0, 13.0, 56.0, 16.0, 13.0, 13.0, -38.0, 13.0, 15.0]"
1,1791638252.5267222,"[-10.458260999999993, 15.996929999999992, 9.932451000000015, 10.547687999999994, -0.08712299999999118, 15.996929999999992, 10.28401500000001, 10.371905999999996, 11.60238000000001, 14.23911000000001, 9.229322999999994, 10.108233000000013, -1.7570519999999874, 161.544426, 50.362311000000005, 36.12396899999999]","[0.0, 8.0, 3.0, 1.0, 0.0, 4.0, 3.0, 2.0, 2.0, 1.0, 4.0, 2.0, 1.0, -6.0, 1.0, 2.0]","[-13.0, 59.0, 19.0, 16.0, 0.0, 60.0, 14.0, 13.0, 14.0, 84.0, 17.0, 14.0, 12.0, -33.0, 14.0, 14.0]"
1,1791638252.7521298,"[-11.952407999999991, 18.018423000000013, 10.811361000000005, 11.514488999999998, -0.08712299999999118, 17.227404000000007, 11.162925000000001, 11.250816000000015, 12.657072, 14.23911000000001, 10.108233000000013, 11.075033999999988, -1.7570519999999874, 159.61082399999998, 51.417002999999994, 37.178661000000005]","[-2.0, 1.0, 2.0, 2.0, 0.0, 10.0, 3.0, 1.0, 2.0, 1.0, 3.0, 1.0, 1.0, -2.0, 3.0, 2.0]","[-11.0, 60.0, 20.0, 16.0, 0.0, 59.0, 14.0, 14.0, 13.0, 115.0, 17.0, 14.0, 13.0, -36.0, 13.0, 14.0]"
1,1791638252.9762077,"[-12.919208999999995, 20.215698000000003, 11.778162000000009, 12.569181000000015, -0.08712299999999118, 20.039916000000005, 12.21761699999999, 12.393398999999988, 13.623873000000003, 20.039916000000005, 10.987143000000003, 12.129726000000005, -1.7570519999999874, 157.58933100000002, 52.29591300000001, 38.14546200000001]","[0.0, 4.0, 1.0, 4.0, 0.0, 2.0, 1.0, 1.0, 1.0, 9.0, 1.0, 2.0, 1.0, 0.0, 3.0, 1.0]","[-11.0, 59.0, 19.0, 16.0, 0.0, 57.0, 14.0, 13.0, 13.0, 61.0, 17.0, 12.0, 12.0, -37.0, 13.0, 14.0]"
1,1791638253.1976268,"[-14.061791999999997, 22.237190999999996, 12.832853999999998, 13.184417999999994, -0.08712299999999118, 20.39148, 13.272309000000007, 13.53598199999999, 14.678564999999992, 21.885627, 11.866052999999994, 13.184417999999994, -1.7570519999999874, 155.919402, 53.08693199999999, 39.375935999999996]","[-1.0, 2.0, 3.0, 1.0, 0.0, 4.0, 2.0, 2.0, 3.0, 9.0, 1.0, 2.0, 1.0, -1.0, 1.0, 3.0]","[-10.0, 59.0, 20.0, 18.0, 0.0, 69.0, 14.0, 11.0, 14.0, 57.0, 18.0, 14.0, 13.0, -37.0, 14.0, 15.0]"
1,1791638253.4217367,"[-15.116483999999986, 23.819229000000007, 13.887546000000015, 14.502782999999994, -0.08712299999999118, 24.522357, 14.327000999999996, 14.414892000000009, 15.733257000000009, 24.346575, 13.448091000000005, 13.975437, -1.7570519999999874, 153.89790900000003, 54.317406000000005, 40.254846000000015]","[0.0, 2.0, 2.0, 3.0, 0.0, 6.0, 3.0, 1.0, 1.0, 1.0, 5.0, 2.0, 1.0, -2.0, 4.0, 1.0]","[-11.0, 61.0, 19.0, 16.0, 0.0, 55.0, 14.0, 14.0, 14.0, 58.0, 16.0, 13.0, 13.0, -40.0, 12.0, 14.0]"
1,1791638253.644298,"[-16.346958, 26.543849999999992, 14.942238000000003, 15.381693000000013, -0.08712299999999118, 26.016503999999998, 15.381693000000013, 15.821147999999994, 16.787948999999998, 24.434466000000015, 13.53598199999999, 14.942238000000003, -1.7570519999999874, 151.876416, 55.196315999999996, 41.22164699999999]","[-2.0, 10.0, 2.0, 3.0, 0.0, 1.0, 1.0, 3.0, 3.0, 1.0, 1.0, 1.0, 1.0, -3.0, 1.0, 1.0]","[-10.0, 46.0, 19.0, 16.0, 0.0, 62.0, 14.0, 12.0, 13.0, 82.0, 20.0, 13.0, 12.0, -37.0, 14.0, 14.0]"
1,1791638253.8689144,"[-17.22586799999999, 28.565343000000013, 15.909039000000007, 16.436385, -0.08712299999999118, 28.389561000000015, 16.524276000000015, 16.787948999999998, 17.666858999999988, 28.653233999999998, 15.293802, 15.996929999999992, -1.7570519999999874, 150.47016000000002, 56.25100800000001, 42.188447999999994]","[-2.0, 3.0, 2.0, 3.0, 0.0, 2.0, 3.0, 2.0, 1.0, 1.0, 5.0, 1.0, 1.0, -1.0, 1.0, 1.0]","[-10.0, 50.0, 19.0, 16.0, 0.0, 54.0, 14.0, 12.0, 14.0, 54.0, 15.0, 14.0, 13.0, -46.0, 14.0, 14.0]"
1,1791638254.0956712,"[-18.456342000000006, 31.202073000000013, 17.139512999999994, 17.227404000000007, -0.08712299999999118, 30.05949000000001, 17.666858999999988, 17.75475, 18.633659999999992, 30.762618000000003, 16.436385, 17.139512999999994, -1.7570519999999874, 148.448667, 57.3057, 43.24314000000001]","[-2.0, 6.0, 5.0, 4.0, 0.0, 1.0, 4.0, 2.0, 1.0, 8.0, 2.0, 3.0, 1.0, -4.0, 2.0, 2.0]","[-9.0, 45.0, 18.0, 16.0, 0.0, 56.0, 13.0, 13.0, 14.0, 50.0, 16.0, 14.0, 13.0, -44.0, 13.0, 14.0]"
1,1791638254.319972,"[-19.42314300000001, 32.87200200000001, 18.106313999999998, 18.282095999999996, -0.08712299999999118, 32.52043800000001, 18.36998700000001, 18.633659999999992, 19.68835200000001, 32.959892999999994, 17.578968000000003, 17.842641000000015, -1.7570519999999874, 146.163501, 58.18460999999999, 44.297832]","[0.0, 5.0, 2.0, 3.0, 0.0, 8.0, 1.0, 2.0, 3.0, 1.0, 4.0, 5.0, 1.0, -4.0, 1.0, 2.0]","[-9.0, 50.0, 17.0, 17.0, 0.0, 50.0, 14.0, 12.0, 13.0, 52.0, 15.0, 15.0, 13.0, -41.0, 14.0, 14.0]"
1,1791638254.5418513,"[-20.477835, 35.33295000000001, 19.161006000000015, 19.336788000000013, -0.08712299999999118, 34.45403999999999, 19.248897, 19.68835200000001, 20.655153000000013, 32.959892999999994, 18.545769000000007, 19.073115, -1.7570519999999874, 144.14200799999998, 59.41508400000001, 45.264633]","[-2.0, 7.0, 2.0, 1.0, 0.0, 1.0, 2.0, 1.0, 2.0, 1.0, 1.0, 1.0, 1.0, -6.0, 2.0, 2.0]","[-9.0, 46.0, 17.0, 16.0, 0.0, 55.0, 14.0, 12.0, 13.0, 72.0, 16.0, 14.0, 14.0, -39.0, 14.0, 15.0]"
1,1791638254.7678535,"[-21.620418, 37.178661000000005, 20.39148, 20.39148, -0.08712299999999118, 36.82709700000001, 20.215698000000003, 20.743043999999998, 21.885627, 37.26655199999999, 19.51257000000001, 20.303588999999988, -1.7570519999999874, 141.85684200000003, 60.20610300000001, 46.143542999999994]","[-2.0, 5.0, 4.0, 1.0, 0.0, 7.0, 1.0, 2.0, 2.0, 11.0, 7.0, 3.0, 1.0, 0.0, 4.0, 2.0]","[-9.0, 48.0, 17.0, 17.0, 0.0, 44.0, 14.0, 13.0, 13.0, 44.0, 14.0, 13.0, 13.0, -38.0, 14.0, 15.0]"
1,1791638254.9919364,"[-22.587219000000005, 39.28804500000001, 21.44617199999999, 21.621953999999988, -0.08712299999999118, 38.84859, 21.00671700000001, 21.709845, 22.412972999999994, 37.354443, 20.655153000000013, 21.270389999999992, -1.7570519999999874, 139.92324000000002, 61.348686000000015, 47.19823500000001]","[0.0, 6.0, 3.0, 4.0, 0.0, 6.0, 3.0, 4.0, 1.0, 0.0, 1.0, 3.0, 1.0, -5.0, 4.0, 1.0]","[-9.0, 40.0, 17.0, 15.0, 0.0, 44.0, 15.0, 12.0, 14.0, 70.0, 15.0, 13.0, 13.0, -39.0, 14.0, 15.0]"
1,1791638255.2159052,"[-23.81769299999999, 41.39742899999999, 22.500864000000007, 22.500864000000007, -0.08712299999999118, 41.04586499999999, 21.797736000000015, 22.76453699999999, 23.907119999999992, 41.573211000000015, 21.709845, 22.32508200000001, -1.7570519999999874, 137.63807400000002, 62.49126900000002, 48.165036000000015]","[0.0, 2.0, 1.0, 3.0, 0.0, 7.0, 2.0, 1.0, 4.0, 14.0, 4.0, 1.0, 1.0, -3.0, 3.0, 1.0]","[-9.0, 46.0, 17.0, 15.0, 0.0, 43.0, 16.0, 13.0, 13.0, 40.0, 14.0, 13.0, 13.0, -38.0, 13.0, 13.0]"
1,1791638255.4399722,"[-24.69660300000001, 43.68259499999999, 23.379773999999998, 22.588754999999992, -0.08712299999999118, 43.59470400000001, 22.588754999999992, 23.555555999999996, 24.873920999999996, 43.59470400000001, 22.940318999999988, 23.116101000000015, -1.7570519999999874, 135.704472, 63.37017900000001, 49.219728]","[-2.0, 9.0, 2.0, 1.0, 0.0, 4.0, 1.0, 1.0, 1.0, 4.0, 3.0, 4.0, 1.0, -2.0, 2.0, 1.0]","[-9.0, 38.0, 17.0, 19.0, 0.0, 44.0, 17.0, 12.0, 12.0, 44.0, 13.0, 13.0, 14.0, -37.0, 14.0, 14.0]"
1,1791638255.6639516,"[-25.751295, 46.143542999999994, 24.258683999999988, 24.434466000000015, -0.08712299999999118, 45.87987000000001, 23.64344700000001, 24.78603000000001, 25.752831000000015, 46.31932499999999, 23.64344700000001, 24.258683999999988, -1.7570519999999874, 133.067742, 64.424871, 50.18652900000001]","[-2.0, 4.0, 1.0, 3.0, 1.0, 8.0, 3.0, 1.0, 5.0, 5.0, 1.0, 3.0, 1.0, -5.0, 3.0, 4.0]","[-8.0, 43.0, 18.0, 15.0, -1.0, 37.0, 16.0, 12.0, 13.0, 39.0, 16.0, 12.0, 14.0, -32.0, 13.0, 14.0]"
1,1791638255.8841538,"[-26.893878, 48.252927, 25.40126699999999, 25.489158000000003, 0.0007679999999936626, 47.901363, 24.873920999999996, 25.752831000000015, 26.983305, 47.98925399999999, 24.873920999999996, 25.66494, -1.7570519999999874, 131.046249, 65.12799900000002, 51.065439]","[-1.0, 6.0, 3.0, 1.0, 1.0, 2.0, 4.0, 1.0, 1.0, 3.0, 1.0, 4.0, 1.0, -3.0, 7.0, 1.0]","[-9.0, 35.0, 17.0, 16.0, -12.0, 42.0, 15.0, 12.0, 0.0, 40.0, 14.0, 12.0, 13.0, -32.0, 14.0, 15.0]"
1,1791638256.1092076,"[-27.94856999999999, 50.362311000000005, 26.28017700000001, 26.631741000000005, 0.0007679999999936626, 50.098637999999994, 25.840722, 26.895413999999988, 27.950106000000005, 50.801766000000015, 26.016503999999998, 26.455959000000007, -1.7570519999999874, 128.58530100000002, 66.534255, 52.208022]","[0.0, 1.0, 1.0, 4.0, 1.0, 5.0, 1.0, 1.0, 1.0, 7.0, 3.0, 1.0, 1.0, -2.0, 3.0, 2.0]","[0.0, 36.0, 17.0, 15.0, -12.0, 40.0, 16.0, 12.0, 0.0, 31.0, 15.0, 13.0, 15.0, -29.0, 14.0, 15.0]"
1,1791638256.3328903,"[-28.82748000000001, 52.735367999999994, 27.334868999999998, 27.59854200000001, 0.0007679999999936626, 52.47169500000001, 27.071196000000015, 27.42276000000001, 29.092689000000007, 52.29591300000001, 26.895413999999988, 27.774324000000007, -1.7570519999999874, 127.17904500000003, 67.58894699999999, 53.174823]","[1.0, 8.0, 2.0, 3.0, 1.0, 5.0, 2.0, 1.0, 0.0, 2.0, 1.0, 4.0, 1.0, 0.0, 3.0, 1.0]","[-9.0, 32.0, 17.0, 16.0, -11.0, 35.0, 15.0, 12.0, -6.0, 39.0, 13.0, 12.0, 13.0, -33.0, 12.0, 15.0]"
1,1791638256.5597482,"[-29.794281000000012, 55.28420700000001, 28.30167, 28.74112500000001, 0.0007679999999936626, 54.66897, 28.125888000000003, 28.565343000000013, 30.05949000000001, 54.844752, 28.125888000000003, 28.74112500000001, -1.7570519999999874, 125.069661, 68.64363900000001, 54.14162400000001]","[-2.0, 3.0, 1.0, 3.0, 1.0, 5.0, 1.0, 1.0, 1.0, 9.0, 1.0, 3.0, 1.0, -1.0, 3.0, 1.0]","[-9.0, 29.0, 17.0, 15.0, -12.0, 33.0, 15.0, 13.0, 0.0, 29.0, 13.0, 12.0, 13.0, -32.0, 13.0, 15.0]"
1,1791638256.78389,"[-30.848973, 57.3057, 29.444253000000003, 29.620035, 0.0007679999999936626, 56.86624499999999, 29.35636199999999, 29.795817, 31.114182, 56.42679000000001, 29.268471000000005, 29.795817, -1.7570519999999874, 123.575514, 69.43465800000001, 55.196315999999996]","[0.0, 5.0, 4.0, 3.0, 1.0, 3.0, 3.0, 2.0, 1.0, 1.0, 4.0, 1.0, 1.0, 0.0, 1.0, 2.0]","[-4.0, 31.0, 18.0, 15.0, -12.0, 31.0, 14.0, 12.0, -13.0, 37.0, 13.0, 12.0, 13.0, -37.0, 13.0, 15.0]"
1,1791638257.0048976,"[-31.815774000000005, 59.327192999999994, 30.498944999999992, 30.762618000000003, 0.0007679999999936626, 58.975629, 30.586836000000005, 30.762618000000003, 32.080983, 56.42679000000001, 29.971598999999998, 30.850508999999988, -1.7570519999999874, 121.11456600000002, 70.665132, 56.25100800000001]","[-1.0, 1.0, 1.0, 2.0, 1.0, 2.0, 3.0, 1.0, 1.0, 1.0, 1.0, 3.0, 1.0, -9.0, 3.0, 3.0]","[-9.0, 31.0, 17.0, 15.0, -12.0, 29.0, 13.0, 12.0, -2.0, 52.0, 13.0, 12.0, 13.0, -30.0, 13.0, 15.0]"
1,1791638257.228238,"[-32.87046599999999, 61.52446800000001, 31.55363700000001, 31.817309999999992, 0.0007679999999936626, 61.52446800000001, 31.641527999999994, 31.905201000000005, 33.04778400000001, 61.52446800000001, 31.114182, 31.905201000000005, -1.7570519999999874, 118.91729099999998, 71.71982400000002, 57.21780900000002]","[0.0, 7.0, 4.0, 2.0, 1.0, 5.0, 1.0, 1.0, 1.0, 8.0, 1.0, 4.0, 1.0, 0.0, 2.0, 2.0]","[-9.0, 25.0, 16.0, 16.0, -13.0, 25.0, 13.0, 11.0, 0.0, 27.0, 13.0, 12.0, 14.0, -33.0, 12.0, 15.0]"
1,1791638257.4558785,"[-33.92515800000001, 64.073307, 32.69622000000001, 32.87200200000001, 0.0007679999999936626, 63.897525, 32.784110999999996, 32.87200200000001, 34.01458500000001, 63.63385199999999, 32.432547, 32.69622000000001, -1.7570519999999874, 116.63212500000003, 72.86240699999999, 58.272501000000005]","[-1.0, 5.0, 3.0, 3.0, 1.0, 6.0, 3.0, 2.0, 0.0, 3.0, 2.0, 3.0, 0.0, -4.0, 1.0, 1.0]","[-9.0, 24.0, 16.0, 15.0, -13.0, 24.0, 12.0, 12.0, -4.0, 28.0, 12.0, 12.0, 13.0, -29.0, 13.0, 14.0]"
1,1791638257.6769502,"[-35.06774100000001, 66.09479999999999, 33.750912, 33.83880300000001, 0.0007679999999936626, 66.182691, 34.01458500000001, 34.01458500000001, 35.069277, 65.919018, 33.57513, 33.663021000000015, -1.7570519999999874, 114.43484999999998, 73.91709900000001, 59.23930200000001]","[-2.0, 7.0, 3.0, 1.0, 1.0, 5.0, 4.0, 4.0, 1.0, 4.0, 4.0, 3.0, 0.0, -2.0, 1.0, 1.0]","[0.0, 21.0, 16.0, 15.0, -12.0, 22.0, 11.0, 12.0, 0.0, 25.0, 12.0, 12.0, 14.0, -32.0, 12.0, 15.0]"
1,1791638257.9036987,"[-35.85875999999999, 68.46785700000001, 34.80560399999999, 34.893495, 0.0007679999999936626, 68.204184, 34.981386000000015, 34.981386000000015, 36.036078, 68.11629300000001, 34.541931000000005, 34.717713, -1.7570519999999874, 112.41335700000002, 75.05968200000001, 60.38188500000001]","[-1.0, 3.0, 1.0, 3.0, 1.0, 4.0, 3.0, 2.0, 0.0, 7.0, 1.0, 2.0, 0.0, -3.0, 2.0, 3.0]","[-9.0, 21.0, 16.0, 15.0, -12.0, 20.0, 12.0, 11.0, -3.0, 21.0, 12.0, 12.0, 14.0, -27.0, 12.0, 14.0]"
1,1791638258.125632,"[-36.91345200000001, 70.57724100000001, 35.94818699999999, 35.860296000000005, 0.0007679999999936626, 70.57724100000001, 36.21186, 35.94818699999999, 37.00287900000001, 70.40145900000002, 35.68451400000001, 34.717713, -1.6691610000000026, 110.0403, 76.20226500000001, 61.436577]","[0.0, 8.0, 3.0, 1.0, 1.0, 2.0, 4.0, 1.0, 1.0, 2.0, 3.0, 1.0, 1.0, -2.0, 3.0, 3.0]","[-9.0, 19.0, 15.0, 15.0, -12.0, 19.0, 11.0, 11.0, 0.0, 20.0, 11.0, 15.0, 13.0, -26.0, 11.0, 14.0]"
1,1791638258.3516836,"[-37.88025300000001, 73.12608, 37.178661000000005, 36.739205999999996, 0.0007679999999936626, 72.950298, 37.354443, 37.09076999999999, 38.057570999999996, 72.59873400000001, 36.65131500000001, 36.65131500000001, -1.6691610000000026, 108.37037099999998, 77.16906599999999, 62.403378000000004]","[0.0, 3.0, 3.0, 4.0, 1.0, 6.0, 2.0, 4.0, 1.0, 4.0, 2.0, 3.0, 1.0, -2.0, 3.0, 4.0]","[-9.0, 17.0, 16.0, 15.0, -13.0, 17.0, 11.0, 12.0, 0.0, 20.0, 11.0, 11.0, 13.0, -28.0, 11.0, 14.0]"
1,1791638258.575286,"[-38.847053999999986, 75.32335499999999, 38.14546200000001, 37.881789, 0.0007679999999936626, 75.23546400000001, 38.40913499999999, 38.057570999999996, 39.024372, 74.70811800000001, 37.881789, 37.44233399999999, -1.6691610000000026, 105.64575000000002, 78.22375799999998, 63.37017900000001]","[-1.0, 5.0, 1.0, 5.0, 1.0, 4.0, 1.0, 2.0, 1.0, 2.0, 3.0, 1.0, 0.0, -5.0, 1.0, 1.0]","[-9.0, 16.0, 15.0, 15.0, -11.0, 17.0, 10.0, 11.0, 0.0, 20.0, 10.0, 13.0, 13.0, -22.0, 11.0, 14.0]"
1,1791638258.7969763,"[-39.98963699999999, 77.69641200000001, 39.375935999999996, 38.40913499999999, 0.0007679999999936626, 77.256957, 39.551717999999994, 39.11226300000001, 40.07906399999999, 76.64172000000002, 38.936481000000015, 38.672808, -1.6691610000000026, 103.80003900000003, 79.36634099999998, 64.249089]","[-2.0, 4.0, 2.0, 1.0, 1.0, 1.0, 1.0, 1.0, 1.0, 7.0, 4.0, 3.0, 1.0, 0.0, 4.0, 1.0]","[-8.0, 17.0, 14.0, 16.0, -12.0, 17.0, 10.0, 12.0, 0.0, 20.0, 11.0, 12.0, 13.0, -26.0, 11.0, 15.0]"
1,1791638259.023581,"[-40.51698300000001, 79.893687, 40.518519, 39.63960900000001, 0.0007679999999936626, 77.256957, 39.815391000000005, 39.375935999999996, 41.04586499999999, 79.19055900000001, 39.991173, 39.63960900000001, -1.6691610000000026, 103.71214800000001, 80.245251, 65.391672]","[0.0, 5.0, 3.0, 3.0, 1.0, 1.0, 1.0, 0.0, 2.0, 2.0, 4.0, 1.0, 1.0, 1.0, 1.0, 2.0]","[-10.0, 15.0, 15.0, 16.0, -11.0, 17.0, 12.0, 12.0, 0.0, 18.0, 11.0, 12.0, 13.0, -25.0, 11.0, 13.0]"
1,1791638259.2475874,"[-42.01113000000001, 82.178853, 41.48532, 40.694300999999996, 0.0007679999999936626, 77.256957, 40.166955, 39.63960900000001, 41.661102, 81.29994299999998, 41.04586499999999, 40.78219200000001, -1.6691610000000026, 103.80003900000003, 81.29994299999998, 66.44636400000002]","[-2.0, 5.0, 1.0, 2.0, 1.0, 1.0, 1.0, 1.0, 1.0, 7.0, 4.0, 3.0, 1.0, 1.0, 1.0, 3.0]","[0.0, 14.0, 14.0, 15.0, -12.0, 17.0, 15.0, 15.0, 14.0, 17.0, 9.0, 11.0, 13.0, -25.0, 11.0, 14.0]"
1,1791638259.4706163,"[-43.065822, 84.28823699999998, 42.71579399999999, 41.573211000000015, 0.0007679999999936626, 77.256957, 40.518519, 40.342737, 43.06735800000001, 83.673, 42.27633900000001, 41.661102, -1.6691610000000026, 103.80003900000003, 82.44252599999999, 67.32527400000001]","[0.0, 5.0, 3.0, 4.0, 0.0, 1.0, 1.0, 1.0, 1.0, 4.0, 4.0, 1.0, 1.0, 0.0, 2.0, 2.0]","[0.0, 13.0, 14.0, 16.0, -12.0, 18.0, 17.0, 16.0, 0.0, 16.0, 10.0, 11.0, 13.0, -24.0, 11.0, 14.0]"
1,1791638259.6924174,"[-44.032623, 86.661294, 43.59470400000001, 42.891576000000015, 0.0007679999999936626, 77.256957, 40.518519, 40.78219200000001, 44.03415899999999, 85.78238399999998, 43.24314000000001, 42.803685, -1.6691610000000026, 103.80003900000003, 83.23354499999999, 68.379966]","[0.0, 5.0, 1.0, 4.0, 0.0, 0.0, 1.0, 2.0, 1.0, 4.0, 3.0, 3.0, 1.0, 1.0, 1.0, 1.0]","[0.0, 13.0, 14.0, 15.0, -12.0, 18.0, 22.0, 20.0, 0.0, 15.0, 10.0, 12.0, 13.0, -25.0, 11.0, 14.0]"
1,1791638259.9167197,"[-45.08731499999999, 88.594896, 44.73728700000001, 43.506812999999994, 0.0007679999999936626, 77.16906599999999, 40.95797400000001, 41.22164699999999, 45.00095999999999, 88.155441, 44.38572300000001, 43.85837699999999, -1.6691610000000026, 103.71214800000001, 84.11245500000001, 69.346767]","[0.0, 5.0, 3.0, 3.0, 0.0, 0.0, 1.0, 0.0, 1.0, 4.0, 4.0, 2.0, 1.0, 0.0, 1.0, 1.0]","[0.0, 12.0, 14.0, 16.0, -12.0, 17.0, 26.0, 21.0, -14.0, 14.0, 10.0, 11.0, 13.0, -24.0, 11.0, 14.0]"
1,1791638260.1428308,"[-46.05411599999999, 88.77067799999998, 45.616197, 44.825177999999994, 0.0007679999999936626, 76.81750199999999, 40.870082999999994, 41.133756000000005, 46.05565200000001, 88.33122300000002, 45.264633, 45.00095999999999, -1.6691610000000026, 103.80003900000003, 85.167147, 70.313568]","[0.0, 1.0, 1.0, 4.0, 0.0, 0.0, 0.0, 1.0, 1.0, 1.0, 2.0, 2.0, 1.0, 1.0, 3.0, 1.0]","[0.0, 12.0, 14.0, 14.0, 12.0, 10.0, 10.0, 9.0, -13.0, 14.0, 10.0, 11.0, 13.0, -25.0, 11.0, 14.0]"
1,1791638260.3641222,"[-47.020917, 88.77067799999998, 46.67088899999999, 45.791979, 0.0007679999999936626, 76.81750199999999, 40.870082999999994, 41.133756000000005, 47.02245300000001, 88.33122300000002, 46.143542999999994, 45.87987000000001, -1.6691610000000026, 103.71214800000001, 86.04605700000002, 71.36825999999999]","[-1.0, 1.0, 3.0, 1.0, 0.0, 0.0, 0.0, 0.0, 0.0, 1.0, 1.0, 1.0, 1.0, 0.0, 3.0, 3.0]","[0.0, 12.0, 13.0, 15.0, 11.0, 10.0, 10.0, 9.0, -13.0, 13.0, 11.0, 12.0, 13.0, -25.0, 12.0, 14.0]"
1,1791638260.5915651,"[-47.636154000000005, 88.77067799999998, 47.63768999999999, 47.19823500000001, 0.0007679999999936626, 76.81750199999999, 40.870082999999994, 41.133756000000005, 48.077145, 88.33122300000002, 47.37401700000001, 47.110344, -1.6691610000000026, 103.80003900000003, 87.18864000000002, 72.24717000000001]","[0.0, 0.0, 1.0, 3.0, 0.0, 0.0, 0.0, 0.0, 1.0, 1.0, 1.0, 2.0, 1.0, 2.0, 3.0, 1.0]","[-9.0, 12.0, 15.0, 15.0, 11.0, 10.0, 10.0, 10.0, -14.0, 14.0, 10.0, 12.0, 13.0, -25.0, 11.0, 14.0]"
1,1791638260.8155036,"[-49.04240999999999, 88.77067799999998, 48.51660000000001, 48.077145, 0.0007679999999936626, 76.81750199999999, 40.870082999999994, 41.133756000000005, 49.043946000000005, 88.33122300000002, 48.252927, 48.077145, -1.6691610000000026, 103.80003900000003, 88.155441, 73.12608]","[-3.0, 1.0, 1.0, 1.0, 0.0, 0.0, 0.0, 0.0, 1.0, 1.0, 2.0, 4.0, 1.0, 0.0, 3.0, 1.0]","[0.0, 13.0, 15.0, 14.0, 11.0, 9.0, 9.0, 9.0, -14.0, 13.0, 10.0, 11.0, 13.0, -24.0, 12.0, 15.0]"
1,1791638261.03648,"[-49.833428999999995, 88.77067799999998, 49.571292, 49.219728, 0.0007679999999936626, 76.81750199999999, 40.870082999999994, 41.133756000000005, 50.01074700000001, 88.33122300000002, 49.219728, 48.95605499999999, -1.6691610000000026, 103.71214800000001, 88.94646, 74.268663]","[0.0, 2.0, 3.0, 3.0, 0.0, 0.0, 0.0, 0.0, 0.0, 1.0, 3.0, 1.0, 1.0, 1.0, 5.0, 3.0]","[-9.0, 12.0, 14.0, 14.0, 12.0, 10.0, 9.0, 9.0, -14.0, 14.0, 10.0, 11.0, 13.0, -25.0, 11.0, 14.0]"
1,1791638261.2607672,"[-50.80023, 88.77067799999998, 50.538093, 50.45020199999999, 0.0007679999999936626, 76.81750199999999, 40.870082999999994, 41.133756000000005, 51.15333000000001, 88.33122300000002, 50.27441999999999, 50.01074700000001, -1.6691610000000026, 103.80003900000003, 90.17693400000002, 75.32335499999999]","[-1.0, 0.0, 3.0, 3.0, 0.0, 0.0, 0.0, 0.0, 1.0, 1.0, 3.0, 2.0, 0.0, 1.0, 4.0, 1.0]","[-9.0, 12.0, 14.0, 15.0, 11.0, 10.0, 10.0, 10.0, -14.0, 13.0, 10.0, 10.0, 13.0, -25.0, 11.0, 15.0]"
1,1791638261.4867616,"[-51.67913999999999, 88.85856899999999, 51.417002999999994, 51.32911200000001, 0.0007679999999936626, 76.81750199999999, 40.870082999999994, 41.133756000000005, 52.03224, 88.33122300000002, 51.15333000000001, 50.889657, -1.6691610000000026, 103.71214800000001, 90.96795300000002, 76.20226500000001]","[0.0, 1.0, 2.0, 3.0, 0.0, 0.0, 0.0, 1.0, 0.0, 1.0, 1.0, 2.0, 0.0, 1.0, 3.0, 3.0]","[-9.0, 12.0, 14.0, 14.0, 11.0, 10.0, 10.0, 10.0, 0.0, 14.0, 10.0, 10.0, 13.0, -25.0, 12.0, 15.0]"
1,1791638261.7084754,"[-52.73383199999999, 88.77067799999998, 52.208022, 52.383804, 0.0007679999999936626, 76.81750199999999, 40.870082999999994, 41.133756000000005, 53.08693199999999, 88.33122300000002, 52.29591300000001, 51.94434900000002, -1.6691610000000026, 103.71214800000001, 92.11053600000002, 77.16906599999999]","[-2.0, 0.0, 1.0, 1.0, 0.0, 0.0, 0.0, 1.0, 0.0, 1.0, 2.0, 2.0, 0.0, 0.0, 3.0, 2.0]","[-9.0, 12.0, 15.0, 14.0, 11.0, 10.0, 9.0, 10.0, -9.0, 14.0, 10.0, 11.0, 13.0, -26.0, 11.0, 15.0]"
1,1791638261.9343836,"[-53.788523999999995, 88.77067799999998, 52.999041000000005, 53.08693199999999, 0.0007679999999936626, 76.81750199999999, 40.870082999999994, 41.133756000000005, 54.053732999999994, 88.33122300000002, 53.174823, 52.999041000000005, -1.6691610000000026, 103.80003900000003, 92.54999099999998, 77.608521]","[-3.0, 0.0, 1.0, 1.0, 0.0, 0.0, 0.0, 0.0, 0.0, 1.0, 1.0, 3.0, 0.0, 0.0, 1.0, 1.0]","[-8.0, 11.0, 16.0, 15.0, 11.0, 10.0, 10.0, 9.0, 0.0, 13.0, 10.0, 11.0, 13.0, -25.0, 13.0, 16.0]"
1,1791638262.156249,"[-54.491652, 88.77067799999998, 53.702169, 54.14162400000001, 0.0007679999999936626, 76.81750199999999, 40.870082999999994, 41.133756000000005, 55.10842500000001, 88.33122300000002, 54.14162400000001, 53.79006000000001, -1.6691610000000026, 103.80003900000003, 92.54999099999998, 77.96008499999999]","[0.0, 0.0, 3.0, 2.0, 0.0, 0.0, 0.0, 1.0, 1.0, 1.0, 3.0, 1.0, 0.0, 0.0, 1.0, 1.0]","[-9.0, 12.0, 16.0, 14.0, 11.0, 10.0, 10.0, 9.0, -13.0, 14.0, 10.0, 11.0, 13.0, -26.0, 17.0, 18.0]"
1,1791638262.3809566,"[-55.45845299999999, 88.68278700000002, 54.66897, 55.196315999999996, 0.0007679999999936626, 76.81750199999999, 40.870082999999994, 41.133756000000005, 56.163117, 88.33122300000002, 55.196315999999996, 54.93264300000001, -1.6691610000000026, 103.80003900000003, 92.90155500000003, 78.13586700000002]","[0.0, 0.0, 1.0, 1.0, 0.0, 0.0, 0.0, 0.0, 0.0, 1.0, 2.0, 3.0, 0.0, 1.0, 1.0, 0.0]","[-9.0, 13.0, 17.0, 14.0, 12.0, 11.0, 9.0, 10.0, -1.0, 14.0, 11.0, 11.0, 14.0, -26.0, 19.0, 17.0]"
1,1791638262.6043823,"[-56.425253999999995, 88.594896, 55.45998900000001, 55.987335, 0.0007679999999936626, 76.81750199999999, 40.870082999999994, 41.133756000000005, 56.954136000000005, 88.33122300000002, 56.075226000000015, 55.89944400000002, -1.6691610000000026, 103.80003900000003, 92.98944599999999, 78.13586700000002]","[0.0, 0.0, 1.0, 1.0, 0.0, 0.0, 0.0, 0.0, 1.0, 1.0, 1.0, 3.0, 0.0, 1.0, 1.0, 1.0]","[-10.0, 13.0, 17.0, 15.0, 11.0, 10.0, 9.0, 10.0, 0.0, 14.0, 10.0, 12.0, 13.0, -25.0, 25.0, 17.0]"
1,1791638262.8275356,"[-57.040491, 88.594896, 56.163117, 56.690462999999994, 0.0007679999999936626, 76.81750199999999, 40.870082999999994, 41.133756000000005, 58.008827999999994, 88.33122300000002, 56.954136000000005, 56.86624499999999, -1.6691610000000026, 103.80003900000003, 93.60468300000002, 78.13586700000002]","[-1.0, 0.0, 3.0, 1.0, 0.0, 0.0, 0.0, 0.0, 0.0, 1.0, 1.0, 2.0, 0.0, 1.0, 0.0, 1.0]","[-10.0, 13.0, 17.0, 15.0, 12.0, 10.0, 10.0, 9.0, -7.0, 13.0, 10.0, 12.0, 13.0, -26.0, 28.0, 18.0]"
1,1791638263.0523543,"[-58.534638, 88.594896, 57.129918, 58.008827999999994, 0.0007679999999936626, 76.81750199999999, 40.870082999999994, 41.133756000000005, 58.975629, 88.33122300000002, 58.008827999999994, 57.92093700000001, -1.6691610000000026, 103.80003900000003, 94.04413799999998, 78.13586700000002]","[-4.0, 0.0, 1.0, 3.0, 0.0, 0.0, 0.0, 0.0, 1.0, 1.0, 1.0, 4.0, 1.0, 1.0, 1.0, 1.0]","[-9.0, 13.0, 18.0, 15.0, 12.0, 10.0, 10.0, 10.0, 0.0, 14.0, 11.0, 10.0, 13.0, -25.0, 31.0, 17.0]"
1,1791638263.2759895,"[-59.149874999999994, 88.50700499999999, 58.272501000000005, 59.151410999999996, 0.0007679999999936626, 76.81750199999999, 40.870082999999994, 41.22164699999999, 59.94243, 88.33122300000002, 59.06352000000001, 58.799847, -1.7570519999999874, 103.80003900000003, 94.39570200000003, 78.13586700000002]","[0.0, 1.0, 5.0, 5.0, 0.0, 0.0, 0.0, 1.0, 1.0, 1.0, 2.0, 2.0, 0.0, 1.0, 1.0, 0.0]","[-11.0, 13.0, 17.0, 15.0, 11.0, 10.0, 10.0, 3.0, 0.0, 13.0, 10.0, 10.0, 13.0, -26.0, 35.0, 18.0]"
1,1791638263.500465,"[-60.204567, 88.50700499999999, 59.41508400000001, 59.23930200000001, 0.0007679999999936626, 76.81750199999999, 40.870082999999994, 41.133756000000005, 60.99712199999999, 88.33122300000002, 60.20610300000001, 58.88773800000001, -1.7570519999999874, 103.80003900000003, 94.571484, 78.13586700000002]","[0.0, 0.0, 2.0, 1.0, 0.0, 0.0, 0.0, 0.0, 1.0, 1.0, 1.0, 1.0, 0.0, 1.0, 1.0, 1.0]","[-10.0, 13.0, 17.0, 14.0, 11.0, 9.0, 10.0, 10.0, 0.0, 14.0, 10.0, 11.0, 13.0, -25.0, 44.0, 18.0]"
1,1791638263.7248466,"[-61.34715, 88.50700499999999, 60.118212, 59.23930200000001, 0.0007679999999936626, 76.81750199999999, 40.870082999999994, 41.133756000000005, 61.963922999999994, 88.33122300000002, 61.436577, 58.88773800000001, -1.9328339999999855, 103.975821, 94.39570200000003, 78.13586700000002]","[0.0, 0.0, 1.0, 1.0, 0.0, 0.0, 0.0, 1.0, 1.0, 1.0, 3.0, 0.0, 0.0, 1.0, 0.0, 1.0]","[-11.0, 14.0, 18.0, 15.0, 12.0, 10.0, 9.0, 6.0, 0.0, 14.0, 10.0, 11.0, 11.0, -10.0, 11.0, 13.0]"
1,1791638263.9489615,"[-62.401842, 88.50700499999999, 61.612359, 59.41508400000001, 0.0007679999999936626, 76.81750199999999, 40.870082999999994, 41.133756000000005, 62.930724, 88.33122300000002, 62.403378000000004, 58.88773800000001, -1.8449430000000007, 103.975821, 94.39570200000003, 78.13586700000002]","[-2.0, 1.0, 7.0, 2.0, 0.0, 0.0, 0.0, 0.0, 1.0, 1.0, 2.0, 1.0, 0.0, 1.0, 0.0, 0.0]","[-10.0, 15.0, 16.0, 13.0, 11.0, 10.0, 10.0, 10.0, 0.0, 14.0, 11.0, 11.0, 9.0, -10.0, 9.0, 13.0]"
1,1791638264.1736925,"[-63.720207, 88.77067799999998, 63.985416000000015, 59.50297499999999, 0.0007679999999936626, 76.81750199999999, 40.870082999999994, 41.133756000000005, 63.985416000000015, 88.33122300000002, 63.19439700000001, 58.88773800000001, -1.9328339999999855, 103.975821, 94.39570200000003, 78.13586700000002]","[0.0, 1.0, 2.0, 1.0, 0.0, 0.0, 0.0, 0.0, 1.0, 1.0, 1.0, 1.0, 1.0, 1.0, 0.0, 1.0]","[-10.0, 12.0, 0.0, 14.0, 11.0, 10.0, 10.0, 9.0, 0.0, 14.0, 10.0, 11.0, 9.0, -11.0, 10.0, 13.0]"
1,1791638264.3991795,"[-64.774899, 88.85856899999999, 64.68854400000001, 59.50297499999999, 0.0007679999999936626, 76.81750199999999, 40.870082999999994, 41.22164699999999, 64.95221699999999, 88.33122300000002, 64.33698000000001, 58.88773800000001, -1.9328339999999855, 103.975821, 94.39570200000003, 78.13586700000002]","[-1.0, 1.0, 1.0, 1.0, 0.0, 0.0, 0.0, 1.0, 1.0, 1.0, 3.0, 1.0, 1.0, 1.0, 0.0, 1.0]","[-9.0, 12.0, 13.0, 14.0, 11.0, 10.0, 10.0, 4.0, 0.0, 15.0, 10.0, 11.0, 10.0, -10.0, 11.0, 12.0]"
1,1791638264.623094,"[-65.390136, 88.85856899999999, 65.65534500000001, 59.50297499999999, 0.0007679999999936626, 76.81750199999999, 40.870082999999994, 41.133756000000005, 65.919018, 88.33122300000002, 65.21589, 58.88773800000001, -1.9328339999999855, 103.975821, 94.39570200000003, 78.13586700000002]","[0.0, 1.0, 1.0, 1.0, 0.0, 0.0, 0.0, 1.0, 1.0, 0.0, 2.0, 1.0, 1.0, 1.0, 0.0, 1.0]","[-9.0, 11.0, 13.0, 14.0, 12.0, 10.0, 10.0, 9.0, 0.0, 14.0, 10.0, 11.0, 9.0, -10.0, 9.0, 13.0]"
1,1791638264.8443117,"[-66.532719, 88.94646, 66.710037, 59.50297499999999, 0.0007679999999936626, 76.81750199999999, 40.870082999999994, 41.22164699999999, 66.97371000000001, 88.33122300000002, 66.09479999999999, 58.88773800000001, -1.9328339999999855, 103.975821, 94.39570200000003, 78.13586700000002]","[0.0, 2.0, 1.0, 1.0, 0.0, 0.0, 0.0, 1.0, 1.0, 0.0, 1.0, 1.0, 0.0, 1.0, 0.0, 1.0]","[-8.0, 11.0, 14.0, 14.0, 12.0, 11.0, 10.0, 6.0, 0.0, 14.0, 11.0, 11.0, 9.0, -10.0, 10.0, 13.0]"
1,1791638265.0687313,"[-67.49952, 89.298024, 67.76472900000002, 59.50297499999999, 0.0007679999999936626, 76.81750199999999, 40.870082999999994, 41.133756000000005, 67.94051100000001, 88.33122300000002, 66.885819, 58.88773800000001, -1.9328339999999855, 103.975821, 94.39570200000003, 78.047976]","[0.0, 0.0, 3.0, 1.0, 0.0, 0.0, 0.0, 1.0, 1.0, 0.0, 1.0, 1.0, 1.0, 1.0, 0.0, 0.0]","[-9.0, 11.0, 13.0, 14.0, 11.0, 10.0, 10.0, 9.0, 0.0, 14.0, 11.0, 12.0, 9.0, -10.0, 10.0, 13.0]"
1,1791638265.292625,"[-68.37843, 89.298024, 68.73152999999999, 59.50297499999999, 0.0007679999999936626, 76.81750199999999, 40.870082999999994, 41.133756000000005, 68.995203, 88.33122300000002, 67.85262, 58.88773800000001, -1.9328339999999855, 103.975821, 94.39570200000003, 78.13586700000002]","[0.0, 1.0, 1.0, 1.0, 0.0, 0.0, 0.0, 1.0, 1.0, 0.0, 3.0, 1.0, 1.0, 1.0, 0.0, 1.0]","[-10.0, 11.0, 15.0, 14.0, 12.0, 11.0, 9.0, 10.0, 0.0, 14.0, 11.0, 12.0, 9.0, -10.0, 10.0, 13.0]"
1,1791638265.5190067,"[-69.433122, 89.298024, 69.61044000000001, 59.50297499999999, 0.0007679999999936626, 76.81750199999999, 40.870082999999994, 41.133756000000005, 69.96200400000001, 88.33122300000002, 68.73152999999999, 58.88773800000001, -1.9328339999999855, 103.975821, 94.39570200000003, 78.13586700000002]","[-2.0, 1.0, 1.0, 1.0, 0.0, 0.0, 0.0, 0.0, 2.0, 0.0, 1.0, 1.0, 0.0, 1.0, 0.0, 0.0]","[-10.0, 11.0, 14.0, 13.0, 11.0, 10.0, 10.0, 9.0, 0.0, 14.0, 11.0, 12.0, 9.0, -10.0, 10.0, 13.0]"
1,1791638265.7429845,"[-70.224141, 89.298024, 70.48935, 59.50297499999999, 0.0007679999999936626, 76.81750199999999, 40.870082999999994, 41.133756000000005, 70.840914, 88.33122300000002, 69.61044000000001, 58.88773800000001, -1.9328339999999855, 103.975821, 94.39570200000003, 78.13586700000002]","[-1.0, 1.0, 1.0, 1.0, 0.0, 0.0, 0.0, 0.0, 2.0, 1.0, 1.0, 0.0, 0.0, 1.0, 0.0, 1.0]","[-10.0, 11.0, 14.0, 13.0, 12.0, 10.0, 10.0, 9.0, 13.0, 14.0, 12.0, 11.0, 9.0, -11.0, 10.0, 13.0]"
1,1791638265.9631474,"[-71.103051, 89.298024, 71.54404199999999, 59.50297499999999, 0.0007679999999936626, 76.81750199999999, 40.870082999999994, 41.133756000000005, 71.807715, 88.33122300000002, 70.57724100000001, 58.88773800000001, -1.9328339999999855, 103.975821, 94.39570200000003, 78.13586700000002]","[0.0, 1.0, 2.0, 1.0, 0.0, 0.0, 0.0, 1.0, 1.0, 0.0, 1.0, 1.0, 0.0, 1.0, 0.0, 1.0]","[-10.0, 11.0, 14.0, 15.0, 11.0, 10.0, 10.0, 5.0, 13.0, 14.0, 11.0, 11.0, 9.0, -10.0, 10.0, 13.0]"
1,1791638266.1887074,"[-72.157743, 89.298024, 72.335061, 59.50297499999999, 0.0007679999999936626, 76.81750199999999, 40.870082999999994, 41.133756000000005, 72.59873400000001, 88.33122300000002, 71.631933, 58.88773800000001, -1.9328339999999855, 103.975821, 94.39570200000003, 78.13586700000002]","[0.0, 1.0, 2.0, 1.0, 0.0, 0.0, 0.0, 0.0, 1.0, 0.0, 3.0, 1.0, 0.0, 1.0, 0.0, 0.0]","[-9.0, 11.0, 14.0, 14.0, 11.0, 11.0, 9.0, 7.0, 14.0, 13.0, 12.0, 11.0, 9.0, -10.0, 10.0, 13.0]"
1,1791638266.4133139,"[-73.036653, 89.298024, 73.21397100000002, 59.50297499999999, 0.0007679999999936626, 76.81750199999999, 40.870082999999994, 41.22164699999999, 73.74131700000001, 88.33122300000002, 72.510843, 58.88773800000001, -1.9328339999999855, 103.975821, 94.39570200000003, 78.13586700000002]","[0.0, 1.0, 3.0, 1.0, 0.0, 0.0, 0.0, 1.0, 3.0, 0.0, 2.0, 1.0, 0.0, 1.0, 0.0, 1.0]","[-11.0, 11.0, 15.0, 13.0, 11.0, 10.0, 10.0, 5.0, 14.0, 14.0, 12.0, 12.0, 8.0, -10.0, 10.0, 13.0]"
1,1791638266.6365793,"[-73.563999, 89.298024, 74.092881, 59.50297499999999, 0.0007679999999936626, 76.81750199999999, 40.870082999999994, 41.133756000000005, 74.35655400000002, 88.33122300000002, 73.38975300000001, 58.88773800000001, -1.9328339999999855, 103.975821, 94.39570200000003, 78.13586700000002]","[0.0, 1.0, 2.0, 1.0, 0.0, 0.0, 0.0, 0.0, 5.0, 1.0, 1.0, 1.0, 1.0, 1.0, 0.0, 1.0]","[-13.0, 11.0, 15.0, 14.0, 11.0, 10.0, 10.0, 10.0, 15.0, 14.0, 14.0, 11.0, 9.0, -11.0, 10.0, 13.0]"
1,1791638266.8629594,"[-73.563999, 89.298024, 74.88390000000001, 59.50297499999999, 0.0007679999999936626, 76.81750199999999, 40.870082999999994, 41.133756000000005, 74.620227, 88.33122300000002, 74.268663, 58.88773800000001, -1.9328339999999855, 103.975821, 94.39570200000003, 78.13586700000002]","[0.0, 1.0, 1.0, 1.0, 0.0, 0.0, 0.0, 0.0, 1.0, 0.0, 2.0, 1.0, 0.0, 1.0, 0.0, 1.0]","[-13.0, 11.0, 16.0, 14.0, 12.0, 10.0, 10.0, 6.0, 14.0, 14.0, 13.0, 12.0, 9.0, -11.0, 10.0, 13.0]"
1,1791638267.083977,"[-73.563999, 89.298024, 75.85070100000002, 59.50297499999999, 0.0007679999999936626, 76.81750199999999, 40.870082999999994, 41.133756000000005, 74.620227, 88.33122300000002, 75.05968200000001, 58.88773800000001, -1.9328339999999855, 103.975821, 94.39570200000003, 78.13586700000002]","[0.0, 1.0, 2.0, 1.0, 0.0, 0.0, 0.0, 0.0, 0.0, 1.0, 1.0, 1.0, 1.0, 1.0, 0.0, 1.0]","[-12.0, 12.0, 16.0, 15.0, 12.0, 10.0, 9.0, 10.0, 14.0, 14.0, 14.0, 12.0, 10.0, -10.0, 10.0, 13.0]"
1,1791638267.3082473,"[-73.563999, 89.298024, 76.72961099999998, 59.50297499999999, 0.0007679999999936626, 76.81750199999999, 40.870082999999994, 41.22164699999999, 74.620227, 88.33122300000002, 75.85070100000002, 58.88773800000001, -1.8449430000000007, 103.975821, 94.39570200000003, 78.13586700000002]","[1.0, 1.0, 1.0, 1.0, 0.0, 0.0, 0.0, 1.0, 1.0, 1.0, 1.0, 1.0, 1.0, 1.0, 0.0, 1.0]","[-12.0, 11.0, 16.0, 13.0, 11.0, 10.0, 10.0, 7.0, 14.0, 14.0, 15.0, 11.0, 9.0, -11.0, 11.0, 13.0]"
1,1791638267.5350108,"[-73.563999, 89.298024, 77.78430300000002, 59.50297499999999, 0.0007679999999936626, 76.81750199999999, 40.870082999999994, 41.133756000000005, 74.620227, 88.33122300000002, 76.37804699999998, 58.88773800000001, -1.9328339999999855, 103.975821, 94.39570200000003, 78.13586700000002]","[0.0, 1.0, 3.0, 1.0, 0.0, 0.0, 0.0, 0.0, 0.0, 0.0, 4.0, 1.0, 0.0, 1.0, 0.0, 1.0]","[-12.0, 11.0, 16.0, 14.0, 11.0, 10.0, 10.0, 10.0, 14.0, 13.0, 15.0, 11.0, 9.0, -11.0, 10.0, 13.0]"
1,1791638267.7588322,"[-73.563999, 89.298024, 78.57532200000003, 59.50297499999999, 0.0007679999999936626, 76.81750199999999, 40.870082999999994, 41.133756000000005, 74.620227, 88.33122300000002, 77.69641200000001, 58.88773800000001, -1.9328339999999855, 103.975821, 94.39570200000003, 78.13586700000002]","[1.0, 1.0, 1.0, 1.0, 0.0, 0.0, 0.0, 0.0, 0.0, 1.0, 2.0, 1.0, 1.0, 1.0, 0.0, 0.0]","[-13.0, 11.0, 17.0, 14.0, 11.0, 9.0, 10.0, 8.0, 14.0, 14.0, 14.0, 11.0, 9.0, -11.0, 10.0, 14.0]"
1,1791638267.9806585,"[-73.563999, 89.298024, 79.45423199999999, 59.50297499999999, 0.0007679999999936626, 76.81750199999999, 40.870082999999994, 41.133756000000005, 74.620227, 88.33122300000002, 78.66321299999998, 58.88773800000001, -1.9328339999999855, 103.975821, 94.39570200000003, 78.13586700000002]","[1.0, 1.0, 1.0, 1.0, 0.0, 0.0, 0.0, 1.0, 1.0, 1.0, 3.0, 1.0, 0.0, 1.0, 0.0, 0.0]","[-12.0, 11.0, 17.0, 15.0, 12.0, 11.0, 11.0, 3.0, 13.0, 13.0, 14.0, 11.0, 9.0, -10.0, 10.0, 13.0]"
1,1791638268.2038012,"[-73.563999, 89.298024, 80.245251, 59.50297499999999, 0.0007679999999936626, 76.81750199999999, 40.870082999999994, 41.133756000000005, 74.620227, 88.33122300000002, 79.542123, 58.88773800000001, -1.9328339999999855, 103.975821, 94.39570200000003, 78.13586700000002]","[0.0, 1.0, 1.0, 1.0, 0.0, 0.0, 0.0, 1.0, 1.0, 0.0, 1.0, 1.0, 1.0, 1.0, 0.0, 0.0]","[-12.0, 11.0, 18.0, 14.0, 11.0, 9.0, 9.0, 5.0, 14.0, 14.0, 15.0, 12.0, 9.0, -11.0, 11.0, 13.0]"
1,1791638268.4295628,"[-73.563999, 89.298024, 81.47572500000001, 59.50297499999999, 0.0007679999999936626, 76.81750199999999, 40.870082999999994, 41.133756000000005, 74.620227, 88.33122300000002, 80.50892399999998, 58.88773800000001, -1.8449430000000007, 103.975821, 94.39570200000003, 78.13586700000002]","[1.0, 1.0, 3.0, 1.0, 0.0, 0.0, 0.0, 0.0, 0.0, 0.0, 2.0, 1.0, 1.0, 1.0, 0.0, 1.0]","[-12.0, 11.0, 17.0, 13.0, 12.0, 10.0, 10.0, 10.0, 14.0, 14.0, 15.0, 11.0, 9.0, -10.0, 11.0, 13.0]"
1,1791638268.6520228,"[-73.563999, 89.298024, 82.26674400000002, 59.50297499999999, 0.0007679999999936626, 76.81750199999999, 40.870082999999994, 41.133756000000005, 74.620227, 88.33122300000002, 81.65150699999998, 58.88773800000001, -1.9328339999999855, 103.975821, 94.39570200000003, 78.13586700000002]","[0.0, 1.0, 1.0, 1.0, 0.0, 0.0, 0.0, 1.0, 0.0, 1.0, 1.0, 1.0, 0.0, 1.0, 0.0, 0.0]","[-13.0, 11.0, 17.0, 14.0, 13.0, 10.0, 10.0, 6.0, 14.0, 14.0, 16.0, 12.0, 9.0, -11.0, 10.0, 12.0]"
1,1791638268.876402,"[-73.65189, 89.298024, 82.79408999999998, 59.50297499999999, 0.0007679999999936626, 76.81750199999999, 40.870082999999994, 41.133756000000005, 74.620227, 88.33122300000002, 82.44252599999999, 58.88773800000001, -1.9328339999999855, 103.975821, 94.39570200000003, 78.13586700000002]","[0.0, 1.0, 1.0, 0.0, 0.0, 0.0, 0.0, 1.0, 1.0, 0.0, 1.0, 1.0, 2.0, 1.0, 0.0, 1.0]","[-12.0, 12.0, 20.0, 14.0, 12.0, 11.0, 10.0, 7.0, 14.0, 13.0, 16.0, 12.0, 9.0, -10.0, 10.0, 13.0]"
1,1791638269.102717,"[-73.65189, 89.298024, 82.96987200000001, 59.50297499999999, 0.0007679999999936626, 76.81750199999999, 40.870082999999994, 41.133756000000005, 74.620227, 88.33122300000002, 83.321436, 58.88773800000001, -1.8449430000000007, 103.975821, 94.39570200000003, 78.13586700000002]","[0.0, 1.0, 1.0, 1.0, 0.0, 0.0, 0.0, 0.0, 1.0, 1.0, 2.0, 1.0, 1.0, 1.0, 0.0, 0.0]","[-12.0, 11.0, 25.0, 14.0, 12.0, 10.0, 9.0, 9.0, 14.0, 14.0, 16.0, 12.0, 9.0, -10.0, 10.0, 13.0]"
1,1791638269.3228812,"[-73.739781, 89.298024, 83.58510899999999, 59.50297499999999, 0.0007679999999936626, 76.81750199999999, 40.870082999999994, 41.133756000000005, 74.53233600000002, 88.33122300000002, 84.20034600000002, 58.88773800000001, -1.9328339999999855, 103.975821, 94.39570200000003, 78.13586700000002]","[0.0, 1.0, 1.0, 1.0, 0.0, 0.0, 0.0, 1.0, 1.0, 1.0, 2.0, 1.0, 1.0, 1.0, 0.0, 1.0]","[-12.0, 11.0, 26.0, 15.0, 12.0, 10.0, 10.0, 9.0, 14.0, 14.0, 17.0, 11.0, 10.0, -11.0, 10.0, 13.0]"
1,1791638269.5506308,"[-73.739781, 89.298024, 84.11245500000001, 59.41508400000001, 0.0007679999999936626, 76.81750199999999, 40.870082999999994, 41.133756000000005, 74.53233600000002, 88.33122300000002, 84.90347400000002, 58.88773800000001, -1.9328339999999855, 103.975821, 94.39570200000003, 78.13586700000002]","[0.0, 1.0, 1.0, 0.0, 0.0, 0.0, 0.0, 0.0, 0.0, 1.0, 1.0, 1.0, 0.0, 1.0, 0.0, 1.0]","[-12.0, 10.0, 30.0, 14.0, 12.0, 10.0, 9.0, 9.0, 15.0, 13.0, 19.0, 11.0, 9.0, -10.0, 10.0, 13.0]"
1,1791638269.7725215,"[-73.739781, 89.298024, 84.90347400000002, 59.41508400000001, 0.0007679999999936626, 76.81750199999999, 40.870082999999994, 41.133756000000005, 74.620227, 88.33122300000002, 85.78238399999998, 58.88773800000001, -1.9328339999999855, 103.975821, 94.39570200000003, 78.13586700000002]","[0.0, 1.0, 3.0, 0.0, 0.0, 0.0, 0.0, 1.0, 1.0, 1.0, 2.0, 1.0, 0.0, 1.0, 0.0, 1.0]","[-12.0, 11.0, 31.0, 14.0, 12.0, 11.0, 10.0, 8.0, 14.0, 14.0, 19.0, 12.0, 9.0, -10.0, 10.0, 12.0]"
1,1791638269.9981222,"[-73.739781, 89.298024, 84.99136500000003, 59.41508400000001, 0.0007679999999936626, 76.81750199999999, 40.870082999999994, 41.133756000000005, 74.53233600000002, 88.33122300000002, 86.661294, 58.88773800000001, -1.9328339999999855, 103.975821, 94.39570200000003, 78.13586700000002]","[0.0, 1.0, 1.0, 0.0, 0.0, 0.0, 0.0, 0.0, 1.0, 0.0, 1.0, 1.0, 1.0, 1.0, 0.0, 1.0]","[-12.0, 11.0, 39.0, 14.0, 11.0, 11.0, 9.0, 10.0, 14.0, 14.0, 19.0, 12.0, 9.0, -10.0, 10.0, 13.0]"
2,1791638272.0114958,"[0.0007679999999936626, -4.481673000000001, -1.3175970000000063, -0.17501400000000444, -0.08712299999999118, -5.360582999999991, 0.0007679999999936626, -0.2629049999999893, 0.08865900000000693, -5.4484740000000045, -1.229705999999993, 0.17654999999999177, -1.1418150000000082, 178.243716, 39.991173, 25.489158000000003]","[0.0, 1.0, 1.0, 1.0, 0.0, 0.0, 1.0, 0.0, 0.0, 1.0, 1.0, 0.0, 1.0, 1.0, 0.0, 0.0]","[-8.0, 30.0, 17.0, 13.0, 0.0, 32.0, -10.0, 9.0, -14.0, 37.0, 11.0, -10.0, 12.0, 16.0, 0.0, -14.0]"
2,1791638272.2358503,"[0.0007679999999936626, -4.481673000000001, -0.9660330000000101, 0.08865900000000693, -0.08712299999999118, -5.184800999999993, 0.6160050000000012, -0.08712299999999118, 0.08865900000000693, -5.272692000000006, -1.229705999999993, 0.3523319999999899, -1.1418150000000082, 177.98004300000002, 40.07906399999999, 25.66494]","[0.0, 1.0, 1.0, 1.0, 0.0, 2.0, 1.0, 1.0, 0.0, 1.0, 0.0, 1.0, 0.0, 0.0, 1.0, 0.0]","[-8.0, 35.0, 18.0, 15.0, 0.0, 44.0, 11.0, 12.0, -14.0, 44.0, 15.0, 10.0, 15.0, -12.0, 11.0, 13.0]"
2,1791638272.4598103,"[0.0007679999999936626, -4.481673000000001, -0.08712299999999118, 0.44022300000000314, -0.08712299999999118, -3.7785450000000083, 1.2312420000000088, 0.08865900000000693, 0.08865900000000693, -5.272692000000006, -0.6144689999999855, 0.44022300000000314, -1.1418150000000082, 177.62847900000003, 40.07906399999999, 26.368067999999994]","[0.0, 0.0, 2.0, 1.0, 0.0, 1.0, 3.0, 1.0, 0.0, 1.0, 1.0, 1.0, 0.0, 0.0, 0.0, 1.0]","[-8.0, 42.0, 18.0, 16.0, 0.0, 59.0, 11.0, 13.0, -15.0, 56.0, 16.0, 12.0, 19.0, -24.0, 14.0, 14.0]"
2,1791638272.6864295,"[0.0007679999999936626, -4.1301090000000045, 0.8796780000000126, 1.407024000000007, -0.08712299999999118, -3.0754169999999874, 1.846478999999988, 1.407024000000007, 0.08865900000000693, -4.657454999999999, 0.26444100000000503, 0.8796780000000126, -1.1418150000000082, 176.749569, 41.573211000000015, 27.159087]","[0.0, 1.0, 1.0, 3.0, 0.0, 8.0, 1.0, 2.0, 0.0, 1.0, 2.0, 1.0, 1.0, 0.0, 4.0, 1.0]","[-9.0, 50.0, 19.0, 16.0, 0.0, 62.0, 12.0, 13.0, -14.0, 59.0, 16.0, 14.0, 26.0, -40.0, 12.0, 15.0]"
2,1791638272.9104054,"[0.0007679999999936626, -3.514871999999997, 1.7585880000000031, 2.3738250000000107, -0.08712299999999118, 0.3523319999999899, 2.725389000000007, 2.1101519999999994, 0.08865900000000693, -4.217999999999989, 1.407024000000007, 2.0222610000000145, -1.1418150000000082, 173.40971100000002, 42.27633900000001, 28.125888000000003]","[0.0, 1.0, 1.0, 3.0, 0.0, 4.0, 2.0, 1.0, 0.0, 4.0, 2.0, 3.0, 1.0, -4.0, 1.0, 2.0]","[-8.0, 55.0, 19.0, 17.0, 0.0, 54.0, 12.0, 13.0, -14.0, 60.0, 16.0, 14.0, 33.0, -34.0, 13.0, 15.0]"
2,1791638273.134157,"[0.0007679999999936626, -3.514871999999997, 2.901171000000005, 3.2527350000000013, -0.08712299999999118, 1.9343700000000013, 3.4285169999999994, 3.3406260000000145, 0.08865900000000693, -4.042217999999991, 2.1101519999999994, 3.076953000000003, -1.1418150000000082, 169.80617999999998, 43.06735800000001, 29.268471000000005]","[0.0, 1.0, 1.0, 1.0, 0.0, 4.0, 3.0, 3.0, 0.0, 1.0, 1.0, 3.0, 1.0, -5.0, 1.0, 3.0]","[-8.0, 66.0, 19.0, 17.0, 0.0, 56.0, 14.0, 13.0, -14.0, 76.0, 17.0, 14.0, 40.0, -31.0, 15.0, 15.0]"
2,1791638273.5805209,"[0.0007679999999936626, -1.1418150000000082, 3.7800809999999956, 4.483208999999988, -0.08712299999999118, 3.6921900000000107, 4.483208999999988, 4.395318000000003, 0.08865900000000693, -1.9328339999999855, 3.4285169999999994, 4.043754000000007, 0.6160050000000012, 168.31203299999999, 44.56150500000001, 30.147380999999996]","[0.0, 0.0, 1.0, 1.0, 0.0, 1.0, 1.0, 1.0, 0.0, 1.0, 0.0, 1.0, 1.0, 0.0, 0.0, 1.0]","[-7.0, 52.0, 20.0, 17.0, 0.0, 65.0, 13.0, 13.0, -14.0, 64.0, 17.0, 14.0, 30.0, -43.0, 13.0, 15.0]"
2,1791638273.8037534,"[0.0007679999999936626, -1.1418150000000082, 4.834773000000013, 5.362119000000007, -0.08712299999999118, 5.9773560000000145, 5.274227999999994, 5.186337000000009, 0.08865900000000693, -1.9328339999999855, 3.5164080000000126, 4.9226639999999975, 1.4949149999999918, 164.708502, 44.649395999999996, 31.202073000000013]","[0.0, 0.0, 3.0, 5.0, 0.0, 6.0, 3.0, 3.0, 0.0, 1.0, 1.0, 1.0, 7.0, -9.0, 1.0, 2.0]","[-9.0, 62.0, 19.0, 16.0, 0.0, 57.0, 14.0, 14.0, -14.0, 75.0, 19.0, 14.0, 31.0, -35.0, 16.0, 14.0]"
2,1791638274.0303292,"[0.0007679999999936626, -1.053923999999995, 5.889465000000001, 6.592592999999994, -0.08712299999999118, 6.153138000000013, 6.065246999999999, 6.328920000000011, 0.08865900000000693, 0.08865900000000693, 5.186337000000009, 6.2410289999999975, 2.549607000000009, 161.45653500000003, 46.582998, 32.16887399999999]","[0.0, 1.0, 1.0, 3.0, 0.0, 0.0, 6.0, 4.0, 0.0, 3.0, 2.0, 2.0, 7.0, -7.0, 5.0, 1.0]","[-9.0, 72.0, 19.0, 16.0, 0.0, 81.0, 15.0, 14.0, -14.0, 63.0, 16.0, 13.0, 31.0, -33.0, 12.0, 15.0]"
2,1791638274.254334,"[0.0007679999999936626, 1.0554600000000107, 5.9773560000000145, 7.383611999999999, -0.08712299999999118, 10.020342, 7.207830000000001, 7.383611999999999, 0.08865900000000693, 0.08865900000000693, 6.2410289999999975, 7.119938999999988, 3.7800809999999956, 158.38035000000002, 47.54979900000001, 33.31145699999999]","[0.0, 3.0, 2.0, 1.0, 0.0, 7.0, 1.0, 1.0, 0.0, 1.0, 1.0, 2.0, 4.0, -4.0, 3.0, 2.0]","[-8.0, 58.0, 23.0, 17.0, 0.0, 54.0, 14.0, 13.0, -14.0, 75.0, 17.0, 13.0, 33.0, -34.0, 13.0, 14.0]"
2,1791638274.4772563,"[0.0007679999999936626, 2.0222610000000145, 7.823067000000009, 8.350413000000003, -0.08712299999999118, 11.426598000000013, 8.26252199999999, 8.526195000000001, 0.08865900000000693, 1.2312420000000088, 7.119938999999988, 7.823067000000009, 4.6589910000000145, 155.567838, 48.34081800000001, 34.36614900000001]","[0.0, 4.0, 1.0, 2.0, 0.0, 2.0, 2.0, 3.0, 0.0, 1.0, 1.0, 4.0, 1.0, -3.0, 1.0, 4.0]","[-9.0, 56.0, 19.0, 16.0, 0.0, 65.0, 14.0, 12.0, -14.0, 72.0, 17.0, 14.0, 32.0, -36.0, 13.0, 14.0]"
2,1791638274.7022994,"[0.0007679999999936626, 3.076953000000003, 8.701977, 9.492996000000005, -0.08712299999999118, 13.53598199999999, 9.317214000000007, 9.405104999999992, 0.08865900000000693, 3.164843999999988, 8.174631000000005, 9.317214000000007, 6.2410289999999975, 152.667435, 49.571292, 35.33295000000001]","[0.0, 1.0, 3.0, 3.0, 0.0, 8.0, 1.0, 1.0, 0.0, 10.0, 4.0, 4.0, 4.0, -5.0, 3.0, 3.0]","[-9.0, 58.0, 20.0, 16.0, 0.0, 59.0, 14.0, 13.0, -13.0, 54.0, 16.0, 13.0, 27.0, -35.0, 13.0, 14.0]"
2,1791638274.92629,"[0.0007679999999936626, 3.076953000000003, 9.756668999999988, 10.459797000000009, -0.08712299999999118, 15.909039000000007, 10.28401500000001, 10.371905999999996, 0.08865900000000693, 4.219536000000005, 9.141432000000009, 10.108233000000013, 6.856266000000005, 150.294378, 50.538093, 36.21186]","[0.0, 1.0, 1.0, 3.0, 0.0, 3.0, 1.0, 1.0, 0.0, 0.0, 2.0, 3.0, 4.0, 0.0, 2.0, 1.0]","[-9.0, 68.0, 20.0, 16.0, 0.0, 60.0, 14.0, 13.0, -14.0, 59.0, 17.0, 14.0, 29.0, -42.0, 13.0, 14.0]"
2,1791638275.148536,"[0.0007679999999936626, 4.746881999999999, 10.635579000000007, 11.426598000000013, -0.08712299999999118, 15.996929999999992, 11.162925000000001, 11.338707, 0.08865900000000693, 4.219536000000005, 9.756668999999988, 10.987143000000003, 8.438303999999988, 147.393975, 51.50489400000001, 37.354443]","[0.0, 5.0, 2.0, 3.0, 0.0, 1.0, 1.0, 1.0, 0.0, 0.0, 2.0, 1.0, 3.0, -4.0, 1.0, 3.0]","[-9.0, 61.0, 20.0, 16.0, 0.0, 83.0, 15.0, 13.0, -14.0, 70.0, 17.0, 14.0, 28.0, -40.0, 13.0, 14.0]"
2,1791638275.37199,"[0.0007679999999936626, 5.098445999999996, 11.690270999999996, 12.305508000000003, -0.08712299999999118, 20.039916000000005, 12.21761699999999, 12.393398999999988, 0.08865900000000693, 6.2410289999999975, 10.89925199999999, 12.129726000000005, 9.141432000000009, 143.878335, 52.64747700000001, 38.233352999999994]","[0.0, 1.0, 1.0, 1.0, 0.0, 8.0, 1.0, 1.0, 0.0, 6.0, 1.0, 4.0, 1.0, -7.0, 3.0, 2.0]","[-9.0, 71.0, 20.0, 17.0, 0.0, 53.0, 14.0, 14.0, -14.0, 57.0, 19.0, 13.0, 29.0, -38.0, 12.0, 14.0]"
2,1791638275.5955966,"[0.0007679999999936626, 5.098445999999996, 12.569181000000015, 13.184417999999994, -0.08712299999999118, 20.567262, 13.272309000000007, 13.53598199999999, 0.08865900000000693, 6.328920000000011, 11.338707, 13.008635999999996, 10.547687999999994, 140.977932, 53.526387, 39.46382700000001]","[0.0, 1.0, 1.0, 1.0, 0.0, 7.0, 2.0, 2.0, 0.0, 1.0, 6.0, 4.0, 3.0, 0.0, 3.0, 1.0]","[-9.0, 82.0, 20.0, 18.0, 0.0, 68.0, 14.0, 12.0, -14.0, 70.0, 19.0, 14.0, 26.0, -39.0, 13.0, 15.0]"
2,1791638275.8198318,"[0.0007679999999936626, 8.350413000000003, 13.799655000000001, 14.23911000000001, -0.08712299999999118, 24.346575, 14.327000999999996, 14.502782999999994, 0.08865900000000693, 6.328920000000011, 13.096527000000009, 13.887546000000015, 11.60238000000001, 137.462292, 54.756861000000015, 40.518519]","[0.0, 11.0, 4.0, 1.0, 0.0, 7.0, 2.0, 1.0, 0.0, 1.0, 5.0, 0.0, 3.0, -5.0, 4.0, 3.0]","[-9.0, 50.0, 19.0, 17.0, 0.0, 57.0, 13.0, 12.0, -14.0, 84.0, 18.0, 15.0, 28.0, -36.0, 13.0, 14.0]"
2,1791638276.0430996,"[0.0007679999999936626, 9.053540999999996, 14.85434699999999, 15.381693000000013, -0.08712299999999118, 26.192285999999996, 15.381693000000013, 15.821147999999994, 0.08865900000000693, 9.405104999999992, 13.887546000000015, 14.942238000000003, 11.690270999999996, 134.38610699999998, 55.635771000000005, 41.48532]","[0.0, 1.0, 2.0, 2.0, 0.0, 4.0, 1.0, 2.0, 0.0, 8.0, 4.0, 2.0, 1.0, -4.0, 1.0, 3.0]","[-9.0, 60.0, 19.0, 15.0, 0.0, 56.0, 13.0, 13.0, -14.0, 54.0, 19.0, 15.0, 30.0, -35.0, 12.0, 13.0]"
2,1791638276.267478,"[0.0007679999999936626, 9.492996000000005, 15.645365999999996, 16.260603000000003, -0.08712299999999118, 28.30167, 16.524276000000015, 16.787948999999998, 0.08865900000000693, 9.405104999999992, 14.766456000000005, 15.996929999999992, 13.53598199999999, 130.95835799999998, 56.77835400000001, 42.452121000000005]","[0.0, 6.0, 1.0, 3.0, 0.0, 3.0, 3.0, 2.0, 0.0, 1.0, 1.0, 1.0, 3.0, -3.0, 3.0, 2.0]","[-8.0, 60.0, 20.0, 17.0, 0.0, 55.0, 13.0, 13.0, -13.0, 69.0, 18.0, 14.0, 23.0, -30.0, 12.0, 13.0]"
2,1791638276.492285,"[0.0007679999999936626, 11.338707, 16.787948999999998, 16.963730999999996, -0.08712299999999118, 29.971598999999998, 17.578968000000003, 17.75475, 0.08865900000000693, 9.492996000000005, 15.996929999999992, 16.963730999999996, 13.711763999999988, 127.79428200000001, 57.92093700000001, 43.41892200000001]","[0.0, 5.0, 1.0, 1.0, 0.0, 2.0, 5.0, 3.0, 0.0, 1.0, 2.0, 5.0, 1.0, -2.0, 3.0, 1.0]","[-9.0, 56.0, 19.0, 18.0, 0.0, 59.0, 12.0, 12.0, -14.0, 83.0, 18.0, 14.0, 33.0, -30.0, 12.0, 14.0]"
2,1791638276.7164598,"[0.0007679999999936626, 11.953944000000007, 17.930532, 18.106313999999998, -0.08712299999999118, 32.432547, 18.36998700000001, 18.633659999999992, 0.08865900000000693, 9.756668999999988, 16.87584000000001, 18.19420500000001, 15.733257000000009, 125.069661, 59.06352000000001, 44.38572300000001]","[0.0, 1.0, 2.0, 1.0, 0.0, 10.0, 1.0, 2.0, 0.0, 1.0, 1.0, 4.0, 5.0, -4.0, 4.0, 1.0]","[-8.0, 62.0, 19.0, 17.0, 0.0, 54.0, 14.0, 12.0, -14.0, 91.0, 16.0, 12.0, 25.0, -34.0, 12.0, 15.0]"
2,1791638276.9397871,"[0.0007679999999936626, 12.129726000000005, 18.80944199999999, 19.248897, -0.08712299999999118, 34.36614900000001, 19.336788000000013, 19.68835200000001, 0.08865900000000693, 9.756668999999988, 18.106313999999998, 18.897333000000003, 16.700058000000013, 122.69660399999998, 60.20610300000001, 45.616197]","[0.0, 0.0, 1.0, 1.0, 1.0, 3.0, 2.0, 2.0, 0.0, 1.0, 1.0, 1.0, 1.0, 0.0, 4.0, 2.0]","[-8.0, 71.0, 19.0, 16.0, 0.0, 57.0, 14.0, 11.0, -13.0, 107.0, 16.0, 14.0, 25.0, -37.0, 11.0, 14.0]"
2,1791638277.1632729,"[0.0007679999999936626, 13.448091000000005, 20.039916000000005, 20.215698000000003, -0.08712299999999118, 36.82709700000001, 20.215698000000003, 20.655153000000013, 0.08865900000000693, 14.063328000000013, 19.073115, 20.215698000000003, 17.842641000000015, 118.82940000000002, 61.260795, 46.49510699999999]","[0.0, 1.0, 3.0, 4.0, 0.0, 8.0, 1.0, 0.0, 0.0, 18.0, 3.0, 3.0, 1.0, -5.0, 4.0, 2.0]","[-8.0, 67.0, 18.0, 16.0, 0.0, 46.0, 14.0, 13.0, -14.0, 52.0, 16.0, 14.0, 24.0, -29.0, 11.0, 14.0]"
2,1791638277.38744,"[0.0007679999999936626, 14.502782999999994, 21.00671700000001, 21.270389999999992, 0.0007679999999936626, 38.76069899999999, 21.00671700000001, 21.621953999999988, 0.08865900000000693, 14.23911000000001, 20.215698000000003, 21.182499000000007, 18.457877999999994, 115.665324, 62.227596000000005, 47.63768999999999]","[0.0, 1.0, 3.0, 1.0, 2.0, 3.0, 1.0, 1.0, 0.0, 1.0, 1.0, 3.0, 6.0, -4.0, 2.0, 2.0]","[-9.0, 68.0, 19.0, 16.0, -8.0, 51.0, 15.0, 12.0, -14.0, 70.0, 17.0, 12.0, 26.0, -31.0, 11.0, 14.0]"
2,1791638277.6140747,"[0.0007679999999936626, 14.85434699999999, 22.061408999999998, 22.237190999999996, 0.0007679999999936626, 40.694300999999996, 21.885627, 22.76453699999999, 0.08865900000000693, 14.23911000000001, 21.094607999999994, 22.237190999999996, 20.303588999999988, 112.50124799999998, 63.45806999999999, 48.51660000000001]","[0.0, 6.0, 1.0, 2.0, 0.0, 8.0, 2.0, 1.0, 0.0, 1.0, 0.0, 1.0, 2.0, -4.0, 2.0, 1.0]","[-8.0, 67.0, 19.0, 17.0, -6.0, 47.0, 17.0, 12.0, -15.0, 84.0, 18.0, 13.0, 20.0, -29.0, 11.0, 13.0]"
2,1791638277.837976,"[0.0007679999999936626, 17.403186000000005, 22.940318999999988, 23.203992, 0.0007679999999936626, 43.155249, 22.588754999999992, 23.555555999999996, 0.08865900000000693, 14.23911000000001, 22.061408999999998, 22.76453699999999, 20.39148, 109.16138999999998, 64.51276200000001, 49.483401000000015]","[0.0, 3.0, 2.0, 1.0, 1.0, 4.0, 1.0, 1.0, 0.0, 1.0, 4.0, 4.0, 1.0, -4.0, 3.0, 1.0]","[-8.0, 53.0, 19.0, 17.0, -6.0, 47.0, 16.0, 12.0, -14.0, 101.0, 16.0, 15.0, 25.0, -27.0, 12.0, 13.0]"
2,1791638278.058899,"[0.0007679999999936626, 17.403186000000005, 23.907119999999992, 24.258683999999988, 0.0007679999999936626, 45.87987000000001, 23.64344700000001, 24.78603000000001, 0.08865900000000693, 18.457877999999994, 23.203992, 24.08290199999999, 22.14930000000001, 105.82153199999999, 65.47956300000001, 50.62598400000002]","[0.0, 1.0, 3.0, 1.0, 0.0, 9.0, 2.0, 1.0, 0.0, 11.0, 1.0, 3.0, 3.0, -5.0, 1.0, 2.0]","[-8.0, 67.0, 19.0, 17.0, -12.0, 39.0, 16.0, 11.0, -14.0, 54.0, 16.0, 13.0, 22.0, -24.0, 11.0, 13.0]"
2,1791638278.2830698,"[0.0007679999999936626, 19.248897, 24.78603000000001, 25.40126699999999, 0.0007679999999936626, 47.461907999999994, 24.96181200000001, 25.752831000000015, 0.08865900000000693, 18.985223999999988, 24.346575, 25.40126699999999, 23.379773999999998, 102.39378299999998, 66.710037, 51.50489400000001]","[0.0, 4.0, 3.0, 2.0, 1.0, 1.0, 4.0, 1.0, 0.0, 1.0, 4.0, 1.0, 4.0, -5.0, 2.0, 3.0]","[-9.0, 53.0, 19.0, 16.0, -12.0, 46.0, 15.0, 13.0, -15.0, 63.0, 16.0, 13.0, 20.0, -21.0, 10.0, 14.0]"
2,1791638278.5092044,"[0.0007679999999936626, 19.336788000000013, 25.840722, 26.368067999999994, 0.0007679999999936626, 49.13183699999999, 25.840722, 26.895413999999988, 0.08865900000000693, 19.161006000000015, 25.225484999999992, 26.368067999999994, 24.610248000000013, 99.05392499999999, 68.028402, 52.559585999999996]","[0.0, 2.0, 2.0, 2.0, 1.0, 1.0, 1.0, 2.0, 0.0, 0.0, 2.0, 2.0, 3.0, -4.0, 4.0, 3.0]","[-9.0, 67.0, 20.0, 16.0, -12.0, 50.0, 15.0, 12.0, -14.0, 72.0, 15.0, 12.0, 20.0, -19.0, 0.0, 14.0]"
2,1791638278.7316241,"[0.0007679999999936626, 19.336788000000013, 26.631741000000005, 27.510650999999996, 0.0007679999999936626, 51.59278499999999, 27.071196000000015, 27.42276000000001, 0.08865900000000693, 19.248897, 26.016503999999998, 27.510650999999996, 25.489158000000003, 95.80195800000001, 68.995203, 53.526387]","[0.0, 0.0, 1.0, 4.0, 1.0, 4.0, 1.0, 1.0, 1.0, 1.0, 1.0, 3.0, 1.0, -2.0, 2.0, 1.0]","[-9.0, 80.0, 21.0, 15.0, -12.0, 43.0, 14.0, 14.0, -14.0, 83.0, 17.0, 12.0, 18.0, -18.0, 10.0, 13.0]"
2,1791638278.9580271,"[0.0007679999999936626, 22.32508200000001, 27.686432999999994, 28.389561000000015, 0.0007679999999936626, 54.14162400000001, 28.125888000000003, 28.565343000000013, 0.08865900000000693, 21.44617199999999, 27.246978000000013, 28.653233999999998, 26.016503999999998, 93.78046499999999, 69.43465800000001, 54.053732999999994]","[0.0, 11.0, 4.0, 1.0, 1.0, 6.0, 1.0, 2.0, 0.0, 19.0, 2.0, 2.0, 1.0, 0.0, 1.0, 1.0]","[-8.0, 50.0, 19.0, 17.0, -12.0, 35.0, 15.0, 12.0, -14.0, 56.0, 17.0, 11.0, 25.0, -26.0, 11.0, 14.0]"
2,1791638279.1819417,"[0.0007679999999936626, 22.588754999999992, 28.653233999999998, 29.444253000000003, 0.0007679999999936626, 56.514680999999996, 29.444253000000003, 29.795817, 0.17654999999999177, 23.995011000000005, 28.389561000000015, 29.620035, 26.016503999999998, 93.78046499999999, 69.43465800000001, 54.22951499999999]","[0.0, 1.0, 1.0, 1.0, 1.0, 4.0, 4.0, 1.0, 0.0, 1.0, 4.0, 1.0, 1.0, 0.0, 1.0, 0.0]","[-8.0, 66.0, 20.0, 15.0, -12.0, 32.0, 14.0, 12.0, -14.0, 51.0, 16.0, 12.0, 31.0, -26.0, 14.0, 17.0]"
2,1791638279.4053233,"[0.0007679999999936626, 22.588754999999992, 29.532143999999988, 30.67472699999999, 0.0007679999999936626, 58.36039199999999, 30.498944999999992, 30.762618000000003, 0.08865900000000693, 23.995011000000005, 29.35636199999999, 30.762618000000003, 26.543849999999992, 93.78046499999999, 69.346767, 54.40529699999999]","[0.0, 1.0, 1.0, 2.0, 1.0, 2.0, 2.0, 1.0, 1.0, 1.0, 1.0, 3.0, 1.0, 0.0, 0.0, 1.0]","[-9.0, 76.0, 20.0, 16.0, -12.0, 38.0, 14.0, 13.0, -14.0, 62.0, 17.0, 12.0, 34.0, -26.0, 18.0, 21.0]"
2,1791638279.6272142,"[0.0007679999999936626, 25.577048999999988, 30.67472699999999, 31.729419000000007, 0.0007679999999936626, 60.909231000000005, 31.641527999999994, 31.905201000000005, 0.08865900000000693, 23.995011000000005, 30.23527200000001, 31.55363700000001, 26.368067999999994, 93.95624700000002, 69.346767, 54.40529699999999]","[0.0, 11.0, 2.0, 4.0, 1.0, 8.0, 1.0, 1.0, 1.0, 1.0, 2.0, 1.0, 0.0, 1.0, 0.0, 1.0]","[-9.0, 45.0, 20.0, 15.0, -12.0, 31.0, 13.0, 11.0, -14.0, 74.0, 17.0, 13.0, 9.0, -10.0, 11.0, 0.0]"
2,1791638279.8504758,"[0.0007679999999936626, 26.543849999999992, 31.729419000000007, 32.52043800000001, 0.0007679999999936626, 63.45806999999999, 32.784110999999996, 32.87200200000001, 0.17654999999999177, 27.510650999999996, 31.289963999999998, 32.52043800000001, 26.368067999999994, 93.95624700000002, 69.346767, 54.40529699999999]","[0.0, 1.0, 2.0, 3.0, 1.0, 7.0, 3.0, 2.0, 1.0, 9.0, 4.0, 2.0, 0.0, 1.0, 0.0, 1.0]","[-9.0, 53.0, 20.0, 17.0, -12.0, 26.0, 13.0, 11.0, -15.0, 40.0, 14.0, 13.0, 11.0, -10.0, 11.0, 0.0]"
2,1791638280.0748227,"[0.0007679999999936626, 27.774324000000007, 32.959892999999994, 33.750912, 0.0007679999999936626, 65.567454, 34.01458500000001, 34.01458500000001, 0.17654999999999177, 28.213778999999988, 32.344656000000015, 33.663021000000015, 26.368067999999994, 93.95624700000002, 69.346767, 54.40529699999999]","[0.0, 1.0, 4.0, 5.0, 1.0, 2.0, 5.0, 5.0, 1.0, 1.0, 1.0, 4.0, 0.0, 1.0, 0.0, 1.0]","[-9.0, 52.0, 19.0, 14.0, -12.0, 27.0, 12.0, 11.0, -14.0, 49.0, 16.0, 12.0, 9.0, -10.0, 10.0, 0.0]"
2,1791638280.3017583,"[0.0007679999999936626, 28.91690700000001, 33.83880300000001, 34.62982199999999, 0.0007679999999936626, 67.676838, 34.981386000000015, 34.893495, 0.17654999999999177, 28.213778999999988, 33.57513, 34.541931000000005, 26.368067999999994, 93.95624700000002, 69.346767, 54.40529699999999]","[0.0, 3.0, 1.0, 1.0, 1.0, 4.0, 3.0, 2.0, 1.0, 1.0, 2.0, 2.0, 0.0, 1.0, 0.0, 1.0]","[-8.0, 51.0, 20.0, 15.0, -12.0, 25.0, 11.0, 13.0, -14.0, 59.0, 16.0, 12.0, 9.0, -10.0, 11.0, 0.0]"
2,1791638280.5244179,"[0.0007679999999936626, 28.91690700000001, 34.981386000000015, 35.68451400000001, 0.0007679999999936626, 70.04989499999999, 36.12396899999999, 35.94818699999999, 0.17654999999999177, 30.147380999999996, 34.62982199999999, 35.245059, 26.368067999999994, 93.95624700000002, 69.346767, 54.40529699999999]","[0.0, 1.0, 3.0, 3.0, 1.0, 7.0, 3.0, 1.0, 1.0, 8.0, 4.0, 1.0, 0.0, 1.0, 0.0, 1.0]","[-8.0, 62.0, 19.0, 15.0, -12.0, 23.0, 11.0, 12.0, -15.0, 44.0, 14.0, 12.0, 9.0, -11.0, 11.0, 0.0]"
2,1791638280.7498071,"[0.0007679999999936626, 31.465745999999996, 36.12396899999999, 36.739205999999996, 0.0007679999999936626, 72.335061, 37.354443, 37.00287900000001, 0.17654999999999177, 32.16887399999999, 35.68451400000001, 36.47553300000001, 26.368067999999994, 93.95624700000002, 69.346767, 54.40529699999999]","[0.0, 9.0, 3.0, 2.0, 1.0, 5.0, 2.0, 2.0, 1.0, 3.0, 1.0, 3.0, 0.0, 1.0, 0.0, 1.0]","[-9.0, 40.0, 18.0, 16.0, -12.0, 22.0, 11.0, 11.0, -14.0, 40.0, 14.0, 12.0, 11.0, -10.0, 10.0, 0.0]"
2,1791638280.9738076,"[0.0007679999999936626, 31.641527999999994, 37.178661000000005, 37.530225, 0.0007679999999936626, 74.620227, 38.40913499999999, 37.96968000000001, 0.17654999999999177, 32.344656000000015, 36.739205999999996, 37.354443, 26.368067999999994, 93.95624700000002, 69.346767, 54.40529699999999]","[0.0, 2.0, 1.0, 2.0, 1.0, 5.0, 2.0, 1.0, 1.0, 1.0, 4.0, 1.0, 0.0, 1.0, 0.0, 1.0]","[-9.0, 53.0, 18.0, 16.0, -12.0, 20.0, 10.0, 12.0, -14.0, 47.0, 14.0, 12.0, 9.0, -11.0, 10.0, 0.0]"
2,1791638281.19772,"[0.0007679999999936626, 33.399348, 38.32124400000001, 38.40913499999999, 0.0007679999999936626, 76.72961099999998, 39.551717999999994, 39.200154, 0.17654999999999177, 33.399348, 37.44233399999999, 38.497026000000005, 26.368067999999994, 93.95624700000002, 69.346767, 54.40529699999999]","[0.0, 4.0, 3.0, 1.0, 1.0, 5.0, 1.0, 3.0, 1.0, 2.0, 2.0, 1.0, 0.0, 1.0, 0.0, 1.0]","[-8.0, 43.0, 17.0, 17.0, -12.0, 18.0, 10.0, 11.0, -13.0, 46.0, 16.0, 12.0, 9.0, -10.0, 11.0, 0.0]"
2,1791638281.4184873,"[0.0007679999999936626, 33.48723899999999, 39.28804500000001, 39.28804500000001, 0.0007679999999936626, 77.34484800000001, 39.815391000000005, 39.46382700000001, 0.17654999999999177, 33.399348, 38.936481000000015, 39.551717999999994, 26.368067999999994, 93.95624700000002, 69.346767, 54.40529699999999]","[0.0, 1.0, 1.0, 1.0, 1.0, 1.0, 1.0, 1.0, 1.0, 0.0, 3.0, 4.0, 0.0, 1.0, 0.0, 1.0]","[-9.0, 58.0, 18.0, 16.0, -12.0, 29.0, 12.0, 14.0, -15.0, 57.0, 14.0, 12.0, 9.0, -10.0, 10.0, 0.0]"
2,1791638281.6456351,"[0.0007679999999936626, 35.68451400000001, 40.43062800000001, 40.518519, 0.0007679999999936626, 77.87219399999998, 39.991173, 39.815391000000005, 0.17654999999999177, 33.48723899999999, 39.815391000000005, 40.60641000000001, 26.368067999999994, 93.95624700000002, 69.346767, 54.40529699999999]","[0.0, 7.0, 4.0, 1.0, 1.0, 1.0, 1.0, 1.0, 1.0, 1.0, 2.0, 3.0, 0.0, 1.0, 0.0, 1.0]","[-8.0, 43.0, 17.0, 16.0, -12.0, 41.0, 15.0, 15.0, -13.0, 67.0, 15.0, 11.0, 10.0, -10.0, 11.0, 0.0]"
2,1791638281.8696425,"[0.0007679999999936626, 36.387642, 41.661102, 41.39742899999999, 0.0007679999999936626, 78.57532200000003, 40.07906399999999, 39.90328199999999, 0.17654999999999177, 36.914987999999994, 40.95797400000001, 41.661102, 26.368067999999994, 93.95624700000002, 69.346767, 54.40529699999999]","[0.0, 2.0, 4.0, 2.0, 1.0, 1.0, 1.0, 0.0, 1.0, 12.0, 5.0, 2.0, 0.0, 1.0, 0.0, 1.0]","[-8.0, 46.0, 17.0, 16.0, -12.0, 55.0, 19.0, 19.0, -14.0, 36.0, 13.0, 12.0, 9.0, -10.0, 11.0, 0.0]"
2,1791638282.0909684,"[0.0007679999999936626, 37.44233399999999, 42.627903, 42.71579399999999, 0.0007679999999936626, 79.19055900000001, 39.991173, 39.90328199999999, 0.17654999999999177, 37.354443, 42.012665999999996, 42.71579399999999, 26.368067999999994, 93.95624700000002, 69.346767, 54.40529699999999]","[0.0, 3.0, 2.0, 5.0, 1.0, 1.0, 1.0, 0.0, 1.0, 0.0, 1.0, 3.0, 0.0, 1.0, 0.0, 1.0]","[-8.0, 39.0, 17.0, 15.0, -12.0, 69.0, 26.0, 24.0, -14.0, 46.0, 14.0, 11.0, 9.0, -11.0, 10.0, 0.0]"
2,1791638282.3177743,"[0.0007679999999936626, 37.618116000000015, 43.68259499999999, 43.331030999999996, 0.0007679999999936626, 78.48743100000002, 39.90328199999999, 39.815391000000005, 0.17654999999999177, 37.44233399999999, 43.155249, 43.770486000000005, 26.368067999999994, 93.95624700000002, 69.346767, 54.40529699999999]","[0.0, 1.0, 1.0, 1.0, 1.0, 0.0, 0.0, 0.0, 1.0, 0.0, 3.0, 3.0, 0.0, 1.0, 0.0, 1.0]","[-8.0, 51.0, 16.0, 15.0, 11.0, 11.0, 10.0, 10.0, -14.0, 58.0, 13.0, 12.0, 9.0, -10.0, 10.0, 0.0]"
2,1791638282.5415082,"[0.0007679999999936626, 40.166955, 44.73728700000001, 44.73728700000001, 0.0007679999999936626, 78.48743100000002, 39.90328199999999, 39.815391000000005, 0.17654999999999177, 39.46382700000001, 44.297832, 44.91306900000001, 26.368067999999994, 93.95624700000002, 69.346767, 54.40529699999999]","[0.0, 8.0, 1.0, 3.0, 1.0, 0.0, 0.0, 0.0, 1.0, 10.0, 5.0, 2.0, 0.0, 1.0, 0.0, 1.0]","[-8.0, 37.0, 16.0, 16.0, 11.0, 12.0, 9.0, 6.0, -14.0, 39.0, 12.0, 11.0, 8.0, -11.0, 10.0, 0.0]"
2,1791638282.7656252,"[0.0007679999999936626, 40.518519, 45.791979, 45.791979, 0.0007679999999936626, 78.48743100000002, 39.90328199999999, 39.90328199999999, 0.17654999999999177, 41.48532, 45.264633, 45.87987000000001, 26.368067999999994, 93.95624700000002, 69.346767, 54.40529699999999]","[0.0, 1.0, 2.0, 1.0, 1.0, 0.0, 0.0, 0.0, 1.0, 1.0, 3.0, 1.0, 0.0, 1.0, 0.0, 1.0]","[-8.0, 44.0, 16.0, 15.0, 12.0, 11.0, 10.0, 7.0, -15.0, 37.0, 12.0, 11.0, 9.0, -11.0, 11.0, 0.0]"
2,1791638282.9868717,"[0.0007679999999936626, 41.133756000000005, 46.75878, 47.110344, 0.0007679999999936626, 78.48743100000002, 39.90328199999999, 39.90328199999999, 0.17654999999999177, 42.10055700000001, 46.407216000000005, 47.110344, 26.368067999999994, 93.95624700000002, 69.346767, 54.40529699999999]","[0.0, 6.0, 2.0, 4.0, 1.0, 0.0, 0.0, 1.0, 1.0, 1.0, 2.0, 3.0, 0.0, 1.0, 0.0, 1.0]","[-9.0, 43.0, 16.0, 14.0, 11.0, 10.0, 9.0, 2.0, -14.0, 40.0, 12.0, 12.0, 9.0, -10.0, 11.0, 0.0]"
2,1791638283.213571,"[0.0007679999999936626, 43.41892200000001, 47.901363, 48.077145, 0.0007679999999936626, 78.48743100000002, 39.90328199999999, 39.815391000000005, 0.17654999999999177, 42.10055700000001, 47.286125999999996, 48.165036000000015, 26.368067999999994, 93.95624700000002, 69.346767, 54.40529699999999]","[0.0, 5.0, 3.0, 1.0, 1.0, 0.0, 0.0, 2.0, 1.0, 1.0, 1.0, 4.0, 0.0, 1.0, 0.0, 1.0]","[-8.0, 33.0, 16.0, 13.0, 11.0, 11.0, 9.0, 4.0, -14.0, 51.0, 12.0, 11.0, 9.0, -11.0, 11.0, 0.0]"
2,1791638283.4375525,"[0.0007679999999936626, 44.38572300000001, 48.780272999999994, 49.219728, 0.0007679999999936626, 78.48743100000002, 39.90328199999999, 39.815391000000005, 0.17654999999999177, 44.209941000000015, 48.51660000000001, 49.043946000000005, 26.368067999999994, 93.95624700000002, 69.346767, 54.40529699999999]","[0.0, 1.0, 3.0, 4.0, 1.0, 0.0, 0.0, 1.0, 1.0, 7.0, 2.0, 2.0, 0.0, 1.0, 0.0, 1.0]","[-9.0, 35.0, 16.0, 14.0, 11.0, 11.0, 10.0, 7.0, -14.0, 38.0, 12.0, 11.0, 9.0, -10.0, 11.0, 0.0]"
2,1791638283.6587827,"[0.0007679999999936626, 45.616197, 49.83496500000001, 50.45020199999999, 0.0007679999999936626, 78.48743100000002, 39.90328199999999, 39.815391000000005, 0.17654999999999177, 45.87987000000001, 49.483401000000015, 50.18652900000001, 26.368067999999994, 93.95624700000002, 69.346767, 54.40529699999999]","[0.0, 1.0, 2.0, 4.0, 1.0, 0.0, 0.0, 0.0, 1.0, 4.0, 2.0, 4.0, 0.0, 1.0, 0.0, 1.0]","[-9.0, 35.0, 16.0, 14.0, 12.0, 11.0, 9.0, 0.0, -15.0, 31.0, 12.0, 11.0, 9.0, -10.0, 11.0, 0.0]"
2,1791638283.8829212,"[0.0007679999999936626, 45.616197, 50.801766000000015, 51.32911200000001, 0.0007679999999936626, 78.48743100000002, 39.90328199999999, 39.815391000000005, 0.17654999999999177, 45.967760999999996, 50.62598400000002, 50.97754800000001, 26.368067999999994, 93.95624700000002, 69.346767, 54.40529699999999]","[1.0, 1.0, 2.0, 3.0, 1.0, 0.0, 0.0, 0.0, 1.0, 1.0, 2.0, 2.0, 0.0, 1.0, 0.0, 1.0]","[-9.0, 42.0, 16.0, 13.0, 11.0, 11.0, 9.0, 6.0, -14.0, 42.0, 11.0, 11.0, 9.0, -10.0, 11.0, 0.0]"
2,1791638284.1094458,"[0.0007679999999936626, 47.98925399999999, 51.94434900000002, 52.383804, 0.0007679999999936626, 78.48743100000002, 39.90328199999999, 39.90328199999999, 0.17654999999999177, 47.63768999999999, 51.76856699999999, 52.120131000000015, 26.368067999999994, 93.95624700000002, 69.346767, 54.40529699999999]","[1.0, 7.0, 2.0, 1.0, 1.0, 0.0, 0.0, 1.0, 1.0, 3.0, 3.0, 3.0, 0.0, 1.0, 0.0, 1.0]","[-9.0, 30.0, 17.0, 14.0, 12.0, 11.0, 9.0, 2.0, -13.0, 37.0, 11.0, 10.0, 9.0, -10.0, 11.0, 0.0]"
2,1791638284.3306093,"[0.0007679999999936626, 49.13183699999999, 52.999041000000005, 53.350605, 0.0007679999999936626, 78.48743100000002, 39.90328199999999, 39.90328199999999, 0.17654999999999177, 47.725581000000005, 52.64747700000001, 53.08693199999999, 26.368067999999994, 93.95624700000002, 69.346767, 54.40529699999999]","[1.0, 2.0, 3.0, 4.0, 1.0, 0.0, 0.0, 1.0, 1.0, 0.0, 2.0, 3.0, 0.0, 1.0, 0.0, 1.0]","[-8.0, 31.0, 15.0, 13.0, 11.0, 12.0, 9.0, 3.0, -14.0, 46.0, 11.0, 11.0, 9.0, -10.0, 11.0, 0.0]"
2,1791638284.5541396,"[0.0007679999999936626, 50.18652900000001, 53.96584200000001, 54.317406000000005, 0.0007679999999936626, 78.48743100000002, 39.90328199999999, 39.815391000000005, 0.17654999999999177, 50.18652900000001, 53.79006000000001, 53.877950999999996, 26.368067999999994, 93.95624700000002, 69.346767, 54.40529699999999]","[1.0, 3.0, 3.0, 1.0, 1.0, 0.0, 0.0, 1.0, 1.0, 8.0, 4.0, 1.0, 0.0, 1.0, 0.0, 1.0]","[-8.0, 29.0, 15.0, 14.0, 11.0, 11.0, 10.0, 4.0, -14.0, 29.0, 10.0, 11.0, 8.0, -10.0, 10.0, 0.0]"
2,1791638284.7785802,"[0.0007679999999936626, 50.18652900000001, 55.196315999999996, 55.372097999999994, 0.0007679999999936626, 78.48743100000002, 39.90328199999999, 39.815391000000005, 0.17654999999999177, 51.417002999999994, 54.844752, 55.10842500000001, 26.368067999999994, 93.95624700000002, 69.346767, 54.40529699999999]","[1.0, 1.0, 4.0, 3.0, 1.0, 0.0, 0.0, 1.0, 1.0, 1.0, 1.0, 2.0, 0.0, 1.0, 0.0, 1.0]","[-9.0, 39.0, 15.0, 14.0, 10.0, 12.0, 9.0, 9.0, -14.0, 31.0, 11.0, 10.0, 9.0, -9.0, 10.0, 0.0]"
2,1791638285.0053508,"[0.0007679999999936626, 52.208022, 56.075226000000015, 56.338899, 0.0007679999999936626, 78.48743100000002, 39.90328199999999, 39.815391000000005, 0.17654999999999177, 51.417002999999994, 55.89944400000002, 55.987335, 26.368067999999994, 93.95624700000002, 69.346767, 54.40529699999999]","[1.0, 8.0, 1.0, 2.0, 1.0, 0.0, 0.0, 0.0, 1.0, 1.0, 3.0, 1.0, 0.0, 1.0, 0.0, 1.0]","[-9.0, 29.0, 15.0, 14.0, 12.0, 11.0, 9.0, 9.0, -14.0, 37.0, 11.0, 11.0, 8.0, -10.0, 10.0, 0.0]"
2,1791638285.2267816,"[0.0007679999999936626, 53.61427800000001, 57.21780900000002, 57.129918, 0.0007679999999936626, 78.48743100000002, 39.90328199999999, 39.815391000000005, 0.17654999999999177, 52.91114999999999, 56.86624499999999, 57.04202699999999, 26.368067999999994, 93.95624700000002, 69.346767, 54.40529699999999]","[1.0, 2.0, 2.0, 2.0, 1.0, 1.0, 0.0, 1.0, 1.0, 4.0, 2.0, 3.0, 0.0, 1.0, 0.0, 1.0]","[-9.0, 31.0, 14.0, 14.0, 12.0, 11.0, 9.0, 5.0, -14.0, 32.0, 11.0, 10.0, 9.0, -10.0, 10.0, 0.0]"
2,1791638285.4490938,"[0.0007679999999936626, 54.756861000000015, 58.36039199999999, 58.008827999999994, 0.0007679999999936626, 78.48743100000002, 39.90328199999999, 39.815391000000005, 0.17654999999999177, 52.999041000000005, 57.92093700000001, 58.008827999999994, 26.368067999999994, 93.95624700000002, 69.346767, 54.40529699999999]","[1.0, 3.0, 4.0, 1.0, 1.0, 1.0, 0.0, 1.0, 1.0, 1.0, 3.0, 3.0, 0.0, 1.0, 0.0, 1.0]","[-8.0, 28.0, 15.0, 15.0, 11.0, 11.0, 9.0, 5.0, -15.0, 42.0, 11.0, 11.0, 9.0, -10.0, 10.0, 0.0]"
2,1791638285.6757922,"[0.0007679999999936626, 55.811553, 59.590866000000005, 59.23930200000001, 0.0007679999999936626, 78.48743100000002, 39.90328199999999, 39.90328199999999, 0.17654999999999177, 55.635771000000005, 59.06352000000001, 58.88773800000001, 26.368067999999994, 93.95624700000002, 69.346767, 54.40529699999999]","[1.0, 1.0, 2.0, 2.0, 1.0, 1.0, 0.0, 1.0, 1.0, 8.0, 4.0, 1.0, 0.0, 1.0, 0.0, 1.0]","[-8.0, 28.0, 15.0, 14.0, 12.0, 12.0, 10.0, 5.0, -14.0, 26.0, 10.0, 12.0, 10.0, -10.0, 10.0, 0.0]"
2,1791638285.8985722,"[0.0007679999999936626, 56.954136000000005, 59.590866000000005, 60.118212, 0.0007679999999936626, 78.48743100000002, 39.90328199999999, 39.815391000000005, 0.17654999999999177, 55.987335, 59.41508400000001, 60.118212, 26.368067999999994, 93.95624700000002, 69.346767, 54.40529699999999]","[1.0, 4.0, 1.0, 4.0, 1.0, 1.0, 0.0, 0.0, 1.0, 1.0, 2.0, 2.0, 0.0, 1.0, 0.0, 1.0]","[-9.0, 26.0, 14.0, 14.0, 11.0, 11.0, 10.0, 9.0, -14.0, 32.0, 9.0, 10.0, 10.0, -10.0, 10.0, 0.0]"
2,1791638286.1222694,"[0.0007679999999936626, 58.09671900000001, 59.590866000000005, 61.260795, 0.0007679999999936626, 78.48743100000002, 39.90328199999999, 39.815391000000005, 0.17654999999999177, 56.690462999999994, 59.41508400000001, 60.99712199999999, 26.368067999999994, 93.95624700000002, 69.346767, 54.40529699999999]","[1.0, 2.0, 1.0, 3.0, 1.0, 1.0, 0.0, 0.0, 1.0, 1.0, 1.0, 1.0, 0.0, 1.0, 0.0, 1.0]","[-9.0, 26.0, 14.0, 14.0, 11.0, 11.0, 10.0, 10.0, -15.0, 33.0, 10.0, 10.0, 9.0, -10.0, 9.0, 0.0]"
2,1791638286.3492782,"[0.0007679999999936626, 59.06352000000001, 59.590866000000005, 62.13970499999999, 0.0007679999999936626, 78.48743100000002, 39.90328199999999, 39.815391000000005, 0.17654999999999177, 58.53617400000002, 59.41508400000001, 62.13970499999999, 26.368067999999994, 93.95624700000002, 69.346767, 54.40529699999999]","[1.0, 3.0, 1.0, 2.0, 1.0, 1.0, 0.0, 1.0, 1.0, 7.0, 1.0, 4.0, 0.0, 1.0, 0.0, 1.0]","[-8.0, 21.0, 13.0, 15.0, 12.0, 11.0, 10.0, 5.0, -15.0, 26.0, 10.0, 10.0, 9.0, -10.0, 11.0, 0.0]"
2,1791638286.5701592,"[0.0007679999999936626, 59.590866000000005, 59.67875699999999, 63.19439700000001, 0.0007679999999936626, 78.48743100000002, 39.90328199999999, 39.815391000000005, 0.17654999999999177, 60.293994, 59.41508400000001, 63.106505999999996, 26.368067999999994, 93.95624700000002, 69.346767, 54.40529699999999]","[1.0, 4.0, 1.0, 3.0, 1.0, 1.0, 0.0, 0.0, 1.0, 3.0, 1.0, 1.0, 0.0, 1.0, 0.0, 1.0]","[-9.0, 28.0, 14.0, 14.0, 11.0, 11.0, 10.0, 10.0, -15.0, 24.0, 9.0, 10.0, 8.0, -10.0, 10.0, 0.0]"
2,1791638286.7948096,"[0.0007679999999936626, 60.909231000000005, 59.766648, 64.16119800000001, 0.0007679999999936626, 78.48743100000002, 39.90328199999999, 39.815391000000005, 0.17654999999999177, 60.293994, 59.41508400000001, 63.897525, 26.368067999999994, 93.95624700000002, 69.346767, 54.40529699999999]","[1.0, 3.0, 1.0, 1.0, 1.0, 1.0, 0.0, 1.0, 1.0, 1.0, 1.0, 1.0, 0.0, 1.0, 0.0, 1.0]","[-8.0, 23.0, 13.0, 14.0, 12.0, 12.0, 9.0, 6.0, -15.0, 30.0, 10.0, 10.0, 8.0, -9.0, 11.0, 0.0]"
2,1791638287.0212102,"[0.0007679999999936626, 62.227596000000005, 59.766648, 65.12799900000002, 0.0007679999999936626, 78.48743100000002, 39.90328199999999, 39.815391000000005, 0.17654999999999177, 62.05181400000001, 59.41508400000001, 65.040108, 26.368067999999994, 93.95624700000002, 69.346767, 54.40529699999999]","[1.0, 1.0, 1.0, 3.0, 0.0, 1.0, 0.0, 0.0, 1.0, 4.0, 1.0, 3.0, 0.0, 1.0, 0.0, 1.0]","[-9.0, 22.0, 14.0, 15.0, 11.0, 11.0, 9.0, 10.0, -14.0, 23.0, 10.0, 10.0, 9.0, -11.0, 10.0, 0.0]"
2,1791638287.2424314,"[0.0007679999999936626, 63.545961000000005, 59.85453900000002, 66.27058199999999, 0.0007679999999936626, 78.48743100000002, 39.90328199999999, 39.90328199999999, 0.17654999999999177, 63.282287999999994, 59.41508400000001, 66.00690900000001, 26.368067999999994, 93.95624700000002, 69.346767, 54.40529699999999]","[1.0, 2.0, 1.0, 1.0, 0.0, 1.0, 0.0, 0.0, 1.0, 5.0, 1.0, 1.0, 0.0, 1.0, 0.0, 1.0]","[-9.0, 19.0, 14.0, 14.0, 11.0, 11.0, 10.0, 2.0, -14.0, 23.0, 10.0, 11.0, 9.0, -11.0, 11.0, 0.0]"
2,1791638287.468547,"[0.0007679999999936626, 64.33698000000001, 59.85453900000002, 67.32527400000001, 0.0007679999999936626, 78.48743100000002, 39.90328199999999, 39.815391000000005, 0.17654999999999177, 64.33698000000001, 59.41508400000001, 67.061601, 26.368067999999994, 93.95624700000002, 69.346767, 54.40529699999999]","[1.0, 1.0, 1.0, 3.0, 0.0, 1.0, 0.0, 1.0, 1.0, 3.0, 1.0, 3.0, 0.0, 1.0, 0.0, 1.0]","[-9.0, 22.0, 14.0, 14.0, 11.0, 11.0, 9.0, 8.0, -14.0, 23.0, 10.0, 10.0, 9.0, -10.0, 10.0, 0.0]"
2,1791638287.6932297,"[0.0007679999999936626, 65.47956300000001, 59.85453900000002, 68.29207500000001, 0.0007679999999936626, 78.48743100000002, 39.90328199999999, 39.815391000000005, 0.17654999999999177, 65.391672, 59.41508400000001, 68.028402, 26.368067999999994, 93.95624700000002, 69.346767, 54.40529699999999]","[1.0, 5.0, 1.0, 1.0, 0.0, 1.0, 0.0, 1.0, 1.0, 1.0, 1.0, 1.0, 0.0, 1.0, 0.0, 1.0]","[-9.0, 20.0, 14.0, 15.0, 11.0, 12.0, 10.0, 1.0, -14.0, 23.0, 10.0, 10.0, 9.0, -10.0, 11.0, 0.0]"
2,1791638287.9145432,"[0.0007679999999936626, 66.79792800000001, 59.85453900000002, 69.170985, 0.0007679999999936626, 78.48743100000002, 39.90328199999999, 39.815391000000005, 0.17654999999999177, 66.182691, 59.41508400000001, 68.819421, 26.368067999999994, 93.95624700000002, 69.346767, 54.40529699999999]","[1.0, 2.0, 1.0, 1.0, 0.0, 1.0, 0.0, 1.0, 1.0, 1.0, 1.0, 1.0, 0.0, 1.0, 0.0, 1.0]","[-9.0, 20.0, 14.0, 14.0, 11.0, 11.0, 9.0, 5.0, -14.0, 25.0, 10.0, 12.0, 9.0, -11.0, 11.0, 0.0]"
2,1791638288.1379948,"[0.0007679999999936626, 66.97371000000001, 59.85453900000002, 70.22567699999999, 0.0007679999999936626, 78.48743100000002, 39.90328199999999, 39.815391000000005, 0.17654999999999177, 67.41316499999999, 59.41508400000001, 70.04989499999999, 26.368067999999994, 93.95624700000002, 69.346767, 54.40529699999999]","[1.0, 2.0, 1.0, 2.0, 0.0, 1.0, 0.0, 1.0, 1.0, 7.0, 1.0, 4.0, 0.0, 1.0, 0.0, 1.0]","[-9.0, 22.0, 14.0, 14.0, 12.0, 11.0, 9.0, 6.0, -14.0, 20.0, 10.0, 10.0, 9.0, -11.0, 10.0, 0.0]"
2,1791638288.3650906,"[0.0007679999999936626, 68.90731199999999, 59.85453900000002, 71.28036900000001, 0.0007679999999936626, 78.48743100000002, 39.90328199999999, 39.815391000000005, 0.17654999999999177, 69.08309400000002, 59.41508400000001, 71.016696, 26.368067999999994, 93.95624700000002, 69.346767, 54.40529699999999]","[1.0, 1.0, 1.0, 2.0, 0.0, 1.0, 0.0, 0.0, 1.0, 4.0, 1.0, 2.0, 0.0, 1.0, 0.0, 1.0]","[-8.0, 19.0, 14.0, 15.0, 11.0, 11.0, 10.0, 6.0, -15.0, 19.0, 10.0, 10.0, 9.0, -10.0, 11.0, 0.0]"
2,1791638288.5863519,"[0.0007679999999936626, 69.61044000000001, 59.94243, 72.335061, 0.0007679999999936626, 78.48743100000002, 39.90328199999999, 39.90328199999999, 0.17654999999999177, 69.874113, 59.41508400000001, 72.07138800000001, 26.368067999999994, 93.95624700000002, 69.346767, 54.40529699999999]","[1.0, 3.0, 1.0, 3.0, 0.0, 1.0, 0.0, 1.0, 1.0, 1.0, 1.0, 2.0, 0.0, 1.0, 0.0, 1.0]","[-9.0, 19.0, 7.0, 15.0, 11.0, 11.0, 10.0, 2.0, -15.0, 20.0, 10.0, 10.0, 9.0, -10.0, 10.0, 0.0]"
2,1791638288.8128412,"[0.0007679999999936626, 71.28036900000001, 59.85453900000002, 73.12608, 0.0007679999999936626, 78.48743100000002, 39.90328199999999, 39.815391000000005, 0.17654999999999177, 70.75302300000001, 59.41508400000001, 72.950298, 26.368067999999994, 93.95624700000002, 69.346767, 54.40529699999999]","[1.0, 5.0, 1.0, 1.0, 0.0, 1.0, 0.0, 1.0, 1.0, 1.0, 1.0, 2.0, 0.0, 1.0, 0.0, 1.0]","[-8.0, 16.0, 12.0, 15.0, 12.0, 11.0, 9.0, 5.0, -14.0, 20.0, 10.0, 10.0, 9.0, -10.0, 11.0, 0.0]"
2,1791638289.0344148,"[0.0007679999999936626, 72.42295200000001, 59.94243, 74.35655400000002, 0.0007679999999936626, 78.48743100000002, 39.90328199999999, 39.815391000000005, 0.17654999999999177, 71.631933, 59.41508400000001, 73.829208, 26.368067999999994, 93.95624700000002, 69.346767, 54.40529699999999]","[1.0, 3.0, 1.0, 3.0, 0.0, 1.0, 0.0, 1.0, 1.0, 1.0, 1.0, 1.0, 0.0, 1.0, 0.0, 1.0]","[-9.0, 17.0, 1.0, 14.0, 12.0, 11.0, 10.0, 9.0, -14.0, 20.0, 10.0, 12.0, 9.0, -11.0, 10.0, 0.0]"
2,1791638289.2605846,"[0.0007679999999936626, 73.301862, 59.94243, 75.147573, 0.0007679999999936626, 78.48743100000002, 39.90328199999999, 39.815391000000005, 0.17654999999999177, 72.59873400000001, 59.41508400000001, 74.971791, 26.368067999999994, 93.95624700000002, 69.346767, 54.40529699999999]","[1.0, 1.0, 1.0, 2.0, 0.0, 1.0, 0.0, 0.0, 1.0, 4.0, 1.0, 3.0, 0.0, 1.0, 0.0, 1.0]","[-8.0, 16.0, 0.0, 13.0, 12.0, 10.0, 9.0, 10.0, -15.0, 21.0, 10.0, 11.0, 9.0, -9.0, 11.0, 0.0]"
2,1791638289.4841127,"[0.0007679999999936626, 74.53233600000002, 59.94243, 76.20226500000001, 0.0007679999999936626, 78.48743100000002, 39.90328199999999, 39.815391000000005, 0.17654999999999177, 73.653426, 59.41508400000001, 75.938592, 26.368067999999994, 93.95624700000002, 69.346767, 54.40529699999999]","[1.0, 3.0, 1.0, 1.0, 0.0, 1.0, 0.0, 0.0, 1.0, 2.0, 1.0, 3.0, 0.0, 1.0, 0.0, 1.0]","[-8.0, 17.0, 0.0, 14.0, 12.0, 10.0, 10.0, 9.0, -14.0, 20.0, 10.0, 11.0, 9.0, -11.0, 11.0, 0.0]"
2,1791638289.7057517,"[0.0007679999999936626, 75.587028, 59.94243, 77.256957, 0.0007679999999936626, 78.48743100000002, 39.90328199999999, 39.815391000000005, 0.17654999999999177, 73.653426, 59.41508400000001, 76.905393, 26.368067999999994, 93.95624700000002, 69.346767, 54.40529699999999]","[1.0, 1.0, 1.0, 3.0, 0.0, 1.0, 0.0, 0.0, 1.0, 1.0, 0.0, 1.0, 0.0, 1.0, 0.0, 1.0]","[-9.0, 16.0, 0.0, 13.0, 11.0, 11.0, 9.0, 10.0, -15.0, 28.0, 10.0, 11.0, 9.0, -10.0, 11.0, 0.0]"
2,1791638289.932959,"[0.0007679999999936626, 76.81750199999999, 59.94243, 78.13586700000002, 0.0007679999999936626, 78.48743100000002, 39.90328199999999, 39.90328199999999, 0.17654999999999177, 74.70811800000001, 59.41508400000001, 77.87219399999998, 26.368067999999994, 93.95624700000002, 69.346767, 54.40529699999999]","[1.0, 2.0, 0.0, 3.0, 0.0, 0.0, 0.0, 1.0, 1.0, 2.0, 0.0, 2.0, 0.0, 1.0, 0.0, 1.0]","[-9.0, 15.0, 0.0, 15.0, 12.0, 11.0, 9.0, 0.0, -15.0, 26.0, 9.0, 11.0, 9.0, -10.0, 11.0, 0.0]"
2,1791638290.1569457,"[0.0007679999999936626, 77.87219399999998, 59.94243, 79.01477699999998, 0.0007679999999936626, 78.48743100000002, 39.90328199999999, 39.815391000000005, 0.17654999999999177, 74.70811800000001, 59.50297499999999, 78.83899500000001, 26.368067999999994, 93.95624700000002, 69.346767, 54.40529699999999]","[1.0, 4.0, 1.0, 1.0, 0.0, 1.0, 0.0, 1.0, 1.0, 1.0, 1.0, 3.0, 0.0, 1.0, 0.0, 1.0]","[-9.0, 15.0, 0.0, 15.0, 11.0, 11.0, 10.0, 6.0, -14.0, 35.0, 10.0, 11.0, 8.0, -10.0, 10.0, 0.0]"
2,1791638290.3809261,"[0.0007679999999936626, 78.751104, 59.94243, 80.06946900000003, 0.0007679999999936626, 78.48743100000002, 39.90328199999999, 39.815391000000005, 0.17654999999999177, 76.20226500000001, 59.50297499999999, 79.80579599999999, 26.368067999999994, 93.95624700000002, 69.346767, 54.40529699999999]","[1.0, 1.0, 0.0, 1.0, 0.0, 1.0, 0.0, 1.0, 1.0, 4.0, 1.0, 3.0, 0.0, 1.0, 0.0, 1.0]","[-9.0, 15.0, 0.0, 15.0, 10.0, 11.0, 9.0, 10.0, -14.0, 30.0, 10.0, 11.0, 9.0, -11.0, 11.0, 0.0]"
2,1791638290.6018136,"[0.0007679999999936626, 80.15735999999998, 59.94243, 81.12416100000002, 0.0007679999999936626, 78.48743100000002, 39.90328199999999, 39.815391000000005, 0.17654999999999177, 76.20226500000001, 59.50297499999999, 80.684706, 26.368067999999994, 93.95624700000002, 69.346767, 54.40529699999999]","[1.0, 4.0, 1.0, 1.0, 0.0, 1.0, 1.0, 0.0, 1.0, 1.0, 1.0, 1.0, 0.0, 1.0, 0.0, 1.0]","[-9.0, 15.0, 0.0, 15.0, 11.0, 11.0, 10.0, 9.0, -14.0, 38.0, 9.0, 12.0, 8.0, -10.0, 11.0, 0.0]"
2,1791638290.8288994,"[0.0007679999999936626, 81.29994299999998, 59.94243, 81.91518000000002, 0.0007679999999936626, 78.48743100000002, 39.90328199999999, 39.815391000000005, 0.17654999999999177, 79.80579599999999, 59.50297499999999, 81.65150699999998, 26.368067999999994, 93.95624700000002, 69.346767, 54.40529699999999]","[1.0, 3.0, 1.0, 1.0, 0.0, 1.0, 1.0, 1.0, -1.0, 12.0, 1.0, 2.0, 0.0, 1.0, 0.0, 1.0]","[-8.0, 14.0, 0.0, 15.0, 11.0, 12.0, 10.0, 9.0, -14.0, 17.0, 9.0, 12.0, 9.0, -10.0, 10.0, 0.0]"
2,1791638291.050873,"[0.0007679999999936626, 82.26674400000002, 59.94243, 83.05776300000002, 0.0007679999999936626, 78.48743100000002, 39.90328199999999, 39.815391000000005, 0.17654999999999177, 81.65150699999998, 59.50297499999999, 82.79408999999998, 26.368067999999994, 93.95624700000002, 69.346767, 54.40529699999999]","[1.0, 3.0, 1.0, 3.0, 0.0, 1.0, 1.0, 0.0, 0.0, 1.0, 1.0, 2.0, 0.0, 1.0, 0.0, 1.0]","[-8.0, 14.0, 0.0, 14.0, 10.0, 11.0, 9.0, 10.0, -14.0, 16.0, 10.0, 11.0, 10.0, -10.0, 11.0, 0.0]"
2,1791638291.2769055,"[0.0007679999999936626, 83.321436, 59.94243, 84.024564, 0.0007679999999936626, 78.48743100000002, 39.90328199999999, 39.815391000000005, 0.17654999999999177, 82.79408999999998, 59.50297499999999, 83.93667299999998, 26.368067999999994, 93.95624700000002, 69.346767, 54.40529699999999]","[1.0, 1.0, 1.0, 2.0, 0.0, 1.0, 1.0, 1.0, 0.0, 4.0, 1.0, 4.0, 0.0, 1.0, 0.0, 1.0]","[-8.0, 14.0, 0.0, 15.0, 12.0, 11.0, 10.0, 10.0, -14.0, 16.0, 10.0, 12.0, 8.0, -11.0, 11.0, 0.0]"
2,1791638291.4971678,"[0.0007679999999936626, 84.55191000000002, 59.94243, 84.99136500000003, 0.0007679999999936626, 78.48743100000002, 39.90328199999999, 39.815391000000005, 0.17654999999999177, 83.76089100000002, 59.50297499999999, 84.815583, 26.368067999999994, 93.95624700000002, 69.346767, 54.40529699999999]","[1.0, 4.0, 1.0, 6.0, 0.0, 0.0, 1.0, 0.0, 0.0, 1.0, 1.0, 1.0, 0.0, 1.0, 0.0, 1.0]","[-9.0, 14.0, 0.0, 15.0, 12.0, 12.0, 10.0, 9.0, -14.0, 16.0, 10.0, 11.0, 9.0, -10.0, 11.0, 0.0]"
2,1791638291.7215402,"[0.0007679999999936626, 85.60660200000001, 59.94243, 86.13394799999998, 0.0007679999999936626, 78.48743100000002, 39.90328199999999, 39.90328199999999, 0.17654999999999177, 84.55191000000002, 59.50297499999999, 85.78238399999998, 26.368067999999994, 93.95624700000002, 69.346767, 54.40529699999999]","[1.0, 4.0, 1.0, 3.0, 0.0, 1.0, 1.0, 0.0, 0.0, 1.0, 1.0, 3.0, 0.0, 1.0, 0.0, 1.0]","[-9.0, 13.0, 0.0, 15.0, 11.0, 11.0, 9.0, 9.0, -14.0, 17.0, 9.0, 11.0, 9.0, -10.0, 10.0, 0.0]"
2,1791638291.947547,"[0.0007679999999936626, 86.661294, 59.94243, 87.10074900000001, 0.0007679999999936626, 78.48743100000002, 39.90328199999999, 39.90328199999999, 0.17654999999999177, 86.04605700000002, 59.50297499999999, 86.74918500000001, 26.368067999999994, 93.95624700000002, 69.346767, 54.40529699999999]","[1.0, 2.0, 1.0, 3.0, 0.0, 1.0, 1.0, 1.0, 0.0, 4.0, 1.0, 2.0, 0.0, 1.0, 0.0, 1.0]","[-9.0, 12.0, 0.0, 15.0, 12.0, 11.0, 10.0, 6.0, -15.0, 14.0, 9.0, 11.0, 10.0, -10.0, 10.0, 0.0]"
2,1791638292.170095,"[0.0007679999999936626, 87.54020400000002, 59.94243, 87.97965900000003, 0.0007679999999936626, 78.48743100000002, 39.90328199999999, 39.815391000000005, 0.17654999999999177, 87.18864000000002, 59.50297499999999, 87.54020400000002, 26.368067999999994, 93.95624700000002, 69.346767, 54.40529699999999]","[1.0, 3.0, 1.0, 2.0, 0.0, 1.0, 1.0, 1.0, 0.0, 3.0, 1.0, 1.0, 0.0, 1.0, 0.0, 1.0]","[-9.0, 13.0, 0.0, 14.0, 11.0, 11.0, 10.0, 9.0, -14.0, 14.0, 10.0, 13.0, 9.0, -10.0, 10.0, 0.0]"
2,1791638292.3967595,"[0.0007679999999936626, 88.68278700000002, 59.94243, 88.77067799999998, 0.0007679999999936626, 78.48743100000002, 39.90328199999999, 39.90328199999999, 0.17654999999999177, 88.24333200000001, 59.50297499999999, 88.594896, 26.368067999999994, 93.95624700000002, 69.346767, 54.40529699999999]","[1.0, 3.0, 1.0, 4.0, 0.0, 0.0, 1.0, 1.0, 0.0, 1.0, 1.0, 2.0, 0.0, 1.0, 0.0, 1.0]","[-9.0, 12.0, 0.0, 15.0, 11.0, 11.0, 9.0, 3.0, -15.0, 14.0, 10.0, 12.0, 9.0, -10.0, 11.0, 0.0]"
2,1791638292.6184525,"[0.0007679999999936626, 90.089043, 59.94243, 89.03435100000002, 0.0007679999999936626, 78.48743100000002, 39.90328199999999, 39.90328199999999, 0.17654999999999177, 89.03435100000002, 59.50297499999999, 88.594896, 26.368067999999994, 93.95624700000002, 69.346767, 54.40529699999999]","[1.0, 4.0, 1.0, 2.0, 0.0, 1.0, 1.0, 1.0, 0.0, 1.0, 1.0, 1.0, 0.0, 1.0, 0.0, 1.0]","[-9.0, 12.0, 0.0, 16.0, 12.0, 11.0, 10.0, 3.0, -15.0, 15.0, 9.0, 13.0, 10.0, -11.0, 11.0, 0.0]"
2,1791638292.841793,"[0.0007679999999936626, 90.96795300000002, 59.94243, 89.03435100000002, 0.0007679999999936626, 78.48743100000002, 39.90328199999999, 39.90328199999999, 0.17654999999999177, 90.17693400000002, 59.50297499999999, 88.594896, 26.368067999999994, 93.95624700000002, 69.346767, 54.40529699999999]","[1.0, 2.0, 1.0, 1.0, 0.0, 1.0, 1.0, 1.0, 0.0, 1.0, 1.0, 1.0, 0.0, 1.0, 0.0, 1.0]","[-8.0, 11.0, 0.0, 15.0, 11.0, 10.0, 10.0, 7.0, -14.0, 14.0, 10.0, 13.0, 9.0, -10.0, 10.0, 0.0]"
2,1791638293.0687027,"[0.0007679999999936626, 92.286318, 59.94243, 89.03435100000002, 0.0007679999999936626, 78.48743100000002, 39.90328199999999, 39.815391000000005, 0.17654999999999177, 91.40740799999998, 59.50297499999999, 88.594896, 26.368067999999994, 93.95624700000002, 69.346767, 54.40529699999999]","[1.0, 3.0, 1.0, 1.0, 0.0, 1.0, 1.0, 0.0, 0.0, 1.0, 1.0, 1.0, 0.0, 1.0, 0.0, 1.0]","[-8.0, 11.0, 0.0, 14.0, 12.0, 11.0, 9.0, 8.0, -15.0, 13.0, 10.0, 13.0, 9.0, -11.0, 11.0, 0.0]"
2,1791638293.2918684,"[0.0007679999999936626, 93.428901, 59.94243, 89.03435100000002, 0.0007679999999936626, 78.48743100000002, 39.90328199999999, 39.815391000000005, 0.17654999999999177, 92.63788199999999, 59.50297499999999, 88.594896, 26.368067999999994, 93.95624700000002, 69.346767, 54.40529699999999]","[1.0, 3.0, 1.0, 1.0, 0.0, 1.0, 1.0, 0.0, 0.0, 3.0, 1.0, 1.0, 0.0, 1.0, 0.0, 1.0]","[-9.0, 11.0, 0.0, 14.0, 11.0, 11.0, 10.0, 10.0, -14.0, 12.0, 11.0, 12.0, 9.0, -10.0, 11.0, 0.0]"
2,1791638293.5141594,"[0.0007679999999936626, 94.48359299999998, 59.94243, 89.03435100000002, 0.0007679999999936626, 78.48743100000002, 39.90328199999999, 39.815391000000005, 0.17654999999999177, 93.51679200000001, 59.50297499999999, 88.594896, 26.368067999999994, 93.95624700000002, 69.346767, 54.40529699999999]","[1.0, 2.0, 1.0, 1.0, 0.0, 0.0, 1.0, 0.0, 0.0, 1.0, 1.0, 1.0, 0.0, 1.0, 0.0, 1.0]","[-8.0, 11.0, 0.0, 14.0, 11.0, 11.0, 10.0, 9.0, -14.0, 12.0, 10.0, 12.0, 9.0, -10.0, 11.0, 0.0]"
3,1791638295.5327811,"[0.0007679999999936626, -4.393781999999987, -1.1418150000000082, -0.35079600000000255, -0.08712299999999118, -5.272692000000006, 0.0007679999999936626, -0.2629049999999893, 0.08865900000000693, -5.4484740000000045, -1.1418150000000082, 0.08865900000000693, -2.196506999999997, 178.33160700000002, 40.166955, 25.840722]","[0.0, 1.0, 1.0, 0.0, 0.0, 1.0, 0.0, 0.0, 0.0, 1.0, 1.0, 1.0, 0.0, 1.0, 1.0, 1.0]","[-9.0, 28.0, 16.0, 14.0, 0.0, 34.0, -10.0, 11.0, -14.0, 37.0, 11.0, -9.0, 15.0, 15.0, -11.0, -16.0]"
3,1791638295.7533476,"[-0.4386869999999874, -4.305891000000003, -0.790251000000012, -0.08712299999999118, -0.08712299999999118, -4.92112800000001, 0.6160050000000012, -0.08712299999999118, 0.7917869999999994, -4.92112800000001, -1.1418150000000082, 0.26444100000000503, -2.196506999999997, 178.06793399999998, 40.254846000000015, 25.928613000000013]","[0.0, 1.0, 1.0, 1.0, 0.0, 1.0, 2.0, 1.0, 2.0, 1.0, 1.0, 1.0, 0.0, 0.0, 1.0, 1.0]","[-9.0, 43.0, 18.0, 16.0, 0.0, 48.0, 9.0, 12.0, 14.0, 51.0, 14.0, 11.0, 21.0, -12.0, 11.0, 13.0]"
3,1791638295.9805129,"[-1.3175970000000063, -3.339089999999999, -0.08712299999999118, 0.44022300000000314, -0.08712299999999118, -3.7785450000000083, 1.2312420000000088, 0.08865900000000693, 0.7917869999999994, -4.92112800000001, -0.6144689999999855, 0.26444100000000503, -2.196506999999997, 177.71636999999998, 40.518519, 26.368067999999994]","[0.0, 1.0, 2.0, 1.0, 0.0, 1.0, 1.0, 1.0, 1.0, 1.0, 1.0, 1.0, 0.0, 0.0, 1.0, 2.0]","[-10.0, 53.0, 18.0, 16.0, 0.0, 58.0, 11.0, 14.0, 16.0, 74.0, 16.0, 13.0, 26.0, -26.0, 14.0, 14.0]"
3,1791638296.2014065,"[-2.372288999999995, -1.053923999999995, 0.8796780000000126, 1.582806000000005, -0.08712299999999118, -2.196506999999997, 2.0222610000000145, 1.407024000000007, 2.901171000000005, -1.9328339999999855, 0.08865900000000693, 0.8796780000000126, -2.196506999999997, 176.92535099999998, 41.22164699999999, 27.159087]","[-1.0, 4.0, 1.0, 4.0, 0.0, 6.0, 3.0, 3.0, 3.0, 5.0, 6.0, 1.0, 0.0, 0.0, 2.0, 1.0]","[-9.0, 52.0, 19.0, 16.0, 0.0, 56.0, 12.0, 14.0, 14.0, 64.0, 16.0, 15.0, 32.0, -41.0, 12.0, 15.0]"
3,1791638296.425518,"[-3.339089999999999, 0.3523319999999899, 1.7585880000000031, 2.3738250000000107, -0.08712299999999118, 0.3523319999999899, 2.725389000000007, 2.1980430000000126, 2.901171000000005, 0.08865900000000693, 1.3191329999999937, 2.0222610000000145, -2.108616000000012, 173.40971100000002, 42.188447999999994, 28.03799699999999]","[-2.0, 1.0, 1.0, 1.0, 0.0, 6.0, 2.0, 1.0, 1.0, 0.0, 4.0, 1.0, 1.0, -5.0, 1.0, 1.0]","[-9.0, 53.0, 20.0, 16.0, 0.0, 57.0, 12.0, 14.0, 15.0, 63.0, 15.0, 15.0, 43.0, -36.0, 14.0, 15.0]"
3,1791638296.6515522,"[-4.217999999999989, 0.3523319999999899, 2.813279999999992, 3.5164080000000126, -0.08712299999999118, 2.0222610000000145, 3.4285169999999994, 3.3406260000000145, 4.746881999999999, 1.2312420000000088, 2.1101519999999994, 3.076953000000003, -0.8781419999999969, 169.80617999999998, 42.979467, 29.268471000000005]","[-1.0, 1.0, 1.0, 4.0, 0.0, 3.0, 1.0, 3.0, 2.0, 1.0, 1.0, 4.0, 12.0, -6.0, 1.0, 2.0]","[-10.0, 76.0, 19.0, 16.0, 0.0, 60.0, 13.0, 12.0, 14.0, 72.0, 16.0, 13.0, 31.0, -29.0, 15.0, 15.0]"
3,1791638296.8763797,"[-5.272692000000006, 4.30742699999999, 3.7800809999999956, 4.483208999999988, -0.08712299999999118, 3.6921900000000107, 4.483208999999988, 4.395318000000003, 5.713683000000003, 4.395318000000003, 2.3738250000000107, 4.043754000000007, 0.7917869999999994, 168.31203299999999, 44.38572300000001, 29.268471000000005]","[-2.0, 7.0, 3.0, 3.0, 0.0, 1.0, 2.0, 2.0, 2.0, 7.0, 2.0, 1.0, 3.0, 0.0, 2.0, 1.0]","[-10.0, 55.0, 20.0, 16.0, 0.0, 61.0, 14.0, 13.0, 14.0, 55.0, 19.0, 13.0, 33.0, -43.0, 13.0, 14.0]"
3,1791638297.1003804,"[-5.8879289999999855, 5.801573999999988, 4.834773000000013, 5.537901000000005, -0.08712299999999118, 6.153138000000013, 5.362119000000007, 5.186337000000009, 6.504702000000009, 4.6589910000000145, 4.30742699999999, 4.9226639999999975, 1.407024000000007, 164.708502, 45.440415, 29.268471000000005]","[-1.0, 6.0, 3.0, 3.0, 0.0, 4.0, 4.0, 1.0, 4.0, 1.0, 4.0, 1.0, 3.0, -9.0, 1.0, 1.0]","[-11.0, 64.0, 20.0, 16.0, 0.0, 59.0, 13.0, 15.0, 14.0, 79.0, 16.0, 16.0, 34.0, -38.0, 13.0, 15.0]"
3,1791638297.3213449,"[-7.030511999999987, 8.614086000000015, 5.889465000000001, 6.592592999999994, -0.08712299999999118, 6.592592999999994, 6.328920000000011, 6.416810999999996, 7.735175999999996, 8.438303999999988, 4.834773000000013, 6.2410289999999975, 2.725389000000007, 161.36864400000002, 46.67088899999999, 29.268471000000005]","[0.0, 7.0, 1.0, 1.0, 0.0, 8.0, 3.0, 5.0, 3.0, 10.0, 5.0, 3.0, 1.0, -7.0, 4.0, 1.0]","[-11.0, 56.0, 20.0, 15.0, 0.0, 68.0, 14.0, 13.0, 14.0, 55.0, 17.0, 14.0, 33.0, -34.0, 12.0, 15.0]"
3,1791638297.545216,"[-8.085204000000004, 10.108233000000013, 6.504702000000009, 7.383611999999999, -0.08712299999999118, 10.108233000000013, 7.2957210000000146, 7.383611999999999, 8.438303999999988, 9.668778000000003, 6.2410289999999975, 7.207830000000001, 3.7800809999999956, 158.38035000000002, 47.37401700000001, 29.268471000000005]","[-1.0, 1.0, 6.0, 1.0, 0.0, 3.0, 2.0, 1.0, 5.0, 1.0, 3.0, 3.0, 5.0, -3.0, 1.0, 1.0]","[-10.0, 59.0, 20.0, 17.0, 0.0, 59.0, 13.0, 13.0, 14.0, 67.0, 15.0, 13.0, 33.0, -34.0, 13.0, 15.0]"
3,1791638297.7683885,"[-9.139895999999993, 12.21761699999999, 7.910957999999994, 8.614086000000015, -0.08712299999999118, 11.426598000000013, 8.26252199999999, 8.526195000000001, 9.58088699999999, 9.668778000000003, 7.119938999999988, 7.910957999999994, 4.6589910000000145, 155.567838, 48.34081800000001, 29.268471000000005]","[0.0, 8.0, 3.0, 4.0, 0.0, 0.0, 3.0, 1.0, 1.0, 1.0, 1.0, 4.0, 1.0, -3.0, 1.0, 1.0]","[-10.0, 54.0, 19.0, 15.0, 0.0, 64.0, 14.0, 12.0, 14.0, 94.0, 17.0, 14.0, 32.0, -36.0, 13.0, 14.0]"
3,1791638297.9934907,"[-10.106696999999997, 13.448091000000005, 8.877758999999998, 9.405104999999992, -0.08712299999999118, 13.799655000000001, 9.317214000000007, 9.405104999999992, 10.635579000000007, 13.711763999999988, 7.910957999999994, 9.317214000000007, 6.153138000000013, 152.667435, 49.571292, 29.268471000000005]","[-1.0, 2.0, 5.0, 5.0, 0.0, 6.0, 1.0, 1.0, 1.0, 19.0, 7.0, 4.0, 4.0, -4.0, 4.0, 1.0]","[-11.0, 68.0, 21.0, 16.0, 0.0, 57.0, 13.0, 13.0, 14.0, 57.0, 17.0, 13.0, 29.0, -37.0, 13.0, 15.0]"
3,1791638298.217399,"[-10.458260999999993, 15.996929999999992, 9.932451000000015, 10.547687999999994, -0.08712299999999118, 15.996929999999992, 10.28401500000001, 10.371905999999996, 11.60238000000001, 14.23911000000001, 9.229322999999994, 10.108233000000013, 6.856266000000005, 150.294378, 50.362311000000005, 29.268471000000005]","[0.0, 8.0, 3.0, 1.0, 0.0, 4.0, 1.0, 1.0, 2.0, 1.0, 2.0, 3.0, 5.0, 0.0, 1.0, 1.0]","[-12.0, 60.0, 19.0, 16.0, 0.0, 60.0, 14.0, 13.0, 14.0, 84.0, 16.0, 14.0, 29.0, -43.0, 14.0, 15.0]"
3,1791638298.441016,"[-11.952407999999991, 18.018423000000013, 10.89925199999999, 11.514488999999998, -0.08712299999999118, 17.75475, 11.162925000000001, 11.338707, 12.657072, 18.282095999999996, 9.229322999999994, 11.075033999999988, 8.26252199999999, 147.21819299999999, 51.50489400000001, 29.268471000000005]","[0.0, 1.0, 3.0, 1.0, 0.0, 9.0, 4.0, 2.0, 1.0, 10.0, 1.0, 2.0, 3.0, -5.0, 4.0, 1.0]","[-11.0, 59.0, 18.0, 14.0, 0.0, 56.0, 14.0, 14.0, 13.0, 56.0, 20.0, 14.0, 29.0, -39.0, 13.0, 15.0]"
3,1791638298.6678946,"[-12.919208999999995, 20.215698000000003, 11.778162000000009, 12.657072, -0.08712299999999118, 20.039916000000005, 12.21761699999999, 12.393398999999988, 13.53598199999999, 18.457877999999994, 10.89925199999999, 12.129726000000005, 9.141432000000009, 143.878335, 52.47169500000001, 29.268471000000005]","[0.0, 4.0, 2.0, 4.0, 0.0, 1.0, 1.0, 1.0, 4.0, 1.0, 1.0, 3.0, 1.0, -8.0, 3.0, 1.0]","[-11.0, 49.0, 19.0, 16.0, 0.0, 56.0, 15.0, 13.0, 14.0, 83.0, 17.0, 12.0, 31.0, -37.0, 13.0, 14.0]"
3,1791638298.8913264,"[-14.14968300000001, 22.237190999999996, 12.832853999999998, 13.184417999999994, -0.08712299999999118, 20.655153000000013, 13.272309000000007, 13.53598199999999, 14.678564999999992, 21.973518000000013, 11.866052999999994, 13.096527000000009, 9.141432000000009, 140.890041, 53.438496000000015, 29.268471000000005]","[0.0, 1.0, 3.0, 1.0, 0.0, 8.0, 1.0, 2.0, 3.0, 13.0, 1.0, 4.0, 1.0, -1.0, 3.0, 1.0]","[-10.0, 60.0, 19.0, 16.0, 0.0, 65.0, 14.0, 13.0, 13.0, 53.0, 19.0, 13.0, 34.0, -41.0, 12.0, 14.0]"
3,1791638299.116207,"[-15.116483999999986, 23.907119999999992, 13.887546000000015, 14.502782999999994, -0.08712299999999118, 24.522357, 14.327000999999996, 14.414892000000009, 15.645365999999996, 24.346575, 13.096527000000009, 13.975437, 11.426598000000013, 137.462292, 54.493188, 29.268471000000005]","[0.0, 6.0, 2.0, 2.0, 0.0, 5.0, 1.0, 0.0, 0.0, 1.0, 1.0, 2.0, 5.0, -6.0, 3.0, 1.0]","[-10.0, 58.0, 19.0, 16.0, 0.0, 49.0, 14.0, 13.0, 14.0, 59.0, 17.0, 13.0, 27.0, -35.0, 13.0, 15.0]"
3,1791638299.3401728,"[-16.346958, 26.631741000000005, 15.030128999999988, 15.381693000000013, -0.08712299999999118, 24.698138999999998, 15.381693000000013, 15.821147999999994, 16.787948999999998, 24.434466000000015, 13.975437, 14.942238000000003, 11.60238000000001, 134.210325, 55.635771000000005, 29.35636199999999]","[-2.0, 9.0, 4.0, 5.0, 0.0, 1.0, 1.0, 3.0, 3.0, 0.0, 1.0, 2.0, 1.0, -6.0, 2.0, 1.0]","[-10.0, 46.0, 18.0, 16.0, 0.0, 76.0, 14.0, 12.0, 13.0, 82.0, 17.0, 15.0, 34.0, -32.0, 13.0, 14.0]"
3,1791638299.5642107,"[-17.22586799999999, 28.74112500000001, 15.909039000000007, 16.436385, -0.08712299999999118, 28.565343000000013, 16.524276000000015, 16.787948999999998, 17.666858999999988, 28.74112500000001, 15.205911000000015, 15.996929999999992, 13.272309000000007, 130.95835799999998, 56.60257200000001, 29.35636199999999]","[-2.0, 5.0, 1.0, 3.0, 0.0, 7.0, 3.0, 2.0, 1.0, 1.0, 3.0, 1.0, 5.0, -4.0, 3.0, 1.0]","[-9.0, 52.0, 18.0, 16.0, 0.0, 57.0, 13.0, 11.0, 13.0, 52.0, 17.0, 14.0, 30.0, -30.0, 12.0, 14.0]"
3,1791638299.785501,"[-18.456342000000006, 31.202073000000013, 17.139512999999994, 17.403186000000005, -0.08712299999999118, 30.05949000000001, 17.75475, 17.75475, 18.633659999999992, 30.762618000000003, 16.436385, 17.05162200000001, 14.502782999999994, 127.706391, 57.833045999999996, 29.35636199999999]","[-2.0, 4.0, 4.0, 4.0, 0.0, 1.0, 4.0, 3.0, 1.0, 9.0, 3.0, 3.0, 4.0, -4.0, 3.0, 1.0]","[-9.0, 46.0, 18.0, 16.0, 0.0, 57.0, 13.0, 12.0, 13.0, 48.0, 15.0, 14.0, 27.0, -29.0, 12.0, 14.0]"
3,1791638300.0092008,"[-19.42314300000001, 32.87200200000001, 18.19420500000001, 18.19420500000001, -0.08712299999999118, 32.432547, 18.36998700000001, 18.633659999999992, 19.68835200000001, 32.959892999999994, 17.49107699999999, 18.19420500000001, 15.381693000000013, 124.98176999999998, 58.975629, 29.35636199999999]","[-1.0, 4.0, 3.0, 3.0, 0.0, 9.0, 1.0, 2.0, 3.0, 1.0, 4.0, 1.0, 1.0, -4.0, 3.0, 1.0]","[-10.0, 47.0, 18.0, 16.0, 0.0, 50.0, 13.0, 13.0, 14.0, 51.0, 15.0, 13.0, 28.0, -31.0, 12.0, 15.0]"
3,1791638300.2320616,"[-20.477835, 35.33295000000001, 19.248897, 19.336788000000013, -0.08712299999999118, 34.45403999999999, 19.424678999999998, 19.68835200000001, 20.567262, 32.959892999999994, 18.545769000000007, 19.073115, 15.381693000000013, 122.69660399999998, 59.94243, 29.35636199999999]","[-2.0, 7.0, 2.0, 1.0, 0.0, 1.0, 3.0, 1.0, 1.0, 1.0, 2.0, 2.0, 1.0, 0.0, 2.0, 1.0]","[-9.0, 46.0, 18.0, 15.0, 0.0, 55.0, 14.0, 12.0, 14.0, 73.0, 15.0, 13.0, 27.0, -37.0, 12.0, 15.0]"
3,1791638300.4588523,"[-21.620418, 37.178661000000005, 20.39148, 20.479371000000015, -0.08712299999999118, 36.82709700000001, 20.215698000000003, 20.655153000000013, 21.885627, 37.26655199999999, 19.424678999999998, 20.303588999999988, 15.381693000000013, 118.82940000000002, 60.909231000000005, 29.35636199999999]","[-2.0, 5.0, 4.0, 2.0, 0.0, 7.0, 1.0, 1.0, 2.0, 11.0, 7.0, 4.0, 1.0, -6.0, 2.0, 1.0]","[-10.0, 48.0, 16.0, 15.0, 0.0, 46.0, 14.0, 13.0, 13.0, 43.0, 14.0, 12.0, 27.0, -30.0, 12.0, 15.0]"
3,1791638300.6827495,"[-22.67510999999999, 39.28804500000001, 21.44617199999999, 21.709845, -0.08712299999999118, 38.84859, 21.00671700000001, 21.709845, 22.412972999999994, 37.706007, 20.655153000000013, 21.270389999999992, 15.381693000000013, 115.57743299999998, 61.963922999999994, 29.35636199999999]","[-1.0, 5.0, 3.0, 4.0, 1.0, 6.0, 1.0, 3.0, 1.0, 3.0, 1.0, 2.0, 1.0, -4.0, 3.0, 1.0]","[-9.0, 41.0, 17.0, 16.0, 0.0, 47.0, 14.0, 12.0, 14.0, 58.0, 15.0, 13.0, 28.0, -29.0, 12.0, 14.0]"
3,1791638300.9078736,"[-23.81769299999999, 41.39742899999999, 22.500864000000007, 22.588754999999992, 0.0007679999999936626, 41.04586499999999, 21.973518000000013, 22.76453699999999, 23.907119999999992, 41.836884, 21.621953999999988, 22.32508200000001, 15.381693000000013, 112.50124799999998, 62.84283300000001, 29.35636199999999]","[0.0, 2.0, 1.0, 3.0, 1.0, 8.0, 2.0, 1.0, 4.0, 11.0, 4.0, 1.0, 1.0, -3.0, 1.0, 1.0]","[-9.0, 46.0, 17.0, 15.0, -10.0, 43.0, 16.0, 13.0, 13.0, 39.0, 14.0, 13.0, 27.0, -30.0, 12.0, 14.0]"
3,1791638301.1291544,"[-24.69660300000001, 43.59470400000001, 23.379773999999998, 22.588754999999992, -0.08712299999999118, 43.59470400000001, 22.852428000000003, 23.555555999999996, 24.873920999999996, 42.012665999999996, 22.76453699999999, 22.852428000000003, 15.55747500000001, 109.16138999999998, 64.073307, 29.35636199999999]","[-1.0, 10.0, 1.0, 1.0, 1.0, 4.0, 4.0, 1.0, 1.0, 1.0, 1.0, 1.0, 1.0, -4.0, 3.0, 1.0]","[-9.0, 40.0, 17.0, 19.0, -6.0, 44.0, 16.0, 13.0, 14.0, 61.0, 15.0, 14.0, 26.0, -28.0, 12.0, 14.0]"
3,1791638301.3558974,"[-25.839186000000012, 46.143542999999994, 24.346575, 24.522357, 0.0007679999999936626, 45.87987000000001, 23.64344700000001, 24.78603000000001, 25.840722, 46.31932499999999, 23.64344700000001, 24.258683999999988, 15.55747500000001, 105.82153199999999, 64.95221699999999, 29.35636199999999]","[-2.0, 3.0, 2.0, 4.0, 1.0, 8.0, 1.0, 1.0, 1.0, 11.0, 1.0, 3.0, 1.0, -5.0, 3.0, 1.0]","[-8.0, 38.0, 19.0, 15.0, -12.0, 36.0, 16.0, 12.0, 13.0, 36.0, 15.0, 13.0, 26.0, -25.0, 12.0, 15.0]"
3,1791638301.5800633,"[-26.981768999999986, 48.252927, 25.40126699999999, 25.577048999999988, 0.0007679999999936626, 47.901363, 24.96181200000001, 25.752831000000015, 26.983305, 47.725581000000005, 24.873920999999996, 25.577048999999988, 15.55747500000001, 102.481674, 66.09479999999999, 29.35636199999999]","[-2.0, 6.0, 3.0, 2.0, 1.0, 3.0, 4.0, 1.0, 1.0, 2.0, 2.0, 3.0, 1.0, -6.0, 3.0, 1.0]","[-5.0, 34.0, 17.0, 15.0, -11.0, 42.0, 15.0, 12.0, 0.0, 42.0, 14.0, 12.0, 27.0, -20.0, 12.0, 15.0]"
3,1791638301.8039663,"[-27.94856999999999, 50.362311000000005, 26.28017700000001, 26.631741000000005, 0.0007679999999936626, 50.098637999999994, 25.840722, 26.895413999999988, 27.950106000000005, 50.889657, 26.016503999999998, 26.455959000000007, 15.55747500000001, 99.05392499999999, 67.14949200000001, 29.35636199999999]","[0.0, 1.0, 1.0, 4.0, 1.0, 6.0, 1.0, 2.0, 1.0, 7.0, 3.0, 1.0, 0.0, -4.0, 2.0, 1.0]","[0.0, 37.0, 18.0, 15.0, -12.0, 40.0, 15.0, 12.0, 0.0, 31.0, 14.0, 13.0, 27.0, -19.0, 11.0, 14.0]"
3,1791638302.025686,"[-28.82748000000001, 52.735367999999994, 27.334868999999998, 27.59854200000001, 0.0007679999999936626, 52.47169500000001, 27.071196000000015, 27.42276000000001, 29.004797999999994, 52.29591300000001, 26.895413999999988, 27.774324000000007, 15.996929999999992, 95.80195800000001, 68.29207500000001, 29.35636199999999]","[0.0, 7.0, 2.0, 1.0, 1.0, 5.0, 1.0, 1.0, 1.0, 2.0, 1.0, 4.0, 3.0, -2.0, 2.0, 1.0]","[-8.0, 29.0, 17.0, 15.0, -12.0, 34.0, 15.0, 13.0, -5.0, 39.0, 13.0, 11.0, 24.0, -18.0, 11.0, 14.0]"
3,1791638302.247978,"[-29.794281000000012, 55.28420700000001, 28.30167, 28.829015999999996, 0.0007679999999936626, 54.66897, 28.213778999999988, 28.565343000000013, 30.05949000000001, 54.844752, 28.125888000000003, 28.74112500000001, 16.260603000000003, 92.63788199999999, 69.08309400000002, 29.35636199999999]","[-3.0, 4.0, 1.0, 3.0, 1.0, 6.0, 2.0, 1.0, 1.0, 9.0, 3.0, 2.0, 1.0, -4.0, 1.0, 1.0]","[-9.0, 29.0, 18.0, 16.0, -13.0, 34.0, 13.0, 12.0, -2.0, 29.0, 14.0, 12.0, 23.0, -17.0, 12.0, 14.0]"
3,1791638302.4759152,"[-30.848973, 57.3057, 29.444253000000003, 29.620035, 0.0007679999999936626, 56.86624499999999, 29.444253000000003, 29.795817, 31.114182, 56.42679000000001, 29.092689000000007, 29.795817, 16.260603000000003, 89.91326099999998, 70.313568, 29.35636199999999]","[0.0, 6.0, 3.0, 2.0, 1.0, 3.0, 3.0, 1.0, 0.0, 1.0, 3.0, 1.0, 1.0, -3.0, 3.0, 1.0]","[-6.0, 31.0, 17.0, 16.0, -12.0, 29.0, 13.0, 12.0, -4.0, 37.0, 13.0, 10.0, 24.0, -19.0, 11.0, 14.0]"
3,1791638302.6996732,"[-31.815774000000005, 59.327192999999994, 30.498944999999992, 30.850508999999988, 0.0007679999999936626, 58.975629, 30.586836000000005, 30.762618000000003, 32.16887399999999, 58.624065, 29.883708000000013, 30.850508999999988, 16.260603000000003, 86.661294, 71.456151, 29.35636199999999]","[0.0, 1.0, 1.0, 3.0, 1.0, 2.0, 2.0, 1.0, 1.0, 11.0, 0.0, 2.0, 1.0, -5.0, 4.0, 1.0]","[-9.0, 30.0, 17.0, 15.0, -12.0, 28.0, 12.0, 11.0, -13.0, 31.0, 15.0, 11.0, 24.0, -17.0, 10.0, 14.0]"
3,1791638302.92234,"[-32.87046599999999, 61.436577, 31.55363700000001, 31.817309999999992, 0.0007679999999936626, 61.436577, 31.729419000000007, 31.905201000000005, 33.04778400000001, 61.52446800000001, 31.114182, 31.905201000000005, 16.260603000000003, 83.58510899999999, 72.42295200000001, 29.35636199999999]","[0.0, 6.0, 3.0, 2.0, 1.0, 3.0, 1.0, 1.0, 1.0, 3.0, 1.0, 4.0, 1.0, -4.0, 2.0, 1.0]","[-9.0, 25.0, 17.0, 15.0, -12.0, 25.0, 12.0, 11.0, 0.0, 29.0, 13.0, 12.0, 24.0, -16.0, 11.0, 15.0]"
3,1791638303.1478505,"[-33.92515800000001, 64.073307, 32.69622000000001, 32.87200200000001, 0.0007679999999936626, 63.897525, 32.784110999999996, 32.87200200000001, 34.102475999999996, 63.721743000000004, 32.432547, 32.608329, 16.260603000000003, 82.530417, 73.38975300000001, 29.444253000000003]","[-1.0, 5.0, 3.0, 4.0, 1.0, 6.0, 4.0, 3.0, 1.0, 4.0, 3.0, 2.0, 1.0, -2.0, 3.0, 1.0]","[-5.0, 24.0, 16.0, 15.0, -12.0, 23.0, 12.0, 12.0, -14.0, 26.0, 12.0, 11.0, 24.0, -17.0, 10.0, 14.0]"
3,1791638303.3706923,"[-35.06774100000001, 66.182691, 33.750912, 33.83880300000001, 0.0007679999999936626, 66.182691, 34.01458500000001, 34.01458500000001, 35.069277, 65.919018, 33.48723899999999, 33.663021000000015, 16.260603000000003, 82.530417, 74.444445, 29.707926000000015]","[-2.0, 7.0, 2.0, 1.0, 1.0, 5.0, 3.0, 4.0, 1.0, 3.0, 4.0, 3.0, 1.0, 0.0, 1.0, 1.0]","[0.0, 22.0, 16.0, 16.0, -12.0, 21.0, 11.0, 11.0, 0.0, 26.0, 11.0, 11.0, 24.0, -17.0, 10.0, 14.0]"
3,1791638303.5916684,"[-35.85875999999999, 66.358473, 34.717713, 34.893495, 0.0007679999999936626, 68.11629300000001, 34.102475999999996, 34.893495, 36.12396899999999, 65.919018, 34.45403999999999, 34.717713, 16.260603000000003, 82.530417, 75.411246, 29.707926000000015]","[-1.0, 0.0, 1.0, 3.0, 1.0, 3.0, 1.0, 2.0, 1.0, 1.0, 1.0, 3.0, 1.0, 0.0, 1.0, 1.0]","[-9.0, 23.0, 16.0, 15.0, -12.0, 21.0, 11.0, 11.0, -10.0, 26.0, 13.0, 11.0, 24.0, -17.0, 10.0, 14.0]"
3,1791638303.8197803,"[-36.91345200000001, 66.44636400000002, 35.860296000000005, 35.860296000000005, 0.0007679999999936626, 70.48935, 34.102475999999996, 35.94818699999999, 37.00287900000001, 66.00690900000001, 35.33295000000001, 34.717713, 16.260603000000003, 82.530417, 76.55382900000001, 29.707926000000015]","[-1.0, 2.0, 2.0, 1.0, 1.0, 1.0, 1.0, 1.0, 1.0, 0.0, 1.0, 1.0, 1.0, 0.0, 1.0, 1.0]","[-9.0, 22.0, 16.0, 15.0, -12.0, 21.0, 11.0, 11.0, 0.0, 27.0, 12.0, 14.0, 25.0, -17.0, 11.0, 14.0]"
3,1791638304.0438073,"[-37.88025300000001, 66.44636400000002, 36.914987999999994, 36.739205999999996, 0.0007679999999936626, 71.71982400000002, 34.102475999999996, 37.09076999999999, 38.057570999999996, 66.00690900000001, 36.47553300000001, 36.65131500000001, 16.260603000000003, 82.530417, 77.69641200000001, 29.707926000000015]","[0.0, 1.0, 1.0, 5.0, 1.0, 2.0, 1.0, 3.0, 1.0, 0.0, 3.0, 2.0, 1.0, 0.0, 2.0, 1.0]","[-9.0, 24.0, 16.0, 15.0, -12.0, 17.0, 11.0, 11.0, 0.0, 26.0, 12.0, 12.0, 24.0, -17.0, 10.0, 13.0]"
3,1791638304.2663012,"[-38.847053999999986, 66.358473, 38.057570999999996, 37.881789, 0.0007679999999936626, 71.71982400000002, 34.102475999999996, 37.96968000000001, 39.024372, 65.919018, 37.44233399999999, 37.44233399999999, 16.260603000000003, 82.530417, 78.66321299999998, 29.707926000000015]","[-2.0, 0.0, 3.0, 4.0, 1.0, 1.0, 1.0, 1.0, 1.0, 0.0, 1.0, 1.0, 1.0, 0.0, 3.0, 1.0]","[-9.0, 23.0, 15.0, 14.0, -12.0, 19.0, 12.0, 11.0, 0.0, 26.0, 12.0, 12.0, 24.0, -17.0, 10.0, 14.0]"
3,1791638304.4898868,"[-39.98963699999999, 66.44636400000002, 39.024372, 38.40913499999999, 0.0007679999999936626, 71.71982400000002, 34.102475999999996, 39.11226300000001, 39.991173, 66.00690900000001, 38.58491699999999, 38.672808, 16.260603000000003, 82.530417, 79.71790500000003, 29.707926000000015]","[-2.0, 1.0, 1.0, 1.0, 1.0, 1.0, 1.0, 2.0, 1.0, 1.0, 3.0, 2.0, 1.0, 0.0, 3.0, 1.0]","[-8.0, 22.0, 15.0, 17.0, -11.0, 19.0, 11.0, 11.0, 14.0, 25.0, 12.0, 11.0, 24.0, -17.0, 10.0, 14.0]"
3,1791638304.7130065,"[-40.51698300000001, 66.44636400000002, 40.166955, 39.63960900000001, 0.0007679999999936626, 71.71982400000002, 34.102475999999996, 39.991173, 41.04586499999999, 65.919018, 39.46382700000001, 39.63960900000001, 16.260603000000003, 82.530417, 80.684706, 29.707926000000015]","[0.0, 0.0, 3.0, 3.0, 1.0, 1.0, 1.0, 3.0, 2.0, 0.0, 3.0, 3.0, 1.0, 0.0, 4.0, 1.0]","[-9.0, 23.0, 15.0, 16.0, -11.0, 20.0, 12.0, 11.0, 0.0, 25.0, 12.0, 12.0, 23.0, -17.0, 9.0, 14.0]"
3,1791638304.9396968,"[-42.01113000000001, 66.44636400000002, 41.133756000000005, 40.694300999999996, 0.0007679999999936626, 71.807715, 34.102475999999996, 40.870082999999994, 41.661102, 66.00690900000001, 40.43062800000001, 40.78219200000001, 16.260603000000003, 82.530417, 81.56361600000002, 29.707926000000015]","[-2.0, 1.0, 2.0, 2.0, 1.0, 1.0, 1.0, 1.0, 1.0, 0.0, 3.0, 4.0, 1.0, 0.0, 3.0, 1.0]","[0.0, 22.0, 15.0, 16.0, -12.0, 20.0, 11.0, 11.0, 14.0, 26.0, 11.0, 12.0, 24.0, -17.0, 11.0, 14.0]"
3,1791638305.1639547,"[-43.065822, 66.44636400000002, 42.188447999999994, 41.573211000000015, 0.0007679999999936626, 71.71982400000002, 34.102475999999996, 42.012665999999996, 43.06735800000001, 65.919018, 41.661102, 41.661102, 16.260603000000003, 82.530417, 82.61830800000001, 29.707926000000015]","[-1.0, 1.0, 2.0, 4.0, 1.0, 0.0, 1.0, 1.0, 1.0, 0.0, 3.0, 2.0, 1.0, 0.0, 3.0, 1.0]","[0.0, 23.0, 16.0, 16.0, -11.0, 21.0, 11.0, 11.0, 0.0, 26.0, 11.0, 12.0, 24.0, -17.0, 10.0, 13.0]"
3,1791638305.3851018,"[-44.032623, 66.44636400000002, 43.24314000000001, 42.803685, 0.0007679999999936626, 71.807715, 34.102475999999996, 42.979467, 44.03415899999999, 66.00690900000001, 42.54001199999999, 42.803685, 16.260603000000003, 82.530417, 83.58510899999999, 29.707926000000015]","[0.0, 0.0, 2.0, 3.0, 1.0, 1.0, 1.0, 1.0, 2.0, 1.0, 2.0, 3.0, 0.0, 0.0, 3.0, 1.0]","[0.0, 23.0, 15.0, 16.0, -11.0, 20.0, 11.0, 11.0, 0.0, 26.0, 11.0, 12.0, 23.0, -17.0, 11.0, 13.0]"
3,1791638305.6116247,"[-45.08731499999999, 66.44636400000002, 44.297832, 43.506812999999994, 0.0007679999999936626, 71.71982400000002, 34.102475999999996, 44.12205, 44.91306900000001, 65.919018, 43.68259499999999, 43.770486000000005, 16.348493999999988, 82.530417, 84.376128, 29.707926000000015]","[0.0, 1.0, 2.0, 2.0, 1.0, 0.0, 1.0, 3.0, 0.0, 0.0, 1.0, 1.0, 1.0, 0.0, 4.0, 1.0]","[0.0, 22.0, 16.0, 16.0, -12.0, 21.0, 12.0, 12.0, -11.0, 26.0, 11.0, 11.0, 22.0, -17.0, 11.0, 14.0]"
3,1791638305.8330507,"[-46.05411599999999, 66.44636400000002, 45.088851000000005, 44.825177999999994, 0.0007679999999936626, 71.71982400000002, 34.102475999999996, 45.088851000000005, 46.05565200000001, 66.00690900000001, 44.73728700000001, 45.00095999999999, 16.348493999999988, 82.530417, 85.25503800000001, 29.707926000000015]","[0.0, 1.0, 1.0, 4.0, 1.0, 1.0, 1.0, 3.0, 1.0, 0.0, 3.0, 2.0, 1.0, 0.0, 1.0, 1.0]","[0.0, 22.0, 15.0, 15.0, -11.0, 20.0, 11.0, 12.0, -14.0, 25.0, 11.0, 11.0, 21.0, -17.0, 11.0, 14.0]"
3,1791638306.0589821,"[-47.020917, 66.44636400000002, 46.143542999999994, 45.791979, 0.0007679999999936626, 71.807715, 34.102475999999996, 45.87987000000001, 46.934562, 66.00690900000001, 45.616197, 45.87987000000001, 16.348493999999988, 82.530417, 86.30973, 29.707926000000015]","[-1.0, 1.0, 1.0, 1.0, 1.0, 0.0, 1.0, 1.0, 1.0, 1.0, 2.0, 1.0, 0.0, 0.0, 1.0, 1.0]","[0.0, 22.0, 15.0, 15.0, -12.0, 21.0, 12.0, 12.0, -8.0, 26.0, 12.0, 11.0, 23.0, -17.0, 10.0, 14.0]"
3,1791638306.2831485,"[-47.636154000000005, 66.44636400000002, 47.19823500000001, 47.19823500000001, 0.0007679999999936626, 71.71982400000002, 34.102475999999996, 47.02245300000001, 48.077145, 66.00690900000001, 46.75878, 47.110344, 16.787948999999998, 82.530417, 86.92496699999998, 29.707926000000015]","[0.0, 1.0, 2.0, 3.0, 1.0, 0.0, 1.0, 2.0, 1.0, 1.0, 3.0, 2.0, 1.0, 0.0, 1.0, 1.0]","[-9.0, 21.0, 15.0, 14.0, -12.0, 22.0, 11.0, 11.0, -14.0, 26.0, 11.0, 10.0, 19.0, -17.0, 12.0, 14.0]"
3,1791638306.5075552,"[-49.04240999999999, 66.44636400000002, 48.077145, 48.077145, 0.0007679999999936626, 71.807715, 34.102475999999996, 47.901363, 49.043946000000005, 66.00690900000001, 47.725581000000005, 47.98925399999999, 16.787948999999998, 82.530417, 87.10074900000001, 29.707926000000015]","[-2.0, 1.0, 1.0, 3.0, 1.0, 1.0, 1.0, 1.0, 1.0, 0.0, 2.0, 3.0, 1.0, 0.0, 1.0, 1.0]","[-5.0, 21.0, 15.0, 14.0, -12.0, 21.0, 11.0, 11.0, -13.0, 26.0, 11.0, 11.0, 19.0, -17.0, 14.0, 14.0]"
3,1791638306.7316272,"[-49.833428999999995, 66.534255, 49.219728, 49.219728, 0.0007679999999936626, 71.807715, 34.102475999999996, 48.86816400000001, 49.922855999999996, 66.00690900000001, 48.51660000000001, 48.95605499999999, 16.787948999999998, 82.530417, 87.18864000000002, 29.707926000000015]","[0.0, 2.0, 3.0, 4.0, 1.0, 1.0, 1.0, 1.0, 0.0, 1.0, 1.0, 1.0, 0.0, 1.0, 1.0, 1.0]","[-9.0, 19.0, 15.0, 14.0, -12.0, 21.0, 11.0, 12.0, 0.0, 26.0, 12.0, 11.0, 19.0, -17.0, 18.0, 13.0]"
3,1791638306.9519525,"[-50.80023, 66.710037, 50.098637999999994, 50.45020199999999, 0.0007679999999936626, 71.807715, 34.102475999999996, 50.01074700000001, 51.15333000000001, 66.00690900000001, 49.65918300000001, 50.098637999999994, 16.787948999999998, 82.530417, 87.18864000000002, 29.707926000000015]","[-1.0, 2.0, 3.0, 3.0, 1.0, 1.0, 1.0, 3.0, 0.0, 1.0, 3.0, 3.0, 0.0, 1.0, 1.0, 1.0]","[-10.0, 19.0, 16.0, 14.0, -13.0, 20.0, 12.0, 11.0, -12.0, 27.0, 11.0, 10.0, 20.0, -17.0, 23.0, 13.0]"
3,1791638307.1795404,"[-51.67913999999999, 66.710037, 50.97754800000001, 51.32911200000001, 0.0007679999999936626, 71.807715, 34.102475999999996, 50.801766000000015, 52.03224, 66.00690900000001, 50.62598400000002, 50.889657, 16.787948999999998, 82.44252599999999, 87.62809500000003, 29.620035]","[0.0, 1.0, 1.0, 3.0, 1.0, 0.0, 1.0, 3.0, 1.0, 1.0, 1.0, 2.0, 0.0, 0.0, 1.0, 0.0]","[-9.0, 20.0, 16.0, 14.0, -11.0, 21.0, 11.0, 12.0, 0.0, 25.0, 10.0, 11.0, 19.0, -16.0, 27.0, 13.0]"
3,1791638307.4034839,"[-52.73383199999999, 66.62214600000001, 52.03224, 52.29591300000001, 0.0007679999999936626, 71.807715, 34.102475999999996, 52.03224, 53.08693199999999, 66.00690900000001, 51.856458, 51.94434900000002, 16.787948999999998, 82.44252599999999, 87.803877, 29.532143999999988]","[-2.0, 0.0, 1.0, 1.0, 1.0, 1.0, 1.0, 2.0, 0.0, 1.0, 2.0, 2.0, 0.0, 0.0, 1.0, 1.0]","[-9.0, 20.0, 16.0, 15.0, -12.0, 21.0, 11.0, 12.0, 0.0, 26.0, 12.0, 11.0, 19.0, -16.0, 34.0, 14.0]"
3,1791638307.6248279,"[-53.788523999999995, 66.710037, 53.08693199999999, 53.174823, 0.0007679999999936626, 71.807715, 34.102475999999996, 52.999041000000005, 54.053732999999994, 66.00690900000001, 52.64747700000001, 52.999041000000005, 16.787948999999998, 82.44252599999999, 87.803877, 29.532143999999988]","[-3.0, 1.0, 1.0, 1.0, 1.0, 0.0, 1.0, 1.0, 1.0, 1.0, 2.0, 3.0, 0.0, 0.0, 1.0, 0.0]","[-9.0, 20.0, 15.0, 14.0, -12.0, 21.0, 11.0, 12.0, 0.0, 25.0, 12.0, 11.0, 19.0, -17.0, 38.0, 13.0]"
3,1791638307.8514788,"[-54.491652, 66.710037, 54.053732999999994, 54.317406000000005, 0.0007679999999936626, 71.807715, 34.102475999999996, 54.14162400000001, 55.10842500000001, 66.00690900000001, 53.526387, 53.79006000000001, 16.700058000000013, 82.44252599999999, 87.71598599999999, 29.620035]","[0.0, 1.0, 3.0, 2.0, 1.0, 0.0, 1.0, 3.0, 0.0, 1.0, 1.0, 1.0, 0.0, 0.0, 0.0, 1.0]","[-10.0, 20.0, 15.0, 13.0, -12.0, 21.0, 12.0, 11.0, -2.0, 26.0, 12.0, 11.0, 9.0, 5.0, 10.0, 9.0]"
3,1791638308.0753608,"[-55.45845299999999, 66.710037, 55.196315999999996, 55.28420700000001, 0.0007679999999936626, 71.807715, 34.102475999999996, 55.020534, 56.163117, 66.00690900000001, 54.756861000000015, 55.020534, 16.700058000000013, 82.530417, 87.71598599999999, 29.532143999999988]","[0.0, 1.0, 3.0, 3.0, 1.0, 1.0, 1.0, 2.0, 0.0, 1.0, 3.0, 3.0, 1.0, 0.0, 0.0, 0.0]","[-10.0, 20.0, 16.0, 15.0, -12.0, 20.0, 11.0, 11.0, -14.0, 25.0, 11.0, 11.0, 10.0, 3.0, 11.0, 13.0]"
3,1791638308.299385,"[-56.425253999999995, 66.710037, 56.075226000000015, 56.338899, 0.0007679999999936626, 71.807715, 34.102475999999996, 55.72366199999999, 56.954136000000005, 66.00690900000001, 55.635771000000005, 55.89944400000002, 16.700058000000013, 82.530417, 87.71598599999999, 29.532143999999988]","[0.0, 1.0, 1.0, 4.0, 1.0, 1.0, 1.0, 0.0, 1.0, 1.0, 4.0, 1.0, 1.0, 1.0, 0.0, 1.0]","[-10.0, 19.0, 15.0, 13.0, -12.0, 20.0, 11.0, 13.0, 0.0, 26.0, 11.0, 10.0, 9.0, 1.0, 10.0, 13.0]"
3,1791638308.5204382,"[-57.040491, 66.710037, 57.04202699999999, 57.129918, 0.0007679999999936626, 71.807715, 34.102475999999996, 56.954136000000005, 57.92093700000001, 66.00690900000001, 56.514680999999996, 56.86624499999999, 16.700058000000013, 82.530417, 87.71598599999999, 29.620035]","[-1.0, 1.0, 1.0, 1.0, 1.0, 0.0, 1.0, 1.0, 1.0, 1.0, 2.0, 2.0, 1.0, 1.0, 0.0, 0.0]","[-11.0, 20.0, 15.0, 14.0, -11.0, 22.0, 11.0, 11.0, 0.0, 25.0, 11.0, 11.0, 9.0, 3.0, 10.0, 12.0]"
3,1791638308.7473564,"[-58.622529, 66.885819, 58.09671900000001, 58.008827999999994, 0.0007679999999936626, 71.807715, 34.102475999999996, 58.008827999999994, 58.975629, 66.00690900000001, 57.56937300000001, 58.008827999999994, 16.700058000000013, 82.530417, 87.71598599999999, 29.532143999999988]","[-2.0, 1.0, 1.0, 1.0, 1.0, 1.0, 1.0, 2.0, 1.0, 1.0, 1.0, 4.0, -1.0, 1.0, 0.0, 0.0]","[-9.0, 19.0, 16.0, 15.0, -11.0, 21.0, 11.0, 11.0, 0.0, 25.0, 11.0, 10.0, 9.0, 0.0, 11.0, 13.0]"
3,1791638308.9682555,"[-59.149874999999994, 67.237383, 59.327192999999994, 59.06352000000001, 0.0007679999999936626, 71.807715, 34.102475999999996, 59.06352000000001, 59.94243, 66.00690900000001, 58.53617400000002, 58.88773800000001, 16.787948999999998, 82.44252599999999, 87.71598599999999, 29.532143999999988]","[0.0, 1.0, 1.0, 1.0, 1.0, 1.0, 1.0, 1.0, 1.0, 1.0, 2.0, 3.0, 1.0, -1.0, 0.0, 0.0]","[-11.0, 17.0, 15.0, 15.0, -12.0, 21.0, 11.0, 11.0, 0.0, 26.0, 12.0, 11.0, 9.0, 11.0, 11.0, 12.0]"
3,1791638309.1921742,"[-60.380348999999995, 67.32527400000001, 60.469775999999996, 59.23930200000001, 0.0007679999999936626, 71.807715, 34.102475999999996, 60.118212, 60.99712199999999, 66.00690900000001, 59.766648, 58.88773800000001, 16.700058000000013, 82.530417, 87.71598599999999, 29.532143999999988]","[-2.0, 0.0, 3.0, 1.0, 1.0, 0.0, 1.0, 2.0, 1.0, 1.0, 4.0, 0.0, 1.0, 0.0, 0.0, 1.0]","[-10.0, 18.0, 14.0, 14.0, -12.0, 22.0, 12.0, 12.0, 0.0, 26.0, 12.0, 11.0, 10.0, 7.0, 10.0, 12.0]"
3,1791638309.4167972,"[-61.610822999999996, 67.32527400000001, 61.436577, 59.23930200000001, 0.0007679999999936626, 71.807715, 34.102475999999996, 61.085013000000004, 61.963922999999994, 66.00690900000001, 60.909231000000005, 58.88773800000001, 16.700058000000013, 82.530417, 87.71598599999999, 29.532143999999988]","[0.0, 1.0, 2.0, 1.0, 1.0, 1.0, 1.0, 4.0, 2.0, 1.0, 4.0, 1.0, 1.0, 1.0, 0.0, 0.0]","[-10.0, 17.0, 14.0, 15.0, -12.0, 21.0, 11.0, 11.0, 0.0, 25.0, 10.0, 11.0, 9.0, 4.0, 10.0, 11.0]"
3,1791638309.6429162,"[-62.489733, 67.32527400000001, 62.49126900000002, 59.23930200000001, 0.0007679999999936626, 71.807715, 34.102475999999996, 61.963922999999994, 62.930724, 66.00690900000001, 61.87603200000001, 58.88773800000001, 16.700058000000013, 82.530417, 87.71598599999999, 29.532143999999988]","[0.0, 1.0, 3.0, 1.0, 1.0, 1.0, 1.0, 1.0, 2.0, 1.0, 1.0, 1.0, 0.0, 1.0, 0.0, 0.0]","[-10.0, 18.0, 14.0, 15.0, -12.0, 21.0, 11.0, 11.0, 0.0, 26.0, 11.0, 11.0, 9.0, 0.0, 10.0, 13.0]"
3,1791638309.8668225,"[-63.720207, 67.32527400000001, 63.45806999999999, 59.23930200000001, 0.0007679999999936626, 71.807715, 34.102475999999996, 63.106505999999996, 63.985416000000015, 66.00690900000001, 63.01861500000001, 58.88773800000001, 16.787948999999998, 82.530417, 87.71598599999999, 29.532143999999988]","[-2.0, 0.0, 2.0, 1.0, 1.0, 1.0, 1.0, 3.0, 1.0, 1.0, 3.0, 1.0, 1.0, 1.0, 0.0, 1.0]","[-9.0, 17.0, 15.0, 15.0, -12.0, 21.0, 11.0, 11.0, 0.0, 26.0, 11.0, 11.0, 9.0, 4.0, 11.0, 12.0]"
3,1791638310.0912786,"[-64.68700799999999, 67.32527400000001, 64.51276200000001, 59.23930200000001, 0.0007679999999936626, 71.71982400000002, 34.102475999999996, 63.897525, 64.95221699999999, 66.00690900000001, 63.897525, 58.88773800000001, 16.700058000000013, 82.44252599999999, 87.71598599999999, 29.532143999999988]","[0.0, 1.0, 3.0, 1.0, 1.0, 1.0, 1.0, 3.0, 1.0, 1.0, 2.0, 1.0, 0.0, 0.0, 0.0, 1.0]","[-9.0, 17.0, 15.0, 14.0, -12.0, 21.0, 11.0, 13.0, 0.0, 26.0, 11.0, 11.0, 9.0, 7.0, 11.0, 13.0]"
3,1791638310.312611,"[-65.390136, 67.32527400000001, 65.391672, 59.23930200000001, 0.0007679999999936626, 71.71982400000002, 34.102475999999996, 64.424871, 65.919018, 66.00690900000001, 64.77643499999999, 58.88773800000001, 16.700058000000013, 82.530417, 87.71598599999999, 29.532143999999988]","[0.0, 1.0, 1.0, 1.0, 1.0, 0.0, 1.0, 1.0, 1.0, 1.0, 1.0, 1.0, 1.0, 0.0, 0.0, 0.0]","[-10.0, 18.0, 15.0, 14.0, -12.0, 21.0, 11.0, 13.0, 0.0, 26.0, 12.0, 11.0, 9.0, 1.0, 10.0, 13.0]"
3,1791638310.5392773,"[-66.532719, 67.237383, 66.534255, 59.23930200000001, 0.0007679999999936626, 71.71982400000002, 34.102475999999996, 65.567454, 66.97371000000001, 66.00690900000001, 65.919018, 58.88773800000001, 16.700058000000013, 82.530417, 87.71598599999999, 29.532143999999988]","[-1.0, 0.0, 3.0, 1.0, 1.0, 0.0, 1.0, 2.0, 1.0, 1.0, 3.0, 1.0, 1.0, 0.0, 0.0, 1.0]","[-9.0, 19.0, 14.0, 14.0, -12.0, 22.0, 11.0, 13.0, 0.0, 25.0, 11.0, 12.0, 9.0, 4.0, 11.0, 12.0]"
3,1791638310.7596853,"[-67.49952, 67.32527400000001, 67.41316499999999, 59.23930200000001, 0.0007679999999936626, 71.71982400000002, 34.102475999999996, 66.27058199999999, 67.94051100000001, 66.00690900000001, 66.710037, 58.88773800000001, 16.700058000000013, 82.44252599999999, 87.71598599999999, 29.532143999999988]","[0.0, 1.0, 1.0, 1.0, 1.0, 0.0, 1.0, 1.0, 1.0, 1.0, 2.0, 1.0, 0.0, 1.0, 0.0, 0.0]","[-9.0, 17.0, 14.0, 14.0, -12.0, 23.0, 11.0, 14.0, 0.0, 25.0, 11.0, 11.0, 9.0, 2.0, 10.0, 9.0]"
3,1791638310.9865313,"[-68.37843, 67.32527400000001, 68.46785700000001, 59.23930200000001, 0.0007679999999936626, 71.71982400000002, 34.102475999999996, 67.14949200000001, 68.90731199999999, 66.00690900000001, 67.41316499999999, 58.88773800000001, 16.700058000000013, 82.530417, 87.71598599999999, 29.532143999999988]","[0.0, 1.0, 2.0, 1.0, 0.0, 0.0, 0.0, 3.0, 1.0, 1.0, 3.0, 1.0, 0.0, 2.0, 0.0, 0.0]","[-9.0, 18.0, 14.0, 15.0, -12.0, 22.0, 11.0, 13.0, 13.0, 25.0, 12.0, 11.0, 9.0, 0.0, 11.0, 13.0]"
3,1791638311.208537,"[-69.433122, 67.32527400000001, 69.522549, 59.23930200000001, 0.0007679999999936626, 71.71982400000002, 34.102475999999996, 68.29207500000001, 69.96200400000001, 66.00690900000001, 68.29207500000001, 58.88773800000001, 16.700058000000013, 82.530417, 87.71598599999999, 29.532143999999988]","[-2.0, 1.0, 3.0, 1.0, 0.0, 0.0, 0.0, 2.0, 2.0, 1.0, 1.0, 1.0, 1.0, 1.0, 0.0, 0.0]","[-10.0, 18.0, 15.0, 14.0, -11.0, 21.0, 11.0, 13.0, 0.0, 26.0, 13.0, 11.0, 9.0, 0.0, 10.0, 13.0]"
3,1791638311.4335642,"[-69.433122, 67.32527400000001, 70.40145900000002, 59.23930200000001, 0.0007679999999936626, 71.71982400000002, 34.102475999999996, 69.08309400000002, 69.96200400000001, 66.00690900000001, 69.43465800000001, 58.88773800000001, 16.700058000000013, 82.530417, 87.71598599999999, 29.532143999999988]","[0.0, 1.0, 1.0, 1.0, 0.0, 1.0, 1.0, 1.0, 1.0, 1.0, 4.0, 1.0, 1.0, 1.0, 0.0, 1.0]","[-9.0, 18.0, 15.0, 14.0, -11.0, 23.0, 11.0, 13.0, 0.0, 26.0, 11.0, 11.0, 9.0, 3.0, 10.0, 13.0]"
3,1791638311.6574724,"[-69.433122, 67.32527400000001, 71.28036900000001, 59.23930200000001, 0.0007679999999936626, 71.631933, 34.102475999999996, 70.40145900000002, 69.96200400000001, 66.00690900000001, 70.40145900000002, 58.88773800000001, 16.700058000000013, 82.530417, 87.71598599999999, 29.532143999999988]","[0.0, 1.0, 2.0, 1.0, 0.0, 0.0, 0.0, 2.0, 1.0, 1.0, 1.0, 1.0, 1.0, 1.0, 0.0, 0.0]","[-9.0, 18.0, 15.0, 14.0, -11.0, 22.0, 11.0, 13.0, 0.0, 26.0, 13.0, 11.0, 10.0, 1.0, 11.0, 13.0]"
3,1791638311.8816812,"[-69.433122, 67.32527400000001, 72.07138800000001, 59.23930200000001, 0.0007679999999936626, 71.631933, 34.102475999999996, 71.631933, 69.96200400000001, 66.00690900000001, 71.36825999999999, 58.88773800000001, 16.700058000000013, 82.530417, 87.71598599999999, 29.532143999999988]","[0.0, 1.0, 1.0, 1.0, 0.0, 0.0, 1.0, 3.0, 1.0, 1.0, 3.0, 1.0, 0.0, 0.0, 0.0, 1.0]","[-10.0, 18.0, 16.0, 15.0, -12.0, 21.0, 12.0, 12.0, 0.0, 26.0, 12.0, 11.0, 10.0, 0.0, 10.0, 5.0]"
3,1791638312.1046274,"[-69.433122, 67.32527400000001, 73.12608, 59.23930200000001, 0.0007679999999936626, 71.631933, 34.102475999999996, 72.510843, 69.96200400000001, 66.00690900000001, 72.335061, 58.88773800000001, 16.700058000000013, 82.530417, 87.71598599999999, 29.532143999999988]","[0.0, 1.0, 2.0, 1.0, 0.0, 0.0, 0.0, 1.0, 1.0, 1.0, 4.0, 1.0, 0.0, 1.0, 0.0, 1.0]","[-10.0, 18.0, 15.0, 15.0, -12.0, 22.0, 11.0, 13.0, 0.0, 26.0, 12.0, 11.0, 10.0, 0.0, 11.0, 7.0]"
3,1791638312.3297222,"[-69.433122, 67.32527400000001, 74.092881, 59.23930200000001, 0.0007679999999936626, 71.631933, 34.102475999999996, 73.56553500000001, 69.96200400000001, 66.00690900000001, 73.301862, 58.88773800000001, 16.700058000000013, 82.530417, 87.71598599999999, 29.532143999999988]","[0.0, 1.0, 1.0, 1.0, 0.0, 0.0, 0.0, 3.0, 1.0, 1.0, 1.0, 1.0, 1.0, 1.0, 0.0, 1.0]","[-9.0, 18.0, 15.0, 14.0, -11.0, 23.0, 11.0, 12.0, 0.0, 25.0, 12.0, 11.0, 10.0, 0.0, 10.0, 9.0]"
3,1791638312.5550213,"[-69.433122, 67.32527400000001, 74.88390000000001, 59.23930200000001, 0.0007679999999936626, 71.631933, 34.102475999999996, 73.74131700000001, 69.96200400000001, 66.00690900000001, 74.092881, 58.88773800000001, 16.700058000000013, 82.530417, 87.71598599999999, 29.532143999999988]","[1.0, 1.0, 1.0, 1.0, 0.0, 0.0, 1.0, 0.0, 1.0, 1.0, 3.0, 1.0, 0.0, 0.0, 0.0, 0.0]","[-11.0, 18.0, 15.0, 15.0, -11.0, 22.0, 12.0, 12.0, 0.0, 25.0, 13.0, 11.0, 10.0, 0.0, 10.0, 13.0]"
3,1791638312.7788305,"[-69.433122, 67.32527400000001, 75.938592, 59.23930200000001, 0.0007679999999936626, 71.631933, 34.102475999999996, 73.829208, 69.96200400000001, 66.00690900000001, 75.05968200000001, 58.88773800000001, 16.700058000000013, 82.44252599999999, 87.71598599999999, 29.532143999999988]","[1.0, 1.0, 1.0, 1.0, 0.0, 0.0, 1.0, 1.0, 1.0, 1.0, 1.0, 1.0, 1.0, 1.0, 0.0, 1.0]","[-10.0, 18.0, 16.0, 15.0, -12.0, 23.0, 12.0, 13.0, 0.0, 27.0, 15.0, 12.0, 10.0, 3.0, 10.0, 5.0]"
3,1791638313.003072,"[-69.433122, 67.32527400000001, 76.905393, 59.23930200000001, 0.0007679999999936626, 71.631933, 34.102475999999996, 73.829208, 69.96200400000001, 66.00690900000001, 75.85070100000002, 58.88773800000001, 16.700058000000013, 82.530417, 87.71598599999999, 29.532143999999988]","[1.0, 1.0, 2.0, 1.0, 0.0, 0.0, 1.0, 1.0, 1.0, 1.0, 1.0, 1.0, 0.0, 1.0, 0.0, 0.0]","[-9.0, 18.0, 16.0, 15.0, -11.0, 22.0, 11.0, 12.0, 0.0, 26.0, 14.0, 12.0, 9.0, 0.0, 10.0, 13.0]"
3,1791638313.2270572,"[-69.433122, 67.32527400000001, 77.78430300000002, 59.23930200000001, 0.0007679999999936626, 71.631933, 34.102475999999996, 73.74131700000001, 69.96200400000001, 66.00690900000001, 76.465938, 58.88773800000001, 16.700058000000013, 82.530417, 87.71598599999999, 29.532143999999988]","[1.0, 1.0, 1.0, 1.0, 0.0, 0.0, 0.0, 1.0, 1.0, 1.0, 4.0, 0.0, 0.0, 0.0, 0.0, 0.0]","[-10.0, 19.0, 16.0, 15.0, -12.0, 22.0, 11.0, 13.0, 0.0, 27.0, 15.0, 11.0, 10.0, 0.0, 10.0, 13.0]"
3,1791638313.450924,"[-69.433122, 67.32527400000001, 78.751104, 59.23930200000001, 0.0007679999999936626, 71.631933, 34.102475999999996, 73.829208, 69.96200400000001, 66.00690900000001, 77.69641200000001, 58.975629, 16.700058000000013, 82.530417, 87.71598599999999, 29.532143999999988]","[1.0, 1.0, 2.0, 1.0, 0.0, 0.0, 0.0, 0.0, 1.0, 1.0, 2.0, 1.0, 0.0, 0.0, 0.0, 1.0]","[-10.0, 18.0, 16.0, 15.0, -12.0, 22.0, 12.0, 13.0, 0.0, 26.0, 14.0, 11.0, 11.0, 0.0, 10.0, 10.0]"
3,1791638313.6713345,"[-69.433122, 67.32527400000001, 79.63001400000002, 59.23930200000001, 0.0007679999999936626, 71.631933, 34.102475999999996, 73.74131700000001, 69.96200400000001, 66.00690900000001, 78.66321299999998, 59.151410999999996, 16.700058000000013, 82.530417, 87.71598599999999, 29.620035]","[1.0, 1.0, 2.0, 1.0, 0.0, 0.0, 1.0, 1.0, 1.0, 1.0, 3.0, 1.0, 0.0, 1.0, 0.0, 1.0]","[-10.0, 18.0, 16.0, 15.0, -11.0, 23.0, 11.0, 12.0, 0.0, 26.0, 15.0, 10.0, 9.0, 0.0, 11.0, 2.0]"
3,1791638313.8989205,"[-69.433122, 67.32527400000001, 80.50892399999998, 59.23930200000001, 0.0007679999999936626, 71.631933, 34.102475999999996, 73.74131700000001, 69.96200400000001, 66.00690900000001, 79.542123, 59.151410999999996, 16.700058000000013, 82.530417, 87.71598599999999, 29.532143999999988]","[1.0, 1.0, 4.0, 1.0, 0.0, 0.0, 1.0, -1.0, 1.0, 1.0, 1.0, 1.0, 1.0, 1.0, 0.0, 0.0]","[-10.0, 17.0, 17.0, 15.0, -12.0, 22.0, 11.0, 13.0, 0.0, 26.0, 16.0, 11.0, 9.0, 0.0, 10.0, 13.0]"
3,1791638314.1215062,"[-69.433122, 67.32527400000001, 81.47572500000001, 59.23930200000001, 0.0007679999999936626, 71.631933, 34.102475999999996, 73.829208, 69.96200400000001, 66.00690900000001, 80.684706, 59.151410999999996, 16.700058000000013, 82.530417, 87.71598599999999, 29.532143999999988]","[1.0, 1.0, 1.0, 1.0, 0.0, 0.0, 1.0, 0.0, 1.0, 1.0, 3.0, 1.0, 0.0, 1.0, 0.0, 1.0]","[-10.0, 18.0, 17.0, 15.0, -11.0, 22.0, 11.0, 12.0, 0.0, 26.0, 14.0, 11.0, 9.0, 0.0, 11.0, 11.0]"
3,1791638314.3468769,"[-69.433122, 67.32527400000001, 82.530417, 59.23930200000001, 0.0007679999999936626, 71.631933, 34.102475999999996, 73.74131700000001, 69.96200400000001, 66.00690900000001, 81.65150699999998, 59.151410999999996, 16.700058000000013, 82.530417, 87.71598599999999, 29.532143999999988]","[1.0, 1.0, 4.0, 1.0, 0.0, 0.0, 0.0, 1.0, 1.0, 0.0, 1.0, 1.0, 0.0, 1.0, 0.0, 0.0]","[-9.0, 18.0, 17.0, 15.0, -12.0, 22.0, 11.0, 12.0, 0.0, 26.0, 15.0, 11.0, 11.0, 0.0, 11.0, 13.0]"
3,1791638314.5685184,"[-69.433122, 67.32527400000001, 83.49721799999998, 59.23930200000001, 0.0007679999999936626, 71.631933, 34.102475999999996, 73.829208, 69.96200400000001, 66.00690900000001, 82.530417, 59.151410999999996, 16.700058000000013, 82.530417, 87.71598599999999, 29.532143999999988]","[1.0, 1.0, 2.0, 1.0, 0.0, 0.0, 1.0, 2.0, 1.0, 0.0, 1.0, 1.0, 0.0, 0.0, 0.0, 0.0]","[-9.0, 17.0, 17.0, 14.0, -12.0, 23.0, 11.0, 12.0, 0.0, 26.0, 15.0, 11.0, 9.0, 0.0, 11.0, 13.0]"
3,1791638314.7948394,"[-69.433122, 67.32527400000001, 84.28823699999998, 59.23930200000001, 0.0007679999999936626, 71.631933, 34.102475999999996, 73.74131700000001, 69.96200400000001, 66.00690900000001, 83.321436, 59.151410999999996, 16.700058000000013, 82.530417, 87.71598599999999, 29.532143999999988]","[1.0, 1.0, 1.0, 1.0, 0.0, 0.0, 0.0, 0.0, 1.0, 0.0, 1.0, 1.0, 0.0, 0.0, 0.0, 1.0]","[-9.0, 18.0, 18.0, 15.0, -11.0, 22.0, 12.0, 13.0, 0.0, 26.0, 16.0, 12.0, 9.0, 0.0, 10.0, 10.0]"
3,1791638315.018813,"[-69.433122, 67.32527400000001, 85.167147, 59.23930200000001, 0.0007679999999936626, 71.631933, 34.01458500000001, 73.829208, 69.96200400000001, 66.00690900000001, 84.376128, 59.151410999999996, 16.700058000000013, 82.530417, 87.71598599999999, 29.532143999999988]","[1.0, 1.0, 1.0, 1.0, 0.0, 0.0, 0.0, 0.0, 1.0, 0.0, 3.0, 1.0, 0.0, 1.0, 0.0, 1.0]","[-10.0, 18.0, 18.0, 15.0, -11.0, 22.0, 12.0, 12.0, 0.0, 26.0, 15.0, 10.0, 9.0, 0.0, 11.0, 8.0]"
3,1791638315.2428296,"[-69.433122, 67.32527400000001, 86.13394799999998, 59.23930200000001, 0.0007679999999936626, 71.631933, 34.102475999999996, 73.74131700000001, 69.96200400000001, 66.00690900000001, 84.99136500000003, 59.151410999999996, 16.700058000000013, 82.530417, 87.71598599999999, 29.532143999999988]","[1.0, 1.0, 3.0, 1.0, 0.0, 0.0, 0.0, 1.0, 1.0, 0.0, 1.0, 1.0, 1.0, 1.0, 0.0, 0.0]","[-10.0, 18.0, 18.0, 15.0, -12.0, 22.0, 11.0, 12.0, 0.0, 26.0, 19.0, 10.0, 9.0, 0.0, 11.0, 12.0]"
3,1791638315.4633636,"[-69.433122, 67.32527400000001, 86.83707600000002, 59.23930200000001, 0.0007679999999936626, 71.631933, 34.102475999999996, 73.74131700000001, 69.96200400000001, 66.00690900000001, 85.87027499999999, 59.151410999999996, 16.700058000000013, 82.530417, 87.71598599999999, 29.532143999999988]","[1.0, 1.0, 1.0, 1.0, 0.0, 0.0, 0.0, 0.0, 1.0, 0.0, 2.0, 1.0, 1.0, 1.0, 0.0, 1.0]","[-10.0, 17.0, 20.0, 15.0, -12.0, 23.0, 11.0, 13.0, 0.0, 26.0, 17.0, 11.0, 9.0, 1.0, 10.0, 6.0]"
3,1791638315.6876855,"[-69.433122, 67.32527400000001, 87.89176800000001, 59.23930200000001, 0.0007679999999936626, 71.631933, 34.102475999999996, 73.829208, 69.96200400000001, 66.00690900000001, 86.83707600000002, 59.151410999999996, 16.700058000000013, 82.530417, 87.71598599999999, 29.532143999999988]","[1.0, 1.0, 3.0, 1.0, 0.0, 0.0, 1.0, 1.0, 1.0, 0.0, 3.0, 1.0, 1.0, 0.0, 0.0, 1.0]","[-10.0, 18.0, 19.0, 14.0, -12.0, 22.0, 12.0, 13.0, 0.0, 26.0, 17.0, 10.0, 10.0, 0.0, 10.0, 13.0]"
