grip,time,positions,velocities,currents
1,1791632208.233557,"[-0.08712299999999118, -4.833236999999997, -1.1418150000000082, -0.08712299999999118, -0.08712299999999118, -4.5695639999999855, 0.26444100000000503, -0.17501400000000444, 0.26444100000000503, -4.393781999999987, -0.9660330000000101, 0.528113999999988, -1.5812699999999893, 177.98004300000002, 40.43062800000001, 26.016503999999998]","[1.0, 0.0, 0.0, 0.0, 1.0, 1.0, 0.0, 0.0, 1.0, 1.0, 0.0, 0.0, 0.0, 0.0, 0.0, 0.0]","[8.0, 32.0, 15.0, 0.0, 0.0, 30.0, -11.0, 10.0, -15.0, 29.0, 11.0, -12.0, 12.0, 17.0, -12.0, -16.0]"
1,1791632208.4591355,"[-0.7023599999999988, -4.745346000000012, -0.790251000000012, 0.26444100000000503, -0.08712299999999118, -4.481673000000001, 0.7038960000000145, 0.0007679999999936626, 0.528113999999988, -4.393781999999987, -0.8781419999999969, 0.528113999999988, -1.5812699999999893, 177.98004300000002, 40.518519, 26.016503999999998]","[-1.0, 0.0, 1.0, 2.0, 1.0, 1.0, 1.0, 1.0, 2.0, 1.0, 1.0, 0.0, 0.0, 0.0, 1.0, 0.0]","[-9.0, 48.0, 18.0, 15.0, 0.0, 45.0, 10.0, 11.0, 14.0, 46.0, 13.0, 9.0, 13.0, 12.0, 11.0, 0.0]"
1,1791632208.681925,"[-1.4933790000000045, -3.9543270000000064, -0.08712299999999118, 0.7038960000000145, -0.08712299999999118, -3.514871999999997, 1.2312420000000088, 0.08865900000000693, 1.4949149999999918, -3.60276300000001, -0.6144689999999855, 0.7917869999999994, -1.5812699999999893, 177.62847900000003, 40.518519, 26.368067999999994]","[0.0, 1.0, 3.0, 1.0, 1.0, 1.0, 1.0, 1.0, 1.0, 1.0, 1.0, 1.0, 0.0, 0.0, 1.0, 1.0]","[-9.0, 61.0, 19.0, 16.0, 0.0, 57.0, 11.0, 15.0, 14.0, 59.0, 17.0, 12.0, 13.0, -15.0, 13.0, 14.0]"
1,1791632208.9045124,"[-2.548070999999993, -1.1418150000000082, 0.8796780000000126, 1.582806000000005, -0.08712299999999118, -1.4933790000000045, 2.0222610000000145, 1.6706969999999899, 2.725389000000007, -3.60276300000001, 0.6160050000000012, 1.0554600000000107, -1.5812699999999893, 177.452697, 41.133756000000005, 27.071196000000015]","[0.0, 7.0, 1.0, 3.0, 1.0, 7.0, 2.0, 3.0, 1.0, 1.0, 3.0, 1.0, 0.0, 0.0, 1.0, 1.0]","[-9.0, 50.0, 19.0, 17.0, 0.0, 52.0, 12.0, 13.0, 14.0, 87.0, 16.0, 14.0, 13.0, -23.0, 14.0, 14.0]"
1,1791632209.1297648,"[-3.514871999999997, 0.44022300000000314, 1.7585880000000031, 2.6374979999999937, -0.08712299999999118, 0.9675689999999975, 2.725389000000007, 2.549607000000009, 3.6921900000000107, 0.3523319999999899, 1.3191329999999937, 2.0222610000000145, -1.5812699999999893, 177.18902400000002, 42.188447999999994, 28.03799699999999]","[-1.0, 2.0, 2.0, 3.0, 1.0, 4.0, 1.0, 4.0, 2.0, 7.0, 7.0, 1.0, 0.0, 0.0, 1.0, 1.0]","[-10.0, 55.0, 20.0, 16.0, 0.0, 52.0, 12.0, 13.0, 14.0, 58.0, 15.0, 14.0, 13.0, -33.0, 15.0, 15.0]"
1,1791632209.3513544,"[-4.481673000000001, 0.44022300000000314, 2.813279999999992, 3.6042989999999975, -0.08712299999999118, 2.4617159999999956, 3.5164080000000126, 3.5164080000000126, 4.6589910000000145, 0.528113999999988, 2.2859339999999975, 3.2527350000000013, -1.5812699999999893, 175.43120399999998, 43.41892200000001, 29.268471000000005]","[-1.0, 1.0, 2.0, 1.0, 1.0, 5.0, 1.0, 1.0, 2.0, 0.0, 1.0, 3.0, 0.0, -4.0, 5.0, 2.0]","[-9.0, 76.0, 19.0, 16.0, 0.0, 58.0, 13.0, 12.0, 14.0, 83.0, 17.0, 13.0, 13.0, -35.0, 13.0, 14.0]"
1,1791632209.5760255,"[-5.360582999999991, 4.395318000000003, 3.7800809999999956, 4.746881999999999, -0.08712299999999118, 2.4617159999999956, 4.483208999999988, 4.571100000000001, 5.537901000000005, 4.395318000000003, 3.5164080000000126, 4.30742699999999, -1.5812699999999893, 173.14603799999998, 44.649395999999996, 30.147380999999996]","[0.0, 5.0, 2.0, 4.0, 1.0, 1.0, 1.0, 3.0, 3.0, 12.0, 4.0, 2.0, 0.0, -1.0, 5.0, 1.0]","[-10.0, 53.0, 20.0, 16.0, 0.0, 84.0, 13.0, 13.0, 15.0, 52.0, 16.0, 13.0, 12.0, -36.0, 13.0, 15.0]"
1,1791632209.7994993,"[-6.23949300000001, 5.010555000000011, 4.834773000000013, 5.713683000000003, -0.08712299999999118, 6.856266000000005, 5.362119000000007, 5.274227999999994, 6.504702000000009, 5.186337000000009, 4.483208999999988, 4.571100000000001, -1.5812699999999893, 170.77298100000002, 44.649395999999996, 31.202073000000013]","[0.0, 7.0, 2.0, 1.0, 1.0, 9.0, 2.0, 1.0, 1.0, 6.0, 2.0, 4.0, 0.0, -8.0, 1.0, 1.0]","[-10.0, 67.0, 20.0, 16.0, 0.0, 48.0, 14.0, 13.0, 14.0, 65.0, 15.0, 15.0, 13.0, -30.0, 16.0, 15.0]"
1,1791632210.0270417,"[-7.469966999999997, 8.96565000000001, 5.889465000000001, 6.768374999999992, -0.08712299999999118, 8.701977, 6.416810999999996, 6.768374999999992, 7.383611999999999, 8.789868000000013, 5.537901000000005, 6.416810999999996, -1.5812699999999893, 169.36672500000003, 46.67088899999999, 32.16887399999999]","[-2.0, 5.0, 1.0, 3.0, 1.0, 4.0, 3.0, 3.0, 7.0, 5.0, 1.0, 3.0, 0.0, 0.0, 5.0, 1.0]","[-9.0, 53.0, 21.0, 15.0, 0.0, 56.0, 14.0, 12.0, 14.0, 52.0, 16.0, 13.0, 13.0, -38.0, 13.0, 15.0]"
1,1791632210.2488687,"[-8.348876999999987, 10.196123999999998, 5.889465000000001, 7.823067000000009, -0.08712299999999118, 8.701977, 7.207830000000001, 7.735175999999996, 8.614086000000015, 9.668778000000003, 6.680484000000007, 7.2957210000000146, -1.5812699999999893, 168.57570600000003, 47.54979900000001, 33.223566000000005]","[-1.0, 1.0, 1.0, 3.0, 1.0, 1.0, 1.0, 1.0, 1.0, 1.0, 3.0, 2.0, 0.0, 0.0, 2.0, 2.0]","[-9.0, 59.0, 26.0, 16.0, 0.0, 75.0, 14.0, 14.0, 14.0, 67.0, 15.0, 13.0, 13.0, -50.0, 14.0, 15.0]"
1,1791632210.471996,"[-9.49145999999999, 12.481290000000001, 7.910957999999994, 8.701977, -0.08712299999999118, 12.393398999999988, 8.438303999999988, 8.701977, 9.405104999999992, 9.668778000000003, 7.471503000000013, 8.26252199999999, -1.5812699999999893, 168.487815, 48.34081800000001, 34.278257999999994]","[-2.0, 2.0, 3.0, 1.0, 1.0, 2.0, 4.0, 1.0, 3.0, 1.0, 2.0, 3.0, 0.0, 0.0, 1.0, 2.0]","[-9.0, 57.0, 19.0, 16.0, 0.0, 56.0, 15.0, 13.0, 14.0, 94.0, 14.0, 13.0, 14.0, -61.0, 14.0, 14.0]"
1,1791632210.6962914,"[-10.370370000000008, 13.53598199999999, 8.526195000000001, 9.844560000000001, -0.08712299999999118, 14.414892000000009, 9.317214000000007, 9.58088699999999, 10.635579000000007, 14.063328000000013, 8.438303999999988, 9.317214000000007, -1.5812699999999893, 163.74170099999998, 49.571292, 35.33295000000001]","[0.0, 1.0, 6.0, 3.0, 1.0, 7.0, 1.0, 1.0, 3.0, 19.0, 1.0, 1.0, 0.0, -4.0, 2.0, 3.0]","[-11.0, 69.0, 22.0, 16.0, 0.0, 56.0, 14.0, 13.0, 14.0, 53.0, 17.0, 13.0, 13.0, -40.0, 14.0, 14.0]"
1,1791632210.920319,"[-11.161388999999986, 16.436385, 9.932451000000015, 10.723469999999992, -0.08712299999999118, 16.524276000000015, 10.28401500000001, 10.723469999999992, 11.514488999999998, 14.327000999999996, 9.229322999999994, 10.196123999999998, -1.5812699999999893, 161.720208, 50.362311000000005, 36.12396899999999]","[-2.0, 9.0, 3.0, 2.0, 1.0, 1.0, 1.0, 1.0, 1.0, 1.0, 1.0, 1.0, 0.0, -5.0, 2.0, 1.0]","[-10.0, 54.0, 20.0, 17.0, 0.0, 56.0, 14.0, 12.0, 14.0, 87.0, 16.0, 15.0, 13.0, -39.0, 13.0, 15.0]"
1,1791632211.1469507,"[-12.303971999999987, 18.457877999999994, 10.811361000000005, 11.690270999999996, -0.08712299999999118, 18.721551000000005, 11.338707, 11.60238000000001, 12.569181000000015, 18.545769000000007, 10.459797000000009, 11.162925000000001, -1.5812699999999893, 159.52293300000002, 51.417002999999994, 37.26655199999999]","[0.0, 5.0, 3.0, 2.0, 1.0, 4.0, 4.0, 1.0, 1.0, 12.0, 3.0, 1.0, 0.0, -1.0, 3.0, 2.0]","[-9.0, 56.0, 20.0, 16.0, 0.0, 51.0, 14.0, 13.0, 14.0, 54.0, 16.0, 14.0, 13.0, -40.0, 13.0, 14.0]"
1,1791632211.370868,"[-13.358664000000005, 20.39148, 11.778162000000009, 12.744963000000013, -0.08712299999999118, 20.479371000000015, 12.21761699999999, 12.744963000000013, 13.623873000000003, 19.161006000000015, 11.426598000000013, 12.21761699999999, -1.5812699999999893, 157.32565799999998, 52.29591300000001, 38.14546200000001]","[-2.0, 7.0, 1.0, 1.0, 1.0, 1.0, 1.0, 4.0, 1.0, 1.0, 2.0, 2.0, 0.0, -3.0, 3.0, 1.0]","[-9.0, 53.0, 20.0, 16.0, 0.0, 55.0, 13.0, 12.0, 13.0, 75.0, 17.0, 14.0, 12.0, -38.0, 14.0, 14.0]"
1,1791632211.5937402,"[-14.325465000000008, 22.237190999999996, 12.832853999999998, 13.623873000000003, -0.08712299999999118, 22.76453699999999, 13.272309000000007, 13.711763999999988, 14.414892000000009, 19.51257000000001, 12.305508000000003, 13.184417999999994, -1.5812699999999893, 155.47994699999998, 53.174823, 39.375935999999996]","[0.0, 1.0, 1.0, 1.0, 1.0, 8.0, 1.0, 1.0, 1.0, 5.0, 4.0, 2.0, 0.0, -4.0, 1.0, 1.0]","[-10.0, 60.0, 19.0, 16.0, 0.0, 53.0, 13.0, 12.0, 14.0, 85.0, 17.0, 14.0, 13.0, -38.0, 14.0, 14.0]"
1,1791632211.8166075,"[-15.46804800000001, 24.08290199999999, 13.887546000000015, 14.678564999999992, -0.08712299999999118, 25.137594000000007, 14.327000999999996, 14.766456000000005, 15.733257000000009, 25.049702999999994, 13.53598199999999, 14.063328000000013, -1.5812699999999893, 153.45845400000002, 54.317406000000005, 40.342737]","[-1.0, 7.0, 1.0, 3.0, 1.0, 3.0, 1.0, 4.0, 3.0, 6.0, 1.0, 3.0, 0.0, -4.0, 1.0, 2.0]","[-10.0, 57.0, 20.0, 16.0, 0.0, 49.0, 13.0, 13.0, 14.0, 52.0, 16.0, 14.0, 14.0, -35.0, 14.0, 14.0]"
1,1791632212.042833,"[-16.52274, 26.895413999999988, 15.030128999999988, 15.733257000000009, -0.08712299999999118, 27.071196000000015, 15.381693000000013, 16.084821000000005, 16.612167, 26.895413999999988, 14.590674000000007, 15.118020000000001, -1.5812699999999893, 151.524852, 55.372097999999994, 41.309538]","[0.0, 6.0, 3.0, 3.0, 1.0, 8.0, 1.0, 2.0, 1.0, 5.0, 3.0, 4.0, 0.0, -2.0, 4.0, 3.0]","[-11.0, 47.0, 18.0, 17.0, 0.0, 48.0, 14.0, 11.0, 14.0, 53.0, 16.0, 13.0, 12.0, -37.0, 13.0, 14.0]"
1,1791632212.2634437,"[-17.489541000000003, 29.004797999999994, 15.909039000000007, 16.524276000000015, -0.08712299999999118, 27.59854200000001, 16.524276000000015, 16.87584000000001, 17.578968000000003, 28.653233999999998, 15.645365999999996, 16.084821000000005, -1.5812699999999893, 150.20648699999998, 56.338899, 42.27633900000001]","[-1.0, 5.0, 2.0, 3.0, 1.0, 5.0, 1.0, 1.0, 1.0, 1.0, 3.0, 2.0, 0.0, -1.0, 2.0, 1.0]","[-10.0, 52.0, 19.0, 17.0, 0.0, 60.0, 13.0, 11.0, 14.0, 56.0, 15.0, 13.0, 12.0, -44.0, 14.0, 14.0]"
1,1791632212.4877787,"[-18.807906000000003, 31.289963999999998, 17.139512999999994, 17.403186000000005, -0.08712299999999118, 31.026291000000015, 17.666858999999988, 18.106313999999998, 18.545769000000007, 28.653233999999998, 16.787948999999998, 17.227404000000007, -1.5812699999999893, 148.360776, 57.3057, 43.331030999999996]","[-3.0, 8.0, 4.0, 1.0, 1.0, 3.0, 3.0, 2.0, 1.0, 1.0, 4.0, 3.0, 0.0, 0.0, 2.0, 3.0]","[-9.0, 45.0, 18.0, 17.0, 0.0, 52.0, 13.0, 12.0, 14.0, 81.0, 15.0, 14.0, 12.0, -44.0, 14.0, 14.0]"
1,1791632212.712495,"[-19.686815999999993, 32.959892999999994, 18.19420500000001, 18.721551000000005, -0.08712299999999118, 33.31145699999999, 18.36998700000001, 18.897333000000003, 19.51257000000001, 33.13567499999999, 17.75475, 18.282095999999996, -1.5812699999999893, 145.98771900000003, 58.36039199999999, 44.209941000000015]","[0.0, 8.0, 3.0, 4.0, 1.0, 5.0, 3.0, 1.0, 1.0, 13.0, 2.0, 3.0, 0.0, -4.0, 2.0, 1.0]","[-9.0, 46.0, 18.0, 16.0, 0.0, 49.0, 14.0, 12.0, 14.0, 49.0, 14.0, 12.0, 12.0, -39.0, 14.0, 15.0]"
1,1791632212.937578,"[-20.74150800000001, 35.50873200000001, 19.248897, 19.51257000000001, -0.08712299999999118, 35.245059, 18.985223999999988, 19.864134000000007, 20.479371000000015, 33.13567499999999, 18.633659999999992, 19.161006000000015, -1.5812699999999893, 144.40568100000002, 59.41508400000001, 45.264633]","[-2.0, 5.0, 2.0, 1.0, 1.0, 4.0, 1.0, 3.0, 2.0, 1.0, 1.0, 2.0, 0.0, -10.0, 1.0, 2.0]","[-9.0, 48.0, 17.0, 16.0, 0.0, 44.0, 15.0, 12.0, 15.0, 73.0, 15.0, 14.0, 12.0, -42.0, 13.0, 14.0]"
1,1791632213.1626961,"[-21.884091000000012, 37.354443, 20.39148, 20.655153000000013, -0.08712299999999118, 37.618116000000015, 19.952024999999992, 20.743043999999998, 21.885627, 37.44233399999999, 20.12780699999999, 20.39148, -1.5812699999999893, 141.50527799999998, 59.41508400000001, 46.23143400000001]","[-1.0, 5.0, 4.0, 3.0, 1.0, 5.0, 3.0, 1.0, 3.0, 10.0, 5.0, 2.0, 1.0, 0.0, 1.0, 3.0]","[-9.0, 46.0, 17.0, 16.0, 0.0, 40.0, 16.0, 12.0, 13.0, 46.0, 12.0, 13.0, 13.0, -37.0, 17.0, 14.0]"
1,1791632213.3867157,"[-22.938783, 39.72749999999999, 21.534063000000003, 21.709845, -0.08712299999999118, 39.46382700000001, 20.83093500000001, 21.885627, 22.412972999999994, 38.32124400000001, 21.00671700000001, 21.358281000000005, -1.5812699999999893, 140.890041, 61.436577, 47.286125999999996]","[-1.0, 6.0, 4.0, 1.0, 1.0, 3.0, 2.0, 1.0, 1.0, 1.0, 1.0, 1.0, 0.0, -4.0, 5.0, 3.0]","[0.0, 44.0, 17.0, 16.0, 0.0, 44.0, 16.0, 12.0, 14.0, 60.0, 14.0, 13.0, 13.0, -49.0, 13.0, 15.0]"
1,1791632213.610641,"[-23.99347499999999, 41.48532, 22.500864000000007, 22.588754999999992, -0.08712299999999118, 42.10055700000001, 21.885627, 23.02821, 23.731337999999994, 41.836884, 21.534063000000003, 22.412972999999994, -1.5812699999999893, 137.198619, 62.31548699999999, 48.252927]","[0.0, 2.0, 2.0, 1.0, 1.0, 8.0, 3.0, 3.0, 5.0, 12.0, 7.0, 1.0, 0.0, -4.0, 1.0, 2.0]","[0.0, 47.0, 18.0, 17.0, 0.0, 40.0, 16.0, 12.0, 14.0, 39.0, 15.0, 13.0, 13.0, -34.0, 13.0, 14.0]"
1,1791632213.834646,"[-24.87238500000001, 44.03415899999999, 23.379773999999998, 23.64344700000001, -0.08712299999999118, 44.209941000000015, 22.588754999999992, 23.995011000000005, 24.873920999999996, 43.770486000000005, 23.203992, 23.291883000000013, -1.5812699999999893, 135.08923500000003, 63.545961000000005, 49.13183699999999]","[0.0, 8.0, 1.0, 4.0, 1.0, 2.0, 1.0, 1.0, 1.0, 7.0, 3.0, 3.0, 1.0, -5.0, 3.0, 1.0]","[-9.0, 36.0, 18.0, 15.0, 0.0, 36.0, 17.0, 12.0, 14.0, 42.0, 13.0, 13.0, 13.0, -33.0, 13.0, 15.0]"
1,1791632214.0561187,"[-25.927076999999997, 46.23143400000001, 24.258683999999988, 24.698138999999998, -0.08712299999999118, 46.582998, 23.46766500000001, 24.96181200000001, 25.840722, 46.582998, 23.995011000000005, 24.434466000000015, -1.4933790000000045, 132.716178, 64.424871, 50.18652900000001]","[0.0, 3.0, 1.0, 1.0, 1.0, 6.0, 1.0, 1.0, 1.0, 6.0, 1.0, 5.0, 2.0, -1.0, 5.0, 2.0]","[0.0, 39.0, 18.0, 16.0, 3.0, 37.0, 17.0, 11.0, 14.0, 36.0, 14.0, 12.0, 13.0, -31.0, 13.0, 14.0]"
1,1791632214.2826781,"[-26.981768999999986, 48.51660000000001, 25.40126699999999, 25.752831000000015, -0.08712299999999118, 48.69238200000001, 24.78603000000001, 26.10439500000001, 26.983305, 48.077145, 25.225484999999992, 25.66494, -1.4933790000000045, 130.60679399999998, 64.424871, 51.15333000000001]","[0.0, 6.0, 3.0, 3.0, 1.0, 4.0, 4.0, 2.0, 1.0, 5.0, 2.0, 1.0, 0.0, -4.0, 1.0, 3.0]","[0.0, 37.0, 18.0, 15.0, 0.0, 35.0, 15.0, 11.0, 0.0, 40.0, 14.0, 11.0, 13.0, -29.0, 16.0, 15.0]"
1,1791632214.5040166,"[-28.036461000000003, 50.538093, 26.28017700000001, 26.807523000000003, -0.08712299999999118, 50.713875, 25.752831000000015, 26.983305, 27.950106000000005, 51.065439, 26.10439500000001, 26.543849999999992, -1.4933790000000045, 128.409519, 66.534255, 52.29591300000001]","[0.0, 2.0, 1.0, 1.0, 1.0, 8.0, 2.0, 1.0, 1.0, 7.0, 1.0, 2.0, 0.0, -1.0, 5.0, 2.0]","[7.0, 43.0, 19.0, 15.0, 0.0, 30.0, 15.0, 12.0, 0.0, 32.0, 14.0, 12.0, 12.0, -28.0, 12.0, 14.0]"
1,1791632214.7275105,"[-28.82748000000001, 52.91114999999999, 27.334868999999998, 27.862214999999992, -0.08712299999999118, 52.999041000000005, 27.071196000000015, 27.774324000000007, 29.092689000000007, 52.383804, 27.334868999999998, 27.862214999999992, -1.4933790000000045, 127.003263, 67.676838, 53.26271400000002]","[0.0, 8.0, 2.0, 3.0, 0.0, 1.0, 3.0, 2.0, 0.0, 3.0, 2.0, 2.0, 0.0, 0.0, 3.0, 3.0]","[-9.0, 32.0, 18.0, 15.0, 0.0, 33.0, 14.0, 12.0, -3.0, 38.0, 13.0, 11.0, 13.0, -34.0, 13.0, 14.0]"
1,1791632214.951929,"[-29.97006300000001, 55.372097999999994, 28.30167, 28.829015999999996, -0.08712299999999118, 55.45998900000001, 28.125888000000003, 28.829015999999996, 30.05949000000001, 55.020534, 28.389561000000015, 28.91690700000001, -1.4933790000000045, 124.98176999999998, 68.64363900000001, 54.22951499999999]","[0.0, 1.0, 1.0, 1.0, 1.0, 6.0, 1.0, 3.0, 0.0, 8.0, 4.0, 4.0, 0.0, -4.0, 2.0, 2.0]","[0.0, 30.0, 18.0, 16.0, 0.0, 26.0, 15.0, 12.0, 0.0, 29.0, 11.0, 11.0, 12.0, -30.0, 12.0, 15.0]"
1,1791632215.178133,"[-30.936863999999986, 57.56937300000001, 29.444253000000003, 29.971598999999998, -0.08712299999999118, 57.56937300000001, 29.444253000000003, 29.971598999999998, 31.114182, 56.42679000000001, 29.444253000000003, 29.883708000000013, -1.4933790000000045, 123.31184100000002, 69.43465800000001, 55.372097999999994]","[0.0, 5.0, 3.0, 3.0, 1.0, 7.0, 4.0, 2.0, 0.0, 1.0, 1.0, 2.0, 0.0, 0.0, 1.0, 3.0]","[0.0, 30.0, 17.0, 15.0, 0.0, 28.0, 14.0, 12.0, -13.0, 38.0, 12.0, 11.0, 12.0, -36.0, 13.0, 15.0]"
1,1791632215.4000683,"[-31.991556000000003, 59.590866000000005, 30.498944999999992, 31.026291000000015, -0.08712299999999118, 59.766648, 30.586836000000005, 31.114182, 32.080983, 59.06352000000001, 30.323162999999994, 30.9384, -1.4933790000000045, 120.235656, 70.75302300000001, 56.42679000000001]","[0.0, 3.0, 1.0, 2.0, 1.0, 7.0, 3.0, 1.0, 0.0, 11.0, 2.0, 2.0, 1.0, -9.0, 1.0, 2.0]","[0.0, 30.0, 17.0, 16.0, 0.0, 27.0, 12.0, 12.0, 0.0, 31.0, 13.0, 12.0, 12.0, -26.0, 12.0, 14.0]"
1,1791632215.6265006,"[-32.95835700000001, 61.788140999999996, 31.55363700000001, 31.99309199999999, -0.08712299999999118, 62.13970499999999, 31.729419000000007, 31.99309199999999, 33.04778400000001, 61.70025000000001, 31.55363700000001, 31.905201000000005, -1.4933790000000045, 118.38994500000001, 71.89560600000002, 57.3057]","[0.0, 8.0, 3.0, 1.0, 1.0, 4.0, 2.0, 1.0, 1.0, 3.0, 3.0, 1.0, 1.0, -1.0, 1.0, 2.0]","[0.0, 28.0, 16.0, 14.0, 0.0, 24.0, 13.0, 12.0, 0.0, 26.0, 12.0, 12.0, 12.0, -29.0, 12.0, 14.0]"
1,1791632215.8487926,"[-34.013048999999995, 64.16119800000001, 32.69622000000001, 32.959892999999994, -0.08712299999999118, 62.930724, 32.080983, 32.69622000000001, 34.102475999999996, 63.897525, 32.608329, 32.69622000000001, -1.4933790000000045, 116.10477900000001, 72.774516, 58.36039199999999]","[0.0, 1.0, 3.0, 1.0, 0.0, 0.0, 1.0, 1.0, 1.0, 5.0, 2.0, 1.0, 1.0, -5.0, 4.0, 2.0]","[0.0, 23.0, 17.0, 15.0, 2.0, 33.0, 14.0, 12.0, -14.0, 26.0, 11.0, 12.0, 13.0, -26.0, 12.0, 13.0]"
1,1791632216.0744548,"[-35.06774100000001, 66.44636400000002, 33.750912, 34.278257999999994, -0.08712299999999118, 63.282287999999994, 32.16887399999999, 33.04778400000001, 35.069277, 66.00690900000001, 33.663021000000015, 33.750912, -1.4933790000000045, 113.90750400000002, 74.092881, 59.327192999999994]","[0.0, 7.0, 3.0, 4.0, 0.0, 1.0, 1.0, 1.0, 1.0, 1.0, 1.0, 2.0, 1.0, -3.0, 2.0, 1.0]","[0.0, 21.0, 17.0, 14.0, 0.0, 51.0, 20.0, 15.0, 0.0, 26.0, 12.0, 10.0, 12.0, -25.0, 12.0, 14.0]"
1,1791632216.2984324,"[-36.03454199999999, 68.73152999999999, 34.80560399999999, 35.069277, -0.08712299999999118, 63.80963400000002, 32.256765, 33.48723899999999, 36.036078, 68.46785700000001, 34.893495, 34.717713, -1.4933790000000045, 111.534447, 75.05968200000001, 60.469775999999996]","[0.0, 4.0, 2.0, 1.0, 1.0, 1.0, 1.0, 1.0, 0.0, 8.0, 3.0, 1.0, 1.0, -7.0, 2.0, 3.0]","[-1.0, 21.0, 16.0, 14.0, 3.0, 64.0, 25.0, 17.0, -3.0, 20.0, 11.0, 12.0, 13.0, -20.0, 11.0, 14.0]"
1,1791632216.5217571,"[-37.00134299999999, 70.92880500000001, 35.94818699999999, 36.12396899999999, -0.17501400000000444, 64.16119800000001, 32.344656000000015, 33.926694, 37.00287900000001, 70.665132, 35.77240499999999, 35.68451400000001, -1.4933790000000045, 109.688736, 76.20226500000001, 61.52446800000001]","[1.0, 8.0, 2.0, 3.0, 0.0, 1.0, 1.0, 1.0, 1.0, 3.0, 3.0, 3.0, 1.0, -1.0, 3.0, 2.0]","[3.0, 18.0, 16.0, 15.0, 11.0, 85.0, 30.0, 19.0, 0.0, 20.0, 11.0, 11.0, 13.0, -23.0, 11.0, 14.0]"
1,1791632216.746688,"[-37.968143999999995, 73.477644, 37.178661000000005, 37.00287900000001, -0.17501400000000444, 64.33698000000001, 32.344656000000015, 34.893495, 38.057570999999996, 72.86240699999999, 37.00287900000001, 36.82709700000001, -1.4933790000000045, 107.57935200000003, 77.256957, 62.49126900000002]","[0.0, 4.0, 3.0, 2.0, 1.0, 1.0, 1.0, 4.0, 1.0, 5.0, 4.0, 4.0, 1.0, -6.0, 3.0, 2.0]","[-4.0, 18.0, 15.0, 14.0, 5.0, 115.0, 40.0, 19.0, 0.0, 19.0, 11.0, 12.0, 12.0, -22.0, 12.0, 14.0]"
1,1791632216.9663663,"[-38.934945, 75.67491900000002, 38.14546200000001, 37.96968000000001, -0.08712299999999118, 62.84283300000001, 32.344656000000015, 34.893495, 39.024372, 74.796009, 38.14546200000001, 37.44233399999999, -1.4933790000000045, 105.03051299999998, 78.22375799999998, 63.45806999999999]","[0.0, 6.0, 1.0, 1.0, 1.0, 0.0, 1.0, 0.0, 1.0, 1.0, 4.0, 1.0, 1.0, -3.0, 1.0, 1.0]","[-9.0, 16.0, 16.0, 15.0, 0.0, 13.0, 9.0, 0.0, 0.0, 20.0, 10.0, 12.0, 13.0, -20.0, 11.0, 14.0]"
1,1791632217.1944542,"[-40.077528, 77.96008499999999, 39.375935999999996, 38.84859, -0.08712299999999118, 62.84283300000001, 32.344656000000015, 34.893495, 39.991173, 76.905393, 39.11226300000001, 38.672808, -1.4933790000000045, 103.18480199999999, 79.36634099999998, 64.424871]","[0.0, 4.0, 2.0, 1.0, 1.0, 0.0, 1.0, 0.0, 1.0, 6.0, 1.0, 1.0, 1.0, -2.0, 2.0, 2.0]","[0.0, 15.0, 16.0, 15.0, 0.0, 14.0, 10.0, 0.0, 13.0, 18.0, 10.0, 11.0, 12.0, -22.0, 11.0, 14.0]"
1,1791632217.4171004,"[-40.95643799999999, 80.245251, 40.518519, 40.07906399999999, -0.08712299999999118, 62.84283300000001, 32.344656000000015, 34.893495, 40.870082999999994, 79.27845000000002, 40.07906399999999, 39.815391000000005, -1.4933790000000045, 103.09691099999998, 80.245251, 65.47956300000001]","[-3.0, 6.0, 3.0, 5.0, 1.0, 0.0, 1.0, 0.0, 5.0, 2.0, 1.0, 3.0, 1.0, 0.0, 1.0, 2.0]","[-8.0, 15.0, 14.0, 15.0, 0.0, 13.0, 9.0, 0.0, 14.0, 18.0, 10.0, 11.0, 13.0, -20.0, 11.0, 13.0]"
1,1791632217.641967,"[-42.01113000000001, 82.44252599999999, 41.48532, 40.78219200000001, -0.08712299999999118, 62.84283300000001, 32.344656000000015, 34.893495, 41.661102, 81.65150699999998, 41.22164699999999, 40.78219200000001, -1.4933790000000045, 103.09691099999998, 80.684706, 65.919018]","[0.0, 5.0, 1.0, 1.0, 1.0, 0.0, 1.0, 0.0, 1.0, 4.0, 1.0, 6.0, 1.0, 0.0, 2.0, 1.0]","[7.0, 13.0, 14.0, 16.0, 0.0, 13.0, 9.0, 0.0, 14.0, 16.0, 9.0, 11.0, 13.0, -20.0, 13.0, 15.0]"
1,1791632217.8651133,"[-43.065822, 84.63980099999998, 42.71579399999999, 41.74899300000001, -0.08712299999999118, 62.84283300000001, 32.344656000000015, 34.893495, 43.06735800000001, 83.84878200000003, 42.36422999999999, 41.92477500000001, -1.4933790000000045, 103.09691099999998, 80.77259700000002, 66.44636400000002]","[0.0, 5.0, 3.0, 1.0, 1.0, 0.0, 1.0, 0.0, 3.0, 3.0, 2.0, 3.0, 1.0, 0.0, 1.0, 1.0]","[0.0, 13.0, 13.0, 16.0, 0.0, 14.0, 9.0, 0.0, 0.0, 15.0, 10.0, 11.0, 12.0, -20.0, 16.0, 16.0]"
1,1791632218.0899036,"[-44.032623, 86.83707600000002, 43.59470400000001, 43.06735800000001, -0.08712299999999118, 62.84283300000001, 32.344656000000015, 34.893495, 43.946268, 86.04605700000002, 43.331030999999996, 42.891576000000015, -1.5812699999999893, 103.09691099999998, 80.86048799999998, 67.061601]","[0.0, 3.0, 1.0, 3.0, 1.0, 0.0, 1.0, 0.0, 1.0, 5.0, 2.0, 2.0, 0.0, 0.0, 1.0, 1.0]","[0.0, 14.0, 14.0, 16.0, 0.0, 14.0, 9.0, 0.0, 14.0, 15.0, 9.0, 12.0, 12.0, -20.0, 20.0, 19.0]"
1,1791632218.3133464,"[-45.08731499999999, 88.85856899999999, 44.73728700000001, 43.06735800000001, -0.08712299999999118, 62.84283300000001, 32.344656000000015, 34.893495, 44.91306900000001, 88.33122300000002, 44.473614, 44.03415899999999, -1.5812699999999893, 103.09691099999998, 80.94837899999999, 67.41316499999999]","[0.0, 6.0, 3.0, 1.0, 1.0, 0.0, 1.0, 0.0, 1.0, 3.0, 2.0, 2.0, 0.0, 0.0, 1.0, 1.0]","[0.0, 12.0, 15.0, 17.0, 0.0, 13.0, 9.0, 0.0, 0.0, 13.0, 9.0, 10.0, 12.0, -20.0, 27.0, 20.0]"
1,1791632218.5345833,"[-46.05411599999999, 89.03435100000002, 45.616197, 45.17674199999999, -0.08712299999999118, 62.84283300000001, 32.344656000000015, 34.893495, 46.05565200000001, 88.50700499999999, 45.35252399999999, 45.088851000000005, -1.5812699999999893, 103.09691099999998, 81.12416100000002, 67.94051100000001]","[0.0, 0.0, 0.0, 6.0, 1.0, 0.0, 1.0, 0.0, 1.0, 1.0, 1.0, 2.0, 0.0, 0.0, 1.0, 1.0]","[0.0, 12.0, 14.0, 14.0, 0.0, 13.0, 9.0, 0.0, -13.0, 13.0, 9.0, 11.0, 13.0, -19.0, 33.0, 25.0]"
1,1791632218.7623994,"[-47.020917, 89.03435100000002, 46.582998, 45.967760999999996, -0.08712299999999118, 62.84283300000001, 32.344656000000015, 34.893495, 47.02245300000001, 88.50700499999999, 46.49510699999999, 46.143542999999994, -1.6691610000000026, 103.18480199999999, 81.12416100000002, 67.94051100000001]","[0.0, 1.0, 3.0, 1.0, 1.0, 0.0, 1.0, 0.0, 1.0, 1.0, 2.0, 1.0, 0.0, 0.0, 0.0, 1.0]","[0.0, 12.0, 14.0, 15.0, 0.0, 13.0, 9.0, 0.0, -14.0, 13.0, 9.0, 10.0, 8.0, -10.0, 10.0, 12.0]"
1,1791632218.9855762,"[-47.72404499999999, 89.03435100000002, 47.54979900000001, 47.37401700000001, -0.08712299999999118, 62.84283300000001, 32.344656000000015, 34.893495, 48.077145, 88.50700499999999, 47.54979900000001, 47.286125999999996, -1.6691610000000026, 103.18480199999999, 81.12416100000002, 67.94051100000001]","[0.0, 1.0, 1.0, 3.0, 1.0, 1.0, 1.0, 0.0, 1.0, 1.0, 3.0, 3.0, 0.0, 1.0, 0.0, 1.0]","[-9.0, 12.0, 15.0, 14.0, 0.0, 14.0, 9.0, 0.0, -14.0, 13.0, 9.0, 10.0, 9.0, -10.0, 10.0, 13.0]"
1,1791632219.2087703,"[-49.04240999999999, 89.03435100000002, 48.428709, 48.34081800000001, -0.08712299999999118, 62.84283300000001, 32.344656000000015, 34.893495, 49.043946000000005, 88.50700499999999, 48.51660000000001, 48.165036000000015, -1.6691610000000026, 103.18480199999999, 81.03627, 67.94051100000001]","[0.0, 1.0, 1.0, 1.0, 1.0, 1.0, 1.0, 0.0, 1.0, 1.0, 1.0, 4.0, 1.0, 0.0, 0.0, 1.0]","[0.0, 13.0, 14.0, 15.0, 0.0, 13.0, 9.0, 0.0, -14.0, 13.0, 9.0, 11.0, 10.0, -10.0, 10.0, 14.0]"
1,1791632219.4310198,"[-49.92132000000001, 89.03435100000002, 49.483401000000015, 49.39551, -0.08712299999999118, 62.84283300000001, 32.344656000000015, 34.893495, 50.01074700000001, 88.50700499999999, 49.39551, 49.13183699999999, -1.6691610000000026, 103.18480199999999, 81.03627, 67.94051100000001]","[0.0, 1.0, 2.0, 3.0, 1.0, 1.0, 1.0, 0.0, 1.0, 1.0, 3.0, 2.0, 0.0, 1.0, 0.0, 1.0]","[-9.0, 12.0, 14.0, 14.0, 0.0, 15.0, 10.0, 0.0, -14.0, 13.0, 9.0, 11.0, 9.0, -10.0, 9.0, 13.0]"
1,1791632219.6581132,"[-50.976012, 89.03435100000002, 50.538093, 50.538093, -0.08712299999999118, 62.84283300000001, 32.344656000000015, 34.893495, 51.15333000000001, 88.50700499999999, 50.45020199999999, 50.27441999999999, -1.6691610000000026, 103.09691099999998, 81.12416100000002, 67.94051100000001]","[-2.0, 1.0, 4.0, 1.0, 1.0, 1.0, 1.0, 0.0, 1.0, 1.0, 4.0, 2.0, 0.0, 0.0, 1.0, 1.0]","[-9.0, 13.0, 14.0, 13.0, 0.0, 13.0, 9.0, 0.0, -14.0, 14.0, 10.0, 10.0, 9.0, -4.0, 10.0, 14.0]"
1,1791632219.8819633,"[-51.767031, 89.03435100000002, 51.15333000000001, 51.50489400000001, -0.08712299999999118, 62.84283300000001, 32.344656000000015, 34.893495, 52.03224, 88.50700499999999, 51.417002999999994, 51.065439, -1.6691610000000026, 103.18480199999999, 81.12416100000002, 67.94051100000001]","[0.0, 1.0, 2.0, 1.0, 1.0, 1.0, 1.0, 0.0, 0.0, 1.0, 1.0, 2.0, 0.0, 1.0, 0.0, 1.0]","[-9.0, 13.0, 15.0, 14.0, 0.0, 14.0, 9.0, 0.0, 0.0, 13.0, 9.0, 11.0, 9.0, -10.0, 10.0, 13.0]"
1,1791632220.10609,"[-52.909614000000005, 88.94646, 51.94434900000002, 52.47169500000001, -0.08712299999999118, 62.84283300000001, 32.344656000000015, 34.893495, 53.08693199999999, 88.50700499999999, 52.47169500000001, 52.120131000000015, -1.6691610000000026, 103.18480199999999, 81.12416100000002, 67.94051100000001]","[-2.0, 0.0, 1.0, 2.0, 1.0, 1.0, 1.0, 0.0, 1.0, 1.0, 3.0, 1.0, 1.0, 1.0, 2.0, 1.0]","[-9.0, 12.0, 16.0, 14.0, 0.0, 13.0, 9.0, 0.0, -10.0, 13.0, 9.0, 11.0, 9.0, -10.0, 10.0, 13.0]"
1,1791632220.3277814,"[-53.96430599999999, 88.94646, 52.559585999999996, 53.526387, -0.08712299999999118, 62.84283300000001, 32.344656000000015, 34.893495, 54.053732999999994, 88.50700499999999, 53.526387, 53.08693199999999, -1.7570519999999874, 103.18480199999999, 81.03627, 67.94051100000001]","[-2.0, 0.0, 1.0, 3.0, 1.0, 1.0, 1.0, 0.0, 1.0, 1.0, 3.0, 1.0, 0.0, 1.0, -1.0, 1.0]","[-9.0, 11.0, 17.0, 14.0, 0.0, 14.0, 9.0, 0.0, 0.0, 13.0, 9.0, 10.0, 9.0, -10.0, 11.0, 13.0]"
1,1791632220.5527227,"[-54.491652, 88.94646, 53.350605, 54.22951499999999, -0.08712299999999118, 62.84283300000001, 32.344656000000015, 34.893495, 55.10842500000001, 88.50700499999999, 54.317406000000005, 54.14162400000001, -1.7570519999999874, 103.18480199999999, 81.12416100000002, 67.94051100000001]","[0.0, 0.0, 1.0, 3.0, 1.0, 1.0, 1.0, 0.0, 1.0, 1.0, 1.0, 4.0, 1.0, 1.0, 1.0, 1.0]","[-10.0, 12.0, 18.0, 14.0, 0.0, 13.0, 9.0, 0.0, -11.0, 14.0, 9.0, 10.0, 10.0, -9.0, 10.0, 13.0]"
1,1791632220.775276,"[-55.45845299999999, 88.85856899999999, 54.14162400000001, 55.196315999999996, -0.08712299999999118, 62.84283300000001, 32.344656000000015, 34.893495, 56.075226000000015, 88.50700499999999, 55.28420700000001, 55.020534, -1.7570519999999874, 103.18480199999999, 81.12416100000002, 67.94051100000001]","[0.0, 0.0, 1.0, 1.0, 1.0, 1.0, 1.0, 0.0, 1.0, 1.0, 1.0, 1.0, 0.0, 1.0, 0.0, 1.0]","[-10.0, 12.0, 18.0, 14.0, 0.0, 14.0, 10.0, 0.0, -6.0, 13.0, 10.0, 11.0, 9.0, -10.0, 10.0, 13.0]"
1,1791632221.0019822,"[-56.513144999999994, 88.85856899999999, 54.844752, 56.163117, -0.08712299999999118, 62.84283300000001, 32.344656000000015, 34.893495, 56.954136000000005, 88.50700499999999, 56.075226000000015, 55.987335, -1.7570519999999874, 103.18480199999999, 81.12416100000002, 67.94051100000001]","[0.0, 0.0, 3.0, 3.0, 1.0, 1.0, 1.0, 0.0, 1.0, 1.0, 1.0, 1.0, 0.0, 1.0, 1.0, 1.0]","[-10.0, 14.0, 19.0, 13.0, 0.0, 14.0, 10.0, 0.0, 0.0, 14.0, 10.0, 11.0, 9.0, -9.0, 9.0, 13.0]"
1,1791632221.2259927,"[-57.040491, 88.77067799999998, 55.987335, 57.3057, -0.08712299999999118, 62.84283300000001, 32.344656000000015, 34.893495, 58.008827999999994, 88.50700499999999, 57.3057, 57.04202699999999, -1.7570519999999874, 103.18480199999999, 81.12416100000002, 67.94051100000001]","[0.0, 0.0, 2.0, 2.0, 1.0, 1.0, 1.0, 0.0, 1.0, 1.0, 3.0, 4.0, 0.0, 1.0, 1.0, 1.0]","[-11.0, 14.0, 19.0, 14.0, 0.0, 13.0, 10.0, 0.0, -14.0, 13.0, 10.0, 11.0, 11.0, -10.0, 10.0, 13.0]"
1,1791632221.449259,"[-58.534638, 88.77067799999998, 56.954136000000005, 58.36039199999999, -0.08712299999999118, 62.84283300000001, 32.344656000000015, 34.893495, 58.975629, 88.594896, 58.09671900000001, 58.008827999999994, -1.6691610000000026, 103.18480199999999, 81.12416100000002, 67.94051100000001]","[-2.0, 0.0, 1.0, 3.0, 1.0, 1.0, 1.0, 0.0, 1.0, 1.0, 2.0, 4.0, 1.0, 1.0, 1.0, 1.0]","[-10.0, 15.0, 19.0, 14.0, 0.0, 14.0, 9.0, 0.0, 0.0, 13.0, 11.0, 11.0, 9.0, -10.0, 10.0, 13.0]"
1,1791632221.6705403,"[-59.061983999999995, 88.77067799999998, 57.92093700000001, 59.23930200000001, -0.08712299999999118, 62.84283300000001, 32.344656000000015, 34.893495, 59.94243, 88.594896, 59.06352000000001, 58.975629, -1.6691610000000026, 103.18480199999999, 81.12416100000002, 67.94051100000001]","[0.0, 0.0, 1.0, 1.0, 1.0, 1.0, 1.0, 0.0, 1.0, 1.0, 1.0, 2.0, 1.0, 1.0, 1.0, 1.0]","[-11.0, 14.0, 19.0, 14.0, 0.0, 13.0, 9.0, 0.0, 0.0, 13.0, 10.0, 10.0, 10.0, -10.0, 10.0, 13.0]"
1,1791632221.8979135,"[-60.292457999999996, 88.77067799999998, 59.327192999999994, 59.327192999999994, -0.08712299999999118, 62.84283300000001, 32.344656000000015, 34.893495, 60.99712199999999, 88.594896, 60.293994, 59.151410999999996, -1.6691610000000026, 103.18480199999999, 81.12416100000002, 67.94051100000001]","[-1.0, 0.0, 9.0, 1.0, 1.0, 1.0, 1.0, 0.0, 1.0, 1.0, 1.0, 1.0, 1.0, 1.0, 1.0, 1.0]","[-10.0, 15.0, 17.0, 14.0, 0.0, 13.0, 10.0, 0.0, 0.0, 13.0, 10.0, 11.0, 9.0, -11.0, 10.0, 12.0]"
1,1791632222.11967,"[-61.698713999999995, 88.94646, 61.963922999999994, 59.50297499999999, -0.08712299999999118, 62.84283300000001, 32.344656000000015, 34.893495, 61.963922999999994, 88.594896, 61.436577, 59.151410999999996, -1.7570519999999874, 103.18480199999999, 81.12416100000002, 67.94051100000001]","[-1.0, 1.0, 5.0, 1.0, 1.0, 1.0, 1.0, 0.0, 1.0, 1.0, 1.0, 1.0, 1.0, 1.0, 1.0, 0.0]","[-9.0, 14.0, 4.0, 14.0, 0.0, 13.0, 10.0, 0.0, 0.0, 13.0, 9.0, 10.0, 9.0, -10.0, 10.0, 12.0]"
1,1791632222.345297,"[-62.665515, 89.03435100000002, 62.930724, 59.50297499999999, -0.08712299999999118, 62.84283300000001, 32.344656000000015, 34.893495, 62.930724, 88.594896, 62.403378000000004, 59.151410999999996, -1.7570519999999874, 103.18480199999999, 81.12416100000002, 67.94051100000001]","[-1.0, 1.0, 3.0, 1.0, 1.0, 1.0, 1.0, 0.0, 2.0, 1.0, 1.0, 1.0, 0.0, 1.0, 1.0, 0.0]","[-9.0, 12.0, 0.0, 14.0, 0.0, 14.0, 9.0, 0.0, 0.0, 13.0, 10.0, 10.0, 10.0, -10.0, 10.0, 8.0]"
1,1791632222.566927,"[-63.808098, 89.03435100000002, 63.80963400000002, 59.50297499999999, -0.08712299999999118, 62.84283300000001, 32.344656000000015, 34.893495, 63.985416000000015, 88.594896, 63.45806999999999, 59.151410999999996, -1.7570519999999874, 103.18480199999999, 81.12416100000002, 67.94051100000001]","[0.0, 1.0, 1.0, 1.0, 1.0, 1.0, 1.0, 0.0, 1.0, 1.0, 1.0, 1.0, 0.0, 1.0, 1.0, 0.0]","[-9.0, 12.0, 14.0, 14.0, 0.0, 13.0, 9.0, 0.0, 0.0, 13.0, 9.0, 10.0, 10.0, -11.0, 10.0, 12.0]"
1,1791632222.7938547,"[-64.86279, 89.03435100000002, 64.68854400000001, 59.50297499999999, -0.08712299999999118, 62.84283300000001, 32.344656000000015, 34.893495, 64.95221699999999, 88.594896, 64.424871, 59.151410999999996, -1.7570519999999874, 103.18480199999999, 81.12416100000002, 68.028402]","[0.0, 1.0, 1.0, 1.0, 1.0, 1.0, 1.0, 0.0, 1.0, 0.0, 3.0, 1.0, 0.0, 1.0, 1.0, 1.0]","[-9.0, 11.0, 14.0, 13.0, 0.0, 14.0, 9.0, 0.0, 0.0, 13.0, 10.0, 10.0, 9.0, -10.0, 9.0, 4.0]"
1,1791632223.01784,"[-65.565918, 89.03435100000002, 65.743236, 59.50297499999999, -0.08712299999999118, 62.84283300000001, 32.344656000000015, 34.893495, 65.919018, 88.594896, 65.30378100000001, 59.151410999999996, -1.7570519999999874, 103.18480199999999, 81.12416100000002, 67.94051100000001]","[-1.0, 1.0, 2.0, 1.0, 1.0, 1.0, 1.0, 0.0, 1.0, 0.0, 1.0, 1.0, 1.0, 1.0, 1.0, 1.0]","[-10.0, 11.0, 13.0, 14.0, 0.0, 13.0, 10.0, 0.0, 0.0, 14.0, 10.0, 11.0, 9.0, -10.0, 10.0, 12.0]"
1,1791632223.2392735,"[-66.708501, 89.298024, 66.710037, 59.50297499999999, -0.08712299999999118, 62.84283300000001, 32.344656000000015, 34.893495, 66.97371000000001, 88.594896, 66.358473, 59.151410999999996, -1.7570519999999874, 103.18480199999999, 81.12416100000002, 67.94051100000001]","[-1.0, 1.0, 1.0, 1.0, 1.0, 1.0, 1.0, 0.0, 1.0, 1.0, 1.0, 1.0, 1.0, 1.0, 1.0, 0.0]","[-9.0, 12.0, 15.0, 14.0, 0.0, 14.0, 10.0, 0.0, 0.0, 13.0, 9.0, 10.0, 9.0, -10.0, 10.0, 8.0]"
1,1791632223.4657838,"[-67.675302, 89.298024, 67.85262, 59.50297499999999, -0.08712299999999118, 62.84283300000001, 32.344656000000015, 34.893495, 67.94051100000001, 88.594896, 67.237383, 59.151410999999996, -1.7570519999999874, 103.18480199999999, 81.12416100000002, 67.94051100000001]","[-1.0, 1.0, 3.0, 1.0, 1.0, 1.0, 1.0, 0.0, 2.0, 0.0, 1.0, 1.0, 1.0, 1.0, 1.0, 0.0]","[-9.0, 12.0, 14.0, 15.0, 0.0, 13.0, 9.0, 0.0, 0.0, 12.0, 10.0, 11.0, 9.0, -10.0, 9.0, 10.0]"
1,1791632223.686709,"[-68.55421199999999, 89.298024, 68.29207500000001, 59.50297499999999, -0.08712299999999118, 62.84283300000001, 32.344656000000015, 34.893495, 68.995203, 88.594896, 67.94051100000001, 59.151410999999996, -1.7570519999999874, 103.18480199999999, 81.12416100000002, 67.94051100000001]","[0.0, 1.0, 1.0, 1.0, 1.0, 0.0, 1.0, 0.0, 3.0, 0.0, 1.0, 1.0, 1.0, 1.0, 1.0, 1.0]","[-9.0, 11.0, 15.0, 15.0, 0.0, 14.0, 10.0, 0.0, 0.0, 12.0, 11.0, 11.0, 9.0, -10.0, 9.0, 12.0]"
1,1791632223.909982,"[-69.608904, 89.47380600000002, 68.819421, 59.50297499999999, -0.08712299999999118, 62.84283300000001, 32.344656000000015, 34.893495, 69.874113, 88.594896, 68.995203, 59.151410999999996, -1.7570519999999874, 103.18480199999999, 81.12416100000002, 67.94051100000001]","[0.0, 1.0, 1.0, 0.0, 1.0, 1.0, 1.0, 0.0, 1.0, 0.0, 4.0, 1.0, 0.0, 1.0, 1.0, 1.0]","[-9.0, 10.0, 17.0, 13.0, 0.0, 14.0, 10.0, 0.0, 13.0, 12.0, 10.0, 11.0, 9.0, -10.0, 10.0, 4.0]"
1,1791632224.1377368,"[-70.663596, 89.47380600000002, 69.170985, 59.41508400000001, -0.08712299999999118, 62.84283300000001, 32.344656000000015, 34.893495, 70.840914, 88.594896, 69.96200400000001, 59.151410999999996, -1.7570519999999874, 103.18480199999999, 81.12416100000002, 67.94051100000001]","[-2.0, 1.0, 1.0, 0.0, 1.0, 1.0, 1.0, 0.0, 1.0, 0.0, 1.0, 1.0, 1.0, 1.0, 1.0, 0.0]","[-10.0, 11.0, 18.0, 14.0, 0.0, 14.0, 9.0, 0.0, 13.0, 13.0, 10.0, 11.0, 8.0, -11.0, 10.0, 9.0]"
1,1791632224.3582034,"[-71.542506, 89.56169699999998, 69.698331, 59.23930200000001, -0.08712299999999118, 62.84283300000001, 32.344656000000015, 34.893495, 71.807715, 88.594896, 70.840914, 59.151410999999996, -1.7570519999999874, 103.18480199999999, 81.12416100000002, 68.028402]","[-1.0, 1.0, 1.0, 0.0, 1.0, 1.0, 1.0, 0.0, 1.0, 0.0, 1.0, 1.0, 0.0, 1.0, 1.0, 1.0]","[-9.0, 11.0, 20.0, 15.0, 0.0, 14.0, 9.0, 0.0, 14.0, 12.0, 11.0, 10.0, 9.0, -11.0, 9.0, 0.0]"
1,1791632224.581875,"[-72.597198, 89.649588, 70.137786, 59.23930200000001, -0.08712299999999118, 62.84283300000001, 32.344656000000015, 34.893495, 72.86240699999999, 88.594896, 71.631933, 59.151410999999996, -1.7570519999999874, 103.18480199999999, 81.12416100000002, 67.94051100000001]","[-1.0, 0.0, 1.0, 0.0, 1.0, 1.0, 1.0, 0.0, 2.0, 1.0, 1.0, 1.0, 0.0, 1.0, 1.0, 0.0]","[-9.0, 11.0, 24.0, 14.0, 0.0, 13.0, 10.0, 0.0, 14.0, 14.0, 12.0, 11.0, 10.0, -10.0, 10.0, 5.0]"
1,1791632224.809734,"[-73.388217, 89.649588, 70.48935, 59.23930200000001, -0.08712299999999118, 62.84283300000001, 32.344656000000015, 34.893495, 73.829208, 88.68278700000002, 71.983497, 59.151410999999996, -1.7570519999999874, 103.18480199999999, 81.12416100000002, 67.94051100000001]","[0.0, 1.0, 4.0, 0.0, 1.0, 0.0, 1.0, 0.0, 2.0, 1.0, 4.0, 1.0, 0.0, 1.0, 1.0, 1.0]","[-10.0, 11.0, 27.0, 14.0, 0.0, 14.0, 9.0, 0.0, 14.0, 12.0, 13.0, 10.0, 9.0, -11.0, 9.0, 5.0]"
1,1791632225.0313585,"[-73.915563, 89.82537000000002, 70.92880500000001, 59.151410999999996, -0.08712299999999118, 62.84283300000001, 32.344656000000015, 34.893495, 74.620227, 88.85856899999999, 72.335061, 59.151410999999996, -1.7570519999999874, 103.18480199999999, 81.12416100000002, 67.94051100000001]","[0.0, 1.0, 1.0, 0.0, 1.0, 1.0, 1.0, 0.0, 1.0, 1.0, 1.0, 1.0, 0.0, 1.0, 1.0, 1.0]","[-11.0, 11.0, 34.0, 15.0, 0.0, 13.0, 10.0, 0.0, 14.0, 12.0, 16.0, 11.0, 8.0, -10.0, 9.0, 8.0]"
1,1791632225.2565904,"[-73.915563, 89.82537000000002, 70.840914, 59.151410999999996, -0.08712299999999118, 62.84283300000001, 32.344656000000015, 34.893495, 74.620227, 88.85856899999999, 72.59873400000001, 59.151410999999996, -1.7570519999999874, 103.18480199999999, 81.12416100000002, 68.028402]","[0.0, 1.0, 1.0, 0.0, 1.0, 0.0, 1.0, 0.0, 1.0, 1.0, 1.0, 0.0, 0.0, 1.0, 1.0, 0.0]","[0.0, 10.0, 14.0, 0.0, 0.0, 14.0, 9.0, 0.0, 14.0, 11.0, 21.0, 11.0, 9.0, -10.0, 11.0, 9.0]"
1,1791632225.4807243,"[-73.915563, 89.82537000000002, 70.840914, 59.151410999999996, -0.08712299999999118, 62.84283300000001, 32.344656000000015, 34.893495, 74.70811800000001, 88.94646, 72.774516, 59.151410999999996, -1.7570519999999874, 103.18480199999999, 81.12416100000002, 68.028402]","[0.0, 0.0, 1.0, 0.0, 1.0, 0.0, 1.0, 0.0, 1.0, 0.0, 1.0, 1.0, 0.0, 1.0, 1.0, 1.0]","[0.0, 10.0, 14.0, 0.0, 0.0, 14.0, 9.0, 0.0, 14.0, 11.0, 25.0, 11.0, 9.0, -10.0, 10.0, 6.0]"
1,1791632225.704546,"[-73.915563, 89.82537000000002, 70.840914, 59.151410999999996, -0.08712299999999118, 62.84283300000001, 32.344656000000015, 34.893495, 74.796009, 88.94646, 73.12608, 59.06352000000001, -1.7570519999999874, 103.18480199999999, 81.12416100000002, 67.94051100000001]","[0.0, 0.0, 0.0, 0.0, 1.0, 1.0, 1.0, 0.0, 1.0, 1.0, 2.0, 0.0, 0.0, 1.0, 1.0, 0.0]","[0.0, 10.0, 13.0, 0.0, 0.0, 14.0, 11.0, 0.0, 14.0, 12.0, 32.0, 11.0, 9.0, -10.0, 10.0, 12.0]"
1,1791632225.9273367,"[-73.915563, 89.82537000000002, 70.840914, 59.151410999999996, -0.08712299999999118, 62.84283300000001, 32.344656000000015, 34.893495, 74.796009, 88.94646, 73.03818900000002, 59.06352000000001, -1.7570519999999874, 103.18480199999999, 81.12416100000002, 68.028402]","[0.0, 1.0, 1.0, 0.0, 1.0, 1.0, 1.0, 0.0, 1.0, 1.0, 0.0, 0.0, 0.0, 1.0, 1.0, 1.0]","[0.0, 10.0, 14.0, 0.0, 0.0, 14.0, 10.0, 0.0, 13.0, 0.0, 9.0, 0.0, 10.0, -10.0, 9.0, 3.0]"
2,1791632227.9456441,"[-0.08712299999999118, -5.096910000000008, -1.1418150000000082, -0.08712299999999118, -0.17501400000000444, -4.745346000000012, 0.17654999999999177, -0.08712299999999118, 0.17654999999999177, -4.833236999999997, -1.1418150000000082, 0.44022300000000314, -1.3175970000000063, 177.98004300000002, 40.43062800000001, 25.840722]","[1.0, 0.0, 1.0, 0.0, 0.0, 1.0, 0.0, 1.0, 0.0, 1.0, 0.0, 0.0, 0.0, 1.0, 1.0, 0.0]","[0.0, 34.0, 16.0, 0.0, 11.0, 31.0, -9.0, 0.0, -14.0, 32.0, 11.0, -11.0, 12.0, 16.0, -11.0, -14.0]"
2,1791632228.168072,"[-0.08712299999999118, -5.096910000000008, -0.790251000000012, 0.26444100000000503, -0.17501400000000444, -4.5695639999999855, 0.7038960000000145, 0.08865900000000693, 0.17654999999999177, -4.833236999999997, -0.9660330000000101, 0.44022300000000314, -1.3175970000000063, 177.71636999999998, 40.518519, 25.928613000000013]","[1.0, 0.0, 1.0, 1.0, 0.0, 0.0, 1.0, 1.0, 0.0, 1.0, 1.0, 1.0, 0.0, 0.0, 1.0, 1.0]","[0.0, 43.0, 18.0, 14.0, 11.0, 47.0, 10.0, 12.0, -14.0, 41.0, 15.0, 11.0, 17.0, -12.0, 11.0, 13.0]"
2,1791632228.3913105,"[-0.08712299999999118, -4.745346000000012, -0.08712299999999118, 0.7038960000000145, -0.17501400000000444, -3.514871999999997, 1.407024000000007, 0.44022300000000314, 0.17654999999999177, -4.833236999999997, -0.6144689999999855, 0.7038960000000145, -1.3175970000000063, 177.364806, 40.518519, 26.368067999999994]","[1.0, 1.0, 3.0, 1.0, 0.0, 1.0, 2.0, 4.0, 0.0, 1.0, 1.0, 1.0, 0.0, 1.0, 1.0, 1.0]","[0.0, 49.0, 19.0, 17.0, 12.0, 57.0, 11.0, 13.0, -14.0, 51.0, 16.0, 11.0, 21.0, -23.0, 14.0, 14.0]"
2,1791632228.6145976,"[-0.08712299999999118, -4.745346000000012, 0.8796780000000126, 1.582806000000005, -0.17501400000000444, -2.196506999999997, 2.0222610000000145, 1.6706969999999899, 0.17654999999999177, -4.833236999999997, 0.6160050000000012, 1.0554600000000107, -1.3175970000000063, 176.310114, 41.309538, 27.159087]","[1.0, 1.0, 1.0, 3.0, 0.0, 11.0, 1.0, 3.0, 0.0, 1.0, 3.0, 1.0, 0.0, -2.0, 1.0, 1.0]","[0.0, 60.0, 19.0, 16.0, 11.0, 56.0, 12.0, 12.0, -14.0, 64.0, 16.0, 14.0, 29.0, -36.0, 13.0, 14.0]"
2,1791632228.8407068,"[-0.08712299999999118, -3.60276300000001, 1.7585880000000031, 2.6374979999999937, -0.17501400000000444, 0.8796780000000126, 2.813279999999992, 2.6374979999999937, 0.17654999999999177, -3.7785450000000083, 1.582806000000005, 1.9343700000000013, -1.3175970000000063, 173.14603799999998, 42.188447999999994, 28.125888000000003]","[1.0, 5.0, 1.0, 3.0, 0.0, 2.0, 1.0, 3.0, 0.0, 1.0, 4.0, 5.0, 0.0, -4.0, 1.0, 1.0]","[0.0, 53.0, 20.0, 16.0, 12.0, 55.0, 12.0, 12.0, -14.0, 61.0, 16.0, 13.0, 36.0, -35.0, 14.0, 14.0]"
2,1791632229.0643373,"[-0.08712299999999118, -3.2511989999999855, 2.901171000000005, 3.6921900000000107, -0.17501400000000444, 2.2859339999999975, 3.6921900000000107, 3.5164080000000126, 0.17654999999999177, -3.60276300000001, 2.2859339999999975, 3.164843999999988, -0.2629049999999893, 169.80617999999998, 43.331030999999996, 29.268471000000005]","[1.0, 0.0, 3.0, 1.0, 0.0, 1.0, 2.0, 2.0, 0.0, 1.0, 1.0, 3.0, 10.0, -6.0, 3.0, 2.0]","[0.0, 64.0, 19.0, 17.0, 11.0, 60.0, 13.0, 13.0, -15.0, 70.0, 16.0, 13.0, 32.0, -32.0, 13.0, 14.0]"
2,1791632229.2893124,"[-0.08712299999999118, -1.053923999999995, 3.7800809999999956, 4.746881999999999, -0.17501400000000444, 4.30742699999999, 4.483208999999988, 4.571100000000001, 0.17654999999999177, -3.60276300000001, 3.5164080000000126, 4.131644999999992, 1.407024000000007, 168.487815, 43.41892200000001, 30.147380999999996]","[1.0, 4.0, 3.0, 4.0, 0.0, 6.0, 1.0, 4.0, 0.0, 1.0, 1.0, 1.0, 2.0, 0.0, 1.0, 1.0]","[0.0, 53.0, 20.0, 16.0, 12.0, 55.0, 14.0, 13.0, -14.0, 86.0, 16.0, 14.0, 30.0, -45.0, 17.0, 15.0]"
2,1791632229.5111923,"[-0.08712299999999118, -1.053923999999995, 4.834773000000013, 5.801573999999988, -0.17501400000000444, 6.504702000000009, 5.362119000000007, 5.274227999999994, 0.17654999999999177, -0.4386869999999874, 4.6589910000000145, 4.9226639999999975, 2.1101519999999994, 164.708502, 45.616197, 31.289963999999998]","[1.0, 1.0, 1.0, 1.0, 0.0, 2.0, 1.0, 1.0, 0.0, 10.0, 4.0, 1.0, 1.0, -8.0, 6.0, 3.0]","[0.0, 63.0, 20.0, 16.0, 11.0, 57.0, 14.0, 14.0, -14.0, 56.0, 15.0, 15.0, 32.0, -36.0, 13.0, 15.0]"
2,1791632229.7354062,"[-0.08712299999999118, 0.528113999999988, 5.889465000000001, 6.768374999999992, -0.17501400000000444, 6.592592999999994, 6.416810999999996, 6.856266000000005, 0.17654999999999177, -0.08712299999999118, 5.537901000000005, 6.416810999999996, 3.6042989999999975, 161.544426, 46.75878, 32.256765]","[1.0, 1.0, 1.0, 4.0, 0.0, 1.0, 3.0, 4.0, 0.0, 0.0, 1.0, 3.0, 4.0, -6.0, 2.0, 2.0]","[0.0, 56.0, 20.0, 16.0, 11.0, 81.0, 12.0, 12.0, -14.0, 67.0, 16.0, 13.0, 29.0, -34.0, 13.0, 14.0]"
2,1791632229.9592988,"[-0.08712299999999118, 0.6160050000000012, 6.416810999999996, 7.823067000000009, -0.17501400000000444, 10.547687999999994, 7.383611999999999, 7.735175999999996, 0.17654999999999177, -0.08712299999999118, 6.592592999999994, 7.207830000000001, 3.6042989999999975, 158.204568, 47.54979900000001, 33.31145699999999]","[1.0, 1.0, 7.0, 3.0, 1.0, 3.0, 3.0, 1.0, 0.0, 0.0, 4.0, 1.0, 1.0, -3.0, 2.0, 2.0]","[0.0, 67.0, 20.0, 16.0, 11.0, 55.0, 13.0, 13.0, -14.0, 80.0, 15.0, 13.0, 36.0, -36.0, 13.0, 15.0]"
2,1791632230.183581,"[-0.08712299999999118, 0.6160050000000012, 7.910957999999994, 8.701977, -0.17501400000000444, 11.514488999999998, 8.350413000000003, 8.701977, 0.17654999999999177, 1.407024000000007, 7.207830000000001, 8.174631000000005, 5.713683000000003, 155.304165, 48.34081800000001, 34.36614900000001]","[1.0, 1.0, 2.0, 1.0, 0.0, 4.0, 3.0, 1.0, 0.0, 5.0, 1.0, 3.0, 4.0, -4.0, 1.0, 2.0]","[0.0, 77.0, 19.0, 16.0, 12.0, 68.0, 14.0, 13.0, -14.0, 71.0, 16.0, 14.0, 25.0, -37.0, 13.0, 14.0]"
2,1791632230.4056318,"[-0.08712299999999118, 3.6042989999999975, 8.877758999999998, 9.844560000000001, -0.17501400000000444, 14.23911000000001, 9.317214000000007, 9.58088699999999, 0.17654999999999177, 3.6921900000000107, 8.438303999999988, 9.317214000000007, 5.801573999999988, 152.40376200000003, 49.571292, 35.33295000000001]","[1.0, 9.0, 4.0, 4.0, 1.0, 9.0, 1.0, 1.0, 0.0, 8.0, 1.0, 1.0, 1.0, -4.0, 1.0, 1.0]","[0.0, 52.0, 20.0, 15.0, 11.0, 53.0, 14.0, 14.0, -15.0, 54.0, 15.0, 13.0, 33.0, -34.0, 14.0, 14.0]"
2,1791632230.6332514,"[-0.08712299999999118, 3.6921900000000107, 9.932451000000015, 10.723469999999992, -0.17501400000000444, 16.436385, 10.28401500000001, 10.723469999999992, 0.17654999999999177, 3.867972000000009, 9.229322999999994, 10.196123999999998, 7.998849000000007, 150.030705, 50.538093, 36.21186]","[1.0, 1.0, 3.0, 1.0, 0.0, 4.0, 1.0, 1.0, 0.0, 1.0, 1.0, 2.0, 5.0, 0.0, 3.0, 1.0]","[0.0, 64.0, 20.0, 16.0, 11.0, 56.0, 13.0, 13.0, -15.0, 65.0, 17.0, 13.0, 26.0, -41.0, 13.0, 14.0]"
2,1791632230.8540764,"[-0.08712299999999118, 3.6921900000000107, 10.723469999999992, 11.690270999999996, -0.17501400000000444, 18.457877999999994, 11.338707, 11.60238000000001, 0.17654999999999177, 3.7800809999999956, 10.459797000000009, 11.075033999999988, 8.086739999999992, 147.21819299999999, 51.59278499999999, 37.44233399999999]","[1.0, 0.0, 3.0, 3.0, 0.0, 6.0, 4.0, 1.0, 0.0, 1.0, 2.0, 1.0, 1.0, -2.0, 2.0, 1.0]","[0.0, 77.0, 21.0, 15.0, 11.0, 53.0, 13.0, 14.0, -14.0, 78.0, 16.0, 15.0, 30.0, -42.0, 13.0, 14.0]"
2,1791632231.0812023,"[-0.08712299999999118, 6.592592999999994, 11.778162000000009, 12.744963000000013, -0.17501400000000444, 20.39148, 12.393398999999988, 12.744963000000013, 0.17654999999999177, 6.416810999999996, 11.338707, 12.129726000000005, 10.108233000000013, 143.43887999999998, 52.64747700000001, 38.32124400000001]","[1.0, 9.0, 1.0, 3.0, 0.0, 3.0, 3.0, 3.0, 0.0, 5.0, 2.0, 3.0, 4.0, -9.0, 3.0, 2.0]","[0.0, 48.0, 20.0, 16.0, 11.0, 55.0, 13.0, 12.0, -14.0, 58.0, 16.0, 13.0, 25.0, -33.0, 12.0, 14.0]"
2,1791632231.303059,"[-0.08712299999999118, 7.2957210000000146, 12.744963000000013, 13.623873000000003, -0.17501400000000444, 22.588754999999992, 13.272309000000007, 13.711763999999988, 0.17654999999999177, 7.032048000000003, 12.041834999999992, 13.096527000000009, 10.987143000000003, 140.80214999999998, 53.526387, 39.46382700000001]","[1.0, 1.0, 3.0, 2.0, 1.0, 7.0, 1.0, 1.0, 0.0, 1.0, 1.0, 1.0, 5.0, 0.0, 3.0, 1.0]","[0.0, 59.0, 20.0, 16.0, 9.0, 52.0, 14.0, 12.0, -14.0, 63.0, 18.0, 13.0, 26.0, -41.0, 13.0, 13.0]"
2,1791632231.5291858,"[-0.08712299999999118, 8.877758999999998, 13.799655000000001, 14.502782999999994, -0.17501400000000444, 24.873920999999996, 14.327000999999996, 14.766456000000005, 0.17654999999999177, 8.701977, 13.448091000000005, 13.887546000000015, 12.21761699999999, 137.198619, 54.756861000000015, 40.518519]","[1.0, 6.0, 3.0, 1.0, 1.0, 3.0, 1.0, 4.0, 0.0, 5.0, 5.0, 1.0, 3.0, -3.0, 4.0, 3.0]","[0.0, 52.0, 24.0, 17.0, 10.0, 53.0, 14.0, 12.0, -15.0, 53.0, 16.0, 14.0, 23.0, -34.0, 12.0, 13.0]"
2,1791632231.753119,"[-0.08712299999999118, 8.96565000000001, 14.85434699999999, 15.645365999999996, -0.17501400000000444, 26.895413999999988, 15.469583999999998, 16.084821000000005, 0.17654999999999177, 8.789868000000013, 13.53598199999999, 14.85434699999999, 13.096527000000009, 133.682979, 55.811553, 41.48532]","[1.0, 1.0, 2.0, 2.0, 1.0, 6.0, 2.0, 3.0, 0.0, 1.0, 1.0, 1.0, 1.0, -7.0, 2.0, 1.0]","[0.0, 65.0, 20.0, 15.0, 12.0, 54.0, 13.0, 12.0, -14.0, 65.0, 19.0, 14.0, 25.0, -29.0, 12.0, 14.0]"
2,1791632231.9760406,"[-0.08712299999999118, 10.371905999999996, 15.733257000000009, 16.524276000000015, -0.17501400000000444, 28.91690700000001, 16.524276000000015, 16.87584000000001, 0.17654999999999177, 8.877758999999998, 15.205911000000015, 15.996929999999992, 13.887546000000015, 130.431012, 56.86624499999999, 42.627903]","[1.0, 1.0, 1.0, 3.0, 1.0, 4.0, 0.0, 1.0, 0.0, 0.0, 3.0, 1.0, 3.0, -5.0, 1.0, 4.0]","[0.0, 58.0, 20.0, 16.0, 12.0, 50.0, 12.0, 13.0, -14.0, 77.0, 18.0, 13.0, 26.0, -28.0, 12.0, 13.0]"
2,1791632232.199996,"[-0.08712299999999118, 10.371905999999996, 16.963730999999996, 17.403186000000005, -0.17501400000000444, 30.498944999999992, 17.666858999999988, 18.106313999999998, 0.17654999999999177, 10.196123999999998, 16.436385, 17.05162200000001, 15.381693000000013, 127.44271800000001, 57.21780900000002, 43.506812999999994]","[1.0, 1.0, 3.0, 1.0, 0.0, 1.0, 3.0, 3.0, 0.0, 1.0, 2.0, 3.0, 3.0, -2.0, 5.0, 1.0]","[0.0, 70.0, 19.0, 16.0, 9.0, 56.0, 13.0, 11.0, -15.0, 73.0, 16.0, 13.0, 23.0, -30.0, 13.0, 14.0]"
2,1791632232.4251347,"[-0.08712299999999118, 12.481290000000001, 17.930532, 18.545769000000007, -0.17501400000000444, 33.04778400000001, 18.36998700000001, 18.897333000000003, 0.17654999999999177, 10.196123999999998, 17.315294999999992, 18.19420500000001, 15.381693000000013, 124.89387900000003, 59.06352000000001, 44.38572300000001]","[1.0, 5.0, 1.0, 4.0, 1.0, 8.0, 1.0, 1.0, 0.0, 1.0, 1.0, 3.0, 1.0, -4.0, 2.0, 1.0]","[0.0, 54.0, 19.0, 16.0, 4.0, 47.0, 15.0, 12.0, -15.0, 86.0, 16.0, 13.0, 29.0, -30.0, 12.0, 14.0]"
2,1791632232.649018,"[-0.08712299999999118, 12.569181000000015, 18.985223999999988, 19.51257000000001, -0.08712299999999118, 34.893495, 18.985223999999988, 19.864134000000007, 0.17654999999999177, 10.196123999999998, 18.457877999999994, 18.897333000000003, 17.315294999999992, 122.16925800000001, 60.118212, 45.528306000000015]","[1.0, 1.0, 3.0, 2.0, 2.0, 3.0, 1.0, 1.0, 0.0, 1.0, 1.0, 0.0, 5.0, -2.0, 3.0, 1.0]","[0.0, 68.0, 19.0, 16.0, 0.0, 52.0, 15.0, 12.0, -14.0, 102.0, 15.0, 13.0, 22.0, -34.0, 12.0, 14.0]"
2,1791632232.8729715,"[-0.08712299999999118, 12.569181000000015, 19.952024999999992, 20.479371000000015, -0.17501400000000444, 37.00287900000001, 20.039916000000005, 20.918825999999996, 0.17654999999999177, 10.196123999999998, 19.424678999999998, 20.215698000000003, 18.282095999999996, 118.38994500000001, 61.260795, 46.49510699999999]","[1.0, 1.0, 1.0, 2.0, 0.0, 3.0, 2.0, 4.0, 0.0, 1.0, 1.0, 3.0, 1.0, -3.0, 3.0, 1.0]","[0.0, 82.0, 19.0, 16.0, 11.0, 52.0, 15.0, 11.0, -14.0, 117.0, 16.0, 13.0, 22.0, -29.0, 11.0, 14.0]"
2,1791632233.0935361,"[-0.08712299999999118, 14.678564999999992, 21.00671700000001, 21.709845, -0.17501400000000444, 38.58491699999999, 20.83093500000001, 21.885627, 0.17654999999999177, 14.502782999999994, 20.215698000000003, 21.182499000000007, 19.073115, 114.78641399999998, 62.31548699999999, 47.725581000000005]","[1.0, 10.0, 3.0, 3.0, 1.0, 16.0, 2.0, 1.0, 0.0, 27.0, 1.0, 3.0, 8.0, -6.0, 3.0, 4.0]","[0.0, 60.0, 19.0, 16.0, 11.0, 45.0, 16.0, 11.0, -15.0, 60.0, 16.0, 13.0, 21.0, -25.0, 11.0, 13.0]"
2,1791632233.5452013,"[-0.08712299999999118, 16.700058000000013, 22.061408999999998, 22.588754999999992, -0.17501400000000444, 42.012665999999996, 22.061408999999998, 23.116101000000015, 0.17654999999999177, 16.524276000000015, 21.44617199999999, 22.32508200000001, 20.655153000000013, 111.182883, 63.63385199999999, 48.604490999999996]","[1.0, 1.0, 1.0, 0.0, 0.0, 1.0, 1.0, 1.0, 0.0, 1.0, 0.0, 1.0, 1.0, 0.0, 0.0, 1.0]","[0.0, 53.0, 18.0, 16.0, 12.0, 42.0, 16.0, 11.0, -14.0, 58.0, 16.0, 13.0, 19.0, -22.0, 11.0, 13.0]"
2,1791632233.7676373,"[-0.08712299999999118, 16.700058000000013, 22.852428000000003, 23.291883000000013, -0.17501400000000444, 44.03415899999999, 22.588754999999992, 23.995011000000005, 0.17654999999999177, 16.524276000000015, 22.588754999999992, 22.852428000000003, 21.44617199999999, 108.72193500000003, 64.424871, 49.571292]","[1.0, 1.0, 1.0, 5.0, 0.0, 4.0, 1.0, 3.0, 0.0, 1.0, 4.0, 3.0, 1.0, -2.0, 4.0, 2.0]","[0.0, 64.0, 20.0, 16.0, 5.0, 40.0, 17.0, 12.0, -15.0, 70.0, 15.0, 14.0, 22.0, -26.0, 10.0, 13.0]"
2,1791632233.9898837,"[-0.08712299999999118, 18.457877999999994, 23.907119999999992, 24.610248000000013, -0.08712299999999118, 46.23143400000001, 23.64344700000001, 24.96181200000001, 0.17654999999999177, 16.612167, 23.555555999999996, 24.08290199999999, 22.588754999999992, 105.20629500000001, 65.47956300000001, 50.538093]","[1.0, 6.0, 4.0, 3.0, 1.0, 6.0, 3.0, 1.0, 0.0, 1.0, 2.0, 1.0, 1.0, -6.0, 4.0, 2.0]","[0.0, 56.0, 19.0, 15.0, 0.0, 41.0, 16.0, 12.0, -15.0, 79.0, 16.0, 12.0, 20.0, -19.0, 11.0, 14.0]"
2,1791632234.2169147,"[-0.08712299999999118, 18.545769000000007, 24.78603000000001, 25.577048999999988, -0.08712299999999118, 48.51660000000001, 24.873920999999996, 26.10439500000001, 0.17654999999999177, 19.424678999999998, 24.434466000000015, 25.489158000000003, 23.731337999999994, 102.39378299999998, 66.62214600000001, 51.50489400000001]","[1.0, 1.0, 1.0, 2.0, 1.0, 4.0, 4.0, 2.0, 0.0, 1.0, 3.0, 3.0, 1.0, 0.0, 1.0, 2.0]","[0.0, 66.0, 20.0, 16.0, 0.0, 39.0, 15.0, 11.0, -14.0, 59.0, 14.0, 11.0, 20.0, -21.0, 11.0, 13.0]"
2,1791632234.4369042,"[-0.08712299999999118, 20.039916000000005, 25.66494, 26.71963199999999, -0.08712299999999118, 50.098637999999994, 25.840722, 26.983305, 0.17654999999999177, 19.424678999999998, 25.577048999999988, 26.28017700000001, 23.731337999999994, 101.69065499999999, 66.62214600000001, 51.680676000000005]","[1.0, 10.0, 1.0, 4.0, 1.0, 5.0, 2.0, 1.0, 0.0, 1.0, 1.0, 2.0, 1.0, 1.0, 1.0, 1.0]","[0.0, 55.0, 20.0, 16.0, 0.0, 42.0, 16.0, 12.0, -15.0, 71.0, 15.0, 13.0, 29.0, -39.0, 13.0, 16.0]"
2,1791632234.6648555,"[-0.08712299999999118, 21.621953999999988, 26.631741000000005, 27.686432999999994, -0.08712299999999118, 52.47169500000001, 27.071196000000015, 27.774324000000007, 0.17654999999999177, 19.424678999999998, 26.368067999999994, 27.510650999999996, 23.731337999999994, 101.16330900000003, 66.710037, 52.03224]","[1.0, 1.0, 1.0, 3.0, 1.0, 3.0, 1.0, 1.0, 0.0, 1.0, 2.0, 1.0, 1.0, 0.0, 0.0, 1.0]","[0.0, 52.0, 21.0, 15.0, 0.0, 37.0, 15.0, 11.0, -14.0, 83.0, 16.0, 11.0, 33.0, -63.0, 16.0, 18.0]"
2,1791632234.8868392,"[-0.08712299999999118, 21.621953999999988, 27.774324000000007, 28.829015999999996, -0.08712299999999118, 54.66897, 28.213778999999988, 28.829015999999996, 0.17654999999999177, 19.424678999999998, 27.59854200000001, 28.653233999999998, 23.819229000000007, 101.07541800000001, 66.710037, 52.47169500000001]","[1.0, 0.0, 1.0, 2.0, 1.0, 5.0, 1.0, 3.0, 0.0, 0.0, 1.0, 3.0, 1.0, 0.0, 1.0, 1.0]","[0.0, 64.0, 20.0, 14.0, 0.0, 35.0, 15.0, 12.0, -14.0, 97.0, 16.0, 12.0, 42.0, -96.0, 20.0, 20.0]"
2,1791632235.11091,"[-0.08712299999999118, 22.852428000000003, 28.653233999999998, 29.620035, -0.08712299999999118, 57.21780900000002, 29.444253000000003, 29.971598999999998, 0.17654999999999177, 24.08290199999999, 28.565343000000013, 29.795817, 23.64344700000001, 101.51487300000002, 66.79792800000001, 52.47169500000001]","[1.0, 5.0, 3.0, 1.0, 1.0, 6.0, 4.0, 2.0, 0.0, 15.0, 3.0, 3.0, 0.0, 1.0, 1.0, 0.0]","[0.0, 58.0, 20.0, 17.0, 0.0, 30.0, 14.0, 11.0, -14.0, 48.0, 16.0, 11.0, 9.0, -11.0, 0.0, 0.0]"
2,1791632235.334172,"[-0.08712299999999118, 24.346575, 29.795817, 30.850508999999988, -0.08712299999999118, 59.327192999999994, 30.67472699999999, 31.114182, 0.17654999999999177, 24.434466000000015, 29.707926000000015, 30.762618000000003, 23.64344700000001, 101.51487300000002, 66.79792800000001, 52.47169500000001]","[1.0, 1.0, 3.0, 1.0, 1.0, 4.0, 2.0, 1.0, 0.0, 1.0, 1.0, 3.0, 0.0, 0.0, 0.0, 0.0]","[0.0, 57.0, 20.0, 16.0, 0.0, 32.0, 12.0, 12.0, -14.0, 58.0, 16.0, 11.0, 10.0, -11.0, 2.0, 0.0]"
2,1791632235.55995,"[-0.08712299999999118, 24.346575, 30.762618000000003, 31.905201000000005, -0.08712299999999118, 61.70025000000001, 31.729419000000007, 31.99309199999999, 0.17654999999999177, 26.543849999999992, 30.411054000000007, 31.817309999999992, 23.64344700000001, 101.51487300000002, 66.79792800000001, 52.47169500000001]","[1.0, 1.0, 1.0, 2.0, 1.0, 5.0, 2.0, 1.0, 0.0, 5.0, 4.0, 4.0, 0.0, 0.0, 1.0, 0.0]","[0.0, 70.0, 19.0, 15.0, 0.0, 27.0, 12.0, 12.0, -15.0, 45.0, 16.0, 11.0, 9.0, -11.0, 0.0, 0.0]"
2,1791632235.7850356,"[-0.08712299999999118, 26.631741000000005, 31.729419000000007, 32.87200200000001, -0.08712299999999118, 62.754942, 32.16887399999999, 32.69622000000001, 0.17654999999999177, 26.543849999999992, 31.465745999999996, 32.432547, 23.64344700000001, 101.51487300000002, 66.710037, 52.47169500000001]","[1.0, 14.0, 4.0, 3.0, 1.0, 0.0, 1.0, 1.0, 0.0, 1.0, 1.0, 1.0, 0.0, 0.0, 1.0, 0.0]","[0.0, 45.0, 20.0, 15.0, 0.0, 33.0, 15.0, 12.0, -14.0, 57.0, 15.0, 13.0, 9.0, -11.0, 4.0, 0.0]"
2,1791632236.0078115,"[-0.08712299999999118, 28.03799699999999, 32.959892999999994, 34.01458500000001, -0.08712299999999118, 62.930724, 32.16887399999999, 33.13567499999999, 0.17654999999999177, 28.389561000000015, 32.784110999999996, 33.663021000000015, 23.64344700000001, 101.51487300000002, 66.710037, 52.47169500000001]","[1.0, 1.0, 3.0, 4.0, 1.0, 1.0, 1.0, 1.0, 0.0, 4.0, 3.0, 3.0, 0.0, 1.0, 1.0, 0.0]","[0.0, 50.0, 19.0, 16.0, 0.0, 53.0, 19.0, 14.0, -14.0, 48.0, 14.0, 12.0, 9.0, -11.0, 2.0, 0.0]"
2,1791632236.2323966,"[-0.08712299999999118, 28.03799699999999, 33.83880300000001, 34.981386000000015, -0.08712299999999118, 63.545961000000005, 32.432547, 33.57513, 0.17654999999999177, 28.389561000000015, 33.57513, 34.62982199999999, 23.64344700000001, 101.51487300000002, 66.79792800000001, 52.47169500000001]","[1.0, 1.0, 1.0, 2.0, 1.0, 1.0, 1.0, 0.0, 0.0, 0.0, 1.0, 2.0, 0.0, 0.0, 1.0, 0.0]","[0.0, 59.0, 20.0, 15.0, 0.0, 68.0, 24.0, 16.0, -14.0, 59.0, 16.0, 12.0, 9.0, -10.0, 0.0, 0.0]"
2,1791632236.457023,"[-0.08712299999999118, 30.411054000000007, 34.981386000000015, 35.860296000000005, -0.08712299999999118, 63.545961000000005, 32.432547, 34.278257999999994, 0.17654999999999177, 28.477452, 34.80560399999999, 34.717713, 23.64344700000001, 101.60276399999998, 66.710037, 52.47169500000001]","[1.0, 10.0, 3.0, 1.0, 1.0, 1.0, 1.0, 1.0, 0.0, 1.0, 1.0, 1.0, 0.0, 0.0, 1.0, 0.0]","[0.0, 41.0, 18.0, 15.0, 0.0, 96.0, 31.0, 17.0, -14.0, 70.0, 16.0, 15.0, 9.0, -11.0, 3.0, 0.0]"
2,1791632236.6772666,"[-0.08712299999999118, 31.465745999999996, 36.21186, 36.82709700000001, -0.08712299999999118, 62.49126900000002, 32.432547, 34.278257999999994, 0.17654999999999177, 31.202073000000013, 35.68451400000001, 36.47553300000001, 23.64344700000001, 101.60276399999998, 66.79792800000001, 52.47169500000001]","[1.0, 0.0, 3.0, 1.0, 1.0, 0.0, 1.0, 1.0, 0.0, 13.0, 1.0, 3.0, 0.0, 0.0, 0.0, 0.0]","[0.0, 48.0, 18.0, 16.0, 0.0, 12.0, 10.0, 0.0, -15.0, 42.0, 14.0, 12.0, 10.0, -11.0, 5.0, 0.0]"
2,1791632236.9044218,"[-0.08712299999999118, 31.465745999999996, 37.178661000000005, 37.881789, -0.08712299999999118, 62.49126900000002, 32.432547, 34.278257999999994, 0.17654999999999177, 32.69622000000001, 36.914987999999994, 37.354443, 23.64344700000001, 101.60276399999998, 66.79792800000001, 52.47169500000001]","[1.0, 1.0, 1.0, 2.0, 1.0, 0.0, 1.0, 0.0, 0.0, 1.0, 1.0, 1.0, 0.0, 0.0, 1.0, 0.0]","[0.0, 58.0, 18.0, 15.0, 0.0, 12.0, 10.0, 0.0, -14.0, 45.0, 14.0, 12.0, 9.0, -11.0, 3.0, 0.0]"
2,1791632237.128622,"[-0.08712299999999118, 33.399348, 38.40913499999999, 38.76069899999999, -0.08712299999999118, 62.49126900000002, 32.432547, 34.278257999999994, 0.17654999999999177, 32.69622000000001, 38.057570999999996, 38.58491699999999, 23.64344700000001, 101.60276399999998, 66.79792800000001, 52.47169500000001]","[1.0, 8.0, 3.0, 3.0, 1.0, 0.0, 1.0, 1.0, 0.0, 1.0, 3.0, 2.0, 0.0, 1.0, 0.0, 0.0]","[0.0, 45.0, 17.0, 16.0, 0.0, 12.0, 10.0, -1.0, -14.0, 55.0, 14.0, 12.0, 9.0, -11.0, 3.0, 0.0]"
2,1791632237.351848,"[-0.08712299999999118, 34.717713, 39.375935999999996, 39.63960900000001, -0.08712299999999118, 62.49126900000002, 32.432547, 34.278257999999994, 0.17654999999999177, 32.784110999999996, 38.936481000000015, 39.63960900000001, 23.64344700000001, 101.60276399999998, 66.710037, 52.47169500000001]","[1.0, 3.0, 1.0, 1.0, 1.0, 0.0, 1.0, 0.0, 0.0, 0.0, 1.0, 3.0, 0.0, 1.0, -1.0, 0.0]","[0.0, 45.0, 17.0, 16.0, 0.0, 12.0, 9.0, 0.0, -13.0, 66.0, 13.0, 12.0, 9.0, -10.0, 10.0, 0.0]"
2,1791632237.576159,"[-0.08712299999999118, 35.77240499999999, 40.60641000000001, 40.694300999999996, -0.08712299999999118, 62.49126900000002, 32.432547, 34.278257999999994, 0.17654999999999177, 35.15716800000001, 39.90328199999999, 40.78219200000001, 23.64344700000001, 101.60276399999998, 66.79792800000001, 52.47169500000001]","[1.0, 1.0, 3.0, 1.0, 1.0, 1.0, 1.0, 0.0, 0.0, 11.0, 1.0, 3.0, 0.0, 1.0, 1.0, 0.0]","[0.0, 45.0, 17.0, 17.0, 0.0, 12.0, 10.0, 0.0, -14.0, 43.0, 13.0, 11.0, 9.0, -11.0, 1.0, 0.0]"
2,1791632237.8000014,"[-0.08712299999999118, 35.77240499999999, 41.74899300000001, 41.74899300000001, -0.08712299999999118, 62.49126900000002, 32.432547, 34.278257999999994, 0.17654999999999177, 37.00287900000001, 41.39742899999999, 41.661102, 23.64344700000001, 101.60276399999998, 66.79792800000001, 52.47169500000001]","[1.0, 1.0, 4.0, 3.0, 1.0, 1.0, 1.0, 0.0, 0.0, 1.0, 4.0, 1.0, 0.0, 0.0, 0.0, 0.0]","[0.0, 51.0, 17.0, 16.0, 0.0, 13.0, 10.0, 0.0, -13.0, 42.0, 12.0, 12.0, 9.0, -11.0, 2.0, 0.0]"
2,1791632238.0205975,"[-0.08712299999999118, 37.881789, 42.71579399999999, 42.891576000000015, -0.08712299999999118, 62.49126900000002, 32.432547, 34.278257999999994, 0.17654999999999177, 37.00287900000001, 42.36422999999999, 42.803685, 23.64344700000001, 101.60276399999998, 66.710037, 52.47169500000001]","[1.0, 3.0, 2.0, 3.0, 1.0, 1.0, 1.0, 1.0, 0.0, 1.0, 2.0, 1.0, 0.0, 1.0, 0.0, 0.0]","[0.0, 39.0, 16.0, 15.0, 0.0, 12.0, 9.0, 0.0, -14.0, 52.0, 13.0, 11.0, 8.0, -11.0, 9.0, 0.0]"
2,1791632238.2458444,"[-0.08712299999999118, 37.881789, 43.770486000000005, 43.506812999999994, -0.08712299999999118, 62.49126900000002, 32.432547, 34.278257999999994, 0.17654999999999177, 38.32124400000001, 43.506812999999994, 43.85837699999999, 23.64344700000001, 101.60276399999998, 66.79792800000001, 52.47169500000001]","[1.0, 1.0, 2.0, 1.0, 1.0, 1.0, 1.0, 0.0, 0.0, 3.0, 5.0, 2.0, 0.0, 1.0, 1.0, 0.0]","[0.0, 49.0, 16.0, 17.0, 0.0, 12.0, 9.0, 0.0, -14.0, 49.0, 11.0, 11.0, 9.0, -11.0, 0.0, 0.0]"
2,1791632238.4690013,"[-0.08712299999999118, 40.254846000000015, 44.91306900000001, 45.17674199999999, -0.08712299999999118, 62.49126900000002, 32.432547, 34.278257999999994, 0.17654999999999177, 38.32124400000001, 44.38572300000001, 45.00095999999999, 23.64344700000001, 101.60276399999998, 66.710037, 52.47169500000001]","[1.0, 7.0, 3.0, 6.0, 1.0, 1.0, 1.0, 0.0, 0.0, 1.0, 1.0, 2.0, 0.0, 1.0, 0.0, 0.0]","[0.0, 35.0, 16.0, 14.0, 0.0, 12.0, 9.0, 0.0, -15.0, 60.0, 12.0, 11.0, 9.0, -11.0, 8.0, 0.0]"
2,1791632238.6964664,"[-0.08712299999999118, 40.342737, 45.791979, 45.967760999999996, -0.08712299999999118, 62.49126900000002, 32.432547, 34.278257999999994, 0.17654999999999177, 38.32124400000001, 45.528306000000015, 46.143542999999994, 23.64344700000001, 101.60276399999998, 66.79792800000001, 52.47169500000001]","[1.0, 1.0, 2.0, 1.0, 1.0, 1.0, 1.0, 0.0, 0.0, 1.0, 3.0, 3.0, 0.0, 0.0, 1.0, 0.0]","[0.0, 44.0, 16.0, 16.0, 0.0, 13.0, 9.0, 0.0, -14.0, 72.0, 11.0, 10.0, 9.0, -11.0, 0.0, 0.0]"
2,1791632238.9195743,"[-0.08712299999999118, 41.309538, 46.75878, 47.19823500000001, -0.08712299999999118, 62.49126900000002, 32.432547, 34.278257999999994, 0.17654999999999177, 42.452121000000005, 46.582998, 47.110344, 23.64344700000001, 101.60276399999998, 66.79792800000001, 52.47169500000001]","[1.0, 10.0, 2.0, 1.0, 1.0, 1.0, 1.0, 0.0, 0.0, 14.0, 3.0, 3.0, 0.0, 0.0, 0.0, 0.0]","[0.0, 41.0, 17.0, 16.0, 0.0, 12.0, 9.0, 0.0, -13.0, 32.0, 11.0, 10.0, 9.0, -11.0, 0.0, 0.0]"
2,1791632239.1414478,"[-0.08712299999999118, 43.59470400000001, 47.901363, 48.34081800000001, -0.08712299999999118, 62.49126900000002, 32.432547, 34.278257999999994, 0.17654999999999177, 43.41892200000001, 47.725581000000005, 48.252927, 23.64344700000001, 101.60276399999998, 66.79792800000001, 52.47169500000001]","[0.0, 3.0, 2.0, 2.0, 1.0, 1.0, 1.0, 0.0, 0.0, 1.0, 1.0, 2.0, 0.0, 1.0, 1.0, 0.0]","[0.0, 37.0, 16.0, 13.0, 0.0, 13.0, 9.0, 0.0, -14.0, 38.0, 12.0, 10.0, 10.0, -10.0, 0.0, 0.0]"
2,1791632239.3660483,"[-0.08712299999999118, 44.649395999999996, 48.780272999999994, 49.39551, -0.08712299999999118, 62.49126900000002, 32.432547, 34.278257999999994, 0.17654999999999177, 43.41892200000001, 48.51660000000001, 49.13183699999999, 23.64344700000001, 101.60276399999998, 66.79792800000001, 52.47169500000001]","[0.0, 2.0, 1.0, 3.0, 1.0, 1.0, 1.0, 0.0, 0.0, 1.0, 1.0, 2.0, 0.0, 1.0, 0.0, 0.0]","[0.0, 34.0, 16.0, 14.0, 0.0, 12.0, 9.0, 0.0, -15.0, 48.0, 12.0, 11.0, 9.0, -11.0, 2.0, 0.0]"
2,1791632239.5894356,"[-0.08712299999999118, 45.70408800000001, 49.83496500000001, 50.538093, -0.08712299999999118, 62.49126900000002, 32.432547, 34.278257999999994, 0.17654999999999177, 46.23143400000001, 49.747074, 50.27441999999999, 23.64344700000001, 101.60276399999998, 66.710037, 52.47169500000001]","[0.0, 1.0, 2.0, 2.0, 1.0, 1.0, 1.0, 0.0, 0.0, 8.0, 1.0, 2.0, 0.0, 0.0, 1.0, 0.0]","[0.0, 36.0, 17.0, 13.0, 0.0, 13.0, 9.0, 0.0, -14.0, 31.0, 12.0, 10.0, 9.0, -11.0, 1.0, 0.0]"
2,1791632239.8163803,"[-0.08712299999999118, 46.75878, 50.889657, 51.50489400000001, -0.08712299999999118, 62.49126900000002, 32.432547, 34.278257999999994, 0.17654999999999177, 46.846671000000015, 50.97754800000001, 51.065439, 23.64344700000001, 101.60276399999998, 66.710037, 52.47169500000001]","[1.0, 2.0, 4.0, 1.0, 1.0, 1.0, 1.0, 0.0, 0.0, 1.0, 3.0, 1.0, 0.0, 0.0, 0.0, 0.0]","[-1.0, 32.0, 15.0, 14.0, 0.0, 12.0, 9.0, 0.0, -15.0, 35.0, 11.0, 11.0, 9.0, -11.0, 1.0, 0.0]"
2,1791632240.0369003,"[-0.08712299999999118, 48.077145, 51.94434900000002, 52.64747700000001, -0.08712299999999118, 62.49126900000002, 32.432547, 34.278257999999994, 0.17654999999999177, 47.286125999999996, 51.856458, 52.208022, 23.64344700000001, 101.60276399999998, 66.79792800000001, 52.47169500000001]","[1.0, 3.0, 1.0, 3.0, 1.0, 1.0, 1.0, 0.0, 0.0, 1.0, 1.0, 1.0, 0.0, 1.0, 0.0, 0.0]","[0.0, 31.0, 16.0, 13.0, 0.0, 12.0, 9.0, 0.0, -13.0, 41.0, 11.0, 9.0, 9.0, -11.0, 3.0, 0.0]"
2,1791632240.4881043,"[-0.08712299999999118, 49.39551, 53.08693199999999, 53.61427800000001, -0.08712299999999118, 62.49126900000002, 32.432547, 34.278257999999994, 0.17654999999999177, 49.65918300000001, 53.08693199999999, 53.350605, 23.64344700000001, 101.60276399999998, 66.79792800000001, 52.47169500000001]","[1.0, 1.0, 1.0, 0.0, 1.0, 1.0, 1.0, 0.0, 0.0, 0.0, 1.0, 1.0, 0.0, 1.0, 0.0, 0.0]","[0.0, 31.0, 15.0, 14.0, 0.0, 12.0, 10.0, 0.0, -14.0, 29.0, 10.0, 10.0, 8.0, -11.0, 2.0, 0.0]"
2,1791632240.7103972,"[-0.08712299999999118, 49.39551, 53.96584200000001, 54.493188, -0.08712299999999118, 62.49126900000002, 32.432547, 34.278257999999994, 0.17654999999999177, 50.62598400000002, 53.877950999999996, 53.61427800000001, 23.64344700000001, 101.60276399999998, 66.79792800000001, 52.47169500000001]","[0.0, 1.0, 3.0, 2.0, 1.0, 1.0, 1.0, 0.0, 0.0, 2.0, 1.0, 4.0, 0.0, 1.0, 0.0, 0.0]","[0.0, 38.0, 15.0, 13.0, 0.0, 12.0, 9.0, 0.0, -14.0, 29.0, 11.0, 11.0, 9.0, -10.0, 3.0, 0.0]"
2,1791632240.9345176,"[-0.08712299999999118, 51.241220999999996, 55.196315999999996, 55.635771000000005, -0.08712299999999118, 62.49126900000002, 32.432547, 34.278257999999994, 0.17654999999999177, 50.62598400000002, 55.10842500000001, 55.10842500000001, 23.64344700000001, 101.60276399999998, 66.79792800000001, 52.47169500000001]","[1.0, 4.0, 3.0, 1.0, 1.0, 1.0, 1.0, 0.0, 0.0, 1.0, 3.0, 1.0, 0.0, 1.0, 1.0, 0.0]","[0.0, 31.0, 15.0, 14.0, 0.0, 13.0, 10.0, 0.0, -14.0, 40.0, 11.0, 10.0, 9.0, -11.0, 3.0, 0.0]"
2,1791632241.157592,"[-0.08712299999999118, 52.120131000000015, 56.163117, 56.514680999999996, -0.08712299999999118, 62.49126900000002, 32.432547, 34.278257999999994, 0.17654999999999177, 52.29591300000001, 56.075226000000015, 56.075226000000015, 23.64344700000001, 101.60276399999998, 66.79792800000001, 52.47169500000001]","[0.0, 5.0, 2.0, 2.0, 1.0, 1.0, 1.0, 0.0, 0.0, 1.0, 2.0, 1.0, 0.0, 0.0, 1.0, 0.0]","[0.0, 30.0, 15.0, 14.0, 0.0, 12.0, 10.0, 0.0, -14.0, 30.0, 10.0, 10.0, 10.0, -11.0, 0.0, 0.0]"
2,1791632241.3841922,"[-0.08712299999999118, 53.877950999999996, 57.129918, 57.481482, -0.08712299999999118, 62.49126900000002, 32.432547, 34.278257999999994, 0.17654999999999177, 52.29591300000001, 57.129918, 57.04202699999999, 23.64344700000001, 101.51487300000002, 66.79792800000001, 52.47169500000001]","[0.0, 3.0, 1.0, 2.0, 1.0, 1.0, 1.0, 0.0, 0.0, 1.0, 4.0, 1.0, 0.0, 0.0, 2.0, 0.0]","[0.0, 28.0, 15.0, 13.0, 0.0, 12.0, 9.0, 0.0, -14.0, 39.0, 9.0, 11.0, 10.0, -11.0, 0.0, 0.0]"
2,1791632241.6070724,"[-0.08712299999999118, 53.96584200000001, 58.448283, 58.448283, -0.08712299999999118, 62.49126900000002, 32.432547, 34.278257999999994, 0.17654999999999177, 54.756861000000015, 58.09671900000001, 58.09671900000001, 23.64344700000001, 101.60276399999998, 66.710037, 52.47169500000001]","[1.0, 1.0, 4.0, 1.0, 1.0, 1.0, 1.0, 0.0, 0.0, 8.0, 3.0, 2.0, 0.0, 1.0, 0.0, 0.0]","[-4.0, 32.0, 15.0, 14.0, 0.0, 12.0, 9.0, 0.0, -14.0, 26.0, 10.0, 10.0, 9.0, -11.0, 2.0, 0.0]"
2,1791632241.8283114,"[0.0007679999999936626, 56.075226000000015, 59.590866000000005, 59.23930200000001, -0.08712299999999118, 62.49126900000002, 32.432547, 34.278257999999994, 0.17654999999999177, 55.45998900000001, 59.327192999999994, 59.151410999999996, 23.64344700000001, 101.51487300000002, 66.79792800000001, 52.47169500000001]","[1.0, 4.0, 2.0, 1.0, 1.0, 1.0, 1.0, 0.0, 0.0, 1.0, 4.0, 3.0, 0.0, 0.0, 0.0, 0.0]","[-6.0, 27.0, 14.0, 14.0, 0.0, 12.0, 9.0, 0.0, -14.0, 30.0, 9.0, 11.0, 9.0, -11.0, 3.0, 0.0]"
2,1791632242.053382,"[-0.08712299999999118, 57.129918, 59.766648, 60.469775999999996, -0.08712299999999118, 62.49126900000002, 32.432547, 34.278257999999994, 0.17654999999999177, 56.25100800000001, 59.41508400000001, 60.118212, 23.64344700000001, 101.60276399999998, 66.79792800000001, 52.47169500000001]","[0.0, 3.0, 1.0, 3.0, 1.0, 1.0, 1.0, 0.0, 0.0, 1.0, 1.0, 2.0, 0.0, 1.0, 0.0, 0.0]","[-2.0, 26.0, 13.0, 15.0, 0.0, 12.0, 9.0, 0.0, -15.0, 31.0, 9.0, 9.0, 9.0, -11.0, 0.0, 0.0]"
2,1791632242.2761018,"[-0.08712299999999118, 58.09671900000001, 59.766648, 61.436577, -0.08712299999999118, 62.49126900000002, 32.432547, 34.278257999999994, 0.17654999999999177, 56.25100800000001, 59.41508400000001, 61.085013000000004, 23.64344700000001, 101.60276399999998, 66.79792800000001, 52.47169500000001]","[0.0, 2.0, 1.0, 4.0, 1.0, 1.0, 1.0, 0.0, 0.0, 1.0, 1.0, 1.0, 0.0, 1.0, 1.0, 0.0]","[0.0, 25.0, 14.0, 13.0, 0.0, 12.0, 10.0, 0.0, -14.0, 40.0, 10.0, 10.0, 9.0, -11.0, 0.0, 0.0]"
2,1791632242.5011303,"[-0.08712299999999118, 59.23930200000001, 59.85453900000002, 62.31548699999999, -0.08712299999999118, 62.49126900000002, 32.432547, 34.278257999999994, 0.17654999999999177, 58.36039199999999, 59.41508400000001, 62.227596000000005, 23.64344700000001, 101.60276399999998, 66.79792800000001, 52.47169500000001]","[1.0, 5.0, 1.0, 2.0, 1.0, 1.0, 1.0, 1.0, 0.0, 8.0, 1.0, 3.0, 0.0, 1.0, 1.0, 0.0]","[-1.0, 25.0, 14.0, 14.0, 0.0, 12.0, 9.0, 0.0, -14.0, 27.0, 9.0, 10.0, 10.0, -11.0, 3.0, 0.0]"
2,1791632242.7276533,"[0.0007679999999936626, 59.67875699999999, 59.85453900000002, 63.545961000000005, -0.08712299999999118, 62.49126900000002, 32.432547, 34.278257999999994, 0.17654999999999177, 60.293994, 59.41508400000001, 63.19439700000001, 23.64344700000001, 101.60276399999998, 66.79792800000001, 52.47169500000001]","[1.0, 2.0, 1.0, 2.0, 1.0, 1.0, 1.0, 0.0, 1.0, 1.0, 1.0, 1.0, 0.0, 1.0, 0.0, 0.0]","[-5.0, 28.0, 14.0, 14.0, 0.0, 12.0, 9.0, 0.0, -15.0, 25.0, 9.0, 10.0, 9.0, -11.0, 5.0, 0.0]"
2,1791632242.9494438,"[-0.08712299999999118, 61.348686000000015, 59.85453900000002, 64.33698000000001, -0.08712299999999118, 62.49126900000002, 32.432547, 34.278257999999994, 0.17654999999999177, 60.293994, 59.41508400000001, 64.249089, 23.64344700000001, 101.60276399999998, 66.710037, 52.47169500000001]","[0.0, 5.0, 1.0, 1.0, 1.0, 1.0, 1.0, 0.0, 0.0, 1.0, 1.0, 3.0, 0.0, 0.0, 0.0, 0.0]","[-2.0, 22.0, 14.0, 14.0, 0.0, 12.0, 10.0, 0.0, -14.0, 31.0, 10.0, 9.0, 9.0, -11.0, 2.0, 0.0]"
2,1791632243.1761167,"[-0.08712299999999118, 62.57916, 59.85453900000002, 65.47956300000001, -0.08712299999999118, 62.49126900000002, 32.432547, 34.278257999999994, 0.17654999999999177, 62.227596000000005, 59.41508400000001, 65.12799900000002, 23.64344700000001, 101.60276399999998, 66.79792800000001, 52.47169500000001]","[0.0, 3.0, 1.0, 3.0, 1.0, 1.0, 1.0, 0.0, 1.0, 5.0, 1.0, 2.0, 0.0, 1.0, 0.0, 0.0]","[-1.0, 20.0, 15.0, 14.0, 0.0, 12.0, 9.0, 0.0, -14.0, 23.0, 10.0, 10.0, 9.0, -12.0, 2.0, 0.0]"
2,1791632243.3981977,"[0.0007679999999936626, 63.63385199999999, 59.85453900000002, 66.534255, -0.08712299999999118, 62.49126900000002, 32.432547, 34.278257999999994, 0.17654999999999177, 62.403378000000004, 59.41508400000001, 66.09479999999999, 23.64344700000001, 101.60276399999998, 66.79792800000001, 52.47169500000001]","[1.0, 4.0, 1.0, 3.0, 1.0, 1.0, 1.0, 0.0, 1.0, 1.0, 1.0, 1.0, 0.0, 0.0, 1.0, 0.0]","[-7.0, 19.0, 14.0, 14.0, 0.0, 12.0, 10.0, 0.0, -14.0, 30.0, 9.0, 11.0, 9.0, -11.0, 1.0, 0.0]"
2,1791632243.6229722,"[0.0007679999999936626, 64.33698000000001, 59.85453900000002, 67.501056, -0.08712299999999118, 62.49126900000002, 32.432547, 34.278257999999994, 0.26444100000000503, 64.51276200000001, 59.41508400000001, 67.237383, 23.64344700000001, 101.60276399999998, 66.79792800000001, 52.47169500000001]","[1.0, 1.0, 1.0, 1.0, 1.0, 0.0, 1.0, 0.0, 0.0, 6.0, 1.0, 2.0, 0.0, 1.0, 0.0, 0.0]","[-6.0, 24.0, 14.0, 13.0, 0.0, 12.0, 9.0, 0.0, -14.0, 21.0, 9.0, 10.0, 9.0, -11.0, 0.0, 0.0]"
2,1791632243.8480155,"[0.0007679999999936626, 65.65534500000001, 59.85453900000002, 68.555748, -0.08712299999999118, 62.49126900000002, 32.432547, 34.278257999999994, 0.17654999999999177, 65.391672, 59.41508400000001, 68.204184, 23.64344700000001, 101.60276399999998, 66.79792800000001, 52.47169500000001]","[0.0, 4.0, 1.0, 3.0, 1.0, 1.0, 1.0, 0.0, 1.0, 1.0, 1.0, 2.0, 0.0, 0.0, 0.0, 0.0]","[-2.0, 19.0, 14.0, 14.0, 0.0, 12.0, 9.0, 0.0, -14.0, 23.0, 9.0, 10.0, 9.0, -11.0, 1.0, 0.0]"
2,1791632244.0702474,"[0.0007679999999936626, 66.885819, 59.85453900000002, 69.522549, -0.08712299999999118, 62.49126900000002, 32.432547, 34.278257999999994, 0.26444100000000503, 66.182691, 59.41508400000001, 68.555748, 23.64344700000001, 101.60276399999998, 66.710037, 52.47169500000001]","[1.0, 1.0, 1.0, 1.0, 1.0, 1.0, 1.0, 0.0, 1.0, 1.0, 0.0, 3.0, 0.0, 1.0, 0.0, 0.0]","[-7.0, 19.0, 14.0, 14.0, 0.0, 12.0, 9.0, 0.0, -14.0, 24.0, 10.0, 12.0, 10.0, -10.0, 6.0, 0.0]"
2,1791632244.292944,"[0.0007679999999936626, 67.94051100000001, 59.85453900000002, 70.313568, -0.08712299999999118, 62.49126900000002, 32.432547, 34.278257999999994, 0.26444100000000503, 67.676838, 59.41508400000001, 70.137786, 23.64344700000001, 101.60276399999998, 66.710037, 52.47169500000001]","[1.0, 1.0, 1.0, 1.0, 1.0, 0.0, 1.0, 0.0, 1.0, 4.0, 1.0, 2.0, 0.0, 1.0, 0.0, 0.0]","[-5.0, 19.0, 13.0, 14.0, 0.0, 13.0, 9.0, 0.0, -15.0, 19.0, 9.0, 10.0, 9.0, -11.0, 5.0, 0.0]"
2,1791632244.5178514,"[-0.08712299999999118, 68.995203, 59.85453900000002, 71.54404199999999, -0.08712299999999118, 62.49126900000002, 32.432547, 34.278257999999994, 0.26444100000000503, 69.08309400000002, 59.41508400000001, 71.192478, 23.64344700000001, 101.60276399999998, 66.79792800000001, 52.47169500000001]","[0.0, 3.0, 1.0, 1.0, 1.0, 1.0, 1.0, 0.0, 1.0, 1.0, 0.0, 2.0, 0.0, 1.0, 0.0, 0.0]","[-1.0, 20.0, 13.0, 14.0, 0.0, 12.0, 9.0, 0.0, -14.0, 19.0, 10.0, 9.0, 9.0, -11.0, 1.0, 0.0]"
2,1791632244.7421734,"[0.0007679999999936626, 69.43465800000001, 59.85453900000002, 72.510843, -0.08712299999999118, 62.49126900000002, 32.432547, 34.278257999999994, 0.17654999999999177, 69.96200400000001, 59.41508400000001, 72.159279, 23.64344700000001, 101.60276399999998, 66.710037, 52.47169500000001]","[1.0, 3.0, 0.0, 1.0, 1.0, 0.0, 0.0, 0.0, 0.0, 1.0, 0.0, 1.0, 0.0, 0.0, 1.0, 0.0]","[-8.0, 21.0, 14.0, 14.0, 0.0, 12.0, 10.0, 0.0, -14.0, 19.0, 10.0, 11.0, 10.0, -12.0, 3.0, 0.0]"
2,1791632244.9642146,"[-0.08712299999999118, 71.54404199999999, 59.94243, 73.56553500000001, -0.08712299999999118, 62.49126900000002, 32.432547, 34.278257999999994, 0.26444100000000503, 70.75302300000001, 59.41508400000001, 73.12608, 23.64344700000001, 101.60276399999998, 66.710037, 52.47169500000001]","[1.0, 7.0, 1.0, 3.0, 1.0, 1.0, 0.0, 0.0, 0.0, 1.0, 2.0, 2.0, 0.0, 0.0, 0.0, 0.0]","[-5.0, 15.0, 4.0, 14.0, 0.0, 12.0, 10.0, 0.0, -14.0, 20.0, 9.0, 10.0, 9.0, -11.0, 9.0, 0.0]"
2,1791632245.189801,"[-0.08712299999999118, 72.42295200000001, 59.85453900000002, 74.444445, -0.08712299999999118, 62.49126900000002, 32.432547, 34.278257999999994, 0.26444100000000503, 71.983497, 59.50297499999999, 74.18077199999999, 23.64344700000001, 101.60276399999998, 66.79792800000001, 52.47169500000001]","[1.0, 3.0, 0.0, 1.0, 1.0, 1.0, 0.0, 1.0, 1.0, 1.0, 1.0, 1.0, 0.0, 0.0, 0.0, 0.0]","[0.0, 18.0, 9.0, 15.0, 0.0, 12.0, 10.0, 0.0, -14.0, 19.0, 10.0, 10.0, 10.0, -11.0, 1.0, 0.0]"
2,1791632245.4128416,"[-0.08712299999999118, 73.12608, 59.85453900000002, 75.49913699999999, -0.08712299999999118, 62.49126900000002, 32.432547, 34.278257999999994, 0.26444100000000503, 73.21397100000002, 59.50297499999999, 75.05968200000001, 23.64344700000001, 101.51487300000002, 66.79792800000001, 52.47169500000001]","[0.0, 1.0, 0.0, 3.0, 1.0, 1.0, 0.0, 0.0, 1.0, 3.0, 0.0, 2.0, 0.0, 0.0, 1.0, 0.0]","[0.0, 19.0, 13.0, 14.0, 0.0, 12.0, 9.0, 0.0, -14.0, 17.0, 9.0, 11.0, 9.0, -11.0, 0.0, 0.0]"
2,1791632245.6396084,"[-0.08712299999999118, 74.092881, 59.94243, 76.465938, -0.08712299999999118, 62.49126900000002, 32.432547, 34.278257999999994, 0.26444100000000503, 74.35655400000002, 59.50297499999999, 76.114374, 23.64344700000001, 101.60276399999998, 66.79792800000001, 52.47169500000001]","[0.0, 1.0, 1.0, 1.0, 1.0, 1.0, 0.0, 0.0, 1.0, 2.0, 1.0, 2.0, 0.0, 0.0, 0.0, 0.0]","[0.0, 19.0, 7.0, 14.0, 0.0, 12.0, 9.0, 0.0, -14.0, 18.0, 9.0, 10.0, 9.0, -11.0, 3.0, 0.0]"
2,1791632245.8639076,"[-0.08712299999999118, 74.70811800000001, 59.85453900000002, 77.34484800000001, -0.08712299999999118, 62.49126900000002, 32.432547, 34.278257999999994, 0.26444100000000503, 74.53233600000002, 59.50297499999999, 77.16906599999999, 23.64344700000001, 101.60276399999998, 66.710037, 52.47169500000001]","[0.0, 1.0, 0.0, 3.0, 1.0, 1.0, 0.0, 0.0, 0.0, 1.0, 0.0, 2.0, 0.0, 0.0, 0.0, 0.0]","[0.0, 20.0, 14.0, 14.0, 0.0, 12.0, 10.0, 0.0, -15.0, 22.0, 9.0, 10.0, 9.0, -11.0, 8.0, 0.0]"
2,1791632246.0860682,"[-0.08712299999999118, 75.938592, 59.85453900000002, 78.22375799999998, -0.08712299999999118, 62.49126900000002, 32.432547, 34.278257999999994, 0.26444100000000503, 75.587028, 59.50297499999999, 77.96008499999999, 23.64344700000001, 101.60276399999998, 66.79792800000001, 52.47169500000001]","[1.0, 3.0, 0.0, 1.0, 1.0, 1.0, 0.0, 0.0, 1.0, 2.0, 0.0, 1.0, 0.0, 1.0, 1.0, 0.0]","[0.0, 20.0, 15.0, 15.0, 0.0, 11.0, 10.0, 0.0, -15.0, 20.0, 9.0, 11.0, 9.0, -11.0, 1.0, 0.0]"
2,1791632246.3089561,"[-0.08712299999999118, 76.72961099999998, 59.85453900000002, 79.19055900000001, -0.08712299999999118, 62.49126900000002, 32.432547, 34.278257999999994, 0.26444100000000503, 77.34484800000001, 59.50297499999999, 78.92688600000002, 23.64344700000001, 101.60276399999998, 66.710037, 52.47169500000001]","[1.0, 1.0, 1.0, 1.0, 1.0, 1.0, 0.0, 0.0, 1.0, 5.0, 0.0, 2.0, 0.0, 1.0, 0.0, 0.0]","[4.0, 21.0, 9.0, 14.0, 0.0, 12.0, 9.0, 0.0, -14.0, 16.0, 10.0, 11.0, 10.0, -11.0, 4.0, 0.0]"
2,1791632246.5339196,"[-0.08712299999999118, 77.608521, 59.85453900000002, 80.245251, -0.08712299999999118, 62.49126900000002, 32.432547, 34.278257999999994, 0.26444100000000503, 78.48743100000002, 59.50297499999999, 79.893687, 23.64344700000001, 101.60276399999998, 66.79792800000001, 52.47169500000001]","[0.0, 3.0, 1.0, 3.0, 1.0, 1.0, 0.0, 0.0, 1.0, 1.0, 1.0, 1.0, 0.0, 1.0, 1.0, 0.0]","[8.0, 21.0, 13.0, 14.0, 0.0, 12.0, 9.0, 0.0, -15.0, 17.0, 9.0, 11.0, 9.0, -11.0, 5.0, 0.0]"
2,1791632246.7598133,"[-0.08712299999999118, 78.48743100000002, 59.94243, 81.12416100000002, -0.08712299999999118, 62.49126900000002, 32.432547, 34.278257999999994, 0.26444100000000503, 79.19055900000001, 59.50297499999999, 80.94837899999999, 23.64344700000001, 101.60276399999998, 66.79792800000001, 52.47169500000001]","[0.0, 4.0, 1.0, 3.0, 1.0, 1.0, 0.0, 1.0, 1.0, 1.0, 1.0, 3.0, 0.0, 0.0, 1.0, 0.0]","[8.0, 24.0, 5.0, 15.0, 0.0, 13.0, 10.0, -4.0, -14.0, 18.0, 9.0, 11.0, 9.0, -11.0, 2.0, 0.0]"
2,1791632246.9837718,"[-0.08712299999999118, 79.542123, 59.85453900000002, 82.09096199999999, -0.08712299999999118, 62.49126900000002, 32.432547, 34.278257999999994, 0.26444100000000503, 80.33314200000001, 59.50297499999999, 81.91518000000002, 23.64344700000001, 101.60276399999998, 66.710037, 52.47169500000001]","[0.0, 2.0, 0.0, 2.0, 1.0, 1.0, 0.0, 0.0, 1.0, 4.0, 1.0, 3.0, 0.0, 0.0, 0.0, 0.0]","[8.0, 23.0, 14.0, 14.0, 0.0, 12.0, 9.0, 0.0, -14.0, 16.0, 9.0, 11.0, 10.0, -12.0, 5.0, 0.0]"
2,1791632247.207743,"[-0.08712299999999118, 80.77259700000002, 59.85453900000002, 83.14565399999998, -0.08712299999999118, 62.49126900000002, 32.432547, 34.278257999999994, 0.26444100000000503, 80.86048799999998, 59.50297499999999, 82.96987200000001, 23.64344700000001, 101.60276399999998, 66.79792800000001, 52.47169500000001]","[0.0, 2.0, 1.0, 2.0, 1.0, 1.0, 0.0, 0.0, 1.0, 1.0, 1.0, 2.0, 0.0, 1.0, 0.0, 0.0]","[8.0, 20.0, 11.0, 15.0, 0.0, 12.0, 10.0, 0.0, -15.0, 20.0, 9.0, 10.0, 9.0, -11.0, 6.0, 0.0]"
2,1791632247.4281764,"[-0.08712299999999118, 81.65150699999998, 59.85453900000002, 84.024564, -0.08712299999999118, 62.49126900000002, 32.432547, 34.278257999999994, 0.26444100000000503, 81.65150699999998, 59.50297499999999, 84.11245500000001, 23.64344700000001, 101.60276399999998, 66.79792800000001, 52.47169500000001]","[0.0, 1.0, 1.0, 1.0, 1.0, 1.0, 0.0, 0.0, 1.0, 1.0, 1.0, 2.0, 0.0, 0.0, 1.0, 0.0]","[9.0, 21.0, 13.0, 15.0, 0.0, 12.0, 9.0, 0.0, -15.0, 21.0, 9.0, 11.0, 9.0, -11.0, 0.0, 0.0]"
2,1791632247.6557348,"[-0.17501400000000444, 82.00307099999998, 59.94243, 85.07925599999999, -0.08712299999999118, 62.49126900000002, 32.432547, 34.278257999999994, 0.26444100000000503, 82.44252599999999, 59.50297499999999, 84.99136500000003, 23.64344700000001, 101.60276399999998, 66.79792800000001, 52.47169500000001]","[-1.0, 2.0, 0.0, 3.0, 1.0, 1.0, 0.0, 1.0, 0.0, 1.0, 0.0, 1.0, 0.0, 0.0, 1.0, 0.0]","[8.0, 26.0, 10.0, 13.0, 0.0, 11.0, 9.0, 0.0, -14.0, 22.0, 9.0, 10.0, 9.0, -12.0, 1.0, 0.0]"
2,1791632247.87964,"[-0.17501400000000444, 82.44252599999999, 59.85453900000002, 86.30973, -0.08712299999999118, 62.49126900000002, 32.432547, 34.278257999999994, 0.3523319999999899, 83.05776300000002, 59.50297499999999, 86.13394799999998, 23.64344700000001, 101.60276399999998, 66.79792800000001, 52.47169500000001]","[0.0, 1.0, 1.0, 2.0, 1.0, 1.0, 0.0, 0.0, 1.0, 3.0, 0.0, 3.0, 0.0, 1.0, 1.0, 0.0]","[8.0, 29.0, 13.0, 14.0, 0.0, 12.0, 9.0, 0.0, -15.0, 26.0, 9.0, 11.0, 9.0, -11.0, 3.0, 0.0]"
2,1791632248.100532,"[-0.17501400000000444, 82.530417, 59.85453900000002, 87.36442199999999, -0.08712299999999118, 62.49126900000002, 32.432547, 34.278257999999994, 0.3523319999999899, 83.76089100000002, 59.50297499999999, 87.012858, 23.64344700000001, 101.60276399999998, 66.79792800000001, 52.47169500000001]","[0.0, 1.0, 1.0, 3.0, 1.0, 1.0, 0.0, 0.0, 1.0, 1.0, 0.0, 1.0, 0.0, 0.0, 0.0, 0.0]","[8.0, 34.0, 13.0, 14.0, 0.0, 12.0, 9.0, 0.0, -14.0, 27.0, 9.0, 11.0, 10.0, -11.0, 6.0, 0.0]"
2,1791632248.3276305,"[-0.2629049999999893, 83.673, 59.85453900000002, 88.41911399999998, -0.08712299999999118, 62.49126900000002, 32.432547, 34.278257999999994, 0.3523319999999899, 83.93667299999998, 59.50297499999999, 87.803877, 23.64344700000001, 101.60276399999998, 66.79792800000001, 52.47169500000001]","[0.0, 1.0, 0.0, 3.0, 1.0, 1.0, 0.0, 0.0, 1.0, 1.0, 1.0, 2.0, 0.0, 0.0, 0.0, 0.0]","[8.0, 36.0, 13.0, 14.0, 0.0, 12.0, 9.0, 0.0, -15.0, 34.0, 9.0, 12.0, 9.0, -11.0, 1.0, 0.0]"
2,1791632248.5474772,"[-0.2629049999999893, 83.76089100000002, 59.85453900000002, 88.41911399999998, -0.08712299999999118, 62.49126900000002, 32.432547, 34.278257999999994, 0.3523319999999899, 85.07925599999999, 59.50297499999999, 88.94646, 23.64344700000001, 101.60276399999998, 66.710037, 52.47169500000001]","[0.0, 0.0, 0.0, 1.0, 1.0, 1.0, 0.0, 0.0, 1.0, 3.0, 1.0, 2.0, 0.0, 1.0, 0.0, 0.0]","[9.0, 43.0, 14.0, 16.0, 0.0, 13.0, 9.0, 0.0, -15.0, 32.0, 9.0, 11.0, 9.0, -11.0, 8.0, 0.0]"
2,1791632248.772495,"[-0.35079600000000255, 85.34292900000003, 59.85453900000002, 89.21013299999998, -0.08712299999999118, 62.49126900000002, 32.432547, 34.278257999999994, 0.3523319999999899, 86.22183899999999, 59.50297499999999, 89.03435100000002, 23.64344700000001, 101.60276399999998, 66.79792800000001, 52.47169500000001]","[0.0, 3.0, 0.0, 2.0, 1.0, 1.0, 0.0, 0.0, 0.0, 6.0, 1.0, 0.0, 0.0, 1.0, 1.0, 0.0]","[9.0, 39.0, 14.0, 15.0, 0.0, 12.0, 9.0, 0.0, -14.0, 28.0, 10.0, 11.0, 9.0, -11.0, 4.0, 0.0]"
2,1791632248.9987702,"[-0.35079600000000255, 85.60660200000001, 59.85453900000002, 89.21013299999998, -0.08712299999999118, 62.49126900000002, 32.432547, 34.278257999999994, 0.44022300000000314, 86.39762100000002, 59.50297499999999, 89.03435100000002, 23.64344700000001, 101.60276399999998, 66.79792800000001, 52.47169500000001]","[0.0, 4.0, 0.0, 1.0, 1.0, 1.0, 0.0, 0.0, 1.0, 1.0, 1.0, 1.0, 0.0, 0.0, 1.0, 0.0]","[9.0, 40.0, 14.0, 16.0, 0.0, 12.0, 10.0, 0.0, -16.0, 39.0, 9.0, 10.0, 10.0, -11.0, 0.0, 0.0]"
2,1791632249.2235727,"[-0.35079600000000255, 86.57340299999998, 59.85453900000002, 89.21013299999998, -0.08712299999999118, 62.49126900000002, 32.432547, 34.278257999999994, 0.44022300000000314, 88.33122300000002, 59.50297499999999, 89.03435100000002, 23.64344700000001, 101.60276399999998, 66.710037, 52.47169500000001]","[0.0, 1.0, 0.0, 1.0, 1.0, 1.0, 0.0, 0.0, 1.0, 4.0, 1.0, 0.0, 0.0, 1.0, 0.0, 0.0]","[9.0, 45.0, 14.0, 14.0, 0.0, 12.0, 10.0, 0.0, -15.0, 30.0, 10.0, 11.0, 9.0, -12.0, 6.0, 0.0]"
2,1791632249.4475749,"[-0.35079600000000255, 87.71598599999999, 59.85453900000002, 89.21013299999998, -0.08712299999999118, 62.49126900000002, 32.432547, 34.278257999999994, 0.44022300000000314, 88.85856899999999, 59.50297499999999, 89.03435100000002, 23.64344700000001, 101.60276399999998, 66.79792800000001, 52.47169500000001]","[0.0, 4.0, 0.0, 1.0, 1.0, 1.0, 0.0, 0.0, 1.0, 1.0, 1.0, 0.0, 0.0, 0.0, 1.0, 0.0]","[9.0, 43.0, 14.0, 14.0, 0.0, 12.0, 10.0, 0.0, -16.0, 35.0, 9.0, 11.0, 9.0, -11.0, 1.0, 0.0]"
2,1791632249.6700766,"[-0.4386869999999874, 89.21013299999998, 59.85453900000002, 89.21013299999998, -0.08712299999999118, 62.49126900000002, 32.432547, 34.278257999999994, 0.44022300000000314, 88.85856899999999, 59.50297499999999, 89.03435100000002, 23.64344700000001, 101.60276399999998, 66.79792800000001, 52.47169500000001]","[0.0, 6.0, 0.0, 1.0, 1.0, 1.0, 0.0, 0.0, 1.0, 1.0, 1.0, 0.0, 0.0, 1.0, 0.0, 0.0]","[9.0, 35.0, 14.0, 15.0, 0.0, 12.0, 10.0, 0.0, -15.0, 42.0, 9.0, 11.0, 9.0, -11.0, 3.0, 0.0]"
3,1791632251.6875968,"[-0.08712299999999118, -4.92112800000001, -1.1418150000000082, -0.17501400000000444, -0.17501400000000444, -4.745346000000012, 0.26444100000000503, -0.08712299999999118, 0.08865900000000693, -4.833236999999997, -0.9660330000000101, 0.3523319999999899, -1.9328339999999855, 177.98004300000002, 40.518519, 26.016503999999998]","[1.0, 1.0, 0.0, 0.0, 0.0, 1.0, 0.0, 0.0, 0.0, 0.0, 1.0, 0.0, 1.0, 1.0, 0.0, 0.0]","[0.0, 32.0, 16.0, 13.0, 11.0, 31.0, -10.0, 0.0, -14.0, 32.0, 11.0, -10.0, 14.0, 16.0, -12.0, -16.0]"
3,1791632251.9113548,"[-0.7023599999999988, -4.745346000000012, -0.790251000000012, 0.17654999999999177, -0.17501400000000444, -4.481673000000001, 0.7917869999999994, 0.08865900000000693, 0.7038960000000145, -4.833236999999997, -0.9660330000000101, 0.44022300000000314, -1.9328339999999855, 177.71636999999998, 40.518519, 26.016503999999998]","[-1.0, 1.0, 1.0, 1.0, 0.0, 1.0, 1.0, 1.0, 1.0, 1.0, 1.0, 1.0, 1.0, 0.0, 0.0, 1.0]","[-9.0, 48.0, 18.0, 15.0, 11.0, 46.0, 10.0, 11.0, 13.0, 51.0, 14.0, 9.0, 20.0, -12.0, 11.0, 0.0]"
3,1791632252.1310236,"[-1.4933790000000045, -3.339089999999999, -0.08712299999999118, 0.7038960000000145, -0.17501400000000444, -3.514871999999997, 1.407024000000007, 0.44022300000000314, 1.6706969999999899, -3.60276300000001, -0.6144689999999855, 0.6160050000000012, -1.9328339999999855, 177.452697, 40.78219200000001, 26.368067999999994]","[0.0, 3.0, 2.0, 1.0, 0.0, 1.0, 1.0, 3.0, 3.0, 1.0, 1.0, 1.0, 1.0, 1.0, 1.0, 1.0]","[-10.0, 52.0, 18.0, 16.0, 11.0, 57.0, 10.0, 13.0, 14.0, 59.0, 16.0, 12.0, 25.0, -24.0, 13.0, 14.0]"
3,1791632252.3574553,"[-2.6359620000000064, -3.339089999999999, 0.8796780000000126, 1.582806000000005, -0.17501400000000444, -1.5812699999999893, 2.0222610000000145, 1.6706969999999899, 2.725389000000007, -3.60276300000001, 0.528113999999988, 1.0554600000000107, -1.9328339999999855, 176.398005, 40.95797400000001, 27.159087]","[-1.0, 1.0, 1.0, 1.0, 0.0, 5.0, 1.0, 2.0, 2.0, 1.0, 5.0, 1.0, 1.0, -2.0, 1.0, 1.0]","[-10.0, 74.0, 19.0, 16.0, 11.0, 52.0, 12.0, 12.0, 13.0, 86.0, 16.0, 14.0, 33.0, -37.0, 15.0, 15.0]"
3,1791632252.58279,"[-3.60276300000001, 0.7917869999999994, 1.846478999999988, 2.6374979999999937, -0.17501400000000444, 0.6160050000000012, 2.813279999999992, 2.549607000000009, 3.6921900000000107, 0.528113999999988, 0.6160050000000012, 1.846478999999988, -1.053923999999995, 173.14603799999998, 42.188447999999994, 28.125888000000003]","[-1.0, 5.0, 3.0, 3.0, 0.0, 12.0, 1.0, 4.0, 1.0, 9.0, 1.0, 5.0, 1.0, -4.0, 1.0, 2.0]","[-10.0, 51.0, 19.0, 16.0, 11.0, 51.0, 12.0, 13.0, 14.0, 58.0, 19.0, 14.0, 34.0, -35.0, 14.0, 16.0]"
3,1791632252.8055866,"[-4.5695639999999855, 2.549607000000009, 2.813279999999992, 3.6921900000000107, -0.17501400000000444, 2.4617159999999956, 3.6921900000000107, 3.5164080000000126, 3.7800809999999956, 0.528113999999988, 2.2859339999999975, 3.164843999999988, 0.0007679999999936626, 169.80617999999998, 43.06735800000001, 29.268471000000005]","[-1.0, 7.0, 1.0, 2.0, 0.0, 1.0, 1.0, 1.0, 1.0, 1.0, 1.0, 3.0, 1.0, -5.0, 3.0, 3.0]","[-9.0, 52.0, 19.0, 16.0, 11.0, 58.0, 12.0, 14.0, 16.0, 83.0, 17.0, 13.0, 32.0, -31.0, 14.0, 15.0]"
3,1791632253.0280476,"[-5.4484740000000045, 4.131644999999992, 3.7800809999999956, 4.746881999999999, -0.17501400000000444, 2.4617159999999956, 4.483208999999988, 4.571100000000001, 5.713683000000003, 4.395318000000003, 3.5164080000000126, 4.131644999999992, 1.4949149999999918, 168.487815, 44.649395999999996, 29.268471000000005]","[0.0, 1.0, 2.0, 4.0, 0.0, 1.0, 1.0, 3.0, 4.0, 14.0, 3.0, 1.0, 4.0, 0.0, 3.0, 1.0]","[-10.0, 59.0, 20.0, 15.0, 11.0, 84.0, 14.0, 13.0, 14.0, 52.0, 16.0, 14.0, 29.0, -47.0, 12.0, 14.0]"
3,1791632253.2552705,"[-6.327383999999995, 6.328920000000011, 4.834773000000013, 5.713683000000003, -0.17501400000000444, 6.768374999999992, 5.362119000000007, 5.274227999999994, 6.592592999999994, 6.2410289999999975, 4.571100000000001, 4.9226639999999975, 2.1101519999999994, 164.708502, 44.649395999999996, 29.35636199999999]","[-1.0, 7.0, 3.0, 1.0, 0.0, 9.0, 1.0, 1.0, 2.0, 5.0, 4.0, 1.0, 1.0, -7.0, 1.0, 1.0]","[-11.0, 54.0, 20.0, 16.0, 11.0, 51.0, 14.0, 14.0, 14.0, 58.0, 15.0, 14.0, 31.0, -37.0, 17.0, 15.0]"
3,1791632253.4793205,"[-7.469966999999997, 8.877758999999998, 5.889465000000001, 6.768374999999992, -0.17501400000000444, 8.350413000000003, 6.504702000000009, 6.856266000000005, 7.2957210000000146, 8.614086000000015, 5.537901000000005, 6.2410289999999975, 3.5164080000000126, 161.544426, 46.67088899999999, 29.268471000000005]","[-1.0, 4.0, 1.0, 4.0, 0.0, 5.0, 3.0, 4.0, 8.0, 6.0, 2.0, 2.0, 4.0, -7.0, 5.0, 0.0]","[-9.0, 53.0, 20.0, 16.0, 11.0, 59.0, 12.0, 12.0, 14.0, 52.0, 16.0, 13.0, 28.0, -35.0, 12.0, 14.0]"
3,1791632253.7027473,"[-8.524658999999986, 10.371905999999996, 6.592592999999994, 7.823067000000009, -0.17501400000000444, 10.547687999999994, 7.383611999999999, 7.735175999999996, 8.614086000000015, 9.668778000000003, 6.592592999999994, 7.207830000000001, 3.6042989999999975, 158.204568, 47.461907999999994, 29.35636199999999]","[-1.0, 3.0, 6.0, 3.0, 0.0, 2.0, 4.0, 1.0, 1.0, 1.0, 2.0, 1.0, 1.0, -3.0, 1.0, 0.0]","[-9.0, 69.0, 20.0, 16.0, 11.0, 56.0, 13.0, 13.0, 14.0, 67.0, 15.0, 13.0, 35.0, -36.0, 13.0, 15.0]"
3,1791632253.9272907,"[-9.49145999999999, 10.371905999999996, 7.910957999999994, 8.701977, -0.17501400000000444, 11.866052999999994, 8.350413000000003, 8.701977, 9.405104999999992, 9.668778000000003, 7.471503000000013, 8.174631000000005, 5.537901000000005, 155.304165, 48.34081800000001, 29.268471000000005]","[-2.0, 1.0, 2.0, 1.0, 0.0, 1.0, 2.0, 1.0, 1.0, 1.0, 1.0, 3.0, 4.0, -5.0, 1.0, 0.0]","[-9.0, 81.0, 19.0, 17.0, 11.0, 59.0, 13.0, 13.0, 15.0, 94.0, 14.0, 13.0, 29.0, -37.0, 13.0, 14.0]"
3,1791632254.1511772,"[-10.370370000000008, 14.327000999999996, 8.789868000000013, 9.844560000000001, -0.17501400000000444, 14.414892000000009, 9.317214000000007, 9.58088699999999, 10.635579000000007, 13.184417999999994, 8.438303999999988, 9.229322999999994, 6.592592999999994, 152.31587100000002, 49.571292, 29.35636199999999]","[-1.0, 7.0, 5.0, 3.0, 0.0, 10.0, 1.0, 1.0, 3.0, 23.0, 1.0, 1.0, 1.0, -5.0, 3.0, 0.0]","[-10.0, 59.0, 19.0, 16.0, 12.0, 56.0, 14.0, 13.0, 14.0, 58.0, 17.0, 13.0, 26.0, -34.0, 13.0, 14.0]"
3,1791632254.3751721,"[-11.161388999999986, 14.327000999999996, 9.932451000000015, 10.723469999999992, -0.17501400000000444, 16.524276000000015, 10.28401500000001, 10.723469999999992, 11.514488999999998, 16.348493999999988, 9.492996000000005, 10.108233000000013, 7.647285000000011, 150.030705, 50.362311000000005, 29.35636199999999]","[-2.0, 1.0, 1.0, 2.0, 0.0, 3.0, 1.0, 1.0, 1.0, 4.0, 4.0, 2.0, 8.0, -1.0, 2.0, 1.0]","[-10.0, 84.0, 19.0, 16.0, 11.0, 56.0, 13.0, 12.0, 14.0, 59.0, 15.0, 13.0, 26.0, -41.0, 14.0, 14.0]"
3,1791632254.5978146,"[-12.303971999999987, 18.36998700000001, 10.89925199999999, 11.690270999999996, -0.17501400000000444, 18.633659999999992, 11.338707, 11.60238000000001, 12.657072, 18.545769000000007, 10.459797000000009, 11.162925000000001, 8.701977, 147.21819299999999, 51.59278499999999, 29.35636199999999]","[-1.0, 12.0, 4.0, 4.0, 0.0, 7.0, 5.0, 1.0, 2.0, 6.0, 3.0, 2.0, 1.0, -2.0, 3.0, 1.0]","[-10.0, 50.0, 18.0, 16.0, 11.0, 51.0, 13.0, 12.0, 14.0, 57.0, 16.0, 14.0, 27.0, -44.0, 12.0, 14.0]"
3,1791632254.8231423,"[-13.358664000000005, 20.39148, 11.778162000000009, 12.744963000000013, -0.17501400000000444, 20.39148, 12.393398999999988, 12.744963000000013, 13.623873000000003, 19.248897, 10.987143000000003, 12.129726000000005, 9.58088699999999, 143.70255300000002, 52.559585999999996, 29.268471000000005]","[-2.0, 5.0, 1.0, 1.0, 0.0, 1.0, 3.0, 4.0, 3.0, 3.0, 1.0, 3.0, 6.0, -8.0, 2.0, 0.0]","[-9.0, 53.0, 20.0, 15.0, 11.0, 57.0, 14.0, 13.0, 13.0, 72.0, 17.0, 13.0, 26.0, -33.0, 13.0, 15.0]"
3,1791632255.044119,"[-14.325465000000008, 22.32508200000001, 12.832853999999998, 13.623873000000003, -0.17501400000000444, 22.412972999999994, 13.272309000000007, 13.711763999999988, 14.502782999999994, 22.412972999999994, 12.305508000000003, 13.096527000000009, 10.811361000000005, 140.977932, 53.526387, 29.35636199999999]","[0.0, 2.0, 1.0, 2.0, 0.0, 9.0, 1.0, 1.0, 4.0, 12.0, 3.0, 1.0, 1.0, 0.0, 2.0, 0.0]","[-10.0, 59.0, 20.0, 17.0, 11.0, 51.0, 14.0, 12.0, 14.0, 49.0, 17.0, 14.0, 27.0, -40.0, 13.0, 14.0]"
3,1791632255.2710495,"[-15.380156999999997, 24.08290199999999, 13.975437, 14.590674000000007, -0.17501400000000444, 25.049702999999994, 14.327000999999996, 14.766456000000005, 15.733257000000009, 24.434466000000015, 13.53598199999999, 13.887546000000015, 11.866052999999994, 137.198619, 54.66897, 29.35636199999999]","[-1.0, 3.0, 2.0, 2.0, 0.0, 4.0, 1.0, 4.0, 3.0, 1.0, 1.0, 1.0, 1.0, -6.0, 4.0, 1.0]","[-10.0, 59.0, 18.0, 17.0, 11.0, 49.0, 14.0, 12.0, 14.0, 59.0, 17.0, 15.0, 26.0, -33.0, 13.0, 14.0]"
3,1791632255.4919162,"[-16.52274, 26.807523000000003, 15.030128999999988, 15.733257000000009, -0.17501400000000444, 27.071196000000015, 15.55747500000001, 16.084821000000005, 16.612167, 26.895413999999988, 13.975437, 14.85434699999999, 12.92074500000001, 133.85876100000002, 55.635771000000005, 29.268471000000005]","[0.0, 7.0, 3.0, 2.0, 0.0, 5.0, 3.0, 3.0, 1.0, 4.0, 7.0, 1.0, 1.0, -9.0, 1.0, 0.0]","[-9.0, 49.0, 18.0, 16.0, 11.0, 50.0, 13.0, 12.0, 14.0, 52.0, 16.0, 15.0, 25.0, -31.0, 13.0, 13.0]"
3,1791632255.7183168,"[-17.577431999999988, 29.004797999999994, 15.909039000000007, 16.436385, -0.17501400000000444, 29.004797999999994, 16.612167, 16.87584000000001, 17.578968000000003, 28.653233999999998, 15.645365999999996, 15.996929999999992, 13.711763999999988, 130.343121, 56.77835400000001, 29.35636199999999]","[-1.0, 4.0, 1.0, 3.0, 0.0, 5.0, 0.0, 1.0, 1.0, 1.0, 3.0, 1.0, 1.0, -6.0, 3.0, 1.0]","[-9.0, 51.0, 19.0, 16.0, 10.0, 53.0, 13.0, 11.0, 14.0, 55.0, 15.0, 13.0, 27.0, -28.0, 12.0, 14.0]"
3,1791632255.9406834,"[-18.807906000000003, 31.37785500000001, 17.139512999999994, 17.403186000000005, -0.17501400000000444, 30.67472699999999, 17.75475, 18.106313999999998, 18.633659999999992, 28.653233999999998, 16.524276000000015, 17.05162200000001, 15.205911000000015, 127.44271800000001, 57.833045999999996, 29.35636199999999]","[-2.0, 5.0, 3.0, 1.0, 0.0, 3.0, 4.0, 3.0, 1.0, 1.0, 5.0, 2.0, 3.0, -2.0, 5.0, 1.0]","[-9.0, 48.0, 19.0, 16.0, 11.0, 53.0, 13.0, 11.0, 13.0, 81.0, 16.0, 13.0, 25.0, -28.0, 12.0, 14.0]"
3,1791632256.1631973,"[-19.686815999999993, 32.959892999999994, 18.19420500000001, 18.721551000000005, -0.17501400000000444, 33.223566000000005, 18.36998700000001, 18.897333000000003, 19.161006000000015, 33.13567499999999, 17.75475, 18.19420500000001, 15.381693000000013, 124.80598800000001, 58.975629, 29.35636199999999]","[0.0, 7.0, 3.0, 4.0, 0.0, 7.0, 1.0, 1.0, 6.0, 13.0, 2.0, 3.0, 1.0, -4.0, 3.0, 1.0]","[-9.0, 48.0, 18.0, 15.0, 11.0, 51.0, 14.0, 12.0, 14.0, 47.0, 14.0, 14.0, 27.0, -31.0, 12.0, 15.0]"
3,1791632256.3909605,"[-20.74150800000001, 33.04778400000001, 19.161006000000015, 19.51257000000001, -0.17501400000000444, 35.15716800000001, 18.985223999999988, 19.864134000000007, 20.567262, 33.13567499999999, 18.633659999999992, 19.073115, 15.381693000000013, 122.16925800000001, 59.85453900000002, 29.35636199999999]","[-2.0, 1.0, 1.0, 1.0, 0.0, 4.0, 1.0, 1.0, 1.0, 1.0, 1.0, 2.0, 1.0, -4.0, 1.0, 1.0]","[-8.0, 73.0, 18.0, 17.0, 11.0, 45.0, 15.0, 13.0, 14.0, 73.0, 15.0, 13.0, 27.0, -33.0, 12.0, 15.0]"
3,1791632256.614952,"[-21.884091000000012, 37.618116000000015, 20.39148, 20.655153000000013, -0.17501400000000444, 37.530225, 20.039916000000005, 20.918825999999996, 21.885627, 37.44233399999999, 20.12780699999999, 20.303588999999988, 15.733257000000009, 118.38994500000001, 60.909231000000005, 29.35636199999999]","[-2.0, 9.0, 4.0, 3.0, 0.0, 5.0, 2.0, 3.0, 4.0, 9.0, 5.0, 2.0, 3.0, -4.0, 2.0, 1.0]","[-9.0, 45.0, 17.0, 15.0, 11.0, 43.0, 15.0, 12.0, 14.0, 46.0, 13.0, 12.0, 25.0, -29.0, 12.0, 14.0]"
3,1791632256.8371298,"[-22.938783, 39.28804500000001, 21.44617199999999, 21.709845, -0.17501400000000444, 39.28804500000001, 21.00671700000001, 21.885627, 22.412972999999994, 37.881789, 21.00671700000001, 21.270389999999992, 16.260603000000003, 114.78641399999998, 61.963922999999994, 29.35636199999999]","[-2.0, 8.0, 3.0, 1.0, 0.0, 2.0, 4.0, 1.0, 1.0, 1.0, 2.0, 2.0, 5.0, -6.0, 1.0, 1.0]","[0.0, 45.0, 17.0, 16.0, 11.0, 45.0, 15.0, 12.0, 14.0, 65.0, 13.0, 13.0, 23.0, -26.0, 12.0, 15.0]"
3,1791632257.0629332,"[-23.99347499999999, 41.39742899999999, 22.500864000000007, 22.588754999999992, -0.17501400000000444, 41.92477500000001, 21.885627, 23.02821, 23.64344700000001, 41.836884, 21.885627, 22.32508200000001, 16.260603000000003, 111.71022900000003, 61.963922999999994, 29.35636199999999]","[0.0, 1.0, 1.0, 1.0, 1.0, 8.0, 4.0, 3.0, 5.0, 13.0, 5.0, 1.0, 1.0, -6.0, 1.0, 1.0]","[0.0, 46.0, 17.0, 17.0, 11.0, 38.0, 16.0, 11.0, 14.0, 39.0, 13.0, 13.0, 24.0, -22.0, 15.0, 14.0]"
3,1791632257.2842522,"[-24.87238500000001, 43.946268, 23.379773999999998, 23.555555999999996, -0.17501400000000444, 44.12205, 22.588754999999992, 23.995011000000005, 24.873920999999996, 43.68259499999999, 23.203992, 23.203992, 16.260603000000003, 108.72193500000003, 64.073307, 29.35636199999999]","[0.0, 9.0, 1.0, 3.0, 1.0, 1.0, 1.0, 1.0, 1.0, 6.0, 3.0, 4.0, 1.0, -2.0, 5.0, 1.0]","[-9.0, 38.0, 17.0, 15.0, 11.0, 39.0, 17.0, 12.0, 13.0, 40.0, 14.0, 13.0, 24.0, -26.0, 11.0, 14.0]"
3,1791632257.5106819,"[-25.927076999999997, 46.23143400000001, 24.434466000000015, 24.698138999999998, -0.17501400000000444, 46.582998, 23.64344700000001, 24.96181200000001, 25.840722, 46.582998, 23.995011000000005, 24.258683999999988, 16.260603000000003, 105.20629500000001, 65.040108, 29.35636199999999]","[0.0, 4.0, 3.0, 1.0, 0.0, 5.0, 2.0, 1.0, 1.0, 6.0, 3.0, 3.0, 1.0, -7.0, 3.0, 1.0]","[0.0, 39.0, 18.0, 16.0, 7.0, 37.0, 17.0, 12.0, 14.0, 35.0, 14.0, 12.0, 23.0, -19.0, 12.0, 14.0]"
3,1791632257.7322366,"[-26.981768999999986, 48.428709, 25.40126699999999, 25.66494, -0.17501400000000444, 48.604490999999996, 24.873920999999996, 26.10439500000001, 26.983305, 48.077145, 25.225484999999992, 25.66494, 16.260603000000003, 101.95432799999998, 66.182691, 29.35636199999999]","[0.0, 5.0, 3.0, 3.0, 1.0, 4.0, 5.0, 2.0, 1.0, 6.0, 2.0, 3.0, 1.0, -6.0, 3.0, 1.0]","[0.0, 33.0, 18.0, 14.0, 5.0, 35.0, 15.0, 12.0, 0.0, 40.0, 13.0, 12.0, 24.0, -19.0, 11.0, 15.0]"
3,1791632257.9558022,"[-28.036461000000003, 50.45020199999999, 26.368067999999994, 26.807523000000003, -0.08712299999999118, 50.713875, 25.840722, 26.983305, 27.950106000000005, 51.065439, 26.10439500000001, 26.455959000000007, 16.260603000000003, 98.96603399999998, 67.237383, 29.35636199999999]","[1.0, 1.0, 2.0, 2.0, 1.0, 8.0, 2.0, 1.0, 1.0, 7.0, 1.0, 3.0, 1.0, -3.0, 2.0, 1.0]","[2.0, 37.0, 18.0, 15.0, 0.0, 30.0, 15.0, 12.0, 0.0, 31.0, 15.0, 12.0, 24.0, -18.0, 11.0, 14.0]"
3,1791632258.1827996,"[-28.82748000000001, 52.91114999999999, 27.334868999999998, 27.862214999999992, -0.08712299999999118, 52.999041000000005, 27.159087, 27.686432999999994, 29.004797999999994, 52.383804, 27.334868999999998, 27.774324000000007, 16.260603000000003, 95.714067, 68.29207500000001, 29.35636199999999]","[0.0, 7.0, 2.0, 3.0, 1.0, 3.0, 3.0, 1.0, 0.0, 2.0, 3.0, 3.0, 1.0, -1.0, 1.0, 1.0]","[-9.0, 33.0, 18.0, 14.0, 0.0, 32.0, 14.0, 12.0, 0.0, 37.0, 12.0, 11.0, 24.0, -18.0, 11.0, 14.0]"
3,1791632258.4066918,"[-29.97006300000001, 55.372097999999994, 28.30167, 28.829015999999996, -0.08712299999999118, 55.372097999999994, 28.30167, 28.91690700000001, 30.05949000000001, 55.10842500000001, 28.30167, 28.74112500000001, 16.260603000000003, 92.46210000000002, 69.25887600000001, 29.35636199999999]","[0.0, 3.0, 1.0, 1.0, 1.0, 5.0, 2.0, 3.0, 1.0, 8.0, 2.0, 1.0, 1.0, -3.0, 2.0, 1.0]","[0.0, 31.0, 17.0, 17.0, 0.0, 27.0, 14.0, 12.0, 0.0, 30.0, 13.0, 12.0, 25.0, -18.0, 11.0, 14.0]"
3,1791632258.628961,"[-30.936863999999986, 57.481482, 29.444253000000003, 29.971598999999998, -0.08712299999999118, 57.56937300000001, 29.444253000000003, 29.971598999999998, 31.114182, 56.42679000000001, 29.444253000000003, 29.883708000000013, 16.260603000000003, 89.56169699999998, 70.313568, 29.35636199999999]","[0.0, 5.0, 3.0, 2.0, 1.0, 6.0, 3.0, 2.0, 1.0, 1.0, 1.0, 3.0, 1.0, -3.0, 3.0, 1.0]","[0.0, 30.0, 17.0, 14.0, 0.0, 28.0, 14.0, 11.0, -14.0, 37.0, 13.0, 11.0, 24.0, -18.0, 12.0, 14.0]"
3,1791632258.854769,"[-31.991556000000003, 59.50297499999999, 30.498944999999992, 30.9384, -0.08712299999999118, 59.67875699999999, 30.67472699999999, 31.114182, 32.080983, 59.151410999999996, 30.323162999999994, 30.850508999999988, 16.17271199999999, 87.10074900000001, 70.665132, 29.35636199999999]","[0.0, 3.0, 1.0, 0.0, 1.0, 7.0, 2.0, 1.0, 1.0, 11.0, 1.0, 1.0, 0.0, -1.0, 0.0, 1.0]","[0.0, 29.0, 17.0, 14.0, 0.0, 28.0, 12.0, 11.0, 0.0, 28.0, 14.0, 11.0, 24.0, -19.0, 13.0, 14.0]"
3,1791632259.3186727,"[-32.95835700000001, 61.788140999999996, 31.729419000000007, 32.080983, -0.08712299999999118, 62.227596000000005, 31.817309999999992, 31.99309199999999, 33.04778400000001, 61.87603200000001, 31.55363700000001, 31.817309999999992, 16.084821000000005, 84.90347400000002, 70.665132, 29.268471000000005]","[0.0, 1.0, 1.0, 1.0, 1.0, 1.0, 1.0, 0.0, 1.0, 1.0, 1.0, -1.0, 0.0, 0.0, 0.0, 0.0]","[0.0, 27.0, 16.0, 14.0, 0.0, 24.0, 12.0, 11.0, 0.0, 27.0, 12.0, 12.0, 26.0, -26.0, 17.0, 14.0]"
3,1791632259.540651,"[-34.013048999999995, 64.073307, 32.608329, 32.784110999999996, -0.17501400000000444, 62.84283300000001, 32.080983, 32.608329, 34.102475999999996, 63.897525, 32.608329, 32.608329, 16.084821000000005, 83.93667299999998, 70.665132, 29.268471000000005]","[0.0, 4.0, 5.0, 5.0, 0.0, 1.0, 1.0, 1.0, 0.0, 4.0, 4.0, 2.0, 0.0, -4.0, 0.0, 0.0]","[0.0, 24.0, 16.0, 15.0, 6.0, 33.0, 15.0, 12.0, -8.0, 25.0, 12.0, 12.0, 26.0, -25.0, 21.0, 14.0]"
3,1791632259.7650855,"[-35.06774100000001, 66.27058199999999, 33.750912, 34.19036700000001, -0.08712299999999118, 62.930724, 32.16887399999999, 33.13567499999999, 35.069277, 66.00690900000001, 33.663021000000015, 33.663021000000015, 16.084821000000005, 83.673, 70.665132, 29.268471000000005]","[0.0, 6.0, 3.0, 3.0, 1.0, 1.0, 0.0, 1.0, 1.0, 1.0, 1.0, 3.0, 0.0, 0.0, 0.0, 0.0]","[0.0, 21.0, 16.0, 14.0, 0.0, 53.0, 19.0, 14.0, 0.0, 26.0, 12.0, 12.0, 26.0, -25.0, 30.0, 14.0]"
3,1791632259.9906209,"[-35.946651, 66.62214600000001, 34.717713, 35.069277, -0.08712299999999118, 63.721743000000004, 32.080983, 33.48723899999999, 36.036078, 66.00690900000001, 34.80560399999999, 34.717713, 16.084821000000005, 83.76089100000002, 70.75302300000001, 29.268471000000005]","[0.0, 2.0, 1.0, 3.0, 0.0, 1.0, 0.0, 1.0, 0.0, 1.0, 3.0, 2.0, 1.0, 1.0, 0.0, 0.0]","[-7.0, 20.0, 17.0, 14.0, 1.0, 67.0, 20.0, 17.0, 0.0, 26.0, 11.0, 12.0, 26.0, -26.0, 37.0, 14.0]"
3,1791632260.2145019,"[-37.00134299999999, 66.62214600000001, 35.860296000000005, 35.860296000000005, -0.08712299999999118, 63.721743000000004, 32.080983, 34.278257999999994, 37.00287900000001, 66.00690900000001, 35.596622999999994, 35.15716800000001, 15.55747500000001, 83.84878200000003, 70.75302300000001, 29.268471000000005]","[0.0, 1.0, 2.0, 0.0, 1.0, 1.0, 0.0, 1.0, 1.0, 1.0, 3.0, 5.0, 0.0, 1.0, 0.0, 0.0]","[0.0, 21.0, 15.0, 15.0, 0.0, 93.0, 20.0, 18.0, 0.0, 26.0, 11.0, 12.0, 11.0, 0.0, 10.0, 13.0]"
3,1791632260.4375052,"[-38.05603500000001, 66.62214600000001, 36.914987999999994, 36.914987999999994, -0.08712299999999118, 64.16119800000001, 31.99309199999999, 34.981386000000015, 38.057570999999996, 66.00690900000001, 36.65131500000001, 36.65131500000001, 15.55747500000001, 83.84878200000003, 70.75302300000001, 29.268471000000005]","[0.0, 1.0, 1.0, 1.0, 1.0, 1.0, 0.0, 1.0, 1.0, 1.0, 1.0, 2.0, 0.0, 1.0, 0.0, 0.0]","[-8.0, 22.0, 16.0, 15.0, 0.0, 104.0, 20.0, 18.0, 0.0, 26.0, 13.0, 12.0, 12.0, 0.0, 10.0, 13.0]"
3,1791632260.663453,"[-38.847053999999986, 66.62214600000001, 38.057570999999996, 37.96968000000001, -0.08712299999999118, 64.16119800000001, 31.99309199999999, 35.50873200000001, 39.024372, 66.00690900000001, 37.79389800000001, 37.44233399999999, 15.55747500000001, 83.84878200000003, 70.75302300000001, 29.268471000000005]","[0.0, 1.0, 3.0, 2.0, 0.0, 1.0, 0.0, 1.0, 1.0, 1.0, 2.0, 1.0, 0.0, 1.0, 0.0, 0.0]","[-9.0, 22.0, 16.0, 15.0, 0.0, 104.0, 20.0, 21.0, 8.0, 26.0, 11.0, 12.0, 11.0, 0.0, 10.0, 13.0]"
3,1791632260.8843172,"[-40.077528, 66.62214600000001, 39.11226300000001, 38.76069899999999, -0.08712299999999118, 62.667051000000015, 31.99309199999999, 35.50873200000001, 39.991173, 66.00690900000001, 38.76069899999999, 38.58491699999999, 15.55747500000001, 83.84878200000003, 70.75302300000001, 29.268471000000005]","[-1.0, 1.0, 2.0, 1.0, 1.0, 0.0, 1.0, 1.0, 1.0, 1.0, 0.0, 1.0, 0.0, 1.0, 0.0, 0.0]","[0.0, 22.0, 15.0, 16.0, 0.0, 14.0, 10.0, 0.0, 13.0, 25.0, 12.0, 12.0, 11.0, 0.0, 10.0, 14.0]"
3,1791632261.107752,"[-40.95643799999999, 66.62214600000001, 40.166955, 39.90328199999999, -0.08712299999999118, 62.667051000000015, 31.99309199999999, 35.50873200000001, 40.95797400000001, 66.00690900000001, 39.815391000000005, 39.63960900000001, 15.55747500000001, 83.84878200000003, 70.75302300000001, 29.268471000000005]","[-3.0, 1.0, 2.0, 3.0, 1.0, 0.0, 1.0, 1.0, 2.0, 1.0, 4.0, 1.0, 0.0, 1.0, 0.0, 0.0]","[-9.0, 22.0, 16.0, 15.0, 0.0, 13.0, 9.0, 0.0, 13.0, 26.0, 10.0, 12.0, 12.0, 0.0, 10.0, 13.0]"
3,1791632261.3347409,"[-42.09902099999999, 66.62214600000001, 41.22164699999999, 40.694300999999996, -0.08712299999999118, 62.667051000000015, 31.99309199999999, 35.50873200000001, 41.661102, 66.00690900000001, 40.78219200000001, 40.78219200000001, 15.55747500000001, 83.84878200000003, 70.75302300000001, 29.268471000000005]","[1.0, 1.0, 2.0, 1.0, 1.0, 0.0, 1.0, 1.0, 1.0, 1.0, 1.0, 1.0, 0.0, 1.0, 0.0, 0.0]","[5.0, 22.0, 16.0, 15.0, 0.0, 13.0, 10.0, 0.0, 14.0, 26.0, 10.0, 12.0, 11.0, 0.0, 10.0, 12.0]"
3,1791632261.5559888,"[-43.065822, 66.62214600000001, 42.27633900000001, 41.74899300000001, -0.08712299999999118, 62.667051000000015, 31.99309199999999, 35.50873200000001, 43.06735800000001, 66.00690900000001, 41.92477500000001, 41.661102, 15.55747500000001, 83.84878200000003, 70.75302300000001, 29.268471000000005]","[0.0, 1.0, 2.0, 3.0, 1.0, 0.0, 1.0, 1.0, 4.0, 1.0, 3.0, 1.0, 0.0, 1.0, 0.0, 0.0]","[0.0, 21.0, 15.0, 16.0, 0.0, 13.0, 10.0, 0.0, 3.0, 25.0, 11.0, 12.0, 12.0, 0.0, 10.0, 12.0]"
3,1791632261.7796807,"[-44.032623, 66.62214600000001, 43.24314000000001, 42.891576000000015, -0.08712299999999118, 62.667051000000015, 31.99309199999999, 35.50873200000001, 43.946268, 66.00690900000001, 42.803685, 42.803685, 15.55747500000001, 83.84878200000003, 70.75302300000001, 29.268471000000005]","[0.0, 1.0, 2.0, 2.0, 1.0, 0.0, 1.0, 1.0, 1.0, 1.0, 2.0, 1.0, 0.0, 1.0, 0.0, 0.0]","[0.0, 22.0, 16.0, 15.0, 0.0, 14.0, 10.0, 0.0, 13.0, 26.0, 11.0, 12.0, 11.0, 0.0, 10.0, 13.0]"
3,1791632262.0064514,"[-45.08731499999999, 66.62214600000001, 44.297832, 43.506812999999994, -0.08712299999999118, 62.667051000000015, 31.99309199999999, 35.50873200000001, 45.00095999999999, 66.00690900000001, 43.946268, 43.85837699999999, 15.55747500000001, 83.84878200000003, 70.75302300000001, 29.268471000000005]","[0.0, 1.0, 2.0, 1.0, 1.0, 0.0, 1.0, 1.0, 1.0, 1.0, 3.0, 2.0, 0.0, 1.0, 0.0, 0.0]","[0.0, 21.0, 15.0, 16.0, 0.0, 14.0, 10.0, 0.0, -14.0, 26.0, 10.0, 11.0, 11.0, 0.0, 10.0, 13.0]"
3,1791632262.226854,"[-46.05411599999999, 66.62214600000001, 45.088851000000005, 45.088851000000005, -0.08712299999999118, 62.667051000000015, 31.99309199999999, 35.50873200000001, 45.967760999999996, 66.00690900000001, 44.91306900000001, 45.00095999999999, 15.55747500000001, 83.84878200000003, 70.75302300000001, 29.268471000000005]","[0.0, 1.0, 1.0, 5.0, 1.0, 0.0, 1.0, 1.0, 0.0, 1.0, 1.0, 3.0, 0.0, 1.0, 0.0, 0.0]","[0.0, 21.0, 16.0, 14.0, 0.0, 14.0, 10.0, 0.0, 0.0, 26.0, 10.0, 11.0, 11.0, 0.0, 9.0, 13.0]"
3,1791632262.4515402,"[-47.020917, 66.62214600000001, 46.143542999999994, 45.967760999999996, -0.08712299999999118, 62.667051000000015, 31.99309199999999, 35.50873200000001, 46.934562, 66.00690900000001, 45.967760999999996, 45.967760999999996, 15.55747500000001, 83.84878200000003, 70.75302300000001, 29.268471000000005]","[0.0, 1.0, 2.0, 2.0, 1.0, 0.0, 1.0, 1.0, 0.0, 1.0, 4.0, 2.0, 0.0, 1.0, 0.0, 0.0]","[0.0, 21.0, 15.0, 15.0, 0.0, 13.0, 9.0, 0.0, -2.0, 26.0, 10.0, 10.0, 12.0, 0.0, 10.0, 13.0]"
3,1791632262.6784275,"[-47.811936, 66.62214600000001, 47.110344, 47.19823500000001, -0.08712299999999118, 62.667051000000015, 31.99309199999999, 35.50873200000001, 48.077145, 66.00690900000001, 46.934562, 47.110344, 15.55747500000001, 83.84878200000003, 70.75302300000001, 29.268471000000005]","[-1.0, 1.0, 1.0, 1.0, 1.0, 0.0, 1.0, 1.0, 1.0, 1.0, 1.0, 3.0, 0.0, 1.0, 0.0, 0.0]","[-9.0, 22.0, 15.0, 15.0, 0.0, 13.0, 10.0, 0.0, -14.0, 25.0, 10.0, 11.0, 11.0, 0.0, 10.0, 13.0]"
3,1791632262.8985617,"[-49.04240999999999, 66.62214600000001, 48.077145, 48.252927, -0.08712299999999118, 62.667051000000015, 31.99309199999999, 35.50873200000001, 49.043946000000005, 66.00690900000001, 48.077145, 48.165036000000015, 15.55747500000001, 83.84878200000003, 70.75302300000001, 29.268471000000005]","[0.0, 1.0, 1.0, 2.0, 1.0, 0.0, 1.0, 1.0, 1.0, 1.0, 4.0, 3.0, 0.0, 1.0, 0.0, 0.0]","[0.0, 22.0, 16.0, 15.0, 0.0, 14.0, 10.0, 0.0, -14.0, 26.0, 11.0, 11.0, 11.0, 0.0, 9.0, 13.0]"
3,1791632263.1264217,"[-49.92132000000001, 66.62214600000001, 49.13183699999999, 49.30761899999999, -0.08712299999999118, 62.667051000000015, 31.99309199999999, 35.50873200000001, 50.01074700000001, 66.00690900000001, 48.86816400000001, 49.043946000000005, 15.55747500000001, 83.84878200000003, 70.75302300000001, 29.268471000000005]","[0.0, 1.0, 3.0, 3.0, 1.0, 0.0, 1.0, 1.0, 0.0, 0.0, 3.0, 2.0, 0.0, 1.0, 0.0, 0.0]","[-9.0, 21.0, 15.0, 13.0, 0.0, 13.0, 10.0, 0.0, -7.0, 26.0, 10.0, 10.0, 11.0, 0.0, 10.0, 12.0]"
3,1791632263.3503795,"[-50.976012, 66.62214600000001, 50.01074700000001, 50.538093, -0.08712299999999118, 62.667051000000015, 31.99309199999999, 35.50873200000001, 51.15333000000001, 66.00690900000001, 49.747074, 50.18652900000001, 15.55747500000001, 83.84878200000003, 70.75302300000001, 29.268471000000005]","[-2.0, 1.0, 2.0, 3.0, 1.0, 0.0, 1.0, 1.0, 1.0, 0.0, 0.0, 2.0, 0.0, 1.0, 0.0, 0.0]","[-8.0, 22.0, 15.0, 13.0, 0.0, 13.0, 9.0, 0.0, -14.0, 26.0, 11.0, 11.0, 11.0, 0.0, 10.0, 13.0]"
3,1791632263.57437,"[-51.767031, 66.62214600000001, 50.889657, 51.50489400000001, -0.08712299999999118, 62.667051000000015, 31.99309199999999, 35.50873200000001, 52.03224, 66.00690900000001, 51.065439, 50.97754800000001, 15.55747500000001, 83.84878200000003, 70.75302300000001, 29.268471000000005]","[0.0, 1.0, 1.0, 3.0, 1.0, 0.0, 1.0, 1.0, 0.0, 1.0, 2.0, 3.0, 0.0, 1.0, 0.0, 0.0]","[-9.0, 21.0, 16.0, 14.0, 0.0, 14.0, 9.0, 0.0, 0.0, 27.0, 11.0, 11.0, 10.0, 0.0, 9.0, 13.0]"
3,1791632263.7948868,"[-52.909614000000005, 66.62214600000001, 52.03224, 52.559585999999996, -0.08712299999999118, 62.667051000000015, 31.99309199999999, 35.50873200000001, 53.08693199999999, 66.00690900000001, 51.856458, 52.03224, 15.55747500000001, 83.84878200000003, 70.75302300000001, 29.268471000000005]","[-2.0, 1.0, 2.0, 3.0, 1.0, 0.0, 1.0, 1.0, 0.0, 0.0, 1.0, 2.0, 0.0, 1.0, 0.0, 0.0]","[-9.0, 21.0, 16.0, 13.0, 0.0, 13.0, 10.0, 0.0, -2.0, 26.0, 10.0, 10.0, 10.0, 0.0, 10.0, 13.0]"
3,1791632264.0195632,"[-53.96430599999999, 66.62214600000001, 52.999041000000005, 53.526387, -0.08712299999999118, 62.667051000000015, 31.99309199999999, 35.50873200000001, 54.053732999999994, 66.00690900000001, 52.999041000000005, 52.999041000000005, 15.55747500000001, 83.84878200000003, 70.75302300000001, 29.268471000000005]","[-2.0, 1.0, 1.0, 2.0, 1.0, 0.0, 1.0, 1.0, 1.0, 1.0, 3.0, 4.0, 0.0, 1.0, 0.0, 0.0]","[-9.0, 21.0, 16.0, 13.0, 0.0, 13.0, 10.0, 0.0, 0.0, 26.0, 11.0, 11.0, 10.0, 0.0, 10.0, 12.0]"
3,1791632264.246354,"[-54.491652, 66.62214600000001, 53.96584200000001, 54.317406000000005, -0.08712299999999118, 62.667051000000015, 31.99309199999999, 35.50873200000001, 55.020534, 66.09479999999999, 53.877950999999996, 53.96584200000001, 15.55747500000001, 83.84878200000003, 70.75302300000001, 29.268471000000005]","[1.0, 1.0, 3.0, 1.0, 1.0, 0.0, 1.0, 1.0, 1.0, 1.0, 1.0, 1.0, 0.0, 1.0, 0.0, 0.0]","[-11.0, 21.0, 16.0, 14.0, 0.0, 13.0, 10.0, 0.0, 0.0, 26.0, 10.0, 11.0, 10.0, 0.0, 10.0, 13.0]"
3,1791632264.4670315,"[-55.722126, 66.62214600000001, 55.10842500000001, 55.54787999999999, -0.08712299999999118, 62.667051000000015, 31.99309199999999, 35.50873200000001, 56.163117, 66.00690900000001, 54.844752, 55.020534, 15.55747500000001, 83.84878200000003, 70.75302300000001, 29.268471000000005]","[-2.0, 1.0, 3.0, 3.0, 1.0, 0.0, 1.0, 0.0, 1.0, 1.0, 2.0, 1.0, 0.0, 1.0, 0.0, 0.0]","[-9.0, 21.0, 16.0, 13.0, 0.0, 12.0, 10.0, 0.0, -14.0, 26.0, 11.0, 11.0, 10.0, 0.0, 10.0, 13.0]"
3,1791632264.6942458,"[-56.513144999999994, 66.62214600000001, 55.987335, 56.338899, -0.08712299999999118, 62.667051000000015, 31.99309199999999, 35.50873200000001, 56.954136000000005, 66.09479999999999, 55.89944400000002, 55.89944400000002, 15.55747500000001, 83.84878200000003, 70.75302300000001, 29.268471000000005]","[0.0, 0.0, 1.0, 2.0, 1.0, 1.0, 1.0, 1.0, 1.0, 1.0, 4.0, 1.0, 0.0, 1.0, 0.0, 0.0]","[-9.0, 21.0, 15.0, 13.0, 0.0, 15.0, 10.0, 0.0, 0.0, 26.0, 11.0, 12.0, 10.0, 0.0, 10.0, 13.0]"
3,1791632264.9151778,"[-57.304164, 66.62214600000001, 57.04202699999999, 57.21780900000002, -0.08712299999999118, 62.667051000000015, 31.99309199999999, 35.50873200000001, 57.92093700000001, 66.09479999999999, 56.77835400000001, 56.86624499999999, 15.55747500000001, 83.84878200000003, 70.75302300000001, 29.268471000000005]","[-2.0, 0.0, 2.0, 1.0, 1.0, 1.0, 1.0, 1.0, 0.0, 1.0, 1.0, 1.0, 0.0, 1.0, 0.0, 0.0]","[-11.0, 21.0, 16.0, 14.0, 0.0, 13.0, 9.0, 0.0, 0.0, 25.0, 11.0, 11.0, 10.0, 0.0, 10.0, 13.0]"
3,1791632265.1422036,"[-58.71042, 66.62214600000001, 58.09671900000001, 58.36039199999999, -0.08712299999999118, 62.667051000000015, 31.99309199999999, 35.50873200000001, 58.975629, 66.09479999999999, 57.657264, 58.008827999999994, 15.55747500000001, 83.84878200000003, 70.75302300000001, 29.268471000000005]","[-1.0, 0.0, 2.0, 3.0, 1.0, 1.0, 1.0, 1.0, 1.0, 0.0, 1.0, 1.0, 0.0, 1.0, 0.0, 0.0]","[-9.0, 20.0, 16.0, 13.0, 0.0, 14.0, 9.0, 0.0, 0.0, 25.0, 12.0, 11.0, 11.0, 0.0, 10.0, 12.0]"
3,1791632265.3663611,"[-59.32565699999999, 66.710037, 59.327192999999994, 59.23930200000001, -0.08712299999999118, 62.667051000000015, 31.99309199999999, 35.50873200000001, 59.94243, 66.09479999999999, 58.711956000000015, 58.88773800000001, 15.55747500000001, 83.84878200000003, 70.75302300000001, 29.268471000000005]","[-2.0, 0.0, 2.0, 3.0, 1.0, 1.0, 1.0, 1.0, 1.0, 1.0, 3.0, 1.0, 0.0, 1.0, 1.0, 0.0]","[-10.0, 20.0, 15.0, 14.0, 0.0, 13.0, 10.0, 0.0, 0.0, 26.0, 11.0, 12.0, 11.0, 0.0, 6.0, 13.0]"
3,1791632265.590159,"[-60.64402199999999, 66.710037, 60.469775999999996, 59.23930200000001, -0.08712299999999118, 62.667051000000015, 31.99309199999999, 35.50873200000001, 60.99712199999999, 66.79792800000001, 59.85453900000002, 59.151410999999996, 15.55747500000001, 83.84878200000003, 70.75302300000001, 29.268471000000005]","[-3.0, 1.0, 4.0, 1.0, 1.0, 1.0, 1.0, 0.0, 1.0, 3.0, 1.0, 1.0, 0.0, 1.0, 0.0, 0.0]","[-9.0, 20.0, 14.0, 14.0, 0.0, 13.0, 9.0, 0.0, 0.0, 18.0, 11.0, 10.0, 11.0, 0.0, 10.0, 13.0]"
3,1791632265.8128185,"[-61.698713999999995, 66.710037, 61.436577, 59.23930200000001, -0.08712299999999118, 62.667051000000015, 31.99309199999999, 35.50873200000001, 61.963922999999994, 67.061601, 61.085013000000004, 59.151410999999996, 15.55747500000001, 83.84878200000003, 70.75302300000001, 29.268471000000005]","[0.0, 0.0, 2.0, 1.0, 1.0, 1.0, 1.0, 1.0, 2.0, 1.0, 1.0, 1.0, 0.0, 1.0, 0.0, 0.0]","[-10.0, 20.0, 15.0, 14.0, 0.0, 13.0, 10.0, 0.0, 0.0, 19.0, 10.0, 11.0, 10.0, 0.0, 10.0, 13.0]"
3,1791632266.0347629,"[-62.577624, 66.710037, 62.49126900000002, 59.23930200000001, -0.08712299999999118, 62.667051000000015, 31.99309199999999, 35.50873200000001, 62.667051000000015, 67.061601, 62.227596000000005, 59.151410999999996, 15.55747500000001, 83.84878200000003, 70.75302300000001, 29.268471000000005]","[0.0, 1.0, 3.0, 1.0, 1.0, 1.0, 1.0, 1.0, 1.0, 0.0, 4.0, 1.0, 0.0, 1.0, 0.0, 0.0]","[-10.0, 20.0, 15.0, 14.0, 0.0, 15.0, 10.0, 0.0, 14.0, 18.0, 9.0, 11.0, 11.0, 0.0, 10.0, 12.0]"
3,1791632266.2595897,"[-63.720207, 66.710037, 63.45806999999999, 59.23930200000001, -0.08712299999999118, 62.667051000000015, 31.99309199999999, 35.50873200000001, 63.985416000000015, 67.14949200000001, 63.106505999999996, 59.151410999999996, 15.55747500000001, 83.84878200000003, 70.75302300000001, 29.268471000000005]","[0.0, 1.0, 2.0, 1.0, 1.0, 1.0, 1.0, 1.0, 3.0, 1.0, 1.0, 1.0, 0.0, 1.0, 0.0, 0.0]","[-9.0, 19.0, 15.0, 13.0, 0.0, 13.0, 10.0, 0.0, 0.0, 18.0, 11.0, 11.0, 11.0, 0.0, 10.0, 12.0]"
3,1791632266.4860554,"[-64.86279, 66.710037, 64.51276200000001, 59.23930200000001, -0.08712299999999118, 62.667051000000015, 31.99309199999999, 35.50873200000001, 64.95221699999999, 67.061601, 63.985416000000015, 59.151410999999996, 15.55747500000001, 83.84878200000003, 70.75302300000001, 29.268471000000005]","[-1.0, 1.0, 3.0, 1.0, 1.0, 1.0, 1.0, 1.0, 2.0, 0.0, 2.0, 1.0, 0.0, 1.0, 0.0, 0.0]","[-8.0, 20.0, 14.0, 15.0, 0.0, 13.0, 10.0, 0.0, 0.0, 19.0, 11.0, 11.0, 11.0, 0.0, 10.0, 13.0]"
3,1791632266.70675,"[-65.565918, 66.710037, 65.391672, 59.23930200000001, -0.08712299999999118, 62.667051000000015, 31.99309199999999, 35.50873200000001, 65.919018, 67.14949200000001, 65.12799900000002, 59.151410999999996, 15.55747500000001, 83.84878200000003, 70.75302300000001, 29.268471000000005]","[-2.0, 1.0, 1.0, 1.0, 1.0, 1.0, 1.0, 0.0, 1.0, 0.0, 3.0, 1.0, 0.0, 1.0, 0.0, 0.0]","[-9.0, 20.0, 14.0, 15.0, 0.0, 13.0, 10.0, 2.0, 0.0, 19.0, 10.0, 11.0, 11.0, 0.0, 10.0, 13.0]"
3,1791632266.933202,"[-66.62061, 66.710037, 66.534255, 59.23930200000001, -0.08712299999999118, 62.667051000000015, 31.99309199999999, 35.50873200000001, 66.97371000000001, 67.14949200000001, 66.00690900000001, 59.151410999999996, 15.55747500000001, 83.84878200000003, 70.75302300000001, 29.268471000000005]","[-1.0, 1.0, 3.0, 1.0, 1.0, 1.0, 1.0, 1.0, 1.0, 1.0, 1.0, 1.0, 0.0, 1.0, 0.0, 0.0]","[-9.0, 20.0, 15.0, 13.0, 0.0, 13.0, 10.0, 0.0, 0.0, 19.0, 10.0, 10.0, 11.0, 0.0, 10.0, 12.0]"
3,1791632267.1552982,"[-67.587411, 66.710037, 67.41316499999999, 59.23930200000001, -0.08712299999999118, 62.667051000000015, 31.99309199999999, 35.50873200000001, 67.94051100000001, 67.14949200000001, 66.79792800000001, 59.151410999999996, 15.55747500000001, 83.84878200000003, 70.75302300000001, 29.268471000000005]","[0.0, 1.0, 1.0, 1.0, 1.0, 1.0, 1.0, 1.0, 2.0, 1.0, 1.0, 1.0, 0.0, 1.0, 0.0, 0.0]","[-9.0, 20.0, 14.0, 14.0, 0.0, 13.0, 9.0, 0.0, 4.0, 19.0, 11.0, 11.0, 11.0, 0.0, 10.0, 13.0]"
3,1791632267.3810713,"[-68.55421199999999, 66.710037, 68.555748, 59.23930200000001, -0.08712299999999118, 62.667051000000015, 31.99309199999999, 35.50873200000001, 68.90731199999999, 67.14949200000001, 67.76472900000002, 59.151410999999996, 15.55747500000001, 83.84878200000003, 70.75302300000001, 29.268471000000005]","[0.0, 1.0, 2.0, 1.0, 1.0, 1.0, 1.0, 1.0, 1.0, 0.0, 3.0, 1.0, 0.0, 1.0, 0.0, 0.0]","[-9.0, 20.0, 15.0, 15.0, 0.0, 13.0, 10.0, 0.0, 14.0, 19.0, 10.0, 11.0, 11.0, 0.0, 9.0, 13.0]"
3,1791632267.6059725,"[-69.433122, 66.885819, 69.43465800000001, 59.23930200000001, -0.08712299999999118, 62.667051000000015, 31.99309199999999, 35.50873200000001, 69.874113, 67.14949200000001, 68.73152999999999, 59.151410999999996, 15.55747500000001, 83.84878200000003, 70.75302300000001, 29.268471000000005]","[0.0, 3.0, 1.0, 1.0, 1.0, 1.0, 1.0, 1.0, 2.0, 1.0, 1.0, 1.0, 0.0, 1.0, 0.0, 0.0]","[-9.0, 20.0, 15.0, 14.0, 0.0, 14.0, 9.0, 0.0, 13.0, 19.0, 12.0, 11.0, 10.0, 0.0, 9.0, 12.0]"
3,1791632267.8279145,"[-69.608904, 67.32527400000001, 69.698331, 59.23930200000001, -0.08712299999999118, 62.667051000000015, 31.99309199999999, 35.50873200000001, 69.96200400000001, 67.14949200000001, 69.61044000000001, 59.151410999999996, 15.55747500000001, 83.84878200000003, 70.75302300000001, 29.268471000000005]","[0.0, 1.0, 1.0, 1.0, 1.0, 1.0, 1.0, 1.0, 1.0, 0.0, 1.0, 1.0, 0.0, 1.0, 0.0, 0.0]","[-9.0, 18.0, 17.0, 14.0, 0.0, 14.0, 9.0, 0.0, 0.0, 19.0, 11.0, 12.0, 12.0, 0.0, 10.0, 13.0]"
3,1791632268.0500648,"[-69.608904, 67.32527400000001, 70.137786, 59.23930200000001, -0.08712299999999118, 62.667051000000015, 31.99309199999999, 35.50873200000001, 69.96200400000001, 67.14949200000001, 70.75302300000001, 59.151410999999996, 15.55747500000001, 83.84878200000003, 70.75302300000001, 29.268471000000005]","[0.0, 1.0, 1.0, 1.0, 1.0, 1.0, 1.0, 1.0, 1.0, 1.0, 3.0, 1.0, 0.0, 1.0, 0.0, 0.0]","[-9.0, 18.0, 19.0, 15.0, 0.0, 13.0, 9.0, 0.0, 0.0, 19.0, 11.0, 11.0, 11.0, 0.0, 10.0, 13.0]"
3,1791632268.2750435,"[-69.608904, 67.32527400000001, 70.22567699999999, 59.23930200000001, -0.08712299999999118, 62.667051000000015, 31.99309199999999, 35.50873200000001, 69.96200400000001, 67.14949200000001, 71.71982400000002, 59.151410999999996, 15.55747500000001, 83.84878200000003, 70.75302300000001, 29.268471000000005]","[0.0, 1.0, 0.0, 1.0, 1.0, 1.0, 1.0, 1.0, 1.0, 1.0, 1.0, 1.0, 0.0, 1.0, 0.0, 0.0]","[-10.0, 18.0, 24.0, 14.0, 0.0, 14.0, 10.0, 0.0, 0.0, 18.0, 11.0, 11.0, 12.0, 0.0, 10.0, 13.0]"
3,1791632268.501949,"[-69.608904, 67.237383, 71.192478, 59.23930200000001, -0.08712299999999118, 62.667051000000015, 31.99309199999999, 35.50873200000001, 69.96200400000001, 67.14949200000001, 72.159279, 59.151410999999996, 15.55747500000001, 83.84878200000003, 70.75302300000001, 29.268471000000005]","[0.0, 0.0, 1.0, 1.0, 1.0, 1.0, 1.0, 1.0, 1.0, 1.0, 0.0, 1.0, 0.0, 1.0, 0.0, 0.0]","[-9.0, 19.0, 24.0, 14.0, 0.0, 13.0, 10.0, 0.0, 0.0, 18.0, 13.0, 11.0, 11.0, 0.0, 10.0, 12.0]"
3,1791632268.7239203,"[-69.696795, 67.237383, 71.807715, 59.23930200000001, -0.08712299999999118, 62.667051000000015, 31.99309199999999, 35.50873200000001, 69.96200400000001, 67.14949200000001, 72.42295200000001, 59.151410999999996, 15.55747500000001, 83.84878200000003, 70.75302300000001, 29.268471000000005]","[0.0, 1.0, 1.0, 1.0, 1.0, 1.0, 1.0, 1.0, 1.0, 1.0, 1.0, 1.0, 0.0, 1.0, 0.0, 0.0]","[-9.0, 18.0, 26.0, 14.0, 0.0, 13.0, 10.0, 0.0, 0.0, 19.0, 16.0, 10.0, 11.0, 0.0, 10.0, 13.0]"
3,1791632268.9472232,"[-69.784686, 67.237383, 72.24717000000001, 59.23930200000001, -0.08712299999999118, 62.667051000000015, 31.99309199999999, 35.50873200000001, 69.96200400000001, 67.14949200000001, 72.774516, 59.151410999999996, 15.55747500000001, 83.84878200000003, 70.75302300000001, 29.268471000000005]","[-1.0, 0.0, 1.0, 1.0, 1.0, 1.0, 1.0, 1.0, 0.0, 1.0, 1.0, 1.0, 0.0, 1.0, 0.0, 0.0]","[-9.0, 19.0, 29.0, 14.0, 0.0, 13.0, 10.0, 0.0, 0.0, 19.0, 19.0, 10.0, 11.0, 0.0, 9.0, 13.0]"
3,1791632269.1721072,"[-69.784686, 67.237383, 72.774516, 59.23930200000001, -0.08712299999999118, 62.667051000000015, 31.99309199999999, 35.50873200000001, 69.96200400000001, 67.14949200000001, 72.774516, 59.151410999999996, 15.55747500000001, 83.84878200000003, 70.75302300000001, 29.268471000000005]","[0.0, 0.0, 1.0, 1.0, 1.0, 1.0, 1.0, 1.0, 0.0, 1.0, 1.0, 1.0, 0.0, 1.0, 0.0, 0.0]","[-9.0, 19.0, 32.0, 14.0, 0.0, 13.0, 9.0, 0.0, 0.0, 19.0, 25.0, 11.0, 11.0, 0.0, 10.0, 13.0]"
3,1791632269.3942037,"[-69.784686, 67.14949200000001, 72.774516, 59.151410999999996, -0.08712299999999118, 62.667051000000015, 31.99309199999999, 35.50873200000001, 69.96200400000001, 67.14949200000001, 73.477644, 59.151410999999996, 15.55747500000001, 83.84878200000003, 70.75302300000001, 29.268471000000005]","[0.0, 0.0, 1.0, 1.0, 1.0, 1.0, 1.0, 1.0, 0.0, 1.0, 2.0, 1.0, 0.0, 1.0, 0.0, 0.0]","[8.0, 10.0, 14.0, 12.0, 0.0, 14.0, 10.0, 0.0, 0.0, 19.0, 26.0, 10.0, 10.0, 0.0, 10.0, 13.0]"
3,1791632269.6200123,"[-69.784686, 67.14949200000001, 72.68662499999999, 59.151410999999996, -0.08712299999999118, 62.667051000000015, 31.99309199999999, 35.50873200000001, 69.96200400000001, 67.14949200000001, 73.56553500000001, 59.06352000000001, 15.55747500000001, 83.84878200000003, 70.75302300000001, 29.268471000000005]","[0.0, 0.0, 1.0, 1.0, 1.0, 1.0, 1.0, 1.0, 1.0, 1.0, 1.0, 0.0, 0.0, 1.0, 0.0, 0.0]","[8.0, 11.0, 14.0, 12.0, 0.0, 14.0, 9.0, 0.0, -2.0, 19.0, 32.0, 10.0, 11.0, 0.0, 9.0, 13.0]"
3,1791632269.8456814,"[-69.784686, 67.14949200000001, 72.68662499999999, 59.151410999999996, -0.08712299999999118, 62.667051000000015, 31.99309199999999, 35.50873200000001, 69.96200400000001, 66.97371000000001, 73.477644, 59.06352000000001, 15.55747500000001, 83.84878200000003, 70.75302300000001, 29.268471000000005]","[0.0, 0.0, 0.0, 0.0, 1.0, 1.0, 1.0, 1.0, 1.0, 0.0, 0.0, 1.0, 0.0, 1.0, 0.0, 0.0]","[8.0, 10.0, 14.0, 14.0, 0.0, 13.0, 9.0, 0.0, 0.0, 10.0, 9.0, 0.0, 12.0, 0.0, 10.0, 13.0]"
