grip,time,positions,velocities,currents
1,1791632349.27755,"[-0.6144689999999855, -1.4054879999999912, -0.2629049999999893, 0.44022300000000314, -0.08712299999999118, -0.7023599999999988, 0.6160050000000012, 0.26444100000000503, 0.44022300000000314, -1.053923999999995, -0.17501400000000444, 1.2312420000000088, -1.5812699999999893, 177.98004300000002, 40.694300999999996, 26.016503999999998]","[1.0, 0.0, 0.0, 0.0, 0.0, 1.0, 0.0, 1.0, 0.0, 1.0, 0.0, 0.0, 0.0, 1.0, 0.0, 1.0]","[9.0, 13.0, 14.0, -14.0, 0.0, 11.0, -11.0, -11.0, -14.0, 12.0, 8.0, -12.0, 13.0, 16.0, -12.0, -16.0]"
1,1791632349.4998286,"[-0.7023599999999988, -1.4054879999999912, -0.2629049999999893, 0.528113999999988, -0.08712299999999118, -0.6144689999999855, 0.7917869999999994, 0.26444100000000503, 0.7038960000000145, -1.053923999999995, -0.17501400000000444, 1.2312420000000088, -1.5812699999999893, 177.98004300000002, 40.694300999999996, 26.016503999999998]","[0.0, 0.0, 0.0, 1.0, 0.0, 1.0, 1.0, 1.0, 1.0, 1.0, 0.0, 0.0, 0.0, 0.0, 0.0, 1.0]","[-9.0, 20.0, 17.0, 14.0, 0.0, 18.0, 10.0, 11.0, 14.0, 20.0, 11.0, -9.0, 12.0, 12.0, 10.0, -7.0]"
1,1791632349.7252207,"[-1.3175970000000063, -1.4054879999999912, 0.08865900000000693, 0.7917869999999994, -0.08712299999999118, -0.6144689999999855, 1.2312420000000088, 0.528113999999988, 1.6706969999999899, -1.053923999999995, -0.17501400000000444, 1.3191329999999937, -1.5812699999999893, 177.62847900000003, 40.95797400000001, 26.368067999999994]","[0.0, 0.0, 1.0, 1.0, 0.0, 0.0, 1.0, 1.0, 3.0, 1.0, 0.0, 0.0, 0.0, 0.0, 1.0, 1.0]","[-10.0, 37.0, 18.0, 16.0, 0.0, 31.0, 12.0, 14.0, 14.0, 35.0, 15.0, 9.0, 14.0, -15.0, 12.0, 15.0]"
1,1791632349.9490159,"[-2.372288999999995, -1.053923999999995, 0.8796780000000126, 1.582806000000005, -0.08712299999999118, -0.6144689999999855, 1.846478999999988, 1.6706969999999899, 2.725389000000007, -1.053923999999995, 0.26444100000000503, 1.582806000000005, -1.5812699999999893, 177.452697, 40.95797400000001, 27.159087]","[0.0, 1.0, 1.0, 1.0, 0.0, 1.0, 1.0, 2.0, 3.0, 1.0, 1.0, 1.0, 0.0, 0.0, 1.0, 1.0]","[-10.0, 53.0, 19.0, 16.0, 0.0, 48.0, 12.0, 12.0, 13.0, 55.0, 16.0, 11.0, 13.0, -23.0, 14.0, 15.0]"
1,1791632350.1749785,"[-3.426981000000012, 0.3523319999999899, 1.9343700000000013, 2.6374979999999937, -0.08712299999999118, 0.8796780000000126, 2.6374979999999937, 2.549607000000009, 3.7800809999999956, 0.08865900000000693, 1.6706969999999899, 2.0222610000000145, -1.5812699999999893, 177.101133, 42.188447999999994, 28.03799699999999]","[-2.0, 2.0, 3.0, 3.0, 0.0, 1.0, 1.0, 3.0, 2.0, 1.0, 4.0, 1.0, 0.0, 1.0, 2.0, 1.0]","[-10.0, 58.0, 18.0, 17.0, 0.0, 53.0, 13.0, 12.0, 13.0, 64.0, 16.0, 13.0, 13.0, -33.0, 14.0, 15.0]"
1,1791632350.395926,"[-4.305891000000003, 0.3523319999999899, 2.901171000000005, 3.6042989999999975, -0.08712299999999118, 2.4617159999999956, 3.5164080000000126, 3.5164080000000126, 3.7800809999999956, 0.08865900000000693, 2.2859339999999975, 2.901171000000005, -1.5812699999999893, 175.43120399999998, 43.155249, 29.268471000000005]","[0.0, 1.0, 3.0, 1.0, 0.0, -1.0, 1.0, 1.0, 1.0, 1.0, 2.0, 3.0, 0.0, -4.0, 3.0, 3.0]","[-10.0, 77.0, 19.0, 15.0, 0.0, 58.0, 13.0, 13.0, 15.0, 90.0, 17.0, 13.0, 12.0, -37.0, 13.0, 14.0]"
1,1791632350.621084,"[-5.360582999999991, 4.30742699999999, 3.7800809999999956, 4.6589910000000145, -0.08712299999999118, 4.834773000000013, 4.395318000000003, 4.571100000000001, 5.713683000000003, 4.395318000000003, 3.164843999999988, 4.131644999999992, -1.5812699999999893, 173.14603799999998, 44.649395999999996, 30.147380999999996]","[-1.0, 12.0, 4.0, 3.0, 0.0, 9.0, 2.0, 4.0, 4.0, 15.0, 6.0, 1.0, 0.0, 0.0, 4.0, 1.0]","[-10.0, 53.0, 19.0, 16.0, 0.0, 49.0, 14.0, 13.0, 14.0, 51.0, 16.0, 13.0, 13.0, -36.0, 13.0, 14.0]"
1,1791632350.8468113,"[-5.975819999999999, 5.713683000000003, 4.834773000000013, 5.713683000000003, -0.08712299999999118, 6.592592999999994, 5.362119000000007, 5.274227999999994, 6.504702000000009, 6.2410289999999975, 4.30742699999999, 4.9226639999999975, -1.5812699999999893, 170.94876299999999, 44.649395999999996, 31.202073000000013]","[0.0, 2.0, 1.0, 1.0, 0.0, 1.0, 2.0, 1.0, 1.0, 5.0, 1.0, 1.0, 0.0, -7.0, 1.0, 1.0]","[-12.0, 66.0, 20.0, 16.0, 0.0, 56.0, 13.0, 14.0, 14.0, 59.0, 17.0, 14.0, 12.0, -29.0, 16.0, 14.0]"
1,1791632351.0708084,"[-7.2062939999999855, 8.789868000000013, 5.889465000000001, 6.680484000000007, -0.08712299999999118, 8.701977, 6.416810999999996, 6.856266000000005, 7.2957210000000146, 8.701977, 5.537901000000005, 6.2410289999999975, -1.5812699999999893, 169.27883400000002, 46.582998, 32.256765]","[-1.0, 6.0, 1.0, 4.0, 0.0, 3.0, 4.0, 4.0, 7.0, 5.0, 3.0, 3.0, 0.0, 0.0, 5.0, 2.0]","[-11.0, 51.0, 20.0, 16.0, 0.0, 55.0, 12.0, 11.0, 14.0, 53.0, 16.0, 13.0, 13.0, -37.0, 13.0, 15.0]"
1,1791632351.293643,"[-8.260986000000003, 10.108233000000013, 6.592592999999994, 7.647285000000011, -0.08712299999999118, 10.723469999999992, 7.2957210000000146, 7.735175999999996, 8.614086000000015, 9.668778000000003, 6.153138000000013, 7.207830000000001, -1.5812699999999893, 168.57570600000003, 47.54979900000001, 33.223566000000005]","[-2.0, 1.0, 7.0, 2.0, 0.0, 2.0, 2.0, 1.0, 1.0, 1.0, 6.0, 2.0, 0.0, 0.0, 2.0, 1.0]","[-10.0, 62.0, 19.0, 16.0, 0.0, 52.0, 14.0, 12.0, 15.0, 67.0, 15.0, 12.0, 12.0, -48.0, 13.0, 14.0]"
1,1791632351.518801,"[-9.315677999999991, 10.196123999999998, 7.910957999999994, 8.701977, -0.08712299999999118, 10.723469999999992, 8.174631000000005, 8.701977, 9.405104999999992, 9.668778000000003, 7.471503000000013, 8.086739999999992, -1.5812699999999893, 167.43312300000002, 48.34081800000001, 34.36614900000001]","[-1.0, 1.0, 2.0, 1.0, 0.0, 1.0, 3.0, 1.0, 3.0, 1.0, 3.0, 5.0, 0.0, -11.0, 1.0, 3.0]","[-10.0, 86.0, 19.0, 16.0, 0.0, 79.0, 14.0, 13.0, 14.0, 95.0, 14.0, 12.0, 12.0, -50.0, 13.0, 14.0]"
1,1791632351.7408984,"[-10.19458800000001, 14.151218999999998, 8.877758999999998, 9.756668999999988, -0.08712299999999118, 14.678564999999992, 9.317214000000007, 9.58088699999999, 10.635579000000007, 13.711763999999988, 8.438303999999988, 9.229322999999994, -1.5812699999999893, 163.829592, 49.219728, 35.33295000000001]","[0.0, 5.0, 3.0, 3.0, 0.0, 10.0, 1.0, 1.0, 3.0, 21.0, 3.0, 3.0, 0.0, -1.0, 6.0, 3.0]","[-10.0, 61.0, 20.0, 16.0, 0.0, 50.0, 13.0, 13.0, 14.0, 57.0, 16.0, 13.0, 12.0, -40.0, 14.0, 14.0]"
1,1791632351.9626555,"[-10.897716000000003, 15.645365999999996, 9.932451000000015, 10.723469999999992, -0.08712299999999118, 16.524276000000015, 10.28401500000001, 10.723469999999992, 11.514488999999998, 14.678564999999992, 9.229322999999994, 10.020342, -1.5812699999999893, 161.720208, 50.362311000000005, 36.21186]","[-2.0, 5.0, 3.0, 3.0, 0.0, 3.0, 1.0, 1.0, 1.0, 1.0, 1.0, 2.0, 0.0, -4.0, 1.0, 2.0]","[-11.0, 66.0, 19.0, 16.0, 0.0, 55.0, 14.0, 13.0, 14.0, 81.0, 17.0, 12.0, 13.0, -38.0, 14.0, 14.0]"
1,1791632352.1906993,"[-12.12818999999999, 18.282095999999996, 10.987143000000003, 11.60238000000001, -0.08712299999999118, 18.721551000000005, 11.338707, 11.60238000000001, 12.657072, 18.545769000000007, 10.459797000000009, 11.075033999999988, -1.5812699999999893, 159.61082399999998, 51.065439, 37.26655199999999]","[-2.0, 3.0, 4.0, 3.0, 0.0, 5.0, 4.0, 1.0, 1.0, 10.0, 4.0, 3.0, 0.0, 0.0, 1.0, 2.0]","[-11.0, 56.0, 19.0, 15.0, 0.0, 50.0, 14.0, 12.0, 14.0, 56.0, 16.0, 13.0, 13.0, -37.0, 14.0, 14.0]"
1,1791632352.4117732,"[-13.007100000000008, 20.215698000000003, 11.778162000000009, 12.744963000000013, -0.08712299999999118, 20.567262, 12.305508000000003, 12.832853999999998, 13.623873000000003, 19.248897, 11.338707, 12.129726000000005, -1.5812699999999893, 157.50144, 52.29591300000001, 38.233352999999994]","[0.0, 3.0, 1.0, 2.0, 0.0, 2.0, 1.0, 3.0, 2.0, 1.0, 1.0, 3.0, 0.0, -2.0, 3.0, 2.0]","[-11.0, 57.0, 20.0, 16.0, 0.0, 55.0, 14.0, 12.0, 14.0, 72.0, 16.0, 12.0, 13.0, -37.0, 14.0, 15.0]"
1,1791632352.6386926,"[-14.237573999999995, 22.237190999999996, 12.832853999999998, 13.53598199999999, -0.08712299999999118, 21.270389999999992, 13.272309000000007, 13.711763999999988, 14.414892000000009, 19.248897, 12.129726000000005, 12.92074500000001, -1.5812699999999893, 155.567838, 53.08693199999999, 39.375935999999996]","[0.0, 2.0, 1.0, 2.0, 0.0, 9.0, 1.0, 1.0, 2.0, 1.0, 3.0, 4.0, 0.0, -3.0, 1.0, 1.0]","[-10.0, 57.0, 19.0, 15.0, 0.0, 58.0, 14.0, 12.0, 15.0, 101.0, 17.0, 13.0, 12.0, -37.0, 14.0, 14.0]"
1,1791632352.860569,"[-15.204374999999999, 23.907119999999992, 13.887546000000015, 14.502782999999994, -0.08712299999999118, 25.137594000000007, 14.327000999999996, 14.85434699999999, 15.733257000000009, 24.698138999999998, 13.53598199999999, 13.799655000000001, -1.5812699999999893, 153.54634500000003, 54.317406000000005, 40.342737]","[-1.0, 7.0, 1.0, 4.0, 0.0, 1.0, 1.0, 3.0, 3.0, 13.0, 5.0, 0.0, 0.0, -3.0, 3.0, 2.0]","[-10.0, 58.0, 20.0, 16.0, 0.0, 50.0, 14.0, 12.0, 14.0, 49.0, 16.0, 14.0, 14.0, -35.0, 13.0, 14.0]"
1,1791632353.0850527,"[-16.434848999999986, 26.631741000000005, 15.030128999999988, 15.55747500000001, -0.08712299999999118, 25.225484999999992, 15.381693000000013, 16.084821000000005, 16.700058000000013, 26.895413999999988, 13.887546000000015, 14.85434699999999, -1.5812699999999893, 151.70063399999998, 54.317406000000005, 41.309538]","[-1.0, 9.0, 3.0, 1.0, 0.0, 1.0, 1.0, 1.0, 3.0, 3.0, 6.0, 3.0, 0.0, -4.0, 1.0, 3.0]","[-10.0, 50.0, 19.0, 15.0, 0.0, 69.0, 13.0, 12.0, 14.0, 53.0, 17.0, 16.0, 13.0, -36.0, 18.0, 14.0]"
1,1791632353.3088791,"[-17.313759000000005, 28.829015999999996, 15.909039000000007, 16.524276000000015, -0.08712299999999118, 29.268471000000005, 16.612167, 16.87584000000001, 17.578968000000003, 28.653233999999998, 15.55747500000001, 15.996929999999992, -1.5812699999999893, 150.382269, 56.163117, 42.27633900000001]","[-1.0, 3.0, 1.0, 3.0, 0.0, 4.0, 2.0, 1.0, 1.0, 1.0, 3.0, 2.0, 0.0, -1.0, 3.0, 1.0]","[-10.0, 50.0, 19.0, 16.0, 0.0, 43.0, 13.0, 13.0, 15.0, 55.0, 17.0, 12.0, 13.0, -41.0, 14.0, 15.0]"
1,1791632353.5345838,"[-18.54423299999999, 31.026291000000015, 17.227404000000007, 17.403186000000005, -0.08712299999999118, 30.323162999999994, 17.666858999999988, 18.106313999999998, 18.633659999999992, 28.653233999999998, 15.645365999999996, 16.787948999999998, -1.5812699999999893, 148.448667, 57.3057, 43.24314000000001]","[-2.0, 10.0, 4.0, 2.0, 0.0, 1.0, 3.0, 2.0, 1.0, 1.0, 1.0, 5.0, 0.0, 0.0, 3.0, 1.0]","[-10.0, 46.0, 17.0, 16.0, 0.0, 60.0, 13.0, 12.0, 14.0, 82.0, 19.0, 13.0, 12.0, -46.0, 14.0, 14.0]"
1,1791632353.757849,"[-19.511033999999995, 32.87200200000001, 18.19420500000001, 18.545769000000007, -0.08712299999999118, 33.31145699999999, 18.36998700000001, 18.985223999999988, 19.336788000000013, 33.13567499999999, 17.75475, 18.19420500000001, -1.5812699999999893, 146.07560999999998, 58.09671900000001, 44.297832]","[-1.0, 4.0, 3.0, 4.0, 0.0, 7.0, 3.0, 2.0, 7.0, 12.0, 6.0, 4.0, 0.0, -6.0, 1.0, 2.0]","[-10.0, 50.0, 18.0, 15.0, 0.0, 52.0, 14.0, 12.0, 14.0, 45.0, 14.0, 12.0, 13.0, -39.0, 14.0, 14.0]"
1,1791632353.978616,"[-20.565726000000012, 35.15716800000001, 19.248897, 19.51257000000001, -0.08712299999999118, 35.245059, 18.985223999999988, 19.952024999999992, 20.567262, 33.13567499999999, 18.633659999999992, 18.985223999999988, -1.5812699999999893, 143.614662, 59.41508400000001, 45.35252399999999]","[-2.0, 9.0, 2.0, 2.0, 0.0, 4.0, 1.0, 2.0, 1.0, 0.0, 1.0, 2.0, 0.0, -7.0, 5.0, 2.0]","[-9.0, 42.0, 17.0, 16.0, 0.0, 46.0, 16.0, 12.0, 14.0, 72.0, 15.0, 13.0, 13.0, -33.0, 14.0, 14.0]"
1,1791632354.2065778,"[-21.708308999999986, 37.178661000000005, 20.39148, 20.567262, -0.08712299999999118, 37.44233399999999, 20.039916000000005, 20.743043999999998, 21.885627, 37.354443, 19.864134000000007, 20.215698000000003, -1.5812699999999893, 141.50527799999998, 59.41508400000001, 46.23143400000001]","[-1.0, 5.0, 4.0, 3.0, 0.0, 3.0, 2.0, 1.0, 4.0, 13.0, 3.0, 2.0, 0.0, -1.0, 1.0, 3.0]","[-9.0, 48.0, 17.0, 15.0, 0.0, 47.0, 16.0, 12.0, 14.0, 44.0, 12.0, 12.0, 13.0, -38.0, 17.0, 14.0]"
1,1791632354.430443,"[-22.67510999999999, 39.28804500000001, 21.534063000000003, 21.709845, -0.08712299999999118, 39.551717999999994, 20.83093500000001, 21.973518000000013, 22.412972999999994, 38.497026000000005, 20.655153000000013, 21.182499000000007, -1.5812699999999893, 139.747458, 61.260795, 47.286125999999996]","[0.0, 6.0, 4.0, 2.0, 0.0, 3.0, 1.0, 2.0, 1.0, 2.0, 0.0, 1.0, 0.0, -6.0, 5.0, 2.0]","[-9.0, 42.0, 17.0, 16.0, 0.0, 44.0, 16.0, 12.0, 15.0, 56.0, 14.0, 14.0, 14.0, -38.0, 14.0, 14.0]"
1,1791632354.6510134,"[-23.81769299999999, 41.39742899999999, 22.500864000000007, 22.588754999999992, -0.08712299999999118, 41.836884, 21.885627, 23.116101000000015, 23.731337999999994, 41.92477500000001, 21.973518000000013, 22.32508200000001, -1.5812699999999893, 137.198619, 62.403378000000004, 48.34081800000001]","[0.0, 1.0, 1.0, 1.0, 0.0, 9.0, 3.0, 3.0, 5.0, 10.0, 4.0, 1.0, 0.0, -5.0, 2.0, 3.0]","[-9.0, 47.0, 18.0, 16.0, 0.0, 37.0, 16.0, 11.0, 14.0, 39.0, 14.0, 13.0, 12.0, -35.0, 13.0, 14.0]"
1,1791632354.8746517,"[-24.69660300000001, 43.59470400000001, 23.379773999999998, 23.379773999999998, -0.08712299999999118, 44.297832, 22.588754999999992, 24.08290199999999, 24.873920999999996, 43.770486000000005, 23.203992, 22.940318999999988, -1.5812699999999893, 135.265017, 63.37017900000001, 49.219728]","[0.0, 8.0, 1.0, 6.0, 0.0, 3.0, 1.0, 2.0, 1.0, 6.0, 4.0, 1.0, 1.0, -5.0, 2.0, 2.0]","[-9.0, 38.0, 17.0, 16.0, 0.0, 38.0, 17.0, 12.0, 14.0, 41.0, 15.0, 13.0, 13.0, -33.0, 14.0, 14.0]"
1,1791632355.1016796,"[-25.839186000000012, 46.143542999999994, 24.434466000000015, 24.698138999999998, -0.08712299999999118, 46.582998, 23.64344700000001, 24.96181200000001, 25.840722, 46.49510699999999, 23.731337999999994, 24.170793000000003, -1.5812699999999893, 132.628287, 64.424871, 50.18652900000001]","[-2.0, 3.0, 3.0, 2.0, 0.0, 8.0, 3.0, 1.0, 1.0, 5.0, 5.0, 2.0, 0.0, -3.0, 1.0, 1.0]","[-8.0, 37.0, 17.0, 16.0, 0.0, 35.0, 17.0, 11.0, 13.0, 34.0, 14.0, 12.0, 13.0, -29.0, 14.0, 14.0]"
1,1791632355.3227766,"[-26.981768999999986, 48.252927, 25.40126699999999, 25.66494, -0.08712299999999118, 48.604490999999996, 24.873920999999996, 26.10439500000001, 26.983305, 48.077145, 25.137594000000007, 25.489158000000003, -1.5812699999999893, 130.694685, 64.424871, 51.15333000000001]","[-2.0, 5.0, 2.0, 4.0, 0.0, 4.0, 4.0, 2.0, 1.0, 3.0, 1.0, 2.0, 0.0, -3.0, 1.0, 2.0]","[0.0, 37.0, 18.0, 16.0, 0.0, 36.0, 16.0, 12.0, 0.0, 42.0, 14.0, 11.0, 13.0, -31.0, 16.0, 15.0]"
1,1791632355.5467772,"[-27.94856999999999, 50.362311000000005, 26.368067999999994, 26.71963199999999, -0.08712299999999118, 50.801766000000015, 25.840722, 26.983305, 27.950106000000005, 51.065439, 26.10439500000001, 26.455959000000007, -1.5812699999999893, 128.49741, 66.44636400000002, 52.29591300000001]","[0.0, 1.0, 1.0, 3.0, 0.0, 8.0, 2.0, 1.0, 1.0, 7.0, 1.0, 4.0, 0.0, 0.0, 5.0, 2.0]","[0.0, 36.0, 19.0, 15.0, 0.0, 31.0, 15.0, 11.0, 0.0, 33.0, 13.0, 11.0, 12.0, -29.0, 13.0, 15.0]"
1,1791632355.774386,"[-28.82748000000001, 52.735367999999994, 27.334868999999998, 27.774324000000007, -0.08712299999999118, 52.999041000000005, 27.071196000000015, 27.774324000000007, 29.092689000000007, 52.383804, 27.246978000000013, 27.686432999999994, -1.4933790000000045, 127.003263, 67.58894699999999, 53.26271400000002]","[0.0, 9.0, 1.0, 3.0, 0.0, 2.0, 1.0, 1.0, 1.0, 1.0, 3.0, 3.0, 0.0, 0.0, 3.0, 2.0]","[-8.0, 31.0, 17.0, 16.0, 0.0, 34.0, 14.0, 12.0, -14.0, 36.0, 13.0, 12.0, 12.0, -34.0, 12.0, 14.0]"
1,1791632355.99841,"[-29.882171999999997, 55.28420700000001, 28.389561000000015, 28.829015999999996, -0.08712299999999118, 55.372097999999994, 28.213778999999988, 29.004797999999994, 30.05949000000001, 55.020534, 28.213778999999988, 28.74112500000001, -1.4933790000000045, 125.15755200000001, 68.555748, 54.14162400000001]","[-2.0, 3.0, 2.0, 1.0, 0.0, 5.0, 1.0, 6.0, 0.0, 7.0, 1.0, 2.0, 1.0, -2.0, 1.0, 1.0]","[-10.0, 31.0, 18.0, 16.0, 0.0, 27.0, 15.0, 12.0, 0.0, 29.0, 13.0, 12.0, 12.0, -32.0, 13.0, 15.0]"
1,1791632356.2194183,"[-30.936863999999986, 57.21780900000002, 29.444253000000003, 29.883708000000013, 0.0007679999999936626, 57.56937300000001, 29.444253000000003, 29.971598999999998, 31.114182, 56.42679000000001, 29.444253000000003, 29.795817, -1.4933790000000045, 123.39973200000003, 69.43465800000001, 55.28420700000001]","[0.0, 6.0, 3.0, 3.0, 1.0, 6.0, 3.0, 1.0, 0.0, 1.0, 1.0, 2.0, 0.0, -1.0, 1.0, 3.0]","[0.0, 32.0, 17.0, 15.0, -8.0, 27.0, 14.0, 11.0, -13.0, 37.0, 12.0, 10.0, 12.0, -37.0, 13.0, 14.0]"
1,1791632356.4446247,"[-31.90366499999999, 59.41508400000001, 30.586836000000005, 30.9384, 0.0007679999999936626, 59.67875699999999, 30.586836000000005, 31.202073000000013, 32.080983, 58.799847, 30.23527200000001, 30.762618000000003, -1.4933790000000045, 120.49932899999999, 70.57724100000001, 56.338899]","[-1.0, 3.0, 2.0, 1.0, 1.0, 7.0, 3.0, 2.0, 1.0, 12.0, 1.0, 1.0, 0.0, -10.0, 6.0, 2.0]","[-9.0, 31.0, 17.0, 14.0, -6.0, 26.0, 13.0, 11.0, -5.0, 30.0, 14.0, 12.0, 12.0, -27.0, 13.0, 13.0]"
1,1791632356.670378,"[-32.87046599999999, 61.612359, 31.641527999999994, 31.99309199999999, -0.08712299999999118, 62.13970499999999, 31.729419000000007, 31.99309199999999, 33.04778400000001, 61.612359, 31.55363700000001, 31.817309999999992, -1.4933790000000045, 118.38994500000001, 71.89560600000002, 57.21780900000002]","[0.0, 7.0, 2.0, 2.0, 0.0, 4.0, 3.0, 1.0, 1.0, 1.0, 2.0, 2.0, 0.0, -1.0, 4.0, 1.0]","[-8.0, 25.0, 16.0, 15.0, 0.0, 25.0, 12.0, 12.0, 0.0, 28.0, 13.0, 11.0, 14.0, -27.0, 12.0, 14.0]"
1,1791632356.893939,"[-34.013048999999995, 64.073307, 32.69622000000001, 32.959892999999994, -0.08712299999999118, 64.51276200000001, 32.784110999999996, 33.13567499999999, 34.102475999999996, 63.985416000000015, 32.608329, 32.52043800000001, -1.4933790000000045, 116.10477900000001, 72.774516, 58.36039199999999]","[-1.0, 5.0, 3.0, 1.0, 0.0, 5.0, 3.0, 2.0, 1.0, 4.0, 3.0, 1.0, 0.0, -4.0, 3.0, 1.0]","[-1.0, 22.0, 16.0, 15.0, 0.0, 20.0, 12.0, 11.0, -7.0, 25.0, 11.0, 12.0, 12.0, -25.0, 11.0, 15.0]"
1,1791632357.1173837,"[-35.06774100000001, 66.09479999999999, 33.83880300000001, 34.102475999999996, 0.0007679999999936626, 65.743236, 33.399348, 33.926694, 35.069277, 66.00690900000001, 33.663021000000015, 33.663021000000015, -1.4933790000000045, 113.90750400000002, 74.00498999999999, 59.327192999999994]","[0.0, 7.0, 3.0, 3.0, 0.0, 1.0, 1.0, 1.0, 1.0, 2.0, 1.0, 3.0, 1.0, -3.0, 2.0, 2.0]","[0.0, 21.0, 16.0, 14.0, -3.0, 27.0, 14.0, 11.0, 0.0, 26.0, 12.0, 11.0, 13.0, -25.0, 12.0, 15.0]"
1,1791632357.339514,"[-35.946651, 68.46785700000001, 34.80560399999999, 35.069277, -0.08712299999999118, 66.00690900000001, 33.57513, 34.36614900000001, 36.036078, 68.46785700000001, 34.80560399999999, 34.717713, -1.4933790000000045, 111.62233800000001, 75.05968200000001, 60.469775999999996]","[-1.0, 3.0, 1.0, 3.0, 1.0, 1.0, 1.0, 1.0, 0.0, 8.0, 3.0, 3.0, 1.0, -6.0, 2.0, 2.0]","[-9.0, 23.0, 16.0, 14.0, -5.0, 39.0, 17.0, 14.0, -9.0, 22.0, 11.0, 11.0, 13.0, -21.0, 11.0, 14.0]"
1,1791632357.5637653,"[-37.00134299999999, 70.57724100000001, 36.036078, 35.94818699999999, -0.08712299999999118, 66.358473, 33.663021000000015, 35.069277, 37.00287900000001, 70.57724100000001, 35.77240499999999, 34.717713, -1.4933790000000045, 109.688736, 76.114374, 61.52446800000001]","[-2.0, 7.0, 4.0, 1.0, 1.0, 1.0, 0.0, 1.0, 1.0, 3.0, 3.0, 1.0, 1.0, -2.0, 1.0, 2.0]","[0.0, 22.0, 15.0, 16.0, -7.0, 55.0, 21.0, 14.0, 0.0, 22.0, 11.0, 14.0, 11.0, -22.0, 11.0, 14.0]"
1,1791632357.7866657,"[-37.88025300000001, 73.21397100000002, 37.26655199999999, 36.82709700000001, 0.0007679999999936626, 66.885819, 33.83880300000001, 35.596622999999994, 38.057570999999996, 72.774516, 36.914987999999994, 36.563424, -1.4933790000000045, 107.57935200000003, 77.256957, 62.403378000000004]","[0.0, 5.0, 4.0, 1.0, 1.0, 1.0, 1.0, 1.0, 1.0, 5.0, 3.0, 3.0, 1.0, -7.0, 3.0, 3.0]","[-9.0, 18.0, 15.0, 15.0, -12.0, 75.0, 28.0, 17.0, 0.0, 20.0, 11.0, 12.0, 13.0, -20.0, 11.0, 14.0]"
1,1791632358.014604,"[-38.847053999999986, 75.411246, 38.233352999999994, 37.96968000000001, 0.0007679999999936626, 66.885819, 33.750912, 36.299751000000015, 39.024372, 74.796009, 38.057570999999996, 37.354443, -1.4933790000000045, 105.99731400000002, 77.608521, 63.106505999999996]","[0.0, 5.0, 1.0, 3.0, 0.0, 1.0, 0.0, 0.0, 1.0, 1.0, 3.0, 1.0, 0.0, 0.0, 1.0, 1.0]","[-9.0, 16.0, 15.0, 14.0, -11.0, 107.0, 34.0, 16.0, 0.0, 21.0, 10.0, 12.0, 12.0, -26.0, 15.0, 14.0]"
1,1791632358.2379196,"[-39.98963699999999, 77.87219399999998, 39.46382700000001, 38.76069899999999, 0.08865900000000693, 65.919018, 33.663021000000015, 36.299751000000015, 39.991173, 76.905393, 39.11226300000001, 38.58491699999999, -1.5812699999999893, 105.29418600000002, 77.608521, 63.282287999999994]","[0.0, 6.0, 3.0, 1.0, 1.0, 0.0, 0.0, 1.0, 1.0, 7.0, 1.0, 1.0, 0.0, 0.0, 1.0, 1.0]","[-9.0, 15.0, 14.0, 16.0, 0.0, 12.0, 10.0, 0.0, 13.0, 18.0, 10.0, 12.0, 13.0, -33.0, 18.0, 17.0]"
1,1791632358.4611278,"[-40.604873999999995, 79.98157800000001, 40.60641000000001, 39.90328199999999, 0.08865900000000693, 65.919018, 33.663021000000015, 36.299751000000015, 40.95797400000001, 79.27845000000002, 39.991173, 39.63960900000001, -1.5812699999999893, 105.29418600000002, 77.69641200000001, 63.545961000000005]","[0.0, 6.0, 3.0, 4.0, 1.0, 0.0, 0.0, 0.0, 3.0, 1.0, 1.0, 3.0, 0.0, 0.0, 1.0, 1.0]","[-9.0, 15.0, 15.0, 14.0, 0.0, 12.0, 9.0, 0.0, 13.0, 18.0, 11.0, 12.0, 13.0, -34.0, 23.0, 21.0]"
1,1791632358.6846092,"[-42.01113000000001, 82.26674400000002, 41.573211000000015, 40.694300999999996, 0.08865900000000693, 65.919018, 33.663021000000015, 36.299751000000015, 41.661102, 81.56361600000002, 41.22164699999999, 40.78219200000001, -1.6691610000000026, 105.469968, 77.69641200000001, 63.545961000000005]","[0.0, 4.0, 2.0, 1.0, 1.0, 0.0, 0.0, 0.0, 1.0, 6.0, 3.0, 2.0, 0.0, 1.0, 1.0, 1.0]","[0.0, 14.0, 14.0, 16.0, 0.0, 12.0, 9.0, 0.0, 14.0, 16.0, 10.0, 11.0, 8.0, -10.0, 11.0, 13.0]"
1,1791632358.9067917,"[-43.065822, 84.55191000000002, 42.71579399999999, 41.74899300000001, 0.08865900000000693, 65.919018, 33.663021000000015, 36.299751000000015, 43.06735800000001, 83.84878200000003, 42.36422999999999, 41.661102, -1.6691610000000026, 105.469968, 77.69641200000001, 63.545961000000005]","[0.0, 4.0, 1.0, 3.0, 1.0, 0.0, 0.0, 0.0, 3.0, 3.0, 2.0, 1.0, 0.0, 1.0, 1.0, 0.0]","[0.0, 14.0, 14.0, 16.0, 0.0, 12.0, 10.0, 0.0, 0.0, 15.0, 9.0, 11.0, 8.0, -10.0, 10.0, 13.0]"
1,1791632359.1339722,"[-44.032623, 86.74918500000001, 43.68259499999999, 42.891576000000015, 0.08865900000000693, 65.919018, 33.663021000000015, 36.299751000000015, 44.03415899999999, 86.04605700000002, 43.331030999999996, 42.803685, -1.6691610000000026, 105.469968, 77.69641200000001, 63.545961000000005]","[0.0, 4.0, 2.0, 1.0, 1.0, 0.0, 0.0, 0.0, 3.0, 4.0, 1.0, 2.0, 0.0, 1.0, 1.0, 1.0]","[0.0, 13.0, 14.0, 15.0, 0.0, 12.0, 10.0, 0.0, 0.0, 15.0, 9.0, 10.0, 8.0, -10.0, 10.0, 13.0]"
1,1791632359.3558657,"[-45.08731499999999, 88.68278700000002, 44.825177999999994, 43.06735800000001, 0.08865900000000693, 65.919018, 33.663021000000015, 36.299751000000015, 44.91306900000001, 88.24333200000001, 44.473614, 43.85837699999999, -1.6691610000000026, 105.469968, 77.69641200000001, 63.545961000000005]","[0.0, 5.0, 3.0, 1.0, 1.0, 0.0, 0.0, 0.0, 1.0, 3.0, 1.0, 2.0, 0.0, 1.0, 1.0, 1.0]","[0.0, 12.0, 13.0, 18.0, 0.0, 12.0, 9.0, 0.0, 0.0, 13.0, 9.0, 11.0, 10.0, -10.0, 10.0, 14.0]"
1,1791632359.5814588,"[-46.05411599999999, 89.03435100000002, 45.616197, 45.088851000000005, 0.08865900000000693, 65.919018, 33.663021000000015, 36.299751000000015, 46.05565200000001, 88.41911399999998, 45.35252399999999, 45.00095999999999, -1.6691610000000026, 105.469968, 77.69641200000001, 63.545961000000005]","[0.0, 0.0, 1.0, 5.0, 1.0, 0.0, 0.0, 0.0, 0.0, 1.0, 1.0, 2.0, 1.0, 1.0, 1.0, 0.0]","[0.0, 12.0, 15.0, 14.0, 0.0, 12.0, 10.0, 0.0, -6.0, 14.0, 9.0, 10.0, 8.0, -10.0, 9.0, 14.0]"
1,1791632359.8041313,"[-47.020917, 88.94646, 46.75878, 45.967760999999996, 0.08865900000000693, 65.919018, 33.663021000000015, 36.299751000000015, 47.02245300000001, 88.41911399999998, 46.49510699999999, 45.87987000000001, -1.6691610000000026, 105.469968, 77.69641200000001, 63.545961000000005]","[0.0, 0.0, 3.0, 1.0, 1.0, 0.0, 0.0, 0.0, 0.0, 0.0, 3.0, 1.0, 1.0, 1.0, 1.0, 1.0]","[0.0, 12.0, 14.0, 16.0, 0.0, 12.0, 10.0, 0.0, -14.0, 14.0, 9.0, 11.0, 9.0, -11.0, 10.0, 13.0]"
1,1791632360.0274239,"[-47.54826299999999, 89.03435100000002, 47.63768999999999, 47.19823500000001, 0.08865900000000693, 65.919018, 33.663021000000015, 36.299751000000015, 48.077145, 88.41911399999998, 47.54979900000001, 47.110344, -1.6691610000000026, 105.469968, 77.69641200000001, 63.545961000000005]","[0.0, 0.0, 1.0, 1.0, 1.0, 0.0, 0.0, 0.0, 1.0, 1.0, 4.0, 2.0, 1.0, 1.0, 1.0, 1.0]","[-9.0, 12.0, 14.0, 16.0, 0.0, 12.0, 10.0, 0.0, -14.0, 13.0, 9.0, 11.0, 11.0, -11.0, 9.0, 13.0]"
1,1791632360.252893,"[-49.04240999999999, 89.03435100000002, 48.51660000000001, 48.252927, 0.08865900000000693, 65.919018, 33.663021000000015, 36.299751000000015, 49.043946000000005, 88.41911399999998, 48.51660000000001, 48.077145, -1.6691610000000026, 105.469968, 77.69641200000001, 63.545961000000005]","[-2.0, 1.0, 1.0, 2.0, 1.0, 0.0, 0.0, 1.0, 1.0, 1.0, 2.0, 4.0, 1.0, 1.0, 1.0, 1.0]","[0.0, 12.0, 14.0, 14.0, 0.0, 13.0, 10.0, 0.0, -14.0, 13.0, 10.0, 9.0, 8.0, -11.0, 10.0, 14.0]"
1,1791632360.4780374,"[-49.833428999999995, 89.03435100000002, 49.571292, 49.39551, 0.08865900000000693, 65.919018, 33.663021000000015, 36.299751000000015, 50.01074700000001, 88.41911399999998, 49.39551, 48.95605499999999, -1.6691610000000026, 105.469968, 77.69641200000001, 63.545961000000005]","[0.0, 1.0, 1.0, 4.0, 1.0, 0.0, 0.0, 0.0, 1.0, 0.0, 3.0, 1.0, 1.0, 1.0, 1.0, 1.0]","[-9.0, 11.0, 14.0, 15.0, 0.0, 12.0, 10.0, 0.0, -14.0, 14.0, 9.0, 10.0, 9.0, -11.0, 10.0, 14.0]"
1,1791632360.7006433,"[-50.80023, 89.03435100000002, 50.538093, 50.538093, 0.08865900000000693, 65.919018, 33.663021000000015, 36.299751000000015, 51.15333000000001, 88.41911399999998, 50.362311000000005, 50.098637999999994, -1.6691610000000026, 105.469968, 77.69641200000001, 63.545961000000005]","[0.0, 1.0, 1.0, 3.0, 1.0, 0.0, 0.0, 0.0, 1.0, 0.0, 2.0, 4.0, 1.0, 1.0, 1.0, 1.0]","[-8.0, 12.0, 14.0, 14.0, 0.0, 12.0, 10.0, 0.0, -13.0, 14.0, 9.0, 10.0, 10.0, -10.0, 10.0, 13.0]"
1,1791632360.9234364,"[-51.767031, 89.03435100000002, 51.50489400000001, 51.50489400000001, 0.08865900000000693, 65.919018, 33.663021000000015, 36.299751000000015, 52.03224, 88.41911399999998, 51.417002999999994, 50.889657, -1.6691610000000026, 105.469968, 77.69641200000001, 63.545961000000005]","[-1.0, 1.0, 3.0, 3.0, 1.0, 0.0, 0.0, 0.0, 0.0, 1.0, 1.0, 3.0, 1.0, 1.0, 1.0, 0.0]","[-9.0, 13.0, 15.0, 14.0, 0.0, 12.0, 9.0, 0.0, 0.0, 13.0, 9.0, 10.0, 8.0, -11.0, 10.0, 14.0]"
1,1791632361.1499898,"[-52.73383199999999, 89.03435100000002, 52.29591300000001, 52.559585999999996, 0.08865900000000693, 65.919018, 33.663021000000015, 36.299751000000015, 53.174823, 88.41911399999998, 52.29591300000001, 51.94434900000002, -1.6691610000000026, 105.469968, 77.69641200000001, 63.545961000000005]","[-2.0, 1.0, 1.0, 3.0, 1.0, 0.0, 0.0, 0.0, 1.0, 0.0, 1.0, 1.0, 1.0, 1.0, 1.0, 1.0]","[-9.0, 12.0, 15.0, 14.0, 0.0, 12.0, 9.0, 0.0, -9.0, 13.0, 9.0, 11.0, 10.0, -10.0, 9.0, 14.0]"
1,1791632361.373919,"[-53.788523999999995, 89.03435100000002, 53.438496000000015, 53.526387, 0.08865900000000693, 65.919018, 33.663021000000015, 36.299751000000015, 54.053732999999994, 88.41911399999998, 53.526387, 52.999041000000005, -1.6691610000000026, 105.469968, 77.69641200000001, 63.545961000000005]","[-1.0, 1.0, 3.0, 2.0, 1.0, 0.0, 0.0, 0.0, 1.0, 1.0, 3.0, 3.0, 1.0, 1.0, 1.0, 0.0]","[-9.0, 12.0, 14.0, 14.0, 0.0, 12.0, 10.0, 0.0, -1.0, 13.0, 9.0, 10.0, 9.0, -10.0, 10.0, 14.0]"
1,1791632361.5959575,"[-54.491652, 89.03435100000002, 54.40529699999999, 54.317406000000005, 0.08865900000000693, 65.919018, 33.663021000000015, 36.299751000000015, 55.10842500000001, 88.41911399999998, 54.317406000000005, 53.79006000000001, -1.6691610000000026, 105.469968, 77.69641200000001, 63.545961000000005]","[0.0, 1.0, 1.0, 1.0, 1.0, 0.0, 0.0, 0.0, 1.0, 1.0, 1.0, 1.0, 1.0, 1.0, 1.0, 1.0]","[-9.0, 11.0, 15.0, 14.0, 0.0, 12.0, 9.0, 0.0, -14.0, 13.0, 10.0, 10.0, 9.0, -10.0, 10.0, 13.0]"
1,1791632361.8200657,"[-55.546344000000005, 89.03435100000002, 55.635771000000005, 55.54787999999999, 0.08865900000000693, 65.919018, 33.663021000000015, 36.299751000000015, 56.075226000000015, 88.41911399999998, 55.28420700000001, 55.020534, -1.6691610000000026, 105.469968, 77.69641200000001, 63.545961000000005]","[-1.0, 1.0, 4.0, 2.0, 1.0, 0.0, 0.0, 0.0, 0.0, 1.0, 2.0, 1.0, 1.0, 1.0, 1.0, 1.0]","[-11.0, 12.0, 14.0, 15.0, 0.0, 12.0, 10.0, 0.0, -4.0, 13.0, 10.0, 10.0, 8.0, -10.0, 10.0, 14.0]"
1,1791632362.0427532,"[-56.425253999999995, 89.03435100000002, 56.514680999999996, 56.338899, 0.08865900000000693, 65.919018, 33.663021000000015, 36.299751000000015, 56.954136000000005, 88.41911399999998, 56.075226000000015, 55.89944400000002, -1.6691610000000026, 105.469968, 77.69641200000001, 63.545961000000005]","[0.0, 1.0, 1.0, 2.0, 1.0, 0.0, 0.0, 0.0, 0.0, 1.0, 1.0, 1.0, 1.0, 1.0, 1.0, 1.0]","[-10.0, 12.0, 14.0, 13.0, 0.0, 12.0, 9.0, 0.0, 0.0, 13.0, 11.0, 11.0, 8.0, -10.0, 10.0, 14.0]"
1,1791632362.268804,"[-57.128382, 89.03435100000002, 57.3057, 57.129918, 0.08865900000000693, 65.919018, 33.663021000000015, 36.299751000000015, 58.008827999999994, 88.41911399999998, 57.3057, 56.86624499999999, -1.6691610000000026, 105.469968, 77.69641200000001, 63.545961000000005]","[-2.0, 1.0, 1.0, 1.0, 1.0, 0.0, 0.0, 0.0, 1.0, 1.0, 3.0, 3.0, 1.0, 1.0, 1.0, 1.0]","[-10.0, 13.0, 15.0, 14.0, 0.0, 12.0, 10.0, 0.0, -12.0, 14.0, 9.0, 10.0, 9.0, -10.0, 9.0, 14.0]"
1,1791632362.4937837,"[-58.71042, 89.03435100000002, 58.448283, 57.92093700000001, 0.08865900000000693, 65.919018, 33.663021000000015, 36.299751000000015, 58.975629, 88.41911399999998, 58.09671900000001, 58.008827999999994, -1.6691610000000026, 105.469968, 77.69641200000001, 63.545961000000005]","[-2.0, 1.0, 3.0, 1.0, 1.0, 0.0, 0.0, 0.0, 1.0, 1.0, 2.0, 1.0, 1.0, 1.0, 1.0, 1.0]","[-9.0, 12.0, 15.0, 15.0, 0.0, 12.0, 10.0, 0.0, 0.0, 13.0, 10.0, 9.0, 9.0, -10.0, 10.0, 14.0]"
1,1791632362.7177896,"[-59.41354799999999, 89.03435100000002, 58.799847, 58.272501000000005, 0.08865900000000693, 65.919018, 33.663021000000015, 36.299751000000015, 59.94243, 88.41911399999998, 59.06352000000001, 58.799847, -1.6691610000000026, 105.469968, 77.69641200000001, 63.545961000000005]","[-1.0, 1.0, 1.0, 2.0, 1.0, 0.0, 0.0, 0.0, 1.0, 1.0, 3.0, 1.0, 1.0, 0.0, 1.0, 1.0]","[-10.0, 11.0, 16.0, 17.0, 0.0, 12.0, 9.0, 0.0, 0.0, 13.0, 10.0, 11.0, 10.0, -11.0, 10.0, 14.0]"
1,1791632362.9395216,"[-61.083477, 89.03435100000002, 59.41508400000001, 58.36039199999999, 0.08865900000000693, 65.919018, 33.663021000000015, 36.299751000000015, 60.99712199999999, 88.41911399999998, 60.293994, 58.88773800000001, -1.6691610000000026, 105.469968, 77.69641200000001, 63.545961000000005]","[-4.0, 1.0, 1.0, 0.0, 1.0, 0.0, 0.0, 0.0, 1.0, 1.0, 3.0, 1.0, 1.0, 0.0, 1.0, 1.0]","[0.0, 12.0, 17.0, 18.0, 0.0, 11.0, 9.0, 0.0, 0.0, 13.0, 10.0, 10.0, 9.0, -10.0, 10.0, 14.0]"
1,1791632363.163606,"[-61.96238699999999, 89.03435100000002, 60.030321000000015, 58.36039199999999, 0.08865900000000693, 65.919018, 33.663021000000015, 36.299751000000015, 61.963922999999994, 88.41911399999998, 61.436577, 58.88773800000001, -1.6691610000000026, 105.469968, 77.69641200000001, 63.545961000000005]","[-2.0, 1.0, 0.0, 1.0, 1.0, 0.0, 0.0, 0.0, 1.0, 1.0, 1.0, 1.0, 1.0, 0.0, 1.0, 1.0]","[-9.0, 11.0, 18.0, 17.0, 0.0, 12.0, 10.0, 0.0, 0.0, 12.0, 9.0, 11.0, 8.0, -11.0, 10.0, 14.0]"
1,1791632363.3891637,"[-62.929187999999996, 89.03435100000002, 60.73344900000001, 58.36039199999999, 0.08865900000000693, 65.919018, 33.663021000000015, 36.299751000000015, 62.84283300000001, 88.41911399999998, 62.403378000000004, 58.88773800000001, -1.6691610000000026, 105.469968, 77.69641200000001, 63.545961000000005]","[0.0, 1.0, 1.0, 1.0, 1.0, 0.0, 0.0, 0.0, 1.0, 1.0, 1.0, 1.0, 1.0, 0.0, 1.0, 1.0]","[0.0, 12.0, 20.0, 17.0, 0.0, 11.0, 9.0, 0.0, 8.0, 13.0, 9.0, 10.0, 9.0, -10.0, 9.0, 13.0]"
1,1791632363.611423,"[-63.98388, 89.21013299999998, 61.87603200000001, 58.36039199999999, 0.08865900000000693, 65.919018, 33.663021000000015, 36.299751000000015, 63.985416000000015, 88.41911399999998, 63.45806999999999, 58.88773800000001, -1.6691610000000026, 105.469968, 77.69641200000001, 63.545961000000005]","[0.0, 2.0, 3.0, 1.0, 1.0, 0.0, 0.0, 0.0, 1.0, 1.0, 1.0, 1.0, 1.0, 0.0, 1.0, 1.0]","[0.0, 11.0, 19.0, 16.0, 0.0, 12.0, 9.0, 0.0, 0.0, 13.0, 10.0, 10.0, 9.0, -10.0, 10.0, 13.0]"
1,1791632363.83638,"[-64.950681, 89.21013299999998, 62.754942, 58.36039199999999, 0.08865900000000693, 65.919018, 33.663021000000015, 36.299751000000015, 64.95221699999999, 88.41911399999998, 64.424871, 58.88773800000001, -1.6691610000000026, 105.469968, 77.69641200000001, 63.545961000000005]","[0.0, 1.0, 3.0, 1.0, 1.0, 0.0, 0.0, 0.0, 1.0, 1.0, 3.0, 1.0, 1.0, 0.0, 1.0, 1.0]","[0.0, 11.0, 20.0, 18.0, 0.0, 12.0, 10.0, 0.0, 0.0, 13.0, 10.0, 10.0, 9.0, -10.0, 10.0, 13.0]"
1,1791632364.0597062,"[-65.91748199999999, 89.21013299999998, 63.721743000000004, 58.36039199999999, 0.08865900000000693, 65.919018, 33.663021000000015, 36.299751000000015, 65.919018, 88.41911399999998, 65.30378100000001, 58.88773800000001, -1.6691610000000026, 105.469968, 77.69641200000001, 63.545961000000005]","[0.0, 1.0, 2.0, 1.0, 1.0, 0.0, 0.0, 0.0, 1.0, 1.0, 2.0, 1.0, 1.0, 0.0, 1.0, 1.0]","[0.0, 12.0, 20.0, 17.0, 0.0, 12.0, 10.0, 0.0, 0.0, 14.0, 10.0, 11.0, 9.0, -11.0, 10.0, 14.0]"
1,1791632364.2844923,"[-66.972174, 89.21013299999998, 64.68854400000001, 58.272501000000005, 0.08865900000000693, 65.919018, 33.663021000000015, 36.299751000000015, 66.97371000000001, 88.41911399999998, 66.358473, 59.06352000000001, -1.6691610000000026, 105.469968, 77.69641200000001, 63.545961000000005]","[0.0, 1.0, 2.0, 1.0, 1.0, 0.0, 0.0, 0.0, 1.0, 1.0, 1.0, 1.0, 1.0, 0.0, 1.0, 0.0]","[0.0, 11.0, 20.0, 17.0, 0.0, 12.0, 9.0, 0.0, 0.0, 13.0, 9.0, 11.0, 9.0, -10.0, 9.0, 14.0]"
1,1791632364.506607,"[-67.851084, 89.21013299999998, 65.21589, 58.272501000000005, 0.08865900000000693, 65.919018, 33.663021000000015, 36.299751000000015, 67.94051100000001, 88.41911399999998, 67.14949200000001, 59.06352000000001, -1.6691610000000026, 105.469968, 77.69641200000001, 63.545961000000005]","[0.0, 1.0, 1.0, 1.0, 1.0, 0.0, 0.0, 0.0, 2.0, 1.0, 4.0, 1.0, 1.0, 0.0, 1.0, 1.0]","[-9.0, 11.0, 22.0, 16.0, 0.0, 11.0, 9.0, 0.0, 0.0, 13.0, 9.0, 11.0, 9.0, -10.0, 10.0, 14.0]"
1,1791632364.731929,"[-68.817885, 89.298024, 65.919018, 58.272501000000005, 0.08865900000000693, 65.919018, 33.663021000000015, 36.299751000000015, 68.995203, 88.41911399999998, 68.028402, 59.151410999999996, -1.6691610000000026, 105.469968, 77.69641200000001, 63.545961000000005]","[-1.0, 1.0, 1.0, 1.0, 1.0, 0.0, 0.0, 0.0, 2.0, 1.0, 1.0, 1.0, 1.0, 0.0, 1.0, 1.0]","[-9.0, 11.0, 25.0, 17.0, 0.0, 12.0, 10.0, 0.0, 0.0, 14.0, 11.0, 10.0, 9.0, -10.0, 9.0, 14.0]"
1,1791632364.9545238,"[-69.87257699999999, 89.298024, 65.919018, 58.272501000000005, 0.08865900000000693, 65.919018, 33.663021000000015, 36.299751000000015, 69.874113, 88.41911399999998, 68.819421, 59.06352000000001, -1.6691610000000026, 105.469968, 77.69641200000001, 63.545961000000005]","[-3.0, 1.0, 1.0, 1.0, 1.0, 0.0, 0.0, 0.0, 2.0, 1.0, 2.0, 0.0, 1.0, 0.0, 1.0, 1.0]","[-8.0, 11.0, 32.0, 17.0, 0.0, 12.0, 10.0, 0.0, 14.0, 13.0, 11.0, 11.0, 9.0, -10.0, 9.0, 14.0]"
1,1791632365.1784573,"[-69.87257699999999, 89.298024, 65.919018, 58.272501000000005, 0.08865900000000693, 65.919018, 33.663021000000015, 36.299751000000015, 70.75302300000001, 88.41911399999998, 69.96200400000001, 59.06352000000001, -1.6691610000000026, 105.469968, 77.69641200000001, 63.545961000000005]","[0.0, 1.0, 0.0, 0.0, 1.0, 0.0, 0.0, 1.0, 1.0, 1.0, 3.0, 0.0, 1.0, 0.0, 1.0, 1.0]","[8.0, 10.0, 0.0, 0.0, 0.0, 12.0, 9.0, 0.0, 13.0, 14.0, 10.0, 10.0, 8.0, -11.0, 10.0, 14.0]"
1,1791632365.4054017,"[-69.87257699999999, 89.298024, 65.919018, 58.272501000000005, 0.08865900000000693, 65.919018, 33.663021000000015, 36.299751000000015, 71.807715, 88.41911399999998, 70.840914, 59.151410999999996, -1.6691610000000026, 105.469968, 77.69641200000001, 63.545961000000005]","[0.0, 1.0, 0.0, 0.0, 1.0, 0.0, 0.0, 0.0, 1.0, 1.0, 3.0, 0.0, 1.0, 0.0, 1.0, 1.0]","[9.0, 11.0, 0.0, 0.0, 0.0, 12.0, 9.0, 0.0, 13.0, 13.0, 11.0, 10.0, 10.0, -11.0, 11.0, 13.0]"
1,1791632365.6288188,"[-69.87257699999999, 89.298024, 65.919018, 58.272501000000005, 0.08865900000000693, 65.919018, 33.663021000000015, 36.299751000000015, 72.774516, 88.41911399999998, 71.71982400000002, 59.151410999999996, -1.6691610000000026, 105.469968, 77.69641200000001, 63.545961000000005]","[0.0, 1.0, 1.0, 0.0, 1.0, 0.0, 0.0, 0.0, 1.0, 1.0, 1.0, 0.0, 1.0, 0.0, 1.0, 1.0]","[9.0, 10.0, 0.0, 0.0, 0.0, 12.0, 9.0, 0.0, 13.0, 14.0, 11.0, 10.0, 10.0, -11.0, 9.0, 13.0]"
1,1791632365.8537607,"[-69.87257699999999, 89.298024, 65.919018, 58.272501000000005, 0.08865900000000693, 65.919018, 33.663021000000015, 36.299751000000015, 73.74131700000001, 88.41911399999998, 72.59873400000001, 59.151410999999996, -1.6691610000000026, 105.469968, 77.69641200000001, 63.545961000000005]","[0.0, 1.0, 1.0, 0.0, 1.0, 0.0, 0.0, 0.0, 1.0, 1.0, 1.0, 1.0, 1.0, 0.0, 1.0, 1.0]","[8.0, 10.0, 0.0, 0.0, 0.0, 13.0, 10.0, 0.0, 14.0, 14.0, 12.0, 10.0, 8.0, -11.0, 10.0, 14.0]"
1,1791632366.0741513,"[-69.87257699999999, 89.298024, 65.919018, 58.272501000000005, 0.08865900000000693, 65.919018, 33.663021000000015, 36.299751000000015, 73.829208, 88.41911399999998, 73.38975300000001, 59.06352000000001, -1.6691610000000026, 105.469968, 77.69641200000001, 63.545961000000005]","[0.0, 1.0, 0.0, 0.0, 1.0, 0.0, 0.0, 0.0, 1.0, 1.0, 1.0, 0.0, 1.0, 0.0, 1.0, 1.0]","[9.0, 11.0, 0.0, 0.0, 0.0, 11.0, 9.0, 0.0, 16.0, 14.0, 12.0, 10.0, 9.0, -10.0, 10.0, 14.0]"
1,1791632366.2978296,"[-69.87257699999999, 89.298024, 65.83112700000001, 58.272501000000005, 0.08865900000000693, 65.919018, 33.663021000000015, 36.299751000000015, 74.53233600000002, 88.41911399999998, 73.74131700000001, 59.151410999999996, -1.6691610000000026, 105.469968, 77.69641200000001, 63.545961000000005]","[0.0, 1.0, 0.0, 0.0, 1.0, 0.0, 0.0, 0.0, 1.0, 1.0, 1.0, 0.0, 1.0, 0.0, 1.0, 1.0]","[9.0, 9.0, 10.0, 0.0, 0.0, 12.0, 10.0, 0.0, 14.0, 13.0, 15.0, 10.0, 8.0, -11.0, 10.0, 14.0]"
1,1791632366.5239644,"[-69.87257699999999, 89.298024, 65.83112700000001, 58.272501000000005, 0.08865900000000693, 65.919018, 33.663021000000015, 36.299751000000015, 74.620227, 88.594896, 74.092881, 59.151410999999996, -1.6691610000000026, 105.469968, 77.69641200000001, 63.545961000000005]","[0.0, 1.0, 0.0, 0.0, 1.0, 0.0, 0.0, 0.0, 1.0, 1.0, 0.0, 1.0, 1.0, 0.0, 1.0, 1.0]","[8.0, 11.0, 13.0, 0.0, 0.0, 12.0, 10.0, 0.0, 14.0, 12.0, 19.0, 10.0, 9.0, -10.0, 10.0, 13.0]"
1,1791632366.7479138,"[-69.87257699999999, 89.298024, 65.83112700000001, 58.272501000000005, 0.08865900000000693, 65.919018, 33.663021000000015, 36.299751000000015, 74.620227, 88.594896, 74.092881, 59.151410999999996, -1.6691610000000026, 105.469968, 77.69641200000001, 63.545961000000005]","[0.0, 1.0, 0.0, 0.0, 1.0, 0.0, 0.0, 0.0, 1.0, 1.0, 1.0, 0.0, 1.0, 0.0, 1.0, 1.0]","[9.0, 10.0, 14.0, 0.0, 0.0, 12.0, 9.0, 0.0, 14.0, 13.0, 22.0, 10.0, 8.0, -10.0, 10.0, 14.0]"
1,1791632366.9702454,"[-69.87257699999999, 89.298024, 65.83112700000001, 58.272501000000005, 0.08865900000000693, 65.919018, 33.663021000000015, 36.299751000000015, 74.620227, 88.68278700000002, 74.620227, 59.06352000000001, -1.6691610000000026, 105.469968, 77.69641200000001, 63.545961000000005]","[0.0, 1.0, 0.0, 0.0, 1.0, 0.0, 0.0, 0.0, 1.0, 1.0, 2.0, 0.0, 1.0, 0.0, 1.0, 1.0]","[9.0, 10.0, 14.0, 0.0, 0.0, 12.0, 9.0, 0.0, 15.0, 14.0, 25.0, 10.0, 10.0, -11.0, 10.0, 13.0]"
1,1791632367.195782,"[-69.87257699999999, 89.298024, 65.83112700000001, 58.272501000000005, 0.08865900000000693, 65.919018, 33.663021000000015, 36.299751000000015, 74.70811800000001, 88.68278700000002, 74.796009, 59.06352000000001, -1.6691610000000026, 105.469968, 77.69641200000001, 63.545961000000005]","[0.0, 1.0, 0.0, 0.0, 1.0, 0.0, 0.0, 0.0, 1.0, 1.0, 1.0, 0.0, 1.0, 0.0, 1.0, 1.0]","[9.0, 10.0, 13.0, 0.0, 0.0, 12.0, 10.0, 0.0, 14.0, 12.0, 33.0, 9.0, 8.0, -10.0, 11.0, 13.0]"
1,1791632367.4192865,"[-69.87257699999999, 89.298024, 65.83112700000001, 58.272501000000005, 0.08865900000000693, 65.919018, 33.663021000000015, 36.299751000000015, 74.70811800000001, 88.68278700000002, 74.70811800000001, 59.06352000000001, -1.6691610000000026, 105.469968, 77.69641200000001, 63.545961000000005]","[0.0, 1.0, 0.0, 0.0, 1.0, 0.0, 0.0, 0.0, 1.0, 1.0, 0.0, 0.0, 1.0, 0.0, 1.0, 1.0]","[9.0, 10.0, 14.0, 0.0, 0.0, 11.0, 9.0, 0.0, 13.0, 0.0, 9.0, 0.0, 9.0, -10.0, 9.0, 14.0]"
2,1791632369.4364085,"[-0.08712299999999118, -4.92112800000001, -1.1418150000000082, -0.08712299999999118, -0.08712299999999118, -4.5695639999999855, 0.08865900000000693, -0.17501400000000444, 0.17654999999999177, -5.009018999999995, -1.053923999999995, 0.44022300000000314, -1.229705999999993, 177.98004300000002, 40.342737, 25.840722]","[0.0, 1.0, 0.0, 1.0, 0.0, 1.0, 0.0, 0.0, 0.0, 1.0, 1.0, 0.0, 0.0, 1.0, 0.0, 0.0]","[0.0, 32.0, 16.0, 0.0, 0.0, 28.0, -11.0, 9.0, -14.0, 33.0, 11.0, -10.0, 11.0, 17.0, -11.0, -15.0]"
2,1791632369.6584268,"[-0.08712299999999118, -4.92112800000001, -0.790251000000012, 0.08865900000000693, -0.08712299999999118, -4.481673000000001, 0.7038960000000145, 0.0007679999999936626, 0.17654999999999177, -4.92112800000001, -1.053923999999995, 0.528113999999988, -1.229705999999993, 177.71636999999998, 40.518519, 25.928613000000013]","[0.0, 1.0, 1.0, 1.0, 0.0, 1.0, 1.0, 1.0, 0.0, 1.0, 1.0, 1.0, 0.0, 0.0, 1.0, 1.0]","[0.0, 41.0, 19.0, 15.0, 0.0, 46.0, 10.0, 11.0, -14.0, 42.0, 14.0, 8.0, 15.0, -12.0, 11.0, 13.0]"
2,1791632369.88452,"[-0.08712299999999118, -4.745346000000012, 0.0007679999999936626, 0.7038960000000145, -0.08712299999999118, -3.514871999999997, 1.2312420000000088, 0.17654999999999177, 0.17654999999999177, -4.833236999999997, -0.6144689999999855, 0.7917869999999994, -1.229705999999993, 177.364806, 40.518519, 26.368067999999994]","[0.0, 1.0, 2.0, 2.0, 0.0, 1.0, 1.0, 2.0, 0.0, 0.0, 1.0, 1.0, 0.0, 0.0, 1.0, 1.0]","[0.0, 47.0, 19.0, 17.0, 0.0, 56.0, 11.0, 14.0, -14.0, 51.0, 16.0, 10.0, 18.0, -22.0, 13.0, 15.0]"
2,1791632370.1087866,"[-0.08712299999999118, -4.745346000000012, 0.8796780000000126, 1.582806000000005, -0.08712299999999118, -1.4933790000000045, 2.0222610000000145, 1.6706969999999899, 0.17654999999999177, -4.833236999999997, 0.528113999999988, 1.1433509999999956, -1.1418150000000082, 176.310114, 41.309538, 27.159087]","[0.0, 1.0, 1.0, 4.0, 0.0, 6.0, 1.0, 2.0, 0.0, 1.0, 3.0, 1.0, 1.0, -2.0, 3.0, 1.0]","[0.0, 59.0, 20.0, 16.0, 0.0, 52.0, 12.0, 12.0, -14.0, 63.0, 15.0, 13.0, 27.0, -37.0, 14.0, 14.0]"
2,1791632370.329824,"[-0.08712299999999118, -3.339089999999999, 1.7585880000000031, 2.3738250000000107, -0.08712299999999118, 0.7917869999999994, 2.813279999999992, 2.549607000000009, 0.17654999999999177, -4.833236999999997, 0.6160050000000012, 1.9343700000000013, -1.1418150000000082, 173.14603799999998, 42.188447999999994, 28.125888000000003]","[0.0, 5.0, 1.0, 1.0, 0.0, 6.0, 2.0, 4.0, 0.0, 1.0, 1.0, 1.0, 1.0, -4.0, 1.0, 2.0]","[0.0, 53.0, 20.0, 17.0, 0.0, 53.0, 12.0, 13.0, -14.0, 75.0, 18.0, 14.0, 32.0, -35.0, 14.0, 14.0]"
2,1791632370.5610166,"[-0.08712299999999118, -3.339089999999999, 2.901171000000005, 3.6042989999999975, -0.08712299999999118, 2.3738250000000107, 3.6042989999999975, 3.5164080000000126, 0.17654999999999177, -3.1633080000000007, 2.2859339999999975, 3.076953000000003, -1.1418150000000082, 169.80617999999998, 42.979467, 29.268471000000005]","[0.0, 1.0, 3.0, 3.0, 0.0, 4.0, 2.0, 1.0, 0.0, 1.0, 1.0, 3.0, 1.0, -7.0, 4.0, 3.0]","[0.0, 62.0, 19.0, 15.0, 0.0, 56.0, 12.0, 13.0, -15.0, 66.0, 16.0, 12.0, 37.0, -33.0, 14.0, 14.0]"
2,1791632370.7804518,"[-0.08712299999999118, -3.339089999999999, 3.7800809999999956, 4.483208999999988, -0.08712299999999118, 2.4617159999999956, 4.483208999999988, 4.395318000000003, 0.17654999999999177, -2.372288999999995, 3.5164080000000126, 4.043754000000007, 1.3191329999999937, 168.487815, 44.56150500000001, 30.147380999999996]","[0.0, 1.0, 1.0, 1.0, 0.0, 1.0, 2.0, 1.0, 0.0, 0.0, 2.0, 1.0, 7.0, 0.0, 4.0, 1.0]","[0.0, 74.0, 20.0, 17.0, 0.0, 82.0, 13.0, 13.0, -14.0, 71.0, 16.0, 13.0, 28.0, -47.0, 12.0, 14.0]"
2,1791632371.0018497,"[-0.08712299999999118, -0.17501400000000444, 4.834773000000013, 5.713683000000003, -0.08712299999999118, 6.504702000000009, 5.362119000000007, 5.274227999999994, 0.17654999999999177, -2.28439800000001, 4.30742699999999, 4.9226639999999975, 1.846478999999988, 164.79639300000002, 44.649395999999996, 31.202073000000013]","[0.0, 12.0, 3.0, 3.0, 0.0, 9.0, 3.0, 1.0, 0.0, 1.0, 1.0, 1.0, 1.0, -8.0, 1.0, 1.0]","[0.0, 51.0, 19.0, 16.0, 0.0, 55.0, 14.0, 13.0, -14.0, 83.0, 16.0, 14.0, 33.0, -37.0, 16.0, 13.0]"
2,1791632371.2276747,"[-0.08712299999999118, 0.0007679999999936626, 5.889465000000001, 6.680484000000007, -0.08712299999999118, 8.086739999999992, 6.416810999999996, 6.856266000000005, 0.17654999999999177, -2.28439800000001, 5.537901000000005, 6.153138000000013, 3.4285169999999994, 161.632317, 46.582998, 32.256765]","[0.0, 1.0, 1.0, 3.0, 0.0, 7.0, 3.0, 4.0, 0.0, 1.0, 3.0, 3.0, 5.0, -7.0, 6.0, 1.0]","[0.0, 63.0, 20.0, 16.0, 0.0, 56.0, 13.0, 12.0, -14.0, 97.0, 16.0, 13.0, 29.0, -37.0, 13.0, 15.0]"
2,1791632371.4503405,"[-0.08712299999999118, 1.0554600000000107, 6.504702000000009, 7.471503000000013, -0.08712299999999118, 10.547687999999994, 7.2957210000000146, 7.735175999999996, 0.17654999999999177, 1.0554600000000107, 6.328920000000011, 7.032048000000003, 4.219536000000005, 158.292459, 47.54979900000001, 33.399348]","[0.0, 2.0, 8.0, 1.0, 0.0, 6.0, 2.0, 1.0, 0.0, 4.0, 6.0, 1.0, 1.0, -4.0, 2.0, 3.0]","[0.0, 74.0, 20.0, 17.0, 0.0, 53.0, 13.0, 12.0, -14.0, 59.0, 15.0, 14.0, 30.0, -36.0, 13.0, 14.0]"
2,1791632371.6731908,"[-0.08712299999999118, 1.0554600000000107, 7.910957999999994, 8.701977, -0.08712299999999118, 10.547687999999994, 8.26252199999999, 8.701977, 0.17654999999999177, 1.1433509999999956, 7.471503000000013, 8.086739999999992, 5.537901000000005, 155.304165, 48.34081800000001, 34.36614900000001]","[0.0, 1.0, 2.0, 1.0, 0.0, 1.0, 1.0, 1.0, 0.0, 1.0, 1.0, 2.0, 7.0, -4.0, 1.0, 2.0]","[0.0, 72.0, 20.0, 16.0, 0.0, 76.0, 14.0, 12.0, -14.0, 75.0, 15.0, 13.0, 25.0, -35.0, 14.0, 14.0]"
2,1791632371.9005096,"[-0.08712299999999118, 1.0554600000000107, 8.877758999999998, 9.668778000000003, -0.08712299999999118, 14.327000999999996, 9.317214000000007, 9.58088699999999, 0.17654999999999177, 1.1433509999999956, 8.438303999999988, 9.141432000000009, 6.680484000000007, 152.40376200000003, 49.483401000000015, 35.33295000000001]","[0.0, 1.0, 4.0, 3.0, 0.0, 7.0, 1.0, 1.0, 0.0, 1.0, 0.0, 2.0, 3.0, -5.0, 5.0, 1.0]","[0.0, 87.0, 20.0, 16.0, 0.0, 53.0, 14.0, 13.0, -14.0, 88.0, 16.0, 12.0, 26.0, -33.0, 13.0, 14.0]"
2,1791632372.1233993,"[-0.08712299999999118, 3.164843999999988, 9.756668999999988, 10.723469999999992, -0.08712299999999118, 16.260603000000003, 10.28401500000001, 10.723469999999992, 0.17654999999999177, 1.1433509999999956, 9.229322999999994, 9.932451000000015, 7.910957999999994, 150.20648699999998, 50.538093, 36.21186]","[0.0, 22.0, 1.0, 2.0, 0.0, 4.0, 1.0, 1.0, 0.0, 1.0, 1.0, 1.0, 4.0, 0.0, 4.0, 1.0]","[0.0, 54.0, 20.0, 17.0, 0.0, 57.0, 15.0, 12.0, -15.0, 102.0, 17.0, 14.0, 25.0, -41.0, 13.0, 15.0]"
2,1791632372.3484135,"[-0.08712299999999118, 4.9226639999999975, 10.89925199999999, 11.60238000000001, -0.08712299999999118, 18.545769000000007, 11.338707, 11.60238000000001, 0.17654999999999177, 5.274227999999994, 10.196123999999998, 11.075033999999988, 8.086739999999992, 147.393975, 51.50489400000001, 37.44233399999999]","[0.0, -1.0, 1.0, 3.0, 0.0, 5.0, 4.0, 1.0, 0.0, 14.0, 5.0, 2.0, 1.0, 0.0, 1.0, 1.0]","[0.0, 62.0, 19.0, 15.0, 0.0, 55.0, 13.0, 13.0, -14.0, 52.0, 15.0, 13.0, 30.0, -43.0, 13.0, 14.0]"
2,1791632372.5729237,"[-0.08712299999999118, 5.010555000000011, 11.690270999999996, 12.657072, -0.08712299999999118, 20.39148, 12.21761699999999, 12.744963000000013, 0.17654999999999177, 5.537901000000005, 10.987143000000003, 12.041834999999992, 10.020342, 143.43887999999998, 52.559585999999996, 38.32124400000001]","[0.0, 0.0, 1.0, 3.0, 0.0, 4.0, 1.0, 5.0, 0.0, 1.0, 1.0, 3.0, 5.0, -9.0, 3.0, 1.0]","[0.0, 72.0, 20.0, 15.0, 0.0, 54.0, 14.0, 12.0, -14.0, 69.0, 18.0, 14.0, 23.0, -33.0, 13.0, 14.0]"
2,1791632372.794626,"[-0.08712299999999118, 7.383611999999999, 12.569181000000015, 13.448091000000005, -0.08712299999999118, 22.412972999999994, 13.272309000000007, 13.711763999999988, 0.17654999999999177, 5.537901000000005, 11.866052999999994, 12.92074500000001, 10.196123999999998, 140.538477, 53.526387, 39.46382700000001]","[0.0, 12.0, 1.0, 2.0, 0.0, 8.0, 1.0, 1.0, 0.0, 1.0, 1.0, 3.0, 1.0, -2.0, 2.0, 1.0]","[0.0, 51.0, 20.0, 17.0, 0.0, 49.0, 13.0, 13.0, -14.0, 81.0, 18.0, 12.0, 27.0, -39.0, 13.0, 14.0]"
2,1791632373.0200772,"[-0.08712299999999118, 8.086739999999992, 13.799655000000001, 14.414892000000009, -0.08712299999999118, 24.96181200000001, 14.327000999999996, 14.678564999999992, 0.17654999999999177, 8.526195000000001, 13.360199999999992, 13.799655000000001, 12.21761699999999, 137.198619, 54.66897, 40.518519]","[0.0, 1.0, 2.0, 1.0, 0.0, 4.0, 1.0, 2.0, 0.0, 11.0, 4.0, 1.0, 4.0, -2.0, 3.0, 3.0]","[0.0, 61.0, 20.0, 16.0, 0.0, 51.0, 14.0, 13.0, -15.0, 53.0, 15.0, 14.0, 24.0, -32.0, 12.0, 14.0]"
2,1791632373.2437057,"[-0.08712299999999118, 9.756668999999988, 14.85434699999999, 15.55747500000001, -0.08712299999999118, 26.895413999999988, 15.55747500000001, 16.084821000000005, 0.17654999999999177, 9.317214000000007, 13.53598199999999, 14.678564999999992, 13.008635999999996, 133.77087, 55.635771000000005, 41.48532]","[0.0, 3.0, 2.0, 3.0, 0.0, 6.0, 3.0, 3.0, 0.0, 0.0, 1.0, 5.0, 1.0, -7.0, 1.0, 1.0]","[0.0, 57.0, 19.0, 16.0, 0.0, 51.0, 13.0, 11.0, -14.0, 59.0, 20.0, 13.0, 25.0, -29.0, 13.0, 14.0]"
2,1791632373.467378,"[-0.08712299999999118, 9.756668999999988, 15.733257000000009, 16.436385, -0.08712299999999118, 28.91690700000001, 16.612167, 16.87584000000001, 0.17654999999999177, 9.317214000000007, 15.205911000000015, 15.996929999999992, 13.799655000000001, 130.431012, 56.77835400000001, 42.627903]","[0.0, 2.0, 1.0, 1.0, 0.0, 4.0, 1.0, 1.0, 0.0, 1.0, 2.0, 2.0, 3.0, -5.0, 4.0, 4.0]","[0.0, 67.0, 20.0, 16.0, 0.0, 51.0, 13.0, 12.0, -14.0, 71.0, 18.0, 14.0, 24.0, -28.0, 12.0, 14.0]"
2,1791632373.6896281,"[-0.08712299999999118, 9.756668999999988, 16.963730999999996, 17.403186000000005, -0.08712299999999118, 30.323162999999994, 17.666858999999988, 18.018423000000013, 0.17654999999999177, 9.317214000000007, 16.348493999999988, 16.87584000000001, 15.293802, 127.44271800000001, 57.833045999999996, 43.506812999999994]","[0.0, 0.0, 4.0, 3.0, 0.0, 1.0, 3.0, 2.0, 0.0, 1.0, 1.0, 5.0, 5.0, -2.0, 4.0, 1.0]","[0.0, 79.0, 18.0, 17.0, 0.0, 60.0, 13.0, 11.0, -14.0, 86.0, 16.0, 13.0, 20.0, -30.0, 12.0, 13.0]"
2,1791632373.9159179,"[-0.08712299999999118, 9.756668999999988, 17.930532, 18.19420500000001, -0.08712299999999118, 33.13567499999999, 18.36998700000001, 18.897333000000003, 0.17654999999999177, 11.338707, 17.315294999999992, 18.018423000000013, 15.381693000000013, 124.98176999999998, 59.06352000000001, 44.473614]","[1.0, 1.0, 1.0, 3.0, 0.0, 7.0, 1.0, 1.0, 0.0, 8.0, 1.0, 4.0, 1.0, -3.0, 3.0, 3.0]","[-2.0, 90.0, 19.0, 17.0, 0.0, 45.0, 13.0, 12.0, -14.0, 63.0, 17.0, 14.0, 27.0, -32.0, 12.0, 13.0]"
2,1791632374.1402125,"[-0.08712299999999118, 13.184417999999994, 18.985223999999988, 19.424678999999998, -0.08712299999999118, 34.893495, 18.985223999999988, 19.864134000000007, 0.17654999999999177, 13.623873000000003, 18.457877999999994, 18.897333000000003, 17.315294999999992, 122.60871300000002, 60.118212, 45.616197]","[0.0, 7.0, 4.0, 2.0, 1.0, 2.0, 1.0, 2.0, 0.0, 4.0, 1.0, 2.0, 5.0, 0.0, 3.0, 2.0]","[0.0, 53.0, 19.0, 16.0, 0.0, 52.0, 15.0, 12.0, -14.0, 56.0, 16.0, 13.0, 20.0, -37.0, 11.0, 13.0]"
2,1791632374.3629785,"[-0.08712299999999118, 13.272309000000007, 20.039916000000005, 20.39148, -0.08712299999999118, 37.354443, 20.039916000000005, 20.743043999999998, 0.17654999999999177, 13.623873000000003, 19.424678999999998, 19.952024999999992, 18.106313999999998, 118.56572699999998, 61.260795, 46.49510699999999]","[0.0, 1.0, 1.0, 2.0, 1.0, 5.0, 2.0, 1.0, 0.0, 1.0, 1.0, 1.0, 2.0, -4.0, 3.0, 1.0]","[0.0, 72.0, 20.0, 17.0, -1.0, 45.0, 15.0, 12.0, -13.0, 68.0, 15.0, 15.0, 21.0, -28.0, 11.0, 13.0]"
2,1791632374.5882163,"[-0.08712299999999118, 14.23911000000001, 21.00671700000001, 21.44617199999999, -0.08712299999999118, 39.200154, 20.83093500000001, 21.885627, 0.17654999999999177, 14.23911000000001, 20.567262, 21.00671700000001, 19.161006000000015, 115.05008700000002, 62.13970499999999, 47.725581000000005]","[0.0, 6.0, 1.0, 1.0, 0.0, 2.0, 1.0, 1.0, 0.0, 1.0, 1.0, 1.0, 7.0, -6.0, 2.0, 3.0]","[0.0, 66.0, 18.0, 15.0, 0.0, 50.0, 16.0, 11.0, -14.0, 73.0, 16.0, 13.0, 20.0, -26.0, 12.0, 13.0]"
2,1791632374.8127136,"[-0.08712299999999118, 15.733257000000009, 22.061408999999998, 22.500864000000007, 0.0007679999999936626, 41.48532, 21.885627, 22.940318999999988, 0.17654999999999177, 14.23911000000001, 20.655153000000013, 22.14930000000001, 20.567262, 111.886011, 63.45806999999999, 48.604490999999996]","[0.0, 9.0, 1.0, 2.0, 2.0, 7.0, 2.0, 2.0, 0.0, 1.0, 0.0, 1.0, 1.0, -5.0, 2.0, 1.0]","[0.0, 57.0, 19.0, 16.0, -10.0, 41.0, 15.0, 12.0, -14.0, 86.0, 19.0, 12.0, 22.0, -25.0, 11.0, 13.0]"
2,1791632375.0334177,"[-0.08712299999999118, 17.227404000000007, 22.940318999999988, 23.116101000000015, -0.08712299999999118, 41.573211000000015, 22.588754999999992, 23.995011000000005, 0.17654999999999177, 14.327000999999996, 22.32508200000001, 22.852428000000003, 21.44617199999999, 108.897717, 64.51276200000001, 49.483401000000015]","[0.0, 1.0, 1.0, 6.0, 0.0, 1.0, 1.0, 1.0, 0.0, 1.0, 2.0, 2.0, 1.0, 0.0, 2.0, 1.0]","[0.0, 60.0, 19.0, 18.0, 0.0, 67.0, 16.0, 12.0, -14.0, 99.0, 16.0, 14.0, 21.0, -26.0, 10.0, 14.0]"
2,1791632375.2602968,"[-0.08712299999999118, 18.106313999999998, 23.995011000000005, 24.434466000000015, -0.08712299999999118, 46.23143400000001, 23.555555999999996, 24.96181200000001, 0.17654999999999177, 18.985223999999988, 23.555555999999996, 23.907119999999992, 22.500864000000007, 105.73364099999998, 64.51276200000001, 50.45020199999999]","[0.0, 2.0, 4.0, 1.0, 0.0, 13.0, 5.0, 2.0, 0.0, 12.0, 3.0, 3.0, 1.0, -1.0, 1.0, 2.0]","[0.0, 60.0, 19.0, 16.0, -1.0, 36.0, 16.0, 12.0, -14.0, 52.0, 16.0, 12.0, 20.0, -25.0, 13.0, 13.0]"
2,1791632375.4835682,"[-0.08712299999999118, 19.336788000000013, 24.610248000000013, 25.489158000000003, -0.08712299999999118, 47.19823500000001, 24.873920999999996, 26.016503999999998, 0.17654999999999177, 19.248897, 24.434466000000015, 25.313376000000005, 22.500864000000007, 105.118404, 64.77643499999999, 50.538093]","[0.0, 3.0, 1.0, 3.0, 0.0, 3.0, 3.0, 3.0, 0.0, 1.0, 2.0, 3.0, 0.0, 0.0, 1.0, 1.0]","[0.0, 57.0, 21.0, 15.0, 0.0, 47.0, 16.0, 12.0, -14.0, 62.0, 15.0, 13.0, 29.0, -44.0, 16.0, 16.0]"
2,1791632375.7076263,"[-0.08712299999999118, 19.336788000000013, 25.840722, 26.455959000000007, -0.08712299999999118, 49.219728, 25.928613000000013, 26.983305, 0.17654999999999177, 19.248897, 25.577048999999988, 26.10439500000001, 22.412972999999994, 104.59105799999998, 64.864326, 50.713875]","[1.0, 1.0, 2.0, 2.0, 0.0, 1.0, 2.0, 1.0, 0.0, 0.0, 3.0, 1.0, 0.0, 0.0, 1.0, 0.0]","[0.0, 70.0, 20.0, 15.0, 0.0, 50.0, 15.0, 12.0, -14.0, 73.0, 15.0, 12.0, 35.0, -71.0, 20.0, 19.0]"
2,1791632375.9318452,"[-0.08712299999999118, 19.336788000000013, 26.631741000000005, 27.59854200000001, -0.08712299999999118, 51.856458, 27.071196000000015, 27.686432999999994, 0.17654999999999177, 19.336788000000013, 25.577048999999988, 27.42276000000001, 22.500864000000007, 103.975821, 64.95221699999999, 50.97754800000001]","[0.0, 1.0, 1.0, 1.0, 0.0, 8.0, 4.0, 3.0, 0.0, 1.0, 1.0, 3.0, 1.0, 0.0, 1.0, 1.0]","[0.0, 79.0, 20.0, 17.0, 0.0, 37.0, 15.0, 12.0, -14.0, 83.0, 19.0, 12.0, 44.0, -102.0, 26.0, 24.0]"
2,1791632376.1536007,"[-0.08712299999999118, 20.83093500000001, 27.686432999999994, 28.74112500000001, -0.08712299999999118, 55.196315999999996, 28.213778999999988, 28.74112500000001, 0.17654999999999177, 22.940318999999988, 27.59854200000001, 28.565343000000013, 22.237190999999996, 104.50316700000002, 64.95221699999999, 50.889657]","[0.0, 18.0, 3.0, 2.0, 0.0, 11.0, 3.0, 3.0, 0.0, 10.0, 3.0, 3.0, 0.0, 1.0, 1.0, 1.0]","[0.0, 62.0, 21.0, 16.0, 0.0, 28.0, 14.0, 13.0, -14.0, 50.0, 17.0, 12.0, 9.0, -11.0, 11.0, 9.0]"
2,1791632376.3784764,"[-0.08712299999999118, 23.291883000000013, 28.653233999999998, 29.620035, -0.08712299999999118, 56.60257200000001, 29.444253000000003, 29.971598999999998, 0.17654999999999177, 24.08290199999999, 28.477452, 29.620035, 22.237190999999996, 104.50316700000002, 64.95221699999999, 50.889657]","[0.0, 1.0, 1.0, 3.0, 0.0, 0.0, 3.0, 2.0, 0.0, 1.0, 1.0, 2.0, 0.0, 1.0, 1.0, 0.0]","[0.0, 56.0, 20.0, 16.0, 0.0, 36.0, 13.0, 12.0, -15.0, 51.0, 16.0, 12.0, 9.0, -11.0, 11.0, 13.0]"
2,1791632376.6015553,"[-0.08712299999999118, 24.08290199999999, 29.795817, 30.850508999999988, -0.08712299999999118, 58.624065, 30.498944999999992, 31.114182, 0.17654999999999177, 24.08290199999999, 29.707926000000015, 30.67472699999999, 22.237190999999996, 104.50316700000002, 64.95221699999999, 50.889657]","[0.0, 1.0, 3.0, 3.0, 1.0, 6.0, 1.0, 3.0, 0.0, 1.0, 3.0, 3.0, 0.0, 1.0, 1.0, 0.0]","[0.0, 59.0, 21.0, 16.0, 0.0, 33.0, 13.0, 11.0, -14.0, 63.0, 15.0, 11.0, 11.0, -12.0, 10.0, 12.0]"
2,1791632376.8274467,"[-0.08712299999999118, 25.40126699999999, 30.67472699999999, 31.729419000000007, -0.08712299999999118, 61.348686000000015, 31.729419000000007, 31.99309199999999, 0.17654999999999177, 25.137594000000007, 30.411054000000007, 31.55363700000001, 22.237190999999996, 104.50316700000002, 64.95221699999999, 50.889657]","[0.0, 11.0, 1.0, 1.0, 0.0, 6.0, 2.0, 1.0, 0.0, 14.0, 1.0, 1.0, 0.0, 1.0, 1.0, 0.0]","[0.0, 51.0, 20.0, 16.0, -2.0, 31.0, 12.0, 12.0, -14.0, 50.0, 16.0, 12.0, 9.0, -11.0, 10.0, 13.0]"
2,1791632377.0525982,"[-0.08712299999999118, 26.807523000000003, 31.729419000000007, 32.784110999999996, -0.08712299999999118, 63.80963400000002, 32.784110999999996, 32.87200200000001, 0.17654999999999177, 27.862214999999992, 31.465745999999996, 32.432547, 22.237190999999996, 104.50316700000002, 64.95221699999999, 50.889657]","[0.0, 1.0, 1.0, 3.0, 1.0, 5.0, 3.0, 1.0, 0.0, 2.0, 1.0, 1.0, 0.0, 1.0, 1.0, 1.0]","[0.0, 51.0, 20.0, 15.0, -3.0, 27.0, 12.0, 11.0, -14.0, 39.0, 15.0, 13.0, 9.0, -11.0, 9.0, 12.0]"
2,1791632377.276404,"[-0.08712299999999118, 27.42276000000001, 32.959892999999994, 33.83880300000001, 0.0007679999999936626, 65.391672, 33.663021000000015, 34.01458500000001, 0.17654999999999177, 27.950106000000005, 32.784110999999996, 33.57513, 22.237190999999996, 104.50316700000002, 64.95221699999999, 50.889657]","[1.0, 7.0, 4.0, 1.0, 1.0, 1.0, 1.0, 1.0, 0.0, 0.0, 1.0, 4.0, 0.0, 1.0, 1.0, 0.0]","[0.0, 52.0, 19.0, 16.0, -10.0, 30.0, 13.0, 12.0, -14.0, 52.0, 15.0, 12.0, 9.0, -12.0, 10.0, 13.0]"
2,1791632377.4989574,"[-0.08712299999999118, 29.180579999999992, 33.926694, 34.893495, 0.0007679999999936626, 65.391672, 33.663021000000015, 34.45403999999999, 0.17654999999999177, 28.653233999999998, 33.57513, 34.45403999999999, 22.237190999999996, 104.50316700000002, 64.95221699999999, 50.97754800000001]","[0.0, 1.0, 2.0, 3.0, 1.0, 1.0, 1.0, 1.0, 0.0, 1.0, 1.0, 1.0, 0.0, 1.0, 1.0, 1.0]","[0.0, 47.0, 18.0, 16.0, -12.0, 48.0, 17.0, 12.0, -14.0, 56.0, 15.0, 11.0, 9.0, -11.0, 10.0, 11.0]"
2,1791632377.721419,"[-0.08712299999999118, 30.498944999999992, 35.069277, 35.860296000000005, 0.0007679999999936626, 66.09479999999999, 33.83880300000001, 35.069277, 0.17654999999999177, 28.653233999999998, 34.80560399999999, 35.245059, 22.237190999999996, 104.50316700000002, 64.95221699999999, 50.889657]","[1.0, 5.0, 4.0, 1.0, 0.0, 1.0, 1.0, 1.0, 0.0, 1.0, 1.0, 1.0, 0.0, 1.0, 1.0, 0.0]","[-2.0, 41.0, 18.0, 16.0, -4.0, 63.0, 20.0, 14.0, -14.0, 68.0, 15.0, 13.0, 10.0, -11.0, 10.0, 12.0]"
2,1791632377.9483325,"[-0.08712299999999118, 30.586836000000005, 36.21186, 36.82709700000001, 0.0007679999999936626, 66.09479999999999, 33.83880300000001, 35.68451400000001, 0.17654999999999177, 28.653233999999998, 35.596622999999994, 36.387642, 22.237190999999996, 104.50316700000002, 64.95221699999999, 50.889657]","[1.0, 1.0, 3.0, 2.0, 1.0, 1.0, 1.0, 2.0, 0.0, 1.0, 1.0, 2.0, 0.0, 1.0, 1.0, 0.0]","[0.0, 57.0, 18.0, 16.0, -11.0, 86.0, 27.0, 16.0, -14.0, 81.0, 16.0, 12.0, 9.0, -12.0, 10.0, 10.0]"
2,1791632378.1728876,"[-0.08712299999999118, 32.256765, 37.178661000000005, 37.79389800000001, 0.0007679999999936626, 66.710037, 34.01458500000001, 36.299751000000015, 0.17654999999999177, 32.16887399999999, 36.82709700000001, 37.26655199999999, 22.237190999999996, 104.50316700000002, 64.95221699999999, 50.889657]","[0.0, 4.0, 1.0, 3.0, 1.0, 2.0, 1.0, 1.0, 0.0, 10.0, 5.0, 1.0, 0.0, 1.0, 1.0, 0.0]","[0.0, 49.0, 17.0, 15.0, -12.0, 106.0, 33.0, 18.0, -14.0, 47.0, 14.0, 11.0, 9.0, -11.0, 10.0, 5.0]"
2,1791632378.3946414,"[-0.08712299999999118, 32.256765, 38.40913499999999, 38.58491699999999, 0.08865900000000693, 65.47956300000001, 33.83880300000001, 36.299751000000015, 0.17654999999999177, 32.344656000000015, 38.057570999999996, 38.497026000000005, 22.237190999999996, 104.50316700000002, 64.95221699999999, 50.889657]","[0.0, 1.0, 3.0, 1.0, 1.0, 0.0, 0.0, 1.0, 0.0, 0.0, 4.0, 4.0, 0.0, 1.0, 1.0, 0.0]","[0.0, 62.0, 17.0, 16.0, 0.0, 13.0, 9.0, 0.0, -15.0, 58.0, 13.0, 12.0, 9.0, -11.0, 10.0, 13.0]"
2,1791632378.6205087,"[-0.08712299999999118, 34.541931000000005, 39.28804500000001, 39.63960900000001, 0.08865900000000693, 65.47956300000001, 33.83880300000001, 36.299751000000015, 0.17654999999999177, 33.399348, 39.024372, 39.28804500000001, 22.237190999999996, 104.50316700000002, 64.95221699999999, 50.889657]","[0.0, 9.0, 1.0, 1.0, 0.0, 0.0, 0.0, 1.0, 0.0, 7.0, 2.0, 4.0, 0.0, 1.0, 1.0, 0.0]","[0.0, 40.0, 18.0, 16.0, 0.0, 12.0, 10.0, 0.0, -14.0, 57.0, 14.0, 12.0, 9.0, -11.0, 10.0, 13.0]"
2,1791632378.8420842,"[-0.08712299999999118, 35.33295000000001, 40.60641000000001, 40.694300999999996, 0.08865900000000693, 65.47956300000001, 33.83880300000001, 36.299751000000015, 0.17654999999999177, 33.399348, 39.90328199999999, 40.518519, 22.237190999999996, 104.59105799999998, 64.95221699999999, 50.97754800000001]","[1.0, 0.0, 2.0, 1.0, 1.0, 0.0, 0.0, 1.0, 0.0, 1.0, 1.0, 3.0, 0.0, 1.0, 1.0, 1.0]","[0.0, 46.0, 16.0, 17.0, 0.0, 13.0, 10.0, 0.0, -15.0, 69.0, 15.0, 12.0, 9.0, -11.0, 10.0, 2.0]"
2,1791632379.0658147,"[-0.08712299999999118, 36.739205999999996, 41.74899300000001, 41.573211000000015, 0.08865900000000693, 65.47956300000001, 33.83880300000001, 36.299751000000015, 0.17654999999999177, 33.399348, 41.133756000000005, 41.573211000000015, 22.237190999999996, 104.50316700000002, 64.95221699999999, 50.97754800000001]","[0.0, 3.0, 5.0, 3.0, 0.0, 0.0, 0.0, 0.0, 0.0, 1.0, 3.0, 1.0, 0.0, 0.0, 1.0, 1.0]","[0.0, 42.0, 16.0, 15.0, 0.0, 13.0, 10.0, 1.0, -14.0, 79.0, 14.0, 12.0, 10.0, -11.0, 11.0, 2.0]"
2,1791632379.291589,"[-0.08712299999999118, 36.739205999999996, 42.627903, 42.891576000000015, 0.08865900000000693, 65.47956300000001, 33.83880300000001, 36.299751000000015, 0.17654999999999177, 37.706007, 42.36422999999999, 42.627903, 22.237190999999996, 104.50316700000002, 64.95221699999999, 50.889657]","[0.0, 1.0, 1.0, 2.0, 1.0, 0.0, 0.0, 1.0, 0.0, 3.0, 3.0, 3.0, 0.0, 1.0, 1.0, 0.0]","[0.0, 53.0, 16.0, 15.0, 0.0, 12.0, 10.0, 1.0, -14.0, 44.0, 13.0, 12.0, 10.0, -11.0, 10.0, 8.0]"
2,1791632379.5163665,"[-0.08712299999999118, 36.739205999999996, 43.770486000000005, 43.506812999999994, 0.08865900000000693, 65.47956300000001, 33.83880300000001, 36.299751000000015, 0.17654999999999177, 37.706007, 43.506812999999994, 43.770486000000005, 22.237190999999996, 104.50316700000002, 64.95221699999999, 50.889657]","[0.0, 1.0, 2.0, 1.0, 1.0, 0.0, 0.0, 1.0, 0.0, 1.0, 4.0, 3.0, 0.0, 1.0, 1.0, 1.0]","[0.0, 61.0, 15.0, 17.0, 0.0, 13.0, 10.0, 0.0, -14.0, 55.0, 12.0, 12.0, 10.0, -12.0, 9.0, 11.0]"
2,1791632379.739893,"[-0.08712299999999118, 40.254846000000015, 44.825177999999994, 45.00095999999999, 0.08865900000000693, 65.47956300000001, 33.83880300000001, 36.299751000000015, 0.17654999999999177, 39.375935999999996, 44.38572300000001, 44.91306900000001, 22.237190999999996, 104.50316700000002, 64.95221699999999, 50.889657]","[0.0, 10.0, 2.0, 4.0, 1.0, 0.0, 0.0, 0.0, 0.0, 7.0, 1.0, 3.0, 0.0, 1.0, 1.0, 1.0]","[0.0, 34.0, 16.0, 14.0, 0.0, 12.0, 10.0, 0.0, -14.0, 43.0, 12.0, 10.0, 10.0, -11.0, 10.0, 9.0]"
2,1791632379.960334,"[-0.08712299999999118, 40.342737, 45.791979, 45.967760999999996, 0.0007679999999936626, 65.47956300000001, 33.83880300000001, 36.21186, 0.17654999999999177, 41.661102, 45.616197, 45.87987000000001, 22.237190999999996, 104.50316700000002, 64.95221699999999, 50.889657]","[0.0, 1.0, 2.0, 2.0, 0.0, 0.0, 0.0, 0.0, 0.0, 2.0, 3.0, 1.0, 0.0, 0.0, 1.0, 1.0]","[0.0, 45.0, 16.0, 14.0, 1.0, 13.0, 10.0, 7.0, -14.0, 36.0, 12.0, 12.0, 9.0, -11.0, 10.0, 10.0]"
2,1791632380.1859016,"[-0.08712299999999118, 41.836884, 46.846671000000015, 47.19823500000001, 0.08865900000000693, 65.47956300000001, 33.83880300000001, 36.299751000000015, 0.17654999999999177, 41.661102, 46.582998, 47.110344, 22.237190999999996, 104.50316700000002, 64.95221699999999, 50.889657]","[0.0, 7.0, 2.0, 2.0, 1.0, 0.0, 0.0, 1.0, 0.0, 1.0, 2.0, 2.0, 0.0, 1.0, 1.0, 0.0]","[0.0, 39.0, 16.0, 13.0, 0.0, 12.0, 10.0, 3.0, -14.0, 45.0, 12.0, 11.0, 9.0, -12.0, 10.0, 13.0]"
2,1791632380.4124923,"[-0.08712299999999118, 43.506812999999994, 47.901363, 48.165036000000015, 0.08865900000000693, 65.47956300000001, 33.83880300000001, 36.299751000000015, 0.17654999999999177, 43.41892200000001, 47.725581000000005, 48.077145, 22.237190999999996, 104.50316700000002, 64.95221699999999, 50.889657]","[0.0, 3.0, 3.0, 1.0, 1.0, 0.0, 0.0, 1.0, 0.0, 2.0, 2.0, 3.0, 0.0, 1.0, 1.0, 0.0]","[0.0, 34.0, 16.0, 14.0, 0.0, 12.0, 9.0, 0.0, -14.0, 38.0, 11.0, 11.0, 9.0, -11.0, 10.0, 11.0]"
2,1791632380.6362844,"[-0.08712299999999118, 44.56150500000001, 48.780272999999994, 49.30761899999999, 0.08865900000000693, 65.47956300000001, 33.83880300000001, 36.299751000000015, 0.17654999999999177, 44.825177999999994, 48.51660000000001, 49.043946000000005, 22.237190999999996, 104.50316700000002, 64.95221699999999, 50.97754800000001]","[0.0, 1.0, 1.0, 3.0, 1.0, 0.0, 0.0, 0.0, 0.0, 3.0, 1.0, 2.0, 0.0, 1.0, 1.0, 0.0]","[0.0, 35.0, 16.0, 14.0, 0.0, 12.0, 10.0, 5.0, -14.0, 35.0, 12.0, 11.0, 9.0, -10.0, 9.0, 10.0]"
2,1791632380.858468,"[-0.08712299999999118, 45.70408800000001, 49.922855999999996, 50.538093, 0.08865900000000693, 65.47956300000001, 33.83880300000001, 36.299751000000015, 0.17654999999999177, 46.23143400000001, 49.747074, 50.18652900000001, 22.237190999999996, 104.50316700000002, 64.95221699999999, 50.889657]","[0.0, 1.0, 1.0, 2.0, 1.0, 0.0, 0.0, 1.0, 0.0, 3.0, 1.0, 4.0, 0.0, 1.0, 1.0, 0.0]","[0.0, 35.0, 16.0, 14.0, 0.0, 13.0, 10.0, 2.0, -14.0, 32.0, 12.0, 11.0, 10.0, -11.0, 9.0, 13.0]"
2,1791632381.0816038,"[-0.08712299999999118, 46.75878, 50.889657, 51.50489400000001, 0.08865900000000693, 65.47956300000001, 33.83880300000001, 36.299751000000015, 0.17654999999999177, 47.02245300000001, 50.97754800000001, 50.97754800000001, 22.237190999999996, 104.50316700000002, 64.95221699999999, 50.889657]","[0.0, 2.0, 4.0, 3.0, 0.0, 0.0, 0.0, 1.0, 0.0, 2.0, 4.0, 3.0, 0.0, 1.0, 1.0, 1.0]","[0.0, 33.0, 16.0, 14.0, 0.0, 13.0, 10.0, 0.0, -14.0, 33.0, 10.0, 11.0, 9.0, -11.0, 9.0, 3.0]"
2,1791632381.3081563,"[0.0007679999999936626, 48.077145, 52.03224, 52.559585999999996, 0.08865900000000693, 65.47956300000001, 33.83880300000001, 36.299751000000015, 0.17654999999999177, 47.02245300000001, 51.856458, 52.03224, 22.237190999999996, 104.50316700000002, 64.95221699999999, 50.889657]","[1.0, 3.0, 2.0, 3.0, 1.0, 0.0, 0.0, 0.0, 0.0, 1.0, 1.0, 2.0, 0.0, 0.0, 1.0, 0.0]","[-7.0, 30.0, 16.0, 13.0, 0.0, 13.0, 10.0, 0.0, -14.0, 43.0, 11.0, 10.0, 9.0, -11.0, 10.0, 12.0]"
2,1791632381.5295708,"[-0.08712299999999118, 49.043946000000005, 52.999041000000005, 53.526387, 0.08865900000000693, 65.47956300000001, 33.83880300000001, 36.21186, 0.17654999999999177, 47.725581000000005, 52.999041000000005, 52.999041000000005, 22.237190999999996, 104.50316700000002, 64.95221699999999, 50.889657]","[1.0, 7.0, 3.0, 1.0, 1.0, 0.0, 0.0, 0.0, 0.0, 10.0, 3.0, 3.0, 0.0, 1.0, 1.0, 0.0]","[0.0, 27.0, 16.0, 14.0, 0.0, 12.0, 10.0, 0.0, -14.0, 38.0, 11.0, 10.0, 9.0, -11.0, 10.0, 12.0]"
2,1791632381.7561526,"[0.0007679999999936626, 50.18652900000001, 54.14162400000001, 54.40529699999999, 0.08865900000000693, 65.47956300000001, 33.83880300000001, 36.21186, 0.17654999999999177, 50.713875, 53.96584200000001, 53.877950999999996, 22.237190999999996, 104.50316700000002, 64.95221699999999, 50.97754800000001]","[2.0, 1.0, 3.0, 1.0, 1.0, 0.0, 0.0, 1.0, 0.0, 3.0, 2.0, 1.0, 0.0, 1.0, 1.0, 1.0]","[-4.0, 31.0, 15.0, 14.0, 0.0, 12.0, 10.0, 7.0, -14.0, 27.0, 11.0, 12.0, 9.0, -11.0, 10.0, 8.0]"
2,1791632381.9783173,"[-0.08712299999999118, 50.27441999999999, 55.196315999999996, 55.635771000000005, 0.08865900000000693, 65.47956300000001, 33.83880300000001, 36.299751000000015, 0.17654999999999177, 51.417002999999994, 55.10842500000001, 55.020534, 22.237190999999996, 104.50316700000002, 64.95221699999999, 50.97754800000001]","[1.0, 2.0, 3.0, 2.0, 1.0, 0.0, 0.0, 1.0, 0.0, 1.0, 4.0, 1.0, 0.0, 0.0, 1.0, 1.0]","[0.0, 40.0, 15.0, 14.0, 0.0, 13.0, 10.0, 0.0, -14.0, 31.0, 10.0, 11.0, 9.0, -11.0, 10.0, 3.0]"
2,1791632382.2040827,"[-0.08712299999999118, 52.208022, 56.163117, 56.42679000000001, 0.08865900000000693, 65.47956300000001, 33.83880300000001, 36.299751000000015, 0.17654999999999177, 51.680676000000005, 56.075226000000015, 55.987335, 22.237190999999996, 104.59105799999998, 64.95221699999999, 50.889657]","[1.0, 7.0, 2.0, 3.0, 0.0, 0.0, 0.0, 1.0, 0.0, 1.0, 2.0, 1.0, 0.0, 2.0, 1.0, 0.0]","[-1.0, 30.0, 14.0, 14.0, 4.0, 13.0, 10.0, 0.0, -14.0, 35.0, 11.0, 11.0, 9.0, -12.0, 10.0, 10.0]"
2,1791632382.4269557,"[-0.08712299999999118, 53.79006000000001, 57.21780900000002, 57.3057, 0.08865900000000693, 65.47956300000001, 33.83880300000001, 36.21186, 0.17654999999999177, 53.08693199999999, 56.954136000000005, 57.04202699999999, 22.237190999999996, 104.50316700000002, 64.95221699999999, 50.889657]","[1.0, 2.0, 3.0, 1.0, 0.0, 0.0, 0.0, 0.0, 0.0, 3.0, 2.0, 4.0, 0.0, 1.0, 1.0, 0.0]","[-1.0, 27.0, 15.0, 14.0, 0.0, 13.0, 9.0, 5.0, -14.0, 32.0, 10.0, 11.0, 9.0, -12.0, 9.0, 11.0]"
2,1791632382.6497374,"[-0.08712299999999118, 54.756861000000015, 58.53617400000002, 58.36039199999999, 0.08865900000000693, 65.47956300000001, 33.83880300000001, 36.299751000000015, 0.17654999999999177, 53.174823, 58.18460999999999, 58.008827999999994, 22.237190999999996, 104.50316700000002, 64.95221699999999, 50.97754800000001]","[1.0, 1.0, 4.0, 1.0, 0.0, 0.0, 0.0, 0.0, 0.0, 1.0, 2.0, 3.0, 0.0, 1.0, 1.0, 1.0]","[-4.0, 29.0, 14.0, 14.0, 0.0, 13.0, 10.0, 0.0, -14.0, 41.0, 10.0, 10.0, 8.0, -11.0, 10.0, 3.0]"
2,1791632382.873429,"[-0.08712299999999118, 55.811553, 59.590866000000005, 59.23930200000001, 0.08865900000000693, 65.47956300000001, 33.83880300000001, 36.21186, 0.17654999999999177, 55.45998900000001, 59.06352000000001, 58.975629, 22.237190999999996, 104.50316700000002, 64.95221699999999, 50.889657]","[1.0, 1.0, 2.0, 1.0, 0.0, 0.0, 0.0, 0.0, 0.0, 14.0, 3.0, 2.0, 0.0, 1.0, 1.0, 0.0]","[-6.0, 28.0, 14.0, 14.0, 0.0, 13.0, 10.0, 6.0, -14.0, 26.0, 10.0, 10.0, 10.0, -11.0, 10.0, 12.0]"
2,1791632383.1000082,"[0.0007679999999936626, 57.129918, 59.766648, 60.293994, 0.08865900000000693, 65.47956300000001, 33.83880300000001, 36.299751000000015, 0.17654999999999177, 56.25100800000001, 59.41508400000001, 60.118212, 22.237190999999996, 104.50316700000002, 64.95221699999999, 50.889657]","[0.0, 4.0, 1.0, 2.0, 1.0, 0.0, 0.0, 1.0, 0.0, 1.0, 1.0, 2.0, 0.0, 1.0, 1.0, 0.0]","[-1.0, 25.0, 13.0, 14.0, 0.0, 13.0, 10.0, 1.0, -14.0, 32.0, 9.0, 11.0, 9.0, -11.0, 10.0, 12.0]"
2,1791632383.3240762,"[0.0007679999999936626, 58.09671900000001, 59.766648, 61.436577, 0.08865900000000693, 65.47956300000001, 33.83880300000001, 36.299751000000015, 0.17654999999999177, 56.25100800000001, 59.41508400000001, 60.99712199999999, 22.237190999999996, 104.50316700000002, 64.95221699999999, 50.889657]","[1.0, 2.0, 1.0, 3.0, 1.0, 0.0, 0.0, 1.0, 0.0, 1.0, 1.0, 1.0, 0.0, 0.0, 1.0, 0.0]","[-4.0, 25.0, 14.0, 14.0, 0.0, 12.0, 10.0, 4.0, -14.0, 39.0, 10.0, 11.0, 11.0, -11.0, 10.0, 11.0]"
2,1791632383.5440989,"[0.0007679999999936626, 58.975629, 59.85453900000002, 62.13970499999999, 0.08865900000000693, 65.47956300000001, 33.83880300000001, 36.299751000000015, 0.17654999999999177, 57.481482, 59.41508400000001, 62.13970499999999, 22.237190999999996, 104.59105799999998, 64.95221699999999, 50.97754800000001]","[1.0, 6.0, 0.0, 1.0, 1.0, 0.0, 0.0, 0.0, 0.0, 1.0, 1.0, 4.0, 0.0, 0.0, 1.0, 0.0]","[-9.0, 25.0, 14.0, 15.0, 0.0, 12.0, 10.0, 3.0, -14.0, 36.0, 9.0, 11.0, 10.0, -12.0, 10.0, 6.0]"
2,1791632383.772026,"[-0.08712299999999118, 59.67875699999999, 59.85453900000002, 63.37017900000001, 0.08865900000000693, 65.47956300000001, 33.83880300000001, 36.21186, 0.17654999999999177, 57.56937300000001, 59.41508400000001, 63.106505999999996, 22.237190999999996, 104.50316700000002, 64.95221699999999, 50.889657]","[1.0, 1.0, 1.0, 2.0, 0.0, 0.0, 0.0, 0.0, 0.0, 0.0, 1.0, 1.0, 0.0, 0.0, 1.0, 1.0]","[-4.0, 27.0, 14.0, 13.0, 0.0, 12.0, 10.0, 8.0, -14.0, 45.0, 9.0, 10.0, 9.0, -12.0, 10.0, 3.0]"
2,1791632383.9934323,"[-0.08712299999999118, 61.085013000000004, 59.85453900000002, 64.33698000000001, 0.08865900000000693, 65.47956300000001, 33.83880300000001, 36.21186, 0.17654999999999177, 57.56937300000001, 59.41508400000001, 63.985416000000015, 22.237190999999996, 104.50316700000002, 64.95221699999999, 50.97754800000001]","[1.0, 4.0, 1.0, 2.0, 1.0, 0.0, 0.0, 0.0, 0.0, 1.0, 1.0, 2.0, 0.0, 0.0, 1.0, 0.0]","[-1.0, 25.0, 14.0, 14.0, 0.0, 12.0, 10.0, 5.0, -14.0, 56.0, 9.0, 10.0, 9.0, -11.0, 9.0, 6.0]"
2,1791632384.2162004,"[-0.08712299999999118, 62.57916, 59.85453900000002, 65.391672, 0.08865900000000693, 65.47956300000001, 33.83880300000001, 36.299751000000015, 0.17654999999999177, 60.82133999999999, 59.41508400000001, 65.040108, 22.237190999999996, 104.50316700000002, 64.95221699999999, 50.889657]","[0.0, 4.0, 1.0, 2.0, 1.0, 0.0, 0.0, 0.0, 0.0, 4.0, 1.0, 1.0, 0.0, 0.0, 1.0, 0.0]","[-2.0, 20.0, 13.0, 13.0, 0.0, 12.0, 9.0, 0.0, -15.0, 33.0, 10.0, 10.0, 9.0, -11.0, 10.0, 6.0]"
2,1791632384.4429634,"[0.0007679999999936626, 63.45806999999999, 59.85453900000002, 66.44636400000002, 0.08865900000000693, 65.47956300000001, 33.83880300000001, 36.299751000000015, 0.17654999999999177, 60.82133999999999, 59.41508400000001, 66.00690900000001, 22.237190999999996, 104.50316700000002, 64.95221699999999, 50.889657]","[1.0, 3.0, 1.0, 3.0, 1.0, 0.0, 0.0, 1.0, 0.0, 0.0, 1.0, 1.0, 0.0, 0.0, 1.0, 0.0]","[-7.0, 21.0, 13.0, 14.0, 0.0, 13.0, 10.0, 0.0, -14.0, 43.0, 10.0, 11.0, 10.0, -12.0, 10.0, 8.0]"
2,1791632384.6649034,"[-0.08712299999999118, 64.33698000000001, 59.85453900000002, 67.501056, 0.08865900000000693, 65.47956300000001, 33.83880300000001, 36.299751000000015, 0.17654999999999177, 62.227596000000005, 59.41508400000001, 67.061601, 22.237190999999996, 104.50316700000002, 64.95221699999999, 50.97754800000001]","[0.0, 1.0, 1.0, 3.0, 1.0, 0.0, 0.0, 1.0, 0.0, 7.0, 1.0, 4.0, 0.0, 0.0, 1.0, 0.0]","[-2.0, 22.0, 13.0, 13.0, 0.0, 13.0, 10.0, 0.0, -15.0, 37.0, 9.0, 10.0, 9.0, -11.0, 10.0, 5.0]"
2,1791632384.8891444,"[0.0007679999999936626, 65.567454, 59.85453900000002, 68.46785700000001, 0.08865900000000693, 65.47956300000001, 33.83880300000001, 36.299751000000015, 0.17654999999999177, 62.227596000000005, 59.41508400000001, 68.11629300000001, 22.237190999999996, 104.59105799999998, 64.95221699999999, 50.97754800000001]","[1.0, 2.0, 1.0, 2.0, 0.0, 0.0, 0.0, 1.0, 0.0, 1.0, 1.0, 3.0, 0.0, 1.0, 1.0, 1.0]","[-8.0, 22.0, 13.0, 14.0, 0.0, 13.0, 10.0, 0.0, -14.0, 51.0, 9.0, 11.0, 9.0, -12.0, 11.0, 0.0]"
2,1791632385.1127582,"[0.0007679999999936626, 66.885819, 59.85453900000002, 69.522549, 0.08865900000000693, 65.47956300000001, 33.83880300000001, 36.21186, 0.17654999999999177, 62.31548699999999, 59.41508400000001, 68.90731199999999, 22.237190999999996, 104.50316700000002, 64.95221699999999, 50.97754800000001]","[1.0, 4.0, 1.0, 3.0, 0.0, 0.0, 0.0, 1.0, 0.0, 1.0, 1.0, 1.0, 0.0, 0.0, 1.0, 0.0]","[-7.0, 19.0, 13.0, 14.0, 0.0, 12.0, 10.0, 6.0, -14.0, 60.0, 9.0, 11.0, 10.0, -12.0, 10.0, 1.0]"
2,1791632385.3374004,"[-0.08712299999999118, 67.676838, 59.85453900000002, 70.313568, 0.08865900000000693, 65.47956300000001, 33.83880300000001, 36.299751000000015, 0.17654999999999177, 65.83112700000001, 59.41508400000001, 70.04989499999999, 22.237190999999996, 104.50316700000002, 64.95221699999999, 50.889657]","[0.0, 8.0, 1.0, 1.0, 0.0, 0.0, 0.0, 1.0, -1.0, 22.0, 0.0, 1.0, 0.0, 1.0, 1.0, 0.0]","[-5.0, 20.0, 14.0, 14.0, 0.0, 13.0, 10.0, 0.0, -13.0, 26.0, 10.0, 10.0, 10.0, -12.0, 10.0, 9.0]"
2,1791632385.5634792,"[-0.08712299999999118, 68.555748, 59.85453900000002, 71.54404199999999, 0.08865900000000693, 65.47956300000001, 33.83880300000001, 36.299751000000015, 0.17654999999999177, 69.08309400000002, 59.50297499999999, 71.192478, 22.237190999999996, 104.50316700000002, 64.95221699999999, 50.889657]","[0.0, 1.0, 1.0, 2.0, 0.0, 0.0, 0.0, 1.0, 0.0, 1.0, 1.0, 3.0, 0.0, 1.0, 1.0, 0.0]","[0.0, 22.0, 13.0, 13.0, 0.0, 13.0, 10.0, 0.0, -14.0, 19.0, 9.0, 11.0, 9.0, -11.0, 10.0, 9.0]"
2,1791632385.784049,"[-0.08712299999999118, 68.995203, 59.85453900000002, 72.335061, 0.08865900000000693, 65.47956300000001, 33.83880300000001, 36.299751000000015, 0.17654999999999177, 69.874113, 59.50297499999999, 72.159279, 22.237190999999996, 104.50316700000002, 64.95221699999999, 50.97754800000001]","[0.0, 6.0, 1.0, 1.0, 0.0, 0.0, 0.0, 1.0, 0.0, 0.0, 1.0, 2.0, 0.0, 1.0, 1.0, 0.0]","[0.0, 23.0, 14.0, 13.0, 0.0, 13.0, 9.0, 0.0, -14.0, 20.0, 10.0, 10.0, 9.0, -12.0, 10.0, 7.0]"
2,1791632386.0100188,"[-0.08712299999999118, 69.170985, 59.85453900000002, 73.301862, 0.08865900000000693, 65.47956300000001, 33.83880300000001, 36.21186, 0.17654999999999177, 70.75302300000001, 59.50297499999999, 73.03818900000002, 22.237190999999996, 104.50316700000002, 64.95221699999999, 50.889657]","[0.0, 1.0, 1.0, 1.0, 0.0, 0.0, 0.0, 0.0, 0.0, 1.0, 1.0, 2.0, 0.0, 1.0, 1.0, 0.0]","[0.0, 29.0, 14.0, 14.0, 0.0, 13.0, 9.0, 2.0, -14.0, 20.0, 9.0, 10.0, 10.0, -11.0, 10.0, 11.0]"
2,1791632386.234921,"[-0.08712299999999118, 70.57724100000001, 59.85453900000002, 74.35655400000002, 0.08865900000000693, 65.47956300000001, 33.83880300000001, 36.299751000000015, 0.17654999999999177, 71.983497, 59.50297499999999, 74.092881, 22.237190999999996, 104.50316700000002, 64.95221699999999, 50.889657]","[1.0, 1.0, 1.0, 1.0, 0.0, 0.0, 0.0, 1.0, 0.0, 3.0, 1.0, 4.0, 0.0, 1.0, 1.0, 0.0]","[0.0, 29.0, 13.0, 14.0, 0.0, 13.0, 10.0, 0.0, -14.0, 19.0, 9.0, 11.0, 10.0, -12.0, 10.0, 11.0]"
2,1791632386.4597678,"[-0.08712299999999118, 71.456151, 59.85453900000002, 75.32335499999999, 0.08865900000000693, 65.47956300000001, 33.83880300000001, 36.299751000000015, 0.17654999999999177, 73.21397100000002, 59.50297499999999, 74.971791, 22.237190999999996, 104.50316700000002, 64.95221699999999, 50.97754800000001]","[0.0, 1.0, 1.0, 2.0, 0.0, 0.0, 0.0, 1.0, 0.0, 3.0, 1.0, 1.0, 0.0, 1.0, 1.0, 1.0]","[9.0, 29.0, 14.0, 14.0, 0.0, 13.0, 9.0, 0.0, -14.0, 18.0, 9.0, 11.0, 9.0, -11.0, 9.0, 0.0]"
2,1791632386.6837308,"[-0.08712299999999118, 72.07138800000001, 59.85453900000002, 76.37804699999998, 0.08865900000000693, 65.47956300000001, 33.83880300000001, 36.299751000000015, 0.17654999999999177, 74.268663, 59.50297499999999, 76.02648299999998, 22.237190999999996, 104.59105799999998, 64.95221699999999, 50.889657]","[0.0, 1.0, 1.0, 3.0, 0.0, 0.0, 0.0, 1.0, 0.0, 2.0, 1.0, 2.0, 0.0, 1.0, 1.0, 1.0]","[8.0, 31.0, 13.0, 14.0, 0.0, 13.0, 10.0, 0.0, -14.0, 17.0, 9.0, 10.0, 9.0, -12.0, 11.0, 8.0]"
2,1791632386.9077067,"[-0.08712299999999118, 72.950298, 59.85453900000002, 77.256957, 0.08865900000000693, 65.47956300000001, 33.83880300000001, 36.299751000000015, 0.17654999999999177, 74.53233600000002, 59.50297499999999, 77.08117500000003, 22.237190999999996, 104.50316700000002, 64.95221699999999, 50.97754800000001]","[0.0, 1.0, 1.0, 4.0, 0.0, 0.0, 0.0, 1.0, 1.0, 1.0, 1.0, 3.0, 0.0, 0.0, 1.0, 1.0]","[9.0, 31.0, 14.0, 15.0, 0.0, 13.0, 10.0, 1.0, -14.0, 22.0, 9.0, 10.0, 9.0, -11.0, 10.0, 5.0]"
2,1791632387.1316729,"[-0.08712299999999118, 73.91709900000001, 59.85453900000002, 78.31164899999999, 0.08865900000000693, 65.47956300000001, 33.83880300000001, 36.299751000000015, 0.26444100000000503, 75.76281, 59.50297499999999, 77.96008499999999, 22.237190999999996, 104.50316700000002, 64.95221699999999, 50.889657]","[0.0, 1.0, 1.0, 2.0, 0.0, 0.0, 0.0, 1.0, 0.0, 3.0, 1.0, 4.0, 0.0, 1.0, 1.0, 0.0]","[8.0, 32.0, 14.0, 14.0, 0.0, 13.0, 10.0, 0.0, -14.0, 20.0, 9.0, 12.0, 10.0, -11.0, 11.0, 10.0]"
2,1791632387.3517568,"[-0.08712299999999118, 74.35655400000002, 59.85453900000002, 79.27845000000002, 0.08865900000000693, 65.47956300000001, 33.83880300000001, 36.299751000000015, 0.17654999999999177, 77.43273900000003, 59.50297499999999, 78.83899500000001, 22.237190999999996, 104.50316700000002, 64.95221699999999, 50.97754800000001]","[0.0, 1.0, 1.0, 2.0, 0.0, 0.0, 0.0, 1.0, 1.0, 6.0, 1.0, 3.0, 0.0, 0.0, 1.0, 1.0]","[8.0, 36.0, 13.0, 14.0, 0.0, 13.0, 10.0, 0.0, -14.0, 16.0, 9.0, 11.0, 10.0, -12.0, 10.0, 1.0]"
2,1791632387.5770488,"[-0.08712299999999118, 75.411246, 59.85453900000002, 80.245251, 0.08865900000000693, 65.47956300000001, 33.83880300000001, 36.21186, 0.17654999999999177, 78.48743100000002, 59.50297499999999, 79.893687, 22.237190999999996, 104.50316700000002, 64.95221699999999, 50.97754800000001]","[1.0, 1.0, 1.0, 1.0, 1.0, 0.0, 0.0, 1.0, 0.0, 1.0, 1.0, 2.0, 0.0, 0.0, 1.0, 1.0]","[9.0, 36.0, 14.0, 14.0, 0.0, 12.0, 9.0, 1.0, -14.0, 16.0, 10.0, 11.0, 10.0, -11.0, 10.0, 2.0]"
2,1791632387.8035917,"[-0.17501400000000444, 76.37804699999998, 59.85453900000002, 81.29994299999998, 0.08865900000000693, 65.47956300000001, 33.83880300000001, 36.299751000000015, 0.17654999999999177, 79.27845000000002, 59.50297499999999, 80.77259700000002, 22.237190999999996, 104.59105799999998, 64.95221699999999, 50.889657]","[0.0, 1.0, 1.0, 2.0, 1.0, 0.0, 0.0, 1.0, 0.0, 1.0, 1.0, 1.0, 0.0, 0.0, 1.0, 0.0]","[9.0, 36.0, 13.0, 14.0, 0.0, 12.0, 10.0, 1.0, -15.0, 18.0, 10.0, 11.0, 9.0, -11.0, 10.0, 7.0]"
2,1791632388.0243928,"[-0.17501400000000444, 76.99328400000002, 59.85453900000002, 82.26674400000002, 0.08865900000000693, 65.47956300000001, 33.83880300000001, 36.299751000000015, 0.17654999999999177, 80.50892399999998, 59.50297499999999, 81.91518000000002, 22.237190999999996, 104.50316700000002, 64.95221699999999, 50.889657]","[0.0, 2.0, 1.0, 3.0, 1.0, 0.0, 0.0, 1.0, 0.0, 3.0, 0.0, 3.0, 0.0, 1.0, 1.0, 0.0]","[8.0, 41.0, 13.0, 15.0, 0.0, 13.0, 10.0, 0.0, -14.0, 17.0, 9.0, 11.0, 10.0, -12.0, 10.0, 13.0]"
2,1791632388.248252,"[-0.17501400000000444, 77.78430300000002, 59.85453900000002, 83.23354499999999, 0.08865900000000693, 65.47956300000001, 33.83880300000001, 36.299751000000015, 0.17654999999999177, 81.739398, 59.50297499999999, 82.79408999999998, 22.237190999999996, 104.50316700000002, 64.95221699999999, 50.97754800000001]","[0.0, 3.0, 1.0, 3.0, 1.0, 1.0, 0.0, 0.0, 0.0, 3.0, 0.0, 1.0, 0.0, 0.0, 1.0, 1.0]","[9.0, 43.0, 14.0, 15.0, 0.0, 13.0, 9.0, 2.0, -14.0, 16.0, 9.0, 11.0, 9.0, -11.0, 10.0, 10.0]"
2,1791632388.4756374,"[-0.17501400000000444, 77.96008499999999, 59.85453900000002, 84.11245500000001, 0.08865900000000693, 65.47956300000001, 33.83880300000001, 36.299751000000015, 0.17654999999999177, 82.881981, 59.50297499999999, 84.024564, 22.237190999999996, 104.50316700000002, 64.95221699999999, 50.97754800000001]","[0.0, 1.0, 1.0, 1.0, 1.0, 1.0, 0.0, 0.0, 0.0, 3.0, 0.0, 3.0, 0.0, 0.0, 1.0, 1.0]","[9.0, 48.0, 14.0, 15.0, 0.0, 12.0, 10.0, 4.0, -14.0, 14.0, 10.0, 10.0, 9.0, -11.0, 10.0, 10.0]"
2,1791632388.6995933,"[-0.17501400000000444, 78.92688600000002, 59.766648, 85.25503800000001, 0.08865900000000693, 65.47956300000001, 33.83880300000001, 36.299751000000015, 0.17654999999999177, 83.84878200000003, 59.50297499999999, 84.90347400000002, 22.237190999999996, 104.59105799999998, 64.95221699999999, 50.97754800000001]","[0.0, 1.0, 0.0, 1.0, 1.0, 0.0, 0.0, 1.0, 0.0, 1.0, 0.0, 2.0, 0.0, 1.0, 1.0, 1.0]","[8.0, 50.0, 13.0, 14.0, 0.0, 13.0, 10.0, 0.0, -13.0, 15.0, 9.0, 11.0, 11.0, -11.0, 10.0, 3.0]"
2,1791632388.9201736,"[-0.17501400000000444, 80.42103300000002, 59.766648, 86.48551200000003, 0.08865900000000693, 65.47956300000001, 33.83880300000001, 36.299751000000015, 0.26444100000000503, 84.815583, 59.50297499999999, 85.87027499999999, 22.237190999999996, 104.59105799999998, 64.95221699999999, 50.97754800000001]","[0.0, 1.0, 0.0, 3.0, 1.0, 1.0, 0.0, 1.0, 1.0, 2.0, 1.0, 2.0, 1.0, 2.0, 1.0, 1.0]","[8.0, 45.0, 13.0, 14.0, 0.0, 13.0, 10.0, 0.0, -14.0, 16.0, 9.0, 11.0, 9.0, -12.0, 10.0, 7.0]"
2,1791632389.147509,"[-0.17501400000000444, 81.21205200000003, 59.766648, 87.36442199999999, 0.08865900000000693, 65.47956300000001, 33.83880300000001, 36.299751000000015, 0.26444100000000503, 86.13394799999998, 59.590866000000005, 86.92496699999998, 22.237190999999996, 104.50316700000002, 64.95221699999999, 50.889657]","[0.0, 1.0, 0.0, 3.0, 1.0, 1.0, 0.0, 1.0, 1.0, 4.0, 1.0, 2.0, 1.0, 0.0, 1.0, 1.0]","[8.0, 49.0, 14.0, 14.0, 0.0, 13.0, 10.0, 1.0, -14.0, 16.0, 9.0, 11.0, 9.0, -11.0, 10.0, 12.0]"
2,1791632389.371,"[-0.17501400000000444, 82.26674400000002, 59.766648, 88.41911399999998, 0.08865900000000693, 65.47956300000001, 33.83880300000001, 36.299751000000015, 0.17654999999999177, 87.36442199999999, 59.590866000000005, 87.54020400000002, 22.237190999999996, 104.59105799999998, 64.95221699999999, 50.889657]","[0.0, 3.0, 0.0, 3.0, 1.0, 1.0, 0.0, 0.0, 1.0, 3.0, 1.0, 1.0, 1.0, 1.0, 1.0, 1.0]","[9.0, 48.0, 14.0, 14.0, 0.0, 13.0, 9.0, 0.0, -14.0, 15.0, 8.0, 13.0, 9.0, -12.0, 10.0, 12.0]"
2,1791632389.5954373,"[-0.17501400000000444, 82.35463500000003, 59.766648, 88.77067799999998, 0.08865900000000693, 65.47956300000001, 33.83880300000001, 36.21186, 0.17654999999999177, 88.33122300000002, 59.590866000000005, 88.68278700000002, 22.237190999999996, 104.59105799999998, 64.95221699999999, 50.889657]","[0.0, 1.0, 0.0, 1.0, 1.0, 1.0, 0.0, 1.0, 1.0, 2.0, 1.0, 3.0, 1.0, 1.0, 1.0, 0.0]","[8.0, 54.0, 14.0, 15.0, 0.0, 12.0, 10.0, 4.0, -14.0, 13.0, 10.0, 11.0, 9.0, -11.0, 10.0, 13.0]"
2,1791632389.8168101,"[-0.17501400000000444, 83.23354499999999, 59.766648, 89.21013299999998, 0.08865900000000693, 65.47956300000001, 33.83880300000001, 36.21186, 0.17654999999999177, 89.298024, 59.590866000000005, 88.77067799999998, 22.237190999999996, 104.50316700000002, 64.95221699999999, 50.889657]","[0.0, 5.0, 0.0, 2.0, 1.0, 1.0, 0.0, 0.0, 1.0, 3.0, 1.0, 1.0, 1.0, 1.0, 1.0, 0.0]","[8.0, 56.0, 14.0, 13.0, 0.0, 12.0, 10.0, 2.0, -14.0, 13.0, 9.0, 12.0, 9.0, -11.0, 10.0, 13.0]"
2,1791632390.0434387,"[-0.17501400000000444, 83.76089100000002, 59.67875699999999, 89.298024, 0.08865900000000693, 65.47956300000001, 33.83880300000001, 36.299751000000015, 0.17654999999999177, 90.440607, 59.590866000000005, 88.77067799999998, 22.237190999999996, 104.50316700000002, 64.95221699999999, 50.889657]","[0.0, 1.0, 0.0, 1.0, 1.0, 1.0, 0.0, 1.0, 0.0, 3.0, 1.0, 1.0, 1.0, 0.0, 1.0, 0.0]","[8.0, 61.0, 14.0, 14.0, 0.0, 13.0, 10.0, 0.0, -14.0, 13.0, 10.0, 11.0, 9.0, -10.0, 10.0, 13.0]"
2,1791632390.265423,"[-0.17501400000000444, 84.72769199999999, 59.67875699999999, 89.38591500000001, 0.08865900000000693, 65.47956300000001, 33.83880300000001, 36.21186, 0.26444100000000503, 91.58319, 59.590866000000005, 88.77067799999998, 22.237190999999996, 104.50316700000002, 64.95221699999999, 50.889657]","[0.0, 3.0, 0.0, 1.0, 1.0, 1.0, 0.0, 0.0, 1.0, 3.0, 1.0, 1.0, 1.0, 0.0, 1.0, 0.0]","[9.0, 65.0, 14.0, 14.0, 0.0, 13.0, 11.0, 4.0, -14.0, 12.0, 9.0, 11.0, 9.0, -12.0, 9.0, 10.0]"
2,1791632390.4885097,"[-0.17501400000000444, 84.815583, 59.67875699999999, 89.38591500000001, 0.08865900000000693, 65.47956300000001, 33.83880300000001, 36.299751000000015, 0.17654999999999177, 92.63788199999999, 59.50297499999999, 88.77067799999998, 22.237190999999996, 104.50316700000002, 64.95221699999999, 50.889657]","[0.0, 1.0, 0.0, 1.0, 1.0, 1.0, 0.0, 1.0, 1.0, 1.0, 0.0, 1.0, 1.0, 1.0, 1.0, 0.0]","[8.0, 75.0, 15.0, 13.0, 0.0, 13.0, 10.0, 0.0, -14.0, 13.0, 9.0, 11.0, 9.0, -11.0, 10.0, 13.0]"
2,1791632390.7115674,"[-0.17501400000000444, 85.78238399999998, 59.67875699999999, 89.38591500000001, 0.08865900000000693, 65.47956300000001, 33.83880300000001, 36.299751000000015, 0.26444100000000503, 93.34100999999998, 59.590866000000005, 88.77067799999998, 22.237190999999996, 104.50316700000002, 64.95221699999999, 50.97754800000001]","[0.0, 4.0, 0.0, 1.0, 1.0, 1.0, 0.0, 0.0, 1.0, 1.0, 1.0, 1.0, 1.0, 0.0, 1.0, 1.0]","[9.0, 75.0, 14.0, 14.0, 0.0, 12.0, 10.0, 0.0, -15.0, 13.0, 9.0, 11.0, 9.0, -12.0, 11.0, 7.0]"
3,1791632392.7314322,"[-0.08712299999999118, -4.92112800000001, -1.1418150000000082, -0.17501400000000444, -0.08712299999999118, -4.657454999999999, 0.26444100000000503, -0.17501400000000444, 0.17654999999999177, -5.272692000000006, -1.053923999999995, 0.3523319999999899, -1.8449430000000007, 177.98004300000002, 40.518519, 25.928613000000013]","[0.0, 0.0, 0.0, 1.0, 0.0, 1.0, 0.0, 0.0, 1.0, 1.0, 1.0, 0.0, 0.0, 0.0, 0.0, 0.0]","[0.0, 39.0, 16.0, 13.0, 0.0, 30.0, -11.0, 10.0, -14.0, 37.0, 10.0, -11.0, 13.0, 17.0, -11.0, -15.0]"
3,1791632392.9551866,"[-0.7023599999999988, -4.745346000000012, -0.790251000000012, -0.08712299999999118, -0.08712299999999118, -4.657454999999999, 0.7917869999999994, 0.0007679999999936626, 0.7038960000000145, -4.833236999999997, -0.9660330000000101, 0.44022300000000314, -1.8449430000000007, 177.71636999999998, 40.518519, 26.016503999999998]","[-1.0, 1.0, 1.0, 1.0, 0.0, 1.0, 1.0, 1.0, 1.0, 1.0, 1.0, 1.0, 0.0, 0.0, 1.0, 1.0]","[-10.0, 48.0, 18.0, 15.0, 0.0, 47.0, 10.0, 11.0, 14.0, 51.0, 14.0, 9.0, 18.0, -12.0, 11.0, 3.0]"
3,1791632393.1791685,"[-1.4933790000000045, -3.514871999999997, 0.0007679999999936626, 0.7038960000000145, -0.08712299999999118, -3.514871999999997, 1.4949149999999918, 0.08865900000000693, 1.6706969999999899, -4.833236999999997, -0.6144689999999855, 0.6160050000000012, -1.8449430000000007, 177.452697, 40.694300999999996, 26.368067999999994]","[0.0, 1.0, 2.0, 3.0, 0.0, 1.0, 2.0, 1.0, 2.0, 1.0, 1.0, 1.0, 0.0, 1.0, 1.0, 1.0]","[-9.0, 56.0, 19.0, 16.0, 0.0, 55.0, 11.0, 14.0, 14.0, 70.0, 16.0, 12.0, 24.0, -23.0, 13.0, 14.0]"
3,1791632393.4005618,"[-2.6359620000000064, -1.053923999999995, 0.8796780000000126, 1.582806000000005, -0.08712299999999118, -1.4933790000000045, 2.0222610000000145, 1.6706969999999899, 2.6374979999999937, -1.6691610000000026, 0.44022300000000314, 1.0554600000000107, -1.7570519999999874, 176.661678, 40.95797400000001, 27.159087]","[-2.0, 5.0, 1.0, 3.0, 0.0, 5.0, 1.0, 3.0, 3.0, 5.0, 5.0, 1.0, 1.0, 0.0, 1.0, 1.0]","[-9.0, 56.0, 19.0, 16.0, 0.0, 51.0, 12.0, 14.0, 13.0, 58.0, 15.0, 14.0, 30.0, -38.0, 14.0, 15.0]"
3,1791632393.6250684,"[-3.60276300000001, -1.053923999999995, 1.7585880000000031, 2.6374979999999937, -0.08712299999999118, 0.7917869999999994, 2.813279999999992, 2.4617159999999956, 3.6921900000000107, 0.08865900000000693, 1.6706969999999899, 2.0222610000000145, -1.6691610000000026, 173.233929, 42.188447999999994, 28.03799699999999]","[0.0, 1.0, 1.0, 3.0, 0.0, 7.0, 1.0, 3.0, 1.0, 1.0, 3.0, 2.0, 1.0, -3.0, 1.0, 1.0]","[-9.0, 74.0, 20.0, 16.0, 0.0, 49.0, 12.0, 12.0, 14.0, 64.0, 16.0, 15.0, 38.0, -38.0, 14.0, 15.0]"
3,1791632393.851089,"[-4.5695639999999855, 2.6374979999999937, 2.901171000000005, 3.6042989999999975, -0.08712299999999118, 2.4617159999999956, 3.6921900000000107, 3.4285169999999994, 3.7800809999999956, 1.3191329999999937, 1.846478999999988, 2.98906199999999, 0.26444100000000503, 169.80617999999998, 42.188447999999994, 29.268471000000005]","[-1.0, 6.0, 3.0, 1.0, 0.0, 5.0, 3.0, 1.0, 1.0, 8.0, 1.0, 3.0, 4.0, -7.0, 1.0, 3.0]","[-9.0, 50.0, 18.0, 17.0, 0.0, 58.0, 13.0, 13.0, 16.0, 66.0, 17.0, 13.0, 29.0, -30.0, 17.0, 15.0]"
3,1791632394.0735905,"[-5.4484740000000045, 2.6374979999999937, 3.7800809999999956, 4.571100000000001, -0.08712299999999118, 2.4617159999999956, 4.483208999999988, 4.395318000000003, 5.713683000000003, 4.571100000000001, 3.5164080000000126, 4.131644999999992, 0.7038960000000145, 168.487815, 44.38572300000001, 29.268471000000005]","[0.0, 1.0, 4.0, 2.0, 0.0, 1.0, 1.0, 1.0, 4.0, 8.0, 5.0, 1.0, 5.0, 0.0, 4.0, 0.0]","[-9.0, 78.0, 20.0, 15.0, 0.0, 83.0, 14.0, 13.0, 13.0, 52.0, 16.0, 14.0, 30.0, -46.0, 13.0, 15.0]"
3,1791632394.297024,"[-6.327383999999995, 6.328920000000011, 4.9226639999999975, 5.713683000000003, -0.08712299999999118, 6.592592999999994, 5.362119000000007, 5.274227999999994, 6.504702000000009, 4.6589910000000145, 4.30742699999999, 4.9226639999999975, 2.2859339999999975, 164.79639300000002, 45.528306000000015, 29.268471000000005]","[-1.0, 8.0, 4.0, 3.0, 0.0, 8.0, 1.0, 1.0, 2.0, 1.0, 1.0, 1.0, 1.0, -9.0, 2.0, 0.0]","[-10.0, 52.0, 20.0, 16.0, 0.0, 55.0, 14.0, 14.0, 14.0, 80.0, 17.0, 14.0, 31.0, -37.0, 14.0, 14.0]"
3,1791632394.5198588,"[-7.469966999999997, 8.701977, 5.889465000000001, 6.680484000000007, -0.08712299999999118, 8.26252199999999, 6.504702000000009, 6.592592999999994, 7.2957210000000146, 8.614086000000015, 5.537901000000005, 6.2410289999999975, 3.164843999999988, 161.720208, 46.67088899999999, 29.268471000000005]","[-2.0, 4.0, 1.0, 4.0, 0.0, 1.0, 3.0, 1.0, 6.0, 11.0, 4.0, 3.0, 1.0, -5.0, 3.0, 0.0]","[-10.0, 55.0, 20.0, 16.0, 0.0, 60.0, 14.0, 12.0, 14.0, 51.0, 16.0, 14.0, 31.0, -37.0, 14.0, 14.0]"
3,1791632394.7435522,"[-8.524658999999986, 10.371905999999996, 6.504702000000009, 7.647285000000011, -0.08712299999999118, 10.371905999999996, 7.207830000000001, 7.735175999999996, 8.614086000000015, 9.668778000000003, 5.9773560000000145, 7.207830000000001, 4.395318000000003, 158.204568, 47.54979900000001, 29.35636199999999]","[-1.0, 2.0, 7.0, 2.0, 0.0, 2.0, 5.0, 1.0, 1.0, 1.0, 7.0, 3.0, 3.0, -3.0, 3.0, 0.0]","[-10.0, 61.0, 20.0, 16.0, 0.0, 53.0, 14.0, 11.0, 14.0, 67.0, 17.0, 13.0, 30.0, -36.0, 13.0, 15.0]"
3,1791632394.97102,"[-9.49145999999999, 10.371905999999996, 7.910957999999994, 8.614086000000015, -0.08712299999999118, 11.866052999999994, 8.438303999999988, 8.701977, 9.405104999999992, 9.668778000000003, 7.471503000000013, 7.735175999999996, 4.6589910000000145, 155.47994699999998, 48.34081800000001, 29.35636199999999]","[-1.0, 1.0, 2.0, 0.0, 0.0, 2.0, 4.0, 2.0, 3.0, 1.0, 2.0, 5.0, 6.0, -3.0, 1.0, 1.0]","[-10.0, 78.0, 19.0, 16.0, 0.0, 60.0, 14.0, 12.0, 14.0, 94.0, 15.0, 15.0, 33.0, -35.0, 13.0, 15.0]"
3,1791632395.1919682,"[-10.370370000000008, 14.151218999999998, 8.877758999999998, 9.756668999999988, -0.08712299999999118, 14.23911000000001, 9.317214000000007, 9.492996000000005, 10.635579000000007, 13.887546000000015, 8.438303999999988, 9.229322999999994, 6.680484000000007, 152.40376200000003, 49.13183699999999, 29.268471000000005]","[-1.0, 6.0, 3.0, 4.0, 0.0, 7.0, 1.0, 1.0, 3.0, 19.0, 3.0, 3.0, 2.0, -4.0, 8.0, 0.0]","[-10.0, 58.0, 19.0, 15.0, 0.0, 52.0, 14.0, 13.0, 15.0, 54.0, 17.0, 13.0, 27.0, -34.0, 14.0, 15.0]"
3,1791632395.4159958,"[-11.161388999999986, 15.909039000000007, 9.932451000000015, 10.723469999999992, -0.08712299999999118, 16.436385, 10.28401500000001, 10.723469999999992, 11.514488999999998, 14.678564999999992, 9.229322999999994, 10.020342, 7.910957999999994, 150.20648699999998, 50.538093, 29.35636199999999]","[-3.0, 7.0, 3.0, 2.0, 0.0, 5.0, 1.0, 5.0, 1.0, 4.0, 1.0, 2.0, 5.0, 0.0, 3.0, 1.0]","[-9.0, 56.0, 19.0, 16.0, 0.0, 55.0, 14.0, 12.0, 13.0, 80.0, 17.0, 13.0, 25.0, -42.0, 13.0, 14.0]"
3,1791632395.6429331,"[-12.303971999999987, 18.282095999999996, 10.987143000000003, 11.60238000000001, -0.08712299999999118, 18.545769000000007, 11.162925000000001, 11.514488999999998, 12.657072, 18.545769000000007, 10.196123999999998, 11.075033999999988, 8.526195000000001, 147.21819299999999, 51.50489400000001, 29.35636199999999]","[0.0, 3.0, 3.0, 3.0, 0.0, 8.0, 5.0, 1.0, 2.0, 10.0, 5.0, 2.0, 3.0, -3.0, 3.0, 0.0]","[-9.0, 58.0, 19.0, 16.0, 0.0, 53.0, 14.0, 13.0, 13.0, 56.0, 15.0, 13.0, 26.0, -42.0, 13.0, 14.0]"
3,1791632395.8654218,"[-13.358664000000005, 20.303588999999988, 11.778162000000009, 12.744963000000013, -0.08712299999999118, 20.303588999999988, 12.393398999999988, 12.744963000000013, 13.623873000000003, 19.248897, 11.338707, 12.129726000000005, 9.668778000000003, 143.526771, 52.29591300000001, 29.268471000000005]","[-3.0, 5.0, 1.0, 3.0, 0.0, 3.0, 4.0, 4.0, 2.0, 1.0, 1.0, 4.0, 6.0, -8.0, 1.0, 0.0]","[-10.0, 50.0, 20.0, 16.0, 0.0, 57.0, 14.0, 12.0, 14.0, 72.0, 16.0, 12.0, 25.0, -34.0, 13.0, 14.0]"
3,1791632396.0902455,"[-14.237573999999995, 22.14930000000001, 12.744963000000013, 13.623873000000003, -0.08712299999999118, 22.32508200000001, 13.360199999999992, 13.711763999999988, 14.502782999999994, 22.14930000000001, 11.953944000000007, 13.008635999999996, 10.811361000000005, 140.450586, 53.526387, 29.35636199999999]","[1.0, 8.0, 2.0, 3.0, 0.0, 10.0, 2.0, 2.0, 2.0, 13.0, 1.0, 4.0, 1.0, -2.0, 4.0, 1.0]","[-10.0, 56.0, 19.0, 15.0, 0.0, 52.0, 13.0, 12.0, 14.0, 54.0, 17.0, 13.0, 25.0, -36.0, 13.0, 14.0]"
3,1791632396.3148813,"[-15.292266000000012, 23.995011000000005, 13.887546000000015, 14.502782999999994, -0.08712299999999118, 24.96181200000001, 14.327000999999996, 14.502782999999994, 15.733257000000009, 24.610248000000013, 13.53598199999999, 13.799655000000001, 11.778162000000009, 137.198619, 54.58107900000002, 29.35636199999999]","[0.0, 6.0, 1.0, 2.0, 0.0, 3.0, 1.0, 1.0, 3.0, 4.0, 1.0, 1.0, 1.0, -3.0, 3.0, 1.0]","[-10.0, 59.0, 19.0, 16.0, 0.0, 53.0, 13.0, 13.0, 13.0, 56.0, 17.0, 15.0, 27.0, -33.0, 13.0, 15.0]"
3,1791632396.5354617,"[-16.52274, 24.08290199999999, 15.030128999999988, 15.55747500000001, -0.08712299999999118, 26.71963199999999, 15.55747500000001, 16.084821000000005, 16.612167, 26.895413999999988, 13.799655000000001, 14.85434699999999, 13.008635999999996, 133.85876100000002, 55.635771000000005, 29.35636199999999]","[-1.0, 1.0, 3.0, 1.0, 0.0, 8.0, 3.0, 4.0, 1.0, 5.0, 4.0, 2.0, 2.0, -7.0, 1.0, 1.0]","[-9.0, 79.0, 19.0, 15.0, 0.0, 49.0, 13.0, 12.0, 14.0, 52.0, 16.0, 15.0, 24.0, -30.0, 13.0, 15.0]"
3,1791632396.7619364,"[-17.489541000000003, 29.004797999999994, 15.909039000000007, 16.524276000000015, -0.08712299999999118, 29.004797999999994, 16.612167, 16.787948999999998, 17.578968000000003, 28.653233999999998, 15.55747500000001, 15.996929999999992, 13.711763999999988, 130.51890300000002, 56.514680999999996, 29.35636199999999]","[-1.0, 13.0, 3.0, 3.0, 0.0, 5.0, 2.0, 1.0, 1.0, 1.0, 4.0, 2.0, 5.0, -5.0, 1.0, 1.0]","[-9.0, 47.0, 19.0, 16.0, 0.0, 50.0, 13.0, 12.0, 14.0, 56.0, 15.0, 14.0, 27.0, -28.0, 13.0, 14.0]"
3,1791632396.9853208,"[-18.807906000000003, 31.114182, 17.139512999999994, 17.403186000000005, -0.08712299999999118, 30.586836000000005, 17.75475, 18.018423000000013, 18.633659999999992, 28.653233999999998, 15.645365999999996, 16.963730999999996, 15.205911000000015, 127.44271800000001, 57.74515500000001, 29.35636199999999]","[-2.0, 8.0, 4.0, 1.0, 1.0, 3.0, 4.0, 3.0, 2.0, 1.0, 1.0, 4.0, 4.0, -3.0, 4.0, 0.0]","[-9.0, 46.0, 18.0, 16.0, 0.0, 53.0, 13.0, 11.0, 14.0, 80.0, 19.0, 15.0, 24.0, -31.0, 12.0, 14.0]"
3,1791632397.2108362,"[-19.686815999999993, 32.87200200000001, 18.19420500000001, 18.545769000000007, -0.08712299999999118, 33.223566000000005, 18.36998700000001, 18.897333000000003, 19.248897, 33.13567499999999, 17.75475, 18.106313999999998, 15.55747500000001, 124.89387900000003, 58.88773800000001, 29.35636199999999]","[0.0, 7.0, 3.0, 4.0, 1.0, 7.0, 4.0, 2.0, 7.0, 13.0, 6.0, 3.0, 1.0, -4.0, 2.0, 1.0]","[-9.0, 50.0, 18.0, 15.0, -2.0, 45.0, 14.0, 12.0, 15.0, 44.0, 14.0, 13.0, 28.0, -30.0, 12.0, 14.0]"
3,1791632397.4319437,"[-20.74150800000001, 35.33295000000001, 19.161006000000015, 19.51257000000001, -0.08712299999999118, 34.981386000000015, 18.985223999999988, 19.864134000000007, 20.567262, 33.13567499999999, 18.545769000000007, 18.897333000000003, 15.821147999999994, 122.432931, 59.85453900000002, 29.35636199999999]","[-2.0, 9.0, 2.0, 2.0, 1.0, 2.0, 1.0, 2.0, 1.0, 1.0, 1.0, 1.0, 1.0, -2.0, 1.0, 1.0]","[-9.0, 42.0, 17.0, 16.0, -7.0, 50.0, 16.0, 12.0, 15.0, 72.0, 16.0, 13.0, 27.0, -36.0, 12.0, 14.0]"
3,1791632397.6554213,"[-21.7962, 37.178661000000005, 20.39148, 20.479371000000015, 0.0007679999999936626, 37.44233399999999, 20.12780699999999, 20.743043999999998, 21.885627, 37.44233399999999, 19.952024999999992, 20.215698000000003, 15.821147999999994, 118.38994500000001, 60.909231000000005, 29.35636199999999]","[0.0, 6.0, 3.0, 3.0, 1.0, 5.0, 2.0, 1.0, 3.0, 12.0, 4.0, 3.0, 1.0, -5.0, 3.0, 1.0]","[-9.0, 46.0, 17.0, 16.0, -11.0, 47.0, 15.0, 13.0, 14.0, 44.0, 12.0, 13.0, 27.0, -28.0, 12.0, 14.0]"
3,1791632397.8828318,"[-22.938783, 39.46382700000001, 21.534063000000003, 21.709845, -0.08712299999999118, 39.11226300000001, 20.83093500000001, 21.885627, 22.412972999999994, 38.32124400000001, 20.83093500000001, 21.182499000000007, 15.821147999999994, 114.962196, 61.963922999999994, 29.35636199999999]","[-2.0, 6.0, 4.0, 3.0, 1.0, 1.0, 5.0, 1.0, 1.0, 1.0, 2.0, 2.0, 1.0, -5.0, 3.0, 1.0]","[0.0, 42.0, 16.0, 15.0, -1.0, 51.0, 16.0, 12.0, 15.0, 59.0, 14.0, 13.0, 27.0, -25.0, 11.0, 14.0]"
3,1791632398.1054516,"[-23.99347499999999, 41.39742899999999, 22.500864000000007, 22.500864000000007, 0.0007679999999936626, 41.92477500000001, 22.061408999999998, 22.852428000000003, 23.731337999999994, 41.92477500000001, 21.973518000000013, 22.32508200000001, 15.821147999999994, 111.886011, 62.05181400000001, 29.35636199999999]","[-1.0, 2.0, 1.0, 1.0, 1.0, 8.0, 4.0, 1.0, 6.0, 11.0, 4.0, 1.0, 1.0, -5.0, 2.0, 1.0]","[0.0, 46.0, 17.0, 16.0, -2.0, 37.0, 16.0, 12.0, 14.0, 38.0, 14.0, 13.0, 27.0, -25.0, 14.0, 14.0]"
3,1791632398.328135,"[-24.87238500000001, 43.506812999999994, 23.379773999999998, 23.379773999999998, -0.08712299999999118, 44.12205, 22.588754999999992, 23.995011000000005, 24.873920999999996, 43.68259499999999, 23.116101000000015, 22.852428000000003, 15.821147999999994, 108.897717, 64.073307, 29.35636199999999]","[0.0, 10.0, 1.0, 4.0, 1.0, 6.0, 1.0, 2.0, 1.0, 7.0, 3.0, 4.0, 1.0, -1.0, 4.0, 1.0]","[-8.0, 42.0, 18.0, 16.0, 0.0, 39.0, 17.0, 12.0, 13.0, 41.0, 13.0, 14.0, 27.0, -25.0, 11.0, 15.0]"
3,1791632398.5548139,"[-25.927076999999997, 46.05565200000001, 24.434466000000015, 24.698138999999998, -0.08712299999999118, 46.49510699999999, 23.64344700000001, 24.96181200000001, 25.840722, 46.582998, 23.731337999999994, 24.170793000000003, 16.260603000000003, 105.29418600000002, 64.864326, 29.35636199999999]","[0.0, 1.0, 4.0, 3.0, 1.0, 7.0, 1.0, 2.0, 1.0, 6.0, 5.0, 2.0, 6.0, -7.0, 1.0, 1.0]","[0.0, 37.0, 17.0, 15.0, 0.0, 34.0, 16.0, 12.0, 14.0, 35.0, 14.0, 13.0, 22.0, -18.0, 12.0, 14.0]"
3,1791632398.7755537,"[-26.981768999999986, 48.252927, 25.40126699999999, 25.577048999999988, -0.08712299999999118, 48.428709, 24.96181200000001, 26.016503999999998, 26.983305, 48.077145, 25.137594000000007, 25.489158000000003, 16.436385, 102.13011, 66.09479999999999, 29.35636199999999]","[0.0, 6.0, 3.0, 3.0, 0.0, 4.0, 5.0, 3.0, 1.0, 5.0, 1.0, 3.0, 1.0, -5.0, 3.0, 1.0]","[0.0, 35.0, 19.0, 16.0, 0.0, 38.0, 14.0, 11.0, 0.0, 40.0, 14.0, 12.0, 21.0, -19.0, 11.0, 14.0]"
3,1791632399.0003822,"[-27.94856999999999, 50.362311000000005, 26.28017700000001, 26.71963199999999, -0.08712299999999118, 50.62598400000002, 25.928613000000013, 26.983305, 27.950106000000005, 51.065439, 26.10439500000001, 26.368067999999994, 16.436385, 99.05392499999999, 67.14949200000001, 29.35636199999999]","[0.0, 1.0, 1.0, 3.0, 0.0, 7.0, 2.0, 1.0, 1.0, 8.0, 1.0, 2.0, 1.0, -3.0, 2.0, 1.0]","[1.0, 38.0, 18.0, 14.0, 0.0, 31.0, 15.0, 12.0, 0.0, 31.0, 14.0, 12.0, 22.0, -20.0, 11.0, 14.0]"
3,1791632399.226642,"[-28.82748000000001, 52.64747700000001, 27.334868999999998, 27.774324000000007, -0.08712299999999118, 52.999041000000005, 27.159087, 27.774324000000007, 29.092689000000007, 52.383804, 27.246978000000013, 27.686432999999994, 16.436385, 95.80195800000001, 68.29207500000001, 29.35636199999999]","[0.0, 9.0, 2.0, 3.0, 0.0, 6.0, 2.0, 2.0, 1.0, 2.0, 3.0, 4.0, 1.0, -1.0, 1.0, 1.0]","[-9.0, 34.0, 17.0, 16.0, -1.0, 33.0, 14.0, 12.0, -15.0, 38.0, 13.0, 11.0, 21.0, -17.0, 11.0, 14.0]"
3,1791632399.450607,"[-29.97006300000001, 55.372097999999994, 28.30167, 28.829015999999996, 0.0007679999999936626, 55.196315999999996, 28.30167, 28.74112500000001, 30.05949000000001, 55.10842500000001, 28.213778999999988, 28.74112500000001, 16.436385, 92.725773, 68.995203, 29.35636199999999]","[0.0, 4.0, 1.0, 1.0, 1.0, 6.0, 2.0, 2.0, 1.0, 8.0, 1.0, 2.0, 1.0, -3.0, 1.0, 1.0]","[0.0, 34.0, 17.0, 15.0, -10.0, 28.0, 14.0, 12.0, 0.0, 29.0, 13.0, 12.0, 20.0, -19.0, 12.0, 14.0]"
3,1791632399.6719923,"[-30.936863999999986, 57.21780900000002, 29.444253000000003, 29.883708000000013, -0.08712299999999118, 57.393591000000015, 29.444253000000003, 29.971598999999998, 31.114182, 56.42679000000001, 29.444253000000003, 29.795817, 16.348493999999988, 90.96795300000002, 68.90731199999999, 29.35636199999999]","[0.0, 6.0, 3.0, 3.0, 0.0, 5.0, 3.0, 2.0, 1.0, 1.0, 2.0, 3.0, 0.0, 0.0, 0.0, 1.0]","[0.0, 32.0, 17.0, 14.0, 0.0, 28.0, 14.0, 11.0, -14.0, 37.0, 12.0, 12.0, 21.0, -30.0, 16.0, 14.0]"
3,1791632399.8972552,"[-31.991556000000003, 59.41508400000001, 30.498944999999992, 30.9384, 0.0007679999999936626, 59.67875699999999, 30.67472699999999, 31.114182, 32.080983, 59.06352000000001, 30.323162999999994, 30.762618000000003, 16.260603000000003, 88.24333200000001, 68.819421, 29.268471000000005]","[0.0, 3.0, 1.0, 1.0, 1.0, 6.0, 2.0, 2.0, 1.0, 10.0, 2.0, 2.0, 0.0, -4.0, 0.0, 0.0]","[0.0, 31.0, 17.0, 15.0, -11.0, 26.0, 13.0, 11.0, -1.0, 29.0, 14.0, 11.0, 23.0, -27.0, 22.0, 15.0]"
3,1791632400.1208518,"[-32.95835700000001, 61.612359, 31.55363700000001, 31.905201000000005, 0.0007679999999936626, 61.963922999999994, 31.817309999999992, 31.99309199999999, 33.04778400000001, 61.612359, 31.465745999999996, 31.817309999999992, 16.17271199999999, 85.07925599999999, 68.73152999999999, 29.180579999999992]","[0.0, 8.0, 3.0, 1.0, 1.0, 4.0, 4.0, 1.0, 1.0, 3.0, 3.0, 3.0, 0.0, -4.0, 0.0, 0.0]","[0.0, 24.0, 17.0, 15.0, -2.0, 24.0, 11.0, 11.0, 0.0, 29.0, 12.0, 12.0, 24.0, -27.0, 29.0, 15.0]"
3,1791632400.3469677,"[-34.013048999999995, 64.073307, 32.69622000000001, 32.959892999999994, -0.08712299999999118, 64.33698000000001, 32.784110999999996, 32.87200200000001, 34.01458500000001, 63.897525, 32.608329, 32.52043800000001, 16.17271199999999, 83.93667299999998, 68.73152999999999, 29.180579999999992]","[0.0, 5.0, 3.0, 3.0, 1.0, 5.0, 3.0, 1.0, 0.0, 4.0, 3.0, 2.0, 0.0, -3.0, 0.0, 0.0]","[0.0, 23.0, 16.0, 15.0, -2.0, 22.0, 12.0, 11.0, -4.0, 26.0, 11.0, 12.0, 25.0, -25.0, 37.0, 15.0]"
3,1791632400.5678797,"[-35.06774100000001, 66.09479999999999, 33.750912, 34.102475999999996, -0.08712299999999118, 65.65534500000001, 33.48723899999999, 33.926694, 35.069277, 66.00690900000001, 33.663021000000015, 33.663021000000015, 15.381693000000013, 84.024564, 68.555748, 29.180579999999992]","[0.0, 6.0, 3.0, 3.0, 1.0, 1.0, 0.0, 1.0, 1.0, 1.0, 1.0, 2.0, 0.0, 1.0, 0.0, 0.0]","[0.0, 21.0, 16.0, 15.0, -7.0, 28.0, 14.0, 12.0, 0.0, 26.0, 12.0, 12.0, 11.0, 0.0, 10.0, 13.0]"
3,1791632400.794522,"[-35.946651, 66.534255, 34.717713, 35.069277, 0.0007679999999936626, 65.83112700000001, 33.399348, 34.45403999999999, 36.12396899999999, 66.00690900000001, 34.80560399999999, 34.717713, 15.381693000000013, 84.024564, 68.555748, 29.180579999999992]","[0.0, 1.0, 1.0, 2.0, 0.0, 1.0, 0.0, 1.0, 1.0, 1.0, 4.0, 3.0, 0.0, 1.0, 0.0, 0.0]","[-3.0, 19.0, 16.0, 15.0, -9.0, 44.0, 14.0, 13.0, -9.0, 26.0, 11.0, 12.0, 11.0, 0.0, 11.0, 14.0]"
3,1791632401.0160263,"[-37.00134299999999, 66.534255, 35.860296000000005, 35.94818699999999, 0.0007679999999936626, 66.358473, 33.399348, 35.069277, 37.00287900000001, 66.00690900000001, 35.596622999999994, 34.717713, 15.381693000000013, 84.024564, 68.555748, 29.180579999999992]","[0.0, 1.0, 2.0, 1.0, 1.0, 1.0, 0.0, 1.0, 1.0, 1.0, 2.0, 1.0, 0.0, 1.0, 0.0, 0.0]","[0.0, 20.0, 16.0, 15.0, -10.0, 54.0, 14.0, 12.0, 0.0, 26.0, 12.0, 15.0, 11.0, 0.0, 10.0, 14.0]"
3,1791632401.242381,"[-37.968143999999995, 66.534255, 36.914987999999994, 36.82709700000001, 0.0007679999999936626, 66.44636400000002, 33.399348, 35.596622999999994, 38.057570999999996, 66.00690900000001, 36.65131500000001, 36.563424, 15.381693000000013, 84.024564, 68.555748, 29.180579999999992]","[0.0, 0.0, 1.0, 1.0, 0.0, 1.0, 0.0, 1.0, 1.0, 1.0, 1.0, 1.0, 0.0, 1.0, 1.0, 0.0]","[-9.0, 21.0, 16.0, 15.0, -12.0, 67.0, 14.0, 16.0, 0.0, 26.0, 12.0, 12.0, 10.0, 0.0, 10.0, 14.0]"
3,1791632401.4657369,"[-38.847053999999986, 66.62214600000001, 38.057570999999996, 37.96968000000001, 0.0007679999999936626, 66.44636400000002, 33.399348, 36.387642, 39.024372, 66.00690900000001, 37.79389800000001, 37.354443, 15.381693000000013, 84.024564, 68.555748, 29.180579999999992]","[0.0, 1.0, 3.0, 2.0, 1.0, 1.0, 0.0, 1.0, 2.0, 1.0, 4.0, 1.0, 0.0, 1.0, 0.0, 0.0]","[-9.0, 21.0, 15.0, 15.0, -11.0, 68.0, 14.0, 16.0, 0.0, 25.0, 11.0, 12.0, 11.0, 0.0, 10.0, 13.0]"
3,1791632401.6900973,"[-40.077528, 66.534255, 39.11226300000001, 38.76069899999999, 0.0007679999999936626, 66.44636400000002, 33.399348, 37.44233399999999, 39.991173, 66.00690900000001, 38.672808, 38.58491699999999, 15.381693000000013, 84.024564, 68.555748, 29.180579999999992]","[-1.0, 0.0, 3.0, 3.0, 1.0, 1.0, 0.0, 1.0, 1.0, 1.0, 1.0, 3.0, 0.0, 1.0, 0.0, 0.0]","[-1.0, 22.0, 16.0, 15.0, -12.0, 69.0, 14.0, 16.0, 14.0, 26.0, 12.0, 12.0, 11.0, 0.0, 10.0, 14.0]"
3,1791632401.9142542,"[-40.95643799999999, 66.62214600000001, 40.166955, 39.72749999999999, 0.0007679999999936626, 66.44636400000002, 33.399348, 38.233352999999994, 40.78219200000001, 66.00690900000001, 39.63960900000001, 39.63960900000001, 15.381693000000013, 84.024564, 68.555748, 29.180579999999992]","[-3.0, 1.0, 2.0, 3.0, 1.0, 1.0, 0.0, 3.0, 6.0, 1.0, 1.0, 3.0, 0.0, 1.0, 0.0, 0.0]","[-9.0, 20.0, 16.0, 16.0, -12.0, 69.0, 14.0, 16.0, 14.0, 26.0, 11.0, 12.0, 11.0, 0.0, 10.0, 14.0]"
3,1791632402.1379318,"[-42.01113000000001, 66.62214600000001, 41.133756000000005, 40.694300999999996, 0.0007679999999936626, 66.44636400000002, 33.399348, 38.76069899999999, 41.661102, 66.00690900000001, 40.78219200000001, 40.694300999999996, 15.293802, 84.024564, 68.555748, 29.180579999999992]","[1.0, 0.0, 2.0, 1.0, 1.0, 1.0, 0.0, 1.0, 1.0, 1.0, 1.0, 3.0, 0.0, 1.0, 0.0, 0.0]","[2.0, 21.0, 15.0, 16.0, -12.0, 68.0, 14.0, 19.0, 14.0, 25.0, 11.0, 11.0, 12.0, 0.0, 10.0, 13.0]"
3,1791632402.3623877,"[-43.065822, 66.62214600000001, 42.27633900000001, 41.661102, 0.0007679999999936626, 66.358473, 33.399348, 39.991173, 43.06735800000001, 66.00690900000001, 41.92477500000001, 41.661102, 15.381693000000013, 84.024564, 68.555748, 29.180579999999992]","[0.0, 1.0, 2.0, 2.0, 1.0, 0.0, 1.0, 1.0, 2.0, 1.0, 3.0, 2.0, 1.0, 1.0, 0.0, 0.0]","[0.0, 21.0, 15.0, 15.0, -11.0, 70.0, 14.0, 17.0, 0.0, 26.0, 11.0, 12.0, 12.0, 0.0, 10.0, 13.0]"
3,1791632402.5832922,"[-44.032623, 66.62214600000001, 43.24314000000001, 42.891576000000015, 0.0007679999999936626, 66.358473, 33.31145699999999, 40.78219200000001, 43.946268, 66.00690900000001, 42.803685, 42.803685, 15.293802, 84.024564, 68.555748, 29.180579999999992]","[0.0, 1.0, 2.0, 3.0, 1.0, 0.0, 0.0, 2.0, 1.0, 1.0, 2.0, 4.0, 0.0, 1.0, 0.0, 0.0]","[0.0, 21.0, 15.0, 15.0, -12.0, 70.0, 15.0, 19.0, 13.0, 26.0, 11.0, 11.0, 11.0, 0.0, 10.0, 13.0]"
3,1791632402.81028,"[-45.08731499999999, 66.62214600000001, 44.297832, 43.68259499999999, 0.0007679999999936626, 66.358473, 33.31145699999999, 41.661102, 45.00095999999999, 66.00690900000001, 43.946268, 43.770486000000005, 15.293802, 84.024564, 68.555748, 29.180579999999992]","[0.0, 1.0, 3.0, 4.0, 1.0, 0.0, 0.0, 1.0, 1.0, 1.0, 4.0, 3.0, 0.0, 1.0, 0.0, 0.0]","[0.0, 21.0, 16.0, 15.0, -13.0, 70.0, 15.0, 17.0, -13.0, 25.0, 10.0, 11.0, 11.0, 0.0, 11.0, 14.0]"
3,1791632403.0312538,"[-46.05411599999999, 66.62214600000001, 45.088851000000005, 45.088851000000005, 0.0007679999999936626, 66.358473, 33.31145699999999, 42.71579399999999, 46.05565200000001, 66.00690900000001, 44.825177999999994, 44.825177999999994, 15.293802, 84.024564, 68.46785700000001, 29.180579999999992]","[0.0, 1.0, 1.0, 4.0, 1.0, 0.0, 0.0, 1.0, 1.0, 1.0, 1.0, 1.0, 0.0, 0.0, 0.0, 0.0]","[0.0, 21.0, 15.0, 15.0, -11.0, 71.0, 14.0, 18.0, -2.0, 26.0, 11.0, 10.0, 11.0, 0.0, 10.0, 14.0]"
3,1791632403.2571054,"[-47.020917, 66.62214600000001, 46.143542999999994, 45.967760999999996, 0.0007679999999936626, 66.358473, 33.31145699999999, 43.68259499999999, 46.934562, 66.00690900000001, 45.791979, 45.87987000000001, 15.293802, 84.024564, 68.46785700000001, 29.180579999999992]","[0.0, 1.0, 3.0, 2.0, 1.0, 0.0, 0.0, 2.0, 0.0, 1.0, 2.0, 2.0, 0.0, 0.0, 0.0, 0.0]","[0.0, 22.0, 15.0, 15.0, -12.0, 71.0, 14.0, 20.0, 0.0, 26.0, 10.0, 11.0, 10.0, 0.0, 11.0, 14.0]"
3,1791632403.481949,"[-47.811936, 66.62214600000001, 47.110344, 47.19823500000001, 0.0007679999999936626, 66.358473, 33.223566000000005, 44.73728700000001, 48.077145, 66.00690900000001, 46.934562, 47.02245300000001, 15.293802, 84.024564, 68.46785700000001, 29.180579999999992]","[-1.0, 1.0, 1.0, 2.0, 1.0, 0.0, 0.0, 4.0, 1.0, 1.0, 1.0, 2.0, 0.0, 0.0, 0.0, 0.0]","[-9.0, 21.0, 16.0, 15.0, -12.0, 71.0, 16.0, 20.0, -13.0, 25.0, 11.0, 12.0, 11.0, 0.0, 11.0, 13.0]"
3,1791632403.7042513,"[-49.04240999999999, 66.62214600000001, 48.077145, 48.165036000000015, 0.0007679999999936626, 66.27058199999999, 33.223566000000005, 45.35252399999999, 49.043946000000005, 66.00690900000001, 47.98925399999999, 47.901363, 15.293802, 84.024564, 68.46785700000001, 29.180579999999992]","[0.0, 1.0, 1.0, 1.0, 1.0, 0.0, 0.0, 1.0, 1.0, 1.0, 3.0, 1.0, 0.0, 0.0, 0.0, 0.0]","[0.0, 20.0, 15.0, 16.0, -11.0, 71.0, 16.0, 23.0, -13.0, 26.0, 10.0, 12.0, 12.0, 0.0, 11.0, 14.0]"
3,1791632403.9296322,"[-49.92132000000001, 66.62214600000001, 49.13183699999999, 49.30761899999999, 0.08865900000000693, 64.600653, 33.223566000000005, 45.35252399999999, 49.922855999999996, 66.00690900000001, 48.86816400000001, 48.95605499999999, 15.293802, 84.024564, 68.46785700000001, 29.180579999999992]","[0.0, 1.0, 3.0, 2.0, 1.0, 0.0, 0.0, 1.0, 1.0, 1.0, 3.0, 1.0, 0.0, 0.0, 0.0, 0.0]","[-8.0, 21.0, 15.0, 14.0, -4.0, 13.0, 10.0, 0.0, -3.0, 25.0, 10.0, 11.0, 11.0, 0.0, 11.0, 14.0]"
3,1791632404.152639,"[-50.976012, 66.62214600000001, 50.01074700000001, 50.538093, 0.08865900000000693, 64.600653, 33.223566000000005, 45.35252399999999, 51.15333000000001, 66.00690900000001, 49.747074, 50.098637999999994, 15.293802, 84.024564, 68.46785700000001, 29.180579999999992]","[-2.0, 1.0, 2.0, 3.0, 1.0, 0.0, 0.0, 0.0, 1.0, 1.0, 1.0, 4.0, 0.0, 0.0, 0.0, 0.0]","[-9.0, 22.0, 15.0, 14.0, 0.0, 14.0, 9.0, 0.0, -14.0, 26.0, 11.0, 10.0, 11.0, 0.0, 11.0, 14.0]"
3,1791632404.3774867,"[-51.767031, 66.62214600000001, 50.889657, 51.50489400000001, 0.17654999999999177, 64.600653, 33.223566000000005, 45.35252399999999, 52.03224, 66.00690900000001, 50.97754800000001, 50.889657, 15.293802, 84.024564, 68.46785700000001, 29.180579999999992]","[0.0, 1.0, 1.0, 2.0, 1.0, 0.0, 0.0, 1.0, 0.0, 0.0, 3.0, 3.0, 0.0, 0.0, 0.0, 0.0]","[-9.0, 21.0, 15.0, 15.0, -5.0, 15.0, 9.0, 0.0, 0.0, 25.0, 11.0, 10.0, 11.0, 0.0, 10.0, 14.0]"
3,1791632404.5994194,"[-52.909614000000005, 66.62214600000001, 52.03224, 52.47169500000001, 0.17654999999999177, 64.600653, 33.223566000000005, 45.35252399999999, 53.08693199999999, 66.00690900000001, 51.856458, 51.94434900000002, 15.293802, 84.024564, 68.46785700000001, 29.180579999999992]","[-2.0, 1.0, 2.0, 2.0, 1.0, 0.0, 0.0, 1.0, 0.0, 0.0, 1.0, 2.0, 0.0, 0.0, 0.0, 0.0]","[-9.0, 21.0, 15.0, 15.0, -1.0, 14.0, 9.0, 0.0, 0.0, 26.0, 11.0, 11.0, 11.0, 0.0, 11.0, 14.0]"
3,1791632404.8257039,"[-53.96430599999999, 66.62214600000001, 52.999041000000005, 53.526387, 0.08865900000000693, 64.600653, 33.223566000000005, 45.35252399999999, 54.053732999999994, 66.00690900000001, 52.91114999999999, 52.999041000000005, 15.293802, 84.024564, 68.46785700000001, 29.180579999999992]","[-2.0, 1.0, 1.0, 3.0, 0.0, 0.0, 0.0, 1.0, 1.0, 0.0, 3.0, 2.0, 0.0, 0.0, 0.0, 0.0]","[-8.0, 21.0, 16.0, 13.0, 0.0, 15.0, 10.0, 0.0, 0.0, 26.0, 10.0, 11.0, 13.0, 0.0, 10.0, 14.0]"
3,1791632405.0497282,"[-54.491652, 66.62214600000001, 54.053732999999994, 54.40529699999999, 0.08865900000000693, 64.600653, 33.223566000000005, 45.35252399999999, 55.020534, 66.00690900000001, 53.79006000000001, 53.79006000000001, 15.293802, 84.024564, 68.46785700000001, 29.180579999999992]","[0.0, 1.0, 3.0, 1.0, 1.0, 0.0, 0.0, 1.0, 1.0, 1.0, 1.0, 1.0, 0.0, 0.0, 1.0, 0.0]","[-9.0, 21.0, 16.0, 14.0, 0.0, 15.0, 10.0, 0.0, -2.0, 26.0, 11.0, 11.0, 11.0, 0.0, 11.0, 13.0]"
3,1791632405.2741358,"[-55.722126, 66.62214600000001, 55.10842500000001, 55.54787999999999, 0.08865900000000693, 64.600653, 33.223566000000005, 45.35252399999999, 56.163117, 66.00690900000001, 54.756861000000015, 55.020534, 15.293802, 84.024564, 68.46785700000001, 29.180579999999992]","[-2.0, 1.0, 3.0, 2.0, 1.0, 0.0, 0.0, 1.0, 1.0, 0.0, 1.0, 3.0, 0.0, 0.0, 0.0, 0.0]","[-9.0, 20.0, 16.0, 14.0, -1.0, 15.0, 9.0, 0.0, -14.0, 25.0, 11.0, 11.0, 11.0, 0.0, 11.0, 14.0]"
3,1791632405.4980838,"[-56.513144999999994, 66.62214600000001, 55.987335, 56.338899, 0.08865900000000693, 64.600653, 33.223566000000005, 45.264633, 56.954136000000005, 66.00690900000001, 55.635771000000005, 55.89944400000002, 15.293802, 84.024564, 68.46785700000001, 29.180579999999992]","[0.0, 0.0, 1.0, 3.0, 1.0, 0.0, 0.0, 0.0, 1.0, 0.0, 1.0, 3.0, 0.0, 0.0, 0.0, 0.0]","[-9.0, 21.0, 16.0, 13.0, -1.0, 13.0, 10.0, 3.0, 0.0, 26.0, 11.0, 11.0, 12.0, 0.0, 11.0, 14.0]"
3,1791632405.7208068,"[-57.304164, 66.62214600000001, 56.954136000000005, 57.129918, 0.08865900000000693, 64.600653, 33.223566000000005, 45.35252399999999, 57.92093700000001, 66.00690900000001, 56.77835400000001, 56.86624499999999, 15.293802, 84.024564, 68.46785700000001, 29.180579999999992]","[-2.0, 0.0, 1.0, 1.0, 0.0, 0.0, 0.0, 1.0, 0.0, 0.0, 4.0, 2.0, 0.0, 0.0, 0.0, 0.0]","[-9.0, 20.0, 16.0, 14.0, 0.0, 15.0, 9.0, 0.0, -1.0, 25.0, 11.0, 11.0, 11.0, 0.0, 11.0, 14.0]"
3,1791632405.9448626,"[-58.798311, 66.62214600000001, 58.09671900000001, 58.272501000000005, 0.08865900000000693, 64.600653, 33.223566000000005, 45.35252399999999, 58.975629, 66.00690900000001, 57.657264, 57.92093700000001, 15.293802, 84.024564, 68.46785700000001, 29.180579999999992]","[-1.0, 1.0, 1.0, 3.0, 1.0, 0.0, 0.0, 1.0, 1.0, 0.0, 3.0, 2.0, 0.0, 0.0, 0.0, 0.0]","[-9.0, 20.0, 15.0, 14.0, -2.0, 14.0, 10.0, 0.0, 0.0, 26.0, 11.0, 11.0, 11.0, 0.0, 11.0, 15.0]"
3,1791632406.1686218,"[-59.32565699999999, 66.62214600000001, 59.327192999999994, 59.23930200000001, 0.08865900000000693, 64.600653, 33.223566000000005, 45.35252399999999, 59.94243, 66.00690900000001, 58.53617400000002, 58.88773800000001, 15.293802, 84.024564, 68.46785700000001, 29.180579999999992]","[-2.0, 1.0, 3.0, 1.0, 1.0, 0.0, 0.0, 0.0, 1.0, 1.0, 1.0, 2.0, 0.0, 0.0, 0.0, 0.0]","[-10.0, 21.0, 15.0, 14.0, -6.0, 15.0, 9.0, 0.0, 0.0, 25.0, 12.0, 11.0, 11.0, 0.0, 10.0, 14.0]"
3,1791632406.394033,"[-60.55613099999999, 66.62214600000001, 60.469775999999996, 59.23930200000001, 0.08865900000000693, 64.600653, 33.223566000000005, 45.35252399999999, 60.99712199999999, 66.00690900000001, 59.85453900000002, 58.799847, 15.293802, 84.024564, 68.46785700000001, 29.180579999999992]","[-2.0, 1.0, 4.0, 1.0, 1.0, 0.0, 0.0, 1.0, 1.0, 0.0, 2.0, 1.0, 0.0, 0.0, 0.0, 0.0]","[-10.0, 20.0, 15.0, 15.0, -1.0, 14.0, 10.0, 0.0, 0.0, 25.0, 11.0, 11.0, 11.0, 0.0, 10.0, 14.0]"
3,1791632406.6156306,"[-61.698713999999995, 66.710037, 61.436577, 59.23930200000001, 0.08865900000000693, 64.600653, 33.223566000000005, 45.35252399999999, 61.963922999999994, 66.00690900000001, 60.99712199999999, 58.88773800000001, 15.293802, 84.024564, 68.46785700000001, 29.180579999999992]","[0.0, 1.0, 2.0, 1.0, 1.0, 0.0, 0.0, 1.0, 3.0, 1.0, 1.0, 1.0, 0.0, 0.0, 0.0, 0.0]","[-9.0, 22.0, 14.0, 14.0, -3.0, 15.0, 9.0, 0.0, 0.0, 26.0, 11.0, 11.0, 12.0, 0.0, 10.0, 14.0]"
3,1791632406.8420599,"[-62.577624, 66.710037, 62.49126900000002, 59.23930200000001, 0.08865900000000693, 64.600653, 33.223566000000005, 45.35252399999999, 62.667051000000015, 66.09479999999999, 62.05181400000001, 58.88773800000001, 15.293802, 84.024564, 68.46785700000001, 29.180579999999992]","[0.0, 1.0, 3.0, 1.0, 0.0, 0.0, 0.0, 1.0, 1.0, 2.0, 2.0, 1.0, 0.0, 0.0, 0.0, 0.0]","[-9.0, 20.0, 15.0, 15.0, 0.0, 14.0, 9.0, 0.0, 14.0, 25.0, 10.0, 11.0, 11.0, 0.0, 11.0, 14.0]"
3,1791632407.0628974,"[-63.720207, 66.710037, 63.45806999999999, 59.23930200000001, 0.08865900000000693, 64.600653, 33.223566000000005, 45.35252399999999, 63.985416000000015, 66.09479999999999, 63.106505999999996, 58.88773800000001, 15.293802, 84.024564, 68.46785700000001, 29.180579999999992]","[0.0, 1.0, 2.0, 1.0, 0.0, 0.0, 0.0, 1.0, 2.0, 1.0, 1.0, 1.0, 0.0, 0.0, 0.0, 0.0]","[-9.0, 20.0, 14.0, 15.0, 0.0, 14.0, 10.0, 0.0, 0.0, 25.0, 11.0, 11.0, 11.0, 0.0, 10.0, 15.0]"
3,1791632407.2879848,"[-64.86279, 66.710037, 64.51276200000001, 59.23930200000001, 0.08865900000000693, 64.600653, 33.223566000000005, 45.35252399999999, 64.95221699999999, 66.09479999999999, 63.897525, 58.88773800000001, 15.293802, 84.024564, 68.46785700000001, 29.180579999999992]","[-1.0, 1.0, 3.0, 1.0, 0.0, 0.0, 0.0, 1.0, 3.0, 0.0, 1.0, 1.0, 0.0, 0.0, 0.0, 0.0]","[-8.0, 21.0, 14.0, 15.0, 0.0, 15.0, 10.0, 0.0, 0.0, 25.0, 11.0, 11.0, 11.0, 0.0, 11.0, 14.0]"
3,1791632407.5124173,"[-65.478027, 66.710037, 65.391672, 59.23930200000001, 0.17654999999999177, 64.600653, 33.223566000000005, 45.35252399999999, 65.919018, 66.09479999999999, 64.77643499999999, 58.88773800000001, 15.293802, 84.024564, 68.46785700000001, 29.180579999999992]","[-1.0, 1.0, 1.0, 1.0, 1.0, 0.0, 0.0, 1.0, 1.0, 1.0, 1.0, 1.0, 0.0, 0.0, 0.0, 0.0]","[-9.0, 20.0, 15.0, 15.0, -3.0, 14.0, 9.0, 0.0, 0.0, 26.0, 11.0, 11.0, 11.0, 0.0, 10.0, 14.0]"
3,1791632407.7380042,"[-66.62061, 66.710037, 66.534255, 59.23930200000001, 0.08865900000000693, 64.600653, 33.223566000000005, 45.35252399999999, 66.97371000000001, 66.00690900000001, 66.00690900000001, 58.88773800000001, 15.293802, 84.024564, 68.46785700000001, 29.180579999999992]","[-1.0, 1.0, 3.0, 1.0, 0.0, 0.0, 0.0, 1.0, 1.0, 0.0, 1.0, 1.0, 0.0, 0.0, 0.0, 0.0]","[-9.0, 20.0, 14.0, 14.0, 0.0, 14.0, 10.0, 0.0, 0.0, 25.0, 11.0, 11.0, 12.0, 0.0, 11.0, 14.0]"
3,1791632407.9594762,"[-67.587411, 67.41316499999999, 67.41316499999999, 59.23930200000001, 0.08865900000000693, 64.600653, 33.223566000000005, 45.35252399999999, 67.85262, 66.00690900000001, 66.79792800000001, 58.88773800000001, 15.293802, 84.024564, 68.46785700000001, 29.180579999999992]","[0.0, 3.0, 1.0, 1.0, 0.0, 0.0, 0.0, 1.0, 1.0, 0.0, 1.0, 1.0, 0.0, 0.0, 0.0, 0.0]","[-9.0, 16.0, 14.0, 14.0, 0.0, 14.0, 10.0, 0.0, 13.0, 25.0, 11.0, 11.0, 11.0, 0.0, 11.0, 13.0]"
3,1791632408.1858358,"[-68.55421199999999, 67.676838, 68.204184, 59.23930200000001, 0.08865900000000693, 64.600653, 33.223566000000005, 45.35252399999999, 68.90731199999999, 66.09479999999999, 67.58894699999999, 58.88773800000001, 15.293802, 84.024564, 68.46785700000001, 29.180579999999992]","[0.0, 1.0, 1.0, 1.0, 0.0, 0.0, 0.0, 1.0, 1.0, 1.0, 2.0, 1.0, 0.0, 0.0, 0.0, 0.0]","[-9.0, 16.0, 16.0, 14.0, 0.0, 14.0, 10.0, 0.0, 13.0, 25.0, 12.0, 12.0, 12.0, 0.0, 11.0, 14.0]"
3,1791632408.4082265,"[-69.433122, 67.76472900000002, 68.555748, 59.23930200000001, 0.08865900000000693, 64.600653, 33.223566000000005, 45.35252399999999, 69.78622200000001, 66.09479999999999, 68.64363900000001, 58.88773800000001, 15.293802, 84.024564, 68.46785700000001, 29.180579999999992]","[0.0, 1.0, 0.0, 1.0, 0.0, 0.0, 0.0, 1.0, 2.0, 1.0, 1.0, 1.0, 0.0, 0.0, 0.0, 0.0]","[-10.0, 17.0, 17.0, 14.0, 0.0, 14.0, 9.0, 0.0, 14.0, 25.0, 11.0, 11.0, 12.0, 0.0, 11.0, 13.0]"
3,1791632408.6338038,"[-69.608904, 67.676838, 68.995203, 59.23930200000001, 0.08865900000000693, 64.600653, 33.223566000000005, 45.35252399999999, 69.78622200000001, 66.09479999999999, 69.61044000000001, 58.88773800000001, 15.293802, 84.024564, 68.46785700000001, 29.180579999999992]","[0.0, 0.0, 1.0, 1.0, 0.0, 0.0, 0.0, 1.0, 1.0, 1.0, 1.0, 1.0, 0.0, 0.0, 0.0, 0.0]","[-9.0, 17.0, 19.0, 14.0, 0.0, 15.0, 10.0, 0.0, 14.0, 25.0, 12.0, 11.0, 11.0, 0.0, 11.0, 14.0]"
3,1791632408.8577416,"[-69.608904, 67.676838, 69.522549, 59.23930200000001, 0.08865900000000693, 64.600653, 33.223566000000005, 45.35252399999999, 69.78622200000001, 66.09479999999999, 70.48935, 58.88773800000001, 15.293802, 84.024564, 68.46785700000001, 29.180579999999992]","[0.0, 0.0, 1.0, 1.0, 1.0, 0.0, 0.0, 0.0, 0.0, 1.0, 1.0, 0.0, 0.0, 0.0, 0.0, 0.0]","[-9.0, 17.0, 22.0, 14.0, -3.0, 14.0, 9.0, 0.0, 14.0, 26.0, 11.0, 11.0, 11.0, 0.0, 10.0, 14.0]"
3,1791632409.0806308,"[-69.608904, 67.676838, 70.137786, 59.23930200000001, 0.08865900000000693, 64.600653, 33.223566000000005, 45.35252399999999, 69.78622200000001, 66.534255, 71.71982400000002, 58.88773800000001, 15.293802, 84.024564, 68.46785700000001, 29.180579999999992]","[0.0, 0.0, 1.0, 1.0, 0.0, 0.0, 0.0, 1.0, 1.0, 6.0, 3.0, 1.0, 0.0, 0.0, 0.0, 0.0]","[-10.0, 17.0, 25.0, 14.0, 0.0, 15.0, 9.0, 0.0, 13.0, 20.0, 11.0, 11.0, 10.0, 0.0, 10.0, 13.0]"
3,1791632409.3045554,"[-69.608904, 67.676838, 70.75302300000001, 59.23930200000001, 0.08865900000000693, 64.600653, 33.223566000000005, 45.35252399999999, 69.78622200000001, 67.41316499999999, 72.510843, 59.06352000000001, 15.293802, 84.024564, 68.46785700000001, 29.180579999999992]","[0.0, 0.0, 3.0, 1.0, 0.0, 0.0, 0.0, 1.0, 1.0, 1.0, 1.0, 1.0, 0.0, 0.0, 0.0, 0.0]","[-9.0, 17.0, 25.0, 14.0, 0.0, 14.0, 9.0, 0.0, 13.0, 17.0, 12.0, 11.0, 10.0, 0.0, 10.0, 13.0]"
3,1791632409.5297675,"[-69.696795, 67.676838, 71.10458700000001, 59.23930200000001, 0.08865900000000693, 64.600653, 33.223566000000005, 45.35252399999999, 69.78622200000001, 67.41316499999999, 73.38975300000001, 59.06352000000001, 15.293802, 84.024564, 68.46785700000001, 29.180579999999992]","[0.0, 0.0, 1.0, 1.0, 1.0, 0.0, 0.0, 1.0, 1.0, 1.0, 1.0, 1.0, 0.0, 0.0, 0.0, 0.0]","[-9.0, 17.0, 30.0, 14.0, 0.0, 15.0, 9.0, 0.0, 13.0, 17.0, 13.0, 10.0, 10.0, 0.0, 11.0, 14.0]"
3,1791632409.7540102,"[-69.696795, 67.676838, 71.54404199999999, 59.23930200000001, 0.08865900000000693, 64.600653, 33.223566000000005, 45.35252399999999, 69.78622200000001, 67.41316499999999, 74.444445, 59.151410999999996, 15.293802, 84.024564, 68.46785700000001, 29.180579999999992]","[0.0, 0.0, 1.0, 1.0, 0.0, 0.0, 0.0, 1.0, 0.0, 1.0, 4.0, 1.0, 0.0, 0.0, 0.0, 0.0]","[-9.0, 17.0, 33.0, 14.0, 0.0, 14.0, 10.0, 0.0, 14.0, 17.0, 12.0, 11.0, 11.0, 0.0, 11.0, 14.0]"
3,1791632409.9741032,"[-69.696795, 67.58894699999999, 71.54404199999999, 59.23930200000001, 0.08865900000000693, 64.600653, 33.223566000000005, 45.35252399999999, 69.78622200000001, 67.41316499999999, 75.411246, 59.06352000000001, 15.293802, 84.024564, 68.46785700000001, 29.180579999999992]","[0.0, 0.0, 1.0, 0.0, 1.0, 0.0, 0.0, 1.0, 1.0, 1.0, 3.0, 0.0, 0.0, 0.0, 0.0, 0.0]","[8.0, 10.0, 14.0, 5.0, -6.0, 15.0, 9.0, 0.0, 14.0, 17.0, 13.0, 11.0, 11.0, 0.0, 10.0, 14.0]"
3,1791632410.2016692,"[-69.696795, 67.58894699999999, 71.54404199999999, 59.23930200000001, 0.08865900000000693, 64.600653, 33.223566000000005, 45.35252399999999, 69.78622200000001, 67.41316499999999, 75.49913699999999, 59.06352000000001, 15.293802, 84.024564, 68.46785700000001, 29.180579999999992]","[0.0, 0.0, 1.0, 0.0, 1.0, 0.0, 0.0, 1.0, 1.0, 1.0, 1.0, -1.0, 0.0, 0.0, 1.0, 0.0]","[9.0, 10.0, 14.0, 7.0, -1.0, 15.0, 9.0, 0.0, 14.0, 18.0, 16.0, 11.0, 11.0, 0.0, 10.0, 14.0]"
3,1791632410.4233673,"[-69.696795, 67.58894699999999, 71.54404199999999, 59.23930200000001, 0.17654999999999177, 64.600653, 33.223566000000005, 45.35252399999999, 69.78622200000001, 67.41316499999999, 76.99328400000002, 59.06352000000001, 15.293802, 84.024564, 68.46785700000001, 29.180579999999992]","[0.0, 0.0, 1.0, 1.0, 1.0, 0.0, 0.0, 1.0, 1.0, 1.0, 4.0, 1.0, 0.0, 0.0, 0.0, 0.0]","[8.0, 10.0, 14.0, 0.0, -8.0, 14.0, 9.0, 0.0, 13.0, 18.0, 12.0, 10.0, 11.0, 0.0, 11.0, 13.0]"
3,1791632410.6465561,"[-69.696795, 67.58894699999999, 71.54404199999999, 59.23930200000001, 0.08865900000000693, 64.600653, 33.223566000000005, 45.35252399999999, 69.874113, 67.41316499999999, 78.047976, 59.151410999999996, 15.293802, 84.024564, 68.46785700000001, 29.180579999999992]","[0.0, 0.0, 1.0, 1.0, 1.0, 0.0, 0.0, 1.0, 0.0, 1.0, 3.0, 1.0, 0.0, 0.0, 0.0, 0.0]","[8.0, 10.0, 14.0, 0.0, -1.0, 14.0, 10.0, 0.0, 14.0, 17.0, 13.0, 11.0, 11.0, 0.0, 10.0, 14.0]"
3,1791632410.8731632,"[-69.696795, 67.58894699999999, 71.54404199999999, 59.23930200000001, 0.17654999999999177, 64.600653, 33.223566000000005, 45.35252399999999, 69.78622200000001, 67.41316499999999, 78.39954, 59.151410999999996, 15.293802, 84.024564, 68.46785700000001, 29.180579999999992]","[0.0, 0.0, 1.0, 1.0, 1.0, 0.0, 0.0, 1.0, 0.0, 1.0, 1.0, 1.0, 0.0, 0.0, 0.0, 0.0]","[8.0, 10.0, 13.0, 0.0, 0.0, 14.0, 9.0, 0.0, 13.0, 18.0, 15.0, 10.0, 11.0, 0.0, 11.0, 14.0]"
3,1791632411.095084,"[-69.696795, 67.58894699999999, 71.54404199999999, 59.23930200000001, 0.17654999999999177, 64.600653, 33.223566000000005, 45.35252399999999, 69.78622200000001, 67.41316499999999, 78.751104, 59.151410999999996, 15.293802, 84.024564, 68.46785700000001, 29.180579999999992]","[0.0, 0.0, 1.0, 0.0, 1.0, 0.0, 0.0, 1.0, 1.0, 1.0, 1.0, 1.0, 0.0, 0.0, 0.0, 0.0]","[8.0, 10.0, 14.0, 4.0, -9.0, 14.0, 9.0, 0.0, 13.0, 17.0, 17.0, 11.0, 11.0, 0.0, 11.0, 14.0]"
3,1791632411.3202274,"[-69.696795, 67.58894699999999, 71.54404199999999, 59.151410999999996, 0.08865900000000693, 64.600653, 33.223566000000005, 45.35252399999999, 69.874113, 67.41316499999999, 79.102668, 59.151410999999996, 15.293802, 84.024564, 68.46785700000001, 29.180579999999992]","[0.0, 0.0, 1.0, 1.0, 1.0, 0.0, 0.0, 1.0, 1.0, 0.0, 1.0, 1.0, 0.0, 0.0, 0.0, 0.0]","[8.0, 11.0, 13.0, 3.0, -4.0, 14.0, 10.0, 0.0, 14.0, 18.0, 23.0, 10.0, 11.0, 0.0, 11.0, 14.0]"
3,1791632411.5437372,"[-69.696795, 67.58894699999999, 71.54404199999999, 59.23930200000001, 0.08865900000000693, 64.600653, 33.223566000000005, 45.35252399999999, 69.874113, 67.32527400000001, 79.45423199999999, 59.151410999999996, 15.293802, 84.024564, 68.46785700000001, 29.180579999999992]","[0.0, 0.0, 1.0, 1.0, 0.0, 0.0, 0.0, 1.0, 1.0, 1.0, 1.0, 1.0, 0.0, 0.0, 0.0, 0.0]","[8.0, 10.0, 14.0, 2.0, 0.0, 14.0, 9.0, 0.0, 13.0, 17.0, 28.0, 10.0, 11.0, 0.0, 10.0, 14.0]"
3,1791632411.7695892,"[-69.696795, 67.58894699999999, 71.54404199999999, 59.23930200000001, 0.08865900000000693, 64.600653, 33.223566000000005, 45.35252399999999, 69.874113, 67.32527400000001, 79.893687, 59.06352000000001, 15.293802, 84.024564, 68.46785700000001, 29.180579999999992]","[0.0, 0.0, 1.0, 1.0, 1.0, 0.0, 0.0, 0.0, 1.0, 0.0, 1.0, 0.0, 0.0, 0.0, 0.0, 0.0]","[9.0, 10.0, 14.0, 0.0, -1.0, 14.0, 10.0, 0.0, 13.0, 17.0, 29.0, 11.0, 11.0, 0.0, 11.0, 14.0]"
3,1791632411.9937496,"[-69.696795, 67.58894699999999, 71.54404199999999, 59.23930200000001, 0.08865900000000693, 64.600653, 33.223566000000005, 45.35252399999999, 69.874113, 67.32527400000001, 80.59681499999999, 59.151410999999996, 15.293802, 84.024564, 68.46785700000001, 29.180579999999992]","[0.0, 0.0, 1.0, 1.0, 0.0, 0.0, 0.0, 1.0, 1.0, 0.0, 1.0, 0.0, 0.0, 0.0, 0.0, 0.0]","[8.0, 10.0, 14.0, 1.0, 0.0, 15.0, 9.0, 0.0, 13.0, 18.0, 34.0, 12.0, 11.0, 0.0, 11.0, 13.0]"
3,1791632412.2144132,"[-69.696795, 67.58894699999999, 71.54404199999999, 59.151410999999996, 0.08865900000000693, 64.600653, 33.223566000000005, 45.35252399999999, 69.874113, 67.061601, 80.50892399999998, 59.06352000000001, 15.293802, 84.024564, 68.46785700000001, 29.180579999999992]","[0.0, 0.0, 1.0, 0.0, 0.0, 0.0, 0.0, 1.0, 1.0, 0.0, 0.0, 0.0, 0.0, 0.0, 0.0, 0.0]","[8.0, 10.0, 13.0, 11.0, 0.0, 15.0, 9.0, 0.0, 0.0, 10.0, 9.0, 10.0, 11.0, 0.0, 10.0, 14.0]"
