grip,time,positions,velocities,currents
1,1791638512.3285675,"[0.0007679999999936626, -4.393781999999987, -1.229705999999993, -0.17501400000000444, -0.08712299999999118, -5.096910000000008, 0.08865900000000693, -0.5265780000000007, 0.08865900000000693, -4.833236999999997, -0.8781419999999969, 0.26444100000000503, -1.8449430000000007, 178.41949799999998, 39.991173, 25.928613000000013]","[0.0, 0.0, 1.0, 0.0, 0.0, 0.0, 0.0, 1.0, 0.0, 1.0, 1.0, 0.0, 0.0, 1.0, 0.0, 0.0]","[-9.0, 29.0, 15.0, 13.0, 0.0, 32.0, -11.0, 10.0, -15.0, 31.0, 11.0, -10.0, 15.0, 16.0, 0.0, -16.0]"
1,1791638512.5542266,"[-0.4386869999999874, -4.305891000000003, -1.229705999999993, 0.08865900000000693, -0.08712299999999118, -5.009018999999995, 0.6160050000000012, -0.5265780000000007, 0.7917869999999994, -4.833236999999997, -0.790251000000012, 0.3523319999999899, -1.8449430000000007, 178.243716, 40.07906399999999, 25.928613000000013]","[-2.0, 1.0, 1.0, 2.0, 0.0, 1.0, 1.0, 1.0, 2.0, 1.0, 1.0, 1.0, 0.0, 0.0, 1.0, 1.0]","[-10.0, 43.0, 20.0, 15.0, 0.0, 45.0, 10.0, 12.0, 14.0, 51.0, 13.0, 10.0, 14.0, -10.0, 12.0, 10.0]"
1,1791638512.7780972,"[-1.3175970000000063, -3.426981000000012, -0.08712299999999118, 0.528113999999988, -0.08712299999999118, -3.7785450000000083, 1.0554600000000107, 0.3523319999999899, 1.3191329999999937, -4.042217999999991, -0.790251000000012, 0.6160050000000012, -1.8449430000000007, 177.98004300000002, 40.07906399999999, 26.28017700000001]","[0.0, 1.0, 1.0, 0.0, 0.0, 1.0, 1.0, 3.0, 6.0, 1.0, 1.0, 1.0, 0.0, 0.0, 0.0, 1.0]","[-10.0, 54.0, 19.0, 16.0, 0.0, 58.0, 12.0, 12.0, 14.0, 64.0, 16.0, 12.0, 14.0, -15.0, 14.0, 14.0]"
1,1791638513.0021012,"[-2.372288999999995, -3.339089999999999, 0.8796780000000126, 1.582806000000005, -0.08712299999999118, -2.8996349999999893, 1.846478999999988, 1.407024000000007, 2.901171000000005, -2.372288999999995, 0.26444100000000503, 0.7038960000000145, -1.8449430000000007, 177.71636999999998, 41.573211000000015, 27.159087]","[-1.0, 1.0, 1.0, 4.0, 0.0, 4.0, 1.0, 1.0, 3.0, 5.0, 1.0, 2.0, 0.0, 0.0, 4.0, 1.0]","[-10.0, 74.0, 18.0, 16.0, 0.0, 66.0, 12.0, 14.0, 13.0, 68.0, 16.0, 14.0, 14.0, -25.0, 12.0, 14.0]"
1,1791638513.222528,"[-3.2511989999999855, 0.528113999999988, 1.7585880000000031, 2.4617159999999956, -0.08712299999999118, 0.08865900000000693, 2.6374979999999937, 2.1980430000000126, 2.901171000000005, -2.372288999999995, 1.407024000000007, 2.0222610000000145, -1.8449430000000007, 177.540588, 42.36422999999999, 28.03799699999999]","[-2.0, 4.0, 1.0, 4.0, 0.0, 6.0, 1.0, 2.0, 1.0, 1.0, 3.0, 4.0, 0.0, 0.0, 2.0, 3.0]","[-9.0, 53.0, 19.0, 16.0, 0.0, 54.0, 13.0, 14.0, 15.0, 96.0, 16.0, 14.0, 14.0, -37.0, 14.0, 15.0]"
1,1791638513.4500144,"[-4.217999999999989, 0.528113999999988, 2.813279999999992, 3.6042989999999975, -0.08712299999999118, 2.0222610000000145, 3.4285169999999994, 3.3406260000000145, 4.746881999999999, 2.0222610000000145, 1.846478999999988, 3.076953000000003, -1.8449430000000007, 175.606986, 43.41892200000001, 29.180579999999992]","[-1.0, 0.0, 2.0, 3.0, 0.0, 4.0, 1.0, 3.0, 3.0, 9.0, 1.0, 4.0, 0.0, -4.0, 2.0, 3.0]","[-9.0, 77.0, 19.0, 16.0, 0.0, 57.0, 14.0, 13.0, 14.0, 58.0, 18.0, 13.0, 15.0, -38.0, 13.0, 14.0]"
1,1791638513.6740632,"[-5.272692000000006, 4.219536000000005, 3.7800809999999956, 4.483208999999988, -0.08712299999999118, 3.6921900000000107, 4.395318000000003, 4.395318000000003, 5.713683000000003, 4.219536000000005, 3.076953000000003, 4.043754000000007, -1.8449430000000007, 173.40971100000002, 44.649395999999996, 30.147380999999996]","[-2.0, 6.0, 4.0, 3.0, 0.0, 3.0, 2.0, 2.0, 2.0, 8.0, 5.0, 1.0, 0.0, 0.0, 2.0, 2.0]","[-9.0, 52.0, 20.0, 16.0, 0.0, 63.0, 14.0, 13.0, 14.0, 59.0, 17.0, 14.0, 14.0, -34.0, 13.0, 14.0]"
1,1791638513.8955188,"[-5.8879289999999855, 5.537901000000005, 4.6589910000000145, 5.62579199999999, -0.08712299999999118, 6.065246999999999, 5.274227999999994, 5.274227999999994, 6.504702000000009, 5.713683000000003, 4.30742699999999, 4.9226639999999975, -1.8449430000000007, 170.86087200000003, 45.528306000000015, 31.114182]","[-1.0, 2.0, 1.0, 2.0, 0.0, 7.0, 3.0, 2.0, 3.0, 5.0, 4.0, 1.0, 0.0, -7.0, 3.0, 1.0]","[-10.0, 65.0, 20.0, 16.0, 0.0, 57.0, 14.0, 13.0, 13.0, 66.0, 17.0, 14.0, 14.0, -29.0, 12.0, 15.0]"
1,1791638514.121636,"[-7.030511999999987, 8.526195000000001, 5.889465000000001, 6.680484000000007, -0.08712299999999118, 6.153138000000013, 5.62579199999999, 6.416810999999996, 7.735175999999996, 8.438303999999988, 5.098445999999996, 6.2410289999999975, -1.8449430000000007, 169.36672500000003, 46.67088899999999, 32.16887399999999]","[-2.0, 7.0, 3.0, 3.0, 0.0, 1.0, 6.0, 5.0, 3.0, 7.0, 3.0, 2.0, 0.0, 0.0, 1.0, 2.0]","[-10.0, 52.0, 20.0, 16.0, 0.0, 84.0, 15.0, 13.0, 14.0, 57.0, 18.0, 13.0, 15.0, -37.0, 14.0, 14.0]"
1,1791638514.346117,"[-7.997312999999991, 10.108233000000013, 5.889465000000001, 7.5593939999999975, -0.08712299999999118, 10.020342, 7.207830000000001, 7.2957210000000146, 8.086739999999992, 9.668778000000003, 6.2410289999999975, 7.207830000000001, -1.8449430000000007, 168.487815, 47.63768999999999, 33.223566000000005]","[0.0, 1.0, 1.0, 2.0, 0.0, 8.0, 1.0, 1.0, 5.0, 1.0, 3.0, 3.0, 0.0, 0.0, 3.0, 4.0]","[-11.0, 60.0, 25.0, 16.0, 0.0, 51.0, 14.0, 13.0, 14.0, 66.0, 15.0, 13.0, 14.0, -45.0, 13.0, 14.0]"
1,1791638514.5699556,"[-9.139895999999993, 12.21761699999999, 7.910957999999994, 8.614086000000015, -0.08712299999999118, 11.426598000000013, 8.26252199999999, 8.526195000000001, 9.668778000000003, 9.668778000000003, 7.119938999999988, 7.735175999999996, -1.8449430000000007, 166.466322, 48.51660000000001, 34.19036700000001]","[0.0, 6.0, 4.0, 2.0, 0.0, 3.0, 2.0, 2.0, 2.0, 1.0, 3.0, 5.0, 0.0, -9.0, 2.0, 2.0]","[-10.0, 56.0, 19.0, 16.0, 0.0, 65.0, 14.0, 12.0, 13.0, 93.0, 17.0, 15.0, 15.0, -40.0, 13.0, 15.0]"
1,1791638514.7939713,"[-10.19458800000001, 13.360199999999992, 8.614086000000015, 9.492996000000005, -0.08712299999999118, 13.008635999999996, 9.229322999999994, 9.405104999999992, 10.635579000000007, 13.799655000000001, 8.086739999999992, 9.317214000000007, -1.8449430000000007, 163.829592, 49.571292, 35.245059]","[-1.0, 1.0, 4.0, 1.0, 0.0, 10.0, 2.0, 1.0, 2.0, 19.0, 3.0, 3.0, 0.0, 0.0, 1.0, 3.0]","[-10.0, 68.0, 20.0, 16.0, 0.0, 62.0, 14.0, 13.0, 14.0, 53.0, 16.0, 12.0, 14.0, -39.0, 13.0, 14.0]"
1,1791638515.0152674,"[-10.634042999999991, 15.996929999999992, 9.932451000000015, 10.547687999999994, -0.08712299999999118, 15.996929999999992, 10.28401500000001, 10.371905999999996, 11.60238000000001, 14.23911000000001, 9.141432000000009, 10.108233000000013, -1.8449430000000007, 161.544426, 50.362311000000005, 36.12396899999999]","[-3.0, 8.0, 4.0, 1.0, 0.0, 4.0, 3.0, 1.0, 2.0, 0.0, 2.0, 3.0, 0.0, -6.0, 4.0, 2.0]","[-11.0, 57.0, 21.0, 15.0, 0.0, 59.0, 14.0, 13.0, 15.0, 85.0, 17.0, 14.0, 13.0, -33.0, 14.0, 15.0]"
1,1791638515.4818025,"[-12.12818999999999, 18.018423000000013, 10.89925199999999, 11.690270999999996, -0.08712299999999118, 17.930532, 11.162925000000001, 11.514488999999998, 12.657072, 14.23911000000001, 10.108233000000013, 11.162925000000001, -1.8449430000000007, 159.52293300000002, 51.50489400000001, 37.354443]","[0.0, 1.0, 1.0, 1.0, 0.0, 1.0, 1.0, 1.0, 1.0, 1.0, 1.0, 1.0, 0.0, 1.0, 1.0, 0.0]","[-11.0, 60.0, 19.0, 15.0, 0.0, 56.0, 14.0, 13.0, 14.0, 115.0, 16.0, 14.0, 13.0, -38.0, 13.0, 14.0]"
1,1791638515.7022927,"[-12.919208999999995, 20.12780699999999, 11.690270999999996, 12.569181000000015, -0.08712299999999118, 19.952024999999992, 12.21761699999999, 12.393398999999988, 13.184417999999994, 19.952024999999992, 10.987143000000003, 12.129726000000005, -1.8449430000000007, 157.58933100000002, 52.29591300000001, 38.14546200000001]","[0.0, 4.0, 2.0, 3.0, 0.0, 3.0, 1.0, 1.0, 6.0, 8.0, 1.0, 4.0, 0.0, -2.0, 3.0, 1.0]","[-12.0, 58.0, 19.0, 16.0, 0.0, 57.0, 14.0, 14.0, 14.0, 59.0, 17.0, 13.0, 13.0, -35.0, 14.0, 14.0]"
1,1791638515.9289348,"[-14.061791999999997, 22.237190999999996, 12.832853999999998, 13.448091000000005, -0.08712299999999118, 21.358281000000005, 13.272309000000007, 13.53598199999999, 14.766456000000005, 21.973518000000013, 11.866052999999994, 13.096527000000009, -1.8449430000000007, 155.83151099999998, 53.26271400000002, 39.375935999999996]","[0.0, 1.0, 3.0, 4.0, 0.0, 1.0, 3.0, 1.0, 2.0, 8.0, 3.0, 3.0, 0.0, -3.0, 2.0, 3.0]","[-10.0, 58.0, 19.0, 16.0, 0.0, 66.0, 14.0, 12.0, 13.0, 56.0, 18.0, 13.0, 14.0, -37.0, 14.0, 14.0]"
1,1791638516.1511912,"[-15.116483999999986, 23.819229000000007, 13.887546000000015, 14.502782999999994, -0.08712299999999118, 24.346575, 14.327000999999996, 14.414892000000009, 14.85434699999999, 24.434466000000015, 13.096527000000009, 13.887546000000015, -1.8449430000000007, 153.89790900000003, 54.317406000000005, 40.254846000000015]","[0.0, 4.0, 3.0, 2.0, 0.0, 6.0, 3.0, 0.0, 1.0, 1.0, 2.0, 2.0, 0.0, -2.0, 2.0, 1.0]","[-11.0, 62.0, 19.0, 16.0, 0.0, 56.0, 15.0, 12.0, 15.0, 58.0, 17.0, 13.0, 14.0, -41.0, 12.0, 14.0]"
1,1791638516.3765523,"[-16.346958, 26.631741000000005, 14.85434699999999, 15.381693000000013, -0.08712299999999118, 26.016503999999998, 15.381693000000013, 15.821147999999994, 16.87584000000001, 26.368067999999994, 13.975437, 14.942238000000003, -1.8449430000000007, 151.70063399999998, 55.372097999999994, 41.22164699999999]","[-3.0, 10.0, 2.0, 6.0, 0.0, 1.0, 1.0, 3.0, 3.0, 12.0, 1.0, 2.0, 0.0, -4.0, 3.0, 2.0]","[-9.0, 45.0, 19.0, 17.0, 0.0, 61.0, 14.0, 12.0, 14.0, 51.0, 17.0, 13.0, 14.0, -35.0, 13.0, 14.0]"
1,1791638516.5995092,"[-17.22586799999999, 28.653233999999998, 15.909039000000007, 16.524276000000015, -0.08712299999999118, 28.389561000000015, 16.524276000000015, 16.787948999999998, 17.666858999999988, 28.653233999999998, 15.205911000000015, 15.996929999999992, -1.8449430000000007, 150.47016000000002, 56.338899, 42.188447999999994]","[-2.0, 2.0, 1.0, 3.0, 0.0, 3.0, 3.0, 1.0, 2.0, 1.0, 3.0, 1.0, 0.0, 0.0, 2.0, 2.0]","[-10.0, 52.0, 18.0, 17.0, 0.0, 53.0, 13.0, 12.0, 14.0, 56.0, 17.0, 14.0, 14.0, -45.0, 14.0, 15.0]"
1,1791638516.8224533,"[-18.456342000000006, 31.202073000000013, 17.139512999999994, 17.403186000000005, 0.0007679999999936626, 29.883708000000013, 17.578968000000003, 17.75475, 18.633659999999992, 28.653233999999998, 16.348493999999988, 17.05162200000001, -1.8449430000000007, 148.448667, 57.3057, 43.24314000000001]","[-2.0, 5.0, 5.0, 3.0, 1.0, 2.0, 4.0, 1.0, 1.0, 0.0, 4.0, 3.0, 0.0, -4.0, 1.0, 1.0]","[-9.0, 45.0, 19.0, 17.0, -4.0, 62.0, 12.0, 13.0, 15.0, 80.0, 15.0, 13.0, 14.0, -45.0, 13.0, 15.0]"
1,1791638517.0487173,"[-19.42314300000001, 32.784110999999996, 18.018423000000013, 18.282095999999996, 0.0007679999999936626, 32.432547, 18.36998700000001, 18.721551000000005, 19.68835200000001, 32.959892999999994, 17.315294999999992, 18.19420500000001, -1.8449430000000007, 146.163501, 58.36039199999999, 44.297832]","[-1.0, 5.0, 1.0, 1.0, 1.0, 7.0, 1.0, 3.0, 4.0, 13.0, 1.0, 3.0, 0.0, -5.0, 3.0, 2.0]","[-9.0, 52.0, 18.0, 17.0, -4.0, 53.0, 15.0, 13.0, 13.0, 46.0, 15.0, 13.0, 14.0, -41.0, 14.0, 14.0]"
1,1791638517.2737422,"[-20.477835, 35.33295000000001, 19.248897, 19.424678999999998, 0.0007679999999936626, 34.45403999999999, 19.336788000000013, 19.68835200000001, 20.567262, 33.13567499999999, 18.545769000000007, 19.073115, -1.8449430000000007, 144.05411700000002, 59.41508400000001, 45.35252399999999]","[-2.0, 6.0, 1.0, 2.0, 0.0, 3.0, 2.0, 1.0, 1.0, 1.0, 2.0, 2.0, 0.0, -6.0, 1.0, 4.0]","[-9.0, 46.0, 17.0, 16.0, -12.0, 55.0, 13.0, 12.0, 14.0, 71.0, 16.0, 12.0, 13.0, -37.0, 14.0, 14.0]"
1,1791638517.4977605,"[-21.708308999999986, 37.178661000000005, 20.39148, 20.479371000000015, 0.0007679999999936626, 36.82709700000001, 20.215698000000003, 20.743043999999998, 21.885627, 33.223566000000005, 19.424678999999998, 20.215698000000003, -1.8449430000000007, 141.68106, 60.20610300000001, 46.143542999999994]","[-1.0, 3.0, 4.0, 2.0, 0.0, 7.0, 1.0, 1.0, 3.0, 2.0, 1.0, 3.0, 0.0, -2.0, 5.0, 2.0]","[-9.0, 46.0, 17.0, 16.0, -12.0, 46.0, 15.0, 13.0, 14.0, 87.0, 15.0, 13.0, 13.0, -38.0, 14.0, 14.0]"
1,1791638517.721669,"[-22.67510999999999, 39.46382700000001, 21.44617199999999, 21.709845, 0.0007679999999936626, 38.84859, 21.00671700000001, 21.709845, 22.500864000000007, 39.46382700000001, 20.743043999999998, 21.270389999999992, -1.8449430000000007, 140.01113099999998, 61.436577, 47.286125999999996]","[0.0, 6.0, 3.0, 4.0, 1.0, 6.0, 1.0, 4.0, 2.0, 6.0, 2.0, 3.0, 1.0, -4.0, 3.0, 2.0]","[-9.0, 42.0, 17.0, 15.0, -12.0, 45.0, 16.0, 12.0, 14.0, 41.0, 13.0, 12.0, 15.0, -40.0, 13.0, 14.0]"
1,1791638517.9427228,"[-23.81769299999999, 41.39742899999999, 22.500864000000007, 22.588754999999992, 0.0007679999999936626, 40.95797400000001, 21.797736000000015, 22.76453699999999, 23.907119999999992, 41.74899300000001, 21.709845, 22.32508200000001, -1.8449430000000007, 137.63807400000002, 62.49126900000002, 48.34081800000001]","[0.0, 2.0, 1.0, 4.0, 1.0, 8.0, 1.0, 1.0, 4.0, 7.0, 3.0, 1.0, 0.0, -5.0, 4.0, 3.0]","[-9.0, 45.0, 17.0, 16.0, -12.0, 44.0, 17.0, 13.0, 13.0, 39.0, 14.0, 13.0, 14.0, -35.0, 13.0, 14.0]"
1,1791638518.1679897,"[-24.69660300000001, 43.506812999999994, 23.379773999999998, 23.291883000000013, 0.0007679999999936626, 43.59470400000001, 22.588754999999992, 23.555555999999996, 24.873920999999996, 43.41892200000001, 22.76453699999999, 22.852428000000003, -1.7570519999999874, 135.79236300000002, 63.45806999999999, 49.219728]","[-1.0, 11.0, 3.0, 5.0, 1.0, 4.0, 1.0, 1.0, 1.0, 3.0, 2.0, 1.0, 1.0, -1.0, 3.0, 1.0]","[-9.0, 41.0, 17.0, 16.0, -12.0, 45.0, 17.0, 13.0, 13.0, 46.0, 14.0, 14.0, 13.0, -40.0, 13.0, 14.0]"
1,1791638518.3925776,"[-25.839186000000012, 46.23143400000001, 24.258683999999988, 24.610248000000013, 0.0007679999999936626, 45.87987000000001, 23.64344700000001, 24.78603000000001, 25.840722, 46.31932499999999, 23.64344700000001, 24.258683999999988, -1.8449430000000007, 133.067742, 64.424871, 50.18652900000001]","[-2.0, 4.0, 2.0, 2.0, 1.0, 8.0, 3.0, 1.0, 1.0, 4.0, 1.0, 4.0, 0.0, -6.0, 1.0, 4.0]","[-9.0, 37.0, 17.0, 15.0, -12.0, 36.0, 17.0, 11.0, 13.0, 39.0, 15.0, 12.0, 14.0, -31.0, 14.0, 14.0]"
1,1791638518.6146655,"[-26.981768999999986, 48.34081800000001, 25.40126699999999, 25.313376000000005, 0.0007679999999936626, 47.901363, 24.873920999999996, 25.752831000000015, 26.983305, 47.98925399999999, 24.873920999999996, 25.577048999999988, -1.8449430000000007, 131.046249, 65.30378100000001, 51.065439]","[-2.0, 6.0, 3.0, 6.0, 1.0, 3.0, 4.0, 1.0, 1.0, 3.0, 2.0, 2.0, 0.0, -3.0, 5.0, 1.0]","[-4.0, 33.0, 17.0, 16.0, -12.0, 43.0, 15.0, 12.0, 0.0, 41.0, 14.0, 11.0, 14.0, -32.0, 13.0, 15.0]"
1,1791638518.838847,"[-27.94856999999999, 50.362311000000005, 26.28017700000001, 26.71963199999999, 0.0007679999999936626, 50.098637999999994, 25.840722, 26.895413999999988, 27.950106000000005, 50.889657, 26.016503999999998, 26.455959000000007, -1.8449430000000007, 128.67319200000003, 66.534255, 52.208022]","[0.0, 1.0, 1.0, 4.0, 0.0, 6.0, 1.0, 1.0, 1.0, 7.0, 3.0, 3.0, 0.0, -2.0, 1.0, 1.0]","[0.0, 36.0, 18.0, 16.0, -12.0, 38.0, 16.0, 11.0, 0.0, 32.0, 15.0, 12.0, 15.0, -31.0, 13.0, 14.0]"
1,1791638519.0655768,"[-28.82748000000001, 52.735367999999994, 27.334868999999998, 27.59854200000001, 0.0007679999999936626, 52.47169500000001, 27.071196000000015, 27.42276000000001, 29.004797999999994, 52.29591300000001, 26.895413999999988, 27.686432999999994, -1.8449430000000007, 127.003263, 67.76472900000002, 53.174823]","[0.0, 7.0, 2.0, 1.0, 1.0, 6.0, 2.0, 1.0, 0.0, 3.0, 1.0, 3.0, 0.0, -1.0, 4.0, 1.0]","[-9.0, 29.0, 17.0, 15.0, -13.0, 33.0, 15.0, 14.0, -1.0, 37.0, 15.0, 12.0, 13.0, -34.0, 13.0, 14.0]"
1,1791638519.2896438,"[-29.794281000000012, 55.28420700000001, 28.30167, 28.829015999999996, 0.0007679999999936626, 54.66897, 28.125888000000003, 28.565343000000013, 30.05949000000001, 54.756861000000015, 28.125888000000003, 28.74112500000001, -1.8449430000000007, 125.15755200000001, 68.64363900000001, 54.14162400000001]","[-3.0, 4.0, 1.0, 2.0, 0.0, 6.0, 1.0, 1.0, 1.0, 9.0, 3.0, 3.0, 0.0, -2.0, 3.0, 1.0]","[-8.0, 31.0, 17.0, 15.0, -12.0, 34.0, 15.0, 13.0, 0.0, 30.0, 13.0, 11.0, 13.0, -30.0, 13.0, 15.0]"
1,1791638519.512051,"[-30.936863999999986, 57.3057, 29.35636199999999, 29.707926000000015, 0.0007679999999936626, 56.77835400000001, 29.444253000000003, 29.795817, 31.114182, 56.42679000000001, 29.180579999999992, 29.795817, -1.7570519999999874, 123.575514, 69.43465800000001, 55.28420700000001]","[-1.0, 6.0, 2.0, 1.0, 0.0, 2.0, 4.0, 1.0, 0.0, 1.0, 4.0, 3.0, 1.0, 0.0, 1.0, 2.0]","[-1.0, 29.0, 18.0, 16.0, -13.0, 31.0, 14.0, 11.0, -13.0, 37.0, 13.0, 12.0, 13.0, -38.0, 13.0, 14.0]"
1,1791638519.7338605,"[-31.815774000000005, 59.41508400000001, 30.498944999999992, 30.9384, 0.08865900000000693, 59.06352000000001, 30.586836000000005, 30.762618000000003, 32.16887399999999, 56.42679000000001, 29.883708000000013, 30.762618000000003, -1.7570519999999874, 121.11456600000002, 70.75302300000001, 56.25100800000001]","[0.0, 1.0, 1.0, 2.0, 1.0, 5.0, 3.0, 1.0, 2.0, 1.0, 1.0, 3.0, 0.0, -9.0, 4.0, 3.0]","[-9.0, 30.0, 17.0, 15.0, -13.0, 29.0, 12.0, 12.0, -11.0, 58.0, 13.0, 12.0, 13.0, -30.0, 13.0, 13.0]"
1,1791638519.9595492,"[-32.87046599999999, 61.52446800000001, 31.55363700000001, 31.817309999999992, 0.08865900000000693, 61.52446800000001, 31.641527999999994, 31.905201000000005, 33.04778400000001, 61.348686000000015, 31.114182, 31.729419000000007, -1.7570519999999874, 118.74150900000001, 71.89560600000002, 57.21780900000002]","[0.0, 6.0, 3.0, 1.0, 0.0, 4.0, 1.0, 1.0, 1.0, 12.0, 3.0, 3.0, 1.0, -1.0, 3.0, 2.0]","[-8.0, 24.0, 15.0, 15.0, -12.0, 28.0, 13.0, 12.0, 0.0, 27.0, 13.0, 12.0, 14.0, -31.0, 12.0, 14.0]"
1,1791638520.185469,"[-33.92515800000001, 64.073307, 32.69622000000001, 32.959892999999994, 0.0007679999999936626, 63.897525, 32.69622000000001, 32.87200200000001, 34.102475999999996, 63.63385199999999, 32.344656000000015, 32.52043800000001, -1.7570519999999874, 116.63212500000003, 72.86240699999999, 58.36039199999999]","[-1.0, 4.0, 3.0, 4.0, 0.0, 7.0, 3.0, 2.0, 1.0, 3.0, 3.0, 1.0, 1.0, -4.0, 1.0, 2.0]","[-9.0, 28.0, 16.0, 14.0, -12.0, 23.0, 12.0, 11.0, -12.0, 29.0, 12.0, 12.0, 13.0, -29.0, 12.0, 14.0]"
1,1791638520.4090874,"[-35.06774100000001, 66.182691, 33.750912, 33.83880300000001, 0.0007679999999936626, 66.182691, 34.01458500000001, 34.01458500000001, 35.069277, 65.919018, 33.48723899999999, 33.663021000000015, -1.7570519999999874, 114.43484999999998, 74.00498999999999, 59.327192999999994]","[-2.0, 7.0, 2.0, 1.0, 1.0, 5.0, 4.0, 5.0, 1.0, 4.0, 5.0, 3.0, 1.0, 0.0, 2.0, 2.0]","[0.0, 21.0, 16.0, 16.0, -13.0, 21.0, 12.0, 11.0, 0.0, 24.0, 12.0, 12.0, 14.0, -31.0, 11.0, 14.0]"
1,1791638520.6316235,"[-35.85875999999999, 68.46785700000001, 34.80560399999999, 34.981386000000015, 0.08865900000000693, 68.204184, 34.981386000000015, 34.981386000000015, 36.12396899999999, 68.11629300000001, 34.541931000000005, 34.717713, -1.7570519999999874, 112.325466, 75.05968200000001, 60.469775999999996]","[-1.0, 2.0, 1.0, 2.0, 1.0, 4.0, 4.0, 2.0, 1.0, 8.0, 2.0, 4.0, 1.0, -3.0, 2.0, 3.0]","[-9.0, 22.0, 15.0, 15.0, -12.0, 21.0, 12.0, 11.0, -14.0, 21.0, 12.0, 11.0, 14.0, -28.0, 12.0, 14.0]"
1,1791638520.8542435,"[-37.00134299999999, 70.665132, 35.94818699999999, 35.860296000000005, 0.08865900000000693, 70.57724100000001, 36.21186, 35.94818699999999, 37.00287900000001, 70.40145900000002, 35.596622999999994, 35.069277, -1.7570519999999874, 110.0403, 76.20226500000001, 61.436577]","[-2.0, 7.0, 2.0, 5.0, 1.0, 2.0, 4.0, 1.0, 1.0, 2.0, 3.0, 5.0, 1.0, -4.0, 3.0, 2.0]","[-4.0, 17.0, 14.0, 14.0, -12.0, 18.0, 10.0, 11.0, 0.0, 21.0, 12.0, 12.0, 13.0, -26.0, 11.0, 14.0]"
1,1791638521.0813613,"[-37.88025300000001, 73.21397100000002, 37.178661000000005, 36.82709700000001, 0.0007679999999936626, 72.950298, 37.26655199999999, 37.09076999999999, 38.057570999999996, 72.59873400000001, 36.65131500000001, 36.47553300000001, -1.7570519999999874, 108.37037099999998, 77.256957, 62.403378000000004]","[0.0, 4.0, 3.0, 3.0, 1.0, 6.0, 1.0, 4.0, 1.0, 4.0, 2.0, 1.0, 1.0, -2.0, 3.0, 4.0]","[-9.0, 17.0, 14.0, 14.0, -12.0, 17.0, 11.0, 10.0, 0.0, 20.0, 12.0, 12.0, 13.0, -30.0, 11.0, 14.0]"
1,1791638521.3030112,"[-38.847053999999986, 75.411246, 38.14546200000001, 37.881789, 0.08865900000000693, 75.23546400000001, 38.40913499999999, 38.057570999999996, 39.024372, 74.70811800000001, 37.881789, 37.44233399999999, -1.7570519999999874, 105.73364099999998, 78.22375799999998, 63.37017900000001]","[-1.0, 5.0, 1.0, 5.0, 0.0, 5.0, 2.0, 1.0, 1.0, 2.0, 3.0, 1.0, 1.0, -4.0, 1.0, 1.0]","[-9.0, 15.0, 15.0, 15.0, -12.0, 16.0, 11.0, 11.0, 0.0, 21.0, 11.0, 12.0, 14.0, -22.0, 11.0, 14.0]"
1,1791638521.5293427,"[-39.98963699999999, 77.69641200000001, 39.375935999999996, 38.58491699999999, 0.0007679999999936626, 76.81750199999999, 39.28804500000001, 38.84859, 40.07906399999999, 76.55382900000001, 38.76069899999999, 38.58491699999999, -1.7570519999999874, 103.80003900000003, 79.36634099999998, 64.33698000000001]","[-2.0, 3.0, 3.0, 4.0, 0.0, 1.0, 1.0, 0.0, 2.0, 6.0, 1.0, 2.0, 1.0, 0.0, 3.0, 2.0]","[-9.0, 16.0, 15.0, 15.0, -12.0, 19.0, 11.0, 12.0, 2.0, 20.0, 11.0, 11.0, 15.0, -25.0, 11.0, 14.0]"
1,1791638521.753369,"[-40.604873999999995, 79.98157800000001, 40.518519, 39.63960900000001, 0.0007679999999936626, 76.81750199999999, 39.46382700000001, 39.200154, 40.95797400000001, 79.19055900000001, 39.90328199999999, 39.63960900000001, -1.7570519999999874, 103.80003900000003, 80.33314200000001, 65.391672]","[-1.0, 5.0, 3.0, 1.0, 1.0, 1.0, 1.0, 1.0, 1.0, 3.0, 3.0, 4.0, 1.0, 0.0, 2.0, 3.0]","[-9.0, 15.0, 13.0, 16.0, -12.0, 20.0, 14.0, 13.0, 3.0, 18.0, 11.0, 12.0, 15.0, -25.0, 11.0, 14.0]"
1,1791638521.9773238,"[-42.01113000000001, 82.26674400000002, 41.48532, 40.694300999999996, 0.0007679999999936626, 76.81750199999999, 39.90328199999999, 39.46382700000001, 41.661102, 81.29994299999998, 40.95797400000001, 40.78219200000001, -1.7570519999999874, 103.80003900000003, 81.29994299999998, 66.44636400000002]","[-2.0, 5.0, 1.0, 1.0, 0.0, 1.0, 0.0, 1.0, 1.0, 7.0, 2.0, 6.0, 1.0, 1.0, 1.0, 3.0]","[0.0, 14.0, 14.0, 16.0, -11.0, 20.0, 16.0, 15.0, 14.0, 17.0, 10.0, 10.0, 14.0, -26.0, 10.0, 14.0]"
1,1791638522.1985204,"[-43.065822, 84.46401900000001, 42.71579399999999, 41.661102, 0.0007679999999936626, 76.72961099999998, 40.166955, 39.991173, 43.06735800000001, 83.673, 42.10055700000001, 41.661102, -1.7570519999999874, 103.80003900000003, 82.44252599999999, 67.32527400000001]","[0.0, 5.0, 3.0, 4.0, 0.0, 0.0, 1.0, 1.0, 1.0, 5.0, 1.0, 2.0, 1.0, 1.0, 2.0, 2.0]","[0.0, 12.0, 14.0, 16.0, -12.0, 20.0, 18.0, 17.0, 0.0, 15.0, 10.0, 11.0, 14.0, -27.0, 10.0, 14.0]"
1,1791638522.4255457,"[-44.032623, 86.74918500000001, 43.59470400000001, 42.803685, 0.0007679999999936626, 76.72961099999998, 40.43062800000001, 40.342737, 44.03415899999999, 85.78238399999998, 43.24314000000001, 42.803685, -1.7570519999999874, 103.80003900000003, 83.14565399999998, 68.379966]","[0.0, 5.0, 1.0, 5.0, 0.0, 0.0, 1.0, 2.0, 1.0, 4.0, 4.0, 3.0, 1.0, 1.0, -1.0, 1.0]","[0.0, 13.0, 14.0, 16.0, -12.0, 21.0, 23.0, 22.0, 0.0, 15.0, 10.0, 11.0, 14.0, -25.0, 11.0, 14.0]"
1,1791638522.6492267,"[-45.08731499999999, 88.68278700000002, 44.825177999999994, 43.506812999999994, 0.0007679999999936626, 76.37804699999998, 40.342737, 40.254846000000015, 45.00095999999999, 88.155441, 44.297832, 43.85837699999999, -1.7570519999999874, 103.80003900000003, 84.20034600000002, 69.346767]","[0.0, 5.0, 4.0, 1.0, 0.0, 0.0, 0.0, 0.0, 1.0, 5.0, 4.0, 2.0, 1.0, 0.0, 2.0, 1.0]","[0.0, 12.0, 13.0, 16.0, 11.0, 10.0, 9.0, 9.0, -14.0, 14.0, 10.0, 11.0, 14.0, -26.0, 12.0, 15.0]"
1,1791638522.8717198,"[-46.05411599999999, 88.94646, 45.616197, 44.91306900000001, 0.0007679999999936626, 76.37804699999998, 40.342737, 40.254846000000015, 46.05565200000001, 88.33122300000002, 45.264633, 44.91306900000001, -1.7570519999999874, 103.80003900000003, 85.167147, 70.40145900000002]","[0.0, 1.0, 1.0, 4.0, 0.0, 1.0, 0.0, 0.0, 1.0, 1.0, 2.0, 2.0, 0.0, 0.0, 1.0, 2.0]","[0.0, 12.0, 15.0, 15.0, 11.0, 10.0, 10.0, 9.0, -14.0, 14.0, 9.0, 12.0, 14.0, -26.0, 11.0, 15.0]"
1,1791638523.093745,"[-47.020917, 88.94646, 46.75878, 45.791979, 0.0007679999999936626, 76.465938, 40.342737, 40.254846000000015, 47.02245300000001, 88.33122300000002, 46.143542999999994, 45.87987000000001, -1.7570519999999874, 103.80003900000003, 86.13394799999998, 71.36825999999999]","[-1.0, 1.0, 3.0, 1.0, 0.0, 0.0, 0.0, 1.0, 1.0, 1.0, 1.0, 1.0, 1.0, 1.0, 2.0, 3.0]","[0.0, 12.0, 14.0, 15.0, 11.0, 9.0, 10.0, 9.0, -14.0, 14.0, 10.0, 12.0, 13.0, -26.0, 11.0, 14.0]"
1,1791638523.318316,"[-47.636154000000005, 88.94646, 47.63768999999999, 47.19823500000001, 0.0007679999999936626, 76.37804699999998, 40.342737, 40.254846000000015, 48.077145, 88.33122300000002, 47.37401700000001, 47.110344, -1.7570519999999874, 103.80003900000003, 87.18864000000002, 72.24717000000001]","[0.0, 1.0, 1.0, 3.0, 0.0, 1.0, 0.0, 1.0, 1.0, 1.0, 3.0, 2.0, 1.0, 1.0, 2.0, 1.0]","[-10.0, 12.0, 14.0, 15.0, 11.0, 10.0, 11.0, 8.0, -14.0, 15.0, 9.0, 11.0, 14.0, -26.0, 11.0, 14.0]"
1,1791638523.5452816,"[-49.04240999999999, 88.94646, 48.51660000000001, 48.165036000000015, 0.0007679999999936626, 76.465938, 40.342737, 40.254846000000015, 49.043946000000005, 88.33122300000002, 48.165036000000015, 47.81347199999999, -1.6691610000000026, 103.80003900000003, 88.155441, 73.12608]","[-2.0, 1.0, 1.0, 2.0, 0.0, 0.0, 0.0, 0.0, 1.0, 1.0, 1.0, 1.0, 0.0, 1.0, 2.0, 1.0]","[-4.0, 12.0, 14.0, 14.0, 11.0, 10.0, 9.0, 9.0, -14.0, 14.0, 10.0, 11.0, 14.0, -26.0, 11.0, 15.0]"
1,1791638523.7691467,"[-49.833428999999995, 88.94646, 49.571292, 49.219728, 0.0007679999999936626, 76.37804699999998, 40.342737, 40.254846000000015, 50.01074700000001, 88.33122300000002, 49.219728, 48.95605499999999, -1.6691610000000026, 103.80003900000003, 88.94646, 74.35655400000002]","[-1.0, 0.0, 2.0, 3.0, 0.0, 1.0, 0.0, 1.0, 1.0, 1.0, 4.0, 1.0, 1.0, 1.0, 5.0, 2.0]","[-8.0, 12.0, 15.0, 15.0, 11.0, 10.0, 10.0, 10.0, -14.0, 15.0, 9.0, 9.0, 13.0, -25.0, 11.0, 15.0]"
1,1791638523.9931195,"[-50.80023, 88.94646, 50.538093, 50.45020199999999, 0.0007679999999936626, 76.37804699999998, 40.342737, 40.254846000000015, 51.15333000000001, 88.33122300000002, 50.18652900000001, 50.01074700000001, -1.6691610000000026, 103.80003900000003, 90.17693400000002, 75.32335499999999]","[-1.0, 1.0, 3.0, 3.0, 0.0, 0.0, 0.0, 0.0, 1.0, 1.0, 1.0, 2.0, 1.0, 1.0, 4.0, 1.0]","[-8.0, 11.0, 14.0, 13.0, 11.0, 10.0, 10.0, 9.0, -14.0, 14.0, 10.0, 10.0, 14.0, -25.0, 10.0, 14.0]"
1,1791638524.2171135,"[-51.67913999999999, 88.94646, 51.417002999999994, 51.417002999999994, 0.0007679999999936626, 76.465938, 40.342737, 40.254846000000015, 52.03224, 88.33122300000002, 51.15333000000001, 50.889657, -1.6691610000000026, 103.80003900000003, 91.05584399999998, 76.20226500000001]","[0.0, 0.0, 3.0, 3.0, 0.0, 1.0, 0.0, 0.0, 1.0, 1.0, 1.0, 3.0, 1.0, 0.0, 3.0, 1.0]","[-9.0, 12.0, 14.0, 13.0, 12.0, 10.0, 9.0, 9.0, 0.0, 14.0, 10.0, 11.0, 14.0, -26.0, 11.0, 14.0]"
1,1791638524.438161,"[-52.73383199999999, 88.94646, 52.208022, 52.29591300000001, 0.0007679999999936626, 76.465938, 40.342737, 40.254846000000015, 53.174823, 88.33122300000002, 52.29591300000001, 51.856458, -1.6691610000000026, 103.80003900000003, 92.11053600000002, 77.16906599999999]","[-2.0, 0.0, 1.0, 1.0, 0.0, 1.0, 0.0, 1.0, 0.0, 1.0, 2.0, 1.0, 0.0, 1.0, 3.0, 1.0]","[-9.0, 12.0, 15.0, 16.0, 11.0, 10.0, 10.0, 7.0, -7.0, 14.0, 10.0, 11.0, 14.0, -26.0, 11.0, 15.0]"
1,1791638524.6620784,"[-53.700632999999996, 88.94646, 52.999041000000005, 53.08693199999999, 0.0007679999999936626, 76.37804699999998, 40.342737, 40.254846000000015, 54.053732999999994, 88.33122300000002, 53.174823, 52.91114999999999, -1.6691610000000026, 103.80003900000003, 93.077337, 78.047976]","[-2.0, 0.0, 3.0, 1.0, 0.0, 0.0, 0.0, 0.0, 1.0, 1.0, 1.0, 4.0, 0.0, 1.0, 2.0, 1.0]","[-9.0, 11.0, 15.0, 15.0, 11.0, 10.0, 9.0, 9.0, -2.0, 13.0, 10.0, 11.0, 13.0, -26.0, 11.0, 15.0]"
1,1791638524.8890932,"[-54.491652, 88.85856899999999, 53.438496000000015, 54.14162400000001, 0.0007679999999936626, 76.37804699999998, 40.342737, 40.254846000000015, 55.10842500000001, 88.33122300000002, 54.14162400000001, 53.79006000000001, -1.6691610000000026, 103.80003900000003, 94.04413799999998, 79.19055900000001]","[0.0, 0.0, 1.0, 1.0, 0.0, 1.0, 0.0, 1.0, 1.0, 1.0, 3.0, 1.0, 1.0, 1.0, 2.0, 2.0]","[-9.0, 12.0, 17.0, 14.0, 12.0, 10.0, 10.0, 5.0, -13.0, 14.0, 10.0, 11.0, 14.0, -26.0, 11.0, 14.0]"
1,1791638525.1131396,"[-55.37056199999999, 88.85856899999999, 54.493188, 55.28420700000001, 0.0007679999999936626, 76.37804699999998, 40.342737, 40.254846000000015, 56.075226000000015, 88.33122300000002, 55.196315999999996, 54.93264300000001, -1.6691610000000026, 103.80003900000003, 95.27461199999999, 79.19055900000001]","[0.0, 0.0, 1.0, 2.0, 0.0, 1.0, 0.0, 1.0, 1.0, 1.0, 1.0, 3.0, 1.0, 1.0, 2.0, 1.0]","[-10.0, 13.0, 16.0, 14.0, 11.0, 9.0, 10.0, 9.0, -1.0, 14.0, 10.0, 11.0, 14.0, -26.0, 11.0, 15.0]"
1,1791638525.3336742,"[-56.337362999999996, 88.77067799999998, 55.10842500000001, 55.987335, 0.0007679999999936626, 76.37804699999998, 40.342737, 40.254846000000015, 56.954136000000005, 88.33122300000002, 56.075226000000015, 55.811553, -1.6691610000000026, 103.80003900000003, 96.24141300000002, 79.27845000000002]","[0.0, 1.0, 1.0, 1.0, 0.0, 0.0, 0.0, 1.0, 1.0, 1.0, 2.0, 2.0, 1.0, 0.0, 1.0, 2.0]","[-10.0, 14.0, 17.0, 15.0, 11.0, 9.0, 9.0, 10.0, 0.0, 15.0, 11.0, 11.0, 14.0, -26.0, 11.0, 15.0]"
1,1791638525.5591733,"[-56.952600000000004, 88.77067799999998, 55.89944400000002, 56.690462999999994, 0.0007679999999936626, 76.465938, 40.342737, 40.254846000000015, 57.92093700000001, 88.33122300000002, 56.954136000000005, 56.77835400000001, -1.6691610000000026, 103.80003900000003, 97.47188699999998, 79.27845000000002]","[-1.0, 0.0, 1.0, 1.0, 0.0, 1.0, 0.0, 0.0, 1.0, 1.0, 2.0, 1.0, 1.0, 1.0, 3.0, 1.0]","[-11.0, 14.0, 19.0, 16.0, 11.0, 10.0, 9.0, 10.0, 0.0, 14.0, 11.0, 11.0, 13.0, -26.0, 10.0, 15.0]"
1,1791638525.7821658,"[-58.446747, 88.77067799999998, 56.954136000000005, 57.92093700000001, 0.0007679999999936626, 76.465938, 40.342737, 40.254846000000015, 58.975629, 88.33122300000002, 58.008827999999994, 57.657264, -1.6691610000000026, 103.80003900000003, 98.350797, 79.27845000000002]","[-4.0, 0.0, 3.0, 2.0, 0.0, 2.0, 0.0, 0.0, 1.0, 1.0, 3.0, 2.0, 1.0, 1.0, 2.0, 1.0]","[-8.0, 15.0, 19.0, 14.0, 12.0, 10.0, 10.0, 9.0, 0.0, 13.0, 10.0, 12.0, 13.0, -27.0, 11.0, 14.0]"
1,1791638526.0079024,"[-59.061983999999995, 88.68278700000002, 57.92093700000001, 59.151410999999996, 0.0007679999999936626, 76.465938, 40.342737, 40.254846000000015, 59.94243, 88.33122300000002, 58.975629, 58.799847, -1.6691610000000026, 103.80003900000003, 99.22970700000002, 79.27845000000002]","[0.0, 0.0, 3.0, 2.0, 0.0, 0.0, 0.0, 1.0, 1.0, 1.0, 3.0, 2.0, 1.0, 1.0, 2.0, 1.0]","[-11.0, 14.0, 18.0, 15.0, 11.0, 9.0, 9.0, 9.0, 0.0, 14.0, 11.0, 11.0, 14.0, -26.0, 11.0, 15.0]"
1,1791638526.2302358,"[-60.380348999999995, 88.594896, 59.151410999999996, 59.327192999999994, 0.0007679999999936626, 76.465938, 40.342737, 40.254846000000015, 60.99712199999999, 88.33122300000002, 60.20610300000001, 58.88773800000001, -1.5812699999999893, 103.80003900000003, 100.10861699999998, 79.27845000000002]","[-2.0, 0.0, 3.0, 1.0, 0.0, 1.0, 0.0, 1.0, 1.0, 1.0, 3.0, 1.0, 1.0, 1.0, 2.0, 1.0]","[-10.0, 12.0, 18.0, 14.0, 12.0, 10.0, 9.0, 9.0, 0.0, 14.0, 10.0, 10.0, 13.0, -26.0, 11.0, 14.0]"
1,1791638526.4539018,"[-61.522932, 88.594896, 59.590866000000005, 59.327192999999994, 0.0007679999999936626, 76.37804699999998, 40.342737, 40.254846000000015, 61.963922999999994, 88.33122300000002, 61.348686000000015, 58.799847, -1.5812699999999893, 103.80003900000003, 100.635963, 79.27845000000002]","[0.0, 1.0, 1.0, 1.0, 0.0, 0.0, 0.0, 1.0, 1.0, 1.0, 4.0, 0.0, 1.0, 1.0, 1.0, 1.0]","[-9.0, 14.0, 21.0, 14.0, 11.0, 9.0, 9.0, 10.0, 0.0, 14.0, 10.0, 11.0, 13.0, -26.0, 12.0, 14.0]"
1,1791638526.6777384,"[-62.313951, 88.50700499999999, 60.118212, 59.327192999999994, 0.0007679999999936626, 76.465938, 40.342737, 40.254846000000015, 62.930724, 88.33122300000002, 62.403378000000004, 58.88773800000001, -1.5812699999999893, 103.80003900000003, 100.987527, 79.27845000000002]","[0.0, 0.0, 1.0, 1.0, 0.0, 1.0, 0.0, 0.0, 1.0, 1.0, 2.0, 1.0, 1.0, 1.0, 1.0, 1.0]","[-9.0, 14.0, 23.0, 14.0, 11.0, 10.0, 10.0, 9.0, 0.0, 14.0, 10.0, 11.0, 14.0, -26.0, 16.0, 15.0]"
1,1791638526.9043298,"[-63.544425000000004, 88.50700499999999, 60.645557999999994, 59.327192999999994, 0.0007679999999936626, 76.465938, 40.342737, 40.254846000000015, 63.985416000000015, 88.33122300000002, 63.19439700000001, 58.88773800000001, -1.5812699999999893, 103.80003900000003, 101.16330900000003, 79.27845000000002]","[-2.0, 0.0, 1.0, 1.0, 0.0, 1.0, 0.0, 0.0, 1.0, 1.0, 1.0, 1.0, 1.0, 1.0, 5.0, 1.0]","[-9.0, 14.0, 26.0, 15.0, 11.0, 10.0, 10.0, 9.0, 0.0, 13.0, 10.0, 11.0, 14.0, -26.0, 16.0, 14.0]"
1,1791638527.1253452,"[-64.511226, 88.50700499999999, 61.436577, 59.327192999999994, 0.0007679999999936626, 76.37804699999998, 40.342737, 40.254846000000015, 64.95221699999999, 88.33122300000002, 64.249089, 58.88773800000001, -1.5812699999999893, 103.80003900000003, 101.69065499999999, 79.27845000000002]","[-1.0, 0.0, 3.0, 1.0, 0.0, 1.0, 0.0, 0.0, 1.0, 1.0, 3.0, 0.0, 1.0, 1.0, 1.0, 1.0]","[-9.0, 13.0, 28.0, 15.0, 12.0, 10.0, 10.0, 9.0, 0.0, 15.0, 10.0, 11.0, 13.0, -26.0, 21.0, 15.0]"
1,1791638527.3493536,"[-65.214354, 88.41911399999998, 62.13970499999999, 59.327192999999994, 0.0007679999999936626, 76.37804699999998, 40.342737, 40.254846000000015, 65.919018, 88.33122300000002, 65.21589, 58.799847, -1.5812699999999893, 103.80003900000003, 101.778546, 79.27845000000002]","[0.0, 0.0, 1.0, 0.0, 0.0, 1.0, 0.0, 1.0, 1.0, 1.0, 2.0, 1.0, 1.0, 1.0, 1.0, 1.0]","[-10.0, 14.0, 29.0, 13.0, 11.0, 10.0, 10.0, 8.0, 0.0, 14.0, 11.0, 12.0, 14.0, -26.0, 28.0, 15.0]"
1,1791638527.5746317,"[-66.181155, 88.33122300000002, 62.31548699999999, 59.327192999999994, 0.0007679999999936626, 76.37804699999998, 40.342737, 40.342737, 66.97371000000001, 88.33122300000002, 66.00690900000001, 58.88773800000001, -1.6691610000000026, 103.80003900000003, 102.30589200000003, 79.19055900000001]","[-1.0, 1.0, 2.0, 0.0, 0.0, 0.0, 0.0, 1.0, 1.0, 1.0, 1.0, 1.0, 0.0, 0.0, 1.0, 0.0]","[-10.0, 14.0, 32.0, 14.0, 11.0, 11.0, 9.0, 8.0, 0.0, 14.0, 11.0, 11.0, 13.0, -26.0, 31.0, 15.0]"
1,1791638527.7983603,"[-67.147956, 88.24333200000001, 64.600653, 59.327192999999994, 0.0007679999999936626, 76.37804699999998, 40.342737, 40.254846000000015, 67.94051100000001, 88.33122300000002, 66.885819, 58.88773800000001, -1.6691610000000026, 103.88792999999998, 102.30589200000003, 79.19055900000001]","[0.0, 0.0, 6.0, 1.0, 0.0, 1.0, 0.0, 1.0, 2.0, 1.0, 1.0, 1.0, 0.0, 0.0, 1.0, 1.0]","[-10.0, 14.0, 23.0, 15.0, 12.0, 10.0, 10.0, 5.0, 0.0, 13.0, 11.0, 12.0, 15.0, -26.0, 35.0, 15.0]"
1,1791638528.0218372,"[-68.114757, 88.24333200000001, 66.00690900000001, 59.41508400000001, 0.0007679999999936626, 76.37804699999998, 40.342737, 40.254846000000015, 68.995203, 88.33122300000002, 67.76472900000002, 58.88773800000001, -1.6691610000000026, 103.88792999999998, 103.09691099999998, 79.19055900000001]","[-1.0, 0.0, 1.0, 0.0, 0.0, 1.0, 0.0, 1.0, 1.0, 1.0, 3.0, 0.0, 0.0, 1.0, 0.0, 0.0]","[-11.0, 14.0, 29.0, 14.0, 11.0, 10.0, 10.0, 11.0, 0.0, 14.0, 11.0, 11.0, 14.0, -25.0, 39.0, 14.0]"
1,1791638528.248768,"[-69.521013, 89.12224200000003, 69.698331, 59.590866000000005, 0.0007679999999936626, 76.37804699999998, 40.342737, 40.254846000000015, 69.96200400000001, 88.33122300000002, 68.73152999999999, 58.88773800000001, -1.6691610000000026, 104.06371200000001, 102.92112900000001, 79.19055900000001]","[-2.0, 4.0, 9.0, 1.0, 0.0, 0.0, 0.0, 0.0, 2.0, 2.0, 2.0, 1.0, 0.0, 1.0, 0.0, 1.0]","[-10.0, 11.0, 13.0, 13.0, 11.0, 10.0, 10.0, 9.0, 0.0, 14.0, 11.0, 11.0, 0.0, -10.0, 10.0, 14.0]"
1,1791638528.4728389,"[-70.312032, 89.298024, 70.75302300000001, 59.590866000000005, 0.0007679999999936626, 76.37804699999998, 40.342737, 40.254846000000015, 70.840914, 88.41911399999998, 69.61044000000001, 58.88773800000001, -1.6691610000000026, 104.06371200000001, 102.92112900000001, 79.19055900000001]","[-2.0, 1.0, 1.0, 1.0, 0.0, 0.0, 0.0, 0.0, 2.0, 0.0, 1.0, 1.0, 0.0, 1.0, 0.0, 0.0]","[-10.0, 11.0, 13.0, 13.0, 11.0, 10.0, 10.0, 10.0, 14.0, 13.0, 12.0, 11.0, 0.0, -11.0, 10.0, 13.0]"
1,1791638528.6963716,"[-71.103051, 89.298024, 71.456151, 59.590866000000005, 0.0007679999999936626, 76.37804699999998, 40.342737, 40.254846000000015, 71.807715, 88.41911399999998, 70.48935, 58.88773800000001, -1.6691610000000026, 104.06371200000001, 102.92112900000001, 79.19055900000001]","[0.0, 1.0, 1.0, 0.0, 0.0, 0.0, 0.0, 0.0, 1.0, 0.0, 1.0, 1.0, 0.0, 1.0, 0.0, 1.0]","[-11.0, 11.0, 14.0, 14.0, 11.0, 9.0, 10.0, 9.0, 14.0, 13.0, 11.0, 10.0, 0.0, -11.0, 10.0, 13.0]"
1,1791638528.9169326,"[-72.157743, 89.298024, 72.335061, 59.590866000000005, 0.0007679999999936626, 76.37804699999998, 40.342737, 40.254846000000015, 72.59873400000001, 88.41911399999998, 71.631933, 58.799847, -1.6691610000000026, 104.06371200000001, 102.92112900000001, 79.19055900000001]","[0.0, 1.0, 2.0, 0.0, 0.0, 0.0, 0.0, 0.0, 1.0, 1.0, 4.0, 0.0, 0.0, 1.0, 0.0, 0.0]","[-10.0, 11.0, 14.0, 13.0, 11.0, 10.0, 10.0, 10.0, 14.0, 13.0, 11.0, 11.0, 0.0, -11.0, 10.0, 14.0]"
1,1791638529.1419413,"[-73.036653, 89.298024, 73.21397100000002, 59.590866000000005, 0.0007679999999936626, 76.37804699999998, 40.342737, 40.254846000000015, 73.74131700000001, 88.41911399999998, 72.510843, 58.88773800000001, -1.6691610000000026, 104.06371200000001, 102.92112900000001, 79.19055900000001]","[0.0, 1.0, 4.0, 0.0, 0.0, 0.0, 0.0, 1.0, 2.0, 1.0, 2.0, 1.0, 0.0, 1.0, 0.0, 0.0]","[-10.0, 11.0, 14.0, 14.0, 12.0, 10.0, 10.0, 10.0, 14.0, 14.0, 12.0, 11.0, 0.0, -11.0, 10.0, 14.0]"
1,1791638529.3687053,"[-73.563999, 89.298024, 74.00498999999999, 59.590866000000005, 0.0007679999999936626, 76.37804699999998, 40.342737, 40.254846000000015, 74.444445, 88.41911399999998, 73.38975300000001, 58.799847, -1.6691610000000026, 104.06371200000001, 102.92112900000001, 79.19055900000001]","[0.0, 1.0, 1.0, 0.0, 0.0, 0.0, 0.0, 0.0, 4.0, 1.0, 2.0, -1.0, 0.0, 1.0, 0.0, 0.0]","[-13.0, 11.0, 15.0, 12.0, 11.0, 10.0, 9.0, 9.0, 14.0, 14.0, 12.0, 12.0, 0.0, -11.0, 10.0, 13.0]"
1,1791638529.5917766,"[-73.563999, 89.298024, 74.88390000000001, 59.590866000000005, 0.0007679999999936626, 76.37804699999998, 40.342737, 40.254846000000015, 74.53233600000002, 88.41911399999998, 74.18077199999999, 58.88773800000001, -1.6691610000000026, 104.06371200000001, 102.92112900000001, 79.19055900000001]","[0.0, 1.0, 2.0, 0.0, 0.0, 0.0, 0.0, 0.0, 0.0, 1.0, 2.0, 0.0, 0.0, 1.0, 0.0, 0.0]","[-12.0, 11.0, 16.0, 15.0, 11.0, 10.0, 10.0, 10.0, 15.0, 13.0, 13.0, 11.0, 0.0, -11.0, 10.0, 13.0]"
1,1791638529.816707,"[-73.563999, 89.298024, 75.85070100000002, 59.590866000000005, 0.0007679999999936626, 76.37804699999998, 40.342737, 40.254846000000015, 74.620227, 88.41911399999998, 75.05968200000001, 58.88773800000001, -1.6691610000000026, 104.06371200000001, 102.92112900000001, 79.19055900000001]","[1.0, 1.0, 2.0, 0.0, 0.0, 0.0, 0.0, 0.0, 0.0, 1.0, 1.0, 0.0, 0.0, 1.0, 0.0, 0.0]","[-13.0, 11.0, 16.0, 13.0, 11.0, 10.0, 9.0, 9.0, 14.0, 13.0, 14.0, 12.0, 0.0, -11.0, 10.0, 14.0]"
1,1791638530.040627,"[-73.563999, 89.298024, 76.72961099999998, 59.590866000000005, 0.0007679999999936626, 76.37804699999998, 40.342737, 40.342737, 74.620227, 88.41911399999998, 75.85070100000002, 58.799847, -1.6691610000000026, 104.06371200000001, 102.92112900000001, 79.19055900000001]","[0.0, 1.0, 1.0, 0.0, 0.0, 0.0, 0.0, 1.0, 1.0, 0.0, 1.0, 1.0, 0.0, 1.0, 0.0, 0.0]","[-12.0, 11.0, 16.0, 13.0, 11.0, 10.0, 10.0, 7.0, 13.0, 13.0, 15.0, 12.0, 0.0, -10.0, 11.0, 13.0]"
1,1791638530.2646134,"[-73.563999, 89.298024, 77.78430300000002, 59.590866000000005, 0.0007679999999936626, 76.37804699999998, 40.342737, 40.254846000000015, 74.620227, 88.41911399999998, 76.465938, 58.799847, -1.6691610000000026, 104.06371200000001, 102.92112900000001, 79.19055900000001]","[0.0, 1.0, 3.0, 0.0, 0.0, 0.0, 0.0, 1.0, 0.0, 1.0, 3.0, 0.0, 0.0, 1.0, 0.0, 0.0]","[-12.0, 12.0, 16.0, 14.0, 11.0, 10.0, 9.0, 9.0, 14.0, 14.0, 15.0, 11.0, 0.0, -10.0, 11.0, 13.0]"
1,1791638530.48858,"[-73.563999, 89.298024, 78.57532200000003, 59.590866000000005, 0.0007679999999936626, 76.37804699999998, 40.342737, 40.254846000000015, 74.620227, 88.41911399999998, 77.608521, 58.799847, -1.6691610000000026, 104.06371200000001, 102.92112900000001, 79.27845000000002]","[1.0, 1.0, 1.0, 0.0, 0.0, 0.0, 0.0, 1.0, 1.0, 1.0, 1.0, 1.0, 0.0, 0.0, 0.0, 1.0]","[-12.0, 11.0, 17.0, 14.0, 11.0, 10.0, 10.0, 9.0, 14.0, 14.0, 15.0, 11.0, 0.0, -10.0, 10.0, 7.0]"
1,1791638530.7102656,"[-73.563999, 89.298024, 79.45423199999999, 59.590866000000005, 0.0007679999999936626, 76.37804699999998, 40.342737, 40.254846000000015, 74.620227, 88.41911399999998, 78.13586700000002, 58.88773800000001, -1.6691610000000026, 104.06371200000001, 102.92112900000001, 79.19055900000001]","[1.0, 1.0, 1.0, 0.0, 0.0, 0.0, 0.0, 0.0, 0.0, 1.0, 1.0, 2.0, 0.0, 1.0, 0.0, 0.0]","[-13.0, 11.0, 17.0, 14.0, 11.0, 10.0, 10.0, 10.0, 14.0, 13.0, 17.0, 12.0, 0.0, -10.0, 10.0, 13.0]"
1,1791638530.9365513,"[-73.65189, 89.298024, 80.245251, 59.590866000000005, 0.0007679999999936626, 76.37804699999998, 40.342737, 40.254846000000015, 74.620227, 88.41911399999998, 78.31164899999999, 58.799847, -1.6691610000000026, 104.06371200000001, 102.92112900000001, 79.19055900000001]","[0.0, 1.0, 1.0, 1.0, 0.0, 0.0, 0.0, 1.0, 1.0, 1.0, 1.0, 0.0, 0.0, 1.0, 0.0, 0.0]","[-12.0, 11.0, 17.0, 14.0, 11.0, 10.0, 10.0, 8.0, 14.0, 14.0, 22.0, 11.0, 0.0, -11.0, 10.0, 14.0]"
1,1791638531.1605248,"[-73.563999, 89.298024, 81.47572500000001, 59.590866000000005, 0.0007679999999936626, 76.37804699999998, 40.342737, 40.254846000000015, 74.620227, 88.41911399999998, 78.66321299999998, 58.799847, -1.6691610000000026, 104.06371200000001, 102.92112900000001, 79.19055900000001]","[1.0, 1.0, 3.0, 0.0, 0.0, 0.0, 0.0, 1.0, 1.0, 1.0, 2.0, 0.0, 0.0, 1.0, 0.0, 0.0]","[-13.0, 11.0, 17.0, 15.0, 11.0, 10.0, 10.0, 9.0, 14.0, 13.0, 26.0, 11.0, 0.0, -11.0, 9.0, 13.0]"
1,1791638531.3845456,"[-73.563999, 89.298024, 82.26674400000002, 59.590866000000005, 0.0007679999999936626, 76.37804699999998, 40.342737, 40.254846000000015, 74.620227, 88.50700499999999, 78.92688600000002, 58.799847, -1.6691610000000026, 104.06371200000001, 102.92112900000001, 79.19055900000001]","[0.0, 1.0, 1.0, 1.0, 0.0, 0.0, 0.0, 1.0, 1.0, 1.0, 1.0, 0.0, 0.0, 1.0, 0.0, 0.0]","[-12.0, 11.0, 18.0, 14.0, 11.0, 10.0, 10.0, 8.0, 14.0, 14.0, 32.0, 11.0, 0.0, -10.0, 10.0, 13.0]"
1,1791638531.6088488,"[-73.563999, 89.298024, 83.321436, 59.590866000000005, 0.0007679999999936626, 76.37804699999998, 40.342737, 40.254846000000015, 74.620227, 88.594896, 78.92688600000002, 58.799847, -1.6691610000000026, 104.06371200000001, 102.92112900000001, 79.19055900000001]","[0.0, 1.0, 3.0, 0.0, 0.0, 0.0, 0.0, 1.0, 1.0, 1.0, 1.0, 0.0, 0.0, 1.0, 0.0, 0.0]","[-13.0, 11.0, 18.0, 14.0, 11.0, 9.0, 10.0, 9.0, 14.0, 12.0, 37.0, 12.0, 0.0, -11.0, 9.0, 14.0]"
1,1791638531.8300874,"[-73.563999, 89.298024, 84.11245500000001, 59.590866000000005, 0.0007679999999936626, 76.37804699999998, 40.342737, 40.254846000000015, 74.620227, 88.594896, 78.83899500000001, 58.799847, -1.6691610000000026, 104.06371200000001, 102.92112900000001, 79.19055900000001]","[1.0, 1.0, 1.0, 0.0, 0.0, 0.0, 0.0, 0.0, 1.0, 1.0, 1.0, 0.0, 0.0, 1.0, 0.0, 0.0]","[-13.0, 11.0, 18.0, 14.0, 12.0, 10.0, 10.0, 10.0, 14.0, 0.0, 9.0, 0.0, 0.0, -10.0, 11.0, 13.0]"
1,1791638532.0535727,"[-73.563999, 89.298024, 85.07925599999999, 59.590866000000005, 0.0007679999999936626, 76.37804699999998, 40.342737, 40.342737, 74.620227, 88.594896, 78.83899500000001, 58.799847, -1.6691610000000026, 104.06371200000001, 102.92112900000001, 79.19055900000001]","[1.0, 1.0, 1.0, 0.0, 0.0, 0.0, 0.0, 1.0, 1.0, 1.0, 1.0, 0.0, 0.0, 1.0, 0.0, 0.0]","[-13.0, 12.0, 19.0, 14.0, 12.0, 10.0, 10.0, 8.0, 14.0, 0.0, 9.0, 0.0, 0.0, -11.0, 10.0, 13.0]"
1,1791638532.2768586,"[-73.563999, 89.298024, 85.958166, 59.590866000000005, 0.0007679999999936626, 76.37804699999998, 40.342737, 40.254846000000015, 74.620227, 88.50700499999999, 78.83899500000001, 58.799847, -1.6691610000000026, 104.06371200000001, 102.92112900000001, 79.19055900000001]","[1.0, 1.0, 2.0, 0.0, 0.0, 0.0, 0.0, 0.0, 1.0, 0.0, 1.0, 0.0, 0.0, 1.0, 0.0, 0.0]","[-13.0, 11.0, 20.0, 13.0, 12.0, 10.0, 9.0, 9.0, 14.0, 2.0, 9.0, 0.0, 0.0, -11.0, 10.0, 13.0]"
1,1791638532.500856,"[-73.563999, 89.298024, 86.74918500000001, 59.590866000000005, 0.0007679999999936626, 76.37804699999998, 40.342737, 40.254846000000015, 74.620227, 88.594896, 78.83899500000001, 58.799847, -1.6691610000000026, 104.06371200000001, 102.92112900000001, 79.19055900000001]","[1.0, 1.0, 3.0, 0.0, 0.0, 0.0, 0.0, 0.0, 1.0, 0.0, 1.0, 0.0, 0.0, 1.0, 0.0, 1.0]","[-13.0, 11.0, 19.0, 14.0, 11.0, 10.0, 10.0, 5.0, 13.0, 0.0, 9.0, 0.0, 0.0, -11.0, 10.0, 10.0]"
1,1791638532.7254732,"[-73.563999, 89.298024, 87.62809500000003, 59.590866000000005, 0.0007679999999936626, 76.37804699999998, 40.342737, 40.342737, 74.620227, 88.594896, 78.83899500000001, 58.799847, -1.6691610000000026, 104.06371200000001, 102.92112900000001, 79.19055900000001]","[0.0, 1.0, 3.0, 1.0, 0.0, 0.0, 0.0, 1.0, 1.0, 0.0, 1.0, 0.0, 0.0, 1.0, 0.0, 0.0]","[-13.0, 10.0, 21.0, 14.0, 11.0, 10.0, 10.0, 6.0, 13.0, 0.0, 9.0, 0.0, 0.0, -11.0, 9.0, 14.0]"
2,1791638534.7428844,"[0.0007679999999936626, -4.393781999999987, -1.3175970000000063, -0.17501400000000444, 0.0007679999999936626, -5.096910000000008, 0.0007679999999936626, -0.2629049999999893, 0.08865900000000693, -5.4484740000000045, -1.053923999999995, 0.17654999999999177, -1.229705999999993, 178.243716, 39.90328199999999, 25.40126699999999]","[0.0, 1.0, 0.0, 1.0, 1.0, 0.0, 1.0, 0.0, 0.0, 1.0, 1.0, 0.0, 0.0, 1.0, 0.0, 0.0]","[-9.0, 28.0, 16.0, 14.0, -9.0, 32.0, -10.0, 11.0, -14.0, 37.0, 11.0, -11.0, 12.0, 17.0, 10.0, -14.0]"
2,1791638534.9674582,"[0.0007679999999936626, -4.393781999999987, -0.9660330000000101, 0.0007679999999936626, 0.0007679999999936626, -4.92112800000001, 0.6160050000000012, -0.08712299999999118, 0.08865900000000693, -5.4484740000000045, -0.9660330000000101, 0.3523319999999899, -1.229705999999993, 177.98004300000002, 40.07906399999999, 25.577048999999988]","[0.0, 1.0, 1.0, 1.0, 1.0, 1.0, 1.0, 1.0, 1.0, 1.0, 2.0, 0.0, 0.0, 0.0, 1.0, 1.0]","[-8.0, 34.0, 19.0, 15.0, -4.0, 50.0, 10.0, 12.0, -14.0, 47.0, 14.0, 10.0, 16.0, -12.0, 12.0, 14.0]"
2,1791638535.1917489,"[0.0007679999999936626, -4.305891000000003, -0.08712299999999118, 0.44022300000000314, 0.0007679999999936626, -3.7785450000000083, 1.2312420000000088, 0.08865900000000693, 0.08865900000000693, -4.92112800000001, -0.6144689999999855, 0.44022300000000314, -1.229705999999993, 177.62847900000003, 40.07906399999999, 26.368067999999994]","[0.0, 1.0, 1.0, 1.0, 1.0, 1.0, 1.0, 1.0, 1.0, 1.0, 1.0, 1.0, 0.0, 0.0, 1.0, 3.0]","[-8.0, 42.0, 18.0, 16.0, -9.0, 60.0, 11.0, 14.0, -15.0, 51.0, 16.0, 13.0, 19.0, -25.0, 14.0, 14.0]"
2,1791638535.412838,"[0.0007679999999936626, -4.305891000000003, 0.8796780000000126, 1.4949149999999918, 0.0007679999999936626, -2.548070999999993, 1.846478999999988, 1.407024000000007, 0.08865900000000693, -4.92112800000001, 0.44022300000000314, 0.8796780000000126, -1.229705999999993, 176.749569, 41.661102, 27.159087]","[0.0, 1.0, 1.0, 3.0, 1.0, 4.0, 1.0, 1.0, 1.0, 1.0, 3.0, 1.0, 0.0, -2.0, 4.0, 1.0]","[-8.0, 52.0, 19.0, 17.0, -10.0, 67.0, 12.0, 13.0, -15.0, 62.0, 16.0, 14.0, 28.0, -40.0, 12.0, 15.0]"
2,1791638535.637557,"[0.0007679999999936626, -3.514871999999997, 1.7585880000000031, 2.3738250000000107, 0.0007679999999936626, 0.26444100000000503, 2.6374979999999937, 2.1980430000000126, 0.08865900000000693, -4.92112800000001, 1.407024000000007, 2.0222610000000145, -1.1418150000000082, 173.40971100000002, 42.36422999999999, 28.125888000000003]","[0.0, 1.0, 1.0, 5.0, 1.0, 6.0, 1.0, 1.0, 1.0, 1.0, 1.0, 3.0, 1.0, -4.0, 1.0, 2.0]","[-9.0, 51.0, 20.0, 16.0, -9.0, 49.0, 13.0, 13.0, -14.0, 75.0, 16.0, 14.0, 36.0, -34.0, 13.0, 15.0]"
2,1791638535.8641164,"[0.0007679999999936626, -2.723852999999991, 2.813279999999992, 3.2527350000000013, -0.08712299999999118, 1.0554600000000107, 3.4285169999999994, 3.3406260000000145, 0.08865900000000693, -3.426981000000012, 2.1980430000000126, 2.98906199999999, -1.1418150000000082, 169.894071, 43.41892200000001, 29.268471000000005]","[0.0, 8.0, 2.0, 1.0, 1.0, 10.0, 1.0, 3.0, 1.0, 6.0, 2.0, 2.0, 1.0, -6.0, 4.0, 3.0]","[-9.0, 52.0, 19.0, 16.0, 0.0, 60.0, 14.0, 14.0, -15.0, 67.0, 16.0, 14.0, 40.0, -29.0, 14.0, 15.0]"
2,1791638536.0875053,"[0.0007679999999936626, -1.1418150000000082, 3.7800809999999956, 4.483208999999988, -0.08712299999999118, 3.6921900000000107, 4.395318000000003, 4.395318000000003, 0.08865900000000693, -2.6359620000000064, 3.076953000000003, 4.043754000000007, -0.9660330000000101, 168.399924, 44.56150500000001, 30.147380999999996]","[0.0, 2.0, 1.0, 1.0, 1.0, 1.0, 1.0, 2.0, 1.0, 9.0, 4.0, 1.0, 4.0, 0.0, 4.0, 1.0]","[-9.0, 52.0, 20.0, 17.0, -10.0, 64.0, 14.0, 14.0, -14.0, 63.0, 16.0, 13.0, 42.0, -44.0, 13.0, 14.0]"
2,1791638536.3089652,"[0.0007679999999936626, -1.053923999999995, 4.834773000000013, 5.450009999999992, -0.08712299999999118, 6.065246999999999, 5.274227999999994, 5.274227999999994, 0.08865900000000693, -2.372288999999995, 4.30742699999999, 4.9226639999999975, 1.846478999999988, 164.79639300000002, 45.528306000000015, 31.202073000000013]","[1.0, 1.0, 3.0, 3.0, 0.0, 4.0, 3.0, 2.0, 1.0, 1.0, 3.0, 2.0, 4.0, -8.0, 3.0, 2.0]","[-9.0, 62.0, 19.0, 16.0, -1.0, 54.0, 14.0, 14.0, -14.0, 81.0, 17.0, 15.0, 33.0, -35.0, 13.0, 14.0]"
2,1791638536.5351884,"[0.0007679999999936626, -1.053923999999995, 5.801573999999988, 6.592592999999994, 0.0007679999999936626, 6.065246999999999, 5.362119000000007, 6.504702000000009, 0.08865900000000693, -2.372288999999995, 5.098445999999996, 6.2410289999999975, 2.0222610000000145, 161.544426, 46.75878, 32.16887399999999]","[0.0, 1.0, 1.0, 1.0, 2.0, 1.0, 1.0, 5.0, 0.0, 1.0, 3.0, 3.0, 4.0, -7.0, 2.0, 1.0]","[-9.0, 70.0, 20.0, 17.0, -7.0, 87.0, 18.0, 13.0, -14.0, 96.0, 18.0, 14.0, 37.0, -34.0, 13.0, 14.0]"
2,1791638536.7571392,"[0.0007679999999936626, 1.2312420000000088, 5.889465000000001, 7.383611999999999, 0.0007679999999936626, 10.020342, 7.207830000000001, 7.2957210000000146, 0.08865900000000693, -2.372288999999995, 6.2410289999999975, 7.032048000000003, 3.9558629999999937, 158.38035000000002, 47.63768999999999, 33.31145699999999]","[0.0, 2.0, 1.0, 1.0, 1.0, 9.0, 1.0, 0.0, 0.0, 1.0, 4.0, 1.0, 4.0, -4.0, 3.0, 3.0]","[-8.0, 67.0, 25.0, 17.0, -6.0, 52.0, 14.0, 13.0, -14.0, 113.0, 15.0, 14.0, 31.0, -34.0, 13.0, 13.0]"
2,1791638536.9810863,"[0.0007679999999936626, 1.1433509999999956, 7.823067000000009, 8.614086000000015, 0.0007679999999936626, 11.426598000000013, 8.26252199999999, 8.526195000000001, 0.08865900000000693, 2.1101519999999994, 7.119938999999988, 8.086739999999992, 4.219536000000005, 155.655729, 48.51660000000001, 34.36614900000001]","[0.0, 1.0, 3.0, 3.0, 1.0, 1.0, 3.0, 2.0, 1.0, 7.0, 4.0, 3.0, 1.0, -2.0, 2.0, 3.0]","[-9.0, 67.0, 19.0, 16.0, -12.0, 68.0, 14.0, 12.0, -14.0, 56.0, 17.0, 12.0, 36.0, -37.0, 13.0, 13.0]"
2,1791638537.2054284,"[0.0007679999999936626, 1.2312420000000088, 8.789868000000013, 9.492996000000005, -0.08712299999999118, 13.53598199999999, 9.317214000000007, 9.405104999999992, 0.08865900000000693, 2.2859339999999975, 7.998849000000007, 9.141432000000009, 5.9773560000000145, 152.667435, 49.571292, 35.33295000000001]","[0.0, 1.0, 3.0, 3.0, 0.0, 7.0, 1.0, 1.0, 1.0, 1.0, 1.0, 2.0, 7.0, -4.0, 1.0, 3.0]","[-9.0, 80.0, 20.0, 17.0, -4.0, 61.0, 14.0, 13.0, -15.0, 71.0, 17.0, 13.0, 32.0, -36.0, 12.0, 14.0]"
2,1791638537.4319775,"[0.0007679999999936626, 4.30742699999999, 9.844560000000001, 10.547687999999994, 0.0007679999999936626, 15.909039000000007, 10.28401500000001, 10.371905999999996, 0.08865900000000693, 4.30742699999999, 9.053540999999996, 10.108233000000013, 7.207830000000001, 150.294378, 50.538093, 36.21186]","[0.0, 5.0, 3.0, 1.0, 1.0, 4.0, 3.0, 1.0, 1.0, 9.0, 3.0, 3.0, 4.0, 0.0, 2.0, 2.0]","[-9.0, 56.0, 19.0, 17.0, -12.0, 55.0, 14.0, 12.0, -14.0, 55.0, 17.0, 14.0, 28.0, -43.0, 12.0, 15.0]"
2,1791638537.6535435,"[0.0007679999999936626, 4.30742699999999, 10.547687999999994, 11.514488999999998, 0.0007679999999936626, 15.996929999999992, 11.162925000000001, 11.250816000000015, 0.08865900000000693, 4.6589910000000145, 9.844560000000001, 10.89925199999999, 8.086739999999992, 147.48186600000002, 51.50489400000001, 37.354443]","[0.0, 0.0, 1.0, 3.0, 2.0, 1.0, 3.0, 1.0, 0.0, 1.0, 4.0, 0.0, 1.0, -4.0, 4.0, 2.0]","[-8.0, 69.0, 19.0, 17.0, -12.0, 83.0, 14.0, 14.0, -14.0, 67.0, 17.0, 13.0, 29.0, -40.0, 12.0, 14.0]"
2,1791638537.879997,"[0.0007679999999936626, 4.9226639999999975, 11.690270999999996, 12.393398999999988, 0.0007679999999936626, 20.039916000000005, 12.21761699999999, 12.393398999999988, 0.08865900000000693, 4.6589910000000145, 10.89925199999999, 12.129726000000005, 9.141432000000009, 143.966226, 52.735367999999994, 38.233352999999994]","[0.0, 9.0, 1.0, 2.0, 1.0, 8.0, 1.0, 1.0, 1.0, 1.0, 1.0, 4.0, 1.0, -8.0, 4.0, 1.0]","[-8.0, 66.0, 20.0, 17.0, -8.0, 55.0, 14.0, 13.0, -14.0, 79.0, 19.0, 13.0, 29.0, -36.0, 13.0, 14.0]"
2,1791638538.1026235,"[0.0007679999999936626, 7.471503000000013, 12.569181000000015, 13.184417999999994, 0.0007679999999936626, 21.00671700000001, 13.272309000000007, 13.53598199999999, 0.08865900000000693, 4.746881999999999, 10.89925199999999, 13.008635999999996, 9.141432000000009, 140.890041, 53.526387, 39.46382700000001]","[0.0, 3.0, 1.0, 1.0, 1.0, 9.0, 3.0, 1.0, 1.0, 2.0, 1.0, 4.0, 1.0, -1.0, 2.0, 2.0]","[-9.0, 53.0, 20.0, 18.0, -7.0, 65.0, 14.0, 12.0, -14.0, 81.0, 23.0, 13.0, 36.0, -41.0, 13.0, 15.0]"
2,1791638538.3272157,"[0.0007679999999936626, 7.647285000000011, 13.799655000000001, 14.414892000000009, 0.0007679999999936626, 24.346575, 14.327000999999996, 14.414892000000009, 0.08865900000000693, 8.526195000000001, 13.008635999999996, 13.887546000000015, 11.60238000000001, 137.63807400000002, 54.756861000000015, 40.518519]","[0.0, 1.0, 3.0, 2.0, 0.0, 5.0, 3.0, 1.0, 0.0, 3.0, 6.0, 2.0, 4.0, -4.0, 3.0, 4.0]","[-9.0, 66.0, 20.0, 17.0, -5.0, 53.0, 14.0, 13.0, -14.0, 51.0, 17.0, 15.0, 29.0, -35.0, 13.0, 13.0]"
2,1791638538.549578,"[0.0007679999999936626, 7.998849000000007, 14.678564999999992, 15.118020000000001, 0.0007679999999936626, 26.016503999999998, 15.381693000000013, 15.821147999999994, 0.08865900000000693, 8.614086000000015, 13.623873000000003, 14.85434699999999, 11.690270999999996, 134.38610699999998, 55.811553, 41.48532]","[0.0, 7.0, 1.0, 6.0, 0.0, 1.0, 1.0, 3.0, 1.0, 0.0, 2.0, 3.0, 0.0, -5.0, 2.0, 3.0]","[-8.0, 69.0, 19.0, 17.0, -10.0, 61.0, 14.0, 12.0, -14.0, 66.0, 17.0, 15.0, 32.0, -33.0, 12.0, 14.0]"
2,1791638538.7760413,"[0.0007679999999936626, 10.371905999999996, 15.733257000000009, 16.348493999999988, 0.0007679999999936626, 28.30167, 16.524276000000015, 16.787948999999998, 0.08865900000000693, 9.668778000000003, 14.766456000000005, 15.996929999999992, 13.448091000000005, 130.95835799999998, 56.86624499999999, 42.452121000000005]","[0.0, 1.0, 1.0, 1.0, 1.0, 1.0, 3.0, 2.0, 1.0, 1.0, 1.0, 2.0, 4.0, -3.0, 3.0, 2.0]","[-9.0, 58.0, 19.0, 17.0, -12.0, 55.0, 15.0, 11.0, -14.0, 66.0, 18.0, 15.0, 28.0, -30.0, 12.0, 13.0]"
2,1791638538.9967546,"[0.08865900000000693, 10.547687999999994, 16.787948999999998, 17.227404000000007, 0.0007679999999936626, 29.971598999999998, 17.578968000000003, 17.75475, 0.08865900000000693, 9.668778000000003, 15.996929999999992, 16.963730999999996, 14.590674000000007, 127.706391, 57.92093700000001, 43.41892200000001]","[1.0, 1.0, 1.0, 4.0, 1.0, 2.0, 4.0, 1.0, 1.0, 1.0, 1.0, 5.0, 4.0, -4.0, 2.0, 1.0]","[-8.0, 67.0, 19.0, 17.0, -12.0, 61.0, 13.0, 13.0, -14.0, 80.0, 17.0, 14.0, 27.0, -29.0, 11.0, 14.0]"
2,1791638539.2216883,"[0.0007679999999936626, 10.547687999999994, 17.930532, 18.19420500000001, 0.0007679999999936626, 32.16887399999999, 18.36998700000001, 18.545769000000007, 0.08865900000000693, 9.668778000000003, 16.87584000000001, 18.106313999999998, 15.55747500000001, 125.069661, 59.06352000000001, 44.38572300000001]","[0.0, 1.0, 3.0, 2.0, 1.0, 12.0, 1.0, 1.0, 1.0, 1.0, 3.0, 5.0, 1.0, -3.0, 1.0, 1.0]","[-8.0, 80.0, 18.0, 17.0, -12.0, 53.0, 14.0, 12.0, -14.0, 93.0, 17.0, 13.0, 29.0, -34.0, 12.0, 13.0]"
2,1791638539.4479747,"[0.0007679999999936626, 13.008635999999996, 18.80944199999999, 19.336788000000013, 0.0007679999999936626, 34.45403999999999, 19.336788000000013, 19.68835200000001, 0.08865900000000693, 9.668778000000003, 18.106313999999998, 18.897333000000003, 16.700058000000013, 122.69660399999998, 60.20610300000001, 45.528306000000015]","[0.0, 4.0, 3.0, 4.0, 1.0, 2.0, 3.0, 1.0, 1.0, 1.0, 2.0, 1.0, 4.0, -2.0, 2.0, 2.0]","[-8.0, 60.0, 18.0, 16.0, -11.0, 57.0, 13.0, 12.0, -14.0, 109.0, 17.0, 15.0, 25.0, -36.0, 11.0, 13.0]"
2,1791638539.6715057,"[0.0007679999999936626, 13.008635999999996, 19.952024999999992, 20.39148, 0.0007679999999936626, 36.563424, 20.215698000000003, 20.655153000000013, 0.08865900000000693, 9.668778000000003, 18.985223999999988, 20.12780699999999, 17.578968000000003, 118.91729099999998, 61.260795, 46.49510699999999]","[1.0, 1.0, 2.0, 4.0, 1.0, 7.0, 1.0, 1.0, 0.0, 2.0, 1.0, 2.0, 8.0, -5.0, 3.0, 2.0]","[-9.0, 72.0, 18.0, 17.0, -12.0, 53.0, 14.0, 13.0, -14.0, 136.0, 17.0, 13.0, 26.0, -31.0, 11.0, 14.0]"
2,1791638539.895778,"[0.0007679999999936626, 14.151218999999998, 20.83093500000001, 21.44617199999999, 0.0007679999999936626, 37.881789, 21.094607999999994, 21.709845, 0.17654999999999177, 8.526195000000001, 18.897333000000003, 20.12780699999999, 18.897333000000003, 115.48954200000003, 62.31548699999999, 47.63768999999999]","[0.0, 12.0, 1.0, 3.0, 1.0, 1.0, 1.0, 3.0, 1.0, 0.0, 0.0, 1.0, 4.0, -5.0, 3.0, 3.0]","[-9.0, 62.0, 19.0, 17.0, -12.0, 58.0, 15.0, 12.0, 0.0, 13.0, 9.0, 0.0, 25.0, -29.0, 11.0, 13.0]"
2,1791638540.1167243,"[0.0007679999999936626, 16.436385, 22.061408999999998, 22.412972999999994, 0.0007679999999936626, 39.991173, 21.973518000000013, 22.76453699999999, 0.17654999999999177, 8.526195000000001, 18.897333000000003, 20.12780699999999, 20.215698000000003, 112.41335700000002, 63.545961000000005, 48.51660000000001]","[0.0, 7.0, 1.0, 3.0, 1.0, 2.0, 3.0, 1.0, 1.0, 0.0, 1.0, 1.0, 3.0, -4.0, 2.0, 1.0]","[-8.0, 56.0, 18.0, 16.0, -11.0, 53.0, 16.0, 13.0, 0.0, 12.0, 8.0, 0.0, 24.0, -27.0, 11.0, 13.0]"
2,1791638540.3417647,"[0.0007679999999936626, 16.787948999999998, 22.852428000000003, 22.588754999999992, 0.0007679999999936626, 42.627903, 22.588754999999992, 23.555555999999996, 0.17654999999999177, 8.526195000000001, 18.897333000000003, 20.12780699999999, 21.00671700000001, 109.33717200000001, 64.51276200000001, 49.483401000000015]","[0.0, 1.0, 1.0, 1.0, 1.0, 7.0, 1.0, 1.0, 1.0, 0.0, 0.0, 0.0, 5.0, -2.0, 1.0, 1.0]","[-8.0, 62.0, 19.0, 20.0, -12.0, 47.0, 17.0, 12.0, 0.0, 12.0, 8.0, 0.0, 25.0, -29.0, 11.0, 13.0]"
2,1791638540.5669131,"[0.0007679999999936626, 16.963730999999996, 23.731337999999994, 24.346575, 0.0007679999999936626, 44.91306900000001, 23.64344700000001, 24.78603000000001, 0.17654999999999177, 8.526195000000001, 18.897333000000003, 20.12780699999999, 21.885627, 105.82153199999999, 65.47956300000001, 50.62598400000002]","[0.0, 3.0, 1.0, 3.0, 1.0, 5.0, 3.0, 1.0, 1.0, 0.0, 0.0, 1.0, 0.0, -5.0, 1.0, 3.0]","[-8.0, 68.0, 19.0, 16.0, -12.0, 52.0, 16.0, 12.0, 0.0, 12.0, 9.0, -3.0, 24.0, -23.0, 10.0, 13.0]"
2,1791638540.791714,"[0.0007679999999936626, 19.336788000000013, 24.78603000000001, 25.489158000000003, 0.0007679999999936626, 47.02245300000001, 24.873920999999996, 25.752831000000015, 0.17654999999999177, 8.526195000000001, 18.897333000000003, 20.12780699999999, 23.203992, 102.481674, 66.79792800000001, 51.50489400000001]","[0.0, 1.0, 1.0, 3.0, 1.0, 1.0, 4.0, 1.0, 1.0, 0.0, 0.0, 0.0, 2.0, -5.0, 3.0, 3.0]","[-8.0, 54.0, 19.0, 16.0, -12.0, 49.0, 14.0, 12.0, 0.0, 13.0, 9.0, 0.0, 21.0, -20.0, 10.0, 13.0]"
2,1791638541.0157056,"[0.0007679999999936626, 19.336788000000013, 25.752831000000015, 26.368067999999994, 0.0007679999999936626, 48.95605499999999, 25.840722, 26.895413999999988, 0.17654999999999177, 8.526195000000001, 18.897333000000003, 20.12780699999999, 24.522357, 99.141816, 68.028402, 52.559585999999996]","[0.0, 1.0, 2.0, 1.0, 0.0, 3.0, 2.0, 1.0, 1.0, 0.0, 0.0, 0.0, 2.0, -3.0, 3.0, 2.0]","[-8.0, 66.0, 19.0, 17.0, -11.0, 50.0, 15.0, 12.0, 0.0, 12.0, 9.0, 0.0, 19.0, -19.0, 0.0, 14.0]"
2,1791638541.2374046,"[0.0007679999999936626, 21.358281000000005, 26.631741000000005, 27.510650999999996, 0.0007679999999936626, 51.32911200000001, 27.071196000000015, 27.42276000000001, 0.17654999999999177, 8.526195000000001, 18.897333000000003, 20.12780699999999, 25.489158000000003, 95.80195800000001, 69.08309400000002, 53.526387]","[0.0, 11.0, 1.0, 3.0, 0.0, 9.0, 3.0, 1.0, 1.0, 0.0, 0.0, 0.0, 1.0, -3.0, 4.0, 1.0]","[-9.0, 52.0, 21.0, 16.0, -12.0, 40.0, 15.0, 13.0, 0.0, 12.0, 9.0, 0.0, 21.0, -17.0, 0.0, 13.0]"
2,1791638541.4636402,"[0.0007679999999936626, 21.797736000000015, 27.686432999999994, 28.389561000000015, 0.08865900000000693, 53.79006000000001, 28.125888000000003, 28.565343000000013, 0.17654999999999177, 8.526195000000001, 18.897333000000003, 20.12780699999999, 26.631741000000005, 92.63788199999999, 70.04989499999999, 54.40529699999999]","[0.0, 1.0, 1.0, 1.0, 1.0, 4.0, 1.0, 1.0, 1.0, 0.0, 0.0, 1.0, 6.0, -4.0, 1.0, 1.0]","[-8.0, 63.0, 19.0, 17.0, -13.0, 42.0, 15.0, 12.0, 0.0, 12.0, 8.0, -4.0, 19.0, -17.0, 0.0, 14.0]"
2,1791638541.6862707,"[0.0007679999999936626, 21.797736000000015, 28.653233999999998, 29.532143999999988, 0.08865900000000693, 56.338899, 29.35636199999999, 29.795817, 0.17654999999999177, 8.526195000000001, 18.897333000000003, 20.12780699999999, 27.159087, 92.54999099999998, 71.016696, 55.54787999999999]","[0.0, 1.0, 3.0, 2.0, 1.0, 8.0, 4.0, 1.0, 1.0, 0.0, 0.0, 1.0, 1.0, 0.0, 1.0, 1.0]","[-8.0, 74.0, 19.0, 15.0, -12.0, 36.0, 14.0, 12.0, 0.0, 12.0, 9.0, 0.0, 22.0, -17.0, 0.0, 13.0]"
2,1791638541.9115794,"[0.0007679999999936626, 23.907119999999992, 29.620035, 30.586836000000005, 0.08865900000000693, 58.448283, 30.586836000000005, 30.762618000000003, 0.17654999999999177, 8.526195000000001, 18.897333000000003, 20.12780699999999, 27.334868999999998, 92.54999099999998, 71.10458700000001, 55.89944400000002]","[0.0, 13.0, 2.0, 3.0, 1.0, 5.0, 3.0, 1.0, 1.0, 0.0, 0.0, 0.0, 1.0, 0.0, 1.0, 1.0]","[-8.0, 50.0, 20.0, 16.0, -12.0, 36.0, 13.0, 12.0, 0.0, 12.0, 8.0, 0.0, 28.0, -17.0, 11.0, 15.0]"
2,1791638542.1356063,"[0.0007679999999936626, 26.10439500000001, 30.762618000000003, 31.729419000000007, 0.08865900000000693, 61.085013000000004, 31.641527999999994, 31.905201000000005, 0.17654999999999177, 8.526195000000001, 18.897333000000003, 20.12780699999999, 27.686432999999994, 92.54999099999998, 71.192478, 56.514680999999996]","[0.0, 4.0, 2.0, 1.0, 0.0, 7.0, 2.0, 1.0, 1.0, 1.0, 0.0, 0.0, 1.0, 0.0, 0.0, 1.0]","[-9.0, 50.0, 19.0, 16.0, -12.0, 28.0, 13.0, 12.0, 0.0, 13.0, 8.0, 0.0, 33.0, -17.0, 15.0, 16.0]"
2,1791638542.3568277,"[0.0007679999999936626, 26.368067999999994, 31.729419000000007, 32.52043800000001, 0.08865900000000693, 63.19439700000001, 32.69622000000001, 32.87200200000001, 0.17654999999999177, 8.526195000000001, 18.897333000000003, 20.12780699999999, 27.686432999999994, 92.54999099999998, 71.456151, 57.129918]","[0.0, 1.0, 2.0, 1.0, 1.0, 4.0, 3.0, 1.0, 1.0, 1.0, 0.0, 0.0, 1.0, 0.0, 1.0, 1.0]","[-9.0, 54.0, 20.0, 15.0, -13.0, 28.0, 12.0, 12.0, 0.0, 12.0, 9.0, 0.0, 43.0, -18.0, 17.0, 18.0]"
2,1791638542.5808,"[0.0007679999999936626, 26.368067999999994, 32.87200200000001, 33.83880300000001, 0.08865900000000693, 65.919018, 34.01458500000001, 34.102475999999996, 0.17654999999999177, 8.526195000000001, 18.897333000000003, 20.12780699999999, 29.971598999999998, 92.54999099999998, 73.477644, 58.88773800000001]","[0.0, 1.0, 3.0, 3.0, 0.0, 5.0, 4.0, 5.0, 1.0, 0.0, 0.0, 0.0, 9.0, 0.0, 10.0, 6.0]","[-9.0, 65.0, 18.0, 16.0, -13.0, 25.0, 12.0, 11.0, 0.0, 14.0, 8.0, 0.0, 29.0, -18.0, 12.0, 15.0]"
2,1791638542.8052661,"[0.0007679999999936626, 29.268471000000005, 33.83880300000001, 34.62982199999999, 0.08865900000000693, 68.028402, 35.069277, 34.981386000000015, 0.17654999999999177, 8.438303999999988, 18.897333000000003, 20.12780699999999, 30.411054000000007, 92.54999099999998, 75.05968200000001, 59.94243]","[0.0, 3.0, 1.0, 1.0, 1.0, 3.0, 2.0, 2.0, 1.0, 0.0, 0.0, 1.0, 1.0, 0.0, 3.0, 3.0]","[-9.0, 49.0, 19.0, 16.0, -12.0, 25.0, 12.0, 11.0, 0.0, 13.0, 9.0, 0.0, 30.0, -18.0, 11.0, 14.0]"
2,1791638543.0283728,"[0.0007679999999936626, 29.883708000000013, 34.981386000000015, 35.68451400000001, 0.08865900000000693, 70.48935, 36.21186, 35.94818699999999, 0.17654999999999177, 8.438303999999988, 18.897333000000003, 20.12780699999999, 30.411054000000007, 92.54999099999998, 76.20226500000001, 60.909231000000005]","[0.0, 7.0, 2.0, 1.0, 1.0, 5.0, 4.0, 1.0, 1.0, 1.0, 0.0, 1.0, 1.0, 0.0, 2.0, 1.0]","[-9.0, 48.0, 18.0, 16.0, -12.0, 22.0, 11.0, 11.0, 0.0, 12.0, 9.0, -1.0, 30.0, -18.0, 11.0, 16.0]"
2,1791638543.2517107,"[0.0007679999999936626, 31.37785500000001, 36.21186, 36.739205999999996, 0.08865900000000693, 72.774516, 37.354443, 37.09076999999999, 0.17654999999999177, 8.438303999999988, 18.897333000000003, 20.12780699999999, 30.411054000000007, 92.54999099999998, 77.16906599999999, 61.963922999999994]","[0.0, 1.0, 4.0, 1.0, 1.0, 6.0, 3.0, 4.0, 1.0, 0.0, 0.0, 0.0, 1.0, 0.0, 3.0, 2.0]","[-8.0, 47.0, 17.0, 16.0, -13.0, 18.0, 11.0, 11.0, 0.0, 13.0, 9.0, 0.0, 30.0, -18.0, 11.0, 15.0]"
2,1791638543.4795353,"[0.0007679999999936626, 31.37785500000001, 37.178661000000005, 37.618116000000015, 0.08865900000000693, 74.620227, 38.14546200000001, 37.79389800000001, 0.17654999999999177, 8.438303999999988, 18.897333000000003, 20.12780699999999, 30.411054000000007, 92.54999099999998, 78.13586700000002, 62.930724]","[0.0, 1.0, 1.0, 2.0, 1.0, 1.0, 1.0, 1.0, 1.0, 1.0, 0.0, 0.0, 1.0, 0.0, 1.0, 1.0]","[-9.0, 56.0, 18.0, 16.0, -12.0, 21.0, 11.0, 12.0, 0.0, 12.0, 8.0, 0.0, 30.0, -18.0, 11.0, 15.0]"
2,1791638543.700105,"[0.0007679999999936626, 33.31145699999999, 38.32124400000001, 38.40913499999999, 0.0007679999999936626, 74.971791, 38.32124400000001, 38.057570999999996, 0.17654999999999177, 8.526195000000001, 18.897333000000003, 20.12780699999999, 30.411054000000007, 92.54999099999998, 78.22375799999998, 63.282287999999994]","[0.0, 6.0, 3.0, 1.0, 0.0, 1.0, 1.0, 1.0, 1.0, 1.0, 0.0, 0.0, 1.0, 0.0, 1.0, 1.0]","[-9.0, 43.0, 17.0, 18.0, -13.0, 32.0, 14.0, 14.0, 0.0, 12.0, 9.0, 0.0, 31.0, -18.0, 14.0, 17.0]"
2,1791638543.924816,"[0.0007679999999936626, 33.48723899999999, 39.28804500000001, 39.46382700000001, -0.08712299999999118, 75.76281, 38.40913499999999, 38.497026000000005, 0.17654999999999177, 8.526195000000001, 18.897333000000003, 20.12780699999999, 30.411054000000007, 92.54999099999998, 78.22375799999998, 63.897525]","[0.0, 1.0, 1.0, 2.0, 0.0, 1.0, 1.0, 1.0, 1.0, 1.0, 0.0, 1.0, 1.0, 1.0, 0.0, 1.0]","[-8.0, 58.0, 18.0, 17.0, 0.0, 39.0, 18.0, 16.0, 0.0, 13.0, 9.0, 0.0, 31.0, -19.0, 15.0, 19.0]"
2,1791638544.1488447,"[0.0007679999999936626, 35.68451400000001, 40.518519, 40.60641000000001, -0.08712299999999118, 76.29015600000002, 38.40913499999999, 38.672808, 0.17654999999999177, 8.438303999999988, 18.897333000000003, 20.12780699999999, 30.411054000000007, 92.63788199999999, 78.22375799999998, 64.424871]","[0.0, 7.0, 4.0, 2.0, 0.0, 1.0, 1.0, 1.0, 1.0, 1.0, 0.0, 1.0, 1.0, 1.0, 0.0, 1.0]","[-9.0, 42.0, 16.0, 16.0, 0.0, 58.0, 23.0, 20.0, 0.0, 12.0, 8.0, 0.0, 31.0, -19.0, 15.0, 20.0]"
2,1791638544.3759406,"[0.0007679999999936626, 36.563424, 41.661102, 41.39742899999999, -0.08712299999999118, 76.29015600000002, 38.672808, 38.672808, 0.17654999999999177, 8.526195000000001, 18.897333000000003, 20.12780699999999, 30.411054000000007, 92.63788199999999, 78.22375799999998, 65.12799900000002]","[0.0, 3.0, 4.0, 3.0, 0.0, 1.0, 1.0, 1.0, 1.0, 0.0, 0.0, 0.0, 1.0, 1.0, 0.0, 3.0]","[-8.0, 42.0, 16.0, 16.0, 0.0, 77.0, 28.0, 26.0, 0.0, 13.0, 9.0, 0.0, 31.0, -18.0, 14.0, 23.0]"
2,1791638544.5993967,"[0.0007679999999936626, 36.65131500000001, 42.627903, 42.803685, -0.08712299999999118, 75.587028, 38.58491699999999, 38.672808, 0.17654999999999177, 8.438303999999988, 18.897333000000003, 20.12780699999999, 30.323162999999994, 92.81366400000002, 78.22375799999998, 65.12799900000002]","[0.0, 0.0, 1.0, 4.0, 0.0, 0.0, 1.0, 1.0, 1.0, 0.0, 0.0, 0.0, 0.0, 1.0, 1.0, 0.0]","[-8.0, 52.0, 16.0, 16.0, 0.0, 11.0, 9.0, 0.0, 0.0, 13.0, 9.0, 0.0, 10.0, -11.0, 1.0, 12.0]"
2,1791638544.8212128,"[0.0007679999999936626, 36.739205999999996, 43.68259499999999, 43.41892200000001, -0.08712299999999118, 75.587028, 38.58491699999999, 38.672808, 0.17654999999999177, 8.438303999999988, 18.897333000000003, 20.12780699999999, 30.323162999999994, 92.81366400000002, 78.22375799999998, 65.12799900000002]","[0.0, 1.0, 2.0, 1.0, 0.0, 0.0, 1.0, 1.0, 1.0, 0.0, 0.0, 0.0, 0.0, 1.0, 0.0, 0.0]","[-9.0, 59.0, 17.0, 17.0, 0.0, 11.0, 10.0, 0.0, 0.0, 13.0, 9.0, 0.0, 10.0, -11.0, 2.0, 13.0]"
2,1791638545.0473075,"[0.0007679999999936626, 40.166955, 44.825177999999994, 44.73728700000001, -0.08712299999999118, 75.587028, 38.58491699999999, 38.672808, 0.17654999999999177, 8.438303999999988, 18.897333000000003, 20.12780699999999, 30.323162999999994, 92.81366400000002, 78.22375799999998, 65.12799900000002]","[0.0, 8.0, 2.0, 5.0, 0.0, 0.0, 1.0, 1.0, 1.0, 1.0, 0.0, 1.0, 0.0, 1.0, 1.0, 1.0]","[-8.0, 36.0, 16.0, 16.0, 0.0, 11.0, 10.0, 0.0, 0.0, 12.0, 9.0, 0.0, 10.0, -9.0, 1.0, 13.0]"
2,1791638545.2681844,"[0.0007679999999936626, 40.254846000000015, 45.791979, 45.791979, -0.08712299999999118, 75.587028, 38.58491699999999, 38.672808, 0.17654999999999177, 8.438303999999988, 18.897333000000003, 20.12780699999999, 30.323162999999994, 92.81366400000002, 78.13586700000002, 65.12799900000002]","[0.0, 0.0, 2.0, 1.0, 0.0, 0.0, 1.0, 1.0, 1.0, 0.0, 0.0, 0.0, 0.0, 1.0, 0.0, 1.0]","[-8.0, 46.0, 16.0, 16.0, 0.0, 11.0, 10.0, 0.0, 0.0, 13.0, 9.0, 0.0, 10.0, -10.0, 6.0, 5.0]"
2,1791638545.4953437,"[0.0007679999999936626, 41.836884, 46.75878, 47.19823500000001, -0.08712299999999118, 75.587028, 38.58491699999999, 38.672808, 0.17654999999999177, 8.438303999999988, 18.897333000000003, 20.215698000000003, 30.323162999999994, 92.81366400000002, 78.22375799999998, 65.12799900000002]","[0.0, 5.0, 1.0, 3.0, 0.0, 0.0, 1.0, 1.0, 1.0, 0.0, 0.0, 1.0, 0.0, 1.0, 1.0, 0.0]","[-9.0, 41.0, 16.0, 15.0, 0.0, 11.0, 11.0, 0.0, 0.0, 12.0, 9.0, -4.0, 12.0, -11.0, 2.0, 13.0]"
2,1791638545.7193296,"[0.0007679999999936626, 43.24314000000001, 47.901363, 48.077145, -0.08712299999999118, 75.587028, 38.58491699999999, 38.672808, 0.17654999999999177, 8.438303999999988, 18.897333000000003, 20.12780699999999, 30.323162999999994, 92.81366400000002, 78.13586700000002, 65.12799900000002]","[0.0, 5.0, 3.0, 3.0, 0.0, 0.0, 0.0, 1.0, 1.0, 0.0, 0.0, 0.0, 0.0, 1.0, 1.0, 0.0]","[-9.0, 32.0, 15.0, 16.0, 0.0, 11.0, 10.0, 0.0, 0.0, 12.0, 9.0, 0.0, 10.0, -10.0, 4.0, 14.0]"
2,1791638545.9409997,"[0.0007679999999936626, 44.56150500000001, 48.780272999999994, 49.219728, -0.08712299999999118, 75.587028, 38.58491699999999, 38.672808, 0.17654999999999177, 8.438303999999988, 18.897333000000003, 20.12780699999999, 30.323162999999994, 92.81366400000002, 78.13586700000002, 65.12799900000002]","[0.0, 1.0, 1.0, 3.0, 0.0, 0.0, 1.0, 1.0, 1.0, 1.0, 0.0, 1.0, 0.0, 1.0, 0.0, 1.0]","[-9.0, 35.0, 16.0, 16.0, 0.0, 11.0, 10.0, 0.0, 0.0, 13.0, 9.0, 0.0, 10.0, -10.0, 9.0, 13.0]"
2,1791638546.1673198,"[0.0007679999999936626, 45.616197, 49.83496500000001, 50.45020199999999, -0.08712299999999118, 75.587028, 38.58491699999999, 38.672808, 0.17654999999999177, 8.438303999999988, 18.897333000000003, 20.12780699999999, 30.323162999999994, 92.81366400000002, 78.22375799999998, 65.12799900000002]","[0.0, 1.0, 2.0, 3.0, 0.0, 0.0, 0.0, 1.0, 1.0, 1.0, 0.0, 1.0, 0.0, 1.0, 1.0, 0.0]","[-9.0, 36.0, 16.0, 15.0, 0.0, 11.0, 10.0, 0.0, 0.0, 12.0, 8.0, 0.0, 9.0, -10.0, 3.0, 12.0]"
2,1791638546.3883107,"[0.0007679999999936626, 45.616197, 50.801766000000015, 51.417002999999994, -0.08712299999999118, 75.587028, 38.497026000000005, 38.672808, 0.17654999999999177, 8.438303999999988, 18.897333000000003, 20.12780699999999, 30.323162999999994, 92.81366400000002, 78.13586700000002, 65.12799900000002]","[0.0, 1.0, 2.0, 3.0, 0.0, 0.0, 0.0, 1.0, 1.0, 1.0, 0.0, 0.0, 0.0, 1.0, 1.0, 0.0]","[-8.0, 43.0, 16.0, 14.0, 0.0, 11.0, 10.0, 0.0, 0.0, 12.0, 8.0, 0.0, 10.0, -11.0, 4.0, 8.0]"
2,1791638546.6124835,"[0.0007679999999936626, 47.98925399999999, 51.94434900000002, 52.383804, -0.08712299999999118, 75.587028, 38.58491699999999, 38.672808, 0.17654999999999177, 8.438303999999988, 18.897333000000003, 20.12780699999999, 30.323162999999994, 92.81366400000002, 78.13586700000002, 65.12799900000002]","[0.0, 7.0, 1.0, 3.0, 0.0, 0.0, 1.0, 1.0, 1.0, 1.0, 0.0, 0.0, 0.0, 1.0, 0.0, 0.0]","[-9.0, 29.0, 16.0, 14.0, 0.0, 12.0, 11.0, 0.0, 0.0, 13.0, 8.0, 0.0, 10.0, -11.0, 8.0, 13.0]"
2,1791638546.8391929,"[0.0007679999999936626, 49.13183699999999, 52.999041000000005, 53.438496000000015, -0.08712299999999118, 75.587028, 38.497026000000005, 38.672808, 0.17654999999999177, 8.438303999999988, 18.897333000000003, 20.12780699999999, 30.323162999999994, 92.81366400000002, 78.13586700000002, 65.21589]","[0.0, 1.0, 3.0, 4.0, 0.0, 0.0, 1.0, 1.0, 1.0, 1.0, 0.0, 1.0, 1.0, 1.0, 0.0, 1.0]","[-9.0, 32.0, 15.0, 14.0, 0.0, 12.0, 10.0, 0.0, 0.0, 12.0, 9.0, 0.0, 10.0, -10.0, 9.0, 9.0]"
2,1791638547.063242,"[0.0007679999999936626, 50.18652900000001, 53.96584200000001, 54.317406000000005, -0.08712299999999118, 75.587028, 38.58491699999999, 38.672808, 0.17654999999999177, 8.438303999999988, 18.897333000000003, 20.12780699999999, 30.323162999999994, 92.81366400000002, 78.13586700000002, 65.21589]","[0.0, 3.0, 3.0, 4.0, 0.0, 0.0, 0.0, 1.0, 1.0, 0.0, 0.0, 0.0, 1.0, 1.0, 0.0, 1.0]","[-9.0, 30.0, 16.0, 14.0, 0.0, 12.0, 10.0, 0.0, 0.0, 12.0, 9.0, 0.0, 10.0, -10.0, 7.0, 9.0]"
2,1791638547.2834675,"[0.0007679999999936626, 50.18652900000001, 55.196315999999996, 55.45998900000001, -0.08712299999999118, 75.587028, 38.58491699999999, 38.672808, 0.17654999999999177, 8.438303999999988, 18.897333000000003, 20.12780699999999, 30.323162999999994, 92.81366400000002, 78.22375799999998, 65.12799900000002]","[0.0, 1.0, 3.0, 3.0, 0.0, 0.0, 0.0, 1.0, 1.0, 1.0, 0.0, 0.0, 1.0, 1.0, 1.0, 0.0]","[-9.0, 39.0, 15.0, 14.0, 0.0, 11.0, 10.0, 0.0, 0.0, 12.0, 9.0, 0.0, 10.0, -10.0, 1.0, 13.0]"
2,1791638547.5081139,"[0.0007679999999936626, 52.120131000000015, 56.075226000000015, 56.338899, -0.08712299999999118, 75.587028, 38.497026000000005, 38.672808, 0.17654999999999177, 8.438303999999988, 18.897333000000003, 20.12780699999999, 30.323162999999994, 92.81366400000002, 78.13586700000002, 65.12799900000002]","[0.0, 9.0, 1.0, 1.0, 0.0, 0.0, 0.0, 1.0, 1.0, 1.0, 0.0, 0.0, 1.0, 1.0, 0.0, 1.0]","[-8.0, 28.0, 15.0, 14.0, 0.0, 11.0, 10.0, 0.0, 0.0, 13.0, 9.0, 0.0, 9.0, -10.0, 8.0, 13.0]"
2,1791638547.7351017,"[0.0007679999999936626, 53.61427800000001, 57.21780900000002, 57.21780900000002, -0.08712299999999118, 75.587028, 38.58491699999999, 38.672808, 0.17654999999999177, 8.438303999999988, 18.897333000000003, 20.12780699999999, 30.323162999999994, 92.81366400000002, 78.22375799999998, 65.12799900000002]","[0.0, 2.0, 2.0, 1.0, 0.0, 0.0, 0.0, 1.0, 1.0, 1.0, 0.0, 0.0, 1.0, 1.0, 1.0, 1.0]","[-9.0, 27.0, 15.0, 14.0, 0.0, 11.0, 10.0, 0.0, 0.0, 12.0, 8.0, 0.0, 10.0, -11.0, 1.0, 8.0]"
2,1791638547.9568803,"[0.0007679999999936626, 54.756861000000015, 58.36039199999999, 58.09671900000001, -0.08712299999999118, 75.587028, 38.58491699999999, 38.672808, 0.17654999999999177, 8.438303999999988, 18.897333000000003, 20.12780699999999, 30.323162999999994, 92.81366400000002, 78.22375799999998, 65.21589]","[0.0, 1.0, 4.0, 2.0, 0.0, 0.0, 1.0, 1.0, 1.0, 1.0, 0.0, 0.0, 1.0, 1.0, 0.0, 1.0]","[-8.0, 27.0, 14.0, 15.0, 0.0, 11.0, 10.0, 0.0, 0.0, 12.0, 9.0, 0.0, 11.0, -10.0, 1.0, 8.0]"
2,1791638548.180525,"[0.0007679999999936626, 55.811553, 59.590866000000005, 59.23930200000001, -0.08712299999999118, 75.587028, 38.58491699999999, 38.672808, 0.17654999999999177, 8.438303999999988, 18.897333000000003, 20.12780699999999, 30.323162999999994, 92.81366400000002, 78.13586700000002, 65.21589]","[0.0, 1.0, 2.0, 1.0, 0.0, 0.0, 0.0, 1.0, 1.0, 1.0, 0.0, 0.0, 1.0, 1.0, 1.0, 1.0]","[-8.0, 28.0, 14.0, 14.0, 0.0, 11.0, 10.0, 0.0, 0.0, 12.0, 9.0, 0.0, 10.0, -10.0, 8.0, 7.0]"
2,1791638548.4070485,"[0.0007679999999936626, 56.954136000000005, 59.590866000000005, 60.118212, -0.08712299999999118, 75.587028, 38.58491699999999, 38.672808, 0.17654999999999177, 8.438303999999988, 18.897333000000003, 20.12780699999999, 30.323162999999994, 92.81366400000002, 78.13586700000002, 65.21589]","[0.0, 4.0, 1.0, 5.0, 0.0, 0.0, 1.0, 1.0, 1.0, 0.0, 0.0, 0.0, 1.0, 1.0, -1.0, 1.0]","[-8.0, 25.0, 14.0, 14.0, 0.0, 11.0, 9.0, 0.0, 0.0, 13.0, 9.0, 0.0, 10.0, -11.0, 9.0, 5.0]"
2,1791638548.6310344,"[0.0007679999999936626, 58.09671900000001, 59.590866000000005, 61.260795, -0.08712299999999118, 75.587028, 38.58491699999999, 38.672808, 0.17654999999999177, 8.438303999999988, 18.897333000000003, 20.12780699999999, 30.323162999999994, 92.81366400000002, 78.22375799999998, 65.12799900000002]","[0.0, 2.0, 1.0, 1.0, 0.0, 0.0, 1.0, 1.0, 1.0, 1.0, 0.0, 1.0, 1.0, 1.0, 0.0, 0.0]","[-8.0, 25.0, 14.0, 15.0, 0.0, 11.0, 10.0, 0.0, 0.0, 12.0, 9.0, 0.0, 10.0, -11.0, 1.0, 12.0]"
2,1791638548.8545806,"[0.0007679999999936626, 58.09671900000001, 59.590866000000005, 62.13970499999999, -0.08712299999999118, 75.587028, 38.58491699999999, 38.672808, 0.17654999999999177, 8.438303999999988, 18.897333000000003, 20.12780699999999, 30.323162999999994, 92.81366400000002, 78.22375799999998, 65.12799900000002]","[0.0, 1.0, 1.0, 1.0, 0.0, 0.0, 1.0, 1.0, 1.0, 1.0, 0.0, 0.0, 1.0, 1.0, 0.0, 1.0]","[-8.0, 31.0, 15.0, 15.0, 0.0, 11.0, 10.0, 0.0, 0.0, 12.0, 9.0, 0.0, 10.0, -11.0, 5.0, 11.0]"
2,1791638549.0790277,"[0.0007679999999936626, 60.030321000000015, 59.590866000000005, 63.282287999999994, -0.08712299999999118, 75.587028, 38.497026000000005, 38.672808, 0.17654999999999177, 8.438303999999988, 18.897333000000003, 20.12780699999999, 30.323162999999994, 92.81366400000002, 78.13586700000002, 65.12799900000002]","[0.0, 3.0, 1.0, 4.0, 0.0, 0.0, 0.0, 1.0, 1.0, 1.0, 0.0, 0.0, 1.0, 1.0, 1.0, 0.0]","[-9.0, 24.0, 14.0, 14.0, 0.0, 11.0, 9.0, 0.0, 0.0, 12.0, 8.0, 0.0, 10.0, -11.0, 7.0, 12.0]"
2,1791638549.3004317,"[0.0007679999999936626, 60.82133999999999, 59.67875699999999, 64.249089, -0.08712299999999118, 75.587028, 38.58491699999999, 38.672808, 0.17654999999999177, 8.438303999999988, 18.897333000000003, 20.12780699999999, 30.323162999999994, 92.81366400000002, 78.13586700000002, 65.12799900000002]","[0.0, 1.0, 1.0, 1.0, 0.0, 0.0, 0.0, 1.0, 1.0, 0.0, 0.0, 0.0, 1.0, 1.0, 0.0, 1.0]","[-9.0, 27.0, 13.0, 15.0, 0.0, 11.0, 9.0, 0.0, 0.0, 12.0, 9.0, 0.0, 9.0, -10.0, 9.0, 8.0]"
2,1791638549.5247514,"[0.0007679999999936626, 62.403378000000004, 59.766648, 65.12799900000002, -0.08712299999999118, 75.587028, 38.497026000000005, 38.672808, 0.17654999999999177, 8.438303999999988, 18.897333000000003, 20.12780699999999, 30.323162999999994, 92.81366400000002, 78.13586700000002, 65.12799900000002]","[0.0, 5.0, 1.0, 3.0, 0.0, 0.0, 1.0, 1.0, 1.0, 0.0, 1.0, 0.0, 1.0, 1.0, 0.0, 0.0]","[-8.0, 20.0, 14.0, 14.0, 0.0, 11.0, 10.0, 0.0, 0.0, 13.0, 8.0, 0.0, 9.0, -10.0, 6.0, 9.0]"
2,1791638549.750951,"[0.0007679999999936626, 63.45806999999999, 59.85453900000002, 66.358473, -0.08712299999999118, 75.587028, 38.58491699999999, 38.672808, 0.17654999999999177, 8.438303999999988, 18.897333000000003, 20.12780699999999, 30.323162999999994, 92.81366400000002, 78.13586700000002, 65.21589]","[0.0, 3.0, 1.0, 2.0, 0.0, 0.0, 1.0, 1.0, 1.0, 0.0, 0.0, 1.0, 1.0, 1.0, 1.0, 1.0]","[-9.0, 21.0, 13.0, 14.0, 0.0, 11.0, 10.0, 0.0, 0.0, 12.0, 9.0, -3.0, 9.0, -11.0, 6.0, 8.0]"
2,1791638549.972062,"[0.0007679999999936626, 64.33698000000001, 59.85453900000002, 67.41316499999999, -0.08712299999999118, 75.587028, 38.58491699999999, 38.672808, 0.17654999999999177, 8.438303999999988, 18.897333000000003, 20.12780699999999, 30.323162999999994, 92.81366400000002, 78.22375799999998, 65.12799900000002]","[0.0, 1.0, 1.0, 3.0, 0.0, 0.0, 0.0, 1.0, 1.0, 1.0, 0.0, 0.0, 1.0, 1.0, 0.0, 1.0]","[-9.0, 22.0, 14.0, 14.0, 0.0, 12.0, 9.0, 0.0, 0.0, 14.0, 9.0, 0.0, 9.0, -11.0, 0.0, 6.0]"
2,1791638550.1964688,"[0.0007679999999936626, 65.47956300000001, 59.85453900000002, 68.29207500000001, -0.08712299999999118, 75.587028, 38.497026000000005, 38.672808, 0.17654999999999177, 8.438303999999988, 18.897333000000003, 20.12780699999999, 30.323162999999994, 92.81366400000002, 78.22375799999998, 65.12799900000002]","[0.0, 3.0, 1.0, 3.0, 0.0, 0.0, 0.0, 1.0, 1.0, 0.0, 0.0, 0.0, 1.0, 1.0, 0.0, 0.0]","[-9.0, 20.0, 13.0, 14.0, 0.0, 11.0, 9.0, 0.0, 0.0, 12.0, 9.0, 0.0, 9.0, -9.0, 6.0, 13.0]"
2,1791638550.4215558,"[0.0007679999999936626, 66.79792800000001, 59.85453900000002, 69.25887600000001, -0.08712299999999118, 75.587028, 38.497026000000005, 38.672808, 0.17654999999999177, 8.438303999999988, 18.897333000000003, 20.12780699999999, 30.323162999999994, 92.81366400000002, 78.13586700000002, 65.12799900000002]","[0.0, 3.0, 1.0, 1.0, 0.0, 0.0, 0.0, 1.0, 1.0, 1.0, 0.0, 0.0, 1.0, 1.0, 0.0, 0.0]","[-9.0, 19.0, 14.0, 15.0, 0.0, 11.0, 9.0, 0.0, 0.0, 12.0, 8.0, 0.0, 10.0, -10.0, 5.0, 13.0]"
2,1791638550.6469507,"[0.0007679999999936626, 67.676838, 59.85453900000002, 70.313568, -0.08712299999999118, 75.587028, 38.497026000000005, 38.672808, 0.17654999999999177, 8.438303999999988, 18.897333000000003, 20.12780699999999, 30.323162999999994, 92.81366400000002, 78.22375799999998, 65.21589]","[0.0, 7.0, 1.0, 3.0, 0.0, 0.0, 0.0, 1.0, 1.0, 0.0, 0.0, 1.0, 1.0, 1.0, 0.0, 1.0]","[-8.0, 20.0, 13.0, 14.0, 0.0, 11.0, 9.0, 0.0, 0.0, 12.0, 9.0, -2.0, 10.0, -10.0, 4.0, 7.0]"
2,1791638550.8671947,"[0.0007679999999936626, 68.73152999999999, 59.85453900000002, 71.28036900000001, -0.08712299999999118, 75.587028, 38.58491699999999, 38.672808, 0.17654999999999177, 8.438303999999988, 18.897333000000003, 20.12780699999999, 30.323162999999994, 92.81366400000002, 78.13586700000002, 65.12799900000002]","[0.0, 1.0, 1.0, 3.0, 0.0, 0.0, 1.0, 0.0, 1.0, 0.0, 0.0, 0.0, 1.0, 1.0, 0.0, 0.0]","[-8.0, 19.0, 13.0, 15.0, 0.0, 11.0, 10.0, 0.0, 0.0, 13.0, 8.0, 0.0, 10.0, -11.0, 6.0, 13.0]"
2,1791638551.092889,"[0.0007679999999936626, 69.698331, 59.85453900000002, 72.335061, -0.08712299999999118, 75.587028, 38.58491699999999, 38.672808, 0.17654999999999177, 8.438303999999988, 18.897333000000003, 20.12780699999999, 30.323162999999994, 92.81366400000002, 78.13586700000002, 65.12799900000002]","[0.0, 2.0, 1.0, 1.0, 0.0, 0.0, 0.0, 1.0, 1.0, 0.0, 0.0, 1.0, 1.0, 1.0, 0.0, 0.0]","[-9.0, 20.0, 11.0, 14.0, 0.0, 12.0, 10.0, 0.0, 0.0, 13.0, 8.0, 0.0, 10.0, -10.0, 4.0, 13.0]"
2,1791638551.3188276,"[0.0007679999999936626, 71.28036900000001, 59.85453900000002, 73.301862, -0.08712299999999118, 75.587028, 38.58491699999999, 38.672808, 0.17654999999999177, 8.438303999999988, 18.897333000000003, 20.12780699999999, 30.323162999999994, 92.81366400000002, 78.22375799999998, 65.12799900000002]","[0.0, 5.0, 1.0, 2.0, 0.0, 0.0, 0.0, 1.0, 1.0, 1.0, 0.0, 0.0, 1.0, 1.0, 0.0, 1.0]","[-9.0, 16.0, 6.0, 14.0, 0.0, 10.0, 9.0, 0.0, 0.0, 12.0, 9.0, 0.0, 10.0, -11.0, 0.0, 11.0]"
2,1791638551.542797,"[0.0007679999999936626, 72.24717000000001, 59.94243, 74.35655400000002, -0.08712299999999118, 75.587028, 38.58491699999999, 38.672808, 0.17654999999999177, 8.438303999999988, 18.897333000000003, 20.12780699999999, 30.323162999999994, 92.81366400000002, 78.13586700000002, 65.21589]","[0.0, 1.0, 0.0, 3.0, 0.0, 0.0, 0.0, 1.0, 1.0, 0.0, 0.0, 1.0, 1.0, 1.0, 0.0, 1.0]","[-9.0, 16.0, 3.0, 14.0, 0.0, 11.0, 10.0, 0.0, 0.0, 12.0, 9.0, 0.0, 11.0, -11.0, 4.0, 8.0]"
2,1791638551.762901,"[0.0007679999999936626, 73.477644, 59.94243, 75.23546400000001, -0.08712299999999118, 75.587028, 38.58491699999999, 38.672808, 0.17654999999999177, 8.438303999999988, 18.897333000000003, 20.12780699999999, 30.323162999999994, 92.81366400000002, 78.22375799999998, 65.12799900000002]","[0.0, 1.0, 2.0, 3.0, 0.0, 0.0, 1.0, 1.0, 1.0, 0.0, 0.0, 1.0, 1.0, 1.0, 1.0, 1.0]","[-9.0, 17.0, 0.0, 15.0, 0.0, 11.0, 9.0, 0.0, 0.0, 13.0, 9.0, 0.0, 10.0, -11.0, 2.0, 5.0]"
2,1791638551.988559,"[0.0007679999999936626, 74.53233600000002, 59.94243, 76.29015600000002, -0.08712299999999118, 75.587028, 38.58491699999999, 38.672808, 0.17654999999999177, 8.438303999999988, 18.897333000000003, 20.12780699999999, 30.323162999999994, 92.81366400000002, 78.13586700000002, 65.12799900000002]","[0.0, 1.0, 0.0, 2.0, 0.0, 0.0, 0.0, 1.0, 1.0, 1.0, 0.0, 0.0, 1.0, 1.0, -1.0, 0.0]","[-9.0, 16.0, 0.0, 14.0, 0.0, 12.0, 10.0, 0.0, 0.0, 13.0, 9.0, 0.0, 10.0, -11.0, 3.0, 13.0]"
2,1791638552.2147207,"[0.0007679999999936626, 75.76281, 59.94243, 77.256957, -0.08712299999999118, 75.587028, 38.497026000000005, 38.672808, 0.17654999999999177, 8.438303999999988, 18.897333000000003, 20.12780699999999, 30.323162999999994, 92.81366400000002, 78.13586700000002, 65.12799900000002]","[0.0, 4.0, 1.0, 1.0, 0.0, 0.0, 0.0, 0.0, 1.0, 0.0, 0.0, 1.0, 1.0, 1.0, 0.0, 0.0]","[-9.0, 15.0, 0.0, 14.0, 0.0, 11.0, 10.0, 0.0, 0.0, 12.0, 9.0, 0.0, 10.0, -11.0, 8.0, 13.0]"
2,1791638552.437733,"[0.0007679999999936626, 76.81750199999999, 59.94243, 78.13586700000002, -0.08712299999999118, 75.587028, 38.58491699999999, 38.672808, 0.17654999999999177, 8.438303999999988, 18.897333000000003, 20.12780699999999, 30.323162999999994, 92.81366400000002, 78.22375799999998, 65.12799900000002]","[0.0, 2.0, 1.0, 1.0, 0.0, 0.0, 0.0, 1.0, 1.0, 0.0, 0.0, 0.0, 1.0, 1.0, 0.0, 0.0]","[-8.0, 15.0, 0.0, 14.0, 0.0, 10.0, 10.0, 0.0, 0.0, 13.0, 10.0, 0.0, 10.0, -10.0, 6.0, 13.0]"
2,1791638552.6626127,"[0.0007679999999936626, 77.87219399999998, 59.94243, 79.19055900000001, -0.08712299999999118, 75.587028, 38.58491699999999, 38.672808, 0.17654999999999177, 8.526195000000001, 18.897333000000003, 20.12780699999999, 30.323162999999994, 92.81366400000002, 78.13586700000002, 65.21589]","[0.0, 3.0, 1.0, 3.0, 0.0, 0.0, 1.0, 1.0, 1.0, 1.0, 0.0, 1.0, 1.0, 1.0, 1.0, 1.0]","[-8.0, 16.0, 0.0, 15.0, 0.0, 12.0, 10.0, 0.0, 0.0, 12.0, 9.0, 0.0, 10.0, -11.0, 5.0, 3.0]"
2,1791638552.884169,"[0.0007679999999936626, 78.92688600000002, 59.94243, 80.245251, -0.08712299999999118, 75.587028, 38.58491699999999, 38.672808, 0.17654999999999177, 8.438303999999988, 18.897333000000003, 20.12780699999999, 30.323162999999994, 92.81366400000002, 78.22375799999998, 65.12799900000002]","[0.0, 4.0, 1.0, 3.0, 0.0, 0.0, 0.0, 1.0, 1.0, 1.0, 0.0, 0.0, 1.0, 1.0, 0.0, 0.0]","[-8.0, 15.0, 0.0, 14.0, 0.0, 11.0, 10.0, 0.0, 0.0, 12.0, 9.0, 0.0, 10.0, -11.0, 5.0, 13.0]"
2,1791638553.1079443,"[0.0007679999999936626, 80.15735999999998, 59.94243, 80.86048799999998, -0.08712299999999118, 75.587028, 38.58491699999999, 38.672808, 0.17654999999999177, 8.438303999999988, 18.897333000000003, 20.12780699999999, 30.323162999999994, 92.81366400000002, 78.22375799999998, 65.12799900000002]","[0.0, 4.0, 1.0, 7.0, 0.0, 0.0, 1.0, 1.0, 1.0, 0.0, 0.0, 0.0, 1.0, 1.0, 2.0, 1.0]","[-9.0, 14.0, 0.0, 15.0, 0.0, 10.0, 10.0, 0.0, 0.0, 13.0, 8.0, 0.0, 10.0, -11.0, 0.0, 6.0]"
2,1791638553.3348117,"[0.0007679999999936626, 81.29994299999998, 59.94243, 82.178853, -0.08712299999999118, 75.587028, 38.58491699999999, 38.672808, 0.17654999999999177, 8.438303999999988, 18.897333000000003, 20.12780699999999, 30.323162999999994, 92.81366400000002, 78.13586700000002, 65.12799900000002]","[0.0, 1.0, 1.0, 4.0, 0.0, 0.0, 2.0, 1.0, 1.0, 0.0, 0.0, 0.0, 1.0, 1.0, 0.0, 0.0]","[-9.0, 13.0, 0.0, 14.0, 0.0, 11.0, 10.0, 0.0, 0.0, 12.0, 9.0, 0.0, 9.0, -11.0, 9.0, 13.0]"
2,1791638553.5548065,"[0.0007679999999936626, 82.35463500000003, 59.94243, 83.14565399999998, -0.08712299999999118, 75.587028, 38.58491699999999, 38.672808, 0.17654999999999177, 8.438303999999988, 18.897333000000003, 20.12780699999999, 30.323162999999994, 92.81366400000002, 78.22375799999998, 65.21589]","[0.0, 2.0, 1.0, 3.0, 0.0, 0.0, 1.0, 1.0, 1.0, 0.0, 0.0, 0.0, 1.0, 1.0, 1.0, 1.0]","[-8.0, 13.0, 0.0, 15.0, 0.0, 10.0, 10.0, 0.0, 0.0, 13.0, 9.0, 0.0, 10.0, -11.0, 2.0, 4.0]"
2,1791638553.7825747,"[0.0007679999999936626, 83.321436, 59.94243, 84.024564, -0.08712299999999118, 75.587028, 38.58491699999999, 38.672808, 0.17654999999999177, 8.438303999999988, 18.897333000000003, 20.12780699999999, 30.323162999999994, 92.81366400000002, 78.13586700000002, 65.12799900000002]","[0.0, 1.0, 1.0, 2.0, 0.0, 0.0, 0.0, 0.0, 1.0, 0.0, 0.0, 0.0, 1.0, 1.0, 1.0, 0.0]","[-8.0, 13.0, 0.0, 16.0, 0.0, 11.0, 10.0, 0.0, 0.0, 13.0, 9.0, 0.0, 11.0, -11.0, 6.0, 12.0]"
2,1791638554.00667,"[0.0007679999999936626, 84.55191000000002, 59.94243, 85.07925599999999, -0.08712299999999118, 75.587028, 38.58491699999999, 38.672808, 0.17654999999999177, 8.438303999999988, 18.897333000000003, 20.12780699999999, 30.323162999999994, 92.81366400000002, 78.13586700000002, 65.12799900000002]","[0.0, 3.0, 1.0, 3.0, 0.0, 0.0, 1.0, 1.0, 1.0, 1.0, 0.0, 1.0, 1.0, 1.0, 1.0, 0.0]","[-8.0, 13.0, 0.0, 15.0, 0.0, 11.0, 10.0, 0.0, 0.0, 13.0, 9.0, 0.0, 10.0, -10.0, 5.0, 14.0]"
2,1791638554.227607,"[0.0007679999999936626, 85.60660200000001, 59.94243, 86.22183899999999, -0.08712299999999118, 75.587028, 38.58491699999999, 38.672808, 0.17654999999999177, 8.438303999999988, 18.897333000000003, 20.12780699999999, 30.323162999999994, 92.81366400000002, 78.22375799999998, 65.12799900000002]","[0.0, 2.0, 1.0, 2.0, 0.0, 0.0, 0.0, 1.0, 1.0, 1.0, 0.0, 0.0, 1.0, 1.0, 1.0, 1.0]","[-9.0, 12.0, 0.0, 14.0, 0.0, 10.0, 10.0, 0.0, 0.0, 13.0, 9.0, 0.0, 11.0, -10.0, 0.0, 11.0]"
2,1791638554.4545586,"[0.0007679999999936626, 86.74918500000001, 59.94243, 87.10074900000001, -0.08712299999999118, 75.587028, 38.58491699999999, 38.672808, 0.17654999999999177, 8.438303999999988, 18.897333000000003, 20.12780699999999, 30.323162999999994, 92.81366400000002, 78.22375799999998, 65.12799900000002]","[0.0, 3.0, 1.0, 4.0, 0.0, 0.0, 0.0, 1.0, 1.0, 0.0, 0.0, 0.0, 1.0, 1.0, 0.0, 1.0]","[-8.0, 12.0, 0.0, 15.0, 0.0, 11.0, 10.0, 0.0, 0.0, 13.0, 8.0, 0.0, 9.0, -10.0, 7.0, 7.0]"
2,1791638554.6785212,"[0.0007679999999936626, 87.54020400000002, 59.94243, 87.97965900000003, -0.08712299999999118, 75.587028, 38.58491699999999, 38.672808, 0.17654999999999177, 8.438303999999988, 18.897333000000003, 20.12780699999999, 30.323162999999994, 92.81366400000002, 78.13586700000002, 65.12799900000002]","[0.0, 4.0, 1.0, 1.0, 0.0, 0.0, 1.0, 1.0, 1.0, 0.0, 0.0, 0.0, 1.0, 1.0, 1.0, 0.0]","[-9.0, 13.0, 0.0, 15.0, 0.0, 11.0, 10.0, 0.0, 0.0, 13.0, 9.0, 0.0, 10.0, -11.0, 3.0, 13.0]"
2,1791638554.902526,"[0.0007679999999936626, 88.68278700000002, 59.94243, 88.85856899999999, -0.08712299999999118, 75.587028, 38.58491699999999, 38.672808, 0.17654999999999177, 8.438303999999988, 18.897333000000003, 20.12780699999999, 30.323162999999994, 92.81366400000002, 78.22375799999998, 65.21589]","[0.0, 2.0, 1.0, 5.0, 0.0, 0.0, 0.0, 1.0, 1.0, 0.0, 0.0, 1.0, 1.0, 1.0, 1.0, 1.0]","[-9.0, 11.0, 0.0, 15.0, 0.0, 11.0, 10.0, 0.0, 0.0, 13.0, 8.0, 0.0, 11.0, -10.0, 1.0, 10.0]"
2,1791638555.1264918,"[0.0007679999999936626, 90.089043, 59.94243, 89.03435100000002, -0.08712299999999118, 75.587028, 38.58491699999999, 38.672808, 0.17654999999999177, 8.438303999999988, 18.897333000000003, 20.12780699999999, 30.323162999999994, 92.81366400000002, 78.13586700000002, 65.12799900000002]","[0.0, 3.0, 1.0, 1.0, 0.0, 0.0, 1.0, 1.0, 1.0, 0.0, 0.0, 0.0, 1.0, 1.0, 1.0, 0.0]","[-8.0, 11.0, 0.0, 14.0, 0.0, 11.0, 10.0, 0.0, 0.0, 12.0, 9.0, 0.0, 10.0, -10.0, 5.0, 3.0]"
2,1791638555.3468645,"[0.0007679999999936626, 91.05584399999998, 59.94243, 89.03435100000002, -0.08712299999999118, 75.587028, 38.497026000000005, 38.672808, 0.17654999999999177, 8.438303999999988, 18.897333000000003, 20.12780699999999, 30.323162999999994, 92.81366400000002, 78.22375799999998, 65.12799900000002]","[0.0, 3.0, 1.0, 1.0, 0.0, 0.0, 0.0, 1.0, 1.0, 1.0, 0.0, 0.0, 1.0, 1.0, 1.0, 0.0]","[-8.0, 12.0, 0.0, 15.0, 0.0, 10.0, 9.0, 0.0, 0.0, 13.0, 8.0, 0.0, 10.0, -10.0, 3.0, 13.0]"
2,1791638555.5729997,"[0.0007679999999936626, 92.286318, 59.94243, 89.03435100000002, -0.08712299999999118, 75.587028, 38.58491699999999, 38.672808, 0.17654999999999177, 8.438303999999988, 18.897333000000003, 20.12780699999999, 30.323162999999994, 92.81366400000002, 78.13586700000002, 65.12799900000002]","[0.0, 3.0, 1.0, 1.0, 0.0, 0.0, 0.0, 1.0, 1.0, 1.0, 0.0, 1.0, 1.0, 1.0, 1.0, 1.0]","[-9.0, 12.0, 0.0, 15.0, 0.0, 11.0, 10.0, 0.0, 0.0, 12.0, 9.0, 0.0, 10.0, -10.0, 3.0, 4.0]"
2,1791638555.7953038,"[0.0007679999999936626, 93.428901, 59.94243, 89.03435100000002, -0.08712299999999118, 75.587028, 38.58491699999999, 38.672808, 0.17654999999999177, 8.438303999999988, 18.897333000000003, 20.12780699999999, 30.323162999999994, 92.81366400000002, 78.22375799999998, 65.12799900000002]","[0.0, 3.0, 1.0, 1.0, 0.0, 0.0, 1.0, 1.0, 1.0, 0.0, 0.0, 0.0, 1.0, 1.0, 0.0, 1.0]","[-8.0, 11.0, 0.0, 15.0, 0.0, 11.0, 9.0, 0.0, 0.0, 13.0, 9.0, 0.0, 10.0, -11.0, 1.0, 4.0]"
2,1791638556.0219195,"[0.0007679999999936626, 94.571484, 59.94243, 89.03435100000002, -0.08712299999999118, 75.587028, 38.58491699999999, 38.672808, 0.17654999999999177, 8.438303999999988, 18.897333000000003, 20.12780699999999, 30.323162999999994, 92.81366400000002, 78.13586700000002, 65.12799900000002]","[0.0, 2.0, 1.0, 1.0, 0.0, 0.0, 0.0, 1.0, 1.0, 1.0, 0.0, 1.0, 1.0, 1.0, 0.0, 1.0]","[-8.0, 11.0, 0.0, 14.0, 0.0, 11.0, 9.0, 0.0, 0.0, 13.0, 8.0, 0.0, 10.0, -10.0, 3.0, 11.0]"
3,1791638558.0385928,"[0.0007679999999936626, -4.481673000000001, -1.229705999999993, -0.2629049999999893, -0.08712299999999118, -4.92112800000001, 0.0007679999999936626, -0.2629049999999893, 0.08865900000000693, -2.28439800000001, -0.2629049999999893, 0.9675689999999975, -2.4601800000000082, 178.33160700000002, 39.991173, 25.66494]","[1.0, 1.0, 1.0, 1.0, 0.0, 0.0, 0.0, 1.0, 0.0, 1.0, 1.0, 1.0, 0.0, 0.0, 1.0, 1.0]","[-8.0, 29.0, 17.0, 13.0, 0.0, 31.0, -10.0, 9.0, -14.0, 16.0, 10.0, -11.0, 16.0, 17.0, -1.0, -15.0]"
3,1791638558.262277,"[-0.4386869999999874, -4.481673000000001, -0.8781419999999969, -0.08712299999999118, -0.08712299999999118, -4.833236999999997, 0.6160050000000012, -0.08712299999999118, 0.7038960000000145, -2.28439800000001, -0.2629049999999893, 0.9675689999999975, -2.4601800000000082, 178.06793399999998, 40.07906399999999, 25.752831000000015]","[0.0, 1.0, 3.0, 1.0, 0.0, 1.0, 1.0, 1.0, 1.0, 1.0, 0.0, 0.0, 0.0, 0.0, 0.0, 1.0]","[-9.0, 41.0, 17.0, 16.0, 0.0, 46.0, 11.0, 12.0, 14.0, 29.0, 11.0, 0.0, 22.0, -12.0, 12.0, 14.0]"
3,1791638558.482919,"[-1.3175970000000063, -3.339089999999999, -0.08712299999999118, 0.528113999999988, -0.08712299999999118, -3.514871999999997, 1.2312420000000088, 0.17654999999999177, 0.7917869999999994, -2.28439800000001, -0.17501400000000444, 1.1433509999999956, -2.4601800000000082, 177.71636999999998, 40.43062800000001, 26.368067999999994]","[0.0, 1.0, 3.0, 1.0, 0.0, 1.0, 1.0, 1.0, 1.0, 1.0, 1.0, 1.0, 0.0, 0.0, 1.0, 2.0]","[-9.0, 53.0, 19.0, 16.0, 0.0, 54.0, 11.0, 14.0, 16.0, 45.0, 14.0, 12.0, 29.0, -25.0, 13.0, 14.0]"
3,1791638558.7102337,"[-2.372288999999995, -1.053923999999995, 0.8796780000000126, 1.582806000000005, -0.08712299999999118, -2.196506999999997, 2.0222610000000145, 1.407024000000007, 2.813279999999992, -2.28439800000001, -0.17501400000000444, 1.1433509999999956, -2.372288999999995, 176.661678, 41.39742899999999, 27.159087]","[-1.0, 1.0, 1.0, 1.0, 0.0, 3.0, 2.0, 1.0, 3.0, 1.0, 1.0, 1.0, 1.0, 0.0, 4.0, 1.0]","[-10.0, 48.0, 19.0, 17.0, 0.0, 60.0, 13.0, 14.0, 14.0, 68.0, 17.0, 14.0, 36.0, -39.0, 13.0, 15.0]"
3,1791638558.931182,"[-3.339089999999999, 0.3523319999999899, 1.7585880000000031, 2.4617159999999956, -0.08712299999999118, 0.17654999999999177, 2.725389000000007, 2.1101519999999994, 2.901171000000005, 0.08865900000000693, 1.407024000000007, 1.9343700000000013, -2.372288999999995, 173.40971100000002, 42.27633900000001, 28.03799699999999]","[-2.0, 1.0, 1.0, 3.0, 0.0, 7.0, 2.0, 0.0, 1.0, 0.0, 3.0, 1.0, 1.0, -3.0, 1.0, 1.0]","[-9.0, 57.0, 20.0, 16.0, 0.0, 52.0, 13.0, 13.0, 15.0, 63.0, 16.0, 14.0, 41.0, -34.0, 14.0, 15.0]"
3,1791638559.1582122,"[-4.305891000000003, 2.1101519999999994, 2.813279999999992, 3.6042989999999975, -0.08712299999999118, 2.0222610000000145, 3.4285169999999994, 3.3406260000000145, 4.746881999999999, 0.528113999999988, 2.1101519999999994, 2.901171000000005, -0.4386869999999874, 169.80617999999998, 43.155249, 29.268471000000005]","[-2.0, 9.0, 3.0, 3.0, 0.0, 3.0, 1.0, 3.0, 2.0, 1.0, 1.0, 2.0, 7.0, -6.0, 2.0, 3.0]","[-10.0, 51.0, 19.0, 16.0, 0.0, 60.0, 13.0, 12.0, 14.0, 81.0, 17.0, 13.0, 32.0, -29.0, 14.0, 14.0]"
3,1791638559.3795776,"[-5.272692000000006, 4.043754000000007, 3.7800809999999956, 4.483208999999988, -0.08712299999999118, 3.6921900000000107, 4.483208999999988, 4.395318000000003, 5.713683000000003, 4.395318000000003, 2.2859339999999975, 4.043754000000007, 0.6160050000000012, 168.31203299999999, 44.56150500000001, 29.35636199999999]","[-2.0, 1.0, 1.0, 1.0, 0.0, 1.0, 1.0, 2.0, 3.0, 12.0, 1.0, 1.0, 4.0, 0.0, 4.0, 0.0]","[-9.0, 58.0, 20.0, 17.0, 0.0, 64.0, 13.0, 13.0, 14.0, 52.0, 20.0, 13.0, 32.0, -42.0, 14.0, 14.0]"
3,1791638559.606196,"[-5.8879289999999855, 5.889465000000001, 4.834773000000013, 5.62579199999999, -0.08712299999999118, 6.065246999999999, 5.274227999999994, 5.186337000000009, 6.416810999999996, 4.6589910000000145, 4.219536000000005, 4.9226639999999975, 1.4949149999999918, 164.79639300000002, 44.649395999999996, 29.268471000000005]","[-1.0, 3.0, 4.0, 3.0, 0.0, 4.0, 3.0, 1.0, 4.0, 1.0, 5.0, 1.0, 7.0, -9.0, 1.0, 1.0]","[-10.0, 60.0, 19.0, 16.0, 0.0, 58.0, 15.0, 13.0, 14.0, 80.0, 16.0, 16.0, 34.0, -34.0, 16.0, 13.0]"
3,1791638559.8276296,"[-7.030511999999987, 8.701977, 5.889465000000001, 6.680484000000007, -0.08712299999999118, 6.2410289999999975, 5.362119000000007, 6.416810999999996, 7.735175999999996, 8.614086000000015, 5.098445999999996, 6.2410289999999975, 2.725389000000007, 161.45653500000003, 46.582998, 29.268471000000005]","[0.0, 6.0, 2.0, 2.0, 0.0, 2.0, 1.0, 5.0, 3.0, 9.0, 1.0, 3.0, 6.0, -7.0, 4.0, 1.0]","[-11.0, 50.0, 20.0, 16.0, 0.0, 71.0, 18.0, 13.0, 14.0, 52.0, 17.0, 14.0, 32.0, -33.0, 12.0, 14.0]"
3,1791638560.0541923,"[-8.085204000000004, 10.108233000000013, 5.9773560000000145, 7.647285000000011, -0.08712299999999118, 10.108233000000013, 7.383611999999999, 7.383611999999999, 7.910957999999994, 9.668778000000003, 6.2410289999999975, 7.119938999999988, 3.6042989999999975, 158.38035000000002, 47.54979900000001, 29.268471000000005]","[-1.0, 1.0, 2.0, 2.0, 0.0, 4.0, 3.0, 1.0, 3.0, 1.0, 1.0, 2.0, 1.0, -4.0, 3.0, 0.0]","[-10.0, 59.0, 24.0, 15.0, 0.0, 54.0, 14.0, 13.0, 15.0, 66.0, 16.0, 13.0, 32.0, -34.0, 12.0, 15.0]"
3,1791638560.27512,"[-9.139895999999993, 10.108233000000013, 7.910957999999994, 8.701977, -0.08712299999999118, 11.426598000000013, 8.086739999999992, 8.526195000000001, 9.668778000000003, 9.668778000000003, 7.119938999999988, 7.910957999999994, 4.395318000000003, 155.74362000000002, 48.34081800000001, 29.268471000000005]","[0.0, 1.0, 2.0, 2.0, 0.0, 3.0, 5.0, 1.0, 3.0, 1.0, 1.0, 3.0, 1.0, -2.0, 1.0, 1.0]","[-10.0, 85.0, 18.0, 16.0, 0.0, 65.0, 14.0, 12.0, 13.0, 93.0, 17.0, 14.0, 33.0, -36.0, 13.0, 14.0]"
3,1791638560.4980755,"[-10.106696999999997, 14.151218999999998, 8.614086000000015, 9.58088699999999, -0.08712299999999118, 13.184417999999994, 9.229322999999994, 9.405104999999992, 10.635579000000007, 13.799655000000001, 7.910957999999994, 9.229322999999994, 5.9773560000000145, 152.667435, 49.571292, 29.35636199999999]","[-1.0, 5.0, 5.0, 2.0, 0.0, 10.0, 1.0, 1.0, 2.0, 18.0, 7.0, 3.0, 4.0, -4.0, 3.0, 0.0]","[-10.0, 54.0, 19.0, 16.0, 0.0, 67.0, 15.0, 14.0, 14.0, 56.0, 17.0, 14.0, 30.0, -33.0, 13.0, 14.0]"
3,1791638560.7233546,"[-10.634042999999991, 14.327000999999996, 9.932451000000015, 10.723469999999992, -0.08712299999999118, 15.996929999999992, 10.28401500000001, 10.371905999999996, 11.60238000000001, 14.23911000000001, 9.229322999999994, 10.108233000000013, 6.856266000000005, 150.294378, 50.45020199999999, 29.268471000000005]","[0.0, 1.0, 3.0, 2.0, 0.0, 4.0, 2.0, 1.0, 1.0, 1.0, 2.0, 1.0, 0.0, -1.0, 2.0, 1.0]","[-11.0, 82.0, 19.0, 17.0, 0.0, 57.0, 14.0, 13.0, 14.0, 85.0, 17.0, 14.0, 31.0, -40.0, 12.0, 15.0]"
3,1791638560.9500206,"[-11.952407999999991, 18.19420500000001, 10.811361000000005, 10.723469999999992, -0.08712299999999118, 15.996929999999992, 11.162925000000001, 11.426598000000013, 12.657072, 16.87584000000001, 9.668778000000003, 10.987143000000003, 8.086739999999992, 147.306084, 51.50489400000001, 29.268471000000005]","[-1.0, 11.0, 4.0, 1.0, 0.0, 1.0, 3.0, 4.0, 2.0, 23.0, 1.0, 1.0, 5.0, -4.0, 3.0, -1.0]","[-10.0, 53.0, 19.0, 18.0, 0.0, 81.0, 15.0, 13.0, 15.0, 62.0, 18.0, 14.0, 27.0, -41.0, 13.0, 15.0]"
3,1791638561.170196,"[-12.919208999999995, 20.12780699999999, 11.778162000000009, 12.657072, -0.08712299999999118, 20.12780699999999, 12.21761699999999, 12.393398999999988, 13.711763999999988, 19.424678999999998, 11.162925000000001, 12.129726000000005, 9.141432000000009, 144.05411700000002, 52.47169500000001, 29.35636199999999]","[0.0, 1.0, 1.0, 4.0, 0.0, 7.0, 1.0, 1.0, 2.0, 1.0, 2.0, 2.0, 1.0, -6.0, 3.0, 0.0]","[-11.0, 59.0, 19.0, 15.0, 0.0, 54.0, 14.0, 13.0, 14.0, 69.0, 17.0, 14.0, 31.0, -37.0, 13.0, 15.0]"
3,1791638561.398024,"[-14.14968300000001, 22.237190999999996, 12.832853999999998, 13.448091000000005, -0.08712299999999118, 21.358281000000005, 13.272309000000007, 13.623873000000003, 14.590674000000007, 19.424678999999998, 11.866052999999994, 13.096527000000009, 9.141432000000009, 140.890041, 53.526387, 29.35636199999999]","[-1.0, 3.0, 3.0, 4.0, 0.0, 5.0, 3.0, 2.0, 2.0, 1.0, 1.0, 3.0, 1.0, -1.0, 4.0, 0.0]","[-11.0, 57.0, 19.0, 16.0, 0.0, 66.0, 14.0, 12.0, 13.0, 96.0, 19.0, 13.0, 34.0, -40.0, 12.0, 14.0]"
3,1791638561.858848,"[-15.116483999999986, 23.819229000000007, 13.887546000000015, 14.502782999999994, -0.08712299999999118, 24.346575, 14.327000999999996, 14.502782999999994, 15.645365999999996, 24.78603000000001, 13.53598199999999, 13.975437, 11.426598000000013, 137.37440099999998, 54.756861000000015, 29.35636199999999]","[0.0, 0.0, 1.0, 1.0, 0.0, 1.0, 1.0, 0.0, 1.0, 1.0, 1.0, 1.0, 1.0, 1.0, 1.0, 1.0]","[-10.0, 62.0, 19.0, 17.0, 0.0, 55.0, 14.0, 12.0, 14.0, 54.0, 16.0, 14.0, 30.0, -37.0, 13.0, 14.0]"
3,1791638562.085925,"[-16.346958, 26.455959000000007, 14.85434699999999, 15.55747500000001, -0.08712299999999118, 26.192285999999996, 15.469583999999998, 15.821147999999994, 16.787948999999998, 26.543849999999992, 13.53598199999999, 14.942238000000003, 11.690270999999996, 134.29821600000002, 55.372097999999994, 29.35636199999999]","[-3.0, 13.0, 1.0, 3.0, 0.0, 2.0, 2.0, 3.0, 3.0, 5.0, 1.0, 1.0, 1.0, -5.0, 6.0, 1.0]","[-10.0, 45.0, 20.0, 16.0, 0.0, 57.0, 13.0, 11.0, 14.0, 50.0, 20.0, 14.0, 32.0, -32.0, 13.0, 14.0]"
3,1791638562.307289,"[-17.22586799999999, 28.829015999999996, 15.909039000000007, 16.524276000000015, -0.08712299999999118, 28.30167, 16.524276000000015, 16.787948999999998, 17.666858999999988, 28.565343000000013, 15.118020000000001, 15.996929999999992, 13.272309000000007, 130.95835799999998, 56.690462999999994, 29.35636199999999]","[-2.0, 3.0, 1.0, 1.0, 0.0, 1.0, 2.0, 2.0, 1.0, 1.0, 4.0, 1.0, 3.0, -4.0, 3.0, 1.0]","[-10.0, 47.0, 19.0, 16.0, 0.0, 56.0, 14.0, 11.0, 14.0, 56.0, 15.0, 14.0, 30.0, -30.0, 13.0, 14.0]"
3,1791638562.5315084,"[-18.456342000000006, 31.114182, 17.139512999999994, 17.403186000000005, -0.08712299999999118, 29.971598999999998, 17.578968000000003, 17.75475, 18.633659999999992, 28.565343000000013, 16.348493999999988, 17.05162200000001, 14.327000999999996, 127.706391, 57.74515500000001, 29.35636199999999]","[-2.0, 11.0, 5.0, 3.0, 0.0, 1.0, 3.0, 1.0, 1.0, 1.0, 3.0, 2.0, 2.0, -4.0, 1.0, 1.0]","[-10.0, 46.0, 18.0, 18.0, 0.0, 57.0, 13.0, 12.0, 14.0, 81.0, 15.0, 14.0, 28.0, -29.0, 13.0, 15.0]"
3,1791638562.7554073,"[-19.42314300000001, 32.87200200000001, 18.106313999999998, 18.545769000000007, -0.08712299999999118, 32.344656000000015, 18.36998700000001, 18.721551000000005, 19.600460999999996, 32.87200200000001, 17.315294999999992, 18.19420500000001, 15.381693000000013, 124.98176999999998, 58.88773800000001, 29.35636199999999]","[-1.0, 3.0, 2.0, 4.0, 0.0, 10.0, 1.0, 3.0, 3.0, 15.0, 1.0, 3.0, 1.0, -4.0, 3.0, 1.0]","[-10.0, 50.0, 17.0, 16.0, 0.0, 53.0, 13.0, 13.0, 14.0, 46.0, 16.0, 13.0, 27.0, -32.0, 11.0, 14.0]"
3,1791638562.9790037,"[-20.477835, 35.33295000000001, 19.248897, 19.51257000000001, -0.08712299999999118, 34.45403999999999, 19.336788000000013, 19.68835200000001, 20.567262, 33.13567499999999, 18.545769000000007, 19.073115, 15.381693000000013, 122.69660399999998, 59.94243, 29.35636199999999]","[-2.0, 6.0, 1.0, 2.0, 0.0, 3.0, 3.0, 1.0, 1.0, 1.0, 2.0, 2.0, 1.0, 0.0, 1.0, 1.0]","[-9.0, 45.0, 17.0, 16.0, 0.0, 54.0, 14.0, 11.0, 15.0, 70.0, 15.0, 13.0, 28.0, -36.0, 12.0, 15.0]"
3,1791638563.2038925,"[-21.620418, 37.09076999999999, 20.39148, 19.864134000000007, -0.08712299999999118, 36.739205999999996, 20.215698000000003, 20.655153000000013, 21.885627, 33.750912, 19.424678999999998, 20.215698000000003, 15.381693000000013, 118.82940000000002, 60.909231000000005, 29.35636199999999]","[-1.0, 4.0, 4.0, 6.0, 0.0, 8.0, 1.0, 1.0, 3.0, 10.0, 2.0, 2.0, 1.0, -6.0, 2.0, 1.0]","[-9.0, 49.0, 17.0, 16.0, 0.0, 46.0, 14.0, 13.0, 13.0, 74.0, 15.0, 13.0, 28.0, -31.0, 11.0, 15.0]"
3,1791638563.4268837,"[-22.587219000000005, 39.28804500000001, 21.44617199999999, 21.709845, 0.0007679999999936626, 38.672808, 21.00671700000001, 21.797736000000015, 22.500864000000007, 39.375935999999996, 20.743043999999998, 21.270389999999992, 15.381693000000013, 115.48954200000003, 61.963922999999994, 29.35636199999999]","[0.0, 5.0, 3.0, 2.0, 1.0, 1.0, 1.0, 4.0, 1.0, 5.0, 2.0, 3.0, 1.0, -4.0, 3.0, 1.0]","[-9.0, 42.0, 17.0, 15.0, -5.0, 53.0, 15.0, 12.0, 14.0, 43.0, 14.0, 13.0, 28.0, -28.0, 12.0, 14.0]"
3,1791638563.6508114,"[-23.81769299999999, 41.39742899999999, 22.500864000000007, 22.588754999999992, 0.0007679999999936626, 40.95797400000001, 21.973518000000013, 22.76453699999999, 23.907119999999992, 41.74899300000001, 21.797736000000015, 22.32508200000001, 15.381693000000013, 112.50124799999998, 62.84283300000001, 29.35636199999999]","[0.0, 1.0, 1.0, 2.0, 2.0, 8.0, 2.0, 1.0, 4.0, 7.0, 4.0, 1.0, 1.0, -2.0, 3.0, 1.0]","[-9.0, 45.0, 18.0, 17.0, -10.0, 47.0, 15.0, 12.0, 13.0, 38.0, 14.0, 12.0, 28.0, -29.0, 12.0, 15.0]"
3,1791638563.8747807,"[-24.69660300000001, 43.59470400000001, 23.379773999999998, 23.46766500000001, 0.0007679999999936626, 43.506812999999994, 22.676646000000005, 23.64344700000001, 24.873920999999996, 43.331030999999996, 22.76453699999999, 22.940318999999988, 15.381693000000013, 109.16138999999998, 63.985416000000015, 29.35636199999999]","[-2.0, 9.0, 1.0, 2.0, 1.0, 5.0, 1.0, 2.0, 1.0, 2.0, 3.0, 2.0, 1.0, -3.0, 3.0, 1.0]","[-9.0, 40.0, 16.0, 15.0, -12.0, 41.0, 16.0, 13.0, 13.0, 47.0, 15.0, 14.0, 27.0, -27.0, 11.0, 14.0]"
3,1791638564.1017783,"[-25.751295, 46.143542999999994, 24.346575, 24.698138999999998, 0.0007679999999936626, 45.791979, 23.64344700000001, 24.78603000000001, 25.840722, 46.31932499999999, 23.64344700000001, 24.258683999999988, 15.55747500000001, 105.82153199999999, 64.95221699999999, 29.35636199999999]","[-2.0, 3.0, 2.0, 4.0, 1.0, 8.0, 1.0, 1.0, 1.0, 6.0, 1.0, 3.0, 1.0, -5.0, 3.0, 1.0]","[-8.0, 39.0, 17.0, 16.0, -12.0, 38.0, 16.0, 12.0, 13.0, 38.0, 15.0, 12.0, 27.0, -23.0, 12.0, 15.0]"
3,1791638564.325748,"[-26.981768999999986, 48.34081800000001, 25.40126699999999, 25.489158000000003, 0.0007679999999936626, 47.81347199999999, 24.96181200000001, 25.752831000000015, 26.983305, 47.98925399999999, 24.78603000000001, 25.577048999999988, 15.55747500000001, 102.481674, 66.09479999999999, 29.35636199999999]","[-2.0, 6.0, 3.0, 5.0, 1.0, 2.0, 5.0, 1.0, 1.0, 5.0, 1.0, 3.0, 1.0, -5.0, 4.0, 1.0]","[-5.0, 34.0, 17.0, 16.0, -12.0, 43.0, 15.0, 12.0, 0.0, 39.0, 15.0, 12.0, 27.0, -21.0, 11.0, 14.0]"
3,1791638564.5468729,"[-27.94856999999999, 50.538093, 26.28017700000001, 26.71963199999999, 0.0007679999999936626, 49.747074, 25.840722, 26.895413999999988, 27.950106000000005, 50.801766000000015, 26.016503999999998, 26.455959000000007, 15.55747500000001, 99.141816, 67.14949200000001, 29.35636199999999]","[0.0, 2.0, 1.0, 1.0, 1.0, 2.0, 1.0, 1.0, 1.0, 7.0, 3.0, 2.0, 0.0, -2.0, 2.0, 1.0]","[0.0, 34.0, 18.0, 16.0, -12.0, 40.0, 16.0, 11.0, 0.0, 32.0, 13.0, 11.0, 27.0, -19.0, 12.0, 14.0]"
3,1791638564.7709448,"[-28.82748000000001, 52.735367999999994, 27.334868999999998, 27.774324000000007, 0.0007679999999936626, 52.29591300000001, 27.071196000000015, 27.42276000000001, 29.092689000000007, 52.29591300000001, 26.895413999999988, 27.774324000000007, 15.55747500000001, 95.80195800000001, 68.29207500000001, 29.35636199999999]","[1.0, 8.0, 2.0, 3.0, 1.0, 5.0, 1.0, 1.0, 1.0, 3.0, 1.0, 4.0, 1.0, -2.0, 2.0, 1.0]","[-9.0, 30.0, 18.0, 16.0, -11.0, 34.0, 15.0, 14.0, -11.0, 38.0, 13.0, 11.0, 27.0, -18.0, 12.0, 15.0]"
3,1791638564.995206,"[-29.794281000000012, 55.28420700000001, 28.30167, 28.829015999999996, 0.0007679999999936626, 54.58107900000002, 28.213778999999988, 28.565343000000013, 30.147380999999996, 54.756861000000015, 28.125888000000003, 28.74112500000001, 15.645365999999996, 92.63788199999999, 69.08309400000002, 29.35636199999999]","[-3.0, 4.0, 1.0, 1.0, 0.0, 6.0, 2.0, 1.0, 2.0, 10.0, 3.0, 3.0, 0.0, -4.0, 1.0, 1.0]","[-8.0, 31.0, 17.0, 15.0, -12.0, 32.0, 14.0, 13.0, -8.0, 31.0, 13.0, 12.0, 26.0, -18.0, 12.0, 15.0]"
3,1791638565.2214391,"[-30.936863999999986, 57.3057, 29.444253000000003, 29.883708000000013, 0.0007679999999936626, 56.690462999999994, 29.444253000000003, 29.795817, 31.114182, 56.42679000000001, 29.180579999999992, 29.795817, 15.645365999999996, 90.00115199999999, 70.22567699999999, 29.35636199999999]","[-1.0, 5.0, 4.0, 3.0, 0.0, 3.0, 4.0, 1.0, 1.0, 1.0, 3.0, 2.0, 1.0, -2.0, 2.0, 1.0]","[-4.0, 31.0, 17.0, 14.0, -11.0, 35.0, 14.0, 12.0, -9.0, 37.0, 12.0, 11.0, 25.0, -20.0, 11.0, 15.0]"
3,1791638565.4425836,"[-31.815774000000005, 59.50297499999999, 30.498944999999992, 30.9384, 0.08865900000000693, 58.88773800000001, 30.586836000000005, 30.762618000000003, 32.080983, 56.42679000000001, 29.883708000000013, 30.762618000000003, 16.260603000000003, 86.661294, 71.456151, 29.35636199999999]","[0.0, 4.0, 1.0, 1.0, 1.0, 5.0, 3.0, 1.0, 1.0, 1.0, 1.0, 2.0, 1.0, -6.0, 5.0, 1.0]","[-9.0, 27.0, 17.0, 15.0, -12.0, 33.0, 13.0, 12.0, -1.0, 58.0, 14.0, 12.0, 23.0, -17.0, 10.0, 15.0]"
3,1791638565.6662707,"[-32.87046599999999, 61.436577, 31.55363700000001, 31.905201000000005, 0.08865900000000693, 61.348686000000015, 31.641527999999994, 31.905201000000005, 33.04778400000001, 61.348686000000015, 31.114182, 31.729419000000007, 16.348493999999988, 83.49721799999998, 72.42295200000001, 29.35636199999999]","[0.0, 7.0, 3.0, 2.0, 0.0, 5.0, 1.0, 1.0, 1.0, 12.0, 2.0, 3.0, 1.0, -5.0, 3.0, 1.0]","[-9.0, 26.0, 16.0, 15.0, -12.0, 30.0, 13.0, 11.0, 0.0, 26.0, 13.0, 11.0, 22.0, -16.0, 10.0, 15.0]"
3,1791638565.8935955,"[-33.92515800000001, 64.073307, 32.69622000000001, 32.959892999999994, 0.08865900000000693, 63.63385199999999, 32.784110999999996, 32.87200200000001, 34.01458500000001, 63.63385199999999, 32.432547, 32.608329, 16.436385, 82.530417, 73.477644, 29.35636199999999]","[-1.0, 4.0, 3.0, 3.0, 1.0, 5.0, 2.0, 1.0, 0.0, 3.0, 4.0, 2.0, 1.0, -2.0, 3.0, 1.0]","[-9.0, 24.0, 17.0, 15.0, -11.0, 24.0, 12.0, 12.0, -8.0, 29.0, 13.0, 12.0, 22.0, -16.0, 11.0, 14.0]"
3,1791638566.1175969,"[-35.06774100000001, 66.182691, 33.750912, 34.01458500000001, 0.0007679999999936626, 66.00690900000001, 34.01458500000001, 34.102475999999996, 35.069277, 65.919018, 33.48723899999999, 33.663021000000015, 16.524276000000015, 82.530417, 74.53233600000002, 29.707926000000015]","[-2.0, 7.0, 2.0, 3.0, 1.0, 4.0, 4.0, 4.0, 1.0, 4.0, 5.0, 3.0, 1.0, 0.0, 2.0, 2.0]","[0.0, 21.0, 16.0, 15.0, -13.0, 25.0, 11.0, 11.0, 0.0, 26.0, 11.0, 12.0, 22.0, -17.0, 11.0, 13.0]"
3,1791638566.3412426,"[-35.85875999999999, 66.534255, 34.717713, 35.069277, 0.08865900000000693, 67.94051100000001, 34.102475999999996, 35.069277, 36.036078, 65.919018, 34.45403999999999, 34.717713, 16.700058000000013, 82.530417, 75.587028, 29.707926000000015]","[-1.0, 1.0, 1.0, 3.0, 1.0, 1.0, 1.0, 3.0, 1.0, 1.0, 1.0, 4.0, 1.0, 0.0, 3.0, 1.0]","[-9.0, 20.0, 15.0, 14.0, -12.0, 24.0, 12.0, 11.0, -1.0, 27.0, 11.0, 12.0, 21.0, -17.0, 10.0, 13.0]"
3,1791638566.5633662,"[-36.91345200000001, 66.534255, 35.860296000000005, 35.94818699999999, 0.0007679999999936626, 70.40145900000002, 34.102475999999996, 35.94818699999999, 37.00287900000001, 65.919018, 35.420840999999996, 35.245059, 16.700058000000013, 82.530417, 76.64172000000002, 29.707926000000015]","[-1.0, 2.0, 2.0, 1.0, 1.0, 5.0, 1.0, 1.0, 1.0, 0.0, 3.0, 3.0, 1.0, 0.0, 2.0, 1.0]","[-9.0, 21.0, 16.0, 16.0, -12.0, 20.0, 11.0, 11.0, 0.0, 26.0, 12.0, 12.0, 21.0, -17.0, 10.0, 13.0]"
3,1791638566.7896416,"[-37.88025300000001, 66.534255, 36.914987999999994, 36.82709700000001, 0.0007679999999936626, 71.36825999999999, 34.102475999999996, 37.09076999999999, 38.057570999999996, 65.919018, 36.47553300000001, 36.47553300000001, 16.700058000000013, 82.530417, 77.78430300000002, 29.707926000000015]","[0.0, 0.0, 1.0, 1.0, 0.0, 3.0, 1.0, 3.0, 1.0, 1.0, 3.0, 1.0, 1.0, 0.0, 3.0, 1.0]","[-9.0, 20.0, 15.0, 16.0, -12.0, 23.0, 11.0, 11.0, 0.0, 27.0, 12.0, 12.0, 21.0, -17.0, 10.0, 13.0]"
3,1791638567.0134997,"[-38.759163, 66.534255, 38.057570999999996, 37.96968000000001, 0.08865900000000693, 71.36825999999999, 34.102475999999996, 37.96968000000001, 39.024372, 65.919018, 37.44233399999999, 37.44233399999999, 16.700058000000013, 82.530417, 78.66321299999998, 29.707926000000015]","[0.0, 1.0, 3.0, 2.0, 0.0, 1.0, 1.0, 1.0, 1.0, 0.0, 1.0, 1.0, 1.0, 0.0, 3.0, 1.0]","[-9.0, 20.0, 15.0, 16.0, -12.0, 24.0, 12.0, 12.0, 0.0, 26.0, 12.0, 12.0, 22.0, -17.0, 10.0, 14.0]"
3,1791638567.2343025,"[-39.98963699999999, 66.534255, 39.11226300000001, 38.76069899999999, 0.0007679999999936626, 71.28036900000001, 34.102475999999996, 39.200154, 39.991173, 65.919018, 38.672808, 38.58491699999999, 16.700058000000013, 82.530417, 79.80579599999999, 29.707926000000015]","[-2.0, 0.0, 2.0, 3.0, 0.0, 1.0, 1.0, 2.0, 1.0, 0.0, 3.0, 3.0, 1.0, 0.0, 3.0, 1.0]","[-9.0, 21.0, 15.0, 16.0, -12.0, 23.0, 12.0, 11.0, 13.0, 26.0, 12.0, 11.0, 21.0, -17.0, 10.0, 13.0]"
3,1791638567.4587264,"[-40.604873999999995, 66.534255, 40.166955, 39.72749999999999, 0.08865900000000693, 71.36825999999999, 34.102475999999996, 39.991173, 40.95797400000001, 66.00690900000001, 39.46382700000001, 39.63960900000001, 16.700058000000013, 82.530417, 80.684706, 29.707926000000015]","[-1.0, 0.0, 2.0, 3.0, 1.0, 1.0, 1.0, 3.0, 2.0, 1.0, 3.0, 4.0, 1.0, 0.0, 1.0, 1.0]","[-9.0, 21.0, 15.0, 15.0, -11.0, 24.0, 12.0, 11.0, 6.0, 26.0, 12.0, 12.0, 21.0, -17.0, 11.0, 13.0]"
3,1791638567.6854434,"[-42.01113000000001, 66.62214600000001, 41.133756000000005, 40.694300999999996, 0.08865900000000693, 71.36825999999999, 34.102475999999996, 40.870082999999994, 41.836884, 65.919018, 40.518519, 40.694300999999996, 16.700058000000013, 82.530417, 81.56361600000002, 29.707926000000015]","[-2.0, 0.0, 2.0, 1.0, 1.0, 1.0, 1.0, 1.0, 3.0, 1.0, 3.0, 4.0, 1.0, 0.0, 1.0, 1.0]","[0.0, 21.0, 15.0, 15.0, -13.0, 23.0, 12.0, 12.0, 14.0, 26.0, 11.0, 12.0, 21.0, -17.0, 10.0, 14.0]"
3,1791638567.9065983,"[-43.065822, 66.62214600000001, 42.27633900000001, 41.74899300000001, 0.08865900000000693, 71.36825999999999, 34.102475999999996, 42.10055700000001, 43.06735800000001, 65.919018, 41.74899300000001, 41.573211000000015, 16.700058000000013, 82.530417, 82.70619900000003, 29.707926000000015]","[-1.0, 1.0, 2.0, 3.0, 0.0, 1.0, 1.0, 3.0, 1.0, 0.0, 3.0, 1.0, 0.0, 0.0, 3.0, 1.0]","[0.0, 21.0, 14.0, 16.0, -12.0, 23.0, 12.0, 11.0, 0.0, 27.0, 10.0, 12.0, 21.0, -17.0, 10.0, 13.0]"
3,1791638568.1333473,"[-44.032623, 66.62214600000001, 43.24314000000001, 42.803685, 0.08865900000000693, 71.36825999999999, 34.102475999999996, 42.979467, 44.03415899999999, 65.919018, 42.452121000000005, 42.71579399999999, 16.700058000000013, 82.530417, 83.673, 29.707926000000015]","[0.0, 0.0, 2.0, 6.0, 1.0, 0.0, 1.0, 1.0, 2.0, 1.0, 1.0, 3.0, 0.0, 0.0, 4.0, 1.0]","[0.0, 21.0, 15.0, 16.0, -12.0, 24.0, 12.0, 11.0, 0.0, 26.0, 11.0, 11.0, 21.0, -17.0, 10.0, 14.0]"
3,1791638568.3550136,"[-45.08731499999999, 66.62214600000001, 44.297832, 43.770486000000005, 0.0007679999999936626, 71.36825999999999, 34.102475999999996, 44.12205, 45.00095999999999, 65.919018, 43.68259499999999, 43.770486000000005, 16.700058000000013, 82.530417, 84.46401900000001, 29.707926000000015]","[0.0, 1.0, 1.0, 3.0, 0.0, 1.0, 1.0, 3.0, 1.0, 0.0, 1.0, 3.0, 0.0, 1.0, 1.0, 1.0]","[0.0, 21.0, 16.0, 14.0, -12.0, 24.0, 11.0, 11.0, -15.0, 26.0, 11.0, 12.0, 21.0, -16.0, 11.0, 13.0]"
3,1791638568.5789793,"[-46.05411599999999, 66.62214600000001, 45.17674199999999, 45.00095999999999, 0.0007679999999936626, 71.36825999999999, 34.102475999999996, 45.088851000000005, 45.967760999999996, 65.919018, 44.73728700000001, 44.825177999999994, 16.700058000000013, 82.35463500000003, 85.43081999999998, 29.707926000000015]","[0.0, 1.0, 2.0, 4.0, 1.0, 1.0, 1.0, 2.0, 0.0, 0.0, 3.0, 1.0, 1.0, 0.0, 2.0, 1.0]","[0.0, 22.0, 15.0, 14.0, -12.0, 23.0, 12.0, 11.0, -8.0, 27.0, 11.0, 11.0, 21.0, -17.0, 10.0, 14.0]"
3,1791638568.8055372,"[-47.020917, 66.62214600000001, 46.23143400000001, 45.87987000000001, 0.08865900000000693, 71.36825999999999, 34.102475999999996, 45.87987000000001, 46.934562, 66.00690900000001, 45.616197, 45.87987000000001, 16.787948999999998, 82.35463500000003, 86.48551200000003, 29.707926000000015]","[-1.0, 1.0, 2.0, 2.0, 1.0, 0.0, 1.0, 1.0, 0.0, 0.0, 2.0, 2.0, 0.0, 0.0, 3.0, 1.0]","[0.0, 21.0, 14.0, 15.0, -12.0, 24.0, 12.0, 12.0, 0.0, 26.0, 12.0, 11.0, 20.0, -17.0, 11.0, 14.0]"
3,1791638569.0279882,"[-47.54826299999999, 66.62214600000001, 47.19823500000001, 47.19823500000001, 0.08865900000000693, 71.36825999999999, 34.102475999999996, 47.02245300000001, 48.077145, 66.00690900000001, 46.846671000000015, 47.02245300000001, 16.700058000000013, 82.35463500000003, 87.452313, 29.707926000000015]","[0.0, 1.0, 2.0, 1.0, 0.0, 0.0, 1.0, 1.0, 1.0, 1.0, 3.0, 1.0, 1.0, 0.0, 2.0, 1.0]","[-9.0, 21.0, 14.0, 15.0, -11.0, 24.0, 12.0, 11.0, -13.0, 25.0, 11.0, 11.0, 21.0, -17.0, 11.0, 14.0]"
3,1791638569.2496202,"[-49.04240999999999, 66.62214600000001, 48.077145, 48.165036000000015, 0.08865900000000693, 71.28036900000001, 34.102475999999996, 47.98925399999999, 49.043946000000005, 65.919018, 47.725581000000005, 47.81347199999999, 16.787948999999998, 82.35463500000003, 88.33122300000002, 29.707926000000015]","[-3.0, 1.0, 1.0, 1.0, 1.0, 1.0, 1.0, 3.0, 1.0, 0.0, 2.0, 1.0, 1.0, 0.0, 2.0, 1.0]","[0.0, 21.0, 15.0, 15.0, -12.0, 23.0, 12.0, 11.0, -14.0, 26.0, 11.0, 12.0, 20.0, -17.0, 11.0, 14.0]"
3,1791638569.4745524,"[-49.833428999999995, 66.62214600000001, 49.219728, 49.219728, 0.08865900000000693, 71.28036900000001, 34.102475999999996, 48.86816400000001, 49.922855999999996, 66.00690900000001, 48.51660000000001, 48.95605499999999, 16.787948999999998, 82.35463500000003, 89.38591500000001, 29.707926000000015]","[0.0, 1.0, 4.0, 1.0, 0.0, 0.0, 1.0, 1.0, 0.0, 0.0, 1.0, 1.0, 1.0, 0.0, 4.0, 1.0]","[-9.0, 22.0, 15.0, 15.0, -12.0, 24.0, 12.0, 11.0, 0.0, 25.0, 12.0, 10.0, 20.0, -17.0, 11.0, 14.0]"
3,1791638569.6981375,"[-50.80023, 66.62214600000001, 50.098637999999994, 50.538093, 0.08865900000000693, 71.36825999999999, 34.102475999999996, 50.098637999999994, 51.15333000000001, 66.00690900000001, 49.747074, 50.01074700000001, 16.787948999999998, 82.35463500000003, 89.91326099999998, 29.707926000000015]","[0.0, 1.0, 3.0, 1.0, 1.0, 1.0, 1.0, 3.0, 1.0, 1.0, 3.0, 2.0, 1.0, 0.0, 1.0, 1.0]","[-9.0, 21.0, 15.0, 14.0, -12.0, 22.0, 12.0, 12.0, -13.0, 26.0, 11.0, 10.0, 19.0, -17.0, 12.0, 14.0]"
3,1791638569.925268,"[-51.67913999999999, 66.62214600000001, 50.97754800000001, 51.50489400000001, 0.08865900000000693, 71.28036900000001, 34.102475999999996, 50.801766000000015, 52.03224, 66.00690900000001, 50.62598400000002, 50.889657, 16.787948999999998, 82.35463500000003, 90.00115199999999, 29.707926000000015]","[0.0, 1.0, 1.0, 3.0, 1.0, 1.0, 1.0, 2.0, 0.0, 1.0, 1.0, 2.0, 1.0, 0.0, 1.0, 1.0]","[-9.0, 21.0, 15.0, 13.0, -12.0, 23.0, 12.0, 12.0, 0.0, 26.0, 10.0, 11.0, 20.0, -17.0, 14.0, 13.0]"
3,1791638570.149246,"[-52.73383199999999, 66.62214600000001, 52.03224, 52.383804, 0.08865900000000693, 71.36825999999999, 34.102475999999996, 52.03224, 53.08693199999999, 66.00690900000001, 51.856458, 51.94434900000002, 16.787948999999998, 82.35463500000003, 90.17693400000002, 29.707926000000015]","[-2.0, 1.0, 1.0, 2.0, 0.0, 1.0, 1.0, 2.0, 1.0, 0.0, 2.0, 1.0, 1.0, 0.0, 1.0, 1.0]","[-9.0, 20.0, 15.0, 14.0, -11.0, 23.0, 12.0, 12.0, 0.0, 26.0, 12.0, 10.0, 20.0, -17.0, 18.0, 13.0]"
3,1791638570.371163,"[-53.788523999999995, 66.62214600000001, 53.08693199999999, 53.526387, 0.08865900000000693, 71.36825999999999, 34.102475999999996, 52.999041000000005, 54.053732999999994, 66.00690900000001, 52.735367999999994, 52.999041000000005, 16.700058000000013, 82.35463500000003, 90.440607, 29.620035]","[-2.0, 1.0, 2.0, 3.0, 0.0, 1.0, 1.0, 1.0, 1.0, 1.0, 2.0, 5.0, 0.0, 1.0, 1.0, 0.0]","[-9.0, 21.0, 15.0, 14.0, -12.0, 23.0, 11.0, 12.0, 0.0, 25.0, 11.0, 10.0, 20.0, -17.0, 22.0, 13.0]"
3,1791638570.5949998,"[-54.491652, 66.62214600000001, 54.053732999999994, 54.317406000000005, 0.0007679999999936626, 71.36825999999999, 34.102475999999996, 54.14162400000001, 55.10842500000001, 66.00690900000001, 53.526387, 53.79006000000001, 16.700058000000013, 82.26674400000002, 90.440607, 29.707926000000015]","[0.0, 1.0, 3.0, 3.0, 0.0, 0.0, 1.0, 3.0, 1.0, 1.0, 1.0, 1.0, 0.0, 1.0, 1.0, 1.0]","[-10.0, 20.0, 15.0, 15.0, -12.0, 24.0, 11.0, 12.0, -10.0, 26.0, 12.0, 11.0, 21.0, -16.0, 28.0, 14.0]"
3,1791638570.817932,"[-55.45845299999999, 66.62214600000001, 55.196315999999996, 55.45998900000001, 0.0007679999999936626, 71.36825999999999, 34.102475999999996, 55.020534, 56.163117, 66.00690900000001, 54.756861000000015, 54.93264300000001, 16.700058000000013, 82.26674400000002, 90.88006200000001, 29.532143999999988]","[0.0, 1.0, 3.0, 3.0, 0.0, 1.0, 1.0, 2.0, 0.0, 1.0, 3.0, 3.0, 0.0, 0.0, 0.0, 0.0]","[-9.0, 21.0, 16.0, 13.0, -11.0, 24.0, 12.0, 11.0, -12.0, 26.0, 11.0, 11.0, 20.0, -16.0, 31.0, 14.0]"
3,1791638571.045386,"[-56.425253999999995, 66.62214600000001, 56.075226000000015, 56.338899, 0.0007679999999936626, 71.28036900000001, 34.102475999999996, 55.811553, 56.954136000000005, 66.00690900000001, 55.54787999999999, 55.89944400000002, 16.700058000000013, 82.26674400000002, 90.96795300000002, 29.532143999999988]","[0.0, 1.0, 2.0, 1.0, 1.0, 0.0, 1.0, 1.0, 1.0, 1.0, 2.0, 2.0, 0.0, 0.0, 1.0, 0.0]","[-9.0, 22.0, 15.0, 15.0, -10.0, 23.0, 12.0, 12.0, 0.0, 25.0, 11.0, 10.0, 20.0, -16.0, 38.0, 14.0]"
3,1791638571.266172,"[-57.040491, 66.62214600000001, 57.04202699999999, 57.21780900000002, 0.08865900000000693, 71.28036900000001, 34.102475999999996, 56.954136000000005, 57.92093700000001, 66.00690900000001, 56.60257200000001, 56.86624499999999, 16.612167, 82.35463500000003, 90.792171, 29.532143999999988]","[-1.0, 0.0, 1.0, 1.0, 0.0, 0.0, 1.0, 1.0, 1.0, 1.0, 4.0, 2.0, 0.0, 1.0, 0.0, 0.0]","[-10.0, 20.0, 15.0, 15.0, -11.0, 24.0, 12.0, 11.0, 0.0, 26.0, 11.0, 11.0, 11.0, 0.0, 11.0, 13.0]"
3,1791638571.4931273,"[-58.622529, 66.62214600000001, 58.09671900000001, 58.272501000000005, 0.08865900000000693, 71.36825999999999, 34.102475999999996, 58.008827999999994, 58.975629, 66.00690900000001, 57.56937300000001, 57.833045999999996, 16.612167, 82.35463500000003, 90.792171, 29.532143999999988]","[-2.0, 1.0, 1.0, 2.0, 1.0, 1.0, 1.0, 2.0, 1.0, 1.0, 2.0, 4.0, 0.0, 1.0, 0.0, 0.0]","[-9.0, 21.0, 15.0, 13.0, -11.0, 23.0, 12.0, 11.0, 0.0, 27.0, 11.0, 11.0, 10.0, 0.0, 10.0, 13.0]"
3,1791638571.7140787,"[-59.149874999999994, 66.710037, 59.327192999999994, 59.23930200000001, 0.0007679999999936626, 71.36825999999999, 34.102475999999996, 58.975629, 59.94243, 66.00690900000001, 58.53617400000002, 58.799847, 16.612167, 82.35463500000003, 90.792171, 29.532143999999988]","[0.0, 1.0, 1.0, 4.0, 0.0, 1.0, 1.0, 1.0, 1.0, 1.0, 1.0, 2.0, 0.0, 1.0, 0.0, 0.0]","[-11.0, 20.0, 15.0, 15.0, -12.0, 23.0, 12.0, 11.0, 0.0, 26.0, 12.0, 10.0, 10.0, 0.0, 10.0, 13.0]"
3,1791638571.938558,"[-60.380348999999995, 66.710037, 60.469775999999996, 59.23930200000001, 0.0007679999999936626, 71.28036900000001, 34.102475999999996, 59.41508400000001, 60.99712199999999, 66.00690900000001, 59.766648, 58.88773800000001, 16.612167, 82.35463500000003, 90.792171, 29.532143999999988]","[-2.0, 1.0, 3.0, 1.0, 1.0, 1.0, 1.0, 1.0, 1.0, 1.0, 3.0, 1.0, 0.0, 1.0, 0.0, 0.0]","[-10.0, 19.0, 14.0, 15.0, -12.0, 24.0, 11.0, 12.0, 0.0, 26.0, 11.0, 11.0, 10.0, 0.0, 10.0, 13.0]"
3,1791638572.1650422,"[-61.610822999999996, 67.237383, 61.436577, 59.23930200000001, 0.0007679999999936626, 71.28036900000001, 34.102475999999996, 60.293994, 61.963922999999994, 66.00690900000001, 60.99712199999999, 58.88773800000001, 16.612167, 82.35463500000003, 90.792171, 29.532143999999988]","[0.0, 3.0, 2.0, 1.0, 1.0, 0.0, 1.0, 1.0, 2.0, 1.0, 4.0, 0.0, 0.0, 1.0, 0.0, 0.0]","[-9.0, 18.0, 15.0, 15.0, -12.0, 23.0, 12.0, 14.0, 0.0, 25.0, 10.0, 10.0, 10.0, 0.0, 11.0, 14.0]"
3,1791638572.3864202,"[-62.489733, 67.32527400000001, 62.49126900000002, 59.23930200000001, 0.0007679999999936626, 71.28036900000001, 34.102475999999996, 61.085013000000004, 62.930724, 66.00690900000001, 61.87603200000001, 58.88773800000001, 16.612167, 82.35463500000003, 90.792171, 29.532143999999988]","[0.0, 1.0, 3.0, 1.0, 0.0, 0.0, 1.0, 1.0, 3.0, 1.0, 1.0, 0.0, 0.0, 1.0, 0.0, 0.0]","[-10.0, 18.0, 14.0, 14.0, -11.0, 25.0, 12.0, 13.0, 0.0, 26.0, 11.0, 11.0, 10.0, 0.0, 10.0, 13.0]"
3,1791638572.610705,"[-63.720207, 67.32527400000001, 63.45806999999999, 59.23930200000001, 0.0007679999999936626, 71.28036900000001, 34.102475999999996, 61.87603200000001, 63.985416000000015, 66.00690900000001, 63.01861500000001, 58.88773800000001, 16.612167, 82.35463500000003, 90.792171, 29.532143999999988]","[-2.0, 1.0, 2.0, 1.0, 0.0, 0.0, 0.0, 1.0, 1.0, 1.0, 1.0, 1.0, 0.0, 0.0, 0.0, 0.0]","[-9.0, 17.0, 14.0, 14.0, -12.0, 23.0, 12.0, 15.0, 0.0, 26.0, 11.0, 10.0, 10.0, 0.0, 10.0, 13.0]"
3,1791638572.8349473,"[-64.68700799999999, 67.32527400000001, 64.51276200000001, 59.23930200000001, 0.0007679999999936626, 71.192478, 34.01458500000001, 62.754942, 64.95221699999999, 66.00690900000001, 63.80963400000002, 58.88773800000001, 16.612167, 82.35463500000003, 90.792171, 29.532143999999988]","[0.0, 1.0, 3.0, 1.0, 0.0, 1.0, 0.0, 1.0, 1.0, 1.0, 2.0, 0.0, 0.0, 1.0, 0.0, 1.0]","[-9.0, 17.0, 14.0, 14.0, -11.0, 24.0, 12.0, 16.0, 0.0, 26.0, 11.0, 11.0, 9.0, 0.0, 10.0, 14.0]"
3,1791638573.0609863,"[-65.390136, 67.32527400000001, 65.391672, 59.23930200000001, 0.0007679999999936626, 71.192478, 34.01458500000001, 63.545961000000005, 65.919018, 66.00690900000001, 64.77643499999999, 58.88773800000001, 16.612167, 82.35463500000003, 90.792171, 29.532143999999988]","[0.0, 1.0, 1.0, 1.0, 0.0, 0.0, 0.0, 1.0, 1.0, 1.0, 1.0, 1.0, 0.0, 1.0, 0.0, 0.0]","[-9.0, 18.0, 15.0, 14.0, -12.0, 24.0, 12.0, 16.0, 0.0, 25.0, 11.0, 10.0, 10.0, 0.0, 10.0, 14.0]"
3,1791638573.2849524,"[-66.532719, 67.32527400000001, 66.534255, 59.23930200000001, 0.0007679999999936626, 71.192478, 34.01458500000001, 64.33698000000001, 66.97371000000001, 66.00690900000001, 65.919018, 58.88773800000001, 16.612167, 82.35463500000003, 90.792171, 29.532143999999988]","[0.0, 1.0, 3.0, 1.0, 0.0, 0.0, 0.0, 3.0, 1.0, 1.0, 3.0, 1.0, 0.0, 1.0, 0.0, 0.0]","[-9.0, 17.0, 13.0, 15.0, -11.0, 23.0, 12.0, 15.0, 0.0, 26.0, 11.0, 11.0, 9.0, 0.0, 10.0, 13.0]"
3,1791638573.5089462,"[-67.49952, 67.501056, 67.501056, 59.23930200000001, 0.0007679999999936626, 71.10458700000001, 34.01458500000001, 65.30378100000001, 67.94051100000001, 66.00690900000001, 66.710037, 58.88773800000001, 16.612167, 82.35463500000003, 90.792171, 29.532143999999988]","[0.0, 1.0, 2.0, 1.0, 0.0, 0.0, 0.0, 1.0, 2.0, 1.0, 2.0, 0.0, 0.0, 1.0, 0.0, 0.0]","[-9.0, 17.0, 15.0, 14.0, -12.0, 26.0, 12.0, 17.0, 0.0, 26.0, 11.0, 12.0, 10.0, 0.0, 10.0, 13.0]"
3,1791638573.7328582,"[-68.37843, 67.501056, 68.46785700000001, 59.23930200000001, 0.0007679999999936626, 71.10458700000001, 34.01458500000001, 66.09479999999999, 68.90731199999999, 66.00690900000001, 67.501056, 58.88773800000001, 16.612167, 82.35463500000003, 90.792171, 29.532143999999988]","[0.0, 1.0, 2.0, 1.0, 0.0, 0.0, 0.0, 2.0, 1.0, 1.0, 3.0, 0.0, 0.0, 1.0, 0.0, 0.0]","[-10.0, 17.0, 14.0, 14.0, -12.0, 25.0, 12.0, 18.0, 13.0, 26.0, 12.0, 11.0, 10.0, 0.0, 11.0, 13.0]"
3,1791638573.9571414,"[-69.433122, 67.501056, 69.522549, 59.23930200000001, 0.0007679999999936626, 71.10458700000001, 34.01458500000001, 66.09479999999999, 69.96200400000001, 66.00690900000001, 68.29207500000001, 58.799847, 16.612167, 82.35463500000003, 90.792171, 29.532143999999988]","[-2.0, 1.0, 3.0, 1.0, 0.0, 0.0, 1.0, 1.0, 2.0, 1.0, 1.0, 0.0, 0.0, 1.0, 0.0, 1.0]","[-9.0, 16.0, 14.0, 15.0, -11.0, 25.0, 12.0, 24.0, 13.0, 26.0, 12.0, 11.0, 9.0, 0.0, 10.0, 13.0]"
3,1791638574.1808748,"[-69.433122, 67.501056, 70.40145900000002, 59.23930200000001, 0.0007679999999936626, 70.313568, 34.01458500000001, 66.09479999999999, 69.96200400000001, 66.00690900000001, 69.522549, 58.88773800000001, 16.612167, 82.35463500000003, 90.792171, 29.532143999999988]","[0.0, 1.0, 2.0, 1.0, 0.0, 0.0, 1.0, 1.0, 1.0, 1.0, 4.0, 1.0, 0.0, 1.0, 0.0, 1.0]","[-10.0, 16.0, 15.0, 14.0, 11.0, 12.0, 0.0, 0.0, 0.0, 26.0, 11.0, 11.0, 9.0, 0.0, 10.0, 13.0]"
3,1791638574.4048653,"[-69.433122, 67.501056, 71.28036900000001, 59.23930200000001, 0.0007679999999936626, 70.313568, 33.926694, 66.09479999999999, 69.96200400000001, 66.00690900000001, 70.40145900000002, 58.88773800000001, 16.612167, 82.35463500000003, 90.792171, 29.532143999999988]","[0.0, 0.0, 2.0, 1.0, 0.0, 0.0, 0.0, 0.0, 1.0, 1.0, 1.0, 0.0, 0.0, 1.0, 0.0, 0.0]","[-10.0, 16.0, 14.0, 15.0, 11.0, 11.0, 9.0, 0.0, 0.0, 26.0, 12.0, 10.0, 10.0, 0.0, 11.0, 13.0]"
3,1791638574.6252172,"[-69.433122, 67.676838, 72.07138800000001, 59.23930200000001, 0.0007679999999936626, 70.313568, 33.926694, 66.09479999999999, 69.96200400000001, 66.00690900000001, 71.456151, 58.88773800000001, 16.612167, 82.35463500000003, 90.792171, 29.532143999999988]","[0.0, 0.0, 1.0, 1.0, 0.0, 0.0, 1.0, 0.0, 1.0, 1.0, 4.0, 1.0, 0.0, 1.0, 0.0, 0.0]","[-10.0, 16.0, 15.0, 14.0, 11.0, 10.0, 5.0, 0.0, 0.0, 26.0, 11.0, 12.0, 10.0, 0.0, 11.0, 14.0]"
3,1791638574.8500109,"[-69.433122, 67.676838, 73.12608, 59.23930200000001, 0.0007679999999936626, 70.313568, 33.926694, 66.09479999999999, 69.96200400000001, 66.00690900000001, 72.42295200000001, 58.88773800000001, 16.612167, 82.35463500000003, 90.792171, 29.532143999999988]","[0.0, 0.0, 2.0, 1.0, 0.0, 0.0, 0.0, 0.0, 1.0, 1.0, 1.0, 0.0, 0.0, 1.0, 0.0, 0.0]","[-9.0, 16.0, 14.0, 14.0, 11.0, 11.0, 8.0, 0.0, 0.0, 26.0, 12.0, 11.0, 10.0, 0.0, 10.0, 13.0]"
3,1791638575.0766625,"[-69.433122, 67.676838, 74.092881, 59.23930200000001, 0.0007679999999936626, 70.313568, 34.01458500000001, 66.09479999999999, 69.96200400000001, 66.00690900000001, 73.38975300000001, 58.88773800000001, 16.612167, 82.35463500000003, 90.792171, 29.532143999999988]","[0.0, 0.0, 2.0, 1.0, 0.0, 0.0, 1.0, 0.0, 1.0, 1.0, 2.0, 1.0, 0.0, 1.0, 0.0, 0.0]","[-9.0, 16.0, 15.0, 16.0, 11.0, 11.0, 2.0, 0.0, 0.0, 26.0, 13.0, 11.0, 10.0, 0.0, 10.0, 13.0]"
3,1791638575.297288,"[-69.433122, 67.676838, 74.88390000000001, 59.23930200000001, 0.0007679999999936626, 70.313568, 34.01458500000001, 66.09479999999999, 69.96200400000001, 66.00690900000001, 74.18077199999999, 58.88773800000001, 16.612167, 82.35463500000003, 90.792171, 29.532143999999988]","[0.0, 1.0, 1.0, 1.0, 0.0, 0.0, 0.0, 0.0, 1.0, 1.0, 3.0, 0.0, 0.0, 1.0, 0.0, 1.0]","[-10.0, 16.0, 15.0, 14.0, 11.0, 11.0, 6.0, 0.0, 0.0, 26.0, 13.0, 12.0, 10.0, 0.0, 11.0, 13.0]"
3,1791638575.5213637,"[-69.433122, 67.676838, 75.938592, 59.23930200000001, 0.0007679999999936626, 70.313568, 33.926694, 66.09479999999999, 69.96200400000001, 66.00690900000001, 75.05968200000001, 58.88773800000001, 16.612167, 82.35463500000003, 90.792171, 29.532143999999988]","[0.0, 0.0, 1.0, 1.0, 0.0, 0.0, 0.0, 0.0, 1.0, 1.0, 1.0, 1.0, 0.0, 1.0, 0.0, 0.0]","[-10.0, 16.0, 15.0, 14.0, 11.0, 11.0, 6.0, 0.0, 0.0, 26.0, 14.0, 11.0, 10.0, 0.0, 10.0, 13.0]"
3,1791638575.745508,"[-69.433122, 67.676838, 76.905393, 59.23930200000001, 0.0007679999999936626, 70.313568, 33.926694, 66.09479999999999, 69.96200400000001, 66.00690900000001, 75.85070100000002, 58.88773800000001, 16.612167, 82.35463500000003, 90.792171, 29.532143999999988]","[0.0, 1.0, 2.0, 1.0, 0.0, 0.0, 1.0, 0.0, 1.0, 1.0, 1.0, 1.0, 0.0, 1.0, 0.0, 0.0]","[-9.0, 16.0, 14.0, 14.0, 11.0, 12.0, 8.0, 0.0, 0.0, 26.0, 14.0, 11.0, 10.0, 0.0, 10.0, 13.0]"
3,1791638575.9697425,"[-69.433122, 67.676838, 77.78430300000002, 59.23930200000001, 0.0007679999999936626, 70.313568, 33.926694, 66.09479999999999, 69.96200400000001, 66.00690900000001, 76.465938, 58.88773800000001, 16.612167, 82.35463500000003, 90.792171, 29.532143999999988]","[0.0, 1.0, 1.0, 1.0, 0.0, 0.0, 0.0, 0.0, 1.0, 1.0, 4.0, 0.0, 0.0, 1.0, 0.0, 0.0]","[-10.0, 16.0, 16.0, 14.0, 11.0, 11.0, 9.0, 0.0, 0.0, 26.0, 14.0, 11.0, 11.0, 0.0, 10.0, 13.0]"
3,1791638576.1966746,"[-69.433122, 67.676838, 78.751104, 59.23930200000001, 0.0007679999999936626, 70.313568, 34.01458500000001, 66.09479999999999, 69.96200400000001, 66.00690900000001, 77.78430300000002, 58.88773800000001, 16.612167, 82.35463500000003, 90.792171, 29.532143999999988]","[0.0, 0.0, 2.0, 1.0, 0.0, 0.0, 0.0, 0.0, 1.0, 1.0, 3.0, 1.0, 0.0, 1.0, 0.0, 0.0]","[-10.0, 16.0, 16.0, 15.0, 12.0, 11.0, 6.0, 0.0, 0.0, 26.0, 14.0, 11.0, 10.0, 0.0, 10.0, 13.0]"
3,1791638576.4174266,"[-69.433122, 67.676838, 79.63001400000002, 59.23930200000001, 0.0007679999999936626, 70.313568, 33.926694, 66.09479999999999, 69.96200400000001, 66.00690900000001, 78.66321299999998, 58.88773800000001, 16.612167, 82.35463500000003, 90.792171, 29.532143999999988]","[0.0, 0.0, 1.0, 1.0, 0.0, 0.0, 1.0, 0.0, 1.0, 1.0, 2.0, 1.0, 0.0, 1.0, 0.0, 0.0]","[-10.0, 16.0, 16.0, 14.0, 12.0, 11.0, 7.0, 0.0, 0.0, 26.0, 14.0, 12.0, 10.0, 0.0, 10.0, 13.0]"
3,1791638576.6416862,"[-69.433122, 67.76472900000002, 80.50892399999998, 59.23930200000001, 0.0007679999999936626, 70.313568, 34.01458500000001, 66.09479999999999, 69.96200400000001, 66.00690900000001, 79.542123, 58.88773800000001, 16.612167, 82.35463500000003, 90.792171, 29.532143999999988]","[0.0, 1.0, 3.0, 1.0, 0.0, 0.0, 1.0, 0.0, 1.0, 1.0, 1.0, 1.0, 0.0, 1.0, 0.0, 0.0]","[-10.0, 17.0, 17.0, 14.0, 12.0, 11.0, 0.0, 0.0, 0.0, 25.0, 15.0, 11.0, 10.0, 0.0, 9.0, 13.0]"
3,1791638576.8661284,"[-69.433122, 67.676838, 81.47572500000001, 59.23930200000001, 0.0007679999999936626, 70.313568, 33.926694, 66.09479999999999, 69.96200400000001, 66.00690900000001, 80.684706, 58.88773800000001, 16.612167, 82.35463500000003, 90.792171, 29.532143999999988]","[0.0, 1.0, 1.0, 1.0, 0.0, 0.0, 1.0, 0.0, 1.0, 1.0, 4.0, 0.0, 0.0, 1.0, 0.0, 0.0]","[-9.0, 16.0, 17.0, 15.0, 12.0, 10.0, 10.0, 0.0, 0.0, 26.0, 13.0, 11.0, 10.0, 0.0, 10.0, 13.0]"
3,1791638577.091911,"[-69.433122, 67.676838, 82.530417, 59.23930200000001, 0.0007679999999936626, 70.313568, 33.926694, 66.09479999999999, 69.96200400000001, 66.00690900000001, 81.65150699999998, 58.88773800000001, 16.612167, 82.35463500000003, 90.792171, 29.532143999999988]","[0.0, 1.0, 4.0, 1.0, 0.0, 0.0, 0.0, 0.0, 1.0, 1.0, 1.0, 0.0, 0.0, 1.0, 0.0, 0.0]","[-10.0, 16.0, 17.0, 15.0, 11.0, 11.0, 10.0, 0.0, 0.0, 26.0, 15.0, 12.0, 10.0, 0.0, 10.0, 13.0]"
3,1791638577.316589,"[-69.433122, 67.676838, 83.49721799999998, 59.23930200000001, 0.0007679999999936626, 70.313568, 34.01458500000001, 66.09479999999999, 69.96200400000001, 66.00690900000001, 82.530417, 58.88773800000001, 16.612167, 82.35463500000003, 90.792171, 29.532143999999988]","[0.0, 1.0, 3.0, 1.0, 0.0, 0.0, 0.0, 0.0, 1.0, 1.0, 1.0, 1.0, 0.0, 1.0, 0.0, 0.0]","[-10.0, 16.0, 18.0, 14.0, 11.0, 12.0, 7.0, 0.0, 0.0, 25.0, 15.0, 10.0, 9.0, 0.0, 10.0, 13.0]"
3,1791638577.5377991,"[-69.433122, 67.76472900000002, 84.28823699999998, 59.23930200000001, 0.0007679999999936626, 70.313568, 34.01458500000001, 66.09479999999999, 69.96200400000001, 66.00690900000001, 83.321436, 58.88773800000001, 16.612167, 82.35463500000003, 90.792171, 29.532143999999988]","[0.0, 1.0, 1.0, 1.0, 0.0, 0.0, 1.0, 0.0, 1.0, 1.0, 1.0, 1.0, 0.0, 1.0, 0.0, 0.0]","[-9.0, 17.0, 17.0, 15.0, 11.0, 11.0, 4.0, 0.0, 0.0, 26.0, 16.0, 11.0, 9.0, 0.0, 10.0, 13.0]"
3,1791638577.762777,"[-69.433122, 67.676838, 85.167147, 59.23930200000001, 0.0007679999999936626, 70.313568, 34.01458500000001, 66.09479999999999, 69.96200400000001, 66.00690900000001, 84.20034600000002, 58.88773800000001, 16.612167, 82.35463500000003, 90.792171, 29.532143999999988]","[0.0, 1.0, 1.0, 1.0, 0.0, 0.0, 1.0, 0.0, 1.0, 1.0, 1.0, 1.0, 0.0, 1.0, 0.0, 0.0]","[-10.0, 16.0, 18.0, 15.0, 11.0, 11.0, 1.0, 0.0, 0.0, 26.0, 15.0, 11.0, 10.0, 0.0, 10.0, 13.0]"
3,1791638577.9858246,"[-69.433122, 67.676838, 86.22183899999999, 59.23930200000001, 0.0007679999999936626, 70.313568, 34.01458500000001, 66.09479999999999, 69.96200400000001, 66.00690900000001, 84.99136500000003, 58.88773800000001, 16.612167, 82.35463500000003, 90.792171, 29.532143999999988]","[0.0, 1.0, 3.0, 1.0, 0.0, 0.0, 0.0, 0.0, 1.0, 1.0, 1.0, 1.0, 0.0, 1.0, 0.0, 0.0]","[-10.0, 17.0, 18.0, 15.0, 11.0, 11.0, 6.0, 0.0, 0.0, 26.0, 17.0, 11.0, 9.0, 0.0, 10.0, 13.0]"
3,1791638578.2123213,"[-69.433122, 67.676838, 86.83707600000002, 59.23930200000001, 0.0007679999999936626, 70.313568, 33.926694, 66.09479999999999, 69.96200400000001, 66.00690900000001, 85.78238399999998, 58.88773800000001, 16.612167, 82.35463500000003, 90.792171, 29.532143999999988]","[0.0, 1.0, 1.0, 1.0, 0.0, 0.0, 0.0, 0.0, 1.0, 1.0, 1.0, 1.0, 0.0, 1.0, 0.0, 0.0]","[-10.0, 17.0, 19.0, 15.0, 11.0, 11.0, 8.0, 0.0, 0.0, 26.0, 18.0, 11.0, 10.0, 0.0, 10.0, 12.0]"
3,1791638578.4342635,"[-69.433122, 67.676838, 87.89176800000001, 59.23930200000001, 0.0007679999999936626, 70.313568, 33.926694, 66.09479999999999, 69.96200400000001, 66.00690900000001, 86.74918500000001, 58.88773800000001, 16.612167, 82.35463500000003, 90.792171, 29.532143999999988]","[1.0, 0.0, 2.0, 1.0, 0.0, 0.0, 1.0, 0.0, 1.0, 1.0, 2.0, 0.0, 0.0, 1.0, 0.0, 0.0]","[-10.0, 16.0, 19.0, 14.0, 12.0, 10.0, 6.0, 0.0, 0.0, 26.0, 16.0, 11.0, 10.0, 0.0, 10.0, 13.0]"
