grip,time,positions,velocities,currents
1,1791636695.9599702,"[0.0007679999999936626, -4.745346000000012, -1.3175970000000063, -0.17501400000000444, -0.17501400000000444, -5.272692000000006, 0.08865900000000693, -0.5265780000000007, 0.08865900000000693, -4.833236999999997, -1.1418150000000082, 0.26444100000000503, -1.8449430000000007, 178.41949799999998, 39.991173, 25.840722]","[0.0, 0.0, 1.0, 1.0, 0.0, 1.0, 0.0, 1.0, 0.0, 1.0, 1.0, 1.0, 1.0, 1.0, 1.0, 0.0]","[-9.0, 35.0, 16.0, 13.0, 11.0, 35.0, -11.0, 10.0, -14.0, 32.0, 11.0, -10.0, 14.0, 15.0, 0.0, -16.0]"
1,1791636696.180077,"[-0.4386869999999874, -4.657454999999999, -0.9660330000000101, 0.08865900000000693, -0.17501400000000444, -4.92112800000001, 0.528113999999988, -0.5265780000000007, 0.7038960000000145, -4.833236999999997, -1.1418150000000082, 0.3523319999999899, -1.8449430000000007, 178.243716, 40.07906399999999, 25.928613000000013]","[-1.0, 0.0, 1.0, 2.0, 0.0, 1.0, 1.0, 1.0, 1.0, 0.0, 1.0, 1.0, 1.0, 0.0, 1.0, 1.0]","[-9.0, 45.0, 19.0, 15.0, 11.0, 48.0, 10.0, 13.0, 14.0, 50.0, 14.0, 10.0, 15.0, -11.0, 12.0, 13.0]"
1,1791636696.404893,"[-1.3175970000000063, -3.7785450000000083, -0.08712299999999118, 0.44022300000000314, -0.17501400000000444, -3.7785450000000083, 1.1433509999999956, 0.3523319999999899, 1.6706969999999899, -3.866435999999993, -0.7023599999999988, 0.6160050000000012, -1.8449430000000007, 177.98004300000002, 40.07906399999999, 26.192285999999996]","[0.0, 0.0, 1.0, 1.0, 0.0, 1.0, 2.0, 4.0, 1.0, 1.0, 1.0, 1.0, 1.0, 0.0, 1.0, 1.0]","[-9.0, 57.0, 18.0, 16.0, 11.0, 59.0, 12.0, 13.0, 14.0, 63.0, 17.0, 12.0, 14.0, -16.0, 14.0, 14.0]"
1,1791636696.631863,"[-2.372288999999995, -1.4933790000000045, 0.8796780000000126, 1.4949149999999918, -0.17501400000000444, -2.4601800000000082, 1.846478999999988, 1.407024000000007, 2.725389000000007, -2.372288999999995, -0.17501400000000444, 0.6160050000000012, -1.8449430000000007, 177.71636999999998, 41.573211000000015, 27.159087]","[0.0, 5.0, 1.0, 3.0, 0.0, 4.0, 3.0, 1.0, 3.0, 3.0, 3.0, 1.0, 1.0, 0.0, 4.0, 1.0]","[-9.0, 55.0, 19.0, 15.0, 11.0, 66.0, 12.0, 14.0, 14.0, 69.0, 17.0, 16.0, 14.0, -25.0, 13.0, 15.0]"
1,1791636696.8534985,"[-3.339089999999999, 0.17654999999999177, 1.7585880000000031, 2.3738250000000107, -0.17501400000000444, 0.3523319999999899, 2.6374979999999937, 2.1980430000000126, 3.6921900000000107, -2.372288999999995, 1.2312420000000088, 1.7585880000000031, -1.8449430000000007, 177.452697, 42.452121000000005, 28.03799699999999]","[-2.0, 2.0, 1.0, 2.0, 0.0, 6.0, 1.0, 2.0, 2.0, 1.0, 3.0, 4.0, 1.0, -1.0, 2.0, 2.0]","[-10.0, 59.0, 20.0, 17.0, 10.0, 54.0, 12.0, 14.0, 14.0, 97.0, 15.0, 14.0, 14.0, -38.0, 14.0, 14.0]"
1,1791636697.079784,"[-4.305891000000003, 0.17654999999999177, 2.725389000000007, 3.5164080000000126, -0.17501400000000444, 1.7585880000000031, 3.4285169999999994, 3.2527350000000013, 3.7800809999999956, 2.0222610000000145, 1.846478999999988, 2.901171000000005, -1.8449430000000007, 175.43120399999998, 43.41892200000001, 29.180579999999992]","[-2.0, 1.0, 1.0, 4.0, 0.0, 9.0, 3.0, 2.0, 1.0, 9.0, 1.0, 2.0, 1.0, -4.0, 4.0, 4.0]","[-10.0, 82.0, 20.0, 15.0, 11.0, 56.0, 14.0, 14.0, 16.0, 58.0, 17.0, 14.0, 14.0, -37.0, 13.0, 14.0]"
1,1791636697.301701,"[-5.272692000000006, 4.043754000000007, 3.7800809999999956, 4.483208999999988, -0.17501400000000444, 3.7800809999999956, 4.30742699999999, 4.30742699999999, 5.713683000000003, 4.30742699999999, 2.901171000000005, 4.043754000000007, -1.8449430000000007, 173.233929, 44.649395999999996, 30.147380999999996]","[0.0, 7.0, 3.0, 1.0, 0.0, 1.0, 1.0, 1.0, 4.0, 8.0, 4.0, 1.0, 1.0, -2.0, 3.0, 2.0]","[-11.0, 59.0, 21.0, 16.0, 10.0, 59.0, 14.0, 13.0, 14.0, 57.0, 18.0, 13.0, 15.0, -34.0, 13.0, 15.0]"
1,1791636697.5248907,"[-5.975819999999999, 5.537901000000005, 4.834773000000013, 5.537901000000005, -0.08712299999999118, 6.153138000000013, 5.362119000000007, 5.186337000000009, 6.504702000000009, 5.9773560000000145, 4.219536000000005, 4.834773000000013, -1.8449430000000007, 170.77298100000002, 45.528306000000015, 31.114182]","[0.0, 3.0, 3.0, 3.0, 1.0, 3.0, 4.0, 1.0, 1.0, 1.0, 4.0, 1.0, 1.0, -7.0, 2.0, 1.0]","[-11.0, 65.0, 19.0, 17.0, 5.0, 59.0, 14.0, 13.0, 14.0, 63.0, 16.0, 14.0, 15.0, -30.0, 13.0, 15.0]"
1,1791636697.7517388,"[-7.030511999999987, 6.065246999999999, 5.801573999999988, 6.592592999999994, -0.17501400000000444, 6.680484000000007, 5.889465000000001, 6.504702000000009, 7.647285000000011, 8.438303999999988, 5.010555000000011, 6.153138000000013, -1.8449430000000007, 169.27883400000002, 46.67088899999999, 32.16887399999999]","[0.0, 8.0, 1.0, 1.0, 0.0, 9.0, 5.0, 5.0, 3.0, 7.0, 3.0, 3.0, 1.0, 0.0, 3.0, 3.0]","[-11.0, 75.0, 20.0, 16.0, 11.0, 68.0, 15.0, 12.0, 13.0, 58.0, 17.0, 14.0, 13.0, -36.0, 13.0, 15.0]"
1,1791636697.9742439,"[-8.17309499999999, 10.28401500000001, 6.592592999999994, 7.471503000000013, -0.17501400000000444, 10.196123999999998, 7.207830000000001, 7.383611999999999, 8.526195000000001, 9.668778000000003, 6.153138000000013, 7.032048000000003, -1.8449430000000007, 168.487815, 47.54979900000001, 33.13567499999999]","[-2.0, 1.0, 6.0, 1.0, 0.0, 4.0, 1.0, 1.0, 3.0, 1.0, 3.0, 1.0, 1.0, 0.0, 1.0, 3.0]","[-10.0, 58.0, 20.0, 16.0, 11.0, 55.0, 14.0, 13.0, 14.0, 67.0, 16.0, 13.0, 13.0, -46.0, 13.0, 15.0]"
1,1791636698.1997328,"[-9.227787000000006, 10.28401500000001, 7.823067000000009, 8.614086000000015, -0.17501400000000444, 11.426598000000013, 8.26252199999999, 8.526195000000001, 9.58088699999999, 9.668778000000003, 7.119938999999988, 7.998849000000007, -1.8449430000000007, 165.851085, 48.428709, 34.19036700000001]","[-1.0, 1.0, 1.0, 3.0, 0.0, 2.0, 3.0, 1.0, 2.0, 0.0, 4.0, 4.0, 1.0, -9.0, 1.0, 3.0]","[-10.0, 81.0, 20.0, 16.0, 11.0, 66.0, 13.0, 13.0, 14.0, 93.0, 16.0, 14.0, 13.0, -35.0, 13.0, 15.0]"
1,1791636698.4236698,"[-10.19458800000001, 13.887546000000015, 8.877758999999998, 9.405104999999992, -0.17501400000000444, 13.623873000000003, 9.317214000000007, 9.405104999999992, 10.635579000000007, 13.799655000000001, 7.207830000000001, 8.96565000000001, -1.8449430000000007, 163.65381000000002, 49.571292, 35.245059]","[0.0, 5.0, 5.0, 5.0, 0.0, 10.0, 2.0, 1.0, 1.0, 19.0, 1.0, 1.0, 1.0, 0.0, 3.0, 3.0]","[-11.0, 63.0, 20.0, 15.0, 10.0, 58.0, 14.0, 14.0, 14.0, 57.0, 20.0, 13.0, 13.0, -40.0, 12.0, 14.0]"
1,1791636698.646005,"[-10.80982499999999, 13.887546000000015, 9.844560000000001, 10.635579000000007, -0.17501400000000444, 15.996929999999992, 10.28401500000001, 10.371905999999996, 11.60238000000001, 14.23911000000001, 9.053540999999996, 9.932451000000015, -1.8449430000000007, 161.45653500000003, 50.362311000000005, 36.12396899999999]","[-1.0, 1.0, 2.0, 2.0, 0.0, 2.0, 3.0, 3.0, 2.0, 1.0, 3.0, 1.0, 1.0, -7.0, 2.0, 3.0]","[-11.0, 88.0, 20.0, 15.0, 10.0, 59.0, 14.0, 13.0, 15.0, 85.0, 17.0, 14.0, 14.0, -33.0, 14.0, 14.0]"
1,1791636698.8682127,"[-12.040299000000005, 18.018423000000013, 10.635579000000007, 11.514488999999998, -0.17501400000000444, 17.578968000000003, 11.162925000000001, 11.338707, 12.657072, 14.23911000000001, 9.668778000000003, 10.89925199999999, -1.8449430000000007, 159.52293300000002, 51.32911200000001, 37.178661000000005]","[-2.0, 13.0, 2.0, 2.0, 0.0, 11.0, 3.0, 2.0, 2.0, 0.0, 1.0, 1.0, 1.0, -1.0, 3.0, 2.0]","[-10.0, 59.0, 19.0, 16.0, 11.0, 53.0, 13.0, 13.0, 13.0, 114.0, 18.0, 14.0, 14.0, -37.0, 13.0, 14.0]"
1,1791636699.0931168,"[-13.007100000000008, 20.12780699999999, 11.778162000000009, 12.569181000000015, -0.17501400000000444, 20.12780699999999, 12.21761699999999, 12.393398999999988, 13.623873000000003, 20.039916000000005, 10.89925199999999, 11.953944000000007, -1.8449430000000007, 157.413549, 52.29591300000001, 38.14546200000001]","[0.0, 3.0, 1.0, 3.0, 0.0, 3.0, 1.0, 1.0, 1.0, 10.0, 1.0, 5.0, 1.0, -1.0, 1.0, 1.0]","[-11.0, 56.0, 20.0, 15.0, 12.0, 59.0, 14.0, 13.0, 14.0, 59.0, 18.0, 13.0, 13.0, -36.0, 14.0, 15.0]"
1,1791636699.3172948,"[-14.237573999999995, 22.061408999999998, 12.832853999999998, 13.448091000000005, -0.17501400000000444, 21.44617199999999, 13.272309000000007, 13.53598199999999, 14.678564999999992, 22.412972999999994, 11.60238000000001, 13.008635999999996, -1.8449430000000007, 155.567838, 53.08693199999999, 39.375935999999996]","[-1.0, 3.0, 4.0, 2.0, 0.0, 8.0, 3.0, 3.0, 3.0, 10.0, 4.0, 4.0, 1.0, -3.0, 1.0, 2.0]","[-10.0, 58.0, 20.0, 17.0, 11.0, 60.0, 14.0, 12.0, 13.0, 49.0, 19.0, 14.0, 14.0, -35.0, 14.0, 14.0]"
1,1791636699.5435636,"[-15.116483999999986, 23.819229000000007, 13.887546000000015, 14.414892000000009, -0.17501400000000444, 24.522357, 14.327000999999996, 14.414892000000009, 15.733257000000009, 24.258683999999988, 13.096527000000009, 13.799655000000001, -1.8449430000000007, 153.54634500000003, 54.317406000000005, 40.254846000000015]","[0.0, 5.0, 2.0, 2.0, 0.0, 5.0, 3.0, 1.0, 1.0, 1.0, 4.0, 1.0, 1.0, -3.0, 5.0, 3.0]","[-11.0, 61.0, 20.0, 16.0, 11.0, 52.0, 14.0, 13.0, 13.0, 59.0, 16.0, 14.0, 14.0, -35.0, 13.0, 14.0]"
1,1791636699.7672517,"[-16.346958, 24.434466000000015, 14.85434699999999, 15.469583999999998, -0.17501400000000444, 26.10439500000001, 15.381693000000013, 15.733257000000009, 16.787948999999998, 26.807523000000003, 13.975437, 14.766456000000005, -1.8449430000000007, 151.61274300000002, 55.196315999999996, 41.22164699999999]","[-1.0, 9.0, 1.0, 3.0, 0.0, 1.0, 1.0, 2.0, 3.0, 5.0, 3.0, 4.0, 1.0, -4.0, 1.0, 3.0]","[-9.0, 66.0, 19.0, 15.0, 11.0, 56.0, 14.0, 13.0, 14.0, 49.0, 17.0, 13.0, 14.0, -33.0, 15.0, 15.0]"
1,1791636699.988689,"[-17.313759000000005, 28.829015999999996, 15.909039000000007, 16.436385, -0.17501400000000444, 28.477452, 16.524276000000015, 16.787948999999998, 17.666858999999988, 28.565343000000013, 15.118020000000001, 15.909039000000007, -1.8449430000000007, 150.294378, 56.25100800000001, 42.27633900000001]","[-2.0, 3.0, 1.0, 2.0, 0.0, 2.0, 3.0, 3.0, 1.0, 1.0, 4.0, 3.0, 1.0, -1.0, 3.0, 2.0]","[-10.0, 49.0, 19.0, 16.0, 11.0, 54.0, 14.0, 12.0, 13.0, 55.0, 16.0, 16.0, 14.0, -44.0, 13.0, 14.0]"
1,1791636700.2155137,"[-18.54423299999999, 28.91690700000001, 17.139512999999994, 17.403186000000005, -0.17501400000000444, 30.05949000000001, 17.49107699999999, 17.75475, 18.633659999999992, 28.565343000000013, 16.084821000000005, 15.996929999999992, -1.8449430000000007, 148.360776, 57.3057, 43.24314000000001]","[-2.0, 1.0, 4.0, 4.0, 1.0, 3.0, 4.0, 2.0, 1.0, 1.0, 1.0, 0.0, 1.0, -4.0, 2.0, 2.0]","[-9.0, 73.0, 18.0, 16.0, 10.0, 56.0, 12.0, 12.0, 14.0, 81.0, 17.0, 17.0, 13.0, -42.0, 14.0, 15.0]"
1,1791636700.439504,"[-19.511033999999995, 33.04778400000001, 18.19420500000001, 18.19420500000001, -0.08712299999999118, 32.608329, 18.36998700000001, 18.633659999999992, 19.336788000000013, 32.87200200000001, 17.315294999999992, 18.018423000000013, -1.8449430000000007, 145.98771900000003, 58.18460999999999, 44.209941000000015]","[-1.0, 7.0, 4.0, 4.0, 1.0, 6.0, 1.0, 2.0, 8.0, 16.0, 3.0, 4.0, 1.0, -2.0, 1.0, 2.0]","[-9.0, 49.0, 18.0, 16.0, 5.0, 48.0, 14.0, 12.0, 14.0, 45.0, 16.0, 13.0, 13.0, -41.0, 13.0, 14.0]"
1,1791636700.6605253,"[-20.565726000000012, 34.981386000000015, 19.248897, 19.336788000000013, -0.17501400000000444, 34.45403999999999, 19.248897, 19.68835200000001, 20.655153000000013, 33.13567499999999, 18.545769000000007, 18.897333000000003, -1.8449430000000007, 143.614662, 59.41508400000001, 45.17674199999999]","[-2.0, 7.0, 1.0, 1.0, 1.0, 2.0, 3.0, 2.0, 2.0, 1.0, 2.0, 1.0, 1.0, -7.0, 3.0, 1.0]","[-9.0, 45.0, 19.0, 16.0, 2.0, 56.0, 13.0, 12.0, 14.0, 70.0, 15.0, 13.0, 13.0, -33.0, 13.0, 14.0]"
1,1791636700.8840244,"[-21.708308999999986, 36.914987999999994, 20.39148, 20.39148, -0.08712299999999118, 37.00287900000001, 20.215698000000003, 20.655153000000013, 21.885627, 33.13567499999999, 19.424678999999998, 19.952024999999992, -1.8449430000000007, 141.50527799999998, 60.118212, 46.05565200000001]","[-2.0, 2.0, 3.0, 1.0, 0.0, 7.0, 1.0, 1.0, 3.0, 1.0, 2.0, 2.0, 1.0, -2.0, 3.0, 1.0]","[-8.0, 48.0, 17.0, 16.0, 0.0, 51.0, 14.0, 12.0, 14.0, 100.0, 14.0, 14.0, 14.0, -38.0, 13.0, 15.0]"
1,1791636701.1115322,"[-22.763001000000003, 39.200154, 21.358281000000005, 21.534063000000003, -0.08712299999999118, 38.233352999999994, 20.918825999999996, 21.621953999999988, 22.412972999999994, 39.200154, 20.655153000000013, 21.094607999999994, -1.8449430000000007, 141.41738700000002, 61.348686000000015, 47.19823500000001]","[-1.0, 5.0, 3.0, 2.0, 1.0, 11.0, 1.0, 2.0, 1.0, 11.0, 4.0, 3.0, 1.0, -1.0, 3.0, 1.0]","[-8.0, 45.0, 17.0, 15.0, 0.0, 50.0, 15.0, 13.0, 16.0, 45.0, 15.0, 12.0, 15.0, -50.0, 14.0, 15.0]"
1,1791636701.335445,"[-23.81769299999999, 41.309538, 22.500864000000007, 22.588754999999992, -0.08712299999999118, 41.39742899999999, 21.885627, 22.76453699999999, 23.819229000000007, 41.92477500000001, 21.534063000000003, 22.237190999999996, -1.8449430000000007, 137.28651000000002, 62.49126900000002, 48.165036000000015]","[0.0, 2.0, 1.0, 2.0, 1.0, 7.0, 1.0, 1.0, 3.0, 4.0, 2.0, 3.0, 1.0, -5.0, 3.0, 1.0]","[-9.0, 44.0, 17.0, 16.0, 0.0, 39.0, 16.0, 12.0, 13.0, 40.0, 16.0, 13.0, 14.0, -32.0, 13.0, 15.0]"
1,1791636701.5594308,"[-24.784493999999995, 43.155249, 23.379773999999998, 22.588754999999992, -0.08712299999999118, 43.59470400000001, 22.588754999999992, 23.555555999999996, 24.873920999999996, 42.012665999999996, 22.676646000000005, 22.32508200000001, -1.8449430000000007, 135.44079900000003, 63.37017900000001, 49.13183699999999]","[-1.0, 10.0, 3.0, 1.0, 1.0, 6.0, 1.0, 1.0, 1.0, 1.0, 1.0, 1.0, 1.0, -5.0, 3.0, 1.0]","[-9.0, 39.0, 18.0, 20.0, 0.0, 40.0, 17.0, 13.0, 14.0, 61.0, 15.0, 16.0, 15.0, -34.0, 14.0, 15.0]"
1,1791636701.782791,"[-25.839186000000012, 45.967760999999996, 24.170793000000003, 24.434466000000015, -0.08712299999999118, 45.967760999999996, 23.555555999999996, 24.78603000000001, 25.840722, 46.31932499999999, 23.64344700000001, 24.08290199999999, -1.8449430000000007, 132.716178, 64.33698000000001, 50.098637999999994]","[-2.0, 3.0, 1.0, 3.0, 1.0, 8.0, 2.0, 1.0, 1.0, 12.0, 2.0, 6.0, 1.0, -5.0, 3.0, 3.0]","[-8.0, 41.0, 17.0, 16.0, 0.0, 37.0, 16.0, 12.0, 13.0, 33.0, 15.0, 12.0, 14.0, -30.0, 13.0, 14.0]"
1,1791636702.0073452,"[-26.981768999999986, 48.165036000000015, 25.313376000000005, 25.489158000000003, -0.08712299999999118, 47.901363, 24.873920999999996, 25.752831000000015, 26.983305, 47.725581000000005, 24.78603000000001, 25.313376000000005, -1.8449430000000007, 130.87046700000002, 64.424871, 51.065439]","[-2.0, 6.0, 2.0, 1.0, 1.0, 2.0, 3.0, 1.0, 1.0, 1.0, 3.0, 1.0, 1.0, -1.0, 1.0, 3.0]","[0.0, 35.0, 17.0, 17.0, 0.0, 42.0, 14.0, 12.0, 0.0, 43.0, 15.0, 12.0, 14.0, -33.0, 16.0, 15.0]"
1,1791636702.2312467,"[-27.94856999999999, 50.362311000000005, 26.28017700000001, 26.631741000000005, -0.08712299999999118, 50.098637999999994, 25.840722, 26.895413999999988, 27.950106000000005, 50.889657, 25.928613000000013, 26.28017700000001, -1.8449430000000007, 128.49741, 66.44636400000002, 52.208022]","[0.0, 2.0, 1.0, 3.0, 1.0, 5.0, 2.0, 1.0, 1.0, 8.0, 4.0, 1.0, 1.0, 0.0, 4.0, 2.0]","[0.0, 38.0, 17.0, 16.0, 0.0, 38.0, 15.0, 12.0, 0.0, 32.0, 14.0, 13.0, 14.0, -29.0, 12.0, 15.0]"
1,1791636702.452308,"[-28.82748000000001, 52.29591300000001, 27.246978000000013, 27.59854200000001, -0.08712299999999118, 52.559585999999996, 27.071196000000015, 27.42276000000001, 29.092689000000007, 52.29591300000001, 26.895413999999988, 27.59854200000001, -1.8449430000000007, 127.003263, 67.58894699999999, 53.174823]","[0.0, 7.0, 2.0, 1.0, 1.0, 5.0, 3.0, 1.0, 1.0, 3.0, 2.0, 1.0, 1.0, 0.0, 4.0, 1.0]","[-9.0, 32.0, 18.0, 16.0, 0.0, 34.0, 14.0, 13.0, -10.0, 39.0, 14.0, 11.0, 14.0, -33.0, 12.0, 15.0]"
1,1791636702.681025,"[-29.882171999999997, 55.10842500000001, 28.30167, 28.829015999999996, -0.08712299999999118, 54.66897, 28.125888000000003, 28.565343000000013, 30.05949000000001, 54.756861000000015, 28.03799699999999, 28.653233999999998, -1.8449430000000007, 124.80598800000001, 68.555748, 54.14162400000001]","[-2.0, 3.0, 1.0, 4.0, 1.0, 5.0, 1.0, 1.0, 1.0, 10.0, 4.0, 3.0, 1.0, -4.0, 1.0, 2.0]","[-8.0, 33.0, 17.0, 16.0, 0.0, 34.0, 15.0, 12.0, 0.0, 32.0, 13.0, 12.0, 14.0, -32.0, 14.0, 15.0]"
1,1791636702.9035516,"[-30.936863999999986, 57.04202699999999, 29.35636199999999, 29.707926000000015, -0.08712299999999118, 56.77835400000001, 29.35636199999999, 29.795817, 31.026291000000015, 56.42679000000001, 29.004797999999994, 29.620035, -1.8449430000000007, 123.575514, 69.43465800000001, 55.196315999999996]","[0.0, 6.0, 2.0, 2.0, 1.0, 2.0, 3.0, 2.0, 0.0, 0.0, 3.0, 1.0, 1.0, 0.0, 1.0, 3.0]","[0.0, 31.0, 17.0, 15.0, 0.0, 31.0, 13.0, 12.0, 0.0, 37.0, 14.0, 12.0, 14.0, -37.0, 13.0, 14.0]"
1,1791636703.127067,"[-31.90366499999999, 59.23930200000001, 30.498944999999992, 30.850508999999988, -0.08712299999999118, 59.151410999999996, 30.586836000000005, 30.762618000000003, 32.080983, 56.42679000000001, 29.883708000000013, 30.762618000000003, -1.8449430000000007, 120.85089299999999, 70.75302300000001, 56.25100800000001]","[-1.0, 3.0, 1.0, 3.0, 1.0, 5.0, 3.0, 1.0, 1.0, 1.0, 1.0, 3.0, 1.0, -10.0, 4.0, 3.0]","[-8.0, 29.0, 17.0, 15.0, 0.0, 26.0, 13.0, 13.0, 0.0, 57.0, 15.0, 12.0, 13.0, -29.0, 13.0, 14.0]"
1,1791636703.352098,"[-32.95835700000001, 61.085013000000004, 31.55363700000001, 31.729419000000007, -0.08712299999999118, 61.436577, 31.641527999999994, 31.905201000000005, 33.04778400000001, 61.348686000000015, 31.026291000000015, 31.55363700000001, -1.7570519999999874, 118.653618, 71.807715, 57.21780900000002]","[-1.0, 7.0, 3.0, 1.0, 1.0, 3.0, 1.0, 1.0, 1.0, 13.0, 5.0, 1.0, 0.0, 0.0, 3.0, 2.0]","[0.0, 27.0, 17.0, 15.0, 0.0, 26.0, 12.0, 11.0, 0.0, 28.0, 14.0, 13.0, 14.0, -30.0, 12.0, 14.0]"
1,1791636703.5746226,"[-34.013048999999995, 63.897525, 32.608329, 32.87200200000001, -0.08712299999999118, 63.897525, 32.784110999999996, 32.784110999999996, 34.102475999999996, 63.63385199999999, 32.256765, 32.432547, -1.7570519999999874, 116.28056099999998, 72.86240699999999, 58.272501000000005]","[-1.0, 4.0, 3.0, 2.0, 1.0, 7.0, 3.0, 1.0, 1.0, 3.0, 5.0, 1.0, 0.0, -5.0, 3.0, 1.0]","[0.0, 26.0, 16.0, 14.0, 0.0, 24.0, 12.0, 11.0, -10.0, 29.0, 11.0, 14.0, 13.0, -27.0, 13.0, 14.0]"
1,1791636703.798678,"[-35.06774100000001, 65.83112700000001, 33.750912, 33.926694, -0.08712299999999118, 66.27058199999999, 34.01458500000001, 34.01458500000001, 35.069277, 65.919018, 33.31145699999999, 33.57513, -1.7570519999999874, 114.171177, 73.91709900000001, 59.23930200000001]","[0.0, 6.0, 3.0, 2.0, 1.0, 5.0, 4.0, 3.0, 1.0, 4.0, 2.0, 3.0, 1.0, -3.0, 1.0, 0.0]","[0.0, 24.0, 16.0, 14.0, 0.0, 22.0, 11.0, 12.0, 0.0, 25.0, 11.0, 11.0, 14.0, -28.0, 12.0, 14.0]"
1,1791636704.023485,"[-35.946651, 68.379966, 34.80560399999999, 34.893495, -0.08712299999999118, 68.204184, 34.981386000000015, 34.981386000000015, 36.12396899999999, 68.11629300000001, 34.45403999999999, 34.541931000000005, -1.7570519999999874, 112.23757499999999, 74.971791, 60.38188500000001]","[-2.0, 4.0, 1.0, 3.0, 1.0, 4.0, 3.0, 3.0, 0.0, 7.0, 4.0, 3.0, 1.0, -2.0, 3.0, 3.0]","[-9.0, 22.0, 15.0, 15.0, 0.0, 20.0, 11.0, 11.0, -14.0, 21.0, 12.0, 12.0, 13.0, -28.0, 12.0, 14.0]"
1,1791636704.247293,"[-37.00134299999999, 70.313568, 35.94818699999999, 35.860296000000005, -0.08712299999999118, 70.665132, 36.21186, 35.94818699999999, 37.00287900000001, 70.40145900000002, 35.420840999999996, 35.245059, -1.7570519999999874, 109.77662700000002, 76.114374, 61.436577]","[-2.0, 6.0, 2.0, 1.0, 1.0, 4.0, 4.0, 1.0, 1.0, 2.0, 2.0, 1.0, 1.0, -2.0, 3.0, 3.0]","[0.0, 19.0, 16.0, 15.0, 0.0, 20.0, 11.0, 12.0, 0.0, 21.0, 11.0, 12.0, 13.0, -29.0, 11.0, 14.0]"
1,1791636704.4711795,"[-37.88025300000001, 73.03818900000002, 37.178661000000005, 36.82709700000001, -0.08712299999999118, 72.950298, 37.354443, 37.09076999999999, 38.057570999999996, 72.59873400000001, 36.563424, 36.47553300000001, -1.7570519999999874, 108.01880699999998, 77.16906599999999, 62.227596000000005]","[0.0, 5.0, 4.0, 2.0, 1.0, 6.0, 1.0, 4.0, 1.0, 5.0, 3.0, 2.0, 1.0, -3.0, 3.0, 1.0]","[-9.0, 19.0, 15.0, 15.0, 0.0, 17.0, 11.0, 11.0, 0.0, 20.0, 12.0, 11.0, 13.0, -26.0, 11.0, 14.0]"
1,1791636704.695018,"[-38.847053999999986, 75.147573, 38.14546200000001, 37.79389800000001, -0.08712299999999118, 75.23546400000001, 38.40913499999999, 37.96968000000001, 39.024372, 74.620227, 37.618116000000015, 37.354443, -1.7570519999999874, 105.29418600000002, 78.22375799999998, 63.37017900000001]","[0.0, 5.0, 1.0, 4.0, 1.0, 5.0, 2.0, 1.0, 1.0, 1.0, 3.0, 1.0, 1.0, -5.0, 1.0, 1.0]","[-9.0, 17.0, 15.0, 15.0, 0.0, 17.0, 10.0, 10.0, 0.0, 21.0, 11.0, 13.0, 13.0, -20.0, 12.0, 14.0]"
1,1791636704.9184842,"[-39.98963699999999, 77.52062999999998, 39.375935999999996, 38.58491699999999, -0.08712299999999118, 77.43273900000003, 39.63960900000001, 39.200154, 39.991173, 76.64172000000002, 38.672808, 38.497026000000005, -1.7570519999999874, 103.53636599999999, 79.27845000000002, 64.249089]","[0.0, 5.0, 3.0, 3.0, 1.0, 5.0, 2.0, 3.0, 1.0, 6.0, 0.0, 3.0, 1.0, -2.0, 4.0, 1.0]","[-9.0, 16.0, 15.0, 16.0, 0.0, 16.0, 10.0, 11.0, 10.0, 20.0, 12.0, 12.0, 12.0, -23.0, 11.0, 14.0]"
1,1791636705.1437237,"[-40.69276500000001, 79.63001400000002, 40.43062800000001, 39.63960900000001, -0.08712299999999118, 77.69641200000001, 40.694300999999996, 39.991173, 40.95797400000001, 79.19055900000001, 39.815391000000005, 39.11226300000001, -1.7570519999999874, 103.36058400000002, 80.245251, 65.30378100000001]","[-1.0, 5.0, 3.0, 1.0, 1.0, 1.0, 2.0, 2.0, 1.0, 2.0, 4.0, 2.0, 1.0, 0.0, 1.0, 2.0]","[-9.0, 15.0, 14.0, 17.0, 0.0, 17.0, 9.0, 12.0, 14.0, 18.0, 11.0, 13.0, 14.0, -22.0, 11.0, 13.0]"
1,1791636705.369888,"[-42.09902099999999, 82.00307099999998, 41.48532, 40.694300999999996, -0.08712299999999118, 77.69641200000001, 41.661102, 40.870082999999994, 41.661102, 81.29994299999998, 40.870082999999994, 40.518519, -1.7570519999999874, 103.36058400000002, 81.21205200000003, 66.44636400000002]","[-1.0, 5.0, 1.0, 1.0, 1.0, 1.0, 3.0, 1.0, 1.0, 7.0, 3.0, 2.0, 1.0, 0.0, 3.0, 2.0]","[7.0, 15.0, 15.0, 16.0, 0.0, 16.0, 10.0, 12.0, 14.0, 17.0, 9.0, 12.0, 13.0, -21.0, 10.0, 14.0]"
1,1791636705.5924027,"[-43.065822, 84.20034600000002, 42.71579399999999, 41.661102, -0.08712299999999118, 77.69641200000001, 42.71579399999999, 42.10055700000001, 43.06735800000001, 83.673, 42.012665999999996, 41.573211000000015, -1.7570519999999874, 103.36058400000002, 82.35463500000003, 67.237383]","[0.0, 3.0, 3.0, 4.0, 1.0, 1.0, 3.0, 1.0, 1.0, 4.0, 2.0, 2.0, 1.0, 0.0, 3.0, 1.0]","[0.0, 13.0, 14.0, 15.0, 0.0, 16.0, 10.0, 12.0, 0.0, 16.0, 11.0, 12.0, 13.0, -21.0, 11.0, 13.0]"
1,1791636705.8149292,"[-44.032623, 86.48551200000003, 43.59470400000001, 42.891576000000015, -0.08712299999999118, 77.69641200000001, 43.770486000000005, 42.979467, 44.03415899999999, 85.78238399999998, 43.06735800000001, 42.54001199999999, -1.7570519999999874, 103.36058400000002, 83.14565399999998, 68.29207500000001]","[0.0, 4.0, 2.0, 3.0, 1.0, 0.0, 1.0, 1.0, 1.0, 4.0, 4.0, 3.0, 1.0, 0.0, 1.0, 1.0]","[0.0, 13.0, 14.0, 16.0, 0.0, 16.0, 10.0, 11.0, 0.0, 15.0, 10.0, 13.0, 13.0, -21.0, 11.0, 15.0]"
1,1791636706.0384488,"[-45.08731499999999, 88.41911399999998, 44.73728700000001, 43.506812999999994, -0.08712299999999118, 77.69641200000001, 44.649395999999996, 44.12205, 44.91306900000001, 88.155441, 44.12205, 43.770486000000005, -1.7570519999999874, 103.36058400000002, 84.11245500000001, 69.25887600000001]","[0.0, 6.0, 3.0, 1.0, 1.0, 0.0, 2.0, 3.0, 1.0, 4.0, 1.0, 2.0, 1.0, 0.0, 1.0, 2.0]","[0.0, 13.0, 13.0, 16.0, 0.0, 16.0, 11.0, 9.0, 0.0, 15.0, 10.0, 11.0, 13.0, -20.0, 11.0, 15.0]"
1,1791636706.2629654,"[-46.05411599999999, 88.594896, 45.616197, 44.825177999999994, -0.08712299999999118, 77.69641200000001, 45.791979, 45.088851000000005, 46.05565200000001, 88.33122300000002, 45.17674199999999, 44.825177999999994, -1.7570519999999874, 103.18480199999999, 85.167147, 70.313568]","[0.0, 1.0, 1.0, 3.0, 1.0, 0.0, 3.0, 2.0, 1.0, 1.0, 4.0, 3.0, 1.0, -1.0, 4.0, 2.0]","[0.0, 13.0, 14.0, 15.0, 0.0, 17.0, 10.0, 12.0, -14.0, 14.0, 10.0, 11.0, 13.0, -21.0, 11.0, 14.0]"
1,1791636706.4856396,"[-47.020917, 88.594896, 46.582998, 45.87987000000001, -0.08712299999999118, 77.69641200000001, 46.67088899999999, 45.87987000000001, 47.02245300000001, 88.33122300000002, 46.05565200000001, 45.70408800000001, -1.7570519999999874, 103.18480199999999, 85.958166, 71.36825999999999]","[0.0, 1.0, 3.0, 2.0, 1.0, 1.0, 1.0, 1.0, 1.0, 1.0, 1.0, 5.0, 1.0, 0.0, 3.0, 3.0]","[0.0, 13.0, 14.0, 15.0, 0.0, 17.0, 10.0, 12.0, -15.0, 14.0, 11.0, 11.0, 13.0, -21.0, 11.0, 13.0]"
1,1791636706.710305,"[-47.636154000000005, 88.594896, 47.63768999999999, 47.19823500000001, -0.08712299999999118, 77.69641200000001, 47.81347199999999, 47.110344, 48.077145, 88.33122300000002, 47.19823500000001, 47.02245300000001, -1.7570519999999874, 103.18480199999999, 87.10074900000001, 72.159279]","[0.0, 1.0, 2.0, 3.0, 1.0, 0.0, 3.0, 2.0, 1.0, 1.0, 3.0, 5.0, 1.0, 1.0, 3.0, 1.0]","[-9.0, 12.0, 15.0, 14.0, 0.0, 17.0, 9.0, 11.0, -14.0, 14.0, 10.0, 11.0, 13.0, -21.0, 11.0, 14.0]"
1,1791636706.9342346,"[-49.04240999999999, 88.594896, 48.51660000000001, 48.165036000000015, -0.08712299999999118, 77.69641200000001, 48.780272999999994, 48.077145, 49.043946000000005, 88.33122300000002, 48.165036000000015, 47.81347199999999, -1.7570519999999874, 103.09691099999998, 88.06754999999998, 73.12608]","[-3.0, 1.0, 1.0, 2.0, 1.0, 0.0, 3.0, 3.0, 1.0, 1.0, 2.0, 1.0, 1.0, 1.0, 3.0, 1.0]","[0.0, 12.0, 15.0, 14.0, 0.0, 17.0, 10.0, 12.0, -13.0, 15.0, 9.0, 11.0, 12.0, -21.0, 11.0, 15.0]"
1,1791636707.162878,"[-49.833428999999995, 88.77067799999998, 49.571292, 49.219728, -0.08712299999999118, 77.69641200000001, 49.571292, 48.95605499999999, 50.01074700000001, 88.33122300000002, 48.95605499999999, 48.95605499999999, -1.7570519999999874, 103.09691099999998, 88.77067799999998, 74.18077199999999]","[0.0, 1.0, 3.0, 4.0, 1.0, 0.0, 1.0, 2.0, 1.0, 1.0, 2.0, 3.0, 1.0, 0.0, 3.0, 1.0]","[-9.0, 12.0, 14.0, 15.0, 0.0, 17.0, 10.0, 11.0, -14.0, 14.0, 11.0, 11.0, 13.0, -21.0, 12.0, 14.0]"
1,1791636707.3833425,"[-50.80023, 88.77067799999998, 50.45020199999999, 50.362311000000005, -0.08712299999999118, 77.69641200000001, 50.801766000000015, 50.01074700000001, 51.15333000000001, 88.33122300000002, 50.098637999999994, 49.922855999999996, -1.7570519999999874, 103.09691099999998, 90.089043, 75.23546400000001]","[0.0, 0.0, 3.0, 2.0, 1.0, 1.0, 2.0, 1.0, 1.0, 1.0, 5.0, 3.0, 1.0, 1.0, 2.0, 1.0]","[-9.0, 12.0, 14.0, 15.0, 0.0, 16.0, 9.0, 11.0, -13.0, 15.0, 10.0, 11.0, 13.0, -21.0, 12.0, 14.0]"
1,1791636707.6070652,"[-51.67913999999999, 88.77067799999998, 51.15333000000001, 51.32911200000001, -0.08712299999999118, 77.69641200000001, 51.59278499999999, 50.889657, 52.03224, 88.33122300000002, 51.065439, 50.889657, -1.6691610000000026, 103.09691099999998, 90.96795300000002, 76.20226500000001]","[0.0, 0.0, 2.0, 3.0, 1.0, 0.0, 2.0, 2.0, 1.0, 1.0, 1.0, 3.0, 1.0, 1.0, 3.0, 3.0]","[-9.0, 13.0, 15.0, 15.0, 0.0, 17.0, 10.0, 12.0, 0.0, 15.0, 11.0, 11.0, 13.0, -21.0, 11.0, 14.0]"
1,1791636707.8305848,"[-52.82172299999999, 88.77067799999998, 52.03224, 52.29591300000001, -0.08712299999999118, 77.69641200000001, 52.208022, 51.59278499999999, 53.08693199999999, 88.33122300000002, 52.120131000000015, 51.856458, -1.7570519999999874, 103.09691099999998, 91.40740799999998, 76.72961099999998]","[-2.0, 0.0, 1.0, 3.0, 1.0, 0.0, 1.0, 1.0, 0.0, 1.0, 4.0, 3.0, 1.0, 0.0, 1.0, 1.0]","[-9.0, 12.0, 15.0, 15.0, 0.0, 17.0, 11.0, 12.0, -6.0, 14.0, 9.0, 12.0, 13.0, -21.0, 14.0, 15.0]"
1,1791636708.0546052,"[-53.788523999999995, 88.77067799999998, 52.82325900000001, 53.08693199999999, -0.08712299999999118, 77.69641200000001, 52.559585999999996, 51.76856699999999, 54.053732999999994, 88.33122300000002, 53.174823, 52.735367999999994, -1.7570519999999874, 103.18480199999999, 91.67108100000002, 77.08117500000003]","[-2.0, 0.0, 2.0, 1.0, 1.0, 0.0, 1.0, 1.0, 1.0, 0.0, 3.0, 2.0, 0.0, 1.0, 1.0, 0.0]","[-9.0, 13.0, 16.0, 15.0, 0.0, 17.0, 13.0, 15.0, 0.0, 15.0, 11.0, 11.0, 13.0, -22.0, 16.0, 18.0]"
1,1791636708.278767,"[-54.491652, 88.68278700000002, 53.350605, 54.053732999999994, -0.17501400000000444, 77.69641200000001, 52.91114999999999, 52.03224, 55.10842500000001, 88.33122300000002, 53.96584200000001, 53.79006000000001, -1.7570519999999874, 103.18480199999999, 91.75897200000003, 77.87219399999998]","[0.0, 0.0, 1.0, 3.0, 0.0, 0.0, 1.0, 1.0, 0.0, 0.0, 1.0, 2.0, 0.0, 1.0, 1.0, 1.0]","[-10.0, 12.0, 18.0, 14.0, 11.0, 16.0, 15.0, 18.0, -13.0, 14.0, 11.0, 11.0, 13.0, -22.0, 20.0, 19.0]"
1,1791636708.7269902,"[-55.810017, 88.594896, 54.317406000000005, 55.196315999999996, -0.17501400000000444, 77.69641200000001, 53.08693199999999, 52.735367999999994, 56.163117, 88.33122300000002, 55.020534, 54.93264300000001, -1.7570519999999874, 103.18480199999999, 92.19842699999998, 77.87219399999998]","[1.0, 1.0, 1.0, 1.0, 0.0, 0.0, 1.0, 1.0, 1.0, 0.0, 3.0, 1.0, 0.0, 1.0, 1.0, 1.0]","[-9.0, 13.0, 17.0, 15.0, 11.0, 16.0, 19.0, 19.0, -14.0, 14.0, 10.0, 11.0, 13.0, -22.0, 23.0, 19.0]"
1,1791636708.9487252,"[-56.425253999999995, 88.594896, 54.844752, 55.54787999999999, -0.2629049999999893, 77.69641200000001, 53.350605, 53.08693199999999, 56.954136000000005, 88.33122300000002, 55.89944400000002, 55.72366199999999, -1.7570519999999874, 103.18480199999999, 92.19842699999998, 77.87219399999998]","[1.0, 0.0, 1.0, 1.0, 0.0, 0.0, 1.0, 1.0, 1.0, 1.0, 3.0, 4.0, 0.0, 1.0, 1.0, 1.0]","[-10.0, 14.0, 19.0, 16.0, 11.0, 16.0, 23.0, 23.0, 0.0, 14.0, 10.0, 11.0, 12.0, -22.0, 29.0, 20.0]"
1,1791636709.1729546,"[-57.040491, 88.594896, 55.987335, 56.954136000000005, -0.17501400000000444, 77.608521, 53.26271400000002, 52.999041000000005, 57.92093700000001, 88.33122300000002, 56.86624499999999, 56.77835400000001, -1.7570519999999874, 103.18480199999999, 92.725773, 77.87219399999998]","[0.0, 0.0, 2.0, 4.0, 1.0, 0.0, 1.0, 0.0, 1.0, 0.0, 2.0, 3.0, 0.0, 1.0, 0.0, 1.0]","[-11.0, 13.0, 18.0, 14.0, 3.0, 10.0, 10.0, 9.0, 0.0, 14.0, 11.0, 11.0, 12.0, -22.0, 34.0, 19.0]"
1,1791636709.3984818,"[-58.534638, 88.50700499999999, 56.954136000000005, 58.008827999999994, -0.2629049999999893, 77.608521, 53.174823, 52.999041000000005, 58.975629, 88.33122300000002, 57.74515500000001, 57.56937300000001, -1.8449430000000007, 103.18480199999999, 92.98944599999999, 77.78430300000002]","[-3.0, 0.0, 1.0, 1.0, 0.0, 0.0, 0.0, 0.0, 1.0, 0.0, 1.0, 1.0, 0.0, 1.0, 1.0, 1.0]","[-9.0, 13.0, 19.0, 15.0, 11.0, 9.0, 10.0, 9.0, 0.0, 14.0, 11.0, 12.0, 13.0, -22.0, 41.0, 20.0]"
1,1791636709.622151,"[-59.061983999999995, 88.50700499999999, 57.56937300000001, 58.975629, -0.2629049999999893, 77.608521, 53.174823, 52.999041000000005, 59.94243, 88.33122300000002, 58.711956000000015, 58.711956000000015, -1.9328339999999855, 103.44847500000003, 92.81366400000002, 77.78430300000002]","[0.0, 0.0, 2.0, 3.0, 0.0, 0.0, 1.0, 0.0, 1.0, 0.0, 2.0, 1.0, 0.0, 0.0, 0.0, 0.0]","[-11.0, 14.0, 20.0, 15.0, 11.0, 9.0, 10.0, 10.0, 0.0, 14.0, 11.0, 12.0, 9.0, -10.0, 11.0, 13.0]"
1,1791636709.8459172,"[-60.292457999999996, 88.41911399999998, 58.711956000000015, 59.23930200000001, -0.17501400000000444, 77.608521, 53.174823, 52.999041000000005, 60.99712199999999, 88.33122300000002, 59.85453900000002, 58.711956000000015, -1.9328339999999855, 103.44847500000003, 92.81366400000002, 77.87219399999998]","[0.0, 0.0, 2.0, 1.0, 0.0, 0.0, 0.0, 0.0, 1.0, 1.0, 1.0, 1.0, 0.0, 1.0, 0.0, 1.0]","[-11.0, 15.0, 20.0, 14.0, 4.0, 11.0, 10.0, 9.0, 0.0, 14.0, 10.0, 12.0, 8.0, -10.0, 11.0, 9.0]"
1,1791636710.0677736,"[-61.34715, 88.41911399999998, 59.94243, 59.327192999999994, -0.2629049999999893, 77.608521, 53.26271400000002, 52.999041000000005, 61.963922999999994, 88.33122300000002, 61.085013000000004, 58.711956000000015, -1.9328339999999855, 103.44847500000003, 92.81366400000002, 77.78430300000002]","[0.0, 0.0, 4.0, 1.0, 1.0, 0.0, 1.0, 0.0, 1.0, 1.0, 1.0, 1.0, 0.0, 1.0, 0.0, 0.0]","[-10.0, 15.0, 19.0, 15.0, 6.0, 10.0, 10.0, 10.0, 0.0, 13.0, 11.0, 11.0, 8.0, -11.0, 10.0, 4.0]"
1,1791636710.291639,"[-62.313951, 88.41911399999998, 60.55766700000001, 59.327192999999994, -0.2629049999999893, 77.608521, 53.26271400000002, 52.999041000000005, 62.930724, 88.33122300000002, 62.227596000000005, 58.711956000000015, -1.9328339999999855, 103.44847500000003, 92.81366400000002, 77.78430300000002]","[-2.0, 0.0, 1.0, 2.0, 1.0, 0.0, 2.0, 1.0, 1.0, 0.0, 5.0, 1.0, 0.0, 1.0, 0.0, 0.0]","[-10.0, 16.0, 20.0, 14.0, 4.0, 10.0, 10.0, 10.0, 0.0, 14.0, 10.0, 12.0, 8.0, -11.0, 10.0, 13.0]"
1,1791636710.5171049,"[-63.36864299999999, 88.41911399999998, 61.612359, 59.327192999999994, -0.17501400000000444, 77.608521, 53.26271400000002, 52.999041000000005, 63.985416000000015, 88.33122300000002, 63.19439700000001, 58.711956000000015, -1.9328339999999855, 103.44847500000003, 92.81366400000002, 77.87219399999998]","[-3.0, 0.0, 0.0, 1.0, 1.0, 0.0, 1.0, 1.0, 1.0, 1.0, 1.0, 1.0, 0.0, 1.0, 0.0, 1.0]","[-9.0, 14.0, 20.0, 13.0, 4.0, 10.0, 10.0, 10.0, 0.0, 14.0, 11.0, 12.0, 9.0, -11.0, 10.0, 4.0]"
1,1791636710.7425663,"[-64.247553, 88.33122300000002, 62.930724, 59.590866000000005, -0.2629049999999893, 77.608521, 53.174823, 52.999041000000005, 64.95221699999999, 88.33122300000002, 63.985416000000015, 58.711956000000015, -1.9328339999999855, 103.44847500000003, 92.81366400000002, 77.87219399999998]","[-2.0, 1.0, 9.0, 1.0, 0.0, 0.0, 0.0, 1.0, 1.0, 1.0, 2.0, 1.0, 1.0, 1.0, 0.0, 1.0]","[-9.0, 15.0, 17.0, 14.0, 8.0, 9.0, 10.0, 9.0, 0.0, 15.0, 11.0, 12.0, 9.0, -11.0, 10.0, 5.0]"
1,1791636710.9666758,"[-65.565918, 88.77067799999998, 66.00690900000001, 59.590866000000005, -0.2629049999999893, 77.608521, 53.174823, 52.999041000000005, 65.919018, 88.41911399999998, 64.864326, 58.711956000000015, -1.9328339999999855, 103.44847500000003, 92.81366400000002, 77.87219399999998]","[0.0, 1.0, 3.0, 0.0, -1.0, 0.0, 1.0, 1.0, 1.0, 1.0, 1.0, 1.0, 1.0, 1.0, 0.0, 1.0]","[-9.0, 12.0, -13.0, 14.0, 8.0, 10.0, 9.0, 10.0, 0.0, 14.0, 10.0, 12.0, 8.0, -11.0, 10.0, 0.0]"
1,1791636711.19056,"[-66.62061, 88.85856899999999, 66.710037, 59.590866000000005, -0.2629049999999893, 77.608521, 53.26271400000002, 52.999041000000005, 66.97371000000001, 88.41911399999998, 66.00690900000001, 58.711956000000015, -1.9328339999999855, 103.44847500000003, 92.81366400000002, 77.87219399999998]","[-1.0, 1.0, 1.0, 0.0, 1.0, 0.0, 1.0, 1.0, 1.0, 1.0, 1.0, 1.0, 1.0, 1.0, 0.0, 1.0]","[-8.0, 12.0, 14.0, 14.0, 6.0, 10.0, 9.0, 9.0, 0.0, 14.0, 11.0, 12.0, 9.0, -11.0, 10.0, 0.0]"
1,1791636711.4145436,"[-67.49952, 88.85856899999999, 67.85262, 59.590866000000005, -0.2629049999999893, 77.608521, 53.26271400000002, 52.999041000000005, 67.94051100000001, 88.41911399999998, 66.79792800000001, 58.711956000000015, -1.9328339999999855, 103.44847500000003, 92.81366400000002, 77.87219399999998]","[0.0, 1.0, 3.0, 0.0, 0.0, 0.0, 1.0, 1.0, 1.0, 0.0, 3.0, 1.0, 1.0, 1.0, 0.0, 1.0]","[-9.0, 12.0, 14.0, 14.0, 6.0, 10.0, 10.0, 9.0, 0.0, 14.0, 11.0, 12.0, 8.0, -11.0, 10.0, 0.0]"
1,1791636711.6385596,"[-68.466321, 88.85856899999999, 68.73152999999999, 59.590866000000005, -0.17501400000000444, 77.608521, 53.174823, 52.999041000000005, 68.995203, 88.41911399999998, 67.58894699999999, 58.711956000000015, -2.0207249999999988, 103.44847500000003, 92.81366400000002, 77.87219399999998]","[0.0, 1.0, 2.0, 0.0, 1.0, 0.0, 1.0, 1.0, 2.0, 0.0, 2.0, 1.0, 0.0, 1.0, 0.0, 0.0]","[-9.0, 12.0, 14.0, 13.0, 1.0, 10.0, 9.0, 10.0, 0.0, 14.0, 11.0, 13.0, 8.0, -10.0, 10.0, 4.0]"
1,1791636711.8624988,"[-69.433122, 88.85856899999999, 69.61044000000001, 59.590866000000005, -0.2629049999999893, 77.608521, 53.174823, 52.999041000000005, 69.96200400000001, 88.41911399999998, 68.379966, 58.711956000000015, -2.0207249999999988, 103.44847500000003, 92.81366400000002, 77.78430300000002]","[-1.0, 1.0, 1.0, 0.0, 0.0, 0.0, 1.0, 1.0, 2.0, 1.0, 1.0, 1.0, 0.0, 1.0, 0.0, 0.0]","[-9.0, 12.0, 14.0, 13.0, 11.0, 9.0, 10.0, 11.0, 0.0, 14.0, 12.0, 12.0, 8.0, -10.0, 10.0, 2.0]"
1,1791636712.086463,"[-70.312032, 88.94646, 70.48935, 59.590866000000005, -0.2629049999999893, 77.608521, 53.174823, 52.999041000000005, 70.840914, 88.41911399999998, 69.522549, 58.711956000000015, -1.9328339999999855, 103.44847500000003, 92.81366400000002, 77.87219399999998]","[-1.0, 2.0, 2.0, 0.0, 1.0, 0.0, 1.0, 1.0, 2.0, 1.0, 3.0, 1.0, 1.0, 1.0, 0.0, 0.0]","[-9.0, 11.0, 15.0, 13.0, 9.0, 10.0, 9.0, 10.0, 14.0, 13.0, 11.0, 11.0, 8.0, -11.0, 10.0, 0.0]"
1,1791636712.3074222,"[-71.103051, 89.298024, 71.54404199999999, 59.590866000000005, -0.17501400000000444, 77.608521, 53.174823, 52.999041000000005, 71.807715, 88.41911399999998, 70.40145900000002, 58.711956000000015, -2.0207249999999988, 103.44847500000003, 92.81366400000002, 77.87219399999998]","[0.0, 0.0, 1.0, 0.0, 0.0, 0.0, 1.0, 1.0, 1.0, 0.0, 1.0, 1.0, 0.0, 1.0, 0.0, 1.0]","[-11.0, 12.0, 14.0, 13.0, 8.0, 10.0, 9.0, 10.0, 14.0, 14.0, 12.0, 12.0, 9.0, -10.0, 11.0, 0.0]"
1,1791636712.531312,"[-72.245634, 89.298024, 72.335061, 59.590866000000005, -0.2629049999999893, 77.608521, 53.26271400000002, 52.999041000000005, 72.774516, 88.41911399999998, 71.28036900000001, 58.711956000000015, -1.9328339999999855, 103.44847500000003, 92.81366400000002, 77.87219399999998]","[-1.0, 0.0, 2.0, 0.0, 0.0, 0.0, 1.0, 1.0, 3.0, 1.0, 1.0, 1.0, 0.0, 1.0, 0.0, 1.0]","[-9.0, 11.0, 14.0, 14.0, 6.0, 10.0, 9.0, 9.0, 14.0, 14.0, 12.0, 12.0, 8.0, -11.0, 10.0, 0.0]"
1,1791636712.7570448,"[-73.036653, 89.298024, 73.21397100000002, 59.590866000000005, -0.17501400000000444, 77.608521, 53.174823, 52.999041000000005, 73.74131700000001, 88.41911399999998, 72.42295200000001, 58.711956000000015, -1.9328339999999855, 103.44847500000003, 92.81366400000002, 77.87219399999998]","[0.0, 1.0, 4.0, 0.0, 0.0, 0.0, 1.0, 1.0, 1.0, 1.0, 2.0, 1.0, 1.0, 1.0, 0.0, 0.0]","[-10.0, 11.0, 14.0, 13.0, 8.0, 9.0, 9.0, 10.0, 14.0, 14.0, 11.0, 11.0, 9.0, -11.0, 10.0, 7.0]"
1,1791636712.9805834,"[-73.563999, 89.298024, 74.00498999999999, 59.590866000000005, -0.2629049999999893, 77.608521, 53.174823, 52.999041000000005, 73.74131700000001, 88.41911399999998, 73.301862, 58.711956000000015, -1.9328339999999855, 103.44847500000003, 92.81366400000002, 77.87219399999998]","[0.0, 1.0, 1.0, 0.0, 1.0, 0.0, 1.0, 1.0, 1.0, 0.0, 2.0, 1.0, 1.0, 1.0, 0.0, 1.0]","[-12.0, 11.0, 15.0, 13.0, 6.0, 10.0, 10.0, 10.0, 16.0, 13.0, 12.0, 12.0, 8.0, -11.0, 10.0, 2.0]"
1,1791636713.2040114,"[-73.563999, 89.298024, 74.88390000000001, 59.590866000000005, -0.2629049999999893, 77.608521, 53.174823, 52.999041000000005, 73.74131700000001, 88.41911399999998, 74.092881, 58.711956000000015, -1.9328339999999855, 103.44847500000003, 92.81366400000002, 77.87219399999998]","[0.0, 0.0, 2.0, 0.0, 0.0, 0.0, 0.0, 1.0, 0.0, 1.0, 2.0, 1.0, 1.0, 1.0, 0.0, 1.0]","[-12.0, 11.0, 17.0, 13.0, 10.0, 9.0, 10.0, 10.0, 16.0, 14.0, 13.0, 12.0, 8.0, -11.0, 10.0, 1.0]"
1,1791636713.4280493,"[-73.563999, 89.298024, 75.76281, 59.590866000000005, -0.17501400000000444, 77.608521, 53.26271400000002, 52.999041000000005, 74.268663, 88.41911399999998, 75.05968200000001, 58.711956000000015, -1.9328339999999855, 103.44847500000003, 92.81366400000002, 77.87219399999998]","[0.0, 0.0, 1.0, 0.0, 1.0, 0.0, 0.0, 1.0, 5.0, 0.0, 2.0, 1.0, 1.0, 1.0, 0.0, 1.0]","[-13.0, 11.0, 16.0, 13.0, 7.0, 10.0, 9.0, 9.0, 15.0, 13.0, 14.0, 12.0, 9.0, -11.0, 11.0, 0.0]"
1,1791636713.6543455,"[-73.563999, 89.298024, 76.81750199999999, 59.590866000000005, -0.2629049999999893, 77.608521, 53.174823, 52.999041000000005, 74.53233600000002, 88.41911399999998, 75.49913699999999, 58.711956000000015, -1.9328339999999855, 103.44847500000003, 92.81366400000002, 77.87219399999998]","[0.0, 1.0, 2.0, 0.0, 1.0, 0.0, 0.0, 1.0, 1.0, 1.0, 1.0, 1.0, 0.0, 1.0, 0.0, 1.0]","[-13.0, 11.0, 16.0, 14.0, 10.0, 11.0, 10.0, 9.0, 15.0, 14.0, 14.0, 11.0, 8.0, -10.0, 10.0, 0.0]"
1,1791636713.875969,"[-73.563999, 89.298024, 77.78430300000002, 59.590866000000005, -0.17501400000000444, 77.608521, 53.26271400000002, 52.999041000000005, 74.53233600000002, 88.41911399999998, 76.55382900000001, 58.711956000000015, -1.9328339999999855, 103.44847500000003, 92.81366400000002, 77.87219399999998]","[1.0, 1.0, 3.0, 0.0, 1.0, 0.0, 1.0, 1.0, 1.0, 1.0, 4.0, 1.0, 0.0, 1.0, 0.0, 1.0]","[-12.0, 11.0, 16.0, 14.0, 3.0, 10.0, 11.0, 10.0, 15.0, 13.0, 15.0, 12.0, 8.0, -11.0, 10.0, 1.0]"
1,1791636714.1023371,"[-73.563999, 89.298024, 78.57532200000003, 59.590866000000005, -0.17501400000000444, 77.608521, 53.174823, 52.999041000000005, 74.53233600000002, 88.41911399999998, 76.99328400000002, 58.711956000000015, -1.9328339999999855, 103.44847500000003, 92.81366400000002, 77.87219399999998]","[0.0, 0.0, 1.0, 0.0, 1.0, 0.0, 1.0, 1.0, 0.0, 1.0, 1.0, 1.0, 1.0, 1.0, 0.0, 0.0]","[-13.0, 11.0, 17.0, 13.0, 3.0, 10.0, 10.0, 9.0, 16.0, 14.0, 17.0, 13.0, 9.0, -10.0, 10.0, 6.0]"
1,1791636714.3253503,"[-73.563999, 89.298024, 79.45423199999999, 59.590866000000005, -0.17501400000000444, 77.608521, 53.174823, 52.999041000000005, 74.53233600000002, 88.41911399999998, 77.08117500000003, 58.711956000000015, -1.9328339999999855, 103.44847500000003, 92.81366400000002, 77.87219399999998]","[1.0, 1.0, 1.0, 0.0, 0.0, 0.0, 1.0, 1.0, 0.0, 1.0, 1.0, 1.0, 1.0, 1.0, 0.0, 1.0]","[-13.0, 12.0, 17.0, 14.0, 3.0, 10.0, 9.0, 10.0, 14.0, 13.0, 22.0, 12.0, 8.0, -11.0, 10.0, 0.0]"
1,1791636714.5502439,"[-73.563999, 89.298024, 80.15735999999998, 59.590866000000005, -0.2629049999999893, 77.608521, 53.174823, 52.999041000000005, 74.620227, 88.41911399999998, 77.43273900000003, 58.711956000000015, -2.0207249999999988, 103.44847500000003, 92.81366400000002, 77.87219399999998]","[1.0, 1.0, 1.0, 0.0, 1.0, 0.0, 1.0, 1.0, 1.0, 1.0, 0.0, 1.0, 0.0, 1.0, 0.0, 0.0]","[-13.0, 12.0, 18.0, 14.0, 1.0, 10.0, 9.0, 10.0, 14.0, 14.0, 25.0, 11.0, 8.0, -10.0, 10.0, 3.0]"
1,1791636714.7742567,"[-73.65189, 89.298024, 80.245251, 59.590866000000005, -0.2629049999999893, 77.608521, 53.174823, 52.999041000000005, 74.620227, 88.50700499999999, 77.78430300000002, 58.711956000000015, -1.9328339999999855, 103.44847500000003, 92.81366400000002, 77.87219399999998]","[0.0, 1.0, 1.0, 0.0, 1.0, 0.0, 1.0, 1.0, 1.0, 2.0, 1.0, 1.0, 0.0, 1.0, 0.0, 0.0]","[-12.0, 11.0, 23.0, 14.0, 5.0, 10.0, 9.0, 9.0, 15.0, 13.0, 34.0, 11.0, 9.0, -10.0, 10.0, 0.0]"
1,1791636714.9984941,"[-73.739781, 89.298024, 80.94837899999999, 59.41508400000001, -0.17501400000000444, 77.608521, 53.174823, 52.999041000000005, 74.620227, 88.594896, 77.87219399999998, 58.711956000000015, -1.9328339999999855, 103.44847500000003, 92.81366400000002, 77.87219399999998]","[0.0, 1.0, 1.0, 0.0, 1.0, 0.0, 0.0, 1.0, 1.0, 0.0, 1.0, 1.0, 0.0, 1.0, 0.0, 0.0]","[-12.0, 11.0, 24.0, 14.0, 7.0, 10.0, 10.0, 10.0, 15.0, 13.0, 37.0, 12.0, 8.0, -11.0, 9.0, 3.0]"
1,1791636715.2202597,"[-73.739781, 89.38591500000001, 81.47572500000001, 59.23930200000001, -0.2629049999999893, 77.608521, 53.174823, 52.999041000000005, 74.620227, 88.594896, 77.78430300000002, 58.711956000000015, -2.0207249999999988, 103.44847500000003, 92.81366400000002, 77.87219399999998]","[0.0, 2.0, 1.0, 0.0, 0.0, 0.0, 0.0, 1.0, 1.0, 0.0, 0.0, 1.0, -1.0, 1.0, 0.0, 1.0]","[-12.0, 11.0, 28.0, 13.0, 11.0, 10.0, 9.0, 9.0, 14.0, 2.0, 9.0, 0.0, 9.0, -10.0, 10.0, 0.0]"
1,1791636715.4463255,"[-73.739781, 89.47380600000002, 82.09096199999999, 59.23930200000001, -0.17501400000000444, 77.608521, 53.174823, 52.999041000000005, 74.620227, 88.50700499999999, 77.78430300000002, 58.711956000000015, -2.0207249999999988, 103.44847500000003, 92.81366400000002, 77.78430300000002]","[0.0, 2.0, 1.0, 0.0, 1.0, 0.0, 0.0, 1.0, 1.0, 1.0, 0.0, 1.0, 0.0, 1.0, 0.0, 0.0]","[-12.0, 10.0, 30.0, 14.0, 8.0, 11.0, 9.0, 10.0, 14.0, 7.0, 9.0, 0.0, 9.0, -11.0, 10.0, 1.0]"
1,1791636715.6694553,"[-73.739781, 89.56169699999998, 82.09096199999999, 59.23930200000001, -0.17501400000000444, 77.608521, 53.26271400000002, 52.999041000000005, 74.620227, 88.50700499999999, 77.78430300000002, 58.711956000000015, -1.9328339999999855, 103.44847500000003, 92.81366400000002, 77.78430300000002]","[0.0, 1.0, 1.0, 0.0, 1.0, 0.0, 0.0, 1.0, 1.0, 1.0, 0.0, 1.0, 0.0, 1.0, 0.0, 0.0]","[-12.0, 11.0, 37.0, 15.0, 4.0, 9.0, 9.0, 9.0, 14.0, 6.0, 9.0, 0.0, 9.0, -11.0, 10.0, 9.0]"
1,1791636715.891716,"[-73.739781, 89.47380600000002, 82.00307099999998, 59.23930200000001, -0.17501400000000444, 77.608521, 53.174823, 52.999041000000005, 74.620227, 88.594896, 77.78430300000002, 58.711956000000015, -2.0207249999999988, 103.44847500000003, 92.81366400000002, 77.78430300000002]","[0.0, 0.0, 0.0, 0.0, 1.0, 0.0, 0.0, 1.0, 1.0, 1.0, 0.0, 1.0, 0.0, 1.0, 0.0, 0.0]","[0.0, 4.0, 13.0, 0.0, 1.0, 10.0, 10.0, 10.0, 14.0, 7.0, 9.0, 0.0, 9.0, -11.0, 10.0, 3.0]"
2,1791636717.9084046,"[0.0007679999999936626, -5.009018999999995, -1.3175970000000063, -0.17501400000000444, -0.17501400000000444, -5.4484740000000045, -0.08712299999999118, -0.35079600000000255, 0.08865900000000693, -5.272692000000006, -1.3175970000000063, 0.26444100000000503, -1.3175970000000063, 178.243716, 39.991173, 25.577048999999988]","[0.0, -1.0, 0.0, 0.0, 0.0, 1.0, 0.0, 1.0, 0.0, 0.0, 1.0, 2.0, 1.0, 1.0, 0.0, 0.0]","[-9.0, 32.0, 17.0, 14.0, 11.0, 34.0, 0.0, 9.0, -14.0, 36.0, 12.0, -10.0, 12.0, 16.0, 0.0, -14.0]"
2,1791636718.1327305,"[0.0007679999999936626, -5.009018999999995, -0.9660330000000101, 0.08865900000000693, -0.17501400000000444, -5.272692000000006, 0.44022300000000314, -0.35079600000000255, 0.08865900000000693, -5.272692000000006, -1.3175970000000063, 0.3523319999999899, -1.3175970000000063, 177.98004300000002, 40.166955, 25.66494]","[0.0, 1.0, 1.0, 1.0, 0.0, 1.0, 1.0, 1.0, 0.0, 1.0, 1.0, 1.0, 1.0, 0.0, 1.0, 1.0]","[-9.0, 40.0, 19.0, 15.0, 11.0, 52.0, 11.0, 12.0, -14.0, 45.0, 15.0, 10.0, 16.0, -12.0, 12.0, 13.0]"
2,1791636718.3580136,"[0.0007679999999936626, -4.92112800000001, -0.08712299999999118, 0.44022300000000314, -0.17501400000000444, -3.7785450000000083, 1.0554600000000107, 0.44022300000000314, 0.0007679999999936626, -5.272692000000006, -0.6144689999999855, 0.6160050000000012, -1.3175970000000063, 177.62847900000003, 40.07906399999999, 26.368067999999994]","[0.0, 1.0, 1.0, 1.0, 0.0, 1.0, 1.0, 2.0, 0.0, 1.0, 1.0, 2.0, 1.0, 0.0, 0.0, 1.0]","[-9.0, 47.0, 19.0, 17.0, 11.0, 58.0, 11.0, 12.0, -14.0, 56.0, 16.0, 12.0, 21.0, -23.0, 14.0, 14.0]"
2,1791636718.5793822,"[0.0007679999999936626, -4.5695639999999855, 0.8796780000000126, 1.4949149999999918, -0.17501400000000444, -2.8996349999999893, 1.846478999999988, 1.407024000000007, 0.08865900000000693, -4.657454999999999, -0.17501400000000444, 0.6160050000000012, -1.3175970000000063, 176.661678, 41.573211000000015, 27.159087]","[0.0, 1.0, 1.0, 3.0, 0.0, 7.0, 1.0, 1.0, 1.0, 1.0, 6.0, 1.0, 1.0, 0.0, 4.0, 1.0]","[-9.0, 53.0, 19.0, 16.0, 11.0, 65.0, 12.0, 13.0, -14.0, 59.0, 17.0, 16.0, 27.0, -39.0, 13.0, 14.0]"
2,1791636718.805286,"[0.0007679999999936626, -3.514871999999997, 1.7585880000000031, 2.3738250000000107, -0.17501400000000444, 0.26444100000000503, 2.6374979999999937, 2.1980430000000126, 0.08865900000000693, -4.042217999999991, 1.3191329999999937, 1.846478999999988, -1.3175970000000063, 173.233929, 42.36422999999999, 28.125888000000003]","[0.0, 4.0, 2.0, 2.0, 0.0, 5.0, 1.0, 3.0, 0.0, 1.0, 4.0, 5.0, 1.0, -3.0, 2.0, 2.0]","[-8.0, 55.0, 19.0, 17.0, 11.0, 53.0, 13.0, 14.0, -14.0, 64.0, 15.0, 14.0, 36.0, -33.0, 13.0, 14.0]"
2,1791636719.0295506,"[0.0007679999999936626, -3.514871999999997, 2.813279999999992, 3.4285169999999994, -0.17501400000000444, 1.6706969999999899, 3.4285169999999994, 3.2527350000000013, 0.08865900000000693, -3.426981000000012, 1.846478999999988, 2.901171000000005, -1.3175970000000063, 169.80617999999998, 43.155249, 29.268471000000005]","[0.0, 1.0, 1.0, 3.0, 0.0, 1.0, 1.0, 2.0, 1.0, 1.0, 1.0, 2.0, 1.0, -5.0, 2.0, 3.0]","[-8.0, 66.0, 18.0, 17.0, 11.0, 61.0, 14.0, 14.0, -14.0, 68.0, 17.0, 14.0, 42.0, -30.0, 14.0, 15.0]"
2,1791636719.2528627,"[0.0007679999999936626, -3.1633080000000007, 3.7800809999999956, 4.483208999999988, -0.17501400000000444, 3.6921900000000107, 4.30742699999999, 4.30742699999999, 0.0007679999999936626, -3.426981000000012, 3.076953000000003, 4.043754000000007, 0.6160050000000012, 168.487815, 44.56150500000001, 30.147380999999996]","[0.0, 7.0, 3.0, 2.0, 0.0, 3.0, 1.0, 1.0, 0.0, 1.0, 3.0, 1.0, 5.0, 0.0, 4.0, 2.0]","[-9.0, 65.0, 20.0, 16.0, 12.0, 64.0, 14.0, 13.0, -14.0, 79.0, 17.0, 14.0, 31.0, -43.0, 12.0, 15.0]"
2,1791636719.4779038,"[0.0007679999999936626, -0.6144689999999855, 4.6589910000000145, 5.537901000000005, -0.17501400000000444, 5.9773560000000145, 5.274227999999994, 5.186337000000009, 0.08865900000000693, -0.5265780000000007, 4.219536000000005, 4.834773000000013, 1.6706969999999899, 164.620611, 44.649395999999996, 31.202073000000013]","[0.0, 1.0, 5.0, 3.0, 0.0, 9.0, 2.0, 1.0, 1.0, 8.0, 4.0, 1.0, 1.0, -6.0, 1.0, 2.0]","[-9.0, 53.0, 20.0, 16.0, 10.0, 54.0, 14.0, 14.0, -14.0, 54.0, 16.0, 14.0, 32.0, -34.0, 15.0, 15.0]"
2,1791636719.6997435,"[0.0007679999999936626, 0.08865900000000693, 5.889465000000001, 6.592592999999994, -0.17501400000000444, 6.153138000000013, 5.362119000000007, 6.504702000000009, 0.0007679999999936626, -0.08712299999999118, 5.010555000000011, 6.153138000000013, 2.725389000000007, 161.45653500000003, 46.67088899999999, 32.16887399999999]","[0.0, 1.0, 1.0, 2.0, 0.0, 1.0, 1.0, 5.0, 0.0, 1.0, 1.0, 4.0, 7.0, -7.0, 4.0, 1.0]","[-9.0, 60.0, 20.0, 16.0, 11.0, 77.0, 18.0, 14.0, -14.0, 67.0, 17.0, 13.0, 33.0, -33.0, 12.0, 15.0]"
2,1791636719.9236941,"[0.0007679999999936626, 0.17654999999999177, 5.889465000000001, 7.383611999999999, -0.17501400000000444, 10.020342, 7.2957210000000146, 7.2957210000000146, 0.08865900000000693, -0.08712299999999118, 5.9773560000000145, 7.032048000000003, 3.7800809999999956, 158.292459, 47.54979900000001, 33.223566000000005]","[0.0, 1.0, 1.0, 1.0, 0.0, 5.0, 2.0, 1.0, 0.0, 1.0, 1.0, 1.0, 6.0, -4.0, 3.0, 2.0]","[-7.0, 70.0, 25.0, 17.0, 11.0, 54.0, 12.0, 12.0, -14.0, 78.0, 17.0, 13.0, 31.0, -33.0, 12.0, 15.0]"
2,1791636720.1470816,"[0.0007679999999936626, 0.17654999999999177, 7.823067000000009, 8.614086000000015, -0.17501400000000444, 11.426598000000013, 8.086739999999992, 8.526195000000001, 0.08865900000000693, 1.407024000000007, 7.119938999999988, 7.998849000000007, 4.483208999999988, 155.47994699999998, 48.34081800000001, 34.36614900000001]","[0.0, 1.0, 2.0, 4.0, 0.0, 6.0, 3.0, 4.0, 1.0, 3.0, 3.0, 4.0, 3.0, -4.0, 1.0, 3.0]","[-8.0, 79.0, 19.0, 16.0, 11.0, 60.0, 13.0, 12.0, -14.0, 71.0, 17.0, 13.0, 31.0, -38.0, 14.0, 14.0]"
2,1791636720.3711464,"[0.0007679999999936626, 3.076953000000003, 8.789868000000013, 9.053540999999996, -0.17501400000000444, 13.53598199999999, 9.229322999999994, 9.405104999999992, 0.08865900000000693, 3.2527350000000013, 7.735175999999996, 9.053540999999996, 6.328920000000011, 152.49165299999999, 49.571292, 35.33295000000001]","[0.0, 9.0, 3.0, 6.0, 0.0, 8.0, 2.0, 1.0, 1.0, 8.0, 5.0, 2.0, 4.0, -5.0, 4.0, 3.0]","[-9.0, 53.0, 20.0, 16.0, 11.0, 61.0, 14.0, 12.0, -14.0, 55.0, 17.0, 15.0, 26.0, -33.0, 13.0, 14.0]"
2,1791636720.5978312,"[0.0007679999999936626, 3.2527350000000013, 9.756668999999988, 10.547687999999994, -0.17501400000000444, 15.996929999999992, 10.28401500000001, 10.371905999999996, 0.08865900000000693, 4.219536000000005, 9.053540999999996, 9.932451000000015, 6.768374999999992, 150.20648699999998, 50.362311000000005, 36.21186]","[0.0, 1.0, 1.0, 1.0, 1.0, 3.0, 3.0, 3.0, 1.0, 2.0, 2.0, 1.0, 5.0, 0.0, 1.0, 2.0]","[-9.0, 65.0, 20.0, 16.0, 12.0, 57.0, 13.0, 14.0, -13.0, 59.0, 18.0, 13.0, 30.0, -41.0, 13.0, 14.0]"
2,1791636720.821786,"[0.0007679999999936626, 4.6589910000000145, 10.547687999999994, 11.426598000000013, -0.17501400000000444, 17.315294999999992, 11.162925000000001, 11.162925000000001, 0.08865900000000693, 4.6589910000000145, 9.844560000000001, 10.89925199999999, 8.438303999999988, 147.13030200000003, 51.50489400000001, 37.354443]","[0.0, 3.0, 1.0, 1.0, 0.0, 11.0, 4.0, 1.0, 0.0, 1.0, 2.0, 1.0, 2.0, -5.0, 2.0, 3.0]","[-9.0, 63.0, 22.0, 16.0, 11.0, 60.0, 14.0, 13.0, -14.0, 67.0, 16.0, 14.0, 28.0, -40.0, 12.0, 14.0]"
2,1791636721.0444643,"[0.0007679999999936626, 4.746881999999999, 11.690270999999996, 12.481290000000001, -0.17501400000000444, 20.039916000000005, 12.21761699999999, 12.393398999999988, 0.08865900000000693, 4.6589910000000145, 10.89925199999999, 11.866052999999994, 9.141432000000009, 143.614662, 52.559585999999996, 38.32124400000001]","[0.0, 0.0, 1.0, 2.0, 1.0, 3.0, 1.0, 1.0, 1.0, 1.0, 2.0, 4.0, 4.0, -7.0, 4.0, 1.0]","[-9.0, 76.0, 20.0, 16.0, 11.0, 55.0, 13.0, 13.0, -14.0, 79.0, 19.0, 14.0, 27.0, -33.0, 13.0, 14.0]"
2,1791636721.2698185,"[0.0007679999999936626, 6.153138000000013, 12.569181000000015, 13.184417999999994, -0.17501400000000444, 21.358281000000005, 13.272309000000007, 13.53598199999999, 0.08865900000000693, 7.2957210000000146, 10.89925199999999, 12.92074500000001, 10.547687999999994, 140.71425900000003, 53.526387, 39.46382700000001]","[0.0, 11.0, 1.0, 1.0, 0.0, 8.0, 3.0, 3.0, 1.0, 7.0, 1.0, 3.0, 3.0, -1.0, 3.0, 2.0]","[-9.0, 60.0, 20.0, 17.0, 11.0, 61.0, 14.0, 13.0, -14.0, 58.0, 22.0, 14.0, 26.0, -37.0, 12.0, 15.0]"
2,1791636721.493764,"[0.0007679999999936626, 8.438303999999988, 13.799655000000001, 14.414892000000009, -0.17501400000000444, 24.434466000000015, 14.327000999999996, 14.414892000000009, 0.08865900000000693, 8.438303999999988, 12.744963000000013, 13.799655000000001, 11.426598000000013, 137.198619, 54.66897, 40.518519]","[0.0, 1.0, 3.0, 2.0, 1.0, 4.0, 3.0, 1.0, 1.0, 2.0, 5.0, 3.0, 1.0, -5.0, 3.0, 2.0]","[-9.0, 56.0, 19.0, 16.0, 8.0, 52.0, 14.0, 14.0, -14.0, 57.0, 17.0, 15.0, 27.0, -33.0, 13.0, 15.0]"
2,1791636721.717642,"[0.0007679999999936626, 8.438303999999988, 14.678564999999992, 15.293802, -0.08712299999999118, 26.192285999999996, 15.381693000000013, 15.733257000000009, 0.08865900000000693, 9.317214000000007, 13.53598199999999, 14.678564999999992, 12.657072, 134.03454299999999, 55.635771000000005, 41.48532]","[0.0, 1.0, 1.0, 1.0, 0.0, 3.0, 1.0, 3.0, 0.0, 1.0, 1.0, 2.0, 5.0, -8.0, 1.0, 3.0]","[-8.0, 68.0, 20.0, 16.0, 7.0, 54.0, 13.0, 12.0, -15.0, 59.0, 19.0, 15.0, 26.0, -30.0, 12.0, 14.0]"
2,1791636721.941665,"[0.0007679999999936626, 10.108233000000013, 15.733257000000009, 16.348493999999988, -0.17501400000000444, 28.30167, 16.524276000000015, 16.787948999999998, 0.08865900000000693, 9.317214000000007, 14.678564999999992, 15.821147999999994, 13.360199999999992, 130.87046700000002, 56.77835400000001, 42.36422999999999]","[0.0, 3.0, 3.0, 3.0, 1.0, 1.0, 3.0, 3.0, 0.0, 1.0, 3.0, 2.0, 2.0, -2.0, 3.0, 1.0]","[-9.0, 59.0, 20.0, 17.0, 4.0, 57.0, 12.0, 13.0, -14.0, 69.0, 19.0, 14.0, 26.0, -30.0, 11.0, 14.0]"
2,1791636722.1631079,"[0.0007679999999936626, 10.108233000000013, 16.787948999999998, 17.315294999999992, -0.17501400000000444, 30.05949000000001, 17.578968000000003, 17.75475, 0.08865900000000693, 9.756668999999988, 15.996929999999992, 16.87584000000001, 14.85434699999999, 127.61849999999998, 57.833045999999996, 43.41892200000001]","[0.0, 1.0, 1.0, 3.0, 0.0, 1.0, 5.0, 2.0, 0.0, 0.0, 4.0, 4.0, 4.0, -4.0, 5.0, 1.0]","[-10.0, 72.0, 20.0, 16.0, 9.0, 58.0, 13.0, 12.0, -14.0, 78.0, 18.0, 14.0, 23.0, -30.0, 12.0, 14.0]"
2,1791636722.3863187,"[0.0007679999999936626, 10.108233000000013, 17.930532, 17.403186000000005, -0.17501400000000444, 32.432547, 18.36998700000001, 18.545769000000007, 0.08865900000000693, 9.756668999999988, 16.700058000000013, 17.842641000000015, 15.381693000000013, 124.89387900000003, 59.06352000000001, 44.38572300000001]","[0.0, 1.0, 3.0, 1.0, 1.0, 10.0, 1.0, 2.0, 1.0, 1.0, 6.0, 1.0, 1.0, -5.0, 4.0, 1.0]","[-9.0, 85.0, 18.0, 20.0, 6.0, 53.0, 14.0, 13.0, -14.0, 91.0, 17.0, 15.0, 26.0, -30.0, 12.0, 14.0]"
2,1791636722.6136022,"[0.0007679999999936626, 13.008635999999996, 18.80944199999999, 19.336788000000013, -0.08712299999999118, 34.45403999999999, 19.248897, 19.68835200000001, 0.08865900000000693, 9.756668999999988, 18.106313999999998, 18.897333000000003, 16.787948999999998, 122.60871300000002, 60.118212, 45.528306000000015]","[0.0, 6.0, 2.0, 3.0, 1.0, 2.0, 1.0, 3.0, 1.0, 1.0, 3.0, 4.0, 3.0, 0.0, 3.0, 1.0]","[-9.0, 58.0, 19.0, 17.0, 0.0, 57.0, 13.0, 13.0, -14.0, 106.0, 17.0, 14.0, 25.0, -37.0, 12.0, 14.0]"
2,1791636722.8370776,"[0.0007679999999936626, 13.008635999999996, 19.952024999999992, 20.39148, -0.08712299999999118, 36.82709700000001, 20.215698000000003, 20.655153000000013, 0.08865900000000693, 13.272309000000007, 18.721551000000005, 19.864134000000007, 17.666858999999988, 118.653618, 61.17290400000002, 46.49510699999999]","[0.0, 1.0, 2.0, 3.0, 1.0, 9.0, 1.0, 1.0, 2.0, 22.0, 4.0, 1.0, 9.0, -5.0, 4.0, 3.0]","[-8.0, 74.0, 18.0, 16.0, 0.0, 46.0, 13.0, 13.0, -14.0, 57.0, 16.0, 14.0, 24.0, -30.0, 11.0, 13.0]"
2,1791636723.0616384,"[0.0007679999999936626, 13.008635999999996, 21.00671700000001, 21.358281000000005, -0.08712299999999118, 38.936481000000015, 21.094607999999994, 21.534063000000003, 0.08865900000000693, 14.502782999999994, 20.215698000000003, 21.00671700000001, 17.842641000000015, 115.31376, 62.13970499999999, 47.54979900000001]","[0.0, 1.0, 1.0, 2.0, 1.0, 5.0, 2.0, 1.0, 1.0, 1.0, 1.0, 3.0, 1.0, -6.0, 1.0, 4.0]","[-8.0, 83.0, 19.0, 16.0, 0.0, 46.0, 15.0, 12.0, -14.0, 68.0, 17.0, 13.0, 28.0, -27.0, 11.0, 14.0]"
2,1791636723.2855933,"[0.0007679999999936626, 15.469583999999998, 22.061408999999998, 22.412972999999994, -0.08712299999999118, 40.95797400000001, 21.885627, 22.76453699999999, 0.08865900000000693, 14.678564999999992, 21.00671700000001, 22.14930000000001, 20.215698000000003, 112.23757499999999, 63.45806999999999, 48.51660000000001]","[0.0, 12.0, 3.0, 3.0, 1.0, 9.0, 1.0, 2.0, 0.0, 1.0, 1.0, 2.0, 6.0, -4.0, 4.0, 1.0]","[-9.0, 58.0, 18.0, 17.0, 0.0, 44.0, 16.0, 12.0, -15.0, 79.0, 19.0, 13.0, 20.0, -29.0, 10.0, 14.0]"
2,1791636723.5086014,"[0.0007679999999936626, 16.963730999999996, 22.852428000000003, 23.291883000000013, -0.08712299999999118, 43.59470400000001, 22.676646000000005, 23.555555999999996, 0.08865900000000693, 17.315294999999992, 21.621953999999988, 22.852428000000003, 20.39148, 109.07349900000003, 64.51276200000001, 49.483401000000015]","[0.0, 1.0, 1.0, 1.0, 1.0, 5.0, 0.0, 1.0, 1.0, 8.0, 7.0, 1.0, 1.0, -2.0, 3.0, 2.0]","[-9.0, 60.0, 19.0, 16.0, 0.0, 42.0, 16.0, 12.0, -15.0, 53.0, 17.0, 13.0, 26.0, -26.0, 11.0, 14.0]"
2,1791636723.7325063,"[0.0007679999999936626, 17.578968000000003, 23.731337999999994, 24.258683999999988, -0.08712299999999118, 45.791979, 23.64344700000001, 24.78603000000001, 0.08865900000000693, 18.106313999999998, 23.203992, 23.819229000000007, 22.237190999999996, 105.64575000000002, 65.47956300000001, 50.362311000000005]","[0.0, 7.0, 1.0, 1.0, 1.0, 6.0, 2.0, 1.0, 0.0, 1.0, 1.0, 3.0, 5.0, -5.0, 2.0, 2.0]","[-8.0, 60.0, 19.0, 18.0, 0.0, 41.0, 17.0, 12.0, -14.0, 62.0, 17.0, 13.0, 20.0, -22.0, 10.0, 13.0]"
2,1791636723.9575346,"[0.0007679999999936626, 19.161006000000015, 24.78603000000001, 25.40126699999999, -0.08712299999999118, 47.37401700000001, 24.873920999999996, 25.66494, 0.0007679999999936626, 18.106313999999998, 24.08290199999999, 25.313376000000005, 23.379773999999998, 102.21800100000002, 66.79792800000001, 51.50489400000001]","[0.0, 1.0, 2.0, 2.0, 1.0, 1.0, 4.0, 1.0, 0.0, 1.0, 2.0, 3.0, 4.0, -6.0, 2.0, 3.0]","[-8.0, 54.0, 20.0, 16.0, 0.0, 47.0, 15.0, 13.0, -14.0, 74.0, 17.0, 13.0, 20.0, -18.0, 9.0, 14.0]"
2,1791636724.1787088,"[0.0007679999999936626, 19.336788000000013, 25.752831000000015, 26.368067999999994, -0.08712299999999118, 49.571292, 25.840722, 26.895413999999988, 0.08865900000000693, 20.039916000000005, 25.137594000000007, 26.192285999999996, 24.610248000000013, 99.05392499999999, 67.94051100000001, 52.559585999999996]","[0.0, 1.0, 3.0, 1.0, 1.0, 1.0, 1.0, 3.0, 1.0, 2.0, 1.0, 2.0, 2.0, -4.0, 3.0, 3.0]","[-8.0, 69.0, 20.0, 17.0, 0.0, 46.0, 15.0, 12.0, -15.0, 57.0, 17.0, 14.0, 19.0, -19.0, 9.0, 14.0]"
2,1791636724.4055316,"[0.0007679999999936626, 19.336788000000013, 26.631741000000005, 27.510650999999996, -0.08712299999999118, 51.94434900000002, 27.071196000000015, 27.42276000000001, 0.08865900000000693, 21.358281000000005, 26.016503999999998, 27.42276000000001, 25.489158000000003, 95.80195800000001, 68.995203, 53.526387]","[0.0, 1.0, 1.0, 3.0, 1.0, 7.0, 3.0, 1.0, 0.0, 8.0, 1.0, 3.0, 1.0, 0.0, 3.0, 1.0]","[-9.0, 79.0, 20.0, 16.0, 0.0, 36.0, 15.0, 12.0, -14.0, 52.0, 17.0, 13.0, 18.0, -17.0, 10.0, 13.0]"
2,1791636724.6294732,"[0.0007679999999936626, 22.061408999999998, 27.59854200000001, 28.477452, -0.08712299999999118, 54.14162400000001, 28.125888000000003, 28.565343000000013, 0.08865900000000693, 23.116101000000015, 27.246978000000013, 28.477452, 26.807523000000003, 92.54999099999998, 70.04989499999999, 54.40529699999999]","[0.0, 16.0, 4.0, 1.0, 1.0, 4.0, 1.0, 3.0, 1.0, 0.0, 3.0, 3.0, 2.0, -5.0, 3.0, 1.0]","[-9.0, 52.0, 20.0, 15.0, 0.0, 36.0, 14.0, 13.0, -14.0, 51.0, 17.0, 12.0, 18.0, -17.0, 0.0, 14.0]"
2,1791636724.8535373,"[0.0007679999999936626, 22.588754999999992, 28.653233999999998, 29.620035, -0.08712299999999118, 56.25100800000001, 29.35636199999999, 29.795817, 0.08865900000000693, 23.995011000000005, 28.125888000000003, 29.35636199999999, 27.510650999999996, 92.54999099999998, 71.016696, 55.54787999999999]","[0.0, 1.0, 1.0, 2.0, 1.0, 4.0, 3.0, 5.0, 1.0, 1.0, 1.0, 5.0, 6.0, 1.0, 1.0, 1.0]","[-8.0, 64.0, 20.0, 15.0, 0.0, 36.0, 13.0, 11.0, -14.0, 51.0, 16.0, 12.0, 19.0, -18.0, 0.0, 14.0]"
2,1791636725.07744,"[0.0007679999999936626, 22.588754999999992, 29.532143999999988, 30.67472699999999, -0.08712299999999118, 58.36039199999999, 30.586836000000005, 30.762618000000003, 0.08865900000000693, 23.995011000000005, 29.35636199999999, 30.498944999999992, 28.829015999999996, 92.46210000000002, 72.07138800000001, 56.690462999999994]","[0.0, 1.0, 0.0, 3.0, 1.0, 2.0, 2.0, 2.0, 1.0, 1.0, 1.0, 3.0, 4.0, 1.0, 2.0, 3.0]","[-8.0, 76.0, 20.0, 16.0, 0.0, 38.0, 14.0, 13.0, -14.0, 62.0, 16.0, 12.0, 19.0, -18.0, 0.0, 13.0]"
2,1791636725.2990131,"[0.0007679999999936626, 25.313376000000005, 30.67472699999999, 31.729419000000007, -0.08712299999999118, 60.909231000000005, 31.641527999999994, 31.905201000000005, 0.08865900000000693, 23.995011000000005, 30.147380999999996, 31.465745999999996, 29.620035, 92.46210000000002, 72.774516, 57.3057]","[0.0, 12.0, 2.0, 2.0, 1.0, 7.0, 1.0, 2.0, 1.0, 1.0, 2.0, 1.0, 1.0, 0.0, 1.0, 1.0]","[-9.0, 49.0, 20.0, 15.0, 0.0, 34.0, 12.0, 11.0, -14.0, 74.0, 17.0, 12.0, 20.0, -17.0, 10.0, 14.0]"
2,1791636725.5253797,"[0.0007679999999936626, 26.71963199999999, 31.729419000000007, 32.52043800000001, -0.08712299999999118, 63.37017900000001, 32.784110999999996, 32.784110999999996, 0.08865900000000693, 27.42276000000001, 31.026291000000015, 32.256765, 29.620035, 92.46210000000002, 72.774516, 57.481482]","[0.0, 2.0, 1.0, 1.0, 1.0, 7.0, 3.0, 3.0, 1.0, 11.0, 2.0, 1.0, 1.0, 0.0, 1.0, 1.0]","[-8.0, 52.0, 20.0, 16.0, 0.0, 27.0, 13.0, 12.0, -14.0, 40.0, 17.0, 13.0, 27.0, -18.0, 12.0, 17.0]"
2,1791636725.7474353,"[0.0007679999999936626, 26.807523000000003, 32.87200200000001, 33.750912, -0.08712299999999118, 65.567454, 34.01458500000001, 34.01458500000001, 0.08865900000000693, 28.389561000000015, 32.344656000000015, 33.223566000000005, 29.620035, 92.46210000000002, 72.950298, 57.657264]","[0.0, 1.0, 3.0, 3.0, 0.0, 1.0, 4.0, 5.0, 1.0, 1.0, 2.0, 5.0, 1.0, 1.0, 1.0, 2.0]","[-9.0, 59.0, 18.0, 14.0, 0.0, 27.0, 11.0, 11.0, -14.0, 48.0, 17.0, 14.0, 33.0, -18.0, 16.0, 20.0]"
2,1791636725.9736514,"[0.0007679999999936626, 28.91690700000001, 33.83880300000001, 34.62982199999999, -0.08712299999999118, 67.501056, 34.981386000000015, 34.80560399999999, 0.08865900000000693, 28.389561000000015, 33.399348, 34.36614900000001, 29.707926000000015, 92.46210000000002, 72.950298, 57.74515500000001]","[0.0, 5.0, 1.0, 1.0, 0.0, 2.0, 4.0, 1.0, 1.0, 0.0, 4.0, 3.0, 1.0, 1.0, 1.0, 0.0]","[-9.0, 50.0, 19.0, 17.0, 0.0, 28.0, 11.0, 12.0, -14.0, 58.0, 15.0, 12.0, 33.0, -17.0, 21.0, 25.0]"
2,1791636726.1972654,"[0.0007679999999936626, 29.883708000000013, 34.981386000000015, 35.77240499999999, -0.08712299999999118, 70.137786, 36.21186, 35.94818699999999, 0.08865900000000693, 29.707926000000015, 34.45403999999999, 35.15716800000001, 29.532143999999988, 92.54999099999998, 72.950298, 57.657264]","[0.0, 7.0, 4.0, 2.0, 0.0, 8.0, 4.0, 1.0, 1.0, 9.0, 3.0, 1.0, 0.0, 1.0, 1.0, 0.0]","[-9.0, 48.0, 18.0, 14.0, 0.0, 21.0, 11.0, 11.0, -14.0, 47.0, 15.0, 13.0, 8.0, 0.0, 10.0, 13.0]"
2,1791636726.4210927,"[0.0007679999999936626, 31.37785500000001, 36.21186, 36.739205999999996, -0.08712299999999118, 72.510843, 37.44233399999999, 36.914987999999994, 0.08865900000000693, 32.080983, 35.596622999999994, 36.299751000000015, 29.532143999999988, 92.54999099999998, 72.950298, 57.657264]","[0.0, 1.0, 4.0, 2.0, 0.0, 5.0, 2.0, 1.0, 1.0, 3.0, 3.0, 3.0, 0.0, 1.0, 1.0, 0.0]","[-8.0, 49.0, 18.0, 15.0, 0.0, 20.0, 11.0, 12.0, -14.0, 40.0, 15.0, 12.0, 9.0, 0.0, 10.0, 13.0]"
2,1791636726.6436248,"[0.0007679999999936626, 31.37785500000001, 37.178661000000005, 37.618116000000015, -0.08712299999999118, 74.70811800000001, 38.40913499999999, 37.96968000000001, 0.08865900000000693, 32.344656000000015, 36.563424, 37.178661000000005, 29.532143999999988, 92.54999099999998, 72.950298, 57.657264]","[0.0, 1.0, 1.0, 3.0, 0.0, 6.0, 2.0, 1.0, 1.0, 1.0, 2.0, 1.0, 0.0, 1.0, 1.0, 0.0]","[-8.0, 57.0, 17.0, 15.0, 0.0, 20.0, 10.0, 11.0, -14.0, 47.0, 16.0, 13.0, 9.0, 0.0, 9.0, 12.0]"
2,1791636726.8665771,"[0.0007679999999936626, 33.13567499999999, 38.32124400000001, 38.40913499999999, -0.08712299999999118, 76.81750199999999, 39.63960900000001, 39.11226300000001, 0.08865900000000693, 33.399348, 37.618116000000015, 38.32124400000001, 29.532143999999988, 92.54999099999998, 72.950298, 57.657264]","[0.0, 7.0, 3.0, 1.0, 0.0, 4.0, 2.0, 4.0, 1.0, 3.0, 3.0, 3.0, 0.0, 1.0, 1.0, 0.0]","[-8.0, 43.0, 17.0, 17.0, 0.0, 21.0, 10.0, 11.0, -14.0, 46.0, 14.0, 12.0, 9.0, 0.0, 10.0, 13.0]"
2,1791636727.0901697,"[0.0007679999999936626, 33.223566000000005, 39.28804500000001, 39.46382700000001, -0.08712299999999118, 79.102668, 40.694300999999996, 40.07906399999999, 0.08865900000000693, 33.399348, 38.672808, 39.28804500000001, 29.532143999999988, 92.54999099999998, 72.950298, 57.657264]","[0.0, 1.0, 1.0, 2.0, 0.0, 7.0, 2.0, 2.0, 1.0, 1.0, 1.0, 4.0, 0.0, 1.0, 1.0, 0.0]","[-9.0, 56.0, 18.0, 16.0, 0.0, 16.0, 10.0, 11.0, -14.0, 56.0, 14.0, 12.0, 9.0, 0.0, 9.0, 13.0]"
2,1791636727.3171546,"[0.0007679999999936626, 35.596622999999994, 40.518519, 40.60641000000001, -0.08712299999999118, 81.47572500000001, 41.661102, 40.870082999999994, 0.08865900000000693, 33.399348, 39.72749999999999, 40.342737, 29.532143999999988, 92.54999099999998, 72.950298, 57.657264]","[0.0, 5.0, 4.0, 2.0, 0.0, 7.0, 1.0, 1.0, 1.0, 0.0, 3.0, 2.0, 0.0, 1.0, 1.0, 0.0]","[-9.0, 37.0, 17.0, 15.0, 0.0, 14.0, 10.0, 12.0, -14.0, 68.0, 14.0, 12.0, 9.0, 0.0, 10.0, 13.0]"
2,1791636727.537998,"[0.0007679999999936626, 35.77240499999999, 41.661102, 41.48532, -0.08712299999999118, 84.11245500000001, 42.891576000000015, 42.10055700000001, 0.08865900000000693, 36.387642, 40.694300999999996, 41.39742899999999, 29.532143999999988, 92.54999099999998, 72.950298, 57.657264]","[0.0, 1.0, 4.0, 4.0, 0.0, 8.0, 3.0, 4.0, 1.0, 17.0, 2.0, 2.0, 0.0, 1.0, 1.0, 0.0]","[-8.0, 52.0, 16.0, 16.0, 0.0, 12.0, 10.0, 11.0, -14.0, 40.0, 13.0, 12.0, 9.0, 0.0, 9.0, 13.0]"
2,1791636727.7621686,"[0.0007679999999936626, 37.618116000000015, 42.627903, 42.803685, 0.0007679999999936626, 85.60660200000001, 43.59470400000001, 42.891576000000015, 0.08865900000000693, 37.44233399999999, 41.92477500000001, 42.54001199999999, 29.532143999999988, 92.54999099999998, 72.950298, 57.657264]","[1.0, 5.0, 1.0, 5.0, 1.0, 1.0, 0.0, 1.0, 1.0, 1.0, 2.0, 3.0, 0.0, 1.0, 1.0, 0.0]","[-9.0, 42.0, 16.0, 15.0, -10.0, 16.0, 10.0, 11.0, -15.0, 47.0, 13.0, 13.0, 9.0, 0.0, 10.0, 13.0]"
2,1791636727.9863973,"[0.0007679999999936626, 37.79389800000001, 43.770486000000005, 43.41892200000001, 0.0007679999999936626, 86.04605700000002, 43.770486000000005, 43.41892200000001, 0.08865900000000693, 38.14546200000001, 43.06735800000001, 43.59470400000001, 29.532143999999988, 92.54999099999998, 72.950298, 57.657264]","[1.0, 1.0, 1.0, 2.0, 1.0, 1.0, 1.0, 2.0, 1.0, 1.0, 3.0, 2.0, 0.0, 1.0, 1.0, 0.0]","[-8.0, 48.0, 15.0, 16.0, -11.0, 21.0, 12.0, 13.0, -15.0, 49.0, 13.0, 11.0, 9.0, 0.0, 9.0, 13.0]"
2,1791636728.2131426,"[0.0007679999999936626, 38.84859, 44.649395999999996, 44.73728700000001, 0.0007679999999936626, 86.48551200000003, 44.56150500000001, 44.825177999999994, 0.08865900000000693, 38.58491699999999, 44.12205, 44.73728700000001, 29.532143999999988, 92.54999099999998, 73.03818900000002, 57.74515500000001]","[0.0, 11.0, 1.0, 5.0, 1.0, 1.0, 5.0, 4.0, 0.0, 3.0, 3.0, 2.0, 0.0, 1.0, 1.0, 1.0]","[-7.0, 43.0, 17.0, 15.0, -11.0, 35.0, 12.0, 11.0, -14.0, 54.0, 13.0, 11.0, 9.0, 0.0, 0.0, 5.0]"
2,1791636728.434194,"[-0.08712299999999118, 40.870082999999994, 45.791979, 45.791979, 0.08865900000000693, 87.54020400000002, 45.35252399999999, 45.791979, 0.08865900000000693, 41.573211000000015, 45.088851000000005, 45.264633, 29.444253000000003, 92.63788199999999, 73.03818900000002, 57.74515500000001]","[1.0, 1.0, 2.0, 1.0, 1.0, 1.0, 1.0, 1.0, 1.0, 6.0, 2.0, 6.0, 0.0, 1.0, 1.0, 1.0]","[-2.0, 40.0, 17.0, 14.0, -12.0, 45.0, 14.0, 11.0, -14.0, 33.0, 13.0, 11.0, 9.0, -10.0, 0.0, 0.0]"
2,1791636728.661125,"[-0.08712299999999118, 40.95797400000001, 46.75878, 47.110344, 0.08865900000000693, 87.54020400000002, 46.05565200000001, 46.75878, 0.08865900000000693, 41.661102, 46.05565200000001, 47.02245300000001, 29.444253000000003, 92.63788199999999, 73.03818900000002, 57.74515500000001]","[1.0, 1.0, 1.0, 3.0, 1.0, 1.0, 1.0, 2.0, 1.0, 1.0, 1.0, 3.0, 0.0, 1.0, 1.0, 1.0]","[-1.0, 51.0, 16.0, 15.0, -12.0, 49.0, 14.0, 12.0, -14.0, 45.0, 13.0, 11.0, 9.0, -11.0, 0.0, 0.0]"
2,1791636728.8821645,"[-0.08712299999999118, 43.155249, 47.901363, 48.077145, 0.08865900000000693, 87.71598599999999, 46.846671000000015, 47.54979900000001, 0.08865900000000693, 43.41892200000001, 47.286125999999996, 47.81347199999999, 29.444253000000003, 92.63788199999999, 73.03818900000002, 57.74515500000001]","[0.0, 7.0, 3.0, 3.0, 1.0, 0.0, 1.0, 1.0, 1.0, 4.0, 1.0, 1.0, 0.0, 1.0, 1.0, 1.0]","[0.0, 36.0, 16.0, 14.0, -11.0, 50.0, 15.0, 13.0, -14.0, 36.0, 13.0, 11.0, 9.0, -9.0, 0.0, 0.0]"
2,1791636729.109061,"[-0.08712299999999118, 44.473614, 48.780272999999994, 49.219728, 0.0007679999999936626, 87.71598599999999, 47.02245300000001, 47.81347199999999, 0.17654999999999177, 43.41892200000001, 48.428709, 48.95605499999999, 29.444253000000003, 92.63788199999999, 73.03818900000002, 57.74515500000001]","[0.0, 2.0, 3.0, 4.0, 0.0, 0.0, 1.0, 1.0, 1.0, 1.0, 3.0, 3.0, 1.0, 1.0, 1.0, 1.0]","[0.0, 34.0, 16.0, 15.0, -12.0, 50.0, 19.0, 14.0, -14.0, 46.0, 11.0, 12.0, 9.0, -10.0, 0.0, 0.0]"
2,1791636729.329754,"[-0.08712299999999118, 45.616197, 49.747074, 50.45020199999999, 0.0007679999999936626, 87.71598599999999, 47.461907999999994, 48.077145, 0.08865900000000693, 46.143542999999994, 49.39551, 49.922855999999996, 29.444253000000003, 92.63788199999999, 73.03818900000002, 57.74515500000001]","[1.0, 2.0, 1.0, 4.0, 0.0, 0.0, 1.0, 1.0, 0.0, 8.0, 2.0, 3.0, 0.0, 1.0, 1.0, 1.0]","[0.0, 35.0, 16.0, 15.0, -11.0, 50.0, 21.0, 18.0, -14.0, 30.0, 12.0, 11.0, 9.0, -11.0, 0.0, 0.0]"
2,1791636729.5559285,"[-0.08712299999999118, 45.616197, 50.801766000000015, 51.32911200000001, 0.0007679999999936626, 87.71598599999999, 47.461907999999994, 48.165036000000015, 0.08865900000000693, 47.02245300000001, 50.538093, 50.889657, 29.444253000000003, 92.63788199999999, 73.03818900000002, 57.74515500000001]","[0.0, 1.0, 2.0, 3.0, 0.0, 0.0, 1.0, 1.0, 0.0, 1.0, 4.0, 2.0, 1.0, 1.0, 1.0, 1.0]","[0.0, 43.0, 16.0, 14.0, -11.0, 49.0, 30.0, 21.0, -14.0, 33.0, 11.0, 11.0, 9.0, -10.0, 0.0, 0.0]"
2,1791636729.7782712,"[-0.08712299999999118, 47.725581000000005, 51.94434900000002, 52.383804, 0.0007679999999936626, 87.18864000000002, 47.37401700000001, 48.077145, 0.08865900000000693, 47.02245300000001, 51.680676000000005, 51.856458, 29.444253000000003, 92.63788199999999, 73.03818900000002, 57.74515500000001]","[0.0, 9.0, 1.0, 1.0, 0.0, 0.0, 0.0, 0.0, 0.0, 1.0, 4.0, 2.0, 1.0, 1.0, 1.0, 0.0]","[0.0, 32.0, 16.0, 15.0, 11.0, 11.0, 10.0, 9.0, -14.0, 41.0, 11.0, 11.0, 9.0, -10.0, 0.0, 0.0]"
2,1791636730.002138,"[-0.08712299999999118, 49.13183699999999, 52.999041000000005, 53.438496000000015, 0.0007679999999936626, 87.18864000000002, 47.37401700000001, 48.077145, 0.08865900000000693, 48.604490999999996, 52.29591300000001, 52.91114999999999, 29.444253000000003, 92.63788199999999, 73.03818900000002, 57.74515500000001]","[0.0, 3.0, 3.0, 4.0, 0.0, 1.0, 0.0, 1.0, 1.0, 8.0, 1.0, 4.0, 1.0, 1.0, 1.0, 0.0]","[0.0, 30.0, 16.0, 13.0, 11.0, 10.0, 9.0, 10.0, -14.0, 34.0, 12.0, 11.0, 9.0, -11.0, 0.0, 0.0]"
2,1791636730.2268205,"[0.0007679999999936626, 49.747074, 54.053732999999994, 54.22951499999999, 0.0007679999999936626, 87.18864000000002, 47.37401700000001, 48.077145, 0.08865900000000693, 50.362311000000005, 53.526387, 53.79006000000001, 29.444253000000003, 92.63788199999999, 73.03818900000002, 57.74515500000001]","[1.0, 0.0, 4.0, 5.0, 0.0, 1.0, 0.0, 0.0, 0.0, 3.0, 1.0, 1.0, 0.0, 1.0, 1.0, 0.0]","[-5.0, 32.0, 15.0, 13.0, 11.0, 11.0, 9.0, 10.0, -14.0, 30.0, 12.0, 11.0, 10.0, -10.0, 0.0, 0.0]"
2,1791636730.4498978,"[-0.08712299999999118, 50.801766000000015, 55.196315999999996, 55.45998900000001, 0.0007679999999936626, 87.18864000000002, 47.37401700000001, 48.077145, 0.08865900000000693, 50.97754800000001, 54.66897, 55.020534, 29.444253000000003, 92.63788199999999, 73.03818900000002, 57.74515500000001]","[0.0, 1.0, 3.0, 3.0, 0.0, 0.0, 0.0, 1.0, 0.0, 0.0, 4.0, 3.0, 0.0, 1.0, 1.0, 0.0]","[0.0, 34.0, 15.0, 14.0, 12.0, 11.0, 9.0, 10.0, -15.0, 34.0, 11.0, 11.0, 10.0, -10.0, 0.0, 0.0]"
2,1791636730.673921,"[0.0007679999999936626, 52.208022, 56.163117, 56.338899, 0.0007679999999936626, 87.18864000000002, 47.37401700000001, 48.077145, 0.08865900000000693, 51.680676000000005, 55.635771000000005, 55.89944400000002, 29.444253000000003, 92.63788199999999, 73.03818900000002, 57.74515500000001]","[1.0, 5.0, 2.0, 1.0, 0.0, 1.0, 0.0, 0.0, 1.0, 1.0, 3.0, 3.0, 1.0, 1.0, 1.0, 0.0]","[-4.0, 27.0, 15.0, 15.0, 11.0, 10.0, 10.0, 9.0, -14.0, 35.0, 11.0, 11.0, 9.0, -11.0, 0.0, 0.0]"
2,1791636730.9008412,"[0.0007679999999936626, 53.438496000000015, 57.129918, 57.21780900000002, 0.0007679999999936626, 87.18864000000002, 47.37401700000001, 48.077145, 0.08865900000000693, 51.680676000000005, 56.514680999999996, 56.86624499999999, 29.444253000000003, 92.63788199999999, 73.03818900000002, 57.74515500000001]","[1.0, 0.0, 1.0, 1.0, 0.0, 1.0, 0.0, 0.0, 1.0, 1.0, 2.0, 3.0, 1.0, 1.0, 1.0, 0.0]","[-6.0, 29.0, 14.0, 14.0, 10.0, 11.0, 9.0, 9.0, -14.0, 44.0, 11.0, 11.0, 10.0, -11.0, 0.0, 0.0]"
2,1791636731.1221771,"[-0.08712299999999118, 54.756861000000015, 58.448283, 58.09671900000001, 0.0007679999999936626, 87.18864000000002, 47.37401700000001, 48.077145, 0.17654999999999177, 53.96584200000001, 57.74515500000001, 57.92093700000001, 29.444253000000003, 92.63788199999999, 73.03818900000002, 57.74515500000001]","[1.0, 2.0, 4.0, 2.0, 0.0, 0.0, 0.0, 1.0, 1.0, 7.0, 3.0, 4.0, 1.0, 1.0, 1.0, 0.0]","[-3.0, 28.0, 14.0, 14.0, 11.0, 11.0, 9.0, 10.0, -14.0, 30.0, 12.0, 11.0, 9.0, -10.0, 0.0, 0.0]"
2,1791636731.3471646,"[0.0007679999999936626, 55.635771000000005, 59.590866000000005, 59.23930200000001, 0.0007679999999936626, 87.18864000000002, 47.37401700000001, 48.077145, 0.17654999999999177, 55.10842500000001, 58.88773800000001, 58.88773800000001, 29.444253000000003, 92.63788199999999, 73.03818900000002, 57.74515500000001]","[0.0, 1.0, 3.0, 2.0, 0.0, 1.0, 0.0, 0.0, 1.0, 1.0, 3.0, 2.0, 0.0, 1.0, 1.0, 0.0]","[-5.0, 27.0, 14.0, 15.0, 11.0, 11.0, 10.0, 9.0, -14.0, 31.0, 10.0, 11.0, 10.0, -10.0, 0.0, 0.0]"
2,1791636731.5728245,"[0.0007679999999936626, 56.954136000000005, 59.766648, 60.118212, 0.0007679999999936626, 87.18864000000002, 47.37401700000001, 48.077145, 0.08865900000000693, 55.987335, 58.975629, 59.85453900000002, 29.444253000000003, 92.63788199999999, 73.03818900000002, 57.74515500000001]","[0.0, 2.0, 1.0, 3.0, 0.0, 1.0, 0.0, 0.0, 1.0, 2.0, 1.0, 3.0, 0.0, 1.0, 1.0, 0.0]","[-5.0, 26.0, 14.0, 13.0, 11.0, 10.0, 9.0, 9.0, -14.0, 32.0, 11.0, 10.0, 9.0, -10.0, 0.0, 0.0]"
2,1791636731.7959356,"[0.0007679999999936626, 58.008827999999994, 59.766648, 61.260795, 0.0007679999999936626, 87.18864000000002, 47.37401700000001, 48.077145, 0.08865900000000693, 55.987335, 58.975629, 60.909231000000005, 29.444253000000003, 92.63788199999999, 73.03818900000002, 57.74515500000001]","[1.0, 3.0, 1.0, 3.0, 0.0, 1.0, 0.0, 0.0, -1.0, 1.0, 0.0, 3.0, 0.0, 1.0, 1.0, 0.0]","[-8.0, 26.0, 14.0, 15.0, 10.0, 11.0, 9.0, 10.0, -14.0, 41.0, 11.0, 11.0, 10.0, -11.0, 0.0, 0.0]"
2,1791636732.018509,"[0.0007679999999936626, 58.88773800000001, 59.766648, 62.13970499999999, 0.0007679999999936626, 87.18864000000002, 47.37401700000001, 48.077145, 0.17654999999999177, 57.56937300000001, 58.975629, 61.87603200000001, 29.444253000000003, 92.63788199999999, 73.03818900000002, 57.74515500000001]","[1.0, 1.0, 1.0, 2.0, 0.0, 1.0, 0.0, 1.0, 1.0, 8.0, 0.0, 1.0, 1.0, 1.0, 1.0, 0.0]","[-5.0, 26.0, 14.0, 14.0, 11.0, 11.0, 10.0, 9.0, -14.0, 32.0, 11.0, 11.0, 9.0, -10.0, 0.0, 0.0]"
2,1791636732.2449043,"[0.0007679999999936626, 59.766648, 59.85453900000002, 63.19439700000001, 0.0007679999999936626, 87.18864000000002, 47.37401700000001, 48.077145, 0.17654999999999177, 60.030321000000015, 59.06352000000001, 63.01861500000001, 29.444253000000003, 92.63788199999999, 73.03818900000002, 57.74515500000001]","[1.0, 1.0, 1.0, 3.0, 0.0, 1.0, 0.0, 0.0, 1.0, 5.0, 1.0, 2.0, 0.0, 1.0, 1.0, 0.0]","[-7.0, 27.0, 13.0, 14.0, 11.0, 11.0, 10.0, 10.0, -14.0, 24.0, 10.0, 11.0, 9.0, -10.0, 0.0, 0.0]"
2,1791636732.4660804,"[0.0007679999999936626, 60.645557999999994, 59.85453900000002, 64.16119800000001, 0.0007679999999936626, 87.18864000000002, 47.37401700000001, 48.077145, 0.08865900000000693, 60.73344900000001, 59.06352000000001, 63.897525, 29.444253000000003, 92.63788199999999, 73.03818900000002, 57.74515500000001]","[0.0, 3.0, 1.0, 2.0, 0.0, 1.0, 0.0, 0.0, 0.0, 3.0, 1.0, 2.0, 0.0, 1.0, 1.0, 0.0]","[-8.0, 23.0, 13.0, 15.0, 12.0, 10.0, 9.0, 10.0, -14.0, 26.0, 10.0, 11.0, 9.0, -11.0, 0.0, 0.0]"
2,1791636732.690337,"[0.0007679999999936626, 62.227596000000005, 59.85453900000002, 65.21589, 0.0007679999999936626, 87.18864000000002, 47.37401700000001, 48.077145, 0.17654999999999177, 61.963922999999994, 59.151410999999996, 64.864326, 29.444253000000003, 92.63788199999999, 73.03818900000002, 57.74515500000001]","[0.0, 3.0, 1.0, 1.0, 0.0, 1.0, 0.0, 0.0, 2.0, 4.0, 2.0, 2.0, 0.0, 1.0, 1.0, 0.0]","[-8.0, 21.0, 14.0, 14.0, 11.0, 10.0, 9.0, 9.0, -13.0, 24.0, 10.0, 10.0, 10.0, -11.0, 0.0, 0.0]"
2,1791636732.9156246,"[0.0007679999999936626, 63.45806999999999, 59.85453900000002, 66.27058199999999, 0.0007679999999936626, 87.18864000000002, 47.37401700000001, 48.077145, 0.08865900000000693, 63.282287999999994, 59.41508400000001, 66.00690900000001, 29.444253000000003, 92.63788199999999, 73.03818900000002, 57.74515500000001]","[0.0, 3.0, 1.0, 1.0, 0.0, 0.0, 0.0, 0.0, 1.0, 3.0, 1.0, 2.0, 1.0, 1.0, 1.0, 0.0]","[-6.0, 20.0, 14.0, 13.0, 11.0, 11.0, 10.0, 10.0, -14.0, 23.0, 11.0, 11.0, 9.0, -9.0, 0.0, 0.0]"
2,1791636733.1378546,"[-0.08712299999999118, 64.33698000000001, 59.85453900000002, 67.32527400000001, 0.0007679999999936626, 87.10074900000001, 47.37401700000001, 48.077145, 0.17654999999999177, 64.51276200000001, 59.41508400000001, 66.885819, 29.444253000000003, 92.63788199999999, 73.03818900000002, 57.74515500000001]","[0.0, 1.0, 1.0, 3.0, 0.0, 0.0, 0.0, 1.0, 1.0, 3.0, 1.0, 1.0, 0.0, 1.0, 1.0, 0.0]","[-4.0, 21.0, 13.0, 14.0, 11.0, 11.0, 9.0, 9.0, -15.0, 21.0, 10.0, 11.0, 11.0, -10.0, 0.0, 0.0]"
2,1791636733.3646872,"[0.0007679999999936626, 64.33698000000001, 59.85453900000002, 68.29207500000001, 0.0007679999999936626, 87.18864000000002, 47.37401700000001, 48.077145, 0.17654999999999177, 65.391672, 59.41508400000001, 68.028402, 29.444253000000003, 92.63788199999999, 73.03818900000002, 57.74515500000001]","[1.0, 1.0, 1.0, 1.0, 0.0, 1.0, 0.0, 1.0, 0.0, 1.0, 1.0, 3.0, 1.0, 1.0, 1.0, 0.0]","[-6.0, 28.0, 14.0, 15.0, 11.0, 10.0, 9.0, 6.0, -14.0, 22.0, 9.0, 12.0, 10.0, -11.0, 0.0, 0.0]"
2,1791636733.585657,"[0.0007679999999936626, 66.79792800000001, 59.85453900000002, 69.25887600000001, 0.0007679999999936626, 87.10074900000001, 47.37401700000001, 48.077145, 0.08865900000000693, 66.182691, 59.41508400000001, 68.819421, 29.444253000000003, 92.63788199999999, 73.03818900000002, 57.74515500000001]","[0.0, 4.0, 1.0, 1.0, 0.0, 0.0, 0.0, 1.0, -1.0, 1.0, 1.0, 1.0, 1.0, 1.0, 1.0, 0.0]","[-8.0, 18.0, 14.0, 15.0, 11.0, 11.0, 10.0, 9.0, -14.0, 24.0, 10.0, 11.0, 11.0, -10.0, 0.0, 0.0]"
2,1791636733.8111904,"[0.0007679999999936626, 67.501056, 59.85453900000002, 70.313568, 0.0007679999999936626, 87.18864000000002, 47.37401700000001, 48.077145, 0.08865900000000693, 67.501056, 59.41508400000001, 69.874113, 29.444253000000003, 92.63788199999999, 73.03818900000002, 57.74515500000001]","[1.0, 6.0, 0.0, 3.0, 0.0, 1.0, 0.0, 1.0, 0.0, 5.0, 1.0, 3.0, 0.0, 1.0, 1.0, 0.0]","[-9.0, 19.0, 13.0, 14.0, 11.0, 11.0, 9.0, 11.0, -14.0, 21.0, 10.0, 10.0, 10.0, -10.0, 0.0, 0.0]"
2,1791636734.0334973,"[-0.08712299999999118, 68.73152999999999, 59.85453900000002, 71.28036900000001, 0.0007679999999936626, 87.18864000000002, 47.37401700000001, 48.077145, 0.08865900000000693, 69.08309400000002, 59.41508400000001, 71.016696, 29.444253000000003, 92.63788199999999, 73.03818900000002, 57.74515500000001]","[1.0, 1.0, 0.0, 3.0, 0.0, 0.0, 0.0, 0.0, 1.0, 3.0, 0.0, 2.0, 0.0, 1.0, 1.0, 0.0]","[-1.0, 20.0, 14.0, 14.0, 12.0, 10.0, 9.0, 9.0, -14.0, 19.0, 9.0, 12.0, 9.0, -11.0, 0.0, 0.0]"
2,1791636734.2605817,"[-0.08712299999999118, 69.61044000000001, 59.85453900000002, 72.335061, 0.0007679999999936626, 87.18864000000002, 47.37401700000001, 48.077145, 0.17654999999999177, 69.874113, 59.41508400000001, 72.07138800000001, 29.444253000000003, 92.63788199999999, 73.03818900000002, 57.74515500000001]","[-1.0, 1.0, 1.0, 1.0, 0.0, 1.0, 0.0, 0.0, 1.0, 1.0, 0.0, 3.0, 1.0, 1.0, 1.0, 0.0]","[0.0, 19.0, 13.0, 14.0, 11.0, 11.0, 9.0, 9.0, -14.0, 19.0, 9.0, 10.0, 10.0, -11.0, 0.0, 0.0]"
2,1791636734.4815602,"[-0.08712299999999118, 71.28036900000001, 59.94243, 73.301862, 0.0007679999999936626, 87.18864000000002, 47.37401700000001, 48.077145, 0.17654999999999177, 70.75302300000001, 59.41508400000001, 72.774516, 29.444253000000003, 92.63788199999999, 73.03818900000002, 57.74515500000001]","[0.0, 5.0, 1.0, 3.0, 0.0, 1.0, 0.0, 0.0, 1.0, 1.0, 0.0, 4.0, 0.0, 1.0, 1.0, 0.0]","[-1.0, 16.0, 7.0, 14.0, 11.0, 11.0, 9.0, 9.0, -14.0, 20.0, 9.0, 12.0, 10.0, -10.0, 0.0, 0.0]"
2,1791636734.706098,"[-0.08712299999999118, 72.24717000000001, 59.85453900000002, 74.35655400000002, 0.0007679999999936626, 87.18864000000002, 47.37401700000001, 48.077145, 0.17654999999999177, 71.983497, 59.41508400000001, 73.829208, 29.444253000000003, 92.63788199999999, 73.03818900000002, 57.74515500000001]","[1.0, 1.0, 1.0, 3.0, 0.0, 0.0, 0.0, 0.0, 0.0, 4.0, 0.0, 1.0, 0.0, 1.0, 1.0, 0.0]","[-1.0, 18.0, 7.0, 14.0, 11.0, 10.0, 9.0, 10.0, -14.0, 18.0, 9.0, 11.0, 9.0, -11.0, 0.0, 0.0]"
2,1791636734.9325445,"[-0.08712299999999118, 73.38975300000001, 59.85453900000002, 75.23546400000001, 0.0007679999999936626, 87.18864000000002, 47.37401700000001, 48.077145, 0.17654999999999177, 73.12608, 59.41508400000001, 74.796009, 29.444253000000003, 92.63788199999999, 73.03818900000002, 57.74515500000001]","[0.0, 2.0, 1.0, 3.0, 0.0, 1.0, 0.0, 0.0, 1.0, 3.0, 1.0, 1.0, 0.0, 1.0, 1.0, 0.0]","[0.0, 16.0, 10.0, 14.0, 11.0, 11.0, 9.0, 10.0, -15.0, 18.0, 9.0, 11.0, 9.0, -11.0, 0.0, 0.0]"
2,1791636735.1528194,"[-0.08712299999999118, 74.35655400000002, 59.94243, 76.29015600000002, 0.0007679999999936626, 87.18864000000002, 47.37401700000001, 48.077145, 0.17654999999999177, 74.18077199999999, 59.41508400000001, 75.938592, 29.444253000000003, 92.63788199999999, 73.03818900000002, 57.74515500000001]","[0.0, 1.0, 1.0, 2.0, 0.0, 1.0, 0.0, 1.0, 1.0, 1.0, 0.0, 2.0, 0.0, 1.0, 1.0, 0.0]","[0.0, 18.0, 2.0, 14.0, 11.0, 10.0, 9.0, 10.0, -14.0, 18.0, 9.0, 10.0, 10.0, -11.0, 0.0, 0.0]"
2,1791636735.3781826,"[-0.08712299999999118, 75.587028, 59.94243, 77.256957, 0.0007679999999936626, 87.18864000000002, 47.37401700000001, 48.077145, 0.17654999999999177, 74.53233600000002, 59.41508400000001, 76.905393, 29.444253000000003, 92.63788199999999, 73.03818900000002, 57.74515500000001]","[0.0, 3.0, 1.0, 3.0, 0.0, 0.0, 0.0, 0.0, 1.0, 1.0, 0.0, 2.0, 0.0, 1.0, 1.0, 0.0]","[0.0, 15.0, 0.0, 14.0, 11.0, 11.0, 9.0, 11.0, -15.0, 22.0, 11.0, 11.0, 10.0, -11.0, 0.0, 0.0]"
2,1791636735.6045587,"[-0.08712299999999118, 76.72961099999998, 59.94243, 78.13586700000002, 0.0007679999999936626, 87.18864000000002, 47.37401700000001, 48.077145, 0.17654999999999177, 75.49913699999999, 59.41508400000001, 77.69641200000001, 29.444253000000003, 92.63788199999999, 73.03818900000002, 57.74515500000001]","[0.0, 2.0, 1.0, 1.0, 0.0, 1.0, 0.0, 1.0, 1.0, 1.0, 0.0, 1.0, 0.0, 1.0, 1.0, 0.0]","[0.0, 16.0, 0.0, 16.0, 11.0, 10.0, 9.0, 9.0, -14.0, 21.0, 9.0, 12.0, 10.0, -10.0, 0.0, 0.0]"
2,1791636735.8270755,"[-0.08712299999999118, 77.69641200000001, 59.94243, 79.01477699999998, 0.0007679999999936626, 87.18864000000002, 47.37401700000001, 48.077145, 0.17654999999999177, 77.16906599999999, 59.41508400000001, 78.83899500000001, 29.444253000000003, 92.63788199999999, 73.03818900000002, 57.74515500000001]","[0.0, 3.0, 1.0, 1.0, 0.0, 1.0, 0.0, 0.0, 1.0, 5.0, 1.0, 3.0, 0.0, 1.0, 1.0, 0.0]","[0.0, 15.0, 0.0, 15.0, 11.0, 11.0, 10.0, 10.0, -14.0, 17.0, 9.0, 12.0, 9.0, -11.0, 0.0, 0.0]"
2,1791636736.0493617,"[-0.08712299999999118, 78.751104, 59.94243, 80.15735999999998, 0.0007679999999936626, 87.18864000000002, 47.37401700000001, 48.077145, 0.17654999999999177, 78.047976, 59.50297499999999, 79.71790500000003, 29.444253000000003, 92.63788199999999, 73.03818900000002, 57.74515500000001]","[0.0, 1.0, 1.0, 2.0, 0.0, 0.0, 0.0, 0.0, 1.0, 1.0, 1.0, 4.0, 0.0, 1.0, 1.0, 0.0]","[0.0, 16.0, 0.0, 14.0, 12.0, 11.0, 9.0, 10.0, -15.0, 19.0, 10.0, 12.0, 10.0, -11.0, 0.0, 0.0]"
2,1791636736.2735958,"[-0.08712299999999118, 80.06946900000003, 59.94243, 81.12416100000002, 0.0007679999999936626, 87.18864000000002, 47.37401700000001, 48.077145, 0.17654999999999177, 78.57532200000003, 59.41508400000001, 80.684706, 29.444253000000003, 92.63788199999999, 73.03818900000002, 57.74515500000001]","[0.0, 3.0, 1.0, 4.0, 0.0, 1.0, 0.0, 0.0, 1.0, 0.0, 0.0, 3.0, 0.0, 1.0, 1.0, 0.0]","[0.0, 14.0, 0.0, 15.0, 11.0, 10.0, 9.0, 10.0, -14.0, 21.0, 10.0, 11.0, 9.0, -10.0, 0.0, 0.0]"
2,1791636736.5003986,"[-0.08712299999999118, 81.21205200000003, 59.94243, 82.09096199999999, 0.0007679999999936626, 87.18864000000002, 47.37401700000001, 48.077145, 0.17654999999999177, 79.102668, 59.50297499999999, 81.56361600000002, 29.444253000000003, 92.63788199999999, 73.03818900000002, 57.74515500000001]","[0.0, 1.0, 1.0, 3.0, 0.0, 0.0, 0.0, 0.0, 1.0, 1.0, 1.0, 2.0, 1.0, 1.0, 1.0, 0.0]","[0.0, 16.0, 0.0, 16.0, 11.0, 10.0, 10.0, 9.0, -14.0, 25.0, 10.0, 12.0, 10.0, -10.0, 0.0, 0.0]"
2,1791636736.720314,"[-0.08712299999999118, 82.178853, 59.94243, 83.05776300000002, 0.0007679999999936626, 87.18864000000002, 47.37401700000001, 48.077145, 0.17654999999999177, 79.542123, 59.50297499999999, 82.79408999999998, 29.444253000000003, 92.63788199999999, 73.03818900000002, 57.74515500000001]","[0.0, 3.0, 1.0, 3.0, 0.0, 0.0, 0.0, 0.0, 1.0, 1.0, 1.0, 2.0, 0.0, 1.0, 1.0, 0.0]","[0.0, 14.0, 0.0, 14.0, 11.0, 10.0, 9.0, 9.0, -14.0, 28.0, 10.0, 11.0, 10.0, -10.0, 0.0, 0.0]"
2,1791636736.9465702,"[-0.08712299999999118, 83.321436, 59.94243, 84.024564, 0.0007679999999936626, 87.18864000000002, 47.37401700000001, 48.077145, 0.17654999999999177, 81.65150699999998, 59.50297499999999, 83.76089100000002, 29.444253000000003, 92.63788199999999, 73.03818900000002, 57.74515500000001]","[0.0, 1.0, 1.0, 1.0, 0.0, 0.0, 0.0, 0.0, 1.0, 13.0, 1.0, 1.0, 0.0, 1.0, 1.0, 0.0]","[0.0, 14.0, 0.0, 15.0, 10.0, 11.0, 9.0, 10.0, -14.0, 18.0, 9.0, 11.0, 9.0, -10.0, 0.0, 0.0]"
2,1791636737.1693933,"[-0.08712299999999118, 84.28823699999998, 59.94243, 85.07925599999999, 0.0007679999999936626, 87.10074900000001, 47.37401700000001, 48.077145, 0.17654999999999177, 82.79408999999998, 59.41508400000001, 84.815583, 29.444253000000003, 92.63788199999999, 73.03818900000002, 57.74515500000001]","[0.0, 1.0, 1.0, 3.0, 0.0, 0.0, 0.0, 0.0, 1.0, 1.0, 1.0, 1.0, 0.0, 1.0, 1.0, 0.0]","[0.0, 13.0, 0.0, 13.0, 11.0, 11.0, 9.0, 10.0, -14.0, 20.0, 9.0, 11.0, 10.0, -10.0, 0.0, 0.0]"
2,1791636737.3930602,"[-0.08712299999999118, 85.60660200000001, 59.94243, 86.13394799999998, 0.0007679999999936626, 87.18864000000002, 47.37401700000001, 48.077145, 0.17654999999999177, 83.14565399999998, 59.50297499999999, 85.78238399999998, 29.444253000000003, 92.63788199999999, 73.03818900000002, 57.74515500000001]","[0.0, 3.0, 1.0, 2.0, 0.0, 0.0, 0.0, 0.0, 1.0, 3.0, 0.0, 4.0, 0.0, 1.0, 1.0, 0.0]","[0.0, 13.0, 0.0, 15.0, 12.0, 11.0, 9.0, 10.0, -14.0, 23.0, 9.0, 12.0, 9.0, -11.0, 0.0, 0.0]"
2,1791636737.618935,"[-0.08712299999999118, 86.661294, 59.94243, 87.10074900000001, 0.0007679999999936626, 87.18864000000002, 47.37401700000001, 48.077145, 0.17654999999999177, 83.84878200000003, 59.50297499999999, 86.661294, 29.444253000000003, 92.63788199999999, 73.03818900000002, 57.74515500000001]","[0.0, 3.0, 1.0, 1.0, 0.0, 0.0, 0.0, 0.0, 1.0, 2.0, 1.0, 1.0, 1.0, 1.0, 1.0, 0.0]","[0.0, 13.0, 0.0, 15.0, 11.0, 9.0, 9.0, 10.0, -14.0, 27.0, 9.0, 13.0, 9.0, -10.0, 0.0, 0.0]"
2,1791636737.8413467,"[-0.08712299999999118, 87.36442199999999, 59.94243, 87.97965900000003, 0.0007679999999936626, 87.18864000000002, 47.37401700000001, 48.077145, 0.17654999999999177, 83.84878200000003, 59.50297499999999, 87.54020400000002, 29.444253000000003, 92.63788199999999, 73.03818900000002, 57.74515500000001]","[0.0, 2.0, 1.0, 1.0, 0.0, 1.0, 0.0, 0.0, 1.0, 0.0, 0.0, 2.0, 0.0, 1.0, 1.0, 0.0]","[0.0, 12.0, 0.0, 16.0, 11.0, 11.0, 10.0, 10.0, -14.0, 34.0, 10.0, 13.0, 9.0, -10.0, 0.0, 0.0]"
2,1791636738.06824,"[-0.08712299999999118, 88.594896, 59.94243, 88.85856899999999, 0.0007679999999936626, 87.18864000000002, 47.37401700000001, 48.077145, 0.17654999999999177, 85.25503800000001, 59.50297499999999, 88.594896, 29.444253000000003, 92.63788199999999, 73.03818900000002, 57.74515500000001]","[0.0, 4.0, 1.0, 2.0, 0.0, 0.0, 0.0, 0.0, 1.0, 5.0, 0.0, 3.0, 1.0, 1.0, 1.0, 0.0]","[0.0, 12.0, 0.0, 14.0, 11.0, 11.0, 10.0, 10.0, -14.0, 30.0, 9.0, 13.0, 10.0, -11.0, 0.0, 0.0]"
2,1791636738.5138795,"[-0.08712299999999118, 90.17693400000002, 59.94243, 89.03435100000002, 0.0007679999999936626, 87.18864000000002, 47.37401700000001, 48.077145, 0.17654999999999177, 86.48551200000003, 59.50297499999999, 88.594896, 29.444253000000003, 92.63788199999999, 73.03818900000002, 57.74515500000001]","[0.0, 1.0, 1.0, 1.0, 0.0, 0.0, 0.0, 0.0, 1.0, 0.0, 1.0, 1.0, 0.0, 1.0, 1.0, 0.0]","[0.0, 12.0, 0.0, 16.0, 12.0, 10.0, 9.0, 10.0, -14.0, 30.0, 10.0, 12.0, 9.0, -11.0, 0.0, 0.0]"
2,1791636738.7374766,"[-0.08712299999999118, 90.96795300000002, 59.94243, 89.03435100000002, 0.0007679999999936626, 87.18864000000002, 47.37401700000001, 48.077145, 0.17654999999999177, 87.452313, 59.50297499999999, 88.594896, 29.444253000000003, 92.63788199999999, 73.03818900000002, 57.74515500000001]","[0.0, 3.0, 1.0, 1.0, 0.0, 1.0, 0.0, 1.0, 1.0, 3.0, 1.0, 1.0, 0.0, 1.0, 1.0, 0.0]","[0.0, 11.0, 0.0, 14.0, 11.0, 10.0, 9.0, 7.0, -14.0, 29.0, 9.0, 13.0, 9.0, -10.0, 0.0, 0.0]"
2,1791636738.9642148,"[-0.08712299999999118, 92.19842699999998, 59.94243, 89.03435100000002, 0.0007679999999936626, 87.18864000000002, 47.37401700000001, 48.077145, 0.17654999999999177, 87.452313, 59.50297499999999, 88.594896, 29.444253000000003, 92.63788199999999, 73.03818900000002, 57.74515500000001]","[0.0, 3.0, 1.0, 1.0, 0.0, 1.0, 0.0, 0.0, 1.0, 1.0, 1.0, 1.0, 0.0, 1.0, 1.0, 0.0]","[0.0, 11.0, 0.0, 15.0, 11.0, 10.0, 10.0, 9.0, -15.0, 38.0, 10.0, 12.0, 9.0, -10.0, 0.0, 0.0]"
2,1791636739.1881998,"[-0.08712299999999118, 93.34100999999998, 59.94243, 89.03435100000002, 0.0007679999999936626, 87.18864000000002, 47.37401700000001, 48.077145, 0.08865900000000693, 88.77067799999998, 59.50297499999999, 88.594896, 29.444253000000003, 92.63788199999999, 73.03818900000002, 57.74515500000001]","[0.0, 3.0, 1.0, 1.0, 0.0, 1.0, 0.0, 1.0, 0.0, 1.0, 1.0, 1.0, 0.0, 1.0, 1.0, 0.0]","[0.0, 11.0, 0.0, 16.0, 11.0, 10.0, 9.0, 10.0, -14.0, 34.0, 9.0, 12.0, 9.0, -10.0, 0.0, 0.0]"
2,1791636739.4085307,"[-0.08712299999999118, 94.48359299999998, 59.94243, 89.03435100000002, 0.0007679999999936626, 87.18864000000002, 47.37401700000001, 48.077145, 0.17654999999999177, 88.77067799999998, 59.50297499999999, 88.594896, 29.444253000000003, 92.63788199999999, 73.03818900000002, 57.74515500000001]","[0.0, 3.0, 1.0, 1.0, 0.0, 1.0, 0.0, 0.0, 1.0, 1.0, 1.0, 1.0, 0.0, 1.0, 1.0, 0.0]","[0.0, 10.0, 0.0, 14.0, 11.0, 11.0, 9.0, 9.0, -15.0, 44.0, 9.0, 12.0, 10.0, -10.0, 0.0, 0.0]"
3,1791636741.425605,"[-0.08712299999999118, -4.833236999999997, -1.1418150000000082, -0.2629049999999893, -0.08712299999999118, -5.4484740000000045, 0.0007679999999936626, -0.35079600000000255, 0.0007679999999936626, -5.272692000000006, -1.3175970000000063, 0.08865900000000693, -2.196506999999997, 178.33160700000002, 40.07906399999999, 25.840722]","[1.0, 0.0, 1.0, 1.0, 1.0, 1.0, 0.0, 1.0, 1.0, 1.0, 0.0, 0.0, 1.0, 1.0, 1.0, 0.0]","[0.0, 31.0, 16.0, 13.0, 0.0, 34.0, -9.0, 10.0, -14.0, 36.0, 11.0, -10.0, 16.0, 16.0, -11.0, -15.0]"
3,1791636741.651991,"[-0.5265780000000007, -4.745346000000012, -1.1418150000000082, -0.08712299999999118, -0.08712299999999118, -5.4484740000000045, 0.6160050000000012, -0.35079600000000255, 0.7917869999999994, -5.272692000000006, -1.1418150000000082, 0.26444100000000503, -2.196506999999997, 178.06793399999998, 40.07906399999999, 25.928613000000013]","[0.0, 1.0, 1.0, 1.0, 1.0, 1.0, 1.0, 1.0, 2.0, 1.0, 1.0, 1.0, 0.0, 1.0, 0.0, 1.0]","[-9.0, 47.0, 19.0, 16.0, 0.0, 52.0, 11.0, 12.0, 14.0, 55.0, 14.0, 11.0, 20.0, -12.0, 11.0, 13.0]"
3,1791636741.876035,"[-1.3175970000000063, -3.514871999999997, 0.0007679999999936626, 0.528113999999988, -0.08712299999999118, -3.690653999999995, 1.2312420000000088, 0.26444100000000503, 0.7917869999999994, -3.866435999999993, -0.8781419999999969, 0.26444100000000503, -2.196506999999997, 177.62847900000003, 40.43062800000001, 26.368067999999994]","[0.0, 1.0, 1.0, 2.0, 1.0, 0.0, 1.0, 2.0, 0.0, 1.0, 1.0, 1.0, 1.0, 0.0, 3.0, 1.0]","[-9.0, 54.0, 19.0, 16.0, 0.0, 53.0, 11.0, 13.0, 16.0, 61.0, 16.0, 13.0, 25.0, -24.0, 12.0, 14.0]"
3,1791636742.0975635,"[-2.372288999999995, -1.3175970000000063, 0.8796780000000126, 1.582806000000005, -0.08712299999999118, -2.108616000000012, 1.9343700000000013, 1.407024000000007, 2.813279999999992, -2.372288999999995, 0.08865900000000693, 0.7917869999999994, -2.196506999999997, 176.83746000000002, 41.39742899999999, 27.159087]","[0.0, 5.0, 1.0, 1.0, 1.0, 5.0, 2.0, 1.0, 3.0, 1.0, 2.0, 1.0, 1.0, 0.0, 4.0, 1.0]","[-10.0, 52.0, 19.0, 16.0, 0.0, 60.0, 11.0, 13.0, 14.0, 69.0, 17.0, 15.0, 34.0, -39.0, 12.0, 15.0]"
3,1791636742.3212428,"[-3.426981000000012, 0.17654999999999177, 1.7585880000000031, 2.549607000000009, -0.08712299999999118, 0.3523319999999899, 2.6374979999999937, 2.1980430000000126, 2.901171000000005, -2.372288999999995, 1.0554600000000107, 1.9343700000000013, -2.196506999999997, 173.32182, 42.188447999999994, 28.03799699999999]","[-2.0, 1.0, 1.0, 4.0, 1.0, 6.0, 1.0, 2.0, 1.0, 1.0, 1.0, 6.0, 1.0, -4.0, 1.0, 1.0]","[-10.0, 58.0, 20.0, 17.0, 0.0, 52.0, 13.0, 14.0, 16.0, 96.0, 17.0, 14.0, 41.0, -32.0, 13.0, 15.0]"
3,1791636742.547883,"[-4.305891000000003, 1.582806000000005, 2.813279999999992, 3.6042989999999975, -0.08712299999999118, 2.0222610000000145, 3.4285169999999994, 3.164843999999988, 4.746881999999999, 2.2859339999999975, 2.1101519999999994, 2.813279999999992, -0.8781419999999969, 169.894071, 42.979467, 29.268471000000005]","[-2.0, 9.0, 3.0, 4.0, 1.0, 5.0, 1.0, 1.0, 2.0, 9.0, 2.0, 1.0, 13.0, -5.0, 1.0, 3.0]","[-10.0, 57.0, 19.0, 16.0, 0.0, 60.0, 13.0, 14.0, 14.0, 59.0, 16.0, 14.0, 32.0, -29.0, 15.0, 15.0]"
3,1791636742.7688076,"[-5.360582999999991, 3.867972000000009, 3.7800809999999956, 4.395318000000003, -0.08712299999999118, 3.7800809999999956, 4.395318000000003, 4.30742699999999, 5.713683000000003, 4.395318000000003, 2.4617159999999956, 4.043754000000007, 1.0554600000000107, 168.31203299999999, 44.473614, 29.268471000000005]","[-1.0, 2.0, 2.0, 5.0, 1.0, 1.0, 2.0, 1.0, 2.0, 3.0, 4.0, 1.0, 2.0, -1.0, 4.0, 1.0]","[-9.0, 57.0, 20.0, 16.0, 0.0, 61.0, 13.0, 12.0, 14.0, 61.0, 18.0, 14.0, 32.0, -41.0, 12.0, 15.0]"
3,1791636742.9942698,"[-5.975819999999999, 5.537901000000005, 4.834773000000013, 5.62579199999999, -0.08712299999999118, 6.153138000000013, 5.362119000000007, 5.186337000000009, 5.713683000000003, 5.9773560000000145, 4.131644999999992, 4.834773000000013, 1.846478999999988, 164.708502, 45.528306000000015, 29.35636199999999]","[0.0, 1.0, 4.0, 3.0, 1.0, 3.0, 4.0, 1.0, 1.0, 3.0, 4.0, 2.0, 3.0, -8.0, 2.0, 0.0]","[-11.0, 61.0, 20.0, 15.0, 0.0, 59.0, 14.0, 14.0, 16.0, 63.0, 16.0, 14.0, 33.0, -35.0, 13.0, 15.0]"
3,1791636743.2180493,"[-7.118403000000001, 8.350413000000003, 5.889465000000001, 6.680484000000007, -0.08712299999999118, 7.823067000000009, 5.62579199999999, 6.416810999999996, 7.735175999999996, 8.438303999999988, 5.010555000000011, 6.065246999999999, 1.846478999999988, 161.45653500000003, 46.582998, 29.35636199999999]","[-1.0, 7.0, 2.0, 2.0, 1.0, 4.0, 6.0, 5.0, 4.0, 6.0, 3.0, 3.0, 1.0, -7.0, 3.0, 0.0]","[-10.0, 50.0, 20.0, 16.0, 0.0, 63.0, 15.0, 13.0, 13.0, 58.0, 16.0, 13.0, 41.0, -33.0, 12.0, 15.0]"
3,1791636743.4409893,"[-8.260986000000003, 10.108233000000013, 6.504702000000009, 7.647285000000011, -0.08712299999999118, 10.020342, 7.207830000000001, 7.2957210000000146, 7.735175999999996, 9.668778000000003, 6.153138000000013, 7.032048000000003, 4.131644999999992, 158.292459, 47.54979900000001, 29.35636199999999]","[-2.0, 1.0, 7.0, 3.0, 1.0, 3.0, 1.0, 1.0, 0.0, 0.0, 3.0, 1.0, 4.0, -4.0, 4.0, 1.0]","[-9.0, 61.0, 21.0, 16.0, 0.0, 53.0, 13.0, 13.0, 16.0, 66.0, 16.0, 14.0, 31.0, -33.0, 13.0, 15.0]"
3,1791636743.6678421,"[-9.227787000000006, 10.108233000000013, 7.910957999999994, 8.614086000000015, -0.08712299999999118, 11.514488999999998, 8.26252199999999, 8.438303999999988, 9.668778000000003, 9.668778000000003, 7.032048000000003, 7.823067000000009, 4.219536000000005, 155.567838, 48.34081800000001, 29.268471000000005]","[0.0, 1.0, 2.0, 1.0, 1.0, 1.0, 1.0, 3.0, 4.0, 0.0, 3.0, 2.0, 1.0, -4.0, 1.0, 0.0]","[-10.0, 85.0, 19.0, 16.0, 0.0, 66.0, 13.0, 12.0, 13.0, 92.0, 16.0, 14.0, 38.0, -38.0, 14.0, 15.0]"
3,1791636743.8885977,"[-10.19458800000001, 13.887546000000015, 8.701977, 9.58088699999999, -0.08712299999999118, 13.799655000000001, 9.317214000000007, 9.405104999999992, 10.635579000000007, 13.799655000000001, 7.910957999999994, 8.96565000000001, 6.153138000000013, 152.49165299999999, 49.39551, 29.35636199999999]","[0.0, 4.0, 4.0, 2.0, 1.0, 8.0, 2.0, 2.0, 1.0, 18.0, 6.0, 1.0, 7.0, -5.0, 3.0, 1.0]","[-10.0, 61.0, 20.0, 16.0, 0.0, 55.0, 13.0, 13.0, 14.0, 57.0, 17.0, 14.0, 29.0, -34.0, 12.0, 14.0]"
3,1791636744.1130164,"[-10.897716000000003, 15.469583999999998, 9.932451000000015, 10.635579000000007, -0.08712299999999118, 15.996929999999992, 10.28401500000001, 10.28401500000001, 11.60238000000001, 14.23911000000001, 9.053540999999996, 9.932451000000015, 6.856266000000005, 150.20648699999998, 50.362311000000005, 29.35636199999999]","[-3.0, 5.0, 3.0, 2.0, 1.0, 3.0, 2.0, 2.0, 2.0, 1.0, 3.0, 2.0, 3.0, -1.0, 1.0, 1.0]","[-11.0, 61.0, 19.0, 17.0, 0.0, 60.0, 15.0, 14.0, 13.0, 84.0, 17.0, 14.0, 32.0, -43.0, 14.0, 15.0]"
3,1791636744.3385844,"[-12.12818999999999, 18.106313999999998, 10.811361000000005, 11.250816000000015, -0.08712299999999118, 17.930532, 10.987143000000003, 11.250816000000015, 12.657072, 14.23911000000001, 9.668778000000003, 10.89925199999999, 8.438303999999988, 147.21819299999999, 51.50489400000001, 29.35636199999999]","[-1.0, 2.0, 1.0, 5.0, 1.0, 6.0, 7.0, 2.0, 2.0, 1.0, 1.0, 1.0, 3.0, -5.0, 3.0, 1.0]","[-10.0, 59.0, 20.0, 16.0, 0.0, 54.0, 14.0, 14.0, 14.0, 114.0, 19.0, 14.0, 29.0, -39.0, 12.0, 14.0]"
3,1791636744.8004768,"[-13.182882000000006, 20.303588999999988, 11.778162000000009, 12.744963000000013, -0.08712299999999118, 20.12780699999999, 12.21761699999999, 12.393398999999988, 13.623873000000003, 20.303588999999988, 10.987143000000003, 12.129726000000005, 9.141432000000009, 143.35098900000003, 52.47169500000001, 29.35636199999999]","[0.0, 1.0, 1.0, 1.0, 1.0, 1.0, 1.0, 1.0, 1.0, 1.0, 1.0, 1.0, 1.0, -1.0, 1.0, 1.0]","[-10.0, 54.0, 20.0, 16.0, 0.0, 59.0, 14.0, 13.0, 14.0, 61.0, 17.0, 13.0, 31.0, -35.0, 12.0, 14.0]"
3,1791636745.0264642,"[-14.14968300000001, 22.061408999999998, 12.832853999999998, 13.448091000000005, -0.08712299999999118, 21.358281000000005, 13.272309000000007, 13.448091000000005, 14.678564999999992, 20.303588999999988, 11.690270999999996, 12.129726000000005, 9.141432000000009, 140.80214999999998, 53.26271400000002, 29.35636199999999]","[0.0, 2.0, 3.0, 3.0, 1.0, 8.0, 3.0, 3.0, 3.0, 1.0, 3.0, 1.0, 1.0, -2.0, 2.0, 1.0]","[-10.0, 59.0, 19.0, 16.0, 0.0, 65.0, 13.0, 12.0, 14.0, 84.0, 19.0, 17.0, 34.0, -40.0, 14.0, 14.0]"
3,1791636745.2485359,"[-15.116483999999986, 23.907119999999992, 13.887546000000015, 14.23911000000001, -0.08712299999999118, 24.522357, 14.327000999999996, 14.414892000000009, 15.733257000000009, 24.522357, 13.008635999999996, 13.887546000000015, 11.60238000000001, 137.28651000000002, 54.493188, 29.35636199999999]","[0.0, 6.0, 1.0, 6.0, 1.0, 5.0, 2.0, 1.0, 2.0, 9.0, 6.0, 3.0, 5.0, -6.0, 3.0, 1.0]","[-11.0, 61.0, 19.0, 16.0, 0.0, 51.0, 14.0, 14.0, 13.0, 51.0, 16.0, 15.0, 26.0, -33.0, 13.0, 15.0]"
3,1791636745.4732156,"[-16.434848999999986, 26.543849999999992, 14.942238000000003, 15.55747500000001, -0.08712299999999118, 24.873920999999996, 15.381693000000013, 15.733257000000009, 16.787948999999998, 26.71963199999999, 13.975437, 14.766456000000005, 11.690270999999996, 134.03454299999999, 55.635771000000005, 29.268471000000005]","[-1.0, 11.0, 3.0, 3.0, 1.0, 3.0, 1.0, 3.0, 3.0, 3.0, 3.0, 1.0, 2.0, -7.0, 3.0, 0.0]","[-10.0, 51.0, 18.0, 17.0, 0.0, 67.0, 13.0, 12.0, 14.0, 49.0, 17.0, 14.0, 32.0, -30.0, 13.0, 14.0]"
3,1791636745.6965988,"[-17.313759000000005, 28.653233999999998, 15.909039000000007, 16.524276000000015, -0.08712299999999118, 28.565343000000013, 16.524276000000015, 16.787948999999998, 17.666858999999988, 26.895413999999988, 14.85434699999999, 15.909039000000007, 13.448091000000005, 130.87046700000002, 56.514680999999996, 29.35636199999999]","[-2.0, 3.0, 2.0, 3.0, 1.0, 3.0, 3.0, 3.0, 2.0, 1.0, 1.0, 3.0, 3.0, -2.0, 2.0, 1.0]","[-11.0, 53.0, 19.0, 17.0, 0.0, 54.0, 13.0, 13.0, 14.0, 76.0, 17.0, 15.0, 28.0, -31.0, 12.0, 14.0]"
3,1791636745.9218726,"[-18.54423299999999, 31.114182, 17.139512999999994, 17.403186000000005, -0.08712299999999118, 30.147380999999996, 17.666858999999988, 17.666858999999988, 18.633659999999992, 30.9384, 16.260603000000003, 16.084821000000005, 14.327000999999996, 127.61849999999998, 57.74515500000001, 29.35636199999999]","[-3.0, 8.0, 5.0, 3.0, 1.0, 2.0, 5.0, 3.0, 1.0, 10.0, 4.0, 2.0, 3.0, -4.0, 4.0, 1.0]","[-9.0, 44.0, 18.0, 17.0, 0.0, 54.0, 13.0, 12.0, 14.0, 47.0, 15.0, 17.0, 27.0, -29.0, 12.0, 14.0]"
3,1791636746.1475816,"[-19.511033999999995, 32.784110999999996, 18.19420500000001, 18.457877999999994, -0.08712299999999118, 32.52043800000001, 18.36998700000001, 18.457877999999994, 19.600460999999996, 32.959892999999994, 17.315294999999992, 18.106313999999998, 15.55747500000001, 124.89387900000003, 58.799847, 29.35636199999999]","[-1.0, 5.0, 4.0, 4.0, 1.0, 8.0, 1.0, 1.0, 3.0, 1.0, 1.0, 5.0, 1.0, -4.0, 3.0, 0.0]","[-9.0, 54.0, 18.0, 16.0, 0.0, 47.0, 13.0, 12.0, 14.0, 51.0, 16.0, 13.0, 26.0, -30.0, 13.0, 14.0]"
3,1791636746.367854,"[-20.565726000000012, 35.15716800000001, 19.248897, 19.424678999999998, -0.08712299999999118, 34.45403999999999, 19.336788000000013, 19.68835200000001, 20.567262, 32.959892999999994, 18.457877999999994, 18.897333000000003, 15.55747500000001, 122.60871300000002, 59.85453900000002, 29.35636199999999]","[-2.0, 7.0, 2.0, 2.0, 1.0, 1.0, 2.0, 3.0, 3.0, 1.0, 3.0, 1.0, 1.0, 0.0, 1.0, 1.0]","[-9.0, 43.0, 18.0, 15.0, 0.0, 55.0, 13.0, 12.0, 13.0, 72.0, 15.0, 14.0, 26.0, -35.0, 12.0, 14.0]"
3,1791636746.5917335,"[-21.708308999999986, 37.00287900000001, 20.39148, 20.567262, -0.08712299999999118, 37.00287900000001, 20.215698000000003, 20.655153000000013, 21.885627, 37.26655199999999, 19.51257000000001, 19.952024999999992, 15.55747500000001, 118.653618, 60.82133999999999, 29.35636199999999]","[-2.0, 4.0, 4.0, 3.0, 1.0, 7.0, 1.0, 2.0, 3.0, 12.0, 4.0, 3.0, 1.0, -4.0, 2.0, 1.0]","[-9.0, 44.0, 17.0, 17.0, 0.0, 50.0, 15.0, 13.0, 14.0, 43.0, 14.0, 14.0, 26.0, -31.0, 12.0, 14.0]"
3,1791636746.816233,"[-22.67510999999999, 39.200154, 21.358281000000005, 21.709845, -0.08712299999999118, 38.936481000000015, 21.00671700000001, 21.534063000000003, 22.412972999999994, 37.881789, 20.655153000000013, 21.00671700000001, 15.55747500000001, 115.22586899999999, 61.963922999999994, 29.35636199999999]","[-1.0, 6.0, 3.0, 3.0, 1.0, 6.0, 1.0, 2.0, 1.0, 6.0, 2.0, 1.0, 1.0, -6.0, 4.0, 1.0]","[-9.0, 44.0, 17.0, 16.0, 0.0, 43.0, 14.0, 12.0, 14.0, 63.0, 15.0, 14.0, 26.0, -26.0, 12.0, 15.0]"
3,1791636747.040404,"[-23.905584000000005, 41.39742899999999, 22.500864000000007, 22.588754999999992, -0.08712299999999118, 41.04586499999999, 21.885627, 22.676646000000005, 23.819229000000007, 41.74899300000001, 21.534063000000003, 22.237190999999996, 15.55747500000001, 112.23757499999999, 62.754942, 29.35636199999999]","[0.0, 3.0, 1.0, 2.0, 1.0, 10.0, 1.0, 1.0, 3.0, 13.0, 4.0, 2.0, 1.0, -4.0, 1.0, 1.0]","[-9.0, 47.0, 17.0, 16.0, 0.0, 41.0, 16.0, 12.0, 13.0, 38.0, 16.0, 13.0, 27.0, -27.0, 12.0, 14.0]"
3,1791636747.2677178,"[-24.69660300000001, 43.41892200000001, 23.379773999999998, 23.291883000000013, -0.08712299999999118, 43.68259499999999, 22.676646000000005, 23.555555999999996, 24.873920999999996, 43.59470400000001, 22.76453699999999, 22.32508200000001, 15.55747500000001, 108.98560800000001, 63.985416000000015, 29.35636199999999]","[0.0, 10.0, 3.0, 5.0, 1.0, 3.0, 1.0, 1.0, 1.0, 4.0, 3.0, 1.0, 1.0, -3.0, 2.0, 1.0]","[-9.0, 41.0, 17.0, 16.0, 0.0, 42.0, 15.0, 13.0, 14.0, 44.0, 16.0, 16.0, 26.0, -27.0, 11.0, 14.0]"
3,1791636747.4887724,"[-25.839186000000012, 45.967760999999996, 24.258683999999988, 24.610248000000013, -0.08712299999999118, 46.05565200000001, 23.64344700000001, 24.78603000000001, 25.840722, 46.407216000000005, 23.64344700000001, 23.995011000000005, 15.55747500000001, 105.73364099999998, 64.864326, 29.35636199999999]","[-2.0, 1.0, 1.0, 3.0, 1.0, 7.0, 1.0, 3.0, 1.0, 6.0, 1.0, 5.0, 1.0, -5.0, 1.0, 1.0]","[-9.0, 41.0, 17.0, 16.0, 0.0, 37.0, 16.0, 11.0, 13.0, 35.0, 15.0, 14.0, 27.0, -24.0, 11.0, 15.0]"
3,1791636747.7114372,"[-26.981768999999986, 48.34081800000001, 25.40126699999999, 25.489158000000003, -0.08712299999999118, 47.901363, 24.96181200000001, 25.66494, 26.983305, 47.725581000000005, 24.873920999999996, 25.313376000000005, 15.55747500000001, 102.39378299999998, 66.00690900000001, 29.35636199999999]","[-2.0, 5.0, 3.0, 4.0, 1.0, 2.0, 5.0, 1.0, 1.0, 3.0, 4.0, 1.0, 1.0, -6.0, 2.0, 1.0]","[0.0, 36.0, 17.0, 16.0, 0.0, 40.0, 15.0, 12.0, 0.0, 43.0, 14.0, 12.0, 27.0, -19.0, 12.0, 14.0]"
3,1791636747.9360466,"[-27.94856999999999, 50.362311000000005, 26.28017700000001, 26.807523000000003, -0.08712299999999118, 50.098637999999994, 25.840722, 26.895413999999988, 27.950106000000005, 50.889657, 25.928613000000013, 26.28017700000001, 15.55747500000001, 99.05392499999999, 67.061601, 29.35636199999999]","[0.0, 1.0, 1.0, 3.0, 1.0, 5.0, 1.0, 3.0, 1.0, 8.0, 3.0, 2.0, 1.0, -4.0, 2.0, 1.0]","[0.0, 36.0, 18.0, 16.0, 0.0, 40.0, 15.0, 12.0, 0.0, 32.0, 13.0, 13.0, 28.0, -20.0, 11.0, 15.0]"
3,1791636748.1634254,"[-28.82748000000001, 52.47169500000001, 27.334868999999998, 27.774324000000007, 0.0007679999999936626, 52.47169500000001, 27.071196000000015, 27.42276000000001, 29.092689000000007, 52.29591300000001, 26.895413999999988, 27.510650999999996, 15.55747500000001, 95.80195800000001, 68.204184, 29.35636199999999]","[0.0, 9.0, 1.0, 4.0, 1.0, 5.0, 1.0, 2.0, 1.0, 1.0, 2.0, 3.0, 1.0, 0.0, 1.0, 1.0]","[-9.0, 31.0, 17.0, 16.0, -7.0, 34.0, 14.0, 12.0, -9.0, 39.0, 14.0, 12.0, 27.0, -17.0, 11.0, 14.0]"
3,1791636748.3849945,"[-29.794281000000012, 55.10842500000001, 28.30167, 28.829015999999996, -0.08712299999999118, 54.66897, 28.125888000000003, 28.565343000000013, 30.05949000000001, 54.844752, 28.03799699999999, 28.653233999999998, 16.260603000000003, 92.54999099999998, 69.08309400000002, 29.35636199999999]","[-2.0, 1.0, 1.0, 2.0, 1.0, 5.0, 1.0, 3.0, 1.0, 9.0, 5.0, 2.0, 1.0, -5.0, 2.0, 1.0]","[-9.0, 32.0, 17.0, 17.0, -8.0, 34.0, 15.0, 13.0, 0.0, 29.0, 13.0, 12.0, 24.0, -17.0, 12.0, 15.0]"
3,1791636748.6101322,"[-30.936863999999986, 57.21780900000002, 29.444253000000003, 29.707926000000015, -0.08712299999999118, 56.77835400000001, 29.444253000000003, 29.795817, 31.026291000000015, 56.42679000000001, 29.004797999999994, 29.620035, 16.260603000000003, 89.82537000000002, 70.22567699999999, 29.35636199999999]","[1.0, 4.0, 4.0, 1.0, 0.0, 2.0, 4.0, 4.0, 0.0, 1.0, 2.0, 2.0, 1.0, -2.0, 2.0, 1.0]","[-2.0, 31.0, 17.0, 15.0, 0.0, 31.0, 14.0, 11.0, 0.0, 37.0, 13.0, 12.0, 24.0, -19.0, 10.0, 14.0]"
3,1791636748.8326516,"[-31.90366499999999, 59.327192999999994, 30.498944999999992, 30.850508999999988, -0.08712299999999118, 59.06352000000001, 30.586836000000005, 30.762618000000003, 32.16887399999999, 56.42679000000001, 30.05949000000001, 30.762618000000003, 16.436385, 86.48551200000003, 71.456151, 29.35636199999999]","[-1.0, 3.0, 1.0, 1.0, 1.0, 3.0, 3.0, 2.0, 1.0, 1.0, 4.0, 4.0, 1.0, -5.0, 4.0, 1.0]","[-9.0, 31.0, 17.0, 16.0, -2.0, 30.0, 13.0, 12.0, -5.0, 58.0, 13.0, 12.0, 21.0, -17.0, 10.0, 14.0]"
3,1791636749.0559826,"[-32.95835700000001, 61.348686000000015, 31.55363700000001, 31.905201000000005, -0.08712299999999118, 61.436577, 31.641527999999994, 31.905201000000005, 33.04778400000001, 61.436577, 31.026291000000015, 31.55363700000001, 16.436385, 83.40932700000002, 72.42295200000001, 29.35636199999999]","[-2.0, 6.0, 4.0, 2.0, 0.0, 3.0, 1.0, 3.0, 1.0, 13.0, 5.0, 1.0, 1.0, -5.0, 3.0, 1.0]","[0.0, 26.0, 16.0, 14.0, -1.0, 26.0, 12.0, 12.0, 0.0, 27.0, 13.0, 13.0, 21.0, -16.0, 10.0, 14.0]"
3,1791636749.2824683,"[-34.013048999999995, 63.985416000000015, 32.69622000000001, 32.959892999999994, 0.0007679999999936626, 63.897525, 32.784110999999996, 32.69622000000001, 34.01458500000001, 63.721743000000004, 32.256765, 32.432547, 16.436385, 82.530417, 73.38975300000001, 29.35636199999999]","[-1.0, 3.0, 3.0, 4.0, 1.0, 7.0, 2.0, 2.0, 0.0, 1.0, 5.0, 1.0, 1.0, 0.0, 2.0, 1.0]","[0.0, 21.0, 16.0, 16.0, -7.0, 23.0, 12.0, 12.0, -10.0, 28.0, 12.0, 12.0, 21.0, -17.0, 10.0, 15.0]"
3,1791636749.5072908,"[-35.06774100000001, 66.00690900000001, 33.750912, 34.01458500000001, -0.08712299999999118, 66.182691, 34.01458500000001, 34.01458500000001, 35.069277, 66.00690900000001, 33.31145699999999, 33.57513, 16.436385, 82.26674400000002, 74.444445, 29.707926000000015]","[0.0, 8.0, 3.0, 4.0, 1.0, 4.0, 4.0, 4.0, 1.0, 3.0, 2.0, 4.0, 1.0, 0.0, 1.0, 1.0]","[0.0, 22.0, 16.0, 15.0, 0.0, 23.0, 11.0, 12.0, 0.0, 27.0, 11.0, 12.0, 22.0, -17.0, 10.0, 14.0]"
3,1791636749.7291694,"[-35.946651, 66.358473, 34.717713, 34.981386000000015, -0.08712299999999118, 68.204184, 34.102475999999996, 34.80560399999999, 36.036078, 66.00690900000001, 34.45403999999999, 34.541931000000005, 16.700058000000013, 82.26674400000002, 75.411246, 29.707926000000015]","[-2.0, 1.0, 1.0, 2.0, 0.0, 4.0, 0.0, 1.0, 0.0, 1.0, 4.0, 2.0, 4.0, 0.0, 1.0, 1.0]","[-9.0, 22.0, 16.0, 15.0, -3.0, 21.0, 11.0, 12.0, -3.0, 26.0, 12.0, 12.0, 21.0, -16.0, 10.0, 14.0]"
3,1791636749.955252,"[-37.00134299999999, 66.358473, 35.860296000000005, 35.15716800000001, 0.0007679999999936626, 70.48935, 34.102475999999996, 35.94818699999999, 37.00287900000001, 66.00690900000001, 35.33295000000001, 35.245059, 16.700058000000013, 82.09096199999999, 76.55382900000001, 29.707926000000015]","[-2.0, 1.0, 2.0, 1.0, 1.0, 2.0, 1.0, 1.0, 1.0, 1.0, 2.0, 1.0, 1.0, 0.0, 1.0, 1.0]","[0.0, 24.0, 15.0, 17.0, -2.0, 20.0, 11.0, 11.0, 0.0, 26.0, 12.0, 13.0, 21.0, -15.0, 11.0, 14.0]"
3,1791636750.1761308,"[-37.88025300000001, 66.358473, 36.914987999999994, 36.82709700000001, -0.08712299999999118, 71.71982400000002, 34.102475999999996, 36.82709700000001, 38.057570999999996, 66.00690900000001, 36.12396899999999, 36.387642, 16.700058000000013, 82.09096199999999, 77.69641200000001, 29.707926000000015]","[0.0, 0.0, 1.0, 1.0, 1.0, 3.0, 1.0, 1.0, 1.0, 0.0, 1.0, 3.0, 1.0, 0.0, 2.0, 1.0]","[-9.0, 23.0, 16.0, 16.0, 0.0, 18.0, 12.0, 12.0, 0.0, 26.0, 13.0, 12.0, 21.0, -15.0, 10.0, 14.0]"
3,1791636750.3998077,"[-38.847053999999986, 66.358473, 37.96968000000001, 37.881789, -0.08712299999999118, 71.71982400000002, 34.102475999999996, 37.96968000000001, 39.024372, 66.00690900000001, 37.44233399999999, 37.26655199999999, 16.700058000000013, 82.09096199999999, 78.66321299999998, 29.707926000000015]","[0.0, 1.0, 3.0, 3.0, 1.0, 1.0, 1.0, 3.0, 1.0, 1.0, 1.0, 1.0, 1.0, 0.0, 1.0, 1.0]","[-9.0, 24.0, 15.0, 15.0, -5.0, 20.0, 12.0, 11.0, 0.0, 25.0, 13.0, 12.0, 21.0, -16.0, 10.0, 13.0]"
3,1791636750.6272607,"[-39.98963699999999, 66.358473, 38.936481000000015, 38.672808, 0.0007679999999936626, 71.71982400000002, 34.102475999999996, 38.936481000000015, 39.991173, 66.00690900000001, 38.58491699999999, 38.497026000000005, 16.700058000000013, 82.09096199999999, 79.71790500000003, 29.707926000000015]","[0.0, 1.0, 2.0, 3.0, 1.0, 1.0, 1.0, 1.0, 1.0, 1.0, 3.0, 3.0, 1.0, 0.0, 3.0, 1.0]","[-8.0, 24.0, 16.0, 16.0, -1.0, 18.0, 11.0, 11.0, 14.0, 25.0, 11.0, 13.0, 21.0, -16.0, 10.0, 13.0]"
3,1791636750.8511953,"[-40.604873999999995, 66.358473, 40.166955, 39.551717999999994, 0.0007679999999936626, 71.71982400000002, 34.102475999999996, 39.991173, 40.95797400000001, 66.00690900000001, 39.46382700000001, 38.936481000000015, 16.700058000000013, 82.09096199999999, 80.684706, 29.707926000000015]","[0.0, 0.0, 3.0, 4.0, 0.0, 1.0, 1.0, 3.0, 1.0, 1.0, 3.0, 5.0, 1.0, 0.0, 4.0, 1.0]","[-9.0, 24.0, 15.0, 16.0, -6.0, 21.0, 11.0, 11.0, 13.0, 26.0, 12.0, 13.0, 20.0, -16.0, 11.0, 13.0]"
3,1791636751.0752215,"[-42.01113000000001, 66.358473, 41.04586499999999, 40.694300999999996, -0.08712299999999118, 71.71982400000002, 34.102475999999996, 40.870082999999994, 41.661102, 66.00690900000001, 40.342737, 40.43062800000001, 16.700058000000013, 82.09096199999999, 81.47572500000001, 29.707926000000015]","[0.0, 0.0, 1.0, 1.0, 1.0, 0.0, 1.0, 1.0, 1.0, 1.0, 4.0, 2.0, 1.0, 0.0, 3.0, 1.0]","[0.0, 24.0, 15.0, 16.0, -7.0, 20.0, 12.0, 11.0, 14.0, 25.0, 13.0, 12.0, 21.0, -15.0, 11.0, 14.0]"
3,1791636751.2964208,"[-43.065822, 66.358473, 42.27633900000001, 41.661102, -0.08712299999999118, 71.71982400000002, 34.102475999999996, 42.012665999999996, 43.06735800000001, 66.00690900000001, 41.573211000000015, 41.573211000000015, 16.700058000000013, 82.09096199999999, 82.530417, 29.707926000000015]","[0.0, 1.0, 2.0, 2.0, 1.0, 1.0, 1.0, 4.0, 1.0, 1.0, 3.0, 4.0, 1.0, 0.0, 2.0, 1.0]","[0.0, 23.0, 15.0, 16.0, -2.0, 19.0, 12.0, 11.0, 0.0, 26.0, 11.0, 13.0, 22.0, -15.0, 11.0, 14.0]"
3,1791636751.5203955,"[-44.032623, 66.358473, 43.24314000000001, 42.803685, 0.0007679999999936626, 71.71982400000002, 34.102475999999996, 42.979467, 44.03415899999999, 66.00690900000001, 42.452121000000005, 42.36422999999999, 16.700058000000013, 82.09096199999999, 83.49721799999998, 29.707926000000015]","[0.0, 0.0, 2.0, 3.0, 1.0, 0.0, 1.0, 1.0, 2.0, 0.0, 2.0, 4.0, 1.0, 0.0, 2.0, 1.0]","[0.0, 23.0, 15.0, 16.0, -8.0, 22.0, 11.0, 12.0, 2.0, 25.0, 11.0, 13.0, 20.0, -15.0, 11.0, 13.0]"
3,1791636751.7442472,"[-45.08731499999999, 66.358473, 44.297832, 43.506812999999994, -0.08712299999999118, 71.71982400000002, 34.102475999999996, 43.85837699999999, 45.00095999999999, 66.00690900000001, 43.59470400000001, 43.68259499999999, 16.700058000000013, 82.09096199999999, 84.376128, 29.707926000000015]","[0.0, 1.0, 3.0, 1.0, 0.0, 1.0, 1.0, 1.0, 1.0, 1.0, 2.0, 4.0, 1.0, 0.0, 4.0, 1.0]","[0.0, 22.0, 14.0, 16.0, -3.0, 20.0, 11.0, 11.0, -14.0, 26.0, 11.0, 11.0, 21.0, -16.0, 10.0, 13.0]"
3,1791636751.9711213,"[-46.05411599999999, 66.358473, 45.088851000000005, 45.00095999999999, 0.0007679999999936626, 71.807715, 34.102475999999996, 45.00095999999999, 46.05565200000001, 66.00690900000001, 44.473614, 44.825177999999994, 16.700058000000013, 82.09096199999999, 85.25503800000001, 29.707926000000015]","[0.0, 0.0, 1.0, 4.0, 1.0, 1.0, 1.0, 2.0, 1.0, 1.0, 1.0, 3.0, 0.0, 0.0, 1.0, 1.0]","[0.0, 22.0, 15.0, 15.0, -7.0, 21.0, 11.0, 11.0, -9.0, 26.0, 11.0, 11.0, 20.0, -15.0, 11.0, 13.0]"
3,1791636752.1951237,"[-47.020917, 66.44636400000002, 46.143542999999994, 45.87987000000001, -0.08712299999999118, 71.71982400000002, 34.102475999999996, 45.87987000000001, 46.934562, 66.00690900000001, 45.616197, 45.440415, 16.700058000000013, 82.09096199999999, 86.30973, 29.707926000000015]","[0.0, 1.0, 2.0, 1.0, 0.0, 1.0, 1.0, 1.0, 0.0, 1.0, 3.0, 4.0, 1.0, 0.0, 2.0, 1.0]","[0.0, 23.0, 15.0, 16.0, 0.0, 21.0, 12.0, 12.0, 0.0, 26.0, 11.0, 12.0, 20.0, -16.0, 11.0, 14.0]"
3,1791636752.4190845,"[-47.72404499999999, 66.44636400000002, 47.110344, 47.19823500000001, 0.0007679999999936626, 71.807715, 34.102475999999996, 47.02245300000001, 48.077145, 66.00690900000001, 46.582998, 47.02245300000001, 16.787948999999998, 82.09096199999999, 87.36442199999999, 29.707926000000015]","[-1.0, 1.0, 1.0, 2.0, 1.0, 1.0, 1.0, 3.0, 1.0, 1.0, 2.0, 4.0, 1.0, 0.0, 3.0, 1.0]","[-9.0, 23.0, 15.0, 14.0, -7.0, 20.0, 12.0, 11.0, -14.0, 27.0, 11.0, 11.0, 20.0, -15.0, 11.0, 13.0]"
3,1791636752.640792,"[-49.04240999999999, 66.44636400000002, 48.077145, 48.165036000000015, -0.08712299999999118, 71.71982400000002, 34.102475999999996, 47.901363, 49.043946000000005, 66.00690900000001, 47.725581000000005, 47.81347199999999, 16.787948999999998, 82.09096199999999, 88.155441, 29.707926000000015]","[-2.0, 1.0, 2.0, 3.0, 0.0, 1.0, 1.0, 1.0, 1.0, 1.0, 1.0, 1.0, 0.0, 0.0, 1.0, 1.0]","[0.0, 23.0, 14.0, 14.0, 0.0, 21.0, 11.0, 11.0, -14.0, 25.0, 11.0, 11.0, 20.0, -15.0, 11.0, 13.0]"
3,1791636752.864103,"[-49.833428999999995, 66.44636400000002, 49.13183699999999, 49.219728, -0.08712299999999118, 71.71982400000002, 34.102475999999996, 48.86816400000001, 49.922855999999996, 66.00690900000001, 48.51660000000001, 48.86816400000001, 16.787948999999998, 82.09096199999999, 89.12224200000003, 29.707926000000015]","[0.0, 1.0, 3.0, 2.0, 1.0, 0.0, 1.0, 1.0, 1.0, 1.0, 1.0, 2.0, 1.0, 0.0, 1.0, 1.0]","[-9.0, 23.0, 14.0, 15.0, -3.0, 21.0, 11.0, 12.0, -2.0, 25.0, 12.0, 11.0, 20.0, -16.0, 11.0, 13.0]"
3,1791636753.0910678,"[-50.80023, 66.44636400000002, 50.01074700000001, 50.45020199999999, -0.08712299999999118, 71.71982400000002, 34.102475999999996, 50.01074700000001, 51.15333000000001, 66.00690900000001, 49.39551, 49.83496500000001, 16.787948999999998, 82.09096199999999, 90.26482500000003, 29.707926000000015]","[0.0, 1.0, 2.0, 1.0, 0.0, 1.0, 1.0, 3.0, 1.0, 1.0, 1.0, 3.0, 1.0, 0.0, 3.0, 1.0]","[-9.0, 22.0, 15.0, 14.0, -2.0, 20.0, 11.0, 12.0, -10.0, 25.0, 11.0, 11.0, 19.0, -16.0, 10.0, 14.0]"
3,1791636753.3149805,"[-51.767031, 66.44636400000002, 50.97754800000001, 51.417002999999994, -0.08712299999999118, 71.71982400000002, 34.102475999999996, 50.801766000000015, 52.03224, 66.00690900000001, 50.62598400000002, 50.801766000000015, 16.787948999999998, 82.09096199999999, 91.05584399999998, 29.707926000000015]","[-1.0, 1.0, 2.0, 3.0, 0.0, 0.0, 1.0, 1.0, 1.0, 1.0, 2.0, 2.0, 1.0, 0.0, 3.0, 1.0]","[-9.0, 22.0, 15.0, 14.0, 0.0, 21.0, 11.0, 12.0, 0.0, 26.0, 12.0, 11.0, 19.0, -16.0, 12.0, 14.0]"
3,1791636753.5375044,"[-52.73383199999999, 66.44636400000002, 52.03224, 52.383804, 0.0007679999999936626, 71.71982400000002, 34.102475999999996, 52.03224, 53.08693199999999, 66.00690900000001, 51.76856699999999, 51.50489400000001, 16.787948999999998, 82.09096199999999, 92.19842699999998, 29.707926000000015]","[-2.0, 1.0, 1.0, 2.0, 1.0, 1.0, 1.0, 4.0, 1.0, 1.0, 4.0, 3.0, 1.0, 0.0, 3.0, 1.0]","[-9.0, 22.0, 15.0, 15.0, -5.0, 21.0, 11.0, 11.0, 0.0, 25.0, 11.0, 12.0, 18.0, -15.0, 11.0, 14.0]"
3,1791636753.762967,"[-53.788523999999995, 66.44636400000002, 53.08693199999999, 53.438496000000015, 0.0007679999999936626, 71.807715, 34.102475999999996, 52.999041000000005, 54.053732999999994, 66.00690900000001, 52.559585999999996, 52.82325900000001, 16.787948999999998, 82.09096199999999, 93.077337, 29.707926000000015]","[-2.0, 1.0, 2.0, 3.0, 2.0, 1.0, 1.0, 2.0, 1.0, 1.0, 2.0, 3.0, 1.0, 0.0, 3.0, 1.0]","[-9.0, 23.0, 15.0, 13.0, -10.0, 20.0, 11.0, 11.0, 0.0, 26.0, 11.0, 10.0, 18.0, -16.0, 11.0, 14.0]"
3,1791636753.9869332,"[-54.491652, 66.44636400000002, 54.053732999999994, 53.79006000000001, -0.08712299999999118, 71.71982400000002, 34.102475999999996, 54.14162400000001, 55.020534, 66.00690900000001, 53.526387, 53.79006000000001, 16.787948999999998, 82.09096199999999, 93.51679200000001, 29.707926000000015]","[0.0, 1.0, 3.0, 6.0, 1.0, 0.0, 1.0, 3.0, 1.0, 1.0, 1.0, 2.0, 1.0, 0.0, 1.0, 1.0]","[-10.0, 21.0, 15.0, 15.0, -4.0, 22.0, 11.0, 11.0, -11.0, 25.0, 12.0, 11.0, 18.0, -15.0, 13.0, 14.0]"
3,1791636754.207725,"[-55.546344000000005, 66.79792800000001, 55.196315999999996, 55.45998900000001, -0.08712299999999118, 71.71982400000002, 34.102475999999996, 54.93264300000001, 56.163117, 66.00690900000001, 54.40529699999999, 54.756861000000015, 16.787948999999998, 82.09096199999999, 93.78046499999999, 29.707926000000015]","[-1.0, 2.0, 3.0, 3.0, 0.0, 0.0, 1.0, 1.0, 0.0, 1.0, 1.0, 2.0, 1.0, 0.0, 1.0, 1.0]","[-10.0, 19.0, 15.0, 14.0, -2.0, 21.0, 12.0, 12.0, -14.0, 26.0, 11.0, 11.0, 18.0, -15.0, 16.0, 13.0]"
3,1791636754.4318285,"[-56.425253999999995, 66.885819, 55.987335, 56.338899, -0.08712299999999118, 71.807715, 34.102475999999996, 55.811553, 56.954136000000005, 66.00690900000001, 55.54787999999999, 55.811553, 16.787948999999998, 82.09096199999999, 93.78046499999999, 29.707926000000015]","[0.0, 0.0, 1.0, 2.0, 1.0, 2.0, 1.0, 1.0, 1.0, 1.0, 3.0, 1.0, 2.0, 0.0, 1.0, 1.0]","[-10.0, 20.0, 15.0, 14.0, -6.0, 21.0, 11.0, 12.0, 0.0, 26.0, 11.0, 11.0, 19.0, -15.0, 22.0, 14.0]"
3,1791636754.6555746,"[-57.128382, 66.885819, 57.04202699999999, 57.129918, -0.08712299999999118, 71.807715, 34.102475999999996, 56.954136000000005, 57.92093700000001, 66.00690900000001, 56.42679000000001, 56.77835400000001, 16.787948999999998, 82.09096199999999, 94.13202899999999, 29.620035]","[-1.0, 1.0, 2.0, 1.0, 1.0, 1.0, 1.0, 1.0, 1.0, 1.0, 2.0, 3.0, 1.0, 0.0, 1.0, 0.0]","[-11.0, 19.0, 15.0, 15.0, -3.0, 20.0, 12.0, 12.0, 0.0, 26.0, 12.0, 12.0, 19.0, -15.0, 26.0, 14.0]"
3,1791636754.8828514,"[-58.71042, 66.885819, 58.09671900000001, 58.008827999999994, -0.08712299999999118, 71.71982400000002, 34.102475999999996, 57.92093700000001, 58.975629, 66.00690900000001, 57.3057, 57.56937300000001, 16.787948999999998, 82.09096199999999, 94.21992, 29.620035]","[-2.0, 1.0, 1.0, 1.0, 1.0, 1.0, 1.0, 1.0, 1.0, 1.0, 1.0, 1.0, 0.0, 0.0, 1.0, 0.0]","[-9.0, 20.0, 14.0, 15.0, -7.0, 21.0, 12.0, 12.0, 0.0, 25.0, 12.0, 12.0, 19.0, -16.0, 32.0, 13.0]"
3,1791636755.1039736,"[-59.149874999999994, 66.885819, 59.327192999999994, 59.23930200000001, -0.08712299999999118, 71.807715, 34.102475999999996, 59.06352000000001, 59.94243, 66.00690900000001, 58.448283, 58.711956000000015, 16.787948999999998, 82.09096199999999, 94.30781100000002, 29.620035]","[0.0, 0.0, 2.0, 2.0, 1.0, 0.0, 1.0, 2.0, 1.0, 1.0, 3.0, 2.0, 0.0, 0.0, 1.0, 0.0]","[-11.0, 20.0, 14.0, 14.0, 0.0, 22.0, 10.0, 11.0, 0.0, 26.0, 12.0, 12.0, 20.0, -16.0, 37.0, 14.0]"
3,1791636755.3266854,"[-60.468239999999994, 66.885819, 60.469775999999996, 59.23930200000001, -0.08712299999999118, 71.807715, 34.102475999999996, 59.94243, 60.99712199999999, 66.00690900000001, 59.50297499999999, 58.711956000000015, 16.787948999999998, 82.09096199999999, 94.39570200000003, 29.620035]","[-1.0, 1.0, 4.0, 1.0, 1.0, 0.0, 1.0, 1.0, 1.0, 1.0, 2.0, 1.0, 0.0, 0.0, 1.0, 1.0]","[-9.0, 19.0, 14.0, 15.0, -2.0, 21.0, 11.0, 12.0, 0.0, 25.0, 10.0, 12.0, 20.0, -15.0, 37.0, 14.0]"
3,1791636755.5543053,"[-61.698713999999995, 66.885819, 61.436577, 59.23930200000001, -0.08712299999999118, 71.807715, 34.102475999999996, 61.085013000000004, 61.963922999999994, 66.00690900000001, 60.73344900000001, 58.711956000000015, 16.787948999999998, 82.09096199999999, 94.39570200000003, 29.620035]","[0.0, 1.0, 1.0, 1.0, 0.0, 0.0, 1.0, 4.0, 3.0, 1.0, 2.0, 1.0, 1.0, 0.0, 1.0, 0.0]","[-9.0, 20.0, 14.0, 14.0, 0.0, 20.0, 11.0, 11.0, 0.0, 25.0, 11.0, 12.0, 21.0, -15.0, 38.0, 15.0]"
3,1791636755.778779,"[-62.489733, 66.885819, 62.403378000000004, 59.23930200000001, -0.08712299999999118, 71.807715, 34.102475999999996, 61.963922999999994, 62.84283300000001, 66.00690900000001, 61.87603200000001, 58.711956000000015, 16.787948999999998, 82.09096199999999, 94.39570200000003, 29.620035]","[0.0, 0.0, 2.0, 1.0, 1.0, 0.0, 1.0, 2.0, 3.0, 1.0, 4.0, 1.0, 0.0, 0.0, 0.0, 1.0]","[-8.0, 19.0, 14.0, 15.0, -5.0, 20.0, 11.0, 11.0, 14.0, 25.0, 11.0, 11.0, 20.0, -16.0, 38.0, 15.0]"
3,1791636756.0028453,"[-63.720207, 66.885819, 63.37017900000001, 59.23930200000001, 0.0007679999999936626, 71.71982400000002, 34.102475999999996, 63.01861500000001, 63.985416000000015, 66.00690900000001, 62.754942, 58.711956000000015, 16.787948999999998, 82.09096199999999, 94.30781100000002, 29.620035]","[-1.0, 1.0, 1.0, 1.0, 1.0, 0.0, 1.0, 2.0, 1.0, 1.0, 1.0, 1.0, 0.0, 0.0, 0.0, 0.0]","[-9.0, 20.0, 14.0, 14.0, -5.0, 21.0, 12.0, 11.0, 0.0, 25.0, 11.0, 12.0, 20.0, -16.0, 37.0, 14.0]"
3,1791636756.2246008,"[-64.774899, 66.885819, 64.51276200000001, 59.23930200000001, -0.08712299999999118, 71.807715, 34.102475999999996, 64.073307, 64.95221699999999, 66.00690900000001, 63.545961000000005, 58.711956000000015, 16.787948999999998, 82.09096199999999, 94.39570200000003, 29.620035]","[-1.0, 1.0, 3.0, 1.0, 0.0, 1.0, 1.0, 2.0, 1.0, 1.0, 1.0, 1.0, 0.0, 0.0, 0.0, 1.0]","[-9.0, 20.0, 14.0, 15.0, 0.0, 21.0, 11.0, 12.0, 0.0, 26.0, 12.0, 11.0, 20.0, -15.0, 39.0, 14.0]"
3,1791636756.4493852,"[-65.390136, 66.885819, 65.391672, 59.23930200000001, 0.0007679999999936626, 71.807715, 34.102475999999996, 64.864326, 65.919018, 66.00690900000001, 64.68854400000001, 58.711956000000015, 16.787948999999998, 82.09096199999999, 94.39570200000003, 29.620035]","[0.0, 1.0, 1.0, 1.0, 1.0, 1.0, 1.0, 1.0, 1.0, 1.0, 3.0, 1.0, 0.0, 0.0, 1.0, 0.0]","[-9.0, 19.0, 14.0, 14.0, -8.0, 22.0, 11.0, 12.0, 0.0, 25.0, 10.0, 12.0, 20.0, -16.0, 39.0, 14.0]"
3,1791636756.674783,"[-66.532719, 66.885819, 66.534255, 59.23930200000001, 0.0007679999999936626, 71.807715, 34.102475999999996, 66.00690900000001, 66.97371000000001, 66.00690900000001, 65.65534500000001, 58.711956000000015, 16.787948999999998, 82.09096199999999, 94.39570200000003, 29.620035]","[-1.0, 1.0, 3.0, 1.0, 1.0, 0.0, 1.0, 4.0, 1.0, 1.0, 1.0, 1.0, 1.0, 0.0, 1.0, 0.0]","[-9.0, 20.0, 14.0, 14.0, -8.0, 21.0, 11.0, 11.0, 0.0, 26.0, 11.0, 11.0, 20.0, -15.0, 38.0, 14.0]"
3,1791636756.8956478,"[-67.49952, 66.885819, 67.41316499999999, 59.23930200000001, -0.08712299999999118, 71.807715, 34.102475999999996, 66.710037, 67.94051100000001, 66.00690900000001, 66.44636400000002, 58.711956000000015, 16.787948999999998, 82.09096199999999, 94.39570200000003, 29.620035]","[0.0, 1.0, 1.0, 1.0, 0.0, 0.0, 1.0, 2.0, 2.0, 1.0, 1.0, 1.0, 1.0, 0.0, 1.0, 1.0]","[-9.0, 19.0, 14.0, 14.0, -2.0, 20.0, 11.0, 12.0, 0.0, 26.0, 11.0, 12.0, 20.0, -15.0, 39.0, 13.0]"
3,1791636757.1188874,"[-68.37843, 66.885819, 68.46785700000001, 59.23930200000001, -0.08712299999999118, 71.807715, 34.102475999999996, 67.85262, 68.90731199999999, 66.00690900000001, 67.237383, 58.711956000000015, 16.787948999999998, 82.09096199999999, 94.39570200000003, 29.620035]","[0.0, 1.0, 2.0, 1.0, 1.0, 1.0, 1.0, 1.0, 1.0, 1.0, 1.0, 1.0, 0.0, 0.0, 1.0, 1.0]","[-10.0, 19.0, 15.0, 14.0, -2.0, 21.0, 11.0, 12.0, 14.0, 25.0, 12.0, 12.0, 20.0, -16.0, 39.0, 14.0]"
3,1791636757.3466158,"[-69.433122, 66.885819, 69.43465800000001, 59.23930200000001, -0.08712299999999118, 71.807715, 34.102475999999996, 68.73152999999999, 69.874113, 66.00690900000001, 68.29207500000001, 58.711956000000015, 16.787948999999998, 82.09096199999999, 94.39570200000003, 29.620035]","[-2.0, 1.0, 3.0, 1.0, 0.0, 0.0, 1.0, 1.0, 3.0, 1.0, 3.0, 1.0, 1.0, 0.0, 1.0, 1.0]","[-10.0, 20.0, 15.0, 14.0, 0.0, 21.0, 12.0, 12.0, 13.0, 26.0, 12.0, 12.0, 20.0, -15.0, 38.0, 13.0]"
3,1791636757.5706437,"[-69.433122, 66.885819, 70.313568, 59.23930200000001, -0.08712299999999118, 71.807715, 34.102475999999996, 69.61044000000001, 69.96200400000001, 66.00690900000001, 69.25887600000001, 58.711956000000015, 16.787948999999998, 82.09096199999999, 94.39570200000003, 29.620035]","[0.0, 1.0, 1.0, 1.0, 0.0, 0.0, 1.0, 1.0, 1.0, 1.0, 1.0, 1.0, 1.0, 0.0, 1.0, 1.0]","[-9.0, 19.0, 15.0, 15.0, -2.0, 21.0, 11.0, 12.0, 0.0, 26.0, 13.0, 12.0, 20.0, -16.0, 38.0, 14.0]"
3,1791636757.791689,"[-69.433122, 66.885819, 71.28036900000001, 59.23930200000001, -0.08712299999999118, 71.71982400000002, 34.102475999999996, 70.840914, 69.96200400000001, 66.00690900000001, 70.313568, 58.711956000000015, 16.787948999999998, 82.09096199999999, 94.39570200000003, 29.620035]","[0.0, 1.0, 2.0, 1.0, 0.0, 1.0, 1.0, 3.0, 1.0, 1.0, 3.0, 1.0, 0.0, 0.0, 1.0, 1.0]","[-10.0, 19.0, 15.0, 15.0, 0.0, 20.0, 11.0, 12.0, 0.0, 26.0, 12.0, 12.0, 20.0, -15.0, 38.0, 14.0]"
3,1791636758.014987,"[-69.433122, 66.885819, 72.07138800000001, 59.23930200000001, -0.08712299999999118, 71.807715, 34.102475999999996, 71.71982400000002, 69.96200400000001, 66.00690900000001, 71.192478, 58.711956000000015, 16.787948999999998, 82.09096199999999, 94.39570200000003, 29.620035]","[0.0, 1.0, 1.0, 1.0, 0.0, 0.0, 1.0, 1.0, 1.0, 1.0, 3.0, 1.0, 1.0, 0.0, 1.0, 1.0]","[-10.0, 19.0, 15.0, 14.0, -3.0, 21.0, 11.0, 12.0, 0.0, 25.0, 12.0, 12.0, 20.0, -16.0, 38.0, 14.0]"
3,1791636758.2425616,"[-69.433122, 66.885819, 73.03818900000002, 59.23930200000001, -0.08712299999999118, 71.807715, 34.102475999999996, 72.774516, 69.96200400000001, 66.00690900000001, 72.159279, 58.711956000000015, 16.787948999999998, 82.09096199999999, 94.39570200000003, 29.620035]","[0.0, 1.0, 3.0, 1.0, 1.0, 0.0, 1.0, 1.0, 1.0, 1.0, 1.0, 1.0, 1.0, 0.0, 0.0, 1.0]","[-10.0, 19.0, 15.0, 15.0, -5.0, 21.0, 11.0, 11.0, 0.0, 26.0, 13.0, 12.0, 21.0, -15.0, 38.0, 13.0]"
3,1791636758.4665432,"[-69.433122, 66.885819, 74.092881, 59.23930200000001, -0.08712299999999118, 71.807715, 34.102475999999996, 73.74131700000001, 69.96200400000001, 66.00690900000001, 73.12608, 58.711956000000015, 16.787948999999998, 82.09096199999999, 94.39570200000003, 29.620035]","[0.0, 1.0, 1.0, 1.0, 1.0, 1.0, 1.0, 2.0, 1.0, 1.0, 3.0, 1.0, 0.0, 0.0, 1.0, 1.0]","[-10.0, 19.0, 16.0, 15.0, -1.0, 21.0, 11.0, 12.0, 0.0, 25.0, 12.0, 11.0, 21.0, -16.0, 37.0, 14.0]"
3,1791636758.688069,"[-69.433122, 66.885819, 74.88390000000001, 59.23930200000001, -0.08712299999999118, 71.807715, 34.102475999999996, 73.829208, 69.96200400000001, 66.00690900000001, 74.00498999999999, 58.711956000000015, 16.787948999999998, 82.09096199999999, 94.39570200000003, 29.620035]","[0.0, 1.0, 1.0, 1.0, 0.0, 0.0, 1.0, 1.0, 1.0, 1.0, 1.0, 1.0, 1.0, 0.0, 1.0, 1.0]","[-10.0, 20.0, 16.0, 15.0, -3.0, 21.0, 11.0, 11.0, 0.0, 26.0, 13.0, 12.0, 20.0, -15.0, 38.0, 14.0]"
3,1791636758.9144597,"[-69.433122, 66.885819, 75.938592, 59.23930200000001, -0.08712299999999118, 71.807715, 34.102475999999996, 73.829208, 69.96200400000001, 66.00690900000001, 74.971791, 58.711956000000015, 16.787948999999998, 82.09096199999999, 94.39570200000003, 29.620035]","[0.0, 1.0, 2.0, 1.0, 0.0, 1.0, 1.0, 1.0, 1.0, 1.0, 2.0, 1.0, 1.0, 0.0, 1.0, 1.0]","[-10.0, 19.0, 16.0, 15.0, -2.0, 21.0, 11.0, 12.0, 0.0, 26.0, 13.0, 12.0, 20.0, -15.0, 39.0, 14.0]"
3,1791636759.1384864,"[-69.433122, 66.885819, 76.905393, 59.23930200000001, -0.08712299999999118, 71.807715, 34.102475999999996, 73.829208, 69.96200400000001, 66.00690900000001, 75.49913699999999, 58.711956000000015, 16.787948999999998, 82.09096199999999, 94.39570200000003, 29.620035]","[0.0, 1.0, 2.0, 1.0, 1.0, 1.0, 1.0, 1.0, 1.0, 1.0, 1.0, 1.0, 1.0, 0.0, 1.0, 0.0]","[-9.0, 19.0, 16.0, 15.0, -1.0, 21.0, 11.0, 12.0, 0.0, 26.0, 15.0, 12.0, 20.0, -15.0, 38.0, 14.0]"
3,1791636759.3624735,"[-69.433122, 66.885819, 77.78430300000002, 59.23930200000001, 0.0007679999999936626, 71.807715, 34.102475999999996, 73.829208, 69.96200400000001, 66.00690900000001, 76.55382900000001, 58.711956000000015, 16.787948999999998, 82.09096199999999, 94.39570200000003, 29.620035]","[0.0, 1.0, 1.0, 1.0, 1.0, 1.0, 1.0, 1.0, 1.0, 1.0, 4.0, 1.0, 0.0, 0.0, 1.0, 0.0]","[-10.0, 20.0, 16.0, 14.0, -6.0, 21.0, 11.0, 12.0, 0.0, 26.0, 15.0, 12.0, 22.0, -15.0, 38.0, 14.0]"
3,1791636759.5848396,"[-69.433122, 66.885819, 78.751104, 59.23930200000001, -0.08712299999999118, 71.807715, 34.102475999999996, 73.829208, 69.96200400000001, 66.00690900000001, 77.608521, 58.711956000000015, 16.787948999999998, 82.09096199999999, 94.39570200000003, 29.620035]","[0.0, 1.0, 2.0, 1.0, 1.0, 1.0, 1.0, 1.0, 1.0, 1.0, 2.0, 1.0, 1.0, 0.0, 1.0, 1.0]","[-8.0, 19.0, 16.0, 14.0, -9.0, 21.0, 11.0, 13.0, 0.0, 26.0, 15.0, 12.0, 21.0, -16.0, 38.0, 13.0]"
3,1791636759.8080616,"[-69.433122, 66.885819, 79.63001400000002, 59.23930200000001, -0.08712299999999118, 71.807715, 34.102475999999996, 73.829208, 69.96200400000001, 66.00690900000001, 78.39954, 58.711956000000015, 16.787948999999998, 82.09096199999999, 94.39570200000003, 29.620035]","[0.0, 1.0, 2.0, 1.0, 1.0, 0.0, 1.0, 1.0, 1.0, 1.0, 1.0, 1.0, 1.0, 0.0, 1.0, 0.0]","[-9.0, 19.0, 16.0, 15.0, -2.0, 22.0, 12.0, 12.0, 0.0, 25.0, 15.0, 12.0, 20.0, -15.0, 38.0, 14.0]"
3,1791636760.0344808,"[-69.433122, 67.676838, 80.50892399999998, 59.23930200000001, 0.0007679999999936626, 71.807715, 34.102475999999996, 73.829208, 69.96200400000001, 66.00690900000001, 79.27845000000002, 58.799847, 16.787948999999998, 82.09096199999999, 94.39570200000003, 29.620035]","[0.0, 2.0, 3.0, 1.0, 1.0, 1.0, 1.0, 1.0, 1.0, 1.0, 2.0, 1.0, 0.0, 0.0, 1.0, 1.0]","[-9.0, 16.0, 16.0, 14.0, -6.0, 21.0, 11.0, 12.0, 0.0, 25.0, 15.0, 10.0, 20.0, -15.0, 38.0, 13.0]"
3,1791636760.2555032,"[-69.433122, 67.76472900000002, 81.47572500000001, 59.23930200000001, -0.08712299999999118, 71.71982400000002, 34.102475999999996, 73.829208, 69.96200400000001, 66.00690900000001, 80.50892399999998, 58.88773800000001, 16.787948999999998, 82.09096199999999, 94.39570200000003, 29.620035]","[0.0, 0.0, 1.0, 1.0, 0.0, 0.0, 1.0, 1.0, 1.0, 1.0, 2.0, 0.0, 0.0, 0.0, 1.0, 1.0]","[-10.0, 17.0, 17.0, 15.0, -1.0, 21.0, 11.0, 12.0, 0.0, 26.0, 14.0, 11.0, 20.0, -16.0, 38.0, 14.0]"
3,1791636760.4824119,"[-69.433122, 67.76472900000002, 82.530417, 59.23930200000001, -0.08712299999999118, 71.807715, 34.102475999999996, 73.829208, 69.96200400000001, 66.00690900000001, 81.56361600000002, 58.799847, 16.787948999999998, 82.09096199999999, 94.39570200000003, 29.532143999999988]","[0.0, 1.0, 3.0, 1.0, 1.0, 1.0, 1.0, 1.0, 1.0, 1.0, 3.0, 1.0, 1.0, 0.0, 1.0, 0.0]","[-9.0, 16.0, 16.0, 14.0, -1.0, 20.0, 11.0, 12.0, 0.0, 26.0, 14.0, 11.0, 20.0, -15.0, 38.0, 14.0]"
3,1791636760.7032735,"[-69.433122, 67.76472900000002, 83.49721799999998, 59.23930200000001, 0.0007679999999936626, 71.807715, 34.102475999999996, 73.829208, 69.96200400000001, 66.00690900000001, 82.09096199999999, 58.799847, 16.787948999999998, 82.09096199999999, 94.39570200000003, 29.620035]","[0.0, 0.0, 2.0, 1.0, 1.0, 0.0, 1.0, 1.0, 1.0, 1.0, 1.0, 0.0, 0.0, 0.0, 1.0, 1.0]","[-9.0, 17.0, 17.0, 14.0, -7.0, 21.0, 11.0, 12.0, 0.0, 26.0, 18.0, 12.0, 20.0, -15.0, 39.0, 14.0]"
3,1791636760.9278307,"[-69.433122, 67.76472900000002, 84.28823699999998, 59.23930200000001, 0.0007679999999936626, 71.807715, 34.102475999999996, 73.829208, 69.96200400000001, 66.00690900000001, 82.44252599999999, 58.799847, 16.787948999999998, 82.09096199999999, 94.39570200000003, 29.620035]","[0.0, 1.0, 1.0, 1.0, 1.0, 1.0, 1.0, 1.0, 1.0, 1.0, 1.0, 1.0, 0.0, 0.0, 1.0, 1.0]","[-10.0, 16.0, 17.0, 14.0, -9.0, 20.0, 11.0, 12.0, 0.0, 25.0, 20.0, 11.0, 22.0, -16.0, 38.0, 14.0]"
3,1791636761.1523094,"[-69.433122, 67.76472900000002, 85.167147, 59.23930200000001, -0.08712299999999118, 71.71982400000002, 34.102475999999996, 73.829208, 69.96200400000001, 66.00690900000001, 82.79408999999998, 58.88773800000001, 16.787948999999998, 82.09096199999999, 94.39570200000003, 29.620035]","[0.0, 0.0, 1.0, 1.0, 1.0, 1.0, 1.0, 1.0, 1.0, 1.0, 0.0, 1.0, 1.0, 0.0, 1.0, 1.0]","[-10.0, 17.0, 18.0, 15.0, -6.0, 21.0, 11.0, 12.0, 0.0, 26.0, 25.0, 11.0, 20.0, -15.0, 38.0, 14.0]"
3,1791636761.3748581,"[-69.433122, 67.76472900000002, 86.22183899999999, 59.23930200000001, 0.0007679999999936626, 71.807715, 34.102475999999996, 73.829208, 69.96200400000001, 66.00690900000001, 83.23354499999999, 58.799847, 16.787948999999998, 82.09096199999999, 94.39570200000003, 29.620035]","[0.0, 1.0, 2.0, 1.0, 1.0, 0.0, 1.0, 1.0, 1.0, 1.0, 1.0, 1.0, 0.0, 0.0, 1.0, 1.0]","[-10.0, 16.0, 19.0, 15.0, -7.0, 20.0, 11.0, 12.0, 0.0, 27.0, 28.0, 11.0, 19.0, -15.0, 38.0, 14.0]"
3,1791636761.5995786,"[-69.433122, 67.76472900000002, 86.83707600000002, 59.23930200000001, 0.0007679999999936626, 71.807715, 34.102475999999996, 73.829208, 69.96200400000001, 66.00690900000001, 83.76089100000002, 58.88773800000001, 16.787948999999998, 82.09096199999999, 94.39570200000003, 29.620035]","[0.0, 1.0, 1.0, 1.0, 1.0, 1.0, 1.0, 1.0, 1.0, 1.0, 1.0, 1.0, 1.0, 0.0, 1.0, 1.0]","[-10.0, 16.0, 20.0, 15.0, -6.0, 20.0, 10.0, 12.0, 0.0, 26.0, 32.0, 12.0, 20.0, -16.0, 38.0, 14.0]"
3,1791636761.8218505,"[-69.433122, 67.676838, 87.54020400000002, 59.23930200000001, -0.08712299999999118, 71.807715, 34.102475999999996, 73.829208, 69.96200400000001, 66.00690900000001, 84.024564, 58.799847, 16.787948999999998, 82.09096199999999, 94.39570200000003, 29.620035]","[0.0, 0.0, 1.0, 1.0, 1.0, 0.0, 1.0, 1.0, 1.0, 1.0, 1.0, 0.0, 1.0, 0.0, 1.0, 1.0]","[-10.0, 18.0, 20.0, 15.0, -6.0, 22.0, 11.0, 12.0, 0.0, 26.0, 36.0, 11.0, 20.0, -16.0, 38.0, 14.0]"
