grip,time,positions,velocities,currents
1,1791638659.2618096,"[0.08865900000000693, -4.305891000000003, -1.3175970000000063, -0.17501400000000444, -0.08712299999999118, -4.833236999999997, 0.08865900000000693, -0.5265780000000007, 0.08865900000000693, -4.833236999999997, -0.8781419999999969, 0.3523319999999899, -1.9328339999999855, 178.41949799999998, 39.991173, 25.928613000000013]","[0.0, 0.0, 0.0, 0.0, 0.0, 1.0, 0.0, 1.0, 0.0, 1.0, 1.0, 1.0, 1.0, 1.0, 1.0, 0.0]","[-9.0, 28.0, 16.0, 13.0, 0.0, 32.0, -11.0, 11.0, -13.0, 32.0, 10.0, -9.0, 13.0, 16.0, 0.0, -16.0]"
1,1791638659.4857295,"[-0.35079600000000255, -4.305891000000003, -0.9660330000000101, 0.08865900000000693, -0.08712299999999118, -4.5695639999999855, 0.44022300000000314, -0.4386869999999874, 0.7038960000000145, -4.833236999999997, -0.790251000000012, 0.3523319999999899, -1.9328339999999855, 178.33160700000002, 40.07906399999999, 25.928613000000013]","[-1.0, 1.0, 1.0, 1.0, 0.0, 1.0, 1.0, 1.0, 1.0, 1.0, 1.0, 1.0, 1.0, 0.0, 1.0, 0.0]","[-9.0, 43.0, 19.0, 15.0, 0.0, 43.0, 11.0, 13.0, 14.0, 51.0, 13.0, 9.0, 14.0, -10.0, 12.0, 14.0]"
1,1791638659.7066827,"[-1.3175970000000063, -3.514871999999997, -0.08712299999999118, 0.44022300000000314, -0.08712299999999118, -3.7785450000000083, 1.0554600000000107, 0.17654999999999177, 1.6706969999999899, -4.1301090000000045, -0.790251000000012, 0.6160050000000012, -1.9328339999999855, 178.06793399999998, 40.07906399999999, 26.192285999999996]","[-1.0, 2.0, 2.0, 1.0, 0.0, 1.0, 1.0, 1.0, 1.0, 1.0, 1.0, 1.0, 0.0, 0.0, 1.0, 1.0]","[-9.0, 66.0, 19.0, 16.0, 0.0, 53.0, 12.0, 14.0, 14.0, 65.0, 16.0, 11.0, 14.0, -16.0, 15.0, 15.0]"
1,1791638659.9326923,"[-2.28439800000001, -3.514871999999997, 0.8796780000000126, 1.582806000000005, -0.08712299999999118, -2.723852999999991, 1.846478999999988, 1.407024000000007, 2.725389000000007, -2.372288999999995, 0.26444100000000503, 0.6160050000000012, -1.9328339999999855, 177.804261, 41.48532, 27.159087]","[-1.0, 1.0, 1.0, 4.0, 0.0, 4.0, 1.0, 1.0, 3.0, 7.0, 1.0, 1.0, 1.0, 0.0, 5.0, 1.0]","[-10.0, 75.0, 19.0, 17.0, 0.0, 61.0, 12.0, 13.0, 13.0, 67.0, 16.0, 15.0, 13.0, -26.0, 13.0, 15.0]"
1,1791638660.1551762,"[-3.2511989999999855, 0.7038960000000145, 1.846478999999988, 2.3738250000000107, -0.08712299999999118, 0.17654999999999177, 2.6374979999999937, 2.1980430000000126, 3.6921900000000107, -2.372288999999995, 1.407024000000007, 1.9343700000000013, -1.9328339999999855, 177.452697, 42.452121000000005, 28.03799699999999]","[-2.0, 6.0, 3.0, 3.0, 0.0, 7.0, 1.0, 2.0, 1.0, 1.0, 1.0, 5.0, 0.0, 0.0, 3.0, 3.0]","[-9.0, 53.0, 19.0, 17.0, 0.0, 53.0, 12.0, 13.0, 13.0, 96.0, 16.0, 13.0, 14.0, -34.0, 12.0, 14.0]"
1,1791638660.3802574,"[-4.217999999999989, 1.846478999999988, 2.813279999999992, 3.6042989999999975, -0.08712299999999118, 1.6706969999999899, 3.4285169999999994, 3.3406260000000145, 4.571100000000001, 2.0222610000000145, 1.846478999999988, 3.076953000000003, -1.9328339999999855, 175.519095, 43.41892200000001, 29.180579999999992]","[-1.0, 4.0, 3.0, 4.0, 0.0, 1.0, 1.0, 4.0, 3.0, 8.0, 1.0, 3.0, 0.0, -3.0, 4.0, 4.0]","[-10.0, 60.0, 20.0, 16.0, 0.0, 64.0, 13.0, 13.0, 13.0, 60.0, 18.0, 13.0, 14.0, -36.0, 12.0, 15.0]"
1,1791638660.60305,"[-5.272692000000006, 4.043754000000007, 3.7800809999999956, 4.395318000000003, -0.08712299999999118, 3.867972000000009, 4.30742699999999, 4.30742699999999, 5.713683000000003, 4.30742699999999, 3.076953000000003, 4.043754000000007, -1.9328339999999855, 173.32182, 44.649395999999996, 30.147380999999996]","[-2.0, 4.0, 4.0, 4.0, 0.0, 3.0, 1.0, 1.0, 3.0, 9.0, 4.0, 1.0, 1.0, -1.0, 3.0, 2.0]","[-11.0, 57.0, 20.0, 16.0, 0.0, 58.0, 15.0, 13.0, 14.0, 57.0, 17.0, 13.0, 13.0, -34.0, 13.0, 14.0]"
1,1791638660.8296847,"[-5.800038000000001, 5.537901000000005, 4.6589910000000145, 5.62579199999999, -0.08712299999999118, 6.065246999999999, 5.362119000000007, 5.274227999999994, 6.416810999999996, 5.9773560000000145, 4.30742699999999, 4.9226639999999975, -1.9328339999999855, 170.77298100000002, 45.528306000000015, 31.114182]","[0.0, 3.0, 6.0, 2.0, 0.0, 3.0, 3.0, 2.0, 4.0, 3.0, 3.0, 1.0, 1.0, -7.0, 2.0, 1.0]","[-12.0, 63.0, 20.0, 16.0, 0.0, 60.0, 14.0, 13.0, 14.0, 65.0, 17.0, 14.0, 13.0, -28.0, 12.0, 14.0]"
1,1791638661.049963,"[-7.030511999999987, 8.526195000000001, 5.889465000000001, 6.680484000000007, -0.08712299999999118, 6.153138000000013, 6.065246999999999, 6.416810999999996, 7.647285000000011, 8.350413000000003, 5.098445999999996, 6.2410289999999975, -1.9328339999999855, 169.27883400000002, 46.67088899999999, 32.16887399999999]","[-2.0, 7.0, 3.0, 2.0, 0.0, 1.0, 6.0, 4.0, 3.0, 8.0, 2.0, 3.0, 1.0, 0.0, 1.0, 2.0]","[-10.0, 50.0, 19.0, 16.0, 0.0, 84.0, 14.0, 13.0, 14.0, 53.0, 17.0, 12.0, 14.0, -36.0, 13.0, 14.0]"
1,1791638661.2773228,"[-7.997312999999991, 10.108233000000013, 5.889465000000001, 7.647285000000011, -0.08712299999999118, 10.020342, 7.207830000000001, 7.383611999999999, 7.735175999999996, 9.668778000000003, 6.2410289999999975, 7.207830000000001, -1.9328339999999855, 168.487815, 47.63768999999999, 33.223566000000005]","[-1.0, 1.0, 1.0, 3.0, 0.0, 9.0, 1.0, 1.0, 1.0, 1.0, 3.0, 3.0, 0.0, 0.0, 3.0, 4.0]","[-11.0, 59.0, 25.0, 16.0, 0.0, 58.0, 14.0, 13.0, 16.0, 65.0, 16.0, 13.0, 14.0, -47.0, 12.0, 15.0]"
1,1791638661.5015152,"[-9.052005000000008, 10.108233000000013, 7.823067000000009, 8.614086000000015, -0.08712299999999118, 11.426598000000013, 8.26252199999999, 8.526195000000001, 9.58088699999999, 9.668778000000003, 7.119938999999988, 7.823067000000009, -1.9328339999999855, 166.02686699999998, 48.34081800000001, 34.19036700000001]","[0.0, 1.0, 3.0, 1.0, 0.0, 1.0, 3.0, 2.0, 3.0, 1.0, 1.0, 5.0, 1.0, -8.0, 1.0, 3.0]","[-11.0, 83.0, 19.0, 17.0, 0.0, 65.0, 14.0, 13.0, 13.0, 94.0, 17.0, 14.0, 14.0, -37.0, 13.0, 15.0]"
1,1791638661.722646,"[-10.106696999999997, 14.151218999999998, 8.877758999999998, 9.58088699999999, -0.08712299999999118, 13.448091000000005, 9.317214000000007, 9.405104999999992, 10.635579000000007, 12.832853999999998, 7.998849000000007, 9.317214000000007, -1.9328339999999855, 163.829592, 49.571292, 35.15716800000001]","[-2.0, 6.0, 4.0, 3.0, 0.0, 9.0, 2.0, 1.0, 3.0, 22.0, 7.0, 4.0, 0.0, 0.0, 3.0, 2.0]","[-11.0, 57.0, 20.0, 17.0, 0.0, 59.0, 14.0, 14.0, 14.0, 59.0, 17.0, 13.0, 15.0, -40.0, 13.0, 15.0]"
1,1791638661.949527,"[-10.458260999999993, 15.733257000000009, 9.756668999999988, 10.723469999999992, -0.08712299999999118, 15.909039000000007, 10.28401500000001, 10.371905999999996, 11.60238000000001, 15.645365999999996, 9.229322999999994, 10.108233000000013, -1.9328339999999855, 161.45653500000003, 50.362311000000005, 36.12396899999999]","[0.0, 6.0, 1.0, 3.0, 0.0, 4.0, 3.0, 1.0, 2.0, 1.0, 3.0, 3.0, 1.0, -7.0, 1.0, 2.0]","[-12.0, 61.0, 20.0, 17.0, 0.0, 60.0, 14.0, 13.0, 14.0, 65.0, 17.0, 13.0, 14.0, -33.0, 15.0, 15.0]"
1,1791638662.1734502,"[-11.952407999999991, 18.018423000000013, 10.89925199999999, 11.514488999999998, -0.08712299999999118, 17.666858999999988, 11.162925000000001, 11.250816000000015, 12.657072, 16.084821000000005, 9.668778000000003, 11.075033999999988, -1.9328339999999855, 159.61082399999998, 51.417002999999994, 37.178661000000005]","[-1.0, 1.0, 2.0, 2.0, 0.0, 5.0, 3.0, 1.0, 2.0, 8.0, 1.0, 2.0, 1.0, 0.0, 3.0, 2.0]","[-10.0, 59.0, 19.0, 16.0, 0.0, 61.0, 14.0, 15.0, 13.0, 75.0, 17.0, 13.0, 14.0, -36.0, 13.0, 14.0]"
1,1791638662.3940194,"[-12.919208999999995, 20.215698000000003, 11.778162000000009, 12.657072, -0.08712299999999118, 20.039916000000005, 12.21761699999999, 12.393398999999988, 13.623873000000003, 19.68835200000001, 11.162925000000001, 12.129726000000005, -1.9328339999999855, 157.50144, 52.383804, 38.14546200000001]","[0.0, 5.0, 2.0, 2.0, 0.0, 4.0, 1.0, 1.0, 2.0, 1.0, 4.0, 3.0, 1.0, -1.0, 4.0, 1.0]","[-10.0, 57.0, 19.0, 17.0, 0.0, 53.0, 14.0, 14.0, 13.0, 66.0, 17.0, 13.0, 14.0, -37.0, 14.0, 15.0]"
1,1791638662.6195498,"[-14.061791999999997, 22.237190999999996, 12.832853999999998, 13.272309000000007, -0.08712299999999118, 20.83093500000001, 13.272309000000007, 13.53598199999999, 14.590674000000007, 22.061408999999998, 11.778162000000009, 13.096527000000009, -1.9328339999999855, 155.74362000000002, 53.174823, 39.375935999999996]","[-1.0, 1.0, 3.0, 5.0, 0.0, 9.0, 3.0, 1.0, 3.0, 9.0, 3.0, 4.0, 0.0, -2.0, 1.0, 3.0]","[-10.0, 59.0, 19.0, 17.0, 0.0, 65.0, 14.0, 13.0, 13.0, 56.0, 18.0, 12.0, 13.0, -38.0, 13.0, 15.0]"
1,1791638662.8453846,"[-15.116483999999986, 23.907119999999992, 13.887546000000015, 14.502782999999994, -0.08712299999999118, 24.434466000000015, 14.327000999999996, 14.502782999999994, 15.645365999999996, 23.995011000000005, 13.096527000000009, 13.975437, -1.9328339999999855, 153.810018, 54.317406000000005, 40.254846000000015]","[0.0, 6.0, 2.0, 1.0, 0.0, 6.0, 3.0, 0.0, 1.0, 1.0, 4.0, 2.0, 1.0, -2.0, 1.0, 2.0]","[-11.0, 56.0, 19.0, 16.0, 0.0, 50.0, 13.0, 13.0, 13.0, 62.0, 17.0, 13.0, 14.0, -37.0, 13.0, 14.0]"
1,1791638663.0688493,"[-16.259066999999988, 25.489158000000003, 14.85434699999999, 15.55747500000001, -0.08712299999999118, 26.10439500000001, 15.381693000000013, 15.821147999999994, 16.787948999999998, 26.71963199999999, 14.151218999999998, 14.942238000000003, -1.9328339999999855, 151.70063399999998, 55.28420700000001, 41.22164699999999]","[-3.0, 15.0, 1.0, 3.0, 0.0, 3.0, 3.0, 3.0, 3.0, 7.0, 4.0, 1.0, 1.0, -3.0, 1.0, 2.0]","[-10.0, 57.0, 19.0, 17.0, 0.0, 54.0, 14.0, 12.0, 13.0, 48.0, 17.0, 13.0, 14.0, -35.0, 13.0, 14.0]"
1,1791638663.2933974,"[-17.22586799999999, 28.91690700000001, 15.909039000000007, 16.524276000000015, -0.08712299999999118, 28.30167, 16.524276000000015, 16.787948999999998, 17.666858999999988, 28.565343000000013, 15.118020000000001, 15.996929999999992, -1.9328339999999855, 150.47016000000002, 56.25100800000001, 42.27633900000001]","[-2.0, 3.0, 1.0, 3.0, 0.0, 4.0, 3.0, 3.0, 1.0, 3.0, 3.0, 1.0, 1.0, -2.0, 1.0, 2.0]","[-10.0, 51.0, 19.0, 16.0, 0.0, 53.0, 13.0, 11.0, 14.0, 55.0, 16.0, 14.0, 14.0, -45.0, 14.0, 14.0]"
1,1791638663.5173178,"[-18.368450999999993, 28.91690700000001, 17.139512999999994, 17.403186000000005, -0.08712299999999118, 29.883708000000013, 17.578968000000003, 17.75475, 18.633659999999992, 28.653233999999998, 16.348493999999988, 16.963730999999996, -1.9328339999999855, 148.448667, 57.393591000000015, 43.24314000000001]","[-3.0, 1.0, 3.0, 3.0, 0.0, 1.0, 3.0, 2.0, 1.0, 2.0, 4.0, 3.0, 1.0, -3.0, 3.0, 3.0]","[-9.0, 71.0, 18.0, 17.0, 0.0, 60.0, 13.0, 12.0, 13.0, 80.0, 15.0, 13.0, 13.0, -45.0, 14.0, 14.0]"
1,1791638663.7413983,"[-19.335251999999997, 33.223566000000005, 18.19420500000001, 18.457877999999994, -0.08712299999999118, 32.432547, 18.36998700000001, 18.633659999999992, 19.600460999999996, 32.959892999999994, 17.315294999999992, 18.19420500000001, -1.9328339999999855, 146.163501, 58.36039199999999, 44.297832]","[-1.0, 8.0, 4.0, 4.0, 0.0, 10.0, 1.0, 2.0, 3.0, 15.0, 1.0, 4.0, 1.0, -4.0, 3.0, 1.0]","[-10.0, 45.0, 18.0, 16.0, 0.0, 53.0, 14.0, 13.0, 14.0, 45.0, 16.0, 14.0, 15.0, -39.0, 14.0, 15.0]"
1,1791638663.9648442,"[-20.389943999999986, 35.33295000000001, 19.248897, 19.424678999999998, -0.08712299999999118, 34.45403999999999, 19.248897, 19.68835200000001, 20.567262, 33.04778400000001, 18.545769000000007, 19.073115, -1.9328339999999855, 145.811937, 59.41508400000001, 45.264633]","[-1.0, 5.0, 2.0, 2.0, 0.0, 3.0, 2.0, 1.0, 2.0, 0.0, 1.0, 2.0, 1.0, -3.0, 1.0, 2.0]","[-9.0, 47.0, 17.0, 16.0, 0.0, 57.0, 14.0, 11.0, 14.0, 71.0, 16.0, 12.0, 14.0, -55.0, 14.0, 14.0]"
1,1791638664.1858416,"[-21.532526999999988, 37.178661000000005, 20.39148, 20.479371000000015, -0.08712299999999118, 36.82709700000001, 20.215698000000003, 20.743043999999998, 21.885627, 33.13567499999999, 19.424678999999998, 20.215698000000003, -1.9328339999999855, 141.68106, 60.293994, 46.143542999999994]","[0.0, 4.0, 4.0, 2.0, 0.0, 7.0, 1.0, 1.0, 3.0, 1.0, 2.0, 3.0, 1.0, -3.0, 1.0, 2.0]","[-9.0, 44.0, 17.0, 16.0, 0.0, 48.0, 14.0, 12.0, 13.0, 99.0, 15.0, 13.0, 14.0, -39.0, 14.0, 15.0]"
1,1791638664.4107203,"[-22.587219000000005, 39.46382700000001, 21.358281000000005, 21.709845, -0.08712299999999118, 38.76069899999999, 20.918825999999996, 21.709845, 22.412972999999994, 39.200154, 20.655153000000013, 21.270389999999992, -1.9328339999999855, 139.92324000000002, 61.436577, 47.19823500000001]","[0.0, 7.0, 3.0, 3.0, 1.0, 7.0, 2.0, 4.0, 1.0, 10.0, 2.0, 3.0, 1.0, -4.0, 3.0, 1.0]","[-9.0, 42.0, 17.0, 16.0, 0.0, 45.0, 15.0, 12.0, 14.0, 45.0, 14.0, 13.0, 13.0, -40.0, 13.0, 15.0]"
1,1791638664.637373,"[-23.81769299999999, 41.39742899999999, 22.500864000000007, 22.588754999999992, 0.0007679999999936626, 40.95797400000001, 21.797736000000015, 22.76453699999999, 23.907119999999992, 41.836884, 21.709845, 22.32508200000001, -1.9328339999999855, 137.72596500000003, 62.49126900000002, 48.34081800000001]","[0.0, 1.0, 1.0, 2.0, 1.0, 8.0, 1.0, 1.0, 4.0, 4.0, 4.0, 1.0, 1.0, -5.0, 3.0, 3.0]","[-9.0, 46.0, 17.0, 16.0, -8.0, 47.0, 16.0, 12.0, 13.0, 41.0, 14.0, 13.0, 14.0, -35.0, 13.0, 14.0]"
1,1791638664.8612387,"[-24.69660300000001, 43.68259499999999, 23.379773999999998, 23.379773999999998, 0.0007679999999936626, 43.59470400000001, 22.588754999999992, 23.64344700000001, 24.873920999999996, 43.331030999999996, 22.76453699999999, 22.852428000000003, -1.9328339999999855, 135.79236300000002, 63.45806999999999, 49.219728]","[-2.0, 9.0, 3.0, 4.0, 0.0, 6.0, 1.0, 1.0, 1.0, 4.0, 3.0, 3.0, 1.0, -2.0, 2.0, 1.0]","[-9.0, 37.0, 17.0, 17.0, -12.0, 41.0, 17.0, 12.0, 14.0, 46.0, 15.0, 14.0, 14.0, -39.0, 12.0, 14.0]"
1,1791638665.08259,"[-25.751295, 46.23143400000001, 24.170793000000003, 24.610248000000013, 0.0007679999999936626, 45.70408800000001, 23.555555999999996, 24.78603000000001, 25.840722, 46.31932499999999, 23.64344700000001, 24.170793000000003, -1.9328339999999855, 133.067742, 64.424871, 50.18652900000001]","[-3.0, 4.0, 1.0, 3.0, 1.0, 8.0, 3.0, 1.0, 1.0, 7.0, 1.0, 3.0, 1.0, -5.0, 2.0, 3.0]","[-9.0, 37.0, 18.0, 16.0, -12.0, 40.0, 16.0, 12.0, 12.0, 38.0, 15.0, 12.0, 14.0, -31.0, 14.0, 14.0]"
1,1791638665.3053207,"[-26.893878, 48.51660000000001, 25.40126699999999, 25.577048999999988, 0.0007679999999936626, 47.901363, 24.873920999999996, 25.752831000000015, 26.983305, 47.901363, 24.873920999999996, 25.66494, -1.9328339999999855, 131.046249, 65.21589, 51.065439]","[-2.0, 7.0, 3.0, 2.0, 1.0, 3.0, 3.0, 1.0, 1.0, 4.0, 2.0, 4.0, 1.0, -2.0, 7.0, 2.0]","[-8.0, 36.0, 17.0, 16.0, -12.0, 43.0, 15.0, 12.0, 0.0, 42.0, 14.0, 11.0, 16.0, -32.0, 13.0, 15.0]"
1,1791638665.5306866,"[-27.94856999999999, 50.362311000000005, 26.28017700000001, 26.807523000000003, 0.0007679999999936626, 49.922855999999996, 25.840722, 26.895413999999988, 27.950106000000005, 50.889657, 26.016503999999998, 26.455959000000007, -1.9328339999999855, 128.58530100000002, 66.534255, 52.208022]","[-1.0, 1.0, 1.0, 4.0, 1.0, 6.0, 2.0, 1.0, 1.0, 8.0, 4.0, 3.0, 1.0, -2.0, 1.0, 1.0]","[0.0, 36.0, 18.0, 16.0, -12.0, 37.0, 16.0, 12.0, 0.0, 32.0, 15.0, 13.0, 14.0, -29.0, 12.0, 15.0]"
1,1791638665.757173,"[-28.739588999999995, 52.82325900000001, 27.334868999999998, 27.774324000000007, 0.0007679999999936626, 52.383804, 27.071196000000015, 27.42276000000001, 29.004797999999994, 52.120131000000015, 26.895413999999988, 27.774324000000007, -1.9328339999999855, 127.003263, 67.676838, 53.174823]","[0.0, 8.0, 1.0, 3.0, 1.0, 6.0, 3.0, 1.0, 0.0, 1.0, 2.0, 4.0, 1.0, -1.0, 2.0, 1.0]","[-8.0, 32.0, 17.0, 16.0, -11.0, 34.0, 14.0, 13.0, 0.0, 39.0, 13.0, 11.0, 14.0, -34.0, 12.0, 14.0]"
1,1791638665.979453,"[-29.70639, 55.372097999999994, 28.30167, 28.829015999999996, 0.0007679999999936626, 54.58107900000002, 28.213778999999988, 28.565343000000013, 30.05949000000001, 54.756861000000015, 28.125888000000003, 28.74112500000001, -1.9328339999999855, 125.069661, 68.64363900000001, 54.14162400000001]","[-2.0, 5.0, 1.0, 1.0, 1.0, 7.0, 3.0, 1.0, 1.0, 9.0, 3.0, 3.0, 1.0, -3.0, 3.0, 1.0]","[-8.0, 30.0, 18.0, 16.0, -11.0, 31.0, 14.0, 13.0, 0.0, 30.0, 14.0, 12.0, 15.0, -33.0, 13.0, 15.0]"
1,1791638666.205108,"[-30.848973, 57.393591000000015, 29.35636199999999, 29.883708000000013, 0.0007679999999936626, 56.77835400000001, 29.444253000000003, 29.795817, 31.114182, 56.338899, 29.180579999999992, 29.795817, -1.9328339999999855, 123.575514, 69.43465800000001, 55.196315999999996]","[0.0, 5.0, 2.0, 3.0, 0.0, 3.0, 3.0, 1.0, 0.0, 0.0, 4.0, 2.0, 1.0, 0.0, 1.0, 1.0]","[-8.0, 28.0, 17.0, 16.0, -12.0, 33.0, 14.0, 12.0, -12.0, 37.0, 12.0, 11.0, 14.0, -36.0, 13.0, 14.0]"
1,1791638666.4261096,"[-31.815774000000005, 59.50297499999999, 30.498944999999992, 30.9384, 0.0007679999999936626, 58.88773800000001, 30.586836000000005, 30.762618000000003, 32.080983, 56.42679000000001, 29.883708000000013, 30.762618000000003, -1.9328339999999855, 121.11456600000002, 70.75302300000001, 56.25100800000001]","[-1.0, 4.0, 1.0, 1.0, 0.0, 2.0, 3.0, 1.0, 1.0, 2.0, 1.0, 2.0, 1.0, -8.0, 3.0, 3.0]","[-9.0, 28.0, 17.0, 15.0, -11.0, 32.0, 13.0, 12.0, -7.0, 57.0, 14.0, 12.0, 14.0, -29.0, 11.0, 14.0]"
1,1791638666.6530852,"[-32.87046599999999, 61.436577, 31.55363700000001, 31.905201000000005, 0.08865900000000693, 61.436577, 31.641527999999994, 31.905201000000005, 33.04778400000001, 61.260795, 31.114182, 31.817309999999992, -1.9328339999999855, 118.82940000000002, 71.89560600000002, 57.21780900000002]","[0.0, 7.0, 4.0, 2.0, 0.0, 4.0, 1.0, 1.0, 1.0, 14.0, 3.0, 3.0, 1.0, 0.0, 4.0, 2.0]","[-8.0, 25.0, 16.0, 16.0, -13.0, 26.0, 13.0, 11.0, 0.0, 27.0, 13.0, 11.0, 14.0, -31.0, 12.0, 14.0]"
1,1791638666.8770597,"[-33.92515800000001, 64.073307, 32.69622000000001, 32.959892999999994, 0.08865900000000693, 63.721743000000004, 32.69622000000001, 32.87200200000001, 34.01458500000001, 63.63385199999999, 32.432547, 32.608329, -1.9328339999999855, 116.63212500000003, 72.86240699999999, 58.36039199999999]","[-1.0, 4.0, 3.0, 3.0, 0.0, 7.0, 3.0, 1.0, 1.0, 3.0, 4.0, 2.0, 1.0, -4.0, 1.0, 3.0]","[-8.0, 25.0, 16.0, 15.0, -12.0, 24.0, 13.0, 11.0, -9.0, 28.0, 12.0, 12.0, 14.0, -29.0, 12.0, 14.0]"
1,1791638667.0978715,"[-35.06774100000001, 66.27058199999999, 33.750912, 34.102475999999996, 0.0007679999999936626, 66.00690900000001, 34.01458500000001, 34.102475999999996, 35.069277, 65.919018, 33.48723899999999, 33.663021000000015, -1.9328339999999855, 114.43484999999998, 73.91709900000001, 59.23930200000001]","[-2.0, 7.0, 2.0, 4.0, 1.0, 4.0, 4.0, 5.0, 1.0, 4.0, 5.0, 3.0, 1.0, -1.0, 1.0, 2.0]","[0.0, 20.0, 16.0, 15.0, -12.0, 21.0, 12.0, 11.0, 0.0, 25.0, 11.0, 11.0, 14.0, -31.0, 12.0, 14.0]"
1,1791638667.3249857,"[-35.770869000000005, 68.555748, 34.80560399999999, 35.069277, 0.08865900000000693, 68.028402, 34.981386000000015, 35.069277, 36.12396899999999, 68.11629300000001, 34.541931000000005, 34.717713, -1.9328339999999855, 112.50124799999998, 75.05968200000001, 60.38188500000001]","[-1.0, 4.0, 2.0, 3.0, 1.0, 3.0, 3.0, 3.0, 1.0, 8.0, 3.0, 4.0, 1.0, -2.0, 2.0, 3.0]","[-8.0, 20.0, 16.0, 15.0, -13.0, 24.0, 12.0, 10.0, -15.0, 22.0, 12.0, 12.0, 14.0, -29.0, 11.0, 13.0]"
1,1791638667.5489829,"[-36.82556099999999, 70.665132, 35.94818699999999, 35.94818699999999, 0.0007679999999936626, 70.137786, 35.94818699999999, 35.94818699999999, 37.00287900000001, 70.40145900000002, 35.596622999999994, 35.069277, -1.9328339999999855, 110.12819100000002, 76.20226500000001, 61.436577]","[0.0, 6.0, 2.0, 2.0, 1.0, 1.0, 1.0, 1.0, 1.0, 3.0, 3.0, 5.0, 1.0, -2.0, 3.0, 1.0]","[-9.0, 17.0, 15.0, 16.0, -12.0, 23.0, 11.0, 11.0, 0.0, 20.0, 11.0, 12.0, 14.0, -25.0, 11.0, 15.0]"
1,1791638667.769151,"[-37.88025300000001, 73.21397100000002, 37.178661000000005, 36.82709700000001, 0.0007679999999936626, 70.313568, 36.299751000000015, 36.387642, 38.057570999999996, 72.59873400000001, 36.65131500000001, 36.47553300000001, -1.9328339999999855, 108.37037099999998, 77.256957, 62.13970499999999]","[0.0, 3.0, 3.0, 1.0, 1.0, 1.0, 1.0, 1.0, 1.0, 5.0, 3.0, 1.0, 1.0, -2.0, 4.0, 0.0]","[-9.0, 17.0, 15.0, 16.0, -13.0, 37.0, 14.0, 12.0, 0.0, 20.0, 12.0, 12.0, 14.0, -28.0, 11.0, 15.0]"
1,1791638667.994625,"[-38.759163, 75.411246, 38.14546200000001, 37.96968000000001, 0.0007679999999936626, 70.840914, 36.47553300000001, 37.00287900000001, 39.024372, 74.70811800000001, 37.881789, 37.44233399999999, -1.9328339999999855, 105.73364099999998, 78.31164899999999, 63.37017900000001]","[-1.0, 5.0, 1.0, 3.0, 0.0, 1.0, 1.0, 1.0, 1.0, 2.0, 3.0, 1.0, 1.0, -4.0, 1.0, 1.0]","[-9.0, 16.0, 15.0, 16.0, -12.0, 52.0, 16.0, 15.0, 0.0, 21.0, 12.0, 12.0, 13.0, -23.0, 11.0, 14.0]"
1,1791638668.2209778,"[-39.98963699999999, 77.69641200000001, 39.375935999999996, 38.76069899999999, 0.0007679999999936626, 71.192478, 36.563424, 37.530225, 39.991173, 76.64172000000002, 38.76069899999999, 38.672808, -1.9328339999999855, 103.80003900000003, 79.36634099999998, 64.249089]","[-2.0, 5.0, 3.0, 1.0, 0.0, 1.0, 1.0, 1.0, 2.0, 6.0, 1.0, 2.0, 1.0, 0.0, 3.0, 1.0]","[-9.0, 14.0, 15.0, 17.0, -12.0, 70.0, 21.0, 16.0, 2.0, 20.0, 11.0, 11.0, 13.0, -25.0, 11.0, 14.0]"
1,1791638668.4430127,"[-40.51698300000001, 79.98157800000001, 40.518519, 39.815391000000005, 0.0007679999999936626, 71.10458700000001, 36.914987999999994, 38.233352999999994, 40.95797400000001, 79.19055900000001, 39.90328199999999, 39.63960900000001, -1.9328339999999855, 103.80003900000003, 80.33314200000001, 65.391672]","[0.0, 6.0, 4.0, 3.0, 0.0, -1.0, 1.0, 5.0, 1.0, 3.0, 4.0, 3.0, 0.0, 1.0, 2.0, 3.0]","[-9.0, 14.0, 14.0, 15.0, -12.0, 71.0, 26.0, 17.0, 13.0, 18.0, 9.0, 12.0, 13.0, -25.0, 10.0, 14.0]"
1,1791638668.6681166,"[-42.01113000000001, 82.26674400000002, 41.48532, 40.694300999999996, 0.0007679999999936626, 71.10458700000001, 37.44233399999999, 39.375935999999996, 41.661102, 81.29994299999998, 40.870082999999994, 40.78219200000001, -1.9328339999999855, 103.80003900000003, 81.29994299999998, 66.44636400000002]","[-2.0, 5.0, 1.0, 1.0, 0.0, 0.0, 1.0, 1.0, 1.0, 7.0, 2.0, 5.0, 1.0, 1.0, 1.0, 3.0]","[-4.0, 13.0, 14.0, 15.0, -12.0, 73.0, 29.0, 17.0, 14.0, 17.0, 10.0, 11.0, 13.0, -25.0, 10.0, 14.0]"
1,1791638668.8913245,"[-43.065822, 84.46401900000001, 42.71579399999999, 41.74899300000001, 0.0007679999999936626, 71.10458700000001, 37.44233399999999, 40.166955, 43.06735800000001, 83.673, 42.10055700000001, 41.661102, -1.9328339999999855, 103.80003900000003, 82.44252599999999, 67.237383]","[-2.0, 5.0, 3.0, 3.0, 0.0, 0.0, 1.0, 1.0, 1.0, 4.0, 1.0, 2.0, 1.0, 1.0, 3.0, 1.0]","[0.0, 13.0, 14.0, 16.0, -12.0, 73.0, 36.0, 17.0, 0.0, 16.0, 11.0, 11.0, 14.0, -24.0, 11.0, 15.0]"
1,1791638669.1168542,"[-44.032623, 86.74918500000001, 43.59470400000001, 42.891576000000015, 0.0007679999999936626, 69.698331, 37.354443, 40.166955, 44.03415899999999, 85.78238399999998, 43.24314000000001, 42.803685, -1.9328339999999855, 103.80003900000003, 83.321436, 68.379966]","[0.0, 5.0, 1.0, 3.0, 1.0, 0.0, 0.0, 0.0, 1.0, 5.0, 4.0, 3.0, 1.0, 1.0, 2.0, 3.0]","[0.0, 11.0, 15.0, 14.0, 7.0, 12.0, 9.0, 0.0, 0.0, 15.0, 10.0, 11.0, 13.0, -25.0, 11.0, 14.0]"
1,1791638669.3408148,"[-45.08731499999999, 88.68278700000002, 44.73728700000001, 43.68259499999999, 0.0007679999999936626, 69.698331, 37.354443, 40.166955, 45.00095999999999, 88.155441, 44.297832, 43.85837699999999, -1.8449430000000007, 103.80003900000003, 84.20034600000002, 69.346767]","[0.0, 5.0, 3.0, 4.0, 1.0, 0.0, 0.0, 0.0, 1.0, 4.0, 4.0, 2.0, 1.0, 1.0, 2.0, 2.0]","[0.0, 12.0, 14.0, 15.0, 4.0, 13.0, 9.0, 0.0, -14.0, 15.0, 9.0, 11.0, 13.0, -23.0, 11.0, 15.0]"
1,1791638669.5612469,"[-46.05411599999999, 88.94646, 45.616197, 45.17674199999999, 0.0007679999999936626, 69.698331, 37.354443, 40.166955, 46.05565200000001, 88.33122300000002, 45.264633, 44.91306900000001, -1.9328339999999855, 103.80003900000003, 85.167147, 70.313568]","[0.0, 1.0, 1.0, 5.0, 1.0, 1.0, 0.0, 0.0, 1.0, 1.0, 2.0, 2.0, 1.0, 1.0, 1.0, 2.0]","[0.0, 12.0, 14.0, 15.0, 8.0, 12.0, 9.0, 0.0, -14.0, 14.0, 10.0, 10.0, 14.0, -25.0, 11.0, 14.0]"
1,1791638669.788053,"[-47.020917, 88.94646, 46.67088899999999, 45.967760999999996, 0.0007679999999936626, 69.698331, 37.354443, 40.166955, 47.02245300000001, 88.33122300000002, 46.143542999999994, 45.87987000000001, -1.8449430000000007, 103.80003900000003, 86.04605700000002, 71.36825999999999]","[-1.0, 1.0, 3.0, 3.0, 1.0, 1.0, 0.0, 1.0, 1.0, 1.0, 1.0, 1.0, 1.0, 1.0, 3.0, 3.0]","[0.0, 12.0, 13.0, 15.0, 11.0, 12.0, 10.0, 0.0, -11.0, 14.0, 10.0, 11.0, 14.0, -25.0, 11.0, 14.0]"
1,1791638670.0100958,"[-47.54826299999999, 88.94646, 47.63768999999999, 47.286125999999996, 0.0007679999999936626, 69.698331, 37.354443, 40.166955, 48.077145, 88.33122300000002, 47.37401700000001, 47.02245300000001, -1.8449430000000007, 103.80003900000003, 87.18864000000002, 72.24717000000001]","[0.0, 1.0, 1.0, 3.0, 1.0, 1.0, 0.0, 0.0, 1.0, 1.0, 3.0, 1.0, 1.0, 0.0, 2.0, 1.0]","[-9.0, 12.0, 14.0, 14.0, 5.0, 13.0, 10.0, 0.0, -14.0, 13.0, 9.0, 10.0, 14.0, -26.0, 10.0, 15.0]"
1,1791638670.2367713,"[-48.954519000000005, 88.94646, 48.51660000000001, 48.165036000000015, 0.08865900000000693, 69.698331, 37.354443, 40.166955, 49.043946000000005, 88.33122300000002, 48.165036000000015, 47.81347199999999, -1.8449430000000007, 103.80003900000003, 88.155441, 73.12608]","[-3.0, 0.0, 1.0, 1.0, 1.0, 1.0, 0.0, 0.0, 1.0, 1.0, 1.0, 1.0, 1.0, 1.0, 3.0, 1.0]","[-8.0, 12.0, 15.0, 15.0, 2.0, 13.0, 10.0, 0.0, -13.0, 14.0, 10.0, 11.0, 14.0, -25.0, 11.0, 15.0]"
1,1791638670.4604163,"[-49.74553800000001, 88.94646, 49.571292, 49.30761899999999, 0.0007679999999936626, 69.698331, 37.354443, 40.166955, 50.01074700000001, 88.33122300000002, 49.13183699999999, 48.95605499999999, -1.8449430000000007, 103.80003900000003, 89.03435100000002, 74.268663]","[0.0, 0.0, 3.0, 2.0, 1.0, 1.0, 0.0, 0.0, 1.0, 1.0, 2.0, 1.0, 1.0, 1.0, 1.0, 2.0]","[-9.0, 13.0, 14.0, 14.0, 5.0, 13.0, 10.0, 0.0, -14.0, 14.0, 10.0, 10.0, 13.0, -25.0, 11.0, 15.0]"
1,1791638670.6847203,"[-50.80023, 88.94646, 50.538093, 50.538093, 0.0007679999999936626, 69.698331, 37.354443, 40.166955, 51.15333000000001, 88.33122300000002, 50.18652900000001, 50.01074700000001, -1.8449430000000007, 103.80003900000003, 90.17693400000002, 75.23546400000001]","[0.0, 0.0, 3.0, 2.0, 0.0, 1.0, 0.0, 0.0, 1.0, 1.0, 2.0, 2.0, 1.0, 0.0, 3.0, 1.0]","[-9.0, 12.0, 14.0, 14.0, 9.0, 13.0, 10.0, 0.0, -14.0, 14.0, 10.0, 10.0, 14.0, -25.0, 11.0, 14.0]"
1,1791638670.9087753,"[-51.67913999999999, 88.94646, 51.417002999999994, 51.50489400000001, 0.08865900000000693, 69.698331, 37.354443, 40.166955, 52.03224, 88.33122300000002, 51.065439, 50.889657, -1.8449430000000007, 103.80003900000003, 91.05584399999998, 76.20226500000001]","[0.0, 0.0, 3.0, 3.0, 1.0, 1.0, 0.0, 0.0, 0.0, 1.0, 1.0, 1.0, 1.0, 1.0, 3.0, 1.0]","[-9.0, 12.0, 15.0, 15.0, 10.0, 13.0, 9.0, 0.0, 0.0, 14.0, 10.0, 11.0, 14.0, -25.0, 11.0, 15.0]"
1,1791638671.1312268,"[-52.64594099999999, 88.94646, 52.208022, 52.29591300000001, 0.0007679999999936626, 69.698331, 37.354443, 40.166955, 53.08693199999999, 88.33122300000002, 52.29591300000001, 51.856458, -1.8449430000000007, 103.80003900000003, 92.11053600000002, 77.16906599999999]","[-2.0, 0.0, 1.0, 2.0, 1.0, 1.0, 0.0, 0.0, 0.0, 1.0, 3.0, 1.0, 1.0, 1.0, 3.0, 1.0]","[-9.0, 12.0, 15.0, 14.0, 5.0, 13.0, 9.0, 0.0, 0.0, 14.0, 10.0, 10.0, 14.0, -25.0, 11.0, 15.0]"
1,1791638671.3566763,"[-53.700632999999996, 88.94646, 52.91114999999999, 53.350605, 0.0007679999999936626, 69.698331, 37.354443, 40.166955, 54.053732999999994, 88.33122300000002, 53.174823, 52.999041000000005, -1.8449430000000007, 103.80003900000003, 93.077337, 78.047976]","[-2.0, 0.0, 2.0, 3.0, 0.0, 1.0, 0.0, 0.0, 0.0, 1.0, 2.0, 4.0, 1.0, 1.0, 3.0, 1.0]","[-9.0, 12.0, 16.0, 14.0, 11.0, 13.0, 9.0, 0.0, -1.0, 14.0, 10.0, 11.0, 14.0, -25.0, 12.0, 16.0]"
1,1791638671.5780067,"[-54.491652, 88.94646, 53.438496000000015, 54.317406000000005, 0.08865900000000693, 69.698331, 37.354443, 40.166955, 55.020534, 88.33122300000002, 54.053732999999994, 53.79006000000001, -1.8449430000000007, 103.80003900000003, 93.95624700000002, 79.19055900000001]","[0.0, 0.0, 1.0, 3.0, 1.0, 1.0, 0.0, 0.0, 0.0, 1.0, 2.0, 1.0, 1.0, 1.0, 1.0, 2.0]","[-9.0, 12.0, 17.0, 14.0, 8.0, 13.0, 9.0, 0.0, -8.0, 14.0, 10.0, 11.0, 14.0, -25.0, 12.0, 14.0]"
1,1791638671.8045938,"[-55.37056199999999, 88.85856899999999, 54.58107900000002, 55.28420700000001, 0.08865900000000693, 69.698331, 37.354443, 40.166955, 56.075226000000015, 88.33122300000002, 55.10842500000001, 54.93264300000001, -1.8449430000000007, 103.80003900000003, 95.18672099999998, 79.19055900000001]","[0.0, 0.0, 2.0, 1.0, 1.0, 1.0, 0.0, 0.0, 1.0, 1.0, 1.0, 3.0, 1.0, 1.0, 1.0, 0.0]","[-9.0, 13.0, 16.0, 14.0, 4.0, 13.0, 10.0, 0.0, -4.0, 14.0, 10.0, 12.0, 15.0, -25.0, 12.0, 15.0]"
1,1791638672.0286047,"[-56.337362999999996, 88.77067799999998, 55.28420700000001, 56.163117, 0.0007679999999936626, 69.698331, 37.354443, 40.166955, 56.954136000000005, 88.33122300000002, 56.075226000000015, 55.811553, -1.8449430000000007, 103.80003900000003, 96.24141300000002, 79.19055900000001]","[0.0, 0.0, 2.0, 2.0, 0.0, 1.0, 0.0, 0.0, 1.0, 1.0, 3.0, 1.0, 1.0, 1.0, 3.0, 0.0]","[-10.0, 14.0, 17.0, 15.0, 7.0, 13.0, 9.0, 0.0, 0.0, 14.0, 10.0, 10.0, 14.0, -25.0, 11.0, 13.0]"
1,1791638672.250898,"[-56.864709000000005, 88.77067799999998, 55.89944400000002, 56.954136000000005, 0.08865900000000693, 69.698331, 37.354443, 40.166955, 57.92093700000001, 88.33122300000002, 56.954136000000005, 56.77835400000001, -1.8449430000000007, 103.80003900000003, 97.38399600000002, 79.19055900000001]","[0.0, 0.0, 1.0, 1.0, 1.0, 1.0, 0.0, 1.0, 0.0, 1.0, 2.0, 1.0, 1.0, 1.0, 2.0, 0.0]","[-11.0, 14.0, 18.0, 15.0, 7.0, 12.0, 10.0, 0.0, -1.0, 13.0, 10.0, 12.0, 13.0, -25.0, 11.0, 14.0]"
1,1791638672.4740255,"[-58.270965000000004, 88.77067799999998, 56.954136000000005, 58.008827999999994, 0.08865900000000693, 69.698331, 37.354443, 40.166955, 58.975629, 88.33122300000002, 58.008827999999994, 57.74515500000001, -1.8449430000000007, 103.80003900000003, 98.17501500000003, 79.19055900000001]","[-3.0, 1.0, 3.0, 1.0, 1.0, 0.0, 0.0, 0.0, 1.0, 1.0, 4.0, 3.0, 1.0, 1.0, 1.0, 0.0]","[-10.0, 14.0, 19.0, 15.0, 6.0, 13.0, 10.0, 0.0, 0.0, 14.0, 11.0, 11.0, 13.0, -25.0, 11.0, 14.0]"
1,1791638672.7006588,"[-59.061983999999995, 88.68278700000002, 57.92093700000001, 59.23930200000001, 0.0007679999999936626, 69.698331, 37.354443, 40.166955, 59.94243, 88.33122300000002, 58.975629, 58.799847, -1.8449430000000007, 103.80003900000003, 99.141816, 79.19055900000001]","[0.0, 0.0, 3.0, 3.0, 1.0, 1.0, 1.0, 0.0, 1.0, 1.0, 2.0, 1.0, 1.0, 1.0, 2.0, 1.0]","[-11.0, 13.0, 19.0, 15.0, 5.0, 13.0, 9.0, 0.0, 0.0, 14.0, 11.0, 10.0, 14.0, -24.0, 11.0, 14.0]"
1,1791638672.921964,"[-60.292457999999996, 88.594896, 59.06352000000001, 59.23930200000001, 0.0007679999999936626, 69.698331, 37.354443, 40.166955, 60.99712199999999, 88.33122300000002, 60.20610300000001, 58.799847, -1.8449430000000007, 103.80003900000003, 100.196508, 79.19055900000001]","[-1.0, 0.0, 3.0, 1.0, 0.0, 1.0, 0.0, 0.0, 1.0, 1.0, 4.0, 1.0, 1.0, 1.0, 2.0, 1.0]","[-10.0, 12.0, 17.0, 14.0, 9.0, 12.0, 10.0, 0.0, 0.0, 14.0, 9.0, 11.0, 13.0, -25.0, 11.0, 14.0]"
1,1791638673.1454287,"[-61.522932, 88.50700499999999, 59.94243, 59.23930200000001, 0.0007679999999936626, 69.698331, 37.354443, 40.166955, 61.963922999999994, 88.33122300000002, 61.260795, 58.88773800000001, -1.8449430000000007, 103.80003900000003, 101.16330900000003, 79.19055900000001]","[-1.0, 0.0, 4.0, 1.0, 1.0, 1.0, 0.0, 0.0, 1.0, 1.0, 3.0, 1.0, 1.0, 1.0, 4.0, 0.0]","[-9.0, 13.0, 19.0, 15.0, 5.0, 12.0, 9.0, 0.0, 0.0, 14.0, 10.0, 11.0, 14.0, -25.0, 11.0, 15.0]"
1,1791638673.3724983,"[-62.313951, 88.50700499999999, 60.55766700000001, 59.327192999999994, 0.0007679999999936626, 69.698331, 37.354443, 40.166955, 62.930724, 88.33122300000002, 62.31548699999999, 58.88773800000001, -1.8449430000000007, 103.80003900000003, 102.13011, 79.19055900000001]","[-2.0, 0.0, 1.0, 0.0, 1.0, 1.0, 0.0, 0.0, 2.0, 1.0, 1.0, 1.0, 1.0, 1.0, 2.0, 1.0]","[-9.0, 13.0, 20.0, 15.0, 7.0, 12.0, 10.0, 0.0, 0.0, 14.0, 10.0, 11.0, 13.0, -25.0, 12.0, 15.0]"
1,1791638673.5936744,"[-63.456534000000005, 88.33122300000002, 61.52446800000001, 59.23930200000001, 0.0007679999999936626, 69.698331, 37.354443, 40.166955, 63.985416000000015, 88.33122300000002, 63.19439700000001, 58.799847, -1.8449430000000007, 103.80003900000003, 103.36058400000002, 79.19055900000001]","[-2.0, 0.0, 3.0, 1.0, 0.0, 1.0, 0.0, 0.0, 1.0, 1.0, 1.0, 0.0, 1.0, 1.0, 3.0, 1.0]","[-9.0, 15.0, 21.0, 14.0, 9.0, 13.0, 11.0, 0.0, 0.0, 14.0, 9.0, 10.0, 14.0, -25.0, 11.0, 14.0]"
1,1791638673.81917,"[-64.423335, 88.33122300000002, 62.31548699999999, 59.327192999999994, 0.08865900000000693, 69.698331, 37.354443, 40.166955, 64.95221699999999, 88.33122300000002, 64.249089, 58.88773800000001, -1.7570519999999874, 103.80003900000003, 104.50316700000002, 79.19055900000001]","[-2.0, 0.0, 1.0, 0.0, 1.0, 1.0, 0.0, 0.0, 1.0, 1.0, 4.0, 1.0, 1.0, 1.0, 4.0, 0.0]","[-9.0, 14.0, 21.0, 14.0, 7.0, 13.0, 9.0, 0.0, 0.0, 14.0, 9.0, 10.0, 13.0, -25.0, 10.0, 14.0]"
1,1791638674.0438087,"[-65.214354, 88.33122300000002, 63.106505999999996, 59.327192999999994, 0.0007679999999936626, 69.698331, 37.354443, 40.166955, 65.919018, 88.33122300000002, 65.12799900000002, 58.88773800000001, -1.7570519999999874, 103.80003900000003, 105.55785900000001, 79.19055900000001]","[1.0, 0.0, 1.0, 1.0, 0.0, 1.0, 0.0, 0.0, 1.0, 1.0, 1.0, 0.0, 1.0, 1.0, 3.0, 0.0]","[-10.0, 14.0, 23.0, 15.0, 9.0, 13.0, 9.0, 0.0, 0.0, 14.0, 10.0, 11.0, 13.0, -25.0, 10.0, 14.0]"
1,1791638674.268297,"[-66.093264, 88.24333200000001, 63.897525, 59.327192999999994, 0.0007679999999936626, 69.698331, 37.354443, 40.166955, 66.97371000000001, 88.33122300000002, 66.00690900000001, 58.88773800000001, -1.7570519999999874, 103.80003900000003, 106.52465999999998, 79.19055900000001]","[-1.0, 0.0, 1.0, 1.0, 0.0, 1.0, 0.0, 0.0, 1.0, 1.0, 1.0, 1.0, 1.0, 1.0, 2.0, 1.0]","[-10.0, 13.0, 25.0, 15.0, 11.0, 13.0, 9.0, 0.0, 0.0, 14.0, 10.0, 11.0, 13.0, -25.0, 11.0, 14.0]"
1,1791638674.4924247,"[-67.147956, 88.24333200000001, 64.68854400000001, 59.327192999999994, 0.08865900000000693, 69.698331, 37.354443, 40.166955, 67.94051100000001, 88.33122300000002, 66.885819, 58.799847, -1.7570519999999874, 103.80003900000003, 107.22778799999998, 79.19055900000001]","[-2.0, 0.0, 1.0, 1.0, 1.0, 1.0, 0.0, 0.0, 2.0, 1.0, 1.0, 1.0, 1.0, 1.0, 3.0, 1.0]","[-11.0, 14.0, 26.0, 14.0, 2.0, 12.0, 9.0, 0.0, 0.0, 14.0, 11.0, 11.0, 12.0, -25.0, 11.0, 14.0]"
1,1791638674.7158792,"[-68.114757, 88.24333200000001, 65.47956300000001, 59.327192999999994, 0.0007679999999936626, 69.698331, 37.354443, 40.166955, 68.995203, 88.33122300000002, 67.676838, 58.88773800000001, -1.7570519999999874, 103.80003900000003, 108.45826199999999, 79.19055900000001]","[-1.0, 0.0, 1.0, 1.0, 1.0, 1.0, 0.0, 0.0, 3.0, 1.0, 3.0, 0.0, 1.0, 1.0, 2.0, 1.0]","[-11.0, 14.0, 28.0, 15.0, 11.0, 13.0, 10.0, 0.0, 0.0, 14.0, 11.0, 11.0, 12.0, -25.0, 11.0, 15.0]"
1,1791638674.9403434,"[-68.905776, 88.24333200000001, 66.182691, 59.327192999999994, 0.0007679999999936626, 69.698331, 37.354443, 40.166955, 69.96200400000001, 88.33122300000002, 68.73152999999999, 58.88773800000001, -1.7570519999999874, 103.80003900000003, 109.33717200000001, 79.27845000000002]","[-1.0, 0.0, 1.0, 1.0, 1.0, 1.0, 0.0, 0.0, 2.0, 1.0, 3.0, 1.0, 0.0, 1.0, 2.0, 1.0]","[-11.0, 14.0, 29.0, 14.0, 9.0, 13.0, 9.0, 0.0, 0.0, 14.0, 10.0, 10.0, 12.0, -26.0, 10.0, 14.0]"
1,1791638675.164341,"[-69.521013, 88.24333200000001, 66.710037, 59.327192999999994, 0.0007679999999936626, 69.698331, 37.354443, 40.166955, 70.840914, 88.33122300000002, 69.61044000000001, 58.88773800000001, -1.6691610000000026, 103.80003900000003, 109.77662700000002, 79.19055900000001]","[0.0, 0.0, 1.0, 0.0, 0.0, 1.0, 0.0, 0.0, 2.0, 1.0, 1.0, 1.0, 1.0, 1.0, 1.0, 0.0]","[-12.0, 14.0, 33.0, 15.0, 11.0, 12.0, 10.0, 0.0, 13.0, 14.0, 12.0, 10.0, 12.0, -26.0, 10.0, 15.0]"
1,1791638675.3887322,"[-70.487814, 87.97965900000003, 67.061601, 59.23930200000001, 0.08865900000000693, 69.698331, 37.354443, 40.166955, 71.807715, 88.33122300000002, 70.48935, 58.88773800000001, -1.4933790000000045, 103.80003900000003, 110.0403, 79.19055900000001]","[-1.0, -3.0, 1.0, 0.0, 1.0, 1.0, 0.0, 0.0, 1.0, 1.0, 1.0, 0.0, 1.0, 1.0, 1.0, 0.0]","[-12.0, 16.0, 38.0, 15.0, 2.0, 13.0, 10.0, 0.0, 14.0, 13.0, 12.0, 10.0, 12.0, -25.0, 0.0, 14.0]"
1,1791638675.612284,"[-70.575705, 87.10074900000001, 66.97371000000001, 59.151410999999996, 0.0007679999999936626, 69.698331, 37.354443, 40.166955, 72.59873400000001, 88.33122300000002, 71.54404199999999, 58.88773800000001, -1.4933790000000045, 103.80003900000003, 110.0403, 79.19055900000001]","[0.0, 0.0, 0.0, 0.0, 0.0, 1.0, 0.0, 0.0, 1.0, 1.0, 3.0, 0.0, 0.0, 1.0, 1.0, 0.0]","[8.0, 11.0, 14.0, 7.0, 9.0, 12.0, 10.0, 0.0, 14.0, 15.0, 13.0, 11.0, 12.0, -26.0, 0.0, 14.0]"
1,1791638675.8343985,"[-70.575705, 87.10074900000001, 66.97371000000001, 59.151410999999996, 0.0007679999999936626, 69.698331, 37.354443, 40.166955, 73.74131700000001, 88.33122300000002, 72.42295200000001, 58.88773800000001, -1.4933790000000045, 103.80003900000003, 110.0403, 79.19055900000001]","[0.0, 0.0, 0.0, 0.0, 0.0, 0.0, 0.0, 0.0, 2.0, 1.0, 1.0, 1.0, 0.0, 1.0, 1.0, 1.0]","[8.0, 13.0, 13.0, 7.0, 8.0, 12.0, 9.0, 0.0, 14.0, 14.0, 12.0, 10.0, 12.0, -26.0, 0.0, 15.0]"
1,1791638676.0597293,"[-70.575705, 87.10074900000001, 66.97371000000001, 59.151410999999996, 0.0007679999999936626, 69.698331, 37.354443, 40.166955, 74.444445, 88.41911399999998, 72.68662499999999, 58.799847, -1.4933790000000045, 103.80003900000003, 110.0403, 79.19055900000001]","[0.0, 0.0, 0.0, -1.0, 1.0, 1.0, 0.0, 0.0, 4.0, 1.0, 1.0, 0.0, 1.0, 1.0, 1.0, 0.0]","[8.0, 12.0, 14.0, 14.0, 7.0, 12.0, 10.0, 0.0, 14.0, 14.0, 15.0, 10.0, 12.0, -26.0, 0.0, 14.0]"
1,1791638676.2811012,"[-70.575705, 87.10074900000001, 66.97371000000001, 59.23930200000001, 0.08865900000000693, 69.698331, 37.354443, 40.166955, 74.620227, 88.68278700000002, 73.03818900000002, 58.88773800000001, -1.4933790000000045, 103.80003900000003, 110.0403, 79.19055900000001]","[0.0, 0.0, 0.0, 0.0, 2.0, 1.0, 0.0, 0.0, 1.0, 1.0, 1.0, 0.0, 1.0, 1.0, 1.0, 1.0]","[9.0, 12.0, 14.0, 3.0, 3.0, 13.0, 10.0, 0.0, 13.0, 12.0, 20.0, 11.0, 12.0, -25.0, 0.0, 15.0]"
1,1791638676.5082386,"[-70.575705, 87.10074900000001, 66.97371000000001, 59.151410999999996, 0.0007679999999936626, 69.698331, 37.354443, 40.166955, 74.620227, 88.85856899999999, 73.21397100000002, 58.799847, -1.4933790000000045, 103.80003900000003, 110.0403, 79.27845000000002]","[0.0, 0.0, 0.0, 0.0, 0.0, 1.0, 0.0, 0.0, 1.0, 1.0, 1.0, 0.0, 1.0, 1.0, 1.0, 1.0]","[8.0, 12.0, 14.0, 8.0, 9.0, 13.0, 9.0, 0.0, 14.0, 12.0, 23.0, 11.0, 14.0, -25.0, 0.0, 14.0]"
1,1791638676.7321844,"[-70.575705, 87.10074900000001, 66.97371000000001, 59.23930200000001, 0.0007679999999936626, 69.698331, 37.354443, 40.166955, 74.620227, 88.85856899999999, 73.477644, 58.799847, -1.4933790000000045, 103.80003900000003, 110.0403, 79.27845000000002]","[0.0, 0.0, 0.0, 0.0, 0.0, 1.0, 0.0, 1.0, 1.0, 1.0, 1.0, 0.0, 1.0, 1.0, 1.0, 1.0]","[8.0, 12.0, 14.0, 4.0, 9.0, 13.0, 10.0, 0.0, 13.0, 12.0, 26.0, 11.0, 12.0, -25.0, 0.0, 15.0]"
1,1791638676.9532661,"[-70.575705, 87.10074900000001, 66.97371000000001, 59.151410999999996, 0.0007679999999936626, 69.698331, 37.354443, 40.166955, 74.70811800000001, 88.85856899999999, 73.74131700000001, 58.799847, -1.4933790000000045, 103.80003900000003, 110.0403, 79.19055900000001]","[0.0, 0.0, 0.0, 0.0, 0.0, 1.0, 0.0, 0.0, 0.0, 1.0, 1.0, 1.0, 1.0, 1.0, 1.0, 0.0]","[8.0, 11.0, 13.0, 4.0, 9.0, 13.0, 11.0, 0.0, 14.0, 12.0, 30.0, 12.0, 12.0, -25.0, 0.0, 14.0]"
1,1791638677.1762536,"[-70.575705, 87.10074900000001, 66.97371000000001, 59.151410999999996, 0.08865900000000693, 69.698331, 37.354443, 40.166955, 74.70811800000001, 88.85856899999999, 74.092881, 58.711956000000015, -1.4933790000000045, 103.80003900000003, 110.0403, 79.19055900000001]","[0.0, 0.0, 0.0, 0.0, 1.0, 1.0, 0.0, 0.0, 1.0, 1.0, 2.0, 0.0, 1.0, 1.0, 1.0, 1.0]","[9.0, 12.0, 14.0, 8.0, 1.0, 13.0, 9.0, 0.0, 14.0, 12.0, 39.0, 12.0, 12.0, -25.0, 0.0, 14.0]"
1,1791638677.4008546,"[-70.575705, 87.10074900000001, 66.97371000000001, 59.23930200000001, 0.0007679999999936626, 69.698331, 37.354443, 40.166955, 74.70811800000001, 88.85856899999999, 74.092881, 58.624065, -1.4933790000000045, 103.80003900000003, 110.0403, 79.19055900000001]","[0.0, 0.0, 0.0, 1.0, 1.0, 1.0, 0.0, 0.0, 1.0, 0.0, 0.0, 0.0, 0.0, 1.0, 1.0, 0.0]","[8.0, 12.0, 14.0, 0.0, 8.0, 13.0, 10.0, 0.0, 14.0, 0.0, 9.0, 9.0, 12.0, -25.0, 0.0, 15.0]"
2,1791638679.4163446,"[0.08865900000000693, -4.745346000000012, -1.229705999999993, -0.17501400000000444, -0.08712299999999118, -4.92112800000001, 0.0007679999999936626, -0.2629049999999893, 0.0007679999999936626, -5.272692000000006, -1.053923999999995, 0.17654999999999177, -1.3175970000000063, 178.33160700000002, 39.991173, 25.40126699999999]","[0.0, 1.0, 0.0, 1.0, 0.0, 1.0, 0.0, 0.0, 0.0, 1.0, 1.0, 0.0, 1.0, 1.0, 1.0, 0.0]","[-9.0, 30.0, 16.0, 13.0, -4.0, 32.0, -10.0, 10.0, -13.0, 35.0, 10.0, -10.0, 13.0, 16.0, 0.0, -14.0]"
2,1791638679.643403,"[0.08865900000000693, -4.657454999999999, -0.9660330000000101, 0.08865900000000693, 0.0007679999999936626, -4.92112800000001, 0.6160050000000012, -0.08712299999999118, 0.0007679999999936626, -5.272692000000006, -1.053923999999995, 0.3523319999999899, -1.3175970000000063, 178.06793399999998, 40.07906399999999, 25.577048999999988]","[0.0, 1.0, 2.0, 1.0, 1.0, 0.0, 1.0, 1.0, 0.0, 1.0, 0.0, 1.0, 1.0, 0.0, 1.0, 1.0]","[-9.0, 37.0, 19.0, 14.0, -10.0, 47.0, 11.0, 12.0, -14.0, 45.0, 14.0, 9.0, 15.0, -13.0, 11.0, 13.0]"
2,1791638679.8674774,"[0.08865900000000693, -4.481673000000001, -0.08712299999999118, 0.44022300000000314, 0.0007679999999936626, -3.60276300000001, 1.2312420000000088, 0.08865900000000693, 0.0007679999999936626, -5.272692000000006, -0.6144689999999855, 0.44022300000000314, -1.3175970000000063, 177.71636999999998, 40.43062800000001, 26.368067999999994]","[0.0, 1.0, 1.0, 1.0, 1.0, 1.0, 1.0, 1.0, 0.0, 1.0, 1.0, 1.0, 1.0, 0.0, 3.0, 2.0]","[-9.0, 40.0, 19.0, 16.0, -3.0, 52.0, 11.0, 14.0, -14.0, 56.0, 16.0, 13.0, 20.0, -26.0, 13.0, 14.0]"
2,1791638680.0919335,"[0.08865900000000693, -4.393781999999987, 0.8796780000000126, 1.582806000000005, -0.08712299999999118, -3.514871999999997, 1.846478999999988, 1.407024000000007, 0.0007679999999936626, -4.657454999999999, 0.44022300000000314, 0.7917869999999994, -1.3175970000000063, 176.83746000000002, 41.573211000000015, 27.159087]","[0.0, 1.0, 1.0, 3.0, 0.0, 2.0, 1.0, 2.0, 1.0, 1.0, 3.0, 1.0, 1.0, 0.0, 5.0, 1.0]","[-9.0, 54.0, 19.0, 17.0, -5.0, 68.0, 13.0, 13.0, -14.0, 59.0, 15.0, 15.0, 28.0, -38.0, 12.0, 14.0]"
2,1791638680.3133347,"[0.08865900000000693, -4.305891000000003, 1.7585880000000031, 2.4617159999999956, -0.08712299999999118, 0.3523319999999899, 2.725389000000007, 2.1980430000000126, 0.0007679999999936626, -4.481673000000001, 1.407024000000007, 2.0222610000000145, -1.3175970000000063, 173.40971100000002, 42.452121000000005, 28.03799699999999]","[0.0, 1.0, 1.0, 3.0, -1.0, 6.0, 2.0, 1.0, 1.0, 1.0, 1.0, 3.0, 1.0, -4.0, 2.0, 1.0]","[-9.0, 64.0, 20.0, 16.0, 0.0, 55.0, 13.0, 14.0, -14.0, 69.0, 16.0, 14.0, 34.0, -36.0, 12.0, 15.0]"
2,1791638680.5368586,"[0.08865900000000693, -2.4601800000000082, 2.813279999999992, 3.6042989999999975, 0.0007679999999936626, 0.7917869999999994, 3.4285169999999994, 3.3406260000000145, 0.0007679999999936626, -3.426981000000012, 2.1980430000000126, 3.076953000000003, -1.3175970000000063, 169.894071, 43.331030999999996, 29.268471000000005]","[0.0, 9.0, 3.0, 3.0, 0.0, 7.0, 1.0, 3.0, 0.0, 1.0, 2.0, 4.0, 1.0, -5.0, 4.0, 3.0]","[-9.0, 47.0, 19.0, 16.0, -1.0, 65.0, 13.0, 14.0, -14.0, 68.0, 16.0, 12.0, 41.0, -30.0, 13.0, 15.0]"
2,1791638680.761813,"[0.08865900000000693, -1.3175970000000063, 3.7800809999999956, 4.30742699999999, 0.0007679999999936626, 3.6921900000000107, 4.395318000000003, 4.395318000000003, 0.0007679999999936626, -3.426981000000012, 3.076953000000003, 4.043754000000007, 0.44022300000000314, 168.31203299999999, 44.649395999999996, 30.147380999999996]","[0.0, 1.0, 4.0, 6.0, 0.0, 1.0, 1.0, 2.0, 0.0, 1.0, 4.0, 1.0, 7.0, -1.0, 4.0, 1.0]","[-9.0, 54.0, 20.0, 17.0, -6.0, 64.0, 13.0, 13.0, -13.0, 81.0, 17.0, 13.0, 31.0, -44.0, 13.0, 15.0]"
2,1791638680.9878252,"[0.08865900000000693, -1.053923999999995, 4.746881999999999, 5.713683000000003, 0.0007679999999936626, 6.065246999999999, 5.274227999999994, 5.186337000000009, 0.0007679999999936626, -0.8781419999999969, 4.30742699999999, 4.9226639999999975, 1.407024000000007, 164.79639300000002, 45.616197, 31.202073000000013]","[0.0, 0.0, 4.0, 3.0, 1.0, 5.0, 3.0, 2.0, 0.0, 10.0, 4.0, 1.0, 7.0, -8.0, 2.0, 1.0]","[-9.0, 59.0, 19.0, 16.0, -9.0, 59.0, 14.0, 14.0, -13.0, 56.0, 17.0, 15.0, 33.0, -34.0, 12.0, 14.0]"
2,1791638681.2093976,"[0.08865900000000693, 0.17654999999999177, 5.801573999999988, 6.680484000000007, -0.08712299999999118, 6.065246999999999, 5.362119000000007, 6.416810999999996, 0.0007679999999936626, 0.0007679999999936626, 5.098445999999996, 6.2410289999999975, 2.725389000000007, 161.45653500000003, 46.75878, 32.16887399999999]","[0.0, 8.0, 3.0, 3.0, 0.0, 1.0, 1.0, 5.0, 0.0, 1.0, 3.0, 3.0, 3.0, -7.0, 2.0, 1.0]","[-9.0, 58.0, 20.0, 15.0, -1.0, 84.0, 18.0, 13.0, -13.0, 63.0, 18.0, 13.0, 33.0, -32.0, 13.0, 15.0]"
2,1791638681.4337914,"[0.08865900000000693, 0.17654999999999177, 5.889465000000001, 7.647285000000011, 0.0007679999999936626, 10.020342, 7.2957210000000146, 7.383611999999999, 0.0007679999999936626, 0.0007679999999936626, 6.2410289999999975, 7.207830000000001, 3.7800809999999956, 158.38035000000002, 47.63768999999999, 33.31145699999999]","[0.0, 1.0, 1.0, 2.0, 1.0, 9.0, 3.0, 1.0, 0.0, 0.0, 3.0, 3.0, 4.0, -3.0, 3.0, 4.0]","[-9.0, 67.0, 25.0, 16.0, -11.0, 53.0, 13.0, 14.0, -14.0, 76.0, 16.0, 12.0, 32.0, -33.0, 13.0, 15.0]"
2,1791638681.659801,"[0.08865900000000693, 1.6706969999999899, 7.823067000000009, 8.701977, 0.0007679999999936626, 11.426598000000013, 8.26252199999999, 8.526195000000001, 0.0007679999999936626, 0.08865900000000693, 7.119938999999988, 7.5593939999999975, 4.395318000000003, 155.567838, 48.51660000000001, 34.36614900000001]","[0.0, 10.0, 3.0, 1.0, 1.0, 3.0, 4.0, 2.0, 1.0, 0.0, 1.0, 5.0, 1.0, -3.0, 3.0, 3.0]","[-8.0, 56.0, 19.0, 16.0, -10.0, 64.0, 14.0, 12.0, -14.0, 88.0, 18.0, 14.0, 31.0, -35.0, 12.0, 14.0]"
2,1791638681.881089,"[0.08865900000000693, 3.164843999999988, 8.877758999999998, 9.668778000000003, 0.0007679999999936626, 11.426598000000013, 9.229322999999994, 9.405104999999992, 0.0007679999999936626, 0.08865900000000693, 7.910957999999994, 9.317214000000007, 6.065246999999999, 152.579544, 49.571292, 35.33295000000001]","[0.0, 1.0, 1.0, 3.0, 0.0, 1.0, 1.0, 1.0, 0.0, 0.0, 6.0, 4.0, 5.0, -4.0, 1.0, 3.0]","[-9.0, 57.0, 20.0, 17.0, -9.0, 89.0, 14.0, 14.0, -14.0, 104.0, 17.0, 14.0, 28.0, -33.0, 12.0, 14.0]"
2,1791638682.1052055,"[0.08865900000000693, 3.164843999999988, 9.756668999999988, 10.723469999999992, 0.0007679999999936626, 15.909039000000007, 10.28401500000001, 10.371905999999996, 0.0007679999999936626, 2.901171000000005, 8.877758999999998, 9.932451000000015, 6.856266000000005, 150.294378, 50.538093, 36.21186]","[0.0, 1.0, 1.0, 3.0, 1.0, 7.0, 3.0, 2.0, 0.0, 21.0, 1.0, 1.0, 4.0, 0.0, 1.0, 2.0]","[-9.0, 68.0, 20.0, 16.0, -11.0, 57.0, 14.0, 13.0, -13.0, 61.0, 17.0, 14.0, 29.0, -42.0, 14.0, 15.0]"
2,1791638682.3309824,"[0.08865900000000693, 4.746881999999999, 10.723469999999992, 11.514488999999998, -0.08712299999999118, 15.996929999999992, 10.28401500000001, 11.250816000000015, 0.0007679999999936626, 5.098445999999996, 9.932451000000015, 11.075033999999988, 8.174631000000005, 147.306084, 51.59278499999999, 37.354443]","[0.0, 5.0, 3.0, 1.0, 1.0, 0.0, 1.0, 1.0, 0.0, 1.0, 1.0, 1.0, 4.0, -5.0, 2.0, 2.0]","[-9.0, 60.0, 19.0, 16.0, -9.0, 83.0, 17.0, 13.0, -14.0, 60.0, 17.0, 13.0, 28.0, -41.0, 12.0, 14.0]"
2,1791638682.5524893,"[0.08865900000000693, 5.098445999999996, 11.690270999999996, 12.657072, 0.0007679999999936626, 20.039916000000005, 12.21761699999999, 12.393398999999988, 0.0007679999999936626, 5.362119000000007, 10.89925199999999, 12.129726000000005, 9.141432000000009, 143.79044399999998, 52.735367999999994, 38.32124400000001]","[0.0, 1.0, 1.0, 2.0, 1.0, 9.0, 2.0, 1.0, 0.0, 1.0, 1.0, 4.0, 1.0, -7.0, 4.0, 2.0]","[-9.0, 68.0, 20.0, 15.0, -11.0, 51.0, 14.0, 13.0, -13.0, 69.0, 18.0, 13.0, 29.0, -35.0, 12.0, 15.0]"
2,1791638682.7796977,"[0.08865900000000693, 5.098445999999996, 12.569181000000015, 13.448091000000005, 0.0007679999999936626, 20.12780699999999, 13.272309000000007, 13.53598199999999, 0.0007679999999936626, 5.362119000000007, 10.89925199999999, 12.744963000000013, 9.141432000000009, 140.80214999999998, 53.526387, 39.46382700000001]","[0.0, 1.0, 1.0, 3.0, 1.0, 1.0, 1.0, 1.0, 0.0, 1.0, 1.0, 4.0, 1.0, -1.0, 3.0, 2.0]","[-9.0, 81.0, 20.0, 16.0, -10.0, 84.0, 13.0, 12.0, -15.0, 83.0, 23.0, 14.0, 34.0, -41.0, 13.0, 14.0]"
2,1791638683.0006855,"[0.08865900000000693, 5.098445999999996, 13.799655000000001, 14.414892000000009, 0.0007679999999936626, 24.170793000000003, 14.23911000000001, 14.414892000000009, 0.0007679999999936626, 8.350413000000003, 12.92074500000001, 13.887546000000015, 11.426598000000013, 137.63807400000002, 54.756861000000015, 40.518519]","[0.0, 1.0, 4.0, 4.0, 0.0, 11.0, 2.0, 1.0, 1.0, 11.0, 5.0, 1.0, 5.0, -4.0, 4.0, 3.0]","[-9.0, 93.0, 19.0, 16.0, -11.0, 51.0, 13.0, 13.0, -14.0, 53.0, 16.0, 14.0, 29.0, -36.0, 12.0, 13.0]"
2,1791638683.2276766,"[0.08865900000000693, 9.405104999999992, 14.678564999999992, 15.55747500000001, 0.0007679999999936626, 26.016503999999998, 15.381693000000013, 15.821147999999994, 0.0007679999999936626, 9.229322999999994, 13.887546000000015, 14.85434699999999, 11.690270999999996, 134.210325, 55.811553, 41.39742899999999]","[0.0, 19.0, 1.0, 2.0, 1.0, 2.0, 1.0, 3.0, 0.0, 1.0, 2.0, 1.0, 1.0, -6.0, 3.0, 3.0]","[-9.0, 45.0, 20.0, 16.0, -12.0, 62.0, 14.0, 12.0, -13.0, 60.0, 19.0, 14.0, 31.0, -32.0, 12.0, 14.0]"
2,1791638683.4498403,"[0.08865900000000693, 9.932451000000015, 15.733257000000009, 16.524276000000015, 0.0007679999999936626, 28.125888000000003, 16.524276000000015, 16.787948999999998, 0.0007679999999936626, 9.229322999999994, 14.766456000000005, 15.996929999999992, 13.448091000000005, 130.95835799999998, 56.86624499999999, 42.36422999999999]","[0.0, 1.0, 2.0, 4.0, 0.0, 1.0, 3.0, 1.0, 0.0, 1.0, 1.0, 2.0, 3.0, -3.0, 4.0, 1.0]","[-9.0, 62.0, 20.0, 16.0, -4.0, 56.0, 14.0, 12.0, -14.0, 71.0, 18.0, 14.0, 25.0, -31.0, 13.0, 14.0]"
2,1791638683.674085,"[0.08865900000000693, 9.932451000000015, 16.787948999999998, 17.403186000000005, 0.0007679999999936626, 29.883708000000013, 17.578968000000003, 17.75475, 0.0007679999999936626, 9.229322999999994, 16.084821000000005, 16.700058000000013, 14.414892000000009, 127.79428200000001, 57.92093700000001, 43.41892200000001]","[0.0, 1.0, 1.0, 4.0, 1.0, 1.0, 4.0, 1.0, 0.0, 1.0, 2.0, 5.0, 2.0, -3.0, 2.0, 1.0]","[-8.0, 67.0, 19.0, 16.0, -12.0, 61.0, 13.0, 13.0, -14.0, 85.0, 17.0, 13.0, 27.0, -29.0, 12.0, 14.0]"
2,1791638683.895643,"[0.08865900000000693, 12.129726000000005, 17.930532, 18.36998700000001, 0.0007679999999936626, 32.344656000000015, 18.36998700000001, 18.633659999999992, 0.0007679999999936626, 10.196123999999998, 16.87584000000001, 18.106313999999998, 15.55747500000001, 125.15755200000001, 59.06352000000001, 44.38572300000001]","[0.0, 9.0, 4.0, 3.0, 1.0, 10.0, 1.0, 2.0, 0.0, 0.0, 3.0, 4.0, 3.0, -2.0, 1.0, 1.0]","[-9.0, 58.0, 19.0, 16.0, -11.0, 52.0, 14.0, 12.0, -14.0, 85.0, 16.0, 13.0, 28.0, -31.0, 12.0, 14.0]"
2,1791638684.1235154,"[0.08865900000000693, 12.305508000000003, 18.80944199999999, 19.336788000000013, 0.0007679999999936626, 34.36614900000001, 19.248897, 19.68835200000001, 0.0007679999999936626, 10.108233000000013, 18.106313999999998, 18.897333000000003, 16.084821000000005, 122.69660399999998, 60.118212, 45.528306000000015]","[0.0, 1.0, 1.0, 1.0, 1.0, 6.0, 2.0, 1.0, 1.0, 0.0, 1.0, 1.0, 6.0, -1.0, 3.0, 1.0]","[-9.0, 69.0, 19.0, 16.0, -12.0, 54.0, 14.0, 11.0, -13.0, 101.0, 17.0, 14.0, 26.0, -35.0, 12.0, 14.0]"
2,1791638684.3460457,"[0.08865900000000693, 13.448091000000005, 19.952024999999992, 20.479371000000015, 0.0007679999999936626, 36.47553300000001, 20.215698000000003, 20.743043999999998, 0.0007679999999936626, 10.196123999999998, 19.073115, 20.12780699999999, 17.842641000000015, 118.82940000000002, 61.348686000000015, 46.49510699999999]","[0.0, 3.0, 2.0, 2.0, 1.0, 8.0, 1.0, 2.0, 0.0, 1.0, 2.0, 3.0, 3.0, -6.0, 3.0, 3.0]","[-8.0, 70.0, 19.0, 16.0, -11.0, 53.0, 15.0, 13.0, -14.0, 116.0, 16.0, 13.0, 25.0, -30.0, 11.0, 13.0]"
2,1791638684.5715463,"[0.08865900000000693, 13.448091000000005, 21.00671700000001, 21.621953999999988, 0.0007679999999936626, 38.84859, 21.00671700000001, 21.709845, 0.0007679999999936626, 15.205911000000015, 20.303588999999988, 21.094607999999994, 17.842641000000015, 115.48954200000003, 62.31548699999999, 47.54979900000001]","[0.0, 1.0, 2.0, 3.0, 1.0, 6.0, 2.0, 4.0, 0.0, 10.0, 3.0, 3.0, 1.0, -5.0, 3.0, 3.0]","[-9.0, 81.0, 19.0, 17.0, -11.0, 47.0, 14.0, 12.0, -14.0, 55.0, 15.0, 13.0, 29.0, -28.0, 11.0, 14.0]"
2,1791638685.0184755,"[0.08865900000000693, 16.436385, 22.061408999999998, 22.500864000000007, 0.0007679999999936626, 41.39742899999999, 21.885627, 22.76453699999999, 0.0007679999999936626, 15.469583999999998, 21.094607999999994, 22.32508200000001, 20.215698000000003, 112.23757499999999, 63.63385199999999, 48.51660000000001]","[0.0, 1.0, 0.0, 0.0, 1.0, 1.0, 1.0, 1.0, 1.0, 1.0, 1.0, 1.0, 0.0, 0.0, 0.0, 1.0]","[-8.0, 57.0, 19.0, 17.0, -11.0, 42.0, 16.0, 12.0, -13.0, 69.0, 18.0, 12.0, 22.0, -28.0, 10.0, 13.0]"
2,1791638685.2426066,"[0.08865900000000693, 16.436385, 22.852428000000003, 22.588754999999992, 0.0007679999999936626, 42.71579399999999, 22.588754999999992, 23.64344700000001, 0.0007679999999936626, 15.469583999999998, 21.709845, 22.32508200000001, 20.743043999999998, 109.249281, 64.51276200000001, 49.483401000000015]","[0.0, 1.0, 1.0, 1.0, 1.0, 1.0, 1.0, 2.0, 1.0, 0.0, 6.0, 1.0, 2.0, -2.0, 3.0, 1.0]","[-9.0, 66.0, 19.0, 20.0, -11.0, 50.0, 17.0, 12.0, -14.0, 81.0, 17.0, 15.0, 25.0, -27.0, 11.0, 14.0]"
2,1791638685.4641879,"[0.08865900000000693, 18.018423000000013, 23.731337999999994, 24.434466000000015, 0.0007679999999936626, 45.528306000000015, 23.64344700000001, 24.78603000000001, 0.0007679999999936626, 17.930532, 23.203992, 24.08290199999999, 21.885627, 105.82153199999999, 65.47956300000001, 50.538093]","[0.0, 8.0, 1.0, 3.0, 1.0, 12.0, 4.0, 1.0, 0.0, 14.0, 1.0, 4.0, 1.0, -6.0, 1.0, 3.0]","[-9.0, 61.0, 20.0, 17.0, -11.0, 39.0, 16.0, 11.0, -14.0, 55.0, 17.0, 11.0, 23.0, -23.0, 10.0, 14.0]"
2,1791638685.6880605,"[0.08865900000000693, 19.248897, 24.78603000000001, 25.577048999999988, 0.0007679999999936626, 47.37401700000001, 24.873920999999996, 25.752831000000015, 0.0007679999999936626, 19.248897, 24.258683999999988, 25.313376000000005, 23.02821, 102.56956500000001, 66.79792800000001, 51.417002999999994]","[0.0, 1.0, 1.0, 2.0, 1.0, 1.0, 4.0, 1.0, 0.0, 1.0, 3.0, 1.0, 2.0, -5.0, 3.0, 3.0]","[-9.0, 57.0, 20.0, 16.0, -12.0, 49.0, 15.0, 12.0, -14.0, 61.0, 17.0, 13.0, 21.0, -20.0, 10.0, 14.0]"
2,1791638685.9153411,"[0.08865900000000693, 19.248897, 25.752831000000015, 26.631741000000005, 0.0007679999999936626, 48.34081800000001, 25.752831000000015, 26.895413999999988, 0.0007679999999936626, 19.248897, 25.137594000000007, 26.28017700000001, 24.434466000000015, 99.22970700000002, 68.028402, 52.559585999999996]","[0.0, 1.0, 2.0, 3.0, 1.0, 10.0, 3.0, 2.0, 1.0, 1.0, 3.0, 1.0, 3.0, -2.0, 3.0, 3.0]","[-9.0, 70.0, 20.0, 16.0, -11.0, 51.0, 16.0, 11.0, -14.0, 71.0, 17.0, 12.0, 19.0, -19.0, 0.0, 13.0]"
2,1791638686.1384969,"[0.08865900000000693, 19.336788000000013, 26.631741000000005, 27.59854200000001, 0.0007679999999936626, 51.50489400000001, 27.071196000000015, 27.42276000000001, 0.0007679999999936626, 19.248897, 26.016503999999998, 27.510650999999996, 25.313376000000005, 95.80195800000001, 69.08309400000002, 53.526387]","[0.0, 1.0, 1.0, 3.0, 1.0, 6.0, 4.0, 1.0, 1.0, 1.0, 1.0, 2.0, 1.0, -3.0, 3.0, 1.0]","[-8.0, 78.0, 20.0, 16.0, -11.0, 41.0, 14.0, 13.0, -14.0, 84.0, 17.0, 11.0, 19.0, -19.0, 0.0, 13.0]"
2,1791638686.3606517,"[0.08865900000000693, 22.412972999999994, 27.686432999999994, 28.74112500000001, 0.0007679999999936626, 53.79006000000001, 28.125888000000003, 28.565343000000013, 0.08865900000000693, 20.215698000000003, 27.246978000000013, 28.565343000000013, 26.543849999999992, 92.725773, 70.04989499999999, 54.40529699999999]","[0.0, 7.0, 5.0, 3.0, 1.0, 9.0, 1.0, 1.0, 2.0, 14.0, 3.0, 2.0, 3.0, -4.0, 1.0, 1.0]","[-9.0, 49.0, 20.0, 15.0, -11.0, 38.0, 15.0, 11.0, -15.0, 72.0, 17.0, 12.0, 19.0, -18.0, 0.0, 14.0]"
2,1791638686.5839174,"[0.08865900000000693, 22.500864000000007, 28.653233999999998, 29.620035, 0.0007679999999936626, 56.690462999999994, 29.444253000000003, 29.883708000000013, 0.08865900000000693, 23.995011000000005, 28.30167, 29.620035, 27.334868999999998, 92.54999099999998, 71.016696, 55.54787999999999]","[0.0, 1.0, 3.0, 3.0, 1.0, 1.0, 4.0, 2.0, 0.0, 3.0, 4.0, 1.0, 1.0, 0.0, 1.0, 1.0]","[-9.0, 65.0, 20.0, 17.0, -11.0, 36.0, 14.0, 11.0, -14.0, 52.0, 15.0, 12.0, 22.0, -18.0, 0.0, 13.0]"
2,1791638686.8114913,"[0.08865900000000693, 22.588754999999992, 29.532143999999988, 30.850508999999988, 0.0007679999999936626, 58.008827999999994, 30.586836000000005, 30.762618000000003, 0.08865900000000693, 23.995011000000005, 29.35636199999999, 30.67472699999999, 28.213778999999988, 92.54999099999998, 71.983497, 56.514680999999996]","[0.0, 1.0, 1.0, 4.0, 1.0, 1.0, 3.0, 1.0, 0.0, 1.0, 1.0, 4.0, 1.0, 0.0, 1.0, 1.0]","[-9.0, 74.0, 20.0, 15.0, -12.0, 41.0, 13.0, 12.0, -14.0, 63.0, 16.0, 13.0, 19.0, -17.0, 10.0, 13.0]"
2,1791638687.0330982,"[0.08865900000000693, 25.577048999999988, 30.67472699999999, 31.729419000000007, 0.08865900000000693, 60.73344900000001, 31.55363700000001, 31.905201000000005, 0.0007679999999936626, 23.995011000000005, 30.147380999999996, 31.55363700000001, 29.268471000000005, 92.54999099999998, 73.03818900000002, 57.481482]","[1.0, 12.0, 3.0, 1.0, 1.0, 10.0, 1.0, 1.0, 0.0, 1.0, 1.0, 1.0, 1.0, 0.0, 2.0, 2.0]","[-9.0, 43.0, 20.0, 16.0, -11.0, 29.0, 14.0, 12.0, -13.0, 75.0, 17.0, 12.0, 21.0, -18.0, 0.0, 13.0]"
2,1791638687.2593296,"[0.08865900000000693, 26.71963199999999, 31.729419000000007, 32.784110999999996, 0.0007679999999936626, 63.37017900000001, 32.69622000000001, 32.87200200000001, 0.08865900000000693, 27.246978000000013, 31.114182, 32.432547, 30.23527200000001, 92.54999099999998, 74.00498999999999, 58.448283]","[1.0, 3.0, 2.0, 3.0, 0.0, 7.0, 3.0, 2.0, 0.0, 13.0, 2.0, 1.0, 1.0, 0.0, 4.0, 1.0]","[-9.0, 52.0, 19.0, 16.0, -12.0, 30.0, 12.0, 12.0, -14.0, 42.0, 16.0, 12.0, 21.0, -18.0, 1.0, 13.0]"
2,1791638687.483437,"[0.08865900000000693, 26.71963199999999, 32.87200200000001, 33.83880300000001, 0.08865900000000693, 65.47956300000001, 34.01458500000001, 34.01458500000001, 0.08865900000000693, 28.213778999999988, 32.52043800000001, 33.57513, 30.67472699999999, 92.54999099999998, 74.971791, 59.327192999999994]","[1.0, 1.0, 4.0, 1.0, 0.0, 0.0, 4.0, 4.0, 1.0, 1.0, 3.0, 3.0, 1.0, 0.0, 3.0, 1.0]","[-9.0, 60.0, 19.0, 17.0, -12.0, 27.0, 11.0, 11.0, -13.0, 50.0, 16.0, 12.0, 26.0, -18.0, 10.0, 13.0]"
2,1791638687.7068148,"[0.08865900000000693, 29.092689000000007, 33.83880300000001, 34.893495, 0.0007679999999936626, 67.501056, 34.981386000000015, 34.981386000000015, 0.08865900000000693, 28.213778999999988, 33.57513, 34.541931000000005, 30.67472699999999, 92.54999099999998, 75.76281, 60.38188500000001]","[0.0, 5.0, 2.0, 2.0, 1.0, 4.0, 3.0, 2.0, 1.0, 1.0, 3.0, 2.0, 1.0, 0.0, 1.0, 3.0]","[-9.0, 49.0, 19.0, 15.0, -12.0, 26.0, 12.0, 11.0, -14.0, 60.0, 16.0, 12.0, 23.0, -19.0, 10.0, 14.0]"
2,1791638687.929535,"[0.08865900000000693, 30.411054000000007, 34.981386000000015, 35.860296000000005, 0.08865900000000693, 69.78622200000001, 36.12396899999999, 36.036078, 0.08865900000000693, 30.411054000000007, 34.45403999999999, 35.245059, 30.850508999999988, 92.54999099999998, 76.64172000000002, 61.348686000000015]","[0.0, 6.0, 3.0, 1.0, 0.0, 8.0, 3.0, 1.0, 1.0, 8.0, 3.0, 1.0, 1.0, 0.0, 1.0, 2.0]","[-9.0, 43.0, 18.0, 15.0, -11.0, 22.0, 11.0, 11.0, -14.0, 42.0, 14.0, 12.0, 25.0, -18.0, 10.0, 15.0]"
2,1791638688.1552017,"[0.08865900000000693, 31.289963999999998, 36.12396899999999, 36.739205999999996, 0.0007679999999936626, 70.22567699999999, 36.387642, 36.387642, 0.08865900000000693, 31.905201000000005, 35.596622999999994, 36.47553300000001, 30.9384, 92.54999099999998, 77.34484800000001, 62.13970499999999]","[0.0, 3.0, 3.0, 1.0, 0.0, 1.0, 1.0, 1.0, 1.0, 3.0, 2.0, 3.0, 1.0, 0.0, 1.0, 2.0]","[-9.0, 47.0, 17.0, 17.0, -12.0, 35.0, 13.0, 13.0, -14.0, 41.0, 16.0, 13.0, 26.0, -18.0, 12.0, 15.0]"
2,1791638688.3790455,"[0.08865900000000693, 31.37785500000001, 37.178661000000005, 37.881789, 0.0007679999999936626, 70.665132, 36.47553300000001, 36.914987999999994, 0.08865900000000693, 31.905201000000005, 36.563424, 37.354443, 30.850508999999988, 92.54999099999998, 78.13586700000002, 63.106505999999996]","[1.0, 1.0, 2.0, 4.0, 0.0, 1.0, 1.0, 2.0, 1.0, 1.0, 1.0, 1.0, 1.0, 0.0, 3.0, 2.0]","[-9.0, 56.0, 17.0, 16.0, -11.0, 54.0, 17.0, 13.0, -14.0, 52.0, 16.0, 12.0, 26.0, -18.0, 12.0, 14.0]"
2,1791638688.60323,"[0.08865900000000693, 32.432547, 38.233352999999994, 38.58491699999999, 0.0007679999999936626, 70.92880500000001, 36.739205999999996, 37.530225, 0.08865900000000693, 31.905201000000005, 37.618116000000015, 38.497026000000005, 30.9384, 92.54999099999998, 78.13586700000002, 63.80963400000002]","[1.0, 11.0, 3.0, 2.0, 0.0, 0.0, 1.0, 1.0, 1.0, 1.0, 4.0, 3.0, 0.0, 0.0, 1.0, 1.0]","[-9.0, 48.0, 18.0, 16.0, -11.0, 73.0, 21.0, 17.0, -14.0, 63.0, 14.0, 13.0, 25.0, -18.0, 15.0, 16.0]"
2,1791638688.8258379,"[0.08865900000000693, 34.717713, 39.28804500000001, 39.72749999999999, 0.0007679999999936626, 71.016696, 36.739205999999996, 38.233352999999994, 0.08865900000000693, 33.750912, 38.672808, 39.11226300000001, 31.026291000000015, 92.54999099999998, 78.13586700000002, 64.600653]","[1.0, 4.0, 1.0, 2.0, 0.0, 0.0, 1.0, 4.0, 1.0, 1.0, 1.0, 2.0, 1.0, 0.0, 1.0, 1.0]","[-9.0, 44.0, 18.0, 17.0, -12.0, 104.0, 29.0, 16.0, -14.0, 53.0, 14.0, 13.0, 25.0, -18.0, 15.0, 16.0]"
2,1791638689.051218,"[0.0007679999999936626, 34.981386000000015, 40.43062800000001, 40.694300999999996, 0.0007679999999936626, 71.631933, 37.00287900000001, 38.76069899999999, 0.08865900000000693, 34.102475999999996, 39.72749999999999, 40.60641000000001, 31.026291000000015, 92.63788199999999, 78.13586700000002, 65.47956300000001]","[1.0, 4.0, 2.0, 1.0, 0.0, 1.0, 1.0, 1.0, 1.0, 6.0, 4.0, 3.0, 1.0, 1.0, 1.0, 1.0]","[-8.0, 44.0, 17.0, 17.0, -11.0, 119.0, 32.0, 19.0, -14.0, 56.0, 13.0, 12.0, 25.0, -18.0, 16.0, 16.0]"
2,1791638689.273665,"[0.0007679999999936626, 36.65131500000001, 41.661102, 41.661102, 0.0007679999999936626, 71.631933, 37.354443, 39.551717999999994, 0.08865900000000693, 36.387642, 40.95797400000001, 41.573211000000015, 31.026291000000015, 92.63788199999999, 78.13586700000002, 66.27058199999999]","[1.0, 3.0, 4.0, 3.0, 0.0, 1.0, 1.0, 2.0, 1.0, 4.0, 4.0, 1.0, 1.0, 1.0, 1.0, 3.0]","[-8.0, 42.0, 16.0, 16.0, -11.0, 157.0, 37.0, 20.0, -14.0, 44.0, 13.0, 12.0, 25.0, -19.0, 15.0, 17.0]"
2,1791638689.4991863,"[0.0007679999999936626, 36.739205999999996, 42.627903, 42.891576000000015, 0.0007679999999936626, 69.874113, 37.178661000000005, 39.551717999999994, 0.08865900000000693, 36.563424, 41.92477500000001, 42.71579399999999, 31.026291000000015, 92.63788199999999, 78.48743100000002, 67.76472900000002]","[1.0, 1.0, 2.0, 3.0, 1.0, 0.0, 0.0, 1.0, 1.0, 1.0, 1.0, 3.0, 0.0, 1.0, 3.0, 3.0]","[-8.0, 52.0, 16.0, 16.0, 11.0, 14.0, 10.0, 0.0, -14.0, 57.0, 14.0, 11.0, 24.0, -18.0, 14.0, 16.0]"
2,1791638689.7193046,"[0.0007679999999936626, 37.79389800000001, 43.68259499999999, 43.59470400000001, 0.0007679999999936626, 69.874113, 37.178661000000005, 39.551717999999994, 0.08865900000000693, 36.563424, 43.06735800000001, 43.770486000000005, 31.026291000000015, 92.63788199999999, 78.48743100000002, 68.46785700000001]","[1.0, 12.0, 3.0, 2.0, 0.0, 0.0, 0.0, 1.0, 1.0, 1.0, 3.0, 2.0, 1.0, 1.0, 1.0, 2.0]","[-9.0, 44.0, 16.0, 16.0, 11.0, 15.0, 11.0, 0.0, -14.0, 67.0, 13.0, 11.0, 24.0, -19.0, 15.0, 17.0]"
2,1791638689.9434977,"[0.08865900000000693, 40.166955, 44.825177999999994, 45.088851000000005, 0.0007679999999936626, 69.874113, 37.178661000000005, 39.551717999999994, 0.08865900000000693, 39.28804500000001, 44.297832, 44.825177999999994, 31.026291000000015, 92.63788199999999, 78.48743100000002, 69.346767]","[0.0, 2.0, 2.0, 5.0, 0.0, 0.0, 0.0, 1.0, 1.0, 7.0, 4.0, 2.0, 0.0, 1.0, 1.0, 1.0]","[-8.0, 38.0, 16.0, 15.0, 11.0, 14.0, 10.0, 0.0, -14.0, 43.0, 12.0, 11.0, 23.0, -19.0, 14.0, 17.0]"
2,1791638690.1700277,"[0.0007679999999936626, 40.518519, 45.791979, 45.87987000000001, 0.0007679999999936626, 69.874113, 37.178661000000005, 39.551717999999994, 0.08865900000000693, 41.22164699999999, 45.264633, 45.87987000000001, 31.114182, 92.63788199999999, 78.48743100000002, 70.40145900000002]","[0.0, 1.0, 2.0, 2.0, 1.0, 0.0, 0.0, 1.0, 1.0, 2.0, 2.0, 3.0, 1.0, 0.0, 1.0, 2.0]","[-8.0, 44.0, 16.0, 16.0, 11.0, 14.0, 10.0, 0.0, -14.0, 40.0, 12.0, 11.0, 24.0, -20.0, 14.0, 17.0]"
2,1791638690.3917944,"[0.0007679999999936626, 41.74899300000001, 46.75878, 47.286125999999996, 0.0007679999999936626, 69.874113, 37.178661000000005, 39.551717999999994, 0.08865900000000693, 41.22164699999999, 46.407216000000005, 47.110344, 31.114182, 92.63788199999999, 78.48743100000002, 71.192478]","[1.0, 3.0, 2.0, 1.0, 0.0, 0.0, 0.0, 1.0, 1.0, 1.0, 3.0, 2.0, 1.0, 1.0, 1.0, 2.0]","[-9.0, 46.0, 16.0, 15.0, 11.0, 14.0, 9.0, 0.0, -14.0, 50.0, 13.0, 11.0, 23.0, -19.0, 14.0, 17.0]"
2,1791638690.6191792,"[0.0007679999999936626, 41.836884, 47.901363, 48.165036000000015, 0.0007679999999936626, 69.874113, 37.178661000000005, 39.551717999999994, 0.08865900000000693, 43.155249, 47.37401700000001, 47.901363, 31.114182, 92.63788199999999, 78.48743100000002, 71.983497]","[0.0, 1.0, 4.0, 1.0, 0.0, 0.0, 0.0, 1.0, 0.0, 4.0, 2.0, 2.0, 0.0, 1.0, 1.0, 1.0]","[-8.0, 52.0, 16.0, 14.0, 11.0, 14.0, 10.0, 0.0, -14.0, 39.0, 11.0, 11.0, 24.0, -19.0, 14.0, 18.0]"
2,1791638690.8429952,"[0.0007679999999936626, 44.649395999999996, 48.780272999999994, 49.30761899999999, 0.0007679999999936626, 69.874113, 37.178661000000005, 39.551717999999994, 0.08865900000000693, 43.155249, 48.428709, 49.043946000000005, 31.026291000000015, 92.63788199999999, 78.48743100000002, 72.950298]","[0.0, 9.0, 4.0, 2.0, 0.0, 0.0, 0.0, 1.0, 0.0, 1.0, 1.0, 2.0, 0.0, 1.0, 1.0, 1.0]","[-9.0, 31.0, 17.0, 14.0, 11.0, 14.0, 10.0, 0.0, -14.0, 49.0, 11.0, 10.0, 24.0, -19.0, 14.0, 19.0]"
2,1791638691.0633042,"[0.0007679999999936626, 45.616197, 49.747074, 50.538093, 0.0007679999999936626, 69.78622200000001, 37.178661000000005, 39.551717999999994, 0.08865900000000693, 45.87987000000001, 49.39551, 50.098637999999994, 31.114182, 92.63788199999999, 78.48743100000002, 74.00498999999999]","[0.0, 1.0, 1.0, 2.0, 1.0, 1.0, 1.0, 1.0, 0.0, 9.0, 3.0, 3.0, 1.0, 1.0, 1.0, 2.0]","[-9.0, 35.0, 16.0, 14.0, 8.0, 14.0, 10.0, 0.0, -13.0, 31.0, 11.0, 10.0, 24.0, -19.0, 14.0, 18.0]"
2,1791638691.2909775,"[0.0007679999999936626, 45.616197, 50.801766000000015, 51.50489400000001, 0.0007679999999936626, 69.78622200000001, 37.178661000000005, 39.551717999999994, 0.08865900000000693, 46.846671000000015, 50.62598400000002, 50.889657, 31.114182, 92.63788199999999, 78.48743100000002, 75.05968200000001]","[0.0, 1.0, 1.0, 3.0, 1.0, 0.0, 0.0, 1.0, 0.0, 1.0, 3.0, 1.0, 1.0, 1.0, 1.0, 2.0]","[-8.0, 44.0, 15.0, 14.0, 8.0, 14.0, 10.0, 0.0, -14.0, 33.0, 11.0, 11.0, 24.0, -19.0, 14.0, 18.0]"
2,1791638691.5149605,"[0.0007679999999936626, 48.077145, 51.94434900000002, 52.559585999999996, 0.0007679999999936626, 69.874113, 37.178661000000005, 39.551717999999994, 0.08865900000000693, 47.286125999999996, 51.76856699999999, 52.03224, 31.114182, 92.63788199999999, 78.48743100000002, 75.85070100000002]","[0.0, 7.0, 1.0, 3.0, 0.0, 1.0, 1.0, 1.0, 0.0, 1.0, 2.0, 2.0, 1.0, 1.0, 1.0, 1.0]","[-9.0, 30.0, 16.0, 15.0, 10.0, 14.0, 10.0, 0.0, -14.0, 40.0, 12.0, 10.0, 24.0, -19.0, 14.0, 19.0]"
2,1791638691.7389688,"[0.0007679999999936626, 49.13183699999999, 52.999041000000005, 53.526387, 0.0007679999999936626, 69.874113, 37.178661000000005, 39.551717999999994, 0.08865900000000693, 47.286125999999996, 52.64747700000001, 52.735367999999994, 31.114182, 92.63788199999999, 78.48743100000002, 76.905393]","[0.0, 4.0, 4.0, 1.0, 1.0, 1.0, 0.0, 1.0, 0.0, 1.0, 3.0, 2.0, 1.0, 1.0, 1.0, 2.0]","[-8.0, 31.0, 15.0, 15.0, 12.0, 15.0, 10.0, 0.0, -14.0, 50.0, 11.0, 11.0, 24.0, -19.0, 14.0, 19.0]"
2,1791638691.9629016,"[0.0007679999999936626, 50.18652900000001, 53.96584200000001, 54.40529699999999, 0.0007679999999936626, 69.78622200000001, 37.178661000000005, 39.551717999999994, 0.08865900000000693, 50.45020199999999, 53.702169, 53.79006000000001, 31.114182, 92.63788199999999, 78.48743100000002, 77.87219399999998]","[0.0, 2.0, 3.0, 3.0, 1.0, 1.0, 1.0, 1.0, 0.0, 9.0, 2.0, 0.0, 1.0, 1.0, 1.0, 1.0]","[-8.0, 30.0, 15.0, 15.0, 8.0, 15.0, 10.0, 0.0, -14.0, 28.0, 10.0, 12.0, 24.0, -18.0, 14.0, 18.0]"
2,1791638692.1869226,"[0.0007679999999936626, 50.18652900000001, 55.196315999999996, 55.635771000000005, 0.0007679999999936626, 69.78622200000001, 37.178661000000005, 39.551717999999994, 0.08865900000000693, 51.417002999999994, 54.844752, 55.020534, 31.114182, 92.63788199999999, 78.48743100000002, 78.66321299999998]","[0.0, 1.0, 3.0, 3.0, 0.0, 0.0, 1.0, 1.0, 0.0, 1.0, 1.0, 1.0, 1.0, 1.0, 1.0, 2.0]","[-9.0, 37.0, 16.0, 15.0, 11.0, 15.0, 10.0, 0.0, -14.0, 31.0, 11.0, 10.0, 24.0, -19.0, 14.0, 19.0]"
2,1791638692.4108593,"[0.0007679999999936626, 51.94434900000002, 56.075226000000015, 56.338899, 0.0007679999999936626, 69.874113, 37.178661000000005, 39.551717999999994, 0.08865900000000693, 51.680676000000005, 55.89944400000002, 55.987335, 31.114182, 92.63788199999999, 78.48743100000002, 79.71790500000003]","[0.0, 10.0, 1.0, 1.0, 1.0, 1.0, 0.0, 1.0, 0.0, 1.0, 3.0, 3.0, 1.0, 1.0, 1.0, 1.0]","[-9.0, 27.0, 16.0, 14.0, 11.0, 14.0, 10.0, 0.0, -14.0, 36.0, 10.0, 11.0, 24.0, -19.0, 14.0, 19.0]"
2,1791638692.6348493,"[0.0007679999999936626, 53.702169, 57.21780900000002, 57.3057, 0.0007679999999936626, 69.78622200000001, 37.26655199999999, 39.551717999999994, 0.08865900000000693, 52.999041000000005, 56.86624499999999, 56.86624499999999, 31.114182, 92.63788199999999, 78.48743100000002, 80.59681499999999]","[0.0, 1.0, 2.0, 1.0, 0.0, 1.0, 1.0, 1.0, 0.0, 1.0, 2.0, 1.0, 1.0, 1.0, 1.0, 1.0]","[-9.0, 27.0, 14.0, 14.0, 11.0, 15.0, 9.0, 0.0, -14.0, 33.0, 11.0, 11.0, 25.0, -19.0, 13.0, 20.0]"
2,1791638692.8588521,"[0.0007679999999936626, 54.93264300000001, 58.36039199999999, 58.36039199999999, 0.08865900000000693, 69.78622200000001, 37.178661000000005, 39.551717999999994, 0.08865900000000693, 54.756861000000015, 57.92093700000001, 58.008827999999994, 31.114182, 92.63788199999999, 78.48743100000002, 81.65150699999998]","[0.0, 4.0, 4.0, 3.0, 1.0, 1.0, 0.0, 1.0, 0.0, 6.0, 4.0, 2.0, 1.0, 1.0, 1.0, 1.0]","[-9.0, 26.0, 14.0, 15.0, 3.0, 14.0, 11.0, 0.0, -14.0, 28.0, 10.0, 11.0, 25.0, -19.0, 14.0, 20.0]"
2,1791638693.0831368,"[0.0007679999999936626, 55.45998900000001, 59.50297499999999, 59.23930200000001, 0.0007679999999936626, 69.78622200000001, 37.178661000000005, 39.551717999999994, 0.08865900000000693, 55.54787999999999, 59.06352000000001, 58.88773800000001, 31.114182, 92.725773, 78.48743100000002, 82.44252599999999]","[0.0, 4.0, 2.0, 1.0, 0.0, 0.0, 0.0, 1.0, 0.0, 1.0, 3.0, 1.0, 1.0, 1.0, 1.0, 2.0]","[-9.0, 28.0, 14.0, 15.0, 11.0, 14.0, 11.0, 0.0, -14.0, 28.0, 10.0, 10.0, 24.0, -19.0, 15.0, 21.0]"
2,1791638693.303987,"[0.0007679999999936626, 57.129918, 59.590866000000005, 60.293994, 0.0007679999999936626, 69.78622200000001, 37.178661000000005, 39.551717999999994, 0.08865900000000693, 55.987335, 59.327192999999994, 60.030321000000015, 31.114182, 92.90155500000003, 78.48743100000002, 82.44252599999999]","[0.0, 3.0, 1.0, 2.0, 0.0, 0.0, 0.0, 1.0, 0.0, 1.0, 1.0, 3.0, 1.0, 1.0, 1.0, 1.0]","[-9.0, 25.0, 14.0, 14.0, 11.0, 14.0, 10.0, 0.0, -15.0, 32.0, 10.0, 11.0, 0.0, -10.0, 9.0, 13.0]"
2,1791638693.5308006,"[0.0007679999999936626, 58.09671900000001, 59.590866000000005, 61.348686000000015, 0.0007679999999936626, 69.78622200000001, 37.26655199999999, 39.551717999999994, 0.08865900000000693, 56.42679000000001, 59.41508400000001, 60.99712199999999, 31.114182, 92.90155500000003, 78.48743100000002, 82.44252599999999]","[0.0, 3.0, 1.0, 1.0, 0.0, 1.0, 1.0, 1.0, 0.0, 0.0, 1.0, 3.0, 0.0, 0.0, 1.0, 1.0]","[-9.0, 24.0, 14.0, 14.0, 11.0, 14.0, 9.0, 0.0, -13.0, 37.0, 10.0, 11.0, 0.0, -10.0, 10.0, 13.0]"
2,1791638693.7548108,"[0.0007679999999936626, 59.06352000000001, 59.590866000000005, 62.13970499999999, 0.0007679999999936626, 69.78622200000001, 37.178661000000005, 39.551717999999994, 0.08865900000000693, 58.272501000000005, 59.41508400000001, 62.05181400000001, 31.114182, 92.90155500000003, 78.48743100000002, 82.44252599999999]","[0.0, 3.0, 1.0, 1.0, 1.0, 0.0, 1.0, 1.0, 0.0, 6.0, 1.0, 3.0, 0.0, 1.0, 1.0, 1.0]","[-9.0, 25.0, 14.0, 15.0, 12.0, 14.0, 9.0, 0.0, -14.0, 27.0, 10.0, 10.0, 0.0, -11.0, 10.0, 13.0]"
2,1791638693.978715,"[0.0007679999999936626, 59.766648, 59.590866000000005, 63.37017900000001, 0.0007679999999936626, 69.78622200000001, 37.178661000000005, 39.551717999999994, 0.08865900000000693, 59.590866000000005, 59.41508400000001, 63.01861500000001, 31.114182, 92.90155500000003, 78.48743100000002, 82.44252599999999]","[0.0, 1.0, 1.0, 1.0, 1.0, 0.0, 1.0, 1.0, 0.0, 2.0, 1.0, 4.0, 1.0, 0.0, 1.0, 1.0]","[-9.0, 28.0, 14.0, 15.0, 10.0, 15.0, 10.0, 0.0, -14.0, 29.0, 9.0, 10.0, 0.0, -10.0, 9.0, 13.0]"
2,1791638694.2027836,"[0.0007679999999936626, 60.909231000000005, 59.67875699999999, 64.33698000000001, 0.0007679999999936626, 69.78622200000001, 37.26655199999999, 39.551717999999994, 0.08865900000000693, 60.030321000000015, 59.41508400000001, 63.897525, 31.026291000000015, 92.98944599999999, 78.48743100000002, 82.44252599999999]","[0.0, 6.0, 1.0, 2.0, 0.0, 0.0, 1.0, 1.0, 0.0, 1.0, 1.0, 1.0, 0.0, 2.0, 0.0, 1.0]","[-9.0, 24.0, 14.0, 14.0, 11.0, 14.0, 9.0, 0.0, -14.0, 32.0, 9.0, 11.0, 0.0, -10.0, 10.0, 13.0]"
2,1791638694.4267633,"[0.0007679999999936626, 62.403378000000004, 59.766648, 65.391672, 0.0007679999999936626, 69.78622200000001, 37.178661000000005, 39.551717999999994, 0.08865900000000693, 60.030321000000015, 59.41508400000001, 64.95221699999999, 31.114182, 92.98944599999999, 78.48743100000002, 82.44252599999999]","[0.0, 2.0, 1.0, 3.0, 1.0, 0.0, 0.0, 1.0, 0.0, 1.0, 1.0, 3.0, 0.0, 1.0, 0.0, 1.0]","[-9.0, 21.0, 13.0, 14.0, 5.0, 15.0, 10.0, 0.0, -15.0, 40.0, 9.0, 10.0, 0.0, -10.0, 10.0, 13.0]"
2,1791638694.6477456,"[0.0007679999999936626, 63.01861500000001, 59.766648, 66.358473, 0.08865900000000693, 69.78622200000001, 37.178661000000005, 39.551717999999994, 0.08865900000000693, 61.17290400000002, 59.41508400000001, 66.00690900000001, 31.114182, 92.98944599999999, 78.48743100000002, 82.44252599999999]","[0.0, 1.0, 0.0, 2.0, 2.0, 1.0, 0.0, 1.0, 0.0, 2.0, 1.0, 3.0, 0.0, 1.0, 0.0, 1.0]","[-8.0, 25.0, 13.0, 15.0, 0.0, 14.0, 10.0, 0.0, -13.0, 40.0, 10.0, 11.0, 0.0, -10.0, 9.0, 13.0]"
2,1791638694.8743353,"[0.0007679999999936626, 63.01861500000001, 59.85453900000002, 67.41316499999999, 0.0007679999999936626, 69.874113, 37.178661000000005, 39.551717999999994, 0.08865900000000693, 61.260795, 59.41508400000001, 66.885819, 31.114182, 92.98944599999999, 78.48743100000002, 82.44252599999999]","[0.0, 1.0, 1.0, 3.0, 0.0, 0.0, 0.0, 1.0, 1.0, 0.0, 1.0, 1.0, 1.0, 0.0, 0.0, 1.0]","[-9.0, 29.0, 14.0, 14.0, 6.0, 14.0, 10.0, 0.0, -14.0, 49.0, 10.0, 10.0, 1.0, -10.0, 10.0, 13.0]"
2,1791638695.098637,"[-0.08712299999999118, 63.721743000000004, 59.766648, 68.29207500000001, 0.0007679999999936626, 69.874113, 37.178661000000005, 39.551717999999994, 0.17654999999999177, 64.33698000000001, 59.41508400000001, 68.028402, 31.114182, 92.90155500000003, 78.48743100000002, 82.44252599999999]","[1.0, 0.0, 1.0, 2.0, -1.0, 1.0, 0.0, 1.0, 1.0, 14.0, 1.0, 1.0, 1.0, 0.0, 0.0, 1.0]","[0.0, 33.0, 14.0, 14.0, 12.0, 14.0, 9.0, 0.0, -14.0, 26.0, 10.0, 10.0, 0.0, -11.0, 10.0, 13.0]"
2,1791638695.3196201,"[0.0007679999999936626, 63.80963400000002, 59.85453900000002, 69.25887600000001, 0.0007679999999936626, 69.874113, 37.26655199999999, 39.551717999999994, 0.17654999999999177, 64.864326, 59.41508400000001, 68.819421, 31.026291000000015, 92.98944599999999, 78.48743100000002, 82.44252599999999]","[1.0, 1.0, 0.0, 2.0, 0.0, 0.0, 1.0, 1.0, 1.0, 1.0, 1.0, 1.0, 0.0, 0.0, 0.0, 1.0]","[-6.0, 40.0, 14.0, 14.0, 11.0, 14.0, 9.0, 0.0, -15.0, 34.0, 10.0, 11.0, 6.0, -10.0, 10.0, 13.0]"
2,1791638695.5437639,"[-0.08712299999999118, 64.600653, 59.766648, 70.313568, 0.0007679999999936626, 69.874113, 37.26655199999999, 39.551717999999994, 0.17654999999999177, 65.919018, 59.41508400000001, 69.96200400000001, 31.026291000000015, 92.98944599999999, 78.48743100000002, 82.44252599999999]","[0.0, 1.0, 1.0, 1.0, 1.0, 0.0, 0.0, 1.0, 1.0, 1.0, 1.0, 3.0, 0.0, 1.0, 0.0, 1.0]","[0.0, 44.0, 14.0, 14.0, 10.0, 15.0, 10.0, 0.0, -14.0, 32.0, 10.0, 10.0, 4.0, -11.0, 10.0, 13.0]"
2,1791638695.7702284,"[-0.08712299999999118, 65.040108, 59.766648, 71.28036900000001, 0.0007679999999936626, 69.874113, 37.26655199999999, 39.551717999999994, 0.17654999999999177, 65.919018, 59.41508400000001, 71.016696, 31.114182, 92.98944599999999, 78.48743100000002, 82.44252599999999]","[0.0, 1.0, 1.0, 2.0, 0.0, 0.0, 1.0, 1.0, 1.0, 1.0, 1.0, 2.0, 1.0, 1.0, 0.0, 1.0]","[0.0, 48.0, 13.0, 16.0, 3.0, 14.0, 10.0, 0.0, -14.0, 43.0, 10.0, 11.0, 0.0, -11.0, 10.0, 13.0]"
2,1791638695.9931886,"[-0.08712299999999118, 65.567454, 59.766648, 72.335061, 0.08865900000000693, 69.874113, 37.178661000000005, 39.551717999999994, 0.17654999999999177, 67.76472900000002, 59.41508400000001, 71.983497, 31.114182, 92.98944599999999, 78.48743100000002, 82.44252599999999]","[1.0, 1.0, 0.0, 4.0, 1.0, 1.0, 0.0, 1.0, 1.0, 5.0, 1.0, 3.0, 1.0, 1.0, 1.0, 1.0]","[1.0, 54.0, 14.0, 14.0, 0.0, 14.0, 10.0, 0.0, -14.0, 34.0, 9.0, 11.0, 0.0, -10.0, 9.0, 13.0]"
2,1791638696.2186117,"[-0.08712299999999118, 66.182691, 59.766648, 73.21397100000002, 0.08865900000000693, 69.874113, 37.178661000000005, 39.551717999999994, 0.17654999999999177, 68.46785700000001, 59.41508400000001, 72.68662499999999, 31.114182, 92.98944599999999, 78.48743100000002, 82.44252599999999]","[1.0, 1.0, 0.0, 4.0, 1.0, 1.0, 1.0, 1.0, 1.0, 0.0, 1.0, 3.0, 0.0, 1.0, 0.0, 0.0]","[8.0, 56.0, 14.0, 15.0, 0.0, 15.0, 9.0, 0.0, -15.0, 35.0, 9.0, 11.0, 5.0, -11.0, 10.0, 13.0]"
2,1791638696.4412265,"[-0.08712299999999118, 66.79792800000001, 59.67875699999999, 74.268663, 0.08865900000000693, 69.874113, 37.178661000000005, 39.551717999999994, 0.17654999999999177, 68.555748, 59.41508400000001, 73.829208, 31.114182, 92.98944599999999, 78.48743100000002, 82.44252599999999]","[0.0, 1.0, 1.0, 2.0, 1.0, 1.0, 0.0, 1.0, 1.0, 1.0, 0.0, 1.0, 0.0, 1.0, 0.0, 0.0]","[8.0, 61.0, 14.0, 14.0, 0.0, 14.0, 10.0, 0.0, -15.0, 44.0, 10.0, 11.0, 0.0, -10.0, 10.0, 13.0]"
2,1791638696.6659753,"[-0.08712299999999118, 67.237383, 59.67875699999999, 74.35655400000002, 0.08865900000000693, 69.874113, 37.178661000000005, 39.551717999999994, 0.17654999999999177, 70.137786, 59.50297499999999, 74.971791, 31.114182, 92.98944599999999, 78.48743100000002, 82.530417]","[0.0, 1.0, 0.0, 1.0, 1.0, 1.0, 1.0, 1.0, 0.0, 3.0, 1.0, 3.0, 1.0, 1.0, 1.0, 1.0]","[8.0, 68.0, 15.0, 16.0, 0.0, 15.0, 10.0, 0.0, -14.0, 39.0, 9.0, 11.0, 2.0, -11.0, 9.0, 6.0]"
2,1791638696.8905623,"[-0.08712299999999118, 68.204184, 59.67875699999999, 76.465938, 0.08865900000000693, 69.874113, 37.178661000000005, 39.551717999999994, 0.17654999999999177, 70.137786, 59.50297499999999, 75.938592, 31.114182, 92.98944599999999, 78.57532200000003, 82.530417]","[0.0, 3.0, 1.0, 4.0, 1.0, 1.0, 1.0, 1.0, 1.0, 1.0, 1.0, 2.0, 1.0, 1.0, 1.0, 2.0]","[8.0, 70.0, 14.0, 15.0, 0.0, 15.0, 9.0, 0.0, -14.0, 51.0, 9.0, 10.0, 3.0, -10.0, 0.0, 1.0]"
2,1791638697.1103885,"[-0.08712299999999118, 68.555748, 59.67875699999999, 77.256957, 0.08865900000000693, 69.874113, 37.178661000000005, 39.551717999999994, 0.08865900000000693, 71.631933, 59.50297499999999, 76.905393, 31.114182, 92.98944599999999, 78.57532200000003, 82.44252599999999]","[0.0, 2.0, 1.0, 3.0, 0.0, 1.0, 1.0, 1.0, 0.0, 2.0, 1.0, 1.0, 1.0, 1.0, 0.0, 1.0]","[8.0, 75.0, 14.0, 14.0, 0.0, 14.0, 9.0, 0.0, -14.0, 44.0, 9.0, 11.0, 0.0, -10.0, 4.0, 1.0]"
2,1791638697.336822,"[-0.08712299999999118, 68.73152999999999, 59.590866000000005, 77.608521, 0.08865900000000693, 69.874113, 37.178661000000005, 39.551717999999994, 0.08865900000000693, 71.631933, 59.50297499999999, 77.69641200000001, 31.026291000000015, 92.98944599999999, 78.57532200000003, 82.530417]","[0.0, 1.0, 0.0, 3.0, 1.0, 1.0, 0.0, 1.0, 0.0, 1.0, 1.0, 1.0, 0.0, 1.0, 1.0, 1.0]","[8.0, 89.0, 14.0, 16.0, 3.0, 14.0, 10.0, 0.0, -14.0, 54.0, 9.0, 12.0, 7.0, -10.0, 0.0, 0.0]"
2,1791638697.560555,"[-0.08712299999999118, 74.620227, 59.67875699999999, 79.71790500000003, -0.08712299999999118, 69.874113, 37.26655199999999, 39.551717999999994, 0.08865900000000693, 76.20226500000001, 59.50297499999999, 78.83899500000001, 31.114182, 92.98944599999999, 78.57532200000003, 82.44252599999999]","[1.0, 23.0, 1.0, 2.0, 0.0, 0.0, 1.0, 1.0, 0.0, 23.0, 1.0, 3.0, 0.0, 1.0, 1.0, 0.0]","[8.0, 28.0, 14.0, 13.0, 12.0, 15.0, 10.0, 0.0, -14.0, 18.0, 9.0, 12.0, 0.0, -10.0, 1.0, 6.0]"
2,1791638697.7842126,"[-0.08712299999999118, 77.43273900000003, 59.766648, 80.245251, -0.08712299999999118, 69.78622200000001, 37.26655199999999, 39.551717999999994, 0.08865900000000693, 78.48743100000002, 59.50297499999999, 79.71790500000003, 31.114182, 92.98944599999999, 78.48743100000002, 82.44252599999999]","[0.0, 1.0, 1.0, 1.0, 0.0, 0.0, 1.0, 1.0, 1.0, 3.0, 1.0, 3.0, 1.0, 1.0, 1.0, 0.0]","[2.0, 21.0, 13.0, 15.0, 11.0, 15.0, 10.0, 0.0, -14.0, 17.0, 9.0, 12.0, 0.0, -10.0, 6.0, 6.0]"
2,1791638698.008859,"[-0.08712299999999118, 77.96008499999999, 59.766648, 81.03627, -0.08712299999999118, 69.874113, 37.26655199999999, 39.551717999999994, 0.08865900000000693, 79.102668, 59.50297499999999, 80.684706, 31.114182, 92.98944599999999, 78.57532200000003, 82.44252599999999]","[2.0, 5.0, 1.0, 3.0, 0.0, 0.0, 1.0, 1.0, 0.0, 0.0, 1.0, 2.0, 0.0, 1.0, 1.0, 0.0]","[0.0, 25.0, 13.0, 15.0, 11.0, 14.0, 9.0, 0.0, -14.0, 18.0, 9.0, 11.0, 0.0, -9.0, 3.0, 13.0]"
2,1791638698.2313385,"[-0.08712299999999118, 79.80579599999999, 59.766648, 82.09096199999999, -0.08712299999999118, 69.78622200000001, 37.26655199999999, 39.551717999999994, 0.08865900000000693, 80.06946900000003, 59.50297499999999, 81.47572500000001, 31.026291000000015, 92.98944599999999, 78.48743100000002, 82.44252599999999]","[1.0, 3.0, 1.0, 3.0, 0.0, 0.0, 1.0, 1.0, 0.0, 3.0, 1.0, 1.0, 0.0, 1.0, 1.0, 1.0]","[0.0, 23.0, 14.0, 15.0, 11.0, 14.0, 10.0, 0.0, -14.0, 19.0, 9.0, 12.0, 5.0, -10.0, 3.0, 6.0]"
2,1791638698.4583807,"[-0.08712299999999118, 81.03627, 59.766648, 83.05776300000002, -0.08712299999999118, 69.874113, 37.26655199999999, 39.551717999999994, 0.08865900000000693, 81.47572500000001, 59.50297499999999, 82.70619900000003, 31.114182, 92.98944599999999, 78.48743100000002, 82.44252599999999]","[1.0, 3.0, 1.0, 3.0, 0.0, 1.0, 1.0, 1.0, 1.0, 4.0, 1.0, 1.0, 0.0, 1.0, 1.0, 1.0]","[3.0, 19.0, 13.0, 15.0, 11.0, 15.0, 10.0, 0.0, -14.0, 16.0, 9.0, 11.0, 0.0, -10.0, 4.0, 13.0]"
2,1791638698.6823108,"[-0.08712299999999118, 82.178853, 59.766648, 84.024564, -0.08712299999999118, 69.78622200000001, 37.26655199999999, 39.551717999999994, 0.08865900000000693, 82.44252599999999, 59.50297499999999, 83.76089100000002, 31.114182, 92.98944599999999, 78.48743100000002, 82.44252599999999]","[0.0, 2.0, 0.0, 1.0, 0.0, 0.0, 0.0, 1.0, 0.0, 1.0, 1.0, 1.0, 1.0, 1.0, 1.0, 1.0]","[4.0, 19.0, 14.0, 15.0, 12.0, 15.0, 10.0, 0.0, -13.0, 17.0, 10.0, 11.0, 0.0, -11.0, 7.0, 2.0]"
2,1791638698.903378,"[-0.08712299999999118, 83.14565399999998, 59.85453900000002, 84.99136500000003, -0.08712299999999118, 69.874113, 37.26655199999999, 39.551717999999994, 0.17654999999999177, 83.23354499999999, 59.50297499999999, 84.815583, 31.114182, 92.98944599999999, 78.48743100000002, 82.44252599999999]","[0.0, 1.0, 1.0, 1.0, 0.0, 0.0, 1.0, 1.0, 0.0, 1.0, 1.0, 2.0, 1.0, 1.0, 1.0, 0.0]","[0.0, 18.0, 13.0, 15.0, 11.0, 14.0, 9.0, 0.0, -14.0, 17.0, 10.0, 11.0, 0.0, -10.0, 5.0, 12.0]"
2,1791638699.130278,"[-0.08712299999999118, 83.76089100000002, 59.766648, 85.78238399999998, -0.08712299999999118, 69.78622200000001, 37.26655199999999, 39.551717999999994, 0.17654999999999177, 83.23354499999999, 59.50297499999999, 85.69449300000002, 31.114182, 92.98944599999999, 78.57532200000003, 82.44252599999999]","[1.0, 1.0, 1.0, 1.0, 0.0, 0.0, 1.0, 1.0, 1.0, 1.0, 1.0, 6.0, 0.0, 1.0, 0.0, 1.0]","[1.0, 21.0, 13.0, 16.0, 10.0, 15.0, 10.0, 0.0, -14.0, 24.0, 9.0, 11.0, 0.0, -10.0, 2.0, 6.0]"
2,1791638699.354292,"[-0.08712299999999118, 83.76089100000002, 59.766648, 86.661294, -0.08712299999999118, 69.78622200000001, 37.26655199999999, 39.551717999999994, 0.17654999999999177, 83.58510899999999, 59.50297499999999, 86.92496699999998, 31.114182, 92.98944599999999, 78.57532200000003, 82.530417]","[0.0, 1.0, 1.0, 1.0, 0.0, 0.0, 1.0, 1.0, 1.0, 1.0, 1.0, 4.0, 0.0, 1.0, 0.0, 1.0]","[8.0, 27.0, 13.0, 16.0, 11.0, 15.0, 10.0, 0.0, -15.0, 28.0, 9.0, 11.0, 0.0, -11.0, 3.0, 0.0]"
2,1791638699.577182,"[-0.08712299999999118, 84.28823699999998, 59.766648, 87.803877, -0.08712299999999118, 69.78622200000001, 37.26655199999999, 39.551717999999994, 0.17654999999999177, 83.84878200000003, 59.50297499999999, 87.71598599999999, 31.026291000000015, 92.98944599999999, 78.57532200000003, 82.530417]","[0.0, 1.0, 0.0, 2.0, 0.0, 0.0, 1.0, 1.0, 1.0, 1.0, 1.0, 2.0, 1.0, 1.0, 1.0, 1.0]","[8.0, 30.0, 13.0, 16.0, 12.0, 15.0, 10.0, 0.0, -14.0, 33.0, 10.0, 11.0, 3.0, -10.0, 1.0, 6.0]"
2,1791638699.7990284,"[-0.08712299999999118, 84.46401900000001, 59.766648, 88.77067799999998, -0.08712299999999118, 69.874113, 37.26655199999999, 39.551717999999994, 0.17654999999999177, 83.93667299999998, 59.50297499999999, 88.77067799999998, 31.114182, 92.98944599999999, 78.57532200000003, 82.44252599999999]","[0.0, 3.0, 1.0, 3.0, 0.0, 1.0, 1.0, 1.0, 1.0, 2.0, 1.0, 3.0, 1.0, 1.0, 1.0, 1.0]","[8.0, 35.0, 14.0, 16.0, 11.0, 14.0, 9.0, 0.0, -14.0, 37.0, 9.0, 11.0, 0.0, -11.0, 0.0, 2.0]"
2,1791638700.0262556,"[-0.08712299999999118, 84.815583, 59.766648, 88.85856899999999, -0.08712299999999118, 69.874113, 37.26655199999999, 39.551717999999994, 0.17654999999999177, 84.72769199999999, 59.50297499999999, 89.03435100000002, 31.114182, 92.98944599999999, 78.57532200000003, 82.530417]","[0.0, 1.0, 0.0, 0.0, 0.0, 1.0, 1.0, 1.0, 1.0, 1.0, 1.0, 3.0, 1.0, 1.0, 1.0, 1.0]","[8.0, 41.0, 13.0, 15.0, 11.0, 14.0, 9.0, 0.0, -14.0, 44.0, 9.0, 11.0, 1.0, -10.0, 0.0, 0.0]"
2,1791638700.2470791,"[-0.08712299999999118, 84.815583, 59.766648, 88.85856899999999, -0.08712299999999118, 69.874113, 37.26655199999999, 39.551717999999994, 0.17654999999999177, 84.90347400000002, 59.50297499999999, 89.03435100000002, 31.026291000000015, 92.98944599999999, 78.57532200000003, 82.530417]","[1.0, 1.0, 0.0, 0.0, 0.0, 1.0, 1.0, 1.0, 1.0, 1.0, 1.0, 0.0, 0.0, 1.0, 1.0, 1.0]","[8.0, 52.0, 13.0, 15.0, 11.0, 14.0, 10.0, 0.0, -14.0, 53.0, 10.0, 11.0, 8.0, -10.0, 0.0, 0.0]"
2,1791638700.4742124,"[-0.17501400000000444, 85.167147, 59.766648, 88.85856899999999, -0.08712299999999118, 69.874113, 37.26655199999999, 39.551717999999994, 0.17654999999999177, 84.99136500000003, 59.50297499999999, 89.03435100000002, 31.026291000000015, 92.98944599999999, 78.48743100000002, 82.530417]","[0.0, 1.0, 0.0, 1.0, 0.0, 1.0, 1.0, 1.0, 1.0, 0.0, 1.0, 1.0, 0.0, 1.0, 0.0, 1.0]","[8.0, 57.0, 13.0, 15.0, 11.0, 14.0, 10.0, 0.0, -14.0, 64.0, 10.0, 12.0, 9.0, -11.0, 6.0, 0.0]"
2,1791638700.6949313,"[-0.17501400000000444, 85.167147, 59.766648, 88.85856899999999, -0.08712299999999118, 69.874113, 37.26655199999999, 39.551717999999994, 0.26444100000000503, 87.36442199999999, 59.50297499999999, 89.03435100000002, 31.026291000000015, 92.98944599999999, 78.57532200000003, 82.530417]","[0.0, 0.0, 0.0, 1.0, 0.0, 1.0, 1.0, 1.0, 1.0, 11.0, 1.0, 1.0, 0.0, 1.0, 0.0, 1.0]","[8.0, 69.0, 14.0, 15.0, 11.0, 14.0, 10.0, 0.0, -14.0, 42.0, 9.0, 11.0, 5.0, -11.0, 1.0, 0.0]"
2,1791638700.9212828,"[-0.17501400000000444, 85.60660200000001, 59.766648, 89.03435100000002, -0.08712299999999118, 69.874113, 37.26655199999999, 39.551717999999994, 0.3523319999999899, 89.649588, 59.50297499999999, 89.03435100000002, 31.026291000000015, 92.98944599999999, 78.57532200000003, 82.530417]","[0.0, 1.0, 0.0, 1.0, 0.0, 1.0, 1.0, 1.0, 1.0, 6.0, 1.0, 1.0, 1.0, 1.0, 1.0, 1.0]","[8.0, 73.0, 14.0, 15.0, 11.0, 14.0, 10.0, 0.0, -14.0, 31.0, 9.0, 11.0, 9.0, -10.0, 0.0, 0.0]"
3,1791638702.9395103,"[-0.08712299999999118, -4.92112800000001, -1.1418150000000082, -0.2629049999999893, -0.08712299999999118, -4.657454999999999, 0.17654999999999177, -0.17501400000000444, 0.0007679999999936626, -5.272692000000006, -1.053923999999995, 0.08865900000000693, -2.4601800000000082, 178.41949799999998, 39.991173, 25.489158000000003]","[0.0, 1.0, 1.0, 1.0, 0.0, 1.0, 0.0, 1.0, 1.0, 1.0, 1.0, 1.0, 0.0, 0.0, 0.0, 1.0]","[0.0, 32.0, 16.0, 14.0, 0.0, 28.0, -10.0, 9.0, -13.0, 36.0, 11.0, -9.0, 16.0, 16.0, 0.0, -14.0]"
3,1791638703.1613734,"[-0.5265780000000007, -4.833236999999997, -0.790251000000012, -0.08712299999999118, -0.08712299999999118, -4.481673000000001, 0.7038960000000145, 0.0007679999999936626, 0.7038960000000145, -5.272692000000006, -0.9660330000000101, 0.26444100000000503, -2.4601800000000082, 178.06793399999998, 40.166955, 25.577048999999988]","[0.0, 1.0, 1.0, 1.0, 0.0, 1.0, 1.0, 1.0, 1.0, 1.0, 2.0, 1.0, 0.0, 0.0, 1.0, 1.0]","[-9.0, 46.0, 18.0, 16.0, 0.0, 46.0, 10.0, 12.0, 14.0, 56.0, 15.0, 11.0, 20.0, -12.0, 11.0, 14.0]"
3,1791638703.384615,"[-1.4054879999999912, -3.60276300000001, -0.08712299999999118, 0.44022300000000314, -0.08712299999999118, -3.60276300000001, 1.2312420000000088, 0.08865900000000693, 0.8796780000000126, -3.866435999999993, -0.6144689999999855, 0.26444100000000503, -2.4601800000000082, 177.71636999999998, 40.43062800000001, 26.368067999999994]","[0.0, 3.0, 3.0, 0.0, 0.0, 0.0, 1.0, 1.0, 2.0, 1.0, 1.0, 1.0, 0.0, 0.0, 1.0, 2.0]","[-10.0, 66.0, 19.0, 17.0, 0.0, 54.0, 11.0, 14.0, 15.0, 62.0, 16.0, 12.0, 28.0, -25.0, 13.0, 14.0]"
3,1791638703.6100373,"[-2.548070999999993, -3.60276300000001, 0.8796780000000126, 1.582806000000005, -0.08712299999999118, -2.108616000000012, 2.0222610000000145, 1.407024000000007, 2.901171000000005, -2.372288999999995, 0.26444100000000503, 1.0554600000000107, -2.372288999999995, 176.92535099999998, 41.309538, 27.159087]","[-1.0, 1.0, 1.0, 1.0, 0.0, 5.0, 2.0, 3.0, 3.0, 2.0, 1.0, 3.0, 0.0, 0.0, 4.0, 1.0]","[-9.0, 78.0, 19.0, 16.0, 0.0, 62.0, 11.0, 13.0, 13.0, 69.0, 16.0, 14.0, 34.0, -40.0, 13.0, 15.0]"
3,1791638703.8328373,"[-3.426981000000012, 0.6160050000000012, 1.846478999999988, 2.6374979999999937, -0.08712299999999118, 0.17654999999999177, 2.725389000000007, 2.1980430000000126, 2.901171000000005, 0.26444100000000503, 1.407024000000007, 1.0554600000000107, -2.372288999999995, 173.40971100000002, 42.36422999999999, 28.125888000000003]","[0.0, 7.0, 1.0, 4.0, 0.0, 6.0, 2.0, 2.0, 1.0, 2.0, 3.0, 1.0, 1.0, -6.0, 2.0, 2.0]","[-10.0, 52.0, 18.0, 16.0, 0.0, 52.0, 13.0, 12.0, 16.0, 61.0, 16.0, 18.0, 40.0, -34.0, 14.0, 14.0]"
3,1791638704.0575664,"[-4.481673000000001, 2.2859339999999975, 2.813279999999992, 3.6042989999999975, -0.08712299999999118, 2.0222610000000145, 3.4285169999999994, 3.3406260000000145, 4.746881999999999, 0.528113999999988, 2.1101519999999994, 3.076953000000003, -0.4386869999999874, 169.894071, 43.155249, 29.268471000000005]","[-2.0, 4.0, 2.0, 1.0, 0.0, 3.0, 1.0, 3.0, 2.0, 1.0, 2.0, 4.0, 6.0, -7.0, 2.0, 2.0]","[-9.0, 53.0, 18.0, 17.0, 0.0, 61.0, 13.0, 13.0, 14.0, 81.0, 16.0, 13.0, 32.0, -29.0, 14.0, 14.0]"
3,1791638704.2804587,"[-5.360582999999991, 4.043754000000007, 3.7800809999999956, 4.571100000000001, -0.08712299999999118, 3.6921900000000107, 4.483208999999988, 4.30742699999999, 5.713683000000003, 4.30742699999999, 2.901171000000005, 4.043754000000007, 0.6160050000000012, 168.487815, 44.56150500000001, 29.35636199999999]","[0.0, 3.0, 4.0, 2.0, 0.0, 1.0, 2.0, 1.0, 2.0, 12.0, 5.0, 1.0, 1.0, 0.0, 4.0, 1.0]","[-9.0, 56.0, 20.0, 15.0, 0.0, 61.0, 13.0, 13.0, 13.0, 54.0, 17.0, 13.0, 34.0, -45.0, 13.0, 14.0]"
3,1791638704.5051184,"[-5.975819999999999, 5.889465000000001, 4.834773000000013, 5.713683000000003, -0.08712299999999118, 6.065246999999999, 5.362119000000007, 5.186337000000009, 6.328920000000011, 5.9773560000000145, 4.219536000000005, 4.9226639999999975, 1.6706969999999899, 164.79639300000002, 45.440415, 29.35636199999999]","[0.0, 3.0, 3.0, 3.0, 0.0, 3.0, 3.0, 0.0, 6.0, 1.0, 3.0, 1.0, 1.0, -8.0, 2.0, 1.0]","[-11.0, 58.0, 19.0, 17.0, 0.0, 59.0, 13.0, 13.0, 14.0, 62.0, 17.0, 15.0, 29.0, -34.0, 14.0, 14.0]"
3,1791638704.7266116,"[-7.294184999999999, 8.526195000000001, 5.889465000000001, 6.680484000000007, -0.08712299999999118, 6.416810999999996, 6.2410289999999975, 6.416810999999996, 7.735175999999996, 8.438303999999988, 4.30742699999999, 6.2410289999999975, 2.6374979999999937, 161.544426, 46.67088899999999, 29.35636199999999]","[-2.0, 6.0, 3.0, 3.0, 0.0, 6.0, 5.0, 5.0, 3.0, 5.0, 1.0, 3.0, 6.0, -7.0, 4.0, 1.0]","[-9.0, 51.0, 19.0, 16.0, 0.0, 73.0, 13.0, 12.0, 14.0, 56.0, 21.0, 12.0, 32.0, -34.0, 13.0, 15.0]"
3,1791638704.9538171,"[-8.260986000000003, 10.108233000000013, 6.328920000000011, 7.735175999999996, -0.08712299999999118, 10.108233000000013, 7.207830000000001, 7.471503000000013, 7.735175999999996, 9.668778000000003, 6.2410289999999975, 7.207830000000001, 3.164843999999988, 158.38035000000002, 47.54979900000001, 29.35636199999999]","[0.0, 1.0, 7.0, 2.0, 0.0, 4.0, 1.0, 2.0, 1.0, 1.0, 4.0, 1.0, 1.0, -4.0, 4.0, 1.0]","[-10.0, 59.0, 21.0, 16.0, 0.0, 54.0, 14.0, 13.0, 16.0, 66.0, 16.0, 13.0, 35.0, -35.0, 12.0, 14.0]"
3,1791638705.1760702,"[-9.315677999999991, 12.305508000000003, 7.998849000000007, 8.614086000000015, -0.08712299999999118, 11.426598000000013, 8.26252199999999, 8.526195000000001, 9.668778000000003, 9.668778000000003, 7.119938999999988, 7.2957210000000146, 4.6589910000000145, 155.74362000000002, 48.428709, 29.35636199999999]","[0.0, 5.0, 3.0, 4.0, 0.0, 1.0, 1.0, 1.0, 3.0, 1.0, 4.0, 2.0, 4.0, -2.0, 2.0, 1.0]","[-10.0, 57.0, 19.0, 16.0, 0.0, 66.0, 14.0, 13.0, 13.0, 93.0, 16.0, 16.0, 33.0, -40.0, 13.0, 15.0]"
3,1791638705.4018228,"[-10.19458800000001, 13.448091000000005, 8.789868000000013, 9.668778000000003, -0.08712299999999118, 13.53598199999999, 9.317214000000007, 9.405104999999992, 10.635579000000007, 13.53598199999999, 7.5593939999999975, 9.317214000000007, 6.065246999999999, 152.667435, 49.571292, 29.35636199999999]","[0.0, 2.0, 4.0, 3.0, 0.0, 8.0, 1.0, 1.0, 1.0, 20.0, 7.0, 4.0, 3.0, -5.0, 1.0, 1.0]","[-10.0, 69.0, 19.0, 16.0, 0.0, 62.0, 14.0, 13.0, 14.0, 58.0, 18.0, 14.0, 28.0, -38.0, 13.0, 14.0]"
3,1791638705.6219358,"[-10.985606999999987, 16.17271199999999, 9.932451000000015, 10.723469999999992, -0.08712299999999118, 15.909039000000007, 10.28401500000001, 10.371905999999996, 11.60238000000001, 15.821147999999994, 9.141432000000009, 10.108233000000013, 6.768374999999992, 150.294378, 50.45020199999999, 29.35636199999999]","[-2.0, 9.0, 3.0, 3.0, 0.0, 4.0, 1.0, 1.0, 2.0, 5.0, 3.0, 1.0, 3.0, 0.0, 2.0, 1.0]","[-10.0, 53.0, 19.0, 17.0, 0.0, 58.0, 14.0, 13.0, 14.0, 63.0, 17.0, 15.0, 30.0, -41.0, 12.0, 14.0]"
3,1791638705.8495355,"[-12.216081000000003, 18.018423000000013, 10.811361000000005, 11.60238000000001, -0.08712299999999118, 15.996929999999992, 11.162925000000001, 11.426598000000013, 12.657072, 15.909039000000007, 9.668778000000003, 11.075033999999988, 8.086739999999992, 147.306084, 51.50489400000001, 29.35636199999999]","[-2.0, 1.0, 2.0, 2.0, 0.0, 1.0, 3.0, 4.0, 2.0, 1.0, 1.0, 3.0, 8.0, -5.0, 3.0, 1.0]","[-9.0, 60.0, 19.0, 16.0, 0.0, 84.0, 14.0, 12.0, 13.0, 88.0, 18.0, 13.0, 28.0, -41.0, 13.0, 14.0]"
3,1791638706.073421,"[-13.182882000000006, 20.303588999999988, 11.778162000000009, 12.744963000000013, -0.08712299999999118, 20.039916000000005, 12.21761699999999, 12.393398999999988, 13.623873000000003, 19.864134000000007, 11.075033999999988, 12.129726000000005, 9.141432000000009, 143.79044399999998, 52.559585999999996, 29.35636199999999]","[-2.0, 5.0, 2.0, 3.0, 0.0, 8.0, 1.0, 1.0, 1.0, 3.0, 2.0, 3.0, 1.0, -7.0, 3.0, 1.0]","[-10.0, 54.0, 20.0, 16.0, 0.0, 64.0, 14.0, 13.0, 14.0, 64.0, 16.0, 13.0, 30.0, -34.0, 12.0, 15.0]"
3,1791638706.2979193,"[-14.237573999999995, 22.237190999999996, 12.832853999999998, 13.448091000000005, -0.08712299999999118, 20.12780699999999, 13.272309000000007, 13.53598199999999, 14.678564999999992, 22.500864000000007, 11.866052999999994, 13.008635999999996, 9.141432000000009, 140.80214999999998, 53.526387, 29.35636199999999]","[0.0, 1.0, 2.0, 4.0, 0.0, 1.0, 1.0, 1.0, 2.0, 10.0, 3.0, 5.0, 1.0, -2.0, 3.0, 1.0]","[-10.0, 60.0, 19.0, 15.0, 0.0, 82.0, 14.0, 12.0, 14.0, 52.0, 18.0, 12.0, 35.0, -40.0, 14.0, 14.0]"
3,1791638706.5195577,"[-15.292266000000012, 23.907119999999992, 13.887546000000015, 14.502782999999994, -0.08712299999999118, 24.258683999999988, 14.327000999999996, 14.414892000000009, 15.645365999999996, 23.995011000000005, 13.096527000000009, 13.975437, 11.426598000000013, 137.63807400000002, 54.58107900000002, 29.35636199999999]","[-1.0, 6.0, 3.0, 1.0, 0.0, 11.0, 3.0, 1.0, 1.0, 1.0, 5.0, 2.0, 6.0, -4.0, 3.0, 1.0]","[-10.0, 53.0, 19.0, 16.0, 0.0, 55.0, 13.0, 13.0, 14.0, 58.0, 17.0, 14.0, 28.0, -34.0, 13.0, 15.0]"
3,1791638706.7456756,"[-16.434848999999986, 26.192285999999996, 14.85434699999999, 15.55747500000001, -0.08712299999999118, 26.192285999999996, 15.469583999999998, 15.821147999999994, 16.787948999999998, 26.807523000000003, 13.975437, 14.942238000000003, 11.690270999999996, 134.29821600000002, 55.635771000000005, 29.35636199999999]","[-2.0, 14.0, 3.0, 3.0, 0.0, 4.0, 3.0, 3.0, 3.0, 7.0, 2.0, 2.0, 1.0, -6.0, 1.0, 1.0]","[-9.0, 47.0, 18.0, 16.0, 0.0, 56.0, 13.0, 12.0, 13.0, 47.0, 16.0, 13.0, 31.0, -32.0, 13.0, 14.0]"
3,1791638706.969278,"[-17.40164999999999, 28.829015999999996, 15.909039000000007, 16.524276000000015, -0.08712299999999118, 28.125888000000003, 16.612167, 16.787948999999998, 17.666858999999988, 28.565343000000013, 15.118020000000001, 15.996929999999992, 13.272309000000007, 130.95835799999998, 56.60257200000001, 29.35636199999999]","[-2.0, 3.0, 1.0, 1.0, 0.0, 1.0, 4.0, 1.0, 1.0, 1.0, 3.0, 1.0, 3.0, -2.0, 1.0, 1.0]","[-9.0, 50.0, 19.0, 17.0, 0.0, 55.0, 13.0, 12.0, 14.0, 55.0, 17.0, 13.0, 30.0, -31.0, 13.0, 14.0]"
3,1791638707.1933653,"[-18.632124000000005, 29.883708000000013, 17.05162200000001, 17.403186000000005, -0.08712299999999118, 30.05949000000001, 17.666858999999988, 17.75475, 18.633659999999992, 28.565343000000013, 16.17271199999999, 17.05162200000001, 14.327000999999996, 127.706391, 57.74515500000001, 29.35636199999999]","[-3.0, 13.0, 2.0, 2.0, 0.0, 1.0, 3.0, 1.0, 1.0, 1.0, 2.0, 4.0, 3.0, -4.0, 1.0, 1.0]","[-9.0, 53.0, 18.0, 17.0, 0.0, 58.0, 13.0, 12.0, 14.0, 80.0, 16.0, 12.0, 28.0, -30.0, 12.0, 14.0]"
3,1791638707.4153175,"[-19.686815999999993, 33.04778400000001, 18.19420500000001, 18.545769000000007, -0.08712299999999118, 32.344656000000015, 18.36998700000001, 18.633659999999992, 19.600460999999996, 33.04778400000001, 17.315294999999992, 18.19420500000001, 15.381693000000013, 124.98176999999998, 58.975629, 29.35636199999999]","[-2.0, 2.0, 3.0, 4.0, 0.0, 12.0, 1.0, 2.0, 3.0, 15.0, 1.0, 3.0, 1.0, -3.0, 3.0, 1.0]","[-9.0, 48.0, 17.0, 16.0, 0.0, 52.0, 14.0, 13.0, 14.0, 44.0, 16.0, 13.0, 28.0, -32.0, 12.0, 14.0]"
3,1791638707.6387808,"[-20.565726000000012, 35.245059, 19.248897, 19.51257000000001, -0.08712299999999118, 34.45403999999999, 19.336788000000013, 19.68835200000001, 20.567262, 33.13567499999999, 18.545769000000007, 19.073115, 15.381693000000013, 122.69660399999998, 59.94243, 29.35636199999999]","[-1.0, 7.0, 2.0, 3.0, 0.0, 1.0, 3.0, 1.0, 2.0, 1.0, 3.0, 2.0, 1.0, -1.0, 3.0, 1.0]","[-9.0, 45.0, 18.0, 17.0, 0.0, 56.0, 13.0, 12.0, 14.0, 70.0, 16.0, 14.0, 28.0, -38.0, 12.0, 14.0]"
3,1791638707.8653815,"[-21.7962, 37.178661000000005, 20.39148, 20.567262, -0.08712299999999118, 36.82709700000001, 20.215698000000003, 20.743043999999998, 21.885627, 33.223566000000005, 19.424678999999998, 20.215698000000003, 15.381693000000013, 118.82940000000002, 60.909231000000005, 29.35636199999999]","[-1.0, 5.0, 3.0, 3.0, 0.0, 7.0, 1.0, 2.0, 3.0, 2.0, 3.0, 2.0, 1.0, -6.0, 2.0, 1.0]","[-8.0, 46.0, 17.0, 17.0, 0.0, 47.0, 14.0, 12.0, 13.0, 84.0, 14.0, 12.0, 28.0, -30.0, 12.0, 14.0]"
3,1791638708.0892658,"[-22.850891999999988, 39.46382700000001, 21.44617199999999, 21.709845, -0.08712299999999118, 38.76069899999999, 21.00671700000001, 21.709845, 22.412972999999994, 39.46382700000001, 20.655153000000013, 21.270389999999992, 15.381693000000013, 115.48954200000003, 61.963922999999994, 29.35636199999999]","[-1.0, 7.0, 3.0, 1.0, 0.0, 7.0, 1.0, 4.0, 1.0, 6.0, 1.0, 3.0, 1.0, -4.0, 3.0, 1.0]","[-9.0, 43.0, 17.0, 16.0, 0.0, 47.0, 15.0, 12.0, 14.0, 43.0, 14.0, 13.0, 28.0, -29.0, 12.0, 14.0]"
3,1791638708.3106174,"[-23.905584000000005, 41.39742899999999, 22.500864000000007, 22.588754999999992, -0.08712299999999118, 41.04586499999999, 21.973518000000013, 22.76453699999999, 23.907119999999992, 41.92477500000001, 21.621953999999988, 22.32508200000001, 15.381693000000013, 112.41335700000002, 62.84283300000001, 29.35636199999999]","[0.0, 1.0, 1.0, 1.0, 0.0, 8.0, 2.0, 1.0, 4.0, 8.0, 3.0, 1.0, 1.0, -3.0, 1.0, 1.0]","[-9.0, 45.0, 17.0, 17.0, 0.0, 43.0, 15.0, 12.0, 14.0, 38.0, 14.0, 12.0, 28.0, -28.0, 12.0, 14.0]"
3,1791638708.5350688,"[-24.87238500000001, 43.59470400000001, 23.379773999999998, 23.555555999999996, 0.0007679999999936626, 43.59470400000001, 22.588754999999992, 23.64344700000001, 24.873920999999996, 42.012665999999996, 22.76453699999999, 22.500864000000007, 15.381693000000013, 109.33717200000001, 64.073307, 29.35636199999999]","[-1.0, 10.0, 1.0, 3.0, 1.0, 6.0, 1.0, 1.0, 1.0, 1.0, 2.0, 4.0, 1.0, -2.0, 3.0, 1.0]","[-8.0, 40.0, 17.0, 16.0, -12.0, 39.0, 17.0, 13.0, 14.0, 62.0, 15.0, 15.0, 27.0, -29.0, 12.0, 15.0]"
3,1791638708.7585652,"[-25.927076999999997, 46.143542999999994, 24.170793000000003, 24.698138999999998, 0.0007679999999936626, 45.87987000000001, 23.731337999999994, 24.78603000000001, 25.840722, 46.31932499999999, 23.64344700000001, 24.346575, 15.381693000000013, 105.909423, 64.95221699999999, 29.35636199999999]","[-2.0, 4.0, 1.0, 3.0, 1.0, 9.0, 2.0, 1.0, 1.0, 11.0, 1.0, 3.0, 1.0, -5.0, 3.0, 1.0]","[0.0, 38.0, 18.0, 16.0, -12.0, 37.0, 15.0, 12.0, 13.0, 35.0, 15.0, 11.0, 27.0, -23.0, 11.0, 14.0]"
3,1791638708.982368,"[-26.981768999999986, 48.252927, 25.40126699999999, 25.66494, 0.0007679999999936626, 47.901363, 24.96181200000001, 25.752831000000015, 26.983305, 47.81347199999999, 24.873920999999996, 25.577048999999988, 15.469583999999998, 102.56956500000001, 66.09479999999999, 29.35636199999999]","[-1.0, 7.0, 4.0, 4.0, 1.0, 3.0, 4.0, 1.0, 1.0, 2.0, 2.0, 3.0, 2.0, -5.0, 4.0, 1.0]","[0.0, 34.0, 18.0, 16.0, -11.0, 42.0, 15.0, 12.0, 0.0, 40.0, 14.0, 11.0, 26.0, -20.0, 11.0, 14.0]"
3,1791638709.2119334,"[-27.94856999999999, 50.362311000000005, 26.28017700000001, 26.807523000000003, 0.0007679999999936626, 50.01074700000001, 25.840722, 26.895413999999988, 27.950106000000005, 50.889657, 26.016503999999998, 26.455959000000007, 15.645365999999996, 99.22970700000002, 67.14949200000001, 29.35636199999999]","[0.0, 1.0, 1.0, 3.0, 1.0, 6.0, 1.0, 1.0, 1.0, 8.0, 4.0, 3.0, 1.0, -2.0, 3.0, 1.0]","[0.0, 37.0, 18.0, 17.0, -13.0, 38.0, 16.0, 12.0, 0.0, 31.0, 15.0, 12.0, 25.0, -19.0, 11.0, 15.0]"
3,1791638709.433567,"[-28.82748000000001, 52.735367999999994, 27.246978000000013, 27.774324000000007, 0.0007679999999936626, 52.383804, 27.071196000000015, 27.42276000000001, 29.004797999999994, 52.29591300000001, 26.895413999999988, 27.774324000000007, 15.996929999999992, 95.88984900000003, 68.29207500000001, 29.35636199999999]","[0.0, 7.0, 1.0, 3.0, 1.0, 7.0, 1.0, 1.0, 1.0, 1.0, 2.0, 4.0, 2.0, -2.0, 1.0, 1.0]","[-8.0, 29.0, 18.0, 15.0, -12.0, 33.0, 16.0, 13.0, 0.0, 38.0, 13.0, 11.0, 23.0, -19.0, 11.0, 14.0]"
3,1791638709.6545823,"[-29.97006300000001, 55.28420700000001, 28.30167, 28.829015999999996, 0.0007679999999936626, 54.58107900000002, 28.213778999999988, 28.565343000000013, 30.05949000000001, 54.93264300000001, 28.125888000000003, 28.74112500000001, 16.260603000000003, 92.725773, 69.08309400000002, 29.35636199999999]","[-2.0, 4.0, 1.0, 1.0, 1.0, 7.0, 2.0, 1.0, 1.0, 8.0, 3.0, 3.0, 1.0, -4.0, 1.0, 1.0]","[0.0, 33.0, 17.0, 16.0, -12.0, 32.0, 14.0, 13.0, 0.0, 30.0, 13.0, 12.0, 24.0, -17.0, 12.0, 14.0]"
3,1791638709.881393,"[-30.936863999999986, 57.3057, 29.35636199999999, 29.883708000000013, 0.0007679999999936626, 56.77835400000001, 29.444253000000003, 29.883708000000013, 31.114182, 56.338899, 29.180579999999992, 29.795817, 16.260603000000003, 90.00115199999999, 70.22567699999999, 29.35636199999999]","[0.0, 6.0, 2.0, 3.0, 1.0, 3.0, 3.0, 2.0, 1.0, 0.0, 3.0, 1.0, 1.0, -4.0, 3.0, 1.0]","[0.0, 31.0, 18.0, 16.0, -12.0, 32.0, 13.0, 12.0, -9.0, 37.0, 13.0, 11.0, 24.0, -20.0, 11.0, 15.0]"
3,1791638710.1019397,"[-31.991556000000003, 59.327192999999994, 30.498944999999992, 30.9384, 0.0007679999999936626, 58.88773800000001, 30.586836000000005, 30.850508999999988, 32.080983, 56.42679000000001, 29.971598999999998, 30.850508999999988, 16.260603000000003, 86.74918500000001, 71.456151, 29.35636199999999]","[-2.0, 2.0, 1.0, 1.0, 1.0, 3.0, 2.0, 2.0, 0.0, 0.0, 2.0, 3.0, 1.0, -5.0, 3.0, 1.0]","[0.0, 28.0, 17.0, 15.0, -12.0, 31.0, 13.0, 10.0, 0.0, 57.0, 13.0, 11.0, 24.0, -18.0, 10.0, 14.0]"
3,1791638710.3268545,"[-32.95835700000001, 61.436577, 31.55363700000001, 31.905201000000005, 0.0007679999999936626, 61.52446800000001, 31.641527999999994, 31.905201000000005, 33.04778400000001, 61.348686000000015, 31.114182, 31.905201000000005, 16.260603000000003, 83.84878200000003, 72.159279, 29.35636199999999]","[0.0, 7.0, 4.0, 2.0, 0.0, 4.0, 1.0, 1.0, 1.0, 14.0, 3.0, 4.0, 1.0, -2.0, 1.0, 1.0]","[0.0, 26.0, 17.0, 16.0, -12.0, 26.0, 13.0, 11.0, 0.0, 27.0, 14.0, 11.0, 24.0, -17.0, 11.0, 15.0]"
3,1791638710.55335,"[-34.013048999999995, 64.073307, 32.69622000000001, 32.959892999999994, 0.0007679999999936626, 63.80963400000002, 32.784110999999996, 32.87200200000001, 34.01458500000001, 63.721743000000004, 32.344656000000015, 32.608329, 16.260603000000003, 83.49721799999998, 72.24717000000001, 29.35636199999999]","[0.0, 5.0, 3.0, 3.0, 1.0, 6.0, 3.0, 1.0, 0.0, 3.0, 4.0, 2.0, 1.0, 0.0, 1.0, 1.0]","[0.0, 24.0, 16.0, 15.0, -12.0, 25.0, 12.0, 12.0, -6.0, 25.0, 12.0, 12.0, 24.0, -21.0, 15.0, 14.0]"
3,1791638710.776663,"[-35.06774100000001, 66.09479999999999, 33.750912, 34.01458500000001, 0.0007679999999936626, 66.09479999999999, 34.01458500000001, 34.01458500000001, 35.069277, 65.919018, 33.48723899999999, 33.663021000000015, 16.17271199999999, 83.49721799999998, 72.42295200000001, 29.35636199999999]","[0.0, 7.0, 3.0, 3.0, 0.0, 5.0, 5.0, 5.0, 1.0, 3.0, 4.0, 3.0, 0.0, 0.0, 1.0, 1.0]","[0.0, 20.0, 16.0, 15.0, -12.0, 23.0, 11.0, 12.0, 0.0, 29.0, 12.0, 11.0, 25.0, -21.0, 18.0, 14.0]"
3,1791638711.0013258,"[-35.946651, 66.358473, 34.717713, 35.069277, 0.0007679999999936626, 68.028402, 34.102475999999996, 35.069277, 36.036078, 65.919018, 34.541931000000005, 34.717713, 16.17271199999999, 83.49721799999998, 72.59873400000001, 29.35636199999999]","[-2.0, 1.0, 1.0, 3.0, 0.0, 2.0, 1.0, 4.0, 1.0, 1.0, 2.0, 2.0, 0.0, 0.0, 1.0, 1.0]","[-9.0, 24.0, 16.0, 15.0, -11.0, 24.0, 12.0, 11.0, -2.0, 26.0, 12.0, 11.0, 25.0, -21.0, 21.0, 14.0]"
3,1791638711.225284,"[-37.00134299999999, 66.358473, 35.77240499999999, 35.94818699999999, 0.0007679999999936626, 70.48935, 34.102475999999996, 35.94818699999999, 37.00287900000001, 65.919018, 35.420840999999996, 34.717713, 16.17271199999999, 83.49721799999998, 73.03818900000002, 29.268471000000005]","[-1.0, 0.0, 2.0, 1.0, 1.0, 3.0, 1.0, 1.0, 1.0, 1.0, 2.0, 1.0, 1.0, 0.0, 2.0, 0.0]","[0.0, 23.0, 16.0, 16.0, -12.0, 21.0, 11.0, 11.0, 0.0, 27.0, 11.0, 14.0, 24.0, -21.0, 26.0, 14.0]"
3,1791638711.447077,"[-37.968143999999995, 66.358473, 36.914987999999994, 36.82709700000001, 0.0007679999999936626, 70.75302300000001, 34.102475999999996, 36.739205999999996, 38.057570999999996, 65.919018, 36.47553300000001, 36.563424, 16.084821000000005, 83.49721799999998, 73.03818900000002, 29.268471000000005]","[-1.0, 0.0, 1.0, 1.0, 1.0, 1.0, 1.0, 1.0, 1.0, 1.0, 3.0, 3.0, 0.0, 0.0, 1.0, 0.0]","[-9.0, 23.0, 16.0, 16.0, -12.0, 27.0, 12.0, 12.0, 0.0, 26.0, 12.0, 12.0, 26.0, -21.0, 32.0, 14.0]"
3,1791638711.6729145,"[-38.847053999999986, 66.358473, 37.96968000000001, 37.881789, 0.0007679999999936626, 70.75302300000001, 34.102475999999996, 37.618116000000015, 39.024372, 65.919018, 37.44233399999999, 37.44233399999999, 16.084821000000005, 83.49721799999998, 73.301862, 29.268471000000005]","[0.0, 0.0, 3.0, 2.0, 0.0, 1.0, 1.0, 1.0, 1.0, 0.0, 1.0, 1.0, 0.0, 0.0, 1.0, 0.0]","[-10.0, 24.0, 15.0, 17.0, -12.0, 28.0, 11.0, 13.0, 0.0, 27.0, 12.0, 12.0, 25.0, -21.0, 39.0, 15.0]"
3,1791638711.8972342,"[-39.98963699999999, 66.358473, 38.936481000000015, 38.76069899999999, 0.0007679999999936626, 70.75302300000001, 34.01458500000001, 38.58491699999999, 39.991173, 65.919018, 38.672808, 38.672808, 15.733257000000009, 83.49721799999998, 73.21397100000002, 29.268471000000005]","[0.0, 1.0, 1.0, 3.0, 0.0, 1.0, 0.0, 3.0, 1.0, 1.0, 3.0, 1.0, 1.0, 0.0, 0.0, 0.0]","[-9.0, 24.0, 16.0, 17.0, -11.0, 28.0, 12.0, 12.0, 13.0, 26.0, 11.0, 12.0, 11.0, 0.0, 10.0, 12.0]"
3,1791638712.118508,"[-40.78065599999999, 66.358473, 40.166955, 39.72749999999999, 0.0007679999999936626, 70.75302300000001, 34.01458500000001, 39.28804500000001, 40.95797400000001, 65.919018, 39.46382700000001, 39.63960900000001, 15.733257000000009, 83.49721799999998, 73.21397100000002, 29.268471000000005]","[-3.0, 0.0, 4.0, 3.0, 0.0, 1.0, 0.0, 1.0, 1.0, 1.0, 3.0, 3.0, 1.0, 0.0, 0.0, 0.0]","[-10.0, 24.0, 15.0, 16.0, -11.0, 28.0, 11.0, 13.0, 12.0, 27.0, 12.0, 12.0, 10.0, 0.0, 10.0, 13.0]"
3,1791638712.3422017,"[-42.01113000000001, 66.358473, 41.04586499999999, 40.694300999999996, 0.0007679999999936626, 70.75302300000001, 34.01458500000001, 40.254846000000015, 41.661102, 65.919018, 40.43062800000001, 40.78219200000001, 15.733257000000009, 83.49721799999998, 73.21397100000002, 29.268471000000005]","[0.0, -1.0, 1.0, 1.0, 0.0, 1.0, 1.0, 1.0, 1.0, 0.0, 3.0, 4.0, 0.0, 0.0, 1.0, 0.0]","[3.0, 23.0, 16.0, 16.0, -12.0, 27.0, 12.0, 12.0, 14.0, 27.0, 11.0, 10.0, 10.0, 0.0, 11.0, 12.0]"
3,1791638712.5691333,"[-43.065822, 66.358473, 42.188447999999994, 41.74899300000001, 0.0007679999999936626, 70.75302300000001, 34.01458500000001, 41.309538, 43.06735800000001, 65.919018, 41.661102, 41.661102, 15.733257000000009, 83.49721799999998, 73.21397100000002, 29.268471000000005]","[0.0, 1.0, 2.0, 3.0, 0.0, 1.0, 0.0, 3.0, 2.0, 0.0, 2.0, 2.0, 1.0, 0.0, 0.0, 0.0]","[0.0, 23.0, 15.0, 15.0, -12.0, 28.0, 12.0, 12.0, 0.0, 26.0, 11.0, 11.0, 10.0, 0.0, 10.0, 13.0]"
3,1791638712.7928488,"[-44.032623, 66.358473, 43.155249, 42.803685, 0.0007679999999936626, 70.75302300000001, 34.01458500000001, 42.10055700000001, 44.03415899999999, 65.919018, 42.627903, 42.803685, 15.733257000000009, 83.49721799999998, 73.21397100000002, 29.268471000000005]","[0.0, 0.0, 1.0, 5.0, 0.0, 1.0, 0.0, 2.0, 2.0, 1.0, 3.0, 3.0, 0.0, 0.0, 0.0, 0.0]","[0.0, 23.0, 15.0, 16.0, -11.0, 28.0, 12.0, 14.0, 0.0, 26.0, 11.0, 11.0, 11.0, 0.0, 10.0, 12.0]"
3,1791638713.014883,"[-45.08731499999999, 66.358473, 44.297832, 43.68259499999999, 0.0007679999999936626, 70.75302300000001, 34.01458500000001, 42.979467, 44.91306900000001, 65.919018, 43.68259499999999, 43.85837699999999, 15.645365999999996, 83.49721799999998, 73.21397100000002, 29.268471000000005]","[0.0, 0.0, 3.0, 3.0, 0.0, 1.0, 0.0, 1.0, 0.0, 1.0, 2.0, 1.0, 0.0, 0.0, 1.0, 0.0]","[0.0, 23.0, 14.0, 15.0, -12.0, 28.0, 12.0, 14.0, -3.0, 26.0, 11.0, 12.0, 10.0, 0.0, 10.0, 13.0]"
3,1791638713.2412732,"[-46.05411599999999, 66.44636400000002, 45.088851000000005, 45.088851000000005, 0.0007679999999936626, 70.665132, 34.01458500000001, 44.12205, 45.967760999999996, 66.00690900000001, 44.73728700000001, 45.00095999999999, 15.733257000000009, 83.49721799999998, 73.21397100000002, 29.268471000000005]","[0.0, 1.0, 1.0, 5.0, 0.0, 0.0, 0.0, 2.0, 0.0, 1.0, 3.0, 2.0, 0.0, 0.0, 0.0, 0.0]","[0.0, 23.0, 15.0, 16.0, -12.0, 29.0, 12.0, 14.0, -3.0, 26.0, 11.0, 10.0, 10.0, 0.0, 10.0, 13.0]"
3,1791638713.4650834,"[-47.020917, 66.44636400000002, 46.05565200000001, 45.87987000000001, 0.0007679999999936626, 70.665132, 34.01458500000001, 44.91306900000001, 47.02245300000001, 66.00690900000001, 45.616197, 45.87987000000001, 15.733257000000009, 83.49721799999998, 73.21397100000002, 29.268471000000005]","[0.0, 1.0, 2.0, 2.0, 0.0, 0.0, 0.0, 3.0, 1.0, 1.0, 1.0, 1.0, 0.0, 0.0, 0.0, 0.0]","[0.0, 21.0, 14.0, 16.0, -12.0, 29.0, 12.0, 14.0, -5.0, 26.0, 11.0, 11.0, 10.0, 0.0, 10.0, 13.0]"
3,1791638713.6882796,"[-47.72404499999999, 66.44636400000002, 47.110344, 47.19823500000001, 0.0007679999999936626, 70.665132, 34.01458500000001, 45.616197, 48.077145, 66.00690900000001, 46.75878, 47.110344, 15.645365999999996, 83.49721799999998, 73.21397100000002, 29.268471000000005]","[0.0, 1.0, 1.0, 1.0, 0.0, 0.0, 0.0, 1.0, 1.0, 0.0, 3.0, 3.0, 0.0, 0.0, 0.0, 0.0]","[-9.0, 22.0, 16.0, 15.0, -12.0, 29.0, 12.0, 16.0, -14.0, 27.0, 11.0, 10.0, 9.0, 0.0, 9.0, 14.0]"
3,1791638713.909893,"[-49.04240999999999, 66.44636400000002, 47.98925399999999, 48.165036000000015, 0.0007679999999936626, 70.665132, 34.01458500000001, 46.407216000000005, 49.043946000000005, 65.919018, 47.725581000000005, 47.81347199999999, 15.645365999999996, 83.49721799999998, 73.21397100000002, 29.268471000000005]","[-1.0, 1.0, 1.0, 1.0, 0.0, 0.0, 0.0, 1.0, 1.0, 1.0, 2.0, 1.0, 0.0, 0.0, 0.0, 0.0]","[0.0, 21.0, 15.0, 15.0, -12.0, 29.0, 12.0, 17.0, -14.0, 26.0, 11.0, 11.0, 10.0, 0.0, 10.0, 13.0]"
3,1791638714.133947,"[-49.92132000000001, 66.44636400000002, 49.043946000000005, 49.219728, 0.0007679999999936626, 70.57724100000001, 33.926694, 47.286125999999996, 49.922855999999996, 66.00690900000001, 48.51660000000001, 49.043946000000005, 15.645365999999996, 83.49721799999998, 73.21397100000002, 29.268471000000005]","[-1.0, 1.0, 3.0, 1.0, 0.0, 0.0, 0.0, 3.0, 0.0, 1.0, 1.0, 1.0, 1.0, 0.0, 0.0, 0.0]","[-9.0, 19.0, 16.0, 14.0, -12.0, 28.0, 12.0, 17.0, 0.0, 26.0, 12.0, 10.0, 11.0, 0.0, 10.0, 12.0]"
3,1791638714.3589442,"[-50.88812100000001, 66.710037, 49.922855999999996, 50.45020199999999, 0.0007679999999936626, 70.57724100000001, 33.926694, 47.901363, 51.15333000000001, 66.00690900000001, 49.65918300000001, 50.01074700000001, 15.645365999999996, 83.49721799999998, 73.21397100000002, 29.268471000000005]","[-1.0, 1.0, 1.0, 1.0, 0.0, 0.0, 0.0, 1.0, 0.0, 1.0, 3.0, 2.0, 0.0, 0.0, 0.0, 0.0]","[-9.0, 20.0, 16.0, 13.0, -12.0, 29.0, 12.0, 18.0, -14.0, 26.0, 11.0, 10.0, 10.0, 0.0, 10.0, 12.0]"
3,1791638714.581769,"[-51.767031, 66.710037, 50.889657, 51.417002999999994, 0.0007679999999936626, 70.57724100000001, 33.926694, 49.043946000000005, 52.03224, 66.00690900000001, 50.62598400000002, 50.889657, 15.645365999999996, 83.49721799999998, 73.21397100000002, 29.268471000000005]","[0.0, 1.0, 1.0, 3.0, 0.0, 0.0, 0.0, 1.0, 1.0, 0.0, 2.0, 3.0, 0.0, 0.0, 0.0, 0.0]","[-8.0, 20.0, 15.0, 14.0, -11.0, 28.0, 12.0, 17.0, 0.0, 26.0, 11.0, 11.0, 10.0, 0.0, 10.0, 12.0]"
3,1791638714.8077118,"[-52.82172299999999, 66.710037, 52.03224, 52.383804, 0.0007679999999936626, 70.48935, 33.926694, 50.27441999999999, 53.08693199999999, 66.00690900000001, 51.76856699999999, 51.94434900000002, 15.733257000000009, 83.49721799999998, 73.21397100000002, 29.268471000000005]","[-2.0, 1.0, 2.0, 2.0, 0.0, 0.0, 1.0, 2.0, 1.0, 1.0, 1.0, 3.0, 1.0, 0.0, 0.0, 0.0]","[-9.0, 20.0, 16.0, 16.0, -12.0, 29.0, 13.0, 17.0, 0.0, 26.0, 12.0, 11.0, 10.0, 0.0, 10.0, 13.0]"
3,1791638715.0298665,"[-53.876414999999994, 66.885819, 52.999041000000005, 53.438496000000015, 0.0007679999999936626, 70.48935, 33.926694, 51.32911200000001, 54.053732999999994, 66.00690900000001, 52.64747700000001, 52.999041000000005, 15.645365999999996, 83.49721799999998, 73.21397100000002, 29.268471000000005]","[-1.0, 2.0, 3.0, 3.0, 0.0, 0.0, 1.0, 2.0, 1.0, 1.0, 3.0, 3.0, 0.0, 0.0, 0.0, 0.0]","[-9.0, 19.0, 15.0, 14.0, -12.0, 30.0, 13.0, 16.0, 0.0, 25.0, 11.0, 10.0, 10.0, 0.0, 10.0, 13.0]"
3,1791638715.2569518,"[-54.491652, 66.885819, 53.96584200000001, 54.053732999999994, 0.0007679999999936626, 70.48935, 33.83880300000001, 52.03224, 55.020534, 66.00690900000001, 53.526387, 53.79006000000001, 15.645365999999996, 83.49721799999998, 73.21397100000002, 29.268471000000005]","[0.0, 1.0, 4.0, 6.0, 0.0, 0.0, 1.0, 1.0, 1.0, 1.0, 1.0, 1.0, 0.0, 0.0, 0.0, 0.0]","[-10.0, 20.0, 16.0, 14.0, -11.0, 29.0, 14.0, 18.0, -9.0, 26.0, 11.0, 10.0, 9.0, 0.0, 9.0, 13.0]"
3,1791638715.4774208,"[-55.546344000000005, 66.79792800000001, 55.10842500000001, 55.45998900000001, 0.0007679999999936626, 70.48935, 33.83880300000001, 53.174823, 56.163117, 66.00690900000001, 54.756861000000015, 54.93264300000001, 15.645365999999996, 83.49721799999998, 73.21397100000002, 29.268471000000005]","[-1.0, 0.0, 3.0, 2.0, 0.0, 0.0, 0.0, 1.0, 1.0, 1.0, 3.0, 3.0, 0.0, 0.0, 0.0, 0.0]","[-9.0, 20.0, 15.0, 14.0, -11.0, 30.0, 13.0, 17.0, -11.0, 26.0, 11.0, 11.0, 10.0, 0.0, 11.0, 13.0]"
3,1791638715.7041783,"[-56.425253999999995, 66.885819, 55.987335, 56.338899, 0.0007679999999936626, 70.48935, 33.83880300000001, 53.96584200000001, 56.954136000000005, 66.00690900000001, 55.635771000000005, 55.89944400000002, 15.645365999999996, 83.49721799999998, 73.21397100000002, 29.268471000000005]","[0.0, 0.0, 1.0, 3.0, 0.0, 0.0, 0.0, 1.0, 1.0, 1.0, 4.0, 3.0, 0.0, 0.0, 0.0, 0.0]","[-9.0, 20.0, 15.0, 14.0, -12.0, 30.0, 13.0, 18.0, 0.0, 26.0, 11.0, 11.0, 10.0, 0.0, 9.0, 13.0]"
3,1791638715.9264174,"[-57.128382, 66.885819, 56.954136000000005, 57.129918, 0.0007679999999936626, 70.48935, 33.83880300000001, 54.493188, 57.92093700000001, 66.00690900000001, 56.514680999999996, 56.86624499999999, 15.645365999999996, 83.49721799999998, 73.21397100000002, 29.268471000000005]","[-1.0, 1.0, 1.0, 1.0, 0.0, 0.0, 0.0, 1.0, 1.0, 1.0, 2.0, 2.0, 0.0, 0.0, 0.0, 0.0]","[-11.0, 20.0, 16.0, 16.0, -11.0, 30.0, 13.0, 20.0, 0.0, 26.0, 11.0, 11.0, 10.0, 0.0, 9.0, 13.0]"
3,1791638716.1495697,"[-58.71042, 66.79792800000001, 58.09671900000001, 58.18460999999999, 0.0007679999999936626, 70.40145900000002, 33.83880300000001, 55.635771000000005, 58.975629, 66.00690900000001, 57.56937300000001, 57.92093700000001, 15.645365999999996, 83.49721799999998, 73.21397100000002, 29.268471000000005]","[-3.0, 0.0, 2.0, 3.0, 0.0, 0.0, 0.0, 1.0, 1.0, 1.0, 1.0, 4.0, 0.0, 0.0, 0.0, 0.0]","[-9.0, 19.0, 16.0, 15.0, -12.0, 30.0, 13.0, 20.0, 0.0, 26.0, 12.0, 10.0, 10.0, 0.0, 10.0, 13.0]"
3,1791638716.3752372,"[-59.149874999999994, 66.885819, 59.327192999999994, 59.23930200000001, 0.0007679999999936626, 70.40145900000002, 33.750912, 56.60257200000001, 59.94243, 66.00690900000001, 58.53617400000002, 58.799847, 15.645365999999996, 83.49721799999998, 73.21397100000002, 29.268471000000005]","[0.0, 1.0, 4.0, 3.0, 0.0, 0.0, 0.0, 2.0, 1.0, 1.0, 2.0, 2.0, 0.0, 0.0, 0.0, 0.0]","[-10.0, 19.0, 14.0, 14.0, -11.0, 30.0, 12.0, 20.0, 0.0, 25.0, 12.0, 11.0, 10.0, 0.0, 10.0, 13.0]"
3,1791638716.5991447,"[-60.468239999999994, 66.885819, 60.38188500000001, 59.23930200000001, 0.0007679999999936626, 70.40145900000002, 33.750912, 57.74515500000001, 60.99712199999999, 66.00690900000001, 59.766648, 58.88773800000001, 15.645365999999996, 83.49721799999998, 73.21397100000002, 29.268471000000005]","[-2.0, 0.0, 4.0, 1.0, 0.0, 0.0, 0.0, 5.0, 1.0, 1.0, 4.0, 1.0, 0.0, 0.0, 0.0, 0.0]","[-9.0, 19.0, 14.0, 15.0, -12.0, 29.0, 13.0, 18.0, 0.0, 26.0, 11.0, 11.0, 11.0, 0.0, 10.0, 13.0]"
3,1791638716.8217595,"[-61.698713999999995, 66.885819, 61.348686000000015, 59.23930200000001, 0.0007679999999936626, 70.40145900000002, 33.750912, 59.41508400000001, 61.963922999999994, 66.00690900000001, 60.909231000000005, 58.88773800000001, 15.645365999999996, 83.58510899999999, 73.21397100000002, 29.268471000000005]","[1.0, 1.0, 2.0, 1.0, 0.0, 0.0, 0.0, 2.0, 2.0, 1.0, 4.0, 1.0, 0.0, 1.0, 0.0, 0.0]","[-9.0, 20.0, 14.0, 14.0, -11.0, 30.0, 12.0, 17.0, 0.0, 26.0, 10.0, 11.0, 9.0, -9.0, 11.0, 13.0]"
3,1791638717.2868712,"[-62.577624, 66.885819, 62.49126900000002, 59.23930200000001, 0.0007679999999936626, 70.40145900000002, 33.750912, 60.20610300000001, 62.930724, 66.00690900000001, 61.87603200000001, 58.88773800000001, 15.645365999999996, 83.58510899999999, 73.21397100000002, 29.268471000000005]","[0.0, 0.0, 2.0, 1.0, 0.0, 0.0, 0.0, 1.0, 1.0, 1.0, 0.0, 1.0, 0.0, 1.0, 0.0, 0.0]","[-10.0, 20.0, 14.0, 15.0, -10.0, 31.0, 12.0, 17.0, 0.0, 26.0, 11.0, 12.0, 10.0, -10.0, 10.0, 13.0]"
3,1791638717.5097044,"[-63.720207, 66.885819, 63.37017900000001, 59.23930200000001, 0.0007679999999936626, 70.40145900000002, 33.750912, 60.99712199999999, 63.985416000000015, 66.00690900000001, 63.01861500000001, 58.88773800000001, 15.645365999999996, 83.58510899999999, 73.21397100000002, 29.268471000000005]","[-1.0, 1.0, 1.0, 1.0, 1.0, 0.0, 0.0, 1.0, 1.0, 1.0, 2.0, 1.0, 0.0, 0.0, 0.0, 0.0]","[-9.0, 19.0, 15.0, 14.0, -12.0, 30.0, 13.0, 20.0, 0.0, 25.0, 10.0, 11.0, 9.0, -10.0, 10.0, 13.0]"
3,1791638717.7369146,"[-64.774899, 66.885819, 64.33698000000001, 59.23930200000001, 0.0007679999999936626, 70.40145900000002, 33.750912, 61.436577, 64.95221699999999, 66.00690900000001, 63.897525, 58.88773800000001, 15.645365999999996, 83.58510899999999, 73.21397100000002, 29.268471000000005]","[-2.0, 1.0, 2.0, 1.0, 1.0, 0.0, 0.0, 5.0, 1.0, 1.0, 2.0, 1.0, 0.0, 1.0, 0.0, 0.0]","[-9.0, 19.0, 14.0, 15.0, -12.0, 30.0, 12.0, 21.0, 0.0, 26.0, 11.0, 10.0, 10.0, -11.0, 11.0, 13.0]"
3,1791638717.957551,"[-65.390136, 66.885819, 65.391672, 59.23930200000001, 0.0007679999999936626, 68.819421, 33.663021000000015, 61.436577, 65.919018, 66.00690900000001, 64.77643499999999, 58.88773800000001, 15.645365999999996, 83.58510899999999, 73.21397100000002, 29.268471000000005]","[0.0, 1.0, 2.0, 1.0, 1.0, 0.0, 1.0, 1.0, 1.0, 1.0, 1.0, 1.0, 0.0, 0.0, 0.0, 0.0]","[-9.0, 19.0, 15.0, 15.0, 11.0, 12.0, 9.0, 0.0, 0.0, 26.0, 11.0, 11.0, 10.0, -5.0, 11.0, 13.0]"
3,1791638718.1822913,"[-66.532719, 66.885819, 66.358473, 59.23930200000001, 0.0007679999999936626, 68.819421, 33.663021000000015, 61.436577, 66.97371000000001, 66.00690900000001, 65.919018, 58.88773800000001, 15.645365999999996, 83.58510899999999, 73.21397100000002, 29.268471000000005]","[0.0, 1.0, 2.0, 1.0, 1.0, 0.0, 1.0, 1.0, 1.0, 1.0, 3.0, 1.0, 0.0, 0.0, 0.0, 0.0]","[-9.0, 19.0, 14.0, 15.0, 10.0, 13.0, 9.0, 0.0, 0.0, 25.0, 10.0, 11.0, 9.0, -8.0, 10.0, 13.0]"
3,1791638718.408461,"[-67.49952, 66.885819, 67.41316499999999, 59.23930200000001, 0.0007679999999936626, 68.819421, 33.663021000000015, 61.436577, 67.94051100000001, 66.00690900000001, 66.710037, 58.88773800000001, 15.645365999999996, 83.58510899999999, 73.21397100000002, 29.268471000000005]","[0.0, 1.0, 1.0, 1.0, 1.0, 1.0, 1.0, 1.0, 2.0, 1.0, 2.0, 0.0, 0.0, 1.0, 0.0, 0.0]","[-10.0, 20.0, 14.0, 14.0, 11.0, 12.0, 10.0, 0.0, 0.0, 26.0, 12.0, 11.0, 11.0, -6.0, 11.0, 12.0]"
3,1791638718.631506,"[-68.37843, 66.885819, 68.29207500000001, 59.23930200000001, 0.0007679999999936626, 68.819421, 33.663021000000015, 61.436577, 68.90731199999999, 66.00690900000001, 67.501056, 58.88773800000001, 15.645365999999996, 83.58510899999999, 73.21397100000002, 29.268471000000005]","[0.0, 1.0, 1.0, 1.0, 1.0, 0.0, 1.0, 1.0, 1.0, 1.0, 3.0, 1.0, 0.0, 1.0, 0.0, 0.0]","[-9.0, 19.0, 15.0, 14.0, 11.0, 13.0, 9.0, 0.0, 13.0, 26.0, 11.0, 10.0, 10.0, -11.0, 10.0, 13.0]"
3,1791638718.8555229,"[-69.433122, 66.885819, 69.346767, 59.23930200000001, 0.0007679999999936626, 68.819421, 33.663021000000015, 61.436577, 69.874113, 66.00690900000001, 68.379966, 58.88773800000001, 15.645365999999996, 83.49721799999998, 73.21397100000002, 29.268471000000005]","[-2.0, 1.0, 2.0, 1.0, 1.0, 1.0, 1.0, 1.0, 2.0, 1.0, 2.0, 1.0, 0.0, 0.0, 0.0, 0.0]","[-9.0, 18.0, 15.0, 15.0, 11.0, 13.0, 9.0, 0.0, 13.0, 26.0, 13.0, 11.0, 10.0, -7.0, 11.0, 12.0]"
3,1791638719.0804532,"[-69.433122, 67.41316499999999, 70.137786, 59.23930200000001, 0.0007679999999936626, 68.819421, 33.663021000000015, 61.436577, 69.96200400000001, 66.00690900000001, 69.43465800000001, 58.88773800000001, 15.645365999999996, 83.49721799999998, 73.21397100000002, 29.268471000000005]","[0.0, 1.0, 1.0, 1.0, 1.0, 1.0, 1.0, 1.0, 1.0, 1.0, 4.0, 0.0, 0.0, 0.0, 0.0, 0.0]","[-10.0, 18.0, 15.0, 15.0, 11.0, 13.0, 10.0, 0.0, 0.0, 26.0, 11.0, 11.0, 10.0, -1.0, 11.0, 13.0]"
3,1791638719.3037128,"[-69.521013, 67.41316499999999, 70.313568, 59.23930200000001, 0.0007679999999936626, 68.819421, 33.663021000000015, 61.436577, 69.96200400000001, 66.00690900000001, 70.40145900000002, 58.88773800000001, 15.645365999999996, 83.58510899999999, 73.21397100000002, 29.268471000000005]","[0.0, 1.0, 1.0, 1.0, 1.0, 0.0, 1.0, 1.0, 1.0, 1.0, 1.0, 1.0, 0.0, 1.0, 0.0, 0.0]","[-9.0, 18.0, 17.0, 15.0, 12.0, 13.0, 9.0, 0.0, 0.0, 25.0, 12.0, 11.0, 10.0, -9.0, 10.0, 13.0]"
3,1791638719.5264926,"[-69.608904, 67.41316499999999, 70.840914, 59.23930200000001, 0.0007679999999936626, 68.819421, 33.663021000000015, 61.436577, 69.96200400000001, 66.00690900000001, 71.36825999999999, 58.88773800000001, 15.645365999999996, 83.58510899999999, 73.21397100000002, 29.268471000000005]","[0.0, 1.0, 1.0, 1.0, 1.0, 1.0, 1.0, 1.0, 1.0, 1.0, 3.0, 0.0, 0.0, 1.0, 0.0, 0.0]","[-8.0, 18.0, 20.0, 16.0, 11.0, 13.0, 10.0, 0.0, 0.0, 26.0, 11.0, 11.0, 12.0, -9.0, 10.0, 14.0]"
3,1791638719.7507026,"[-69.608904, 67.41316499999999, 71.192478, 59.23930200000001, 0.0007679999999936626, 68.819421, 33.663021000000015, 61.436577, 69.96200400000001, 66.00690900000001, 72.24717000000001, 58.88773800000001, 15.645365999999996, 83.58510899999999, 73.21397100000002, 29.268471000000005]","[0.0, 0.0, 1.0, 1.0, 1.0, 1.0, 1.0, 1.0, 1.0, 1.0, 2.0, 1.0, 0.0, 1.0, 0.0, 0.0]","[-9.0, 18.0, 23.0, 14.0, 11.0, 13.0, 10.0, 0.0, 0.0, 26.0, 12.0, 11.0, 10.0, -11.0, 10.0, 13.0]"
3,1791638719.974967,"[-69.608904, 67.41316499999999, 71.807715, 59.23930200000001, 0.0007679999999936626, 68.819421, 33.663021000000015, 61.436577, 69.96200400000001, 66.00690900000001, 72.510843, 58.88773800000001, 15.645365999999996, 83.58510899999999, 73.21397100000002, 29.268471000000005]","[0.0, 0.0, 1.0, 1.0, 1.0, 1.0, 1.0, 1.0, 1.0, 1.0, 1.0, 1.0, 0.0, 1.0, 0.0, 0.0]","[-9.0, 17.0, 26.0, 15.0, 11.0, 12.0, 9.0, 0.0, 0.0, 26.0, 15.0, 11.0, 10.0, -11.0, 11.0, 13.0]"
3,1791638720.2004595,"[-69.608904, 67.41316499999999, 72.59873400000001, 59.23930200000001, 0.0007679999999936626, 68.819421, 33.663021000000015, 61.436577, 69.96200400000001, 66.00690900000001, 72.86240699999999, 58.88773800000001, 15.645365999999996, 83.58510899999999, 73.21397100000002, 29.268471000000005]","[0.0, 0.0, 1.0, 1.0, 1.0, 0.0, 1.0, 1.0, 1.0, 1.0, 0.0, 0.0, 0.0, 1.0, 0.0, 0.0]","[-9.0, 18.0, 26.0, 16.0, 12.0, 12.0, 9.0, 0.0, -7.0, 26.0, 19.0, 11.0, 10.0, -10.0, 10.0, 13.0]"
3,1791638720.4230921,"[-69.696795, 67.41316499999999, 72.68662499999999, 59.23930200000001, 0.0007679999999936626, 68.819421, 33.663021000000015, 61.436577, 69.96200400000001, 66.00690900000001, 73.12608, 58.799847, 15.645365999999996, 83.58510899999999, 73.21397100000002, 29.268471000000005]","[0.0, 0.0, 1.0, 1.0, 1.0, 0.0, 1.0, 1.0, 1.0, 1.0, 2.0, 0.0, 0.0, 0.0, 0.0, 0.0]","[-9.0, 18.0, 34.0, 14.0, 12.0, 13.0, 8.0, 0.0, 0.0, 26.0, 23.0, 11.0, 10.0, -9.0, 10.0, 13.0]"
3,1791638720.645974,"[-69.784686, 67.41316499999999, 73.301862, 59.151410999999996, 0.0007679999999936626, 68.73152999999999, 33.663021000000015, 61.436577, 69.96200400000001, 66.00690900000001, 73.21397100000002, 58.799847, 15.645365999999996, 83.58510899999999, 73.21397100000002, 29.268471000000005]","[0.0, 0.0, 1.0, 0.0, 1.0, 0.0, 1.0, 1.0, 0.0, 1.0, 1.0, 1.0, 0.0, 1.0, 0.0, 0.0]","[-9.0, 17.0, 35.0, 15.0, 11.0, 13.0, 10.0, 0.0, 0.0, 26.0, 26.0, 11.0, 10.0, -10.0, 11.0, 13.0]"
3,1791638720.870695,"[-69.784686, 67.41316499999999, 73.301862, 59.151410999999996, 0.0007679999999936626, 68.73152999999999, 33.663021000000015, 61.436577, 69.96200400000001, 66.00690900000001, 73.74131700000001, 58.799847, 15.645365999999996, 83.58510899999999, 73.21397100000002, 29.268471000000005]","[0.0, 0.0, 1.0, 0.0, 1.0, 0.0, 1.0, 1.0, 0.0, 1.0, 1.0, 1.0, 0.0, 1.0, 0.0, 0.0]","[-9.0, 18.0, 43.0, 15.0, 11.0, 13.0, 9.0, 0.0, 0.0, 26.0, 30.0, 12.0, 10.0, -10.0, 10.0, 13.0]"
3,1791638721.0927157,"[-69.784686, 67.41316499999999, 73.21397100000002, 59.151410999999996, 0.0007679999999936626, 68.819421, 33.663021000000015, 61.436577, 69.96200400000001, 66.00690900000001, 74.268663, 58.799847, 15.645365999999996, 83.58510899999999, 73.21397100000002, 29.268471000000005]","[1.0, 1.0, 2.0, 0.0, 1.0, 1.0, 1.0, 1.0, 0.0, 1.0, 2.0, 0.0, 0.0, 0.0, 0.0, 0.0]","[8.0, 0.0, 13.0, 0.0, 12.0, 13.0, 9.0, 0.0, 0.0, 25.0, 36.0, 11.0, 11.0, -8.0, 10.0, 13.0]"
3,1791638721.3173542,"[-69.784686, 67.41316499999999, 73.12608, 59.151410999999996, 0.0007679999999936626, 68.819421, 33.663021000000015, 61.436577, 70.04989499999999, 65.83112700000001, 74.18077199999999, 58.799847, 15.645365999999996, 83.58510899999999, 73.21397100000002, 29.268471000000005]","[0.0, 1.0, 0.0, 0.0, 1.0, 1.0, 1.0, 1.0, 1.0, 0.0, 1.0, 0.0, 0.0, 1.0, 0.0, 0.0]","[8.0, 0.0, 14.0, 0.0, 12.0, 13.0, 10.0, 0.0, -3.0, 10.0, 9.0, 5.0, 10.0, -10.0, 10.0, 13.0]"
