grip,time,positions,velocities,currents
1,1791637583.545515,"[0.0007679999999936626, -4.92112800000001, -1.3175970000000063, -0.17501400000000444, -0.08712299999999118, -5.272692000000006, 0.17654999999999177, -0.5265780000000007, 0.17654999999999177, -4.745346000000012, -1.053923999999995, 0.3523319999999899, -1.9328339999999855, 178.41949799999998, 39.991173, 25.928613000000013]","[0.0, 1.0, 1.0, 0.0, 0.0, 1.0, 0.0, 0.0, 0.0, 1.0, 0.0, 0.0, 0.0, 1.0, 0.0, 1.0]","[-9.0, 32.0, 16.0, 13.0, 0.0, 33.0, -10.0, 11.0, -15.0, 32.0, 11.0, -10.0, 13.0, 15.0, 0.0, -15.0]"
1,1791637583.7663426,"[-0.5265780000000007, -4.745346000000012, -0.790251000000012, 0.08865900000000693, -0.08712299999999118, -4.92112800000001, 0.7038960000000145, -0.4386869999999874, 0.8796780000000126, -4.657454999999999, -0.9660330000000101, 0.44022300000000314, -2.0207249999999988, 178.243716, 40.07906399999999, 25.928613000000013]","[0.0, 1.0, 2.0, 1.0, 0.0, 2.0, 1.0, 1.0, 1.0, 1.0, 1.0, 1.0, 0.0, 0.0, 1.0, 1.0]","[-9.0, 47.0, 17.0, 15.0, 0.0, 47.0, 10.0, 12.0, 14.0, 50.0, 14.0, 10.0, 14.0, -11.0, 12.0, 13.0]"
1,1791637583.9915829,"[-1.4933790000000045, -3.514871999999997, -0.08712299999999118, 0.44022300000000314, -0.08712299999999118, -3.7785450000000083, 1.3191329999999937, 0.44022300000000314, 1.6706969999999899, -3.7785450000000083, -0.6144689999999855, 0.6160050000000012, -2.0207249999999988, 177.98004300000002, 40.518519, 26.28017700000001]","[-1.0, 2.0, 4.0, 1.0, 0.0, 1.0, 2.0, 2.0, 3.0, 2.0, 1.0, 1.0, -1.0, 0.0, 1.0, 2.0]","[-9.0, 57.0, 18.0, 17.0, 0.0, 58.0, 11.0, 12.0, 14.0, 61.0, 16.0, 12.0, 14.0, -15.0, 13.0, 14.0]"
1,1791637584.2129524,"[-2.548070999999993, -1.3175970000000063, 0.8796780000000126, 1.4949149999999918, -0.08712299999999118, -2.108616000000012, 2.0222610000000145, 1.407024000000007, 2.901171000000005, -2.372288999999995, 0.17654999999999177, 0.6160050000000012, -1.9328339999999855, 177.71636999999998, 41.661102, 27.159087]","[-2.0, 6.0, 1.0, 4.0, 0.0, 5.0, 1.0, 1.0, 4.0, 1.0, 3.0, 0.0, 0.0, 0.0, 4.0, 1.0]","[-9.0, 56.0, 19.0, 17.0, 0.0, 63.0, 12.0, 13.0, 14.0, 69.0, 17.0, 16.0, 13.0, -26.0, 13.0, 15.0]"
1,1791637584.4384947,"[-3.426981000000012, 0.26444100000000503, 1.7585880000000031, 2.3738250000000107, -0.08712299999999118, 0.44022300000000314, 2.813279999999992, 2.1980430000000126, 3.164843999999988, -2.372288999999995, 1.3191329999999937, 2.0222610000000145, -2.0207249999999988, 177.452697, 42.452121000000005, 28.03799699999999]","[0.0, 3.0, 1.0, 2.0, 0.0, 5.0, 2.0, 2.0, 4.0, 1.0, 3.0, 3.0, 0.0, 0.0, 3.0, 1.0]","[-9.0, 55.0, 19.0, 17.0, 0.0, 58.0, 13.0, 13.0, 15.0, 97.0, 16.0, 15.0, 14.0, -37.0, 13.0, 15.0]"
1,1791637584.6634839,"[-4.481673000000001, 0.3523319999999899, 2.813279999999992, 3.2527350000000013, -0.08712299999999118, 2.0222610000000145, 3.6042989999999975, 3.3406260000000145, 4.746881999999999, 2.2859339999999975, 2.1101519999999994, 2.98906199999999, -2.0207249999999988, 175.69487700000002, 42.54001199999999, 29.268471000000005]","[-2.0, 1.0, 2.0, 1.0, 0.0, 1.0, 2.0, 4.0, 1.0, 8.0, 2.0, 2.0, 0.0, -3.0, 1.0, 3.0]","[-9.0, 77.0, 18.0, 17.0, 0.0, 60.0, 13.0, 12.0, 14.0, 59.0, 16.0, 13.0, 14.0, -37.0, 17.0, 15.0]"
1,1791637584.888728,"[-5.360582999999991, 4.219536000000005, 3.7800809999999956, 4.483208999999988, -0.08712299999999118, 4.131644999999992, 4.483208999999988, 4.30742699999999, 5.713683000000003, 4.483208999999988, 3.076953000000003, 4.043754000000007, -2.0207249999999988, 173.32182, 44.649395999999996, 30.147380999999996]","[0.0, 7.0, 3.0, 1.0, 0.0, 5.0, 1.0, 1.0, 1.0, 3.0, 5.0, 1.0, 0.0, -1.0, 4.0, 2.0]","[-9.0, 52.0, 22.0, 16.0, 0.0, 59.0, 14.0, 13.0, 14.0, 58.0, 16.0, 14.0, 14.0, -33.0, 13.0, 15.0]"
1,1791637585.1115441,"[-6.063711000000012, 4.30742699999999, 4.834773000000013, 5.537901000000005, -0.08712299999999118, 6.153138000000013, 5.362119000000007, 5.186337000000009, 6.504702000000009, 5.9773560000000145, 4.30742699999999, 4.9226639999999975, -2.0207249999999988, 170.86087200000003, 45.791979, 31.114182]","[0.0, 1.0, 4.0, 3.0, 0.0, 2.0, 2.0, 1.0, 2.0, 4.0, 3.0, 2.0, -1.0, -7.0, 3.0, 1.0]","[-10.0, 76.0, 19.0, 17.0, 0.0, 60.0, 14.0, 13.0, 14.0, 63.0, 16.0, 14.0, 14.0, -29.0, 12.0, 15.0]"
1,1791637585.3365614,"[-7.294184999999999, 8.526195000000001, 5.889465000000001, 6.680484000000007, -0.08712299999999118, 7.910957999999994, 6.416810999999996, 6.504702000000009, 7.735175999999996, 8.526195000000001, 5.098445999999996, 6.2410289999999975, -2.0207249999999988, 169.27883400000002, 46.31932499999999, 32.16887399999999]","[-2.0, 11.0, 2.0, 3.0, 0.0, 6.0, 3.0, 6.0, 3.0, 6.0, 3.0, 3.0, 0.0, -1.0, 5.0, 2.0]","[-10.0, 50.0, 19.0, 16.0, 0.0, 57.0, 12.0, 13.0, 14.0, 55.0, 17.0, 14.0, 14.0, -36.0, 13.0, 15.0]"
1,1791637585.5600843,"[-8.260986000000003, 10.108233000000013, 6.2410289999999975, 7.383611999999999, -0.08712299999999118, 10.108233000000013, 7.383611999999999, 7.2957210000000146, 8.614086000000015, 9.668778000000003, 6.2410289999999975, 7.207830000000001, -2.0207249999999988, 168.487815, 47.725581000000005, 33.13567499999999]","[0.0, 1.0, 6.0, 1.0, 0.0, 4.0, 3.0, 1.0, 3.0, 1.0, 1.0, 3.0, 0.0, 0.0, 3.0, 3.0]","[-10.0, 61.0, 21.0, 17.0, 0.0, 55.0, 14.0, 13.0, 14.0, 66.0, 16.0, 13.0, 14.0, -46.0, 12.0, 14.0]"
1,1791637585.784928,"[-9.315677999999991, 10.108233000000013, 7.910957999999994, 8.526195000000001, -0.08712299999999118, 11.514488999999998, 8.26252199999999, 8.526195000000001, 9.668778000000003, 9.668778000000003, 7.119938999999988, 7.207830000000001, -1.9328339999999855, 166.554213, 48.604490999999996, 34.19036700000001]","[0.0, 1.0, 1.0, 3.0, 0.0, 1.0, 5.0, 3.0, 2.0, 0.0, 1.0, 1.0, 1.0, -9.0, 2.0, 1.0]","[-10.0, 84.0, 18.0, 16.0, 0.0, 64.0, 14.0, 12.0, 13.0, 93.0, 17.0, 16.0, 14.0, -39.0, 13.0, 14.0]"
1,1791637586.0089724,"[-10.19458800000001, 14.063328000000013, 8.701977, 8.789868000000013, -0.08712299999999118, 13.975437, 9.405104999999992, 9.405104999999992, 10.635579000000007, 13.975437, 8.174631000000005, 9.229322999999994, -1.9328339999999855, 163.917483, 49.571292, 35.245059]","[0.0, 5.0, 4.0, 3.0, 0.0, 6.0, 2.0, 1.0, 1.0, 18.0, 3.0, 3.0, 0.0, 0.0, 1.0, 3.0]","[-9.0, 60.0, 19.0, 17.0, 0.0, 60.0, 13.0, 12.0, 15.0, 53.0, 16.0, 13.0, 14.0, -40.0, 13.0, 13.0]"
1,1791637586.2328725,"[-10.985606999999987, 15.733257000000009, 9.844560000000001, 10.547687999999994, -0.08712299999999118, 16.084821000000005, 10.28401500000001, 10.371905999999996, 11.690270999999996, 14.23911000000001, 9.141432000000009, 10.020342, -2.0207249999999988, 161.632317, 50.45020199999999, 36.12396899999999]","[-2.0, 6.0, 2.0, 1.0, 0.0, 3.0, 1.0, 3.0, 3.0, 1.0, 2.0, 2.0, 0.0, -6.0, 2.0, 4.0]","[-10.0, 58.0, 19.0, 16.0, 0.0, 59.0, 14.0, 12.0, 13.0, 85.0, 16.0, 14.0, 14.0, -38.0, 13.0, 14.0]"
1,1791637586.4570265,"[-12.216081000000003, 18.106313999999998, 10.89925199999999, 11.514488999999998, -0.08712299999999118, 18.106313999999998, 11.338707, 11.250816000000015, 12.657072, 17.930532, 9.932451000000015, 10.89925199999999, -1.9328339999999855, 159.52293300000002, 51.50489400000001, 37.178661000000005]","[-2.0, 1.0, 3.0, 2.0, 0.0, 5.0, 4.0, 2.0, 1.0, 17.0, 4.0, 1.0, 1.0, -1.0, 2.0, 1.0]","[-9.0, 56.0, 19.0, 16.0, 0.0, 57.0, 14.0, 14.0, 14.0, 53.0, 16.0, 14.0, 13.0, -36.0, 12.0, 14.0]"
1,1791637586.6808658,"[-13.182882000000006, 20.215698000000003, 11.778162000000009, 12.569181000000015, -0.08712299999999118, 20.12780699999999, 12.305508000000003, 12.393398999999988, 13.623873000000003, 19.248897, 10.89925199999999, 12.041834999999992, -2.0207249999999988, 157.58933100000002, 52.29591300000001, 38.14546200000001]","[-2.0, 2.0, 2.0, 4.0, 0.0, 2.0, 2.0, 2.0, 5.0, 1.0, 1.0, 3.0, 0.0, 0.0, 1.0, 1.0]","[-10.0, 59.0, 20.0, 16.0, 0.0, 57.0, 13.0, 13.0, 13.0, 71.0, 18.0, 14.0, 14.0, -37.0, 14.0, 14.0]"
1,1791637586.9047852,"[-14.237573999999995, 22.237190999999996, 12.832853999999998, 13.184417999999994, -0.08712299999999118, 21.709845, 13.272309000000007, 13.53598199999999, 14.678564999999992, 21.182499000000007, 11.866052999999994, 12.657072, -1.9328339999999855, 155.83151099999998, 53.350605, 39.375935999999996]","[0.0, 2.0, 3.0, 1.0, 0.0, 6.0, 1.0, 3.0, 1.0, 14.0, 4.0, 5.0, 0.0, -2.0, 2.0, 3.0]","[-10.0, 59.0, 18.0, 17.0, 0.0, 56.0, 14.0, 12.0, 14.0, 61.0, 18.0, 14.0, 13.0, -40.0, 14.0, 14.0]"
1,1791637587.1285768,"[-15.292266000000012, 23.907119999999992, 13.887546000000015, 14.502782999999994, -0.08712299999999118, 24.698138999999998, 14.414892000000009, 14.414892000000009, 15.733257000000009, 24.78603000000001, 13.184417999999994, 13.887546000000015, -2.0207249999999988, 153.722127, 54.317406000000005, 40.254846000000015]","[-1.0, 4.0, 2.0, 2.0, 0.0, 6.0, 2.0, 1.0, 1.0, 4.0, 2.0, 1.0, 0.0, -2.0, 1.0, 1.0]","[-9.0, 60.0, 19.0, 17.0, 0.0, 52.0, 14.0, 13.0, 14.0, 53.0, 17.0, 14.0, 14.0, -40.0, 15.0, 14.0]"
1,1791637587.3503168,"[-16.434848999999986, 26.455959000000007, 14.85434699999999, 15.469583999999998, -0.08712299999999118, 26.28017700000001, 15.55747500000001, 15.733257000000009, 16.87584000000001, 26.807523000000003, 14.063328000000013, 14.85434699999999, -2.0207249999999988, 151.70063399999998, 55.372097999999994, 41.22164699999999]","[-2.0, 12.0, 1.0, 4.0, 0.0, 6.0, 3.0, 3.0, 3.0, 5.0, 2.0, 1.0, 0.0, -4.0, 3.0, 2.0]","[-9.0, 46.0, 19.0, 15.0, 0.0, 50.0, 14.0, 12.0, 13.0, 51.0, 16.0, 15.0, 14.0, -37.0, 14.0, 14.0]"
1,1791637587.5729284,"[-17.40164999999999, 28.74112500000001, 15.909039000000007, 16.348493999999988, -0.08712299999999118, 28.565343000000013, 16.612167, 16.787948999999998, 17.666858999999988, 28.565343000000013, 15.118020000000001, 15.909039000000007, -1.9328339999999855, 150.47016000000002, 56.42679000000001, 42.188447999999994]","[-2.0, 2.0, 1.0, 2.0, 0.0, 3.0, 1.0, 2.0, 1.0, 1.0, 1.0, 1.0, 1.0, 0.0, 2.0, 2.0]","[-9.0, 52.0, 19.0, 16.0, 0.0, 55.0, 13.0, 12.0, 14.0, 56.0, 16.0, 15.0, 13.0, -43.0, 14.0, 14.0]"
1,1791637587.8006496,"[-18.632124000000005, 31.202073000000013, 17.139512999999994, 17.403186000000005, -0.08712299999999118, 30.23527200000001, 17.75475, 17.75475, 18.633659999999992, 28.653233999999998, 16.348493999999988, 16.436385, -1.9328339999999855, 148.448667, 57.3057, 43.24314000000001]","[-2.0, 5.0, 5.0, 4.0, 0.0, 1.0, 4.0, 3.0, 1.0, 0.0, 4.0, 6.0, 1.0, -2.0, 1.0, 2.0]","[-9.0, 48.0, 19.0, 15.0, 0.0, 58.0, 12.0, 12.0, 14.0, 80.0, 15.0, 14.0, 14.0, -43.0, 14.0, 14.0]"
1,1791637588.0247512,"[-19.686815999999993, 32.87200200000001, 18.106313999999998, 18.106313999999998, -0.08712299999999118, 32.69622000000001, 18.457877999999994, 18.545769000000007, 19.68835200000001, 33.04778400000001, 17.315294999999992, 18.19420500000001, -1.9328339999999855, 146.163501, 58.448283, 44.209941000000015]","[-3.0, 5.0, 2.0, 5.0, 0.0, 8.0, 1.0, 2.0, 3.0, 14.0, 1.0, 4.0, 0.0, -4.0, 2.0, 2.0]","[-9.0, 51.0, 18.0, 15.0, 0.0, 46.0, 14.0, 13.0, 14.0, 44.0, 15.0, 13.0, 14.0, -40.0, 13.0, 14.0]"
1,1791637588.24533,"[-20.565726000000012, 35.245059, 19.161006000000015, 19.336788000000013, -0.08712299999999118, 34.717713, 19.424678999999998, 19.68835200000001, 20.655153000000013, 33.13567499999999, 18.545769000000007, 18.897333000000003, -2.0207249999999988, 145.98771900000003, 59.41508400000001, 45.17674199999999]","[-1.0, 8.0, 2.0, 1.0, 0.0, 4.0, 2.0, 2.0, 3.0, 1.0, 2.0, 1.0, -1.0, 0.0, 1.0, 1.0]","[-9.0, 42.0, 19.0, 16.0, 0.0, 50.0, 14.0, 11.0, 14.0, 70.0, 15.0, 14.0, 13.0, -58.0, 13.0, 15.0]"
1,1791637588.4692082,"[-21.7962, 37.178661000000005, 20.39148, 20.479371000000015, -0.08712299999999118, 37.00287900000001, 20.39148, 20.655153000000013, 21.885627, 37.178661000000005, 19.51257000000001, 20.215698000000003, -2.0207249999999988, 141.68106, 60.030321000000015, 46.05565200000001]","[-1.0, 5.0, 4.0, 3.0, 0.0, 7.0, 1.0, 1.0, 1.0, 15.0, 6.0, 4.0, 0.0, -7.0, 7.0, 2.0]","[-9.0, 49.0, 17.0, 16.0, 0.0, 52.0, 14.0, 12.0, 14.0, 43.0, 14.0, 13.0, 15.0, -36.0, 13.0, 14.0]"
1,1791637588.6957057,"[-22.850891999999988, 39.28804500000001, 21.44617199999999, 21.709845, -0.08712299999999118, 39.024372, 21.094607999999994, 21.709845, 22.412972999999994, 38.32124400000001, 20.655153000000013, 21.182499000000007, -2.0207249999999988, 139.92324000000002, 61.52446800000001, 47.110344]","[-1.0, 6.0, 3.0, 3.0, 0.0, 8.0, 2.0, 4.0, 1.0, 1.0, 1.0, 3.0, 0.0, -4.0, 3.0, 1.0]","[-9.0, 40.0, 17.0, 16.0, 0.0, 44.0, 15.0, 12.0, 15.0, 59.0, 15.0, 13.0, 14.0, -41.0, 13.0, 15.0]"
1,1791637588.9206614,"[-23.905584000000005, 41.39742899999999, 22.500864000000007, 22.588754999999992, -0.08712299999999118, 41.22164699999999, 22.061408999999998, 22.76453699999999, 23.907119999999992, 41.836884, 21.534063000000003, 22.32508200000001, -1.9328339999999855, 137.550183, 62.49126900000002, 48.165036000000015]","[0.0, 2.0, 2.0, 3.0, 0.0, 9.0, 3.0, 3.0, 4.0, 12.0, 3.0, 3.0, 0.0, -4.0, 3.0, 1.0]","[-8.0, 45.0, 17.0, 16.0, 0.0, 43.0, 16.0, 12.0, 13.0, 38.0, 14.0, 13.0, 13.0, -34.0, 14.0, 15.0]"
1,1791637589.1446216,"[-24.87238500000001, 43.41892200000001, 23.379773999999998, 22.588754999999992, -0.08712299999999118, 43.68259499999999, 22.852428000000003, 23.555555999999996, 24.873920999999996, 43.506812999999994, 22.76453699999999, 22.32508200000001, -1.9328339999999855, 135.616581, 63.545961000000005, 49.13183699999999]","[-1.0, 10.0, 2.0, 1.0, 0.0, 2.0, 1.0, 1.0, 1.0, 5.0, 3.0, 1.0, 1.0, -3.0, 3.0, 1.0]","[-9.0, 39.0, 17.0, 19.0, 0.0, 41.0, 16.0, 12.0, 13.0, 43.0, 14.0, 16.0, 14.0, -37.0, 13.0, 14.0]"
1,1791637589.3652842,"[-25.927076999999997, 46.05565200000001, 24.170793000000003, 24.434466000000015, -0.08712299999999118, 46.143542999999994, 23.731337999999994, 24.78603000000001, 25.752831000000015, 46.49510699999999, 23.64344700000001, 24.08290199999999, -1.9328339999999855, 132.89195999999998, 64.16119800000001, 50.18652900000001]","[-2.0, 2.0, 1.0, 3.0, 0.0, 7.0, 2.0, 1.0, 5.0, 5.0, 1.0, 3.0, 0.0, -6.0, 5.0, 3.0]","[0.0, 39.0, 19.0, 16.0, 0.0, 38.0, 15.0, 12.0, 13.0, 36.0, 15.0, 13.0, 14.0, -29.0, 14.0, 14.0]"
1,1791637589.5926187,"[-26.981768999999986, 48.34081800000001, 25.40126699999999, 25.577048999999988, -0.08712299999999118, 48.165036000000015, 24.96181200000001, 25.66494, 26.983305, 47.98925399999999, 24.78603000000001, 25.40126699999999, -1.9328339999999855, 131.046249, 65.567454, 51.065439]","[0.0, 5.0, 4.0, 2.0, 1.0, 5.0, 4.0, 1.0, 1.0, 5.0, 1.0, 2.0, 1.0, -3.0, 3.0, 2.0]","[0.0, 33.0, 16.0, 15.0, -4.0, 35.0, 14.0, 12.0, 0.0, 38.0, 14.0, 13.0, 13.0, -31.0, 12.0, 15.0]"
1,1791637589.8166015,"[-27.94856999999999, 50.362311000000005, 26.28017700000001, 26.543849999999992, 0.0007679999999936626, 50.098637999999994, 26.016503999999998, 26.895413999999988, 27.950106000000005, 50.97754800000001, 25.928613000000013, 26.455959000000007, -1.9328339999999855, 128.49741, 65.65534500000001, 52.208022]","[0.0, 3.0, 1.0, 4.0, 0.0, 6.0, 3.0, 2.0, 1.0, 8.0, 3.0, 3.0, 1.0, -3.0, 1.0, 2.0]","[0.0, 38.0, 18.0, 15.0, -13.0, 40.0, 15.0, 11.0, 0.0, 32.0, 14.0, 12.0, 14.0, -30.0, 16.0, 15.0]"
1,1791637590.0405903,"[-28.82748000000001, 52.559585999999996, 27.246978000000013, 27.59854200000001, 0.0007679999999936626, 52.559585999999996, 27.159087, 27.42276000000001, 29.092689000000007, 52.29591300000001, 26.895413999999988, 27.59854200000001, -1.9328339999999855, 127.003263, 67.676838, 53.174823]","[0.0, 8.0, 1.0, 1.0, 1.0, 5.0, 2.0, 1.0, 1.0, 1.0, 1.0, 3.0, 1.0, -2.0, 5.0, 1.0]","[-9.0, 34.0, 18.0, 16.0, -12.0, 35.0, 14.0, 13.0, -5.0, 39.0, 15.0, 12.0, 14.0, -33.0, 12.0, 14.0]"
1,1791637590.2645445,"[-29.97006300000001, 55.10842500000001, 28.30167, 28.829015999999996, 0.0007679999999936626, 54.66897, 28.389561000000015, 28.565343000000013, 30.05949000000001, 54.93264300000001, 28.125888000000003, 28.653233999999998, -1.9328339999999855, 124.98176999999998, 68.64363900000001, 54.14162400000001]","[-2.0, 1.0, 1.0, 4.0, 1.0, 2.0, 4.0, 2.0, 1.0, 9.0, 4.0, 2.0, 1.0, -4.0, 2.0, 1.0]","[0.0, 33.0, 17.0, 15.0, -12.0, 32.0, 13.0, 12.0, 0.0, 29.0, 13.0, 12.0, 14.0, -32.0, 12.0, 15.0]"
1,1791637590.4874015,"[-30.936863999999986, 57.21780900000002, 29.35636199999999, 29.707926000000015, 0.0007679999999936626, 57.129918, 29.444253000000003, 29.795817, 31.114182, 56.42679000000001, 29.180579999999992, 29.795817, -1.9328339999999855, 123.575514, 69.43465800000001, 55.196315999999996]","[0.0, 5.0, 3.0, 2.0, 1.0, 5.0, 1.0, 2.0, 1.0, 1.0, 3.0, 3.0, 1.0, 0.0, 1.0, 1.0]","[0.0, 34.0, 19.0, 16.0, -12.0, 29.0, 14.0, 11.0, -13.0, 37.0, 13.0, 12.0, 13.0, -37.0, 14.0, 14.0]"
1,1791637590.7125015,"[-31.991556000000003, 59.327192999999994, 30.498944999999992, 30.850508999999988, 0.0007679999999936626, 59.06352000000001, 30.67472699999999, 30.762618000000003, 32.16887399999999, 58.711956000000015, 29.883708000000013, 30.498944999999992, -1.9328339999999855, 120.938784, 70.75302300000001, 56.25100800000001]","[-1.0, 4.0, 1.0, 3.0, 1.0, 4.0, 3.0, 1.0, 1.0, 11.0, 1.0, 4.0, 1.0, -9.0, 5.0, 3.0]","[0.0, 31.0, 17.0, 15.0, -12.0, 29.0, 14.0, 12.0, -14.0, 30.0, 15.0, 12.0, 14.0, -29.0, 12.0, 14.0]"
1,1791637590.9365363,"[-32.95835700000001, 61.348686000000015, 31.465745999999996, 31.817309999999992, 0.0007679999999936626, 61.612359, 31.817309999999992, 31.905201000000005, 33.04778400000001, 61.52446800000001, 31.114182, 31.729419000000007, -1.9328339999999855, 118.653618, 71.89560600000002, 57.129918]","[0.0, 7.0, 2.0, 1.0, 1.0, 5.0, 3.0, 1.0, 1.0, 1.0, 1.0, 2.0, 1.0, -1.0, 4.0, 1.0]","[0.0, 27.0, 16.0, 15.0, -12.0, 26.0, 12.0, 10.0, 0.0, 29.0, 13.0, 12.0, 14.0, -32.0, 12.0, 14.0]"
1,1791637591.15801,"[-34.013048999999995, 63.897525, 32.69622000000001, 32.87200200000001, 0.0007679999999936626, 63.985416000000015, 32.87200200000001, 32.784110999999996, 34.102475999999996, 63.721743000000004, 32.344656000000015, 32.432547, -1.9328339999999855, 116.36845199999999, 72.950298, 58.272501000000005]","[0.0, 3.0, 2.0, 3.0, 1.0, 5.0, 3.0, 1.0, 0.0, 3.0, 3.0, 1.0, 1.0, -5.0, 2.0, 1.0]","[0.0, 23.0, 16.0, 15.0, -12.0, 22.0, 12.0, 12.0, -9.0, 25.0, 12.0, 13.0, 13.0, -27.0, 12.0, 15.0]"
1,1791637591.384489,"[-35.06774100000001, 66.09479999999999, 33.750912, 33.83880300000001, 0.0007679999999936626, 66.27058199999999, 34.102475999999996, 34.01458500000001, 35.069277, 66.00690900000001, 33.399348, 33.663021000000015, -1.9328339999999855, 114.34695900000003, 74.00498999999999, 59.327192999999994]","[0.0, 6.0, 3.0, 1.0, 1.0, 5.0, 3.0, 5.0, 1.0, 4.0, 4.0, 3.0, 1.0, 0.0, 1.0, 2.0]","[0.0, 23.0, 16.0, 16.0, -12.0, 21.0, 12.0, 11.0, 0.0, 26.0, 11.0, 12.0, 14.0, -28.0, 12.0, 14.0]"
1,1791637591.6085315,"[-35.946651, 68.46785700000001, 34.717713, 34.893495, 0.0007679999999936626, 68.29207500000001, 35.069277, 34.80560399999999, 36.12396899999999, 68.29207500000001, 34.541931000000005, 34.62982199999999, -1.9328339999999855, 112.06179300000002, 75.05968200000001, 60.38188500000001]","[-2.0, 4.0, 2.0, 3.0, 1.0, 5.0, 2.0, 1.0, 1.0, 7.0, 3.0, 2.0, 1.0, -3.0, 2.0, 4.0]","[-8.0, 23.0, 16.0, 15.0, -12.0, 20.0, 12.0, 12.0, -14.0, 21.0, 11.0, 12.0, 14.0, -26.0, 11.0, 14.0]"
1,1791637591.8324242,"[-37.00134299999999, 70.48935, 35.860296000000005, 35.860296000000005, 0.0007679999999936626, 70.665132, 36.21186, 35.94818699999999, 37.00287900000001, 70.48935, 35.50873200000001, 34.717713, -1.9328339999999855, 109.86451799999998, 76.114374, 61.436577]","[0.0, 7.0, 2.0, 1.0, 1.0, 4.0, 3.0, 1.0, 1.0, 3.0, 4.0, 1.0, 1.0, -1.0, 3.0, 2.0]","[0.0, 19.0, 16.0, 16.0, -12.0, 19.0, 11.0, 12.0, 0.0, 22.0, 12.0, 15.0, 14.0, -25.0, 12.0, 13.0]"
1,1791637592.056403,"[-37.968143999999995, 73.03818900000002, 37.178661000000005, 36.82709700000001, 0.0007679999999936626, 72.950298, 37.44233399999999, 36.914987999999994, 38.057570999999996, 72.59873400000001, 36.65131500000001, 36.47553300000001, -1.9328339999999855, 108.19458900000001, 77.256957, 62.227596000000005]","[0.0, 2.0, 3.0, 2.0, 1.0, 5.0, 3.0, 1.0, 1.0, 5.0, 2.0, 4.0, 1.0, -1.0, 4.0, 1.0]","[-9.0, 17.0, 15.0, 15.0, -12.0, 18.0, 10.0, 11.0, 0.0, 20.0, 12.0, 11.0, 15.0, -26.0, 11.0, 14.0]"
1,1791637592.2803845,"[-38.847053999999986, 75.23546400000001, 38.14546200000001, 37.79389800000001, 0.0007679999999936626, 75.23546400000001, 38.497026000000005, 38.057570999999996, 39.024372, 74.70811800000001, 37.79389800000001, 37.354443, -1.9328339999999855, 105.469968, 78.22375799999998, 63.37017900000001]","[0.0, 5.0, 2.0, 4.0, 1.0, 5.0, 4.0, 1.0, 1.0, 1.0, 4.0, 1.0, 1.0, -4.0, 1.0, 1.0]","[-9.0, 16.0, 15.0, 14.0, -12.0, 17.0, 11.0, 11.0, 0.0, 20.0, 11.0, 13.0, 13.0, -22.0, 11.0, 14.0]"
1,1791637592.5039496,"[-40.077528, 77.608521, 39.375935999999996, 38.672808, 0.0007679999999936626, 77.52062999999998, 39.63960900000001, 39.200154, 40.07906399999999, 76.72961099999998, 38.76069899999999, 38.497026000000005, -1.9328339999999855, 103.80003900000003, 79.36634099999998, 64.33698000000001]","[-1.0, 3.0, 3.0, 3.0, 1.0, 5.0, 2.0, 4.0, 1.0, 7.0, 1.0, 1.0, 1.0, 0.0, 3.0, 2.0]","[0.0, 16.0, 15.0, 16.0, -12.0, 16.0, 11.0, 12.0, 0.0, 19.0, 11.0, 12.0, 14.0, -25.0, 11.0, 12.0]"
1,1791637592.7261403,"[-40.78065599999999, 79.80579599999999, 40.43062800000001, 39.46382700000001, 0.0007679999999936626, 77.69641200000001, 40.694300999999996, 39.991173, 41.04586499999999, 79.19055900000001, 39.90328199999999, 39.551717999999994, -1.9328339999999855, 103.80003900000003, 80.33314200000001, 65.391672]","[-2.0, 5.0, 3.0, 5.0, 1.0, 1.0, 2.0, 3.0, 1.0, 1.0, 3.0, 5.0, 1.0, 0.0, 3.0, 3.0]","[-9.0, 15.0, 14.0, 15.0, -12.0, 17.0, 9.0, 11.0, 3.0, 18.0, 11.0, 13.0, 13.0, -26.0, 11.0, 14.0]"
1,1791637592.9523828,"[-42.01113000000001, 82.178853, 41.48532, 40.694300999999996, 0.0007679999999936626, 77.69641200000001, 41.661102, 40.870082999999994, 41.661102, 81.29994299999998, 40.870082999999994, 40.60641000000001, -1.9328339999999855, 103.80003900000003, 81.387834, 66.44636400000002]","[0.0, 5.0, 1.0, 1.0, 1.0, 0.0, 3.0, 1.0, 1.0, 6.0, 2.0, 3.0, 1.0, 0.0, 2.0, 3.0]","[2.0, 15.0, 14.0, 15.0, -12.0, 16.0, 10.0, 12.0, 15.0, 16.0, 10.0, 11.0, 14.0, -25.0, 11.0, 14.0]"
1,1791637593.1744785,"[-43.065822, 84.28823699999998, 42.627903, 41.661102, 0.0007679999999936626, 77.69641200000001, 42.71579399999999, 42.10055700000001, 43.06735800000001, 83.76089100000002, 42.10055700000001, 41.573211000000015, -1.9328339999999855, 103.80003900000003, 82.44252599999999, 67.237383]","[0.0, 5.0, 3.0, 4.0, 1.0, 1.0, 1.0, 1.0, 1.0, 5.0, 1.0, 1.0, 0.0, 1.0, 2.0, 1.0]","[0.0, 12.0, 14.0, 16.0, -12.0, 16.0, 9.0, 11.0, 0.0, 16.0, 9.0, 12.0, 13.0, -26.0, 11.0, 15.0]"
1,1791637593.3972287,"[-44.032623, 86.661294, 43.59470400000001, 42.891576000000015, 0.0007679999999936626, 77.69641200000001, 43.68259499999999, 42.979467, 44.03415899999999, 85.78238399999998, 43.155249, 42.71579399999999, -1.8449430000000007, 103.80003900000003, 83.23354499999999, 68.379966]","[0.0, 4.0, 2.0, 2.0, 1.0, 1.0, 1.0, 1.0, 1.0, 4.0, 4.0, 2.0, 1.0, 1.0, 1.0, 1.0]","[0.0, 13.0, 14.0, 15.0, -12.0, 17.0, 9.0, 11.0, 0.0, 15.0, 9.0, 11.0, 13.0, -26.0, 11.0, 14.0]"
1,1791637593.6243849,"[-45.08731499999999, 88.594896, 44.73728700000001, 43.506812999999994, 0.0007679999999936626, 77.69641200000001, 44.73728700000001, 44.12205, 45.00095999999999, 88.155441, 44.209941000000015, 43.770486000000005, -1.8449430000000007, 103.80003900000003, 84.28823699999998, 69.346767]","[0.0, 5.0, 4.0, 1.0, 1.0, 1.0, 3.0, 4.0, 1.0, 3.0, 2.0, 3.0, 0.0, 1.0, 2.0, 2.0]","[0.0, 12.0, 14.0, 16.0, -13.0, 16.0, 11.0, 10.0, -13.0, 14.0, 10.0, 11.0, 13.0, -26.0, 11.0, 14.0]"
1,1791637593.8482995,"[-46.05411599999999, 88.77067799999998, 45.528306000000015, 44.91306900000001, 0.0007679999999936626, 77.69641200000001, 45.791979, 45.088851000000005, 46.05565200000001, 88.33122300000002, 45.17674199999999, 44.825177999999994, -1.8449430000000007, 103.71214800000001, 85.25503800000001, 70.313568]","[0.0, 1.0, 1.0, 4.0, 1.0, 1.0, 1.0, 3.0, 1.0, 1.0, 1.0, 1.0, 1.0, -1.0, 2.0, 2.0]","[0.0, 12.0, 14.0, 15.0, -12.0, 17.0, 9.0, 11.0, -8.0, 14.0, 10.0, 11.0, 13.0, -25.0, 11.0, 14.0]"
1,1791637594.071916,"[-47.020917, 88.77067799999998, 46.582998, 45.791979, 0.0007679999999936626, 77.78430300000002, 46.67088899999999, 45.87987000000001, 47.02245300000001, 88.33122300000002, 46.143542999999994, 45.87987000000001, -1.9328339999999855, 103.80003900000003, 86.22183899999999, 71.36825999999999]","[0.0, 1.0, 3.0, 1.0, 1.0, 0.0, 1.0, 1.0, 0.0, 1.0, 1.0, 2.0, 0.0, 0.0, 3.0, 3.0]","[0.0, 12.0, 13.0, 16.0, -12.0, 16.0, 9.0, 11.0, -14.0, 14.0, 10.0, 11.0, 13.0, -26.0, 11.0, 15.0]"
1,1791637594.2930408,"[-47.72404499999999, 88.77067799999998, 47.63768999999999, 47.19823500000001, 0.0007679999999936626, 77.69641200000001, 47.901363, 47.02245300000001, 48.077145, 88.33122300000002, 47.286125999999996, 47.02245300000001, -1.8449430000000007, 103.71214800000001, 87.18864000000002, 72.159279]","[0.0, 1.0, 2.0, 3.0, 1.0, 0.0, 2.0, 1.0, 1.0, 1.0, 3.0, 2.0, 0.0, 1.0, 2.0, 1.0]","[-9.0, 13.0, 14.0, 14.0, -11.0, 16.0, 9.0, 12.0, -15.0, 14.0, 10.0, 11.0, 12.0, -25.0, 11.0, 14.0]"
1,1791637594.5170386,"[-49.04240999999999, 88.77067799999998, 48.51660000000001, 48.165036000000015, 0.0007679999999936626, 77.69641200000001, 48.780272999999994, 47.901363, 49.043946000000005, 88.33122300000002, 48.165036000000015, 47.81347199999999, -1.8449430000000007, 103.71214800000001, 87.89176800000001, 73.12608]","[-2.0, 0.0, 1.0, 2.0, 1.0, 1.0, 1.0, 1.0, 1.0, 1.0, 1.0, 1.0, 1.0, 0.0, 4.0, 1.0]","[0.0, 12.0, 13.0, 15.0, -12.0, 16.0, 10.0, 11.0, -14.0, 14.0, 10.0, 12.0, 14.0, -26.0, 11.0, 15.0]"
1,1791637594.7442474,"[-49.92132000000001, 88.77067799999998, 49.483401000000015, 49.219728, 0.0007679999999936626, 77.69641200000001, 49.65918300000001, 48.95605499999999, 50.01074700000001, 88.33122300000002, 49.043946000000005, 48.95605499999999, -1.8449430000000007, 103.71214800000001, 89.12224200000003, 74.268663]","[-1.0, 1.0, 2.0, 5.0, 1.0, 0.0, 2.0, 2.0, 1.0, 1.0, 2.0, 1.0, 0.0, 0.0, 1.0, 3.0]","[-8.0, 12.0, 14.0, 14.0, -12.0, 16.0, 9.0, 11.0, -13.0, 13.0, 10.0, 11.0, 13.0, -25.0, 11.0, 14.0]"
1,1791637594.9681513,"[-50.80023, 88.77067799999998, 50.538093, 50.45020199999999, 0.0007679999999936626, 77.78430300000002, 50.801766000000015, 50.01074700000001, 51.15333000000001, 88.33122300000002, 50.18652900000001, 49.922855999999996, -1.8449430000000007, 103.80003900000003, 90.26482500000003, 75.23546400000001]","[0.0, 1.0, 4.0, 3.0, 1.0, 0.0, 2.0, 2.0, 1.0, 1.0, 2.0, 1.0, 1.0, 1.0, 4.0, 1.0]","[-9.0, 12.0, 14.0, 14.0, -12.0, 17.0, 10.0, 12.0, -14.0, 14.0, 10.0, 10.0, 13.0, -25.0, 11.0, 15.0]"
1,1791637595.1892462,"[-51.767031, 88.77067799999998, 51.241220999999996, 51.241220999999996, 0.0007679999999936626, 77.78430300000002, 51.680676000000005, 50.801766000000015, 52.03224, 88.33122300000002, 51.065439, 50.889657, -1.8449430000000007, 103.71214800000001, 91.05584399999998, 76.20226500000001]","[0.0, 0.0, 2.0, 1.0, 1.0, 0.0, 2.0, 3.0, 0.0, 1.0, 2.0, 3.0, 1.0, 1.0, 3.0, 2.0]","[-10.0, 13.0, 14.0, 14.0, -12.0, 17.0, 9.0, 11.0, 0.0, 13.0, 10.0, 12.0, 13.0, -26.0, 11.0, 15.0]"
1,1791637595.4135582,"[-52.82172299999999, 88.77067799999998, 52.03224, 52.383804, 0.0007679999999936626, 77.69641200000001, 52.91114999999999, 52.03224, 53.08693199999999, 88.33122300000002, 52.208022, 51.856458, -1.8449430000000007, 103.80003900000003, 92.19842699999998, 77.08117500000003]","[-3.0, 0.0, 1.0, 3.0, 1.0, 0.0, 3.0, 2.0, 0.0, 1.0, 3.0, 2.0, 1.0, 1.0, 3.0, 1.0]","[-9.0, 13.0, 16.0, 14.0, -11.0, 17.0, 10.0, 12.0, -1.0, 14.0, 10.0, 12.0, 14.0, -25.0, 11.0, 15.0]"
1,1791637595.6379232,"[-53.876414999999994, 88.77067799999998, 52.91114999999999, 53.174823, 0.0007679999999936626, 77.78430300000002, 53.79006000000001, 52.999041000000005, 54.053732999999994, 88.33122300000002, 53.174823, 52.91114999999999, -1.8449430000000007, 103.80003900000003, 92.81366400000002, 78.047976]","[-2.0, 0.0, 4.0, 1.0, 1.0, 1.0, 2.0, 2.0, 0.0, 1.0, 3.0, 4.0, 1.0, 1.0, 6.0, 1.0]","[-9.0, 13.0, 16.0, 14.0, -12.0, 16.0, 9.0, 11.0, -2.0, 14.0, 10.0, 11.0, 14.0, -26.0, 11.0, 15.0]"
1,1791637595.8640668,"[-54.491652, 88.68278700000002, 53.526387, 54.317406000000005, 0.0007679999999936626, 77.69641200000001, 54.93264300000001, 54.14162400000001, 55.10842500000001, 88.33122300000002, 53.96584200000001, 53.79006000000001, -1.8449430000000007, 103.80003900000003, 94.13202899999999, 79.19055900000001]","[0.0, 0.0, 1.0, 2.0, 1.0, 1.0, 1.0, 3.0, 1.0, 1.0, 1.0, 1.0, 1.0, 0.0, 1.0, 2.0]","[-10.0, 12.0, 17.0, 14.0, -12.0, 15.0, 0.0, 11.0, -14.0, 14.0, 10.0, 11.0, 14.0, -25.0, 11.0, 14.0]"
1,1791637596.088095,"[-55.546344000000005, 88.68278700000002, 54.317406000000005, 55.10842500000001, 0.0007679999999936626, 77.78430300000002, 55.987335, 54.93264300000001, 56.163117, 88.33122300000002, 55.10842500000001, 54.93264300000001, -1.8449430000000007, 103.80003900000003, 95.53828500000003, 79.27845000000002]","[-1.0, 0.0, 1.0, 3.0, 1.0, 1.0, 1.0, 1.0, 0.0, 1.0, 2.0, 4.0, 1.0, 2.0, 3.0, 1.0]","[-9.0, 12.0, 17.0, 14.0, -12.0, 16.0, 0.0, 12.0, -5.0, 14.0, 10.0, 11.0, 14.0, -26.0, 11.0, 14.0]"
1,1791637596.3111515,"[-56.513144999999994, 88.68278700000002, 55.020534, 55.811553, 0.0007679999999936626, 77.69641200000001, 57.04202699999999, 55.72366199999999, 56.954136000000005, 88.33122300000002, 56.075226000000015, 55.811553, -1.8449430000000007, 103.80003900000003, 96.505086, 79.27845000000002]","[-1.0, 0.0, 1.0, 2.0, 1.0, 0.0, 1.0, 1.0, 1.0, 1.0, 2.0, 3.0, 1.0, 1.0, 5.0, 1.0]","[-10.0, 13.0, 19.0, 15.0, -13.0, 16.0, 0.0, 11.0, 0.0, 14.0, 11.0, 11.0, 14.0, -26.0, 11.0, 14.0]"
1,1791637596.536088,"[-57.040491, 88.594896, 56.075226000000015, 56.514680999999996, 0.0007679999999936626, 77.78430300000002, 58.008827999999994, 56.954136000000005, 57.92093700000001, 88.33122300000002, 56.86624499999999, 56.77835400000001, -1.8449430000000007, 103.71214800000001, 97.47188699999998, 79.27845000000002]","[0.0, 0.0, 3.0, 7.0, 1.0, 1.0, 0.0, 1.0, 1.0, 1.0, 1.0, 3.0, 1.0, 1.0, 3.0, 1.0]","[-11.0, 13.0, 18.0, 14.0, -12.0, 16.0, -8.0, 11.0, -4.0, 14.0, 11.0, 12.0, 13.0, -26.0, 11.0, 14.0]"
1,1791637596.757025,"[-58.446747, 88.50700499999999, 56.954136000000005, 57.657264, 0.0007679999999936626, 77.78430300000002, 58.975629, 57.92093700000001, 58.975629, 88.33122300000002, 57.74515500000001, 57.657264, -1.8449430000000007, 103.80003900000003, 98.350797, 79.27845000000002]","[-3.0, 0.0, 2.0, 1.0, 1.0, 1.0, 1.0, 1.0, 1.0, 1.0, 1.0, 2.0, 1.0, 1.0, 3.0, 1.0]","[-9.0, 14.0, 19.0, 15.0, -11.0, 16.0, 0.0, 12.0, 0.0, 14.0, 11.0, 12.0, 13.0, -25.0, 11.0, 15.0]"
1,1791637596.9802756,"[-59.061983999999995, 88.50700499999999, 57.56937300000001, 58.53617400000002, 0.0007679999999936626, 77.78430300000002, 60.118212, 59.06352000000001, 59.94243, 88.33122300000002, 58.88773800000001, 58.711956000000015, -1.8449430000000007, 103.80003900000003, 99.40548899999999, 79.27845000000002]","[1.0, 0.0, 1.0, 3.0, 1.0, 1.0, 1.0, 2.0, 1.0, 1.0, 2.0, 1.0, 1.0, 1.0, 3.0, 1.0]","[-11.0, 14.0, 21.0, 15.0, -12.0, 16.0, -10.0, 11.0, 0.0, 14.0, 10.0, 12.0, 14.0, -26.0, 11.0, 14.0]"
1,1791637597.2080238,"[-60.204567, 88.50700499999999, 58.88773800000001, 58.799847, 0.0007679999999936626, 77.78430300000002, 61.085013000000004, 59.94243, 60.99712199999999, 88.33122300000002, 60.118212, 58.799847, -1.8449430000000007, 103.80003900000003, 100.28439900000001, 79.27845000000002]","[0.0, 0.0, 2.0, 1.0, 1.0, 1.0, 1.0, 1.0, 1.0, 1.0, 4.0, 1.0, 1.0, 0.0, 3.0, 1.0]","[-11.0, 15.0, 18.0, 15.0, -12.0, 16.0, 0.0, 11.0, 0.0, 14.0, 10.0, 11.0, 13.0, -26.0, 12.0, 15.0]"
1,1791637597.4319184,"[-61.435041, 88.41911399999998, 59.94243, 59.23930200000001, 0.0007679999999936626, 77.78430300000002, 62.05181400000001, 60.99712199999999, 61.963922999999994, 88.33122300000002, 61.085013000000004, 58.799847, -1.8449430000000007, 103.71214800000001, 101.16330900000003, 79.27845000000002]","[-1.0, 0.0, 4.0, 1.0, 1.0, 1.0, 1.0, 4.0, 1.0, 0.0, 1.0, 1.0, 1.0, 0.0, 2.0, 1.0]","[-9.0, 15.0, 19.0, 14.0, -11.0, 16.0, -2.0, 11.0, 0.0, 15.0, 10.0, 12.0, 13.0, -26.0, 11.0, 14.0]"
1,1791637597.655886,"[-62.313951, 88.41911399999998, 60.55766700000001, 59.23930200000001, 0.0007679999999936626, 77.78430300000002, 63.106505999999996, 61.963922999999994, 62.930724, 88.33122300000002, 62.31548699999999, 58.799847, -1.8449430000000007, 103.80003900000003, 101.95432799999998, 79.27845000000002]","[0.0, 0.0, 1.0, 1.0, 1.0, 1.0, 1.0, 2.0, 1.0, 0.0, 2.0, 1.0, 1.0, 0.0, 1.0, 1.0]","[-9.0, 15.0, 20.0, 13.0, -12.0, 15.0, -10.0, 11.0, 0.0, 14.0, 10.0, 11.0, 13.0, -26.0, 12.0, 14.0]"
1,1791637597.87733,"[-63.456534000000005, 88.41911399999998, 61.52446800000001, 59.23930200000001, 0.0007679999999936626, 77.78430300000002, 64.16119800000001, 62.930724, 63.985416000000015, 88.33122300000002, 63.19439700000001, 58.799847, -1.8449430000000007, 103.80003900000003, 103.09691099999998, 79.27845000000002]","[-2.0, 0.0, 1.0, 1.0, 1.0, 1.0, 1.0, 1.0, 1.0, 0.0, 2.0, 0.0, 1.0, 0.0, 4.0, 1.0]","[-10.0, 15.0, 21.0, 14.0, -13.0, 15.0, -10.0, 11.0, 0.0, 14.0, 10.0, 11.0, 13.0, -25.0, 12.0, 15.0]"
1,1791637598.1002047,"[-64.423335, 88.33122300000002, 62.31548699999999, 59.23930200000001, 0.0007679999999936626, 77.78430300000002, 65.12799900000002, 64.073307, 64.95221699999999, 88.33122300000002, 64.073307, 58.799847, -1.8449430000000007, 103.80003900000003, 104.23949399999998, 79.27845000000002]","[-3.0, 1.0, 1.0, 1.0, 1.0, 1.0, 1.0, 2.0, 1.0, 0.0, 2.0, 0.0, 0.0, 1.0, 2.0, 1.0]","[-10.0, 13.0, 22.0, 14.0, -12.0, 16.0, -9.0, 11.0, 0.0, 14.0, 10.0, 12.0, 13.0, -27.0, 11.0, 14.0]"
1,1791637598.3277385,"[-65.126463, 88.33122300000002, 63.106505999999996, 59.23930200000001, 0.0007679999999936626, 78.22375799999998, 66.09479999999999, 64.073307, 65.919018, 88.33122300000002, 65.12799900000002, 58.88773800000001, -1.8449430000000007, 103.80003900000003, 105.469968, 79.27845000000002]","[0.0, 0.0, 1.0, 1.0, 1.0, 2.0, 1.0, 1.0, 1.0, 0.0, 3.0, 1.0, 0.0, 1.0, 2.0, 1.0]","[-11.0, 14.0, 23.0, 15.0, -12.0, 14.0, -10.0, 11.0, 0.0, 14.0, 11.0, 12.0, 14.0, -26.0, 11.0, 15.0]"
1,1791637598.551854,"[-66.093264, 88.33122300000002, 64.249089, 59.41508400000001, 0.0007679999999936626, 78.22375799999998, 67.14949200000001, 63.985416000000015, 66.97371000000001, 88.33122300000002, 66.00690900000001, 58.799847, -1.7570519999999874, 103.80003900000003, 105.73364099999998, 79.27845000000002]","[-2.0, 0.0, 5.0, 1.0, 1.0, 1.0, 1.0, 0.0, 1.0, 0.0, 1.0, 1.0, 1.0, 1.0, 0.0, 1.0]","[-10.0, 14.0, 21.0, 14.0, -12.0, 14.0, -10.0, 11.0, 0.0, 14.0, 11.0, 11.0, 13.0, -26.0, 12.0, 15.0]"
1,1791637598.772824,"[-67.147956, 88.24333200000001, 65.12799900000002, 59.41508400000001, 0.0007679999999936626, 78.22375799999998, 68.11629300000001, 64.073307, 67.94051100000001, 88.33122300000002, 66.885819, 58.799847, -1.7570519999999874, 103.80003900000003, 105.73364099999998, 79.27845000000002]","[-2.0, 0.0, 1.0, 1.0, 1.0, 1.0, 1.0, 1.0, 2.0, 0.0, 1.0, 1.0, 0.0, 1.0, 0.0, 1.0]","[-11.0, 14.0, 24.0, 13.0, -12.0, 14.0, -10.0, 11.0, 0.0, 14.0, 10.0, 11.0, 13.0, -27.0, 16.0, 15.0]"
1,1791637598.997285,"[-68.114757, 88.06754999999998, 66.358473, 59.50297499999999, 0.0007679999999936626, 78.22375799999998, 69.170985, 64.073307, 68.995203, 88.33122300000002, 67.676838, 58.799847, -1.7570519999999874, 103.80003900000003, 106.34887800000001, 79.27845000000002]","[-2.0, -3.0, 2.0, 0.0, 1.0, 1.0, 1.0, 1.0, 2.0, 0.0, 3.0, 0.0, 0.0, 1.0, 1.0, 1.0]","[-11.0, 15.0, 21.0, 13.0, -12.0, 14.0, -10.0, 12.0, 0.0, 14.0, 11.0, 12.0, 13.0, -26.0, 18.0, 14.0]"
1,1791637599.2218978,"[-68.905776, 87.803877, 66.79792800000001, 59.590866000000005, 0.0007679999999936626, 78.22375799999998, 70.137786, 64.073307, 69.96200400000001, 88.33122300000002, 68.73152999999999, 58.799847, -1.7570519999999874, 103.80003900000003, 106.87622399999998, 79.27845000000002]","[0.0, 0.0, 1.0, 1.0, 1.0, 1.0, 1.0, 1.0, 2.0, 0.0, 4.0, 1.0, 1.0, 1.0, 1.0, 1.0]","[-11.0, 16.0, 26.0, 14.0, -11.0, 14.0, -10.0, 12.0, 0.0, 14.0, 11.0, 11.0, 12.0, -26.0, 20.0, 15.0]"
1,1791637599.4462016,"[-69.696795, 87.71598599999999, 67.14949200000001, 59.590866000000005, 0.0007679999999936626, 78.22375799999998, 71.10458700000001, 64.073307, 70.840914, 88.33122300000002, 69.61044000000001, 58.799847, -1.7570519999999874, 103.80003900000003, 106.87622399999998, 79.27845000000002]","[0.0, 1.0, 1.0, 0.0, 1.0, 1.0, 1.0, 1.0, 2.0, 1.0, 1.0, 1.0, 0.0, 1.0, 1.0, 1.0]","[-13.0, 15.0, 29.0, 14.0, -12.0, 14.0, -9.0, 11.0, 13.0, 15.0, 12.0, 12.0, 12.0, -26.0, 20.0, 15.0]"
1,1791637599.6721523,"[-70.839378, 87.62809500000003, 67.14949200000001, 59.590866000000005, 0.0007679999999936626, 78.22375799999998, 72.07138800000001, 64.073307, 71.807715, 88.33122300000002, 70.48935, 58.799847, -1.7570519999999874, 103.80003900000003, 106.87622399999998, 79.27845000000002]","[-2.0, 0.0, 1.0, 1.0, 1.0, 1.0, 1.0, 1.0, 1.0, 1.0, 1.0, 0.0, 1.0, 1.0, 1.0, 1.0]","[-11.0, 16.0, 36.0, 14.0, -11.0, 14.0, -8.0, 12.0, 13.0, 14.0, 12.0, 11.0, 13.0, -25.0, 20.0, 14.0]"
1,1791637599.894148,"[-70.839378, 86.661294, 67.14949200000001, 59.590866000000005, 0.0007679999999936626, 78.22375799999998, 73.03818900000002, 64.073307, 72.68662499999999, 88.33122300000002, 71.456151, 58.799847, -1.7570519999999874, 103.80003900000003, 106.96411499999999, 79.27845000000002]","[0.0, 0.0, 0.0, 1.0, 1.0, 1.0, 1.0, 1.0, 2.0, 1.0, 2.0, 1.0, 1.0, 0.0, 1.0, 1.0]","[8.0, 12.0, 0.0, 1.0, -11.0, 13.0, 0.0, 12.0, 15.0, 14.0, 11.0, 11.0, 13.0, -26.0, 19.0, 15.0]"
1,1791637600.1171217,"[-70.839378, 86.661294, 67.14949200000001, 59.590866000000005, 0.0007679999999936626, 78.22375799999998, 73.91709900000001, 64.073307, 73.74131700000001, 88.33122300000002, 71.89560600000002, 58.799847, -1.7570519999999874, 103.80003900000003, 106.96411499999999, 79.27845000000002]","[0.0, 0.0, 0.0, 1.0, 1.0, 1.0, 1.0, 1.0, 2.0, 0.0, 1.0, 1.0, 1.0, 0.0, 1.0, 1.0]","[8.0, 12.0, 0.0, 3.0, -12.0, 14.0, 0.0, 10.0, 13.0, 14.0, 14.0, 12.0, 13.0, -25.0, 19.0, 14.0]"
1,1791637600.3413665,"[-70.839378, 86.661294, 67.14949200000001, 59.50297499999999, 0.0007679999999936626, 78.22375799999998, 74.971791, 64.073307, 74.620227, 88.33122300000002, 72.07138800000001, 58.799847, -1.7570519999999874, 103.80003900000003, 106.96411499999999, 79.27845000000002]","[0.0, 0.0, 0.0, 0.0, 1.0, 1.0, 1.0, 1.0, 3.0, 0.0, 1.0, 0.0, 1.0, 0.0, 1.0, 1.0]","[8.0, 12.0, 0.0, 9.0, -12.0, 14.0, 0.0, 11.0, 14.0, 14.0, 16.0, 11.0, 13.0, -26.0, 19.0, 15.0]"
1,1791637600.5676832,"[-70.839378, 86.661294, 67.14949200000001, 59.50297499999999, 0.0007679999999936626, 78.22375799999998, 75.67491900000002, 64.073307, 74.620227, 88.33122300000002, 72.59873400000001, 58.799847, -1.7570519999999874, 103.80003900000003, 106.96411499999999, 79.27845000000002]","[0.0, 0.0, 0.0, 0.0, 1.0, 1.0, 1.0, 1.0, 1.0, 0.0, 1.0, 0.0, 0.0, 1.0, 1.0, 1.0]","[8.0, 12.0, 0.0, 6.0, -12.0, 14.0, 10.0, 12.0, 15.0, 14.0, 20.0, 11.0, 14.0, -26.0, 19.0, 15.0]"
1,1791637600.7916403,"[-70.839378, 86.661294, 67.14949200000001, 59.590866000000005, 0.0007679999999936626, 78.22375799999998, 75.938592, 64.073307, 74.620227, 88.33122300000002, 72.774516, 58.799847, -1.7570519999999874, 103.80003900000003, 106.96411499999999, 79.27845000000002]","[0.0, 0.0, 0.0, 0.0, 1.0, 1.0, 1.0, 1.0, 1.0, 0.0, 1.0, 0.0, 1.0, 0.0, 1.0, 1.0]","[8.0, 12.0, 0.0, 3.0, -12.0, 15.0, 12.0, 11.0, 14.0, 14.0, 26.0, 11.0, 13.0, -26.0, 19.0, 15.0]"
1,1791637601.0125816,"[-70.839378, 86.661294, 67.14949200000001, 59.50297499999999, -0.08712299999999118, 78.13586700000002, 76.37804699999998, 64.073307, 74.620227, 88.33122300000002, 73.12608, 58.799847, -1.7570519999999874, 103.80003900000003, 106.96411499999999, 79.27845000000002]","[0.0, 0.0, 0.0, -1.0, 0.0, 0.0, 1.0, 1.0, 1.0, 0.0, 1.0, 0.0, 0.0, 1.0, 1.0, 1.0]","[8.0, 12.0, 0.0, 13.0, -4.0, 14.0, 14.0, 11.0, 14.0, 14.0, 30.0, 12.0, 12.0, -26.0, 18.0, 14.0]"
1,1791637601.2396138,"[-70.839378, 86.661294, 67.14949200000001, 59.50297499999999, -0.08712299999999118, 78.13586700000002, 76.81750199999999, 64.073307, 74.620227, 88.33122300000002, 73.477644, 58.799847, -1.7570519999999874, 103.80003900000003, 106.96411499999999, 79.27845000000002]","[0.0, 0.0, 0.0, 0.0, 0.0, 0.0, 1.0, 1.0, 1.0, 0.0, 1.0, 0.0, 0.0, 1.0, 1.0, 1.0]","[8.0, 12.0, 0.0, 9.0, 0.0, 15.0, 15.0, 11.0, 14.0, 13.0, 35.0, 11.0, 12.0, -26.0, 19.0, 15.0]"
1,1791637601.4638085,"[-70.839378, 86.661294, 67.14949200000001, 59.50297499999999, -0.08712299999999118, 78.13586700000002, 77.34484800000001, 64.073307, 74.620227, 88.33122300000002, 73.91709900000001, 58.711956000000015, -1.7570519999999874, 103.80003900000003, 106.96411499999999, 79.27845000000002]","[0.0, 0.0, 0.0, 1.0, 0.0, 0.0, 4.0, 1.0, 1.0, 0.0, 1.0, 1.0, 0.0, 1.0, 1.0, 1.0]","[8.0, 12.0, 0.0, 8.0, 0.0, 15.0, 17.0, 12.0, 14.0, 14.0, 41.0, 11.0, 12.0, -26.0, 19.0, 15.0]"
1,1791637601.6863682,"[-70.839378, 86.661294, 67.14949200000001, 59.50297499999999, -0.08712299999999118, 78.13586700000002, 77.34484800000001, 64.073307, 74.620227, 88.33122300000002, 73.74131700000001, 58.711956000000015, -1.7570519999999874, 103.80003900000003, 106.96411499999999, 79.27845000000002]","[0.0, 0.0, 0.0, 0.0, 0.0, 0.0, 1.0, 1.0, 0.0, 0.0, 0.0, 0.0, 0.0, 0.0, 1.0, 1.0]","[8.0, 12.0, 0.0, 12.0, 0.0, 15.0, 18.0, 11.0, 14.0, 0.0, 9.0, 0.0, 13.0, -26.0, 19.0, 15.0]"
2,1791637603.7037168,"[0.0007679999999936626, -5.009018999999995, -1.229705999999993, -0.17501400000000444, -0.08712299999999118, -5.712146999999987, -0.08712299999999118, -0.6144689999999855, 0.0007679999999936626, -5.360582999999991, -1.3175970000000063, 0.17654999999999177, -1.3175970000000063, 178.33160700000002, 39.991173, 25.40126699999999]","[0.0, 1.0, 0.0, 0.0, 1.0, 1.0, 0.0, 0.0, 0.0, 1.0, 1.0, 0.0, 1.0, 1.0, 1.0, 0.0]","[-9.0, 32.0, 16.0, 13.0, 0.0, 38.0, 0.0, 10.0, -14.0, 36.0, 11.0, -10.0, 11.0, 15.0, 0.0, -14.0]"
2,1791637603.926373,"[0.0007679999999936626, -5.009018999999995, -1.1418150000000082, 0.08865900000000693, -0.08712299999999118, -5.272692000000006, 0.44022300000000314, -0.4386869999999874, 0.0007679999999936626, -5.272692000000006, -1.1418150000000082, 0.3523319999999899, -1.3175970000000063, 177.98004300000002, 40.07906399999999, 25.577048999999988]","[0.0, 1.0, 1.0, 1.0, 1.0, 1.0, 1.0, 1.0, 1.0, 1.0, 1.0, 1.0, 1.0, 0.0, 1.0, 1.0]","[-9.0, 40.0, 19.0, 14.0, 0.0, 53.0, 11.0, 12.0, -14.0, 45.0, 13.0, 11.0, 15.0, -13.0, 12.0, 14.0]"
2,1791637604.1498082,"[0.0007679999999936626, -5.009018999999995, 0.0007679999999936626, 0.528113999999988, -0.08712299999999118, -3.7785450000000083, 0.9675689999999975, 0.17654999999999177, 0.0007679999999936626, -5.272692000000006, -0.6144689999999855, 0.528113999999988, -1.3175970000000063, 177.62847900000003, 40.07906399999999, 26.28017700000001]","[0.0, 1.0, 2.0, 1.0, 1.0, 1.0, 1.0, 1.0, 0.0, 1.0, 2.0, 2.0, 1.0, 0.0, 1.0, 2.0]","[-8.0, 51.0, 18.0, 16.0, 0.0, 59.0, 12.0, 12.0, -13.0, 55.0, 17.0, 13.0, 20.0, -25.0, 15.0, 15.0]"
2,1791637604.3735611,"[0.0007679999999936626, -4.5695639999999855, 0.8796780000000126, 1.4949149999999918, -0.08712299999999118, -2.196506999999997, 1.846478999999988, 1.407024000000007, 0.0007679999999936626, -4.481673000000001, 0.08865900000000693, 0.7917869999999994, -1.3175970000000063, 176.92535099999998, 41.661102, 27.159087]","[0.0, 1.0, 1.0, 3.0, 1.0, 6.0, 1.0, 1.0, 0.0, 2.0, 3.0, 1.0, 1.0, 0.0, 3.0, 1.0]","[-9.0, 54.0, 19.0, 15.0, 0.0, 54.0, 12.0, 13.0, -14.0, 58.0, 16.0, 14.0, 28.0, -37.0, 13.0, 14.0]"
2,1791637604.5993302,"[0.0007679999999936626, -3.514871999999997, 1.7585880000000031, 2.3738250000000107, -0.08712299999999118, 0.3523319999999899, 2.6374979999999937, 2.1101519999999994, 0.0007679999999936626, -4.481673000000001, 1.3191329999999937, 2.0222610000000145, -1.3175970000000063, 173.40971100000002, 42.452121000000005, 28.125888000000003]","[0.0, 2.0, 1.0, 3.0, 1.0, 6.0, 2.0, 1.0, 0.0, 1.0, 4.0, 3.0, 1.0, -4.0, 2.0, 2.0]","[-9.0, 55.0, 19.0, 17.0, 0.0, 51.0, 12.0, 12.0, -14.0, 69.0, 15.0, 14.0, 34.0, -34.0, 13.0, 14.0]"
2,1791637604.8232658,"[0.0007679999999936626, -3.514871999999997, 2.901171000000005, 3.2527350000000013, -0.08712299999999118, 2.0222610000000145, 3.4285169999999994, 3.164843999999988, 0.0007679999999936626, -4.481673000000001, 2.0222610000000145, 2.901171000000005, -1.3175970000000063, 169.894071, 43.41892200000001, 29.268471000000005]","[0.0, 1.0, 3.0, 1.0, 1.0, 5.0, 1.0, 1.0, 0.0, 1.0, 3.0, 2.0, 1.0, -5.0, 1.0, 3.0]","[-8.0, 66.0, 18.0, 17.0, 0.0, 59.0, 13.0, 13.0, -14.0, 82.0, 17.0, 14.0, 42.0, -29.0, 12.0, 14.0]"
2,1791637605.045839,"[0.0007679999999936626, -3.514871999999997, 3.7800809999999956, 4.483208999999988, -0.08712299999999118, 3.7800809999999956, 4.483208999999988, 4.30742699999999, 0.0007679999999936626, -1.9328339999999855, 3.076953000000003, 4.043754000000007, 0.6160050000000012, 168.487815, 44.649395999999996, 30.147380999999996]","[0.0, 1.0, 4.0, 2.0, 1.0, 3.0, 2.0, 1.0, 0.0, 7.0, 5.0, 1.0, 6.0, 0.0, 5.0, 1.0]","[-9.0, 77.0, 20.0, 16.0, 0.0, 58.0, 13.0, 13.0, -14.0, 62.0, 17.0, 15.0, 33.0, -44.0, 13.0, 15.0]"
2,1791637605.268068,"[0.0007679999999936626, -0.35079600000000255, 4.834773000000013, 5.537901000000005, -0.08712299999999118, 6.153138000000013, 5.362119000000007, 5.186337000000009, 0.0007679999999936626, -0.35079600000000255, 4.219536000000005, 4.9226639999999975, 1.6706969999999899, 164.620611, 45.616197, 31.202073000000013]","[0.0, 7.0, 5.0, 4.0, 1.0, 1.0, 3.0, 3.0, 0.0, 1.0, 3.0, 1.0, 1.0, -8.0, 3.0, 2.0]","[-8.0, 47.0, 20.0, 15.0, 0.0, 61.0, 13.0, 13.0, -14.0, 57.0, 16.0, 15.0, 32.0, -38.0, 13.0, 14.0]"
2,1791637605.4928517,"[0.0007679999999936626, -0.2629049999999893, 5.889465000000001, 6.592592999999994, -0.08712299999999118, 7.823067000000009, 6.328920000000011, 6.328920000000011, 0.0007679999999936626, -0.2629049999999893, 4.6589910000000145, 6.153138000000013, 2.901171000000005, 161.45653500000003, 46.75878, 32.16887399999999]","[0.0, 1.0, 1.0, 3.0, 1.0, 3.0, 3.0, 3.0, 0.0, 1.0, 6.0, 3.0, 4.0, -8.0, 1.0, 1.0]","[-8.0, 65.0, 20.0, 16.0, 0.0, 64.0, 13.0, 13.0, -14.0, 68.0, 18.0, 13.0, 30.0, -33.0, 13.0, 15.0]"
2,1791637605.7162452,"[0.0007679999999936626, -0.2629049999999893, 6.416810999999996, 7.383611999999999, -0.08712299999999118, 9.932451000000015, 7.119938999999988, 7.2957210000000146, 0.0007679999999936626, 0.08865900000000693, 6.2410289999999975, 7.119938999999988, 3.3406260000000145, 158.38035000000002, 47.54979900000001, 33.31145699999999]","[0.0, 1.0, 7.0, 1.0, 1.0, 4.0, 0.0, 1.0, 0.0, 1.0, 3.0, 2.0, 5.0, -2.0, 1.0, 3.0]","[-8.0, 76.0, 20.0, 17.0, 0.0, 60.0, 15.0, 14.0, -14.0, 75.0, 16.0, 14.0, 33.0, -35.0, 13.0, 14.0]"
2,1791637605.9432223,"[0.0007679999999936626, 2.1980430000000126, 7.910957999999994, 8.526195000000001, -0.08712299999999118, 11.514488999999998, 8.26252199999999, 8.438303999999988, 0.0007679999999936626, 1.582806000000005, 7.119938999999988, 7.207830000000001, 4.746881999999999, 155.567838, 48.69238200000001, 34.36614900000001]","[0.0, 7.0, 2.0, 4.0, 1.0, 0.0, 2.0, 3.0, 0.0, 4.0, 3.0, 1.0, 2.0, -3.0, 3.0, 4.0]","[-9.0, 53.0, 18.0, 16.0, 0.0, 68.0, 13.0, 12.0, -14.0, 67.0, 17.0, 16.0, 30.0, -37.0, 13.0, 14.0]"
2,1791637606.1654885,"[0.0007679999999936626, 2.4617159999999956, 8.789868000000013, 9.492996000000005, -0.08712299999999118, 13.711763999999988, 9.317214000000007, 9.405104999999992, 0.0007679999999936626, 3.4285169999999994, 7.471503000000013, 9.141432000000009, 6.153138000000013, 152.667435, 48.780272999999994, 35.33295000000001]","[0.0, 1.0, 3.0, 3.0, 1.0, 7.0, 1.0, 1.0, 0.0, 8.0, 6.0, 3.0, 3.0, -5.0, 0.0, 3.0]","[-8.0, 67.0, 19.0, 17.0, 0.0, 57.0, 14.0, 13.0, -14.0, 56.0, 19.0, 14.0, 29.0, -35.0, 16.0, 14.0]"
2,1791637606.3896606,"[0.0007679999999936626, 3.867972000000009, 9.756668999999988, 10.547687999999994, -0.08712299999999118, 15.996929999999992, 10.28401500000001, 10.371905999999996, 0.0007679999999936626, 4.219536000000005, 9.053540999999996, 10.020342, 7.207830000000001, 150.294378, 50.538093, 36.12396899999999]","[0.0, 2.0, 1.0, 3.0, 1.0, 3.0, 1.0, 3.0, 0.0, 1.0, 2.0, 2.0, 5.0, -1.0, 3.0, 1.0]","[-9.0, 61.0, 20.0, 16.0, 0.0, 61.0, 16.0, 14.0, -14.0, 59.0, 17.0, 14.0, 29.0, -41.0, 13.0, 15.0]"
2,1791637606.6152263,"[0.0007679999999936626, 4.043754000000007, 10.723469999999992, 11.426598000000013, -0.08712299999999118, 17.75475, 10.89925199999999, 11.162925000000001, 0.0007679999999936626, 4.219536000000005, 9.668778000000003, 10.89925199999999, 8.26252199999999, 147.393975, 50.713875, 37.354443]","[0.0, 1.0, 3.0, 3.0, 1.0, 5.0, 7.0, 3.0, 0.0, 0.0, 1.0, 4.0, 1.0, -3.0, 1.0, 2.0]","[-9.0, 68.0, 22.0, 16.0, 0.0, 56.0, 14.0, 14.0, -14.0, 71.0, 19.0, 13.0, 29.0, -44.0, 16.0, 14.0]"
2,1791637606.838084,"[0.0007679999999936626, 5.450009999999992, 11.690270999999996, 12.305508000000003, -0.08712299999999118, 20.039916000000005, 12.21761699999999, 12.393398999999988, 0.0007679999999936626, 6.2410289999999975, 10.89925199999999, 11.953944000000007, 9.141432000000009, 143.79044399999998, 52.64747700000001, 38.233352999999994]","[0.0, 10.0, 1.0, 1.0, 1.0, 3.0, 1.0, 1.0, 0.0, 6.0, 3.0, 5.0, 1.0, -7.0, 5.0, 2.0]","[-9.0, 59.0, 22.0, 17.0, 0.0, 57.0, 14.0, 12.0, -14.0, 55.0, 19.0, 13.0, 29.0, -37.0, 12.0, 14.0]"
2,1791637607.0607631,"[0.0007679999999936626, 7.5593939999999975, 12.657072, 13.184417999999994, -0.08712299999999118, 21.44617199999999, 13.272309000000007, 13.53598199999999, 0.0007679999999936626, 6.328920000000011, 10.89925199999999, 13.008635999999996, 9.405104999999992, 140.80214999999998, 53.526387, 39.46382700000001]","[0.0, 1.0, 2.0, 1.0, 1.0, 7.0, 1.0, 4.0, 0.0, 1.0, 1.0, 4.0, 5.0, -1.0, 1.0, 1.0]","[-9.0, 51.0, 19.0, 17.0, 0.0, 66.0, 13.0, 13.0, -14.0, 70.0, 22.0, 13.0, 30.0, -41.0, 13.0, 14.0]"
2,1791637607.2870996,"[0.0007679999999936626, 7.647285000000011, 13.799655000000001, 14.414892000000009, -0.08712299999999118, 24.522357, 14.327000999999996, 14.414892000000009, 0.0007679999999936626, 6.328920000000011, 12.832853999999998, 13.799655000000001, 11.60238000000001, 137.462292, 54.756861000000015, 40.43062800000001]","[0.0, 1.0, 1.0, 2.0, 1.0, 5.0, 1.0, 1.0, 0.0, 0.0, 4.0, 1.0, 3.0, -6.0, 2.0, 3.0]","[-8.0, 66.0, 19.0, 16.0, 0.0, 50.0, 13.0, 14.0, -14.0, 84.0, 18.0, 16.0, 26.0, -37.0, 13.0, 15.0]"
2,1791637607.509595,"[0.0007679999999936626, 8.174631000000005, 14.766456000000005, 15.293802, -0.08712299999999118, 26.455959000000007, 15.55747500000001, 15.733257000000009, 0.0007679999999936626, 9.492996000000005, 13.887546000000015, 14.766456000000005, 11.690270999999996, 134.210325, 55.811553, 41.48532]","[0.0, 9.0, 2.0, 6.0, 1.0, 5.0, 3.0, 3.0, 1.0, 6.0, 3.0, 3.0, 1.0, -6.0, 3.0, 3.0]","[-9.0, 64.0, 19.0, 16.0, 0.0, 55.0, 12.0, 12.0, -14.0, 57.0, 18.0, 14.0, 30.0, -32.0, 12.0, 15.0]"
2,1791637607.731866,"[0.0007679999999936626, 10.28401500000001, 15.733257000000009, 16.348493999999988, -0.08712299999999118, 28.565343000000013, 16.524276000000015, 16.787948999999998, 0.0007679999999936626, 9.492996000000005, 14.766456000000005, 15.909039000000007, 13.53598199999999, 130.87046700000002, 56.954136000000005, 42.36422999999999]","[0.0, 1.0, 1.0, 3.0, 1.0, 4.0, 1.0, 3.0, 0.0, 1.0, 3.0, 3.0, 4.0, -4.0, 3.0, 1.0]","[-8.0, 57.0, 19.0, 17.0, 0.0, 54.0, 12.0, 11.0, -14.0, 67.0, 17.0, 15.0, 27.0, -31.0, 12.0, 15.0]"
2,1791637608.183205,"[0.0007679999999936626, 10.28401500000001, 16.787948999999998, 17.403186000000005, -0.08712299999999118, 30.23527200000001, 17.75475, 17.75475, 0.0007679999999936626, 9.492996000000005, 15.996929999999992, 16.963730999999996, 14.766456000000005, 127.61849999999998, 58.18460999999999, 43.41892200000001]","[0.0, 1.0, 1.0, 1.0, 1.0, 1.0, 0.0, 1.0, 0.0, 1.0, 0.0, 1.0, 1.0, 0.0, 1.0, 1.0]","[-8.0, 69.0, 20.0, 16.0, 0.0, 59.0, 12.0, 13.0, -14.0, 82.0, 18.0, 14.0, 26.0, -31.0, 12.0, 15.0]"
2,1791637608.4042892,"[0.0007679999999936626, 10.459797000000009, 17.930532, 17.403186000000005, -0.08712299999999118, 32.16887399999999, 18.36998700000001, 18.545769000000007, 0.0007679999999936626, 9.844560000000001, 16.260603000000003, 17.842641000000015, 15.55747500000001, 125.069661, 58.18460999999999, 44.38572300000001]","[0.0, 3.0, 3.0, 1.0, 1.0, 13.0, 1.0, 2.0, 0.0, 2.0, 4.0, 2.0, 1.0, -4.0, 1.0, 1.0]","[-8.0, 77.0, 18.0, 20.0, 0.0, 52.0, 13.0, 13.0, -14.0, 84.0, 18.0, 15.0, 26.0, -33.0, 14.0, 14.0]"
2,1791637608.6309586,"[0.0007679999999936626, 13.008635999999996, 18.897333000000003, 19.336788000000013, -0.08712299999999118, 34.62982199999999, 19.424678999999998, 19.600460999999996, 0.0007679999999936626, 10.020342, 18.106313999999998, 18.897333000000003, 16.612167, 122.60871300000002, 60.118212, 45.528306000000015]","[0.0, 1.0, 2.0, 4.0, 1.0, 1.0, 3.0, 1.0, 0.0, 1.0, 3.0, 1.0, 7.0, -1.0, 5.0, 2.0]","[-9.0, 60.0, 18.0, 16.0, 0.0, 54.0, 14.0, 12.0, -14.0, 104.0, 17.0, 15.0, 25.0, -37.0, 12.0, 15.0]"
2,1791637608.8546607,"[0.0007679999999936626, 13.008635999999996, 19.952024999999992, 20.39148, -0.08712299999999118, 37.00287900000001, 20.215698000000003, 20.655153000000013, 0.0007679999999936626, 14.23911000000001, 18.985223999999988, 20.039916000000005, 17.842641000000015, 118.74150900000001, 61.348686000000015, 46.49510699999999]","[0.0, 1.0, 2.0, 4.0, 1.0, 8.0, 1.0, 1.0, 0.0, 15.0, 4.0, 2.0, 3.0, -4.0, 3.0, 3.0]","[-8.0, 73.0, 19.0, 15.0, 0.0, 53.0, 15.0, 12.0, -14.0, 57.0, 17.0, 13.0, 25.0, -28.0, 11.0, 15.0]"
2,1791637609.076078,"[0.0007679999999936626, 13.008635999999996, 21.00671700000001, 21.44617199999999, -0.08712299999999118, 39.024372, 21.094607999999994, 21.621953999999988, 0.0007679999999936626, 14.327000999999996, 20.215698000000003, 21.00671700000001, 17.842641000000015, 115.57743299999998, 62.31548699999999, 47.54979900000001]","[0.0, 1.0, 2.0, 4.0, 1.0, 6.0, 1.0, 2.0, 0.0, 1.0, 2.0, 1.0, 1.0, -4.0, 2.0, 3.0]","[-9.0, 82.0, 18.0, 16.0, 0.0, 42.0, 16.0, 12.0, -14.0, 70.0, 16.0, 13.0, 30.0, -30.0, 11.0, 15.0]"
2,1791637609.2994502,"[0.0007679999999936626, 16.084821000000005, 22.061408999999998, 22.412972999999994, -0.08712299999999118, 41.04586499999999, 22.061408999999998, 22.76453699999999, 0.0007679999999936626, 15.821147999999994, 21.00671700000001, 22.237190999999996, 20.12780699999999, 112.23757499999999, 63.45806999999999, 48.51660000000001]","[0.0, 9.0, 1.0, 3.0, 1.0, 9.0, 3.0, 3.0, 0.0, 8.0, 1.0, 2.0, 8.0, -4.0, 3.0, 1.0]","[-9.0, 56.0, 18.0, 17.0, 0.0, 44.0, 15.0, 12.0, -14.0, 58.0, 17.0, 12.0, 21.0, -26.0, 11.0, 14.0]"
2,1791637609.5269053,"[0.0007679999999936626, 16.787948999999998, 22.852428000000003, 22.500864000000007, -0.08712299999999118, 43.68259499999999, 22.852428000000003, 23.555555999999996, 0.0007679999999936626, 17.315294999999992, 21.797736000000015, 22.32508200000001, 21.094607999999994, 108.98560800000001, 64.51276200000001, 49.483401000000015]","[0.0, 1.0, 1.0, 1.0, 1.0, 3.0, 3.0, 1.0, 1.0, 1.0, 5.0, 1.0, 3.0, -3.0, 1.0, 1.0]","[-9.0, 60.0, 20.0, 18.0, 0.0, 44.0, 15.0, 13.0, -14.0, 58.0, 17.0, 16.0, 21.0, -25.0, 10.0, 13.0]"
2,1791637609.750897,"[0.0007679999999936626, 18.106313999999998, 23.731337999999994, 24.346575, -0.08712299999999118, 45.967760999999996, 23.64344700000001, 24.78603000000001, 0.0007679999999936626, 18.545769000000007, 23.203992, 23.995011000000005, 21.885627, 105.73364099999998, 65.47956300000001, 50.62598400000002]","[0.0, 2.0, 1.0, 5.0, 1.0, 6.0, 1.0, 1.0, 0.0, 1.0, 1.0, 4.0, 5.0, -6.0, 1.0, 2.0]","[-9.0, 60.0, 19.0, 16.0, -1.0, 38.0, 16.0, 12.0, -14.0, 57.0, 17.0, 14.0, 23.0, -21.0, 11.0, 12.0]"
2,1791637609.9710305,"[0.0007679999999936626, 18.018423000000013, 24.78603000000001, 25.489158000000003, 0.0007679999999936626, 47.461907999999994, 24.96181200000001, 25.66494, 0.0007679999999936626, 18.545769000000007, 24.170793000000003, 25.313376000000005, 23.116101000000015, 102.39378299999998, 66.79792800000001, 51.50489400000001]","[0.0, 0.0, 1.0, 3.0, 0.0, 6.0, 5.0, 1.0, 0.0, 1.0, 3.0, 1.0, 3.0, -5.0, 3.0, 3.0]","[-9.0, 70.0, 20.0, 17.0, -3.0, 46.0, 15.0, 12.0, -14.0, 69.0, 17.0, 13.0, 22.0, -19.0, 10.0, 13.0]"
2,1791637610.1988792,"[0.0007679999999936626, 20.39148, 25.840722, 26.368067999999994, 0.0007679999999936626, 49.571292, 25.928613000000013, 26.895413999999988, 0.0007679999999936626, 20.303588999999988, 25.137594000000007, 26.192285999999996, 24.434466000000015, 99.31759799999998, 68.028402, 52.64747700000001]","[0.0, 6.0, 3.0, 1.0, 0.0, 3.0, 2.0, 1.0, 1.0, 4.0, 2.0, 1.0, 3.0, -1.0, 3.0, 3.0]","[-8.0, 54.0, 20.0, 16.0, -12.0, 45.0, 15.0, 12.0, -14.0, 57.0, 17.0, 13.0, 19.0, -20.0, 1.0, 13.0]"
2,1791637610.422831,"[0.0007679999999936626, 21.534063000000003, 26.631741000000005, 27.510650999999996, 0.0007679999999936626, 52.03224, 27.071196000000015, 27.42276000000001, 0.0007679999999936626, 21.973518000000013, 26.016503999999998, 27.510650999999996, 25.489158000000003, 95.80195800000001, 69.08309400000002, 53.526387]","[0.0, 1.0, 1.0, 1.0, 1.0, 7.0, 1.0, 1.0, 0.0, 7.0, 1.0, 3.0, 2.0, -2.0, 3.0, 1.0]","[-8.0, 53.0, 20.0, 15.0, -12.0, 41.0, 15.0, 14.0, -14.0, 48.0, 17.0, 12.0, 19.0, -18.0, 0.0, 13.0]"
2,1791637610.642937,"[0.0007679999999936626, 21.621953999999988, 27.774324000000007, 28.565343000000013, 0.0007679999999936626, 54.22951499999999, 28.30167, 28.565343000000013, 0.08865900000000693, 23.291883000000013, 27.246978000000013, 28.477452, 26.016503999999998, 92.63788199999999, 70.04989499999999, 54.493188]","[0.0, 2.0, 2.0, 3.0, 1.0, 3.0, 1.0, 3.0, 2.0, 1.0, 2.0, 1.0, 7.0, -5.0, 3.0, 1.0]","[-8.0, 65.0, 20.0, 16.0, -12.0, 37.0, 13.0, 12.0, -14.0, 48.0, 16.0, 12.0, 20.0, -17.0, 0.0, 13.0]"
2,1791637610.8677862,"[0.0007679999999936626, 22.852428000000003, 28.653233999999998, 29.620035, 0.0007679999999936626, 56.42679000000001, 29.444253000000003, 29.795817, 0.08865900000000693, 23.995011000000005, 28.125888000000003, 29.532143999999988, 27.159087, 92.54999099999998, 71.016696, 55.54787999999999]","[0.0, 3.0, 3.0, 2.0, 1.0, 4.0, 4.0, 2.0, 1.0, 3.0, 1.0, 4.0, 1.0, 0.0, 1.0, 1.0]","[-8.0, 59.0, 19.0, 15.0, -11.0, 33.0, 13.0, 11.0, -14.0, 52.0, 16.0, 13.0, 24.0, -17.0, 0.0, 14.0]"
2,1791637611.0921435,"[0.0007679999999936626, 23.907119999999992, 29.620035, 30.67472699999999, 0.0007679999999936626, 58.448283, 30.67472699999999, 30.762618000000003, 0.08865900000000693, 23.995011000000005, 29.35636199999999, 30.586836000000005, 27.42276000000001, 92.54999099999998, 72.07138800000001, 56.60257200000001]","[0.0, 3.0, 2.0, 3.0, 2.0, 3.0, 2.0, 1.0, 1.0, 0.0, 1.0, 4.0, 3.0, 1.0, 1.0, 1.0]","[-9.0, 60.0, 20.0, 15.0, -11.0, 37.0, 13.0, 12.0, -14.0, 63.0, 16.0, 12.0, 28.0, -17.0, 0.0, 13.0]"
2,1791637611.317272,"[0.0007679999999936626, 23.907119999999992, 30.67472699999999, 31.729419000000007, 0.0007679999999936626, 60.909231000000005, 31.729419000000007, 31.905201000000005, 0.08865900000000693, 24.434466000000015, 30.147380999999996, 31.55363700000001, 27.510650999999996, 92.46210000000002, 73.03818900000002, 57.56937300000001]","[0.0, 2.0, 1.0, 1.0, 1.0, 5.0, 2.0, 1.0, 0.0, 8.0, 2.0, 2.0, 0.0, 0.0, 0.0, 3.0]","[-8.0, 71.0, 19.0, 16.0, -12.0, 32.0, 12.0, 12.0, -14.0, 60.0, 17.0, 12.0, 34.0, -17.0, -1.0, 14.0]"
2,1791637611.542008,"[0.0007679999999936626, 25.752831000000015, 31.641527999999994, 32.52043800000001, 0.0007679999999936626, 63.45806999999999, 32.784110999999996, 32.784110999999996, 0.08865900000000693, 27.686432999999994, 31.026291000000015, 32.256765, 27.950106000000005, 92.37420900000001, 74.00498999999999, 58.53617400000002]","[0.0, 17.0, 3.0, 1.0, 1.0, 4.0, 3.0, 1.0, 1.0, 3.0, 1.0, 1.0, 1.0, -1.0, 1.0, 1.0]","[-9.0, 49.0, 20.0, 16.0, -12.0, 27.0, 12.0, 10.0, -15.0, 43.0, 17.0, 13.0, 40.0, -17.0, 0.0, 14.0]"
2,1791637611.7640417,"[0.0007679999999936626, 28.03799699999999, 32.87200200000001, 33.83880300000001, 0.0007679999999936626, 65.567454, 34.01458500000001, 33.926694, 0.08865900000000693, 27.774324000000007, 32.344656000000015, 33.399348, 28.03799699999999, 92.02264500000001, 75.05968200000001, 59.50297499999999]","[0.0, 2.0, 3.0, 3.0, 1.0, 1.0, 3.0, 5.0, 1.0, 1.0, 1.0, 2.0, 1.0, 0.0, 1.0, 1.0]","[-9.0, 49.0, 19.0, 16.0, -13.0, 26.0, 12.0, 11.0, -15.0, 54.0, 16.0, 13.0, 47.0, -16.0, -4.0, 13.0]"
2,1791637611.9908135,"[0.0007679999999936626, 28.03799699999999, 33.83880300000001, 34.62982199999999, 0.0007679999999936626, 67.76472900000002, 35.069277, 34.893495, 0.08865900000000693, 29.092689000000007, 33.48723899999999, 34.45403999999999, 28.389561000000015, 91.934754, 76.02648299999998, 60.645557999999994]","[0.0, 1.0, 1.0, 1.0, 1.0, 5.0, 2.0, 2.0, 1.0, 3.0, 4.0, 3.0, 1.0, -1.0, 1.0, 1.0]","[-8.0, 59.0, 19.0, 15.0, -12.0, 26.0, 11.0, 12.0, -15.0, 51.0, 15.0, 12.0, 46.0, -15.0, 0.0, 14.0]"
2,1791637612.2131712,"[0.0007679999999936626, 29.795817, 34.717713, 35.77240499999999, 0.0007679999999936626, 70.137786, 36.21186, 35.94818699999999, 0.08865900000000693, 29.092689000000007, 34.45403999999999, 35.15716800000001, 28.389561000000015, 91.75897200000003, 77.16906599999999, 61.70025000000001]","[0.0, 12.0, 1.0, 2.0, 1.0, 8.0, 4.0, 1.0, 1.0, 1.0, 1.0, 1.0, 1.0, 0.0, 1.0, 3.0]","[-8.0, 44.0, 19.0, 15.0, -12.0, 23.0, 11.0, 12.0, -14.0, 61.0, 14.0, 13.0, 45.0, -15.0, -10.0, 13.0]"
2,1791637612.4360564,"[0.0007679999999936626, 31.37785500000001, 36.21186, 36.739205999999996, 0.0007679999999936626, 72.59873400000001, 37.44233399999999, 36.914987999999994, 0.08865900000000693, 31.905201000000005, 35.596622999999994, 36.387642, 28.389561000000015, 91.75897200000003, 78.13586700000002, 62.667051000000015]","[0.0, 1.0, 4.0, 1.0, 0.0, 7.0, 3.0, 2.0, 1.0, 8.0, 3.0, 3.0, 1.0, 0.0, 1.0, 3.0]","[-9.0, 47.0, 17.0, 15.0, -12.0, 19.0, 11.0, 12.0, -14.0, 40.0, 16.0, 12.0, 47.0, -15.0, -10.0, 14.0]"
2,1791637612.660021,"[0.0007679999999936626, 31.37785500000001, 37.178661000000005, 37.618116000000015, 0.0007679999999936626, 74.620227, 38.497026000000005, 38.057570999999996, 0.08865900000000693, 32.344656000000015, 36.47553300000001, 37.178661000000005, 28.389561000000015, 91.75897200000003, 79.102668, 63.545961000000005]","[0.0, 0.0, 2.0, 2.0, 0.0, 3.0, 4.0, 1.0, 1.0, 1.0, 1.0, 1.0, 1.0, 0.0, 1.0, 1.0]","[-9.0, 58.0, 18.0, 16.0, -13.0, 21.0, 10.0, 11.0, -14.0, 47.0, 15.0, 13.0, 46.0, -15.0, -11.0, 14.0]"
2,1791637612.8829348,"[0.0007679999999936626, 33.31145699999999, 38.32124400000001, 38.32124400000001, 0.0007679999999936626, 76.72961099999998, 39.63960900000001, 39.11226300000001, 0.08865900000000693, 33.48723899999999, 37.706007, 38.40913499999999, 28.389561000000015, 91.67108100000002, 80.15735999999998, 64.600653]","[0.0, 6.0, 3.0, 1.0, 0.0, 4.0, 1.0, 3.0, 1.0, 2.0, 4.0, 3.0, 1.0, 0.0, 1.0, 1.0]","[-9.0, 45.0, 17.0, 17.0, -12.0, 18.0, 10.0, 12.0, -14.0, 45.0, 14.0, 12.0, 46.0, -15.0, -11.0, 13.0]"
2,1791637613.1090913,"[0.0007679999999936626, 33.48723899999999, 39.28804500000001, 39.46382700000001, 0.0007679999999936626, 79.102668, 40.694300999999996, 39.991173, 0.08865900000000693, 33.48723899999999, 38.672808, 38.497026000000005, 28.389561000000015, 91.58319, 80.15735999999998, 65.567454]","[1.0, 1.0, 1.0, 1.0, 0.0, 7.0, 1.0, 3.0, 1.0, 0.0, 1.0, 1.0, 1.0, 0.0, 1.0, 1.0]","[-8.0, 59.0, 17.0, 16.0, -12.0, 17.0, 9.0, 11.0, -14.0, 56.0, 15.0, 16.0, 46.0, -14.0, -11.0, 14.0]"
2,1791637613.3345494,"[0.0007679999999936626, 35.420840999999996, 40.43062800000001, 40.694300999999996, 0.0007679999999936626, 81.47572500000001, 41.661102, 40.870082999999994, 0.08865900000000693, 33.48723899999999, 39.72749999999999, 40.43062800000001, 28.389561000000015, 91.58319, 80.15735999999998, 66.62214600000001]","[1.0, 10.0, 4.0, 1.0, 0.0, 7.0, 1.0, 1.0, 1.0, 1.0, 4.0, 3.0, 1.0, 0.0, 1.0, 3.0]","[-9.0, 40.0, 16.0, 16.0, -12.0, 14.0, 10.0, 11.0, -14.0, 68.0, 14.0, 13.0, 46.0, -14.0, -10.0, 14.0]"
2,1791637613.558535,"[0.0007679999999936626, 36.563424, 41.661102, 41.48532, 0.0007679999999936626, 84.20034600000002, 42.891576000000015, 42.10055700000001, 0.08865900000000693, 37.00287900000001, 40.95797400000001, 41.573211000000015, 28.389561000000015, 91.58319, 80.15735999999998, 67.41316499999999]","[1.0, 2.0, 3.0, 3.0, 0.0, 7.0, 3.0, 2.0, 1.0, 10.0, 4.0, 2.0, 1.0, 0.0, 1.0, 2.0]","[-8.0, 44.0, 16.0, 16.0, -12.0, 13.0, 9.0, 10.0, -14.0, 38.0, 12.0, 12.0, 46.0, -14.0, -11.0, 15.0]"
2,1791637613.7796457,"[0.0007679999999936626, 37.00287900000001, 42.627903, 42.803685, 0.0007679999999936626, 86.22183899999999, 43.946268, 42.979467, 0.08865900000000693, 37.44233399999999, 42.012665999999996, 42.54001199999999, 28.389561000000015, 91.58319, 80.15735999999998, 68.46785700000001]","[1.0, 6.0, 1.0, 3.0, 0.0, 5.0, 3.0, 1.0, 1.0, 1.0, 1.0, 3.0, 1.0, 0.0, 1.0, 1.0]","[-9.0, 46.0, 16.0, 15.0, -12.0, 12.0, 0.0, 12.0, -14.0, 46.0, 12.0, 13.0, 47.0, -15.0, -10.0, 13.0]"
2,1791637614.0065036,"[0.0007679999999936626, 38.40913499999999, 43.770486000000005, 43.41892200000001, 0.0007679999999936626, 87.36442199999999, 44.38572300000001, 43.68259499999999, 0.08865900000000693, 38.14546200000001, 43.155249, 43.68259499999999, 28.389561000000015, 91.58319, 80.15735999999998, 69.874113]","[0.0, 0.0, 2.0, 1.0, 0.0, 1.0, 1.0, 2.0, 1.0, 1.0, 4.0, 2.0, 1.0, 0.0, 1.0, 2.0]","[-9.0, 44.0, 16.0, 16.0, -11.0, 17.0, 11.0, 12.0, -14.0, 49.0, 12.0, 11.0, 46.0, -16.0, -11.0, 13.0]"
2,1791637614.2305543,"[0.0007679999999936626, 40.07906399999999, 44.73728700000001, 44.825177999999994, 0.08865900000000693, 88.24333200000001, 44.56150500000001, 44.12205, 0.08865900000000693, 39.63960900000001, 44.12205, 44.825177999999994, 28.389561000000015, 91.58319, 80.15735999999998, 71.10458700000001]","[1.0, 4.0, 1.0, 4.0, 1.0, 2.0, 1.0, 1.0, 1.0, 8.0, 2.0, 4.0, 1.0, 0.0, 0.0, 1.0]","[-6.0, 37.0, 16.0, 14.0, -12.0, 20.0, 12.0, 14.0, -15.0, 41.0, 13.0, 11.0, 45.0, -15.0, -11.0, -14.0]"
2,1791637614.4522862,"[-0.08712299999999118, 40.166955, 45.791979, 45.791979, 0.0007679999999936626, 89.56169699999998, 44.73728700000001, 44.38572300000001, 0.08865900000000693, 41.48532, 45.088851000000005, 45.440415, 28.74112500000001, 91.58319, 80.245251, 72.159279]","[0.0, 1.0, 1.0, 1.0, 0.0, 1.0, 1.0, 1.0, 0.0, 3.0, 2.0, 3.0, 6.0, 0.0, 1.0, 1.0]","[0.0, 49.0, 16.0, 14.0, -12.0, 25.0, 16.0, 16.0, -14.0, 38.0, 13.0, 12.0, 38.0, -15.0, -11.0, -13.0]"
2,1791637614.67845,"[-0.08712299999999118, 41.836884, 46.75878, 47.19823500000001, 0.0007679999999936626, 89.73747900000001, 45.088851000000005, 44.91306900000001, 0.08865900000000693, 42.10055700000001, 46.143542999999994, 47.02245300000001, 28.829015999999996, 91.58319, 80.245251, 73.12608]","[0.0, 5.0, 2.0, 3.0, 0.0, 1.0, 1.0, 0.0, 1.0, 1.0, 2.0, 3.0, 1.0, 0.0, 1.0, 1.0]","[0.0, 39.0, 15.0, 14.0, -12.0, 31.0, 19.0, 19.0, -15.0, 40.0, 12.0, 11.0, 41.0, -15.0, -10.0, -14.0]"
2,1791637614.90245,"[-0.08712299999999118, 43.155249, 47.901363, 48.077145, 0.0007679999999936626, 89.91326099999998, 45.87987000000001, 45.616197, 0.17654999999999177, 43.41892200000001, 47.286125999999996, 47.81347199999999, 28.829015999999996, 91.58319, 80.33314200000001, 74.18077199999999]","[-1.0, 4.0, 4.0, 3.0, 0.0, 1.0, 1.0, 1.0, 1.0, 6.0, 1.0, 1.0, 1.0, 0.0, 0.0, 1.0]","[0.0, 38.0, 15.0, 14.0, -12.0, 33.0, 20.0, 19.0, -15.0, 37.0, 12.0, 12.0, 41.0, -15.0, -10.0, -14.0]"
2,1791637615.1260138,"[-0.08712299999999118, 44.56150500000001, 48.780272999999994, 49.219728, 0.0007679999999936626, 89.91326099999998, 45.87987000000001, 46.582998, 0.17654999999999177, 44.649395999999996, 48.428709, 48.95605499999999, 28.829015999999996, 91.58319, 80.33314200000001, 75.23546400000001]","[0.0, 2.0, 3.0, 5.0, 0.0, 1.0, 1.0, 1.0, 0.0, 3.0, 4.0, 2.0, 1.0, 0.0, 1.0, 1.0]","[0.0, 39.0, 16.0, 15.0, -12.0, 33.0, 26.0, 20.0, -13.0, 36.0, 12.0, 11.0, 41.0, -14.0, -10.0, -14.0]"
2,1791637615.3475351,"[-0.08712299999999118, 45.616197, 49.747074, 50.45020199999999, 0.0007679999999936626, 89.91326099999998, 47.02245300000001, 47.19823500000001, 0.08865900000000693, 46.05565200000001, 49.39551, 50.01074700000001, 28.829015999999996, 91.58319, 80.33314200000001, 76.37804699999998]","[1.0, 1.0, 1.0, 3.0, 0.0, 0.0, 1.0, 1.0, 0.0, 3.0, 3.0, 2.0, 1.0, 0.0, 1.0, 1.0]","[0.0, 36.0, 16.0, 13.0, -12.0, 33.0, 26.0, 24.0, -14.0, 31.0, 12.0, 11.0, 41.0, -14.0, -11.0, -14.0]"
2,1791637615.571701,"[-0.08712299999999118, 45.616197, 50.801766000000015, 51.32911200000001, 0.08865900000000693, 89.56169699999998, 46.934562, 47.19823500000001, 0.08865900000000693, 46.934562, 50.62598400000002, 50.889657, 28.829015999999996, 91.49529899999999, 80.33314200000001, 77.16906599999999]","[1.0, 1.0, 2.0, 3.0, 0.0, 1.0, 0.0, 1.0, 0.0, 2.0, 3.0, 2.0, 1.0, 0.0, 1.0, 1.0]","[0.0, 42.0, 15.0, 14.0, 1.0, 10.0, 10.0, 1.0, -14.0, 32.0, 12.0, 11.0, 41.0, -14.0, -11.0, -13.0]"
2,1791637615.7954972,"[-0.08712299999999118, 47.901363, 51.94434900000002, 52.383804, 0.08865900000000693, 89.56169699999998, 46.934562, 47.19823500000001, 0.08865900000000693, 47.02245300000001, 51.680676000000005, 51.94434900000002, 28.829015999999996, 91.49529899999999, 80.33314200000001, 78.13586700000002]","[0.0, 6.0, 2.0, 2.0, 1.0, 1.0, 0.0, 1.0, 0.0, 1.0, 4.0, 2.0, 1.0, 0.0, 1.0, 1.0]","[0.0, 31.0, 17.0, 15.0, 0.0, 10.0, 10.0, 0.0, -14.0, 42.0, 11.0, 11.0, 40.0, -14.0, -10.0, -10.0]"
2,1791637616.021183,"[0.0007679999999936626, 49.13183699999999, 52.999041000000005, 53.438496000000015, 0.08865900000000693, 89.56169699999998, 47.02245300000001, 47.19823500000001, 0.08865900000000693, 48.69238200000001, 52.559585999999996, 52.999041000000005, 28.829015999999996, 91.49529899999999, 80.33314200000001, 79.01477699999998]","[2.0, 3.0, 3.0, 4.0, 0.0, 1.0, 0.0, 1.0, 0.0, 8.0, 3.0, 4.0, 1.0, 1.0, 0.0, 1.0]","[-8.0, 30.0, 15.0, 14.0, 0.0, 9.0, 0.0, 0.0, -14.0, 32.0, 11.0, 10.0, 40.0, -14.0, -11.0, 0.0]"
2,1791637616.2455246,"[-0.08712299999999118, 50.01074700000001, 54.053732999999994, 54.317406000000005, 0.08865900000000693, 89.649588, 47.02245300000001, 47.19823500000001, 0.08865900000000693, 50.362311000000005, 53.61427800000001, 53.79006000000001, 28.829015999999996, 91.40740799999998, 80.245251, 79.893687]","[1.0, 3.0, 3.0, 4.0, 0.0, 0.0, 1.0, 1.0, 0.0, 2.0, 2.0, 1.0, 1.0, 0.0, 1.0, 1.0]","[-2.0, 32.0, 15.0, 14.0, 0.0, 10.0, 0.0, 0.0, -14.0, 30.0, 11.0, 11.0, 41.0, -14.0, -10.0, 14.0]"
2,1791637616.466768,"[-0.08712299999999118, 50.18652900000001, 55.196315999999996, 55.45998900000001, 0.08865900000000693, 89.649588, 47.02245300000001, 47.19823500000001, 0.08865900000000693, 51.241220999999996, 54.756861000000015, 55.020534, 28.829015999999996, 91.40740799999998, 80.245251, 80.59681499999999]","[0.0, 1.0, 3.0, 3.0, 0.0, 1.0, 1.0, 1.0, 1.0, 1.0, 3.0, 3.0, 1.0, 0.0, 0.0, 1.0]","[-3.0, 38.0, 15.0, 12.0, 0.0, 10.0, -5.0, 0.0, -14.0, 32.0, 11.0, 11.0, 41.0, -15.0, -11.0, 14.0]"
2,1791637616.6941452,"[0.0007679999999936626, 52.208022, 56.075226000000015, 56.338899, 0.08865900000000693, 89.73747900000001, 47.110344, 47.286125999999996, 0.17654999999999177, 51.680676000000005, 55.635771000000005, 55.89944400000002, 28.829015999999996, 91.40740799999998, 80.245251, 81.387834]","[0.0, 7.0, 1.0, 1.0, 0.0, 1.0, 1.0, 1.0, 1.0, 1.0, 2.0, 3.0, 1.0, 0.0, 0.0, 2.0]","[-1.0, 29.0, 15.0, 14.0, 0.0, 8.0, -10.0, -11.0, -14.0, 35.0, 11.0, 10.0, 41.0, -14.0, -11.0, 15.0]"
2,1791637616.9175758,"[0.0007679999999936626, 53.438496000000015, 57.129918, 57.21780900000002, 0.08865900000000693, 89.73747900000001, 47.110344, 47.286125999999996, 0.08865900000000693, 51.680676000000005, 56.514680999999996, 56.86624499999999, 28.829015999999996, 91.40740799999998, 80.245251, 81.91518000000002]","[0.0, 0.0, 1.0, 1.0, 0.0, 1.0, 1.0, 1.0, 0.0, 1.0, 2.0, 3.0, 1.0, 0.0, 0.0, 1.0]","[-5.0, 29.0, 15.0, 15.0, 0.0, 11.0, -10.0, -9.0, -14.0, 44.0, 11.0, 11.0, 41.0, -14.0, -11.0, 15.0]"
2,1791637617.138897,"[-0.08712299999999118, 54.756861000000015, 58.448283, 58.272501000000005, 0.08865900000000693, 89.82537000000002, 47.110344, 47.286125999999996, 0.08865900000000693, 54.317406000000005, 57.74515500000001, 57.92093700000001, 28.829015999999996, 91.40740799999998, 80.245251, 82.96987200000001]","[0.0, 1.0, 4.0, 4.0, 0.0, 1.0, 1.0, 1.0, 0.0, 9.0, 3.0, 4.0, 1.0, 0.0, 0.0, 1.0]","[-5.0, 29.0, 14.0, 14.0, 0.0, 0.0, -10.0, -11.0, -14.0, 29.0, 11.0, 10.0, 41.0, -14.0, -10.0, 15.0]"
2,1791637617.3640227,"[0.0007679999999936626, 55.811553, 59.590866000000005, 59.23930200000001, 0.08865900000000693, 89.82537000000002, 47.110344, 47.286125999999996, 0.08865900000000693, 55.54787999999999, 58.88773800000001, 58.88773800000001, 28.829015999999996, 91.40740799999998, 80.245251, 83.84878200000003]","[0.0, 2.0, 2.0, 1.0, 0.0, 1.0, 1.0, 1.0, 0.0, 1.0, 3.0, 2.0, 1.0, 0.0, 0.0, 1.0]","[-6.0, 27.0, 14.0, 14.0, 0.0, 0.0, -9.0, -10.0, -15.0, 29.0, 11.0, 11.0, 41.0, -14.0, -11.0, 16.0]"
2,1791637617.5900364,"[0.0007679999999936626, 56.77835400000001, 59.590866000000005, 60.20610300000001, 0.08865900000000693, 89.82537000000002, 47.110344, 47.286125999999996, 0.08865900000000693, 55.987335, 59.06352000000001, 59.94243, 28.829015999999996, 91.40740799999998, 80.245251, 84.72769199999999]","[1.0, 5.0, 1.0, 4.0, 0.0, 1.0, 1.0, 1.0, 0.0, 1.0, 0.0, 2.0, 1.0, 0.0, 0.0, 1.0]","[-9.0, 27.0, 14.0, 14.0, 0.0, 0.0, -10.0, -11.0, -14.0, 33.0, 11.0, 11.0, 40.0, -14.0, -10.0, 16.0]"
2,1791637617.8108494,"[-0.08712299999999118, 58.008827999999994, 59.590866000000005, 61.348686000000015, 0.08865900000000693, 89.82537000000002, 47.110344, 47.286125999999996, 0.08865900000000693, 55.987335, 59.06352000000001, 60.909231000000005, 28.829015999999996, 91.31951700000002, 80.245251, 85.69449300000002]","[0.0, 2.0, 1.0, 3.0, 0.0, 1.0, 1.0, 1.0, 0.0, 1.0, 1.0, 3.0, 1.0, 0.0, 0.0, 1.0]","[-1.0, 25.0, 14.0, 14.0, 0.0, 0.0, -10.0, -10.0, -15.0, 41.0, 10.0, 11.0, 41.0, -13.0, -11.0, 15.0]"
2,1791637618.0368228,"[0.0007679999999936626, 58.975629, 59.590866000000005, 62.13970499999999, 0.08865900000000693, 89.82537000000002, 47.110344, 47.286125999999996, 0.08865900000000693, 57.56937300000001, 59.327192999999994, 61.87603200000001, 28.829015999999996, 91.31951700000002, 80.245251, 86.661294]","[0.0, 3.0, 1.0, 1.0, 0.0, 1.0, 1.0, 1.0, 0.0, 1.0, 1.0, 2.0, 1.0, 0.0, 0.0, 2.0]","[-5.0, 26.0, 13.0, 14.0, 0.0, 0.0, -10.0, -10.0, -14.0, 36.0, 10.0, 11.0, 40.0, -13.0, -10.0, 16.0]"
2,1791637618.2597733,"[0.0007679999999936626, 59.766648, 59.67875699999999, 63.282287999999994, 0.08865900000000693, 89.82537000000002, 47.110344, 47.286125999999996, 0.08865900000000693, 59.85453900000002, 59.41508400000001, 63.01861500000001, 28.829015999999996, 91.31951700000002, 80.245251, 87.452313]","[0.0, 1.0, 2.0, 4.0, 0.0, 1.0, 1.0, 1.0, 0.0, 8.0, 2.0, 2.0, 1.0, 0.0, 0.0, 4.0]","[-7.0, 28.0, 13.0, 14.0, 0.0, 0.0, -10.0, -10.0, -14.0, 25.0, 10.0, 10.0, 40.0, -13.0, -11.0, 16.0]"
2,1791637618.486205,"[-0.08712299999999118, 60.645557999999994, 59.67875699999999, 64.249089, 0.08865900000000693, 89.82537000000002, 47.110344, 47.286125999999996, 0.08865900000000693, 60.73344900000001, 59.41508400000001, 63.80963400000002, 28.829015999999996, 91.31951700000002, 80.245251, 88.41911399999998]","[1.0, 5.0, 1.0, 1.0, 0.0, 1.0, 1.0, 1.0, 0.0, 1.0, 1.0, 1.0, 1.0, 0.0, 0.0, 1.0]","[-3.0, 23.0, 14.0, 15.0, 0.0, 0.0, -10.0, -11.0, -13.0, 27.0, 10.0, 11.0, 41.0, -14.0, -10.0, 16.0]"
2,1791637618.7096,"[0.0007679999999936626, 62.227596000000005, 59.766648, 65.21589, 0.08865900000000693, 89.82537000000002, 47.110344, 47.286125999999996, 0.08865900000000693, 61.87603200000001, 59.41508400000001, 64.864326, 28.829015999999996, 91.31951700000002, 80.245251, 89.47380600000002]","[0.0, 4.0, 1.0, 2.0, 0.0, 1.0, 1.0, 1.0, 0.0, 3.0, 1.0, 2.0, 1.0, 0.0, 0.0, 1.0]","[-6.0, 20.0, 13.0, 14.0, 0.0, 0.0, -10.0, -10.0, -14.0, 26.0, 10.0, 12.0, 41.0, -14.0, -11.0, 16.0]"
2,1791637618.9329581,"[0.0007679999999936626, 63.545961000000005, 59.85453900000002, 66.358473, 0.08865900000000693, 89.82537000000002, 47.110344, 47.286125999999996, 0.08865900000000693, 63.19439700000001, 59.41508400000001, 66.00690900000001, 28.829015999999996, 91.31951700000002, 80.245251, 90.52849800000001]","[1.0, 3.0, 1.0, 3.0, 0.0, 1.0, 1.0, 1.0, 0.0, 4.0, 1.0, 1.0, 1.0, 0.0, 0.0, 4.0]","[-8.0, 21.0, 13.0, 14.0, 0.0, 0.0, -10.0, -10.0, -14.0, 24.0, 10.0, 12.0, 41.0, -13.0, -11.0, 15.0]"
2,1791637619.1580987,"[0.0007679999999936626, 64.33698000000001, 59.85453900000002, 67.32527400000001, 0.08865900000000693, 89.82537000000002, 47.110344, 47.286125999999996, 0.08865900000000693, 64.249089, 59.41508400000001, 66.885819, 28.829015999999996, 91.31951700000002, 80.245251, 91.40740799999998]","[0.0, 1.0, 1.0, 2.0, 0.0, 0.0, 1.0, 1.0, 0.0, 2.0, 1.0, 1.0, 1.0, 0.0, 0.0, 3.0]","[-8.0, 23.0, 14.0, 13.0, 0.0, 0.0, -10.0, -11.0, -14.0, 23.0, 11.0, 11.0, 41.0, -13.0, -11.0, 16.0]"
2,1791637619.3818817,"[0.0007679999999936626, 65.391672, 59.85453900000002, 68.29207500000001, 0.08865900000000693, 89.82537000000002, 47.110344, 47.286125999999996, 0.08865900000000693, 65.47956300000001, 59.41508400000001, 68.028402, 28.829015999999996, 91.31951700000002, 80.245251, 92.02264500000001]","[1.0, 3.0, 1.0, 1.0, 0.0, 0.0, 1.0, 1.0, 0.0, 2.0, 1.0, 3.0, 1.0, 0.0, 1.0, 1.0]","[-8.0, 23.0, 13.0, 15.0, 0.0, 0.0, -10.0, -10.0, -14.0, 21.0, 10.0, 11.0, 41.0, -13.0, -11.0, 17.0]"
2,1791637619.603532,"[0.0007679999999936626, 66.79792800000001, 59.85453900000002, 69.25887600000001, 0.08865900000000693, 89.82537000000002, 47.110344, 47.286125999999996, 0.08865900000000693, 66.182691, 59.41508400000001, 68.819421, 28.829015999999996, 91.231626, 80.245251, 93.077337]","[0.0, 2.0, 1.0, 2.0, 0.0, 0.0, 1.0, 1.0, 0.0, 1.0, 1.0, 1.0, 1.0, 0.0, 0.0, 1.0]","[-6.0, 19.0, 13.0, 14.0, 0.0, 0.0, -10.0, -10.0, -14.0, 25.0, 10.0, 11.0, 40.0, -13.0, -10.0, 18.0]"
2,1791637619.829993,"[0.0007679999999936626, 67.14949200000001, 59.85453900000002, 70.313568, 0.08865900000000693, 89.82537000000002, 47.110344, 47.286125999999996, 0.08865900000000693, 67.501056, 59.41508400000001, 69.874113, 28.829015999999996, 91.231626, 80.15735999999998, 93.428901]","[1.0, 6.0, 1.0, 3.0, 0.0, 0.0, 1.0, 1.0, 0.0, 5.0, 0.0, 3.0, 1.0, 0.0, 0.0, 1.0]","[-5.0, 20.0, 13.0, 14.0, 0.0, 0.0, -11.0, -9.0, -14.0, 21.0, 10.0, 11.0, 41.0, -13.0, -6.0, 20.0]"
2,1791637620.0543182,"[0.0007679999999936626, 68.90731199999999, 59.85453900000002, 71.28036900000001, 0.08865900000000693, 89.82537000000002, 47.110344, 47.286125999999996, 0.08865900000000693, 69.08309400000002, 59.41508400000001, 71.016696, 28.829015999999996, 91.14373499999999, 79.98157800000001, 93.78046499999999]","[1.0, 2.0, 1.0, 3.0, 0.0, 0.0, 0.0, 1.0, 1.0, 3.0, 0.0, 3.0, 1.0, 0.0, 0.0, 1.0]","[-6.0, 19.0, 14.0, 13.0, 0.0, 0.0, -10.0, -11.0, -14.0, 20.0, 10.0, 11.0, 41.0, -13.0, 9.0, 25.0]"
2,1791637620.2745423,"[-0.08712299999999118, 69.61044000000001, 59.85453900000002, 72.335061, 0.08865900000000693, 89.82537000000002, 47.110344, 47.286125999999996, 0.08865900000000693, 69.874113, 59.41508400000001, 71.983497, 28.565343000000013, 91.231626, 79.98157800000001, 93.78046499999999]","[0.0, 2.0, 0.0, 2.0, 0.0, 0.0, 0.0, 1.0, 0.0, 1.0, 0.0, 3.0, 0.0, -1.0, 0.0, 1.0]","[-1.0, 20.0, 13.0, 14.0, 0.0, 0.0, -10.0, -11.0, -15.0, 19.0, 10.0, 11.0, 9.0, 8.0, 10.0, 0.0]"
2,1791637620.499538,"[0.0007679999999936626, 71.36825999999999, 59.85453900000002, 73.12608, 0.08865900000000693, 89.82537000000002, 47.110344, 47.286125999999996, 0.08865900000000693, 70.75302300000001, 59.41508400000001, 72.510843, 28.565343000000013, 91.231626, 79.98157800000001, 93.78046499999999]","[1.0, 5.0, 1.0, 1.0, 0.0, 0.0, 0.0, 1.0, 1.0, 1.0, 0.0, 5.0, 0.0, 1.0, 0.0, 0.0]","[-9.0, 16.0, 11.0, 15.0, 0.0, 0.0, -9.0, -11.0, -15.0, 20.0, 10.0, 11.0, 10.0, 2.0, 10.0, 0.0]"
2,1791637620.7232864,"[-0.08712299999999118, 72.24717000000001, 59.94243, 74.35655400000002, 0.08865900000000693, 89.82537000000002, 47.110344, 47.286125999999996, 0.08865900000000693, 71.983497, 59.41508400000001, 73.829208, 28.565343000000013, 91.14373499999999, 79.98157800000001, 93.78046499999999]","[0.0, 1.0, 1.0, 3.0, 0.0, 0.0, 0.0, 1.0, 0.0, 3.0, 0.0, 1.0, 0.0, 0.0, 0.0, 1.0]","[-6.0, 17.0, 2.0, 13.0, 0.0, 0.0, -9.0, -11.0, -15.0, 19.0, 10.0, 11.0, 10.0, 4.0, 9.0, 0.0]"
2,1791637620.9467213,"[-0.08712299999999118, 73.38975300000001, 59.85453900000002, 75.23546400000001, 0.08865900000000693, 89.82537000000002, 47.110344, 47.286125999999996, 0.08865900000000693, 73.21397100000002, 59.41508400000001, 74.796009, 28.565343000000013, 91.231626, 79.98157800000001, 93.78046499999999]","[-1.0, 2.0, 1.0, 2.0, 0.0, 0.0, 0.0, 1.0, 1.0, 2.0, 1.0, 1.0, 0.0, 0.0, 0.0, 1.0]","[0.0, 16.0, 10.0, 14.0, 0.0, 0.0, -10.0, -11.0, -14.0, 18.0, 10.0, 10.0, 9.0, 0.0, 10.0, 0.0]"
2,1791637621.1703005,"[0.0007679999999936626, 74.444445, 59.85453900000002, 76.29015600000002, 0.08865900000000693, 89.82537000000002, 47.110344, 47.286125999999996, 0.17654999999999177, 74.18077199999999, 59.41508400000001, 75.85070100000002, 28.565343000000013, 91.231626, 79.98157800000001, 93.78046499999999]","[1.0, 2.0, 0.0, 2.0, 0.0, 0.0, 0.0, 1.0, 1.0, 1.0, 1.0, 3.0, 0.0, 0.0, 0.0, 1.0]","[-6.0, 18.0, 1.0, 14.0, 0.0, 0.0, -10.0, -11.0, -15.0, 18.0, 9.0, 12.0, 10.0, 1.0, 10.0, 0.0]"
2,1791637621.3979013,"[0.0007679999999936626, 75.587028, 59.94243, 77.34484800000001, 0.08865900000000693, 89.82537000000002, 47.110344, 47.286125999999996, 0.08865900000000693, 74.53233600000002, 59.41508400000001, 76.905393, 28.477452, 91.231626, 80.06946900000003, 93.78046499999999]","[1.0, 3.0, 0.0, 3.0, 0.0, 0.0, 0.0, 1.0, 0.0, 1.0, 1.0, 2.0, 0.0, 0.0, 1.0, 1.0]","[-9.0, 15.0, 0.0, 14.0, 0.0, 0.0, -10.0, -11.0, -14.0, 22.0, 9.0, 11.0, 9.0, 0.0, 0.0, 0.0]"
2,1791637621.6198478,"[0.0007679999999936626, 76.81750199999999, 59.94243, 78.13586700000002, 0.08865900000000693, 89.82537000000002, 47.110344, 47.286125999999996, 0.08865900000000693, 75.49913699999999, 59.41508400000001, 77.69641200000001, 28.477452, 91.231626, 80.06946900000003, 93.69257399999998]","[0.0, 3.0, 1.0, 1.0, 0.0, 0.0, 0.0, 1.0, 0.0, 1.0, 0.0, 1.0, 0.0, 0.0, 1.0, 0.0]","[-7.0, 16.0, 0.0, 15.0, 0.0, 0.0, -10.0, -11.0, -14.0, 21.0, 9.0, 12.0, 8.0, 0.0, 0.0, 2.0]"
2,1791637621.8423245,"[-0.08712299999999118, 77.87219399999998, 59.94243, 79.01477699999998, 0.08865900000000693, 89.82537000000002, 47.110344, 47.286125999999996, 0.08865900000000693, 77.256957, 59.41508400000001, 78.751104, 28.477452, 91.231626, 80.06946900000003, 93.78046499999999]","[0.0, 4.0, 1.0, 1.0, 0.0, 0.0, 0.0, 1.0, 1.0, 6.0, 0.0, 2.0, 0.0, 0.0, 1.0, 1.0]","[-1.0, 15.0, 0.0, 14.0, 0.0, 0.0, -10.0, -10.0, -15.0, 17.0, 9.0, 12.0, 9.0, 7.0, 0.0, 0.0]"
2,1791637622.069807,"[-0.08712299999999118, 78.751104, 59.94243, 80.245251, 0.08865900000000693, 89.82537000000002, 47.110344, 47.286125999999996, 0.17654999999999177, 78.48743100000002, 59.50297499999999, 79.71790500000003, 28.477452, 91.231626, 80.06946900000003, 93.78046499999999]","[1.0, 1.0, 1.0, 3.0, 0.0, 0.0, 1.0, 1.0, 1.0, 1.0, 0.0, 4.0, 0.0, 1.0, 1.0, 0.0]","[-4.0, 16.0, 0.0, 14.0, 0.0, 0.0, -10.0, -10.0, -14.0, 17.0, 10.0, 11.0, 10.0, 0.0, 0.0, 0.0]"
2,1791637622.293825,"[-0.08712299999999118, 80.15735999999998, 59.94243, 81.12416100000002, 0.08865900000000693, 89.82537000000002, 47.110344, 47.286125999999996, 0.17654999999999177, 79.19055900000001, 59.50297499999999, 80.684706, 28.477452, 91.231626, 80.06946900000003, 93.78046499999999]","[1.0, 4.0, 1.0, 4.0, 0.0, 0.0, 0.0, 1.0, 1.0, 1.0, 0.0, 2.0, 0.0, 0.0, 1.0, 1.0]","[-1.0, 14.0, 0.0, 14.0, 0.0, 0.0, -10.0, -10.0, -14.0, 18.0, 9.0, 12.0, 10.0, 0.0, 0.0, 0.0]"
2,1791637622.5178044,"[0.0007679999999936626, 81.29994299999998, 59.94243, 82.09096199999999, 0.08865900000000693, 89.82537000000002, 47.110344, 47.286125999999996, 0.17654999999999177, 80.42103300000002, 59.50297499999999, 81.47572500000001, 28.477452, 91.231626, 80.06946900000003, 93.78046499999999]","[0.0, 3.0, 1.0, 2.0, 0.0, 0.0, 0.0, 1.0, 1.0, 5.0, 1.0, 1.0, 0.0, 0.0, 1.0, 1.0]","[-3.0, 14.0, 0.0, 14.0, 0.0, 0.0, -10.0, -11.0, -15.0, 17.0, 10.0, 12.0, 9.0, 0.0, 0.0, 0.0]"
2,1791637622.7390034,"[-0.08712299999999118, 82.26674400000002, 59.94243, 83.14565399999998, 0.08865900000000693, 89.82537000000002, 47.110344, 47.286125999999996, 0.17654999999999177, 81.65150699999998, 59.50297499999999, 82.70619900000003, 28.477452, 91.231626, 80.06946900000003, 93.78046499999999]","[0.0, 3.0, 1.0, 2.0, 0.0, 0.0, 0.0, 1.0, 2.0, 1.0, 1.0, 1.0, 0.0, 1.0, 1.0, 1.0]","[0.0, 14.0, 0.0, 13.0, 0.0, 0.0, -9.0, -10.0, -15.0, 16.0, 10.0, 12.0, 10.0, 0.0, 0.0, 0.0]"
2,1791637622.9658008,"[-0.08712299999999118, 83.321436, 59.94243, 84.024564, 0.08865900000000693, 89.82537000000002, 47.110344, 47.286125999999996, 0.08865900000000693, 82.881981, 59.50297499999999, 83.84878200000003, 28.477452, 91.231626, 80.06946900000003, 93.78046499999999]","[1.0, 1.0, 1.0, 1.0, 0.0, 0.0, 0.0, 1.0, 1.0, 3.0, 1.0, 2.0, 0.0, 0.0, 1.0, 1.0]","[0.0, 14.0, 0.0, 14.0, 0.0, 0.0, -10.0, -10.0, -15.0, 15.0, 9.0, 11.0, 9.0, 3.0, 0.0, 0.0]"
2,1791637623.1886482,"[0.0007679999999936626, 84.55191000000002, 59.94243, 85.167147, 0.08865900000000693, 89.82537000000002, 47.110344, 47.286125999999996, 0.17654999999999177, 83.76089100000002, 59.50297499999999, 84.815583, 28.477452, 91.231626, 80.06946900000003, 93.78046499999999]","[0.0, 3.0, 1.0, 4.0, 0.0, 0.0, 0.0, 1.0, 0.0, 1.0, 1.0, 3.0, 0.0, 0.0, 1.0, 1.0]","[-3.0, 13.0, 0.0, 14.0, 0.0, 0.0, -11.0, -10.0, -14.0, 16.0, 10.0, 11.0, 10.0, 1.0, 0.0, 0.0]"
2,1791637623.4137185,"[-0.08712299999999118, 85.60660200000001, 59.94243, 86.13394799999998, 0.08865900000000693, 89.82537000000002, 47.110344, 47.286125999999996, 0.17654999999999177, 84.46401900000001, 59.50297499999999, 85.518711, 28.477452, 91.231626, 80.06946900000003, 93.78046499999999]","[1.0, 3.0, 1.0, 3.0, 0.0, 0.0, 1.0, 1.0, 1.0, 2.0, 1.0, 3.0, 0.0, 0.0, 1.0, 1.0]","[-1.0, 13.0, 0.0, 15.0, 0.0, 0.0, -10.0, -11.0, -14.0, 17.0, 9.0, 11.0, 10.0, 0.0, 0.0, 0.0]"
2,1791637623.6377556,"[-0.08712299999999118, 86.13394799999998, 59.94243, 86.83707600000002, 0.08865900000000693, 89.91326099999998, 47.110344, 47.286125999999996, 0.17654999999999177, 85.43081999999998, 59.50297499999999, 86.661294, 28.477452, 91.231626, 80.06946900000003, 93.78046499999999]","[0.0, 1.0, 1.0, 1.0, 0.0, 1.0, 0.0, 1.0, 0.0, 1.0, 1.0, 1.0, 0.0, 1.0, 1.0, 1.0]","[0.0, 16.0, 0.0, 16.0, 0.0, -11.0, -10.0, -10.0, -14.0, 18.0, 9.0, 11.0, 10.0, 0.0, 0.0, 0.0]"
2,1791637623.8616977,"[-0.08712299999999118, 86.30973, 59.94243, 87.452313, 0.0007679999999936626, 89.91326099999998, 47.110344, 47.286125999999996, 0.17654999999999177, 86.39762100000002, 59.50297499999999, 87.54020400000002, 28.477452, 91.231626, 80.06946900000003, 93.78046499999999]","[0.0, 3.0, 1.0, 1.0, 0.0, 1.0, 1.0, 1.0, 1.0, 1.0, 1.0, 1.0, 0.0, 1.0, 1.0, 1.0]","[0.0, 19.0, 0.0, 16.0, 7.0, -10.0, -10.0, -10.0, -15.0, 18.0, 9.0, 13.0, 10.0, 0.0, 0.0, 0.0]"
2,1791637624.085714,"[-0.08712299999999118, 86.661294, 59.94243, 87.89176800000001, 0.0007679999999936626, 89.91326099999998, 47.110344, 47.286125999999996, 0.08865900000000693, 86.57340299999998, 59.50297499999999, 87.89176800000001, 28.477452, 91.231626, 80.06946900000003, 93.78046499999999]","[0.0, 1.0, 0.0, 1.0, 0.0, 0.0, 0.0, 0.0, 0.0, 1.0, 1.0, 1.0, 0.0, 1.0, 1.0, 0.0]","[0.0, 20.0, 0.0, 18.0, 11.0, -11.0, -10.0, -9.0, -14.0, 23.0, 9.0, 14.0, 10.0, 1.0, 0.0, 0.0]"
2,1791637624.3095868,"[-0.08712299999999118, 86.74918500000001, 59.94243, 87.89176800000001, 0.0007679999999936626, 90.00115199999999, 47.110344, 47.286125999999996, 0.08865900000000693, 87.10074900000001, 59.50297499999999, 88.155441, 28.477452, 91.231626, 80.06946900000003, 93.78046499999999]","[0.0, 1.0, 0.0, 1.0, 0.0, 1.0, 0.0, 1.0, 0.0, 1.0, 1.0, 1.0, 0.0, 0.0, 1.0, 1.0]","[0.0, 25.0, 1.0, 18.0, 12.0, -10.0, -10.0, -10.0, -14.0, 25.0, 9.0, 14.0, 9.0, 0.0, 0.0, 0.0]"
2,1791637624.5324292,"[-0.08712299999999118, 87.452313, 59.94243, 88.41911399999998, 0.0007679999999936626, 90.089043, 47.110344, 47.286125999999996, 0.08865900000000693, 87.452313, 59.50297499999999, 88.155441, 28.477452, 91.231626, 80.06946900000003, 93.78046499999999]","[0.0, 1.0, 1.0, 2.0, 1.0, 1.0, 0.0, 1.0, 0.0, 1.0, 1.0, 1.0, 0.0, 1.0, 1.0, 1.0]","[8.0, 29.0, 0.0, 16.0, 11.0, -10.0, -10.0, -11.0, -14.0, 29.0, 9.0, 14.0, 10.0, 0.0, 0.0, 0.0]"
2,1791637624.7548907,"[-0.08712299999999118, 87.89176800000001, 59.766648, 88.68278700000002, 0.0007679999999936626, 90.089043, 47.110344, 47.286125999999996, 0.08865900000000693, 87.452313, 59.50297499999999, 88.155441, 28.477452, 91.231626, 80.06946900000003, 93.78046499999999]","[0.0, 1.0, 0.0, 1.0, 0.0, 1.0, 0.0, 1.0, 0.0, 1.0, 1.0, 1.0, 0.0, 1.0, 1.0, 1.0]","[9.0, 33.0, 13.0, 17.0, 12.0, -11.0, -11.0, -10.0, -14.0, 38.0, 9.0, 14.0, 10.0, 0.0, 0.0, 0.0]"
2,1791637624.9790905,"[-0.08712299999999118, 87.89176800000001, 59.766648, 88.68278700000002, 0.0007679999999936626, 90.17693400000002, 47.110344, 47.286125999999996, 0.08865900000000693, 88.33122300000002, 59.41508400000001, 88.155441, 28.477452, 91.231626, 80.06946900000003, 93.78046499999999]","[0.0, 1.0, 0.0, 1.0, 0.0, 1.0, 1.0, 0.0, 0.0, 2.0, 0.0, 1.0, 0.0, 0.0, 1.0, 0.0]","[8.0, 42.0, 13.0, 17.0, 11.0, -11.0, -10.0, -11.0, -14.0, 37.0, 10.0, 14.0, 9.0, 0.0, 0.0, 0.0]"
2,1791637625.204001,"[-0.08712299999999118, 88.41911399999998, 59.766648, 88.77067799999998, 0.0007679999999936626, 90.17693400000002, 47.110344, 47.286125999999996, 0.08865900000000693, 88.41911399999998, 59.41508400000001, 88.155441, 28.477452, 91.231626, 80.06946900000003, 93.78046499999999]","[0.0, 1.0, 0.0, 1.0, 0.0, 1.0, 0.0, 1.0, 0.0, 1.0, 0.0, 1.0, 0.0, 1.0, 1.0, 1.0]","[8.0, 44.0, 14.0, 15.0, 11.0, -11.0, -11.0, -10.0, -14.0, 47.0, 11.0, 13.0, 10.0, 0.0, 0.0, 0.0]"
3,1791637627.2199924,"[-0.08712299999999118, -4.92112800000001, -1.1418150000000082, -0.35079600000000255, -0.08712299999999118, -5.4484740000000045, 0.0007679999999936626, -0.4386869999999874, 0.0007679999999936626, -5.4484740000000045, -1.1418150000000082, 0.0007679999999936626, -2.196506999999997, 178.41949799999998, 39.991173, 25.40126699999999]","[1.0, 1.0, 1.0, 0.0, 1.0, 1.0, 0.0, 0.0, 1.0, 1.0, 1.0, 1.0, 0.0, 0.0, 0.0, 0.0]","[0.0, 31.0, 15.0, 14.0, 0.0, 36.0, -10.0, 11.0, -14.0, 37.0, 11.0, -9.0, 15.0, 16.0, 0.0, -15.0]"
3,1791637627.4440386,"[-0.5265780000000007, -4.833236999999997, -0.790251000000012, -0.08712299999999118, -0.08712299999999118, -5.096910000000008, 0.6160050000000012, -0.35079600000000255, 0.7917869999999994, -4.92112800000001, -1.1418150000000082, 0.26444100000000503, -2.196506999999997, 178.06793399999998, 40.07906399999999, 25.577048999999988]","[0.0, 1.0, 1.0, 1.0, 1.0, 4.0, 1.0, 0.0, 1.0, 1.0, 1.0, 1.0, 0.0, 0.0, 1.0, 1.0]","[-10.0, 48.0, 18.0, 15.0, 0.0, 48.0, 10.0, 13.0, 13.0, 51.0, 13.0, 10.0, 19.0, -12.0, 12.0, 14.0]"
3,1791637627.6677947,"[-1.3175970000000063, -3.514871999999997, -0.08712299999999118, 0.528113999999988, -0.08712299999999118, -3.7785450000000083, 1.2312420000000088, 0.3523319999999899, 0.8796780000000126, -4.92112800000001, -0.790251000000012, 0.26444100000000503, -2.196506999999997, 177.71636999999998, 40.07906399999999, 26.368067999999994]","[0.0, 2.0, 3.0, 1.0, 1.0, 1.0, 1.0, 1.0, 2.0, 1.0, 4.0, 1.0, -1.0, 0.0, 1.0, 3.0]","[-10.0, 57.0, 18.0, 16.0, 0.0, 55.0, 11.0, 13.0, 15.0, 74.0, 16.0, 13.0, 27.0, -25.0, 14.0, 14.0]"
3,1791637627.8921082,"[-2.4601800000000082, -1.3175970000000063, 0.8796780000000126, 1.582806000000005, -0.08712299999999118, -1.8449430000000007, 2.0222610000000145, 1.407024000000007, 2.901171000000005, -1.9328339999999855, 0.08865900000000693, 0.7917869999999994, -2.196506999999997, 176.83746000000002, 41.573211000000015, 27.159087]","[-1.0, 3.0, 1.0, 2.0, 1.0, 6.0, 2.0, 2.0, 3.0, 6.0, 1.0, 1.0, -1.0, -1.0, 4.0, 1.0]","[-9.0, 53.0, 19.0, 15.0, 0.0, 53.0, 12.0, 14.0, 14.0, 63.0, 16.0, 15.0, 33.0, -38.0, 12.0, 15.0]"
3,1791637628.1134582,"[-3.426981000000012, 0.3523319999999899, 1.7585880000000031, 2.3738250000000107, -0.08712299999999118, 0.528113999999988, 2.6374979999999937, 2.1101519999999994, 2.901171000000005, 0.17654999999999177, 1.2312420000000088, 2.0222610000000145, -2.108616000000012, 173.32182, 42.188447999999994, 28.125888000000003]","[-1.0, 1.0, 1.0, 1.0, 1.0, 5.0, 1.0, 2.0, 1.0, 1.0, 3.0, 3.0, 0.0, -3.0, 1.0, 2.0]","[-10.0, 57.0, 20.0, 16.0, 0.0, 50.0, 12.0, 13.0, 16.0, 58.0, 16.0, 15.0, 41.0, -34.0, 14.0, 14.0]"
3,1791637628.337372,"[-4.393781999999987, 0.3523319999999899, 2.813279999999992, 3.6042989999999975, -0.08712299999999118, 2.0222610000000145, 3.5164080000000126, 3.164843999999988, 4.746881999999999, 0.528113999999988, 1.846478999999988, 2.98906199999999, -0.6144689999999855, 169.894071, 43.331030999999996, 29.268471000000005]","[0.0, 1.0, 2.0, 4.0, 1.0, 1.0, 1.0, 1.0, 2.0, 1.0, 1.0, 1.0, 9.0, -5.0, 4.0, 3.0]","[-9.0, 76.0, 18.0, 15.0, 0.0, 61.0, 13.0, 14.0, 14.0, 82.0, 16.0, 14.0, 31.0, -30.0, 12.0, 14.0]"
3,1791637628.5626702,"[-5.360582999999991, 4.30742699999999, 3.7800809999999956, 3.6042989999999975, -0.08712299999999118, 4.131644999999992, 4.483208999999988, 4.30742699999999, 5.713683000000003, 4.483208999999988, 2.98906199999999, 4.043754000000007, 0.6160050000000012, 168.31203299999999, 44.56150500000001, 29.35636199999999]","[-1.0, 8.0, 3.0, 1.0, 1.0, 5.0, 2.0, 1.0, 2.0, 10.0, 5.0, 1.0, 1.0, 0.0, 4.0, 1.0]","[-10.0, 54.0, 19.0, 20.0, 0.0, 61.0, 14.0, 13.0, 14.0, 54.0, 17.0, 14.0, 30.0, -42.0, 13.0, 15.0]"
3,1791637628.7871535,"[-5.975819999999999, 5.362119000000007, 4.6589910000000145, 5.62579199999999, -0.08712299999999118, 6.153138000000013, 5.362119000000007, 5.186337000000009, 6.416810999999996, 4.6589910000000145, 3.867972000000009, 4.834773000000013, 1.6706969999999899, 164.708502, 45.440415, 29.35636199999999]","[0.0, 8.0, 1.0, 4.0, 1.0, 1.0, 3.0, 3.0, 4.0, 1.0, 0.0, 1.0, 1.0, -9.0, 5.0, 0.0]","[-10.0, 58.0, 21.0, 15.0, 0.0, 61.0, 14.0, 14.0, 14.0, 80.0, 17.0, 14.0, 34.0, -36.0, 14.0, 14.0]"
3,1791637629.0133214,"[-7.2062939999999855, 8.614086000000015, 5.889465000000001, 6.768374999999992, -0.08712299999999118, 7.998849000000007, 6.416810999999996, 6.2410289999999975, 7.735175999999996, 8.526195000000001, 5.098445999999996, 6.153138000000013, 2.901171000000005, 161.45653500000003, 46.67088899999999, 29.35636199999999]","[0.0, 5.0, 1.0, 2.0, 1.0, 7.0, 3.0, 3.0, 3.0, 10.0, 3.0, 2.0, 5.0, -8.0, 1.0, 1.0]","[-10.0, 52.0, 20.0, 16.0, 0.0, 55.0, 13.0, 13.0, 14.0, 53.0, 18.0, 14.0, 31.0, -33.0, 13.0, 14.0]"
3,1791637629.2371967,"[-8.260986000000003, 10.108233000000013, 6.680484000000007, 7.383611999999999, -0.08712299999999118, 10.020342, 7.207830000000001, 7.2957210000000146, 8.086739999999992, 9.668778000000003, 6.065246999999999, 7.207830000000001, 3.4285169999999994, 158.292459, 47.461907999999994, 29.35636199999999]","[-2.0, 1.0, 6.0, 1.0, 1.0, 3.0, 1.0, 1.0, 6.0, 1.0, 2.0, 3.0, 6.0, -2.0, 1.0, 1.0]","[-10.0, 75.0, 19.0, 17.0, 0.0, 59.0, 14.0, 12.0, 15.0, 66.0, 16.0, 14.0, 31.0, -34.0, 13.0, 15.0]"
3,1791637629.4611812,"[-9.227787000000006, 10.108233000000013, 7.910957999999994, 8.614086000000015, -0.08712299999999118, 11.514488999999998, 8.350413000000003, 8.438303999999988, 9.668778000000003, 9.668778000000003, 7.119938999999988, 7.207830000000001, 4.834773000000013, 155.655729, 48.428709, 29.35636199999999]","[0.0, 1.0, 3.0, 2.0, 1.0, 1.0, 2.0, 3.0, 2.0, 1.0, 4.0, 1.0, 3.0, -2.0, 2.0, 1.0]","[-9.0, 84.0, 18.0, 16.0, 0.0, 66.0, 13.0, 13.0, 14.0, 94.0, 16.0, 16.0, 33.0, -35.0, 12.0, 14.0]"
3,1791637629.6852927,"[-10.19458800000001, 14.063328000000013, 8.701977, 8.96565000000001, -0.08712299999999118, 13.975437, 9.317214000000007, 9.405104999999992, 10.635579000000007, 13.799655000000001, 7.207830000000001, 9.141432000000009, 6.153138000000013, 152.667435, 49.571292, 29.35636199999999]","[0.0, 5.0, 5.0, 6.0, 1.0, 6.0, 1.0, 1.0, 1.0, 19.0, 1.0, 4.0, 3.0, -4.0, 1.0, 1.0]","[-10.0, 60.0, 19.0, 16.0, 0.0, 60.0, 13.0, 14.0, 15.0, 57.0, 19.0, 13.0, 30.0, -35.0, 13.0, 15.0]"
3,1791637629.909191,"[-10.897716000000003, 15.733257000000009, 9.932451000000015, 10.723469999999992, -0.08712299999999118, 16.084821000000005, 10.28401500000001, 10.371905999999996, 11.60238000000001, 14.23911000000001, 9.053540999999996, 10.108233000000013, 6.856266000000005, 150.294378, 50.538093, 29.35636199999999]","[-2.0, 6.0, 3.0, 3.0, 1.0, 3.0, 1.0, 4.0, 2.0, 1.0, 1.0, 3.0, 1.0, -1.0, 3.0, 1.0]","[-11.0, 59.0, 19.0, 15.0, 0.0, 59.0, 14.0, 14.0, 14.0, 85.0, 17.0, 14.0, 31.0, -42.0, 13.0, 15.0]"
3,1791637630.1331184,"[-12.12818999999999, 18.018423000000013, 10.89925199999999, 11.250816000000015, -0.08712299999999118, 18.018423000000013, 11.250816000000015, 11.162925000000001, 12.657072, 14.23911000000001, 9.668778000000003, 10.89925199999999, 8.350413000000003, 147.393975, 51.50489400000001, 29.35636199999999]","[-1.0, 1.0, 3.0, 6.0, 1.0, 7.0, 3.0, 1.0, 2.0, 1.0, 1.0, 5.0, 3.0, -3.0, 2.0, 1.0]","[-10.0, 58.0, 18.0, 16.0, 0.0, 53.0, 12.0, 13.0, 14.0, 115.0, 18.0, 14.0, 26.0, -42.0, 12.0, 14.0]"
3,1791637630.3540733,"[-13.007100000000008, 20.215698000000003, 11.778162000000009, 12.657072, -0.08712299999999118, 20.12780699999999, 12.21761699999999, 12.393398999999988, 13.623873000000003, 20.215698000000003, 10.987143000000003, 12.041834999999992, 9.141432000000009, 143.878335, 52.559585999999996, 29.35636199999999]","[0.0, 3.0, 2.0, 3.0, 1.0, 3.0, 1.0, 1.0, 1.0, 9.0, 2.0, 4.0, 1.0, -7.0, 2.0, 1.0]","[-11.0, 58.0, 19.0, 15.0, 0.0, 57.0, 14.0, 13.0, 14.0, 58.0, 17.0, 13.0, 31.0, -36.0, 12.0, 14.0]"
3,1791637630.802668,"[-14.237573999999995, 22.237190999999996, 12.832853999999998, 13.623873000000003, -0.08712299999999118, 21.797736000000015, 13.272309000000007, 13.53598199999999, 14.678564999999992, 20.303588999999988, 11.866052999999994, 13.096527000000009, 9.58088699999999, 140.80214999999998, 53.526387, 29.35636199999999]","[0.0, 1.0, 1.0, 1.0, 1.0, 1.0, 1.0, 1.0, 0.0, 1.0, 1.0, 1.0, 6.0, 1.0, 1.0, 1.0]","[-11.0, 60.0, 19.0, 15.0, 0.0, 61.0, 14.0, 12.0, 14.0, 85.0, 19.0, 13.0, 30.0, -40.0, 13.0, 14.0]"
3,1791637631.0256796,"[-15.204374999999999, 23.64344700000001, 13.887546000000015, 13.623873000000003, -0.08712299999999118, 24.522357, 14.327000999999996, 14.414892000000009, 15.645365999999996, 24.522357, 12.393398999999988, 13.799655000000001, 11.426598000000013, 137.462292, 54.66897, 29.35636199999999]","[-1.0, 7.0, 1.0, 0.0, 1.0, 5.0, 1.0, 1.0, 1.0, 8.0, 8.0, 1.0, 1.0, -6.0, 3.0, 1.0]","[-10.0, 56.0, 19.0, 20.0, 0.0, 53.0, 13.0, 14.0, 14.0, 51.0, 19.0, 14.0, 25.0, -34.0, 12.0, 15.0]"
3,1791637631.2530396,"[-16.434848999999986, 26.631741000000005, 14.942238000000003, 15.469583999999998, -0.08712299999999118, 26.368067999999994, 15.469583999999998, 15.733257000000009, 16.787948999999998, 26.895413999999988, 13.975437, 14.766456000000005, 11.60238000000001, 134.210325, 55.635771000000005, 29.35636199999999]","[-2.0, 8.0, 3.0, 5.0, 1.0, 5.0, 2.0, 3.0, 3.0, 4.0, 1.0, 5.0, 1.0, -6.0, 3.0, 1.0]","[-10.0, 47.0, 17.0, 16.0, 0.0, 52.0, 12.0, 13.0, 14.0, 53.0, 16.0, 14.0, 32.0, -32.0, 13.0, 14.0]"
3,1791637631.4761817,"[-17.40164999999999, 28.74112500000001, 15.909039000000007, 16.524276000000015, -0.08712299999999118, 28.565343000000013, 16.524276000000015, 16.787948999999998, 17.666858999999988, 28.565343000000013, 15.118020000000001, 15.996929999999992, 13.360199999999992, 130.87046700000002, 56.690462999999994, 29.35636199999999]","[-2.0, 4.0, 3.0, 3.0, 1.0, 3.0, 1.0, 2.0, 1.0, 1.0, 3.0, 2.0, 4.0, -4.0, 3.0, 1.0]","[-10.0, 51.0, 18.0, 16.0, 0.0, 55.0, 13.0, 12.0, 14.0, 55.0, 16.0, 14.0, 27.0, -31.0, 12.0, 15.0]"
3,1791637631.7010055,"[-18.54423299999999, 31.202073000000013, 17.139512999999994, 17.403186000000005, -0.08712299999999118, 30.23527200000001, 17.666858999999988, 17.75475, 18.633659999999992, 28.565343000000013, 16.084821000000005, 16.084821000000005, 14.502782999999994, 127.61849999999998, 57.833045999999996, 29.35636199999999]","[-3.0, 5.0, 5.0, 3.0, 1.0, 2.0, 3.0, 3.0, 1.0, 1.0, 1.0, 2.0, 4.0, -3.0, 2.0, 1.0]","[-10.0, 52.0, 18.0, 16.0, 0.0, 57.0, 12.0, 12.0, 14.0, 80.0, 17.0, 16.0, 27.0, -29.0, 12.0, 14.0]"
3,1791637631.925036,"[-19.511033999999995, 32.784110999999996, 18.19420500000001, 18.282095999999996, -0.08712299999999118, 32.69622000000001, 18.36998700000001, 18.545769000000007, 19.600460999999996, 32.959892999999994, 17.315294999999992, 18.19420500000001, 15.55747500000001, 124.98176999999998, 58.975629, 29.35636199999999]","[-2.0, 4.0, 3.0, 3.0, 1.0, 8.0, 1.0, 2.0, 4.0, 16.0, 4.0, 5.0, 1.0, -4.0, 3.0, 1.0]","[-9.0, 52.0, 18.0, 17.0, 0.0, 46.0, 13.0, 12.0, 14.0, 46.0, 15.0, 12.0, 27.0, -32.0, 12.0, 15.0]"
3,1791637632.1489756,"[-20.565726000000012, 35.245059, 19.248897, 19.424678999999998, -0.08712299999999118, 34.717713, 19.424678999999998, 19.68835200000001, 20.567262, 33.13567499999999, 18.545769000000007, 18.897333000000003, 15.55747500000001, 122.60871300000002, 59.85453900000002, 29.35636199999999]","[-2.0, 7.0, 2.0, 2.0, 1.0, 4.0, 3.0, 2.0, 1.0, 1.0, 3.0, 1.0, 1.0, -1.0, 1.0, 1.0]","[-9.0, 44.0, 17.0, 15.0, 0.0, 49.0, 13.0, 12.0, 14.0, 71.0, 14.0, 14.0, 27.0, -38.0, 12.0, 14.0]"
3,1791637632.3729565,"[-21.708308999999986, 37.09076999999999, 20.39148, 20.479371000000015, -0.08712299999999118, 37.00287900000001, 20.215698000000003, 20.655153000000013, 21.885627, 34.893495, 19.424678999999998, 20.12780699999999, 15.55747500000001, 118.74150900000001, 60.99712199999999, 29.35636199999999]","[-1.0, 4.0, 4.0, 1.0, 1.0, 7.0, 1.0, 1.0, 3.0, 20.0, 4.0, 3.0, 1.0, -4.0, 2.0, 1.0]","[-9.0, 50.0, 16.0, 16.0, 0.0, 51.0, 14.0, 12.0, 14.0, 58.0, 16.0, 13.0, 27.0, -30.0, 11.0, 14.0]"
3,1791637632.5953827,"[-22.67510999999999, 39.28804500000001, 21.44617199999999, 21.709845, -0.08712299999999118, 39.024372, 21.094607999999994, 21.709845, 22.500864000000007, 39.375935999999996, 20.655153000000013, 21.182499000000007, 15.55747500000001, 115.48954200000003, 61.963922999999994, 29.35636199999999]","[0.0, 6.0, 2.0, 3.0, 1.0, 5.0, 2.0, 4.0, 1.0, 4.0, 1.0, 4.0, 1.0, -4.0, 1.0, 1.0]","[-9.0, 44.0, 16.0, 16.0, 0.0, 45.0, 14.0, 12.0, 14.0, 44.0, 15.0, 13.0, 26.0, -29.0, 11.0, 14.0]"
3,1791637632.8209038,"[-23.905584000000005, 41.39742899999999, 22.500864000000007, 22.588754999999992, -0.08712299999999118, 41.22164699999999, 21.973518000000013, 22.76453699999999, 23.907119999999992, 42.012665999999996, 21.534063000000003, 22.32508200000001, 15.55747500000001, 112.23757499999999, 62.667051000000015, 29.35636199999999]","[0.0, 3.0, 1.0, 2.0, 1.0, 9.0, 2.0, 1.0, 4.0, 5.0, 3.0, 3.0, 1.0, -4.0, 7.0, 1.0]","[-8.0, 46.0, 17.0, 16.0, 0.0, 41.0, 14.0, 12.0, 13.0, 39.0, 14.0, 13.0, 26.0, -26.0, 12.0, 14.0]"
3,1791637633.0419917,"[-24.784493999999995, 43.41892200000001, 23.379773999999998, 22.588754999999992, -0.08712299999999118, 43.770486000000005, 22.676646000000005, 23.555555999999996, 24.873920999999996, 42.012665999999996, 22.76453699999999, 22.32508200000001, 15.55747500000001, 108.98560800000001, 64.073307, 29.35636199999999]","[-1.0, 11.0, 3.0, 1.0, 1.0, 4.0, 1.0, 1.0, 1.0, 1.0, 2.0, 1.0, 1.0, -3.0, 1.0, 1.0]","[-9.0, 38.0, 17.0, 18.0, 0.0, 36.0, 16.0, 12.0, 13.0, 62.0, 15.0, 16.0, 27.0, -26.0, 12.0, 14.0]"
3,1791637633.2681687,"[-25.839186000000012, 46.143542999999994, 24.258683999999988, 24.522357, -0.08712299999999118, 46.143542999999994, 23.64344700000001, 24.78603000000001, 25.840722, 46.31932499999999, 23.64344700000001, 24.08290199999999, 15.55747500000001, 105.73364099999998, 65.040108, 29.35636199999999]","[-2.0, 3.0, 2.0, 4.0, 1.0, 8.0, 1.0, 1.0, 1.0, 10.0, 2.0, 5.0, 1.0, -6.0, 3.0, 1.0]","[-9.0, 40.0, 17.0, 16.0, 0.0, 36.0, 16.0, 12.0, 14.0, 35.0, 15.0, 12.0, 27.0, -22.0, 12.0, 15.0]"
3,1791637633.492853,"[-26.981768999999986, 48.252927, 25.40126699999999, 25.66494, 0.0007679999999936626, 48.165036000000015, 24.96181200000001, 25.66494, 26.983305, 47.286125999999996, 24.78603000000001, 25.40126699999999, 15.55747500000001, 102.481674, 66.09479999999999, 29.35636199999999]","[-2.0, 6.0, 4.0, 3.0, 0.0, 6.0, 5.0, 1.0, 1.0, 1.0, 3.0, 2.0, 1.0, -5.0, 3.0, 1.0]","[0.0, 36.0, 17.0, 15.0, -10.0, 38.0, 15.0, 13.0, 0.0, 51.0, 14.0, 12.0, 27.0, -20.0, 11.0, 14.0]"
3,1791637633.713606,"[-27.94856999999999, 50.362311000000005, 26.28017700000001, 26.71963199999999, 0.0007679999999936626, 50.098637999999994, 25.840722, 26.895413999999988, 27.950106000000005, 50.801766000000015, 25.840722, 26.455959000000007, 15.645365999999996, 99.141816, 67.237383, 29.35636199999999]","[0.0, 1.0, 1.0, 5.0, 1.0, 6.0, 1.0, 1.0, 1.0, 9.0, 3.0, 4.0, 1.0, -3.0, 1.0, 1.0]","[0.0, 37.0, 17.0, 16.0, -13.0, 39.0, 15.0, 12.0, 0.0, 32.0, 13.0, 13.0, 27.0, -19.0, 11.0, 13.0]"
3,1791637633.93737,"[-28.82748000000001, 52.559585999999996, 27.246978000000013, 27.59854200000001, 0.0007679999999936626, 52.559585999999996, 27.071196000000015, 27.42276000000001, 29.092689000000007, 52.29591300000001, 26.895413999999988, 27.510650999999996, 15.645365999999996, 95.80195800000001, 68.29207500000001, 29.35636199999999]","[0.0, 9.0, 1.0, 1.0, 1.0, 4.0, 1.0, 1.0, 1.0, 1.0, 2.0, 3.0, 1.0, -2.0, 1.0, 1.0]","[-9.0, 32.0, 17.0, 16.0, -12.0, 35.0, 15.0, 13.0, -10.0, 38.0, 14.0, 12.0, 24.0, -18.0, 11.0, 14.0]"
3,1791637634.1634045,"[-29.794281000000012, 55.10842500000001, 28.30167, 28.829015999999996, 0.0007679999999936626, 54.66897, 28.30167, 28.565343000000013, 30.05949000000001, 54.844752, 28.03799699999999, 28.653233999999998, 16.260603000000003, 92.54999099999998, 69.25887600000001, 29.35636199999999]","[-2.0, 1.0, 1.0, 3.0, 1.0, 3.0, 2.0, 1.0, 1.0, 9.0, 4.0, 1.0, 1.0, -5.0, 2.0, 1.0]","[-9.0, 32.0, 17.0, 15.0, -12.0, 32.0, 14.0, 12.0, 0.0, 29.0, 13.0, 12.0, 24.0, -17.0, 10.0, 14.0]"
3,1791637634.3865209,"[-30.936863999999986, 57.3057, 29.444253000000003, 29.707926000000015, 0.0007679999999936626, 56.954136000000005, 29.444253000000003, 29.795817, 31.026291000000015, 56.42679000000001, 29.004797999999994, 29.707926000000015, 16.436385, 89.73747900000001, 70.40145900000002, 29.35636199999999]","[0.0, 5.0, 3.0, 2.0, 1.0, 4.0, 3.0, 2.0, 0.0, 1.0, 2.0, 2.0, 1.0, -3.0, 3.0, 1.0]","[0.0, 32.0, 17.0, 16.0, -12.0, 30.0, 14.0, 12.0, -5.0, 37.0, 13.0, 10.0, 21.0, -18.0, 11.0, 14.0]"
3,1791637634.6110032,"[-31.90366499999999, 59.327192999999994, 30.498944999999992, 30.9384, 0.0007679999999936626, 59.06352000000001, 30.586836000000005, 30.762618000000003, 32.080983, 56.42679000000001, 30.05949000000001, 30.323162999999994, 16.436385, 86.39762100000002, 71.54404199999999, 29.35636199999999]","[-2.0, 2.0, 1.0, 2.0, 1.0, 3.0, 2.0, 1.0, 1.0, 1.0, 3.0, 6.0, 1.0, -6.0, 4.0, 1.0]","[-8.0, 31.0, 17.0, 15.0, -13.0, 29.0, 13.0, 11.0, -1.0, 56.0, 13.0, 11.0, 22.0, -16.0, 11.0, 14.0]"
3,1791637634.8333786,"[-32.95835700000001, 61.348686000000015, 31.55363700000001, 31.817309999999992, 0.0007679999999936626, 61.612359, 31.641527999999994, 31.905201000000005, 33.04778400000001, 61.52446800000001, 31.114182, 31.729419000000007, 16.436385, 83.40932700000002, 72.42295200000001, 29.707926000000015]","[-1.0, 7.0, 3.0, 1.0, 1.0, 5.0, 1.0, 1.0, 1.0, 10.0, 4.0, 2.0, 1.0, -5.0, 3.0, 1.0]","[0.0, 27.0, 16.0, 14.0, -13.0, 23.0, 13.0, 12.0, 0.0, 26.0, 13.0, 12.0, 21.0, -16.0, 11.0, 14.0]"
3,1791637635.0606642,"[-34.013048999999995, 63.985416000000015, 32.69622000000001, 32.87200200000001, 0.0007679999999936626, 63.985416000000015, 32.784110999999996, 32.87200200000001, 34.01458500000001, 63.721743000000004, 32.256765, 32.52043800000001, 16.524276000000015, 82.530417, 73.477644, 29.707926000000015]","[-1.0, 4.0, 3.0, 3.0, 1.0, 6.0, 3.0, 2.0, 0.0, 3.0, 5.0, 1.0, 1.0, 0.0, 3.0, 1.0]","[0.0, 23.0, 16.0, 14.0, -11.0, 21.0, 12.0, 12.0, -1.0, 26.0, 12.0, 13.0, 20.0, -17.0, 10.0, 14.0]"
3,1791637635.2827935,"[-35.06774100000001, 66.09479999999999, 33.750912, 33.83880300000001, 0.0007679999999936626, 66.27058199999999, 34.01458500000001, 34.01458500000001, 35.069277, 66.00690900000001, 33.31145699999999, 33.663021000000015, 16.436385, 82.26674400000002, 74.53233600000002, 29.707926000000015]","[0.0, 7.0, 3.0, 1.0, 1.0, 5.0, 3.0, 5.0, 1.0, 3.0, 1.0, 3.0, 0.0, 0.0, 2.0, 1.0]","[0.0, 22.0, 15.0, 15.0, -12.0, 21.0, 11.0, 11.0, 0.0, 26.0, 12.0, 13.0, 22.0, -16.0, 11.0, 14.0]"
3,1791637635.5086684,"[-35.946651, 66.358473, 34.717713, 34.893495, 0.0007679999999936626, 68.204184, 34.102475999999996, 34.981386000000015, 36.036078, 66.00690900000001, 34.45403999999999, 34.541931000000005, 16.700058000000013, 82.09096199999999, 75.67491900000002, 29.707926000000015]","[-1.0, 1.0, 1.0, 2.0, 1.0, 4.0, 1.0, 3.0, 0.0, 1.0, 3.0, 2.0, 1.0, 0.0, 4.0, 1.0]","[-9.0, 24.0, 15.0, 14.0, -13.0, 20.0, 11.0, 11.0, 0.0, 25.0, 12.0, 12.0, 20.0, -15.0, 10.0, 14.0]"
3,1791637635.7326555,"[-37.00134299999999, 66.358473, 35.77240499999999, 35.245059, 0.0007679999999936626, 70.48935, 34.102475999999996, 35.94818699999999, 37.00287900000001, 66.00690900000001, 35.33295000000001, 35.245059, 16.700058000000013, 82.09096199999999, 76.64172000000002, 29.707926000000015]","[-2.0, 1.0, 2.0, 4.0, 1.0, 1.0, 1.0, 1.0, 1.0, 1.0, 2.0, 1.0, 1.0, 0.0, 3.0, 1.0]","[0.0, 23.0, 16.0, 16.0, -12.0, 20.0, 11.0, 11.0, 0.0, 26.0, 12.0, 13.0, 20.0, -15.0, 10.0, 14.0]"
3,1791637635.9567127,"[-37.88025300000001, 66.358473, 36.914987999999994, 36.82709700000001, 0.0007679999999936626, 71.71982400000002, 34.102475999999996, 36.914987999999994, 38.057570999999996, 66.00690900000001, 36.12396899999999, 36.47553300000001, 16.700058000000013, 82.09096199999999, 77.78430300000002, 29.707926000000015]","[0.0, 1.0, 1.0, 1.0, 1.0, 1.0, 1.0, 2.0, 1.0, 1.0, 1.0, 3.0, 1.0, 0.0, 2.0, 1.0]","[-9.0, 23.0, 15.0, 15.0, -12.0, 18.0, 11.0, 12.0, 0.0, 25.0, 13.0, 11.0, 20.0, -16.0, 10.0, 14.0]"
3,1791637636.1806116,"[-38.847053999999986, 66.358473, 37.96968000000001, 37.881789, 0.0007679999999936626, 71.71982400000002, 34.102475999999996, 37.96968000000001, 39.024372, 66.00690900000001, 37.44233399999999, 37.354443, 16.700058000000013, 82.09096199999999, 78.66321299999998, 29.707926000000015]","[0.0, 1.0, 4.0, 4.0, 1.0, 1.0, 1.0, 1.0, 1.0, 1.0, 1.0, 1.0, 1.0, 0.0, 2.0, 1.0]","[-9.0, 23.0, 15.0, 15.0, -12.0, 19.0, 11.0, 11.0, 0.0, 25.0, 12.0, 12.0, 21.0, -15.0, 10.0, 13.0]"
3,1791637636.4045453,"[-39.98963699999999, 66.358473, 38.936481000000015, 38.40913499999999, 0.0007679999999936626, 71.71982400000002, 34.102475999999996, 39.11226300000001, 39.991173, 66.00690900000001, 38.58491699999999, 38.497026000000005, 16.700058000000013, 82.09096199999999, 79.80579599999999, 29.707926000000015]","[0.0, 1.0, 1.0, 1.0, 1.0, 1.0, 1.0, 3.0, 0.0, 1.0, 4.0, 3.0, 1.0, 0.0, 3.0, 1.0]","[-9.0, 23.0, 16.0, 16.0, -12.0, 20.0, 11.0, 11.0, 14.0, 26.0, 12.0, 13.0, 20.0, -15.0, 11.0, 15.0]"
3,1791637636.6286476,"[-40.604873999999995, 66.358473, 40.166955, 39.63960900000001, 0.0007679999999936626, 71.71982400000002, 34.102475999999996, 39.991173, 40.95797400000001, 66.00690900000001, 39.46382700000001, 39.11226300000001, 16.700058000000013, 82.09096199999999, 80.684706, 29.707926000000015]","[0.0, 1.0, 3.0, 3.0, 1.0, 1.0, 1.0, 3.0, 1.0, 1.0, 3.0, 2.0, 1.0, 0.0, 1.0, 1.0]","[-9.0, 24.0, 14.0, 15.0, -12.0, 21.0, 12.0, 11.0, 13.0, 26.0, 12.0, 14.0, 20.0, -16.0, 10.0, 14.0]"
3,1791637636.8525603,"[-42.01113000000001, 66.358473, 41.04586499999999, 40.694300999999996, 0.0007679999999936626, 71.71982400000002, 34.102475999999996, 40.870082999999994, 41.74899300000001, 66.00690900000001, 40.342737, 40.518519, 16.700058000000013, 82.09096199999999, 81.56361600000002, 29.707926000000015]","[-1.0, 1.0, 1.0, 2.0, 1.0, 0.0, 1.0, 1.0, 2.0, 1.0, 4.0, 3.0, 1.0, 0.0, 1.0, 1.0]","[0.0, 24.0, 15.0, 15.0, -12.0, 20.0, 11.0, 11.0, 14.0, 26.0, 12.0, 12.0, 20.0, -15.0, 11.0, 14.0]"
3,1791637637.07656,"[-43.065822, 66.358473, 42.188447999999994, 41.573211000000015, 0.0007679999999936626, 71.71982400000002, 34.102475999999996, 42.012665999999996, 43.06735800000001, 66.00690900000001, 41.573211000000015, 41.573211000000015, 16.700058000000013, 82.09096199999999, 82.79408999999998, 29.707926000000015]","[0.0, 0.0, 1.0, 4.0, 1.0, 1.0, 1.0, 2.0, 1.0, 1.0, 2.0, 1.0, 1.0, 0.0, 4.0, 1.0]","[0.0, 23.0, 14.0, 16.0, -12.0, 20.0, 12.0, 12.0, 0.0, 26.0, 12.0, 12.0, 21.0, -15.0, 11.0, 14.0]"
3,1791637637.300544,"[-44.032623, 66.358473, 43.155249, 42.803685, 0.0007679999999936626, 71.71982400000002, 34.102475999999996, 42.979467, 44.03415899999999, 66.00690900000001, 42.36422999999999, 42.627903, 16.700058000000013, 82.09096199999999, 83.58510899999999, 29.707926000000015]","[0.0, 1.0, 1.0, 3.0, 1.0, 1.0, 1.0, 1.0, 2.0, 1.0, 1.0, 4.0, 1.0, 0.0, 3.0, 1.0]","[0.0, 23.0, 16.0, 14.0, -12.0, 20.0, 12.0, 12.0, 0.0, 25.0, 12.0, 12.0, 20.0, -15.0, 10.0, 13.0]"
3,1791637637.521479,"[-45.08731499999999, 66.358473, 44.297832, 43.506812999999994, 0.0007679999999936626, 71.807715, 34.102475999999996, 44.03415899999999, 45.00095999999999, 66.00690900000001, 43.68259499999999, 43.770486000000005, 16.700058000000013, 82.09096199999999, 84.46401900000001, 29.707926000000015]","[0.0, 1.0, 3.0, 1.0, 1.0, 1.0, 1.0, 2.0, 1.0, 1.0, 3.0, 2.0, 1.0, 0.0, 3.0, 1.0]","[0.0, 23.0, 15.0, 16.0, -12.0, 20.0, 12.0, 11.0, -13.0, 25.0, 12.0, 11.0, 20.0, -15.0, 11.0, 14.0]"
3,1791637637.7459803,"[-46.05411599999999, 66.358473, 45.088851000000005, 44.825177999999994, 0.0007679999999936626, 71.71982400000002, 34.102475999999996, 45.00095999999999, 46.05565200000001, 66.00690900000001, 44.56150500000001, 44.825177999999994, 16.700058000000013, 82.09096199999999, 85.43081999999998, 29.707926000000015]","[0.0, -1.0, 1.0, 4.0, 1.0, 1.0, 1.0, 3.0, 0.0, 1.0, 2.0, 3.0, 0.0, 0.0, 2.0, 1.0]","[0.0, 23.0, 15.0, 14.0, -11.0, 21.0, 11.0, 11.0, -9.0, 26.0, 11.0, 11.0, 19.0, -15.0, 10.0, 13.0]"
3,1791637637.9699662,"[-47.020917, 66.44636400000002, 46.143542999999994, 45.791979, 0.0007679999999936626, 71.71982400000002, 34.102475999999996, 45.87987000000001, 46.934562, 66.00690900000001, 45.616197, 45.70408800000001, 16.787948999999998, 82.09096199999999, 86.48551200000003, 29.707926000000015]","[0.0, 0.0, 2.0, 1.0, 1.0, 1.0, 1.0, 1.0, 1.0, 1.0, 2.0, 5.0, 0.0, 0.0, 1.0, 1.0]","[0.0, 24.0, 15.0, 15.0, -12.0, 20.0, 11.0, 11.0, 0.0, 26.0, 12.0, 12.0, 19.0, -15.0, 10.0, 13.0]"
3,1791637638.1951127,"[-47.72404499999999, 66.358473, 47.110344, 47.19823500000001, 0.0007679999999936626, 71.71982400000002, 34.102475999999996, 47.02245300000001, 48.077145, 66.00690900000001, 46.582998, 47.02245300000001, 16.787948999999998, 82.09096199999999, 87.36442199999999, 29.707926000000015]","[-1.0, 1.0, 1.0, 3.0, 1.0, 1.0, 1.0, 1.0, 1.0, 1.0, 3.0, 3.0, 1.0, 0.0, 1.0, 1.0]","[-9.0, 22.0, 15.0, 14.0, -12.0, 21.0, 12.0, 11.0, -13.0, 25.0, 11.0, 11.0, 19.0, -16.0, 11.0, 14.0]"
3,1791637638.4205081,"[-49.04240999999999, 66.44636400000002, 48.077145, 48.077145, 0.0007679999999936626, 71.807715, 34.102475999999996, 47.901363, 49.043946000000005, 66.00690900000001, 47.63768999999999, 47.81347199999999, 16.787948999999998, 82.09096199999999, 88.33122300000002, 29.707926000000015]","[-2.0, 1.0, 1.0, 3.0, 1.0, 1.0, 1.0, 1.0, 1.0, 1.0, 1.0, 1.0, 1.0, 0.0, 2.0, 1.0]","[0.0, 23.0, 16.0, 15.0, -12.0, 21.0, 11.0, 11.0, -14.0, 26.0, 11.0, 12.0, 19.0, -15.0, 11.0, 14.0]"
3,1791637638.6413758,"[-49.833428999999995, 66.44636400000002, 49.13183699999999, 49.219728, 0.0007679999999936626, 71.807715, 34.102475999999996, 48.86816400000001, 49.922855999999996, 66.00690900000001, 48.51660000000001, 48.95605499999999, 16.787948999999998, 82.09096199999999, 89.38591500000001, 29.707926000000015]","[0.0, 1.0, 3.0, 4.0, 1.0, 1.0, 1.0, 1.0, 1.0, 1.0, 1.0, 3.0, 1.0, 0.0, 4.0, 1.0]","[-9.0, 23.0, 15.0, 15.0, -12.0, 20.0, 11.0, 11.0, -1.0, 26.0, 12.0, 11.0, 19.0, -15.0, 11.0, 14.0]"
3,1791637638.8684006,"[-50.80023, 66.44636400000002, 50.01074700000001, 50.45020199999999, 0.0007679999999936626, 71.807715, 34.102475999999996, 50.098637999999994, 51.15333000000001, 66.00690900000001, 49.483401000000015, 49.922855999999996, 16.787948999999998, 82.09096199999999, 90.26482500000003, 29.707926000000015]","[0.0, 0.0, 2.0, 4.0, 1.0, 1.0, 1.0, 3.0, 0.0, 1.0, 2.0, 3.0, 1.0, 0.0, 1.0, 1.0]","[-9.0, 23.0, 15.0, 14.0, -12.0, 21.0, 11.0, 11.0, -10.0, 26.0, 12.0, 11.0, 18.0, -15.0, 11.0, 13.0]"
3,1791637639.0885878,"[-51.767031, 66.44636400000002, 50.97754800000001, 51.32911200000001, 0.0007679999999936626, 71.807715, 34.102475999999996, 50.801766000000015, 52.03224, 66.00690900000001, 50.62598400000002, 50.889657, 16.787948999999998, 82.09096199999999, 91.31951700000002, 29.707926000000015]","[-1.0, 1.0, 1.0, 2.0, 1.0, 1.0, 1.0, 2.0, 1.0, 1.0, 2.0, 3.0, 1.0, 0.0, 4.0, 1.0]","[-9.0, 22.0, 15.0, 14.0, -12.0, 21.0, 11.0, 11.0, 0.0, 26.0, 11.0, 11.0, 19.0, -15.0, 11.0, 15.0]"
3,1791637639.316318,"[-52.82172299999999, 66.44636400000002, 52.03224, 52.29591300000001, 0.0007679999999936626, 71.807715, 34.102475999999996, 52.03224, 53.08693199999999, 66.00690900000001, 51.76856699999999, 51.76856699999999, 16.787948999999998, 82.09096199999999, 92.37420900000001, 29.707926000000015]","[-2.0, 1.0, 3.0, 1.0, 1.0, 1.0, 1.0, 2.0, 0.0, 1.0, 4.0, 3.0, 1.0, 0.0, 3.0, 1.0]","[-9.0, 23.0, 15.0, 15.0, -12.0, 21.0, 12.0, 11.0, 0.0, 26.0, 12.0, 11.0, 19.0, -15.0, 11.0, 14.0]"
3,1791637639.5376976,"[-53.788523999999995, 66.44636400000002, 52.999041000000005, 53.26271400000002, 0.0007679999999936626, 71.807715, 34.102475999999996, 52.91114999999999, 54.053732999999994, 66.00690900000001, 52.64747700000001, 52.735367999999994, 17.315294999999992, 82.09096199999999, 93.16522800000001, 29.707926000000015]","[-2.0, 1.0, 2.0, 2.0, 1.0, 2.0, 1.0, 1.0, 1.0, 1.0, 2.0, 2.0, 6.0, 0.0, 1.0, 1.0]","[-8.0, 24.0, 15.0, 14.0, -12.0, 20.0, 12.0, 12.0, 0.0, 26.0, 11.0, 11.0, 17.0, -15.0, 11.0, 13.0]"
3,1791637639.764315,"[-54.491652, 66.44636400000002, 53.96584200000001, 54.317406000000005, 0.0007679999999936626, 71.71982400000002, 34.102475999999996, 54.14162400000001, 55.10842500000001, 66.00690900000001, 53.526387, 53.79006000000001, 17.666858999999988, 82.09096199999999, 94.39570200000003, 29.707926000000015]","[0.0, 1.0, 3.0, 3.0, 1.0, -1.0, 1.0, 2.0, 1.0, 1.0, 1.0, 1.0, 1.0, 0.0, 4.0, 1.0]","[-10.0, 21.0, 15.0, 14.0, -12.0, 20.0, 12.0, 11.0, -14.0, 26.0, 11.0, 11.0, 15.0, -16.0, 10.0, 14.0]"
3,1791637639.9883618,"[-55.546344000000005, 66.885819, 55.10842500000001, 55.28420700000001, 0.0007679999999936626, 71.807715, 34.102475999999996, 55.020534, 56.163117, 66.00690900000001, 54.40529699999999, 54.844752, 17.75475, 82.09096199999999, 95.362503, 29.707926000000015]","[-1.0, 2.0, 3.0, 3.0, 1.0, 1.0, 1.0, 3.0, 0.0, 1.0, 1.0, 3.0, 1.0, 0.0, 1.0, 1.0]","[-9.0, 19.0, 15.0, 13.0, -12.0, 20.0, 12.0, 11.0, -14.0, 26.0, 11.0, 10.0, 15.0, -15.0, 11.0, 14.0]"
3,1791637640.2085004,"[-56.425253999999995, 66.885819, 55.987335, 56.338899, 0.0007679999999936626, 71.807715, 34.102475999999996, 55.811553, 56.954136000000005, 66.00690900000001, 55.54787999999999, 55.811553, 17.75475, 82.09096199999999, 96.505086, 29.707926000000015]","[0.0, 1.0, 1.0, 4.0, 1.0, 2.0, 1.0, 1.0, 1.0, 1.0, 2.0, 3.0, 1.0, 0.0, 3.0, 1.0]","[-10.0, 19.0, 16.0, 15.0, -12.0, 22.0, 11.0, 12.0, 0.0, 26.0, 12.0, 11.0, 16.0, -15.0, 12.0, 14.0]"
3,1791637640.436258,"[-57.040491, 66.885819, 57.04202699999999, 57.129918, 0.0007679999999936626, 71.807715, 34.102475999999996, 56.954136000000005, 57.92093700000001, 66.00690900000001, 56.42679000000001, 56.77835400000001, 17.75475, 82.09096199999999, 97.29610500000001, 29.707926000000015]","[0.0, 1.0, 2.0, 1.0, 1.0, 1.0, 1.0, 1.0, 1.0, 1.0, 2.0, 3.0, 1.0, 0.0, 3.0, 1.0]","[-10.0, 19.0, 15.0, 14.0, -13.0, 20.0, 11.0, 12.0, 0.0, 26.0, 12.0, 11.0, 15.0, -16.0, 11.0, 13.0]"
3,1791637640.6603305,"[-58.71042, 66.885819, 58.09671900000001, 58.008827999999994, 0.0007679999999936626, 71.807715, 34.102475999999996, 57.92093700000001, 58.975629, 66.00690900000001, 57.481482, 57.657264, 17.75475, 82.09096199999999, 98.17501500000003, 29.707926000000015]","[-2.0, 1.0, 1.0, 1.0, 1.0, 0.0, 1.0, 1.0, 1.0, 1.0, 3.0, 2.0, 1.0, 0.0, 1.0, 1.0]","[-9.0, 20.0, 14.0, 15.0, -12.0, 21.0, 11.0, 12.0, 0.0, 26.0, 12.0, 12.0, 16.0, -16.0, 11.0, 13.0]"
3,1791637640.8819723,"[-59.149874999999994, 66.885819, 59.327192999999994, 59.06352000000001, 0.0007679999999936626, 71.807715, 34.102475999999996, 59.06352000000001, 59.94243, 66.00690900000001, 58.53617400000002, 58.711956000000015, 17.75475, 82.09096199999999, 99.22970700000002, 29.707926000000015]","[0.0, 1.0, 3.0, 1.0, 1.0, 1.0, 1.0, 1.0, 1.0, 1.0, 3.0, 1.0, 1.0, 0.0, 2.0, 1.0]","[-10.0, 19.0, 14.0, 14.0, -12.0, 20.0, 12.0, 11.0, 0.0, 25.0, 12.0, 11.0, 15.0, -15.0, 12.0, 13.0]"
3,1791637641.1082027,"[-60.380348999999995, 66.885819, 60.38188500000001, 59.23930200000001, 0.0007679999999936626, 71.807715, 34.102475999999996, 60.030321000000015, 60.99712199999999, 66.00690900000001, 59.590866000000005, 58.799847, 17.930532, 82.09096199999999, 99.40548899999999, 29.707926000000015]","[-1.0, 1.0, 3.0, 1.0, 1.0, 1.0, 1.0, 2.0, 1.0, 1.0, 4.0, 1.0, 1.0, 0.0, 1.0, 1.0]","[-9.0, 19.0, 14.0, 14.0, -12.0, 21.0, 12.0, 11.0, 0.0, 26.0, 10.0, 11.0, 15.0, -16.0, 10.0, 14.0]"
3,1791637641.332232,"[-61.698713999999995, 66.885819, 61.348686000000015, 59.23930200000001, 0.0007679999999936626, 71.807715, 34.102475999999996, 61.085013000000004, 61.963922999999994, 66.00690900000001, 60.82133999999999, 58.88773800000001, 17.930532, 82.09096199999999, 99.40548899999999, 29.707926000000015]","[-1.0, 0.0, 1.0, 1.0, 1.0, 1.0, 1.0, 3.0, 3.0, 1.0, 3.0, 1.0, 0.0, 0.0, 1.0, 1.0]","[-9.0, 20.0, 14.0, 15.0, -12.0, 21.0, 12.0, 11.0, 0.0, 26.0, 10.0, 11.0, 15.0, -15.0, 11.0, 13.0]"
3,1791637641.556193,"[-62.489733, 66.885819, 62.31548699999999, 59.23930200000001, 0.0007679999999936626, 71.807715, 34.102475999999996, 61.963922999999994, 62.84283300000001, 66.00690900000001, 61.87603200000001, 58.88773800000001, 17.930532, 82.09096199999999, 99.40548899999999, 29.707926000000015]","[0.0, 1.0, 1.0, 1.0, 1.0, 0.0, 1.0, 1.0, 3.0, 1.0, 3.0, 1.0, 0.0, 0.0, 1.0, 1.0]","[-9.0, 20.0, 14.0, 16.0, -12.0, 21.0, 11.0, 11.0, 13.0, 26.0, 10.0, 11.0, 16.0, -16.0, 11.0, 13.0]"
3,1791637641.7801547,"[-63.720207, 66.885819, 63.37017900000001, 59.23930200000001, 0.0007679999999936626, 71.807715, 34.102475999999996, 63.106505999999996, 63.985416000000015, 66.00690900000001, 62.84283300000001, 58.88773800000001, 17.930532, 82.09096199999999, 99.40548899999999, 29.707926000000015]","[0.0, 1.0, 1.0, 1.0, 1.0, 1.0, 1.0, 4.0, 1.0, 1.0, 2.0, 1.0, 0.0, 0.0, 1.0, 1.0]","[-9.0, 20.0, 14.0, 14.0, -12.0, 20.0, 11.0, 11.0, 0.0, 25.0, 11.0, 11.0, 14.0, -15.0, 11.0, 13.0]"
3,1791637642.001006,"[-64.774899, 66.885819, 64.424871, 59.23930200000001, 0.0007679999999936626, 71.71982400000002, 34.102475999999996, 64.073307, 64.95221699999999, 66.00690900000001, 63.80963400000002, 58.88773800000001, 17.930532, 82.09096199999999, 99.40548899999999, 29.707926000000015]","[-1.0, 1.0, 3.0, 1.0, 1.0, 0.0, 1.0, 2.0, 1.0, 1.0, 4.0, 0.0, 0.0, 0.0, 1.0, 1.0]","[-9.0, 19.0, 13.0, 14.0, -12.0, 21.0, 10.0, 11.0, 0.0, 26.0, 11.0, 12.0, 14.0, -15.0, 11.0, 14.0]"
3,1791637642.2246847,"[-65.390136, 66.885819, 65.391672, 59.23930200000001, 0.0007679999999936626, 71.807715, 34.102475999999996, 65.040108, 65.919018, 66.00690900000001, 64.77643499999999, 58.88773800000001, 17.930532, 82.09096199999999, 99.40548899999999, 29.707926000000015]","[0.0, 1.0, 1.0, 1.0, 1.0, 0.0, 1.0, 2.0, 1.0, 1.0, 2.0, 0.0, 0.0, 0.0, 1.0, 1.0]","[-9.0, 20.0, 15.0, 15.0, -12.0, 21.0, 12.0, 10.0, 0.0, 26.0, 11.0, 12.0, 14.0, -15.0, 10.0, 13.0]"
3,1791637642.4485586,"[-66.532719, 66.885819, 66.44636400000002, 59.23930200000001, 0.0007679999999936626, 71.807715, 34.102475999999996, 66.00690900000001, 66.97371000000001, 66.00690900000001, 65.83112700000001, 58.88773800000001, 17.930532, 82.09096199999999, 99.40548899999999, 29.707926000000015]","[-1.0, 1.0, 3.0, 1.0, 1.0, 1.0, 1.0, 4.0, 1.0, 1.0, 4.0, 1.0, 0.0, 0.0, 1.0, 1.0]","[-9.0, 19.0, 14.0, 14.0, -13.0, 21.0, 11.0, 11.0, 0.0, 26.0, 10.0, 11.0, 14.0, -15.0, 11.0, 14.0]"
3,1791637642.675113,"[-67.49952, 66.885819, 67.41316499999999, 59.23930200000001, 0.0007679999999936626, 71.807715, 34.102475999999996, 66.62214600000001, 67.85262, 66.00690900000001, 66.62214600000001, 58.88773800000001, 17.930532, 82.09096199999999, 99.40548899999999, 29.707926000000015]","[0.0, 1.0, 1.0, 1.0, 1.0, 0.0, 1.0, 1.0, 1.0, 1.0, 2.0, 1.0, 0.0, 0.0, 1.0, 1.0]","[-9.0, 19.0, 14.0, 14.0, -12.0, 20.0, 12.0, 11.0, 7.0, 26.0, 11.0, 11.0, 15.0, -15.0, 10.0, 14.0]"
3,1791637642.8967986,"[-68.37843, 67.501056, 68.379966, 59.23930200000001, 0.0007679999999936626, 71.807715, 34.102475999999996, 67.94051100000001, 68.90731199999999, 66.00690900000001, 67.237383, 58.88773800000001, 17.930532, 82.09096199999999, 99.40548899999999, 29.707926000000015]","[0.0, 4.0, 1.0, 1.0, 1.0, 1.0, 1.0, 2.0, 1.0, 1.0, 1.0, 0.0, 0.0, 0.0, 1.0, 1.0]","[-10.0, 17.0, 14.0, 14.0, -12.0, 21.0, 11.0, 10.0, 13.0, 25.0, 13.0, 12.0, 15.0, -16.0, 11.0, 13.0]"
3,1791637643.121016,"[-69.433122, 67.501056, 69.43465800000001, 59.23930200000001, 0.0007679999999936626, 71.71982400000002, 34.102475999999996, 68.819421, 69.874113, 66.00690900000001, 68.29207500000001, 58.88773800000001, 17.930532, 82.09096199999999, 99.40548899999999, 29.707926000000015]","[-2.0, 1.0, 2.0, 1.0, 1.0, 0.0, 1.0, 3.0, 3.0, 1.0, 1.0, 1.0, 1.0, 0.0, 1.0, 1.0]","[-9.0, 16.0, 14.0, 15.0, -13.0, 21.0, 11.0, 12.0, 13.0, 26.0, 12.0, 12.0, 14.0, -15.0, 11.0, 13.0]"
3,1791637643.3453338,"[-69.433122, 67.501056, 70.313568, 59.23930200000001, 0.0007679999999936626, 71.71982400000002, 34.102475999999996, 69.61044000000001, 69.96200400000001, 66.00690900000001, 69.25887600000001, 58.88773800000001, 17.930532, 82.09096199999999, 99.40548899999999, 29.707926000000015]","[0.0, 1.0, 1.0, 1.0, 1.0, 0.0, 1.0, 1.0, 1.0, 1.0, 1.0, 1.0, 0.0, 0.0, 1.0, 1.0]","[-9.0, 16.0, 15.0, 14.0, -12.0, 21.0, 12.0, 12.0, 0.0, 26.0, 11.0, 11.0, 15.0, -16.0, 11.0, 13.0]"
3,1791637643.5707874,"[-69.433122, 67.501056, 71.192478, 59.23930200000001, 0.0007679999999936626, 71.71982400000002, 34.102475999999996, 70.840914, 69.96200400000001, 66.00690900000001, 70.40145900000002, 58.88773800000001, 17.930532, 82.09096199999999, 99.40548899999999, 29.707926000000015]","[0.0, 1.0, 1.0, 1.0, 1.0, 0.0, 1.0, 2.0, 1.0, 1.0, 3.0, 1.0, 0.0, 0.0, 1.0, 1.0]","[-10.0, 17.0, 15.0, 15.0, -13.0, 20.0, 11.0, 12.0, 0.0, 26.0, 12.0, 11.0, 15.0, -15.0, 11.0, 14.0]"
3,1791637643.7960255,"[-69.433122, 67.501056, 72.07138800000001, 59.23930200000001, 0.0007679999999936626, 71.807715, 34.102475999999996, 71.71982400000002, 69.96200400000001, 66.00690900000001, 71.28036900000001, 58.88773800000001, 17.930532, 82.09096199999999, 99.40548899999999, 29.707926000000015]","[0.0, 1.0, 1.0, 1.0, 1.0, 1.0, 1.0, 1.0, 1.0, 1.0, 3.0, 1.0, 0.0, 0.0, 1.0, 1.0]","[-9.0, 16.0, 15.0, 15.0, -12.0, 21.0, 11.0, 12.0, 0.0, 26.0, 11.0, 11.0, 14.0, -15.0, 11.0, 13.0]"
3,1791637644.0188224,"[-69.433122, 67.501056, 73.03818900000002, 59.23930200000001, 0.0007679999999936626, 71.807715, 34.102475999999996, 72.86240699999999, 69.96200400000001, 66.00690900000001, 72.335061, 58.88773800000001, 17.930532, 82.09096199999999, 99.40548899999999, 29.707926000000015]","[0.0, 1.0, 3.0, 1.0, 1.0, 1.0, 1.0, 2.0, 1.0, 1.0, 4.0, 1.0, 0.0, 0.0, 1.0, 1.0]","[-10.0, 16.0, 15.0, 14.0, -12.0, 21.0, 11.0, 12.0, 0.0, 25.0, 12.0, 11.0, 15.0, -15.0, 11.0, 13.0]"
3,1791637644.2421541,"[-69.433122, 67.501056, 74.00498999999999, 59.23930200000001, 0.0007679999999936626, 71.807715, 34.102475999999996, 73.829208, 69.96200400000001, 66.00690900000001, 73.301862, 58.88773800000001, 17.930532, 82.09096199999999, 99.40548899999999, 29.707926000000015]","[0.0, 1.0, 1.0, 1.0, 1.0, 0.0, 1.0, 3.0, 1.0, 1.0, 3.0, 0.0, 0.0, 0.0, 1.0, 1.0]","[-10.0, 16.0, 15.0, 13.0, -12.0, 21.0, 12.0, 13.0, 0.0, 25.0, 13.0, 12.0, 14.0, -16.0, 11.0, 13.0]"
3,1791637644.4652433,"[-69.433122, 67.58894699999999, 74.88390000000001, 59.23930200000001, 0.0007679999999936626, 71.807715, 34.102475999999996, 73.829208, 69.96200400000001, 66.00690900000001, 74.18077199999999, 58.88773800000001, 17.930532, 82.09096199999999, 99.40548899999999, 29.707926000000015]","[0.0, 1.0, 1.0, 1.0, 1.0, 1.0, 1.0, 1.0, 1.0, 1.0, 3.0, 1.0, 0.0, 0.0, 1.0, 1.0]","[-9.0, 16.0, 16.0, 14.0, -13.0, 22.0, 12.0, 12.0, 0.0, 26.0, 13.0, 12.0, 14.0, -16.0, 11.0, 14.0]"
3,1791637644.692031,"[-69.433122, 67.676838, 75.938592, 59.23930200000001, 0.0007679999999936626, 71.71982400000002, 34.102475999999996, 73.829208, 69.96200400000001, 66.00690900000001, 75.05968200000001, 58.88773800000001, 17.930532, 82.09096199999999, 99.40548899999999, 29.707926000000015]","[0.0, 1.0, 2.0, 1.0, 1.0, 1.0, 1.0, 1.0, 1.0, 1.0, 3.0, 1.0, 0.0, 0.0, 1.0, 1.0]","[-9.0, 16.0, 15.0, 14.0, -12.0, 21.0, 11.0, 13.0, 0.0, 26.0, 14.0, 12.0, 15.0, -15.0, 11.0, 14.0]"
3,1791637644.912621,"[-69.433122, 67.676838, 76.81750199999999, 59.23930200000001, 0.0007679999999936626, 71.807715, 34.102475999999996, 73.91709900000001, 69.96200400000001, 66.00690900000001, 75.85070100000002, 58.88773800000001, 17.930532, 82.09096199999999, 99.40548899999999, 29.707926000000015]","[0.0, 1.0, 1.0, 1.0, 1.0, 1.0, 1.0, 0.0, 1.0, 1.0, 3.0, 1.0, 0.0, 0.0, 1.0, 0.0]","[-10.0, 16.0, 15.0, 14.0, -13.0, 21.0, 12.0, 12.0, 0.0, 25.0, 14.0, 11.0, 15.0, -15.0, 11.0, 14.0]"
3,1791637645.1373532,"[-69.433122, 67.676838, 77.78430300000002, 59.23930200000001, 0.0007679999999936626, 71.807715, 34.102475999999996, 73.91709900000001, 69.96200400000001, 66.00690900000001, 76.37804699999998, 58.88773800000001, 17.930532, 82.09096199999999, 99.40548899999999, 29.707926000000015]","[0.0, 0.0, 1.0, 1.0, 1.0, 0.0, 1.0, 1.0, 1.0, 1.0, 3.0, 1.0, 1.0, 0.0, 1.0, 0.0]","[-9.0, 17.0, 16.0, 14.0, -13.0, 21.0, 12.0, 12.0, 0.0, 25.0, 14.0, 10.0, 15.0, -16.0, 11.0, 14.0]"
3,1791637645.360904,"[-69.433122, 67.676838, 78.66321299999998, 59.23930200000001, 0.0007679999999936626, 71.807715, 34.102475999999996, 73.91709900000001, 69.96200400000001, 66.00690900000001, 77.608521, 58.88773800000001, 17.930532, 82.09096199999999, 99.40548899999999, 29.707926000000015]","[0.0, 0.0, 1.0, 1.0, 1.0, 1.0, 1.0, 0.0, 1.0, 1.0, 1.0, 1.0, 1.0, 0.0, 1.0, 0.0]","[-9.0, 16.0, 16.0, 15.0, -12.0, 21.0, 11.0, 13.0, 0.0, 26.0, 15.0, 11.0, 15.0, -15.0, 10.0, 14.0]"
3,1791637645.5846565,"[-69.433122, 67.676838, 79.63001400000002, 59.23930200000001, 0.0007679999999936626, 71.807715, 34.102475999999996, 73.91709900000001, 69.96200400000001, 66.00690900000001, 78.66321299999998, 58.88773800000001, 17.930532, 82.09096199999999, 99.40548899999999, 29.707926000000015]","[0.0, 1.0, 2.0, 1.0, 1.0, 0.0, 1.0, 1.0, 1.0, 1.0, 4.0, 1.0, 0.0, 0.0, 1.0, 0.0]","[-9.0, 17.0, 16.0, 15.0, -12.0, 21.0, 12.0, 12.0, 0.0, 26.0, 14.0, 12.0, 15.0, -15.0, 11.0, 14.0]"
3,1791637645.8093264,"[-69.433122, 67.676838, 80.245251, 59.23930200000001, 0.0007679999999936626, 71.807715, 34.102475999999996, 73.829208, 69.96200400000001, 66.00690900000001, 79.542123, 58.88773800000001, 17.930532, 82.09096199999999, 99.40548899999999, 29.707926000000015]","[0.0, 1.0, 1.0, 1.0, 1.0, 1.0, 1.0, 1.0, 1.0, 1.0, 1.0, 1.0, 1.0, 0.0, 1.0, 0.0]","[-9.0, 16.0, 17.0, 14.0, -12.0, 20.0, 11.0, 12.0, 0.0, 26.0, 16.0, 11.0, 15.0, -16.0, 11.0, 14.0]"
3,1791637646.0327938,"[-69.433122, 67.676838, 81.47572500000001, 59.23930200000001, 0.0007679999999936626, 71.807715, 34.102475999999996, 73.91709900000001, 69.96200400000001, 66.00690900000001, 80.50892399999998, 58.88773800000001, 17.930532, 82.09096199999999, 99.40548899999999, 29.707926000000015]","[0.0, 1.0, 1.0, 1.0, 1.0, 0.0, 1.0, 0.0, 1.0, 1.0, 5.0, 1.0, 1.0, 0.0, 1.0, 0.0]","[-10.0, 16.0, 17.0, 14.0, -12.0, 21.0, 11.0, 12.0, 0.0, 26.0, 14.0, 11.0, 15.0, -16.0, 11.0, 14.0]"
3,1791637646.256642,"[-69.433122, 67.676838, 82.44252599999999, 59.23930200000001, 0.0007679999999936626, 71.807715, 34.102475999999996, 73.91709900000001, 69.96200400000001, 66.00690900000001, 81.65150699999998, 58.88773800000001, 17.930532, 82.09096199999999, 99.40548899999999, 29.707926000000015]","[0.0, 0.0, 3.0, 1.0, 1.0, 0.0, 1.0, 1.0, 1.0, 0.0, 3.0, 1.0, 0.0, 0.0, 1.0, 0.0]","[-10.0, 16.0, 17.0, 15.0, -12.0, 20.0, 11.0, 11.0, 0.0, 25.0, 16.0, 11.0, 15.0, -16.0, 11.0, 13.0]"
3,1791637646.4814372,"[-69.433122, 67.676838, 83.49721799999998, 59.23930200000001, 0.0007679999999936626, 71.807715, 34.102475999999996, 73.91709900000001, 69.96200400000001, 66.00690900000001, 82.530417, 58.88773800000001, 17.930532, 82.09096199999999, 99.40548899999999, 29.707926000000015]","[0.0, 0.0, 2.0, 1.0, 1.0, 0.0, 1.0, 1.0, 1.0, 0.0, 2.0, 1.0, 0.0, 0.0, 1.0, 0.0]","[-10.0, 16.0, 18.0, 14.0, -12.0, 20.0, 12.0, 12.0, 0.0, 26.0, 17.0, 11.0, 15.0, -16.0, 12.0, 14.0]"
3,1791637646.7047384,"[-69.433122, 67.676838, 84.28823699999998, 59.23930200000001, 0.0007679999999936626, 71.807715, 34.102475999999996, 73.91709900000001, 69.96200400000001, 66.00690900000001, 83.321436, 58.88773800000001, 17.930532, 82.09096199999999, 99.40548899999999, 29.707926000000015]","[0.0, 1.0, 1.0, 1.0, 1.0, 1.0, 1.0, 1.0, 1.0, 0.0, 1.0, 1.0, 0.0, 0.0, 1.0, 0.0]","[-9.0, 16.0, 17.0, 15.0, -11.0, 20.0, 11.0, 13.0, 0.0, 25.0, 16.0, 10.0, 15.0, -15.0, 11.0, 13.0]"
3,1791637646.9281733,"[-69.433122, 67.676838, 85.167147, 59.23930200000001, 0.0007679999999936626, 71.807715, 34.102475999999996, 73.91709900000001, 69.96200400000001, 66.00690900000001, 84.20034600000002, 58.88773800000001, 17.930532, 82.09096199999999, 99.40548899999999, 29.707926000000015]","[0.0, 1.0, 1.0, 1.0, 1.0, 0.0, 1.0, 1.0, 1.0, 0.0, 1.0, 1.0, 0.0, 0.0, 1.0, 0.0]","[-9.0, 16.0, 17.0, 14.0, -12.0, 21.0, 11.0, 12.0, 0.0, 26.0, 16.0, 11.0, 15.0, -15.0, 11.0, 14.0]"
3,1791637647.1540232,"[-69.433122, 67.676838, 86.13394799999998, 59.23930200000001, 0.0007679999999936626, 71.71982400000002, 34.102475999999996, 73.91709900000001, 69.96200400000001, 66.00690900000001, 84.99136500000003, 58.88773800000001, 17.930532, 82.09096199999999, 99.40548899999999, 29.707926000000015]","[0.0, 0.0, 2.0, 1.0, 1.0, 0.0, 1.0, 0.0, 1.0, 0.0, 1.0, 1.0, 1.0, 0.0, 1.0, 0.0]","[-10.0, 16.0, 18.0, 14.0, -11.0, 20.0, 12.0, 13.0, 0.0, 26.0, 18.0, 11.0, 15.0, -15.0, 11.0, 14.0]"
3,1791637647.3796947,"[-69.433122, 67.676838, 86.83707600000002, 59.23930200000001, 0.0007679999999936626, 71.807715, 34.102475999999996, 73.91709900000001, 69.96200400000001, 66.00690900000001, 85.78238399999998, 58.88773800000001, 17.930532, 82.09096199999999, 99.40548899999999, 29.707926000000015]","[0.0, 0.0, 1.0, 1.0, 1.0, 1.0, 1.0, 1.0, 1.0, 0.0, 1.0, 1.0, 0.0, 0.0, 1.0, 0.0]","[-10.0, 16.0, 19.0, 14.0, -12.0, 20.0, 11.0, 13.0, 0.0, 26.0, 18.0, 11.0, 16.0, -15.0, 11.0, 13.0]"
3,1791637647.599885,"[-69.433122, 67.676838, 87.89176800000001, 59.23930200000001, 0.0007679999999936626, 71.71982400000002, 34.102475999999996, 73.91709900000001, 69.96200400000001, 66.00690900000001, 86.661294, 58.88773800000001, 17.930532, 82.09096199999999, 99.40548899999999, 29.707926000000015]","[0.0, 0.0, 4.0, 1.0, 1.0, 0.0, 1.0, 0.0, 1.0, 0.0, 1.0, 1.0, 1.0, 0.0, 1.0, 0.0]","[-10.0, 16.0, 19.0, 14.0, -12.0, 20.0, 12.0, 12.0, 0.0, 26.0, 18.0, 12.0, 15.0, -15.0, 11.0, 14.0]"
